Anom_ID,Accident_Date,Accident_Time,Location,Geo_ID,Accident_Location,Classification_of_Accident,Initial_Impact_Type,Environment_Condition,Light,Road_Surface_Condition,Traffic_Control,Traffic_Control_Condition,No__of_Vehicles,No__of_Bicycles,No__of_Motorcycles,No__of_Pedestrians,Max_Injury,No__of_Injuries,No__of_Minimal,No__of_Minor,No__of_Major,No__of_Fatal,X,Y,Latitude,Longitude,ObjectId
15--10767,2015/09/11,3:10 PM,HIGHWAY 417 btwn RAMP & HWY417 IC145 RAMP55 (__3ZA2Q1),__3ZA2Q1,01 - Non intersection,03 - P.D. only,04 - Sideswipe,01 - Clear,01 - Daylight,01 - Dry,10 - No control,,2,0,0,0,,0,,,,,345902.1807,5014761.984,45.27161368,-75.97617557,166
15--10768,2015/09/11,3:20 PM,CHAMPLAIN ST @ JEANNE D'ARC BLVD (0004106),4106,02 - Intersection related,03 - P.D. only,03 - Rear end,01 - Clear,01 - Daylight,01 - Dry,01 - Traffic signal,01 - Functioning,2,0,0,0,,0,,,,,381380.4654,5038721.797,45.48421932,-75.52035962,167
15--10769,2015/09/11,3:32 PM,ABBEYHILL DR btwn ALDBURN PL & SHERWOOD ST (__3ZAB1B),__3ZAB1B,01 - Non intersection,02 - Non-fatal injury,07 - SMV other,01 - Clear,01 - Daylight,01 - Dry,10 - No control,,1,0,0,1,02 - Minor,1,,1,,,353352.9174,5017470.83,45.29551361,-75.88096017,168
15--1077,2015/01/16,7:40 AM,OTTAWA RIVER PKWY EB btwn TRANSIT & TRANSIT (2) (__3ZAZ48),__3ZAZ48,01 - Non intersection,03 - P.D. only,07 - SMV other,03 - Snow,03 - Dawn,03 - Loose snow,10 - No control,,1,0,0,0,,0,,,,,360946.5597,5025526.454,45.36743234,-75.78323611,169
15--10770,2015/09/11,4:04 PM,BASELINE RD btwn MERIVALE RD & FARLANE BLVD (__3ZA4ID),__3ZA4ID,01 - Non intersection,02 - Non-fatal injury,03 - Rear end,01 - Clear,01 - Daylight,01 - Dry,10 - No control,,2,0,0,0,01 - Minimal,1,1,,,,365308.3901,5025488.037,45.36672369,-75.72756283,170
15--10771,2015/09/11,4:12 PM,RIVERSIDE DR btwn RIDGEWOOD AVE & BAYPORT PRIV (__3ZAZBP),__3ZAZBP,01 - Non intersection,02 - Non-fatal injury,03 - Rear end,01 - Clear,01 - Daylight,01 - Dry,10 - No control,,2,0,0,0,01 - Minimal,1,1,,,,368287.9119,5025583.226,45.36731663,-75.6895184,171
15--10772,2015/09/11,4:21 PM,ISABELLA ST/HWY 417 O'CONN IC119BR57 @ O'CONNO (0001698),1698,02 - Intersection related,03 - P.D. only,04 - Sideswipe,01 - Clear,01 - Daylight,01 - Dry,01 - Traffic signal,01 - Functioning,2,0,0,0,,0,,,,,368297.7045,5030308.485,45.40983225,-75.68878543,172
15--10773,2015/09/11,4:37 PM,RIVERSIDE DR @ TREMBLAY RD/HWY417 IC117 RAMP52 (0010790),10790,02 - Intersection related,02 - Non-fatal injury,03 - Rear end,01 - Clear,01 - Daylight,01 - Dry,01 - Traffic signal,01 - Functioning,2,0,0,0,01 - Minimal,1,1,,,,370801.0642,5031016.668,45.41597259,-75.65671235,173
15--10774,2015/09/11,4:37 PM,MORLEY BLVD @ SANFORD AVE (0002818),2818,03 - At intersection,03 - P.D. only,02 - Angle,01 - Clear,01 - Daylight,01 - Dry,02 - Stop sign,01 - Functioning,2,0,0,0,,0,,,,,366708.7071,5026134.532,45.37241843,-75.70960736,174
15--10775,2015/09/11,6:07 PM,RIVERSIDE DR @ TREMBLAY RD/HWY417 IC117 RAMP52 (0010790),10790,03 - At intersection,03 - P.D. only,02 - Angle,01 - Clear,01 - Daylight,01 - Dry,01 - Traffic signal,01 - Functioning,2,0,0,0,,0,,,,,370800.6367,5031016.268,45.41596903,-75.65671787,175
15--10776,2015/09/11,6:09 PM,CARLING AVE WB btwn CONNAUGHT AVE & OTTAWA RIVER PKWY WB RAMP/CARLING  (__3ZA265),__3ZA265,01 - Non intersection,03 - P.D. only,04 - Sideswipe,01 - Clear,01 - Daylight,02 - Wet,10 - No control,,2,0,0,0,,0,,,,,360837.1869,5025158.968,45.36413448,-75.78467393,176
15--10777,2015/09/11,6:11 PM,NIXON DR/ROGER STEVENS DR @ RIVER RD (0001087),1087,02 - Intersection related,03 - P.D. only,03 - Rear end,01 - Clear,01 - Daylight,01 - Dry,02 - Stop sign,01 - Functioning,2,0,0,0,,0,,,,,373164.0261,5002764.918,45.16154419,-75.63041769,177
15--10778,2015/09/11,6:15 PM,KING EDWARD AVE @ SOMERSET ST/MARIE CURIE PRIV (0001696),1696,02 - Intersection related,03 - P.D. only,03 - Rear end,01 - Clear,01 - Daylight,01 - Dry,01 - Traffic signal,01 - Functioning,2,0,0,0,,0,,,,,368957.7103,5031671.776,45.42203846,-75.6801769,178
15--10779,2015/09/11,6:18 PM,BEECHWOOD AVE btwn MACKAY ST & SPRINGFIELD RD (__3ZA3MM),__3ZA3MM,04 - At/near private drive,02 - Non-fatal injury,05 - Turning movement,02 - Rain,01 - Daylight,02 - Wet,10 - No control,,2,1,0,0,01 - Minimal,1,1,,,,369193.0782,5033602.081,45.43938498,-75.6769172,179
15--1078,2015/01/16,7:52 AM,BASELINE RD btwn 207 E OF CLYDE AVE & LOBLAWS SC (__3ZA4ISB),__3ZA4ISB,04 - At/near private drive,03 - P.D. only,07 - SMV other,03 - Snow,03 - Dawn,03 - Loose snow,10 - No control,,1,0,0,0,,0,,,,,364631.717,5025058.412,45.36291608,-75.73625234,180
15--10780,2015/09/11,6:18 PM,LENESTER AVE @ MAITLAND AVE (0010867),10867,02 - Intersection related,02 - Non-fatal injury,02 - Angle,01 - Clear,01 - Daylight,02 - Wet,02 - Stop sign,01 - Functioning,2,1,0,0,02 - Minor,1,,1,,,363078.6879,5026146.164,45.37283438,-75.75594663,181
15--10781,2015/09/11,6:33 PM,NELSON ST btwn YORK ST & RIDEAU ST (__3ZA82D),__3ZA82D,04 - At/near private drive,03 - P.D. only,06 - SMV unattended vehicle,01 - Clear,01 - Daylight,01 - Dry,10 - No control,,1,0,0,0,,0,,,,,368629.3595,5032531.744,45.42980618,-75.68426078,182
15--10782,2015/09/11,6:36 PM,BRONSON AVE btwn BRONSON AVE SB ON RAMP 43 & SUNNYSIDE AVE/UNIVERSITY  (__3ZA3NU),__3ZA3NU,01 - Non intersection,03 - P.D. only,07 - SMV other,02 - Rain,01 - Daylight,02 - Wet,10 - No control,,1,0,0,0,,0,,,,,367917.6651,5028101.998,45.39001331,-75.6939225,183
15--10783,2015/09/11,6:48 PM,BESSERER ST @ CHAPEL ST (0008419),8419,03 - At intersection,03 - P.D. only,02 - Angle,01 - Clear,01 - Daylight,01 - Dry,02 - Stop sign,01 - Functioning,2,0,0,0,,0,,,,,368930.7135,5032570.793,45.43012996,-75.68040478,184
15--10784,2015/09/11,6:49 PM,CARLING AVE WB btwn FOREST ST & CROYDON AVE (__3ZA4V5),__3ZA4V5,01 - Non intersection,03 - P.D. only,04 - Sideswipe,02 - Rain,01 - Daylight,02 - Wet,10 - No control,,2,0,0,0,,0,,,,,360642.0047,5025033.776,45.36302358,-75.78717942,185
15--10785,2015/09/11,7:37 PM,QUEEN ELIZABETH DRWY btwn QUEEN ELIZABETH PL & FIFTH AVE (__3ZA22J),__3ZA22J,01 - Non intersection,03 - P.D. only,07 - SMV other,02 - Rain,07 - Dark,02 - Wet,10 - No control,,1,0,0,0,,0,,,,,368968.803,5029156.343,45.39940445,-75.68036262,186
15--10786,2015/09/11,7:41 AM,BANK ST @ RIDEAU RD (0009263),9263,02 - Intersection related,03 - P.D. only,99 - Other,01 - Clear,01 - Daylight,01 - Dry,01 - Traffic signal,01 - Functioning,2,0,0,0,,0,,,,,376954.7525,5017844.112,45.29684504,-75.58001985,187
15--10787,2015/09/11,7:44 PM,EARL ARMSTRONG RD btwn BOWESVILLE RD & HIGH RD (__3ZA7ZZ),__3ZA7ZZ,01 - Non intersection,03 - P.D. only,06 - SMV unattended vehicle,01 - Clear,05 - Dusk,01 - Dry,10 - No control,,1,0,0,0,,0,,,,,373747.8859,5018164.014,45.30004543,-75.62085828,188
15--10788,2015/09/11,7:58 AM,FLOWER AVE @ WOODROFFE AVE (0002757),2757,03 - At intersection,03 - P.D. only,02 - Angle,01 - Clear,01 - Daylight,01 - Dry,02 - Stop sign,01 - Functioning,2,0,0,0,,0,,,,,361811.8519,5026115.804,45.37266541,-75.77212271,189
15--10789,2015/09/11,8:10 PM,CARLING AVE btwn MOODIE DR & GRANDVIEW RD (__3ZBOCP),__3ZBOCP,01 - Non intersection,03 - P.D. only,07 - SMV other,01 - Clear,07 - Dark,01 - Dry,10 - No control,,1,0,0,0,,0,,,,,355817.7446,5024013.476,45.35421055,-75.848862,190
15--1079,2015/01/16,7:52 PM,HIGHWAY 417 btwn HWY417 IC127 RAMP16 & HWY417 IC127 RAMP63 (__3ZA2UP),__3ZA2UP,01 - Non intersection,03 - P.D. only,03 - Rear end,01 - Clear,07 - Dark,01 - Dry,10 - No control,,2,0,0,0,,0,,,,,361901.6209,5024676.158,45.35970429,-75.77114309,191
15--10790,2015/09/11,8:11 PM,DALHOUSIE ST @ ST. ANDREW ST (0008429),8429,03 - At intersection,02 - Non-fatal injury,02 - Angle,01 - Clear,07 - Dark,01 - Dry,02 - Stop sign,01 - Functioning,2,0,0,0,01 - Minimal,1,1,,,,367869.9849,5032784.666,45.43215078,-75.69393222,192
15--10791,2015/09/11,8:29 PM,TENTH LINE RD @ CHARLEMAGNE BLVD S/DES EPINETT (0003686),3686,03 - At intersection,03 - P.D. only,05 - Turning movement,01 - Clear,07 - Dark,01 - Dry,01 - Traffic signal,01 - Functioning,2,0,0,0,,0,,,,,383640.9751,5036900.456,45.46758093,-75.49173924,193
15--10792,2015/09/11,8:40 AM,HWY417 IC104 RAMP51 btwn HIGHWAY 417 & ANDERSON RD (__3ZAY0C),__3ZAY0C,01 - Non intersection,03 - P.D. only,07 - SMV other,01 - Clear,01 - Daylight,01 - Dry,10 - No control,,1,0,0,0,,0,,,,,379997.9246,5025664.449,45.36688894,-75.54003641,194
15--10793,2015/09/11,9:30 AM,ALBION RD @ DEL ZOTTO AVE (0009359),9359,02 - Intersection related,03 - P.D. only,03 - Rear end,01 - Clear,01 - Daylight,01 - Dry,02 - Stop sign,00 - Unknown,2,0,0,0,,0,,,,,373791.7449,5019723.114,45.31406941,-75.62008208,195
15--10794,2015/09/11,9:41 AM,WELLINGTON ST btwn LYON ST N & KENT ST (__3ZA4TE),__3ZA4TE,01 - Non intersection,03 - P.D. only,03 - Rear end,01 - Clear,01 - Daylight,01 - Dry,10 - No control,,2,0,0,0,,0,,,,,366985.5088,5031456.431,45.42027895,-75.70540289,196
15--10795,2015/09/12,1:08 PM,INDUSTRIAL AVE/INNES RD @ ST. LAURENT BLVD (0002203),2203,02 - Intersection related,03 - P.D. only,03 - Rear end,02 - Rain,01 - Daylight,02 - Wet,01 - Traffic signal,01 - Functioning,2,0,0,0,,0,,,,,373101.1688,5030005.206,45.4066512,-75.62746772,197
15--10796,2015/09/12,1:47 PM,HOLLAND AVE btwn WELLINGTON ST W & BYRON AVE (__3ZA4PY),__3ZA4PY,01 - Non intersection,03 - P.D. only,06 - SMV unattended vehicle,02 - Rain,01 - Daylight,02 - Wet,10 - No control,,1,0,0,0,,0,,,,,364934.7465,5029140.221,45.39961751,-75.73188736,198
15--10797,2015/09/12,10:03 AM,NEPEAN ST @ O'CONNOR ST (0006942),6942,02 - Intersection related,03 - P.D. only,05 - Turning movement,02 - Rain,01 - Daylight,02 - Wet,02 - Stop sign,00 - Unknown,2,0,0,0,,0,,,,,367719.9892,5031226.224,45.41814195,-75.69604813,199
15--10798,2015/09/12,10:24 AM,ST. JOSEPH BLVD btwn BOYER RD & ORLEANS BLVD (__3ZA2BZ),__3ZA2BZ,04 - At/near private drive,02 - Non-fatal injury,05 - Turning movement,02 - Rain,01 - Daylight,02 - Wet,10 - No control,,2,0,0,0,01 - Minimal,1,1,,,,380600.026,5036959.329,45.46844725,-75.53061374,200
15--10799,2015/09/12,10:30 AM,DRAPER AVE @ PATHWAY PRIV (0002922),2922,02 - Intersection related,03 - P.D. only,02 - Angle,02 - Rain,01 - Daylight,02 - Wet,10 - No control,,2,0,0,0,,0,,,,,360408.6823,5022930.423,45.34411621,-75.79039411,201
15--1053,2015/01/16,4:53 PM,REGIONAL ROAD 174 EB btwn OR174 IC109 RAMP55 & TRANSIT (__3ZA28V),__3ZA28V,01 - Non intersection,03 - P.D. only,03 - Rear end,01 - Clear,05 - Dusk,01 - Dry,10 - No control,,2,0,0,0,,0,,,,,376499.7064,5035046.828,45.45167278,-75.58332358,202
15--10530,2015/09/04,10:32 AM,BANK ST @ PARKWAY RD (0005709),5709,02 - Intersection related,03 - P.D. only,03 - Rear end,01 - Clear,01 - Daylight,01 - Dry,01 - Traffic signal,01 - Functioning,3,0,0,0,,0,,,,,378746.0451,5014207.081,45.26393439,-75.55772563,203
15--10531,2015/09/04,11:24 AM,ALBION RD btwn MASSICOTTE LANE & BRAMPTON RD (__3ZBOR1),__3ZBOR1,04 - At/near private drive,02 - Non-fatal injury,05 - Turning movement,01 - Clear,01 - Daylight,01 - Dry,10 - No control,,2,0,0,0,01 - Minimal,2,2,,,,372151.6826,5023628.381,45.349367,-75.6404656,204
15--10532,2015/09/04,Unknown,QUARRY RIDGE DR btwn COPPERWOOD ST & COPPERWOOD ST (__5JY512),__5JY512,01 - Non intersection,03 - P.D. only,06 - SMV unattended vehicle,01 - Clear,00 - Unknown,01 - Dry,10 - No control,,1,0,0,0,,0,,,,,380830.3239,5038139.765,45.47904282,-75.52748628,205
15--10533,2015/09/04,Unknown,MURRAY ST btwn SUSSEX DR & PARENT AVE (__3ZA3VF),__3ZA3VF,01 - Non intersection,03 - P.D. only,06 - SMV unattended vehicle,01 - Clear,00 - Unknown,01 - Dry,10 - No control,,1,0,0,0,,0,,,,,367729.1507,5032406.389,45.42875986,-75.69578032,206
15--10534,2015/09/04,12:00 PM,NAVAHO DR btwn BASELINE RD & NAVAHO DR (__3ZA2PQ),__3ZA2PQ,01 - Non intersection,03 - P.D. only,04 - Sideswipe,01 - Clear,01 - Daylight,01 - Dry,10 - No control,,2,0,0,0,,0,,,,,363096.0182,5024079.758,45.35423964,-75.75596917,207
15--10535,2015/09/04,12:07 PM,BANK ST @ HUNT CLUB RD (0002119),2119,03 - At intersection,03 - P.D. only,05 - Turning movement,01 - Clear,01 - Daylight,01 - Dry,01 - Traffic signal,01 - Functioning,2,0,0,0,,0,,,,,371608.0158,5024097.587,45.35364076,-75.64733964,208
15--10536,2015/09/04,12:25 PM,MONTREAL RD btwn CARSON'S RD/CODD'S RD & DEN HAAG DR/LANG'S RD (__3ZA2DU),__3ZA2DU,04 - At/near private drive,02 - Non-fatal injury,02 - Angle,01 - Clear,01 - Daylight,01 - Dry,10 - No control,,2,0,0,0,01 - Minimal,1,1,,,,372602.9076,5034329.103,45.44560399,-75.63323693,209
15--10537,2015/09/04,12:35 PM,DALHOUSIE ST @ RIDEAU ST (0007646),7646,02 - Intersection related,02 - Non-fatal injury,03 - Rear end,01 - Clear,01 - Daylight,01 - Dry,01 - Traffic signal,01 - Functioning,2,0,0,0,01 - Minimal,1,1,,,,368205.9884,5032228.662,45.42711767,-75.68970994,210
15--10538,2015/09/04,12:47 PM,CASTLEFRANK RD btwn HAZELDEAN RD & TO BE DETERMINED (__3ZA1Z2),__3ZA1Z2,01 - Non intersection,03 - P.D. only,03 - Rear end,01 - Clear,01 - Daylight,01 - Dry,10 - No control,,3,0,0,0,,0,,,,,352718.2385,5017630.283,45.29699198,-75.88903632,211
15--10539,2015/09/04,2:00 PM,RUSKIN ST btwn MACFARLANE AVE & MELROSE AVE (__3ZA0YI),__3ZA0YI,04 - At/near private drive,03 - P.D. only,02 - Angle,01 - Clear,01 - Daylight,01 - Dry,10 - No control,,2,0,0,0,,0,,,,,365765.3666,5028561.962,45.39434263,-75.72135013,212
15--1054,2015/01/16,5:00 PM,FISHER AVE @ MEADOWLANDS DR (0002120),2120,02 - Intersection related,02 - Non-fatal injury,07 - SMV other,01 - Clear,05 - Dusk,02 - Wet,01 - Traffic signal,01 - Functioning,1,0,0,1,02 - Minor,1,,1,,,366574.101,5025046.892,45.36264395,-75.71146171,213
15--10540,2015/09/04,2:50 PM,NORICE ST @ WOODROFFE AVE (0001542),1542,02 - Intersection related,02 - Non-fatal injury,03 - Rear end,01 - Clear,01 - Daylight,01 - Dry,01 - Traffic signal,01 - Functioning,2,0,0,0,01 - Minimal,2,2,,,,363193.9633,5022397.132,45.33909137,-75.75491786,214
15--10541,2015/09/04,2:56 PM,MAITLAND AVE btwn HWY417 IC126 RAMP25 & WOODWARD DR (__3ZBOCF),__3ZBOCF,01 - Non intersection,02 - Non-fatal injury,05 - Turning movement,01 - Clear,01 - Daylight,01 - Dry,10 - No control,,2,0,0,0,02 - Minor,1,,1,,,363271.5324,5025672.978,45.36856065,-75.75354078,215
15--10542,2015/09/04,3:00 PM,ISABELLA ST/HWY 417 O'CONN IC119BR57 @ O'CONNO (0001698),1698,02 - Intersection related,03 - P.D. only,03 - Rear end,01 - Clear,01 - Daylight,01 - Dry,01 - Traffic signal,01 - Functioning,2,0,0,0,,0,,,,,368297.7045,5030309.206,45.40983873,-75.68878533,216
15--10543,2015/09/04,3:00 PM,ELGIN ST @ SOMERSET ST (0006936),6936,03 - At intersection,03 - P.D. only,05 - Turning movement,01 - Clear,01 - Daylight,01 - Dry,01 - Traffic signal,01 - Functioning,2,1,0,0,,0,,,,,368165.4293,5031197.491,45.41784322,-75.69036084,217
15--10544,2015/09/04,3:10 PM,HIGHWAY 417 btwn HWY417 IC118 RAMP67 & HWY417 IC117 RAMP36 (__3ZA2YO),__3ZA2YO,01 - Non intersection,03 - P.D. only,03 - Rear end,01 - Clear,01 - Daylight,01 - Dry,10 - No control,,2,0,0,0,,0,,,,,370244.6774,5031119.879,45.4169535,-75.66380677,218
15--10545,2015/09/04,3:11 PM,CYRVILLE RD @ ST. LAURENT BLVD (0002647),2647,03 - At intersection,02 - Non-fatal injury,05 - Turning movement,01 - Clear,01 - Daylight,01 - Dry,01 - Traffic signal,01 - Functioning,2,0,0,0,01 - Minimal,1,1,,,,372241.7208,5032113.024,45.42569973,-75.63815725,219
15--10546,2015/09/04,3:11 PM,MERIVALE RD @ 112 N OF CARLING AVE/WESTGATE SC (0008217),8217,02 - Intersection related,03 - P.D. only,03 - Rear end,01 - Clear,01 - Daylight,01 - Dry,01 - Traffic signal,01 - Functioning,2,0,0,0,,0,,,,,364833.25,5027797.539,45.38754504,-75.73334705,220
15--10547,2015/09/04,3:16 AM,STITTSVILLE MAIN ST btwn NEIL AVE & HAZELDEAN RD (__3ZA2ED),__3ZA2ED,01 - Non intersection,03 - P.D. only,07 - SMV other,01 - Clear,07 - Dark,01 - Dry,10 - No control,,1,0,0,0,,0,,,,,349577.8576,5014781.059,45.27156088,-75.92933163,221
15--10548,2015/09/04,3:35 PM,HIGHWAY 417 btwn HWY417 IC119A RAMP67 & HWY417 IC118 RAMP76 (__3ZA2YS),__3ZA2YS,01 - Non intersection,03 - P.D. only,04 - Sideswipe,01 - Clear,01 - Daylight,01 - Dry,10 - No control,,2,0,0,0,,0,,,,,368945.0384,5030717.713,45.41345531,-75.68046301,222
15--10549,2015/09/04,3:38 PM,LIMEBANK RD/RIVERSIDE DR @ RIVER RD (0013336),13336,02 - Intersection related,03 - P.D. only,03 - Rear end,01 - Clear,01 - Daylight,01 - Dry,01 - Traffic signal,01 - Functioning,2,0,0,0,,0,,,,,368404.7177,5020477.672,45.3213674,-75.68868391,223
15--1055,2015/01/16,5:00 PM,ISABELLA ST/HWY417 IC119AR75 @ METCALFE ST (0011380),11380,02 - Intersection related,03 - P.D. only,03 - Rear end,01 - Clear,05 - Dusk,04 - Slush,01 - Traffic signal,01 - Functioning,2,0,0,0,,0,,,,,368447.7426,5030400.047,45.41064246,-75.68685699,224
15--10550,2015/09/04,3:40 PM,BAY ST @ CATHERINE ST (0007723),7723,02 - Intersection related,03 - P.D. only,04 - Sideswipe,01 - Clear,01 - Daylight,01 - Dry,02 - Stop sign,01 - Functioning,2,0,0,0,,0,,,,,367628.1534,5030020.198,45.40729876,-75.69737516,225
15--10551,2015/09/04,4:03 PM,CARP RD btwn GALETTA SIDE RD & STYLES SIDE RD (__3ZA4RT),__3ZA4RT,01 - Non intersection,03 - P.D. only,04 - Sideswipe,01 - Clear,01 - Daylight,01 - Dry,10 - No control,,2,0,0,0,,0,,,,,328222.9365,5035268.292,45.45695135,-76.20051139,226
15--10552,2015/09/04,4:05 PM,HIGHWAY 417 btwn HWY417 IC127 RAMP35 & HWY417 IC127 RAMP25 (__3ZA2RE),__3ZA2RE,01 - Non intersection,03 - P.D. only,03 - Rear end,01 - Clear,01 - Daylight,01 - Dry,10 - No control,,2,0,0,0,,0,,,,,362149.1129,5024847.099,45.3612222,-75.76796448,227
15--10553,2015/09/04,4:48 PM,MERIVALE RD @ BASIL MACDONALD WAY/MERIVALE MAL (0010301),10301,02 - Intersection related,03 - P.D. only,03 - Rear end,01 - Clear,01 - Daylight,01 - Dry,01 - Traffic signal,01 - Functioning,2,0,0,0,,0,,,,,365098.1537,5023171.232,45.34589555,-75.73052902,228
15--10554,2015/09/04,4:57 AM,STITTSVILLE MAIN ST btwn ETTA ST & EAST HEALEY AVE (__3ZA1PZ),__3ZA1PZ,01 - Non intersection,02 - Non-fatal injury,07 - SMV other,01 - Clear,07 - Dark,01 - Dry,10 - No control,,1,0,0,0,02 - Minor,1,,1,,,350914.7617,5011305.024,45.24019591,-75.91261699,229
15--10555,2015/09/04,5:04 PM,ST. LAURENT BLVD @ WALKLEY RD (0007653),7653,02 - Intersection related,03 - P.D. only,03 - Rear end,01 - Clear,01 - Daylight,01 - Dry,01 - Traffic signal,01 - Functioning,3,0,0,0,,0,,,,,373903.4708,5028047.215,45.38895537,-75.617494,230
15--10556,2015/09/04,5:09 PM,KING EDWARD AVE @ MURRAY ST (0002713),2713,03 - At intersection,03 - P.D. only,05 - Turning movement,01 - Clear,01 - Daylight,01 - Dry,01 - Traffic signal,01 - Functioning,2,1,0,0,,0,,,,,368293.386,5032753.319,45.43183042,-75.68852551,231
15--10557,2015/09/04,5:10 PM,STONEHAVEN DR btwn EAGLESON RD & BLUEMEADOW WAY (__3ZACLD),__3ZACLD,01 - Non intersection,03 - P.D. only,03 - Rear end,01 - Clear,01 - Daylight,01 - Dry,10 - No control,,2,0,0,0,,0,,,,,354434.2452,5016647.306,45.28802781,-75.8672567,232
15--10558,2015/09/04,5:22 PM,DUROCHER ST @ MONTREAL RD (0009800),9800,03 - At intersection,03 - P.D. only,05 - Turning movement,01 - Clear,01 - Daylight,01 - Dry,02 - Stop sign,01 - Functioning,2,0,0,0,,0,,,,,370135.9878,5033101.315,45.43479182,-75.66493252,233
15--10559,2015/09/04,5:30 PM,HWY417 IC104 RAMP61 btwn ANDERSON RD & HIGHWAY 417 (__3ZAY0E),__3ZAY0E,01 - Non intersection,02 - Non-fatal injury,07 - SMV other,01 - Clear,01 - Daylight,01 - Dry,10 - No control,,1,0,1,0,02 - Minor,1,,1,,,380175.879,5026153.7,45.3712718,-75.53769035,234
15--1056,2015/01/16,5:12 PM,TRIM RD btwn WALL RD & NAVAN RD (__3ZA1D8),__3ZA1D8,01 - Non intersection,02 - Non-fatal injury,07 - SMV other,05 - Drifting Snow,05 - Dusk,03 - Loose snow,10 - No control,,1,0,0,0,02 - Minor,1,,1,,,387663.4855,5034580.37,45.44624159,-75.4406968,235
15--10560,2015/09/04,5:44 PM,BEARBROOK RD btwn CENTREPARK DR & NORTHPARK DR (__3ZA2A4),__3ZA2A4,04 - At/near private drive,02 - Non-fatal injury,05 - Turning movement,01 - Clear,01 - Daylight,01 - Dry,10 - No control,,2,1,0,0,02 - Minor,1,,1,,,377836.8056,5033242.969,45.43530441,-75.56649884,236
15--10561,2015/09/04,5:45 PM,MAPLE GROVE RD @ TERRY FOX DR (0003177),3177,03 - At intersection,03 - P.D. only,02 - Angle,01 - Clear,01 - Daylight,01 - Dry,01 - Traffic signal,01 - Functioning,2,0,0,0,,0,,,,,351553.6086,5017863.383,45.29916794,-75.90386271,237
15--10562,2015/09/04,6:39 PM,KING EDWARD AVE @ MURRAY ST (0002713),2713,03 - At intersection,03 - P.D. only,05 - Turning movement,01 - Clear,01 - Daylight,01 - Dry,01 - Traffic signal,01 - Functioning,2,0,0,0,,0,,,,,368291.6998,5032753.222,45.4318297,-75.68854707,238
15--10563,2015/09/04,6:45 AM,PALLADIUM DR btwn HUNTMAR DR & HWY417 IC142 RAMP25 (__3ZAZW2),__3ZAZW2,04 - At/near private drive,02 - Non-fatal injury,05 - Turning movement,01 - Clear,03 - Dawn,01 - Dry,10 - No control,,2,0,1,0,02 - Minor,1,,1,,,349571.8285,5017207.548,45.29339562,-75.92918955,239
15--10564,2015/09/04,6:50 AM,CALDWELL AVE @ MERIVALE RD (0011432),11432,02 - Intersection related,03 - P.D. only,03 - Rear end,01 - Clear,03 - Dawn,01 - Dry,01 - Traffic signal,01 - Functioning,2,0,0,0,,0,,,,,364907.398,5026230.412,45.37343796,-75.73259102,240
15--10565,2015/09/04,7:02 PM,LEES AVE / GRAHAM AVE @ MAIN ST (0002252),2252,03 - At intersection,03 - P.D. only,02 - Angle,01 - Clear,05 - Dusk,01 - Dry,01 - Traffic signal,01 - Functioning,2,0,0,0,,0,,,,,369000.9297,5030560.098,45.41203202,-75.67976953,241
15--10566,2015/09/04,7:15 AM,CAMBRIAN RD @ RIVER MIST RD (0014647),14647,02 - Intersection related,03 - P.D. only,02 - Angle,01 - Clear,01 - Daylight,01 - Dry,02 - Stop sign,01 - Functioning,2,0,0,0,,0,,,,,364357.1859,5012611.708,45.25094465,-75.74125207,242
15--10567,2015/09/04,7:20 PM,RICHMOND RD btwn JOHN SUTHERLAND DR & HOLLY ACRES RD (__3ZA2LS),__3ZA2LS,01 - Non intersection,02 - Non-fatal injury,07 - SMV other,01 - Clear,05 - Dusk,01 - Dry,10 - No control,,1,0,0,0,02 - Minor,1,,1,,,359047.1401,5022722.911,45.34235563,-75.80778981,243
15--10568,2015/09/04,7:33 PM,HERON RD btwn TURN LANE & RIVERSIDE DR (1) (__3ZA4T3),__3ZA4T3,01 - Non intersection,03 - P.D. only,04 - Sideswipe,01 - Clear,05 - Dusk,01 - Dry,10 - No control,,2,0,0,0,,0,,,,,368098.0418,5026644.699,45.37688466,-75.691806,244
15--10569,2015/09/04,8:05 AM,RIVERSIDE DR @ UPLANDS DR/KIMBERWICK CRES N (0006890),6890,02 - Intersection related,03 - P.D. only,03 - Rear end,01 - Clear,01 - Daylight,01 - Dry,01 - Traffic signal,01 - Functioning,2,0,0,0,,0,,,,,368194.9271,5022794.205,45.34223009,-75.69106295,245
15--1057,2015/01/16,5:25 PM,BANK ST @ CATHERINE ST (0002708),2708,02 - Intersection related,03 - P.D. only,03 - Rear end,01 - Clear,05 - Dusk,02 - Wet,01 - Traffic signal,01 - Functioning,2,0,0,0,,0,,,,,368038.7415,5030267.09,45.40948324,-75.69209878,246
15--10570,2015/09/04,9:06 AM,MONTREAL RD btwn CUMMINGS AVE & THOMSON ST (__3ZBN9W),__3ZBN9W,04 - At/near private drive,02 - Non-fatal injury,05 - Turning movement,01 - Clear,01 - Daylight,01 - Dry,10 - No control,,2,1,0,0,02 - Minor,1,,1,,,372033.714,5034052.88,45.44317365,-75.64055017,247
15--10571,2015/09/04,9:08 PM,BRONSON AVE @ POWELL AVE (0007212),7212,03 - At intersection,03 - P.D. only,03 - Rear end,01 - Clear,07 - Dark,01 - Dry,01 - Traffic signal,01 - Functioning,2,0,0,0,,0,,,,,367388.5996,5029477.574,45.40243785,-75.70050402,248