Anom_ID,Accident_Date,Accident_Time,Location,Geo_ID,Accident_Location,Classification_of_Accident,Initial_Impact_Type,Environment_Condition,Light,Road_Surface_Condition,Traffic_Control,Traffic_Control_Condition,No__of_Vehicles,No__of_Bicycles,No__of_Motorcycles,No__of_Pedestrians,Max_Injury,No__of_Injuries,No__of_Minimal,No__of_Minor,No__of_Major,No__of_Fatal,X,Y,Latitude,Longitude,ObjectId
15--10572,2015/09/04,9:15 AM,RIVERSIDE DR NB btwn 82 E OF BILLINGS AVE/RIVERSIDE HOSPITAL ENT & TRA (__3ZA4S9A),__3ZA4S9A,04 - At/near private drive,03 - P.D. only,04 - Sideswipe,01 - Clear,01 - Daylight,01 - Dry,10 - No control,,2,0,0,0,,0,,,,,369748.1752,5028708.307,45.39530131,-75.67046762,249
15--10573,2015/09/04,9:22 AM,FISHER AVE @ PRINCE OF WALES DR (0000572),572,02 - Intersection related,03 - P.D. only,03 - Rear end,01 - Clear,01 - Daylight,01 - Dry,01 - Traffic signal,01 - Functioning,2,0,0,0,,0,,,,,367160.9841,5023942.151,45.35265176,-75.70411032,250
15--10574,2015/09/04,9:33 PM,MARCH RD btwn HALTON TERR/MAXWELL BRIDGE RD & MAXWELL RD (__3ZA2GD),__3ZA2GD,01 - Non intersection,03 - P.D. only,07 - SMV other,01 - Clear,07 - Dark,01 - Dry,10 - No control,,1,0,0,0,,0,,,,,348530.1129,5024853.637,45.36226287,-75.9417947,251
15--10575,2015/09/04,9:35 AM,BLOHM DR @ HUNT CLUB RD (0011392),11392,02 - Intersection related,03 - P.D. only,03 - Rear end,01 - Clear,01 - Daylight,01 - Dry,01 - Traffic signal,01 - Functioning,2,0,0,0,,0,,,,,375129.0253,5026189.158,45.37211548,-75.60210929,252
15--10576,2015/09/04,9:37 PM,INDUSTRIAL AVE @ RIVERSIDE DR (0011905),11905,03 - At intersection,03 - P.D. only,03 - Rear end,01 - Clear,07 - Dark,01 - Dry,01 - Traffic signal,01 - Functioning,2,0,0,0,,0,,,,,370684.7186,5030592.914,45.41217079,-75.65825537,253
15--10577,2015/09/05,1:22 AM,CRAIG HENRY DR btwn BERTONA ST & SOVEREIGN AVE (__3ZAAYX),__3ZAAYX,04 - At/near private drive,03 - P.D. only,02 - Angle,01 - Clear,07 - Dark,01 - Dry,10 - No control,,2,0,0,0,,0,,,,,362602.3101,5021850.234,45.3342194,-75.76253036,254
15--10578,2015/09/05,1:28 AM,RIVERSIDE DR @ UPLANDS DR/KIMBERWICK CRES N (0006890),6890,02 - Intersection related,03 - P.D. only,02 - Angle,01 - Clear,07 - Dark,01 - Dry,01 - Traffic signal,01 - Functioning,2,0,0,0,,0,,,,,368194.716,5022793.861,45.34222701,-75.69106569,255
15--10579,2015/09/05,11:00 AM,VANIER PKWY SB btwn QUEEN MARY ST & PRESLAND RD (__3ZA4S5A),__3ZA4S5A,01 - Non intersection,03 - P.D. only,04 - Sideswipe,01 - Clear,01 - Daylight,01 - Dry,10 - No control,,2,0,0,0,,0,,,,,370360.8276,5031906.054,45.42401632,-75.66221825,256
15--1058,2015/01/16,5:28 PM,CRESTHAVEN DR @ STRANDHERD DR (0010929),10929,02 - Intersection related,03 - P.D. only,07 - SMV other,01 - Clear,05 - Dusk,01 - Dry,01 - Traffic signal,01 - Functioning,1,0,0,0,,0,,,,,366812.9423,5015028.553,45.2724792,-75.70966742,257
15--10580,2015/09/05,11:24 AM,DUNNING RD btwn MARKET ST & LOOKOUT DR (__3ZA2Z1),__3ZA2Z1,04 - At/near private drive,03 - P.D. only,06 - SMV unattended vehicle,01 - Clear,01 - Daylight,01 - Dry,10 - No control,,1,0,0,0,,0,,,,,390414.2675,5042214.356,45.51459168,-75.40420724,258
15--10581,2015/09/05,11:51 AM,HUNT CLUB RD @ RIVERSIDE DR (0002237),2237,02 - Intersection related,03 - P.D. only,03 - Rear end,01 - Clear,01 - Daylight,01 - Dry,01 - Traffic signal,01 - Functioning,2,0,0,0,,0,,,,,368037.4237,5021945.138,45.33460457,-75.69318105,259
15--10582,2015/09/05,Unknown,HAMILTON AVE   N btwn ARMSTRONG ST & WELLINGTON ST W (__3ZA05N),__3ZA05N,01 - Non intersection,03 - P.D. only,06 - SMV unattended vehicle,01 - Clear,00 - Unknown,01 - Dry,10 - No control,,1,0,0,0,,0,,,,,365036.0773,5029324.52,45.40126708,-75.73057065,260
15--10583,2015/09/05,12:00 PM,LAWRENCE ST btwn CARACOURT DR & TALBOT ST (__3ZA65F),__3ZA65F,04 - At/near private drive,03 - P.D. only,05 - Turning movement,01 - Clear,01 - Daylight,01 - Dry,10 - No control,,2,0,0,0,,0,,,,,386164.8499,5002694.755,45.15953418,-75.46508508,261
15--10584,2015/09/05,12:09 PM,ALBION RD @ BANK ST (0012409),12409,03 - At intersection,03 - P.D. only,05 - Turning movement,01 - Clear,01 - Daylight,01 - Dry,01 - Traffic signal,01 - Functioning,2,0,0,0,,0,,,,,371945.2865,5024129.139,45.35389244,-75.6430313,262
15--10585,2015/09/05,2:03 PM,INNES RD @ STONEHENGE CRES E (0009355),9355,02 - Intersection related,02 - Non-fatal injury,03 - Rear end,01 - Clear,01 - Daylight,01 - Dry,01 - Traffic signal,00 - Unknown,2,0,0,0,01 - Minimal,1,1,,,,375363.7425,5031313.193,45.41819532,-75.59838013,263
15--10586,2015/09/05,3:04 PM,BANK ST btwn CLEMOW AVE & GLEBE AVE (__3ZA3O0),__3ZA3O0,04 - At/near private drive,03 - P.D. only,02 - Angle,01 - Clear,01 - Daylight,01 - Dry,10 - No control,,3,0,0,0,,0,,,,,368231.062,5029807.385,45.40532955,-75.6897012,264
15--10587,2015/09/05,3:09 AM,MURRAY ST @ PARENT AVE (0008231),8231,02 - Intersection related,02 - Non-fatal injury,03 - Rear end,01 - Clear,07 - Dark,01 - Dry,01 - Traffic signal,01 - Functioning,2,0,0,0,01 - Minimal,1,1,,,,367862.1642,5032488.686,45.42948836,-75.69407007,265
15--10588,2015/09/05,4:45 PM,COPELAND RD @ DWYER HILL RD (0005275),5275,03 - At intersection,03 - P.D. only,07 - SMV other,01 - Clear,01 - Daylight,01 - Dry,02 - Stop sign,01 - Functioning,1,0,0,0,,0,,,,,347491.9611,4999794.72,45.13683608,-75.95719794,266
15--10589,2015/09/05,6:05 PM,COPE DR btwn Continuation of COPE DR & EAGLESON RD (__3ZA4XZ),__3ZA4XZ,04 - At/near private drive,03 - P.D. only,02 - Angle,01 - Clear,01 - Daylight,01 - Dry,10 - No control,,2,0,0,0,,0,,,,,354557.6389,5016001.33,45.28220645,-75.86574854,267
15--1059,2015/01/16,5:30 PM,HAZELDEAN RD @ 246 E OF CASTLEFRANK RD/FARMBOY (0011366),11366,03 - At intersection,03 - P.D. only,05 - Turning movement,01 - Clear,05 - Dusk,05 - Packed snow,01 - Traffic signal,01 - Functioning,2,0,0,0,,0,,,,,352860.2153,5017841.113,45.29887938,-75.88720577,268
15--10590,2015/09/05,8:10 PM,MONDAVI ST btwn BREEZEWOOD ST & HALLENDALE ST (__4BPESO),__4BPESO,01 - Non intersection,03 - P.D. only,07 - SMV other,01 - Clear,07 - Dark,01 - Dry,10 - No control,,1,0,1,0,,0,,,,,386363.7243,5037970.862,45.47689872,-75.45674729,269
15--10591,2015/09/05,8:56 PM,PRINCE OF WALES DR @ MERIVALE RD (0000564),564,03 - At intersection,02 - Non-fatal injury,05 - Turning movement,01 - Clear,07 - Dark,01 - Dry,01 - Traffic signal,01 - Functioning,2,0,0,0,02 - Minor,4,,4,,,367448.2699,5017616.1,45.29570538,-75.70124451,270
15--10592,2015/09/06,1:24 AM,CUMBERLAND ST @ ST. PATRICK ST (0008238),8238,03 - At intersection,03 - P.D. only,05 - Turning movement,01 - Clear,07 - Dark,01 - Dry,01 - Traffic signal,01 - Functioning,2,0,0,0,,0,,,,,368127.2633,5032749.663,45.43181258,-75.6906489,271
15--10593,2015/09/06,10:52 AM,WEST HUNT CLUB RD @ ROYDON PL/SUNDERLAND ST (0009775),9775,03 - At intersection,03 - P.D. only,05 - Turning movement,01 - Clear,01 - Daylight,01 - Dry,01 - Traffic signal,01 - Functioning,2,0,0,0,,0,,,,,365972.9869,5022169.851,45.33680952,-75.71949003,272
15--10594,2015/09/06,11:23 AM,MEADOWLANDS DR btwn THATCHER ST & BROOK LANE (__3ZA3GG),__3ZA3GG,01 - Non intersection,03 - P.D. only,07 - SMV other,01 - Clear,01 - Daylight,01 - Dry,10 - No control,,1,0,0,0,,0,,,,,363572.3843,5023013.51,45.34460588,-75.75001656,273
15--10595,2015/09/06,12:17 PM,ALBION RD    S btwn TURN LANE & ALBION RD (__3ZA9WD),__3ZA9WD,04 - At/near private drive,03 - P.D. only,02 - Angle,01 - Clear,01 - Daylight,01 - Dry,10 - No control,,2,0,0,0,,0,,,,,371921.9143,5024189.298,45.35443597,-75.6433214,274
15--10596,2015/09/06,12:17 PM,BASLAW DR btwn JOHNSTON RD & JOHNSTON RD (__3ZA46U),__3ZA46U,04 - At/near private drive,03 - P.D. only,06 - SMV unattended vehicle,01 - Clear,01 - Daylight,01 - Dry,10 - No control,,1,0,0,0,,0,,,,,374150.8796,5026525.896,45.37524278,-75.61454848,275
15--10597,2015/09/06,12:58 AM,RUSSELL RD btwn TUPPER AVE & SOUTHVALE CRES (__3ZA2EP),__3ZA2EP,01 - Non intersection,03 - P.D. only,03 - Rear end,01 - Clear,07 - Dark,01 - Dry,10 - No control,,2,0,0,0,,0,,,,,374275.4743,5028736.653,45.3951218,-75.61264672,276
15--10598,2015/09/06,2:07 PM,ALBION RD btwn RIDEAU RD & TULLAMORE ST (__5RGNIJ),__5RGNIJ,01 - Non intersection,01 - Fatal injury,01 - Approaching,01 - Clear,01 - Daylight,01 - Dry,10 - No control,,2,0,0,0,04 - Fatal,3,,,2,1,375271.3867,5016247.704,45.28265196,-75.60170702,277
15--10599,2015/09/06,2:27 PM,HWY417 IC104 RAMP61 btwn ANDERSON RD & HIGHWAY 417 (__3ZAY0E),__3ZAY0E,01 - Non intersection,02 - Non-fatal injury,99 - Other,01 - Clear,01 - Daylight,01 - Dry,10 - No control,,2,0,2,0,02 - Minor,2,,2,,,380110.175,5026230.956,45.37197396,-75.53851728,278
15--106,2015/01/03,7:25 PM,HIGHWAY 417 btwn HWY417 IC139 RAMP15 & HWY417 IC138 RAMP51 (__3ZA2QR),__3ZA2QR,01 - Non intersection,03 - P.D. only,04 - Sideswipe,03 - Snow,07 - Dark,03 - Loose snow,10 - No control,,2,0,0,0,,0,,,,,352109.2977,5019542.072,45.31423599,-75.89661748,279
15--1060,2015/01/16,5:30 PM,GENERAL AVE btwn ANNA AVE & CROWN CRES (__3ZA0R9),__3ZA0R9,04 - At/near private drive,03 - P.D. only,06 - SMV unattended vehicle,01 - Clear,05 - Dusk,04 - Slush,10 - No control,,1,0,0,0,,0,,,,,365399.6769,5027474.186,45.3845868,-75.72615387,280
15--10600,2015/09/06,3:02 PM,ISSAM PRIV btwn ISSAM PRIV & SIEVERIGHT AVE (__55MGI6),__55MGI6,04 - At/near private drive,03 - P.D. only,06 - SMV unattended vehicle,01 - Clear,01 - Daylight,01 - Dry,10 - No control,,1,0,0,0,,0,,,,,372437.3725,5024402.672,45.3563063,-75.63671415,281
15--10601,2015/09/06,3:30 PM,CASTLE HILL CRES btwn GREYROCK CRES & GLENMOUNT AVE (__3ZAAPQ),__3ZAAPQ,01 - Non intersection,03 - P.D. only,06 - SMV unattended vehicle,01 - Clear,01 - Daylight,01 - Dry,10 - No control,,1,0,0,0,,0,,,,,363625.9895,5025360.487,45.36571923,-75.74905331,282
15--10602,2015/09/06,3:45 PM,KING GEORGE ST btwn LOLA ST & NAUGHTON ST (__3ZA8KZ),__3ZA8KZ,04 - At/near private drive,03 - P.D. only,06 - SMV unattended vehicle,01 - Clear,01 - Daylight,01 - Dry,10 - No control,,1,0,0,0,,0,,,,,371219.9534,5032126.383,45.42591769,-75.65121124,283
15--10603,2015/09/06,4:20 PM,ALBION RD @ MITCH OWENS RD (0004212),4212,02 - Intersection related,02 - Non-fatal injury,03 - Rear end,01 - Clear,01 - Daylight,01 - Dry,01 - Traffic signal,01 - Functioning,2,0,1,0,02 - Minor,2,,2,,,375905.3101,5014804.449,45.26960221,-75.59383419,284
15--10604,2015/09/06,4:31 PM,ELGIN ST @ PARK AVE (0007725),7725,02 - Intersection related,03 - P.D. only,03 - Rear end,01 - Clear,01 - Daylight,01 - Dry,02 - Stop sign,00 - Unknown,2,0,0,0,,0,,,,,368469.4294,5030712.215,45.41344927,-75.68653963,285
15--10605,2015/09/06,5:00 PM,PRESTON ST btwn ANDERSON ST & OAK ST (__3ZA32K),__3ZA32K,01 - Non intersection,02 - Non-fatal injury,07 - SMV other,01 - Clear,01 - Daylight,01 - Dry,10 - No control,,1,0,0,1,02 - Minor,1,,1,,,366365.0266,5029996.847,45.40720089,-75.71351288,286
15--10606,2015/09/06,5:27 PM,ALBERT ST @ LYON ST (0002208),2208,02 - Intersection related,03 - P.D. only,03 - Rear end,01 - Clear,01 - Daylight,01 - Dry,01 - Traffic signal,01 - Functioning,2,0,0,0,,0,,,,,367063.4209,5031219.224,45.4181377,-75.70443741,287
15--10607,2015/09/06,6:13 PM,BASELINE RD @ MERIVALE RD (0002342),2342,02 - Intersection related,03 - P.D. only,04 - Sideswipe,01 - Clear,01 - Daylight,01 - Dry,01 - Traffic signal,01 - Functioning,2,0,0,0,,0,,,,,365053.9757,5025325.875,45.3652865,-75.73083011,288
15--10608,2015/09/06,9:10 PM,BASELINE RD @ MERIVALE RD (0002342),2342,03 - At intersection,03 - P.D. only,04 - Sideswipe,01 - Clear,07 - Dark,01 - Dry,01 - Traffic signal,01 - Functioning,2,0,0,0,,0,,,,,365053.9757,5025325.155,45.36528002,-75.7308302,289
15--10609,2015/09/06,9:13 PM,CUMBERLAND ST btwn ST. PATRICK ST & MURRAY ST (__3ZA7BN),__3ZA7BN,01 - Non intersection,03 - P.D. only,05 - Turning movement,01 - Clear,07 - Dark,01 - Dry,10 - No control,,2,0,0,0,,0,,,,,368156.2825,5032701.567,45.4313772,-75.69028424,290
15--1061,2015/01/16,6:07 PM,INDUSTRIAL AVE/INNES RD @ ST. LAURENT BLVD (0002203),2203,02 - Intersection related,03 - P.D. only,03 - Rear end,01 - Clear,07 - Dark,01 - Dry,01 - Traffic signal,01 - Functioning,2,0,0,0,,0,,,,,373098.7635,5030006.049,45.40665901,-75.62749832,291
15--10610,2015/09/06,9:44 PM,CARLING AVE @ SCRIVENS ST (0002720),2720,02 - Intersection related,03 - P.D. only,03 - Rear end,01 - Clear,07 - Dark,01 - Dry,01 - Traffic signal,01 - Functioning,2,0,0,0,,0,,,,,359422.9473,5024259.593,45.35615354,-75.80282502,292
15--10611,2015/09/07,1:34 PM,ARENA PL @ BANK ST (0004129),4129,03 - At intersection,02 - Non-fatal injury,02 - Angle,01 - Clear,01 - Daylight,01 - Dry,02 - Stop sign,01 - Functioning,2,0,0,0,02 - Minor,2,1,1,,,375400.4198,5021523.31,45.33010696,-75.59931099,293
15--10612,2015/09/07,1:59 AM,BERTONA ST btwn CRAIG HENRY DR & CHARING RD (__3ZA534),__3ZA534,01 - Non intersection,03 - P.D. only,06 - SMV unattended vehicle,01 - Clear,07 - Dark,01 - Dry,10 - No control,,1,0,0,0,,0,,,,,362579.9667,5021825.787,45.33400127,-75.76281825,294
15--10613,2015/09/07,Unknown,SCALA AVE btwn LICHEN AVE & ST. BRUNO ST (__4RPBG2),__4RPBG2,01 - Non intersection,03 - P.D. only,06 - SMV unattended vehicle,01 - Clear,00 - Unknown,01 - Dry,10 - No control,,1,0,0,0,,0,,,,,385126.3184,5036361.758,45.46256501,-75.47283495,295
15--10614,2015/09/07,12:15 PM,CYRVILLE RD btwn LABELLE ST & BEAUPARC PRIV (__54YNW5),__54YNW5,04 - At/near private drive,03 - P.D. only,02 - Angle,01 - Clear,01 - Daylight,01 - Dry,10 - No control,,2,0,0,0,,0,,,,,372872.2494,5031867.833,45.42343254,-75.63013449,296
15--10615,2015/09/07,2:55 PM,OTTAWA RIVER PKWY EB btwn TRANSIT & TURN LANE (1) (__3ZA232),__3ZA232,01 - Non intersection,02 - Non-fatal injury,03 - Rear end,01 - Clear,01 - Daylight,01 - Dry,10 - No control,,2,0,1,0,02 - Minor,1,,1,,,362656.0629,5029023.662,45.39876074,-75.76100461,297
15--10616,2015/09/07,3:39 PM,CONROY RD @ WALKLEY RD (0002648),2648,03 - At intersection,03 - P.D. only,05 - Turning movement,01 - Clear,01 - Daylight,01 - Dry,01 - Traffic signal,01 - Functioning,2,0,0,0,,0,,,,,372904.4433,5027463.171,45.38379825,-75.63033147,298
15--10617,2015/09/07,4:32 PM,CADBORO RD @ OGILVIE RD (0012429),12429,02 - Intersection related,02 - Non-fatal injury,03 - Rear end,01 - Clear,01 - Daylight,01 - Dry,01 - Traffic signal,01 - Functioning,2,0,0,0,01 - Minimal,2,2,,,,373600.7221,5032663.482,45.43052012,-75.62071561,299
15--10618,2015/09/07,5:38 AM,RAMSAYVILLE RD btwn GENERATION CRT & RUSSELL RD (__3ZA6GL),__3ZA6GL,01 - Non intersection,03 - P.D. only,07 - SMV other,01 - Clear,07 - Dark,01 - Dry,10 - No control,,1,0,0,0,,0,,,,,377904.8084,5025893.919,45.36917502,-75.56671919,300
15--10169,2015/08/25,8:55 AM,HARDING RD @ WALKLEY RD (0007652),7652,03 - At intersection,03 - P.D. only,05 - Turning movement,01 - Clear,01 - Daylight,01 - Dry,01 - Traffic signal,01 - Functioning,2,0,0,0,,0,,,,,373148.7307,5027609.296,45.38508922,-75.62719214,301
15--1017,2015/01/16,10:39 AM,CHURCHILL AVE @ RICHMOND RD (0002361),2361,02 - Intersection related,03 - P.D. only,02 - Angle,01 - Clear,01 - Daylight,04 - Slush,01 - Traffic signal,01 - Functioning,2,0,0,0,,0,,,,,363227.6938,5028292.069,45.39213052,-75.75379044,302
15--10170,2015/08/25,9:10 AM,BRADLEY GREEN CRT @ HAZELDEAN RD (0000072),72,02 - Intersection related,03 - P.D. only,06 - SMV unattended vehicle,01 - Clear,01 - Daylight,01 - Dry,02 - Stop sign,01 - Functioning,1,0,0,0,,0,,,,,350397.5902,5015586.805,45.27875858,-75.91881113,303
15--10171,2015/08/25,9:20 AM,GLOUCESTER ST @ KENT ST (0006973),6973,02 - Intersection related,03 - P.D. only,04 - Sideswipe,01 - Clear,01 - Daylight,01 - Dry,01 - Traffic signal,01 - Functioning,2,0,0,0,,0,,,,,367356.9806,5031098.212,45.41702269,-75.70070222,304
15--10172,2015/08/25,9:35 AM,CARLING AVE @ TAVISTOCK RD (0002144),2144,03 - At intersection,03 - P.D. only,05 - Turning movement,01 - Clear,01 - Daylight,01 - Dry,02 - Stop sign,00 - Unknown,2,0,0,0,,0,,,,,360699.3974,5025069.16,45.36333739,-75.78644286,305
15--10173,2015/08/25,9:41 AM,PRINCE OF WALES DR @ MERIVALE RD (0000564),564,02 - Intersection related,02 - Non-fatal injury,03 - Rear end,01 - Clear,01 - Daylight,01 - Dry,01 - Traffic signal,01 - Functioning,3,0,0,0,02 - Minor,1,,1,,,367449.7113,5017616.1,45.29570525,-75.70122613,306
15--10174,2015/08/25,9:59 AM,WURTEMBURG ST btwn LAFRAMBOISE PL & CLARENCE ST E (__3ZA8T5),__3ZA8T5,01 - Non intersection,02 - Non-fatal injury,07 - SMV other,01 - Clear,01 - Daylight,01 - Dry,10 - No control,,1,0,0,1,02 - Minor,1,,1,,,369108.8477,5033286.633,45.43655446,-75.67803495,307
15--10175,2015/08/26,1:00 PM,HAWTHORNE RD @ HUNT CLUB RD (0007651),7651,02 - Intersection related,03 - P.D. only,04 - Sideswipe,01 - Clear,01 - Daylight,01 - Dry,01 - Traffic signal,00 - Unknown,2,0,0,0,,0,,,,,375507.7499,5026406.169,45.37402993,-75.59724365,308
15--10176,2015/08/26,1:22 PM,CATHERINE ST/HWY 417 O'CONN IC119BR76 @ O'CONN (0001697),1697,03 - At intersection,03 - P.D. only,04 - Sideswipe,01 - Clear,01 - Daylight,01 - Dry,01 - Traffic signal,01 - Functioning,2,0,0,0,,0,,,,,368244.7249,5030393.832,45.41060498,-75.68945121,309
15--10177,2015/08/26,1:39 PM,OLD COLONY RD btwn WILLIAM'S WALK & ST. ANDREWS CIRC (__3ZAB1D),__3ZAB1D,04 - At/near private drive,03 - P.D. only,99 - Other,01 - Clear,01 - Daylight,01 - Dry,10 - No control,,2,0,0,0,,0,,,,,353770.9151,5017526.343,45.29598412,-75.87562562,310
15--10178,2015/08/26,10:30 AM,BANK ST @ LISGAR ST (0006952),6952,03 - At intersection,02 - Non-fatal injury,02 - Angle,01 - Clear,01 - Daylight,01 - Dry,01 - Traffic signal,01 - Functioning,2,1,0,0,02 - Minor,1,,1,,,367603.9931,5031064.209,45.41669461,-75.69755075,311
15--10179,2015/08/26,10:30 AM,HIGHWAY 417 btwn HWY417 IC144 RAMP16 & HWY417 IC144 RAMP61 (__3ZA2QU),__3ZA2QU,01 - Non intersection,02 - Non-fatal injury,07 - SMV other,01 - Clear,01 - Daylight,01 - Dry,10 - No control,,1,0,1,0,03 - Major,1,,,1,,347440.9592,5015900.032,45.28176265,-75.95646781,312
15--1018,2015/01/16,10:50 AM,WOODROFFE AVE @ KNOXDALE RD/MEDHURST DR (0000519),519,02 - Intersection related,03 - P.D. only,03 - Rear end,01 - Clear,01 - Daylight,06 - Ice,01 - Traffic signal,01 - Functioning,2,0,0,0,,0,,,,,363420.6538,5021826.969,45.33394218,-75.75209318,313
15--10180,2015/08/26,11:21 AM,HWY 417 INNES IC112R57 @ INNES RD (0012298),12298,02 - Intersection related,03 - P.D. only,04 - Sideswipe,01 - Clear,01 - Daylight,01 - Dry,01 - Traffic signal,01 - Functioning,2,0,0,0,,0,,,,,374299.0324,5030754.324,45.41327347,-75.61206149,314
15--10181,2015/08/26,11:24 AM,ALBERT ST @ LYON ST (0002208),2208,02 - Intersection related,03 - P.D. only,05 - Turning movement,01 - Clear,01 - Daylight,01 - Dry,01 - Traffic signal,01 - Functioning,2,0,0,0,,0,,,,,367061.9795,5031218.503,45.41813134,-75.70445592,315
15--10182,2015/08/26,11:45 AM,ARLINGTON AVE @ BRONSON AVE (0006759),6759,03 - At intersection,03 - P.D. only,03 - Rear end,01 - Clear,01 - Daylight,01 - Dry,01 - Traffic signal,01 - Functioning,2,0,0,0,,0,,,,,367221.9887,5029866.482,45.405952,-75.70258284,316
15--10183,2015/08/26,11:48 PM,BRIAN GOOD AVE @ EARL ARMSTRONG RD (0014984),14984,03 - At intersection,02 - Non-fatal injury,02 - Angle,01 - Clear,07 - Dark,01 - Dry,02 - Stop sign,01 - Functioning,3,0,0,0,01 - Minimal,2,2,,,,368110.0352,5014834.153,45.27061443,-75.69316285,317
15--10184,2015/08/26,11:50 AM,CASTLEFIELD AVE btwn BEECHFERN DR & OAKFERN CRES (__3ZA5IQ),__3ZA5IQ,04 - At/near private drive,03 - P.D. only,06 - SMV unattended vehicle,01 - Clear,01 - Daylight,01 - Dry,10 - No control,,1,0,0,0,,0,,,,,350399.7124,5013601.535,45.26089431,-75.91896638,318
15--10185,2015/08/26,11:59 AM,PARKDALE AVE btwn GRANT ST & WELLINGTON ST W (__3ZA3ZQ),__3ZA3ZQ,04 - At/near private drive,03 - P.D. only,02 - Angle,01 - Clear,01 - Daylight,01 - Dry,10 - No control,,2,0,0,0,,0,,,,,365130.8429,5029310.7,45.40113457,-75.72936196,319
15--10186,2015/08/26,12:15 PM,KENT ST @ LISGAR ST (0007733),7733,02 - Intersection related,03 - P.D. only,03 - Rear end,01 - Clear,01 - Daylight,01 - Dry,02 - Stop sign,01 - Functioning,2,0,0,0,,0,,,,,367438.6657,5030962.123,45.41579089,-75.69967592,320
15--10187,2015/08/26,12:17 AM,MCCORDICK RD btwn MACKEY RD & COWELL RD (__3ZA0NM),__3ZA0NM,01 - Non intersection,03 - P.D. only,07 - SMV other,01 - Clear,07 - Dark,01 - Dry,10 - No control,,1,0,0,0,,0,,,,,367967.6826,4994617.41,45.08871586,-75.69753635,321
15--10188,2015/08/26,12:57 PM,ROGER STEVENS DR @ MALAKOFF RD (0003720),3720,03 - At intersection,03 - P.D. only,02 - Angle,01 - Clear,01 - Daylight,01 - Dry,02 - Stop sign,01 - Functioning,2,0,0,0,,0,,,,,362223.7517,4996139.335,45.10290005,-75.77032494,322
15--10189,2015/08/26,12:59 PM,"MONTREAL RD btwn MONTREAL RD & EGLISE, RUE DE L (__3ZA3MI)",__3ZA3MI,01 - Non intersection,03 - P.D. only,04 - Sideswipe,01 - Clear,01 - Daylight,01 - Dry,10 - No control,,2,0,0,0,,0,,,,,371050.8194,5033581.32,45.43902461,-75.65317662,323
15--1019,2015/01/16,10:56 PM,GREENBANK RD btwn WEST HUNT CLUB RD & FALLOWFIELD RD (__3ZA1NE),__3ZA1NE,01 - Non intersection,03 - P.D. only,07 - SMV other,01 - Clear,07 - Dark,06 - Ice,10 - No control,,1,0,0,0,,0,,,,,362842.3363,5017287.229,45.29314177,-75.7600028,324
15--10190,2015/08/26,2:20 PM,WEST HUNT CLUB RD btwn PRINCE OF WALES DR & HUNT CLUB RD (__3ZA2T4),__3ZA2T4,01 - Non intersection,03 - P.D. only,04 - Sideswipe,01 - Clear,01 - Daylight,01 - Dry,10 - No control,,2,0,0,0,,0,,,,,367624.783,5021884.081,45.33409226,-75.69845299,325
15--10191,2015/08/26,3:56 PM,RICHMOND RD @ HOLLY ACRES RD/NANAIMO DR (0001068),1068,03 - At intersection,02 - Non-fatal injury,05 - Turning movement,01 - Clear,01 - Daylight,01 - Dry,01 - Traffic signal,01 - Functioning,2,0,0,0,01 - Minimal,4,4,,,,359057.9509,5022748.136,45.34258177,-75.80764911,326
15--10192,2015/08/26,4:00 PM,COLONEL BY DR btwn CLEGG ST & ECHO DR S (__3ZBPHH),__3ZBPHH,01 - Non intersection,03 - P.D. only,03 - Rear end,01 - Clear,01 - Daylight,01 - Dry,10 - No control,,2,0,0,0,,0,,,,,368980.4521,5029693.648,45.40423788,-75.68014392,327
15--10193,2015/08/26,4:07 PM,NEPEAN ST btwn O'CONNOR ST & METCALFE ST (__3ZA9U6),__3ZA9U6,01 - Non intersection,03 - P.D. only,06 - SMV unattended vehicle,01 - Clear,01 - Daylight,01 - Dry,10 - No control,,1,0,0,0,,0,,,,,367729.8354,5031232.922,45.41820133,-75.69592148,328
15--10194,2015/08/26,4:30 AM,MANSFIELD AVE btwn BYRON AVE & CROSSFIELD AVE (__3ZA06C),__3ZA06C,01 - Non intersection,03 - P.D. only,06 - SMV unattended vehicle,01 - Clear,07 - Dark,01 - Dry,10 - No control,,1,0,0,0,,0,,,,,362477.0641,5027514.996,45.38520074,-75.76346712,329
15--10195,2015/08/26,4:33 PM,KENT ST btwn QUEEN ST & ALBERT ST (__3ZA1XM),__3ZA1XM,04 - At/near private drive,03 - P.D. only,05 - Turning movement,02 - Rain,01 - Daylight,02 - Wet,10 - No control,,2,0,0,0,,0,,,,,367187.6223,5031374.688,45.41952546,-75.70283091,330
15--10196,2015/08/26,4:40 PM,HIGHWAY 417 btwn HWY417 IC144 RAMP35 & HWY417 IC144 RAMP25 (__3ZA2QT),__3ZA2QT,01 - Non intersection,03 - P.D. only,04 - Sideswipe,02 - Rain,01 - Daylight,02 - Wet,10 - No control,,2,0,0,0,,0,,,,,347638.5291,5016026.67,45.28289018,-75.95393862,331