Anom_ID,Accident_Date,Accident_Time,Location,Geo_ID,Accident_Location,Classification_of_Accident,Initial_Impact_Type,Environment_Condition,Light,Road_Surface_Condition,Traffic_Control,Traffic_Control_Condition,No__of_Vehicles,No__of_Bicycles,No__of_Motorcycles,No__of_Pedestrians,Max_Injury,No__of_Injuries,No__of_Minimal,No__of_Minor,No__of_Major,No__of_Fatal,X,Y,Latitude,Longitude,ObjectId
15--10197,2015/08/26,4:49 PM,O'KEEFE CRT btwn FOXTAIL AVE & FALLOWFIELD RD (__3ZA1TO),__3ZA1TO,01 - Non intersection,03 - P.D. only,03 - Rear end,01 - Clear,01 - Daylight,01 - Dry,10 - No control,,2,0,0,0,,0,,,,,360776.9827,5015334.868,45.27574184,-75.7865527,332
15--10198,2015/08/26,4:50 PM,HIGHWAY 417 btwn HIGHWAY 417 & HWY417 IC140 RAMP51 (__3ZA20L),__3ZA20L,01 - Non intersection,02 - Non-fatal injury,99 - Other,02 - Rain,01 - Daylight,02 - Wet,10 - No control,,2,0,0,1,03 - Major,4,,3,1,,349502.7891,5017714.756,45.29796403,-75.93002399,333
15--10199,2015/08/26,5:00 PM,EMOND ST @ MONTREAL RD (0009802),9802,03 - At intersection,03 - P.D. only,05 - Turning movement,01 - Clear,01 - Daylight,01 - Dry,02 - Stop sign,00 - Unknown,2,0,0,0,,0,,,,,370193.99,5033134.949,45.43508902,-75.6641868,334
15--102,2015/01/03,7:01 PM,COLONEL BY DR btwn CLEGG ST & ECHO DR N (__3ZA22H),__3ZA22H,01 - Non intersection,03 - P.D. only,07 - SMV other,04 - Freezing Rain,07 - Dark,04 - Slush,10 - No control,,1,0,0,0,,0,,,,,368824.049,5030399.542,45.4106036,-75.68204997,335
15--1020,2015/01/16,11:07 PM,CARLING AVE @ KIRKWOOD AVE S (0002209),2209,03 - At intersection,03 - P.D. only,05 - Turning movement,01 - Clear,07 - Dark,02 - Wet,01 - Traffic signal,01 - Functioning,2,0,0,0,,0,,,,,364351.7005,5027335.139,45.38342555,-75.73955191,336
15--10200,2015/08/26,5:02 PM,ST. JOSEPH BLVD @ JEANNE D'ARC BLVD (0012421),12421,03 - At intersection,03 - P.D. only,02 - Angle,01 - Clear,01 - Daylight,01 - Dry,11 - Roundabout,01 - Functioning,2,0,0,0,,0,,,,,379860.7425,5036471.099,45.46413438,-75.54014145,337
15--10201,2015/08/26,5:15 PM,BANK ST @ LEITRIM RD (0004125),4125,02 - Intersection related,02 - Non-fatal injury,03 - Rear end,02 - Rain,01 - Daylight,02 - Wet,01 - Traffic signal,01 - Functioning,3,0,0,0,01 - Minimal,2,2,,,,375357.7542,5021619.137,45.33097346,-75.59984157,338
15--10202,2015/08/26,5:22 PM,BURRIS LANE @ MERIVALE RD (0002014),2014,02 - Intersection related,03 - P.D. only,03 - Rear end,02 - Rain,01 - Daylight,02 - Wet,01 - Traffic signal,01 - Functioning,2,0,0,0,,0,,,,,364881.2865,5025068.018,45.36298117,-75.73306573,339
15--10203,2015/08/26,5:26 PM,MAPLE GROVE RD @ TERRY FOX DR (0003177),3177,02 - Intersection related,03 - P.D. only,03 - Rear end,01 - Clear,01 - Daylight,02 - Wet,01 - Traffic signal,01 - Functioning,2,0,0,0,,0,,,,,351554.5271,5017865.153,45.2991838,-75.90385083,340
15--10204,2015/08/26,5:32 PM,TERRY FOX DR @ FERNBANK RD (0011863),11863,02 - Intersection related,03 - P.D. only,03 - Rear end,02 - Rain,01 - Daylight,02 - Wet,01 - Traffic signal,01 - Functioning,2,0,0,0,,0,,,,,354305.0136,5015130.244,45.27438605,-75.86905539,341
15--10205,2015/08/26,5:45 PM,BURRIS LANE @ MERIVALE RD (0002014),2014,02 - Intersection related,03 - P.D. only,03 - Rear end,02 - Rain,01 - Daylight,02 - Wet,01 - Traffic signal,01 - Functioning,2,0,0,0,,0,,,,,364880.7064,5025067.16,45.3629735,-75.73307323,342
15--10206,2015/08/26,5:48 PM,BANK ST btwn BELMONT AVE & GROVE AVE (__3ZA3N1),__3ZA3N1,04 - At/near private drive,03 - P.D. only,02 - Angle,02 - Rain,01 - Daylight,02 - Wet,10 - No control,,2,0,0,0,,0,,,,,368841.2125,5028380.491,45.39243527,-75.6820929,343
15--10207,2015/08/26,5:50 PM,PINECREST RD @ RICHMOND RD (0002353),2353,02 - Intersection related,03 - P.D. only,03 - Rear end,01 - Clear,01 - Daylight,02 - Wet,01 - Traffic signal,01 - Functioning,2,0,0,0,,0,,,,,360071.9498,5024471.873,45.35801277,-75.79451843,344
15--10208,2015/08/26,5:57 PM,BASELINE RD btwn BARBARA ANN PRIV & HIGHGATE RD (__3ZA4MS),__3ZA4MS,01 - Non intersection,03 - P.D. only,03 - Rear end,02 - Rain,01 - Daylight,02 - Wet,10 - No control,,2,0,0,0,,0,,,,,362033.5785,5023450.01,45.34866073,-75.76960084,345
15--10209,2015/08/26,5:57 PM,BRONSON AVE btwn UNIVERSITY RD & BREWER WAY (__3ZA3BT),__3ZA3BT,01 - Non intersection,03 - P.D. only,04 - Sideswipe,02 - Rain,01 - Daylight,02 - Wet,10 - No control,,2,0,0,0,,0,,,,,368062.1157,5027857.411,45.38779956,-75.69210925,346
15--1021,2015/01/16,11:12 AM,BYRON AVE @ HOLLAND AVE (0005636),5636,02 - Intersection related,03 - P.D. only,02 - Angle,01 - Clear,01 - Daylight,03 - Loose snow,02 - Stop sign,01 - Functioning,2,0,0,0,,0,,,,,365014.7003,5028959.038,45.39798039,-75.73088831,347
15--10210,2015/08/26,6:01 PM,TENTH LINE RD @ CHARLEMAGNE BLVD S/DES EPINETT (0003686),3686,03 - At intersection,02 - Non-fatal injury,05 - Turning movement,01 - Clear,01 - Daylight,01 - Dry,01 - Traffic signal,01 - Functioning,2,0,0,0,01 - Minimal,1,1,,,,383640.9751,5036900.456,45.46758093,-75.49173924,348
15--10211,2015/08/26,6:09 PM,OTTAWA RIVER PKWY EB btwn TUNNEY'S PASTURE/REMIC RAPIDS ENT & ISLAND P (__3ZA24JB),__3ZA24JB,01 - Non intersection,03 - P.D. only,04 - Sideswipe,01 - Clear,01 - Daylight,01 - Dry,10 - No control,,2,0,0,0,,0,,,,,364327.8285,5030253.599,45.40968732,-75.73950454,349
15--10212,2015/08/26,6:15 PM,BRONSON AVE @ SUNNYSIDE AVE/UNIVERSITY RD - CA (0007209),7209,02 - Intersection related,03 - P.D. only,03 - Rear end,01 - Clear,01 - Daylight,02 - Wet,01 - Traffic signal,01 - Functioning,2,0,0,0,,0,,,,,367923.4308,5028091.187,45.38991552,-75.69385026,350
15--10213,2015/08/26,6:20 PM,LEIKIN DR btwn HOLITZNER WAY & CRESTWAY DR (__3ZA40I),__3ZA40I,01 - Non intersection,03 - P.D. only,07 - SMV other,01 - Clear,01 - Daylight,01 - Dry,10 - No control,,1,0,0,0,,0,,,,,366744.7596,5017252.564,45.29249669,-75.71025869,351
15--10214,2015/08/26,6:25 PM,MERIVALE RD @ FAMILY BROWN LANE (0010933),10933,02 - Intersection related,03 - P.D. only,03 - Rear end,01 - Clear,01 - Daylight,01 - Dry,01 - Traffic signal,01 - Functioning,2,0,0,0,,0,,,,,365004.4442,5023385.67,45.34783308,-75.73169864,352
15--10215,2015/08/26,6:36 PM,JEANNE D'ARC BLVD @ FORTUNE DR/VINEYARD DR (0004393),4393,03 - At intersection,02 - Non-fatal injury,05 - Turning movement,01 - Clear,01 - Daylight,01 - Dry,01 - Traffic signal,01 - Functioning,2,0,0,0,02 - Minor,1,,1,,,379238.7286,5037374.517,45.47232921,-75.54795767,353
15--10216,2015/08/26,7:29 PM,BLAIR RD @ OGILVIE RD (0004120),4120,02 - Intersection related,03 - P.D. only,03 - Rear end,01 - Clear,01 - Daylight,01 - Dry,01 - Traffic signal,01 - Functioning,2,0,0,0,,0,,,,,374507.7237,5033196.773,45.43522856,-75.60904988,354
15--10217,2015/08/26,7:35 AM,HIGHWAY 417 btwn HWY417 IC127 RAMP25 & HWY417 IC126 RAMP51 (__3ZA2XA),__3ZA2XA,01 - Non intersection,03 - P.D. only,03 - Rear end,01 - Clear,01 - Daylight,01 - Dry,10 - No control,,4,0,0,0,,0,,,,,363145.1747,5025798.267,45.36969851,-75.75513895,355
15--10218,2015/08/26,7:36 PM,RICHMOND RD @ HOLLY ACRES RD/NANAIMO DR (0001068),1068,03 - At intersection,03 - P.D. only,02 - Angle,01 - Clear,05 - Dusk,01 - Dry,01 - Traffic signal,01 - Functioning,2,0,0,0,,0,,,,,359058.6716,5022748.136,45.34258171,-75.80763991,356
15--10219,2015/08/26,7:37 PM,HIGHWAY 417 btwn HWY417 IC155 RAMP61 & HWY417 IC145 RAMP56 (__3ZA2Q2),__3ZA2Q2,01 - Non intersection,03 - P.D. only,03 - Rear end,01 - Clear,05 - Dusk,02 - Wet,10 - No control,,3,0,0,0,,0,,,,,342299.788,5017506.38,45.29651036,-76.02187698,357
15--1022,2015/01/16,11:50 AM,HIGHWAY 417 btwn HWY417 IC138 RAMP61 & HWY417 IC134 RAMP36 (__3ZA20I),__3ZA20I,01 - Non intersection,03 - P.D. only,99 - Other,01 - Clear,01 - Daylight,01 - Dry,10 - No control,,2,0,0,0,,0,,,,,353825.0214,5020770.552,45.32517238,-75.87461484,358
15--10220,2015/08/26,7:50 AM,HIGHWAY 417 btwn HWY417 IC155 RAMP61 & HWY417 IC145 RAMP56 (__3ZA2Q2),__3ZA2Q2,01 - Non intersection,03 - P.D. only,07 - SMV other,01 - Clear,01 - Daylight,01 - Dry,10 - No control,,1,0,0,0,,0,,,,,340707.8,5019024.857,45.31025748,-76.0420642,359
15--10221,2015/08/26,7:50 PM,SMYTH RD/OTHELLO AVE @ RUSSELL RD W (0007730),7730,02 - Intersection related,03 - P.D. only,02 - Angle,01 - Clear,05 - Dusk,01 - Dry,01 - Traffic signal,01 - Functioning,2,0,0,0,,0,,,,,373256.0142,5029374.01,45.40095686,-75.62557746,360
15--10222,2015/08/26,7:54 AM,TORWOOD DR btwn VANCES SIDE RD & KERSCOTT HEIGHTS WAY (__3ZA3E0),__3ZA3E0,01 - Non intersection,03 - P.D. only,07 - SMV other,01 - Clear,01 - Daylight,01 - Dry,10 - No control,,1,0,0,0,,0,,,,,343346.2809,5036420.244,45.46664616,-76.00705788,361
15--10223,2015/08/26,9:08 PM,BLACKBURN BYPASS @ NAVAN RD (0004201),4201,03 - At intersection,03 - P.D. only,03 - Rear end,01 - Clear,07 - Dark,02 - Wet,01 - Traffic signal,01 - Functioning,2,0,0,0,,0,,,,,379619.1885,5033274.923,45.43540347,-75.54371607,362
15--10224,2015/08/26,9:10 PM,MERIVALE RD @ 210 S OF MEADOWLANDS DR (0005419),5419,02 - Intersection related,03 - P.D. only,04 - Sideswipe,01 - Clear,07 - Dark,01 - Dry,01 - Traffic signal,01 - Functioning,2,0,0,0,,0,,,,,364943.6804,5023530.895,45.34914501,-75.73245635,363
15--10225,2015/08/26,9:15 PM,KENT ST @ WELLINGTON ST (0002040),2040,03 - At intersection,03 - P.D. only,02 - Angle,02 - Rain,07 - Dark,02 - Wet,01 - Traffic signal,01 - Functioning,2,0,0,0,,0,,,,,367097.6978,5031526.344,45.42089802,-75.70396065,364
15--10226,2015/08/26,9:47 PM,BANK ST @ DAVIDSON RD/LESTER RD (0008797),8797,03 - At intersection,02 - Non-fatal injury,02 - Angle,01 - Clear,07 - Dark,01 - Dry,01 - Traffic signal,01 - Functioning,2,0,0,0,02 - Minor,2,,2,,,373673.4588,5022923.873,45.34288032,-75.62114524,365
15--10227,2015/08/27,1:31 PM,HWY 417 INNES IC112R68 @ INNES RD (0012300),12300,02 - Intersection related,03 - P.D. only,07 - SMV other,01 - Clear,01 - Daylight,01 - Dry,01 - Traffic signal,01 - Functioning,1,0,0,0,,0,,,,,374641.5662,5030921.748,45.41474576,-75.607662,366
15--10228,2015/08/27,1:56 PM,MARCH RD @ SOLANDT RD (0003172),3172,03 - At intersection,03 - P.D. only,05 - Turning movement,01 - Clear,01 - Daylight,01 - Dry,01 - Traffic signal,01 - Functioning,2,0,0,0,,0,,,,,350488.8878,5022710.142,45.34285035,-75.91699071,367
15--10229,2015/08/27,1:59 PM,ST. JOSEPH BLVD @ FOREST VALLEY DR/YOUVILLE DR (0004440),4440,02 - Intersection related,03 - P.D. only,03 - Rear end,02 - Rain,01 - Daylight,02 - Wet,01 - Traffic signal,01 - Functioning,2,0,0,0,,0,,,,,379166.1825,5036154.789,45.46136274,-75.54906993,368
15--1023,2015/01/16,Unknown,REGINA ST btwn BRITANNIA RD & POULIN AVE (__3ZBNGV),__3ZBNGV,01 - Non intersection,03 - P.D. only,06 - SMV unattended vehicle,01 - Clear,00 - Unknown,04 - Slush,10 - No control,,1,0,0,0,,0,,,,,360089.6409,5025230.206,45.36483484,-75.7942078,369
15--10230,2015/08/27,10:35 PM,INNES RD btwn CASABELLA DR & ORCHARDVIEW AVE (__30LQUN),__30LQUN,01 - Non intersection,02 - Non-fatal injury,07 - SMV other,01 - Clear,07 - Dark,01 - Dry,10 - No control,,1,0,0,0,03 - Major,1,,,1,,384639.7416,5036466.333,45.46356165,-75.47903902,370
15--10231,2015/08/27,10:39 AM,HIGHWAY 416 btwn HWY416 IC66 RAMP53 & HWY416 IC57 RAMP34 (__3ZAZLC),__3ZAZLC,01 - Non intersection,03 - P.D. only,07 - SMV other,01 - Clear,01 - Daylight,01 - Dry,10 - No control,,1,0,0,0,,0,,,,,363980.3255,5009408.472,45.2221535,-75.74643386,371
15--10232,2015/08/27,10:46 AM,SANFORD FLEMING AVE @ TERMINAL AVE (0012264),12264,02 - Intersection related,03 - P.D. only,04 - Sideswipe,01 - Clear,01 - Daylight,01 - Dry,02 - Stop sign,01 - Functioning,2,0,0,0,,0,,,,,370856.7688,5030832.493,45.4143102,-75.65602539,372
15--10233,2015/08/27,10:48 AM,PRINCE OF WALES DR @ FALLOWFIELD RD (0000566),566,02 - Intersection related,03 - P.D. only,03 - Rear end,01 - Clear,01 - Daylight,01 - Dry,01 - Traffic signal,01 - Functioning,3,0,0,0,,0,,,,,367400.4307,5019165.389,45.30964995,-75.70165875,373
15--10234,2015/08/27,10:52 AM,MCGEE SIDE RD btwn DIAMONDVIEW RD & WILLIAM MOONEY RD (__3ZAC4A),__3ZAC4A,01 - Non intersection,03 - P.D. only,07 - SMV other,01 - Clear,01 - Daylight,01 - Dry,10 - No control,,1,0,0,0,,0,,,,,342815.7042,5018179.749,45.3025419,-76.01524764,374
15--10235,2015/08/27,11:09 PM,SUSSEX DR @ YORK ST (0011350),11350,02 - Intersection related,03 - P.D. only,04 - Sideswipe,01 - Clear,07 - Dark,01 - Dry,01 - Traffic signal,00 - Unknown,2,0,0,0,,0,,,,,367805.4009,5032235.882,45.42721883,-75.69482777,375
15--10236,2015/08/27,11:30 AM,CUMMINGS AVE @ MONTREAL RD (0007748),7748,03 - At intersection,02 - Non-fatal injury,07 - SMV other,01 - Clear,01 - Daylight,01 - Dry,01 - Traffic signal,01 - Functioning,1,0,0,1,01 - Minimal,1,1,,,,372006.987,5034041.667,45.44307534,-75.64089332,376
15--10237,2015/08/27,11:31 PM,HWY417 IC104 RAMP16 btwn ANDERSON RD & HIGHWAY 417 (__3ZAY0F),__3ZAY0F,01 - Non intersection,03 - P.D. only,07 - SMV other,01 - Clear,07 - Dark,01 - Dry,10 - No control,,1,0,0,0,,0,,,,,380143.8844,5025985.528,45.36976213,-75.53812441,377
15--10238,2015/08/27,11:59 AM,MERIVALE RD @ PINEGLEN CRES (0000053),53,02 - Intersection related,03 - P.D. only,07 - SMV other,01 - Clear,01 - Daylight,01 - Dry,02 - Stop sign,00 - Unknown,1,0,0,0,,0,,,,,366243.4308,5020412.841,45.32097656,-75.71625782,378
15--10239,2015/08/27,12:15 PM,TERRY FOX DR S @ DIDSBURY RD/CENTRUM KANATA SC (0011820),11820,02 - Intersection related,02 - Non-fatal injury,03 - Rear end,01 - Clear,01 - Daylight,01 - Dry,01 - Traffic signal,01 - Functioning,2,0,0,0,01 - Minimal,1,1,,,,350623.5948,5018915.202,45.30869377,-75.9156231,379
15--1024,2015/01/16,12:00 PM,HWY417 IC117 RAMP26 btwn HIGHWAY 417 & VANIER PKWY (__3ZAY6W),__3ZAY6W,01 - Non intersection,03 - P.D. only,07 - SMV other,01 - Clear,01 - Daylight,02 - Wet,10 - No control,,1,0,0,0,,0,,,,,370846.1214,5031234.68,45.41792992,-75.65610751,380
15--10240,2015/08/27,12:35 AM,KERWIN RD btwn MOWBRAY ST & FIFTH LINE RD (__3ZBNC2),__3ZBNC2,01 - Non intersection,03 - P.D. only,07 - SMV other,02 - Rain,07 - Dark,02 - Wet,10 - No control,,1,0,0,0,,0,,,,,347194.9163,5028904.233,45.39879306,-75.95848959,381
15--10241,2015/08/27,12:51 PM,FISHER AVE btwn 220 S OF TRENT ST & MCCOOEY LANE (__3ZA30SB),__3ZA30SB,01 - Non intersection,03 - P.D. only,03 - Rear end,01 - Clear,01 - Daylight,01 - Dry,10 - No control,,2,0,0,0,,0,,,,,365919.8376,5026606.248,45.37673208,-75.71961959,382
15--10242,2015/08/27,2:28 PM,GREENBANK RD @ LISA AVE (0002753),2753,02 - Intersection related,03 - P.D. only,03 - Rear end,01 - Clear,01 - Daylight,01 - Dry,01 - Traffic signal,01 - Functioning,2,0,0,0,,0,,,,,360553.6612,5022893.746,45.34377469,-75.78854836,383
15--10243,2015/08/27,2:45 PM,ST. LAURENT BLVD btwn INDUSTRIAL AVE & BOURASSA ST (__3ZBOFB),__3ZBOFB,01 - Non intersection,03 - P.D. only,03 - Rear end,01 - Clear,01 - Daylight,01 - Dry,10 - No control,,3,0,0,0,,0,,,,,373226.6419,5029711.935,45.40400022,-75.62590571,384
15--10244,2015/08/27,3:00 PM,HAWTHORNE RD @ HUNT CLUB RD (0007651),7651,02 - Intersection related,03 - P.D. only,03 - Rear end,01 - Clear,01 - Daylight,01 - Dry,01 - Traffic signal,01 - Functioning,2,0,0,0,,0,,,,,375508.4706,5026405.448,45.37402337,-75.59723455,385
15--10245,2015/08/27,3:00 PM,HWY 417 INNES IC112R57 @ INNES RD (0012298),12298,02 - Intersection related,03 - P.D. only,03 - Rear end,01 - Clear,01 - Daylight,01 - Dry,01 - Traffic signal,01 - Functioning,2,0,0,0,,0,,,,,374298.9927,5030754.316,45.4132734,-75.612062,386
15--10246,2015/08/27,3:07 PM,ST. JOSEPH BLVD @ JEANNE D'ARC BLVD (0012421),12421,02 - Intersection related,03 - P.D. only,02 - Angle,01 - Clear,01 - Daylight,01 - Dry,11 - Roundabout,00 - Unknown,2,0,0,0,,0,,,,,379861.2253,5036471.998,45.46414242,-75.54013514,387
15--10247,2015/08/27,3:07 PM,SMYTH RD E/LANCASTER RD @ ST. LAURENT BLVD N/R (0002256),2256,02 - Intersection related,03 - P.D. only,03 - Rear end,01 - Clear,01 - Daylight,01 - Dry,01 - Traffic signal,01 - Functioning,2,0,0,0,,0,,,,,373363.7655,5029423.105,45.40138805,-75.62419443,388
15--10248,2015/08/27,3:11 PM,CARLING AVE EB btwn RIDDELL AVE N & MAITLAND AVE (__3ZA4U8),__3ZA4U8,01 - Non intersection,03 - P.D. only,04 - Sideswipe,01 - Clear,01 - Daylight,01 - Dry,10 - No control,,2,0,0,0,,0,,,,,362934.0794,5026467.234,45.37573534,-75.75775493,389
15--10249,2015/08/27,3:20 PM,HWY417 IC140 RAMP36 btwn TERRY FOX DR & HIGHWAY 417 (__3ZAYB4),__3ZAYB4,01 - Non intersection,03 - P.D. only,07 - SMV other,01 - Clear,01 - Daylight,01 - Dry,10 - No control,,1,0,0,0,,0,,,,,350797.5158,5018573.833,45.30561067,-75.91343692,390
15--1025,2015/01/16,12:01 AM,CEDARVIEW RD btwn BRUIN RD & HWY416 IC72 RAMP62 (__3ZAZO7),__3ZAZO7,01 - Non intersection,03 - P.D. only,07 - SMV other,03 - Snow,07 - Dark,03 - Loose snow,10 - No control,,1,0,0,0,,0,,,,,359576.9907,5019791.533,45.31593782,-75.80135362,391
15--10250,2015/08/27,3:54 PM,MERIVALE RD @ EMERALD PLAZA SC (0005311),5311,03 - At intersection,02 - Non-fatal injury,07 - SMV other,01 - Clear,01 - Daylight,01 - Dry,01 - Traffic signal,01 - Functioning,1,0,0,1,01 - Minimal,1,1,,,,364736.7746,5024006.08,45.35343837,-75.73503901,392
15--10251,2015/08/27,4:50 PM,HUNT CLUB RD @ RIVERSIDE DR (0002237),2237,02 - Intersection related,03 - P.D. only,03 - Rear end,01 - Clear,01 - Daylight,01 - Dry,01 - Traffic signal,01 - Functioning,2,0,0,0,,0,,,,,368037.4237,5021945.859,45.33461106,-75.69318096,393
15--10252,2015/08/27,5:13 PM,MERIVALE RD @ ANNA AVE/LAPERRIERE AVE (0006316),6316,03 - At intersection,03 - P.D. only,02 - Angle,01 - Clear,01 - Daylight,01 - Dry,01 - Traffic signal,01 - Functioning,2,0,0,0,,0,,,,,364859.7062,5027164.903,45.38185043,-75.7330862,394
15--10253,2015/08/27,5:18 PM,VIEWMOUNT DR btwn MERIVALE RD & GRANT CARMAN DR (__3ZA0AL),__3ZA0AL,04 - At/near private drive,03 - P.D. only,05 - Turning movement,01 - Clear,01 - Daylight,01 - Dry,10 - No control,,2,0,0,0,,0,,,,,365289.6184,5023005.967,45.34439203,-75.72810615,395
15--10254,2015/08/27,5:40 PM,BANK ST btwn OHIO ST & BELANGER AVE (__3ZA3BQ),__3ZA3BQ,04 - At/near private drive,02 - Non-fatal injury,03 - Rear end,01 - Clear,01 - Daylight,01 - Dry,10 - No control,,2,0,0,0,02 - Minor,1,,1,,,369601.1073,5027527.368,45.38468924,-75.67250088,396
15--10255,2015/08/27,5:43 AM,CARLING AVE btwn BAYFIELD AVE & BURKE RD (__3ZA4Z2),__3ZA4Z2,01 - Non intersection,03 - P.D. only,07 - SMV other,01 - Clear,03 - Dawn,01 - Dry,10 - No control,,1,0,0,0,,0,,,,,352593.2313,5022522.802,45.34102441,-75.890158,397
15--10256,2015/08/27,5:43 PM,SHEFFIELD RD btwn TO BE DETERMINED & WALKLEY RD (__3ZA1UL),__3ZA1UL,04 - At/near private drive,03 - P.D. only,02 - Angle,01 - Clear,01 - Daylight,01 - Dry,10 - No control,,2,0,0,0,,0,,,,,375164.3205,5028954.01,45.39698872,-75.60126461,398
15--10257,2015/08/27,5:43 PM,CHAMPLAIN BRIDGE/ISLAND PARK DR btwn BATE ISLAND & PROVINCIAL BOUNDARY (__3ZA2ZEA),__3ZA2ZEA,01 - Non intersection,03 - P.D. only,04 - Sideswipe,01 - Clear,01 - Daylight,01 - Dry,10 - No control,,3,0,0,0,,0,,,,,362864.4753,5030155.184,45.40892473,-75.75820955,399
15--10258,2015/08/27,5:56 PM,MURRAY ST btwn CUMBERLAND ST & KING EDWARD AVE (__3ZA3W1),__3ZA3W1,01 - Non intersection,02 - Non-fatal injury,02 - Angle,01 - Clear,01 - Daylight,01 - Dry,10 - No control,,2,1,0,0,02 - Minor,1,,1,,,368276.4048,5032743.189,45.43174081,-75.68874383,400
15--10439,2015/09/01,8:39 PM,BASELINE RD @ GREENBANK RD (0002357),2357,02 - Intersection related,02 - Non-fatal injury,03 - Rear end,01 - Clear,07 - Dark,01 - Dry,01 - Traffic signal,01 - Functioning,2,0,0,0,02 - Minor,1,,1,,,360596.9636,5022583.419,45.34097892,-75.78803084,401
15--1044,2015/01/16,3:49 PM,MCARTHUR AVE btwn LAFONTAINE AVE & EASTWOOD PL (__3ZA3W0),__3ZA3W0,01 - Non intersection,03 - P.D. only,04 - Sideswipe,01 - Clear,01 - Daylight,04 - Slush,10 - No control,,3,0,0,0,,0,,,,,371034.4041,5032781.129,45.43182641,-75.65349408,402
15--10440,2015/09/01,8:50 AM,DYNES RD @ PRINCE OF WALES DR (0003321),3321,02 - Intersection related,03 - P.D. only,03 - Rear end,01 - Clear,01 - Daylight,01 - Dry,01 - Traffic signal,01 - Functioning,2,0,0,0,,0,,,,,367113.2727,5025924.614,45.37049378,-75.70446922,403
15--10441,2015/09/01,9:02 AM,CYR AVE @ MCARTHUR AVE (0009813),9813,03 - At intersection,02 - Non-fatal injury,02 - Angle,01 - Clear,01 - Daylight,01 - Dry,02 - Stop sign,01 - Functioning,2,0,0,0,02 - Minor,4,,4,,,370354.7116,5032708.227,45.43123451,-75.66218962,404
15--10442,2015/09/02,1:49 PM,INNES RD @ JEANNE D'ARC BLVD/MER BLEUE RD (0012475),12475,02 - Intersection related,03 - P.D. only,03 - Rear end,01 - Clear,01 - Daylight,01 - Dry,01 - Traffic signal,01 - Functioning,2,0,0,0,,0,,,,,382637.0329,5035565.752,45.45568502,-75.50478755,405
15--10443,2015/09/02,1:51 PM,ELGIN ST @ LAURIER AVE (0002232),2232,03 - At intersection,03 - P.D. only,04 - Sideswipe,01 - Clear,01 - Daylight,01 - Dry,01 - Traffic signal,01 - Functioning,2,0,0,0,,0,,,,,367947.9879,5031549.576,45.42103082,-75.69309375,406
15--10444,2015/09/02,10:15 AM,MAITLAND AVE/GLENMOUNT AVE @ ERINDALE DR (0002724),2724,02 - Intersection related,03 - P.D. only,03 - Rear end,01 - Clear,01 - Daylight,01 - Dry,01 - Traffic signal,01 - Functioning,2,0,0,0,,0,,,,,363698.0977,5025211.28,45.36437063,-75.74815067,407
15--10445,2015/09/02,10:23 AM,HAZELDEAN RD @ TERRY FOX DR (0003682),3682,02 - Intersection related,03 - P.D. only,03 - Rear end,01 - Clear,01 - Daylight,01 - Dry,01 - Traffic signal,01 - Functioning,2,0,0,0,,0,,,,,352206.8903,5017242.091,45.29353362,-75.89559282,408
15--10446,2015/09/02,10:48 PM,HIGHWAY 417 btwn HWY417 IC96 RAMP51 & HIGHWAY 417 (__3ZA2W3),__3ZA2W3,01 - Non intersection,03 - P.D. only,99 - Other,01 - Clear,07 - Dark,01 - Dry,10 - No control,,5,0,0,0,,0,,,,,387300.6605,5023848.024,45.34972481,-75.44712924,409
15--10447,2015/09/02,10:57 AM,O'CONNOR ST btwn ARGYLE AVE & CATHERINE ST (__3ZA3P5),__3ZA3P5,01 - Non intersection,03 - P.D. only,04 - Sideswipe,01 - Clear,01 - Daylight,01 - Dry,10 - No control,,2,0,0,0,,0,,,,,368187.6543,5030480.406,45.41138911,-75.69016912,410
15--10448,2015/09/02,11:04 PM,RIVERSIDE DR NB btwn BANK ST & RIVERSIDE DR NB RAMP FROM EB TO WB (__3ZBOEF),__3ZBOEF,01 - Non intersection,03 - P.D. only,04 - Sideswipe,01 - Clear,07 - Dark,02 - Wet,10 - No control,,2,0,0,0,,0,,,,,369361.6516,5027979.183,45.38877664,-75.67549927,411
15--10449,2015/09/02,11:18 AM,IRIS ST @ WOODROFFE AVE (0002736),2736,02 - Intersection related,03 - P.D. only,04 - Sideswipe,01 - Clear,01 - Daylight,01 - Dry,01 - Traffic signal,01 - Functioning,2,0,0,0,,0,,,,,362282.6921,5024440.438,45.35755216,-75.76630683,412
15--1045,2015/01/16,4:00 PM,PRESTON ST @ SIDNEY ST (0011959),11959,03 - At intersection,03 - P.D. only,02 - Angle,03 - Snow,01 - Daylight,04 - Slush,02 - Stop sign,01 - Functioning,2,0,0,0,,0,,,,,366808.9489,5028983.892,45.39804741,-75.70796973,413
15--10450,2015/09/02,Unknown,PHILIP ST btwn WAYNE ST & WHITE SPRUCE ST (__3ZA7GH),__3ZA7GH,01 - Non intersection,02 - Non-fatal injury,07 - SMV other,01 - Clear,00 - Unknown,01 - Dry,10 - No control,,1,0,0,1,02 - Minor,1,,1,,,375577.8461,5001183.913,45.14708062,-75.5999419,414