Anom_ID,Accident_Date,Accident_Time,Location,Geo_ID,Accident_Location,Classification_of_Accident,Initial_Impact_Type,Environment_Condition,Light,Road_Surface_Condition,Traffic_Control,Traffic_Control_Condition,No__of_Vehicles,No__of_Bicycles,No__of_Motorcycles,No__of_Pedestrians,Max_Injury,No__of_Injuries,No__of_Minimal,No__of_Minor,No__of_Major,No__of_Fatal,X,Y,Latitude,Longitude,ObjectId
15--10451,2015/09/02,2:03 PM,MITCH OWENS RD btwn MANOTICK STATION RD & BOWESVILLE RD (__3ZA3TN),__3ZA3TN,01 - Non intersection,03 - P.D. only,03 - Rear end,01 - Clear,01 - Daylight,08 - Loose sand or gravel,10 - No control,,2,0,0,0,,0,,,,,373598.8352,5013327.89,45.2565459,-75.62342887,415
15--10452,2015/09/02,2:35 PM,HWY 417 RIVERSID IC117R53 @ RIVERSIDE DR (0010789),10789,02 - Intersection related,03 - P.D. only,03 - Rear end,01 - Clear,01 - Daylight,01 - Dry,03 - Yield sign,01 - Functioning,2,0,0,0,,0,,,,,370770.5961,5030914.428,45.41505555,-75.65711529,416
15--10453,2015/09/02,2:45 PM,ISABELLA ST/HWY417 IC119AR75 @ METCALFE ST (0011380),11380,03 - At intersection,03 - P.D. only,05 - Turning movement,01 - Clear,01 - Daylight,01 - Dry,01 - Traffic signal,00 - Unknown,2,0,0,0,,0,,,,,368447.9845,5030400.287,45.4106446,-75.68685387,417
15--10454,2015/09/02,4:01 PM,ROGER GUINDON AVE btwn PETER MORAND CRES & PETER MORAND CRES (__3ZAZAJ),__3ZAZAJ,04 - At/near private drive,02 - Non-fatal injury,05 - Turning movement,01 - Clear,01 - Daylight,01 - Dry,10 - No control,,2,0,0,0,01 - Minimal,1,1,,,,371919.7697,5029588.357,45.40301485,-75.64261485,418
15--10455,2015/09/02,4:16 PM,MCCARTHY RD @ WALKLEY RD (0006969),6969,02 - Intersection related,03 - P.D. only,04 - Sideswipe,01 - Clear,01 - Daylight,01 - Dry,01 - Traffic signal,00 - Unknown,2,0,0,0,,0,,,,,369249.7173,5025300.883,45.36468841,-75.67727816,419
15--10456,2015/09/02,4:36 PM,TERON RD @ BEAVERBROOK RD/PENFIELD DR N (0002572),2572,03 - At intersection,03 - P.D. only,02 - Angle,01 - Clear,01 - Daylight,01 - Dry,01 - Traffic signal,01 - Functioning,2,0,0,0,,0,,,,,351883.3317,5021214.093,45.32929639,-75.89934033,420
15--10457,2015/09/02,4:47 PM,OGILVIE RD @ ELMLEA GT/SHOPPERS CITY EAST SC (0008800),8800,02 - Intersection related,03 - P.D. only,03 - Rear end,01 - Clear,01 - Daylight,01 - Dry,01 - Traffic signal,01 - Functioning,2,0,0,0,,0,,,,,374989.8669,5033485.916,45.43778188,-75.60284703,421
15--10458,2015/09/02,5:04 PM,WOODKILTON RD btwn KINBURN SIDE RD & VANCES SIDE RD (__3ZAC8L),__3ZAC8L,01 - Non intersection,02 - Non-fatal injury,07 - SMV other,01 - Clear,01 - Daylight,01 - Dry,10 - No control,,1,0,0,0,02 - Minor,1,,1,,,337595.9916,5034361.275,45.44841269,-76.08072958,422
15--10459,2015/09/02,5:40 PM,BRONSON AVE btwn UNIVERSITY RD & BREWER WAY (__3ZA3BT),__3ZA3BT,01 - Non intersection,03 - P.D. only,03 - Rear end,01 - Clear,01 - Daylight,01 - Dry,10 - No control,,2,0,0,0,,0,,,,,368059.3174,5027854.724,45.38777563,-75.69214533,423
15--1046,2015/01/16,4:01 PM,STRANDHERD DR @ ANDORA AVE (0010895),10895,02 - Intersection related,03 - P.D. only,03 - Rear end,05 - Drifting Snow,01 - Daylight,06 - Ice,01 - Traffic signal,01 - Functioning,2,0,0,0,,0,,,,,363229.4581,5014302.644,45.26625433,-75.75541905,424
15--10460,2015/09/02,6:08 PM,TENTH LINE RD @ CHARLEMAGNE BLVD S/DES EPINETT (0003686),3686,03 - At intersection,02 - Non-fatal injury,05 - Turning movement,01 - Clear,01 - Daylight,01 - Dry,01 - Traffic signal,01 - Functioning,2,0,0,0,01 - Minimal,1,1,,,,383640.9751,5036900.456,45.46758093,-75.49173924,425
15--10461,2015/09/02,6:28 AM,BANK ST @ RIVERSIDE DR N (0010778),10778,03 - At intersection,02 - Non-fatal injury,02 - Angle,01 - Clear,03 - Dawn,01 - Dry,01 - Traffic signal,01 - Functioning,2,0,0,0,02 - Minor,2,1,1,,,369226.4366,5027983.186,45.38882511,-75.67722537,426
15--10462,2015/09/02,6:35 AM,MILTON RD @ NAVAN RD (0004709),4709,02 - Intersection related,02 - Non-fatal injury,03 - Rear end,01 - Clear,03 - Dawn,01 - Dry,02 - Stop sign,01 - Functioning,3,0,0,0,02 - Minor,1,,1,,,387268.0681,5031811.44,45.42137625,-75.44621463,427
15--10463,2015/09/02,7:19 AM,NELSON ST btwn LAURIER AVE E & OSGOODE ST (__3ZA8J2),__3ZA8J2,01 - Non intersection,03 - P.D. only,06 - SMV unattended vehicle,01 - Clear,01 - Daylight,01 - Dry,10 - No control,,1,0,0,0,,0,,,,,368968.7083,5031962.878,45.42465668,-75.67999846,428
15--10464,2015/09/02,7:26 AM,WEST HUNT CLUB RD EB btwn 545 E OF ROYDON PL/SUNDERLAND ST & ANTARES D (__3ZA3JPB),__3ZA3JPB,01 - Non intersection,03 - P.D. only,07 - SMV other,01 - Clear,01 - Daylight,01 - Dry,10 - No control,,1,0,0,0,,0,,,,,366714.9265,5022525.377,45.33994341,-75.70997999,429
15--10465,2015/09/02,7:39 AM,INNES RD btwn BLAIR RD & ANDERSON RD (__3ZA3JZ),__3ZA3JZ,01 - Non intersection,02 - Non-fatal injury,03 - Rear end,01 - Clear,01 - Daylight,01 - Dry,10 - No control,,2,0,0,0,02 - Minor,1,,1,,,376266.3267,5031833.276,45.42278311,-75.58677349,430
15--10466,2015/09/02,8:39 AM,BANK ST @ HERON RD (0002155),2155,02 - Intersection related,03 - P.D. only,04 - Sideswipe,01 - Clear,01 - Daylight,01 - Dry,01 - Traffic signal,01 - Functioning,2,0,0,0,,0,,,,,369995.72,5026851.182,45.37856853,-75.66755158,431
15--10467,2015/09/02,8:45 AM,AIRPORT PKWY @ UPLANDS DR RAMP 62 (0004115),4115,02 - Intersection related,03 - P.D. only,05 - Turning movement,01 - Clear,01 - Daylight,01 - Dry,03 - Yield sign,01 - Functioning,2,0,0,0,,0,,,,,371296.6177,5021622.971,45.33140452,-75.65164616,432
15--10468,2015/09/02,8:45 AM,HWY417 IC117 RAMP61 btwn HWY417 IC117 RAMP63 & HIGHWAY 417 (__3ZAY0Y),__3ZAY0Y,01 - Non intersection,03 - P.D. only,04 - Sideswipe,01 - Clear,01 - Daylight,01 - Dry,10 - No control,,2,0,0,0,,0,,,,,370903.1611,5031408.688,45.41949019,-75.65535543,433
15--10469,2015/09/02,8:51 AM,TERRY FOX DR btwn CAMPEAU DR & DIDSBURY RD (__3ZA1EJ),__3ZA1EJ,04 - At/near private drive,03 - P.D. only,02 - Angle,01 - Clear,01 - Daylight,01 - Dry,10 - No control,,2,0,0,0,,0,,,,,350534.5409,5018975.801,45.30924486,-75.91675313,434
15--1047,2015/01/16,4:08 PM,MARCH RD btwn TERRY FOX DR & SOLANDT RD (__3ZA3CE),__3ZA3CE,01 - Non intersection,03 - P.D. only,07 - SMV other,01 - Clear,05 - Dusk,04 - Slush,10 - No control,,1,0,0,0,,0,,,,,349924.3676,5023328.666,45.3484525,-75.92413743,435
15--10470,2015/09/02,9:01 AM,RUSSELL RD btwn RUSSELL RD & WALKLEY RD (__3ZBPKX),__3ZBPKX,01 - Non intersection,03 - P.D. only,03 - Rear end,01 - Clear,01 - Daylight,01 - Dry,10 - No control,,2,0,0,0,,0,,,,,374779.9691,5028330.532,45.39141749,-75.60626161,436
15--10471,2015/09/02,9:08 PM,ALBION RD @ ROSEBELLA AVE (0009551),9551,03 - At intersection,03 - P.D. only,05 - Turning movement,01 - Clear,07 - Dark,01 - Dry,02 - Stop sign,01 - Functioning,2,0,0,0,,0,,,,,372386.7427,5023063.426,45.34426112,-75.63754333,437
15--10472,2015/09/02,9:15 AM,MARCH RD btwn HALTON TERR/MAXWELL BRIDGE RD & MAXWELL RD (__3ZA2GD),__3ZA2GD,01 - Non intersection,03 - P.D. only,03 - Rear end,01 - Clear,01 - Daylight,01 - Dry,10 - No control,,2,0,0,0,,0,,,,,348828.1018,5024534.58,45.35937328,-75.93801954,438
15--10473,2015/09/02,9:28 PM,CLOVER ST @ HERON RD (0006837),6837,03 - At intersection,02 - Non-fatal injury,07 - SMV other,02 - Rain,07 - Dark,02 - Wet,01 - Traffic signal,01 - Functioning,1,0,0,1,02 - Minor,1,,1,,,369293.2359,5026765.324,45.37786102,-75.67653149,439
15--10474,2015/09/03,1:06 PM,COUNTRY LANE  E btwn COUNTRY LANE W & VILLAGE GR (__3ZBNDZ),__3ZBNDZ,04 - At/near private drive,03 - P.D. only,07 - SMV other,01 - Clear,01 - Daylight,01 - Dry,10 - No control,,1,0,0,0,,0,,,,,353730.7812,5017900.98,45.29935798,-75.87610032,440
15--10475,2015/09/03,1:15 PM,TERRY FOX DR S @ DIDSBURY RD/CENTRUM KANATA SC (0011820),11820,02 - Intersection related,03 - P.D. only,03 - Rear end,01 - Clear,01 - Daylight,01 - Dry,01 - Traffic signal,01 - Functioning,2,0,0,0,,0,,,,,350622.5623,5018919.083,45.30872876,-75.9156359,441
15--10476,2015/09/03,1:16 PM,BASELINE RD/HERON RD @ PRINCE OF WALES DR (0002345),2345,02 - Intersection related,03 - P.D. only,99 - Other,01 - Clear,01 - Daylight,01 - Dry,01 - Traffic signal,01 - Functioning,2,0,0,0,,0,,,,,366872.5718,5026439.507,45.37514803,-75.70747716,442
15--10477,2015/09/03,1:24 PM,RIVERSIDE DR SB btwn Continuation of RIVERSIDE DR & HWY417 IC117 RAMP5 (__3ZA251),__3ZA251,01 - Non intersection,02 - Non-fatal injury,07 - SMV other,01 - Clear,01 - Daylight,01 - Dry,10 - No control,,1,0,1,0,02 - Minor,1,,1,,,370770.3664,5030906.719,45.41498621,-75.65711925,443
15--10478,2015/09/03,1:31 PM,TERRY FOX DR btwn PALLADIUM DR & MAPLE GROVE RD (__3ZA3DN),__3ZA3DN,01 - Non intersection,03 - P.D. only,03 - Rear end,01 - Clear,01 - Daylight,01 - Dry,10 - No control,,2,0,0,0,,0,,,,,351542.7978,5017877.077,45.29929188,-75.90399925,444
15--10479,2015/09/03,10:18 AM,BANK ST @ FIFTH AVE (0007247),7247,02 - Intersection related,03 - P.D. only,03 - Rear end,01 - Clear,01 - Daylight,01 - Dry,01 - Traffic signal,01 - Functioning,3,0,0,0,,0,,,,,368399.4341,5029399.477,45.40164405,-75.68760316,445
15--1048,2015/01/16,4:15 PM,BASELINE RD btwn GREENBANK RD & MCWATTERS RD (__3ZA4MM),__3ZA4MM,01 - Non intersection,03 - P.D. only,04 - Sideswipe,01 - Clear,05 - Dusk,02 - Wet,10 - No control,,2,0,0,0,,0,,,,,360658.4072,5022620.645,45.34130899,-75.78724267,446
15--10480,2015/09/03,10:40 PM,CRAIG HENRY DR btwn BERTONA ST & SOVEREIGN AVE (__3ZAAYX),__3ZAAYX,01 - Non intersection,03 - P.D. only,06 - SMV unattended vehicle,01 - Clear,07 - Dark,01 - Dry,10 - No control,,1,0,0,0,,0,,,,,362889.9514,5021977.53,45.33534105,-75.75884586,447
15--10481,2015/09/03,11:00 PM,ROWALLEN PL btwn SHELLBROOK WAY & SHELLBROOK WAY (__4WKB67),__4WKB67,04 - At/near private drive,03 - P.D. only,06 - SMV unattended vehicle,01 - Clear,07 - Dark,01 - Dry,10 - No control,,1,0,0,0,,0,,,,,372965.8263,5025992.671,45.37056132,-75.62975071,448
15--10482,2015/09/03,11:01 AM,BANTREE ST @ INNES RD (0007684),7684,02 - Intersection related,03 - P.D. only,03 - Rear end,01 - Clear,01 - Daylight,01 - Dry,01 - Traffic signal,01 - Functioning,3,0,0,0,,0,,,,,373705.0025,5030408.357,45.41021937,-75.61969844,449
15--10483,2015/09/03,11:15 AM,HIGHWAY 417 btwn HWY417 IC126 RAMP61 & HWY417 IC124 RAMP76 (__3ZA2Y2),__3ZA2Y2,01 - Non intersection,03 - P.D. only,04 - Sideswipe,01 - Clear,01 - Daylight,01 - Dry,10 - No control,,2,0,0,0,,0,,,,,364103.8142,5027116.767,45.38148171,-75.74274326,450
15--10484,2015/09/03,11:30 PM,KENT ST btwn FLORENCE ST & GLADSTONE AVE (__3ZA3P0),__3ZA3P0,01 - Non intersection,03 - P.D. only,04 - Sideswipe,01 - Clear,07 - Dark,01 - Dry,10 - No control,,2,0,0,0,,0,,,,,367732.5531,5030477.929,45.4114079,-75.69598316,451
15--10485,2015/09/03,11:40 AM,SECOND LINE RD    S btwn CARSONBY RD E & PHELAN RD E (__3ZA0LC),__3ZA0LC,01 - Non intersection,03 - P.D. only,07 - SMV other,01 - Clear,01 - Daylight,01 - Dry,10 - No control,,1,0,0,0,,0,,,,,367515.5285,5004181.125,45.17481177,-75.70208071,452
15--10486,2015/09/03,11:44 AM,REGIONAL ROAD 174 btwn QUIGLEY HILL RD & REGIONAL ROAD 174 DIVIDED (__3ZA2Y5),__3ZA2Y5,01 - Non intersection,02 - Non-fatal injury,05 - Turning movement,01 - Clear,01 - Daylight,01 - Dry,10 - No control,,2,0,0,0,02 - Minor,2,1,1,,,384829.2907,5040817.341,45.50268608,-75.47590646,453
15--10487,2015/09/03,11:45 AM,COLONEL BY DR @ HOG'S BACK RD (0002635),2635,02 - Intersection related,03 - P.D. only,03 - Rear end,01 - Clear,01 - Daylight,01 - Dry,01 - Traffic signal,01 - Functioning,2,0,0,0,,0,,,,,367602.7094,5025873.177,45.36998727,-75.69822792,454
15--10488,2015/09/03,11:49 AM,ELGIN ST btwn MACLAREN ST & GILMOUR ST (__3ZA34X),__3ZA34X,01 - Non intersection,02 - Non-fatal injury,04 - Sideswipe,01 - Clear,01 - Daylight,01 - Dry,10 - No control,,2,1,0,0,01 - Minimal,1,1,,,,368218.0828,5031113.962,45.41708688,-75.68969889,455
15--10489,2015/09/03,12:06 PM,REGIONAL ROAD 174 btwn QUIGLEY HILL RD & REGIONAL ROAD 174 DIVIDED (__3ZA2Y5),__3ZA2Y5,01 - Non intersection,02 - Non-fatal injury,05 - Turning movement,01 - Clear,01 - Daylight,01 - Dry,10 - No control,,2,0,0,0,01 - Minimal,1,1,,,,384784.9808,5040732.064,45.50192393,-75.47648728,456
15--1049,2015/01/16,4:20 PM,FOURTH LINE RD @ PRINCE OF WALES DR (0011873),11873,02 - Intersection related,03 - P.D. only,03 - Rear end,01 - Clear,01 - Daylight,01 - Dry,02 - Stop sign,01 - Functioning,2,0,0,0,,0,,,,,366275.6197,4999561.796,45.1333555,-75.71842277,457
15--10490,2015/09/03,12:08 PM,CUMMINGS AVE/LABELLE ST @ CYRVILLE RD (0008791),8791,03 - At intersection,03 - P.D. only,05 - Turning movement,01 - Clear,01 - Daylight,01 - Dry,01 - Traffic signal,01 - Functioning,2,0,0,0,,0,,,,,372862.1573,5031870.486,45.42345739,-75.63026308,458
15--10491,2015/09/03,12:46 PM,MERIVALE RD btwn KIMWAY CRES & LOBLAWS SC (__3ZA4IOB),__3ZA4IOB,04 - At/near private drive,02 - Non-fatal injury,05 - Turning movement,01 - Clear,01 - Daylight,01 - Dry,10 - No control,,2,0,1,0,02 - Minor,1,,1,,,364785.1469,5024902.428,45.36149945,-75.73431293,459
15--10492,2015/09/03,2:38 AM,ELGIN ST @ SLATER ST (0002228),2228,03 - At intersection,02 - Non-fatal injury,07 - SMV other,01 - Clear,07 - Dark,01 - Dry,01 - Traffic signal,01 - Functioning,1,0,0,1,02 - Minor,1,,1,,,367889.9857,5031646.575,45.42190882,-75.69382241,460
15--10493,2015/09/03,2:54 PM,CUMBERLAND ST @ RIDEAU ST (0007759),7759,03 - At intersection,02 - Non-fatal injury,07 - SMV other,01 - Clear,01 - Daylight,01 - Dry,01 - Traffic signal,01 - Functioning,1,0,0,1,03 - Major,1,,,1,,368374.511,5032329.614,45.4280107,-75.68754351,461
15--10494,2015/09/03,3:10 PM,HIGHWAY 417 btwn HWY417 IC121A RAMP16 & HWY417 IC121A RAMP61 (__3ZA2YY),__3ZA2YY,01 - Non intersection,03 - P.D. only,04 - Sideswipe,01 - Clear,01 - Daylight,01 - Dry,10 - No control,,2,0,0,0,,0,,,,,367283.6583,5029768.32,45.40506327,-75.70180755,462
15--10495,2015/09/03,3:15 PM,HUNT CLUB RD btwn UPLANDS DR & MCCARTHY RD (__3ZA37N),__3ZA37N,01 - Non intersection,03 - P.D. only,04 - Sideswipe,01 - Clear,01 - Daylight,01 - Dry,10 - No control,,2,0,0,0,,0,,,,,370220.8713,5023158.609,45.34532289,-75.66516586,463
15--10496,2015/09/03,3:21 PM,RIVERSIDE DR btwn RIVERSIDE DR RAMP 42A & RIVERSIDE DR SPLIT (__3ZAZQJ),__3ZAZQJ,01 - Non intersection,03 - P.D. only,03 - Rear end,01 - Clear,01 - Daylight,01 - Dry,10 - No control,,2,0,0,0,,0,,,,,368500.4207,5027313.947,45.3828699,-75.68658257,464
15--10497,2015/09/03,3:39 PM,HIGHWAY 417 btwn HWY417 IC129 RAMP25 & HWY417 IC129 RAMP35 (__3ZAYFR),__3ZAYFR,01 - Non intersection,03 - P.D. only,03 - Rear end,01 - Clear,01 - Daylight,01 - Dry,10 - No control,,2,0,0,0,,0,,,,,360489.4317,5023551.483,45.34969809,-75.78929384,465
15--10498,2015/09/03,4:08 PM,GEORGE ST btwn DALHOUSIE ST & CUMBERLAND ST (__3ZA81O),__3ZA81O,01 - Non intersection,03 - P.D. only,06 - SMV unattended vehicle,01 - Clear,01 - Daylight,01 - Dry,10 - No control,,1,0,0,0,,0,,,,,368174.2742,5032328.923,45.42802266,-75.69010228,466
15--10499,2015/09/03,4:20 PM,HIGHWAY 417 btwn HWY417 IC123 RAMP62 & HWY417 IC122 RAMP16 (__3ZA2R9),__3ZA2R9,01 - Non intersection,03 - P.D. only,03 - Rear end,01 - Clear,01 - Daylight,01 - Dry,10 - No control,,2,0,0,0,,0,,,,,364875.3419,5028247.986,45.39159446,-75.73275473,467
15--105,2015/01/03,7:20 PM,HIGHWAY 417 btwn HWY417 IC155 RAMP61 & HWY417 IC145 RAMP56 (__3ZA2Q2),__3ZA2Q2,01 - Non intersection,03 - P.D. only,07 - SMV other,03 - Snow,07 - Dark,03 - Loose snow,10 - No control,,1,0,0,0,,0,,,,,346016.5573,5014822.507,45.2721516,-75.97471294,468
15--1050,2015/01/16,4:25 PM,ROCHESTER ST btwn BEECH ST & NORMAN ST (__3ZA3ZO),__3ZA3ZO,04 - At/near private drive,03 - P.D. only,05 - Turning movement,01 - Clear,01 - Daylight,04 - Slush,10 - No control,,2,0,0,0,,0,,,,,366862.2739,5029331.802,45.40117309,-75.70724491,469
15--10500,2015/09/03,4:44 PM,ISABELLA ST btwn CHAMBERLAIN AVE & O'CONNOR ST (__3ZA3PM),__3ZA3PM,01 - Non intersection,03 - P.D. only,03 - Rear end,01 - Clear,01 - Daylight,01 - Dry,10 - No control,,2,0,0,0,,0,,,,,368109.4269,5030196.887,45.40884518,-75.69120486,470
15--10501,2015/09/03,4:52 PM,CHARLEMAGNE BLVD @ ORCHARDVIEW AVE (0004812),4812,03 - At intersection,03 - P.D. only,02 - Angle,01 - Clear,01 - Daylight,01 - Dry,02 - Stop sign,01 - Functioning,2,0,0,0,,0,,,,,384505.3153,5037243.656,45.47057063,-75.48063168,471
15--10502,2015/09/03,5:17 PM,CLYDE AVE @ MAITLAND AVE (0003214),3214,03 - At intersection,02 - Non-fatal injury,05 - Turning movement,01 - Clear,01 - Daylight,01 - Dry,03 - Yield sign,00 - Unknown,2,1,0,0,02 - Minor,1,,1,,,364248.9728,5025140.157,45.36368417,-75.74112778,472
15--10503,2015/09/03,5:18 PM,BANK ST @ JOHNSTON RD (0006967),6967,03 - At intersection,02 - Non-fatal injury,05 - Turning movement,01 - Clear,01 - Daylight,01 - Dry,01 - Traffic signal,01 - Functioning,2,0,0,0,02 - Minor,2,,2,,,370850.6328,5024839.747,45.36039023,-75.65690578,473
15--10504,2015/09/03,5:26 PM,RIVERSIDE DR @ SMYTH RD SOUTH SIDE RAMP (0011480),11480,03 - At intersection,03 - P.D. only,03 - Rear end,01 - Clear,01 - Daylight,01 - Dry,01 - Traffic signal,01 - Functioning,2,0,0,0,,0,,,,,369789.1656,5028996.895,45.39789412,-75.66990612,474
15--10505,2015/09/03,5:28 PM,BANK ST btwn CHAMBERLAIN AVE S & PRETORIA AVE (__3ZA3PL),__3ZA3PL,04 - At/near private drive,03 - P.D. only,05 - Turning movement,01 - Clear,01 - Daylight,01 - Dry,10 - No control,,2,0,0,0,,0,,,,,368101.4508,5030122.238,45.40817423,-75.69131633,475
15--10506,2015/09/03,5:42 PM,VANIER PKWY NB btwn MONTREAL RD & MCARTHUR AVE (__3ZA4SS),__3ZA4SS,01 - Non intersection,03 - P.D. only,03 - Rear end,01 - Clear,01 - Daylight,01 - Dry,10 - No control,,2,0,0,0,,0,,,,,370217.9843,5032706.081,45.431228,-75.66393714,476
15--10507,2015/09/03,5:56 PM,KING EDWARD AVE NB btwn YORK ST & RIDEAU ST (__3ZA1ZH),__3ZA1ZH,01 - Non intersection,03 - P.D. only,03 - Rear end,01 - Clear,01 - Daylight,01 - Dry,10 - No control,,2,0,0,0,,0,,,,,368473.3512,5032502.897,45.42956085,-75.68625809,477
15--10508,2015/09/03,5:57 AM,AVIATION PKWY btwn HEMLOCK RD NB ONRAMP & ROCKCLIFFE PRKY RAMPS S (__3ZA212),__3ZA212,01 - Non intersection,03 - P.D. only,03 - Rear end,"07 - Fog, mist, smoke, dust",03 - Dawn,01 - Dry,10 - No control,,2,0,0,0,,0,,,,,371596.8673,5035329.16,45.45469888,-75.64596047,478
15--10509,2015/09/03,6:02 PM,COVENTRY RD @ VANIER PKWY (0002139),2139,02 - Intersection related,03 - P.D. only,03 - Rear end,01 - Clear,01 - Daylight,01 - Dry,01 - Traffic signal,01 - Functioning,2,0,0,0,,0,,,,,370675.6642,5031611.343,45.42133505,-75.6582349,479
15--10619,2015/09/07,6:00 PM,PALLADIUM DR btwn HUNTMAR DR & HWY417 IC142 RAMP25 (__3ZAZW2),__3ZAZW2,04 - At/near private drive,03 - P.D. only,02 - Angle,01 - Clear,01 - Daylight,01 - Dry,10 - No control,,2,0,0,0,,0,,,,,349542.6203,5017087.977,45.29232154,-75.9295727,480
15--108,2015/01/03,7:40 PM,HIGHWAY 417 btwn HWY417 IC129 RAMP25 & TRANSIT (__3ZA2SH),__3ZA2SH,01 - Non intersection,03 - P.D. only,04 - Sideswipe,03 - Snow,07 - Dark,03 - Loose snow,10 - No control,,2,0,0,0,,0,,,,,360887.4739,5023860.04,45.35244276,-75.78417944,481
15--10079,2015/08/23,2:34 PM,METCALFE ST @ SOMERSET ST (0002689),2689,02 - Intersection related,03 - P.D. only,04 - Sideswipe,01 - Clear,01 - Daylight,01 - Dry,01 - Traffic signal,01 - Functioning,2,0,0,0,,0,,,,,368009.6904,5031105.333,45.4170281,-75.69236238,482
15--1051,2015/01/16,4:33 PM,MARCH RD btwn HALTON TERR/MAXWELL BRIDGE RD & KLONDIKE RD (__3ZA3CG),__3ZA3CG,01 - Non intersection,03 - P.D. only,03 - Rear end,01 - Clear,01 - Daylight,01 - Dry,10 - No control,,2,0,0,0,,0,,,,,349211.8749,5024120.48,45.35562291,-75.93315846,483
15--10510,2015/09/03,6:16 PM,MORESBY DR btwn SPRINGWATER DR & NIPIGON WAY (2) (__3ZAZV8),__3ZAZV8,04 - At/near private drive,03 - P.D. only,99 - Other,01 - Clear,01 - Daylight,01 - Dry,10 - No control,,2,0,0,0,,0,,,,,355025.9702,5018174.939,45.30173172,-75.85955908,484
15--10511,2015/09/03,6:20 PM,GREENBANK RD @ WEST HUNT CLUB RD (0005167),5167,02 - Intersection related,03 - P.D. only,03 - Rear end,01 - Clear,01 - Daylight,01 - Dry,01 - Traffic signal,00 - Unknown,2,0,0,0,,0,,,,,361479.677,5020502.119,45.32218066,-75.77700663,485
15--10512,2015/09/03,6:44 PM,FIFTH AVE btwn RALPH ST & MONK ST (__3ZBN6F),__3ZBN6F,01 - Non intersection,03 - P.D. only,99 - Other,01 - Clear,01 - Daylight,01 - Dry,10 - No control,,2,0,0,0,,0,,,,,368263.3859,5029319.855,45.40093998,-75.68935106,486
15--10513,2015/09/03,7:09 AM,LYON ST @ MACLAREN ST (0007281),7281,02 - Intersection related,03 - P.D. only,03 - Rear end,01 - Clear,01 - Daylight,01 - Dry,02 - Stop sign,01 - Functioning,2,0,0,0,,0,,,,,367409.707,5030646.208,45.41295098,-75.70008602,487
15--10514,2015/09/03,7:14 AM,EAGLESON RD @ PERTH ST/RICHMOND RD (0009376),9376,02 - Intersection related,02 - Non-fatal injury,03 - Rear end,01 - Clear,01 - Daylight,01 - Dry,01 - Traffic signal,02 - Not functioning,2,0,0,0,01 - Minimal,2,2,,,,358016.3512,5007410.706,45.20465289,-75.8225833,488
15--10515,2015/09/03,8:00 PM,PINE BLUFF TR btwn TRAILWAY CIRC & TRAILWAY CIRC (__3ZACQI),__3ZACQI,01 - Non intersection,03 - P.D. only,06 - SMV unattended vehicle,01 - Clear,07 - Dark,01 - Dry,10 - No control,,1,0,0,0,,0,,,,,350450.5331,5014245.542,45.26668601,-75.91825967,489
15--10516,2015/09/03,8:13 AM,NAVAN RD btwn RENAUD RD & MER BLEUE RD (__3ZA3Y1),__3ZA3Y1,04 - At/near private drive,03 - P.D. only,02 - Angle,01 - Clear,01 - Daylight,01 - Dry,10 - No control,,2,0,0,0,,0,,,,,382793.5069,5032453.338,45.42766467,-75.50328044,490
15--10517,2015/09/03,8:24 AM,GREENFIELD AVE @ MAIN ST (0002695),2695,02 - Intersection related,03 - P.D. only,03 - Rear end,01 - Clear,01 - Daylight,01 - Dry,01 - Traffic signal,01 - Functioning,2,0,0,0,,0,,,,,368891.7155,5030816.575,45.41434972,-75.68113135,491
15--10518,2015/09/03,8:45 AM,TERRY FOX DR btwn 329 N OF CAMPEAU DR/SIGNATURE CENTRE & CAMPEAU DR (__49GU9G),__49GU9G,04 - At/near private drive,03 - P.D. only,02 - Angle,01 - Clear,01 - Daylight,01 - Dry,10 - No control,,2,0,0,0,,0,,,,,350401.1967,5019027.874,45.3097221,-75.91844877,492
15--10519,2015/09/03,9:00 PM,BASELINE RD/HERON RD @ PRINCE OF WALES DR (0002345),2345,02 - Intersection related,03 - P.D. only,04 - Sideswipe,01 - Clear,07 - Dark,01 - Dry,01 - Traffic signal,01 - Functioning,2,0,0,0,,0,,,,,366873.0583,5026439.02,45.3751436,-75.70747101,493
15--1052,2015/01/16,4:47 AM,LEITRIM RD btwn 810 W OF HAWTHORNE & BANK ST (__3ZA3SPA),__3ZA3SPA,01 - Non intersection,03 - P.D. only,07 - SMV other,05 - Drifting Snow,07 - Dark,03 - Loose snow,10 - No control,,1,0,0,0,,0,,,,,375445.3133,5021670.789,45.3314294,-75.59871728,494
15--10520,2015/09/03,9:01 PM,WORKMAN AVE btwn DUCHESS AVE & KIRCHOFFER AVE (__3ZA2LH),__3ZA2LH,04 - At/near private drive,03 - P.D. only,06 - SMV unattended vehicle,01 - Clear,07 - Dark,01 - Dry,10 - No control,,1,0,0,0,,0,,,,,362798.8798,5028414.097,45.39326415,-75.75925223,495
15--10521,2015/09/03,9:11 AM,ALTA VISTA DR @ DORION AVE (0007456),7456,02 - Intersection related,03 - P.D. only,03 - Rear end,01 - Clear,01 - Daylight,01 - Dry,01 - Traffic signal,01 - Functioning,2,0,0,0,,0,,,,,370672.8689,5030135.632,45.40805746,-75.65846786,496
15--10522,2015/09/03,9:21 PM,VANIER PKWY/CRICHTON ST @ BEECHWOOD AVE/ST. PA (0001604),1604,03 - At intersection,02 - Non-fatal injury,05 - Turning movement,01 - Clear,07 - Dark,01 - Dry,01 - Traffic signal,01 - Functioning,2,0,0,0,01 - Minimal,2,2,,,,369127.4926,5033488.928,45.43837291,-75.67777023,497