Anom_ID,Accident_Date,Accident_Time,Location,Geo_ID,Accident_Location,Classification_of_Accident,Initial_Impact_Type,Environment_Condition,Light,Road_Surface_Condition,Traffic_Control,Traffic_Control_Condition,No__of_Vehicles,No__of_Bicycles,No__of_Motorcycles,No__of_Pedestrians,Max_Injury,No__of_Injuries,No__of_Minimal,No__of_Minor,No__of_Major,No__of_Fatal,X,Y,Latitude,Longitude,ObjectId
15--10523,2015/09/03,9:48 AM,BOOTH ST @ SIR JOHN A. MACDONALD PKWY/WELLINGTON ST (0012252),12252,03 - At intersection,03 - P.D. only,04 - Sideswipe,01 - Clear,01 - Daylight,01 - Dry,01 - Traffic signal,01 - Functioning,2,0,0,0,,0,,,,,366264.257,5031006.328,45.41629278,-75.7146742,498
15--10524,2015/09/04,1:30 PM,BANK ST @ RIVERSIDE DR N (0010778),10778,03 - At intersection,02 - Non-fatal injury,02 - Angle,01 - Clear,01 - Daylight,01 - Dry,01 - Traffic signal,01 - Functioning,2,0,1,0,02 - Minor,1,,1,,,369225.7159,5027982.465,45.38881869,-75.67723466,499
15--10525,2015/09/04,1:30 PM,ST. LAURENT BLVD btwn TREMBLAY RD & SHORE ST (__3ZA2GT),__3ZA2GT,01 - Non intersection,03 - P.D. only,04 - Sideswipe,01 - Clear,01 - Daylight,01 - Dry,10 - No control,,2,0,0,0,,0,,,,,372613.0112,5031198.693,45.41743711,-75.6335389,500
15--10526,2015/09/04,1:40 PM,BANK ST btwn CHAMBERLAIN AVE & ROSEBERY AVE (__3ZA3PI),__3ZA3PI,01 - Non intersection,03 - P.D. only,04 - Sideswipe,01 - Clear,01 - Daylight,01 - Dry,10 - No control,,2,0,0,0,,0,,,,,368116.735,5030082.819,45.40781817,-75.69112615,501
15--10527,2015/09/04,1:45 PM,ST. LAURENT BLVD/DUNBARTON CRT @ BRITTANY DR (0007139),7139,03 - At intersection,02 - Non-fatal injury,05 - Turning movement,01 - Clear,01 - Daylight,01 - Dry,01 - Traffic signal,01 - Functioning,2,0,0,0,01 - Minimal,3,3,,,,371331.303,5034336.369,45.44579156,-75.64948977,502
15--10528,2015/09/04,10:00 AM,ROBERTSON RD btwn MOODIE DR & VANIER RD (__3ZBOCN),__3ZBOCN,04 - At/near private drive,03 - P.D. only,03 - Rear end,01 - Clear,01 - Daylight,01 - Dry,10 - No control,,2,0,0,0,,0,,,,,357161.7872,5020511.334,45.32259893,-75.83207979,503
15--10259,2015/08/27,6:04 PM,INNES RD @ ORLEANS BLVD (0003611),3611,02 - Intersection related,03 - P.D. only,07 - SMV other,01 - Clear,01 - Daylight,01 - Dry,01 - Traffic signal,01 - Functioning,1,0,0,0,,0,,,,,380460.7951,5034295.322,45.4444937,-75.53280394,504
15--1026,2015/01/16,12:10 PM,CLYDE AVE btwn CLYDE AVE & STARWOOD RD (__3ZA2TX),__3ZA2TX,04 - At/near private drive,03 - P.D. only,02 - Angle,01 - Clear,01 - Daylight,02 - Wet,10 - No control,,2,0,0,0,,0,,,,,364421.9024,5024748.193,45.36014265,-75.7389678,505
15--10260,2015/08/27,6:11 PM,EAGLESON RD @ HOPE SIDE RD/TERRY FOX DR (0000509),509,03 - At intersection,02 - Non-fatal injury,05 - Turning movement,01 - Clear,01 - Daylight,01 - Dry,01 - Traffic signal,01 - Functioning,3,0,0,0,01 - Minimal,3,3,,,,355187.6459,5014616.765,45.26970295,-75.85785899,506
15--1062,2015/01/16,6:15 PM,THICKET WAY btwn GARDENWAY DR & ESPLANADE AVE (__3ZA5S4),__3ZA5S4,01 - Non intersection,03 - P.D. only,06 - SMV unattended vehicle,01 - Clear,07 - Dark,01 - Dry,10 - No control,,1,0,0,0,,0,,,,,384564.7893,5036599.421,45.46476762,-75.47997574,507
15--1080,2015/01/16,8:00 AM,BOYER RD @ JEANNE D'ARC BLVD (0003638),3638,03 - At intersection,03 - P.D. only,02 - Angle,03 - Snow,01 - Daylight,05 - Packed snow,02 - Stop sign,01 - Functioning,2,0,0,0,,0,,,,,380682.7712,5036191.138,45.4615267,-75.52967427,508
15--10261,2015/08/27,6:30 PM,OTTAWA RIVER PKWY EB btwn TUNNEY'S PASTURE/REMIC RAPIDS ENT & ISLAND P (__3ZA24JA),__3ZA24JA,01 - Non intersection,03 - P.D. only,03 - Rear end,01 - Clear,01 - Daylight,01 - Dry,10 - No control,,2,0,0,0,,0,,,,,363406.7165,5029635.641,45.40420479,-75.75134461,509
15--1008,2015/01/16,1:15 AM,ELGIN ST @ LAURIER AVE (0002232),2232,03 - At intersection,03 - P.D. only,02 - Angle,03 - Snow,07 - Dark,03 - Loose snow,01 - Traffic signal,01 - Functioning,2,0,0,0,,0,,,,,367947.746,5031548.13,45.42101783,-75.69309703,510
15--10620,2015/09/07,6:00 PM,CHAMPLAIN BRIDGE/ISLAND PARK DR btwn BATE ISLAND & OTTAWA RIVER PKWY (__3ZA2ZEB),__3ZA2ZEB,07 - Overpass or bridge,03 - P.D. only,04 - Sideswipe,01 - Clear,01 - Daylight,01 - Dry,10 - No control,,2,0,0,0,,0,,,,,363124.0881,5029685.434,45.40467642,-75.75494877,511
15--10080,2015/08/23,2:37 PM,WINDERMERE AVE btwn BYRON AVE & CROSSFIELD AVE (__3ZA0OC),__3ZA0OC,01 - Non intersection,03 - P.D. only,06 - SMV unattended vehicle,01 - Clear,01 - Daylight,01 - Dry,10 - No control,,1,0,0,0,,0,,,,,362347.1088,5027409.398,45.38426128,-75.76513882,512
15--10262,2015/08/27,6:37 PM,ALBION RD btwn LESTER RD & LEITRIM RD (__3ZA3SQ),__3ZA3SQ,01 - Non intersection,03 - P.D. only,03 - Rear end,01 - Clear,01 - Daylight,01 - Dry,10 - No control,,2,0,0,0,,0,,,,,373075.6804,5021403.043,45.32925485,-75.62898208,513
15--10081,2015/08/23,3:50 PM,KANATA AVE @ HWY 417 CASTLEFR IC139R15 (0012626),12626,03 - At intersection,03 - P.D. only,05 - Turning movement,01 - Clear,01 - Daylight,01 - Dry,01 - Traffic signal,00 - Unknown,2,0,0,0,,0,,,,,351714.6782,5019143.888,45.31067951,-75.90168788,514
15--10800,2015/09/12,10:45 AM,BANK ST @ KILBORN AVE/BELANGER AVE (0007208),7208,03 - At intersection,03 - P.D. only,05 - Turning movement,02 - Rain,01 - Daylight,02 - Wet,01 - Traffic signal,01 - Functioning,2,0,0,0,,0,,,,,369652.9992,5027427.187,45.38378304,-75.67185146,515
15--10621,2015/09/07,6:40 PM,UPPER LORNE PL btwn SOMERSET ST W & END (__3ZA4GN),__3ZA4GN,01 - Non intersection,03 - P.D. only,06 - SMV unattended vehicle,01 - Clear,01 - Daylight,01 - Dry,10 - No control,,1,0,0,0,,0,,,,,366634.0253,5030346.56,45.4103238,-75.71003291,516
15--10263,2015/08/27,6:55 PM,PUTMAN AVE btwn DOUGLAS AVE & LANGEVIN AVE (__3ZA8AC),__3ZA8AC,01 - Non intersection,03 - P.D. only,06 - SMV unattended vehicle,01 - Clear,01 - Daylight,01 - Dry,10 - No control,,1,0,0,0,,0,,,,,369317.3895,5033913.377,45.44217444,-75.67528759,517
15--10801,2015/09/12,10:55 AM,"MCARTHUR AVE btwn EGLISE, RUE DE L & MAY ST (__3ZA3XI)",__3ZA3XI,04 - At/near private drive,03 - P.D. only,04 - Sideswipe,02 - Rain,01 - Daylight,02 - Wet,10 - No control,,3,0,0,0,,0,,,,,371466.6176,5032827.822,45.43220546,-75.64796448,518
15--10082,2015/08/23,4:03 PM,BASELINE RD @ CEDARVIEW RD (0010259),10259,03 - At intersection,02 - Non-fatal injury,05 - Turning movement,01 - Clear,01 - Daylight,01 - Dry,01 - Traffic signal,01 - Functioning,2,0,0,0,01 - Minimal,1,1,,,,358967.6649,5021674.13,45.3329248,-75.80891868,519
15--10622,2015/09/07,8:09 PM,MERIVALE RD @ CAPILANO DR/WITHROW AVE (0009820),9820,02 - Intersection related,03 - P.D. only,03 - Rear end,02 - Rain,07 - Dark,02 - Wet,01 - Traffic signal,01 - Functioning,2,0,0,0,,0,,,,,364642.9695,5024227.499,45.35543868,-75.73620932,520
15--10264,2015/08/27,6:59 PM,CHAPMAN MILLS DR @ BEATRICE DR (0010973),10973,03 - At intersection,02 - Non-fatal injury,05 - Turning movement,01 - Clear,01 - Daylight,01 - Dry,01 - Traffic signal,01 - Functioning,2,0,0,0,01 - Minimal,1,1,,,,365540.5419,5014924.706,45.27165585,-75.7258949,521
15--10802,2015/09/12,11:00 AM,BRONSON AVE @ MACLAREN ST (0006338),6338,03 - At intersection,03 - P.D. only,02 - Angle,02 - Rain,01 - Daylight,02 - Wet,02 - Stop sign,01 - Functioning,2,0,0,0,,0,,,,,366998.9789,5030398.484,45.41075866,-75.70536431,522
15--10083,2015/08/23,4:40 PM,HIGHWAY 416 btwn HWY416 IC75A RAMP43 & HWY416 IC72 RAMP34 (__3ZAZLD),__3ZAZLD,01 - Non intersection,02 - Non-fatal injury,07 - SMV other,01 - Clear,01 - Daylight,01 - Dry,10 - No control,,1,0,0,0,02 - Minor,3,,3,,,358960.1788,5021428.117,45.33071174,-75.8090411,523
15--10623,2015/09/07,8:20 PM,DUNROBIN RD btwn KINBURN SIDE RD & VANCES SIDE RD (__3ZA3FG),__3ZA3FG,01 - Non intersection,03 - P.D. only,01 - Approaching,01 - Clear,07 - Dark,01 - Dry,10 - No control,,2,0,0,0,,0,,,,,338082.4117,5035869.697,45.46196286,-76.07440918,524
15--10265,2015/08/27,7:03 PM,FALLOWFIELD RD @ WOODROFFE AVE (0010372),10372,03 - At intersection,03 - P.D. only,05 - Turning movement,01 - Clear,01 - Daylight,01 - Dry,01 - Traffic signal,01 - Functioning,2,0,0,0,,0,,,,,365084.428,5017903.912,45.29850188,-75.73134535,525
15--10803,2015/09/12,11:00 AM,KIMITO PRIV @ LORRY GREENBERG DR (0002273),2273,02 - Intersection related,03 - P.D. only,02 - Angle,02 - Rain,01 - Daylight,02 - Wet,10 - No control,,2,0,0,0,,0,,,,,372902.0734,5025387.002,45.36511795,-75.63064802,526
15--10804,2015/09/12,11:01 PM,ALTA VISTA DR @ SMYTH RD (0011353),11353,02 - Intersection related,03 - P.D. only,03 - Rear end,02 - Rain,07 - Dark,02 - Wet,01 - Traffic signal,01 - Functioning,2,0,0,0,,0,,,,,370434.1573,5029080.476,45.39858599,-75.66165753,527
15--10805,2015/09/12,11:19 AM,BOUNDARY RD @ HWY 417 BOUNDARY IC96R16 (0004218),4218,02 - Intersection related,03 - P.D. only,03 - Rear end,02 - Rain,01 - Daylight,02 - Wet,10 - No control,,2,0,0,0,,0,,,,,387312.2128,5024097.008,45.3519636,-75.44694029,528
15--10806,2015/09/12,11:36 AM,BREWER RD @ BRONSON AVE (0002240),2240,03 - At intersection,02 - Non-fatal injury,05 - Turning movement,02 - Rain,01 - Daylight,02 - Wet,01 - Traffic signal,01 - Functioning,2,0,0,0,02 - Minor,2,,2,,,368110.4885,5027766.076,45.38697338,-75.69150329,529
15--10807,2015/09/12,11:38 PM,CARP RD/HWY 417 CARP IC144R63 @ HWY 417 CARP I (0001100),1100,02 - Intersection related,03 - P.D. only,03 - Rear end,02 - Rain,07 - Dark,02 - Wet,01 - Traffic signal,01 - Functioning,2,0,0,0,,0,,,,,347299.0504,5015927.448,45.28201795,-75.95827425,530
15--10808,2015/09/12,11:49 AM,BASELINE RD @ GREENBANK RD (0002357),2357,02 - Intersection related,03 - P.D. only,03 - Rear end,01 - Clear,01 - Daylight,01 - Dry,01 - Traffic signal,01 - Functioning,2,0,0,0,,0,,,,,360599.1257,5022583.419,45.34097875,-75.78800325,531
15--10809,2015/09/12,11:54 PM,MANOTICK STATION RD btwn GOUGH RD & ELKWOOD DR (__3ZA6M1),__3ZA6M1,01 - Non intersection,03 - P.D. only,07 - SMV other,02 - Rain,07 - Dark,02 - Wet,10 - No control,,1,0,0,0,,0,,,,,374491.2951,5011123.711,45.23662541,-75.61236829,532
15--1081,2015/01/16,8:09 PM,INNES RD @ VISENEAU DR (0012442),12442,03 - At intersection,03 - P.D. only,05 - Turning movement,01 - Clear,07 - Dark,01 - Dry,01 - Traffic signal,01 - Functioning,2,0,0,0,,0,,,,,381797.7872,5035074.038,45.45135396,-75.51559339,533
15--10810,2015/09/12,12:14 AM,ALBERT ST @ ELGIN ST/MACKENZIE KING BRIDGE (0002226),2226,03 - At intersection,03 - P.D. only,07 - SMV other,02 - Rain,07 - Dark,02 - Wet,01 - Traffic signal,01 - Functioning,1,0,0,0,,0,,,,,367850.6779,5031710.876,45.42249092,-75.69431641,534
15--10811,2015/09/12,12:30 PM,ST. LAURENT BLVD @ COVENTRY RD/OGILVIE RD (0002151),2151,02 - Intersection related,03 - P.D. only,03 - Rear end,02 - Rain,01 - Daylight,02 - Wet,01 - Traffic signal,01 - Functioning,2,0,0,0,,0,,,,,372305.7195,5031951.935,45.42424415,-75.63736158,535
15--10812,2015/09/12,12:50 PM,MCARTHUR AVE @ VANIER PKWY (0004626),4626,02 - Intersection related,03 - P.D. only,04 - Sideswipe,02 - Rain,01 - Daylight,02 - Wet,01 - Traffic signal,00 - Unknown,2,0,0,0,,0,,,,,370220.1464,5032689.505,45.43107866,-75.66391171,536
15--10813,2015/09/12,12:59 AM,BOUNDARY RD btwn PANA RD & PRESCOTT/RUSSELL RT 100 (__3ZA3X3),__3ZA3X3,01 - Non intersection,03 - P.D. only,07 - SMV other,01 - Clear,07 - Dark,01 - Dry,10 - No control,,1,0,0,0,,0,,,,,390147.5222,5016605.974,45.28422672,-75.41205187,537
15--10814,2015/09/12,2:02 PM,CYRVILLE RD btwn STAR TOP RD & MEADOWBROOK RD (__3ZA3SN),__3ZA3SN,04 - At/near private drive,03 - P.D. only,02 - Angle,02 - Rain,01 - Daylight,02 - Wet,10 - No control,,2,0,0,0,,0,,,,,374598.7419,5031252.286,45.41772404,-75.60816226,538
15--10815,2015/09/12,2:10 PM,ST. JOSEPH BLVD @ FOREST VALLEY DR/YOUVILLE DR (0004440),4440,03 - At intersection,03 - P.D. only,05 - Turning movement,02 - Rain,01 - Daylight,02 - Wet,01 - Traffic signal,01 - Functioning,2,0,0,0,,0,,,,,379165.4618,5036156.951,45.46138227,-75.54907882,539
15--10816,2015/09/12,2:10 PM,PARKDALE AVE WB OFF RAMP/OTTAWA RIVER PKWY btwn OTTAWA RIVER PKWY & PA (__3ZAY0R),__3ZAY0R,06 - Underpass or tunnel,03 - P.D. only,07 - SMV other,02 - Rain,01 - Daylight,02 - Wet,10 - No control,,1,0,0,0,,0,,,,,364645.5592,5030398.321,45.4109624,-75.73542818,540
15--10817,2015/09/12,2:18 PM,BANK ST @ HERON RD (0002155),2155,02 - Intersection related,03 - P.D. only,04 - Sideswipe,02 - Rain,01 - Daylight,02 - Wet,01 - Traffic signal,01 - Functioning,2,0,0,0,,0,,,,,369996.4407,5026851.182,45.37856846,-75.66754237,541
15--10818,2015/09/12,2:21 PM,CUMBERLAND ST @ MURRAY ST (0008237),8237,02 - Intersection related,03 - P.D. only,03 - Rear end,02 - Rain,01 - Daylight,02 - Wet,01 - Traffic signal,01 - Functioning,2,0,0,0,,0,,,,,368171.4176,5032679.945,45.43118129,-75.69009361,542
15--10819,2015/09/12,2:21 PM,HWY 417 CASTLEFR IC139R61 @ KANATA AVE (0012625),12625,02 - Intersection related,03 - P.D. only,03 - Rear end,02 - Rain,01 - Daylight,02 - Wet,01 - Traffic signal,01 - Functioning,2,0,0,0,,0,,,,,351616.6602,5019226.05,45.31142536,-75.9029301,543
15--1082,2015/01/16,8:10 AM,BANK ST @ FOURTH AVE (0007249),7249,03 - At intersection,03 - P.D. only,02 - Angle,01 - Clear,01 - Daylight,03 - Loose snow,02 - Stop sign,01 - Functioning,2,0,0,0,,0,,,,,368369.644,5029477.048,45.40234471,-75.68797365,544
15--10820,2015/09/12,2:40 PM,FISHER AVE btwn NORMANDY CRES & FALAISE RD (__3ZA4HE),__3ZA4HE,01 - Non intersection,03 - P.D. only,05 - Turning movement,02 - Rain,01 - Daylight,02 - Wet,10 - No control,,2,0,0,0,,0,,,,,366754.407,5024615.448,45.35874599,-75.70921443,545
15--10821,2015/09/12,2:45 PM,COLONEL BY DR btwn CLEGG ST & ECHO DR S (__3ZBPHH),__3ZBPHH,01 - Non intersection,03 - P.D. only,03 - Rear end,02 - Rain,01 - Daylight,02 - Wet,10 - No control,,3,0,0,0,,0,,,,,368976.6969,5029708.918,45.40437561,-75.68018989,546
15--10822,2015/09/12,2:46 PM,BORRISOKANE RD/TARTAN DR @ STRANDHERD DR (0010634),10634,02 - Intersection related,03 - P.D. only,03 - Rear end,02 - Rain,01 - Daylight,02 - Wet,01 - Traffic signal,01 - Functioning,3,0,0,0,,0,,,,,362289.7712,5013543.606,45.25950188,-75.76748056,547
15--10823,2015/09/12,2:49 PM,FINDLAY CREEK DR @ BANK ST (0012407),12407,02 - Intersection related,02 - Non-fatal injury,03 - Rear end,02 - Rain,01 - Daylight,02 - Wet,01 - Traffic signal,01 - Functioning,2,0,0,0,02 - Minor,2,1,1,,,375847.4734,5020460.325,45.32049755,-75.59376092,548
15--10824,2015/09/12,3:07 PM,KITCHENER AVE @ BANK ST (0011963),11963,02 - Intersection related,03 - P.D. only,03 - Rear end,03 - Snow,01 - Daylight,02 - Wet,01 - Traffic signal,01 - Functioning,2,0,0,0,,0,,,,,370540.8761,5025499.611,45.3663566,-75.66077141,549
15--10825,2015/09/12,3:10 PM,BANK ST btwn ALTA VISTA DR & ERIE AVE (__3ZA36X),__3ZA36X,04 - At/near private drive,02 - Non-fatal injury,02 - Angle,01 - Clear,01 - Daylight,02 - Wet,10 - No control,,2,0,0,0,01 - Minimal,1,1,,,,370234.3754,5026236.415,45.3730148,-75.6645861,550
15--10826,2015/09/12,3:26 PM,CHARLEMAGNE BLVD btwn CANTEVAL TER & TENTH LINE RD (__3ZA5TH),__3ZA5TH,04 - At/near private drive,03 - P.D. only,03 - Rear end,02 - Rain,01 - Daylight,02 - Wet,10 - No control,,3,0,0,0,,0,,,,,383687.822,5036921.717,45.46776693,-75.49113682,551
15--10827,2015/09/12,3:30 PM,KING EDWARD AVE NB btwn RAMP & CATHCART ST (__7TR60M),__7TR60M,01 - Non intersection,03 - P.D. only,03 - Rear end,02 - Rain,01 - Daylight,02 - Wet,10 - No control,,2,0,0,0,,0,,,,,368046.4565,5033216.642,45.43602161,-75.69162155,552
15--10828,2015/09/12,3:30 PM,BEAUSEJOUR DR N @ ORLEANS BLVD (0003637),3637,03 - At intersection,02 - Non-fatal injury,03 - Rear end,02 - Rain,01 - Daylight,02 - Wet,01 - Traffic signal,01 - Functioning,2,1,0,0,01 - Minimal,1,1,,,,381055.7508,5035895.225,45.45882371,-75.52495151,553
15--10829,2015/09/12,3:55 PM,QUEEN ELIZABETH DRWY btwn PATTERSON AVE & MONKLAND AVE (__3ZA22Q),__3ZA22Q,01 - Non intersection,02 - Non-fatal injury,01 - Approaching,02 - Rain,01 - Daylight,02 - Wet,10 - No control,,2,0,0,0,02 - Minor,1,,1,,,368760.2716,5030301.401,45.40972639,-75.68287742,554
15--1083,2015/01/16,8:15 AM,PRINCE OF WALES DR btwn SECOND LINE RD S & BANKFIELD RD (__3ZA295),__3ZA295,01 - Non intersection,02 - Non-fatal injury,07 - SMV other,01 - Clear,01 - Daylight,05 - Packed snow,10 - No control,,1,0,0,0,01 - Minimal,1,1,,,,365943.9152,5006856.231,45.19902058,-75.72174626,555
15--10830,2015/09/12,3:59 PM,BASELINE RD @ WOODROFFE AVE (0002225),2225,02 - Intersection related,02 - Non-fatal injury,03 - Rear end,02 - Rain,01 - Daylight,02 - Wet,01 - Traffic signal,01 - Functioning,2,0,0,0,01 - Minimal,1,1,,,,362550.4109,5023770.144,45.35149891,-75.76296833,556
15--10831,2015/09/12,4:29 PM,BANK ST btwn SCRIVENS DR & JOHN QUINN RD (__3ZA278),__3ZA278,01 - Non intersection,03 - P.D. only,07 - SMV other,02 - Rain,01 - Daylight,02 - Wet,10 - No control,,1,0,0,0,,0,,,,,383320.4451,5010785.656,45.23265451,-75.49998432,557
15--10832,2015/09/12,4:42 PM,BANK ST @ CHAMBERLAIN AVE N/ISABELLA ST (0002132),2132,03 - At intersection,03 - P.D. only,05 - Turning movement,02 - Rain,01 - Daylight,02 - Wet,01 - Traffic signal,01 - Functioning,2,0,0,0,,0,,,,,368083.4328,5030166.923,45.40857793,-75.69154075,558
15--10833,2015/09/12,5:02 PM,WEST HUNT CLUB RD @ 545 E OF ROYDON PL/SUNDERLAND ST (0010375),10375,02 - Intersection related,03 - P.D. only,03 - Rear end,02 - Rain,01 - Daylight,02 - Wet,01 - Traffic signal,01 - Functioning,2,0,0,0,,0,,,,,366354.1515,5022406.421,45.3389048,-75.71459776,559
15--10834,2015/09/12,5:21 PM,SMYTH RD E/LANCASTER RD @ ST. LAURENT BLVD N/R (0002256),2256,02 - Intersection related,02 - Non-fatal injury,03 - Rear end,02 - Rain,01 - Daylight,02 - Wet,01 - Traffic signal,01 - Functioning,2,0,0,0,02 - Minor,1,,1,,,373364.921,5029424.83,45.40140346,-75.62417943,560
15--10835,2015/09/12,6:53 AM,ANNA AVE btwn MERIVALE RD & MARSHALL AVE (__3ZBOO0),__3ZBOO0,01 - Non intersection,03 - P.D. only,06 - SMV unattended vehicle,02 - Rain,03 - Dawn,02 - Wet,10 - No control,,1,0,0,0,,0,,,,,364963.0066,5027159.299,45.38179114,-75.73176794,561
15--10836,2015/09/12,7:35 PM,HWY 417 MAITLAND IC126R26/62 @ MAITLAND AVE (0008228),8228,03 - At intersection,02 - Non-fatal injury,05 - Turning movement,02 - Rain,05 - Dusk,02 - Wet,01 - Traffic signal,01 - Functioning,2,0,0,0,02 - Minor,1,,1,,,363145.9333,5025984.058,45.37137017,-75.75510732,562
15--10837,2015/09/12,7:39 PM,ELGIN ST @ LISGAR ST (0006935),6935,03 - At intersection,02 - Non-fatal injury,02 - Angle,02 - Rain,07 - Dark,02 - Wet,01 - Traffic signal,01 - Functioning,2,0,0,0,01 - Minimal,1,1,,,,368074.7112,5031345.936,45.41918709,-75.69150079,563
15--10838,2015/09/12,7:44 PM,WEST HUNT CLUB RD @ CLEOPATRA DR/LANCELOT DR (0000114),114,02 - Intersection related,03 - P.D. only,03 - Rear end,02 - Rain,05 - Dusk,02 - Wet,01 - Traffic signal,01 - Functioning,2,0,0,0,,0,,,,,365235.7,5021731.413,45.3329284,-75.7289498,564
15--10839,2015/09/12,8:00 PM,8TH LINE RD @ VICTORIA ST (0001616),1616,03 - At intersection,03 - P.D. only,02 - Angle,02 - Rain,07 - Dark,02 - Wet,02 - Stop sign,01 - Functioning,2,0,0,0,,0,,,,,385452.7977,5011164.696,45.2358239,-75.47277012,565
15--1084,2015/01/16,8:22 AM,PICKFORD DR btwn TANGUAY CRT & IRWIN GT (__3ZAB3F),__3ZAB3F,01 - Non intersection,03 - P.D. only,06 - SMV unattended vehicle,01 - Clear,01 - Daylight,04 - Slush,10 - No control,,1,0,0,0,,0,,,,,353267.4699,5018379.084,45.30369219,-75.88196076,566
15--10840,2015/09/12,8:00 PM,HINCKS LANE @ RIVERSIDE DR (0011354),11354,02 - Intersection related,03 - P.D. only,03 - Rear end,02 - Rain,07 - Dark,02 - Wet,01 - Traffic signal,01 - Functioning,2,0,0,0,,0,,,,,370167.7562,5030206.346,45.40874108,-75.66491065,567
15--10841,2015/09/12,8:11 PM,CLEGG ST btwn MARLOWE CRES & END (__3ZA40B),__3ZA40B,01 - Non intersection,02 - Non-fatal injury,07 - SMV other,02 - Rain,07 - Dark,02 - Wet,10 - No control,,1,0,0,0,01 - Minimal,1,1,,,,369450.8243,5030028.984,45.40721183,-75.67409193,568
15--10842,2015/09/12,8:17 PM,HAZELDEAN RD btwn 246 E OF CASTLEFRANK RD & IRWIN GT (__3ZA41NB),__3ZA41NB,04 - At/near private drive,03 - P.D. only,99 - Other,02 - Rain,07 - Dark,02 - Wet,10 - No control,,2,0,0,0,,0,,,,,353076.4065,5018026.784,45.30053527,-75.88443129,569
15--10843,2015/09/12,8:28 AM,ISLAND PARK DR @ MERIVALE RD (0002103),2103,02 - Intersection related,03 - P.D. only,03 - Rear end,02 - Rain,01 - Daylight,02 - Wet,01 - Traffic signal,01 - Functioning,3,0,0,0,,0,,,,,364650.8219,5028022.248,45.38958254,-75.73564928,570
15--10844,2015/09/12,8:38 AM,BELFAST RD @ ST. LAURENT BLVD (0007658),7658,03 - At intersection,02 - Non-fatal injury,05 - Turning movement,02 - Rain,01 - Daylight,02 - Wet,01 - Traffic signal,01 - Functioning,2,0,0,0,02 - Minor,2,1,1,,,372860.7241,5030578.202,45.41183017,-75.63045988,571
15--10845,2015/09/12,8:41 PM,REGIONAL ROAD 174 btwn OR174 IC109 RAMP64 & OR174 IC105 RAMP16 (__3ZA2XD),__3ZA2XD,01 - Non intersection,03 - P.D. only,07 - SMV other,02 - Rain,07 - Dark,02 - Wet,10 - No control,,1,0,0,0,,0,,,,,377076.5213,5035705.667,45.45754116,-75.57585317,572
15--10846,2015/09/12,8:49 AM,WOODROFFE AVE @ HWY 417 WOODROFF IC127R26/HWY4 (0002355),2355,02 - Intersection related,03 - P.D. only,03 - Rear end,02 - Rain,01 - Daylight,02 - Wet,01 - Traffic signal,01 - Functioning,2,0,0,0,,0,,,,,362081.9662,5024939.157,45.36205602,-75.76881083,573
15--10847,2015/09/12,9:20 AM,HUNT CLUB RD @ RIVERSIDE DR (0002237),2237,02 - Intersection related,03 - P.D. only,03 - Rear end,02 - Rain,01 - Daylight,02 - Wet,01 - Traffic signal,01 - Functioning,2,0,0,0,,0,,,,,368035.9823,5021944.417,45.33459821,-75.69319953,574
15--10848,2015/09/12,9:30 AM,HWY417 IC124 RAMP67 btwn CARLING AVE & HIGHWAY 417 (__3ZAYA7),__3ZAYA7,01 - Non intersection,03 - P.D. only,03 - Rear end,02 - Rain,01 - Daylight,02 - Wet,10 - No control,,2,0,0,0,,0,,,,,364452.6864,5027614.703,45.38593243,-75.73822869,575
15--10849,2015/09/12,9:41 PM,DALHOUSIE ST btwn YORK ST & GEORGE ST (__3ZBOX1),__3ZBOX1,01 - Non intersection,03 - P.D. only,03 - Rear end,02 - Rain,07 - Dark,02 - Wet,10 - No control,,3,0,0,0,,0,,,,,368101.635,5032409.139,45.42875099,-75.69102018,576
15--1085,2015/01/16,8:24 AM,PRINCE OF WALES DR btwn FALLOWFIELD RD & AMBERWOOD CRES (__3ZA27I),__3ZA27I,01 - Non intersection,03 - P.D. only,07 - SMV other,03 - Snow,01 - Daylight,03 - Loose snow,10 - No control,,1,0,0,0,,0,,,,,367398.7461,5019186.229,45.30983761,-75.7016776,577
15--10850,2015/09/13,1:18 PM,HUNT CLUB RD @ RIVERSIDE DR (0002237),2237,02 - Intersection related,03 - P.D. only,03 - Rear end,02 - Rain,01 - Daylight,02 - Wet,01 - Traffic signal,01 - Functioning,2,0,0,0,,0,,,,,368036.703,5021945.138,45.33460464,-75.69319025,578
15--10851,2015/09/13,1:19 PM,QUEEN MARY ST @ VANIER PKWY (0007648),7648,02 - Intersection related,03 - P.D. only,03 - Rear end,02 - Rain,01 - Daylight,02 - Wet,01 - Traffic signal,01 - Functioning,2,0,0,0,,0,,,,,370362.9898,5031957.945,45.42448301,-75.66218372,579