Anom_ID,Accident_Date,Accident_Time,Location,Geo_ID,Accident_Location,Classification_of_Accident,Initial_Impact_Type,Environment_Condition,Light,Road_Surface_Condition,Traffic_Control,Traffic_Control_Condition,No__of_Vehicles,No__of_Bicycles,No__of_Motorcycles,No__of_Pedestrians,Max_Injury,No__of_Injuries,No__of_Minimal,No__of_Minor,No__of_Major,No__of_Fatal,X,Y,Latitude,Longitude,ObjectId
15--10852,2015/09/13,1:35 AM,DWYER HILL RD btwn GOLF CLUB WAY & CRAWFORD SIDE RD (__7JQ7LS),__7JQ7LS,01 - Non intersection,03 - P.D. only,07 - SMV other,02 - Rain,07 - Dark,02 - Wet,10 - No control,,1,0,0,0,,0,,,,,341946.6246,5006180.884,45.1946163,-76.02722579,580
15--10853,2015/09/13,1:51 PM,BLAIR RD btwn BEAVERPOND DR & INNES RD (__3ZA2EZ),__3ZA2EZ,01 - Non intersection,03 - P.D. only,03 - Rear end,01 - Clear,01 - Daylight,02 - Wet,10 - No control,,2,0,0,0,,0,,,,,375559.9962,5031488.204,45.41975015,-75.5958477,581
15--10854,2015/09/13,11:32 PM,UPLANDS DR btwn RATAN CRT & ROYALTON PRIV (__3ZA1KZ),__3ZA1KZ,01 - Non intersection,03 - P.D. only,06 - SMV unattended vehicle,02 - Rain,07 - Dark,02 - Wet,10 - No control,,1,0,0,0,,0,,,,,369161.5392,5023569.415,45.34911722,-75.6786291,582
15--10855,2015/09/13,11:49 AM,COLONEL BY DR @ SENECA ST (0006907),6907,02 - Intersection related,02 - Non-fatal injury,03 - Rear end,02 - Rain,01 - Daylight,02 - Wet,02 - Stop sign,00 - Unknown,2,0,0,0,01 - Minimal,3,3,,,,368071.526,5028522.197,45.39378026,-75.69190385,583
15--10856,2015/09/13,11:53 AM,BRONSON AVE btwn UNIVERSITY RD & BREWER WAY (__3ZA3BT),__3ZA3BT,01 - Non intersection,02 - Non-fatal injury,03 - Rear end,02 - Rain,01 - Daylight,02 - Wet,10 - No control,,2,0,0,0,01 - Minimal,1,1,,,,367997.6651,5027960.016,45.38872859,-75.6929191,584
15--10857,2015/09/13,Unknown,KINGSTON AVE btwn MERIVALE RD & PRINCE ST (__3ZA0D1),__3ZA0D1,01 - Non intersection,03 - P.D. only,06 - SMV unattended vehicle,02 - Rain,00 - Unknown,02 - Wet,10 - No control,,1,0,0,0,,0,,,,,365009.9958,5026337.96,45.37439685,-75.73126813,585
15--10858,2015/09/13,12:04 AM,ELGIN ST @ SLATER ST (0002228),2228,03 - At intersection,02 - Non-fatal injury,02 - Angle,02 - Rain,07 - Dark,02 - Wet,01 - Traffic signal,01 - Functioning,2,0,0,0,02 - Minor,3,2,1,,,367890.7077,5031646.935,45.42191199,-75.69381314,586
15--10859,2015/09/13,12:22 AM,ELGIN ST @ WELLINGTON ST W (0002113),2113,03 - At intersection,03 - P.D. only,07 - SMV other,02 - Rain,07 - Dark,02 - Wet,01 - Traffic signal,01 - Functioning,1,0,0,0,,0,,,,,367664.4014,5031879.728,45.42402696,-75.69667494,587
15--1086,2015/01/16,8:26 AM,HOCHELAGA ST @ MONTREAL RD (0007649),7649,02 - Intersection related,03 - P.D. only,03 - Rear end,03 - Snow,01 - Daylight,05 - Packed snow,02 - Stop sign,00 - Unknown,2,0,0,0,,0,,,,,372971.5751,5034470.283,45.4468384,-75.62850503,588
15--10860,2015/09/13,2:13 PM,RIVER RD btwn TEWSLEY DR & RIVERSEDGE CRES (__7N307P),__7N307P,01 - Non intersection,03 - P.D. only,03 - Rear end,01 - Clear,01 - Daylight,02 - Wet,10 - No control,,2,0,0,0,,0,,,,,368000.6458,5015847.724,45.27974428,-75.69442777,589
15--10861,2015/09/13,2:27 PM,DONALD ST @ ST. LAURENT BLVD (0008630),8630,03 - At intersection,03 - P.D. only,02 - Angle,02 - Rain,01 - Daylight,02 - Wet,01 - Traffic signal,01 - Functioning,2,0,0,0,,0,,,,,372093.7129,5032472.225,45.42894591,-75.63999936,590
15--10862,2015/09/13,2:38 PM,HIGHWAY 417 btwn HWY417 IC144 RAMP35 & HWY417 IC144 RAMP25 (__3ZA2QT),__3ZA2QT,01 - Non intersection,03 - P.D. only,03 - Rear end,02 - Rain,01 - Daylight,02 - Wet,10 - No control,,2,0,0,0,,0,,,,,347463.1614,5015866.999,45.28146406,-75.95618765,591
15--10863,2015/09/13,3:03 PM,BANK ST btwn ST. PAUL AVE & KITCHENER AVE (__3ZA4TR),__3ZA4TR,01 - Non intersection,03 - P.D. only,03 - Rear end,01 - Clear,01 - Daylight,02 - Wet,10 - No control,,3,0,0,0,,0,,,,,370523.8373,5025533.565,45.3666637,-75.66098439,592
15--10864,2015/09/13,3:04 PM,ANDERSON RD @ INNES RD (0004200),4200,02 - Intersection related,03 - P.D. only,03 - Rear end,01 - Clear,01 - Daylight,01 - Dry,01 - Traffic signal,01 - Functioning,2,0,0,0,,0,,,,,376281.4618,5031841.924,45.42285937,-75.58657886,593
15--10865,2015/09/13,3:20 PM,INNES RD @ 260 E OF BELCOURT BLVD/WALMART SC (0012533),12533,02 - Intersection related,03 - P.D. only,03 - Rear end,01 - Clear,01 - Daylight,01 - Dry,01 - Traffic signal,01 - Functioning,2,0,0,0,,0,,,,,382347.1714,5035397.936,45.45420738,-75.50851957,594
15--10866,2015/09/13,3:43 PM,BANK ST @ CHAMBERLAIN AVE N/ISABELLA ST (0002132),2132,03 - At intersection,03 - P.D. only,05 - Turning movement,01 - Clear,01 - Daylight,02 - Wet,01 - Traffic signal,01 - Functioning,2,0,0,0,,0,,,,,368081.9914,5030165.481,45.40856508,-75.69155935,595
15--10867,2015/09/13,3:50 PM,YORK ST WB btwn BYWARD MARKE SQ & SUSSEX DR (__3ZA1B0),__3ZA1B0,01 - Non intersection,03 - P.D. only,04 - Sideswipe,01 - Clear,01 - Daylight,01 - Dry,10 - No control,,2,0,0,0,,0,,,,,367822.2009,5032276.747,45.42758501,-75.69460786,596
15--10868,2015/09/13,3:53 AM,ALBION RD @ FINDLAY CREEK DR (0013587),13587,02 - Intersection related,03 - P.D. only,03 - Rear end,02 - Rain,07 - Dark,02 - Wet,01 - Traffic signal,01 - Functioning,2,0,0,0,,0,,,,,374010.0249,5019208.054,45.30941359,-75.61737042,597
15--10869,2015/09/13,4:00 PM,STRANDHERD DR btwn CLARIDGE DR & BEATRICE DR (__3ZAZIB),__3ZAZIB,01 - Non intersection,03 - P.D. only,04 - Sideswipe,01 - Clear,01 - Daylight,01 - Dry,10 - No control,,2,0,0,0,,0,,,,,364967.8362,5015384.585,45.27584306,-75.73313734,598
15--1087,2015/01/16,8:27 AM,BEARBROOK RD @ CENTREPARK DR N (0003624),3624,03 - At intersection,03 - P.D. only,02 - Angle,03 - Snow,01 - Daylight,04 - Slush,02 - Stop sign,01 - Functioning,2,0,0,0,,0,,,,,377788.6717,5033366.162,45.43641785,-75.5670957,599
15--10870,2015/09/13,4:45 AM,MERIVALE RD btwn RAVEN AVE & LAROSE AVE (__3ZA30G),__3ZA30G,01 - Non intersection,03 - P.D. only,07 - SMV other,02 - Rain,07 - Dark,02 - Wet,10 - No control,,1,0,0,0,,0,,,,,364846.5638,5026962.638,45.38003162,-75.7332786,600
15--10871,2015/09/13,4:48 PM,TERRY FOX DR @ FERNBANK RD (0011863),11863,03 - At intersection,02 - Non-fatal injury,02 - Angle,01 - Clear,01 - Daylight,01 - Dry,01 - Traffic signal,01 - Functioning,2,0,0,0,02 - Minor,2,,2,,,354303.2749,5015130.744,45.27439067,-75.86907749,601
15--10872,2015/09/13,7:00 PM,ARGYLE AVE btwn ELGIN ST & CARTIER ST (__3ZA9TT),__3ZA9TT,01 - Non intersection,03 - P.D. only,06 - SMV unattended vehicle,02 - Rain,05 - Dusk,02 - Wet,10 - No control,,1,0,0,0,,0,,,,,368596.6524,5030698.78,45.4133168,-75.68491609,602
15--10873,2015/09/13,7:30 PM,CORKERY RD btwn MARCH RD & MANION RD (__3ZACCH),__3ZACCH,01 - Non intersection,03 - P.D. only,07 - SMV other,02 - Rain,07 - Dark,02 - Wet,10 - No control,,1,0,0,0,,0,,,,,337384.4888,5014644.225,45.27100029,-76.0847333,603
15--10874,2015/09/13,8:03 AM,AMBLESIDE DR btwn MCEWEN AVE & NEW ORCHARD AVE (__3ZAZQV),__3ZAZQV,01 - Non intersection,03 - P.D. only,06 - SMV unattended vehicle,02 - Rain,01 - Daylight,02 - Wet,10 - No control,,1,0,0,0,,0,,,,,361202.1258,5026195.103,45.37342828,-75.77989748,604
15--10875,2015/09/13,8:58 PM,ST. LAURENT BLVD @ SUSAN ST (0008913),8913,02 - Intersection related,03 - P.D. only,03 - Rear end,02 - Rain,07 - Dark,02 - Wet,02 - Stop sign,01 - Functioning,2,0,0,0,,0,,,,,373827.4645,5028231.545,45.39062138,-75.61843876,605
15--10876,2015/09/14,1:46 PM,CARP RD @ ROTHBOURNE RD (0002007),2007,02 - Intersection related,02 - Non-fatal injury,03 - Rear end,01 - Clear,01 - Daylight,01 - Dry,02 - Stop sign,00 - Unknown,2,0,0,0,01 - Minimal,1,1,,,,348253.5717,5014875.796,45.27249644,-75.94619981,606
15--10877,2015/09/14,10:07 AM,BANK ST @ ERIE AVE (0006828),6828,03 - At intersection,03 - P.D. only,05 - Turning movement,01 - Clear,01 - Daylight,01 - Dry,01 - Traffic signal,01 - Functioning,3,0,0,0,,0,,,,,370136.162,5026479.166,45.37520816,-75.66580776,607
15--10878,2015/09/14,10:41 AM,DALHOUSIE ST btwn YORK ST & GEORGE ST (__3ZBOX1),__3ZBOX1,04 - At/near private drive,03 - P.D. only,02 - Angle,01 - Clear,01 - Daylight,01 - Dry,10 - No control,,2,0,0,0,,0,,,,,368123.4554,5032369.553,45.42839283,-75.69074644,608
15--10879,2015/09/14,10:56 AM,OTTAWA RIVER PKWY WB btwn TUNNEY'S PASTURE/REMIC RAPIDS ENT & PARKDALE (__3ZA24KA),__3ZA24KA,01 - Non intersection,02 - Non-fatal injury,07 - SMV other,01 - Clear,01 - Daylight,01 - Dry,10 - No control,,1,0,0,0,02 - Minor,1,,1,,,363525.7172,5029848.816,45.40611292,-75.74979921,609
15--1088,2015/01/16,8:45 AM,AVIATION PKWY @ AVIATION/ROCKCLIFFE PKWY WB ON (0002033),2033,02 - Intersection related,03 - P.D. only,02 - Angle,01 - Clear,01 - Daylight,02 - Wet,02 - Stop sign,01 - Functioning,2,0,0,0,,0,,,,,371684.6351,5035492.088,45.45615643,-75.64481627,610
15--10880,2015/09/14,11:31 AM,CHARLEMAGNE BLVD @ GARDENWAY DR/BOTTRIELL WAY  (0003748),3748,03 - At intersection,03 - P.D. only,05 - Turning movement,01 - Clear,01 - Daylight,01 - Dry,01 - Traffic signal,01 - Functioning,2,0,0,0,,0,,,,,384050.3436,5037035.295,45.46874776,-75.4864831,611
15--10881,2015/09/14,11:40 PM,EDGECLIFFE AVE btwn CALDWELL AVE & CAVAN ST (__3ZA14C),__3ZA14C,01 - Non intersection,03 - P.D. only,06 - SMV unattended vehicle,01 - Clear,07 - Dark,01 - Dry,10 - No control,,1,0,0,0,,0,,,,,364493.7775,5026357.511,45.37461693,-75.737856,612
15--10882,2015/09/14,11:50 AM,MAJESTIC DR @ WOODROFFE AVE (0000562),562,02 - Intersection related,03 - P.D. only,03 - Rear end,01 - Clear,01 - Daylight,01 - Dry,01 - Traffic signal,01 - Functioning,2,0,0,0,,0,,,,,363526.9727,5021571.132,45.33163129,-75.75076719,613
15--10883,2015/09/14,Unknown,IRISH ROSE CRES btwn HERITAGE GLEN DR & HERITAGE GLEN DR (__3ZAZ2T),__3ZAZ2T,01 - Non intersection,03 - P.D. only,06 - SMV unattended vehicle,01 - Clear,00 - Unknown,02 - Wet,10 - No control,,1,0,0,0,,0,,,,,365666.4498,5015553.97,45.27730706,-75.72421328,614
15--10884,2015/09/14,Unknown,DUROCHER ST btwn DESCHAMPS AVE & ST. PAUL ST (__3ZA8TM),__3ZA8TM,01 - Non intersection,03 - P.D. only,06 - SMV unattended vehicle,01 - Clear,00 - Unknown,01 - Dry,10 - No control,,1,0,0,0,,0,,,,,370024.4793,5033297.267,45.43656532,-75.66633161,615
15--10885,2015/09/14,12:30 PM,GREY NUNS DR @ ST. JOSEPH BLVD (0003642),3642,03 - At intersection,03 - P.D. only,05 - Turning movement,01 - Clear,01 - Daylight,01 - Dry,01 - Traffic signal,01 - Functioning,2,0,0,0,,0,,,,,380155.0147,5036665.509,45.46585185,-75.5363491,616
15--10886,2015/09/14,2:19 PM,CARLING AVE @ HOLLAND AVE (0002146),2146,03 - At intersection,03 - P.D. only,04 - Sideswipe,01 - Clear,01 - Daylight,01 - Dry,01 - Traffic signal,01 - Functioning,2,0,0,0,,0,,,,,365416.6987,5028038.186,45.38966008,-75.72586726,617
15--10887,2015/09/14,2:59 AM,JEANNE D'ARC BLVD btwn WILLOW AVE & VINETTE CRES (__3ZA7K5),__3ZA7K5,01 - Non intersection,03 - P.D. only,07 - SMV other,02 - Rain,07 - Dark,02 - Wet,10 - No control,,1,0,0,0,,0,,,,,381723.6584,5038904.252,45.48582316,-75.51594146,618
15--10888,2015/09/14,3:08 PM,BRONSON AVE @ GLADSTONE AVE (0002110),2110,02 - Intersection related,03 - P.D. only,03 - Rear end,01 - Clear,01 - Daylight,01 - Dry,01 - Traffic signal,01 - Functioning,2,0,0,0,,0,,,,,367134.4224,5030080.483,45.40788533,-75.7036743,619
15--10889,2015/09/14,3:48 PM,ST. LAURENT BLVD @ THURSTON DR (0008255),8255,03 - At intersection,02 - Non-fatal injury,05 - Turning movement,01 - Clear,01 - Daylight,01 - Dry,02 - Stop sign,01 - Functioning,2,1,0,0,02 - Minor,1,,1,,,373689.1981,5027496.947,45.38402541,-75.62030691,620
15--10624,2015/09/07,8:44 PM,ISABELLA ST/HWY 417 O'CONN IC119BR57 @ O'CONNO (0001698),1698,02 - Intersection related,03 - P.D. only,07 - SMV other,02 - Rain,07 - Dark,02 - Wet,01 - Traffic signal,00 - Unknown,1,0,0,0,,0,,,,,368297.7045,5030308.485,45.40983225,-75.68878543,621
15--10625,2015/09/07,9:09 PM,MERIVALE RD @ CAPILANO DR/WITHROW AVE (0009820),9820,02 - Intersection related,03 - P.D. only,03 - Rear end,02 - Rain,07 - Dark,02 - Wet,01 - Traffic signal,01 - Functioning,3,0,0,0,,0,,,,,364642.429,5024228.58,45.35544846,-75.73621609,622
15--10266,2015/08/27,7:14 PM,ALBION RD    S btwn TURN LANE & ALBION RD (__3ZA9WD),__3ZA9WD,04 - At/near private drive,03 - P.D. only,02 - Angle,01 - Clear,05 - Dusk,01 - Dry,10 - No control,,2,0,0,0,,0,,,,,371930.7721,5024166.82,45.35423287,-75.64321141,623
15--10626,2015/09/07,9:23 AM,LAPORTE ST btwn EAST ACRES RD & BEAVERHILL DR (__3ZA40Y),__3ZA40Y,01 - Non intersection,03 - P.D. only,06 - SMV unattended vehicle,01 - Clear,01 - Daylight,01 - Dry,10 - No control,,1,0,0,0,,0,,,,,375865.6753,5034196.718,45.44408878,-75.59155139,624
15--10267,2015/08/27,7:15 AM,9TH LINE RD @ VICTORIA ST (0001624),1624,03 - At intersection,03 - P.D. only,03 - Rear end,01 - Clear,01 - Daylight,01 - Dry,02 - Stop sign,00 - Unknown,2,0,0,0,,0,,,,,387131.2434,5012224.115,45.24516159,-75.45122087,625
15--10627,2015/09/08,1:00 AM,SUSSEX DR btwn BOLTON ST & BOTELER ST (__3ZA3U0),__3ZA3U0,01 - Non intersection,02 - Non-fatal injury,07 - SMV other,01 - Clear,07 - Dark,01 - Dry,10 - No control,,1,0,0,0,01 - Minimal,1,1,,,,367447.7774,5032920.341,45.43340949,-75.69931046,626
15--10268,2015/08/27,7:24 PM,JEANNE D'ARC BLVD @ FORTUNE DR/VINEYARD DR (0004393),4393,03 - At intersection,02 - Non-fatal injury,05 - Turning movement,01 - Clear,01 - Daylight,01 - Dry,01 - Traffic signal,01 - Functioning,2,1,0,0,02 - Minor,1,,1,,,379239.1457,5037381.531,45.47239227,-75.54795127,627
15--10628,2015/09/08,1:10 PM,DALY AVE btwn MACKENZIE AVE & NICHOLAS ST (__3ZA8JX),__3ZA8JX,01 - Non intersection,03 - P.D. only,03 - Rear end,01 - Clear,01 - Daylight,01 - Dry,10 - No control,,2,0,0,0,,0,,,,,368210.4037,5032034.682,45.4253719,-75.68967849,628
15--10269,2015/08/27,7:56 PM,RICHMOND RD @ STINSON AVE (0001130),1130,02 - Intersection related,03 - P.D. only,03 - Rear end,01 - Clear,01 - Daylight,01 - Dry,01 - Traffic signal,01 - Functioning,2,0,0,0,,0,,,,,357874.3811,5020928.12,45.32629569,-75.82294599,629
15--10084,2015/08/23,4:47 AM,ESCADE DR @ LEIKIN DR (0009769),9769,02 - Intersection related,03 - P.D. only,07 - SMV other,01 - Clear,07 - Dark,01 - Dry,02 - Stop sign,00 - Unknown,1,0,0,0,,0,,,,,366778.7868,5016801.963,45.28843922,-75.70988122,630
15--10629,2015/09/08,1:22 PM,INDUSTRIAL AVE/INNES RD @ ST. LAURENT BLVD (0002203),2203,02 - Intersection related,03 - P.D. only,04 - Sideswipe,01 - Clear,01 - Daylight,01 - Dry,01 - Traffic signal,01 - Functioning,2,0,0,0,,0,,,,,373099.7274,5030005.206,45.40665134,-75.62748613,631
15--1027,2015/01/16,12:14 AM,ST. LAURENT BLVD/DUNBARTON CRT @ BRITTANY DR (0007139),7139,03 - At intersection,03 - P.D. only,07 - SMV other,03 - Snow,07 - Dark,03 - Loose snow,01 - Traffic signal,01 - Functioning,1,0,0,0,,0,,,,,371329.789,5034335.149,45.44578073,-75.64950929,632
15--10085,2015/08/23,5:05 AM,PERTH ST btwn FORTUNE ST & TARRYN TER (__3ZA42X),__3ZA42X,01 - Non intersection,03 - P.D. only,07 - SMV other,01 - Clear,07 - Dark,01 - Dry,10 - No control,,1,0,0,0,,0,,,,,356366.6312,5005910.146,45.19127299,-75.84373721,633
15--10086,2015/08/23,5:20 AM,MONTREAL RD @ NORTH RIVER RD (0009805),9805,03 - At intersection,03 - P.D. only,07 - SMV other,01 - Clear,07 - Dark,01 - Dry,01 - Traffic signal,01 - Functioning,1,0,0,0,,0,,,,,369739.7087,5032887.675,45.43290649,-75.67002506,634
15--10087,2015/08/23,6:53 PM,RUSKIN ST btwn MACFARLANE AVE & MELROSE AVE (__3ZA0YI),__3ZA0YI,01 - Non intersection,03 - P.D. only,05 - Turning movement,01 - Clear,01 - Daylight,01 - Dry,10 - No control,,2,0,0,0,,0,,,,,365683.5561,5028530.449,45.3940662,-75.72239881,635
15--10088,2015/08/23,6:55 AM,NAVAHO DR @ WOODROFFE AVE/TRANSITWAY N BASELIN (0010359),10359,03 - At intersection,02 - Non-fatal injury,07 - SMV other,01 - Clear,01 - Daylight,01 - Dry,01 - Traffic signal,01 - Functioning,1,0,0,0,02 - Minor,1,,1,,,362706.7511,5023493.811,45.34899959,-75.76100558,636
15--10089,2015/08/23,7:42 PM,MERIVALE RD @ SHILLINGTON AVE (0011308),11308,03 - At intersection,03 - P.D. only,02 - Angle,01 - Clear,01 - Daylight,01 - Dry,01 - Traffic signal,01 - Functioning,2,0,0,0,,0,,,,,364843.9735,5026809.178,45.37865103,-75.73333034,637
15--1009,2015/01/16,1:25 PM,DONALD ST btwn VANIER PKWY & VERA ST (__3ZA8ZY),__3ZA8ZY,04 - At/near private drive,03 - P.D. only,03 - Rear end,01 - Clear,01 - Daylight,01 - Dry,10 - No control,,2,0,0,0,,0,,,,,370380.965,5032279.256,45.42737235,-75.66191126,638
15--10090,2015/08/23,8:00 PM,AIRPORT PKWY @ HUNT CLUB RD (0010856),10856,03 - At intersection,03 - P.D. only,02 - Angle,01 - Clear,05 - Dusk,01 - Dry,01 - Traffic signal,01 - Functioning,2,0,0,0,,0,,,,,371019.2487,5023701.917,45.35013649,-75.65490615,639
15--10091,2015/08/23,8:22 PM,RAMSAYVILLE RD btwn RUSSELL RD & RUSSELL RD (__3ZA2CL),__3ZA2CL,01 - Non intersection,03 - P.D. only,04 - Sideswipe,01 - Clear,07 - Dark,01 - Dry,10 - No control,,2,0,0,0,,0,,,,,377861.3436,5026702.429,45.37645407,-75.56715441,640
15--10092,2015/08/23,8:31 AM,RICHMOND RD btwn FALLOWFIELD RD & RUSHMORE RD (__3ZAB47),__3ZAB47,01 - Non intersection,03 - P.D. only,07 - SMV other,01 - Clear,01 - Daylight,01 - Dry,10 - No control,,1,0,0,0,,0,,,,,357873.1855,5013186.439,45.25663508,-75.82378958,641
15--10093,2015/08/23,8:53 PM,MCCORDICK RD btwn ROGER STEVENS DR & CHURCH ST (__3ZABM6),__3ZABM6,01 - Non intersection,03 - P.D. only,06 - SMV unattended vehicle,01 - Clear,05 - Dusk,01 - Dry,10 - No control,,1,0,0,0,,0,,,,,364968.813,4997990.07,45.11932525,-75.73522451,642
15--10094,2015/08/23,9:06 PM,PRINCE OF WALES DR @ WEST HUNT CLUB RD (0000567),567,03 - At intersection,02 - Non-fatal injury,05 - Turning movement,01 - Clear,07 - Dark,01 - Dry,01 - Traffic signal,01 - Functioning,2,0,0,0,02 - Minor,1,,1,,,367458.5301,5021891.413,45.3341731,-75.70057298,643
15--10095,2015/08/23,9:16 PM,ALBERT ST btwn PRESTON ST & Continuation of ALBERT ST (__3ZA33O),__3ZA33O,01 - Non intersection,02 - Non-fatal injury,05 - Turning movement,01 - Clear,07 - Dark,01 - Dry,10 - No control,,2,0,0,0,01 - Minimal,2,2,,,,366179.3751,5030476.056,45.41152899,-75.71582467,644
15--10096,2015/08/24,1:26 PM,ANDERSON RD @ RIDGE RD (0003631),3631,03 - At intersection,02 - Non-fatal injury,02 - Angle,02 - Rain,01 - Daylight,02 - Wet,02 - Stop sign,01 - Functioning,2,0,0,0,02 - Minor,4,,4,,,379028.316,5028509.613,45.39259135,-75.55198481,645
15--10097,2015/08/24,1:28 PM,AYLMER AVE @ BANK ST (0007222),7222,02 - Intersection related,03 - P.D. only,03 - Rear end,02 - Rain,01 - Daylight,02 - Wet,01 - Traffic signal,01 - Functioning,2,0,0,0,,0,,,,,368672.1915,5028730.811,45.39560277,-75.684206,646
15--10098,2015/08/24,1:30 PM,CHAPMAN MILLS DR/TRANSITWAY SOUTHWEST @ WOODROFFE AVE (0013563),13563,02 - Intersection related,03 - P.D. only,04 - Sideswipe,01 - Clear,01 - Daylight,01 - Dry,01 - Traffic signal,01 - Functioning,2,0,0,0,,0,,,,,366177.0901,5015219.37,45.27425195,-75.71774677,647
15--10099,2015/08/24,1:31 PM,ALBION RD @ BANK ST (0012409),12409,03 - At intersection,02 - Non-fatal injury,02 - Angle,01 - Clear,01 - Daylight,02 - Wet,01 - Traffic signal,01 - Functioning,2,1,0,0,01 - Minimal,1,1,,,,371947.2304,5024130.161,45.35390145,-75.64300636,648
15--101,2015/01/03,7:00 PM,CYRVILLE RD @ INNES RD (0009352),9352,02 - Intersection related,03 - P.D. only,03 - Rear end,03 - Snow,07 - Dark,05 - Packed snow,01 - Traffic signal,01 - Functioning,2,0,0,0,,0,,,,,375047.7247,5031120.046,45.41648928,-75.60244504,649
15--1010,2015/01/16,1:35 PM,HIGHWAY 417 btwn HWY417 IC124 RAMP67 & HWY417 IC123 RAMP62 (__3ZA2YZ),__3ZA2YZ,01 - Non intersection,03 - P.D. only,03 - Rear end,01 - Clear,01 - Daylight,01 - Dry,10 - No control,,2,0,0,0,,0,,,,,364768.5058,5028058.924,45.38990248,-75.73414203,650
15--10100,2015/08/24,1:58 PM,AMIENS ST @ TENTH LINE RD (0004168),4168,02 - Intersection related,03 - P.D. only,03 - Rear end,02 - Rain,01 - Daylight,02 - Wet,01 - Traffic signal,01 - Functioning,2,0,0,0,,0,,,,,383352.7279,5037567.865,45.47361815,-75.49531824,651
15--10101,2015/08/24,10:21 AM,HERON RD @ ALTA VISTA DR (0007188),7188,03 - At intersection,03 - P.D. only,05 - Turning movement,01 - Clear,01 - Daylight,01 - Dry,01 - Traffic signal,01 - Functioning,2,0,0,0,,0,,,,,370492.7224,5026901.456,45.37897445,-75.66119962,652
15--10102,2015/08/24,Unknown,SPADINA AVE btwn SOMERSET ST W & LAUREL ST (__3ZAAHG),__3ZAAHG,01 - Non intersection,03 - P.D. only,06 - SMV unattended vehicle,01 - Clear,00 - Unknown,01 - Dry,10 - No control,,1,0,0,0,,0,,,,,365792.2758,5029679.638,45.40439687,-75.72086827,653
15--10103,2015/08/24,12:00 PM,BYRON AVE @ ISLAND PARK DR (0006365),6365,02 - Intersection related,03 - P.D. only,03 - Rear end,01 - Clear,01 - Daylight,01 - Dry,01 - Traffic signal,01 - Functioning,2,0,0,0,,0,,,,,364256.4107,5028603.912,45.39484984,-75.74061575,654
15--10104,2015/08/24,12:10 PM,INNES RD @ STAR TOP RD/WINDMILL LANE (0008734),8734,02 - Intersection related,03 - P.D. only,03 - Rear end,01 - Clear,01 - Daylight,01 - Dry,01 - Traffic signal,01 - Functioning,2,0,0,0,,0,,,,,374148.4465,5030666.921,45.412502,-75.61399749,655
15--10105,2015/08/24,12:24 PM,BELFAST RD @ ST. LAURENT BLVD (0007658),7658,03 - At intersection,02 - Non-fatal injury,04 - Sideswipe,01 - Clear,01 - Daylight,01 - Dry,01 - Traffic signal,01 - Functioning,2,0,0,0,01 - Minimal,2,2,,,,372860.0034,5030576.76,45.41181727,-75.63046929,656
15--10106,2015/08/24,12:25 PM,BRONSON AVE @ HOLMWOOD AVE (0007215),7215,02 - Intersection related,02 - Non-fatal injury,03 - Rear end,02 - Rain,01 - Daylight,02 - Wet,01 - Traffic signal,01 - Functioning,4,0,0,0,02 - Minor,2,,2,,,367701.4284,5028728.913,45.39567357,-75.69660387,657
15--10107,2015/08/24,2:00 PM,PARKDALE AVE/SPENCER ST @ OXFORD ST (0005645),5645,02 - Intersection related,03 - P.D. only,04 - Sideswipe,02 - Rain,01 - Daylight,02 - Wet,02 - Stop sign,01 - Functioning,2,0,0,0,,0,,,,,365059.6697,5029475.394,45.40262258,-75.73025088,658
15--10108,2015/08/24,2:12 PM,STRABY AVE btwn TELFORD AVE & MAY ST (__3ZA1NH),__3ZA1NH,01 - Non intersection,03 - P.D. only,07 - SMV other,02 - Rain,01 - Daylight,02 - Wet,10 - No control,,1,0,0,0,,0,,,,,371689.7915,5032762.492,45.43159634,-75.64512139,659
15--10109,2015/08/24,2:15 PM,SMYTH RD/OTHELLO AVE @ RUSSELL RD W (0007730),7730,02 - Intersection related,02 - Non-fatal injury,03 - Rear end,01 - Clear,01 - Daylight,01 - Dry,01 - Traffic signal,01 - Functioning,2,0,0,0,01 - Minimal,1,1,,,,373256.8395,5029373.01,45.40094778,-75.62556705,660
15--1011,2015/01/16,1:46 PM,BANTREE ST btwn OLD INNES RD & EDINBURGH PL (__3ZA78D),__3ZA78D,01 - Non intersection,03 - P.D. only,06 - SMV unattended vehicle,01 - Clear,01 - Daylight,04 - Slush,10 - No control,,1,0,0,0,,0,,,,,373851.257,5030088.903,45.40733066,-75.61787492,661
15--10110,2015/08/24,2:21 PM,BREWER RD @ BRONSON AVE (0002240),2240,02 - Intersection related,03 - P.D. only,03 - Rear end,01 - Clear,01 - Daylight,01 - Dry,01 - Traffic signal,01 - Functioning,2,0,0,0,,0,,,,,368107.5262,5027767.703,45.38698829,-75.6915409,662
15--10111,2015/08/24,2:30 PM,FRANK BENDER ST @ JEANNE D'ARC BLVD (0003635),3635,02 - Intersection related,03 - P.D. only,03 - Rear end,02 - Rain,01 - Daylight,02 - Wet,01 - Traffic signal,01 - Functioning,2,0,0,0,,0,,,,,381871.7646,5035883.828,45.45863163,-75.51452084,663