Anom_ID,Accident_Date,Accident_Time,Location,Geo_ID,Accident_Location,Classification_of_Accident,Initial_Impact_Type,Environment_Condition,Light,Road_Surface_Condition,Traffic_Control,Traffic_Control_Condition,No__of_Vehicles,No__of_Bicycles,No__of_Motorcycles,No__of_Pedestrians,Max_Injury,No__of_Injuries,No__of_Minimal,No__of_Minor,No__of_Major,No__of_Fatal,X,Y,Latitude,Longitude,ObjectId
15--10112,2015/08/24,2:39 PM,VIEWMOUNT DR @ MERIVALE RD (0001528),1528,03 - At intersection,03 - P.D. only,02 - Angle,01 - Clear,01 - Daylight,01 - Dry,01 - Traffic signal,01 - Functioning,2,0,0,0,,0,,,,,365193.6971,5022948.856,45.34388642,-75.72933704,664
15--10113,2015/08/24,2:49 PM,WEST HUNT CLUB RD @ ROYDON PL/SUNDERLAND ST (0009775),9775,02 - Intersection related,02 - Non-fatal injury,03 - Rear end,01 - Clear,01 - Daylight,01 - Dry,01 - Traffic signal,01 - Functioning,2,0,0,0,02 - Minor,1,,1,,,365974.4283,5022170.571,45.33681587,-75.71947155,665
15--10114,2015/08/24,3:06 PM,ST. JOSEPH BLVD @ DUFORD DR/PLACE D'ORLEANS DR (0003629),3629,02 - Intersection related,02 - Non-fatal injury,03 - Rear end,01 - Clear,01 - Daylight,02 - Wet,01 - Traffic signal,01 - Functioning,2,0,0,0,01 - Minimal,1,1,,,,381996.0148,5037995.507,45.477617,-75.51260066,666
15--10115,2015/08/24,3:40 PM,PRINCE OF WALES DR @ WEST HUNT CLUB RD (0000567),567,02 - Intersection related,03 - P.D. only,03 - Rear end,01 - Clear,01 - Daylight,01 - Dry,01 - Traffic signal,01 - Functioning,3,0,0,0,,0,,,,,367457.9896,5021891.143,45.33417071,-75.70057991,667
15--10116,2015/08/24,3:53 PM,EAGLESON RD @ MICHAEL COWPLAND DR/STONEHAVEN D (0003544),3544,02 - Intersection related,03 - P.D. only,03 - Rear end,01 - Clear,01 - Daylight,01 - Dry,01 - Traffic signal,01 - Functioning,2,0,0,0,,0,,,,,354381.9674,5016622.346,45.28780691,-75.8679256,668
15--10117,2015/08/24,4:00 PM,HERON RD btwn ALTA VISTA DR & FINN CRT (__5RFC5O),__5RFC5O,01 - Non intersection,02 - Non-fatal injury,04 - Sideswipe,01 - Clear,01 - Daylight,01 - Dry,10 - No control,,2,0,0,0,02 - Minor,2,,2,,,370510.0197,5026903.618,45.37899228,-75.66097849,669
15--10118,2015/08/24,4:11 PM,NELSON ST @ RIDEAU ST (0007626),7626,03 - At intersection,02 - Non-fatal injury,07 - SMV other,01 - Clear,01 - Daylight,01 - Dry,01 - Traffic signal,01 - Functioning,1,0,0,1,02 - Minor,1,,1,,,368651.7018,5032497.87,45.42949936,-75.68397966,670
15--10119,2015/08/24,4:28 PM,DONALD ST @ ST. LAURENT BLVD (0008630),8630,02 - Intersection related,03 - P.D. only,03 - Rear end,01 - Clear,01 - Daylight,01 - Dry,01 - Traffic signal,01 - Functioning,2,0,0,0,,0,,,,,372092.699,5032473.852,45.42896064,-75.6400121,671
15--1012,2015/01/16,1:48 AM,TERMINAL AVE @ TRAINYARDS DR (0012245),12245,02 - Intersection related,03 - P.D. only,02 - Angle,03 - Snow,07 - Dark,05 - Packed snow,01 - Traffic signal,01 - Functioning,2,0,0,0,,0,,,,,371847.2617,5030814.479,45.41405392,-75.64337421,672
15--10120,2015/08/24,4:42 PM,HOLLAND AVE @ ISLAND PARK DR/N.C.C. DRIVEWAY (0010787),10787,03 - At intersection,03 - P.D. only,05 - Turning movement,01 - Clear,01 - Daylight,02 - Wet,01 - Traffic signal,01 - Functioning,2,0,0,0,,0,,,,,365425.6995,5027917.869,45.38857671,-75.7257671,673
15--10121,2015/08/24,4:46 PM,BANK ST btwn WILTON CRES & ECHO DR (__3ZA3NA),__3ZA3NA,01 - Non intersection,03 - P.D. only,03 - Rear end,01 - Clear,01 - Daylight,01 - Dry,10 - No control,,2,0,0,0,,0,,,,,368635.7544,5028822.156,45.39642799,-75.68465951,674
15--10122,2015/08/24,5:45 PM,KENNEVALE DR @ STRANDHERD DR (0010896),10896,02 - Intersection related,03 - P.D. only,02 - Angle,01 - Clear,01 - Daylight,01 - Dry,01 - Traffic signal,01 - Functioning,2,0,0,0,,0,,,,,361492.367,5014100.309,45.26457586,-75.77757653,675
15--10123,2015/08/24,5:45 PM,EMPRESS AVE btwn PRIMROSE AVE & SOMERSET ST W (__3ZA0WZ),__3ZA0WZ,01 - Non intersection,03 - P.D. only,06 - SMV unattended vehicle,01 - Clear,01 - Daylight,01 - Dry,10 - No control,,1,0,0,0,,0,,,,,366697.1803,5030445.623,45.41120956,-75.70921371,676
15--10124,2015/08/24,6:21 PM,MAJESTIC DR @ WOODROFFE AVE (0000562),562,02 - Intersection related,03 - P.D. only,03 - Rear end,01 - Clear,01 - Daylight,01 - Dry,01 - Traffic signal,01 - Functioning,2,0,0,0,,0,,,,,363528.2004,5021571.746,45.33163671,-75.75075145,677
15--10125,2015/08/24,6:42 AM,BANK ST @ LAURIER AVE (0002221),2221,03 - At intersection,02 - Non-fatal injury,05 - Turning movement,01 - Clear,01 - Daylight,01 - Dry,01 - Traffic signal,01 - Functioning,2,1,0,0,01 - Minimal,1,1,,,,367482.1417,5031265.228,45.41851424,-75.69908193,678
15--10126,2015/08/24,8:36 AM,PRINCE OF WALES DR @ WEST HUNT CLUB RD (0000567),567,02 - Intersection related,03 - P.D. only,03 - Rear end,01 - Clear,01 - Daylight,01 - Dry,01 - Traffic signal,01 - Functioning,2,0,0,0,,0,,,,,367457.6964,5021891.757,45.33417627,-75.70058357,679
15--10127,2015/08/24,9:00 AM,WILLIAM ST btwn CLARENCE ST & YORK ST (__3ZA816),__3ZA816,01 - Non intersection,03 - P.D. only,03 - Rear end,01 - Clear,01 - Daylight,01 - Dry,10 - No control,,2,0,0,0,,0,,,,,367955.3791,5032423.288,45.42889152,-75.69288729,680
15--10128,2015/08/24,9:52 AM,INNES RD @ STAR TOP RD/WINDMILL LANE (0008734),8734,02 - Intersection related,02 - Non-fatal injury,05 - Turning movement,01 - Clear,01 - Daylight,01 - Dry,01 - Traffic signal,01 - Functioning,2,0,0,0,02 - Minor,4,,4,,,374147.7258,5030665.479,45.4124891,-75.6140069,681
15--10129,2015/08/25,1:14 PM,CASTLEFRANK RD @ HAZELDEAN RD (0003608),3608,02 - Intersection related,03 - P.D. only,03 - Rear end,01 - Clear,01 - Daylight,01 - Dry,01 - Traffic signal,01 - Functioning,2,0,0,0,,0,,,,,352676.8642,5017676.009,45.29740625,-75.8895594,682
15--1013,2015/01/16,1:59 PM,PRINCE OF WALES DR btwn RIDEAU SHORE CRT & COLONNADE RD (__3ZBPHP),__3ZBPHP,04 - At/near private drive,03 - P.D. only,02 - Angle,01 - Clear,01 - Daylight,02 - Wet,10 - No control,,2,0,0,0,,0,,,,,367315.2106,5023450.943,45.34821824,-75.70220428,683
15--10130,2015/08/25,1:17 PM,GREENBANK RD btwn BASELINE RD & NE/OT BOUNDARY (__3ZA4MJ),__3ZA4MJ,01 - Non intersection,02 - Non-fatal injury,03 - Rear end,01 - Clear,01 - Daylight,01 - Dry,10 - No control,,2,0,0,0,01 - Minimal,1,1,,,,360604.7819,5022566.756,45.34082837,-75.78793296,684
15--10131,2015/08/25,10:05 PM,HAWTHORNE RD @ HUNT CLUB RD (0007651),7651,02 - Intersection related,03 - P.D. only,03 - Rear end,01 - Clear,07 - Dark,01 - Dry,01 - Traffic signal,01 - Functioning,2,0,0,0,,0,,,,,375508.4719,5026405.807,45.3740266,-75.59723448,685
15--10132,2015/08/25,10:11 PM,CARLING AVE @ PINECREST  RD/GREENVIEW AVE (0001630),1630,03 - At intersection,03 - P.D. only,05 - Turning movement,01 - Clear,07 - Dark,01 - Dry,01 - Traffic signal,01 - Functioning,2,0,0,0,,0,,,,,360006.6757,5024632.168,45.35946025,-75.79533361,686
15--10133,2015/08/25,10:44 AM,ELGIN ST @ SLATER ST (0002228),2228,02 - Intersection related,03 - P.D. only,03 - Rear end,01 - Clear,01 - Daylight,01 - Dry,01 - Traffic signal,01 - Functioning,2,0,0,0,,0,,,,,367890.3473,5031646.845,45.42191122,-75.69381775,687
15--10134,2015/08/25,Unknown,KIRKWOOD AVE btwn COLDREY AVE & LAPERRIERE AVE (__3ZA3AI),__3ZA3AI,01 - Non intersection,03 - P.D. only,06 - SMV unattended vehicle,01 - Clear,00 - Unknown,01 - Dry,10 - No control,,1,0,0,0,,0,,,,,364478.2337,5027051.869,45.38086597,-75.73797052,688
15--10135,2015/08/25,12:19 PM,BRIAN COBURN BLVD @ TENTH LINE RD (0013966),13966,02 - Intersection related,03 - P.D. only,03 - Rear end,01 - Clear,01 - Daylight,01 - Dry,01 - Traffic signal,01 - Functioning,2,0,0,0,,0,,,,,384428.3389,5035022.308,45.45059377,-75.48197576,689
15--10136,2015/08/25,12:30 PM,ST. CHARLES ST btwn LAVAL ST & GENEST ST (__3ZA8XH),__3ZA8XH,01 - Non intersection,03 - P.D. only,06 - SMV unattended vehicle,01 - Clear,01 - Daylight,01 - Dry,10 - No control,,1,0,0,0,,0,,,,,369550.7876,5033652.842,45.43980867,-75.6723387,690
15--10137,2015/08/25,12:30 PM,HWY417 IC131 RAMP55 btwn HIGHWAY 417 & HWY416 IC75B RAMP25 (__3ZAYG7),__3ZAYG7,01 - Non intersection,02 - Non-fatal injury,07 - SMV other,01 - Clear,01 - Daylight,01 - Dry,10 - No control,,1,0,0,0,02 - Minor,1,,1,,,358363.2277,5022758.768,45.34273083,-75.81651224,691
15--10138,2015/08/25,12:58 PM,BLAIR RD @ MEADOWBROOK RD (0004163),4163,02 - Intersection related,03 - P.D. only,03 - Rear end,01 - Clear,01 - Daylight,01 - Dry,01 - Traffic signal,01 - Functioning,2,0,0,0,,0,,,,,375194.2275,5032312.837,45.42720663,-75.60040297,692
15--10139,2015/08/25,3:00 PM,ST. LAURENT BLVD btwn DUNBARTON CRT & MONTREAL RD (__3ZA3RU),__3ZA3RU,01 - Non intersection,03 - P.D. only,03 - Rear end,01 - Clear,01 - Daylight,01 - Dry,10 - No control,,4,0,0,0,,0,,,,,371429.0983,5034103.768,45.44368941,-75.64827123,693
15--1014,2015/01/16,10:00 AM,GREENBANK RD @ JOCKVALE RD (0010360),10360,02 - Intersection related,02 - Non-fatal injury,03 - Rear end,01 - Clear,01 - Daylight,05 - Packed snow,01 - Traffic signal,01 - Functioning,2,0,0,0,01 - Minimal,1,1,,,,364123.6155,5014330.895,45.26643368,-75.7440222,694
15--10140,2015/08/25,3:15 PM,QUEEN MARY ST btwn VANIER PKWY & VERA ST (__3ZA8J1),__3ZA8J1,01 - Non intersection,03 - P.D. only,06 - SMV unattended vehicle,01 - Clear,01 - Daylight,01 - Dry,10 - No control,,1,0,0,0,,0,,,,,370426.9953,5031963.909,45.42453067,-75.6613651,695
15--10141,2015/08/25,3:35 PM,OTTAWA RIVER PKWY @ ISLAND PARK DR (0002127),2127,02 - Intersection related,03 - P.D. only,03 - Rear end,01 - Clear,01 - Daylight,01 - Dry,01 - Traffic signal,01 - Functioning,2,0,0,0,,0,,,,,363295.7462,5029451.531,45.40255748,-75.75278389,696
15--10142,2015/08/25,3:47 PM,BYRON AVE @ HOLLAND AVE (0005636),5636,03 - At intersection,03 - P.D. only,07 - SMV other,01 - Clear,01 - Daylight,01 - Dry,02 - Stop sign,01 - Functioning,1,0,0,0,,0,,,,,365015.421,5028958.916,45.39797923,-75.73087912,697
15--10143,2015/08/25,3:51 PM,STITTSVILLE MAIN ST @ HAZELDEAN RD (0000050),50,02 - Intersection related,03 - P.D. only,03 - Rear end,01 - Clear,01 - Daylight,01 - Dry,01 - Traffic signal,01 - Functioning,2,0,0,0,,0,,,,,349559.8395,5014878.357,45.27243755,-75.92955248,698
15--10144,2015/08/25,4:14 PM,FALLOWFIELD RD @ MOODIE DR (0010412),10412,02 - Intersection related,03 - P.D. only,03 - Rear end,01 - Clear,01 - Daylight,01 - Dry,01 - Traffic signal,01 - Functioning,2,0,0,0,,0,,,,,359501.6559,5014635.332,45.2695477,-75.80288306,699
15--10145,2015/08/25,4:24 PM,RIVERSIDE DR @ HERON RD (0002236),2236,02 - Intersection related,03 - P.D. only,03 - Rear end,01 - Clear,01 - Daylight,01 - Dry,01 - Traffic signal,01 - Functioning,2,0,0,0,,0,,,,,368121.8256,5026646.861,45.37690197,-75.69150208,700
15--10146,2015/08/25,4:36 PM,DONNELLY DR @ MERLYN WILSON RD EXTENSION (0013845),13845,02 - Intersection related,03 - P.D. only,03 - Rear end,01 - Clear,01 - Daylight,01 - Dry,02 - Stop sign,00 - Unknown,2,0,0,0,,0,,,,,369062.6921,4990678.209,45.05317156,-75.68413155,701
15--10147,2015/08/25,4:50 PM,GREENBANK RD @ WEST HUNT CLUB RD (0005167),5167,02 - Intersection related,03 - P.D. only,03 - Rear end,01 - Clear,01 - Daylight,01 - Dry,01 - Traffic signal,01 - Functioning,2,0,0,0,,0,,,,,361478.1561,5020502.733,45.32218631,-75.77702596,702
15--10148,2015/08/25,4:51 PM,ROBERTSON RD btwn FITZGERALD RD & MOODIE DR (__3ZA411),__3ZA411,04 - At/near private drive,03 - P.D. only,02 - Angle,01 - Clear,01 - Daylight,01 - Dry,10 - No control,,2,0,0,0,,0,,,,,356925.0308,5020368.151,45.32132817,-75.83511469,703
15--10149,2015/08/25,4:51 PM,CARLING AVE @ ROSEVIEW AVE (0002644),2644,02 - Intersection related,03 - P.D. only,04 - Sideswipe,01 - Clear,01 - Daylight,01 - Dry,02 - Stop sign,00 - Unknown,2,0,0,0,,0,,,,,359358.2121,5024200.654,45.35562825,-75.8036577,704
15--1015,2015/01/16,10:00 PM,WILLOW ST btwn PRESTON ST & ROCHESTER ST (__3ZAAJ7),__3ZAAJ7,01 - Non intersection,03 - P.D. only,06 - SMV unattended vehicle,01 - Clear,07 - Dark,03 - Loose snow,10 - No control,,1,0,0,0,,0,,,,,366476.7068,5029880.358,45.40614292,-75.71210089,705
15--10150,2015/08/25,5:02 PM,BANK ST @ GLEN AVE (0007710),7710,02 - Intersection related,03 - P.D. only,04 - Sideswipe,01 - Clear,01 - Daylight,01 - Dry,01 - Traffic signal,01 - Functioning,2,0,0,0,,0,,,,,368804.7675,5028434.296,45.39292272,-75.68255134,706
15--10151,2015/08/25,5:33 PM,ISLAND PARK DR @ SCOTT ST (0002126),2126,02 - Intersection related,03 - P.D. only,03 - Rear end,01 - Clear,01 - Daylight,01 - Dry,01 - Traffic signal,01 - Functioning,3,0,0,0,,0,,,,,363833.6895,5029040.193,45.39881118,-75.74596211,707
15--10152,2015/08/25,5:49 PM,ST. LAURENT BLVD @ TREMBLAY RD (0002573),2573,02 - Intersection related,03 - P.D. only,04 - Sideswipe,01 - Clear,01 - Daylight,01 - Dry,01 - Traffic signal,01 - Functioning,2,0,0,0,,0,,,,,372595.7139,5031240.495,45.4178149,-75.63375414,708
15--10153,2015/08/25,5:55 AM,SOMERSET ST    W btwn METCALFE ST & ELGIN ST (__3ZA341),__3ZA341,01 - Non intersection,03 - P.D. only,06 - SMV unattended vehicle,01 - Clear,03 - Dawn,01 - Dry,10 - No control,,1,0,0,0,,0,,,,,368053.1552,5031128.963,45.41723679,-75.69180405,709
15--10154,2015/08/25,6:00 PM,HIGHWAY 417 btwn REGIONAL ROAD 174 & HWY417 IC113 RAMP85 (__3ZA289),__3ZA289,01 - Non intersection,02 - Non-fatal injury,07 - SMV other,01 - Clear,01 - Daylight,01 - Dry,10 - No control,,1,0,0,0,02 - Minor,1,,1,,,373538.5848,5031789.285,45.42266065,-75.62163165,710
15--10155,2015/08/25,6:07 PM,HWY417 IC130 RAMP25 btwn RICHMOND RD & HIGHWAY 417 (__3ZAYAF),__3ZAYAF,01 - Non intersection,03 - P.D. only,03 - Rear end,01 - Clear,01 - Daylight,01 - Dry,10 - No control,,2,0,0,0,,0,,,,,359237.733,5023008.424,45.34490992,-75.80532655,711
15--10156,2015/08/25,6:29 PM,REGIONAL ROAD 174 btwn OR174 IC109 RAMP86 & OR174 IC109 RAMP64 (__3ZA28U),__3ZA28U,01 - Non intersection,03 - P.D. only,04 - Sideswipe,01 - Clear,01 - Daylight,01 - Dry,10 - No control,,2,0,0,0,,0,,,,,376543.7485,5035189.07,45.45294806,-75.58273983,712
15--10157,2015/08/25,6:30 AM,HIGHWAY 417 btwn HWY417 IC126 RAMP25 & HWY417 IC124 RAMP57 (__3ZA2R5),__3ZA2R5,01 - Non intersection,03 - P.D. only,03 - Rear end,01 - Clear,01 - Daylight,01 - Dry,10 - No control,,3,0,0,0,,0,,,,,363679.5027,5026515.256,45.37610519,-75.74823259,713
15--10158,2015/08/25,6:38 PM,GREENBANK RD @ BELLMAN DR/BATEMAN DR (0000153),153,02 - Intersection related,03 - P.D. only,03 - Rear end,01 - Clear,01 - Daylight,01 - Dry,01 - Traffic signal,01 - Functioning,2,0,0,0,,0,,,,,361256.1685,5021017.742,45.32683824,-75.77979864,714
15--10159,2015/08/25,6:45 AM,HIGHWAY 417 btwn HWY417 IC129 RAMP25 & TRANSIT (__3ZA2SH),__3ZA2SH,01 - Non intersection,02 - Non-fatal injury,03 - Rear end,01 - Clear,01 - Daylight,01 - Dry,10 - No control,,3,0,0,0,01 - Minimal,1,1,,,,361729.6183,5024514.969,45.35826791,-75.77335696,715
15--1016,2015/01/16,10:12 AM,PERCY ST btwn CATHERINE ST & CHAMBERLAIN AVE (__3ZA95I),__3ZA95I,04 - At/near private drive,02 - Non-fatal injury,02 - Angle,01 - Clear,01 - Daylight,01 - Dry,10 - No control,,2,0,0,0,02 - Minor,2,1,1,,,367503.1566,5029920.451,45.40641247,-75.69898452,716
15--10160,2015/08/25,6:55 AM,STONE SCHOOL RD btwn BANK ST & JOHN QUINN RD (__3ZA65C),__3ZA65C,01 - Non intersection,03 - P.D. only,01 - Approaching,01 - Clear,01 - Daylight,01 - Dry,10 - No control,,2,0,0,0,,0,,,,,382844.1764,5011962.209,45.24329349,-75.50586444,717
15--10161,2015/08/25,7:15 AM,CAVESSON ST btwn EQUINE WAY & TAPADERO AVE (__827GGV),__827GGV,04 - At/near private drive,02 - Non-fatal injury,07 - SMV other,01 - Clear,01 - Daylight,01 - Dry,10 - No control,,1,0,0,1,02 - Minor,1,,1,,,353077.482,5015024.365,45.27351867,-75.88470973,718
15--10162,2015/08/25,7:26 PM,HOLLY ACRES RD @ CARLING AVE (0000522),522,02 - Intersection related,03 - P.D. only,04 - Sideswipe,01 - Clear,01 - Daylight,01 - Dry,01 - Traffic signal,00 - Unknown,2,0,0,0,,0,,,,,358233.2149,5023497.158,45.34938481,-75.81809136,719
15--10163,2015/08/25,8:00 AM,FALLOWFIELD RD @ MERIVALE RD (0000587),587,02 - Intersection related,03 - P.D. only,03 - Rear end,01 - Clear,01 - Daylight,01 - Dry,01 - Traffic signal,01 - Functioning,2,0,0,0,,0,,,,,366890.9919,5018844.109,45.30680434,-75.70819523,720
15--10164,2015/08/25,8:08 AM,KANATA AVE btwn MARITIME WAY & HWY417 IC139 RAMP61 (__4BCL6O),__4BCL6O,01 - Non intersection,03 - P.D. only,03 - Rear end,01 - Clear,01 - Daylight,01 - Dry,10 - No control,,2,0,0,0,,0,,,,,351467.172,5019324.465,45.31232088,-75.9048272,721
15--10165,2015/08/25,8:15 AM,CAMBRIDGE ST    N btwn GLADSTONE AVE & ARLINGTON AVE (__3ZAAJT),__3ZAAJT,04 - At/near private drive,03 - P.D. only,06 - SMV unattended vehicle,01 - Clear,01 - Daylight,01 - Dry,10 - No control,,1,0,0,0,,0,,,,,367080.2045,5029920.402,45.40644979,-75.70438709,722
15--10166,2015/08/25,8:30 AM,SHERRY LANE btwn GARY AVE & GARY AVE (__3ZA5E1),__3ZA5E1,01 - Non intersection,03 - P.D. only,06 - SMV unattended vehicle,01 - Clear,01 - Daylight,01 - Dry,10 - No control,,1,0,0,0,,0,,,,,363358.4871,5021232.186,45.32859555,-75.75295662,723
15--10167,2015/08/25,8:45 AM,HIGHWAY 417 btwn HWY417 IC121A RAMP61 & HWY417 IC120B RAMP36 (__3ZA2YV),__3ZA2YV,01 - Non intersection,03 - P.D. only,04 - Sideswipe,01 - Clear,01 - Daylight,01 - Dry,10 - No control,,2,0,0,0,,0,,,,,367542.142,5029884.565,45.40608609,-75.6984911,724
15--10168,2015/08/25,8:50 AM,FALLOWFIELD RD @ WOLFGANG DR (0000107),107,03 - At intersection,02 - Non-fatal injury,02 - Angle,01 - Clear,01 - Daylight,01 - Dry,02 - Stop sign,01 - Functioning,2,0,0,0,01 - Minimal,2,2,,,,363406.6905,5016943.095,45.28999841,-75.75284897,725
15--1063,2015/01/16,6:16 PM,HIGHWAY 417 btwn HWY417 IC118 RAMP76 & HWY417 IC118 RAMP67 (__3ZA2YR),__3ZA2YR,01 - Non intersection,03 - P.D. only,99 - Other,01 - Clear,07 - Dark,01 - Dry,10 - No control,,2,0,0,0,,0,,,,,369486.19,5031077.856,45.41664593,-75.67350254,726
15--10270,2015/08/27,7:59 AM,MOONEY'S BAY PL @ SPRINGLAND DR (0010730),10730,03 - At intersection,02 - Non-fatal injury,02 - Angle,01 - Clear,01 - Daylight,01 - Dry,02 - Stop sign,01 - Functioning,2,1,0,0,01 - Minimal,1,1,,,,368661.7193,5025339.877,45.36509308,-75.68477834,727
15--10630,2015/09/08,1:28 PM,INNES RD btwn 260 E OF BELCOURT BLVD/WALMART SC & JEANNE D'ARC BLVD/ME (__3ZA3JWB),__3ZA3JWB,01 - Non intersection,02 - Non-fatal injury,04 - Sideswipe,01 - Clear,01 - Daylight,01 - Dry,10 - No control,,2,0,0,0,01 - Minimal,1,1,,,,382491.5653,5035483.72,45.45496315,-75.50666015,728
15--10631,2015/09/08,1:52 PM,MEADOWLANDS DR btwn BELIVEAU ST & BEAVER RDG (__3ZA4IH),__3ZA4IH,01 - Non intersection,03 - P.D. only,03 - Rear end,01 - Clear,01 - Daylight,01 - Dry,10 - No control,,2,0,0,0,,0,,,,,365675.5645,5024670.793,45.35933848,-75.72297667,729
15--10271,2015/08/27,8:15 PM,FALLOWFIELD RD @ WOODROFFE AVE (0010372),10372,02 - Intersection related,03 - P.D. only,03 - Rear end,01 - Clear,07 - Dark,01 - Dry,01 - Traffic signal,00 - Unknown,2,0,0,0,,0,,,,,365086.5914,5017902.109,45.29848548,-75.73131798,730
15--10632,2015/09/08,10:03 PM,ARLINGTON AVE btwn CAMBRIDGE ST N & BRONSON AVE (__3ZA0PP),__3ZA0PP,01 - Non intersection,03 - P.D. only,06 - SMV unattended vehicle,01 - Clear,07 - Dark,01 - Dry,10 - No control,,1,0,0,0,,0,,,,,367135.09,5029829.448,45.40562653,-75.70369751,731
15--10272,2015/08/27,8:57 AM,BAYVIEW RD/BURNSIDE AVE @ SLIDELL ST (0005647),5647,03 - At intersection,02 - Non-fatal injury,02 - Angle,01 - Clear,01 - Daylight,01 - Dry,11 - Roundabout,01 - Functioning,2,1,0,0,01 - Minimal,1,1,,,,365163.698,5030241.489,45.40950676,-75.72882837,732
15--10633,2015/09/08,10:42 AM,KING EDWARD AVE @ LAURIER AVE (0002170),2170,03 - At intersection,03 - P.D. only,05 - Turning movement,01 - Clear,01 - Daylight,01 - Dry,01 - Traffic signal,01 - Functioning,2,0,0,0,,0,,,,,368738.9865,5032034.222,45.42531965,-75.68292448,733
15--10273,2015/08/27,9:09 AM,BOOTH ST btwn 148 N OF MIDDLE ST/E.B. EDDY S & MIDDLE ST (__3ZBPMPC),__3ZBPMPC,01 - Non intersection,03 - P.D. only,04 - Sideswipe,01 - Clear,01 - Daylight,01 - Dry,10 - No control,,2,0,0,0,,0,,,,,366104.0492,5031304.696,45.41899147,-75.71668386,734
15--10634,2015/09/08,11:10 AM,HIGHWAY 417 btwn HWY417 IC122 RAMP61 & HWY417 IC121B RAMP16 (__3ZA2Y4),__3ZA2Y4,01 - Non intersection,03 - P.D. only,03 - Rear end,01 - Clear,01 - Daylight,01 - Dry,10 - No control,,3,0,0,0,,0,,,,,366553.5347,5029526.907,45.40295589,-75.71116379,735
15--10274,2015/08/27,9:39 AM,WEST HUNT CLUB RD @ CLEOPATRA DR/LANCELOT DR (0000114),114,03 - At intersection,03 - P.D. only,05 - Turning movement,01 - Clear,01 - Daylight,01 - Dry,01 - Traffic signal,01 - Functioning,2,0,0,0,,0,,,,,365235.7,5021732.724,45.3329402,-75.72894964,736
15--10635,2015/09/08,11:27 AM,FALLOWFIELD RD @ WOODROFFE AVE (0010372),10372,02 - Intersection related,03 - P.D. only,03 - Rear end,01 - Clear,01 - Daylight,01 - Dry,01 - Traffic signal,01 - Functioning,2,0,0,0,,0,,,,,365085.15,5017902.109,45.2984856,-75.73133636,737
15--10275,2015/08/27,9:46 AM,CHIPPEWA AVE btwn PENDER ST & ST. HELEN'S PL (__3ZAAKE),__3ZAAKE,01 - Non intersection,03 - P.D. only,07 - SMV other,01 - Clear,01 - Daylight,01 - Dry,10 - No control,,1,0,0,0,,0,,,,,364189.5841,5024586.746,45.35870969,-75.74195232,738
15--10276,2015/08/28,1:09 PM,VIEWMOUNT DR @ MERIVALE RD (0001528),1528,03 - At intersection,03 - P.D. only,05 - Turning movement,01 - Clear,01 - Daylight,01 - Dry,01 - Traffic signal,01 - Functioning,2,0,0,0,,0,,,,,365195.1385,5022948.135,45.34387981,-75.72931874,739
15--10277,2015/08/28,10:10 AM,ROCHESTER ST @ SOMERSET ST (0006321),6321,03 - At intersection,03 - P.D. only,07 - SMV other,01 - Clear,01 - Daylight,01 - Dry,01 - Traffic signal,01 - Functioning,1,0,0,0,,0,,,,,366483.1491,5030201.122,45.4090285,-75.71197846,740
15--10278,2015/08/28,10:14 AM,NEPEAN ST btwn METCALFE ST & ELGIN ST (__3ZA9UD),__3ZA9UD,01 - Non intersection,03 - P.D. only,06 - SMV unattended vehicle,01 - Clear,01 - Daylight,01 - Dry,10 - No control,,1,0,0,0,,0,,,,,368011.3838,5031401.63,45.41969393,-75.69230274,741
15--10279,2015/08/28,10:38 PM,FALLOWFIELD RD @ MERIVALE RD (0000587),587,03 - At intersection,03 - P.D. only,05 - Turning movement,01 - Clear,07 - Dark,01 - Dry,01 - Traffic signal,01 - Functioning,2,0,0,0,,0,,,,,366892.4333,5018843.388,45.30679772,-75.70817694,742
15--1028,2015/01/16,12:22 PM,MERIVALE RD btwn CLYDE AVE & RITA AVE (__3ZA4H7),__3ZA4H7,01 - Non intersection,02 - Non-fatal injury,03 - Rear end,01 - Clear,01 - Daylight,02 - Wet,10 - No control,,3,0,0,0,01 - Minimal,1,1,,,,364530.373,5024487.767,45.35779014,-75.73761484,743
15--10280,2015/08/28,10:50 AM,COOPER ST @ O'CONNOR ST (0006954),6954,03 - At intersection,03 - P.D. only,04 - Sideswipe,01 - Clear,01 - Daylight,01 - Dry,02 - Stop sign,00 - Unknown,2,0,0,0,,0,,,,,367809.4319,5031084.49,45.41685862,-75.69492352,744
15--10281,2015/08/28,10:59 AM,NEPEAN ST @ O'CONNOR ST (0006942),6942,02 - Intersection related,03 - P.D. only,05 - Turning movement,01 - Clear,01 - Daylight,01 - Dry,02 - Stop sign,00 - Unknown,2,0,0,0,,0,,,,,367721.2169,5031226.331,45.4181428,-75.69603243,745
15--10282,2015/08/28,11:37 AM,HUNT CLUB RD @ DOWNPATRICK RD/MCCARTHY RD (0006931),6931,02 - Intersection related,03 - P.D. only,03 - Rear end,01 - Clear,01 - Daylight,01 - Dry,01 - Traffic signal,01 - Functioning,2,0,0,0,,0,,,,,370506.293,5023398.707,45.34745654,-75.66149209,746