Anom_ID,Accident_Date,Accident_Time,Location,Geo_ID,Accident_Location,Classification_of_Accident,Initial_Impact_Type,Environment_Condition,Light,Road_Surface_Condition,Traffic_Control,Traffic_Control_Condition,No__of_Vehicles,No__of_Bicycles,No__of_Motorcycles,No__of_Pedestrians,Max_Injury,No__of_Injuries,No__of_Minimal,No__of_Minor,No__of_Major,No__of_Fatal,X,Y,Latitude,Longitude,ObjectId
15--10283,2015/08/28,11:45 AM,WEST HUNT CLUB RD EB btwn CEDARVIEW RD & GREENBANK RD (__3ZA198),__3ZA198,01 - Non intersection,03 - P.D. only,04 - Sideswipe,01 - Clear,01 - Daylight,01 - Dry,10 - No control,,2,0,0,0,,0,,,,,361053.5709,5020247.144,45.31992066,-75.78247048,747
15--10284,2015/08/28,11:45 AM,HWY 417 WOODROFF IC127R62 @ WOODROFFE AVE (0002349),2349,02 - Intersection related,03 - P.D. only,03 - Rear end,01 - Clear,01 - Daylight,01 - Dry,03 - Yield sign,01 - Functioning,2,0,0,0,,0,,,,,362050.8797,5025020.963,45.36279465,-75.76919813,748
15--10285,2015/08/28,11:56 AM,STANLEY AVE btwn CHARLES ST & SCHOOL LANE (__3ZA5AB),__3ZA5AB,01 - Non intersection,03 - P.D. only,06 - SMV unattended vehicle,01 - Clear,01 - Daylight,01 - Dry,10 - No control,,1,0,0,0,,0,,,,,368014.1661,5033793.608,45.44121586,-75.69196013,749
15--10286,2015/08/28,12:09 PM,CATHERINE ST @ METCALFE ST (0011239),11239,02 - Intersection related,03 - P.D. only,03 - Rear end,01 - Clear,01 - Daylight,01 - Dry,01 - Traffic signal,01 - Functioning,2,0,0,0,,0,,,,,368392.7428,5030486.925,45.41142916,-75.68754837,750
15--10287,2015/08/28,12:10 PM,MONTREAL RD @ SHEFFORD RD (0012423),12423,03 - At intersection,03 - P.D. only,05 - Turning movement,01 - Clear,01 - Daylight,01 - Dry,01 - Traffic signal,01 - Functioning,2,0,0,0,,0,,,,,376125.2235,5034853.321,45.44997005,-75.58813877,751
15--10288,2015/08/28,12:32 PM,RIDGEWOOD AVE @ RIVERSIDE DR (0007180),7180,02 - Intersection related,03 - P.D. only,03 - Rear end,01 - Clear,01 - Daylight,01 - Dry,01 - Traffic signal,01 - Functioning,2,0,0,0,,0,,,,,368281.4254,5025608.451,45.36754419,-75.68959796,752
15--10289,2015/08/28,2:21 PM,MERIVALE RD btwn CLYDE AVE & RITA AVE (__3ZA4H7),__3ZA4H7,01 - Non intersection,02 - Non-fatal injury,03 - Rear end,01 - Clear,01 - Daylight,01 - Dry,10 - No control,,2,0,0,0,02 - Minor,1,,1,,,364600.551,5024324.164,45.35631208,-75.73673898,753
15--1029,2015/01/16,12:25 PM,KING EDWARD AVE @ YORK ST (0008244),8244,03 - At intersection,02 - Non-fatal injury,07 - SMV other,01 - Clear,01 - Daylight,03 - Loose snow,01 - Traffic signal,01 - Functioning,1,0,0,1,01 - Minimal,1,1,,,,368396.8977,5032621.918,45.43063871,-75.68721969,754
15--10290,2015/08/28,2:58 PM,KING EDWARD AVE NB btwn ST. PATRICK ST & MURRAY ST (__3ZA3XH),__3ZA3XH,01 - Non intersection,03 - P.D. only,03 - Rear end,01 - Clear,01 - Daylight,01 - Dry,10 - No control,,3,0,0,0,,0,,,,,368299.6277,5032784.933,45.4321143,-75.68844167,755
15--10291,2015/08/28,3:28 AM,HAWTHORNE RD btwn BLAIS RD & RIDEAU RD (__3ZA6GZ),__3ZA6GZ,01 - Non intersection,03 - P.D. only,07 - SMV other,01 - Clear,07 - Dark,01 - Dry,10 - No control,,1,0,0,0,,0,,,,,378188.9087,5019953.023,45.31569223,-75.56397407,756
15--10292,2015/08/28,3:33 AM,HAWTHORNE RD btwn BLAIS RD & RIDEAU RD (__3ZA6GZ),__3ZA6GZ,01 - Non intersection,02 - Non-fatal injury,07 - SMV other,01 - Clear,07 - Dark,01 - Dry,10 - No control,,1,0,1,0,02 - Minor,1,,1,,,378227.4819,5019895.163,45.3151676,-75.56349074,757
15--10293,2015/08/28,3:45 PM,EARL ARMSTRONG RD btwn SPRATT RD & SHORELINE DR (__3ZAZTN),__3ZAZTN,01 - Non intersection,03 - P.D. only,04 - Sideswipe,01 - Clear,01 - Daylight,01 - Dry,10 - No control,,2,0,0,0,,0,,,,,368831.3912,5015282.09,45.2745796,-75.6839129,758
15--10294,2015/08/28,4:09 PM,MONTREAL RD btwn VANIER PKWY & DUROCHER ST (__3ZA3LN),__3ZA3LN,01 - Non intersection,03 - P.D. only,03 - Rear end,01 - Clear,01 - Daylight,01 - Dry,10 - No control,,3,0,0,0,,0,,,,,370088.5657,5033072.439,45.43453644,-75.6655424,759
15--10295,2015/08/28,4:12 PM,DIDSBURY RD btwn TERRY FOX DR & END (__3ZA2NE),__3ZA2NE,04 - At/near private drive,03 - P.D. only,03 - Rear end,01 - Clear,01 - Daylight,01 - Dry,10 - No control,,2,0,0,0,,0,,,,,350589.0201,5018878.833,45.30836877,-75.91606736,760
15--10296,2015/08/28,4:17 PM,AVIATION PKWY @ MONTREAL RD (0008799),8799,03 - At intersection,02 - Non-fatal injury,05 - Turning movement,01 - Clear,01 - Daylight,01 - Dry,01 - Traffic signal,01 - Functioning,3,0,0,0,01 - Minimal,1,1,,,,372148.158,5034108.943,45.44366707,-75.63907973,761
15--10297,2015/08/28,4:18 PM,INNES RD @ STONEHENGE CRES W (0009354),9354,02 - Intersection related,02 - Non-fatal injury,03 - Rear end,01 - Clear,01 - Daylight,01 - Dry,01 - Traffic signal,00 - Unknown,2,0,0,0,02 - Minor,1,,1,,,375198.2998,5031214.762,45.41732635,-75.60050785,762
15--10298,2015/08/28,5:20 PM,INNES RD btwn STAR TOP RD & HWY417 IC112 RAMP55 (__3ZAZPO),__3ZAZPO,01 - Non intersection,03 - P.D. only,03 - Rear end,01 - Clear,01 - Daylight,01 - Dry,10 - No control,,2,0,0,0,,0,,,,,374191.8323,5030692.67,45.41272938,-75.61343963,763
15--10299,2015/08/28,5:28 PM,CATHERINE ST @ LYON ST/HWY 417 LYON IC120BR36 (0002254),2254,02 - Intersection related,03 - P.D. only,04 - Sideswipe,01 - Clear,01 - Daylight,01 - Dry,01 - Traffic signal,01 - Functioning,2,0,0,0,,0,,,,,367748.4273,5030092.205,45.40793585,-75.69582963,764
15--103,2015/01/03,7:05 PM,HIGHWAY 417 btwn HWY417 IC120B RAMP36 & HWY417 IC119B RAMP76 (__3ZA2YU),__3ZA2YU,01 - Non intersection,03 - P.D. only,04 - Sideswipe,03 - Snow,07 - Dark,03 - Loose snow,10 - No control,,2,0,0,0,,0,,,,,367929.7416,5030113.543,45.40811151,-75.69351083,765
15--1030,2015/01/16,12:32 PM,OR174 IC109 RAMP65 @ MONTREAL RD (0004119),4119,02 - Intersection related,03 - P.D. only,03 - Rear end,01 - Clear,01 - Daylight,02 - Wet,01 - Traffic signal,01 - Functioning,2,0,0,0,,0,,,,,376401.3932,5034982.249,45.45110182,-75.58458975,766
15--10300,2015/08/28,5:53 PM,JEANNE D'ARC BLVD @ GREY NUNS DR/YOUVILLE DR (0003147),3147,02 - Intersection related,03 - P.D. only,03 - Rear end,01 - Clear,01 - Daylight,01 - Dry,01 - Traffic signal,01 - Functioning,2,0,0,0,,0,,,,,379672.5024,5036698.519,45.46620073,-75.54251364,767
15--10301,2015/08/28,5:57 PM,COOPER ST btwn METCALFE ST & ELGIN ST (__3ZA9UY),__3ZA9UY,01 - Non intersection,03 - P.D. only,06 - SMV unattended vehicle,01 - Clear,01 - Daylight,01 - Dry,10 - No control,,1,0,0,0,,0,,,,,368010.2749,5031207.038,45.41794316,-75.69234187,768
15--10302,2015/08/28,6:23 PM,INNES RD btwn JEANNE D'ARC BLVD S & WILDFLOWER DR (__3ZA1ZE),__3ZA1ZE,01 - Non intersection,03 - P.D. only,03 - Rear end,01 - Clear,01 - Daylight,01 - Dry,10 - No control,,2,0,0,0,,0,,,,,382649.6455,5035571.968,45.45573954,-75.50462533,769
15--10303,2015/08/28,6:55 PM,BRONSON AVE @ FOURTH AVE (0007224),7224,02 - Intersection related,03 - P.D. only,04 - Sideswipe,01 - Clear,01 - Daylight,01 - Dry,02 - Stop sign,01 - Functioning,2,0,0,0,,0,,,,,367584.2205,5029010.321,45.39821612,-75.69806492,770
15--10304,2015/08/28,7:29 PM,HIGHWAY 417 btwn HWY417 IC163 RAMP15 & HWY417 IC155 RAMP51 (__3ZAZNS),__3ZAZNS,01 - Non intersection,02 - Non-fatal injury,07 - SMV other,01 - Clear,05 - Dusk,01 - Dry,10 - No control,,1,0,0,0,02 - Minor,1,,1,,,336139.3799,5020185.266,45.32091815,-76.10025078,771
15--10305,2015/08/28,7:30 AM,BAYVIEW RD @ SCOTT ST/ALBERT ST (0005646),5646,03 - At intersection,03 - P.D. only,05 - Turning movement,01 - Clear,01 - Daylight,01 - Dry,01 - Traffic signal,01 - Functioning,2,0,0,0,,0,,,,,365519.037,5030071.834,45.40794951,-75.72431008,772
15--10306,2015/08/28,7:55 AM,RIVER RD btwn 175 N OF EARL ARMSTRONG/LOBLAWS SC & 700 N OF EARL ARMST (__5DXOUQB),__5DXOUQB,01 - Non intersection,03 - P.D. only,03 - Rear end,01 - Clear,01 - Daylight,01 - Dry,10 - No control,,2,0,0,0,,0,,,,,367648.5907,5014873.342,45.27100844,-75.69903806,773
15--10307,2015/08/28,8:27 AM,CYRVILLE RD @ ST. LAURENT BLVD (0002647),2647,02 - Intersection related,03 - P.D. only,03 - Rear end,01 - Clear,01 - Daylight,01 - Dry,01 - Traffic signal,01 - Functioning,3,0,0,0,,0,,,,,372241.7208,5032111.22,45.4256835,-75.6381575,774
15--10308,2015/08/28,8:44 PM,INNES RD @ JEANNE D'ARC BLVD/MER BLEUE RD (0012475),12475,02 - Intersection related,03 - P.D. only,03 - Rear end,01 - Clear,05 - Dusk,01 - Dry,01 - Traffic signal,01 - Functioning,2,0,0,0,,0,,,,,382638.2606,5035568.314,45.45570793,-75.50477145,775
15--10309,2015/08/28,8:55 AM,BLAIR RD btwn OR174 IC112 RAMP15 & MEADOWBROOK RD (__3ZA2E1),__3ZA2E1,04 - At/near private drive,02 - Non-fatal injury,02 - Angle,01 - Clear,01 - Daylight,01 - Dry,10 - No control,,2,0,0,0,02 - Minor,1,,1,,,375170.23,5032345.083,45.42749918,-75.600705,776
15--1031,2015/01/16,12:48 PM,BEECHWOOD AVE btwn CORONA AVE & OAKHILL RD (__3ZBN9V),__3ZBN9V,01 - Non intersection,03 - P.D. only,07 - SMV other,01 - Clear,01 - Daylight,03 - Loose snow,10 - No control,,1,0,0,0,,0,,,,,369708.8565,5034202.69,45.44474131,-75.67024592,777
15--10310,2015/08/28,9:01 PM,CHURCHILL AVE @ LANARK AVE (0005580),5580,03 - At intersection,02 - Non-fatal injury,07 - SMV other,01 - Clear,07 - Dark,01 - Dry,02 - Stop sign,00 - Unknown,1,0,0,0,02 - Minor,1,,1,,,362987.1377,5028799.921,45.39672012,-75.75680254,778
15--10311,2015/08/28,9:04 AM,ST. LAURENT BLVD btwn INDUSTRIAL AVE & BOURASSA ST (__3ZBOFB),__3ZBOFB,04 - At/near private drive,03 - P.D. only,02 - Angle,01 - Clear,01 - Daylight,01 - Dry,10 - No control,,2,0,0,0,,0,,,,,373138.4756,5029919.71,45.4058783,-75.62700304,779
15--10312,2015/08/28,9:33 AM,JAMES ST btwn PERCY ST & BAY ST (__3ZBOUW),__3ZBOUW,01 - Non intersection,03 - P.D. only,99 - Other,01 - Clear,01 - Daylight,01 - Dry,10 - No control,,2,0,0,0,,0,,,,,367270.2019,5030361.462,45.41040139,-75.70190427,780
15--10313,2015/08/29,1:00 PM,RICHMOND RD @ LYNHAR RD/STAFFORD RD (0000155),155,02 - Intersection related,03 - P.D. only,04 - Sideswipe,01 - Clear,01 - Daylight,01 - Dry,01 - Traffic signal,01 - Functioning,2,0,0,0,,0,,,,,358137.6643,5021085.395,45.3276909,-75.81957066,781
15--10314,2015/08/29,1:13 PM,HIGHWAY 417 btwn HWY417 IC121B RAMP51 & HWY417 IC121A RAMP51 (__3ZA2YW),__3ZA2YW,01 - Non intersection,03 - P.D. only,03 - Rear end,01 - Clear,01 - Daylight,01 - Dry,10 - No control,,4,0,0,0,,0,,,,,366739.9395,5029563.719,45.40327065,-75.70877827,782
15--10315,2015/08/29,1:15 PM,HIGHWAY 417 btwn HWY417 IC115 RAMP25 & REGIONAL ROAD 174 (__3ZA2RY),__3ZA2RY,01 - Non intersection,03 - P.D. only,99 - Other,01 - Clear,01 - Daylight,01 - Dry,10 - No control,,2,0,0,0,,0,,,,,373252.5683,5031694.317,45.42183422,-75.62529924,783
15--10316,2015/08/29,1:42 PM,CAMPEAU DR @ TERON RD/COLCHESTER SQ (0009033),9033,02 - Intersection related,03 - P.D. only,04 - Sideswipe,01 - Clear,01 - Daylight,01 - Dry,01 - Traffic signal,01 - Functioning,2,0,0,0,,0,,,,,352562.2811,5020468.607,45.32254248,-75.89075112,784
15--10317,2015/08/29,10:45 AM,LOCKHART AVE btwn PRINCE CHARLES RD & NEEPAWA AVE (__3ZAADL),__3ZAADL,01 - Non intersection,03 - P.D. only,06 - SMV unattended vehicle,01 - Clear,01 - Daylight,01 - Dry,10 - No control,,1,0,0,0,,0,,,,,361834.2409,5026480.858,45.37594831,-75.77179473,785
15--10318,2015/08/29,11:29 AM,BEECHWOOD AVE btwn DOUGLAS AVE & LANGEVIN AVE (__3ZA3MR),__3ZA3MR,01 - Non intersection,03 - P.D. only,05 - Turning movement,01 - Clear,01 - Daylight,01 - Dry,10 - No control,,2,0,0,0,,0,,,,,369348.6717,5033731.454,45.44053468,-75.67491162,786
15--10319,2015/08/29,11:30 AM,BEECHWOOD AVE btwn DOUGLAS AVE & LANGEVIN AVE (__3ZA3MR),__3ZA3MR,01 - Non intersection,03 - P.D. only,05 - Turning movement,01 - Clear,01 - Daylight,01 - Dry,10 - No control,,2,0,0,0,,0,,,,,369346.3676,5033723.715,45.44046526,-75.67494209,787
15--1032,2015/01/16,12:49 AM,MCCARTHY RD btwn SOUTHMORE DR W & PLANTE DR (__3ZA9DP),__3ZA9DP,01 - Non intersection,03 - P.D. only,07 - SMV other,03 - Snow,07 - Dark,03 - Loose snow,10 - No control,,1,0,0,0,,0,,,,,369554.5233,5024583.599,45.3582064,-75.6734816,788
15--10320,2015/08/29,11:30 AM,OTTAWA RIVER PKWY @ ISLAND PARK DR (0002127),2127,03 - At intersection,03 - P.D. only,05 - Turning movement,01 - Clear,01 - Daylight,01 - Dry,01 - Traffic signal,01 - Functioning,2,0,0,0,,0,,,,,363300.7904,5029454.053,45.40257975,-75.75271916,789
15--10321,2015/08/29,12:18 PM,MONTREAL RD btwn GRANVILLE ST & ALFRED ST (__3ZA3LG),__3ZA3LG,04 - At/near private drive,03 - P.D. only,02 - Angle,01 - Clear,01 - Daylight,01 - Dry,10 - No control,,2,0,0,0,,0,,,,,370893.8541,5033507.724,45.43837729,-75.65519263,790
15--10322,2015/08/29,12:30 PM,HAZELDEAN RD @ SPRINGBROOK DR (0005279),5279,03 - At intersection,03 - P.D. only,05 - Turning movement,01 - Clear,01 - Daylight,01 - Dry,01 - Traffic signal,01 - Functioning,2,0,0,0,,0,,,,,349871.3093,5015110.078,45.27450276,-75.92556207,791
15--10323,2015/08/29,12:35 AM,HIGHWAY 416 btwn HWY416 IC66 RAMP62 & HWY416 IC72 RAMP24 (__3ZAZMZ),__3ZAZMZ,01 - Non intersection,03 - P.D. only,04 - Sideswipe,01 - Clear,07 - Dark,01 - Dry,10 - No control,,2,0,0,0,,0,,,,,360283.2745,5017766.456,45.29766061,-75.79257279,792
15--10324,2015/08/29,3:30 PM,COLDREY AVE @ KIRKWOOD AVE (0006736),6736,03 - At intersection,03 - P.D. only,05 - Turning movement,01 - Clear,01 - Daylight,01 - Dry,01 - Traffic signal,01 - Functioning,2,0,0,0,,0,,,,,364439.4162,5027136.179,45.38162788,-75.73845595,793
15--10325,2015/08/29,4:56 PM,HAZELDEAN RD @ FRINGEWOOD DR (0000073),73,03 - At intersection,02 - Non-fatal injury,05 - Turning movement,02 - Rain,01 - Daylight,02 - Wet,02 - Stop sign,01 - Functioning,2,0,0,0,02 - Minor,2,1,1,,,350755.6003,5015909.355,45.28163767,-75.91421829,794
15--10326,2015/08/29,5:09 PM,KANATA AVE @ HWY 417 CASTLEFR IC139R15 (0012626),12626,03 - At intersection,03 - P.D. only,05 - Turning movement,02 - Rain,01 - Daylight,02 - Wet,01 - Traffic signal,01 - Functioning,2,0,0,0,,0,,,,,351714.6782,5019146.771,45.31070545,-75.90168761,795
15--10327,2015/08/29,5:16 PM,MERIVALE RD btwn VIEWMOUNT DR & COLONNADE RD (__3ZA33F),__3ZA33F,01 - Non intersection,03 - P.D. only,03 - Rear end,02 - Rain,01 - Daylight,02 - Wet,10 - No control,,2,0,0,0,,0,,,,,365201.625,5022930.838,45.34372361,-75.72923808,796
15--10328,2015/08/29,5:29 PM,SHERWAY DR btwn TEDWYN DR & DOLAN DR (__3ZAA8G),__3ZAA8G,01 - Non intersection,03 - P.D. only,06 - SMV unattended vehicle,01 - Clear,01 - Daylight,01 - Dry,10 - No control,,1,0,0,0,,0,,,,,363135.1147,5015425.436,45.27636508,-75.75648928,797
15--10329,2015/08/29,5:56 PM,PLEASANT PARK RD btwn OXBOW AVE & ELMSIDE AVE (__3ZA9IF),__3ZA9IF,01 - Non intersection,03 - P.D. only,07 - SMV other,02 - Rain,01 - Daylight,02 - Wet,10 - No control,,1,0,0,0,,0,,,,,371651.4809,5028609.174,45.39423023,-75.64617429,798
15--1033,2015/01/16,2:00 PM,FISHER AVE @ DEER PARK RD/DYNES RD (0002341),2341,02 - Intersection related,03 - P.D. only,03 - Rear end,01 - Clear,01 - Daylight,02 - Wet,01 - Traffic signal,01 - Functioning,3,0,0,0,,0,,,,,366406.7456,5025456.009,45.36633983,-75.71354677,799
15--10330,2015/08/29,6:21 PM,OTTAWA RIVER PKWY @ REMIC RAPIDS ENT/TUNNEY'S  (0011322),11322,02 - Intersection related,03 - P.D. only,03 - Rear end,02 - Rain,01 - Daylight,02 - Wet,01 - Traffic signal,01 - Functioning,2,0,0,0,,0,,,,,364264.2143,5030248.5,45.40964685,-75.74031778,800
15--10331,2015/08/29,6:42 PM,CARP RD @ HAZELDEAN RD (0000086),86,03 - At intersection,03 - P.D. only,05 - Turning movement,02 - Rain,01 - Daylight,02 - Wet,01 - Traffic signal,01 - Functioning,2,0,0,0,,0,,,,,348805.2966,5014360.797,45.26782798,-75.93921424,801
15--10332,2015/08/29,6:52 PM,HIGHWAY 417 btwn HWY417 IC96 RAMP51 & HIGHWAY 417 (__3ZA2W3),__3ZA2W3,01 - Non intersection,03 - P.D. only,04 - Sideswipe,02 - Rain,01 - Daylight,02 - Wet,10 - No control,,2,0,0,0,,0,,,,,387259.5053,5023858.133,45.34982061,-75.44765269,802
15--10333,2015/08/29,7:13 PM,CARLING AVE @ BAYSHORE DR/BIRCHDALE AVE (0000021),21,03 - At intersection,02 - Non-fatal injury,05 - Turning movement,02 - Rain,01 - Daylight,02 - Wet,01 - Traffic signal,01 - Functioning,2,0,0,0,01 - Minimal,1,1,,,,359004.871,5023990.252,45.35376246,-75.80819024,803
15--10334,2015/08/29,7:36 PM,HUNT CLUB RD @ RIVERSIDE DR (0002237),2237,02 - Intersection related,03 - P.D. only,04 - Sideswipe,01 - Clear,01 - Daylight,01 - Dry,01 - Traffic signal,01 - Functioning,2,0,0,0,,0,,,,,368036.703,5021944.417,45.33459815,-75.69319034,804
15--10335,2015/08/29,7:37 PM,TRIM RD @ WATTERS RD (0012847),12847,03 - At intersection,03 - P.D. only,05 - Turning movement,02 - Rain,05 - Dusk,02 - Wet,01 - Traffic signal,01 - Functioning,2,0,0,0,,0,,,,,384964.6521,5038718.298,45.48378545,-75.47451742,805
15--10336,2015/08/29,8:15 AM,MCRAE AVE @ RICHMOND RD (0006867),6867,02 - Intersection related,03 - P.D. only,03 - Rear end,01 - Clear,01 - Daylight,01 - Dry,01 - Traffic signal,01 - Functioning,2,0,0,0,,0,,,,,363608.9692,5028536.753,45.39430023,-75.74889223,806
15--10337,2015/08/29,8:25 PM,ST. LAURENT BLVD @ COVENTRY RD/OGILVIE RD (0002151),2151,02 - Intersection related,03 - P.D. only,04 - Sideswipe,02 - Rain,07 - Dark,02 - Wet,01 - Traffic signal,01 - Functioning,2,0,0,0,,0,,,,,372305.7195,5031951.935,45.42424415,-75.63736158,807
15--10338,2015/08/29,9:01 PM,CLEGG ST @ COLONEL BY DR (0008785),8785,03 - At intersection,03 - P.D. only,03 - Rear end,02 - Rain,07 - Dark,02 - Wet,01 - Traffic signal,01 - Functioning,2,0,0,0,,0,,,,,368967.6292,5029742.622,45.4046797,-75.68030133,808
15--10339,2015/08/29,9:38 AM,LAURIER AVE @ NICHOLAS ST (0010711),10711,02 - Intersection related,03 - P.D. only,04 - Sideswipe,01 - Clear,01 - Daylight,01 - Dry,01 - Traffic signal,01 - Functioning,2,0,0,0,,0,,,,,368375.081,5031797.548,45.42322331,-75.6876049,809
15--1034,2015/01/16,2:03 PM,GREENBANK RD @ BERRIGAN DR/WESSEX RD (0004726),4726,03 - At intersection,03 - P.D. only,02 - Angle,01 - Clear,01 - Daylight,02 - Wet,01 - Traffic signal,01 - Functioning,2,0,0,0,,0,,,,,363722.7178,5015276.907,45.27497962,-75.74901825,810
15--10340,2015/08/30,1:15 PM,HIGHWAY 417 btwn HWY417 IC126 RAMP61 & HWY417 IC124 RAMP76 (__3ZA2Y2),__3ZA2Y2,01 - Non intersection,02 - Non-fatal injury,03 - Rear end,01 - Clear,01 - Daylight,01 - Dry,10 - No control,,2,0,0,0,02 - Minor,1,,1,,,364103.9499,5027115.064,45.38146637,-75.74274173,811
15--10341,2015/08/30,1:20 AM,BANK ST @ RIVERSIDE DR S (0002704),2704,02 - Intersection related,03 - P.D. only,07 - SMV other,01 - Clear,07 - Dark,02 - Wet,01 - Traffic signal,00 - Unknown,1,0,0,0,,0,,,,,369305.4378,5027893.472,45.38801062,-75.67622829,812
15--10342,2015/08/30,1:33 PM,BANK ST btwn WALKLEY RD & SURREY AVE (__3ZA4TW),__3ZA4TW,04 - At/near private drive,03 - P.D. only,03 - Rear end,01 - Clear,01 - Daylight,01 - Dry,10 - No control,,2,0,0,0,,0,,,,,370350.825,5025908.456,45.37005305,-75.66314304,813
15--10343,2015/08/30,10:18 PM,INNES RD btwn ANDERSON RD & INNES RD (__3ZA3J2),__3ZA3J2,01 - Non intersection,02 - Non-fatal injury,07 - SMV other,01 - Clear,07 - Dark,01 - Dry,10 - No control,,1,0,1,0,02 - Minor,1,,1,,,376521.8223,5031978.525,45.42406382,-75.58348793,814
15--10344,2015/08/30,10:44 AM,CARLING AVE @ WOODROFFE AVE W (0011470),11470,02 - Intersection related,02 - Non-fatal injury,07 - SMV other,01 - Clear,01 - Daylight,01 - Dry,01 - Traffic signal,01 - Functioning,1,0,0,1,02 - Minor,1,,1,,,361766.9629,5025725.153,45.36915402,-75.77274082,815
15--10345,2015/08/30,10:46 AM,HIGHWAY 417 btwn HWY417 IC155 RAMP61 & HWY417 IC145 RAMP56 (__3ZA2Q2),__3ZA2Q2,01 - Non intersection,03 - P.D. only,04 - Sideswipe,01 - Clear,01 - Daylight,01 - Dry,10 - No control,,2,0,0,0,,0,,,,,344413.0722,5015393.096,45.27737817,-75.99510232,816
15--10346,2015/08/30,10:48 PM,MONTFORT ST btwn PARK ST & BRADLEY AVE (__3ZA8WJ),__3ZA8WJ,01 - Non intersection,02 - Non-fatal injury,07 - SMV other,01 - Clear,07 - Dark,01 - Dry,10 - No control,,1,0,0,0,02 - Minor,1,,1,,,370391.5406,5033555.033,45.43885026,-75.66160617,817
15--10347,2015/08/30,11:40 AM,INNES RD @ ORCHARDVIEW AVE/ESPRIT DR (0012279),12279,02 - Intersection related,03 - P.D. only,03 - Rear end,01 - Clear,01 - Daylight,01 - Dry,01 - Traffic signal,01 - Functioning,2,0,0,0,,0,,,,,384844.7646,5036558.758,45.46436974,-75.47640263,818
15--10348,2015/08/30,12:19 AM,BRONSON AVE @ SOMERSET ST (0002218),2218,03 - At intersection,02 - Non-fatal injury,02 - Angle,01 - Clear,07 - Dark,01 - Dry,01 - Traffic signal,01 - Functioning,2,1,0,0,02 - Minor,1,,1,,,366967.6961,5030476.212,45.41146081,-75.70575413,819
15--10349,2015/08/30,12:33 AM,MONTREAL RD @ OLMSTEAD ST (0009345),9345,02 - Intersection related,03 - P.D. only,04 - Sideswipe,01 - Clear,07 - Dark,01 - Dry,01 - Traffic signal,01 - Functioning,2,0,0,0,,0,,,,,370333.434,5033212.505,45.43577378,-75.66239441,820
15--1035,2015/01/16,2:20 AM,JEANNE D'ARC BLVD @ ORLEANS BLVD S (0004154),4154,03 - At intersection,03 - P.D. only,07 - SMV other,03 - Snow,07 - Dark,05 - Packed snow,01 - Traffic signal,01 - Functioning,1,0,0,0,,0,,,,,380941.176,5036249.501,45.46202369,-75.52636145,821
15--10350,2015/08/30,3:24 PM,FINTER ST btwn ST. LAURENT BLVD & END (__3ZA86R),__3ZA86R,01 - Non intersection,03 - P.D. only,06 - SMV unattended vehicle,01 - Clear,01 - Daylight,01 - Dry,10 - No control,,1,0,0,0,,0,,,,,370832.528,5035417.169,45.45556339,-75.65572014,822
15--10636,2015/09/08,11:50 AM,KENT ST @ LAURIER AVE (0002222),2222,03 - At intersection,02 - Non-fatal injury,05 - Turning movement,01 - Clear,01 - Daylight,01 - Dry,01 - Traffic signal,01 - Functioning,2,1,0,0,01 - Minimal,1,1,,,,367316.699,5031164.228,45.41762028,-75.70120847,823
15--10351,2015/08/30,3:36 PM,MEADOWBROOK RD btwn CEDARCROFT CRES & CEDARCROFT CRES (__3ZA7JS),__3ZA7JS,01 - Non intersection,03 - P.D. only,07 - SMV other,01 - Clear,01 - Daylight,01 - Dry,10 - No control,,1,0,0,0,,0,,,,,374417.6804,5031985.699,45.42434094,-75.61037182,824
15--10637,2015/09/08,11:56 AM,WOODROFFE AVE @ QUEENSBURY DR/RIDEAUCREST DR (0000043),43,03 - At intersection,02 - Non-fatal injury,02 - Angle,01 - Clear,01 - Daylight,01 - Dry,01 - Traffic signal,01 - Functioning,2,1,0,0,02 - Minor,1,,1,,,365728.4235,5016328.446,45.28427039,-75.72332837,825
15--10352,2015/08/30,3:45 PM,BANK ST btwn CHAMBERLAIN AVE S & PRETORIA AVE (__3ZA3PL),__3ZA3PL,01 - Non intersection,03 - P.D. only,04 - Sideswipe,01 - Clear,01 - Daylight,01 - Dry,10 - No control,,2,0,0,0,,0,,,,,368102.1716,5030118.634,45.40814174,-75.69130758,826
15--10638,2015/09/08,Unknown,DOLAN DR btwn CONWAY ST & SHERWAY DR (__3ZAABV),__3ZAABV,01 - Non intersection,03 - P.D. only,06 - SMV unattended vehicle,99 - Other,00 - Unknown,00 - Unknown,10 - No control,,1,0,0,0,,0,,,,,363170.0139,5015457.075,45.27664688,-75.75604079,827
15--10353,2015/08/30,3:59 PM,JINKINSON RD btwn FERNBANK RD & HAZELDEAN RD (__7JQ7K3),__7JQ7K3,01 - Non intersection,03 - P.D. only,07 - SMV other,01 - Clear,01 - Daylight,01 - Dry,10 - No control,,1,0,0,0,,0,,,,,345151.3589,5009929.759,45.22817455,-75.98613623,828