Anom_ID,Accident_Date,Accident_Time,Location,Geo_ID,Accident_Location,Classification_of_Accident,Initial_Impact_Type,Environment_Condition,Light,Road_Surface_Condition,Traffic_Control,Traffic_Control_Condition,No__of_Vehicles,No__of_Bicycles,No__of_Motorcycles,No__of_Pedestrians,Max_Injury,No__of_Injuries,No__of_Minimal,No__of_Minor,No__of_Major,No__of_Fatal,X,Y,Latitude,Longitude,ObjectId
15--10639,2015/09/08,12:00 PM,EARL ARMSTRONG RD @ RIVER RD (0012470),12470,02 - Intersection related,03 - P.D. only,03 - Rear end,01 - Clear,01 - Daylight,01 - Dry,01 - Traffic signal,01 - Functioning,2,0,0,0,,0,,,,,367572.7185,5014684.037,45.26931186,-75.70002884,829
15--1064,2015/01/16,6:22 PM,JOHN QUINN RD btwn IVESON DR & COOPER HILL RD (__3ZA7H1),__3ZA7H1,01 - Non intersection,03 - P.D. only,07 - SMV other,01 - Clear,07 - Dark,01 - Dry,10 - No control,,1,0,0,0,,0,,,,,381993.7017,5014351.948,45.26488893,-75.5163251,830
15--10640,2015/09/08,12:01 PM,SMYTH RD/OTHELLO AVE @ RUSSELL RD W (0007730),7730,02 - Intersection related,02 - Non-fatal injury,03 - Rear end,01 - Clear,01 - Daylight,01 - Dry,01 - Traffic signal,01 - Functioning,2,0,0,0,01 - Minimal,1,1,,,,373255.3772,5029374.308,45.4009596,-75.62558555,831
15--10641,2015/09/08,12:01 PM,HWY417 IC117 RAMP51 btwn HIGHWAY 417 & HWY417 IC117 RAMP53 (__3ZAY9J),__3ZAY9J,01 - Non intersection,02 - Non-fatal injury,07 - SMV other,01 - Clear,01 - Daylight,01 - Dry,10 - No control,,1,0,0,0,03 - Major,1,,,1,,370473.5582,5031132.153,45.41704249,-75.66088102,832
15--10642,2015/09/08,12:10 PM,GLENORA ST btwn HAZEL ST & HERRIDGE ST (__3ZA95F),__3ZA95F,01 - Non intersection,02 - Non-fatal injury,06 - SMV unattended vehicle,01 - Clear,01 - Daylight,01 - Dry,10 - No control,,1,0,0,0,02 - Minor,1,,1,,,369142.1106,5030029.891,45.40724843,-75.67803519,833
15--10643,2015/09/08,12:37 PM,REGIONAL RD 174 @ TRIM RD (0012835),12835,02 - Intersection related,02 - Non-fatal injury,03 - Rear end,01 - Clear,01 - Daylight,01 - Dry,01 - Traffic signal,01 - Functioning,2,0,0,0,01 - Minimal,1,1,,,,384352.574,5039989.98,45.49529683,-75.48213992,834
15--10644,2015/09/08,2:31 AM,HIGHWAY 417 btwn RAMP & HWY417 IC88 RAMP51 (__3ZA2W2),__3ZA2W2,01 - Non intersection,03 - P.D. only,99 - Other,01 - Clear,07 - Dark,01 - Dry,10 - No control,,4,0,0,0,,0,,,,,392415.0212,5022866.935,45.34027774,-75.38204584,835
15--10645,2015/09/08,2:35 PM,CARLING AVE @ IROQUOIS RD (0003145),3145,03 - At intersection,02 - Non-fatal injury,02 - Angle,01 - Clear,01 - Daylight,01 - Dry,01 - Traffic signal,01 - Functioning,2,0,0,0,01 - Minimal,1,1,,,,362214.4067,5026025.17,45.37181703,-75.7669942,836
15--10646,2015/09/08,2:36 PM,BASELINE RD @ PENDER ST (0003211),3211,02 - Intersection related,02 - Non-fatal injury,03 - Rear end,01 - Clear,01 - Daylight,01 - Dry,02 - Stop sign,00 - Unknown,2,0,0,0,02 - Minor,1,,1,,,363935.3278,5024625.518,45.35908005,-75.74519272,837
15--10647,2015/09/08,2:55 PM,RIDGEWOOD AVE @ RIVERSIDE DR (0007180),7180,02 - Intersection related,03 - P.D. only,04 - Sideswipe,01 - Clear,01 - Daylight,01 - Dry,01 - Traffic signal,01 - Functioning,3,0,0,0,,0,,,,,368280.4852,5025609.313,45.36755203,-75.68960985,838
15--10648,2015/09/08,3:10 PM,HIGHWAY 417 btwn HWY417 IC124 RAMP67 & HWY417 IC123 RAMP62 (__3ZA2YZ),__3ZA2YZ,01 - Non intersection,03 - P.D. only,04 - Sideswipe,01 - Clear,01 - Daylight,01 - Dry,10 - No control,,2,0,0,0,,0,,,,,364759.8416,5028036.542,45.38970183,-75.73425539,839
15--10649,2015/09/08,4:00 PM,HIGHWAY 417 btwn HWY417 IC122 RAMP16 & HWY417 IC122 RAMP61 (__3ZA2RA),__3ZA2RA,01 - Non intersection,03 - P.D. only,03 - Rear end,01 - Clear,01 - Daylight,01 - Dry,10 - No control,,2,0,1,0,,0,,,,,365325.8679,5028892.486,45.39735474,-75.72692235,840
15--1065,2015/01/16,6:22 PM,HIGHWAY 417 btwn HWY417 IC127 RAMP67 & HWY417 IC126 RAMP16 (__3ZA2X0),__3ZA2X0,01 - Non intersection,03 - P.D. only,03 - Rear end,01 - Clear,07 - Dark,01 - Dry,10 - No control,,3,0,0,0,,0,,,,,362513.0314,5025163.361,45.36403803,-75.76328267,841
15--10650,2015/09/08,4:28 AM,RICHMOND RD btwn LOCKHART AVE & CLEARY AVE (__3ZAYFU),__3ZAYFU,01 - Non intersection,03 - P.D. only,07 - SMV other,01 - Clear,07 - Dark,01 - Dry,10 - No control,,1,0,0,0,,0,,,,,361822.5793,5026994.54,45.38057132,-75.77188429,842
15--10651,2015/09/08,5:00 AM,ANDERSON RD btwn HWY417 IC104 RAMP16 & HWY417 IC104 RAMP15 (__3ZA2BG),__3ZA2BG,01 - Non intersection,03 - P.D. only,07 - SMV other,01 - Clear,07 - Dark,01 - Dry,10 - No control,,1,0,0,0,,0,,,,,379987.1927,5026110.508,45.37090345,-75.5401055,843
15--10652,2015/09/08,5:00 PM,RIVERSIDE DR SB btwn SAN REMO PRIV & TERMINAL AVE (__3ZA253),__3ZA253,01 - Non intersection,02 - Non-fatal injury,03 - Rear end,01 - Clear,01 - Daylight,01 - Dry,10 - No control,,4,0,0,0,02 - Minor,2,,2,,,370660.2141,5030577.779,45.41203692,-75.65857043,844
15--10653,2015/09/08,5:26 PM,LAURIER AVE  E btwn WALLER ST & 73 E OF WALLER ST (__3ZA3UVA),__3ZA3UVA,04 - At/near private drive,03 - P.D. only,02 - Angle,01 - Clear,01 - Daylight,01 - Dry,10 - No control,,2,0,0,0,,0,,,,,368459.5649,5031862.028,45.42379579,-75.68651709,845
15--10654,2015/09/08,5:30 AM,FIRESTONE CRES btwn STANTON RD & STANTON RD (__3ZABIA),__3ZABIA,04 - At/near private drive,03 - P.D. only,06 - SMV unattended vehicle,01 - Clear,07 - Dark,01 - Dry,10 - No control,,1,0,0,0,,0,,,,,360761.2308,5023193.18,45.34645246,-75.78586597,846
15--10655,2015/09/08,5:30 PM,PRINCE OF WALES DR @ MERIVALE RD (0000564),564,02 - Intersection related,03 - P.D. only,03 - Rear end,01 - Clear,01 - Daylight,01 - Dry,01 - Traffic signal,01 - Functioning,2,0,0,0,,0,,,,,367449.7113,5017615.38,45.29569877,-75.70122622,847
15--10656,2015/09/08,5:38 PM,KING EDWARD AVE btwn MARIE CURIE PRIV & TEMPLETON ST (__3ZA3MD),__3ZA3MD,01 - Non intersection,03 - P.D. only,03 - Rear end,01 - Clear,01 - Daylight,01 - Dry,10 - No control,,2,0,0,0,,0,,,,,368965.6382,5031658.803,45.42192101,-75.6800773,848
15--10657,2015/09/08,5:54 PM,CRESTWAY DR @ STRANDHERD DR (0010538),10538,02 - Intersection related,02 - Non-fatal injury,03 - Rear end,02 - Rain,01 - Daylight,02 - Wet,01 - Traffic signal,01 - Functioning,3,0,0,0,01 - Minimal,1,1,,,,366347.6235,5015470.052,45.27649267,-75.71554245,849
15--10658,2015/09/08,5:57 PM,QUEEN ELIZABETH DRWY @ QUEEN ELIZABETH PL (0002124),2124,03 - At intersection,03 - P.D. only,02 - Angle,01 - Clear,01 - Daylight,01 - Dry,02 - Stop sign,01 - Functioning,2,0,0,0,,0,,,,,368588.3593,5028841.901,45.39660997,-75.68526225,850
15--10659,2015/09/08,6:00 PM,MERIVALE RD @ 170 N OF HUNTCLUB RD/COSTCO/CANA (0004681),4681,02 - Intersection related,03 - P.D. only,03 - Rear end,01 - Clear,01 - Daylight,01 - Dry,01 - Traffic signal,01 - Functioning,2,0,0,0,,0,,,,,365547.8058,5022100.094,45.3362188,-75.72492301,851
15--1066,2015/01/16,6:30 PM,HIGHWAY 417 btwn HWY417 IC126 RAMP61 & HWY417 IC124 RAMP76 (__3ZA2Y2),__3ZA2Y2,01 - Non intersection,03 - P.D. only,03 - Rear end,01 - Clear,07 - Dark,01 - Dry,10 - No control,,2,0,0,0,,0,,,,,363268.07,5026014.526,45.37163414,-75.75354455,852
15--10660,2015/09/08,6:09 PM,EAGLESON RD btwn FAULKNER TR & FALLOWFIELD RD (__3ZA410),__3ZA410,01 - Non intersection,03 - P.D. only,03 - Rear end,02 - Rain,01 - Daylight,02 - Wet,10 - No control,,2,0,0,0,,0,,,,,355899.6521,5012752.604,45.25287743,-75.8489775,853
15--10661,2015/09/08,6:16 PM,SOMERSET ST    W btwn ROCHESTER ST & BOOTH ST (__3ZA323),__3ZA323,04 - At/near private drive,03 - P.D. only,02 - Angle,01 - Clear,01 - Daylight,01 - Dry,10 - No control,,2,0,0,0,,0,,,,,366535.2039,5030225.071,45.4092394,-75.71131051,854
15--10662,2015/09/08,6:17 PM,EAGLESON RD btwn EAGLESON RD & FLEWELLYN RD (__3ZA41C),__3ZA41C,01 - Non intersection,03 - P.D. only,03 - Rear end,02 - Rain,01 - Daylight,02 - Wet,10 - No control,,3,0,0,0,,0,,,,,355301.3594,5014336.726,45.26717494,-75.85643839,855
15--10663,2015/09/08,6:39 PM,BANK ST @ GROVE AVE (0007217),7217,02 - Intersection related,02 - Non-fatal injury,07 - SMV other,01 - Clear,01 - Daylight,01 - Dry,02 - Stop sign,00 - Unknown,1,1,0,0,02 - Minor,1,,1,,,368847.7107,5028372.549,45.39236321,-75.68201095,856
15--10664,2015/09/08,6:40 PM,BASELINE RD @ SOUTHWOOD DR (0002754),2754,02 - Intersection related,03 - P.D. only,03 - Rear end,02 - Rain,05 - Dusk,02 - Wet,02 - Stop sign,01 - Functioning,2,0,0,0,,0,,,,,361229.6787,5022961.578,45.34433098,-75.77991489,857
15--10665,2015/09/08,7:00 AM,MADISON AVE btwn WINSTON AVE & CHURCHILL AVE N (__3ZA0JQ),__3ZA0JQ,01 - Non intersection,03 - P.D. only,06 - SMV unattended vehicle,01 - Clear,01 - Daylight,01 - Dry,10 - No control,,1,0,0,0,,0,,,,,363077.1056,5028295.15,45.39217079,-75.75571315,858
15--10666,2015/09/08,7:27 AM,HAWTHORNE RD/RUSSELL RD @ WALKLEY RD (0002618),2618,02 - Intersection related,03 - P.D. only,03 - Rear end,01 - Clear,01 - Daylight,01 - Dry,01 - Traffic signal,01 - Functioning,3,0,0,0,,0,,,,,374674.7439,5028499.902,45.3929519,-75.60758132,859
15--10667,2015/09/08,7:30 AM,REGIONAL ROAD 174 btwn OR174 IC112 RAMP36 & OR174 IC112 RAMP26 (__3ZAZFK),__3ZAZFK,07 - Overpass or bridge,03 - P.D. only,07 - SMV other,01 - Clear,01 - Daylight,01 - Dry,10 - No control,,1,0,0,0,,0,,,,,374774.6216,5032830.063,45.43190245,-75.60569114,860
15--10668,2015/09/08,7:30 PM,GEORGE ST    W btwn PRESTON ST & END (__3ZA06J),__3ZA06J,01 - Non intersection,03 - P.D. only,06 - SMV unattended vehicle,01 - Clear,07 - Dark,01 - Dry,10 - No control,,1,0,0,0,,0,,,,,366577.6203,5029399.623,45.4018085,-75.7108721,861
15--10669,2015/09/08,7:37 PM,BANK ST @ CHAMBERLAIN AVE N/ISABELLA ST (0002132),2132,03 - At intersection,03 - P.D. only,02 - Angle,01 - Clear,07 - Dark,01 - Dry,01 - Traffic signal,01 - Functioning,2,1,0,0,,0,,,,,368082.5319,5030165.571,45.40856584,-75.69155243,862
15--1067,2015/01/16,6:30 PM,HIGHWAY 417 btwn HWY417 IC127 RAMP67 & HWY417 IC126 RAMP16 (__3ZA2X0),__3ZA2X0,01 - Non intersection,03 - P.D. only,03 - Rear end,01 - Clear,07 - Dark,01 - Dry,10 - No control,,2,0,0,0,,0,,,,,362378.5393,5025046.696,45.36299935,-75.76501294,863
15--10670,2015/09/08,7:59 PM,COLONNADE RD    N btwn COLONNADE RD & CORINTH PRIV (__6XF94A),__6XF94A,04 - At/near private drive,03 - P.D. only,05 - Turning movement,01 - Clear,05 - Dusk,01 - Dry,10 - No control,,2,0,0,0,,0,,,,,366272.7802,5023063.228,45.34482178,-75.71555431,864
15--10671,2015/09/08,8:00 AM,BOWERCREST CRES btwn JERSEY TEA CIRC & CORAL BERRY AVE (__6N37Z4),__6N37Z4,04 - At/near private drive,03 - P.D. only,06 - SMV unattended vehicle,01 - Clear,01 - Daylight,01 - Dry,10 - No control,,1,0,0,0,,0,,,,,369434.9751,5015955.989,45.28058803,-75.6761332,865
15--10672,2015/09/08,8:00 AM,HIGHWAY 417 btwn HWY417 IC96 RAMP61 & HWY417 IC88 RAMP16 (__3ZA27Z),__3ZA27Z,01 - Non intersection,03 - P.D. only,07 - SMV other,01 - Clear,01 - Daylight,01 - Dry,10 - No control,,1,0,0,0,,0,,,,,392398.6908,5022909.08,45.34065895,-75.38224671,866
15--10673,2015/09/08,8:10 AM,HIGHWAY 417 btwn HWY 417 ANDERSON IC104R61 & HWY 417 BOUNDARY IC96R16 (__3ZA2W5),__3ZA2W5,01 - Non intersection,03 - P.D. only,07 - SMV other,01 - Clear,01 - Daylight,01 - Dry,10 - No control,,1,0,0,0,,0,,,,,385013.6216,5024961.762,45.36001067,-75.47613091,867
15--10674,2015/09/08,8:21 PM,ISABELLA ST/HWY417 IC119AR75 @ METCALFE ST (0011380),11380,02 - Intersection related,02 - Non-fatal injury,07 - SMV other,01 - Clear,07 - Dark,01 - Dry,01 - Traffic signal,01 - Functioning,1,0,0,1,01 - Minimal,1,1,,,,368448.7065,5030399.204,45.41063479,-75.68684478,868
15--10675,2015/09/08,8:40 AM,HWY417 IC119A RAMP75 btwn METCALFE ST & HIGHWAY 417 (__3ZAY9U),__3ZAY9U,01 - Non intersection,03 - P.D. only,03 - Rear end,01 - Clear,01 - Daylight,01 - Dry,10 - No control,,2,0,0,0,,0,,,,,368505.7462,5030445.774,45.41104862,-75.68611012,869
15--10676,2015/09/08,8:50 PM,CONROY RD @ HUNT CLUB RD (0002257),2257,02 - Intersection related,03 - P.D. only,03 - Rear end,01 - Clear,07 - Dark,01 - Dry,01 - Traffic signal,01 - Functioning,2,0,0,0,,0,,,,,373765.1814,5025404.883,45.36519445,-75.61962888,870
15--10677,2015/09/08,9:00 AM,CUMBERLAND ST btwn BOTELER ST & BOLTON ST (__3ZBOW7),__3ZBOW7,01 - Non intersection,03 - P.D. only,06 - SMV unattended vehicle,01 - Clear,01 - Daylight,01 - Dry,10 - No control,,1,0,0,0,,0,,,,,367900.3424,5033180.555,45.43571011,-75.69349353,871
15--10678,2015/09/08,9:20 AM,HIGHWAY 417 btwn HWY417 IC127 RAMP25 & HWY417 IC126 RAMP51 (__3ZA2XA),__3ZA2XA,01 - Non intersection,03 - P.D. only,03 - Rear end,01 - Clear,01 - Daylight,01 - Dry,10 - No control,,2,0,0,0,,0,,,,,363173.3336,5025840.867,45.37007948,-75.75477446,872
15--10679,2015/09/08,9:26 AM,METCALFE ST @ SOMERSET ST (0002689),2689,03 - At intersection,02 - Non-fatal injury,02 - Angle,01 - Clear,01 - Daylight,01 - Dry,01 - Traffic signal,01 - Functioning,2,0,0,0,01 - Minimal,1,1,,,,368009.9836,5031103.492,45.41701151,-75.69235887,873
15--1068,2015/01/16,6:45 AM,OTTAWA RIVER PKWY btwn TRANSITWAY - TIME POINT & VIMY PLACE PRIV (__5VHJ2QA),__5VHJ2QA,01 - Non intersection,03 - P.D. only,04 - Sideswipe,03 - Snow,07 - Dark,05 - Packed snow,10 - No control,,2,0,0,0,,0,,,,,365947.724,5030781.381,45.41429651,-75.71874606,874
15--10680,2015/09/08,9:27 PM,LEMIEUX ST @ ST. LAURENT BLVD (0002021),2021,02 - Intersection related,02 - Non-fatal injury,02 - Angle,01 - Clear,07 - Dark,01 - Dry,01 - Traffic signal,01 - Functioning,2,1,0,0,01 - Minimal,1,1,,,,372390.2833,5031742.925,45.42235541,-75.63630976,875
15--10681,2015/09/08,9:59 AM,ALBERT ST @ ELGIN ST/MACKENZIE KING BRIDGE (0002226),2226,02 - Intersection related,03 - P.D. only,03 - Rear end,01 - Clear,01 - Daylight,01 - Dry,01 - Traffic signal,01 - Functioning,2,0,0,0,,0,,,,,367851.0681,5031711.08,45.42249272,-75.6943114,876
15--10682,2015/09/09,1:45 PM,MURRAY ST btwn BEAUSOLEIL DR & END (__3ZA7CE),__3ZA7CE,01 - Non intersection,03 - P.D. only,05 - Turning movement,01 - Clear,01 - Daylight,01 - Dry,10 - No control,,2,0,0,0,,0,,,,,368638.1752,5032963.303,45.43368839,-75.68409217,877
15--10683,2015/09/09,1:59 PM,CATHERINE ST @ METCALFE ST (0011239),11239,02 - Intersection related,03 - P.D. only,03 - Rear end,01 - Clear,01 - Daylight,01 - Dry,01 - Traffic signal,01 - Functioning,2,0,0,0,,0,,,,,368392.986,5030486.203,45.41142264,-75.68754535,878
15--10684,2015/09/09,10:55 AM,NORTHSIDE RD @ CASSIDY RD (0000643),643,03 - At intersection,03 - P.D. only,07 - SMV other,02 - Rain,01 - Daylight,02 - Wet,10 - No control,,1,0,0,0,,0,,,,,358853.2639,5021477.915,45.33116807,-75.81039955,879
15--10685,2015/09/09,Unknown,MACLAREN ST btwn KENT ST & BANK ST (__3ZA9T1),__3ZA9T1,01 - Non intersection,03 - P.D. only,06 - SMV unattended vehicle,01 - Clear,00 - Unknown,01 - Dry,10 - No control,,1,0,0,0,,0,,,,,367649.4108,5030789.896,45.41422235,-75.69700549,880
15--10686,2015/09/09,Unknown,HUNTERSWOOD CRES btwn FOLKWAY GT (2) & HUNTERSWOOD CRES (__3ZBOAI),__3ZBOAI,01 - Non intersection,03 - P.D. only,06 - SMV unattended vehicle,01 - Clear,00 - Unknown,01 - Dry,10 - No control,,1,0,0,0,,0,,,,,375158.1279,5026785.919,45.37748193,-75.60165276,881
15--10687,2015/09/09,12:07 AM,AIRPORT PKWY/ALERT/UPLANDS/LESTER/RAMP62 btwn LESTER RD & AIRPORT PKWY (__3ZAY9A),__3ZAY9A,01 - Non intersection,03 - P.D. only,05 - Turning movement,01 - Clear,07 - Dark,01 - Dry,10 - No control,,2,0,0,0,,0,,,,,371291.8105,5021470.172,45.33003013,-75.651728,882
15--10688,2015/09/09,12:12 PM,BANK ST btwn HOLMWOOD AVE & LANSDOWNE PARK (__3ZA3NFA),__3ZA3NFA,01 - Non intersection,03 - P.D. only,04 - Sideswipe,01 - Clear,01 - Daylight,01 - Dry,10 - No control,,2,0,0,0,,0,,,,,368504.7711,5029142.424,45.39932159,-75.68629096,883
15--10689,2015/09/09,2:45 PM,REGIONAL ROAD 174 btwn Continuation of REGIONAL ROAD 174 & OR174 IC112 (__3ZA2YI),__3ZA2YI,01 - Non intersection,03 - P.D. only,04 - Sideswipe,01 - Clear,01 - Daylight,01 - Dry,10 - No control,,2,0,0,0,,0,,,,,374511.1227,5032628.227,45.43011276,-75.60908694,884
15--1069,2015/01/16,6:56 PM,YOHO DR btwn KOKANEE GT & SAUBLE DR (__3ZA2VC),__3ZA2VC,01 - Non intersection,03 - P.D. only,01 - Approaching,01 - Clear,07 - Dark,05 - Packed snow,10 - No control,,2,0,0,0,,0,,,,,355111.0611,5017483.506,45.29550398,-75.85854429,885
15--10690,2015/09/09,2:58 PM,CAMPEAU DR/HWY 417 MARCH IC138R63 @ MARCH RD (0009710),9710,02 - Intersection related,03 - P.D. only,03 - Rear end,01 - Clear,01 - Daylight,01 - Dry,01 - Traffic signal,01 - Functioning,2,0,0,0,,0,,,,,352841.6249,5020475.386,45.32258442,-75.8871874,886
15--10691,2015/09/09,3:40 PM,HIGHWAY 417 btwn HWY417 IC120B RAMP36 & HWY417 IC119B RAMP76 (__3ZA2YU),__3ZA2YU,01 - Non intersection,03 - P.D. only,03 - Rear end,01 - Clear,01 - Daylight,01 - Dry,10 - No control,,2,0,0,0,,0,,,,,367797.3169,5030029.093,45.40736359,-75.69521319,887
15--10692,2015/09/09,4:00 AM,MONTREAL RD @ CARSON'S RD/CODD'S RD (0010801),10801,02 - Intersection related,03 - P.D. only,07 - SMV other,01 - Clear,07 - Dark,01 - Dry,01 - Traffic signal,01 - Functioning,1,0,0,0,,0,,,,,372771.4391,5034398.941,45.44621599,-75.6310731,888
15--10693,2015/09/09,4:05 PM,DWYER HILL RD btwn DWYER HILL RD & O'NEIL RD (__3ZA177),__3ZA177,01 - Non intersection,02 - Non-fatal injury,07 - SMV other,01 - Clear,01 - Daylight,01 - Dry,10 - No control,,1,0,0,0,01 - Minimal,1,1,,,,350972.2524,4995333.48,45.09647243,-75.9133619,889
15--10694,2015/09/09,4:29 PM,CAMEO DR @ MAITLAND AVE (0003215),3215,02 - Intersection related,03 - P.D. only,04 - Sideswipe,01 - Clear,01 - Daylight,01 - Dry,02 - Stop sign,00 - Unknown,2,0,0,0,,0,,,,,364150.7959,5025145.782,45.36374311,-75.74238023,890
15--10695,2015/09/09,4:33 PM,RICHMOND RD btwn WEST HUNT CLUB RD & STONEHAVEN DR (__3ZA41H),__3ZA41H,01 - Non intersection,02 - Non-fatal injury,03 - Rear end,01 - Clear,01 - Daylight,01 - Dry,10 - No control,,2,0,0,0,01 - Minimal,2,2,,,,357071.448,5017882.911,45.29895478,-75.83350933,891
15--10696,2015/09/09,5:05 PM,DES EPINETTES AVE @ PRESTWICK DR (0004495),4495,02 - Intersection related,02 - Non-fatal injury,07 - SMV other,01 - Clear,01 - Daylight,01 - Dry,02 - Stop sign,01 - Functioning,1,0,0,0,03 - Major,1,,,1,,383334.7613,5036663.489,45.46548341,-75.49569252,892
15--10697,2015/09/09,5:22 PM,DRIVEWAY (THE) @ PRINCE OF WALES DR (0002128),2128,02 - Intersection related,03 - P.D. only,03 - Rear end,01 - Clear,01 - Daylight,01 - Dry,11 - Roundabout,01 - Functioning,3,0,0,0,,0,,,,,366883.2667,5028139.087,45.39043949,-75.70712688,893
15--10698,2015/09/09,5:27 PM,HUNT CLUB RD btwn ESSON ST & BLOHM DR (__3ZA2F1),__3ZA2F1,01 - Non intersection,02 - Non-fatal injury,03 - Rear end,01 - Clear,01 - Daylight,01 - Dry,10 - No control,,2,0,0,0,02 - Minor,1,,1,,,374769.4678,5025983.557,45.37030157,-75.60672832,894
15--10699,2015/09/09,5:36 PM,EAGLESON RD @ FALLOWFIELD RD (0000118),118,03 - At intersection,03 - P.D. only,02 - Angle,01 - Clear,01 - Daylight,01 - Dry,01 - Traffic signal,01 - Functioning,2,0,0,0,,0,,,,,355961.6341,5012594.045,45.25144617,-75.8482042,895
15--107,2015/01/03,7:34 PM,CARLING AVE @ WESTGATE SC E (0008795),8795,03 - At intersection,03 - P.D. only,04 - Sideswipe,03 - Snow,07 - Dark,05 - Packed snow,01 - Traffic signal,01 - Functioning,2,0,0,0,,0,,,,,364800.3166,5027658.776,45.3862993,-75.73378446,896
15--1070,2015/01/16,7:00 PM,CATHERINE ST/HWY 417 O'CONN IC119BR76 @ O'CONN (0001697),1697,02 - Intersection related,03 - P.D. only,03 - Rear end,01 - Clear,07 - Dark,04 - Slush,01 - Traffic signal,01 - Functioning,2,0,0,0,,0,,,,,368243.6015,5030392.571,45.41059373,-75.68946573,897
15--10700,2015/09/09,6:05 PM,BRONSON AVE @ THIRD AVE (0007716),7716,03 - At intersection,03 - P.D. only,05 - Turning movement,01 - Clear,01 - Daylight,01 - Dry,02 - Stop sign,00 - Unknown,2,0,0,0,,0,,,,,367549.2706,5029089.36,45.39893043,-75.69850123,898
15--10701,2015/09/09,6:05 PM,ARGYLE AVE N @ ELGIN ST (0007262),7262,02 - Intersection related,03 - P.D. only,03 - Rear end,01 - Clear,01 - Daylight,01 - Dry,01 - Traffic signal,01 - Functioning,2,0,0,0,,0,,,,,368494.1198,5030671.569,45.41308131,-75.68622946,899
15--10702,2015/09/09,6:21 PM,LEES AVE / GRAHAM AVE @ MAIN ST (0002252),2252,02 - Intersection related,02 - Non-fatal injury,03 - Rear end,01 - Clear,01 - Daylight,01 - Dry,01 - Traffic signal,01 - Functioning,2,0,0,0,02 - Minor,1,,1,,,369002.4275,5030559.489,45.4120264,-75.67975047,900
15--10703,2015/09/09,6:41 PM,HWY 417 WOODROFF IC127R53 @ WOODROFFE AVE (0002347),2347,02 - Intersection related,03 - P.D. only,03 - Rear end,01 - Clear,01 - Daylight,01 - Dry,03 - Yield sign,01 - Functioning,2,0,0,0,,0,,,,,362206.2464,5024626.548,45.35923303,-75.76726087,901
15--10704,2015/09/09,7:19 AM,CARLING AVE WB btwn HWY417 IC124 RAMP76 & KIRKWOOD AVE (__3ZBOD8),__3ZBOD8,01 - Non intersection,03 - P.D. only,04 - Sideswipe,01 - Clear,01 - Daylight,01 - Dry,10 - No control,,2,0,0,0,,0,,,,,364226.2951,5027466.918,45.38462193,-75.74113727,902
15--10705,2015/09/09,7:25 AM,COPE DR @ TERRY FOX (0009143),9143,03 - At intersection,03 - P.D. only,05 - Turning movement,01 - Clear,01 - Daylight,01 - Dry,01 - Traffic signal,01 - Functioning,2,0,0,0,,0,,,,,353997.2701,5015345.668,45.27634609,-75.87295601,903
15--10706,2015/09/09,7:41 AM,JOCKVALE RD/RIDEAU VALLEY DR @ PRINCE OF WALES (0004638),4638,03 - At intersection,03 - P.D. only,05 - Turning movement,01 - Clear,01 - Daylight,01 - Dry,01 - Traffic signal,01 - Functioning,2,0,0,0,,0,,,,,366713.0758,5012195.412,45.24699551,-75.7112931,904
15--10707,2015/09/09,7:55 PM,MONTREAL RD btwn DUROCHER ST & SAVARD AVE (__3ZA3LQ),__3ZA3LQ,04 - At/near private drive,03 - P.D. only,05 - Turning movement,01 - Clear,05 - Dusk,01 - Dry,10 - No control,,2,0,0,0,,0,,,,,370151.0562,5033108.902,45.43485868,-75.66473895,905
15--10708,2015/09/09,7:56 AM,HUNT CLUB RD WB btwn 275 E OF HAWTHORNE RD/OC TRANSPO TURNAROUND & HWY417 HUNT CLUB IC109 RAMP53 (e___1GZMB),e___1GZMB,01 - Non intersection,03 - P.D. only,04 - Sideswipe,01 - Clear,01 - Daylight,01 - Dry,10 - No control,,2,0,0,0,,0,,,,,376389.215,5027230.844,45.38136043,-75.58587147,906
15--10354,2015/08/30,4:14 PM,CARLING AVE @ KIRKWOOD AVE S (0002209),2209,02 - Intersection related,03 - P.D. only,03 - Rear end,01 - Clear,01 - Daylight,01 - Dry,01 - Traffic signal,01 - Functioning,2,0,0,0,,0,,,,,364351.7005,5027337.099,45.38344319,-75.73955167,907
15--10355,2015/08/30,4:32 PM,CARILLON ST @ HANNAH ST (0010006),10006,03 - At intersection,03 - P.D. only,02 - Angle,01 - Clear,01 - Daylight,01 - Dry,02 - Stop sign,01 - Functioning,2,0,0,0,,0,,,,,370154.9837,5033390.233,45.43738961,-75.6646514,908
15--10356,2015/08/30,5:09 PM,WALLER ST btwn BESSERER ST & DALY AVE (__3ZBN03),__3ZBN03,01 - Non intersection,02 - Non-fatal injury,03 - Rear end,01 - Clear,01 - Daylight,01 - Dry,10 - No control,,2,1,0,0,01 - Minimal,1,1,,,,368338.2971,5032130.179,45.42621955,-75.68803199,909
15--10357,2015/08/30,5:33 AM,DALHOUSIE ST @ MURRAY ST (0008241),8241,03 - At intersection,03 - P.D. only,02 - Angle,01 - Clear,03 - Dawn,01 - Dry,01 - Traffic signal,01 - Functioning,2,0,0,0,,0,,,,,367999.9784,5032572.514,45.43023017,-75.69229823,910
15--10358,2015/08/30,6:24 PM,RUSSELL RD @ SAUMURE RD/LANGLADE RD (0004091),4091,03 - At intersection,02 - Non-fatal injury,05 - Turning movement,01 - Clear,01 - Daylight,01 - Dry,02 - Stop sign,00 - Unknown,2,0,0,0,02 - Minor,2,,2,,,399947.8987,5029465.566,45.39866195,-75.28467747,911