Anom_ID,Accident_Date,Accident_Time,Location,Geo_ID,Accident_Location,Classification_of_Accident,Initial_Impact_Type,Environment_Condition,Light,Road_Surface_Condition,Traffic_Control,Traffic_Control_Condition,No__of_Vehicles,No__of_Bicycles,No__of_Motorcycles,No__of_Pedestrians,Max_Injury,No__of_Injuries,No__of_Minimal,No__of_Minor,No__of_Major,No__of_Fatal,X,Y,Latitude,Longitude,ObjectId
15--10359,2015/08/30,7:00 PM,THIRD AVE btwn BANK ST & O'CONNOR ST (__3ZA92G),__3ZA92G,01 - Non intersection,03 - P.D. only,06 - SMV unattended vehicle,01 - Clear,01 - Daylight,01 - Dry,10 - No control,,1,0,0,0,,0,,,,,368601.3842,5029705.404,45.40437831,-75.6849842,912
15--1036,2015/01/16,2:29 PM,ALBERT ST @ EMPRESS AVE (0010851),10851,02 - Intersection related,03 - P.D. only,99 - Other,01 - Clear,01 - Daylight,01 - Dry,01 - Traffic signal,01 - Functioning,2,0,0,0,,0,,,,,366576.6471,5030720.659,45.41369491,-75.710719,913
15--10360,2015/08/30,7:05 PM,BEGIN ST @ LEVIS AVE (0009987),9987,03 - At intersection,03 - P.D. only,02 - Angle,01 - Clear,01 - Daylight,01 - Dry,02 - Stop sign,01 - Functioning,2,0,0,0,,0,,,,,370528.9955,5033181.954,45.43548054,-75.65989922,914
15--10361,2015/08/30,7:14 AM,SAUNDERSON DR @ SMYTH RD (0007729),7729,03 - At intersection,03 - P.D. only,02 - Angle,01 - Clear,01 - Daylight,01 - Dry,01 - Traffic signal,01 - Functioning,2,0,0,0,,0,,,,,372793.7313,5029323.911,45.40055114,-75.63148865,915
15--10362,2015/08/30,7:18 PM,ANDERSON RD btwn LEITRIM RD & EIGHTH LINE RD (__3ZA2B8),__3ZA2B8,01 - Non intersection,03 - P.D. only,07 - SMV other,01 - Clear,05 - Dusk,01 - Dry,10 - No control,,1,0,0,0,,0,,,,,380522.6948,5024806.877,45.35911655,-75.53346964,916
15--10363,2015/08/30,8:00 AM,SUSSEX DR btwn 151 W OF KING EDWARD AVE/L.B. PEARSON BUILDING & RAMP (__3ZBOFZB),__3ZBOFZB,01 - Non intersection,03 - P.D. only,03 - Rear end,01 - Clear,01 - Daylight,01 - Dry,10 - No control,,2,0,0,0,,0,,,,,367630.5558,5033427.04,45.43795219,-75.69690996,917
15--10364,2015/08/30,8:03 AM,BANK ST @ CATHERINE ST (0002708),2708,03 - At intersection,03 - P.D. only,02 - Angle,01 - Clear,01 - Daylight,01 - Dry,01 - Traffic signal,01 - Functioning,2,0,0,0,,0,,,,,368039.7054,5030267.09,45.40948315,-75.69208647,918
15--10365,2015/08/30,9:15 AM,FRANK KENNY RD @ RUSSELL RD (0004678),4678,03 - At intersection,03 - P.D. only,02 - Angle,01 - Clear,01 - Daylight,01 - Dry,02 - Stop sign,01 - Functioning,2,0,1,0,,0,,,,,392562.8487,5026365.115,45.37173218,-75.37953893,919
15--10366,2015/08/30,9:36 AM,INDUSTRIAL AVE @ ALTA VISTA DR/SANDFORD FLEMIN (0006979),6979,03 - At intersection,03 - P.D. only,05 - Turning movement,01 - Clear,01 - Daylight,01 - Dry,01 - Traffic signal,01 - Functioning,3,0,0,0,,0,,,,,370884.7238,5030556.489,45.41182419,-75.65570526,920
15--10367,2015/08/31,1:00 PM,GREENBANK RD @ BERRIGAN DR/WESSEX RD (0004726),4726,02 - Intersection related,03 - P.D. only,04 - Sideswipe,01 - Clear,01 - Daylight,01 - Dry,01 - Traffic signal,00 - Unknown,2,0,0,0,,0,,,,,363722.961,5015277.506,45.27498499,-75.74901508,921
15--10368,2015/08/31,1:01 PM,RIVERSIDE DR @ TREMBLAY RD/HWY417 IC117 RAMP52 (0010790),10790,02 - Intersection related,03 - P.D. only,03 - Rear end,01 - Clear,01 - Daylight,01 - Dry,01 - Traffic signal,01 - Functioning,3,0,0,0,,0,,,,,370802.3591,5031015.723,45.41596397,-75.65669594,922
15--10369,2015/08/31,1:47 AM,SWEETNAM DR btwn ORCHARD DR & HARRY DOUGLAS DR (__3ZA2HY),__3ZA2HY,01 - Non intersection,03 - P.D. only,07 - SMV other,01 - Clear,07 - Dark,01 - Dry,10 - No control,,1,0,0,0,,0,,,,,350648.7424,5015332.545,45.27645433,-75.91563359,923
15--1037,2015/01/16,2:29 PM,RIVERSIDE DR @ SMYTH RD SOUTH SIDE RAMP (0011480),11480,03 - At intersection,03 - P.D. only,02 - Angle,01 - Clear,01 - Daylight,02 - Wet,01 - Traffic signal,01 - Functioning,2,0,0,0,,0,,,,,369789.6201,5028997.788,45.39790212,-75.6699002,924
15--10370,2015/08/31,10:00 PM,HAVENHURST CRES btwn SOUTHPORT DR & SOUTHPORT DR (__3ZA5VV),__3ZA5VV,01 - Non intersection,03 - P.D. only,06 - SMV unattended vehicle,01 - Clear,07 - Dark,01 - Dry,10 - No control,,1,0,0,0,,0,,,,,372383.7002,5024691.944,45.35891424,-75.63735957,925
15--10371,2015/08/31,10:17 AM,MERIVALE RD @ SHILLINGTON AVE (0011308),11308,02 - Intersection related,03 - P.D. only,03 - Rear end,01 - Clear,01 - Daylight,01 - Dry,01 - Traffic signal,01 - Functioning,2,0,0,0,,0,,,,,364844.6942,5026809.178,45.37865097,-75.73332113,926
15--10372,2015/08/31,10:29 PM,HIGHWAY 417 btwn HWY417 IC118 RAMP67 & HWY417 IC117 RAMP36 (__3ZA2YO),__3ZA2YO,01 - Non intersection,03 - P.D. only,03 - Rear end,01 - Clear,07 - Dark,01 - Dry,10 - No control,,2,0,0,0,,0,,,,,370182.9409,5031111.791,45.4168865,-75.66459657,927
15--10373,2015/08/31,10:32 AM,CARLING AVE EB btwn WOODROFFE AVE & WOODROFFE AVE (__3ZA4VF),__3ZA4VF,01 - Non intersection,03 - P.D. only,07 - SMV other,01 - Clear,01 - Daylight,01 - Dry,10 - No control,,1,0,0,0,,0,,,,,361801.5575,5025745.333,45.36933279,-75.77229688,928
15--10374,2015/08/31,10:55 PM,KING EDWARD AVE SB btwn YORK ST & GEORGE ST (__3ZBOFW),__3ZBOFW,01 - Non intersection,02 - Non-fatal injury,07 - SMV other,01 - Clear,07 - Dark,01 - Dry,10 - No control,,1,0,0,1,01 - Minimal,1,1,,,,368395.9884,5032585.914,45.43031484,-75.68723596,929
15--10375,2015/08/31,11:55 AM,HIGHWAY 417 btwn HWY417 IC124 RAMP65 & HWY417 IC122 RAMP51 (__3ZA2R8),__3ZA2R8,01 - Non intersection,03 - P.D. only,03 - Rear end,01 - Clear,01 - Daylight,01 - Dry,10 - No control,,2,0,0,0,,0,,,,,364886.1722,5028233.545,45.3914636,-75.73261818,930
15--10376,2015/08/31,Unknown,NORFOLK AVE btwn ADELINE ST & CARLING AVE (__3ZA028),__3ZA028,01 - Non intersection,03 - P.D. only,06 - SMV unattended vehicle,01 - Clear,00 - Unknown,01 - Dry,10 - No control,,1,0,0,0,,0,,,,,366861.818,5029026.334,45.39842461,-75.70728917,931
15--10377,2015/08/31,12:03 PM,COVENTRY RD @ VANIER PKWY (0002139),2139,02 - Intersection related,02 - Non-fatal injury,03 - Rear end,01 - Clear,01 - Daylight,01 - Dry,01 - Traffic signal,01 - Functioning,2,0,0,0,01 - Minimal,1,1,,,,370677.8289,5031611.703,45.42133809,-75.65820719,932
15--10378,2015/08/31,12:09 PM,BASELINE RD @ CLYDE AVE (0002343),2343,02 - Intersection related,03 - P.D. only,03 - Rear end,01 - Clear,01 - Daylight,01 - Dry,01 - Traffic signal,01 - Functioning,2,0,0,0,,0,,,,,364358.7033,5024890.873,45.36143184,-75.73975723,933
15--10379,2015/08/31,2:00 AM,MCCAFFREY TR btwn MCLINTON RD & DWYER HILL RD (__3ZAC62),__3ZAC62,01 - Non intersection,03 - P.D. only,07 - SMV other,01 - Clear,07 - Dark,08 - Loose sand or gravel,10 - No control,,1,0,0,0,,0,,,,,346060.9044,5001314.335,45.15059554,-75.97526673,934
15--1038,2015/01/16,2:42 PM,TERRY FOX DR btwn HUNTSVILLE DR & OLD SECOND LINE RD (__8IAYIU),__8IAYIU,01 - Non intersection,03 - P.D. only,07 - SMV other,01 - Clear,01 - Daylight,02 - Wet,10 - No control,,1,0,0,0,,0,,,,,347882.375,5021267.111,45.33003048,-75.95037495,935
15--10380,2015/08/31,2:15 PM,CONNAUGHT AVE btwn CARLING AVE & SACKVILLE ST (__3ZA4BS),__3ZA4BS,04 - At/near private drive,03 - P.D. only,02 - Angle,01 - Clear,01 - Daylight,01 - Dry,10 - No control,,2,0,0,0,,0,,,,,360785.8113,5025068.866,45.36332785,-75.7853399,936
15--10381,2015/08/31,2:30 PM,THIRD AVE btwn LYON ST S & BANK ST (__3ZA92Z),__3ZA92Z,01 - Non intersection,03 - P.D. only,06 - SMV unattended vehicle,01 - Clear,01 - Daylight,01 - Dry,10 - No control,,1,0,0,0,,0,,,,,368323.2168,5029542.406,45.402937,-75.68855823,937
15--10382,2015/08/31,3:30 PM,SPRINGLAND DR N @ FLANNERY DR N (0006806),6806,02 - Intersection related,03 - P.D. only,02 - Angle,01 - Clear,01 - Daylight,01 - Dry,02 - Stop sign,01 - Functioning,2,0,0,0,,0,,,,,368893.7402,5025898.713,45.37010016,-75.6817443,938
15--10383,2015/08/31,3:30 PM,HIGHWAY 417 btwn HWY417 IC124 RAMP67 & HWY417 IC123 RAMP62 (__3ZA2YZ),__3ZA2YZ,01 - Non intersection,02 - Non-fatal injury,07 - SMV other,01 - Clear,01 - Daylight,01 - Dry,10 - No control,,1,0,0,0,02 - Minor,1,,1,,,364599.0452,5027769.703,45.38731461,-75.73634106,939
15--10384,2015/08/31,4:21 PM,HUNT CLUB RD @ RIVERSIDE DR (0002237),2237,02 - Intersection related,03 - P.D. only,03 - Rear end,01 - Clear,01 - Daylight,01 - Dry,01 - Traffic signal,01 - Functioning,2,0,0,0,,0,,,,,368035.2616,5021945.859,45.33461125,-75.69320854,940
15--10385,2015/08/31,4:34 PM,HERON RD @ BAYCREST DR (0007191),7191,02 - Intersection related,03 - P.D. only,03 - Rear end,01 - Clear,01 - Daylight,01 - Dry,01 - Traffic signal,01 - Functioning,2,0,0,0,,0,,,,,371143.2398,5026981.608,45.37963433,-75.6528836,941
15--10386,2015/08/31,5:17 PM,INNES RD btwn PRESTWICK DR & TENTH LINE RD (__3ZA3Y7),__3ZA3Y7,04 - At/near private drive,02 - Non-fatal injury,02 - Angle,01 - Clear,01 - Daylight,01 - Dry,10 - No control,,2,1,0,0,01 - Minimal,1,1,,,,383754.8911,5036077.145,45.46016066,-75.49041489,942
15--10387,2015/08/31,5:30 PM,BANK ST @ LEITRIM RD (0004125),4125,02 - Intersection related,03 - P.D. only,05 - Turning movement,01 - Clear,01 - Daylight,01 - Dry,01 - Traffic signal,01 - Functioning,2,0,0,0,,0,,,,,375357.0335,5021619.137,45.33097353,-75.59985077,943
15--10388,2015/08/31,6:00 PM,INDUSTRIAL AVE @ RIVERSIDE DR (0011905),11905,02 - Intersection related,03 - P.D. only,03 - Rear end,01 - Clear,01 - Daylight,01 - Dry,01 - Traffic signal,01 - Functioning,2,0,0,0,,0,,,,,370684.7186,5030592.193,45.4121643,-75.65825547,944
15--10389,2015/08/31,6:10 PM,HIGHWAY 417 btwn HWY417 IC118 RAMP67 & HWY417 IC117 RAMP36 (__3ZA2YO),__3ZA2YO,01 - Non intersection,03 - P.D. only,04 - Sideswipe,01 - Clear,01 - Daylight,01 - Dry,10 - No control,,2,0,0,0,,0,,,,,370238.1792,5031119.879,45.41695411,-75.66388979,945
15--1039,2015/01/16,2:59 PM,RIDGEWAY ST @ RIDEAU TER (0007933),7933,03 - At intersection,03 - P.D. only,02 - Angle,03 - Snow,01 - Daylight,06 - Ice,02 - Stop sign,01 - Functioning,2,0,0,0,,0,,,,,369310.6365,5034080.487,45.44367865,-75.675352,946
15--10390,2015/08/31,6:20 PM,HIGHWAY 417 btwn HWY417 IC139 RAMP15 & HWY417 IC138 RAMP51 (__3ZA2QR),__3ZA2QR,01 - Non intersection,03 - P.D. only,07 - SMV other,01 - Clear,01 - Daylight,01 - Dry,10 - No control,,1,0,0,0,,0,,,,,352381.5854,5019774.077,45.31630522,-75.89312264,947
15--10391,2015/08/31,6:45 PM,MONTREAL RD @ ST. LAURENT BLVD (0002604),2604,02 - Intersection related,03 - P.D. only,04 - Sideswipe,01 - Clear,01 - Daylight,01 - Dry,01 - Traffic signal,01 - Functioning,2,0,0,0,,0,,,,,371546.4236,5033817.234,45.44110012,-75.64681048,948
15--10392,2015/08/31,7:17 PM,BRAMBLEWOOD CRES btwn STONEMEADOW DR & THUNDERBIRD CRES (__3ZA2VU),__3ZA2VU,04 - At/near private drive,03 - P.D. only,06 - SMV unattended vehicle,01 - Clear,01 - Daylight,01 - Dry,10 - No control,,1,0,0,0,,0,,,,,355775.9422,5016691.006,45.288325,-75.85014919,949
15--10393,2015/08/31,8:00 AM,ST. JOSEPH BLVD @ TENTH LINE RD (0009163),9163,02 - Intersection related,03 - P.D. only,03 - Rear end,01 - Clear,01 - Daylight,01 - Dry,01 - Traffic signal,01 - Functioning,2,0,0,0,,0,,,,,382890.0831,5038666.813,45.48355738,-75.5010598,950
15--10394,2015/08/31,8:09 AM,INNES RD @ STAR TOP RD/WINDMILL LANE (0008734),8734,03 - At intersection,02 - Non-fatal injury,02 - Angle,01 - Clear,01 - Daylight,01 - Dry,01 - Traffic signal,01 - Functioning,2,1,0,0,01 - Minimal,1,1,,,,374147.7258,5030665.479,45.4124891,-75.6140069,951
15--10395,2015/08/31,8:23 PM,TIERNEY DR btwn WOODROFFE AVE & HERITAGE GLEN DR (__3ZAZIA),__3ZAZIA,01 - Non intersection,03 - P.D. only,06 - SMV unattended vehicle,01 - Clear,07 - Dark,01 - Dry,10 - No control,,1,0,0,0,,0,,,,,365855.8042,5015564.862,45.27738864,-75.7217987,952
15--10396,2015/08/31,8:30 PM,BANK ST @ GLADSTONE AVE (0002253),2253,02 - Intersection related,02 - Non-fatal injury,07 - SMV other,01 - Clear,07 - Dark,01 - Dry,01 - Traffic signal,01 - Functioning,1,0,0,1,01 - Minimal,1,1,,,,367916.7064,5030562.571,45.4121529,-75.69361984,953
15--10397,2015/08/31,8:43 PM,ALBION RD @ HUNT CLUB RD (0006974),6974,03 - At intersection,03 - P.D. only,05 - Turning movement,01 - Clear,07 - Dark,01 - Dry,01 - Traffic signal,01 - Functioning,2,0,0,0,,0,,,,,371867.6865,5024320.887,45.35562515,-75.64399558,954
15--10398,2015/09/01,1:32 PM,HAWTHORNE AVE @ MAIN ST (0006919),6919,02 - Intersection related,03 - P.D. only,03 - Rear end,01 - Clear,01 - Daylight,01 - Dry,01 - Traffic signal,01 - Functioning,2,0,0,0,,0,,,,,368968.7726,5030633.051,45.41269137,-75.68017082,955
15--10399,2015/09/01,1:55 PM,HIGHWAY 417 btwn HWY417 IC126 RAMP61 & HWY417 IC124 RAMP76 (__3ZA2Y2),__3ZA2Y2,01 - Non intersection,03 - P.D. only,03 - Rear end,01 - Clear,01 - Daylight,01 - Dry,10 - No control,,2,0,0,0,,0,,,,,363672.2825,5026532.585,45.37626172,-75.74832271,956
15--104,2015/01/03,7:16 PM,INNES RD @ ORCHARDVIEW AVE/ESPRIT DR (0012279),12279,03 - At intersection,03 - P.D. only,05 - Turning movement,03 - Snow,07 - Dark,05 - Packed snow,01 - Traffic signal,01 - Functioning,2,0,0,0,,0,,,,,384843.8007,5036560.078,45.46438173,-75.47641474,957
15--1040,2015/01/16,3:01 PM,KENDER AVE btwn INGRAM CRES & INGRAM CRES (__3ZA7OD),__3ZA7OD,04 - At/near private drive,03 - P.D. only,02 - Angle,01 - Clear,01 - Daylight,03 - Loose snow,10 - No control,,2,0,0,0,,0,,,,,375375.8649,5035589.034,45.45666562,-75.59761221,958
15--10400,2015/09/01,10:31 AM,ST. JOSEPH BLVD @ TENTH LINE RD (0009163),9163,02 - Intersection related,02 - Non-fatal injury,03 - Rear end,01 - Clear,01 - Daylight,01 - Dry,01 - Traffic signal,01 - Functioning,2,0,0,0,01 - Minimal,1,1,,,,382890.8038,5038665.372,45.48354434,-75.50105081,959
15--10401,2015/09/01,10:33 AM,ST. PATRICK ST/ST. ANDREW ST @ BEAUSOLEIL DR (0007780),7780,02 - Intersection related,03 - P.D. only,03 - Rear end,01 - Clear,01 - Daylight,01 - Dry,01 - Traffic signal,01 - Functioning,2,0,0,0,,0,,,,,368428.7695,5033070.107,45.43466845,-75.68675449,960
15--10402,2015/09/01,11:07 PM,RUSSLAND RD btwn ROCKDALE RD & DUNNING RD (__3ZA3KV),__3ZA3KV,01 - Non intersection,03 - P.D. only,07 - SMV other,01 - Clear,07 - Dark,01 - Dry,10 - No control,,1,0,0,0,,0,,,,,395418.6236,5022979.782,45.34091148,-75.34370738,961
15--10403,2015/09/01,11:21 AM,KIRKWOOD AVE @ MERIVALE RD (0002243),2243,02 - Intersection related,03 - P.D. only,07 - SMV other,01 - Clear,01 - Daylight,01 - Dry,01 - Traffic signal,01 - Functioning,1,0,0,0,,0,,,,,364853.7014,5026646.903,45.37719008,-75.73322587,962
15--10404,2015/09/01,11:22 AM,AVIATION PKWY NB @ LA CITE PRIV (0009078),9078,02 - Intersection related,02 - Non-fatal injury,03 - Rear end,01 - Clear,01 - Daylight,01 - Dry,02 - Stop sign,00 - Unknown,2,0,0,0,02 - Minor,1,,1,,,372501.237,5033252.264,45.43592499,-75.63468462,963
15--10405,2015/09/01,11:34 AM,BASELINE RD @ MERIVALE RD (0002342),2342,02 - Intersection related,03 - P.D. only,03 - Rear end,01 - Clear,01 - Daylight,01 - Dry,01 - Traffic signal,01 - Functioning,2,0,0,0,,0,,,,,365055.4171,5025325.875,45.36528638,-75.73081172,964
15--10406,2015/09/01,11:39 AM,INDUSTRIAL AVE @ ALTA VISTA DR/SANDFORD FLEMIN (0006979),6979,02 - Intersection related,03 - P.D. only,03 - Rear end,01 - Clear,01 - Daylight,01 - Dry,01 - Traffic signal,01 - Functioning,2,0,0,0,,0,,,,,370885.4445,5030556.489,45.41182412,-75.65569606,965
15--10407,2015/09/01,11:55 AM,INNES RD @ ORLEANS BLVD (0003611),3611,02 - Intersection related,03 - P.D. only,02 - Angle,01 - Clear,01 - Daylight,01 - Dry,01 - Traffic signal,01 - Functioning,2,0,0,0,,0,,,,,380460.7951,5034296.043,45.44450018,-75.53280383,966
15--10408,2015/09/01,Unknown,CULLODEN CRES btwn CULLODEN CRES & CULLODEN CRES (e___1GFG),e___1GFG,01 - Non intersection,03 - P.D. only,06 - SMV unattended vehicle,01 - Clear,00 - Unknown,01 - Dry,10 - No control,,1,0,0,0,,0,,,,,366530.88,5012473.112,45.24951025,-75.71357938,967
15--10409,2015/09/01,12:06 PM,HWY 416 ACRES IC75R24 @ HOLLY ACRES RD (0005257),5257,02 - Intersection related,03 - P.D. only,03 - Rear end,01 - Clear,01 - Daylight,01 - Dry,01 - Traffic signal,01 - Functioning,2,0,0,0,,0,,,,,358757.6442,5022868.56,45.34368851,-75.81146772,968
15--1041,2015/01/16,3:14 PM,BASELINE RD @ 207 E OF CLYDE AVE (0008213),8213,02 - Intersection related,02 - Non-fatal injury,03 - Rear end,01 - Clear,01 - Daylight,04 - Slush,01 - Traffic signal,01 - Functioning,2,0,0,0,02 - Minor,1,,1,,,364533.553,5025001.457,45.36241198,-75.73751217,969
15--10410,2015/09/01,12:18 PM,BASELINE RD @ NAVAHO DR (0003158),3158,02 - Intersection related,03 - P.D. only,03 - Rear end,01 - Clear,01 - Daylight,01 - Dry,01 - Traffic signal,01 - Functioning,2,0,0,0,,0,,,,,363083.5285,5024097.146,45.35439714,-75.75612651,970
15--10411,2015/09/01,12:46 PM,BRIDGE ST/MAPLE AVE @ MANOTICK MAIN ST (0008225),8225,03 - At intersection,03 - P.D. only,05 - Turning movement,01 - Clear,01 - Daylight,01 - Dry,01 - Traffic signal,01 - Functioning,2,0,0,0,,0,,,,,368699.4548,5009932.395,45.22645548,-75.68628195,971
15--10412,2015/09/01,2:10 PM,KENT ST @ LAURIER AVE (0002222),2222,03 - At intersection,03 - P.D. only,04 - Sideswipe,01 - Clear,01 - Daylight,01 - Dry,01 - Traffic signal,01 - Functioning,2,0,0,0,,0,,,,,367317.4197,5031162.787,45.41760725,-75.70119945,972
15--10413,2015/09/01,2:45 PM,CARLING AVE @ EDGEWORTH AVE (0002718),2718,03 - At intersection,03 - P.D. only,05 - Turning movement,01 - Clear,01 - Daylight,01 - Dry,01 - Traffic signal,01 - Functioning,2,0,0,0,,0,,,,,361261.9595,5025424.164,45.36648661,-75.77922174,973
15--10414,2015/09/01,3:06 PM,HAWTHORNE RD @ HUNT CLUB RD (0007651),7651,02 - Intersection related,03 - P.D. only,02 - Angle,01 - Clear,01 - Daylight,01 - Dry,01 - Traffic signal,01 - Functioning,2,0,0,0,,0,,,,,375507.0292,5026406.89,45.37403649,-75.59725274,974
15--10415,2015/09/01,3:15 PM,BLAIR RD @ INNES RD (0004165),4165,02 - Intersection related,03 - P.D. only,04 - Sideswipe,01 - Clear,01 - Daylight,01 - Dry,01 - Traffic signal,01 - Functioning,2,0,0,0,,0,,,,,375578.7349,5031439.915,45.41931377,-75.59561523,975
15--10416,2015/09/01,3:24 PM,FIELDING DR @ MCCARTHY RD (0007057),7057,02 - Intersection related,03 - P.D. only,03 - Rear end,01 - Clear,01 - Daylight,01 - Dry,01 - Traffic signal,00 - Unknown,2,0,0,0,,0,,,,,369365.2783,5025039.878,45.36232932,-75.67583724,976
15--10417,2015/09/01,4:21 PM,INNES RD btwn HWY417 IC112 RAMP65 & HWY417 IC112 RAMP56 (__3ZA3RA),__3ZA3RA,07 - Overpass or bridge,03 - P.D. only,03 - Rear end,01 - Clear,01 - Daylight,01 - Dry,10 - No control,,4,0,0,0,,0,,,,,374450.9259,5030843.506,45.41406078,-75.61010849,977
15--10418,2015/09/01,4:34 PM,HUNT CLUB RD @ BRIDLE PATH DR/DAZE ST (0008214),8214,02 - Intersection related,02 - Non-fatal injury,03 - Rear end,01 - Clear,01 - Daylight,01 - Dry,01 - Traffic signal,00 - Unknown,3,0,0,0,02 - Minor,2,,2,,,371292.4496,5023863.423,45.35156382,-75.65139821,978
15--10419,2015/09/01,4:49 PM,ATHLONE AVE @ BYRON AVE (0006656),6656,03 - At intersection,02 - Non-fatal injury,02 - Angle,01 - Clear,01 - Daylight,01 - Dry,02 - Stop sign,01 - Functioning,2,1,0,0,01 - Minimal,1,1,,,,363523.4156,5028273.189,45.3919359,-75.7500162,979
15--1042,2015/01/16,3:38 PM,MAITLAND AVE/GLENMOUNT AVE @ ERINDALE DR (0002724),2724,02 - Intersection related,03 - P.D. only,03 - Rear end,01 - Clear,01 - Daylight,02 - Wet,01 - Traffic signal,01 - Functioning,3,0,0,0,,0,,,,,363697.6922,5025211.27,45.36437058,-75.74815585,980
15--10420,2015/09/01,4:50 PM,HIGHWAY 417 btwn HWY417 IC117 RAMP61 & HWY417 IC115 RAMP36 (__3ZA2RZ),__3ZA2RZ,01 - Non intersection,03 - P.D. only,04 - Sideswipe,01 - Clear,01 - Daylight,01 - Dry,10 - No control,,2,0,0,0,,0,,,,,371558.7568,5031422.406,45.41955137,-75.64697751,981
15--10421,2015/09/01,4:58 PM,BESSERER ST @ CHARLOTTE ST (0008425),8425,03 - At intersection,03 - P.D. only,02 - Angle,01 - Clear,01 - Daylight,01 - Dry,02 - Stop sign,01 - Functioning,2,0,0,0,,0,,,,,369293.4282,5032790.505,45.43207349,-75.67574097,982
15--10422,2015/09/01,5:06 PM,SMYTH RD E/LANCASTER RD @ ST. LAURENT BLVD N/R (0002256),2256,02 - Intersection related,03 - P.D. only,03 - Rear end,01 - Clear,01 - Daylight,01 - Dry,01 - Traffic signal,01 - Functioning,2,0,0,0,,0,,,,,373364.513,5029424.067,45.40139663,-75.62418475,983
15--10423,2015/09/01,5:17 PM,CARP RD btwn HWY417 IC144 RAMP25 & WESTBROOK RD (__3ZA3D3),__3ZA3D3,01 - Non intersection,03 - P.D. only,03 - Rear end,01 - Clear,01 - Daylight,01 - Dry,10 - No control,,2,0,0,0,,0,,,,,347718.1056,5015463.702,45.27781953,-75.95297299,984
15--10424,2015/09/01,5:20 AM,DALHOUSIE ST @ MURRAY ST (0008241),8241,02 - Intersection related,03 - P.D. only,03 - Rear end,01 - Clear,07 - Dark,01 - Dry,01 - Traffic signal,01 - Functioning,2,0,0,0,,0,,,,,368000.6991,5032573.234,45.43023659,-75.69228893,985
15--10425,2015/09/01,5:25 PM,MAPLE GROVE RD @ TERRY FOX DR (0003177),3177,02 - Intersection related,03 - P.D. only,03 - Rear end,01 - Clear,01 - Daylight,01 - Dry,01 - Traffic signal,01 - Functioning,2,0,0,0,,0,,,,,351554.3293,5017864.104,45.29917438,-75.90385345,986
15--10426,2015/09/01,5:35 PM,ROCHESTER ST @ SOMERSET ST (0006321),6321,03 - At intersection,03 - P.D. only,02 - Angle,01 - Clear,01 - Daylight,01 - Dry,01 - Traffic signal,01 - Functioning,2,0,0,0,,0,,,,,366480.9844,5030202.926,45.40904493,-75.71200589,987
15--10427,2015/09/01,5:43 PM,BRONSON AVE btwn FOURTH AVE & MADAWASKA DR (__3ZA3NE),__3ZA3NE,01 - Non intersection,02 - Non-fatal injury,04 - Sideswipe,01 - Clear,01 - Daylight,01 - Dry,10 - No control,,2,0,0,0,01 - Minimal,1,1,,,,367595.9658,5028985.416,45.39799098,-75.69791808,988
15--10428,2015/09/01,6:15 PM,SMIRLE AVE @ WELLINGTON ST (0006104),6104,03 - At intersection,02 - Non-fatal injury,05 - Turning movement,01 - Clear,01 - Daylight,01 - Dry,01 - Traffic signal,01 - Functioning,2,1,0,0,01 - Minimal,1,1,,,,364669.9835,5029066.196,45.39897414,-75.73527791,989
15--10429,2015/09/01,6:15 PM,HIGHWAY 417 btwn HWY417 IC122 RAMP16 & HWY417 IC122 RAMP61 (__3ZA2RA),__3ZA2RA,01 - Non intersection,03 - P.D. only,03 - Rear end,01 - Clear,01 - Daylight,01 - Dry,10 - No control,,2,0,0,0,,0,,,,,365326.5899,5028891.042,45.39734168,-75.7269133,990
15--1043,2015/01/16,3:45 PM,CARLING AVE @ PRESTON ST (0002161),2161,02 - Intersection related,02 - Non-fatal injury,03 - Rear end,01 - Clear,01 - Daylight,03 - Loose snow,01 - Traffic signal,01 - Functioning,2,0,0,0,01 - Minimal,1,1,,,,366829.71,5028934.108,45.39759763,-75.70771084,991
15--10430,2015/09/01,6:26 PM,BRONSON AVE @ FIFTH AVE/MADAWASKA DR (0006977),6977,02 - Intersection related,03 - P.D. only,04 - Sideswipe,01 - Clear,01 - Daylight,01 - Dry,01 - Traffic signal,01 - Functioning,2,0,0,0,,0,,,,,367614.4334,5028938.193,45.39756442,-75.69768824,992
15--10431,2015/09/01,6:35 PM,ST. LAURENT BLVD @ WALKLEY RD (0007653),7653,02 - Intersection related,02 - Non-fatal injury,03 - Rear end,01 - Clear,01 - Daylight,01 - Dry,01 - Traffic signal,01 - Functioning,2,0,0,0,02 - Minor,1,,1,,,373902.0294,5028045.053,45.38893606,-75.61751271,993
15--10432,2015/09/01,6:40 AM,9TH LINE RD @ MITCH OWENS RD (0004112),4112,03 - At intersection,03 - P.D. only,07 - SMV other,"07 - Fog, mist, smoke, dust",03 - Dawn,01 - Dry,02 - Stop sign,01 - Functioning,1,0,0,0,,0,,,,,384108.3439,5019823.176,45.31388032,-75.48850784,994