Anom_ID,Accident_Date,Accident_Time,Location,Geo_ID,Accident_Location,Classification_of_Accident,Initial_Impact_Type,Environment_Condition,Light,Road_Surface_Condition,Traffic_Control,Traffic_Control_Condition,No__of_Vehicles,No__of_Bicycles,No__of_Motorcycles,No__of_Pedestrians,Max_Injury,No__of_Injuries,No__of_Minimal,No__of_Minor,No__of_Major,No__of_Fatal,X,Y,Latitude,Longitude,ObjectId
15--10433,2015/09/01,7:29 AM,INDUSTRIAL AVE/INNES RD @ ST. LAURENT BLVD (0002203),2203,02 - Intersection related,03 - P.D. only,03 - Rear end,01 - Clear,01 - Daylight,01 - Dry,01 - Traffic signal,00 - Unknown,2,0,0,0,,0,,,,,373099.7274,5030005.206,45.40665134,-75.62748613,995
15--10434,2015/09/01,7:33 AM,INDUSTRIAL AVE/INNES RD @ ST. LAURENT BLVD (0002203),2203,02 - Intersection related,03 - P.D. only,04 - Sideswipe,01 - Clear,01 - Daylight,01 - Dry,01 - Traffic signal,01 - Functioning,2,0,0,0,,0,,,,,373098.286,5030003.765,45.40663851,-75.62750474,996
15--10435,2015/09/01,8:05 PM,GREENBANK RD @ STRANDHERD DR (0005563),5563,02 - Intersection related,02 - Non-fatal injury,03 - Rear end,01 - Clear,07 - Dark,01 - Dry,01 - Traffic signal,01 - Functioning,2,0,0,0,01 - Minimal,2,2,,,,363933.6839,5014784.778,45.27053373,-75.74638829,997
15--10436,2015/09/01,8:20 AM,PERCY ST btwn GILMOUR ST & JAMES ST (__3ZA80Q),__3ZA80Q,04 - At/near private drive,02 - Non-fatal injury,05 - Turning movement,01 - Clear,01 - Daylight,01 - Dry,10 - No control,,2,1,0,0,02 - Minor,1,,1,,,367237.0488,5030363.624,45.4104238,-75.70232751,998
15--10437,2015/09/01,8:21 PM,MERIVALE RD @ CAPILANO DR/WITHROW AVE (0009820),9820,03 - At intersection,03 - P.D. only,05 - Turning movement,01 - Clear,07 - Dark,01 - Dry,01 - Traffic signal,01 - Functioning,2,0,0,0,,0,,,,,364643.1497,5024226.688,45.35543137,-75.73620712,999
15--10438,2015/09/01,8:28 PM,GALETTA SIDE RD @ HIGHWAY 17 (0001664),1664,03 - At intersection,03 - P.D. only,05 - Turning movement,01 - Clear,07 - Dark,01 - Dry,02 - Stop sign,01 - Functioning,2,0,0,0,,0,,,,,321839.2087,5029772.654,45.40768382,-76.28232402,1000
15--1089,2015/01/16,8:50 AM,RICHMOND RD btwn STEEPLE HILL CRES & CAMBRIAN RD (__3ZAB9D),__3ZAB9D,01 - Non intersection,03 - P.D. only,07 - SMV other,01 - Clear,01 - Daylight,05 - Packed snow,10 - No control,,1,0,0,0,,0,,,,,359098.187,5010180.022,45.22948931,-75.80851111,1001
15--10890,2015/09/14,4:26 PM,BOOTH ST btwn VIMY PLACE PRIV & OTTAWA RIVER PKWY (__5VHJ2X),__5VHJ2X,01 - Non intersection,03 - P.D. only,03 - Rear end,01 - Clear,01 - Daylight,01 - Dry,10 - No control,,2,0,0,0,,0,,,,,366249.1219,5031049.571,45.4166832,-75.71486217,1002
15--10891,2015/09/14,4:46 PM,FARLANE BLVD @ KINGSMILL ST (0001924),1924,03 - At intersection,03 - P.D. only,02 - Angle,01 - Clear,01 - Daylight,01 - Dry,03 - Yield sign,01 - Functioning,2,0,0,0,,0,,,,,365760.156,5025062.831,45.36285862,-75.72184868,1003
15--10892,2015/09/14,4:50 PM,DES EPINETTES AVE btwn PRESTWICK DR & DUVAL LANE (__3ZA6SQ),__3ZA6SQ,04 - At/near private drive,03 - P.D. only,99 - Other,01 - Clear,01 - Daylight,01 - Dry,10 - No control,,2,0,0,0,,0,,,,,383369.2829,5036696.423,45.46577584,-75.49524586,1004
15--10893,2015/09/14,4:55 PM,OR174 IC109 RAMP65 @ MONTREAL RD (0004119),4119,02 - Intersection related,03 - P.D. only,03 - Rear end,01 - Clear,01 - Daylight,01 - Dry,01 - Traffic signal,01 - Functioning,2,0,0,0,,0,,,,,376402.8497,5034982.783,45.45110648,-75.58457105,1005
15--1125,2015/01/17,4:05 PM,TYRRELL PL @ MOODIE DR (0010386),10386,03 - At intersection,03 - P.D. only,05 - Turning movement,01 - Clear,01 - Daylight,01 - Dry,01 - Traffic signal,01 - Functioning,2,0,0,0,,0,,,,,357326.6484,5019853.995,45.31667181,-75.83004669,1006
15--10894,2015/09/14,5:00 PM,ANN ST btwn TIGHE ST & BEAVERWOOD RD (__3ZA90B),__3ZA90B,04 - At/near private drive,03 - P.D. only,02 - Angle,01 - Clear,01 - Daylight,01 - Dry,10 - No control,,2,0,0,0,,0,,,,,368792.907,5009756.266,45.22486219,-75.68511466,1007
15--10895,2015/09/14,5:01 PM,BASELINE RD btwn NAVAHO DR & COLLEGE SQUARE SC (__3ZAZDQB),__3ZAZDQB,01 - Non intersection,02 - Non-fatal injury,03 - Rear end,01 - Clear,01 - Daylight,01 - Dry,10 - No control,,2,0,0,0,02 - Minor,1,,1,,,362912.7177,5023989.759,45.35344506,-75.75831901,1008
15--10896,2015/09/14,5:03 PM,ABBEY RD @ ALTA VISTA DR (0007437),7437,02 - Intersection related,03 - P.D. only,99 - Other,01 - Clear,01 - Daylight,01 - Dry,02 - Stop sign,01 - Functioning,2,0,0,0,,0,,,,,370640.4364,5030054.912,45.40733423,-75.65889292,1009
15--10897,2015/09/14,5:50 AM,BURRIS LANE @ MERIVALE RD (0002014),2014,02 - Intersection related,02 - Non-fatal injury,03 - Rear end,02 - Rain,07 - Dark,02 - Wet,01 - Traffic signal,01 - Functioning,2,0,0,0,01 - Minimal,1,1,,,,364879.5714,5025068.248,45.36298338,-75.73308759,1010
15--10898,2015/09/14,6:00 PM,BELFAST RD btwn TREMBLAY RD & TRAINYARDS DR (__3ZA80G),__3ZA80G,04 - At/near private drive,03 - P.D. only,05 - Turning movement,01 - Clear,01 - Daylight,01 - Dry,10 - No control,,2,0,0,0,,0,,,,,371720.727,5030970.754,45.41547213,-75.64496947,1011
15--10899,2015/09/14,6:19 PM,BRONSON AVE @ CATHERINE ST/RAYMOND ST (0007198),7198,03 - At intersection,03 - P.D. only,07 - SMV other,01 - Clear,01 - Daylight,01 - Dry,01 - Traffic signal,01 - Functioning,1,0,0,0,,0,,,,,367253.4292,5029795.485,45.40531039,-75.70219023,1012
15--109,2015/01/03,7:40 PM,HIGHWAY 417 btwn HWY417 IC134 RAMP61 & HWY417 IC131 RAMP66 (__3ZA297),__3ZA297,01 - Non intersection,02 - Non-fatal injury,07 - SMV other,03 - Snow,07 - Dark,03 - Loose snow,10 - No control,,1,0,0,0,01 - Minimal,1,1,,,,357033.6294,5022575.45,45.34118158,-75.83349662,1013
15--1090,2015/01/16,8:51 AM,BARNSDALE RD @ PRINCE OF WALES DR (0001082),1082,03 - At intersection,02 - Non-fatal injury,02 - Angle,05 - Drifting Snow,01 - Daylight,02 - Wet,02 - Stop sign,01 - Functioning,2,0,0,0,02 - Minor,2,,2,,,366648.6239,5011531.931,45.24103118,-75.71219659,1014
15--10900,2015/09/14,6:20 PM,MEADOWLANDS DR @ VIEWMOUNT DR (0001752),1752,02 - Intersection related,03 - P.D. only,03 - Rear end,01 - Clear,01 - Daylight,01 - Dry,01 - Traffic signal,01 - Functioning,3,0,0,0,,0,,,,,363739.6834,5023106.592,45.34542939,-75.74787078,1015
15--10901,2015/09/14,6:20 PM,DYNES RD btwn MORLEY BLVD & PRINCE OF WALES DR (__3ZAA46),__3ZAA46,04 - At/near private drive,03 - P.D. only,02 - Angle,01 - Clear,01 - Daylight,01 - Dry,10 - No control,,2,0,0,0,,0,,,,,367074.8025,5025884.026,45.370132,-75.70496543,1016
15--10902,2015/09/14,6:30 AM,REGIONAL ROAD 174 btwn OR174 IC112 RAMP36 & OR174 IC112 RAMP26 (__3ZAZFK),__3ZAZFK,01 - Non intersection,03 - P.D. only,03 - Rear end,02 - Rain,03 - Dawn,02 - Wet,10 - No control,,2,0,0,0,,0,,,,,374695.3423,5032766.64,45.43133974,-75.60671324,1017
15--10903,2015/09/14,6:38 PM,CARLING AVE @ MOODIE DR/JAMES CUMMINGS AVE W (0000158),158,03 - At intersection,03 - P.D. only,05 - Turning movement,01 - Clear,01 - Daylight,01 - Dry,01 - Traffic signal,01 - Functioning,3,0,0,0,,0,,,,,356000.2135,5023937.151,45.35351047,-75.84654121,1018
15--10904,2015/09/14,6:51 PM,MCTEER RD @ REGIONAL RD 174 (0012881),12881,03 - At intersection,02 - Non-fatal injury,05 - Turning movement,01 - Clear,01 - Daylight,01 - Dry,02 - Stop sign,00 - Unknown,2,0,1,0,03 - Major,1,,,1,,394937.0912,5043119.634,45.52216616,-75.34616384,1019
15--10905,2015/09/14,6:51 PM,REGIONAL RD 174 @ TRIM RD (0012835),12835,02 - Intersection related,03 - P.D. only,04 - Sideswipe,01 - Clear,01 - Daylight,01 - Dry,01 - Traffic signal,01 - Functioning,2,0,0,0,,0,,,,,384351.1326,5039988.539,45.49528403,-75.4821586,1020
15--10906,2015/09/14,7:50 AM,MONTREAL RD btwn CARSON'S RD/CODD'S RD & DEN HAAG DR/LANG'S RD (__3ZA2DU),__3ZA2DU,04 - At/near private drive,03 - P.D. only,02 - Angle,01 - Clear,01 - Daylight,01 - Dry,10 - No control,,2,0,0,0,,0,,,,,372602.9076,5034330.255,45.44561436,-75.63323677,1021
15--10907,2015/09/14,7:59 AM,COLONIAL RD btwn BIRCHGROVE RD & CANAAN RD (__3ZA2UL),__3ZA2UL,01 - Non intersection,03 - P.D. only,07 - SMV other,01 - Clear,01 - Daylight,01 - Dry,10 - No control,,1,0,0,0,,0,,,,,397883.7679,5035282.794,45.45127475,-75.30993752,1022
15--10908,2015/09/14,8:00 AM,ST. JEAN ST @ ST. JOSEPH BLVD (0004137),4137,02 - Intersection related,03 - P.D. only,04 - Sideswipe,01 - Clear,01 - Daylight,01 - Dry,01 - Traffic signal,00 - Unknown,2,0,0,0,,0,,,,,380969.0166,5037201.952,45.47059004,-75.52585789,1023
15--11250,2015/09/24,1:00 AM,HIGHWAY 417 btwn HWY417 IC138 RAMP61 & HWY417 IC134 RAMP36 (__3ZA20I),__3ZA20I,01 - Non intersection,03 - P.D. only,07 - SMV other,01 - Clear,07 - Dark,01 - Dry,10 - No control,,1,0,0,0,,0,,,,,355631.4633,5021829.602,45.33457336,-75.85146377,1024
15--1161,2015/01/18,12:42 AM,RIVERSIDE DR @ BROOKFIELD RD/HOG'S BACK RD (0001627),1627,03 - At intersection,03 - P.D. only,05 - Turning movement,01 - Clear,07 - Dark,01 - Dry,01 - Traffic signal,01 - Functioning,2,0,0,0,,0,,,,,368165.7833,5026221.076,45.37306689,-75.69099551,1025
15--10909,2015/09/14,8:20 PM,QUEENSDALE AVE btwn BANNON WAY & BANK ST (__3ZA8OA),__3ZA8OA,01 - Non intersection,03 - P.D. only,06 - SMV unattended vehicle,01 - Clear,07 - Dark,01 - Dry,10 - No control,,1,0,0,0,,0,,,,,373204.6276,5023369.7,45.34693758,-75.62706537,1026
15--1091,2015/01/16,9:05 AM,RICHMOND RD btwn HOPE SIDE RD & KHYMER CRT (__3ZBOCM),__3ZBOCM,01 - Non intersection,03 - P.D. only,07 - SMV other,03 - Snow,01 - Daylight,05 - Packed snow,10 - No control,,1,0,0,0,,0,,,,,357108.1415,5015096.263,45.27387734,-75.83333528,1027
15--10910,2015/09/14,8:24 PM,EAGLESON RD btwn ABBEYHILL DR & PALOMINO DR (__3ZA41M),__3ZA41M,01 - Non intersection,03 - P.D. only,03 - Rear end,01 - Clear,07 - Dark,01 - Dry,10 - No control,,2,0,0,0,,0,,,,,353901.1384,5017845.987,45.29885126,-75.87393373,1028
15--10911,2015/09/14,8:30 AM,BASELINE RD btwn ST. HELEN'S PL & CLYDE AVE (__3ZA4IN),__3ZA4IN,01 - Non intersection,03 - P.D. only,03 - Rear end,01 - Clear,01 - Daylight,01 - Dry,10 - No control,,2,0,0,0,,0,,,,,364254.1988,5024823.846,45.36083761,-75.74109913,1029
15--10912,2015/09/14,8:39 PM,SMYTH RD btwn CUBA AVE & RUSSELL RD (__3ZA3R2),__3ZA3R2,01 - Non intersection,03 - P.D. only,04 - Sideswipe,01 - Clear,07 - Dark,01 - Dry,10 - No control,,2,0,0,0,,0,,,,,373220.9586,5029370.112,45.40092521,-75.62602573,1030
15--10913,2015/09/14,9:15 AM,GREEN VALLEY CRES @ PRINCE OF WALES DR (0003083),3083,03 - At intersection,02 - Non-fatal injury,02 - Angle,01 - Clear,01 - Daylight,01 - Dry,02 - Stop sign,01 - Functioning,2,0,0,0,02 - Minor,2,,2,,,366994.7173,5026707.538,45.37754888,-75.70588404,1031
15--10914,2015/09/14,9:19 AM,BALSAM ST @ PRESTON ST (0006501),6501,02 - Intersection related,03 - P.D. only,03 - Rear end,01 - Clear,01 - Daylight,01 - Dry,02 - Stop sign,00 - Unknown,2,0,0,0,,0,,,,,366456.7045,5029788.926,45.40532201,-75.71236782,1032
15--10915,2015/09/14,9:24 AM,RICHMOND RD btwn TWEEDSMUIR AVE & MCRAE AVE (__3ZA4O9),__3ZA4O9,01 - Non intersection,02 - Non-fatal injury,06 - SMV unattended vehicle,01 - Clear,01 - Daylight,01 - Dry,10 - No control,,1,0,0,0,03 - Major,1,,,1,,363540.176,5028493.808,45.39391959,-75.74977589,1033
15--10916,2015/09/14,9:38 AM,KING EDWARD AVE @ SOMERSET ST/MARIE CURIE PRIV (0001696),1696,02 - Intersection related,03 - P.D. only,05 - Turning movement,01 - Clear,01 - Daylight,01 - Dry,01 - Traffic signal,01 - Functioning,2,0,0,0,,0,,,,,368956.9896,5031672.497,45.42204502,-75.68018602,1034
15--1107,2015/01/17,10:24 AM,MITCH OWENS RD/BRIDGE ST @ RIVER RD (0003573),3573,02 - Intersection related,03 - P.D. only,03 - Rear end,03 - Snow,01 - Daylight,06 - Ice,01 - Traffic signal,00 - Unknown,2,0,0,0,,0,,,,,369499.7073,5010768.954,45.23390972,-75.67598354,1035
15--10917,2015/09/15,1:30 PM,ST. PATRICK ST btwn DALHOUSIE ST & CUMBERLAND ST (__3ZA3WU),__3ZA3WU,01 - Non intersection,03 - P.D. only,06 - SMV unattended vehicle,01 - Clear,01 - Daylight,01 - Dry,10 - No control,,1,0,0,0,,0,,,,,368045.5382,5032694.88,45.43132706,-75.69170031,1036
15--10918,2015/09/15,1:30 PM,VALOUR DR @ SMYTH RD (0011904),11904,03 - At intersection,03 - P.D. only,02 - Angle,01 - Clear,01 - Daylight,01 - Dry,01 - Traffic signal,01 - Functioning,2,0,0,0,,0,,,,,370665.0071,5029087.189,45.39862471,-75.65870832,1037
15--10919,2015/09/15,10:32 AM,BLACKBURN BYPASS @ INNES RD E (0009245),9245,03 - At intersection,03 - P.D. only,03 - Rear end,01 - Clear,01 - Daylight,01 - Dry,01 - Traffic signal,04 - Missing/Damaged,2,0,0,0,,0,,,,,379791.0272,5033782.646,45.43995319,-75.54144271,1038
15--1092,2015/01/16,9:20 AM,ROBERTSON RD btwn HAZELDEAN RD & HAANEL DR (__3ZA41S),__3ZA41S,01 - Non intersection,03 - P.D. only,07 - SMV other,01 - Clear,01 - Daylight,04 - Slush,10 - No control,,1,0,0,0,,0,,,,,354527.2189,5018930.014,45.30856151,-75.86584261,1039
15--10920,2015/09/15,11:22 AM,JEANNE D'ARC BLVD @ GREY NUNS DR/YOUVILLE DR (0003147),3147,02 - Intersection related,03 - P.D. only,99 - Other,01 - Clear,01 - Daylight,01 - Dry,01 - Traffic signal,01 - Functioning,2,0,0,0,,0,,,,,379670.7425,5036699.502,45.46620976,-75.542536,1040
15--10921,2015/09/15,11:49 AM,CARP RD btwn HWY417 IC144 RAMP25 & WESTBROOK RD (__3ZA3D3),__3ZA3D3,01 - Non intersection,02 - Non-fatal injury,04 - Sideswipe,01 - Clear,01 - Daylight,01 - Dry,10 - No control,,2,0,0,0,01 - Minimal,1,1,,,,347666.0034,5015522.24,45.27834945,-75.95363199,1041
15--10922,2015/09/15,Unknown,WAVERLEY ST btwn MACDONALD ST & ROBERT ST (__3ZA9ND),__3ZA9ND,01 - Non intersection,03 - P.D. only,06 - SMV unattended vehicle,01 - Clear,00 - Unknown,01 - Dry,10 - No control,,1,0,0,0,,0,,,,,368672.2085,5031169.857,45.4175485,-75.68388981,1042
15--10923,2015/09/15,12:15 PM,HIGHWAY 417 btwn HWY417 IC122 RAMP51 & HWY417 IC122 RAMP15 (__3ZA2R0),__3ZA2R0,01 - Non intersection,03 - P.D. only,03 - Rear end,01 - Clear,01 - Daylight,01 - Dry,10 - No control,,2,0,0,0,,0,,,,,365335.9762,5028879.49,45.39723693,-75.72679484,1043
15--10924,2015/09/15,2:00 PM,BLACKBURN BYPASS @ INNES RD E (0009245),9245,02 - Intersection related,03 - P.D. only,03 - Rear end,01 - Clear,01 - Daylight,01 - Dry,01 - Traffic signal,01 - Functioning,2,0,0,0,,0,,,,,379791.7479,5033781.925,45.43994662,-75.54143361,1044
15--10925,2015/09/15,2:06 PM,MONTREAL RD @ ST. LAURENT BLVD (0002604),2604,02 - Intersection related,03 - P.D. only,03 - Rear end,01 - Clear,01 - Daylight,01 - Dry,01 - Traffic signal,01 - Functioning,3,0,0,0,,0,,,,,371545.7029,5033815.793,45.44108722,-75.64681988,1045
15--10926,2015/09/15,2:26 PM,210 W OF MERIVALE RD @ WEST HUNT CLUB RD (0004688),4688,02 - Intersection related,03 - P.D. only,03 - Rear end,01 - Clear,01 - Daylight,01 - Dry,01 - Traffic signal,01 - Functioning,3,0,0,0,,0,,,,,365431.0153,5021831.593,45.33381296,-75.72644589,1046
15--10927,2015/09/15,2:46 PM,CARLING AVE @ CLYDE AVE/COLE AVE (0006984),6984,03 - At intersection,02 - Non-fatal injury,05 - Turning movement,01 - Clear,01 - Daylight,01 - Dry,01 - Traffic signal,01 - Functioning,2,0,0,0,01 - Minimal,2,2,,,,363521.4113,5026850.182,45.37913208,-75.75021108,1047
15--10928,2015/09/15,2:57 PM,BANK ST @ HUNT CLUB RD (0002119),2119,02 - Intersection related,03 - P.D. only,04 - Sideswipe,01 - Clear,01 - Daylight,01 - Dry,01 - Traffic signal,01 - Functioning,2,0,0,0,,0,,,,,371609.4572,5024096.867,45.35363415,-75.64732134,1048
15--10929,2015/09/15,3:19 PM,RIVERSIDE DR @ HERON RD (0002236),2236,02 - Intersection related,03 - P.D. only,99 - Other,01 - Clear,01 - Daylight,01 - Dry,01 - Traffic signal,01 - Functioning,2,0,0,0,,0,,,,,368121.1049,5026646.14,45.37689554,-75.69151137,1049
15--1093,2015/01/16,9:28 AM,FOUNTAINHEAD DR @ SADDLERIDGE DR (0013288),13288,03 - At intersection,03 - P.D. only,02 - Angle,01 - Clear,01 - Daylight,01 - Dry,02 - Stop sign,01 - Functioning,2,0,0,0,,0,,,,,381711.7633,5032135.946,45.42492881,-75.51715211,1050
15--10930,2015/09/15,4:25 PM,ALERT RD/AIRPORT PKWY/UPLANDS DR RAMP 62 @ LES (0003652),3652,03 - At intersection,02 - Non-fatal injury,01 - Approaching,01 - Clear,01 - Daylight,01 - Dry,01 - Traffic signal,01 - Functioning,2,0,0,0,02 - Minor,1,,1,,,371306.7078,5021354.142,45.32898471,-75.65155356,1051
15--10931,2015/09/15,4:41 PM,BLAIR RD @ OGILVIE RD (0004120),4120,02 - Intersection related,02 - Non-fatal injury,03 - Rear end,01 - Clear,01 - Daylight,01 - Dry,01 - Traffic signal,01 - Functioning,2,0,0,0,02 - Minor,1,,1,,,374506.2823,5033198.215,45.43524168,-75.6090681,1052
15--10932,2015/09/15,5:01 PM,ONTARIO ST @ NORTH RIVER RD (0008540),8540,02 - Intersection related,03 - P.D. only,03 - Rear end,01 - Clear,01 - Daylight,01 - Dry,02 - Stop sign,01 - Functioning,2,0,0,0,,0,,,,,369939.3028,5032316.479,45.42774854,-75.66754994,1053
15--10933,2015/09/15,5:31 PM,HEMLOCK RD @ ST. LAURENT BLVD (0007183),7183,02 - Intersection related,03 - P.D. only,99 - Other,01 - Clear,01 - Daylight,01 - Dry,01 - Traffic signal,01 - Functioning,2,0,0,0,,0,,,,,371145.7089,5034781.958,45.4498184,-75.65180199,1054
15--10934,2015/09/15,5:32 PM,BANK ST @ RIVERSIDE DR N (0010778),10778,02 - Intersection related,02 - Non-fatal injury,04 - Sideswipe,01 - Clear,01 - Daylight,01 - Dry,01 - Traffic signal,01 - Functioning,2,0,1,0,02 - Minor,3,1,2,,,369225.7159,5027983.906,45.38883165,-75.67723448,1055
15--10935,2015/09/15,5:55 PM,RIVERSIDE DR NB btwn TREMBLAY RD & HWY417 IC117 RAMP25 (__3ZAZPQ),__3ZAZPQ,01 - Non intersection,03 - P.D. only,03 - Rear end,01 - Clear,01 - Daylight,01 - Dry,10 - No control,,3,0,0,0,,0,,,,,370817.2132,5031025.638,45.41605178,-75.65650484,1056
15--10936,2015/09/15,6:08 PM,COLONEL BY DR @ HAWTHORNE AVE/PRETORIA BRIDGE (0002122),2122,02 - Intersection related,03 - P.D. only,03 - Rear end,01 - Clear,01 - Daylight,01 - Dry,01 - Traffic signal,01 - Functioning,2,0,0,0,,0,,,,,368767.7102,5030525.927,45.41174592,-75.68275327,1057
15--10937,2015/09/15,6:10 AM,RIVER RD btwn KILBY LANE & WATERFRONT CRT (__3ZA38T),__3ZA38T,01 - Non intersection,02 - Non-fatal injury,01 - Approaching,01 - Clear,07 - Dark,01 - Dry,10 - No control,,2,0,0,0,02 - Minor,2,,2,,,372243.2524,5007466.903,45.20394087,-75.64149282,1058
15--10938,2015/09/15,6:20 PM,STRANDHERD DR @ LONGFIELDS DR (0010935),10935,02 - Intersection related,03 - P.D. only,03 - Rear end,01 - Clear,01 - Daylight,01 - Dry,01 - Traffic signal,01 - Functioning,2,0,0,0,,0,,,,,364549.5312,5015172.964,45.27397457,-75.73849379,1059
15--10939,2015/09/15,6:27 PM,GREENBANK RD btwn JOCKVALE RD & CAMBRIAN RD (__3ZA2WE),__3ZA2WE,01 - Non intersection,03 - P.D. only,03 - Rear end,01 - Clear,01 - Daylight,01 - Dry,10 - No control,,3,0,0,0,,0,,,,,364283.2894,5013967.21,45.26314775,-75.74203116,1060
15--1094,2015/01/16,9:29 PM,ELGIN ST @ LAURIER AVE (0002232),2232,03 - At intersection,03 - P.D. only,05 - Turning movement,01 - Clear,07 - Dark,02 - Wet,01 - Traffic signal,01 - Functioning,2,0,0,0,,0,,,,,367948.7099,5031550.058,45.42103509,-75.69308446,1061
15--10940,2015/09/15,6:35 PM,PRESTON ST @ SOMERSET ST (0002215),2215,02 - Intersection related,03 - P.D. only,04 - Sideswipe,01 - Clear,01 - Daylight,01 - Dry,01 - Traffic signal,01 - Functioning,2,0,0,0,,0,,,,,366307.6986,5030126.487,45.4083724,-75.714229,1062
15--10941,2015/09/15,7:05 PM,NAVAN RD btwn MUSTANG ST & TO BE DETERMINED (__3ZA3M4),__3ZA3M4,01 - Non intersection,02 - Non-fatal injury,07 - SMV other,01 - Clear,01 - Daylight,01 - Dry,10 - No control,,1,0,0,0,02 - Minor,1,,1,,,388187.9073,5032223.093,45.42497085,-75.43439319,1063
15--10942,2015/09/15,7:17 PM,PLEASANT PARK RD @ ALTA VISTA DR (0008005),8005,03 - At intersection,03 - P.D. only,05 - Turning movement,01 - Clear,07 - Dark,01 - Dry,01 - Traffic signal,01 - Functioning,2,0,0,0,,0,,,,,370366.4438,5028467.188,45.39307419,-75.66260385,1064
15--10943,2015/09/15,7:45 AM,JEANNE D'ARC BLVD @ FORTUNE DR/VINEYARD DR (0004393),4393,03 - At intersection,03 - P.D. only,02 - Angle,01 - Clear,01 - Daylight,01 - Dry,01 - Traffic signal,01 - Functioning,2,0,0,0,,0,,,,,379238.0079,5037375.238,45.47233577,-75.54796678,1065
15--10944,2015/09/15,8:19 AM,HIGHWAY 417 btwn HWY417 IC118 RAMP67 & HWY417 IC117 RAMP36 (__3ZA2YO),__3ZA2YO,01 - Non intersection,03 - P.D. only,03 - Rear end,01 - Clear,01 - Daylight,01 - Dry,10 - No control,,2,0,0,0,,0,,,,,370170.6666,5031114.679,45.41691363,-75.664753,1066
15--10945,2015/09/15,8:19 PM,INNES RD btwn CHAPELIER PRIV & DU GRAND BOIS AVE (__3ZBOGP),__3ZBOGP,01 - Non intersection,03 - P.D. only,04 - Sideswipe,01 - Clear,07 - Dark,01 - Dry,10 - No control,,2,0,0,0,,0,,,,,383103.8453,5035760.731,45.45738711,-75.49878882,1067
15--10946,2015/09/15,8:20 AM,HIGHWAY 417 btwn HWY417 IC124 RAMP57 & HWY417 IC124 RAMP55 (__3ZA2Y1),__3ZA2Y1,01 - Non intersection,03 - P.D. only,03 - Rear end,01 - Clear,01 - Daylight,01 - Dry,10 - No control,,3,0,0,0,,0,,,,,364346.5492,5027403.872,45.38404444,-75.73960939,1068
15--10947,2015/09/15,8:56 AM,REGIONAL ROAD 174 btwn OR174 IC105 RAMP16 & OR174 IC105 RAMP26 (__3ZA1PU),__3ZA1PU,01 - Non intersection,03 - P.D. only,03 - Rear end,01 - Clear,01 - Daylight,01 - Dry,10 - No control,,3,0,0,0,,0,,,,,379216.8616,5036929.732,45.4683297,-75.54830466,1069
15--10948,2015/09/15,9:07 AM,CONROY RD @ WALKLEY RD (0002648),2648,02 - Intersection related,02 - Non-fatal injury,03 - Rear end,01 - Clear,01 - Daylight,01 - Dry,01 - Traffic signal,01 - Functioning,2,0,0,0,01 - Minimal,1,1,,,,372903.7226,5027462.45,45.38379183,-75.63034077,1070
15--10949,2015/09/15,9:37 AM,WOODROFFE AVE btwn GEORGINA DR & HWY417 IC127 RAMP36 (__3ZA4L6),__3ZA4L6,01 - Non intersection,03 - P.D. only,04 - Sideswipe,01 - Clear,01 - Daylight,01 - Dry,10 - No control,,2,0,0,0,,0,,,,,361926.2632,5025326.195,45.36555127,-75.77075344,1071
15--1095,2015/01/16,9:33 AM,MARCH RD @ MORGAN'S GRANT WAY/SHIRLEY'S BROOK  (0002651),2651,03 - At intersection,03 - P.D. only,05 - Turning movement,01 - Clear,01 - Daylight,04 - Slush,01 - Traffic signal,01 - Functioning,2,0,0,0,,0,,,,,349662.5731,5023616.064,45.35105537,-75.92745212,1072
15--10950,2015/09/16,1:00 PM,BRONSON AVE @ CARLING AVE/GLEBE AVE (0002134),2134,03 - At intersection,03 - P.D. only,04 - Sideswipe,01 - Clear,01 - Daylight,01 - Dry,01 - Traffic signal,01 - Functioning,3,0,0,0,,0,,,,,367449.1484,5029335.202,45.40115141,-75.69974874,1073
15--10951,2015/09/16,1:01 PM,WELLINGTON ST btwn BANK ST & O'CONNOR ST (__3ZA3MF),__3ZA3MF,01 - Non intersection,03 - P.D. only,06 - SMV unattended vehicle,01 - Clear,01 - Daylight,01 - Dry,10 - No control,,1,0,0,0,,0,,,,,367270.68,5031639.745,45.42190294,-75.70173612,1074
15--1143,2015/01/17,8:35 PM,HWY417 IC118 RAMP35 btwn HWY417 IC118 RAMP45 & HIGHWAY 417 (__3ZAY9Q),__3ZAY9Q,01 - Non intersection,03 - P.D. only,07 - SMV other,01 - Clear,07 - Dark,01 - Dry,10 - No control,,1,0,0,0,,0,,,,,369658.4524,5031108.061,45.41690176,-75.67129779,1075
15--10952,2015/09/16,1:56 AM,HIGHWAY 417 btwn HWY 417 ANDERSON IC104R61 & HWY 417 BOUNDARY IC96R16 (__3ZA2W5),__3ZA2W5,01 - Non intersection,03 - P.D. only,07 - SMV other,01 - Clear,07 - Dark,01 - Dry,10 - No control,,1,0,0,0,,0,,,,,383198.066,5025417.064,45.36431252,-75.49922935,1076