Anom_ID,Accident_Date,Accident_Time,Location,Geo_ID,Accident_Location,Classification_of_Accident,Initial_Impact_Type,Environment_Condition,Light,Road_Surface_Condition,Traffic_Control,Traffic_Control_Condition,No__of_Vehicles,No__of_Bicycles,No__of_Motorcycles,No__of_Pedestrians,Max_Injury,No__of_Injuries,No__of_Minimal,No__of_Minor,No__of_Major,No__of_Fatal,X,Y,Latitude,Longitude,ObjectId
15--10953,2015/09/16,10:15 AM,CARLING AVE @ GRENON AVE (0002645),2645,02 - Intersection related,03 - P.D. only,04 - Sideswipe,01 - Clear,01 - Daylight,01 - Dry,01 - Traffic signal,01 - Functioning,2,0,0,0,,0,,,,,359593.6614,5024350.508,45.35695828,-75.80063621,1077
15--10954,2015/09/16,11:12 AM,RIVERSIDE DR @ TREMBLAY RD/HWY417 IC117 RAMP52 (0010790),10790,03 - At intersection,03 - P.D. only,03 - Rear end,01 - Clear,01 - Daylight,01 - Dry,01 - Traffic signal,01 - Functioning,2,0,0,0,,0,,,,,370802.0781,5031015.548,45.41596242,-75.65669955,1078
15--10955,2015/09/16,11:40 AM,HIGHWAY 417 btwn HWY417 IC115 RAMP36 & HWY417 IC115 RAMP26 (__3ZA2R4),__3ZA2R4,01 - Non intersection,03 - P.D. only,04 - Sideswipe,01 - Clear,01 - Daylight,01 - Dry,10 - No control,,2,0,0,0,,0,,,,,372436.7798,5031517.083,45.4203189,-75.63574669,1079
15--10956,2015/09/16,11:45 PM,HAWTHORNE RD @ WHYTE SIDE RD (0009314),9314,03 - At intersection,03 - P.D. only,02 - Angle,01 - Clear,07 - Dark,01 - Dry,02 - Stop sign,01 - Functioning,2,0,0,0,,0,,,,,376248.4686,5024593.713,45.35764721,-75.58804985,1080
15--10957,2015/09/16,Unknown,GLENCOE ST btwn BELLMAN DR & MIDLAND CRES (__3ZABP2),__3ZABP2,01 - Non intersection,03 - P.D. only,06 - SMV unattended vehicle,01 - Clear,00 - Unknown,01 - Dry,10 - No control,,1,0,0,0,,0,,,,,361080.9191,5020947.944,45.32622428,-75.78204203,1081
15--10958,2015/09/16,12:08 PM,EARL ARMSTRONG RD @ BOWESVILLE RD (0009411),9411,02 - Intersection related,03 - P.D. only,02 - Angle,01 - Clear,01 - Daylight,01 - Dry,02 - Stop sign,01 - Functioning,2,0,0,0,,0,,,,,372560.7397,5017440.465,45.29365064,-75.63609249,1082
15--10959,2015/09/16,12:10 PM,KING EDWARD AVE @ RIDEAU ST (0002121),2121,02 - Intersection related,03 - P.D. only,04 - Sideswipe,01 - Clear,01 - Daylight,01 - Dry,01 - Traffic signal,01 - Functioning,2,0,0,0,,0,,,,,368512.6711,5032412.143,45.4287407,-75.68576738,1083
15--1096,2015/01/16,9:50 AM,ALLOWAY CRES btwn PLUMBER AVE & CHARLTON DR (__3ZBO1F),__3ZBO1F,04 - At/near private drive,03 - P.D. only,99 - Other,01 - Clear,01 - Daylight,03 - Loose snow,10 - No control,,2,0,0,0,,0,,,,,373102.8438,5033330.086,45.43656668,-75.62698536,1084
15--10960,2015/09/16,12:10 PM,RIDEAU ST btwn CUMBERLAND ST & KING EDWARD AVE (__3ZBOFX),__3ZBOFX,04 - At/near private drive,03 - P.D. only,02 - Angle,01 - Clear,01 - Daylight,01 - Dry,10 - No control,,2,0,0,0,,0,,,,,368424.7013,5032364.892,45.42832356,-75.6868976,1085
15--10961,2015/09/16,12:26 PM,COPERNICUS ST @ LAURIER AVE (0007659),7659,02 - Intersection related,03 - P.D. only,04 - Sideswipe,01 - Clear,01 - Daylight,01 - Dry,02 - Stop sign,00 - Unknown,2,0,0,0,,0,,,,,368666.4322,5031989.939,45.42492783,-75.6838573,1086
15--10962,2015/09/16,12:33 AM,COLONEL BY DR/SUSSEX DR @ RIDEAU ST (0007647),7647,02 - Intersection related,03 - P.D. only,02 - Angle,01 - Clear,07 - Dark,01 - Dry,01 - Traffic signal,01 - Functioning,2,1,0,0,,0,,,,,367921.382,5032045.599,45.42549627,-75.69337013,1087
15--10963,2015/09/16,12:45 PM,MARCH RD btwn CAMPEAU DR/HWY 417 MARCH IC138R63 & HWY417 IC138 RAMP62 (__3ZA415),__3ZA415,01 - Non intersection,03 - P.D. only,04 - Sideswipe,01 - Clear,01 - Daylight,01 - Dry,10 - No control,,3,0,0,0,,0,,,,,352772.4357,5020626.737,45.32395104,-75.88805525,1088
15--10964,2015/09/16,2:04 PM,BESSERER ST @ WALLER ST (0008859),8859,02 - Intersection related,03 - P.D. only,04 - Sideswipe,01 - Clear,01 - Daylight,01 - Dry,01 - Traffic signal,01 - Functioning,2,0,0,0,,0,,,,,368315.9333,5032192.338,45.42678086,-75.68830973,1089
15--10965,2015/09/16,2:15 PM,HIGHWAY 417 btwn HWY417 IC127 RAMP35 & HWY417 IC127 RAMP25 (__3ZA2RE),__3ZA2RE,01 - Non intersection,03 - P.D. only,99 - Other,01 - Clear,01 - Daylight,01 - Dry,10 - No control,,2,0,0,0,,0,,,,,362147.6689,5024844.211,45.36119633,-75.76798324,1090
15--10966,2015/09/16,2:18 PM,RIDEAU ST @ WALLER ST (0011913),11913,03 - At intersection,03 - P.D. only,04 - Sideswipe,01 - Clear,01 - Daylight,01 - Dry,01 - Traffic signal,01 - Functioning,2,0,0,0,,0,,,,,368282.0272,5032274.944,45.4275272,-75.68873234,1091
15--10967,2015/09/16,2:41 PM,CLEARBROOK DR btwn LONGFIELDS DR & SILVERSTONE WAY (__818LDD),__818LDD,01 - Non intersection,03 - P.D. only,04 - Sideswipe,01 - Clear,01 - Daylight,01 - Dry,10 - No control,,2,0,0,0,,0,,,,,364702.6741,5014992.432,45.27233712,-75.73656394,1092
15--10968,2015/09/16,2:52 PM,O'CONNOR ST @ SLATER ST (0002230),2230,03 - At intersection,03 - P.D. only,04 - Sideswipe,01 - Clear,01 - Daylight,01 - Dry,01 - Traffic signal,01 - Functioning,2,0,0,0,,0,,,,,367580.6688,5031449.13,45.4201601,-75.6977997,1093
15--10969,2015/09/16,3:00 PM,BRIDGE ST @ WEST RIVER DR/ARTHUR CRES S (0008226),8226,03 - At intersection,03 - P.D. only,03 - Rear end,01 - Clear,01 - Daylight,01 - Dry,02 - Stop sign,01 - Functioning,2,0,0,0,,0,,,,,368974.2331,5010210.293,45.22893101,-75.68274735,1094
15--1097,2015/01/17,1:12 PM,SHEFFIELD RD @ WALKLEY RD (0005156),5156,02 - Intersection related,02 - Non-fatal injury,03 - Rear end,01 - Clear,01 - Daylight,02 - Wet,01 - Traffic signal,01 - Functioning,2,0,0,0,02 - Minor,1,,1,,,375256.7712,5028785.985,45.39546762,-75.60010791,1095
15--10970,2015/09/16,3:01 PM,ROCKY HILL DR @ PRINCE OF WALES DR (0010328),10328,02 - Intersection related,03 - P.D. only,03 - Rear end,01 - Clear,01 - Daylight,01 - Dry,01 - Traffic signal,01 - Functioning,2,0,0,0,,0,,,,,366967.3907,5014403.65,45.26684273,-75.70777745,1096
15--10971,2015/09/16,3:20 PM,SPRATT RD btwn SHORELINE DR & SHORELINE DR (__3ZAZTT),__3ZAZTT,01 - Non intersection,03 - P.D. only,06 - SMV unattended vehicle,01 - Clear,01 - Daylight,01 - Dry,10 - No control,,1,0,0,0,,0,,,,,368403.2075,5015372.616,45.27543301,-75.689358,1097
15--10972,2015/09/16,3:20 PM,STAR TOP RD btwn ALGOMA RD & Continuation of STAR TOP RD (__3ZAZAT),__3ZAZAT,04 - At/near private drive,03 - P.D. only,05 - Turning movement,01 - Clear,01 - Daylight,01 - Dry,10 - No control,,2,0,0,0,,0,,,,,373989.901,5031074.82,45.41618776,-75.61596557,1098
15--10973,2015/09/16,3:24 PM,INGLEWOOD PL @ PARKDALE AVE (0006691),6691,02 - Intersection related,02 - Non-fatal injury,03 - Rear end,01 - Clear,01 - Daylight,01 - Dry,01 - Traffic signal,01 - Functioning,3,0,0,0,01 - Minimal,1,1,,,,365569.7798,5028310.003,45.39209256,-75.72387897,1099
15--10974,2015/09/16,3:32 PM,ATHLONE AVE @ RICHMOND RD (0006293),6293,03 - At intersection,03 - P.D. only,02 - Angle,01 - Clear,01 - Daylight,01 - Dry,01 - Traffic signal,01 - Functioning,2,0,0,0,,0,,,,,363452.9688,5028441.195,45.3934535,-75.75089586,1100
15--10975,2015/09/16,4:04 PM,KING EDWARD AVE @ SOMERSET ST/MARIE CURIE PRIV (0001696),1696,02 - Intersection related,03 - P.D. only,04 - Sideswipe,01 - Clear,01 - Daylight,01 - Dry,01 - Traffic signal,01 - Functioning,2,0,0,0,,0,,,,,368958.431,5031671.776,45.4220384,-75.68016769,1101
15--10976,2015/09/16,4:10 PM,WOODROFFE AVE @ KNOXDALE RD/MEDHURST DR (0000519),519,02 - Intersection related,03 - P.D. only,04 - Sideswipe,01 - Clear,01 - Daylight,01 - Dry,01 - Traffic signal,01 - Functioning,2,0,0,0,,0,,,,,363419.6899,5021826.847,45.33394116,-75.75210549,1102
15--10977,2015/09/16,4:12 PM,MERIVALE RD @ SLACK RD (0000110),110,02 - Intersection related,03 - P.D. only,04 - Sideswipe,01 - Clear,01 - Daylight,01 - Dry,01 - Traffic signal,01 - Functioning,2,0,0,0,,0,,,,,366019.7003,5020954.412,45.32586909,-75.71904439,1103
15--10978,2015/09/16,4:18 PM,ALBION RD btwn LESTER RD & LEITRIM RD (__3ZA3SQ),__3ZA3SQ,01 - Non intersection,03 - P.D. only,03 - Rear end,01 - Clear,01 - Daylight,01 - Dry,10 - No control,,3,0,0,0,,0,,,,,372725.9332,5022266.643,45.33705917,-75.6333249,1104
15--10979,2015/09/16,5:14 PM,WOODROFFE AVE btwn HWY417 IC127 RAMP53 & IRIS ST (__3ZA4L2),__3ZA4L2,01 - Non intersection,03 - P.D. only,03 - Rear end,01 - Clear,01 - Daylight,01 - Dry,10 - No control,,2,0,0,0,,0,,,,,362275.4849,5024460.619,45.35773434,-75.76639647,1105
15--1152,2015/01/18,10:30 PM,HIGHWAY 417 btwn HWY417 IC120A RAMP52 & HWY417 IC119B RAMP57 (__3ZA2R1),__3ZA2R1,01 - Non intersection,03 - P.D. only,03 - Rear end,"07 - Fog, mist, smoke, dust",07 - Dark,02 - Wet,10 - No control,,2,0,0,0,,0,,,,,368012.1864,5030143.706,45.40837546,-75.69245382,1106
15--11430,2015/09/28,8:15 AM,MERIVALE RD btwn SLACK RD & CAPITAL DR (__3ZA3IU),__3ZA3IU,04 - At/near private drive,03 - P.D. only,02 - Angle,01 - Clear,01 - Daylight,01 - Dry,10 - No control,,3,0,0,0,,0,,,,,366026.8822,5020940.281,45.32574132,-75.71895453,1107
15--11251,2015/09/24,1:33 PM,INDUSTRIAL AVE/INNES RD @ ST. LAURENT BLVD (0002203),2203,02 - Intersection related,03 - P.D. only,04 - Sideswipe,01 - Clear,01 - Daylight,01 - Dry,01 - Traffic signal,01 - Functioning,2,0,0,0,,0,,,,,373099.7274,5030004.121,45.40664157,-75.62748628,1108
15--11610,2015/10/02,7:19 PM,CYRVILLE RD @ OGILVIE RD (0003554),3554,03 - At intersection,03 - P.D. only,02 - Angle,01 - Clear,07 - Dark,01 - Dry,01 - Traffic signal,01 - Functioning,2,0,0,0,,0,,,,,372454.4398,5032005.209,45.42470912,-75.63545402,1109
15--11252,2015/09/24,1:40 PM,HIGHWAY 417 btwn HWY417 IC121B RAMP16 & HWY417 IC121A RAMP16 (__3ZA2YX),__3ZA2YX,01 - Non intersection,03 - P.D. only,03 - Rear end,01 - Clear,01 - Daylight,01 - Dry,10 - No control,,2,0,0,0,,0,,,,,366762.3221,5029587.545,45.40348305,-75.70848939,1110
15--11070,2015/09/18,5:38 PM,MAITLAND AVE @ WOODWARD DR (0003185),3185,02 - Intersection related,02 - Non-fatal injury,05 - Turning movement,01 - Clear,01 - Daylight,01 - Dry,01 - Traffic signal,01 - Functioning,2,1,0,0,01 - Minimal,1,1,,,,363273.6946,5025662.167,45.36846319,-75.75351446,1111
15--11431,2015/09/28,8:20 AM,HIGHWAY 417 btwn HWY417 IC119B RAMP57 & HWY417 IC119A RAMP75 (__3ZA1QN),__3ZA1QN,01 - Non intersection,03 - P.D. only,03 - Rear end,01 - Clear,01 - Daylight,01 - Dry,10 - No control,,4,0,0,0,,0,,,,,368385.8521,5030401.882,45.4106646,-75.68764736,1112
15--11611,2015/10/02,7:46 AM,LEES AVE / GRAHAM AVE @ MAIN ST (0002252),2252,03 - At intersection,03 - P.D. only,05 - Turning movement,01 - Clear,01 - Daylight,01 - Dry,01 - Traffic signal,01 - Functioning,2,0,0,0,,0,,,,,369000.9861,5030560.21,45.41203302,-75.67976879,1113
15--11071,2015/09/18,5:51 PM,BASELINE RD @ FISHER AVE (0002346),2346,02 - Intersection related,03 - P.D. only,03 - Rear end,01 - Clear,01 - Daylight,01 - Dry,01 - Traffic signal,01 - Functioning,2,0,0,0,,0,,,,,366166.6936,5026027.452,45.37150262,-75.71653993,1114
15--11253,2015/09/24,1:58 PM,WOODROFFE AVE btwn CARLINGWOOD SC & CARLING AVE (__3ZA4NKB),__3ZA4NKB,04 - At/near private drive,03 - P.D. only,02 - Angle,01 - Clear,01 - Daylight,01 - Dry,10 - No control,,2,0,0,0,,0,,,,,361923.7273,5025851.258,45.37027594,-75.77072509,1115
15--11432,2015/09/28,8:25 AM,UPPER DWYER HILL RD btwn GALETTA SIDE RD & OTTAWA ROAD 29 (__3ZA2LO),__3ZA2LO,01 - Non intersection,02 - Non-fatal injury,07 - SMV other,01 - Clear,01 - Daylight,01 - Dry,10 - No control,,1,0,0,0,02 - Minor,1,,1,,,318677.9466,5030901.78,45.41791412,-76.32267715,1116
15--11612,2015/10/02,7:54 AM,BANK ST btwn CATHERINE ST & CHAMBERLAIN AVE N/ISABELLA ST (__3ZA3PO),__3ZA3PO,01 - Non intersection,02 - Non-fatal injury,04 - Sideswipe,01 - Clear,01 - Daylight,01 - Dry,10 - No control,,3,0,0,0,02 - Minor,1,,1,,,368069.255,5030200.185,45.40887849,-75.69171759,1117
15--11072,2015/09/18,7:19 PM,NORTH RIVER RD btwn SELKIRK ST & MCARTHUR AVE (__3ZA3U7),__3ZA3U7,04 - At/near private drive,03 - P.D. only,05 - Turning movement,01 - Clear,05 - Dusk,01 - Dry,10 - No control,,2,0,0,0,,0,,,,,369802.4114,5032700.558,45.43121706,-75.66924846,1118
15--11254,2015/09/24,10:03 PM,BANK ST @ JOHNSTON RD (0006967),6967,03 - At intersection,02 - Non-fatal injury,05 - Turning movement,01 - Clear,07 - Dark,01 - Dry,01 - Traffic signal,01 - Functioning,2,0,0,0,01 - Minimal,1,1,,,,370851.0098,5024837.726,45.36037201,-75.65690124,1119
15--11433,2015/09/28,9:44 PM,DONALD ST @ VANIER PKWY (0007644),7644,03 - At intersection,03 - P.D. only,05 - Turning movement,01 - Clear,07 - Dark,02 - Wet,01 - Traffic signal,01 - Functioning,2,0,0,0,,0,,,,,370311.7131,5032270.225,45.42729758,-75.66279737,1120
15--11613,2015/10/02,8:00 AM,BOOTH ST @ SIR JOHN A. MACDONALD PKWY/WELLINGTON ST (0012252),12252,02 - Intersection related,03 - P.D. only,03 - Rear end,01 - Clear,01 - Daylight,01 - Dry,01 - Traffic signal,01 - Functioning,2,0,0,0,,0,,,,,366263.0719,5031003.915,45.41627118,-75.71468964,1121
15--11073,2015/09/18,7:24 PM,BRONSON AVE @ CATHERINE ST/RAYMOND ST (0007198),7198,03 - At intersection,03 - P.D. only,05 - Turning movement,01 - Clear,07 - Dark,01 - Dry,01 - Traffic signal,01 - Functioning,2,0,0,0,,0,,,,,367252.7085,5029796.206,45.40531694,-75.70219935,1122
15--11074,2015/09/18,7:40 AM,WOODFIELD DR btwn DOWNSVIEW CRES & MERIVALE RD (__3ZA00W),__3ZA00W,04 - At/near private drive,03 - P.D. only,05 - Turning movement,01 - Clear,01 - Daylight,01 - Dry,10 - No control,,2,0,0,0,,0,,,,,365363.9176,5022268.736,45.33775211,-75.72724837,1123
15--11075,2015/09/18,7:46 AM,TENTH LINE RD @ OR174 IC101 RAMP26 (0009164),9164,02 - Intersection related,03 - P.D. only,03 - Rear end,01 - Clear,01 - Daylight,01 - Dry,10 - No control,,3,0,0,0,,0,,,,,382761.7929,5038940.083,45.48603036,-75.50265727,1124
15--11076,2015/09/18,8:25 AM,MONTREAL RD btwn BETHAMY LANE & OGILVIE RD (__3ZA2DX),__3ZA2DX,01 - Non intersection,03 - P.D. only,04 - Sideswipe,01 - Clear,01 - Daylight,01 - Dry,10 - No control,,2,0,0,0,,0,,,,,375643.0233,5034548.568,45.44727711,-75.59434659,1125
15--11077,2015/09/18,8:41 AM,BRONSON AVE @ MACLAREN ST (0006338),6338,02 - Intersection related,03 - P.D. only,04 - Sideswipe,01 - Clear,01 - Daylight,01 - Dry,02 - Stop sign,01 - Functioning,2,0,0,0,,0,,,,,366998.9789,5030399.204,45.41076514,-75.70536422,1126
15--11078,2015/09/18,8:48 PM,COVENTRY RD @ VANIER PKWY (0002139),2139,02 - Intersection related,03 - P.D. only,03 - Rear end,01 - Clear,07 - Dark,01 - Dry,01 - Traffic signal,01 - Functioning,3,0,0,0,,0,,,,,370677.1056,5031611.343,45.42133492,-75.65821648,1127
15--11079,2015/09/18,8:50 AM,GRENON AVE @ RICHMOND RD (0002741),2741,03 - At intersection,03 - P.D. only,02 - Angle,01 - Clear,01 - Daylight,01 - Dry,01 - Traffic signal,01 - Functioning,2,0,0,0,,0,,,,,359807.3912,5024035.312,45.35410541,-75.79794353,1128
15--1108,2015/01/17,10:30 PM,MCARTHUR AVE @ VANIER PKWY (0004626),4626,02 - Intersection related,03 - P.D. only,04 - Sideswipe,01 - Clear,07 - Dark,01 - Dry,01 - Traffic signal,01 - Functioning,2,0,0,0,,0,,,,,370218.705,5032691.068,45.43109286,-75.66392993,1129
15--11080,2015/09/18,8:51 AM,HIGHWAY 417 btwn HWY417 IC144 RAMP61 & HWY417 IC142 RAMP16 (__3ZA20K),__3ZA20K,01 - Non intersection,03 - P.D. only,07 - SMV other,01 - Clear,01 - Daylight,01 - Dry,10 - No control,,1,0,0,0,,0,,,,,347840.7787,5016269.887,45.28506638,-75.95133957,1130
15--11081,2015/09/18,8:54 PM,BLAIR RD @ INNES RD (0004165),4165,02 - Intersection related,03 - P.D. only,03 - Rear end,01 - Clear,07 - Dark,01 - Dry,01 - Traffic signal,01 - Functioning,2,0,0,0,,0,,,,,375578.0142,5031441.357,45.41932682,-75.59562423,1131
15--11082,2015/09/18,9:14 PM,BRIDLE PARK DR @ STONEHAVEN DR (0012661),12661,03 - At intersection,03 - P.D. only,03 - Rear end,01 - Clear,07 - Dark,01 - Dry,01 - Traffic signal,01 - Functioning,2,0,0,0,,0,,,,,356108.3799,5016317.184,45.28493709,-75.84595014,1132
15--11083,2015/09/18,9:20 PM,HIGHWAY 417 btwn HWY417 IC123 RAMP62 & HWY417 IC122 RAMP16 (__3ZA2R9),__3ZA2R9,01 - Non intersection,03 - P.D. only,99 - Other,01 - Clear,07 - Dark,01 - Dry,10 - No control,,2,0,0,0,,0,,,,,364976.4154,5028437.725,45.39329302,-75.73144086,1133
15--11084,2015/09/18,9:25 AM,MANN AVE @ RUSSELL AVE (0006976),6976,03 - At intersection,03 - P.D. only,02 - Angle,01 - Clear,01 - Daylight,01 - Dry,02 - Stop sign,01 - Functioning,2,0,0,0,,0,,,,,369470.7145,5031504.221,45.42048363,-75.67364429,1134
15--11085,2015/09/19,1:00 PM,TERRY FOX DR btwn HAZELDEAN RD & 135 S OF HAZELDEAN RD/SOBEY'S SC (__3ZBPL2A),__3ZBPL2A,01 - Non intersection,03 - P.D. only,99 - Other,01 - Clear,01 - Daylight,01 - Dry,10 - No control,,2,0,0,0,,0,,,,,352234.9984,5017209.658,45.29323988,-75.89523758,1135
15--11086,2015/09/19,1:26 PM,HWY 417 MAITLAND IC126R52 @ MAITLAND AVE (0002246),2246,03 - At intersection,02 - Non-fatal injury,03 - Rear end,01 - Clear,01 - Daylight,01 - Dry,03 - Yield sign,01 - Functioning,2,0,0,0,01 - Minimal,1,1,,,,363205.5071,5025834.112,45.37001602,-75.75436455,1136
15--11087,2015/09/19,10:25 PM,OLD CARP RD btwn HUNTMAR DR & SECOND LINE RD (__3ZACVV),__3ZACVV,01 - Non intersection,03 - P.D. only,07 - SMV other,01 - Clear,07 - Dark,01 - Dry,10 - No control,,1,0,0,0,,0,,,,,347394.9476,5023203.208,45.34748178,-75.95642637,1137
15--11088,2015/09/19,10:47 AM,VANIER PKWY NB btwn DESCHAMPS AVE & MONTREAL RD (__3ZA4SU),__3ZA4SU,01 - Non intersection,03 - P.D. only,03 - Rear end,01 - Clear,01 - Daylight,02 - Wet,10 - No control,,2,0,0,0,,0,,,,,370015.7729,5033125.772,45.4350231,-75.6664656,1138
15--11089,2015/09/19,11:00 AM,GREENBANK RD @ BERRIGAN DR/WESSEX RD (0004726),4726,02 - Intersection related,03 - P.D. only,03 - Rear end,01 - Clear,01 - Daylight,01 - Dry,01 - Traffic signal,01 - Functioning,2,0,0,0,,0,,,,,363724.4024,5015277.506,45.27498487,-75.74899671,1139
15--1109,2015/01/17,10:30 PM,CHAPEL ST btwn SOMERSET ST E & TEMPLETON ST (__3ZA7G9),__3ZA7G9,01 - Non intersection,03 - P.D. only,06 - SMV unattended vehicle,01 - Clear,07 - Dark,04 - Slush,10 - No control,,1,0,0,0,,0,,,,,369393.3752,5031820.467,45.42333624,-75.67459095,1140
15--11090,2015/09/19,11:07 AM,INNES RD @ LANTHIER DR/PRESTWICK DR (0004251),4251,03 - At intersection,02 - Non-fatal injury,05 - Turning movement,01 - Clear,01 - Daylight,01 - Dry,01 - Traffic signal,01 - Functioning,2,0,0,0,02 - Minor,2,1,1,,,383540.7631,5035988.204,45.45938461,-75.49316673,1141
15--11091,2015/09/19,Unknown,DONALD ST btwn FRANCES ST & BARNABY PRIV (__3ZA81W),__3ZA81W,01 - Non intersection,03 - P.D. only,06 - SMV unattended vehicle,01 - Clear,00 - Unknown,01 - Dry,10 - No control,,1,0,0,0,,0,,,,,371506.0125,5032406.091,45.42840716,-75.64751818,1142
15--11092,2015/09/19,Unknown,VERNON AVE btwn COTE ST & BEN ST (__3ZA7DF),__3ZA7DF,01 - Non intersection,03 - P.D. only,06 - SMV unattended vehicle,01 - Clear,00 - Unknown,01 - Dry,10 - No control,,1,0,0,0,,0,,,,,371526.8693,5033094.618,45.43460022,-75.64715836,1143
15--11093,2015/09/19,Unknown,SADLER CRES btwn WINSLOW CRT & REMBRANDT RD (__3ZABWB),__3ZABWB,01 - Non intersection,03 - P.D. only,06 - SMV unattended vehicle,01 - Clear,00 - Unknown,01 - Dry,10 - No control,,1,0,0,0,,0,,,,,361700.3707,5025011.098,45.36273442,-75.77367312,1144
15--11094,2015/09/19,12:04 AM,REGIONAL ROAD 174 btwn OR174 IC105 RAMP16 & OR174 IC105 RAMP26 (__3ZA1PU),__3ZA1PU,01 - Non intersection,03 - P.D. only,03 - Rear end,01 - Clear,07 - Dark,01 - Dry,10 - No control,,2,0,0,0,,0,,,,,379221.3184,5036925.383,45.4682901,-75.54824833,1145
15--11095,2015/09/19,12:12 AM,GOULBOURN FORCED RD btwn TERRY FOX DR & KANATA ROCKERIES PRIV (__5UAEGG),__5UAEGG,01 - Non intersection,02 - Non-fatal injury,99 - Other,01 - Clear,07 - Dark,01 - Dry,10 - No control,,2,0,0,0,02 - Minor,2,1,1,,,349353.026,5022612.303,45.34204303,-75.93149287,1146
15--11096,2015/09/19,12:20 AM,MEADOWLANDS DR @ MERIVALE RD (0000625),625,03 - At intersection,03 - P.D. only,05 - Turning movement,01 - Clear,07 - Dark,01 - Dry,01 - Traffic signal,01 - Functioning,2,0,0,0,,0,,,,,364859.4206,5023725.871,45.3509066,-75.73350788,1147
15--11097,2015/09/19,12:44 PM,GEORGE ST btwn DALHOUSIE ST & CUMBERLAND ST (__3ZA81O),__3ZA81O,04 - At/near private drive,02 - Non-fatal injury,05 - Turning movement,01 - Clear,01 - Daylight,01 - Dry,10 - No control,,2,0,1,0,01 - Minimal,1,1,,,,368260.2464,5032377.463,45.42845161,-75.68899745,1148
15--11098,2015/09/19,2:25 PM,OGILVIE RD @ ELMLEA GT/SHOPPERS CITY EAST SC (0008800),8800,03 - At intersection,03 - P.D. only,05 - Turning movement,01 - Clear,01 - Daylight,01 - Dry,01 - Traffic signal,01 - Functioning,2,0,0,0,,0,,,,,374988.7327,5033487.664,45.43779772,-75.60286128,1149
15--11099,2015/09/19,2:41 PM,COVENTRY RD @ VANIER PKWY (0002139),2139,02 - Intersection related,03 - P.D. only,07 - SMV other,01 - Clear,01 - Daylight,01 - Dry,01 - Traffic signal,01 - Functioning,1,0,0,0,,0,,,,,370676.3849,5031610.622,45.4213285,-75.65822578,1150
15--111,2015/01/03,8:14 PM,CHESTERTON DR @ MEADOWLANDS DR (0001110),1110,02 - Intersection related,03 - P.D. only,04 - Sideswipe,03 - Snow,07 - Dark,03 - Loose snow,01 - Traffic signal,01 - Functioning,2,0,0,0,,0,,,,,365099.7759,5024009.99,45.35344243,-75.73040604,1151
15--1110,2015/01/17,10:52 PM,TAPADERO AVE btwn CAVESSON ST & EQUINE WAY (__827GEQ),__827GEQ,04 - At/near private drive,03 - P.D. only,06 - SMV unattended vehicle,01 - Clear,07 - Dark,05 - Packed snow,10 - No control,,1,0,0,0,,0,,,,,353072.662,5015128.354,45.27445472,-75.88476105,1152
15--11100,2015/09/19,2:47 PM,ALBION RD @ BANK ST (0012409),12409,02 - Intersection related,02 - Non-fatal injury,03 - Rear end,01 - Clear,01 - Daylight,01 - Dry,01 - Traffic signal,00 - Unknown,3,0,0,0,01 - Minimal,2,2,,,,371946.7279,5024128.418,45.35388582,-75.64301301,1153
15--11101,2015/09/19,2:52 PM,PARKDALE AVE btwn WELLINGTON ST W & GLADSTONE AVE (__3ZA4QM),__3ZA4QM,01 - Non intersection,02 - Non-fatal injury,03 - Rear end,01 - Clear,01 - Daylight,01 - Dry,10 - No control,,3,0,0,0,02 - Minor,1,,1,,,365211.6567,5029131.174,45.39951227,-75.72835176,1154
15--11102,2015/09/19,2:57 PM,ST. LAURENT BLVD @ COVENTRY RD/OGILVIE RD (0002151),2151,02 - Intersection related,03 - P.D. only,03 - Rear end,01 - Clear,01 - Daylight,01 - Dry,01 - Traffic signal,01 - Functioning,2,0,0,0,,0,,,,,372304.9988,5031950.494,45.42423125,-75.63737098,1155
15--11103,2015/09/19,4:28 AM,MCBEAN ST btwn BURKE ST & OTTAWA ST (__3ZA42S),__3ZA42S,01 - Non intersection,03 - P.D. only,07 - SMV other,01 - Clear,07 - Dark,01 - Dry,10 - No control,,1,0,0,0,,0,,,,,357590.8399,5005317.951,45.18585365,-75.82822107,1156
15--11104,2015/09/19,4:50 PM,HIGHWAY 417 btwn HWY417 IC88 RAMP15 & END (__3ZA27T),__3ZA27T,01 - Non intersection,03 - P.D. only,07 - SMV other,01 - Clear,01 - Daylight,01 - Dry,10 - No control,,1,0,0,0,,0,,,,,395384.3069,5022450.865,45.33615732,-75.344242,1157
15--11105,2015/09/19,5:49 PM,TIGHE ST btwn MANOTICK MAIN ST & DICKINSON ST (__3ZA9AK),__3ZA9AK,01 - Non intersection,03 - P.D. only,06 - SMV unattended vehicle,01 - Clear,01 - Daylight,01 - Dry,10 - No control,,1,0,0,0,,0,,,,,368861.5284,5009803.07,45.22527709,-75.6842349,1158
15--11106,2015/09/19,6:03 PM,MONTREAL RD @ NORTH RIVER RD (0009805),9805,02 - Intersection related,03 - P.D. only,05 - Turning movement,01 - Clear,01 - Daylight,01 - Dry,01 - Traffic signal,01 - Functioning,2,0,0,0,,0,,,,,369740.4294,5032887.225,45.43290237,-75.67001591,1159