Anom_ID,Accident_Date,Accident_Time,Location,Geo_ID,Accident_Location,Classification_of_Accident,Initial_Impact_Type,Environment_Condition,Light,Road_Surface_Condition,Traffic_Control,Traffic_Control_Condition,No__of_Vehicles,No__of_Bicycles,No__of_Motorcycles,No__of_Pedestrians,Max_Injury,No__of_Injuries,No__of_Minimal,No__of_Minor,No__of_Major,No__of_Fatal,X,Y,Latitude,Longitude,ObjectId
15--11107,2015/09/19,6:21 PM,HARDING RD @ WALKLEY RD (0007652),7652,02 - Intersection related,03 - P.D. only,04 - Sideswipe,01 - Clear,01 - Daylight,01 - Dry,01 - Traffic signal,01 - Functioning,2,0,0,0,,0,,,,,373149.4514,5027610.337,45.38509852,-75.62718279,1160
15--11108,2015/09/19,6:45 PM,TENTH LINE RD @ CHARLEMAGNE BLVD S/DES EPINETT (0003686),3686,02 - Intersection related,03 - P.D. only,03 - Rear end,01 - Clear,01 - Daylight,01 - Dry,01 - Traffic signal,01 - Functioning,2,0,0,0,,0,,,,,383640.9751,5036900.456,45.46758093,-75.49173924,1161
15--11109,2015/09/19,7:00 PM,CAMPEAU DR @ KANATA AVE (0012003),12003,03 - At intersection,03 - P.D. only,05 - Turning movement,02 - Rain,05 - Dusk,02 - Wet,01 - Traffic signal,01 - Functioning,2,0,0,0,,0,,,,,350596.3085,5019401.584,45.31307215,-75.9159261,1162
15--1111,2015/01/17,11:32 PM,WALKLEY RD btwn AYERS AVE & HAMPSTEAD PL (__3ZA376),__3ZA376,04 - At/near private drive,02 - Non-fatal injury,03 - Rear end,01 - Clear,07 - Dark,02 - Wet,10 - No control,,2,0,0,0,03 - Major,3,1,1,1,,370620.7099,5026114.224,45.37187919,-75.6596705,1163
15--11110,2015/09/19,8:00 PM,HWY417 IC129 RAMP61 btwn HWY417 IC129 RAMP63 & HIGHWAY 417 (__3ZAY5C),__3ZAY5C,01 - Non intersection,03 - P.D. only,04 - Sideswipe,02 - Rain,07 - Dark,02 - Wet,10 - No control,,2,0,0,0,,0,,,,,360584.9469,5023714.914,45.35116105,-75.78805654,1164
15--11111,2015/09/19,8:31 PM,HUNT CLUB RD @ PAUL ANKA DR (0008224),8224,02 - Intersection related,02 - Non-fatal injury,03 - Rear end,01 - Clear,07 - Dark,02 - Wet,01 - Traffic signal,01 - Functioning,3,0,0,0,02 - Minor,3,,3,,,369778.4472,5022898.212,45.34302103,-75.67084523,1165
15--11112,2015/09/19,9:24 PM,RAMSAYVILLE RD @ RIDEAU RD (0009402),9402,03 - At intersection,03 - P.D. only,07 - SMV other,02 - Rain,07 - Dark,02 - Wet,02 - Stop sign,01 - Functioning,1,0,0,0,,0,,,,,380354.2209,5019957.116,45.3154994,-75.53636022,1166
15--11113,2015/09/19,9:45 AM,GREENBANK RD @ STRANDHERD DR (0005563),5563,03 - At intersection,03 - P.D. only,05 - Turning movement,01 - Clear,01 - Daylight,01 - Dry,01 - Traffic signal,01 - Functioning,2,0,0,0,,0,,,,,363932.9632,5014784.057,45.2705273,-75.74639756,1167
15--11114,2015/09/20,1:03 AM,HAWTHORNE RD btwn DAVIDSON RD & LEITRIM RD (__3ZBPIY),__3ZBPIY,01 - Non intersection,02 - Non-fatal injury,07 - SMV other,01 - Clear,07 - Dark,01 - Dry,10 - No control,,1,0,0,0,02 - Minor,1,,1,,,376644.4622,5023657.51,45.34918325,-75.58313218,1168
15--11115,2015/09/20,1:04 PM,ST. LAURENT BLVD @ WALKLEY RD (0007653),7653,02 - Intersection related,03 - P.D. only,03 - Rear end,01 - Clear,01 - Daylight,01 - Dry,01 - Traffic signal,01 - Functioning,2,0,0,0,,0,,,,,373902.0294,5028046.495,45.38894903,-75.61751251,1169
15--11116,2015/09/20,1:12 PM,INNES RD btwn HWY417 IC112 RAMP66 & CYRVILLE RD (__3ZA3RCB),__3ZA3RCB,01 - Non intersection,03 - P.D. only,03 - Rear end,01 - Clear,01 - Daylight,01 - Dry,10 - No control,,3,0,0,0,,0,,,,,375033.3103,5031109.114,45.41639237,-75.60263075,1170
15--11117,2015/09/20,11:35 AM,HOG'S BACK RD btwn COLONEL BY DR & RIVERSIDE DR (__3ZA22W),__3ZA22W,01 - Non intersection,03 - P.D. only,03 - Rear end,01 - Clear,01 - Daylight,01 - Dry,10 - No control,,2,0,0,0,,0,,,,,367852.3883,5026047.018,45.37152903,-75.69501851,1171
15--11118,2015/09/20,Unknown,DONALD ST btwn QUILL ST & BEAUDRY ST (__3ZA8Z9),__3ZA8Z9,01 - Non intersection,03 - P.D. only,06 - SMV unattended vehicle,01 - Clear,00 - Unknown,01 - Dry,10 - No control,,1,0,0,0,,0,,,,,370744.3905,5032319.706,45.42770213,-75.65726197,1172
15--11119,2015/09/20,2:08 PM,IONA ST @ ISLAND PARK DR (0006683),6683,02 - Intersection related,02 - Non-fatal injury,03 - Rear end,01 - Clear,01 - Daylight,01 - Dry,01 - Traffic signal,00 - Unknown,2,0,0,0,01 - Minimal,1,1,,,,364345.5898,5028385.369,45.39287585,-75.73950322,1173
15--1112,2015/01/17,11:45 AM,CALAVERAS AVE btwn PLUMAS GT & PALMADEO DR (__37ZO6M),__37ZO6M,04 - At/near private drive,03 - P.D. only,06 - SMV unattended vehicle,01 - Clear,01 - Daylight,01 - Dry,10 - No control,,1,0,0,0,,0,,,,,364916.5751,5015830.489,45.27985968,-75.73373662,1174
15--11120,2015/09/20,2:25 PM,BRIAN COBURN BLVD @ TENTH LINE RD (0013966),13966,02 - Intersection related,02 - Non-fatal injury,03 - Rear end,01 - Clear,01 - Daylight,01 - Dry,01 - Traffic signal,01 - Functioning,2,0,0,0,02 - Minor,1,,1,,,384428.3389,5035022.308,45.45059377,-75.48197576,1175
15--11121,2015/09/20,2:29 PM,BLAIR RD @ INNES RD (0004165),4165,02 - Intersection related,02 - Non-fatal injury,03 - Rear end,01 - Clear,01 - Daylight,01 - Dry,01 - Traffic signal,01 - Functioning,2,0,0,0,01 - Minimal,1,1,,,,375578.7349,5031439.915,45.41931377,-75.59561523,1176
15--11122,2015/09/20,2:56 PM,MACKENZIE AVE @ RIDEAU ST (0002136),2136,02 - Intersection related,03 - P.D. only,04 - Sideswipe,01 - Clear,01 - Daylight,01 - Dry,01 - Traffic signal,00 - Unknown,2,0,0,0,,0,,,,,367868.2578,5032007.778,45.42516076,-75.69405378,1177
15--11123,2015/09/20,3:06 PM,ST. PATRICK ST WB btwn MURRAY ST & ST. ANDREW ST (__3ZA2GH),__3ZA2GH,01 - Non intersection,03 - P.D. only,03 - Rear end,01 - Clear,01 - Daylight,01 - Dry,10 - No control,,2,0,0,0,,0,,,,,368379.3664,5032975.006,45.43381726,-75.68739813,1178
15--11124,2015/09/20,3:45 PM,HIGHWAY 417 btwn HWY417 IC124 RAMP57 & HWY417 IC124 RAMP55 (__3ZA2Y1),__3ZA2Y1,01 - Non intersection,02 - Non-fatal injury,07 - SMV other,01 - Clear,01 - Daylight,01 - Dry,10 - No control,,1,0,1,0,02 - Minor,1,,1,,,364355.9355,5027409.648,45.38409561,-75.73948884,1179
15--11125,2015/09/20,5:44 PM,KING EDWARD AVE @ ST. PATRICK ST (0002714),2714,02 - Intersection related,03 - P.D. only,03 - Rear end,01 - Clear,01 - Daylight,01 - Dry,01 - Traffic signal,01 - Functioning,2,0,0,0,,0,,,,,368248.7013,5032822.508,45.43245701,-75.68908763,1180
15--11126,2015/09/20,5:45 PM,BRONSON AVE @ SUNNYSIDE AVE/UNIVERSITY RD - CA (0007209),7209,02 - Intersection related,03 - P.D. only,03 - Rear end,01 - Clear,01 - Daylight,01 - Dry,01 - Traffic signal,01 - Functioning,2,0,0,0,,0,,,,,367921.9894,5028091.907,45.38992213,-75.69386857,1181
15--11127,2015/09/20,5:50 PM,CONROY RD @ HUNT CLUB RD (0002257),2257,02 - Intersection related,03 - P.D. only,03 - Rear end,01 - Clear,01 - Daylight,01 - Dry,01 - Traffic signal,01 - Functioning,2,0,0,0,,0,,,,,373763.0193,5025404.162,45.36518817,-75.61965658,1182
15--11128,2015/09/20,6:00 PM,BRONSON AVE btwn LISGAR ST & COOPER ST (__3ZA33P),__3ZA33P,04 - At/near private drive,03 - P.D. only,02 - Angle,01 - Clear,01 - Daylight,01 - Dry,10 - No control,,2,0,0,0,,0,,,,,366903.9017,5030627.514,45.41282785,-75.70655001,1183
15--11129,2015/09/20,6:45 AM,ALBERT ST @ ELGIN ST/MACKENZIE KING BRIDGE (0002226),2226,03 - At intersection,03 - P.D. only,07 - SMV other,01 - Clear,03 - Dawn,01 - Dry,01 - Traffic signal,01 - Functioning,1,0,0,0,,0,,,,,367849.9909,5031710.5,45.4224876,-75.69432524,1184
15--1113,2015/01/17,12:30 AM,MAPLE GROVE RD @ TERRY FOX DR (0003177),3177,02 - Intersection related,02 - Non-fatal injury,03 - Rear end,01 - Clear,07 - Dark,02 - Wet,01 - Traffic signal,01 - Functioning,3,0,0,0,01 - Minimal,2,2,,,,351555.5363,5017864.946,45.29918187,-75.90383798,1185
15--11130,2015/09/20,7:07 AM,MERIVALE RD @ ROSENTHAL AVE (0002733),2733,03 - At intersection,03 - P.D. only,07 - SMV other,01 - Clear,01 - Daylight,01 - Dry,02 - Stop sign,01 - Functioning,1,0,0,0,,0,,,,,364893.3614,5026327.442,45.37431222,-75.73275841,1186
15--11131,2015/09/20,7:55 AM,PARKDALE AVE @ WELLINGTON ST (0002260),2260,03 - At intersection,03 - P.D. only,02 - Angle,01 - Clear,01 - Daylight,01 - Dry,01 - Traffic signal,01 - Functioning,2,0,0,0,,0,,,,,365148.9799,5029268.754,45.40075558,-75.72913544,1187
15--11132,2015/09/20,8:45 PM,HIGHWAY 416 btwn HWY416 IC42 RAMP42 & HWY416 IC42 RAMP24 (__3ZAZJ5),__3ZAZJ5,01 - Non intersection,03 - P.D. only,07 - SMV other,01 - Clear,07 - Dark,01 - Dry,10 - No control,,1,0,0,0,,0,,,,,371520.5923,4995088.293,45.09262687,-75.65234337,1188
15--11133,2015/09/21,1:12 PM,WALKLEY RD @ 158 E OF HEATHERINGTON RD (0008814),8814,03 - At intersection,02 - Non-fatal injury,02 - Angle,01 - Clear,01 - Daylight,01 - Dry,01 - Traffic signal,01 - Functioning,2,0,0,0,02 - Minor,1,,1,,,371899.2843,5026870.174,45.37855969,-75.64324612,1189
15--11134,2015/09/21,10:05 PM,RICHARDSON SIDE RD btwn GREY STONE DR & PENNYCROSS LANE (__5RGDWM),__5RGDWM,01 - Non intersection,02 - Non-fatal injury,07 - SMV other,01 - Clear,07 - Dark,01 - Dry,10 - No control,,1,0,0,0,02 - Minor,1,,1,,,343822.8114,5014964.772,45.27355693,-76.00265901,1190
15--11135,2015/09/21,10:10 PM,BLAIR RD @ REGIONAL RD 174 N/OR174 IC112 RAMP61 (0003617),3617,02 - Intersection related,03 - P.D. only,04 - Sideswipe,01 - Clear,07 - Dark,01 - Dry,01 - Traffic signal,00 - Unknown,2,0,0,0,,0,,,,,374634.0106,5032991.215,45.43336646,-75.60746514,1191
15--11136,2015/09/21,11:49 AM,BASELINE RD @ NAVAHO DR (0003158),3158,02 - Intersection related,03 - P.D. only,03 - Rear end,01 - Clear,01 - Daylight,01 - Dry,01 - Traffic signal,01 - Functioning,4,0,0,0,,0,,,,,363084.97,5024097.867,45.3544035,-75.75610803,1192
15--11137,2015/09/21,11:55 AM,BASELINE RD btwn NAVAHO DR & COLLEGE SQUARE SC (__3ZAZDQB),__3ZAZDQB,04 - At/near private drive,03 - P.D. only,02 - Angle,01 - Clear,01 - Daylight,01 - Dry,10 - No control,,2,1,0,0,,0,,,,,362914.1592,5023993.362,45.35347736,-75.75830019,1193
15--11138,2015/09/21,Unknown,CLEMOW AVE btwn BRONSON AVE & PERCY ST (__3ZA4AQ),__3ZA4AQ,01 - Non intersection,03 - P.D. only,06 - SMV unattended vehicle,01 - Clear,00 - Unknown,01 - Dry,10 - No control,,1,0,0,0,,0,,,,,367561.0308,5029484.527,45.40248497,-75.69830075,1194
15--11139,2015/09/21,Unknown,DEN HAAG DR btwn MERGANSER ST & CARWOOD CIRC (__4O01KC),__4O01KC,01 - Non intersection,03 - P.D. only,06 - SMV unattended vehicle,01 - Clear,00 - Unknown,01 - Dry,10 - No control,,1,0,0,0,,0,,,,,372406.9676,5034181.569,45.44429554,-75.63576173,1195
15--1114,2015/01/17,12:40 PM,PRESLAND RD btwn NAUGHTON ST & FRANCES ST (__3ZA8HL),__3ZA8HL,04 - At/near private drive,03 - P.D. only,02 - Angle,01 - Clear,01 - Daylight,01 - Dry,10 - No control,,2,0,0,0,,0,,,,,371394.7274,5031912.029,45.42397241,-75.64900701,1196
15--11140,2015/09/21,Unknown,INDUSTRIAL AVE btwn SANDFORD FLEMING AVE & NEIGHBORHOOD WAY (__3ZA3PC),__3ZA3PC,01 - Non intersection,03 - P.D. only,06 - SMV unattended vehicle,01 - Clear,00 - Unknown,01 - Dry,10 - No control,,1,0,0,0,,0,,,,,370974.9905,5030539.756,45.41166511,-75.6545544,1197
15--11141,2015/09/21,12:01 AM,HIGHWAY 417 btwn HWY417 IC96 RAMP61 & HWY417 IC88 RAMP16 (__3ZA27Z),__3ZA27Z,01 - Non intersection,03 - P.D. only,07 - SMV other,02 - Rain,07 - Dark,02 - Wet,10 - No control,,1,0,0,0,,0,,,,,392438.5487,5022909.764,45.34066013,-75.3817381,1198
15--11142,2015/09/21,12:01 PM,WEST HUNT CLUB RD @ CLEOPATRA DR/LANCELOT DR (0000114),114,02 - Intersection related,02 - Non-fatal injury,03 - Rear end,01 - Clear,01 - Daylight,01 - Dry,01 - Traffic signal,01 - Functioning,2,0,0,0,02 - Minor,1,,1,,,365235.7,5021732.044,45.33293408,-75.72894972,1199
15--11143,2015/09/21,12:59 PM,PARKDALE AVE @ WESTMOUNT AVE/HWY 417 PARKDAL I (0006516),6516,03 - At intersection,03 - P.D. only,03 - Rear end,01 - Clear,01 - Daylight,01 - Dry,01 - Traffic signal,01 - Functioning,2,0,0,0,,0,,,,,365302.5566,5028924.042,45.39764069,-75.7272162,1200
15--11144,2015/09/21,2:42 PM,OGILVIE RD @ ELMLEA GT/SHOPPERS CITY EAST SC (0008800),8800,02 - Intersection related,03 - P.D. only,05 - Turning movement,01 - Clear,01 - Daylight,01 - Dry,01 - Traffic signal,01 - Functioning,2,0,0,0,,0,,,,,374988.012,5033487.664,45.43779779,-75.60287049,1201
15--11145,2015/09/21,2:47 PM,RICHMOND RD btwn CLEARY AVE & REDWOOD AVE (__3ZAZQM),__3ZAZQM,04 - At/near private drive,02 - Non-fatal injury,05 - Turning movement,01 - Clear,01 - Daylight,01 - Dry,10 - No control,,2,1,0,0,02 - Minor,1,,1,,,361967.3611,5027191.227,45.38232929,-75.77001296,1202
15--11146,2015/09/21,3:05 PM,KIRKWOOD AVE btwn CLARE ST & BUELL ST (__3ZBOD3),__3ZBOD3,04 - At/near private drive,03 - P.D. only,02 - Angle,01 - Clear,01 - Daylight,01 - Dry,10 - No control,,2,0,0,0,,0,,,,,364084.5507,5027934.32,45.38883954,-75.74289102,1203
15--11147,2015/09/21,3:20 AM,ISABELLA ST btwn O'CONNOR ST & METCALFE ST (__3ZA3PW),__3ZA3PW,01 - Non intersection,03 - P.D. only,04 - Sideswipe,01 - Clear,07 - Dark,01 - Dry,10 - No control,,2,0,0,0,,0,,,,,368340.9477,5030333.71,45.41005529,-75.68822978,1204
15--11148,2015/09/21,3:39 PM,NICHOLAS ST NB btwn HWY417 IC118 RAMP52 & WALLER ST/TRANSITWAY (__6KCFNL),__6KCFNL,01 - Non intersection,03 - P.D. only,03 - Rear end,01 - Clear,01 - Daylight,01 - Dry,10 - No control,,3,0,0,0,,0,,,,,368618.6821,5031617.009,45.4215767,-75.68451574,1205
15--11149,2015/09/21,4:00 PM,BELLA VISTA DR btwn TED KELLY LANE & MEADOW LANE RD (__3ZA1D3),__3ZA1D3,04 - At/near private drive,03 - P.D. only,02 - Angle,01 - Clear,01 - Daylight,01 - Dry,10 - No control,,2,0,0,0,,0,,,,,386110.2242,5041934.79,45.51259158,-75.45933245,1206
15--1115,2015/01/17,12:45 PM,HIGHWAY 417 btwn HWY417 IC124 RAMP67 & HWY417 IC123 RAMP62 (__3ZA2YZ),__3ZA2YZ,01 - Non intersection,03 - P.D. only,07 - SMV other,01 - Clear,01 - Daylight,01 - Dry,10 - No control,,1,0,0,0,,0,,,,,364686.3795,5027910.004,45.38856955,-75.73520884,1207
15--11150,2015/09/21,4:26 PM,WOODROFFE AVE @ FIRESTATION (0008642),8642,02 - Intersection related,03 - P.D. only,03 - Rear end,01 - Clear,01 - Daylight,01 - Dry,01 - Traffic signal,01 - Functioning,3,0,0,0,,0,,,,,362495.519,5023913.559,45.35279386,-75.76365208,1208
15--11151,2015/09/21,4:40 PM,MONTREAL RD @ DEN HAAG DR/LANG'S RD (0010798),10798,02 - Intersection related,03 - P.D. only,03 - Rear end,01 - Clear,01 - Daylight,01 - Dry,01 - Traffic signal,01 - Functioning,2,0,0,0,,0,,,,,372386.718,5034222.066,45.44466187,-75.63601499,1209
15--11152,2015/09/21,4:45 PM,MERIVALE RD @ WOODFIELD DR/ROYDON PL (0009776),9776,02 - Intersection related,03 - P.D. only,03 - Rear end,01 - Clear,01 - Daylight,01 - Dry,01 - Traffic signal,01 - Functioning,2,0,0,0,,0,,,,,365461.2597,5022298.139,45.33800827,-75.72600286,1210
15--11153,2015/09/21,4:50 PM,ELGIN ST @ LAURIER AVE (0002232),2232,02 - Intersection related,03 - P.D. only,03 - Rear end,01 - Clear,01 - Daylight,01 - Dry,01 - Traffic signal,01 - Functioning,2,0,0,0,,0,,,,,367947.9892,5031549.936,45.42103406,-75.69309369,1211
15--11154,2015/09/21,4:54 PM,HERZBERG RD @ CARLING AVE (0003193),3193,02 - Intersection related,02 - Non-fatal injury,03 - Rear end,01 - Clear,01 - Daylight,01 - Dry,01 - Traffic signal,01 - Functioning,2,0,0,0,01 - Minimal,1,1,,,,352038.3407,5022300.853,45.33906486,-75.8972592,1212
15--11155,2015/09/21,4:56 PM,GLADSTONE AVE @ LEBRETON ST (0005746),5746,03 - At intersection,03 - P.D. only,02 - Angle,01 - Clear,01 - Daylight,01 - Dry,02 - Stop sign,01 - Functioning,2,0,0,0,,0,,,,,366854.9797,5029922.929,45.40649253,-75.70726368,1213
15--11156,2015/09/21,5:57 PM,INDUSTRIAL AVE/INNES RD @ ST. LAURENT BLVD (0002203),2203,03 - At intersection,03 - P.D. only,07 - SMV other,01 - Clear,01 - Daylight,01 - Dry,01 - Traffic signal,01 - Functioning,1,0,0,0,,0,,,,,373099.7274,5030005.206,45.40665134,-75.62748613,1214
15--11157,2015/09/21,6:01 PM,MONTREAL RD btwn SINCLAIR ST & SHEFFORD RD (__3ZA2D0),__3ZA2D0,04 - At/near private drive,03 - P.D. only,02 - Angle,01 - Clear,01 - Daylight,01 - Dry,10 - No control,,2,0,0,0,,0,,,,,376045.6549,5034805.35,45.44954655,-75.58916283,1215
15--11158,2015/09/21,6:05 AM,BASELINE RD btwn ST. HELEN'S PL & CLYDE AVE (__3ZA4IN),__3ZA4IN,01 - Non intersection,02 - Non-fatal injury,07 - SMV other,01 - Clear,07 - Dark,01 - Dry,10 - No control,,1,0,0,0,02 - Minor,1,,1,,,364113.6222,5024735.491,45.36005451,-75.74290396,1216
15--11159,2015/09/21,6:24 PM,INNES RD @ JEANNE D'ARC BLVD/MER BLEUE RD (0012475),12475,03 - At intersection,03 - P.D. only,02 - Angle,01 - Clear,01 - Daylight,01 - Dry,01 - Traffic signal,01 - Functioning,2,0,0,0,,0,,,,,382640.6452,5035568.036,45.45570516,-75.50474101,1217
15--1134,2015/01/17,6:42 PM,CARLING AVE @ PINECREST  RD/GREENVIEW AVE (0001630),1630,03 - At intersection,03 - P.D. only,05 - Turning movement,01 - Clear,07 - Dark,06 - Ice,01 - Traffic signal,01 - Functioning,2,0,0,0,,0,,,,,360008.6034,5024632.046,45.359459,-75.79530902,1218
15--11614,2015/10/02,8:05 AM,HIGHWAY 417 btwn HWY417 IC129 RAMP25 & HWY417 IC129 RAMP35 (__3ZAYFR),__3ZAYFR,01 - Non intersection,03 - P.D. only,03 - Rear end,01 - Clear,01 - Daylight,01 - Dry,10 - No control,,3,0,0,0,,0,,,,,360469.3943,5023535.424,45.34955519,-75.78955135,1219
15--11255,2015/09/24,10:05 AM,WELLINGTON ST btwn COMMISSIONER ST & TO BE DETERMINED (__3ZA25M),__3ZA25M,01 - Non intersection,03 - P.D. only,04 - Sideswipe,01 - Clear,01 - Daylight,01 - Dry,10 - No control,,2,0,0,0,,0,,,,,366627.6387,5031162.272,45.41766391,-75.71001217,1220
15--11340,2015/09/26,12:34 AM,MEADOWLANDS DR btwn DEER PARK RD & HOGAN ST (__3ZA4IP),__3ZA4IP,01 - Non intersection,03 - P.D. only,07 - SMV other,01 - Clear,07 - Dark,01 - Dry,10 - No control,,1,0,0,0,,0,,,,,366109.724,5024893.432,45.36130391,-75.7174079,1221
15--11434,2015/09/29,1:03 PM,LACASSE AVE @ MONTREAL RD (0009797),9797,02 - Intersection related,02 - Non-fatal injury,03 - Rear end,02 - Rain,01 - Daylight,02 - Wet,01 - Traffic signal,01 - Functioning,2,0,0,0,01 - Minimal,1,1,,,,370686.921,5033406.655,45.43748744,-75.65785087,1222
15--11615,2015/10/02,8:20 AM,ROSE ST @ ST. ANDREW ST (0008441),8441,02 - Intersection related,03 - P.D. only,06 - SMV unattended vehicle,01 - Clear,01 - Daylight,01 - Dry,02 - Stop sign,01 - Functioning,1,0,0,0,,0,,,,,368331.6959,5033060.231,45.43458842,-75.68799634,1223
15--11256,2015/09/24,11:07 AM,HAWTHORNE AVE @ MAIN ST (0006919),6919,02 - Intersection related,03 - P.D. only,07 - SMV other,01 - Clear,01 - Daylight,01 - Dry,01 - Traffic signal,01 - Functioning,1,0,0,0,,0,,,,,368969.9889,5030632.477,45.4126861,-75.68015536,1224
15--11520,2015/09/30,8:15 PM,LEMIEUX ST @ ST. LAURENT BLVD (0002021),2021,02 - Intersection related,03 - P.D. only,04 - Sideswipe,01 - Clear,07 - Dark,01 - Dry,01 - Traffic signal,01 - Functioning,2,0,0,0,,0,,,,,372391.7247,5031743.286,45.42235852,-75.63629129,1225
15--11616,2015/10/02,8:20 AM,ROSINGDALE ST btwn FOXLIGHT CIR & SUMMERGAZE ST (e___2HRC),e___2HRC,01 - Non intersection,03 - P.D. only,06 - SMV unattended vehicle,01 - Clear,01 - Daylight,01 - Dry,10 - No control,,1,0,0,0,,0,,,,,356859.107,5015652.205,45.27889829,-75.8364507,1226
15--11435,2015/09/29,1:06 PM,REGIONAL RD 174 @ TRIM RD (0012835),12835,02 - Intersection related,03 - P.D. only,04 - Sideswipe,02 - Rain,01 - Daylight,02 - Wet,01 - Traffic signal,01 - Functioning,2,0,0,0,,0,,,,,384351.8533,5039989.26,45.49529043,-75.48214926,1227
15--11257,2015/09/24,11:16 PM,REGIONAL ROAD 174 btwn QUIGLEY HILL RD & REGIONAL ROAD 174 DIVIDED (__3ZA2Y5),__3ZA2Y5,01 - Non intersection,03 - P.D. only,07 - SMV other,01 - Clear,07 - Dark,01 - Dry,10 - No control,,1,0,0,0,,0,,,,,388071.0639,5042390.329,45.51645863,-75.43416314,1228
15--11521,2015/09/30,8:17 AM,JEANNE D'ARC BLVD @ CEDAR MILLS RD/CHAMPNEUF D (0003567),3567,02 - Intersection related,02 - Non-fatal injury,07 - SMV other,01 - Clear,01 - Daylight,01 - Dry,02 - Stop sign,00 - Unknown,1,0,0,0,02 - Minor,1,,1,,,381215.8916,5036277.987,45.46224999,-75.52284467,1229
15--11522,2015/09/30,8:23 AM,CORDOVA ST @ WITHROW AVE (0001412),1412,03 - At intersection,03 - P.D. only,02 - Angle,01 - Clear,01 - Daylight,01 - Dry,02 - Stop sign,01 - Functioning,2,0,0,0,,0,,,,,363963.1283,5023806.427,45.35170762,-75.74493593,1230
15--11523,2015/09/30,8:24 AM,INNES RD @ TENTH LINE RD (0004633),4633,02 - Intersection related,02 - Non-fatal injury,03 - Rear end,01 - Clear,01 - Daylight,01 - Dry,01 - Traffic signal,01 - Functioning,2,0,0,0,02 - Minor,1,,1,,,383951.7603,5036158.48,45.46087016,-75.48788485,1231
15--11524,2015/09/30,8:29 PM,RAMSAYVILLE RD @ MITCH OWENS RD (0003575),3575,03 - At intersection,03 - P.D. only,05 - Turning movement,01 - Clear,07 - Dark,01 - Dry,02 - Stop sign,01 - Functioning,2,0,0,0,,0,,,,,381145.094,5018038.468,45.29815094,-75.52657019,1232
15--11525,2015/09/30,8:35 AM,WOODROFFE AVE btwn KNOXDALE RD/MEDHURST DR & NORICE ST (__3ZA3JO),__3ZA3JO,01 - Non intersection,03 - P.D. only,03 - Rear end,01 - Clear,01 - Daylight,01 - Dry,10 - No control,,3,0,0,0,,0,,,,,363341.8521,5022014.235,45.33563376,-75.75307632,1233
15--11526,2015/09/30,8:45 AM,HEMLOCK RD btwn JUSTIN AVE & THORNWOOD RD (__3ZA3A9),__3ZA3A9,01 - Non intersection,03 - P.D. only,03 - Rear end,01 - Clear,01 - Daylight,01 - Dry,10 - No control,,3,0,0,0,,0,,,,,370614.0859,5034728.594,45.44938852,-75.65860493,1234
15--11527,2015/09/30,8:58 AM,PARKDALE AVE @ KENILWORTH ST (0006366),6366,03 - At intersection,03 - P.D. only,02 - Angle,01 - Clear,01 - Daylight,01 - Dry,02 - Stop sign,01 - Functioning,2,0,0,0,,0,,,,,365445.1069,5028595.363,45.39467098,-75.72543601,1235
15--11528,2015/09/30,9:02 AM,COOPER ST @ ELGIN ST (0006934),6934,02 - Intersection related,03 - P.D. only,05 - Turning movement,01 - Clear,01 - Daylight,01 - Dry,01 - Traffic signal,01 - Functioning,2,0,0,0,,0,,,,,368120.4347,5031271.949,45.41851724,-75.69092612,1236
15--11529,2015/09/30,9:22 PM,PARKDALE AVE @ HWY 417 PARKDAL IC122R15/HWY 41 (0002363),2363,03 - At intersection,02 - Non-fatal injury,02 - Angle,01 - Clear,07 - Dark,01 - Dry,01 - Traffic signal,01 - Functioning,2,0,0,0,01 - Minimal,1,1,,,,365335.9775,5028845.194,45.39692834,-75.72679903,1237
15--1153,2015/01/18,10:32 AM,DONNELLY DR btwn MERLYN WILSON RD & MCCORDICK RD (__3ZA30Q),__3ZA30Q,01 - Non intersection,02 - Non-fatal injury,07 - SMV other,03 - Snow,01 - Daylight,03 - Loose snow,10 - No control,,1,0,0,0,02 - Minor,1,,1,,,369801.8406,4991346.929,45.05912142,-75.67466186,1238
15--11530,2015/09/30,9:31 AM,SLATER ST btwn METCALFE ST & ELGIN ST (__3ZA35Y),__3ZA35Y,01 - Non intersection,03 - P.D. only,99 - Other,01 - Clear,01 - Daylight,01 - Dry,10 - No control,,2,0,0,0,,0,,,,,367869.0861,5031630.359,45.4217648,-75.69409152,1239
15--11531,2015/09/30,9:48 AM,ST. JOSEPH BLVD @ JEANNE D'ARC BLVD (0012421),12421,03 - At intersection,03 - P.D. only,04 - Sideswipe,01 - Clear,01 - Daylight,01 - Dry,11 - Roundabout,01 - Functioning,2,0,0,0,,0,,,,,379859.7786,5036471.099,45.46413448,-75.54015378,1240
15--11532,2015/10/01,1:10 PM,GREENBANK RD @ WEST HUNT CLUB RD (0005167),5167,02 - Intersection related,03 - P.D. only,03 - Rear end,01 - Clear,01 - Daylight,01 - Dry,01 - Traffic signal,01 - Functioning,2,0,0,0,,0,,,,,361480.3977,5020500.677,45.32216762,-75.77699761,1241
15--11533,2015/10/01,1:12 PM,RUSSELL RD S @ ST. LAURENT BLVD (0007734),7734,02 - Intersection related,03 - P.D. only,02 - Angle,01 - Clear,01 - Daylight,01 - Dry,01 - Traffic signal,01 - Functioning,2,0,0,0,,0,,,,,373571.8276,5029260.455,45.39990419,-75.62155972,1242