Anom_ID,Accident_Date,Accident_Time,Location,Geo_ID,Accident_Location,Classification_of_Accident,Initial_Impact_Type,Environment_Condition,Light,Road_Surface_Condition,Traffic_Control,Traffic_Control_Condition,No__of_Vehicles,No__of_Bicycles,No__of_Motorcycles,No__of_Pedestrians,Max_Injury,No__of_Injuries,No__of_Minimal,No__of_Minor,No__of_Major,No__of_Fatal,X,Y,Latitude,Longitude,ObjectId
15--11534,2015/10/01,10:50 PM,ELGIN ST @ LAURIER AVE (0002232),2232,02 - Intersection related,03 - P.D. only,03 - Rear end,01 - Clear,07 - Dark,01 - Dry,01 - Traffic signal,01 - Functioning,2,0,0,0,,0,,,,,367949.4306,5031549.215,45.42102744,-75.69307536,1243
15--11341,2015/09/26,2:03 PM,TERRY FOX DR btwn 329 N OF CAMPEAU DR/SIGNATURE CENTRE & CAMPEAU DR (__49GU9G),__49GU9G,04 - At/near private drive,03 - P.D. only,02 - Angle,01 - Clear,01 - Daylight,01 - Dry,10 - No control,,2,0,0,0,,0,,,,,350222.308,5019039.026,45.30983404,-75.92072899,1244
15--11535,2015/10/01,10:55 AM,HIGHWAY 417 btwn HWY417 IC119B RAMP57 & HWY417 IC119A RAMP75 (__3ZA1QN),__3ZA1QN,01 - Non intersection,02 - Non-fatal injury,03 - Rear end,01 - Clear,01 - Daylight,01 - Dry,10 - No control,,2,0,0,0,01 - Minimal,1,1,,,,368581.4969,5030514.679,45.41166171,-75.68513353,1245
15--11536,2015/10/01,10:57 PM,BASELINE RD @ CORDOVA ST (0003208),3208,02 - Intersection related,03 - P.D. only,03 - Rear end,01 - Clear,07 - Dark,01 - Dry,01 - Traffic signal,01 - Functioning,2,0,0,0,,0,,,,,363593.6882,5024409.166,45.35716207,-75.74957879,1246
15--11537,2015/10/01,10:59 PM,KING EDWARD AVE NB btwn RAMP & CATHCART ST (__7TR60M),__7TR60M,01 - Non intersection,03 - P.D. only,04 - Sideswipe,01 - Clear,07 - Dark,01 - Dry,10 - No control,,2,0,0,0,,0,,,,,368073.8088,5033165.17,45.43555601,-75.6912786,1247
15--11538,2015/10/01,11:00 AM,GLEBE AVE @ O'CONNOR ST (0007991),7991,03 - At intersection,03 - P.D. only,02 - Angle,01 - Clear,01 - Daylight,01 - Dry,02 - Stop sign,01 - Functioning,2,0,0,0,,0,,,,,368508.4287,5029949.561,45.40658362,-75.68613997,1248
15--11539,2015/10/01,12:39 PM,JOCKVALE RD @ STRANDHERD DR (0010541),10541,03 - At intersection,03 - P.D. only,05 - Turning movement,01 - Clear,01 - Daylight,01 - Dry,01 - Traffic signal,01 - Functioning,2,0,0,0,,0,,,,,363561.2012,5014578.198,45.26870614,-75.75115933,1249
15--1154,2015/01/18,10:57 AM,TACOM CIRC btwn Continuation of TACOM CIRC & SERENA WAY (__6XB3ZO),__6XB3ZO,04 - At/near private drive,03 - P.D. only,06 - SMV unattended vehicle,01 - Clear,01 - Daylight,05 - Packed snow,10 - No control,,1,0,0,0,,0,,,,,366354.5619,5015116.292,45.27330895,-75.71549788,1250
15--11540,2015/10/01,12:45 PM,STRANDHERD DR btwn GREENBANK RD & Continuation of STRANDHERD DR (__5U4IBT),__5U4IBT,01 - Non intersection,03 - P.D. only,03 - Rear end,01 - Clear,01 - Daylight,01 - Dry,10 - No control,,2,0,0,0,,0,,,,,364002.1524,5014828.021,45.27091707,-75.74551064,1251
15--11541,2015/10/01,12:55 PM,ST. JOSEPH BLVD/OLD MONTREAL RD @ TRIM RD (0004118),4118,03 - At intersection,03 - P.D. only,02 - Angle,01 - Clear,01 - Daylight,01 - Dry,11 - Roundabout,01 - Functioning,2,0,0,0,,0,,,,,384682.754,5039285.582,45.48892163,-75.47803065,1252
15--11542,2015/10/01,2:13 PM,NICHOLAS ST btwn DALY AVE & SB RAMP FROM WALLER/NICHOLAS/MACKENZIE KIN (__3ZA3VJ),__3ZA3VJ,04 - At/near private drive,03 - P.D. only,02 - Angle,01 - Clear,01 - Daylight,01 - Dry,10 - No control,,2,0,0,0,,0,,,,,368280.3136,5031964.051,45.42473005,-75.6887943,1253
15--11543,2015/10/01,2:25 PM,MACKENZIE AVE @ RIDEAU ST (0002136),2136,02 - Intersection related,02 - Non-fatal injury,07 - SMV other,01 - Clear,01 - Daylight,01 - Dry,01 - Traffic signal,01 - Functioning,1,0,0,1,03 - Major,1,,,1,,367869.6992,5032009.22,45.42517361,-75.69403518,1254
15--11544,2015/10/01,2:25 PM,BANK ST @ WALKLEY RD (0011423),11423,02 - Intersection related,02 - Non-fatal injury,04 - Sideswipe,01 - Clear,01 - Daylight,01 - Dry,01 - Traffic signal,01 - Functioning,2,0,0,0,01 - Minimal,1,1,,,,370336.4106,5025947.375,45.37040458,-75.66332188,1255
15--11545,2015/10/01,2:39 PM,EARL ARMSTRONG RD @ RIVER RD (0012470),12470,02 - Intersection related,02 - Non-fatal injury,03 - Rear end,01 - Clear,01 - Daylight,01 - Dry,01 - Traffic signal,01 - Functioning,2,0,0,0,02 - Minor,2,1,1,,,367572.7185,5014686.199,45.26933132,-75.70002857,1256
15--11546,2015/10/01,2:54 PM,YOUNG ST @ PRESTON ST (0006268),6268,02 - Intersection related,03 - P.D. only,03 - Rear end,01 - Clear,01 - Daylight,01 - Dry,02 - Stop sign,01 - Functioning,2,0,0,0,,0,,,,,366588.3517,5029486.792,45.40259188,-75.71072411,1257
15--11547,2015/10/01,3:07 PM,BOND ST @ CROYDON AVE (0003012),3012,02 - Intersection related,02 - Non-fatal injury,07 - SMV other,01 - Clear,01 - Daylight,01 - Dry,02 - Stop sign,00 - Unknown,1,0,0,0,02 - Minor,1,,1,,,360626.6771,5025110.154,45.36371205,-75.78736643,1258
15--11548,2015/10/01,3:16 PM,GREENBANK RD @ CANFIELD RD/CRAIG HENRY DR (0000154),154,02 - Intersection related,03 - P.D. only,03 - Rear end,01 - Clear,01 - Daylight,01 - Dry,01 - Traffic signal,01 - Functioning,2,0,0,0,,0,,,,,361106.6798,5021364.132,45.32996707,-75.7816661,1259
15--11549,2015/10/01,3:30 PM,HIGHWAY 417 btwn HWY417 IC118 RAMP35 & HWY417 IC117 RAMP51 (__3ZA2YP),__3ZA2YP,01 - Non intersection,03 - P.D. only,04 - Sideswipe,01 - Clear,01 - Daylight,01 - Dry,10 - No control,,2,0,0,0,,0,,,,,370243.9554,5031109.049,45.41685613,-75.66381743,1260
15--1155,2015/01/18,11:52 PM,CHESTERTON DR @ SOUTHVIEW CRES W (0001973),1973,02 - Intersection related,03 - P.D. only,02 - Angle,01 - Clear,07 - Dark,02 - Wet,02 - Stop sign,01 - Functioning,2,0,0,0,,0,,,,,365341.1423,5023848.288,45.35196667,-75.72734561,1261
15--11550,2015/10/01,3:50 PM,CARTIER ST @ MACLAREN ST (0007074),7074,03 - At intersection,03 - P.D. only,02 - Angle,01 - Clear,01 - Daylight,01 - Dry,02 - Stop sign,01 - Functioning,2,0,0,0,,0,,,,,368362.4335,5031216.852,45.41799955,-75.68784141,1262
15--11551,2015/10/01,3:50 PM,ALTA VISTA DR @ SMYTH RD (0011353),11353,02 - Intersection related,03 - P.D. only,03 - Rear end,01 - Clear,01 - Daylight,01 - Dry,01 - Traffic signal,01 - Functioning,2,0,0,0,,0,,,,,370432.7946,5029081.598,45.39859621,-75.66167478,1263
15--11552,2015/10/01,3:55 PM,HIGHWAY 417 btwn HWY417 IC155 RAMP61 & HWY417 IC145 RAMP56 (__3ZA2Q2),__3ZA2Q2,01 - Non intersection,02 - Non-fatal injury,03 - Rear end,01 - Clear,01 - Daylight,01 - Dry,10 - No control,,3,0,0,0,02 - Minor,2,,2,,,346009.0399,5014815.414,45.27208822,-75.97480933,1264
15--11553,2015/10/01,4:00 PM,ROYAL FIELD CRES btwn WOODGATE WAY & BENCHLAND ST (__3ZA54B),__3ZA54B,04 - At/near private drive,03 - P.D. only,06 - SMV unattended vehicle,01 - Clear,01 - Daylight,01 - Dry,10 - No control,,1,0,0,0,,0,,,,,365149.6824,5017564.431,45.29544165,-75.73055471,1265
15--11554,2015/10/01,4:09 PM,HIGHWAY 417 btwn HWY417 IC122 RAMP61 & HWY417 IC121B RAMP16 (__3ZA2Y4),__3ZA2Y4,01 - Non intersection,03 - P.D. only,03 - Rear end,01 - Clear,01 - Daylight,01 - Dry,10 - No control,,2,0,0,0,,0,,,,,366080.0444,5029347.55,45.40138369,-75.71723385,1266
15--11555,2015/10/01,4:20 PM,JOCKVALE RD @ LONGFIELDS DR (0013613),13613,03 - At intersection,02 - Non-fatal injury,02 - Angle,01 - Clear,01 - Daylight,01 - Dry,02 - Stop sign,01 - Functioning,2,0,0,0,02 - Minor,1,,1,,,364829.2929,5014001.028,45.26340567,-75.73507021,1267
15--11556,2015/10/01,4:31 PM,INNES RD @ 215 W OF CYRVILLE RD/HOME DEPOT W (0012457),12457,02 - Intersection related,02 - Non-fatal injury,03 - Rear end,01 - Clear,01 - Daylight,01 - Dry,01 - Traffic signal,01 - Functioning,2,0,0,0,02 - Minor,1,,1,,,374864.6063,5031001.865,45.41544431,-75.60480126,1268
15--11557,2015/10/01,4:33 PM,ARMSTRONG ST @ HOLLAND AVE (0006151),6151,03 - At intersection,03 - P.D. only,02 - Angle,01 - Clear,01 - Daylight,01 - Dry,02 - Stop sign,01 - Functioning,2,0,0,0,,0,,,,,364861.9783,5029305.837,45.40111393,-75.73279659,1269
15--11558,2015/10/01,4:58 PM,HIGHWAY 417 btwn HWY417 IC121A RAMP16 & HWY417 IC121A RAMP61 (__3ZA2YY),__3ZA2YY,01 - Non intersection,03 - P.D. only,04 - Sideswipe,01 - Clear,01 - Daylight,01 - Dry,10 - No control,,2,0,0,0,,0,,,,,367127.9398,5029708.973,45.40454316,-75.70380407,1270
15--11559,2015/10/01,5:23 PM,BASELINE RD @ NAVAHO DR (0003158),3158,03 - At intersection,02 - Non-fatal injury,05 - Turning movement,01 - Clear,01 - Daylight,01 - Dry,01 - Traffic signal,01 - Functioning,2,1,0,0,01 - Minimal,1,1,,,,363084.97,5024097.867,45.3544035,-75.75610803,1271
15--1156,2015/01/18,Unknown,DEERCROFT AVE btwn REDCLIFF AVE & KELTIE PRIV (__54O982),__54O982,01 - Non intersection,03 - P.D. only,06 - SMV unattended vehicle,01 - Clear,00 - Unknown,01 - Dry,10 - No control,,1,0,0,0,,0,,,,,364245.9499,5015158.689,45.27387185,-75.7423643,1272
15--11560,2015/10/01,5:28 PM,PRESTON ST @ SOMERSET ST (0002215),2215,03 - At intersection,02 - Non-fatal injury,07 - SMV other,01 - Clear,01 - Daylight,01 - Dry,01 - Traffic signal,01 - Functioning,1,0,0,1,02 - Minor,1,,1,,,366307.4791,5030127.788,45.40838412,-75.71423164,1273
15--11561,2015/10/01,5:30 PM,CAMPEAU DR/HWY 417 MARCH IC138R63 @ MARCH RD (0009710),9710,02 - Intersection related,03 - P.D. only,04 - Sideswipe,01 - Clear,01 - Daylight,01 - Dry,01 - Traffic signal,01 - Functioning,2,0,0,0,,0,,,,,352840.7321,5020476.971,45.32259874,-75.88719863,1274
15--11562,2015/10/01,5:30 PM,HIGHWAY 417 btwn HWY417 IC115 RAMP25 & REGIONAL ROAD 174 (__3ZA2RY),__3ZA2RY,01 - Non intersection,02 - Non-fatal injury,03 - Rear end,01 - Clear,01 - Daylight,01 - Dry,10 - No control,,4,0,0,0,02 - Minor,2,,2,,,373186.9515,5031656.217,45.42149783,-75.6261429,1275
15--11563,2015/10/01,5:34 PM,NOTRE DAME ST @ ORLEANS BLVD (0004105),4105,03 - At intersection,03 - P.D. only,02 - Angle,01 - Clear,01 - Daylight,01 - Dry,02 - Stop sign,01 - Functioning,2,0,0,0,,0,,,,,380690.4605,5036864.777,45.46758673,-75.52947196,1276
15--11564,2015/10/01,5:35 PM,CLEMENTINE BLVD @ HERON RD (0006858),6858,02 - Intersection related,03 - P.D. only,03 - Rear end,01 - Clear,01 - Daylight,01 - Dry,01 - Traffic signal,01 - Functioning,2,0,1,0,,0,,,,,369547.7208,5026786.896,45.37803164,-75.67327966,1277
15--11565,2015/10/01,5:47 PM,ALBERT ST @ ELGIN ST/MACKENZIE KING BRIDGE (0002226),2226,03 - At intersection,03 - P.D. only,07 - SMV other,01 - Clear,01 - Daylight,01 - Dry,01 - Traffic signal,01 - Functioning,1,0,0,0,,0,,,,,367850.7116,5031710.5,45.42248754,-75.69431603,1278
15--11566,2015/10/01,6:00 PM,INDUSTRIAL AVE btwn SANDFORD FLEMING AVE & NEIGHBORHOOD WAY (__3ZA3PC),__3ZA3PC,01 - Non intersection,03 - P.D. only,04 - Sideswipe,01 - Clear,01 - Daylight,01 - Dry,10 - No control,,2,0,0,0,,0,,,,,371078.2813,5030526.113,45.41153258,-75.65323674,1279
15--11567,2015/10/01,6:46 AM,PRESTON ST @ TRANSITWAY (0016447),16447,03 - At intersection,02 - Non-fatal injury,07 - SMV other,01 - Clear,03 - Dawn,01 - Dry,01 - Traffic signal,01 - Functioning,1,0,0,1,01 - Minimal,1,1,,,,366119.46,5030624.848,45.41287304,-75.71657156,1280
15--11568,2015/10/01,7:24 AM,CLEROUX CRES E @ INNES RD E (0003626),3626,02 - Intersection related,02 - Non-fatal injury,03 - Rear end,01 - Clear,01 - Daylight,01 - Dry,02 - Stop sign,01 - Functioning,2,0,0,0,01 - Minimal,1,1,,,,379411.746,5033669.646,45.43897707,-75.54630725,1281
15--11569,2015/10/01,7:30 AM,HIGHWAY 417 btwn HWY417 IC104 RAMP16 & HWY417 IC104 RAMP61 (__3ZA2W6),__3ZA2W6,01 - Non intersection,03 - P.D. only,03 - Rear end,01 - Clear,01 - Daylight,01 - Dry,10 - No control,,3,0,0,0,,0,,,,,380162.3253,5025926.826,45.36923198,-75.53789797,1282
15--1157,2015/01/18,Unknown,CUMBERLAND ST @ YORK ST (0008416),8416,02 - Intersection related,03 - P.D. only,99 - Other,01 - Clear,07 - Dark,04 - Slush,01 - Traffic signal,01 - Functioning,2,0,0,0,,0,,,,,368262.8511,5032522.673,45.42975792,-75.68894545,1283
15--11570,2015/10/01,7:34 AM,BRUCE ST @ DOW ST (0001796),1796,03 - At intersection,02 - Non-fatal injury,02 - Angle,01 - Clear,01 - Daylight,01 - Dry,02 - Stop sign,01 - Functioning,2,0,0,0,02 - Minor,2,1,1,,,385256.5168,5011168.14,45.23587734,-75.47526908,1284
15--11571,2015/10/01,7:48 PM,JEANNE D'ARC BLVD @ ORLEANS BLVD S (0004154),4154,03 - At intersection,02 - Non-fatal injury,05 - Turning movement,01 - Clear,07 - Dark,01 - Dry,01 - Traffic signal,01 - Functioning,2,0,0,0,02 - Minor,2,,2,,,380942.1859,5036249.499,45.46202356,-75.52634854,1285
15--11572,2015/10/01,7:50 AM,PARKDALE AVE @ RUSKIN ST (0006697),6697,02 - Intersection related,03 - P.D. only,03 - Rear end,01 - Clear,01 - Daylight,01 - Dry,01 - Traffic signal,01 - Functioning,2,0,0,0,,0,,,,,365508.4231,5028450.476,45.39336183,-75.72464523,1286
15--11573,2015/10/01,8:00 PM,LORETTA AVE   S btwn YOUNG ST & NOLAN AVE (__3ZA04F),__3ZA04F,01 - Non intersection,03 - P.D. only,06 - SMV unattended vehicle,01 - Clear,07 - Dark,01 - Dry,10 - No control,,1,0,0,0,,0,,,,,366321.7479,5029283.445,45.40078569,-75.71415472,1287
15--11574,2015/10/01,8:00 PM,HIGHWAY 417 btwn HWY417 IC122 RAMP61 & HWY417 IC121B RAMP16 (__3ZA2Y4),__3ZA2Y4,01 - Non intersection,02 - Non-fatal injury,07 - SMV other,01 - Clear,07 - Dark,01 - Dry,10 - No control,,1,0,0,1,02 - Minor,1,,1,,,365808.9004,5029207.288,45.40014533,-75.72071436,1288
15--11575,2015/10/01,8:08 PM,DONALD ST @ VANIER PKWY (0007644),7644,03 - At intersection,03 - P.D. only,05 - Turning movement,01 - Clear,07 - Dark,01 - Dry,01 - Traffic signal,01 - Functioning,2,0,0,0,,0,,,,,370311.1726,5032271.216,45.42730655,-75.66280414,1289
15--11576,2015/10/01,8:09 AM,CARLING AVE WB btwn MERIVALE RD & HARMER AVE S (__3ZA4UH),__3ZA4UH,04 - At/near private drive,03 - P.D. only,02 - Angle,01 - Clear,01 - Daylight,01 - Dry,10 - No control,,2,0,0,0,,0,,,,,365044.6668,5027814.253,45.38767727,-75.73064536,1290
15--11577,2015/10/01,8:20 AM,EAGLESON RD @ MICHAEL COWPLAND DR/STONEHAVEN D (0003544),3544,02 - Intersection related,03 - P.D. only,05 - Turning movement,01 - Clear,01 - Daylight,01 - Dry,01 - Traffic signal,01 - Functioning,2,0,0,0,,0,,,,,354380.4638,5016623.804,45.28782013,-75.86794462,1291
15--11578,2015/10/01,8:27 AM,LEEDS AVE btwn SHEFFIELD RD & END (__3ZA2M2),__3ZA2M2,01 - Non intersection,03 - P.D. only,06 - SMV unattended vehicle,01 - Clear,01 - Daylight,01 - Dry,10 - No control,,1,0,0,0,,0,,,,,374994.5217,5029630.136,45.4030892,-75.60333688,1292
15--11579,2015/10/01,8:34 AM,MCGIBBON DR btwn ROBARTS CRES & KATIMAVIK RD (__3ZACW1),__3ZACW1,04 - At/near private drive,03 - P.D. only,04 - Sideswipe,01 - Clear,01 - Daylight,01 - Dry,10 - No control,,2,0,0,0,,0,,,,,351703.2685,5018764.765,45.30726883,-75.90186927,1293
15--1158,2015/01/18,12:07 PM,PRINCE OF WALES DR btwn TURN LANE & JAMES CRAIG ST (__3ZA4K9),__3ZA4K9,01 - Non intersection,03 - P.D. only,99 - Other,01 - Clear,01 - Daylight,01 - Dry,10 - No control,,2,0,0,0,,0,,,,,366318.4487,4999602.943,45.13372203,-75.71787324,1294
15--11580,2015/10/01,8:45 AM,HIGHWAY 417 btwn HWY417 IC118 RAMP67 & HWY417 IC117 RAMP36 (__3ZA2YO),__3ZA2YO,01 - Non intersection,03 - P.D. only,03 - Rear end,01 - Clear,01 - Daylight,01 - Dry,10 - No control,,2,0,0,0,,0,,,,,369840.7027,5031155.112,45.41730818,-75.6689632,1295
15--11581,2015/10/01,8:55 AM,SAVILLE ROW @ WOODROFFE AVE (0002760),2760,02 - Intersection related,03 - P.D. only,04 - Sideswipe,01 - Clear,01 - Daylight,01 - Dry,01 - Traffic signal,01 - Functioning,2,0,0,0,,0,,,,,361780.3973,5026184.447,45.37328562,-75.77251634,1296
15--11582,2015/10/01,8:56 AM,HAMPSTEAD PL @ WALKLEY RD (0006845),6845,02 - Intersection related,02 - Non-fatal injury,05 - Turning movement,01 - Clear,01 - Daylight,01 - Dry,01 - Traffic signal,01 - Functioning,2,1,0,0,02 - Minor,1,,1,,,370683.4362,5026149.534,45.372191,-75.65886506,1297
15--11583,2015/10/01,9:10 AM,DWYER HILL RD @ MCCAFFREY TR (0000092),92,03 - At intersection,03 - P.D. only,02 - Angle,01 - Clear,01 - Daylight,01 - Dry,02 - Stop sign,01 - Functioning,2,0,0,0,,0,,,,,346150.602,5001344.681,45.15086337,-75.97412355,1298
15--1116,2015/01/17,12:52 PM,"EGLISE, RUE DE L @ MONTREAL RD (0011441)",11441,03 - At intersection,03 - P.D. only,05 - Turning movement,01 - Clear,01 - Daylight,01 - Dry,01 - Traffic signal,01 - Functioning,2,0,0,0,,0,,,,,371156.7463,5033634.069,45.43948918,-75.65181569,1299
15--11584,2015/10/01,9:46 AM,GRENADIER WAY btwn QUEENSBURY DR & FIELDCREST AVE (__3ZA599),__3ZA599,01 - Non intersection,03 - P.D. only,06 - SMV unattended vehicle,01 - Clear,01 - Daylight,01 - Dry,10 - No control,,1,0,0,0,,0,,,,,365724.2765,5016154.863,45.28270886,-75.72340254,1300
15--11585,2015/10/01,9:56 AM,COLONNADE RD @ PRINCE OF WALES DR (0005249),5249,02 - Intersection related,03 - P.D. only,03 - Rear end,01 - Clear,01 - Daylight,01 - Dry,01 - Traffic signal,01 - Functioning,3,0,0,0,,0,,,,,367396.153,5023266.156,45.34654834,-75.70119481,1301
15--11586,2015/10/02,1:14 PM,ROBERTSON RD btwn FITZGERALD RD & MOODIE DR (__3ZA411),__3ZA411,04 - At/near private drive,03 - P.D. only,02 - Angle,01 - Clear,01 - Daylight,01 - Dry,10 - No control,,2,0,0,0,,0,,,,,357014.7602,5020426.289,45.32184464,-75.83396408,1302
15--11587,2015/10/02,1:30 AM,MALAKOFF RD btwn GALLAGHER RD & MACKEY RD (__3ZAAZU),__3ZAAZU,01 - Non intersection,03 - P.D. only,07 - SMV other,01 - Clear,07 - Dark,01 - Dry,10 - No control,,1,0,0,0,,0,,,,,364272.4137,4993796.48,45.08164907,-75.74457311,1303
15--11588,2015/10/02,1:40 PM,ALTA VISTA DR @ CUNNINGHAM AVE (0008112),8112,02 - Intersection related,03 - P.D. only,03 - Rear end,01 - Clear,01 - Daylight,01 - Dry,02 - Stop sign,00 - Unknown,3,0,0,0,,0,,,,,370344.0022,5028017.905,45.3890338,-75.66295011,1304
15--11589,2015/10/02,10:05 AM,BANK ST @ SECOND AVE (0007231),7231,03 - At intersection,03 - P.D. only,02 - Angle,01 - Clear,01 - Daylight,01 - Dry,02 - Stop sign,01 - Functioning,2,0,0,0,,0,,,,,368304.9834,5029630.004,45.40372683,-75.68877983,1305
15--1159,2015/01/18,12:11 AM,EAGLESON RD btwn FALLOWFIELD RD & AKINS RD (__3ZA418),__3ZA418,01 - Non intersection,03 - P.D. only,05 - Turning movement,01 - Clear,07 - Dark,06 - Ice,10 - No control,,2,0,0,0,,0,,,,,355969.3449,5012575.611,45.25127974,-75.84810787,1306
15--11590,2015/10/02,10:17 AM,INNES RD @ JEANNE D'ARC BLVD/MER BLEUE RD (0012475),12475,03 - At intersection,02 - Non-fatal injury,05 - Turning movement,01 - Clear,01 - Daylight,01 - Dry,01 - Traffic signal,01 - Functioning,2,0,0,0,01 - Minimal,1,1,,,,382637.7536,5035565.752,45.45568494,-75.50477833,1307
15--11591,2015/10/02,10:23 PM,FERNBANK RD @ JINKINSON RD (0005435),5435,03 - At intersection,03 - P.D. only,07 - SMV other,01 - Clear,07 - Dark,01 - Dry,02 - Stop sign,01 - Functioning,1,0,0,0,,0,,,,,345894.805,5007661.76,45.20772296,-75.97685621,1308
15--11592,2015/10/02,11:57 AM,BAYSHORE DR NB btwn WOODRIDGE CRES & RICHMOND RD (__3ZAZVY),__3ZAZVY,01 - Non intersection,03 - P.D. only,03 - Rear end,01 - Clear,01 - Daylight,01 - Dry,10 - No control,,2,0,0,0,,0,,,,,359353.9465,5023418.616,45.3485918,-75.80379843,1309
15--11593,2015/10/02,Unknown,MEADOWBREEZE DR btwn ACCEPTANCE PL & HAWKBIRCH ST (e___2KSI),e___2KSI,01 - Non intersection,03 - P.D. only,06 - SMV unattended vehicle,01 - Clear,00 - Unknown,01 - Dry,10 - No control,,1,0,0,0,,0,,,,,356446.579,5015381.444,45.27649236,-75.84173663,1310
15--11594,2015/10/02,Unknown,BENJAMIN AVE btwn FAIRLAWN AVE & BLYTHDALE RD (__3ZA0CV),__3ZA0CV,01 - Non intersection,03 - P.D. only,06 - SMV unattended vehicle,01 - Clear,00 - Unknown,01 - Dry,10 - No control,,1,0,0,0,,0,,,,,362324.6674,5025191.515,45.36430684,-75.7656837,1311
15--11595,2015/10/02,12:10 PM,CARSON'S RD btwn MONTREAL RD & SETH PRIV (__3ZAZFV),__3ZAZFV,04 - At/near private drive,03 - P.D. only,05 - Turning movement,01 - Clear,01 - Daylight,01 - Dry,10 - No control,,2,0,0,0,,0,,,,,372836.3739,5034239.524,45.44477532,-75.63026513,1312
15--11596,2015/10/02,12:11 PM,LYON ST    N btwn NEPEAN ST & LISGAR ST (__3ZA3CL),__3ZA3CL,04 - At/near private drive,03 - P.D. only,02 - Angle,01 - Clear,01 - Daylight,01 - Dry,10 - No control,,2,0,0,0,,0,,,,,367253.7122,5030901.751,45.41526422,-75.70204646,1313
15--11597,2015/10/02,12:49 PM,BEECHWOOD AVE @ CHARLEVOIX ST/MACKAY ST (0002248),2248,02 - Intersection related,03 - P.D. only,03 - Rear end,01 - Clear,01 - Daylight,01 - Dry,01 - Traffic signal,01 - Functioning,2,0,0,0,,0,,,,,369186.5917,5033590.549,45.43928182,-75.67700161,1314
15--11598,2015/10/02,12:55 PM,FORTUNE DR @ ST. JOVITE RDG N (0004379),4379,03 - At intersection,02 - Non-fatal injury,07 - SMV other,01 - Clear,01 - Daylight,01 - Dry,02 - Stop sign,01 - Functioning,1,0,0,1,02 - Minor,1,,1,,,380075.7774,5037696.127,45.47513308,-75.53720438,1315
15--11599,2015/10/02,2:07 AM,FALLOWFIELD RD btwn EAGLESON RD & RICHMOND RD (__3ZA4Y2),__3ZA4Y2,01 - Non intersection,03 - P.D. only,07 - SMV other,01 - Clear,07 - Dark,01 - Dry,10 - No control,,1,0,0,0,,0,,,,,357284.8125,5013273.098,45.25745899,-75.83127642,1316
15--116,2015/01/04,1:00 AM,JESSIE ST @ THOMAS A. DOLAN PKWY (0002447),2447,02 - Intersection related,03 - P.D. only,07 - SMV other,02 - Rain,07 - Dark,05 - Packed snow,02 - Stop sign,01 - Functioning,1,0,0,0,,0,,,,,334653.3536,5024374.05,45.35867565,-76.1189526,1317
15--1160,2015/01/18,12:17 PM,INNES RD btwn PRESTWICK DR & TENTH LINE RD (__3ZA3Y7),__3ZA3Y7,01 - Non intersection,03 - P.D. only,03 - Rear end,01 - Clear,01 - Daylight,02 - Wet,10 - No control,,3,0,0,0,,0,,,,,383816.4993,5036104.46,45.46039945,-75.48962285,1318
15--11600,2015/10/02,2:38 PM,OLD TENTH LINE RD @ TENTH LINE RD (0009223),9223,03 - At intersection,03 - P.D. only,02 - Angle,01 - Clear,01 - Daylight,01 - Dry,01 - Traffic signal,01 - Functioning,2,0,0,0,,0,,,,,383040.5711,5038358.257,45.48076443,-75.49918419,1319
15--11601,2015/10/02,3:25 PM,HOG'S BACK RD btwn COLONEL BY DR & RIVERSIDE DR (__3ZA22W),__3ZA22W,04 - At/near private drive,03 - P.D. only,03 - Rear end,01 - Clear,01 - Daylight,01 - Dry,10 - No control,,3,0,0,0,,0,,,,,367824.2924,5026031.066,45.37138803,-75.69537921,1320
15--11602,2015/10/02,3:56 PM,GARFIELD AVE @ RIDDELL AVE (0002030),2030,03 - At intersection,03 - P.D. only,05 - Turning movement,01 - Clear,01 - Daylight,01 - Dry,10 - No control,,2,0,0,0,,0,,,,,363229.4125,5025509.452,45.36709277,-75.75409778,1321
15--11603,2015/10/02,4:10 PM,8TH LINE RD btwn RODNEY FARM DR & PARKWAY RD (__3ZA20P),__3ZA20P,01 - Non intersection,03 - P.D. only,07 - SMV other,01 - Clear,01 - Daylight,01 - Dry,10 - No control,,1,0,0,0,,0,,,,,383128.317,5016985.515,45.28845881,-75.50145342,1322
15--11604,2015/10/02,4:17 PM,BASELINE RD @ COLLEGE SQUARE SC (0008826),8826,02 - Intersection related,03 - P.D. only,03 - Rear end,01 - Clear,01 - Daylight,01 - Dry,01 - Traffic signal,01 - Functioning,3,0,0,0,,0,,,,,362760.9287,5023896.295,45.35261664,-75.76026706,1323
15--11605,2015/10/02,6:16 PM,BESSERER ST @ WALLER ST (0008859),8859,02 - Intersection related,03 - P.D. only,05 - Turning movement,01 - Clear,05 - Dusk,01 - Dry,01 - Traffic signal,01 - Functioning,2,0,0,0,,0,,,,,368315.9333,5032191.617,45.42677438,-75.68830983,1324