Anom_ID,Accident_Date,Accident_Time,Location,Geo_ID,Accident_Location,Classification_of_Accident,Initial_Impact_Type,Environment_Condition,Light,Road_Surface_Condition,Traffic_Control,Traffic_Control_Condition,No__of_Vehicles,No__of_Bicycles,No__of_Motorcycles,No__of_Pedestrians,Max_Injury,No__of_Injuries,No__of_Minimal,No__of_Minor,No__of_Major,No__of_Fatal,X,Y,Latitude,Longitude,ObjectId
15--11606,2015/10/02,6:20 PM,INNES RD btwn PEPIN CRT & TAUVETTE ST (__3ZA3HC),__3ZA3HC,01 - Non intersection,03 - P.D. only,03 - Rear end,01 - Clear,07 - Dark,01 - Dry,10 - No control,,2,0,0,0,,0,,,,,377316.4125,5032448.958,45.42821457,-75.57326617,1325
15--11607,2015/10/02,6:30 AM,MACKENZIE AVE @ RIDEAU ST (0002136),2136,03 - At intersection,03 - P.D. only,02 - Angle,01 - Clear,03 - Dawn,01 - Dry,01 - Traffic signal,01 - Functioning,2,0,0,0,,0,,,,,367869.6992,5032009.941,45.4251801,-75.69403509,1326
15--11608,2015/10/02,6:41 PM,CUMMINGS AVE/LABELLE ST @ CYRVILLE RD (0008791),8791,02 - Intersection related,03 - P.D. only,03 - Rear end,01 - Clear,05 - Dusk,01 - Dry,01 - Traffic signal,01 - Functioning,2,0,0,0,,0,,,,,372859.2745,5031871.927,45.42347064,-75.63029971,1327
15--11609,2015/10/02,6:50 PM,MERIVALE RD btwn CENTRAL PARK DR S & MERIVALE RD (__3ZAZKW),__3ZAZKW,01 - Non intersection,03 - P.D. only,04 - Sideswipe,01 - Clear,05 - Dusk,01 - Dry,10 - No control,,2,0,1,0,,0,,,,,365023.6495,5025420.822,45.36614343,-75.73120564,1328
15--1098,2015/01/17,1:15 PM,WOODROFFE AVE btwn MEADOWLANDS DR/TALLWOOD DR & NORICE ST (__3ZBOCG),__3ZBOCG,01 - Non intersection,03 - P.D. only,03 - Rear end,01 - Clear,01 - Daylight,01 - Dry,10 - No control,,2,0,0,0,,0,,,,,363111.6294,5022594.109,45.3408706,-75.7559451,1329
15--11617,2015/10/02,8:30 AM,CHURCHILL AVE   N btwn IRENE CRES & CURRELL AVE (__3ZA3AS),__3ZA3AS,04 - At/near private drive,03 - P.D. only,02 - Angle,01 - Clear,01 - Daylight,01 - Dry,10 - No control,,2,0,0,0,,0,,,,,363684.657,5027239.995,45.38262585,-75.74808036,1330
15--10980,2015/09/16,5:18 PM,CHAMPLAIN BRIDGE/ISLAND PARK DR btwn BATE ISLAND & PROVINCIAL BOUNDARY (__3ZA2ZEA),__3ZA2ZEA,01 - Non intersection,03 - P.D. only,03 - Rear end,01 - Clear,01 - Daylight,01 - Dry,10 - No control,,3,0,0,0,,0,,,,,362866.1353,5030161.065,45.40897751,-75.75818765,1331
15--11436,2015/09/29,1:08 PM,INDUSTRIAL AVE @ ALTA VISTA DR/SANDFORD FLEMIN (0006979),6979,03 - At intersection,02 - Non-fatal injury,05 - Turning movement,02 - Rain,01 - Daylight,02 - Wet,01 - Traffic signal,01 - Functioning,2,1,0,0,02 - Minor,1,,1,,,370884.0018,5030558.292,45.41184048,-75.65571425,1332
15--11618,2015/10/02,8:30 PM,SHANNONDOE CRES btwn STONEMEADOW DR & LOYAL HILL CRES (__3ZA2VW),__3ZA2VW,01 - Non intersection,03 - P.D. only,06 - SMV unattended vehicle,01 - Clear,07 - Dark,01 - Dry,10 - No control,,1,0,0,0,,0,,,,,355694.87,5016585.545,45.28738192,-75.85119346,1333
15--11160,2015/09/21,6:32 PM,CARLING AVE @ MAITLAND AVE/SHERBOURNE RD (0002641),2641,02 - Intersection related,03 - P.D. only,03 - Rear end,01 - Clear,01 - Daylight,01 - Dry,01 - Traffic signal,01 - Functioning,3,0,0,0,,0,,,,,362942.6979,5026488.167,45.37592298,-75.75764243,1334
15--11619,2015/10/02,8:32 AM,METCALFE ST @ SOMERSET ST (0002689),2689,02 - Intersection related,03 - P.D. only,02 - Angle,01 - Clear,01 - Daylight,01 - Dry,01 - Traffic signal,01 - Functioning,2,0,0,0,,0,,,,,368011.425,5031102.771,45.41700489,-75.69234055,1335
15--10981,2015/09/16,5:23 PM,FALLOWFIELD RD btwn ASHDALE AVE & PRINCE OF WALES DR (__3ZA3IQ),__3ZA3IQ,01 - Non intersection,03 - P.D. only,03 - Rear end,01 - Clear,01 - Daylight,01 - Dry,10 - No control,,2,0,0,0,,0,,,,,367220.267,5019053.606,45.30866018,-75.70397023,1336
15--11258,2015/09/24,11:29 PM,BANK ST btwn CECIL AVE & HERON RD (__3ZA3AC),__3ZA3AC,01 - Non intersection,02 - Non-fatal injury,04 - Sideswipe,01 - Clear,07 - Dark,01 - Dry,10 - No control,,2,1,0,0,01 - Minimal,1,1,,,,369957.5218,5026949.2,45.37945401,-75.66802632,1337
15--11437,2015/09/29,1:12 PM,ABBOTT ST @ STITTSVILLE MAIN ST (0000082),82,02 - Intersection related,02 - Non-fatal injury,02 - Angle,02 - Rain,01 - Daylight,02 - Wet,01 - Traffic signal,00 - Unknown,2,1,0,0,01 - Minimal,1,1,,,,350247.1429,5013330.336,45.25846384,-75.92093514,1338
15--11161,2015/09/21,7:02 AM,INNES RD btwn BLAIR RD & ANDERSON RD (__3ZA3JZ),__3ZA3JZ,01 - Non intersection,03 - P.D. only,03 - Rear end,01 - Clear,01 - Daylight,01 - Dry,10 - No control,,4,0,0,0,,0,,,,,376099.1195,5031742.465,45.42198311,-75.588923,1339
15--11342,2015/09/26,2:13 PM,KINBURN SIDE RD btwn HIGHWAY 17 & FARMVIEW RD (__3ZA4RG),__3ZA4RG,01 - Non intersection,02 - Non-fatal injury,04 - Sideswipe,01 - Clear,01 - Daylight,01 - Dry,10 - No control,,2,1,0,0,02 - Minor,1,,1,,,327079.9093,5026195.76,45.37534995,-76.21553629,1340
15--11259,2015/09/24,11:33 AM,COLONEL BY DR @ HAWTHORNE AVE/PRETORIA BRIDGE (0002122),2122,02 - Intersection related,03 - P.D. only,04 - Sideswipe,01 - Clear,01 - Daylight,01 - Dry,01 - Traffic signal,01 - Functioning,2,0,0,0,,0,,,,,368767.7102,5030525.207,45.41173944,-75.68275336,1341
15--1126,2015/01/17,4:55 PM,ST. LAURENT BLVD @ COVENTRY RD/OGILVIE RD (0002151),2151,02 - Intersection related,03 - P.D. only,03 - Rear end,01 - Clear,05 - Dusk,06 - Ice,01 - Traffic signal,01 - Functioning,2,0,0,0,,0,,,,,372305.7195,5031951.093,45.42423657,-75.63736169,1342
15--11260,2015/09/24,11:37 AM,225 E OF RIVERSIDE DR / T & T SC @ HUNT CLUB RD (0013516),13516,02 - Intersection related,03 - P.D. only,07 - SMV other,01 - Clear,01 - Daylight,01 - Dry,01 - Traffic signal,01 - Functioning,1,0,0,0,,0,,,,,368235.6976,5022055.979,45.335584,-75.69063741,1343
15--11261,2015/09/24,12:06 PM,MITCH OWENS RD btwn DOWNEY RD & MANOTICK STATION RD (__3ZA3TK),__3ZA3TK,04 - At/near private drive,03 - P.D. only,02 - Angle,01 - Clear,01 - Daylight,01 - Dry,10 - No control,,2,0,0,0,,0,,,,,373478.4748,5013247.89,45.25583784,-75.62497327,1344
15--11262,2015/09/24,12:07 PM,CHURCHILL AVE   S btwn LAPERRIERE AVE & END (__3ZA5WC),__3ZA5WC,04 - At/near private drive,03 - P.D. only,02 - Angle,01 - Clear,01 - Daylight,01 - Dry,10 - No control,,2,0,0,0,,0,,,,,363923.2287,5026606.065,45.37690176,-75.74511012,1345
15--11263,2015/09/24,12:11 PM,ST. JOSEPH BLVD @ TENTH LINE RD (0009163),9163,02 - Intersection related,03 - P.D. only,04 - Sideswipe,01 - Clear,01 - Daylight,01 - Dry,01 - Traffic signal,01 - Functioning,2,0,0,0,,0,,,,,382890.0831,5038666.092,45.4835509,-75.50105992,1346
15--11264,2015/09/24,12:36 PM,SMYTH RD btwn MAIN ST & RAMP (__3ZA3OL),__3ZA3OL,01 - Non intersection,03 - P.D. only,04 - Sideswipe,01 - Clear,01 - Daylight,01 - Dry,10 - No control,,2,0,0,0,,0,,,,,369879.0512,5029124.825,45.39903684,-75.66874127,1347
15--11265,2015/09/24,12:57 PM,WEST HUNT CLUB RD @ ROYDON PL/SUNDERLAND ST (0009775),9775,03 - At intersection,02 - Non-fatal injury,05 - Turning movement,01 - Clear,01 - Daylight,01 - Dry,01 - Traffic signal,01 - Functioning,2,0,0,0,01 - Minimal,1,1,,,,365973.7076,5022168.409,45.33679648,-75.71948102,1348
15--11266,2015/09/24,2:09 PM,HIGHWAY 417 btwn HWY417 IC129 RAMP26 & HWY417 IC129 RAMP61 (__3ZA2UO),__3ZA2UO,01 - Non intersection,03 - P.D. only,07 - SMV other,01 - Clear,01 - Daylight,01 - Dry,10 - No control,,1,0,0,0,,0,,,,,360549.5678,5023629.715,45.35039725,-75.78851763,1349
15--11267,2015/09/24,3:21 PM,BASELINE RD @ SIOUX CRES (0001121),1121,03 - At intersection,02 - Non-fatal injury,02 - Angle,01 - Clear,01 - Daylight,01 - Dry,02 - Stop sign,01 - Functioning,2,0,0,0,01 - Minimal,2,2,,,,359413.6628,5021851.129,45.33448288,-75.80320944,1350
15--11268,2015/09/24,3:25 PM,VIEWMOUNT DR @ MERIVALE RD (0001528),1528,03 - At intersection,02 - Non-fatal injury,05 - Turning movement,01 - Clear,01 - Daylight,01 - Dry,01 - Traffic signal,01 - Functioning,2,0,0,0,02 - Minor,1,,1,,,365193.6971,5022949.576,45.3438929,-75.72933695,1351
15--11269,2015/09/24,3:33 PM,CARP RD @ HAZELDEAN RD (0000086),86,02 - Intersection related,03 - P.D. only,03 - Rear end,01 - Clear,01 - Daylight,01 - Dry,01 - Traffic signal,01 - Functioning,2,0,0,0,,0,,,,,348804.5759,5014360.076,45.26782154,-75.93922349,1352
15--1127,2015/01/17,5:00 PM,HIGHWAY 417 btwn HWY417 IC117 RAMP51 & HWY417 IC117 RAMP35 (__3ZA2YN),__3ZA2YN,01 - Non intersection,03 - P.D. only,99 - Other,01 - Clear,05 - Dusk,01 - Dry,10 - No control,,2,0,0,0,,0,,,,,370742.8723,5031177.641,45.41742645,-75.65743424,1353
15--11270,2015/09/24,4:15 PM,MONTREAL RD @ SHEFFORD RD (0012423),12423,02 - Intersection related,03 - P.D. only,03 - Rear end,01 - Clear,01 - Daylight,01 - Dry,01 - Traffic signal,01 - Functioning,2,0,0,0,,0,,,,,376125.0085,5034854.297,45.44997885,-75.58814137,1354
15--11271,2015/09/24,4:18 PM,PRINCE OF WALES DR btwn WATERBEND LANE & TURN LANE (__3ZA1H4),__3ZA1H4,01 - Non intersection,03 - P.D. only,05 - Turning movement,01 - Clear,01 - Daylight,01 - Dry,10 - No control,,2,0,0,0,,0,,,,,367431.3229,5021708.08,45.33252593,-75.70094327,1355
15--11272,2015/09/24,4:21 PM,MITCH OWENS RD @ DOZOIS RD/LIMEBANK RD (0012469),12469,02 - Intersection related,03 - P.D. only,03 - Rear end,01 - Clear,01 - Daylight,01 - Dry,01 - Traffic signal,01 - Functioning,2,0,0,0,,0,,,,,371674.4457,5012108.058,45.2457556,-75.64810901,1356
15--11273,2015/09/24,4:28 PM,AIRPORT PKWY btwn RAMP & TO BE DETERMINED (__3ZA222),__3ZA222,01 - Non intersection,02 - Non-fatal injury,07 - SMV other,01 - Clear,01 - Daylight,01 - Dry,10 - No control,,1,0,1,0,01 - Minimal,1,1,,,,369210.8751,5026075.831,45.37166474,-75.67767291,1357
15--11274,2015/09/24,4:30 PM,MERIVALE RD @ FAMILY BROWN LANE (0010933),10933,02 - Intersection related,02 - Non-fatal injury,03 - Rear end,01 - Clear,01 - Daylight,01 - Dry,01 - Traffic signal,01 - Functioning,2,0,0,0,01 - Minimal,2,2,,,,365004.2384,5023386.028,45.34783632,-75.73170123,1358
15--11275,2015/09/24,4:32 PM,HIGHWAY 417 btwn HIGHWAY 417 & HWY417 IC140 RAMP51 (__3ZA20L),__3ZA20L,01 - Non intersection,03 - P.D. only,03 - Rear end,01 - Clear,01 - Daylight,01 - Dry,10 - No control,,2,0,0,0,,0,,,,,349455.1356,5017670.713,45.29757075,-75.93063552,1359
15--11276,2015/09/24,4:40 PM,CARLING AVE @ WESTGATE SC E (0008795),8795,03 - At intersection,03 - P.D. only,02 - Angle,01 - Clear,01 - Daylight,01 - Dry,01 - Traffic signal,01 - Functioning,2,0,0,0,,0,,,,,364801.758,5027659.619,45.38630676,-75.73376595,1360
15--11277,2015/09/24,4:40 PM,JOCKVALE RD btwn GOLFLINKS DR & PRINCE OF WALES DR (__3ZA4J7),__3ZA4J7,01 - Non intersection,02 - Non-fatal injury,03 - Rear end,01 - Clear,01 - Daylight,01 - Dry,10 - No control,,2,0,0,0,01 - Minimal,1,1,,,,366523.0302,5012353.595,45.24843553,-75.71369421,1361
15--11278,2015/09/24,4:44 PM,CRAIG HENRY DR btwn ASHWICK CRT & BAINBRIDGE AVE (__3ZABTD),__3ZABTD,01 - Non intersection,03 - P.D. only,99 - Other,01 - Clear,01 - Daylight,01 - Dry,10 - No control,,2,0,0,0,,0,,,,,361375.8353,5021579.193,45.33188054,-75.77820803,1362
15--11279,2015/09/24,4:51 PM,PANET ST @ EMPEROR AVE (0006613),6613,02 - Intersection related,03 - P.D. only,02 - Angle,01 - Clear,01 - Daylight,01 - Dry,10 - No control,,2,0,0,0,,0,,,,,364964.2895,5026708.536,45.37773515,-75.73180649,1363
15--1128,2015/01/17,5:13 PM,BANK ST btwn CECIL AVE & HERON RD (__3ZA3AC),__3ZA3AC,04 - At/near private drive,03 - P.D. only,05 - Turning movement,01 - Clear,05 - Dusk,01 - Dry,10 - No control,,2,0,0,0,,0,,,,,369988.973,5026872.265,45.37875885,-75.66763493,1364
15--11280,2015/09/24,5:03 PM,MAITLAND AVE/HWY 417 MAITLAND IC126R53 @ HWY 4 (0008229),8229,03 - At intersection,02 - Non-fatal injury,05 - Turning movement,01 - Clear,01 - Daylight,01 - Dry,01 - Traffic signal,01 - Functioning,2,0,0,0,02 - Minor,1,,1,,,363229.1191,5025774.102,45.36947409,-75.75407023,1365
15--11281,2015/09/24,5:16 PM,HERZBERG RD @ TURTLE POINT PRIV (0012544),12544,03 - At intersection,02 - Non-fatal injury,05 - Turning movement,01 - Clear,01 - Daylight,01 - Dry,02 - Stop sign,00 - Unknown,2,1,0,0,02 - Minor,1,,1,,,351793.7615,5022881.258,45.34430388,-75.90032462,1366
15--11282,2015/09/24,5:30 PM,REGIONAL ROAD 174 EB btwn HWY417 IC113 RAMP65 & OR174 BLAIR IC112 RAMP51 (__3ZAZFJ),__3ZAZFJ,01 - Non intersection,03 - P.D. only,03 - Rear end,01 - Clear,01 - Daylight,01 - Dry,10 - No control,,2,0,0,0,,0,,,,,374623.9205,5032689.233,45.4306504,-75.6076369,1367
15--11283,2015/09/24,5:30 PM,HOLLAND AVE @ WELLINGTON ST (0002364),2364,02 - Intersection related,03 - P.D. only,03 - Rear end,01 - Clear,01 - Daylight,01 - Dry,01 - Traffic signal,01 - Functioning,2,0,0,0,,0,,,,,364928.9807,5029153.915,45.39974122,-75.73195933,1368
15--11284,2015/09/24,5:33 PM,BRIAN COBURN BLVD @ MER BLEUE RD (0014363),14363,02 - Intersection related,03 - P.D. only,03 - Rear end,01 - Clear,01 - Daylight,01 - Dry,02 - Stop sign,01 - Functioning,2,0,0,0,,0,,,,,383150.8189,5034441.164,45.44550953,-75.49839849,1369
15--11285,2015/09/24,5:38 PM,OTTAWA RIVER PKWY WB btwn TRANSIT & TURN LANE (__3ZA23O),__3ZA23O,01 - Non intersection,02 - Non-fatal injury,07 - SMV other,01 - Clear,01 - Daylight,01 - Dry,10 - No control,,1,0,1,0,02 - Minor,1,,1,,,362967.8793,5029231.335,45.40060351,-75.75699763,1370
15--11286,2015/09/24,5:48 PM,HUNTER'S RUN DR @ JEANNE D'ARC BLVD (0012419),12419,03 - At intersection,03 - P.D. only,07 - SMV other,01 - Clear,01 - Daylight,01 - Dry,01 - Traffic signal,01 - Functioning,1,0,0,0,,0,,,,,380567.0265,5036174.933,45.46139347,-75.53115661,1371
15--11287,2015/09/24,6:30 PM,WOODROFFE AVE btwn WOODROFFE AVE & NAVAHO DR (__3ZA2TY),__3ZA2TY,04 - At/near private drive,03 - P.D. only,02 - Angle,01 - Clear,01 - Daylight,01 - Dry,10 - No control,,2,0,0,0,,0,,,,,362572.7533,5023703.838,45.35090045,-75.76269095,1372
15--11288,2015/09/24,6:30 PM,HENNESSY CRES/VARENNES BLVD @ VALIN ST (0012339),12339,03 - At intersection,02 - Non-fatal injury,02 - Angle,01 - Clear,01 - Daylight,01 - Dry,02 - Stop sign,01 - Functioning,2,1,0,0,02 - Minor,1,,1,,,385177.1107,5037686.373,45.47447677,-75.47196891,1373
15--11289,2015/09/24,7:01 AM,MARCH RD btwn DUNROBIN RD & MURPHY CRT (__3ZA3DI),__3ZA3DI,01 - Non intersection,03 - P.D. only,07 - SMV other,01 - Clear,01 - Daylight,01 - Dry,10 - No control,,1,0,0,0,,0,,,,,347631.9565,5025842.225,45.37121387,-75.95317323,1374
15--1129,2015/01/17,5:20 PM,ST. LAURENT BLVD btwn TREMBLAY RD & SHORE ST (__3ZA2GT),__3ZA2GT,01 - Non intersection,02 - Non-fatal injury,03 - Rear end,01 - Clear,05 - Dusk,06 - Ice,10 - No control,,2,0,0,0,02 - Minor,1,,1,,,372602.4609,5031223.745,45.41766354,-75.63367024,1375
15--11290,2015/09/24,7:30 PM,CARLING AVE @ CARLINGWOOD SC (0008881),8881,03 - At intersection,03 - P.D. only,05 - Turning movement,01 - Clear,07 - Dark,01 - Dry,01 - Traffic signal,01 - Functioning,2,0,0,0,,0,,,,,362073.0121,5025916.619,45.37085187,-75.76881181,1376
15--11291,2015/09/24,7:45 AM,HIGHWAY 417 btwn Continuation of HIGHWAY 417 & HWY417 IC134 RAMP51 (__3ZA29B),__3ZA29B,01 - Non intersection,02 - Non-fatal injury,03 - Rear end,01 - Clear,01 - Daylight,01 - Dry,10 - No control,,2,0,0,0,02 - Minor,1,,1,,,355726.0481,5021836.822,45.33463146,-75.85025634,1377
15--11292,2015/09/24,8:17 AM,DRIVEWAY (THE) @ PRINCE OF WALES DR (0002128),2128,03 - At intersection,03 - P.D. only,04 - Sideswipe,01 - Clear,01 - Daylight,01 - Dry,11 - Roundabout,01 - Functioning,2,0,0,0,,0,,,,,366883.7117,5028137.186,45.39042235,-75.70712144,1378
15--11293,2015/09/24,8:20 AM,CASTLEFRANK RD @ KATIMAVIK RD (0003228),3228,02 - Intersection related,02 - Non-fatal injury,07 - SMV other,01 - Clear,01 - Daylight,01 - Dry,01 - Traffic signal,01 - Functioning,1,0,0,1,01 - Minimal,1,1,,,,351951.1736,5018941.714,45.30884446,-75.89869122,1379
15--11294,2015/09/24,8:41 AM,HUNT CLUB RD btwn MOUNTAIN CRES & TURN LANE (__3ZA3HU),__3ZA3HU,01 - Non intersection,03 - P.D. only,03 - Rear end,01 - Clear,01 - Daylight,01 - Dry,10 - No control,,3,0,0,0,,0,,,,,371456.0516,5023962.935,45.35244367,-75.64929707,1380
15--11295,2015/09/25,1:25 PM,CUMMINGS AVE btwn WELDON DR & OGILVIE RD (__3ZA7UQ),__3ZA7UQ,04 - At/near private drive,03 - P.D. only,02 - Angle,01 - Clear,01 - Daylight,01 - Dry,10 - No control,,2,0,0,0,,0,,,,,372741.513,5032181.757,45.42626979,-75.63176162,1381
15--11296,2015/09/25,1:37 PM,EARL MULLIGAN DR @ WOODROFFE AVE (0000591),591,03 - At intersection,02 - Non-fatal injury,05 - Turning movement,01 - Clear,01 - Daylight,01 - Dry,01 - Traffic signal,01 - Functioning,2,0,0,0,01 - Minimal,1,1,,,,365250.7012,5017505.379,45.29490162,-75.72927406,1382
15--11297,2015/09/25,1:45 PM,LEES AVE @ KING EDWARD AVE/MANN AVE (0011413),11413,02 - Intersection related,03 - P.D. only,03 - Rear end,01 - Clear,01 - Daylight,01 - Dry,01 - Traffic signal,01 - Functioning,2,0,0,0,,0,,,,,369179.006,5031335.354,45.41899113,-75.67739338,1383
15--11298,2015/09/25,10:05 AM,MOODIE DR @ ROBERTSON RD (0010545),10545,02 - Intersection related,02 - Non-fatal injury,03 - Rear end,01 - Clear,01 - Daylight,01 - Dry,01 - Traffic signal,01 - Functioning,2,0,0,0,01 - Minimal,2,2,,,,357067.3741,5020454.756,45.32209687,-75.83329,1384
15--11299,2015/09/25,10:46 AM,HIGHWAY 416 btwn HWY416 IC66 RAMP63 & HWY416 IC66 RAMP53 (__3ZAZMV),__3ZAZMV,01 - Non intersection,03 - P.D. only,03 - Rear end,01 - Clear,01 - Daylight,01 - Dry,10 - No control,,2,0,0,0,,0,,,,,360063.2294,5014738.958,45.27043624,-75.79571538,1385
15--113,2015/01/03,8:50 PM,HIGHWAY 417 btwn HWY417 IC118 RAMP35 & HWY417 IC117 RAMP51 (__3ZA2YP),__3ZA2YP,01 - Non intersection,03 - P.D. only,03 - Rear end,03 - Snow,07 - Dark,03 - Loose snow,10 - No control,,2,0,0,0,,0,,,,,370138.5402,5031099.662,45.41678152,-75.66516543,1386
15--1130,2015/01/17,5:30 PM,KING EDWARD AVE @ TEMPLETON ST (0007695),7695,02 - Intersection related,03 - P.D. only,03 - Rear end,01 - Clear,05 - Dusk,02 - Wet,01 - Traffic signal,01 - Functioning,3,0,0,0,,0,,,,,369059.709,5031508.064,45.42055608,-75.67889503,1387
15--11300,2015/09/25,11:19 AM,HUNTMAR DR btwn OLD CARP RD & BRADLEY SIDE RD (__3ZACWD),__3ZACWD,01 - Non intersection,02 - Non-fatal injury,01 - Approaching,01 - Clear,01 - Daylight,01 - Dry,10 - No control,,3,0,0,0,02 - Minor,1,,1,,,347228.3178,5020115.451,45.31970733,-75.95881741,1388
15--11301,2015/09/25,11:30 PM,RIVERSIDE DR RAMP 34 @ RIVERSIDE DR (0010857),10857,02 - Intersection related,02 - Non-fatal injury,05 - Turning movement,01 - Clear,07 - Dark,01 - Dry,03 - Yield sign,00 - Unknown,2,0,0,0,01 - Minimal,1,1,,,,368339.6806,5027184.638,45.38172101,-75.68865156,1389
15--11302,2015/09/25,11:41 AM,HOPEWELL AVE btwn GROSVENOR AVE & BANK ST (__3ZA9HB),__3ZA9HB,04 - At/near private drive,03 - P.D. only,02 - Angle,01 - Clear,01 - Daylight,01 - Dry,10 - No control,,2,0,0,0,,0,,,,,368731.3014,5028480.645,45.39334646,-75.68348352,1390
15--11303,2015/09/25,Unknown,MUD CREEK CRES btwn CANYON WALK DR & CANYON WALK DR (__4O3K0E),__4O3K0E,01 - Non intersection,03 - P.D. only,06 - SMV unattended vehicle,01 - Clear,00 - Unknown,01 - Dry,10 - No control,,1,0,0,0,,0,,,,,368842.6119,5016636.89,45.28676889,-75.68359508,1391
15--11304,2015/09/25,Unknown,BRIDGESTONE DR/STEEPLE CHASE DR @ STONEHAVEN D (0002781),2781,02 - Intersection related,03 - P.D. only,07 - SMV other,01 - Clear,00 - Unknown,01 - Dry,11 - Roundabout,01 - Functioning,1,0,0,0,,0,,,,,355104.9114,5016984.087,45.29101055,-75.85867335,1392
15--11305,2015/09/25,12:09 PM,LOVITT RD @ RICHMOND RD (0002050),2050,02 - Intersection related,02 - Non-fatal injury,07 - SMV other,01 - Clear,01 - Daylight,01 - Dry,02 - Stop sign,01 - Functioning,1,0,0,1,02 - Minor,1,,1,,,359667.2034,5023803.056,45.35202656,-75.79975838,1393
15--11306,2015/09/25,12:22 PM,BANK ST @ WILTON CRES (0007712),7712,03 - At intersection,02 - Non-fatal injury,05 - Turning movement,01 - Clear,01 - Daylight,01 - Dry,02 - Stop sign,01 - Functioning,2,1,0,0,01 - Minimal,1,1,,,,368577.7102,5028966.186,45.39772922,-75.68538218,1394
15--11307,2015/09/25,12:30 PM,METCALFE ST @ WAVERLEY ST (0007285),7285,03 - At intersection,02 - Non-fatal injury,02 - Angle,01 - Clear,01 - Daylight,01 - Dry,02 - Stop sign,01 - Functioning,2,1,0,0,01 - Minimal,1,1,,,,368161.7145,5030858.087,45.41478971,-75.69045194,1395
15--11308,2015/09/25,2:30 PM,MERIVALE RD @ CAPILANO DR/WITHROW AVE (0009820),9820,02 - Intersection related,03 - P.D. only,03 - Rear end,01 - Clear,01 - Daylight,01 - Dry,01 - Traffic signal,01 - Functioning,3,0,0,0,,0,,,,,364641.1677,5024228.039,45.3554437,-75.73623225,1396
15--11309,2015/09/25,2:30 PM,SPRINGFIELD RD btwn THOROLD RD & HILLCREST RD (__3ZA84U),__3ZA84U,01 - Non intersection,03 - P.D. only,04 - Sideswipe,01 - Clear,01 - Daylight,01 - Dry,10 - No control,,2,0,0,0,,0,,,,,368958.4693,5035150.462,45.45333826,-75.67971379,1397
15--1131,2015/01/17,5:35 AM,MEADOWLANDS DR btwn TURN LANE & SULLIVAN AVE (__3ZA3GE),__3ZA3GE,01 - Non intersection,02 - Non-fatal injury,07 - SMV other,01 - Clear,07 - Dark,06 - Ice,10 - No control,,1,0,0,0,01 - Minimal,1,1,,,,363145.3643,5022779.169,45.34253295,-75.75549286,1398
15--11310,2015/09/25,3:03 PM,CONROY RD @ WALKLEY RD (0002648),2648,02 - Intersection related,03 - P.D. only,04 - Sideswipe,01 - Clear,01 - Daylight,01 - Dry,01 - Traffic signal,01 - Functioning,2,0,0,0,,0,,,,,372903.7226,5027464.013,45.38380589,-75.63034056,1399
15--11311,2015/09/25,3:50 PM,HIGHWAY 417 btwn HWY417 IC126 RAMP61 & HWY417 IC124 RAMP76 (__3ZA2Y2),__3ZA2Y2,01 - Non intersection,03 - P.D. only,03 - Rear end,01 - Clear,01 - Daylight,01 - Dry,10 - No control,,2,0,0,0,,0,,,,,363670.293,5026532.707,45.37626299,-75.74834809,1400
15--11312,2015/09/25,4:24 PM,BELFAST RD btwn ST. LAURENT BLVD & TRIOLE ST (__3ZA791),__3ZA791,04 - At/near private drive,03 - P.D. only,02 - Angle,01 - Clear,01 - Daylight,01 - Dry,10 - No control,,2,0,0,0,,0,,,,,372875.8592,5030584.688,45.41188706,-75.63026564,1401
15--11313,2015/09/25,4:42 PM,COVENTRY RD @ 230 W OF ST. LAURENT BLVD/ST. LA (0008535),8535,03 - At intersection,03 - P.D. only,05 - Turning movement,01 - Clear,01 - Daylight,01 - Dry,01 - Traffic signal,01 - Functioning,2,0,0,0,,0,,,,,372081.18,5031934.571,45.42410955,-75.64023296,1402
15--11314,2015/09/25,4:43 PM,AGES DR @ HAWTHORNE RD (0006397),6397,02 - Intersection related,03 - P.D. only,03 - Rear end,01 - Clear,01 - Daylight,01 - Dry,01 - Traffic signal,01 - Functioning,2,0,0,0,,0,,,,,374973.1826,5027716.455,45.38587299,-75.60388163,1403
15--11315,2015/09/25,4:51 PM,GREENBANK RD @ WEST HUNT CLUB RD (0005167),5167,02 - Intersection related,03 - P.D. only,04 - Sideswipe,01 - Clear,01 - Daylight,01 - Dry,01 - Traffic signal,01 - Functioning,2,0,0,0,,0,,,,,361481.1184,5020501.398,45.32217405,-75.77698833,1404
15--11316,2015/09/25,5:05 AM,GEORGE ST btwn DALHOUSIE ST & CUMBERLAND ST (__3ZA81O),__3ZA81O,01 - Non intersection,02 - Non-fatal injury,07 - SMV other,01 - Clear,07 - Dark,01 - Dry,10 - No control,,1,0,0,1,01 - Minimal,1,1,,,,368239.1243,5032365.46,45.42834552,-75.6892689,1405
15--11317,2015/09/25,5:13 PM,MACDONALD-CARTIER BR btwn RAMP & END (1) (__3ZA1QK),__3ZA1QK,07 - Overpass or bridge,03 - P.D. only,03 - Rear end,01 - Clear,01 - Daylight,01 - Dry,10 - No control,,3,0,0,0,,0,,,,,367358.6199,5033249.245,45.43637683,-75.70040806,1406