Anom_ID,Accident_Date,Accident_Time,Location,Geo_ID,Accident_Location,Classification_of_Accident,Initial_Impact_Type,Environment_Condition,Light,Road_Surface_Condition,Traffic_Control,Traffic_Control_Condition,No__of_Vehicles,No__of_Bicycles,No__of_Motorcycles,No__of_Pedestrians,Max_Injury,No__of_Injuries,No__of_Minimal,No__of_Minor,No__of_Major,No__of_Fatal,X,Y,Latitude,Longitude,ObjectId
15--11318,2015/09/25,5:26 PM,FALLOWFIELD RD @ VIA PARK PL/275 W OF WOODROFFE AVE (0010154),10154,02 - Intersection related,03 - P.D. only,03 - Rear end,01 - Clear,01 - Daylight,01 - Dry,01 - Traffic signal,01 - Functioning,3,0,0,0,,0,,,,,364846.5166,5017765.661,45.29727828,-75.7343953,1407
15--11319,2015/09/25,5:44 PM,TRIM RD @ DAIRY DR/TAYLOR CREEK DR (0012921),12921,03 - At intersection,03 - P.D. only,04 - Sideswipe,01 - Clear,01 - Daylight,01 - Dry,11 - Roundabout,01 - Functioning,2,0,0,0,,0,,,,,384535.2182,5039597.066,45.49174093,-75.47986723,1408
15--1132,2015/01/17,5:52 AM,FALLOWFIELD RD @ MERIVALE RD (0000587),587,02 - Intersection related,03 - P.D. only,03 - Rear end,01 - Clear,07 - Dark,05 - Packed snow,01 - Traffic signal,01 - Functioning,2,0,0,0,,0,,,,,366890.7487,5018842.06,45.30678592,-75.70819859,1409
15--11320,2015/09/25,6:00 PM,HIGHWAY 417 btwn HWY417 IC124 RAMP67 & HWY417 IC123 RAMP62 (__3ZA2YZ),__3ZA2YZ,01 - Non intersection,02 - Non-fatal injury,03 - Rear end,01 - Clear,01 - Daylight,01 - Dry,10 - No control,,2,0,0,0,01 - Minimal,1,1,,,,364783.6683,5028085.639,45.39014155,-75.73394516,1410
15--11321,2015/09/25,6:20 AM,HWY 417 VANIER IC117R63 @ VANIER PKWY (0002101),2101,02 - Intersection related,03 - P.D. only,03 - Rear end,01 - Clear,03 - Dawn,01 - Dry,01 - Traffic signal,01 - Functioning,2,0,0,0,,0,,,,,370799.309,5031398.47,45.41940805,-75.65668364,1411
15--11322,2015/09/25,6:54 AM,PRINCE OF WALES DR @ RIDEAU HEIGHTS DR/WELLSME (0009786),9786,02 - Intersection related,03 - P.D. only,01 - Approaching,01 - Clear,01 - Daylight,01 - Dry,02 - Stop sign,00 - Unknown,2,0,0,0,,0,,,,,367388.0964,5022361.648,45.33841047,-75.70141205,1412
15--11323,2015/09/25,7:02 PM,ST. LAURENT BLVD btwn HWY417 IC115 RAMP36 & TRANSIT (__3ZA1KA),__3ZA1KA,01 - Non intersection,03 - P.D. only,03 - Rear end,01 - Clear,05 - Dusk,01 - Dry,10 - No control,,2,0,0,0,,0,,,,,372426.6602,5031666.237,45.42166189,-75.6358555,1413
15--11324,2015/09/25,7:15 AM,HOPE SIDE RD @ RICHMOND RD (0000581),581,02 - Intersection related,03 - P.D. only,05 - Turning movement,01 - Clear,01 - Daylight,01 - Dry,02 - Stop sign,00 - Unknown,2,0,0,0,,0,,,,,356952.6366,5015483.633,45.27737452,-75.83527636,1414
15--11325,2015/09/25,7:23 PM,FALLOWFIELD RD btwn HWY416 IC66 RAMP62 & STRANDHERD DR (__3ZAZYX),__3ZAZYX,01 - Non intersection,03 - P.D. only,04 - Sideswipe,01 - Clear,07 - Dark,01 - Dry,10 - No control,,2,0,0,0,,0,,,,,360527.2033,5014922.334,45.27204966,-75.78978229,1415
15--11326,2015/09/25,7:37 PM,BANK ST @ CLEMOW AVE (0007714),7714,02 - Intersection related,03 - P.D. only,03 - Rear end,01 - Clear,07 - Dark,01 - Dry,02 - Stop sign,01 - Functioning,2,0,0,0,,0,,,,,368207.1524,5029865.203,45.40585195,-75.68999917,1416
15--11327,2015/09/25,8:17 AM,BRIAN COBURN BLVD @ PORTOBELLO BLVD (0013015),13015,02 - Intersection related,02 - Non-fatal injury,03 - Rear end,01 - Clear,01 - Daylight,01 - Dry,02 - Stop sign,01 - Functioning,2,0,0,0,01 - Minimal,1,1,,,,385750.8946,5035488.727,45.45463823,-75.46499328,1417
15--11328,2015/09/25,8:30 AM,WEST HUNT CLUB RD @ ANTARES DR/LASER ST (0000116),116,02 - Intersection related,03 - P.D. only,04 - Sideswipe,01 - Clear,01 - Daylight,01 - Dry,01 - Traffic signal,02 - Not functioning,2,0,0,0,,0,,,,,367107.7113,5022081.141,45.33591147,-75.70502457,1418
15--11329,2015/09/25,9:15 PM,HOLLAND AVE @ ISLAND PARK DR/N.C.C. DRIVEWAY (0010787),10787,02 - Intersection related,03 - P.D. only,02 - Angle,01 - Clear,07 - Dark,01 - Dry,01 - Traffic signal,01 - Functioning,2,0,0,0,,0,,,,,365425.6976,5027917.895,45.38857695,-75.72576712,1419
15--1133,2015/01/17,6:14 PM,MAPLE GROVE RD @ TERRY FOX DR (0003177),3177,02 - Intersection related,03 - P.D. only,03 - Rear end,03 - Snow,07 - Dark,05 - Packed snow,01 - Traffic signal,01 - Functioning,2,0,0,0,,0,,,,,351553.6086,5017863.983,45.29917334,-75.90386265,1420
15--11330,2015/09/25,9:32 AM,BLAIR RD @ OGILVIE RD (0004120),4120,02 - Intersection related,03 - P.D. only,03 - Rear end,01 - Clear,01 - Daylight,01 - Dry,01 - Traffic signal,01 - Functioning,2,0,0,0,,0,,,,,374505.5615,5033198.935,45.43524823,-75.60907721,1421
15--11331,2015/09/26,1:30 PM,CORONATION AVE @ RUSSELL RD (0008408),8408,02 - Intersection related,03 - P.D. only,07 - SMV other,01 - Clear,01 - Daylight,01 - Dry,02 - Stop sign,01 - Functioning,1,0,0,0,,0,,,,,372437.7338,5030196.195,45.40843405,-75.63591578,1422
15--11332,2015/09/26,1:46 PM,FISHER AVE @ TRENT ST (0006970),6970,02 - Intersection related,03 - P.D. only,03 - Rear end,01 - Clear,01 - Daylight,01 - Dry,01 - Traffic signal,01 - Functioning,2,0,0,0,,0,,,,,365784.4201,5026928.179,45.37964055,-75.72130868,1423
15--11333,2015/09/26,10:39 AM,HAWTHORNE RD @ RUSSELL RD (0006430),6430,03 - At intersection,02 - Non-fatal injury,05 - Turning movement,01 - Clear,01 - Daylight,01 - Dry,01 - Traffic signal,01 - Functioning,2,0,0,0,01 - Minimal,1,1,,,,374834.3015,5028069.621,45.38906451,-75.60560482,1424
15--11334,2015/09/26,10:49 PM,COLONIAL RD btwn LAFLEUR RD & BIRCHGROVE RD (__3ZA3KP),__3ZA3KP,01 - Non intersection,03 - P.D. only,07 - SMV other,01 - Clear,07 - Dark,01 - Dry,10 - No control,,1,0,0,0,,0,,,,,397193.3435,5034984.232,45.44868032,-75.31881867,1425
15--11335,2015/09/26,11:23 AM,GRANT ST btwn PARKDALE AVE & MCCORMICK ST (__3ZA0XD),__3ZA0XD,04 - At/near private drive,03 - P.D. only,06 - SMV unattended vehicle,01 - Clear,01 - Daylight,01 - Dry,10 - No control,,1,0,0,0,,0,,,,,365145.2012,5029362.868,45.40160273,-75.72917218,1426
15--11336,2015/09/26,Unknown,JACKMAN TER btwn AIRD PL & AIRD PL (__3ZA50U),__3ZA50U,01 - Non intersection,03 - P.D. only,06 - SMV unattended vehicle,01 - Clear,00 - Unknown,01 - Dry,10 - No control,,1,0,0,0,,0,,,,,351997.6955,5019080.061,45.31008621,-75.89808479,1427
15--11337,2015/09/26,Unknown,FOURTH AVE btwn LYON ST S & BANK ST (__3ZA92L),__3ZA92L,01 - Non intersection,03 - P.D. only,06 - SMV unattended vehicle,01 - Clear,07 - Dark,01 - Dry,10 - No control,,1,0,0,0,,0,,,,,368266.41,5029418.958,45.40183141,-75.68929969,1428
15--11338,2015/09/26,12:30 AM,HIGHWAY 416 btwn HWY416 IC66 RAMP52 & HWY416 IC66 RAMP24 (__3ZAZMW),__3ZAZMW,01 - Non intersection,03 - P.D. only,07 - SMV other,01 - Clear,07 - Dark,01 - Dry,10 - No control,,1,0,0,0,,0,,,,,360133.2278,5014682.37,45.26992155,-75.79482968,1429
15--11339,2015/09/26,12:31 AM,PRINCE OF WALES DR @ STRANDHERD DR (0013339),13339,02 - Intersection related,02 - Non-fatal injury,03 - Rear end,01 - Clear,07 - Dark,01 - Dry,01 - Traffic signal,01 - Functioning,3,0,0,0,02 - Minor,1,,1,,,367174.5691,5014823.11,45.27059866,-75.70508487,1430
15--1162,2015/01/18,2:31 AM,BASELINE RD @ MERIVALE RD (0002342),2342,03 - At intersection,03 - P.D. only,02 - Angle,01 - Clear,07 - Dark,01 - Dry,01 - Traffic signal,01 - Functioning,2,0,0,0,,0,,,,,365056.6241,5025324.069,45.36527002,-75.73079653,1431
15--10982,2015/09/16,5:30 PM,ORLEANS BLVD @ ST. JOSEPH BLVD (0004144),4144,02 - Intersection related,03 - P.D. only,03 - Rear end,01 - Clear,01 - Daylight,01 - Dry,01 - Traffic signal,01 - Functioning,3,0,0,0,,0,,,,,380631.7377,5036979.509,45.46862538,-75.53020513,1432
15--11162,2015/09/21,7:08 AM,BANK ST @ SNAKE ISLAND RD/VICTORIA ST (0001080),1080,02 - Intersection related,03 - P.D. only,03 - Rear end,01 - Clear,01 - Daylight,01 - Dry,01 - Traffic signal,01 - Functioning,3,0,0,0,,0,,,,,383697.509,5010121.767,45.22663904,-75.49528812,1433
15--11620,2015/10/02,8:38 AM,IONA ST btwn BROADHEAD AVE & BEVAN AVE (__3ZA095),__3ZA095,01 - Non intersection,03 - P.D. only,06 - SMV unattended vehicle,01 - Clear,01 - Daylight,01 - Dry,10 - No control,,1,0,0,0,,0,,,,,363876.4836,5028067.027,45.3900512,-75.74553208,1434
15--10983,2015/09/16,5:30 PM,HIGHWAY 417 btwn HWY417 IC118 RAMP35 & HWY417 IC117 RAMP51 (__3ZA2YP),__3ZA2YP,01 - Non intersection,03 - P.D. only,03 - Rear end,01 - Clear,01 - Daylight,01 - Dry,10 - No control,,2,0,0,0,,0,,,,,370204.2442,5031103.273,45.41680787,-75.66432554,1435
15--11438,2015/09/29,1:27 PM,CONROY RD @ HUNT CLUB RD (0002257),2257,02 - Intersection related,03 - P.D. only,03 - Rear end,02 - Rain,01 - Daylight,02 - Wet,01 - Traffic signal,01 - Functioning,2,0,0,0,,0,,,,,373763.74,5025403.442,45.36518162,-75.61964748,1436
15--11343,2015/09/26,2:15 PM,HIGHWAY 417 btwn HWY417 IC124 RAMP65 & HWY417 IC122 RAMP51 (__3ZA2R8),__3ZA2R8,01 - Non intersection,03 - P.D. only,03 - Rear end,01 - Clear,01 - Daylight,01 - Dry,10 - No control,,2,0,0,0,,0,,,,,365141.7584,5028687.545,45.39552662,-75.72929877,1437
15--11163,2015/09/21,7:43 PM,PLACE D'ORLEANS @ CENTRUM BLVD/PLACE D'ORLEANS (0004167),4167,03 - At intersection,03 - P.D. only,05 - Turning movement,01 - Clear,05 - Dusk,01 - Dry,01 - Traffic signal,01 - Functioning,2,0,0,0,,0,,,,,381961.9887,5038140.049,45.47892122,-75.51301311,1438
15--11621,2015/10/02,8:41 PM,INNES RD @ ORCHARDVIEW AVE/ESPRIT DR (0012279),12279,03 - At intersection,03 - P.D. only,05 - Turning movement,01 - Clear,07 - Dark,01 - Dry,01 - Traffic signal,01 - Functioning,2,0,0,0,,0,,,,,384844.0439,5036560.199,45.46438279,-75.47641161,1439
15--10984,2015/09/16,5:30 PM,HIGHWAY 417 btwn HWY417 IC117 RAMP51 & HWY417 IC117 RAMP35 (__3ZA2YN),__3ZA2YN,01 - Non intersection,03 - P.D. only,04 - Sideswipe,01 - Clear,01 - Daylight,01 - Dry,10 - No control,,2,0,0,0,,0,,,,,370768.8651,5031184.139,45.41748246,-75.65710129,1440
15--11439,2015/09/29,1:50 PM,RIOCAN AVE @ STRANDHERD DR (0010997),10997,02 - Intersection related,03 - P.D. only,03 - Rear end,02 - Rain,01 - Daylight,02 - Wet,01 - Traffic signal,01 - Functioning,3,0,0,0,,0,,,,,364171.5616,5014945.018,45.27195553,-75.74333784,1441
15--11164,2015/09/21,8:03 AM,REGIONAL ROAD 174 btwn OR174 IC112 RAMP26 & OR174 IC112 RAMP61 (__3ZA2XF),__3ZA2XF,01 - Non intersection,03 - P.D. only,03 - Rear end,01 - Clear,01 - Daylight,01 - Dry,10 - No control,,2,0,0,0,,0,,,,,375103.991,5033075.108,45.4340742,-75.60144717,1442
15--11344,2015/09/26,2:23 PM,GREENBANK RD @ WEST HUNT CLUB RD (0005167),5167,02 - Intersection related,03 - P.D. only,03 - Rear end,01 - Clear,01 - Daylight,01 - Dry,01 - Traffic signal,01 - Functioning,2,0,0,0,,0,,,,,361478.9563,5020502.84,45.3221872,-75.77701574,1443
15--11622,2015/10/02,8:50 AM,HIGHWAY 417 btwn HWY417 IC117 RAMP26 & HWY417 IC117 RAMP61 (__3ZA2YM),__3ZA2YM,01 - Non intersection,03 - P.D. only,03 - Rear end,01 - Clear,01 - Daylight,01 - Dry,10 - No control,,2,0,0,0,,0,,,,,370917.6016,5031258.507,45.41813756,-75.65519108,1444
15--10985,2015/09/16,5:47 PM,ELGIN ST @ NEPEAN ST (0006946),6946,02 - Intersection related,03 - P.D. only,03 - Rear end,01 - Clear,01 - Daylight,01 - Dry,01 - Traffic signal,01 - Functioning,2,0,0,0,,0,,,,,368029.7084,5031410.491,45.419772,-75.69206748,1445
15--1144,2015/01/17,8:55 AM,GREENBANK RD btwn JOCKVALE RD & CAMBRIAN RD (__3ZA2WE),__3ZA2WE,01 - Non intersection,03 - P.D. only,01 - Approaching,01 - Clear,01 - Daylight,02 - Wet,10 - No control,,2,0,0,0,,0,,,,,364495.8858,5013501.293,45.25893741,-75.73937836,1446
15--11165,2015/09/21,8:08 AM,LIMEBANK RD/RIVERSIDE DR @ RIVER RD (0013336),13336,02 - Intersection related,02 - Non-fatal injury,03 - Rear end,01 - Clear,01 - Daylight,01 - Dry,01 - Traffic signal,01 - Functioning,4,0,0,0,01 - Minimal,1,1,,,,368403.2763,5020477.672,45.32136753,-75.68870229,1447
15--11345,2015/09/26,2:28 PM,HIGHWAY 417 btwn HWY417 IC122 RAMP51 & HWY417 IC122 RAMP15 (__3ZA2R0),__3ZA2R0,01 - Non intersection,02 - Non-fatal injury,03 - Rear end,01 - Clear,01 - Daylight,01 - Dry,10 - No control,,2,0,0,0,02 - Minor,1,,1,,,365337.4262,5028875.993,45.39720534,-75.72677675,1448
15--11623,2015/10/02,9:25 AM,COLONEL BY DR @ HOG'S BACK RD (0002635),2635,02 - Intersection related,02 - Non-fatal injury,04 - Sideswipe,01 - Clear,01 - Daylight,01 - Dry,01 - Traffic signal,01 - Functioning,4,0,0,0,02 - Minor,1,,1,,,367603.4314,5025872.816,45.36998396,-75.69821874,1449
15--10986,2015/09/16,5:50 PM,EAGLESON RD @ FALLOWFIELD RD (0000118),118,03 - At intersection,03 - P.D. only,02 - Angle,01 - Clear,01 - Daylight,01 - Dry,01 - Traffic signal,01 - Functioning,2,0,0,0,,0,,,,,355960.9134,5012595.487,45.2514592,-75.84821323,1450
15--10987,2015/09/16,6:25 AM,PESKETT RD btwn HOWIE RD & END (__3ZA1PD),__3ZA1PD,01 - Non intersection,03 - P.D. only,07 - SMV other,01 - Clear,03 - Dawn,01 - Dry,10 - No control,,1,0,0,0,,0,,,,,339226.3557,5014951.893,45.2736811,-76.06123933,1451
15--10988,2015/09/16,6:59 PM,KING EDWARD AVE @ STEWART ST (0007754),7754,03 - At intersection,03 - P.D. only,05 - Turning movement,01 - Clear,01 - Daylight,01 - Dry,01 - Traffic signal,01 - Functioning,2,0,0,0,,0,,,,,368634.7144,5032205.097,45.42686664,-75.68423469,1452
15--10989,2015/09/16,7:20 AM,LEITRIM RD @ ALBION RD (0012479),12479,02 - Intersection related,03 - P.D. only,04 - Sideswipe,01 - Clear,01 - Daylight,01 - Dry,01 - Traffic signal,01 - Functioning,2,0,0,0,,0,,,,,373499.0291,5020419.983,45.3203683,-75.62371828,1453
15--1099,2015/01/17,1:17 PM,ST. JOSEPH BLVD @ JEANNE D'ARC BLVD (0012421),12421,03 - At intersection,03 - P.D. only,04 - Sideswipe,01 - Clear,01 - Daylight,01 - Dry,11 - Roundabout,00 - Unknown,2,0,0,0,,0,,,,,379861.7064,5036470.135,45.4641256,-75.54012928,1454
15--10990,2015/09/16,7:30 AM,HIGHWAY 417 btwn HWY417 IC120A RAMP52 & HWY417 IC119B RAMP57 (__3ZA2R1),__3ZA2R1,01 - Non intersection,03 - P.D. only,03 - Rear end,01 - Clear,01 - Daylight,01 - Dry,10 - No control,,2,0,0,0,,0,,,,,368107.1079,5030213.577,45.40899556,-75.69123233,1455
15--10991,2015/09/16,7:30 AM,HIGHWAY 417 btwn HWY417 IC138 RAMP36 & HIGHWAY 417 (__3ZA29F),__3ZA29F,01 - Non intersection,03 - P.D. only,03 - Rear end,01 - Clear,01 - Daylight,01 - Dry,10 - No control,,2,0,0,0,,0,,,,,352894.9428,5020227.506,45.32035029,-75.88653139,1456
15--10992,2015/09/16,7:31 AM,ST. JOSEPH BLVD @ JEANNE D'ARC BLVD (0012421),12421,02 - Intersection related,03 - P.D. only,03 - Rear end,01 - Clear,01 - Daylight,01 - Dry,11 - Roundabout,01 - Functioning,2,0,0,0,,0,,,,,379863.6341,5036471.099,45.46413407,-75.54010448,1457
15--10993,2015/09/16,8:19 AM,275 E OF HAWTHORNE RD/OC TRANSPO TURNAROUND @ HUNT CLUB RD (0016285),16285,03 - At intersection,02 - Non-fatal injury,02 - Angle,01 - Clear,01 - Daylight,01 - Dry,01 - Traffic signal,01 - Functioning,2,0,0,0,02 - Minor,1,,1,,,375721.2322,5026539.337,45.37520653,-75.59449924,1458
15--10994,2015/09/16,8:23 PM,BEARHILL RD @ MARCH RD (0005738),5738,03 - At intersection,02 - Non-fatal injury,03 - Rear end,01 - Clear,07 - Dark,01 - Dry,02 - Stop sign,01 - Functioning,2,0,0,0,02 - Minor,1,,1,,,338157.7732,5017980.486,45.30098547,-76.0746543,1459
15--10995,2015/09/16,8:30 AM,HWY417 IC138 RAMP61 btwn HWY417 IC138 RAMP62 & HIGHWAY 417 (__3ZAYB2),__3ZAYB2,01 - Non intersection,03 - P.D. only,03 - Rear end,01 - Clear,01 - Daylight,01 - Dry,10 - No control,,3,0,0,0,,0,,,,,353375.8093,5020529.311,45.32303288,-75.88036852,1460
15--10996,2015/09/16,8:32 PM,BANK ST @ LAURIER AVE (0002221),2221,02 - Intersection related,03 - P.D. only,02 - Angle,01 - Clear,07 - Dark,01 - Dry,01 - Traffic signal,01 - Functioning,2,0,0,0,,0,,,,,367479.2589,5031266.669,45.41852747,-75.69911858,1461
15--10997,2015/09/16,9:09 AM,MONTREAL RD btwn BURMA RD & MONTREAL RD (__3ZA2D6),__3ZA2D6,01 - Non intersection,03 - P.D. only,04 - Sideswipe,01 - Clear,01 - Daylight,01 - Dry,10 - No control,,2,0,0,0,,0,,,,,373324.9026,5034509.745,45.44715891,-75.62398318,1462
15--10998,2015/09/17,1:06 PM,HAWTHORNE RD @ HUNT CLUB RD (0007651),7651,02 - Intersection related,03 - P.D. only,03 - Rear end,01 - Clear,01 - Daylight,01 - Dry,01 - Traffic signal,01 - Functioning,2,0,0,0,,0,,,,,375508.7138,5026405.083,45.37402006,-75.5972315,1463
15--10999,2015/09/17,1:18 PM,ST. LAURENT BLVD @ WALKLEY RD (0007653),7653,03 - At intersection,03 - P.D. only,02 - Angle,01 - Clear,01 - Daylight,01 - Dry,01 - Traffic signal,01 - Functioning,2,0,0,0,,0,,,,,373901.3087,5028045.774,45.38894262,-75.61752181,1464
15--110,2015/01/03,8:10 PM,MERIVALE RD btwn OT/NE BOUNDARY & MERIVALE RD (__3ZA1DA),__3ZA1DA,01 - Non intersection,03 - P.D. only,04 - Sideswipe,03 - Snow,07 - Dark,03 - Loose snow,10 - No control,,2,0,0,0,,0,,,,,365009.3189,5025241.218,45.36452861,-75.73141044,1465
15--1100,2015/01/17,1:22 PM,EARL MULLIGAN DR @ WOODROFFE AVE (0000591),591,02 - Intersection related,03 - P.D. only,03 - Rear end,01 - Clear,01 - Daylight,01 - Dry,01 - Traffic signal,01 - Functioning,3,0,0,0,,0,,,,,365249.7373,5017506.942,45.29491577,-75.72928616,1466
15--11000,2015/09/17,1:55 PM,BOOTH ST btwn MIDDLE ST & VIMY PLACE PRIV (__5VHJ3U),__5VHJ3U,01 - Non intersection,03 - P.D. only,03 - Rear end,01 - Clear,01 - Daylight,01 - Dry,10 - No control,,3,0,0,0,,0,,,,,366157.9394,5031233.121,45.41834274,-75.71600425,1467
15--11001,2015/09/17,11:32 AM,LAFONTAINE AVE @ MCARTHUR AVE (0009806),9806,03 - At intersection,03 - P.D. only,05 - Turning movement,01 - Clear,01 - Daylight,01 - Dry,01 - Traffic signal,01 - Functioning,2,0,0,0,,0,,,,,370948.9916,5032771.213,45.43174527,-75.6545869,1468
15--11002,2015/09/17,11:51 AM,210 W OF MERIVALE RD @ WEST HUNT CLUB RD (0004688),4688,02 - Intersection related,03 - P.D. only,03 - Rear end,01 - Clear,01 - Daylight,01 - Dry,01 - Traffic signal,01 - Functioning,2,0,0,0,,0,,,,,365431.736,5021828.71,45.33378696,-75.72643705,1469
15--11003,2015/09/17,Unknown,HEATH ST btwn NORWOOD AVE & LOGAN AVE (__3ZBOSC),__3ZBOSC,01 - Non intersection,03 - P.D. only,06 - SMV unattended vehicle,01 - Clear,00 - Unknown,01 - Dry,10 - No control,,1,0,0,0,,0,,,,,370232.2465,5028949.556,45.39742692,-75.66425362,1470
15--11004,2015/09/17,Unknown,BANK ST btwn STRATHCONA AVE & PATTERSON AVE (__3ZA3OF),__3ZA3OF,01 - Non intersection,03 - P.D. only,06 - SMV unattended vehicle,01 - Clear,00 - Unknown,01 - Dry,10 - No control,,1,0,0,0,,0,,,,,368148.7799,5030004.385,45.40710955,-75.6907269,1471
15--11005,2015/09/17,Unknown,MALAK ST btwn BLOHM DR & BRADLEY COLE PRIV (__3ZA8M4),__3ZA8M4,01 - Non intersection,03 - P.D. only,06 - SMV unattended vehicle,01 - Clear,00 - Unknown,01 - Dry,10 - No control,,1,0,0,0,,0,,,,,374144.4378,5025744.86,45.368216,-75.61474037,1472
15--11006,2015/09/17,12:12 PM,EARL ARMSTRONG RD @ PARK N RIDE/295 E OF RIVER RD (0013525),13525,02 - Intersection related,02 - Non-fatal injury,03 - Rear end,01 - Clear,01 - Daylight,01 - Dry,01 - Traffic signal,01 - Functioning,2,0,0,0,01 - Minimal,2,2,,,,367882.9291,5014698.176,45.26941133,-75.69607413,1473
15--11007,2015/09/17,12:47 PM,FRIEL ST @ RIDEAU ST (0011917),11917,02 - Intersection related,03 - P.D. only,04 - Sideswipe,01 - Clear,01 - Daylight,01 - Dry,01 - Traffic signal,01 - Functioning,2,0,0,0,,0,,,,,368770.7385,5032572.03,45.43015574,-75.68244891,1474
15--11008,2015/09/17,2:00 PM,BASELINE RD @ NAVAHO DR (0003158),3158,02 - Intersection related,03 - P.D. only,03 - Rear end,01 - Clear,01 - Daylight,01 - Dry,01 - Traffic signal,01 - Functioning,2,0,0,0,,0,,,,,363084.9687,5024096.062,45.35438726,-75.75610826,1475
15--11009,2015/09/17,2:15 PM,ST. LAURENT BLVD @ WALKLEY RD (0007653),7653,02 - Intersection related,03 - P.D. only,03 - Rear end,01 - Clear,01 - Daylight,01 - Dry,01 - Traffic signal,01 - Functioning,2,0,0,0,,0,,,,,373902.7501,5028047.215,45.38895544,-75.6175032,1476
15--1101,2015/01/17,1:46 PM,EARL MULLIGAN DR @ WOODROFFE AVE (0000591),591,02 - Intersection related,03 - P.D. only,03 - Rear end,01 - Clear,01 - Daylight,06 - Ice,01 - Traffic signal,01 - Functioning,2,0,0,0,,0,,,,,365249.7373,5017505.978,45.29490709,-75.72928628,1477
15--11010,2015/09/17,2:25 PM,EARL ARMSTRONG RD @ SPRATT RD (0013063),13063,02 - Intersection related,03 - P.D. only,03 - Rear end,01 - Clear,01 - Daylight,01 - Dry,01 - Traffic signal,01 - Functioning,2,0,0,0,,0,,,,,368396.7091,5015010.348,45.27217395,-75.68948722,1478
15--11011,2015/09/17,3:13 PM,ALBION RD @ BANK ST (0012409),12409,03 - At intersection,02 - Non-fatal injury,07 - SMV other,01 - Clear,01 - Daylight,01 - Dry,01 - Traffic signal,01 - Functioning,1,0,0,1,02 - Minor,1,,1,,,371946.0072,5024129.139,45.35389237,-75.64302211,1479
15--11012,2015/09/17,3:24 PM,WALKLEY RD btwn BAYCREST DR & HEATHERINGTON RD (__3ZA361),__3ZA361,01 - Non intersection,03 - P.D. only,06 - SMV unattended vehicle,01 - Clear,01 - Daylight,01 - Dry,10 - No control,,1,0,0,0,,0,,,,,371572.1733,5026677.647,45.37685865,-75.64744839,1480
15--11013,2015/09/17,3:41 PM,INDUSTRIAL AVE btwn RUSSELL RD & ST. LAURENT BLVD (__3ZA3R7),__3ZA3R7,04 - At/near private drive,03 - P.D. only,05 - Turning movement,01 - Clear,01 - Daylight,01 - Dry,10 - No control,,2,0,0,0,,0,,,,,372851.1987,5029955.142,45.40622509,-75.63066757,1481
15--11014,2015/09/17,4:00 PM,HAZELDEAN RD btwn EDGEWATER ST & YOUNG RD (__3ZA3DM),__3ZA3DM,04 - At/near private drive,03 - P.D. only,02 - Angle,01 - Clear,01 - Daylight,01 - Dry,10 - No control,,2,0,0,0,,0,,,,,352394.8104,5017414.209,45.29506967,-75.89318058,1482
15--11015,2015/09/17,4:23 PM,TERRY FOX DR btwn MARCH VALLEY RD & HERZBERG RD (__30XHE4),__30XHE4,01 - Non intersection,02 - Non-fatal injury,07 - SMV other,01 - Clear,01 - Daylight,01 - Dry,10 - No control,,1,0,1,0,03 - Major,1,,,1,,351071.2924,5023596.835,45.35079081,-75.90947642,1483
15--11016,2015/09/17,4:40 PM,HIGHWAY 417 btwn HWY417 IC119B RAMP57 & HWY417 IC119A RAMP75 (__3ZA1QN),__3ZA1QN,01 - Non intersection,03 - P.D. only,03 - Rear end,01 - Clear,01 - Daylight,01 - Dry,10 - No control,,2,0,0,0,,0,,,,,368298.4437,5030345.706,45.41016708,-75.68877119,1484
15--11017,2015/09/17,4:42 PM,CARLING AVE @ CIVIC HOSPITAL (0008793),8793,02 - Intersection related,03 - P.D. only,03 - Rear end,01 - Clear,01 - Daylight,01 - Dry,01 - Traffic signal,00 - Unknown,3,0,0,0,,0,,,,,365790.1681,5028277.696,45.39178271,-75.72106854,1485
15--11018,2015/09/17,4:49 PM,QUIGLEY HILL RD @ REGIONAL RD 174 (0012884),12884,02 - Intersection related,03 - P.D. only,03 - Rear end,01 - Clear,01 - Daylight,01 - Dry,02 - Stop sign,00 - Unknown,3,0,0,0,,0,,,,,388373.7666,5042394.654,45.51646132,-75.43028861,1486
15--11019,2015/09/17,5:03 PM,HIGHWAY 417 btwn HWY417 IC115 RAMP25 & REGIONAL ROAD 174 (__3ZA2RY),__3ZA2RY,01 - Non intersection,03 - P.D. only,04 - Sideswipe,01 - Clear,01 - Daylight,01 - Dry,10 - No control,,2,0,0,0,,0,,,,,373279.3791,5031702.643,45.42190651,-75.62495553,1487
15--1102,2015/01/17,1:56 PM,BAYVIEW RD @ O'MEARA ST (0006507),6507,02 - Intersection related,03 - P.D. only,07 - SMV other,01 - Clear,01 - Daylight,05 - Packed snow,02 - Stop sign,01 - Functioning,1,0,0,0,,0,,,,,365617.266,5030026.102,45.4075295,-75.72306095,1488
15--11020,2015/09/17,5:04 PM,LEMIEUX ST @ ST. LAURENT BLVD (0002021),2021,02 - Intersection related,03 - P.D. only,03 - Rear end,01 - Clear,01 - Daylight,01 - Dry,01 - Traffic signal,00 - Unknown,2,0,0,0,,0,,,,,372391.7247,5031742.925,45.42235527,-75.63629134,1489