Anom_ID,Accident_Date,Accident_Time,Location,Geo_ID,Accident_Location,Classification_of_Accident,Initial_Impact_Type,Environment_Condition,Light,Road_Surface_Condition,Traffic_Control,Traffic_Control_Condition,No__of_Vehicles,No__of_Bicycles,No__of_Motorcycles,No__of_Pedestrians,Max_Injury,No__of_Injuries,No__of_Minimal,No__of_Minor,No__of_Major,No__of_Fatal,X,Y,Latitude,Longitude,ObjectId
15--11021,2015/09/17,5:37 PM,RIDEAU ST btwn KING EDWARD AVE & NELSON ST (__3ZA3VG),__3ZA3VG,01 - Non intersection,02 - Non-fatal injury,07 - SMV other,01 - Clear,01 - Daylight,01 - Dry,10 - No control,,1,0,0,0,02 - Minor,4,,4,,,368529.7252,5032422.598,45.42883321,-75.6855481,1490
15--11022,2015/09/17,6:56 PM,ALBION RD @ RIDEAU RD (0009356),9356,03 - At intersection,03 - P.D. only,02 - Angle,01 - Clear,05 - Dusk,01 - Dry,01 - Traffic signal,01 - Functioning,2,0,0,0,,0,,,,,375092.7522,5016674.82,45.2865129,-75.60392328,1491
15--11023,2015/09/17,7:13 PM,LYON ST @ WELLINGTON ST (0002388),2388,03 - At intersection,03 - P.D. only,05 - Turning movement,01 - Clear,05 - Dusk,01 - Dry,01 - Traffic signal,01 - Functioning,2,0,1,0,,0,,,,,366936.7124,5031426.526,45.42001421,-75.70603011,1492
15--11024,2015/09/17,7:15 AM,HIGHWAY 417 btwn HWY417 IC127 RAMP63 & HWY417 IC127 RAMP67 (__3ZA2RF),__3ZA2RF,01 - Non intersection,03 - P.D. only,07 - SMV other,01 - Clear,01 - Daylight,01 - Dry,10 - No control,,1,0,0,0,,0,,,,,362156.3331,5024875.98,45.36148148,-75.76786897,1493
15--11025,2015/09/17,7:20 AM,HIGHWAY 417 btwn Continuation of HIGHWAY 417 & HWY417 IC134 RAMP51 (__3ZA29B),__3ZA29B,01 - Non intersection,03 - P.D. only,03 - Rear end,01 - Clear,01 - Daylight,01 - Dry,10 - No control,,3,0,0,0,,0,,,,,355464.6763,5021680.865,45.33324706,-75.85360682,1494
15--11026,2015/09/17,7:20 PM,VIEWMOUNT DR btwn GLENMANOR DR & MERIVALE RD (__3ZAASQ),__3ZAASQ,04 - At/near private drive,03 - P.D. only,05 - Turning movement,01 - Clear,07 - Dark,01 - Dry,10 - No control,,2,0,1,0,,0,,,,,365129.1188,5022913.315,45.34357218,-75.73016536,1495
15--11027,2015/09/17,7:42 AM,HIGHWAY 417 btwn HWY 417 ANDERSON IC104R61 & HWY 417 BOUNDARY IC96R16 (__3ZA2W5),__3ZA2W5,01 - Non intersection,03 - P.D. only,03 - Rear end,01 - Clear,01 - Daylight,01 - Dry,10 - No control,,2,0,0,0,,0,,,,,381597.8628,5025615.185,45.36627222,-75.51962251,1496
15--11028,2015/09/17,7:46 AM,HIGHWAY 417 btwn HWY 417 ANDERSON IC104R61 & HWY 417 BOUNDARY IC96R16 (__3ZA2W5),__3ZA2W5,01 - Non intersection,03 - P.D. only,03 - Rear end,01 - Clear,01 - Daylight,01 - Dry,10 - No control,,3,0,0,0,,0,,,,,383481.4172,5025384.052,45.36398375,-75.49561811,1497
15--11029,2015/09/17,8:07 AM,WOODROFFE AVE/HWY 417 WOODROFF IC127R25 @ HWY  (0002348),2348,02 - Intersection related,03 - P.D. only,03 - Rear end,01 - Clear,01 - Daylight,01 - Dry,01 - Traffic signal,01 - Functioning,2,0,0,0,,0,,,,,362181.4256,5024695.554,45.35985597,-75.76756965,1498
15--1103,2015/01/17,10:06 PM,DONALD ST @ FINDON GT (0009367),9367,03 - At intersection,03 - P.D. only,02 - Angle,01 - Clear,07 - Dark,02 - Wet,02 - Stop sign,01 - Functioning,2,0,0,0,,0,,,,,372422.6877,5032446.173,45.42867977,-75.63579919,1499
15--11030,2015/09/17,8:15 AM,HIGHWAY 417 btwn HWY417 IC96 RAMP61 & HWY417 IC88 RAMP16 (__3ZA27Z),__3ZA27Z,01 - Non intersection,02 - Non-fatal injury,03 - Rear end,01 - Clear,01 - Daylight,01 - Dry,10 - No control,,2,0,0,0,02 - Minor,1,,1,,,392399.4129,5022907.636,45.34064587,-75.38223775,1500
15--11031,2015/09/17,8:35 AM,HUNT CLUB RD btwn TURN LANE & TURN LANE (1) (__5AEE5B),__5AEE5B,01 - Non intersection,03 - P.D. only,03 - Rear end,01 - Clear,01 - Daylight,01 - Dry,10 - No control,,2,0,0,0,,0,,,,,371637.5653,5024177.587,45.35435776,-75.64695173,1501
15--11032,2015/09/17,8:50 AM,ELGIN ST btwn ARGYLE AVE & CATHERINE ST (__3ZBOE4),__3ZBOE4,04 - At/near private drive,02 - Non-fatal injury,07 - SMV other,01 - Clear,01 - Daylight,01 - Dry,10 - No control,,1,0,0,1,01 - Minimal,1,1,,,,368535.2523,5030605.136,45.41247982,-75.68571259,1502
15--11033,2015/09/17,9:16 AM,FOXFIELD DR btwn GREENBANK RD & KADEER WAY (__3ZABLL),__3ZABLL,04 - At/near private drive,03 - P.D. only,06 - SMV unattended vehicle,01 - Clear,01 - Daylight,01 - Dry,10 - No control,,1,0,0,0,,0,,,,,363319.8201,5016198.536,45.28330611,-75.75404417,1503
15--11034,2015/09/17,9:36 AM,ARGYLE AVE @ O'CONNOR ST (0007254),7254,03 - At intersection,02 - Non-fatal injury,02 - Angle,01 - Clear,01 - Daylight,01 - Dry,01 - Traffic signal,01 - Functioning,2,0,0,0,02 - Minor,1,,1,,,368183.9901,5030485.213,45.4114327,-75.69021531,1504
15--11035,2015/09/18,1:00 PM,BANK ST @ HERON RD (0002155),2155,02 - Intersection related,03 - P.D. only,03 - Rear end,01 - Clear,01 - Daylight,01 - Dry,01 - Traffic signal,01 - Functioning,2,0,0,0,,0,,,,,369996.442,5026851.542,45.3785717,-75.66754231,1505
15--11036,2015/09/18,1:12 PM,CYRVILLE RD btwn STAR TOP RD & MEADOWBROOK RD (__3ZA3SN),__3ZA3SN,01 - Non intersection,03 - P.D. only,07 - SMV other,01 - Clear,01 - Daylight,01 - Dry,10 - No control,,1,0,0,0,,0,,,,,374344.9306,5031328.965,45.41843923,-75.61139406,1506
15--11037,2015/09/18,1:15 PM,ST. LAURENT BLVD @ MCARTHUR AVE (0008246),8246,02 - Intersection related,02 - Non-fatal injury,03 - Rear end,01 - Clear,01 - Daylight,01 - Dry,01 - Traffic signal,01 - Functioning,2,0,0,0,01 - Minimal,1,1,,,,371920.9983,5032887.935,45.43270287,-75.64214971,1507
15--11038,2015/09/18,1:27 PM,HIGHWAY 417 btwn HWY417 IC130 RAMP35 & HWY417 IC130 RAMP25 (__3ZA298),__3ZA298,01 - Non intersection,02 - Non-fatal injury,07 - SMV other,01 - Clear,01 - Daylight,01 - Dry,10 - No control,,1,0,0,0,02 - Minor,1,,1,,,359263.7258,5023069.796,45.34546013,-75.80498812,1508
15--11039,2015/09/18,1:36 PM,VANIER PKWY/CRICHTON ST @ BEECHWOOD AVE/ST. PA (0001604),1604,02 - Intersection related,03 - P.D. only,03 - Rear end,01 - Clear,01 - Daylight,01 - Dry,01 - Traffic signal,01 - Functioning,2,0,0,0,,0,,,,,369128.2133,5033488.928,45.43837285,-75.67776102,1509
15--1104,2015/01/17,10:17 PM,ALLBIRCH RD btwn SHADY LANE & BISHOP DAVIS DR (__3ZAC7K),__3ZAC7K,01 - Non intersection,03 - P.D. only,07 - SMV other,01 - Clear,07 - Dark,05 - Packed snow,10 - No control,,1,0,0,0,,0,,,,,337419.5407,5038759.195,45.48799451,-76.08269339,1510
15--11040,2015/09/18,1:56 PM,TRAINYARDS DR @ RAILMARKET (0012246),12246,03 - At intersection,03 - P.D. only,02 - Angle,01 - Clear,01 - Daylight,01 - Dry,01 - Traffic signal,01 - Functioning,2,0,0,0,,0,,,,,371756.0814,5030716.603,45.413182,-75.64455234,1511
15--11041,2015/09/18,1:57 PM,BYRON AVE @ ROOSEVELT AVE (0002307),2307,03 - At intersection,02 - Non-fatal injury,05 - Turning movement,01 - Clear,01 - Daylight,01 - Dry,01 - Traffic signal,01 - Functioning,2,1,0,0,01 - Minimal,1,1,,,,363036.4101,5028061.909,45.39007551,-75.75626037,1512
15--11042,2015/09/18,10:10 PM,ROCKCLIFFE PKWY btwn PRINCESS AVE & BUENA VISTA RD (__3ZA8D1),__3ZA8D1,01 - Non intersection,03 - P.D. only,07 - SMV other,01 - Clear,07 - Dark,01 - Dry,10 - No control,,1,0,1,0,,0,,,,,368479.5984,5034767.613,45.44993734,-75.68588525,1513
15--11043,2015/09/18,10:20 AM,EASTWOOD PL @ MCARTHUR AVE (0004081),4081,02 - Intersection related,03 - P.D. only,99 - Other,01 - Clear,01 - Daylight,01 - Dry,02 - Stop sign,01 - Functioning,2,0,0,0,,0,,,,,371052.4992,5032783.138,45.43184277,-75.65326257,1514
15--11044,2015/09/18,10:25 PM,HUNT CLUB RD btwn PAUL ANKA DR & GIBFORD DR (__3ZAZYD),__3ZAZYD,01 - Non intersection,02 - Non-fatal injury,03 - Rear end,01 - Clear,07 - Dark,01 - Dry,10 - No control,,2,0,0,0,03 - Major,2,,1,1,,369944.9324,5022997.31,45.34389724,-75.66870798,1515
15--11045,2015/09/18,10:48 AM,ALBERT ST @ BANK ST (0002115),2115,03 - At intersection,03 - P.D. only,02 - Angle,01 - Clear,01 - Daylight,01 - Dry,01 - Traffic signal,01 - Functioning,2,0,0,0,,0,,,,,367384.9754,5031422.493,45.41993796,-75.70030337,1516
15--11046,2015/09/18,11:30 AM,ALBERT ST btwn BANK ST & O'CONNOR ST (__3ZA35O),__3ZA35O,04 - At/near private drive,02 - Non-fatal injury,04 - Sideswipe,01 - Clear,01 - Daylight,01 - Dry,10 - No control,,2,0,0,0,01 - Minimal,1,1,,,,367519.0294,5031508.979,45.42070413,-75.69857962,1517
15--11047,2015/09/18,Unknown,BRIGITTA ST btwn ROMINA ST & OPUS ST (__6OD787),__6OD787,01 - Non intersection,03 - P.D. only,06 - SMV unattended vehicle,01 - Clear,00 - Unknown,01 - Dry,10 - No control,,1,0,0,0,,0,,,,,354607.7319,5015331.05,45.27617157,-75.86517731,1518
15--11048,2015/09/18,Unknown,PAR-LA-VILLE CIRC btwn MENORCA DR & SANTA ANNA LANE N (__8AO8X7),__8AO8X7,01 - Non intersection,03 - P.D. only,06 - SMV unattended vehicle,01 - Clear,00 - Unknown,01 - Dry,10 - No control,,1,0,0,0,,0,,,,,350097.925,5016781.759,45.28953052,-75.9225214,1519
15--11049,2015/09/18,12:05 PM,HIGHWAY 417 btwn RAMP & HWY417 IC88 RAMP51 (__3ZA2W2),__3ZA2W2,01 - Non intersection,03 - P.D. only,07 - SMV other,01 - Clear,01 - Daylight,01 - Dry,10 - No control,,1,0,0,0,,0,,,,,392344.5392,5022880.199,45.34040587,-75.38294266,1520
15--1105,2015/01/17,10:20 AM,BANFF AVE @ KITCHENER AVE (0006621),6621,02 - Intersection related,03 - P.D. only,99 - Other,01 - Clear,01 - Daylight,01 - Dry,02 - Stop sign,01 - Functioning,2,0,0,0,,0,,,,,370724.6888,5025603.122,45.36727069,-75.65841136,1521
15--11050,2015/09/18,12:08 AM,HAZELDEAN RD @ CARBROOKE ST/IRWIN GATE (0003187),3187,02 - Intersection related,03 - P.D. only,04 - Sideswipe,01 - Clear,07 - Dark,01 - Dry,01 - Traffic signal,01 - Functioning,2,0,0,0,,0,,,,,353417.317,5018265.643,45.30266106,-75.8800612,1522
15--11051,2015/09/18,12:19 PM,CARLING AVE @ WOODROFFE AVE W (0011470),11470,02 - Intersection related,03 - P.D. only,03 - Rear end,01 - Clear,01 - Daylight,01 - Dry,01 - Traffic signal,01 - Functioning,3,0,0,0,,0,,,,,361769.1276,5025724.791,45.36915059,-75.77271323,1523
15--11052,2015/09/18,12:39 PM,ROTHWELL DR btwn GROUSE NEST & AUDUBON PL (__3ZA135),__3ZA135,01 - Non intersection,03 - P.D. only,01 - Approaching,01 - Clear,01 - Daylight,01 - Dry,10 - No control,,2,0,0,0,,0,,,,,373918.3693,5035432.977,45.4554072,-75.61626753,1524
15--11053,2015/09/18,12:41 PM,DALHOUSIE ST @ MURRAY ST (0008241),8241,03 - At intersection,03 - P.D. only,04 - Sideswipe,01 - Clear,01 - Daylight,01 - Dry,01 - Traffic signal,01 - Functioning,2,0,0,0,,0,,,,,367999.9784,5032573.234,45.43023665,-75.69229814,1525
15--11054,2015/09/18,2:18 PM,ST. LAURENT BLVD @ COVENTRY RD/OGILVIE RD (0002151),2151,03 - At intersection,03 - P.D. only,04 - Sideswipe,01 - Clear,01 - Daylight,01 - Dry,01 - Traffic signal,01 - Functioning,2,0,0,0,,0,,,,,372306.4402,5031952.656,45.42425057,-75.63735227,1526
15--11055,2015/09/18,2:30 PM,COLE AVE @ KENWOOD AVE (0006250),6250,03 - At intersection,03 - P.D. only,02 - Angle,01 - Clear,01 - Daylight,01 - Dry,02 - Stop sign,03 - Obscured,2,0,0,0,,0,,,,,363063.1295,5027790.913,45.3876349,-75.75595116,1527
15--11056,2015/09/18,2:38 PM,HIGHWAY 417 btwn HWY417 IC126 RAMP61 & HWY417 IC124 RAMP76 (__3ZA2Y2),__3ZA2Y2,01 - Non intersection,02 - Non-fatal injury,03 - Rear end,01 - Clear,01 - Daylight,01 - Dry,10 - No control,,2,0,0,0,01 - Minimal,1,1,,,,363672.2825,5026531.141,45.37624873,-75.74832288,1528
15--11057,2015/09/18,2:45 PM,MONTREAL RD @ ST. LAURENT BLVD (0002604),2604,02 - Intersection related,03 - P.D. only,03 - Rear end,01 - Clear,01 - Daylight,01 - Dry,01 - Traffic signal,01 - Functioning,2,0,0,0,,0,,,,,371548.5945,5033817.113,45.44109882,-75.64678275,1529
15--11058,2015/09/18,2:50 PM,HUNT CLUB RD @ RIVERSIDE DR (0002237),2237,02 - Intersection related,03 - P.D. only,03 - Rear end,01 - Clear,01 - Daylight,01 - Dry,01 - Traffic signal,01 - Functioning,2,0,0,0,,0,,,,,368035.2616,5021944.417,45.33459828,-75.69320873,1530
15--11059,2015/09/18,3:00 PM,BASELINE RD btwn COLLEGE SQUARE SC & WOODROFFE AVE (__3ZAZDQA),__3ZAZDQA,01 - Non intersection,03 - P.D. only,04 - Sideswipe,01 - Clear,01 - Daylight,01 - Dry,10 - No control,,2,0,0,0,,0,,,,,362646.3575,5023824.685,45.35198176,-75.76173754,1531
15--1106,2015/01/17,10:20 AM,GRENADINE ST btwn CAYMAN RD & MAPLE GROVE RD (__7JQ6FL),__7JQ6FL,01 - Non intersection,03 - P.D. only,06 - SMV unattended vehicle,01 - Clear,01 - Daylight,05 - Packed snow,10 - No control,,1,0,0,0,,0,,,,,349692.4655,5016383.914,45.2859766,-75.92772612,1532
15--11060,2015/09/18,3:00 PM,RIVERSIDE DR NB btwn INDUSTRIAL AVE & TREMBLAY RD (__3ZA4SE),__3ZA4SE,01 - Non intersection,03 - P.D. only,04 - Sideswipe,01 - Clear,01 - Daylight,01 - Dry,10 - No control,,2,0,0,0,,0,,,,,370740.0624,5030758.774,45.41365792,-75.65752619,1533
15--11061,2015/09/18,3:37 PM,BYRON AVE @ REDWOOD AVE (0011571),11571,03 - At intersection,02 - Non-fatal injury,02 - Angle,01 - Clear,01 - Daylight,01 - Dry,02 - Stop sign,01 - Functioning,2,0,0,0,02 - Minor,1,,1,,,361997.9653,5027179.615,45.38222231,-75.76962355,1534
15--11062,2015/09/18,4:00 PM,CARLING AVE @ MAITLAND AVE/SHERBOURNE RD (0002641),2641,02 - Intersection related,03 - P.D. only,03 - Rear end,01 - Clear,01 - Daylight,01 - Dry,01 - Traffic signal,01 - Functioning,2,0,0,0,,0,,,,,362942.6979,5026488.167,45.37592298,-75.75764243,1535
15--11063,2015/09/18,4:06 PM,BESSERER ST @ WALLER ST (0008859),8859,02 - Intersection related,03 - P.D. only,04 - Sideswipe,01 - Clear,01 - Daylight,01 - Dry,01 - Traffic signal,01 - Functioning,2,0,0,0,,0,,,,,368315.9333,5032190.897,45.4267679,-75.68830992,1536
15--11064,2015/09/18,4:45 PM,MONTREAL RD @ PALACE ST (0004699),4699,03 - At intersection,03 - P.D. only,05 - Turning movement,01 - Clear,01 - Daylight,01 - Dry,10 - No control,,2,0,0,0,,0,,,,,369954.9949,5032998.946,45.43388763,-75.66725912,1537
15--11065,2015/09/18,4:50 PM,LABELLE ST btwn RAMP & MICHAEL ST (__3ZA8LA),__3ZA8LA,01 - Non intersection,03 - P.D. only,06 - SMV unattended vehicle,01 - Clear,01 - Daylight,01 - Dry,10 - No control,,1,0,0,0,,0,,,,,372580.6393,5031691.812,45.4218771,-75.63388464,1538
15--11066,2015/09/18,4:57 PM,CRESTWAY DR btwn STRANDHERD DR & GROVEHURST DR (__30LKUO),__30LKUO,01 - Non intersection,03 - P.D. only,04 - Sideswipe,01 - Clear,01 - Daylight,01 - Dry,10 - No control,,2,0,0,0,,0,,,,,366343.2992,5015488.07,45.27665517,-75.71559532,1539
15--11067,2015/09/18,5:10 PM,ST. LAURENT BLVD @ COVENTRY RD/OGILVIE RD (0002151),2151,02 - Intersection related,03 - P.D. only,03 - Rear end,01 - Clear,01 - Daylight,01 - Dry,01 - Traffic signal,01 - Functioning,3,0,0,0,,0,,,,,372307.1609,5031950.494,45.42423105,-75.63734336,1540
15--11068,2015/09/18,5:19 PM,RICHMOND RD btwn 140 E OF POULIN AVE & FOREST ST (__3ZA4MDB),__3ZA4MDB,04 - At/near private drive,03 - P.D. only,02 - Angle,01 - Clear,01 - Daylight,01 - Dry,10 - No control,,2,0,0,0,,0,,,,,360427.2388,5025066.823,45.36333801,-75.78991697,1541
15--11069,2015/09/18,5:25 PM,PRINCE OF WALES DR @ FALAISE RD/KOCHAR DR N (0006962),6962,02 - Intersection related,03 - P.D. only,03 - Rear end,01 - Clear,01 - Daylight,01 - Dry,01 - Traffic signal,01 - Functioning,4,0,0,0,,0,,,,,367461.8441,5024905.945,45.36129695,-75.70014876,1542
15--11440,2015/09/29,10:37 AM,ELGIN ST @ GLADSTONE AVE (0007272),7272,03 - At intersection,03 - P.D. only,03 - Rear end,02 - Rain,01 - Daylight,02 - Wet,01 - Traffic signal,01 - Functioning,2,0,0,0,,0,,,,,368383.994,5030845.29,45.41465441,-75.6876139,1543
15--11624,2015/10/02,9:25 AM,INNES RD @ LANTHIER DR/PRESTWICK DR (0004251),4251,03 - At intersection,03 - P.D. only,02 - Angle,01 - Clear,01 - Daylight,01 - Dry,01 - Traffic signal,01 - Functioning,2,0,0,0,,0,,,,,383540.7631,5035988.204,45.45938461,-75.49316673,1544
15--11346,2015/09/26,3:15 PM,DONALD ST @ 110 E OF ST. LAURENT BLVD  (0013077),13077,03 - At intersection,02 - Non-fatal injury,02 - Angle,01 - Clear,01 - Daylight,01 - Dry,01 - Traffic signal,01 - Functioning,2,0,0,0,02 - Minor,1,,1,,,372203.9134,5032483.464,45.42903642,-75.63858964,1545
15--11625,2015/10/02,9:26 PM,KING EDWARD AVE @ ST. ANDREW ST (0011434),11434,03 - At intersection,03 - P.D. only,04 - Sideswipe,01 - Clear,07 - Dark,01 - Dry,01 - Traffic signal,01 - Functioning,2,0,0,0,,0,,,,,368160.7,5032967.861,45.43377282,-75.69019352,1546
15--11166,2015/09/21,8:45 AM,CAPRIHANI WAY btwn LOBELIA WAY & END (__4VGRQC),__4VGRQC,04 - At/near private drive,03 - P.D. only,06 - SMV unattended vehicle,01 - Clear,01 - Daylight,01 - Dry,10 - No control,,1,0,0,0,,0,,,,,386136.4717,5038343.385,45.48027682,-75.45959183,1547
15--11347,2015/09/26,3:28 PM,MACKENZIE KING BR/WALLER ST @ NICHOLAS ST/WALL (0011251),11251,02 - Intersection related,03 - P.D. only,04 - Sideswipe,01 - Clear,01 - Daylight,01 - Dry,01 - Traffic signal,01 - Functioning,2,0,0,0,,0,,,,,368371.8975,5031992.7,45.42497951,-75.68762039,1548
15--11441,2015/09/29,11:20 AM,CAMPEAU DR/HWY 417 MARCH IC138R63 @ MARCH RD (0009710),9710,02 - Intersection related,03 - P.D. only,04 - Sideswipe,01 - Clear,01 - Daylight,02 - Wet,01 - Traffic signal,01 - Functioning,2,0,0,0,,0,,,,,352843.0663,5020476.106,45.3225908,-75.88716894,1549
15--11626,2015/10/02,9:30 AM,ROCKCLIFFE PKWY btwn GL/OT BOUNDARY & ST. JOSEPH BLVD (__3ZA21V),__3ZA21V,04 - At/near private drive,03 - P.D. only,05 - Turning movement,01 - Clear,01 - Daylight,01 - Dry,10 - No control,,2,0,0,0,,0,,,,,376033.604,5036563.153,45.46536337,-75.58906224,1550
15--11167,2015/09/21,9:00 AM,EAGLESON RD @ MICHAEL COWPLAND DR/STONEHAVEN D (0003544),3544,02 - Intersection related,02 - Non-fatal injury,05 - Turning movement,01 - Clear,01 - Daylight,01 - Dry,01 - Traffic signal,01 - Functioning,2,1,0,0,01 - Minimal,1,1,,,,354383.3467,5016623.084,45.28781345,-75.86790794,1551
15--11348,2015/09/26,3:43 PM,SHEA RD btwn MOORE ST & PERTH ST (__3ZACHW),__3ZACHW,04 - At/near private drive,03 - P.D. only,02 - Angle,01 - Clear,01 - Daylight,01 - Dry,10 - No control,,2,0,0,0,,0,,,,,357480.6251,5007025.517,45.20122709,-75.82944306,1552
15--11442,2015/09/29,11:29 AM,BANK ST @ FOURTH AVE (0007249),7249,03 - At intersection,03 - P.D. only,02 - Angle,01 - Clear,01 - Daylight,01 - Dry,02 - Stop sign,01 - Functioning,2,0,0,0,,0,,,,,368366.9956,5029477.647,45.40235034,-75.6880074,1553
15--11627,2015/10/02,9:30 PM,DWYER HILL RD btwn FERNBANK RD & FLEWELLYN RD (__3ZA3F0),__3ZA3F0,01 - Non intersection,03 - P.D. only,07 - SMV other,01 - Clear,07 - Dark,01 - Dry,10 - No control,,1,0,0,0,,0,,,,,343339.01,5004585.473,45.18018511,-76.00962848,1554
15--11168,2015/09/21,9:35 AM,HOLLAND AVE @ WELLINGTON ST (0002364),2364,03 - At intersection,02 - Non-fatal injury,07 - SMV other,01 - Clear,01 - Daylight,01 - Dry,01 - Traffic signal,01 - Functioning,1,0,0,1,01 - Minimal,1,1,,,,364931.1428,5029153.194,45.39973455,-75.7319318,1555
15--11349,2015/09/26,4:03 PM,BANK ST btwn CAHILL DR & TURN LANE (2) (__5AFHMD),__5AFHMD,04 - At/near private drive,03 - P.D. only,05 - Turning movement,01 - Clear,01 - Daylight,01 - Dry,10 - No control,,2,0,0,0,,0,,,,,371361.5898,5024273.124,45.35524362,-75.65046076,1556
15--11443,2015/09/29,11:48 AM,CHARLEMAGNE BLVD @ WATTERS RD (0012940),12940,02 - Intersection related,02 - Non-fatal injury,02 - Angle,02 - Rain,01 - Daylight,02 - Wet,02 - Stop sign,01 - Functioning,2,1,0,0,02 - Minor,1,,1,,,384558.1999,5038047.783,45.47779936,-75.4798249,1557
15--11444,2015/09/29,12:30 PM,HAZELDEAN RD btwn YOUNG RD & CASTLEFRANK RD (__3ZA41L),__3ZA41L,01 - Non intersection,02 - Non-fatal injury,03 - Rear end,02 - Rain,01 - Daylight,02 - Wet,10 - No control,,3,0,0,0,01 - Minimal,2,2,,,,352494.881,5017509.637,45.29592157,-75.8918956,1558
15--11445,2015/09/29,2:13 PM,COLONEL BY DR btwn CLEGG ST & ECHO DR S (__3ZBPHH),__3ZBPHH,01 - Non intersection,03 - P.D. only,07 - SMV other,02 - Rain,01 - Daylight,02 - Wet,10 - No control,,1,0,0,0,,0,,,,,369046.8088,5029554.395,45.40297884,-75.67931449,1559
15--11446,2015/09/29,3:10 PM,CONROY RD @ KINGSDALE AVE (0009357),9357,03 - At intersection,03 - P.D. only,02 - Angle,02 - Rain,01 - Daylight,02 - Wet,02 - Stop sign,01 - Functioning,2,0,0,0,,0,,,,,374320.1879,5024120.869,45.35358661,-75.61272542,1560
15--11447,2015/09/29,3:15 PM,FALLOWFIELD RD @ RICHMOND RD (0000634),634,02 - Intersection related,03 - P.D. only,03 - Rear end,02 - Rain,01 - Daylight,02 - Wet,01 - Traffic signal,01 - Functioning,2,0,0,0,,0,,,,,357720.9149,5013528.335,45.25972299,-75.82569312,1561
15--11448,2015/09/29,3:17 PM,CENTREPOINTE DR @ PINETRAIL CRES N (0010245),10245,03 - At intersection,02 - Non-fatal injury,02 - Angle,01 - Clear,01 - Daylight,01 - Dry,02 - Stop sign,01 - Functioning,2,1,0,0,02 - Minor,1,,1,,,362654.9686,5022422.845,45.33936739,-75.76179162,1562
15--11449,2015/09/29,3:18 PM,WEST HUNT CLUB RD @ WOODROFFE AVE (0000576),576,02 - Intersection related,03 - P.D. only,03 - Rear end,02 - Rain,01 - Daylight,02 - Wet,01 - Traffic signal,01 - Functioning,2,0,0,0,,0,,,,,363670.691,5021246.849,45.32870137,-75.74897237,1563
15--1145,2015/01/17,9:25 AM,HWY417 IC126 RAMP61 btwn HWY417 IC126 RAMP63 & HIGHWAY 417 (__3ZAY5Y),__3ZAY5Y,01 - Non intersection,03 - P.D. only,03 - Rear end,01 - Clear,01 - Daylight,01 - Dry,10 - No control,,2,0,0,0,,0,,,,,363084.6257,5025852.153,45.37018841,-75.75590552,1564
15--11450,2015/09/29,3:35 PM,HIGHWAY 417 btwn HIGHWAY 417 & HWY417 IC115 RAMP25 (__3ZA2RX),__3ZA2RX,01 - Non intersection,03 - P.D. only,03 - Rear end,02 - Rain,01 - Daylight,02 - Wet,10 - No control,,2,0,0,0,,0,,,,,372580.4175,5031516.269,45.42029767,-75.63391163,1565
15--11451,2015/09/29,4:20 PM,BANK ST @ LEITRIM RD (0004125),4125,02 - Intersection related,03 - P.D. only,03 - Rear end,02 - Rain,01 - Daylight,02 - Wet,01 - Traffic signal,01 - Functioning,2,0,0,0,,0,,,,,375358.4749,5021618.416,45.3309669,-75.59983248,1566
15--11452,2015/09/29,4:25 PM,HAIG DR @ SMYTH RD (0007736),7736,03 - At intersection,02 - Non-fatal injury,05 - Turning movement,02 - Rain,01 - Daylight,02 - Wet,01 - Traffic signal,01 - Functioning,2,0,0,0,02 - Minor,1,,1,,,372564.0042,5029298.188,45.40034197,-75.63442624,1567
15--11453,2015/09/29,4:45 PM,REGIONAL ROAD 174 EB btwn OR174 IC109 RAMP55 & TRANSIT (__3ZA28V),__3ZA28V,01 - Non intersection,03 - P.D. only,03 - Rear end,02 - Rain,01 - Daylight,02 - Wet,10 - No control,,2,0,0,0,,0,,,,,376534.3792,5035125.647,45.45237839,-75.58286885,1568
15--11454,2015/09/29,4:45 PM,AVIATION PKWY @ OGILVIE RD (0004114),4114,02 - Intersection related,02 - Non-fatal injury,03 - Rear end,02 - Rain,01 - Daylight,02 - Wet,01 - Traffic signal,01 - Functioning,2,0,0,0,01 - Minimal,1,1,,,,373109.9922,5032376.586,45.42798687,-75.62702628,1569
15--11455,2015/09/29,5:12 PM,CONROY RD @ HUNT CLUB RD (0002257),2257,02 - Intersection related,03 - P.D. only,03 - Rear end,02 - Rain,01 - Daylight,02 - Wet,01 - Traffic signal,01 - Functioning,2,0,0,0,,0,,,,,373761.5778,5025405.604,45.36520129,-75.61967477,1570
15--11456,2015/09/29,5:30 PM,BREWER RD @ BRONSON AVE (0002240),2240,02 - Intersection related,03 - P.D. only,03 - Rear end,02 - Rain,01 - Daylight,02 - Wet,01 - Traffic signal,01 - Functioning,2,0,0,0,,0,,,,,368108.3264,5027766.076,45.38697357,-75.69153089,1571
15--11457,2015/09/29,5:35 PM,TERRY FOX DR btwn RICHARDSON SIDE RD & TILLSONBURG ST (__51NOTD),__51NOTD,01 - Non intersection,03 - P.D. only,04 - Sideswipe,02 - Rain,01 - Daylight,02 - Wet,10 - No control,,2,0,0,0,,0,,,,,348865.254,5019460.667,45.31371455,-75.93799717,1572