Anom_ID,Accident_Date,Accident_Time,Location,Geo_ID,Accident_Location,Classification_of_Accident,Initial_Impact_Type,Environment_Condition,Light,Road_Surface_Condition,Traffic_Control,Traffic_Control_Condition,No__of_Vehicles,No__of_Bicycles,No__of_Motorcycles,No__of_Pedestrians,Max_Injury,No__of_Injuries,No__of_Minimal,No__of_Minor,No__of_Major,No__of_Fatal,X,Y,Latitude,Longitude,ObjectId
15--11458,2015/09/29,5:43 PM,COLONEL BY DR btwn UNIVERSITY RD & HOG'S BACK RD (__3ZA22V),__3ZA22V,01 - Non intersection,03 - P.D. only,03 - Rear end,02 - Rain,01 - Daylight,02 - Wet,10 - No control,,2,0,0,0,,0,,,,,367469.1751,5026084.287,45.37189874,-75.69990573,1573
15--11459,2015/09/29,5:54 PM,HIGHWAY 417 btwn Continuation of HIGHWAY 417 & HWY417 IC134 RAMP51 (__3ZA29B),__3ZA29B,01 - Non intersection,03 - P.D. only,04 - Sideswipe,02 - Rain,01 - Daylight,02 - Wet,10 - No control,,2,0,0,0,,0,,,,,355622.077,5021773.284,45.33406728,-75.8515893,1574
15--1146,2015/01/17,9:30 AM,GREENBANK RD btwn DUNDONALD DR & KILBIRNIE DR (__6NGS8F),__6NGS8F,01 - Non intersection,03 - P.D. only,03 - Rear end,01 - Clear,01 - Daylight,06 - Ice,10 - No control,,2,0,0,0,,0,,,,,365222.8783,5011807.656,45.24363598,-75.73032201,1575
15--11460,2015/09/29,5:59 PM,BANK ST @ SUNNYSIDE AVE (0007219),7219,03 - At intersection,02 - Non-fatal injury,05 - Turning movement,02 - Rain,01 - Daylight,02 - Wet,01 - Traffic signal,01 - Functioning,2,0,0,0,02 - Minor,1,,1,,,368734.7087,5028581.91,45.3942573,-75.68342689,1576
15--11461,2015/09/29,6:06 PM,BASELINE RD btwn ST. HELEN'S PL & CLYDE AVE (__3ZA4IN),__3ZA4IN,04 - At/near private drive,03 - P.D. only,03 - Rear end,02 - Rain,01 - Daylight,02 - Wet,10 - No control,,2,0,0,0,,0,,,,,364351.4961,5024883.666,45.3613676,-75.73985008,1577
15--11462,2015/09/29,6:11 PM,CASTLEFRANK RD @ KATIMAVIK RD (0003228),3228,02 - Intersection related,02 - Non-fatal injury,07 - SMV other,02 - Rain,01 - Daylight,02 - Wet,01 - Traffic signal,01 - Functioning,1,0,1,0,01 - Minimal,1,1,,,,351950.4529,5018942.435,45.308851,-75.89870034,1578
15--11463,2015/09/29,6:24 PM,COLONEL BY DR btwn CLEGG ST & ECHO DR S (__3ZBPHH),__3ZBPHH,01 - Non intersection,03 - P.D. only,01 - Approaching,02 - Rain,05 - Dusk,02 - Wet,10 - No control,,2,0,0,0,,0,,,,,368984.8101,5029669.887,45.40402368,-75.68009135,1579
15--11464,2015/09/29,7:16 AM,GREENBANK RD @ LISA AVE (0002753),2753,03 - At intersection,03 - P.D. only,05 - Turning movement,01 - Clear,01 - Daylight,01 - Dry,01 - Traffic signal,01 - Functioning,3,0,0,0,,0,,,,,360554.4411,5022893.038,45.34376825,-75.78853849,1580
15--11465,2015/09/29,7:30 AM,JEANNE D'ARC BLVD @ ORLEANS BLVD S (0004154),4154,03 - At intersection,03 - P.D. only,05 - Turning movement,01 - Clear,01 - Daylight,02 - Wet,01 - Traffic signal,01 - Functioning,2,0,0,0,,0,,,,,380940.7445,5036250.94,45.46203669,-75.52636674,1581
15--11466,2015/09/29,7:36 AM,HIGHWAY 417 btwn HWY417 IC129 RAMP25 & HWY417 IC129 RAMP35 (__3ZAYFR),__3ZAYFR,01 - Non intersection,03 - P.D. only,04 - Sideswipe,01 - Clear,01 - Daylight,01 - Dry,10 - No control,,2,0,0,0,,0,,,,,360574.6303,5023614.299,45.35025654,-75.78819954,1582
15--11467,2015/09/29,8:05 AM,FALLOWFIELD RD @ WOODROFFE AVE (0010372),10372,02 - Intersection related,03 - P.D. only,03 - Rear end,01 - Clear,01 - Daylight,01 - Dry,01 - Traffic signal,01 - Functioning,3,0,0,0,,0,,,,,365083.7086,5017902.83,45.29849221,-75.73135465,1583
15--11468,2015/09/29,8:05 PM,BRONSON AVE @ RENFREW AVE (0007197),7197,02 - Intersection related,03 - P.D. only,03 - Rear end,02 - Rain,07 - Dark,02 - Wet,02 - Stop sign,00 - Unknown,2,0,0,0,,0,,,,,367358.153,5029551.923,45.40310954,-75.70088347,1584
15--11469,2015/09/29,8:28 PM,HUNT CLUB RD @ RIVERSIDE DR (0002237),2237,02 - Intersection related,03 - P.D. only,02 - Angle,02 - Rain,07 - Dark,02 - Wet,01 - Traffic signal,01 - Functioning,2,0,0,0,,0,,,,,368035.9823,5021944.417,45.33459821,-75.69319953,1585
15--1147,2015/01/17,9:32 AM,FLORA ST @ LYON ST (0007258),7258,03 - At intersection,03 - P.D. only,02 - Angle,03 - Snow,01 - Daylight,03 - Loose snow,02 - Stop sign,01 - Functioning,2,0,0,0,,0,,,,,367664.712,5030227.05,45.40915666,-75.6968818,1586
15--11470,2015/09/29,8:30 PM,CARLING AVE @ ROSEVIEW AVE (0002644),2644,02 - Intersection related,03 - P.D. only,99 - Other,01 - Clear,07 - Dark,01 - Dry,02 - Stop sign,01 - Functioning,2,0,0,0,,0,,,,,359359.392,5024197.704,45.35560161,-75.80364297,1587
15--11471,2015/09/29,8:41 PM,METCALFE ST btwn NEPEAN ST & LISGAR ST (__3ZBOET),__3ZBOET,01 - Non intersection,03 - P.D. only,04 - Sideswipe,01 - Clear,07 - Dark,01 - Dry,10 - No control,,2,0,0,0,,0,,,,,367880.48,5031309.844,45.41887988,-75.69398698,1588
15--11472,2015/09/29,8:55 AM,HIGHWAY 417 btwn HWY417 IC118 RAMP67 & HWY417 IC117 RAMP36 (__3ZA2YO),__3ZA2YO,01 - Non intersection,03 - P.D. only,03 - Rear end,01 - Clear,01 - Daylight,01 - Dry,10 - No control,,3,0,0,0,,0,,,,,370202.8001,5031115.547,45.41691844,-75.66434236,1589
15--11473,2015/09/29,8:55 AM,HIGHWAY 417 btwn HWY417 IC118 RAMP67 & HWY417 IC117 RAMP36 (__3ZA2YO),__3ZA2YO,01 - Non intersection,03 - P.D. only,03 - Rear end,01 - Clear,01 - Daylight,02 - Wet,10 - No control,,2,0,0,0,,0,,,,,370249.7315,5031121.323,45.41696602,-75.66374201,1590
15--11474,2015/09/29,8:57 PM,BRONSON AVE @ CATHERINE ST/RAYMOND ST (0007198),7198,03 - At intersection,03 - P.D. only,05 - Turning movement,01 - Clear,07 - Dark,02 - Wet,01 - Traffic signal,01 - Functioning,2,0,0,0,,0,,,,,367251.9878,5029796.927,45.40532349,-75.70220846,1591
15--11475,2015/09/29,9:34 PM,RIDEAU ST @ WURTEMBURG ST (0007118),7118,02 - Intersection related,03 - P.D. only,03 - Rear end,01 - Clear,07 - Dark,01 - Dry,01 - Traffic signal,01 - Functioning,2,0,0,0,,0,,,,,369356.4033,5032925.682,45.43328395,-75.67491847,1592
15--11476,2015/09/29,9:49 AM,COPERNICUS ST @ LAURIER AVE (0007659),7659,03 - At intersection,03 - P.D. only,02 - Angle,02 - Rain,01 - Daylight,02 - Wet,02 - Stop sign,01 - Functioning,2,0,0,0,,0,,,,,368666.4322,5031989.218,45.42492135,-75.68385739,1593
15--11477,2015/09/29,9:58 PM,NICHOLAS ST SB btwn Continuation of WALLER ST & HWY417 IC118 RAMP35 (__6KCDVW),__6KCDVW,01 - Non intersection,03 - P.D. only,04 - Sideswipe,01 - Clear,07 - Dark,01 - Dry,10 - No control,,2,0,0,0,,0,,,,,369021.5244,5031327.574,45.4189356,-75.67940642,1594
15--11478,2015/09/30,1:00 PM,EARL ARMSTRONG RD @ RIVER RD (0012470),12470,03 - At intersection,02 - Non-fatal injury,07 - SMV other,01 - Clear,01 - Daylight,01 - Dry,01 - Traffic signal,01 - Functioning,1,0,0,1,02 - Minor,1,,1,,,367572.7185,5014683.316,45.26930538,-75.70002893,1595
15--11479,2015/09/30,1:05 PM,EAGLESON RD @ FALLOWFIELD RD (0000118),118,03 - At intersection,03 - P.D. only,05 - Turning movement,01 - Clear,01 - Daylight,01 - Dry,01 - Traffic signal,01 - Functioning,2,0,0,0,,0,,,,,355961.6341,5012594.766,45.25145266,-75.84820413,1596
15--1148,2015/01/18,1:00 PM,HEATHERSTONE CRES btwn ARIA CRT & SPRINGRIDGE DR (__4VGRS5),__4VGRS5,01 - Non intersection,03 - P.D. only,06 - SMV unattended vehicle,00 - Unknown,01 - Daylight,03 - Loose snow,10 - No control,,1,0,0,0,,0,,,,,385689.2088,5038698.283,45.48352179,-75.46525356,1597
15--11480,2015/09/30,1:11 PM,WISTERIA CRES btwn VINTAGE LANE & MOSSWOOD CRT (1) (__4CZOFY),__4CZOFY,01 - Non intersection,03 - P.D. only,06 - SMV unattended vehicle,02 - Rain,01 - Daylight,02 - Wet,10 - No control,,1,0,0,0,,0,,,,,369840.6313,5022497.954,45.33941385,-75.67010444,1598
15--11481,2015/09/30,1:35 PM,ELGIN ST @ LISGAR ST (0006935),6935,02 - Intersection related,03 - P.D. only,03 - Rear end,01 - Clear,01 - Daylight,01 - Dry,01 - Traffic signal,01 - Functioning,2,0,0,0,,0,,,,,368073.9905,5031343.774,45.4191677,-75.69151028,1599
15--11482,2015/09/30,10:25 PM,HAWTHORNE RD btwn BLAIS RD & RIDEAU RD (__3ZA6GZ),__3ZA6GZ,01 - Non intersection,02 - Non-fatal injury,07 - SMV other,01 - Clear,07 - Dark,01 - Dry,10 - No control,,1,0,0,0,02 - Minor,1,,1,,,378150.3354,5020049.456,45.31656392,-75.5644517,1600
15--11483,2015/09/30,10:40 AM,BELCOURT BLVD @ INNES RD (0004202),4202,03 - At intersection,02 - Non-fatal injury,05 - Turning movement,01 - Clear,01 - Daylight,01 - Dry,01 - Traffic signal,01 - Functioning,2,0,0,0,02 - Minor,1,,1,,,382122.2996,5035266.25,45.4530475,-75.51141495,1601
15--11484,2015/09/30,10:40 PM,CUMMINGS AVE btwn WILSON ST & CLARKE AVE (__3ZA7RE),__3ZA7RE,01 - Non intersection,03 - P.D. only,06 - SMV unattended vehicle,01 - Clear,07 - Dark,01 - Dry,10 - No control,,1,0,0,0,,0,,,,,372135.7155,5033719.779,45.44016676,-75.63929201,1602
15--11485,2015/09/30,11:00 PM,NINTH LINE RD btwn ANDERSON RD & FARMERS WAY (__3ZA64H),__3ZA64H,01 - Non intersection,03 - P.D. only,07 - SMV other,"07 - Fog, mist, smoke, dust",07 - Dark,02 - Wet,10 - No control,,1,0,0,0,,0,,,,,382862.311,5021584.943,45.32987119,-75.50411952,1603
15--11486,2015/09/30,11:06 AM,LAURIER AVE @ NICHOLAS ST (0010711),10711,03 - At intersection,03 - P.D. only,02 - Angle,01 - Clear,01 - Daylight,01 - Dry,01 - Traffic signal,01 - Functioning,2,0,0,0,,0,,,,,368372.1956,5031797.91,45.42322683,-75.68764172,1604
15--11487,2015/09/30,11:10 PM,INDUSTRIAL AVE @ RIVERSIDE DR (0011905),11905,03 - At intersection,03 - P.D. only,04 - Sideswipe,01 - Clear,07 - Dark,01 - Dry,01 - Traffic signal,01 - Functioning,2,0,0,0,,0,,,,,370683.9979,5030592.193,45.41216437,-75.65826468,1605
15--11488,2015/09/30,11:30 AM,RIDEAU VALLEY DR    S btwn OLD WELLINGTON ST & LOCKHEAD RD E (__3ZA39A),__3ZA39A,04 - At/near private drive,03 - P.D. only,02 - Angle,01 - Clear,01 - Daylight,01 - Dry,10 - No control,,2,0,0,0,,0,,,,,372034.8751,5000520.939,45.14146135,-75.64508068,1606
15--11489,2015/09/30,11:45 PM,GOLDEN LINE RD btwn Continuation of GOLDEN LINE RD & MCARTON RD (__3ZACCS),__3ZACCS,01 - Non intersection,03 - P.D. only,07 - SMV other,01 - Clear,07 - Dark,01 - Dry,10 - No control,,1,0,0,0,,0,,,,,337672.7169,5006432.776,45.19709521,-76.0816027,1607
15--1149,2015/01/18,1:03 AM,PINECREST RD @ BASELINE RD (0002657),2657,02 - Intersection related,03 - P.D. only,03 - Rear end,01 - Clear,07 - Dark,02 - Wet,02 - Stop sign,01 - Functioning,2,0,0,0,,0,,,,,360783.7207,5022694.76,45.34196589,-75.7856354,1608
15--11490,2015/09/30,11:49 AM,RICHMOND RD @ WOODROFFE AVE (0011466),11466,03 - At intersection,03 - P.D. only,05 - Turning movement,01 - Clear,01 - Daylight,01 - Dry,01 - Traffic signal,01 - Functioning,2,0,0,0,,0,,,,,361585.4084,5026653.079,45.37751815,-75.77495173,1609
15--11491,2015/09/30,11:54 AM,INDUSTRIAL AVE @ RIVERSIDE DR (0011905),11905,02 - Intersection related,03 - P.D. only,04 - Sideswipe,01 - Clear,01 - Daylight,01 - Dry,01 - Traffic signal,01 - Functioning,2,0,0,0,,0,,,,,370685.4393,5030592.193,45.41216423,-75.65824626,1610
15--11492,2015/09/30,Unknown,HOLLAND AVE btwn 95 N OF SHERWOOD DR/FISHER PARK HS & SHERWOOD DR (__3ZA4PHA),__3ZA4PHA,01 - Non intersection,03 - P.D. only,06 - SMV unattended vehicle,01 - Clear,00 - Unknown,01 - Dry,10 - No control,,1,0,0,0,,0,,,,,365140.2832,5028668.755,45.39535767,-75.72931991,1611
15--11493,2015/09/30,Unknown,CUMMINGS AVE btwn WILSON ST & CLARKE AVE (__3ZA7RE),__3ZA7RE,01 - Non intersection,03 - P.D. only,06 - SMV unattended vehicle,01 - Clear,00 - Unknown,01 - Dry,10 - No control,,1,0,0,0,,0,,,,,372131.4992,5033722.941,45.44019561,-75.63934546,1612
15--11494,2015/09/30,12:52 PM,INNES RD btwn WILDFLOWER DR & CHAPELIER PRIV (__5JF3QO),__5JF3QO,01 - Non intersection,02 - Non-fatal injury,03 - Rear end,01 - Clear,01 - Daylight,01 - Dry,10 - No control,,2,0,0,0,02 - Minor,2,,2,,,382946.8453,5035696.682,45.45682843,-75.50080613,1613
15--11495,2015/09/30,2:14 PM,EAGLESON RD @ KATIMAVIK RD/TIMM DR (0011925),11925,02 - Intersection related,03 - P.D. only,03 - Rear end,01 - Clear,01 - Daylight,01 - Dry,01 - Traffic signal,01 - Functioning,2,0,0,0,,0,,,,,353212.458,5019565.47,45.31437134,-75.88254631,1614
15--11496,2015/09/30,2:16 PM,WALKLEY RD btwn AIRPORT PKWY & TRANSIT (__3ZA1KU),__3ZA1KU,01 - Non intersection,02 - Non-fatal injury,07 - SMV other,01 - Clear,01 - Daylight,01 - Dry,10 - No control,,1,0,0,0,01 - Minimal,1,1,,,,370013.4234,5025758.279,45.36873328,-75.66746986,1615
15--11497,2015/09/30,2:42 PM,BANK ST btwn ANOKA ST & WILDWOOD AVE (__3ZA366),__3ZA366,01 - Non intersection,03 - P.D. only,04 - Sideswipe,01 - Clear,01 - Daylight,01 - Dry,10 - No control,,2,0,0,0,,0,,,,,370028.1524,5026753.885,45.37769006,-75.66715036,1616
15--11498,2015/09/30,2:55 PM,HIGHWAY 417 btwn HWY417 IC121B RAMP16 & HWY417 IC121A RAMP16 (__3ZA2YX),__3ZA2YX,01 - Non intersection,03 - P.D. only,04 - Sideswipe,01 - Clear,01 - Daylight,01 - Dry,10 - No control,,2,0,0,0,,0,,,,,366935.6438,5029641.244,45.40395085,-75.70626882,1617
15--11499,2015/09/30,3:00 PM,BANK ST @ SUNNYSIDE AVE (0007219),7219,02 - Intersection related,03 - P.D. only,03 - Rear end,01 - Clear,01 - Daylight,01 - Dry,01 - Traffic signal,01 - Functioning,2,0,0,0,,0,,,,,368735.4294,5028580.468,45.39424426,-75.68341787,1618
15--115,2015/01/03,9:21 PM,ANDERSON RD @ INNES RD (0004200),4200,03 - At intersection,02 - Non-fatal injury,05 - Turning movement,03 - Snow,07 - Dark,03 - Loose snow,01 - Traffic signal,01 - Functioning,2,0,0,0,02 - Minor,2,1,1,,,376281.705,5031842.046,45.42286044,-75.58657573,1619
15--1150,2015/01/18,1:26 PM,TERRY FOX DR btwn COPE DR & TRANS CANADA TRAIL (__355BDZB),__355BDZB,01 - Non intersection,03 - P.D. only,03 - Rear end,01 - Clear,01 - Daylight,01 - Dry,10 - No control,,2,0,0,0,,0,,,,,353522.7533,5015659.916,45.27920681,-75.87897276,1620
15--11500,2015/09/30,3:00 PM,BRONSON AVE @ CARLING AVE/GLEBE AVE (0002134),2134,02 - Intersection related,02 - Non-fatal injury,07 - SMV other,01 - Clear,01 - Daylight,01 - Dry,01 - Traffic signal,01 - Functioning,1,0,0,0,02 - Minor,1,,1,,,367448.4277,5029334.481,45.40114498,-75.69975804,1621
15--11501,2015/09/30,3:18 PM,OGILVIE RD btwn BLAIR PL & ELMLEA GT (__3ZA2DQ),__3ZA2DQ,01 - Non intersection,03 - P.D. only,03 - Rear end,01 - Clear,01 - Daylight,01 - Dry,10 - No control,,3,0,0,0,,0,,,,,374983.614,5033483.715,45.4377627,-75.60292726,1622
15--11502,2015/09/30,3:42 PM,BRONSON AVE @ FIFTH AVE/MADAWASKA DR (0006977),6977,02 - Intersection related,03 - P.D. only,04 - Sideswipe,01 - Clear,01 - Daylight,01 - Dry,01 - Traffic signal,01 - Functioning,2,0,0,0,,0,,,,,367612.992,5028937.473,45.39755808,-75.69770674,1623
15--11503,2015/09/30,3:47 PM,SECOND AVE btwn LYON ST S & BANK ST (__3ZA92B),__3ZA92B,04 - At/near private drive,03 - P.D. only,02 - Angle,01 - Clear,01 - Daylight,01 - Dry,10 - No control,,2,0,0,0,,0,,,,,368198.5068,5029564.37,45.40314593,-75.69014828,1624
15--11504,2015/09/30,4:12 PM,GREENBANK RD @ BELLMAN DR/BATEMAN DR (0000153),153,02 - Intersection related,02 - Non-fatal injury,03 - Rear end,01 - Clear,01 - Daylight,01 - Dry,01 - Traffic signal,01 - Functioning,2,0,0,0,02 - Minor,1,,1,,,361257.3962,5021017.129,45.32683263,-75.77978305,1625
15--11505,2015/09/30,4:19 PM,CARLING AVE @ MAITLAND AVE/SHERBOURNE RD (0002641),2641,02 - Intersection related,03 - P.D. only,03 - Rear end,01 - Clear,01 - Daylight,01 - Dry,01 - Traffic signal,01 - Functioning,2,0,0,0,,0,,,,,362942.6979,5026486.725,45.37591,-75.7576426,1626
15--11506,2015/09/30,4:28 PM,FISHER AVE btwn BASELINE RD & MALIBU TER (__3ZA4JK),__3ZA4JK,01 - Non intersection,03 - P.D. only,03 - Rear end,01 - Clear,01 - Daylight,01 - Dry,10 - No control,,2,0,0,0,,0,,,,,366234.3103,5025870.522,45.37008467,-75.71569628,1627
15--11507,2015/09/30,4:30 PM,HERON RD @ ALTA VISTA DR (0007188),7188,02 - Intersection related,03 - P.D. only,03 - Rear end,01 - Clear,01 - Daylight,01 - Dry,01 - Traffic signal,01 - Functioning,2,0,0,0,,0,,,,,370493.4444,5026902.537,45.37898411,-75.66119025,1628
15--11508,2015/09/30,4:35 PM,HIGHWAY 417 btwn RAMP & HWY417 IC88 RAMP51 (__3ZA2W2),__3ZA2W2,01 - Non intersection,03 - P.D. only,04 - Sideswipe,01 - Clear,01 - Daylight,01 - Dry,10 - No control,,2,0,0,0,,0,,,,,394592.2491,5022411.154,45.33590185,-75.35435296,1629
15--11509,2015/09/30,4:41 PM,BASELINE RD btwn NAVAHO DR & DEERFIELD DR (__3ZA4H4),__3ZA4H4,01 - Non intersection,02 - Non-fatal injury,03 - Rear end,01 - Clear,01 - Daylight,01 - Dry,10 - No control,,3,0,0,0,01 - Minimal,1,1,,,,363212.7006,5024176.519,45.35510058,-75.75446865,1630
15--1151,2015/01/18,10:25 PM,HWY417 IC120A RAMP52 btwn HIGHWAY 417 & KENT ST (__3ZAY9Y),__3ZAY9Y,01 - Non intersection,02 - Non-fatal injury,07 - SMV other,01 - Clear,07 - Dark,01 - Dry,10 - No control,,1,0,0,0,02 - Minor,2,1,1,,,367897.0983,5030041.558,45.40746675,-75.69393702,1631
15--11510,2015/09/30,5:20 PM,MACKENZIE KING BR/WALLER ST @ NICHOLAS ST/WALL (0011251),11251,02 - Intersection related,03 - P.D. only,04 - Sideswipe,01 - Clear,01 - Daylight,01 - Dry,01 - Traffic signal,00 - Unknown,2,0,0,0,,0,,,,,368371.4249,5031990.837,45.42496279,-75.68762667,1632
15--11511,2015/09/30,5:43 PM,VIEWMOUNT DR btwn HILLMOUNT CRES & GLENMANOR DR (__3ZAARW),__3ZAARW,04 - At/near private drive,03 - P.D. only,02 - Angle,01 - Clear,01 - Daylight,01 - Dry,10 - No control,,2,0,0,0,,0,,,,,364732.0719,5022693.764,45.34163072,-75.73525805,1633
15--11512,2015/09/30,6:13 PM,BRONSON AVE @ CARLING AVE/GLEBE AVE (0002134),2134,02 - Intersection related,03 - P.D. only,04 - Sideswipe,01 - Clear,01 - Daylight,01 - Dry,01 - Traffic signal,01 - Functioning,2,0,0,0,,0,,,,,367446.9863,5029334.481,45.40114511,-75.69977645,1634
15--11513,2015/09/30,6:23 PM,HERON RD @ KALADAR AVE (0006960),6960,02 - Intersection related,03 - P.D. only,03 - Rear end,01 - Clear,01 - Daylight,01 - Dry,01 - Traffic signal,01 - Functioning,2,0,0,0,,0,,,,,369686.4441,5026803.457,45.37816782,-75.67150641,1635
15--11514,2015/09/30,6:26 AM,FISHER AVE btwn FALAISE RD & NORMANDY CRES (__3ZA4H9),__3ZA4H9,01 - Non intersection,02 - Non-fatal injury,07 - SMV other,01 - Clear,07 - Dark,01 - Dry,10 - No control,,1,0,0,0,01 - Minimal,1,1,,,,366789.3976,5024525.483,45.35793341,-75.70877914,1636
15--11515,2015/09/30,6:56 PM,472 E OF CHESTNUT ST/UOTTAWA @ LEES AVE (0008222),8222,02 - Intersection related,03 - P.D. only,04 - Sideswipe,01 - Clear,05 - Dusk,01 - Dry,01 - Traffic signal,01 - Functioning,2,0,0,0,,0,,,,,369789.8556,5031042.032,45.41629546,-75.66962772,1637
15--11516,2015/09/30,7:31 PM,"MCARTHUR AVE btwn EGLISE, RUE DE L & MAY ST (__3ZA3XI)",__3ZA3XI,01 - Non intersection,03 - P.D. only,04 - Sideswipe,01 - Clear,07 - Dark,01 - Dry,10 - No control,,2,0,0,0,,0,,,,,371466.5729,5032827.872,45.43220592,-75.64796505,1638
15--11517,2015/09/30,7:44 AM,HIGHWAY 417 btwn Continuation of HIGHWAY 417 & HWY417 IC134 RAMP51 (__3ZA29B),__3ZA29B,01 - Non intersection,03 - P.D. only,03 - Rear end,01 - Clear,01 - Daylight,01 - Dry,10 - No control,,5,0,0,0,,0,,,,,355669.0084,5021801.443,45.33431726,-75.85098767,1639
15--11518,2015/09/30,8:00 AM,MOODIE DR @ ROBERTSON RD (0010545),10545,02 - Intersection related,03 - P.D. only,03 - Rear end,01 - Clear,01 - Daylight,01 - Dry,01 - Traffic signal,01 - Functioning,2,0,0,0,,0,,,,,357067.3728,5020453.676,45.32208715,-75.83329013,1640
15--11519,2015/09/30,8:05 PM,HIGHWAY 417 btwn HWY417 IC118 RAMP76 & HWY417 IC118 RAMP67 (__3ZA2YR),__3ZA2YR,01 - Non intersection,02 - Non-fatal injury,03 - Rear end,01 - Clear,07 - Dark,01 - Dry,10 - No control,,2,0,0,0,01 - Minimal,1,1,,,,369490.5221,5031075.69,45.41662604,-75.67344747,1641
15--11628,2015/10/02,9:45 AM,MONTREAL RD @ SHEFFORD RD (0012423),12423,02 - Intersection related,03 - P.D. only,04 - Sideswipe,01 - Clear,01 - Daylight,01 - Dry,01 - Traffic signal,01 - Functioning,2,0,0,0,,0,,,,,376125.7305,5034853.214,45.44996903,-75.5881323,1642
15--1135,2015/01/17,7:40 AM,RIVER RD btwn EARL ARMSTRONG RD & 175 N OF EARL ARMSTRONG/LOBLAWS SC (__5DXOUQA),__5DXOUQA,01 - Non intersection,02 - Non-fatal injury,07 - SMV other,01 - Clear,03 - Dawn,01 - Dry,10 - No control,,1,0,0,0,03 - Major,1,,,1,,367592.2148,5014736.914,45.26978591,-75.69977372,1643
15--11169,2015/09/21,9:35 AM,HIGHWAY 417 btwn HWY417 IC127 RAMP35 & HWY417 IC127 RAMP25 (__3ZA2RE),__3ZA2RE,01 - Non intersection,02 - Non-fatal injury,03 - Rear end,01 - Clear,01 - Daylight,01 - Dry,10 - No control,,2,0,0,0,01 - Minimal,1,1,,,,362147.6689,5024844.933,45.36120283,-75.76798316,1644
15--11629,2015/10/03,1:00 AM,BOUNDARY RD btwn EIGHTH LINE RD & HWY417 IC96 RAMP61 (__3ZA3YB),__3ZA3YB,01 - Non intersection,03 - P.D. only,07 - SMV other,01 - Clear,07 - Dark,01 - Dry,10 - No control,,1,0,1,0,,0,,,,,387274.3581,5024195.344,45.3528528,-75.44740693,1645
15--11350,2015/09/26,4:05 PM,GREENBANK RD @ WEST HUNT CLUB RD (0005167),5167,02 - Intersection related,02 - Non-fatal injury,03 - Rear end,01 - Clear,01 - Daylight,01 - Dry,01 - Traffic signal,01 - Functioning,2,0,0,0,02 - Minor,1,,1,,,361479.677,5020502.84,45.32218715,-75.77700655,1646
15--1163,2015/01/18,2:37 PM,WOODRIDGE CRES btwn BAYSHORE DR & BAYSHORE PS (__6KE4J1A),__6KE4J1A,04 - At/near private drive,02 - Non-fatal injury,02 - Angle,02 - Rain,01 - Daylight,02 - Wet,10 - No control,,2,0,0,0,02 - Minor,1,,1,,,358895.1385,5023762.677,45.35172321,-75.80961553,1647
15--11351,2015/09/26,4:36 AM,YORK ST WB btwn BYWARD MARKE SQ & SUSSEX DR (__3ZA1B0),__3ZA1B0,01 - Non intersection,03 - P.D. only,06 - SMV unattended vehicle,01 - Clear,07 - Dark,01 - Dry,10 - No control,,1,0,0,0,,0,,,,,367861.6387,5032299.572,45.42778682,-75.694101,1648
15--1117,2015/01/17,12:54 AM,CANOTEK RD @ SHEFFORD RD (0009369),9369,03 - At intersection,03 - P.D. only,07 - SMV other,01 - Clear,07 - Dark,06 - Ice,01 - Traffic signal,01 - Functioning,1,0,0,0,,0,,,,,376027.8006,5035093.116,45.45213751,-75.58934939,1649
15--11352,2015/09/26,5:12 PM,MONTREAL RD/HANNAH ST @ CODY AVE (0009349),9349,02 - Intersection related,03 - P.D. only,04 - Sideswipe,01 - Clear,01 - Daylight,01 - Dry,01 - Traffic signal,01 - Functioning,2,0,1,0,,0,,,,,370254.7172,5033169.232,45.43539181,-75.66340616,1650
15--11170,2015/09/21,9:39 AM,INNES RD btwn BLAIR RD & ANDERSON RD (__3ZA3JZ),__3ZA3JZ,01 - Non intersection,03 - P.D. only,03 - Rear end,01 - Clear,01 - Daylight,01 - Dry,10 - No control,,2,0,0,0,,0,,,,,376191.3717,5031793.636,45.4224341,-75.58773692,1651
15--11353,2015/09/26,5:48 PM,ROBERTSON RD btwn MOODIE DR & VANIER RD (__3ZBOCN),__3ZBOCN,04 - At/near private drive,02 - Non-fatal injury,02 - Angle,01 - Clear,01 - Daylight,01 - Dry,10 - No control,,2,0,0,0,01 - Minimal,3,3,,,,357096.9224,5020471.424,45.32224465,-75.83291135,1652
15--11630,2015/10/03,1:00 PM,TORMEY ST btwn COBOURG ST & BRIGADIER PRIV (__3ZA7CR),__3ZA7CR,04 - At/near private drive,03 - P.D. only,05 - Turning movement,01 - Clear,01 - Daylight,01 - Dry,10 - No control,,2,0,0,0,,0,,,,,369167.1957,5032910.276,45.43316277,-75.67733846,1653
15--11171,2015/09/22,1:01 PM,INNES RD @ LANTHIER DR/PRESTWICK DR (0004251),4251,02 - Intersection related,03 - P.D. only,03 - Rear end,01 - Clear,01 - Daylight,01 - Dry,01 - Traffic signal,01 - Functioning,2,0,0,0,,0,,,,,383539.3217,5035988.925,45.45939126,-75.49318504,1654