Anom_ID,Accident_Date,Accident_Time,Location,Geo_ID,Accident_Location,Classification_of_Accident,Initial_Impact_Type,Environment_Condition,Light,Road_Surface_Condition,Traffic_Control,Traffic_Control_Condition,No__of_Vehicles,No__of_Bicycles,No__of_Motorcycles,No__of_Pedestrians,Max_Injury,No__of_Injuries,No__of_Minimal,No__of_Minor,No__of_Major,No__of_Fatal,X,Y,Latitude,Longitude,ObjectId
15--11354,2015/09/26,6:21 PM,RIVERSIDE DR SB btwn BILLINGS BRIDGESC RAMP NB & DATA CENTRE RD (__3ZBOFM),__3ZBOFM,01 - Non intersection,03 - P.D. only,03 - Rear end,01 - Clear,01 - Daylight,01 - Dry,10 - No control,,2,0,0,0,,0,,,,,369002.6742,5027776.772,45.38698841,-75.68010954,1655
15--11631,2015/10/03,1:57 PM,GREENBANK RD @ BERRIGAN DR/WESSEX RD (0004726),4726,02 - Intersection related,03 - P.D. only,04 - Sideswipe,01 - Clear,01 - Daylight,01 - Dry,01 - Traffic signal,01 - Functioning,2,0,0,0,,0,,,,,363722.961,5015275.344,45.27496554,-75.74901534,1656
15--11632,2015/10/03,10:40 AM,HIGHWAY 416 btwn HWY416 IC66 RAMP34 & HWY416 IC72 RAMP53 (__3ZAZM6),__3ZAZM6,01 - Non intersection,03 - P.D. only,07 - SMV other,01 - Clear,01 - Daylight,01 - Dry,10 - No control,,1,0,0,0,,0,,,,,360284.4203,5017895.401,45.29882077,-75.79254375,1657
15--11633,2015/10/03,11:00 AM,CHURCHILL AVE @ RICHMOND RD (0002361),2361,02 - Intersection related,03 - P.D. only,03 - Rear end,01 - Clear,01 - Daylight,01 - Dry,01 - Traffic signal,01 - Functioning,2,0,0,0,,0,,,,,363227.8904,5028293.35,45.39214203,-75.75378777,1658
15--11634,2015/10/03,11:00 AM,HAZELDEAN RD @ TERRY FOX DR (0003682),3682,02 - Intersection related,03 - P.D. only,03 - Rear end,01 - Clear,01 - Daylight,01 - Dry,01 - Traffic signal,01 - Functioning,2,0,0,0,,0,,,,,352209.055,5017243.173,45.29354321,-75.89556512,1659
15--11635,2015/10/03,11:15 AM,RIVERSIDE DR @ HERON RD (0002236),2236,02 - Intersection related,02 - Non-fatal injury,03 - Rear end,01 - Clear,01 - Daylight,01 - Dry,01 - Traffic signal,01 - Functioning,2,0,0,0,01 - Minimal,1,1,,,,368120.7204,5026647.265,45.3769057,-75.69151613,1660
15--11636,2015/10/03,11:52 AM,TENTH LINE RD @ CHARLEMAGNE BLVD N/TOMPKINS AV (0009222),9222,02 - Intersection related,03 - P.D. only,03 - Rear end,01 - Clear,01 - Daylight,01 - Dry,01 - Traffic signal,01 - Functioning,2,0,0,0,,0,,,,,383183.9299,5037977.522,45.47732284,-75.49741146,1661
15--11637,2015/10/03,12:11 PM,ELGIN ST @ LAURIER AVE (0002232),2232,03 - At intersection,02 - Non-fatal injury,05 - Turning movement,01 - Clear,01 - Daylight,01 - Dry,01 - Traffic signal,01 - Functioning,2,1,0,0,02 - Minor,1,,1,,,367947.2685,5031549.215,45.42102764,-75.69310299,1662
15--11638,2015/10/03,12:12 PM,WEST HUNT CLUB RD btwn MOODIE DR & HWY416 IC72 RAMP53 (__3ZA4YJ),__3ZA4YJ,01 - Non intersection,03 - P.D. only,07 - SMV other,01 - Clear,01 - Daylight,01 - Dry,10 - No control,,1,0,0,0,,0,,,,,359052.0566,5019171.088,45.31039576,-75.80811627,1663
15--11639,2015/10/03,12:20 PM,HIGHWAY 417 btwn HWY417 IC115 RAMP51 & HWY417 IC115 RAMP35 (__3ZAZEB),__3ZAZEB,01 - Non intersection,03 - P.D. only,99 - Other,01 - Clear,01 - Daylight,01 - Dry,10 - No control,,2,0,0,0,,0,,,,,372365.2996,5031486.036,45.42004646,-75.6366642,1664
15--1164,2015/01/18,2:45 PM,MOODIE DR btwn CARLING AVE & Continuation of MOODIE DR (__5ILI7B),__5ILI7B,01 - Non intersection,03 - P.D. only,04 - Sideswipe,01 - Clear,01 - Daylight,02 - Wet,10 - No control,,2,0,0,0,,0,,,,,355968.1989,5023863.878,45.35285349,-75.84695736,1665
15--11640,2015/10/03,12:30 PM,HUNT CLUB RD @ RIVERSIDE DR (0002237),2237,02 - Intersection related,02 - Non-fatal injury,03 - Rear end,01 - Clear,01 - Daylight,01 - Dry,01 - Traffic signal,01 - Functioning,2,0,0,0,01 - Minimal,1,1,,,,368036.703,5021945.859,45.33461112,-75.69319015,1666
15--11641,2015/10/03,3:31 PM,KING EDWARD AVE NB btwn CATHCART ST & BRUYERE ST (__3ZA3LP),__3ZA3LP,01 - Non intersection,03 - P.D. only,03 - Rear end,01 - Clear,01 - Daylight,01 - Dry,10 - No control,,2,0,0,0,,0,,,,,368118.9738,5033081.603,45.43480001,-75.69071214,1667
15--11642,2015/10/03,3:49 PM,INNES RD btwn INNES RD & PAGE RD (__3ZA3JY),__3ZA3JY,01 - Non intersection,03 - P.D. only,04 - Sideswipe,01 - Clear,01 - Daylight,01 - Dry,10 - No control,,2,0,0,0,,0,,,,,380800.3844,5034490.013,45.44620854,-75.52843342,1668
15--11643,2015/10/03,3:50 PM,PRINCE OF WALES DR btwn MELFA CRES & NORMANDY CRES (__3ZA36S),__3ZA36S,01 - Non intersection,03 - P.D. only,03 - Rear end,01 - Clear,01 - Daylight,01 - Dry,10 - No control,,2,0,0,0,,0,,,,,367415.1882,5025328.779,45.36510568,-75.70069067,1669
15--11644,2015/10/03,4:29 AM,FALLOWFIELD RD @ MERIVALE RD (0000587),587,03 - At intersection,03 - P.D. only,02 - Angle,01 - Clear,07 - Dark,01 - Dry,01 - Traffic signal,01 - Functioning,2,0,0,0,,0,,,,,366891.7126,5018844.469,45.30680751,-75.708186,1670
15--11645,2015/10/03,5:23 PM,BASELINE RD @ MERIVALE RD (0002342),2342,02 - Intersection related,03 - P.D. only,03 - Rear end,01 - Clear,01 - Daylight,01 - Dry,01 - Traffic signal,01 - Functioning,2,0,0,0,,0,,,,,365055.4171,5025324.434,45.36527341,-75.73081189,1671
15--11646,2015/10/03,5:55 AM,BEAUSEJOUR DR btwn KAMOURASKA CIRC & ORLEANS BLVD (__3ZA6DP),__3ZA6DP,04 - At/near private drive,03 - P.D. only,06 - SMV unattended vehicle,01 - Clear,07 - Dark,01 - Dry,10 - No control,,1,0,0,0,,0,,,,,380991.6396,5035881.076,45.4587034,-75.52577335,1672
15--11647,2015/10/03,7:58 PM,RICHMOND RD @ STONEHAVEN DR (0010370),10370,02 - Intersection related,03 - P.D. only,04 - Sideswipe,01 - Clear,07 - Dark,01 - Dry,01 - Traffic signal,01 - Functioning,2,0,0,0,,0,,,,,356783.0825,5015892.518,45.2810663,-75.83739448,1673
15--11648,2015/10/03,7:59 AM,BEATRICE DR @ STRANDHERD DR (0005447),5447,03 - At intersection,02 - Non-fatal injury,02 - Angle,01 - Clear,01 - Daylight,01 - Dry,01 - Traffic signal,01 - Functioning,2,0,0,0,01 - Minimal,1,1,,,,365527.377,5015320.401,45.27521744,-75.72601427,1674
15--11649,2015/10/03,8:00 PM,QUEENSDALE AVE btwn EIGHTH ST & CONROY RD (__3ZA8PY),__3ZA8PY,04 - At/near private drive,03 - P.D. only,99 - Other,01 - Clear,07 - Dark,01 - Dry,10 - No control,,2,0,0,0,,0,,,,,374129.9488,5023914.512,45.35174872,-75.61518206,1675
15--1165,2015/01/18,2:49 PM,FIFTH AVE btwn O'CONNOR ST & QUEEN ELIZABETH DRWY (__3ZA93Q),__3ZA93Q,01 - Non intersection,03 - P.D. only,06 - SMV unattended vehicle,01 - Clear,01 - Daylight,04 - Slush,10 - No control,,1,0,0,0,,0,,,,,368748.6033,5029607.667,45.40348547,-75.68311645,1676
15--11650,2015/10/03,9:13 AM,DUNROBIN RD btwn VANCES SIDE RD & PORCUPINE TR (__3ZA3H0),__3ZA3H0,01 - Non intersection,03 - P.D. only,07 - SMV other,01 - Clear,01 - Daylight,01 - Dry,10 - No control,,1,0,0,0,,0,,,,,341091.1255,5032742.946,45.43367784,-76.03616784,1677
15--11651,2015/10/03,9:16 PM,MACLAREN ST btwn BRONSON AVE & PERCY ST (__3ZA0W6),__3ZA0W6,01 - Non intersection,03 - P.D. only,05 - Turning movement,01 - Clear,07 - Dark,01 - Dry,10 - No control,,2,0,0,0,,0,,,,,367142.1258,5030486.996,45.41154233,-75.70352449,1678
15--11652,2015/10/03,9:20 PM,ST. LAURENT BLVD @ COVENTRY RD/OGILVIE RD (0002151),2151,03 - At intersection,03 - P.D. only,03 - Rear end,01 - Clear,07 - Dark,01 - Dry,01 - Traffic signal,01 - Functioning,2,0,0,0,,0,,,,,372306.4402,5031951.935,45.42424408,-75.63735237,1679
15--11653,2015/10/03,9:21 PM,BLAKE BLVD btwn LAFONTAINE AVE & JEAN TALON ST (__3ZA7D4),__3ZA7D4,04 - At/near private drive,03 - P.D. only,06 - SMV unattended vehicle,01 - Clear,07 - Dark,01 - Dry,10 - No control,,1,0,0,0,,0,,,,,370958.0025,5033039.391,45.43415737,-75.65443571,1680
15--11654,2015/10/03,9:30 AM,DALY AVE btwn MACKENZIE AVE & NICHOLAS ST (__3ZA8JX),__3ZA8JX,01 - Non intersection,03 - P.D. only,04 - Sideswipe,01 - Clear,01 - Daylight,01 - Dry,10 - No control,,2,0,0,0,,0,,,,,368149.0006,5032002.53,45.42508817,-75.69046722,1681
15--11655,2015/10/03,9:41 AM,MONTREAL RD/HANNAH ST @ CODY AVE (0009349),9349,02 - Intersection related,03 - P.D. only,04 - Sideswipe,01 - Clear,01 - Daylight,01 - Dry,01 - Traffic signal,01 - Functioning,2,0,0,0,,0,,,,,370256.1346,5033171.324,45.4354105,-75.66338777,1682
15--11656,2015/10/03,9:54 AM,8TH LINE RD @ VAN RENS ST (0010438),10438,02 - Intersection related,03 - P.D. only,03 - Rear end,01 - Clear,01 - Daylight,01 - Dry,02 - Stop sign,01 - Functioning,2,0,0,0,,0,,,,,385690.8029,5010549.676,45.23026301,-75.46983925,1683
15--11657,2015/10/04,1:45 PM,EVANS BLVD @ HERON RD (0007189),7189,02 - Intersection related,03 - P.D. only,03 - Rear end,01 - Clear,01 - Daylight,01 - Dry,02 - Stop sign,01 - Functioning,2,0,0,0,,0,,,,,370262.0056,5026883.464,45.37883416,-75.6641476,1684
15--11658,2015/10/04,10:12 PM,RUSSELL RD btwn ST. LAURENT BLVD & SOUTHVALE CRES (__3ZA3RV),__3ZA3RV,01 - Non intersection,03 - P.D. only,03 - Rear end,01 - Clear,07 - Dark,01 - Dry,10 - No control,,2,0,0,0,,0,,,,,373650.5995,5029203.505,45.39938404,-75.62056162,1685
15--11659,2015/10/04,10:50 AM,CYRVILLE RD @ ST. LAURENT BLVD (0002647),2647,02 - Intersection related,03 - P.D. only,03 - Rear end,01 - Clear,01 - Daylight,01 - Dry,01 - Traffic signal,01 - Functioning,2,0,0,0,,0,,,,,372240.2794,5032110.499,45.42567715,-75.63817602,1686
15--1166,2015/01/18,3:00 PM,SILVERADO CRES btwn AQUAVIEW DR & BOIS VERT PL (__4V3IAZ),__4V3IAZ,01 - Non intersection,03 - P.D. only,06 - SMV unattended vehicle,02 - Rain,01 - Daylight,04 - Slush,10 - No control,,1,0,0,0,,0,,,,,384624.7715,5035807.471,45.45763554,-75.4793374,1687
15--11660,2015/10/04,11:42 AM,FERGUSON ST @ GAGE CRES (0003310),3310,03 - At intersection,02 - Non-fatal injury,02 - Angle,01 - Clear,01 - Daylight,01 - Dry,03 - Yield sign,01 - Functioning,2,0,0,0,03 - Major,1,,,1,,363405.9698,5024396.444,45.35706331,-75.75197606,1688
15--11661,2015/10/04,12:13 PM,ANDERSON RD btwn RIDGE RD & RUSSELL RD (__3ZA2B4),__3ZA2B4,01 - Non intersection,02 - Non-fatal injury,07 - SMV other,01 - Clear,01 - Daylight,01 - Dry,10 - No control,,1,0,0,0,02 - Minor,2,,2,,,379103.9205,5028319.886,45.39087628,-75.55104792,1689
15--11662,2015/10/04,12:29 PM,BASELINE RD @ MERIVALE RD (0002342),2342,02 - Intersection related,03 - P.D. only,02 - Angle,01 - Clear,01 - Daylight,01 - Dry,01 - Traffic signal,01 - Functioning,2,0,0,0,,0,,,,,365055.4171,5025323.713,45.36526692,-75.73081198,1690
15--11663,2015/10/04,12:41 PM,BANK ST btwn BLAIS RD & RIDEAU RD (__3ZA29L),__3ZA29L,04 - At/near private drive,02 - Non-fatal injury,03 - Rear end,01 - Clear,01 - Daylight,01 - Dry,10 - No control,,3,0,0,0,01 - Minimal,2,2,,,,376524.2237,5018841.957,45.30586733,-75.58536407,1691
15--11664,2015/10/04,12:55 PM,ST. JOSEPH BLVD @ TENTH LINE RD (0009163),9163,02 - Intersection related,03 - P.D. only,03 - Rear end,01 - Clear,01 - Daylight,01 - Dry,01 - Traffic signal,01 - Functioning,2,0,0,0,,0,,,,,382890.0818,5038665.731,45.48354765,-75.50105999,1692
15--11665,2015/10/04,12:55 PM,WEST HUNT CLUB RD WB btwn MERIVALE RD & ROYDON PL (__3ZA3JR),__3ZA3JR,01 - Non intersection,02 - Non-fatal injury,03 - Rear end,01 - Clear,01 - Daylight,01 - Dry,10 - No control,,2,0,0,0,02 - Minor,1,,1,,,365801.4554,5022062.463,45.33585819,-75.72169165,1693
15--11666,2015/10/04,3:00 PM,PRESTON ST btwn GEORGE ST W & ABERDEEN ST (__3ZA3ZV),__3ZA3ZV,01 - Non intersection,03 - P.D. only,06 - SMV unattended vehicle,01 - Clear,01 - Daylight,01 - Dry,10 - No control,,1,0,0,0,,0,,,,,366636.0153,5029379.059,45.40161832,-75.71012883,1694
15--11667,2015/10/04,4:27 PM,GILMOUR ST @ KENT ST (0007283),7283,02 - Intersection related,03 - P.D. only,99 - Other,01 - Clear,01 - Daylight,01 - Dry,01 - Traffic signal,01 - Functioning,2,0,0,0,,0,,,,,367614.9881,5030671.49,45.41316006,-75.69746034,1695
15--11668,2015/10/04,4:42 PM,RESEARCH RD @ UPLANDS DR (0008656),8656,03 - At intersection,03 - P.D. only,02 - Angle,01 - Clear,01 - Daylight,01 - Dry,01 - Traffic signal,01 - Functioning,2,0,0,0,,0,,,,,370831.2033,5021556.678,45.33085198,-75.65759204,1696
15--11669,2015/10/04,4:50 PM,ROTHESAY DR btwn ROTHESAY DR & SHOULDICE CRES (__3ZABZJ),__3ZABZJ,01 - Non intersection,03 - P.D. only,06 - SMV unattended vehicle,01 - Clear,01 - Daylight,01 - Dry,10 - No control,,1,0,0,0,,0,,,,,354077.9952,5017137.196,45.29246102,-75.87174928,1697
15--1167,2015/01/18,3:40 PM,BANFF AVE btwn SURREY AVE & NOTTING HILL AVE (__3ZBOQT),__3ZBOQT,04 - At/near private drive,03 - P.D. only,05 - Turning movement,02 - Rain,01 - Daylight,06 - Ice,10 - No control,,2,0,0,0,,0,,,,,370606.4458,5025869.636,45.36967981,-75.65988517,1698
15--11670,2015/10/04,5:46 PM,INNES RD @ ORIENT PARK DR (0004143),4143,02 - Intersection related,03 - P.D. only,03 - Rear end,01 - Clear,01 - Daylight,01 - Dry,01 - Traffic signal,01 - Functioning,2,0,0,0,,0,,,,,378320.7401,5033036.93,45.4333999,-75.56034516,1699
15--11671,2015/10/04,6:32 PM,AIRPORT PKWY btwn RAMP & RAMP (2) (__3ZA224),__3ZA224,01 - Non intersection,03 - P.D. only,03 - Rear end,01 - Clear,07 - Dark,01 - Dry,10 - No control,,3,0,0,0,,0,,,,,368905.4021,5026245.943,45.37322337,-75.68155037,1700
15--11672,2015/10/04,7:46 AM,WOODROFFE AVE @ KNOXDALE RD/MEDHURST DR (0000519),519,03 - At intersection,03 - P.D. only,02 - Angle,01 - Clear,01 - Daylight,01 - Dry,01 - Traffic signal,01 - Functioning,2,0,0,0,,0,,,,,363419.6899,5021826.127,45.33393468,-75.75210557,1701
15--11673,2015/10/04,7:55 PM,REGIONAL ROAD 174 btwn EAST SHORE RD & MORIN RD (__3ZA27Q),__3ZA27Q,01 - Non intersection,03 - P.D. only,03 - Rear end,01 - Clear,07 - Dark,01 - Dry,10 - No control,,2,0,0,0,,0,,,,,391936.7267,5042789.848,45.51958064,-75.38462239,1702
15--11674,2015/10/04,7:59 AM,ST. JOSEPH BLVD @ TENTH LINE RD (0009163),9163,02 - Intersection related,03 - P.D. only,03 - Rear end,01 - Clear,01 - Daylight,01 - Dry,01 - Traffic signal,01 - Functioning,2,0,0,0,,0,,,,,382890.0831,5038666.092,45.4835509,-75.50105992,1703
15--11675,2015/10/04,9:25 AM,WEST HUNT CLUB RD @ ANTARES DR/LASER ST (0000116),116,03 - At intersection,03 - P.D. only,05 - Turning movement,01 - Clear,01 - Daylight,01 - Dry,01 - Traffic signal,01 - Functioning,2,0,0,0,,0,,,,,367108.432,5022079.7,45.33589844,-75.70501556,1704
15--11676,2015/10/05,1:00 PM,HIGHWAY 417 btwn HWY417 IC118 RAMP35 & HWY417 IC117 RAMP51 (__3ZA2YP),__3ZA2YP,01 - Non intersection,03 - P.D. only,03 - Rear end,01 - Clear,01 - Daylight,01 - Dry,10 - No control,,2,0,0,0,,0,,,,,370433.125,5031132.153,45.41704629,-75.66139758,1705
15--11677,2015/10/05,1:20 PM,RIVERSIDE DR @ TREMBLAY RD/HWY417 IC117 RAMP52 (0010790),10790,02 - Intersection related,02 - Non-fatal injury,03 - Rear end,01 - Clear,01 - Daylight,01 - Dry,01 - Traffic signal,01 - Functioning,2,0,0,0,01 - Minimal,1,1,,,,370801.3574,5031015.548,45.41596249,-75.65670876,1706
15--11678,2015/10/05,1:21 PM,EQUESTRIAN DR @ SILVER HORSE CRES (0003614),3614,02 - Intersection related,03 - P.D. only,03 - Rear end,01 - Clear,01 - Daylight,01 - Dry,02 - Stop sign,00 - Unknown,2,0,0,0,,0,,,,,355232.6311,5016217.747,45.28410572,-75.85712308,1707
15--11679,2015/10/05,1:52 PM,HAZELDEAN RD @ HUNTMAR DR/IBER RD (0000075),75,03 - At intersection,02 - Non-fatal injury,03 - Rear end,01 - Clear,01 - Daylight,01 - Dry,01 - Traffic signal,01 - Functioning,2,0,0,0,02 - Minor,1,,1,,,350941.8772,5016079.072,45.28315263,-75.91182822,1708
15--1168,2015/01/18,4:39 PM,HOLMWOOD AVE btwn MORRIS ST & RALPH ST (__3ZA9MS),__3ZA9MS,04 - At/near private drive,03 - P.D. only,06 - SMV unattended vehicle,01 - Clear,05 - Dusk,05 - Packed snow,10 - No control,,1,0,0,0,,0,,,,,368229.2874,5029048.362,45.39850026,-75.68982149,1709
15--11680,2015/10/05,11:02 AM,HOLMWOOD AVE btwn RALPH ST & MONK ST (__3ZA9M3),__3ZA9M3,01 - Non intersection,03 - P.D. only,04 - Sideswipe,01 - Clear,01 - Daylight,01 - Dry,10 - No control,,2,0,0,0,,0,,,,,368348.5931,5029117.069,45.39910765,-75.68828891,1710
15--11681,2015/10/05,11:10 PM,HIGHWAY 417 btwn HWY417 IC121A RAMP61 & HWY417 IC120B RAMP36 (__3ZA2YV),__3ZA2YV,01 - Non intersection,02 - Non-fatal injury,07 - SMV other,01 - Clear,07 - Dark,01 - Dry,10 - No control,,1,0,0,0,02 - Minor,1,,1,,,367535.6438,5029883.121,45.40607368,-75.69857429,1711
15--11682,2015/10/05,Unknown,PHILIP ST btwn ELIZABETH ST & SUNSTRUM ST (__3ZA7F9),__3ZA7F9,01 - Non intersection,03 - P.D. only,06 - SMV unattended vehicle,01 - Clear,00 - Unknown,01 - Dry,10 - No control,,1,0,0,0,,0,,,,,375196.1998,5000945.742,45.14497573,-75.60482812,1712
15--11683,2015/10/05,12:15 PM,WOODROFFE AVE btwn CARLING AVE & FOX CRES (__3ZA4NI),__3ZA4NI,04 - At/near private drive,03 - P.D. only,02 - Angle,01 - Clear,01 - Daylight,01 - Dry,10 - No control,,2,0,0,0,,0,,,,,361777.7737,5025697.045,45.36890023,-75.77260606,1713
15--11684,2015/10/05,2:56 PM,RICHMOND RD @ WOODROFFE AVE (0011466),11466,02 - Intersection related,03 - P.D. only,03 - Rear end,01 - Clear,01 - Daylight,01 - Dry,01 - Traffic signal,01 - Functioning,2,0,0,0,,0,,,,,361583.9657,5026654.163,45.37752802,-75.77497003,1714
15--11685,2015/10/05,3:18 PM,DONALD ST @ ST. LAURENT BLVD (0008630),8630,02 - Intersection related,02 - Non-fatal injury,03 - Rear end,01 - Clear,01 - Daylight,01 - Dry,01 - Traffic signal,01 - Functioning,3,0,0,0,02 - Minor,2,1,1,,,372092.9922,5032473.666,45.42895894,-75.64000837,1715
15--11686,2015/10/05,3:29 PM,MICHAEL COWPLAND DR btwn TERENCE MATTHEWS CRES & EAGLESON RD (__3ZBNEN),__3ZBNEN,04 - At/near private drive,03 - P.D. only,02 - Angle,01 - Clear,01 - Daylight,01 - Dry,10 - No control,,2,0,0,0,,0,,,,,354341.5449,5016607.228,45.28767372,-75.86844238,1716
15--11687,2015/10/05,3:45 PM,BLAIR RD btwn OGILVIE RD & OR174 IC112 RAMP36 (__3ZA25Q),__3ZA25Q,01 - Non intersection,03 - P.D. only,04 - Sideswipe,01 - Clear,01 - Daylight,01 - Dry,10 - No control,,2,0,0,0,,0,,,,,374514.9309,5033176.593,45.43504628,-75.60896064,1717
15--11688,2015/10/05,3:45 PM,HIGHWAY 417 btwn HWY417 IC169 RAMP35 & HWY417 IC169 RAMP25 (__5SO7MP),__5SO7MP,01 - Non intersection,03 - P.D. only,04 - Sideswipe,01 - Clear,01 - Daylight,01 - Dry,10 - No control,,2,0,0,0,,0,,,,,325622.6315,5024708.112,45.3620081,-76.2342049,1718
15--11689,2015/10/05,4:00 PM,TELESAT CRT btwn JAMES NAISMITH DR & MEADOWBROOK RD (__3ZAZOK),__3ZAZOK,04 - At/near private drive,03 - P.D. only,05 - Turning movement,01 - Clear,01 - Daylight,01 - Dry,10 - No control,,2,0,0,0,,0,,,,,374932.6562,5032308.137,45.42719062,-75.60374596,1719
15--1169,2015/01/18,5:01 AM,MITCH OWENS RD btwn TURN LANE & SALE BARN RD (__3ZA2CS),__3ZA2CS,01 - Non intersection,03 - P.D. only,07 - SMV other,01 - Clear,07 - Dark,05 - Packed snow,10 - No control,,1,0,0,0,,0,,,,,378192.4859,5016229.548,45.2821897,-75.56447958,1720
15--11690,2015/10/05,4:13 PM,MELANSON CRES btwn CHARDONNAY DR & CHARDONNAY DR (__4LNNOF),__4LNNOF,01 - Non intersection,03 - P.D. only,07 - SMV other,01 - Clear,01 - Daylight,01 - Dry,10 - No control,,1,0,0,0,,0,,,,,385025.0628,5035997.409,45.45929858,-75.47418899,1721
15--11691,2015/10/05,4:38 PM,BANK ST btwn BLAIS RD & RIDEAU RD (__3ZA29L),__3ZA29L,04 - At/near private drive,03 - P.D. only,02 - Angle,01 - Clear,01 - Daylight,01 - Dry,10 - No control,,2,0,0,0,,0,,,,,376513.9718,5018877.747,45.30619041,-75.58548961,1722
15--11692,2015/10/05,5:15 PM,HIGHWAY 417 btwn HWY417 IC126 RAMP61 & HWY417 IC124 RAMP76 (__3ZA2Y2),__3ZA2Y2,01 - Non intersection,03 - P.D. only,03 - Rear end,01 - Clear,01 - Daylight,01 - Dry,10 - No control,,2,0,0,0,,0,,,,,364106.116,5027120.84,45.38151816,-75.74271338,1723
15--11693,2015/10/05,5:19 PM,BELFAST RD @ ST. LAURENT BLVD (0007658),7658,02 - Intersection related,03 - P.D. only,03 - Rear end,01 - Clear,01 - Daylight,01 - Dry,01 - Traffic signal,01 - Functioning,2,0,0,0,,0,,,,,372859.2827,5030578.922,45.41183679,-75.63047819,1724
15--11694,2015/10/05,5:25 PM,RENAUD RD @ NAVAN RD (0003685),3685,02 - Intersection related,02 - Non-fatal injury,03 - Rear end,01 - Clear,01 - Daylight,01 - Dry,01 - Traffic signal,01 - Functioning,2,0,0,0,01 - Minimal,1,1,,,,381814.5711,5032742.419,45.43037407,-75.5157437,1725
15--11695,2015/10/05,6:19 AM,CARLING AVE @ PRESTON ST (0002161),2161,03 - At intersection,02 - Non-fatal injury,05 - Turning movement,01 - Clear,07 - Dark,01 - Dry,01 - Traffic signal,01 - Functioning,2,1,0,0,02 - Minor,1,,1,,,366830.4307,5028935.914,45.39761382,-75.70770141,1726
15--11696,2015/10/05,6:45 AM,HIGHWAY 417 btwn HWY417 IC144 RAMP25 & HWY417 IC142 RAMP51 (__3ZA20J),__3ZA20J,01 - Non intersection,02 - Non-fatal injury,07 - SMV other,01 - Clear,03 - Dawn,01 - Dry,10 - No control,,1,0,0,0,02 - Minor,1,,1,,,348010.119,5016367.492,45.28593427,-75.94917252,1727
15--11697,2015/10/05,6:56 PM,INNES RD EB btwn ORLEANS BLVD & INNES RD (__3ZA3KL),__3ZA3KL,01 - Non intersection,02 - Non-fatal injury,04 - Sideswipe,01 - Clear,05 - Dusk,01 - Dry,10 - No control,,2,0,0,0,02 - Minor,1,,1,,,380553.0474,5034333.52,45.44482738,-75.53161894,1728
15--11698,2015/10/05,7:07 PM,BELCOURT BLVD @ INNES RD (0004202),4202,03 - At intersection,03 - P.D. only,04 - Sideswipe,01 - Clear,05 - Dusk,01 - Dry,01 - Traffic signal,01 - Functioning,2,0,0,0,,0,,,,,382122.2996,5035265.529,45.45304101,-75.51141506,1729
15--11699,2015/10/05,7:09 AM,RICHMOND RD btwn KHYMER CRT & STEEPLE HILL CRES (__3ZA41D),__3ZA41D,01 - Non intersection,02 - Non-fatal injury,01 - Approaching,01 - Clear,01 - Daylight,01 - Dry,10 - No control,,3,0,0,0,02 - Minor,2,,2,,,357322.3229,5014550.722,45.2689525,-75.83066344,1730
15--117,2015/01/04,1:03 PM,CARLING AVE @ CONNAUGHT AVE (0002143),2143,02 - Intersection related,03 - P.D. only,04 - Sideswipe,04 - Freezing Rain,01 - Daylight,02 - Wet,01 - Traffic signal,01 - Functioning,2,0,0,0,,0,,,,,360771.6401,5025117.997,45.36377106,-75.78551522,1731
15--11172,2015/09/22,1:10 AM,BANK ST @ JOHN QUINN RD (0001633),1633,02 - Intersection related,03 - P.D. only,07 - SMV other,01 - Clear,07 - Dark,01 - Dry,02 - Stop sign,01 - Functioning,1,0,0,0,,0,,,,,383422.7874,5010702.053,45.23189088,-75.49869432,1732
15--11173,2015/09/22,1:40 PM,CUMMINGS AVE btwn WELDON DR & OGILVIE RD (__3ZA7UQ),__3ZA7UQ,04 - At/near private drive,03 - P.D. only,05 - Turning movement,01 - Clear,01 - Daylight,01 - Dry,10 - No control,,2,0,0,0,,0,,,,,372720.7111,5032232.911,45.42673207,-75.63202037,1733
15--11174,2015/09/22,11:03 AM,RIVERSIDE DR @ RIVERSIDE HOSPITAL (0011960),11960,03 - At intersection,03 - P.D. only,05 - Turning movement,01 - Clear,01 - Daylight,01 - Dry,01 - Traffic signal,01 - Functioning,2,0,0,0,,0,,,,,369714.4832,5028627.02,45.39457305,-75.67090859,1734
15--11175,2015/09/22,11:33 AM,ANN ST @ BEAVERWOOD RD (0008989),8989,03 - At intersection,03 - P.D. only,02 - Angle,01 - Clear,01 - Daylight,01 - Dry,02 - Stop sign,01 - Functioning,2,0,0,0,,0,,,,,368853.9763,5009699.107,45.22434233,-75.68434444,1735
15--11176,2015/09/22,11:51 AM,SHEFFIELD RD @ WALKLEY RD (0005156),5156,03 - At intersection,03 - P.D. only,05 - Turning movement,01 - Clear,01 - Daylight,01 - Dry,01 - Traffic signal,01 - Functioning,2,0,0,0,,0,,,,,375257.7351,5028784.178,45.39545126,-75.60009586,1736
15--11355,2015/09/26,7:07 PM,KING EDWARD AVE @ LAURIER AVE (0002170),2170,02 - Intersection related,03 - P.D. only,03 - Rear end,01 - Clear,01 - Daylight,01 - Dry,01 - Traffic signal,01 - Functioning,2,0,0,0,,0,,,,,368739.7072,5032036.384,45.42533903,-75.68291499,1737