Anom_ID,Accident_Date,Accident_Time,Location,Geo_ID,Accident_Location,Classification_of_Accident,Initial_Impact_Type,Environment_Condition,Light,Road_Surface_Condition,Traffic_Control,Traffic_Control_Condition,No__of_Vehicles,No__of_Bicycles,No__of_Motorcycles,No__of_Pedestrians,Max_Injury,No__of_Injuries,No__of_Minimal,No__of_Minor,No__of_Major,No__of_Fatal,X,Y,Latitude,Longitude,ObjectId
15--11177,2015/09/22,12:45 PM,ALTA VISTA DR @ KILBORN AVE (0008082),8082,03 - At intersection,03 - P.D. only,02 - Angle,01 - Clear,01 - Daylight,01 - Dry,01 - Traffic signal,01 - Functioning,2,0,0,0,,0,,,,,370365.0024,5027750.458,45.38662544,-75.66271748,1738
15--11178,2015/09/22,3:18 PM,DONALD ST @ VANIER PKWY (0007644),7644,02 - Intersection related,03 - P.D. only,04 - Sideswipe,01 - Clear,01 - Daylight,01 - Dry,01 - Traffic signal,01 - Functioning,2,0,0,0,,0,,,,,370309.7854,5032270.103,45.42729666,-75.66282201,1739
15--11356,2015/09/26,7:21 PM,GEORGE ST btwn SUSSEX DR & 26 W OF BYWARD MARKET/FREIMAN MALL (__3ZA40PA),__3ZA40PA,04 - At/near private drive,02 - Non-fatal injury,02 - Angle,01 - Clear,05 - Dusk,01 - Dry,10 - No control,,2,0,1,0,01 - Minimal,1,1,,,,367882.9096,5032136.819,45.42632051,-75.69385004,1740
15--11179,2015/09/22,3:30 PM,HUNT CLUB RD @ BRIDLE PATH DR/DAZE ST (0008214),8214,02 - Intersection related,03 - P.D. only,03 - Rear end,01 - Clear,01 - Daylight,01 - Dry,01 - Traffic signal,01 - Functioning,2,0,0,0,,0,,,,,371291.0082,5023864.864,45.35157692,-75.65141641,1741
15--11357,2015/09/26,7:31 PM,MONTREAL RD btwn BEGIN ST & PARK ST (__3ZA3L5),__3ZA3L5,01 - Non intersection,03 - P.D. only,04 - Sideswipe,01 - Clear,05 - Dusk,01 - Dry,10 - No control,,2,0,0,0,,0,,,,,370488.1068,5033300.191,45.43654823,-75.66040599,1742
15--1118,2015/01/17,12:55 PM,HAIG DR btwn SANDRA AVE & HANEY AVE (__3ZA1LR),__3ZA1LR,04 - At/near private drive,03 - P.D. only,02 - Angle,01 - Clear,01 - Daylight,02 - Wet,10 - No control,,2,0,0,0,,0,,,,,372433.0169,5028381.864,45.39210994,-75.63622482,1743
15--11180,2015/09/22,3:45 PM,BASELINE RD btwn 207 E OF CLYDE AVE & LOBLAWS SC (__3ZA4ISB),__3ZA4ISB,04 - At/near private drive,03 - P.D. only,02 - Angle,01 - Clear,01 - Daylight,01 - Dry,10 - No control,,2,1,0,0,,0,,,,,364655.7389,5025075.309,45.36306607,-75.73594369,1744
15--11358,2015/09/26,7:40 PM,STONEHAVEN DR btwn FURLONG CRES & STONEMEADOW DR (__3ZA4W6),__3ZA4W6,01 - Non intersection,03 - P.D. only,07 - SMV other,01 - Clear,07 - Dark,01 - Dry,10 - No control,,1,0,0,0,,0,,,,,355851.5247,5016761.301,45.28895204,-75.84917848,1745
15--11181,2015/09/22,4:45 PM,AIRPORT PKWY @ HUNT CLUB RD (0010856),10856,02 - Intersection related,03 - P.D. only,03 - Rear end,01 - Clear,01 - Daylight,01 - Dry,01 - Traffic signal,01 - Functioning,3,0,0,0,,0,,,,,371018.528,5023702.638,45.35014305,-75.65491525,1746
15--11359,2015/09/26,8:00 PM,HOPE SIDE RD @ RICHMOND RD (0000581),581,02 - Intersection related,03 - P.D. only,07 - SMV other,01 - Clear,07 - Dark,01 - Dry,02 - Stop sign,01 - Functioning,1,0,0,0,,0,,,,,356952.0961,5015485.705,45.2773932,-75.83528303,1747
15--1136,2015/01/17,8:00 PM,EAGLESON RD btwn 240 N OF CADENCE GT/COPE DR/LOBLAWS SC & CADENCE GT/C (__3ZA41IB),__3ZA41IB,04 - At/near private drive,03 - P.D. only,03 - Rear end,01 - Clear,07 - Dark,01 - Dry,10 - No control,,2,0,0,0,,0,,,,,354580.0408,5016124.21,45.28331057,-75.86545068,1748
15--11360,2015/09/26,9:06 PM,BASELINE RD @ NAVAHO DR (0003158),3158,02 - Intersection related,03 - P.D. only,03 - Rear end,01 - Clear,07 - Dark,01 - Dry,01 - Traffic signal,01 - Functioning,2,0,0,0,,0,,,,,363084.2493,5024096.425,45.35439059,-75.7561174,1749
15--11361,2015/09/26,9:23 AM,SOMERSET ST    W btwn BREEZEHILL AVE N & PRESTON ST (__3ZA32I),__3ZA32I,01 - Non intersection,03 - P.D. only,06 - SMV unattended vehicle,01 - Clear,01 - Daylight,01 - Dry,10 - No control,,1,0,0,0,,0,,,,,366090.6925,5030032.155,45.40754266,-75.71701275,1750
15--11362,2015/09/26,9:43 AM,HAZELDEAN RD btwn YOUNG RD & CASTLEFRANK RD (__3ZA41L),__3ZA41L,04 - At/near private drive,03 - P.D. only,03 - Rear end,01 - Clear,01 - Daylight,01 - Dry,10 - No control,,2,0,0,0,,0,,,,,352661.3015,5017659.832,45.29726175,-75.88975938,1751
15--11363,2015/09/27,1:53 PM,CARLING AVE @ MAITLAND AVE/SHERBOURNE RD (0002641),2641,03 - At intersection,03 - P.D. only,04 - Sideswipe,01 - Clear,01 - Daylight,01 - Dry,01 - Traffic signal,01 - Functioning,2,0,0,0,,0,,,,,362942.6979,5026487.805,45.37591972,-75.75764247,1752
15--11364,2015/09/27,10:00 AM,EAGLESON RD @ MICHAEL COWPLAND DR/STONEHAVEN D (0003544),3544,02 - Intersection related,03 - P.D. only,03 - Rear end,01 - Clear,01 - Daylight,01 - Dry,01 - Traffic signal,01 - Functioning,2,0,0,0,,0,,,,,354381.9053,5016622.363,45.28780706,-75.86792639,1753
15--11365,2015/09/27,10:59 AM,LAJOIE ST @ MONTREAL RD (0009795),9795,02 - Intersection related,03 - P.D. only,04 - Sideswipe,01 - Clear,01 - Daylight,01 - Dry,01 - Traffic signal,01 - Functioning,2,0,0,0,,0,,,,,370534.7107,5033326.84,45.43678363,-75.65980683,1754
15--11366,2015/09/27,Unknown,TRANSITWAY - LINCOLN FIEL @ OTTAWA RIVER PKWY  (0002636),2636,02 - Intersection related,03 - P.D. only,05 - Turning movement,02 - Rain,00 - Unknown,02 - Wet,01 - Traffic signal,01 - Functioning,2,0,0,0,,0,,,,,360922.4737,5025494.874,45.36715012,-75.78354716,1755
15--11367,2015/09/27,12:00 PM,COLONEL BY DR/MACKENZIE AVE @ DALY AVE (0008541),8541,02 - Intersection related,03 - P.D. only,04 - Sideswipe,01 - Clear,01 - Daylight,01 - Dry,01 - Traffic signal,01 - Functioning,2,0,0,0,,0,,,,,368003.0644,5031905.057,45.42422435,-75.69234445,1756
15--11368,2015/09/27,12:15 PM,KENT ST btwn NEPEAN ST & LISGAR ST (__3ZBOEX),__3ZBOEX,01 - Non intersection,02 - Non-fatal injury,04 - Sideswipe,01 - Clear,01 - Daylight,01 - Dry,10 - No control,,2,0,0,0,01 - Minimal,1,1,,,,367436.0281,5030966.521,45.4158307,-75.69970906,1757
15--11369,2015/09/27,12:15 PM,HWY417 IC127 RAMP51 btwn HIGHWAY 417 & HWY417 IC127 RAMP53 (__3ZAYBM),__3ZAYBM,01 - Non intersection,03 - P.D. only,07 - SMV other,01 - Clear,01 - Daylight,01 - Dry,10 - No control,,1,0,0,0,,0,,,,,361962.1093,5024667.315,45.35961979,-75.77037209,1758
15--1137,2015/01/17,8:00 PM,INNES RD @ TENTH LINE RD (0004633),4633,02 - Intersection related,03 - P.D. only,03 - Rear end,01 - Clear,07 - Dark,01 - Dry,01 - Traffic signal,01 - Functioning,2,0,0,0,,0,,,,,383951.7603,5036160.043,45.46088422,-75.4878846,1759
15--11370,2015/09/27,12:55 PM,CAMPEAU DR btwn KANATA AVE & STONECROFT TER (__3ZA5R3),__3ZA5R3,04 - At/near private drive,03 - P.D. only,03 - Rear end,01 - Clear,01 - Daylight,01 - Dry,10 - No control,,2,0,0,0,,0,,,,,350682.7488,5019525.112,45.31417804,-75.91481228,1760
15--11371,2015/09/27,2:23 PM,MERIVALE RD @ WEST HUNT CLUB RD (0000584),584,02 - Intersection related,02 - Non-fatal injury,07 - SMV other,01 - Clear,01 - Daylight,01 - Dry,01 - Traffic signal,01 - Functioning,1,0,1,0,01 - Minimal,1,1,,,,365612.6952,5021941.776,45.33478865,-75.72411462,1761
15--11372,2015/09/27,3:01 PM,MAURICE ST @ RENAUD RD (0004449),4449,03 - At intersection,02 - Non-fatal injury,07 - SMV other,01 - Clear,01 - Daylight,01 - Dry,02 - Stop sign,01 - Functioning,1,0,1,0,02 - Minor,1,,1,,,378421.7491,5031675.477,45.42113982,-75.55925786,1762
15--11373,2015/09/27,3:14 AM,BRIDLE PARK DR btwn EQUESTRIAN DR & RIVERGREEN CRES (__3ZAZRD),__3ZAZRD,01 - Non intersection,02 - Non-fatal injury,03 - Rear end,01 - Clear,07 - Dark,01 - Dry,10 - No control,,2,0,0,0,01 - Minimal,1,1,,,,355304.0904,5016278.185,45.28464442,-75.85620608,1763
15--11374,2015/09/27,3:23 PM,BEVINGTON WALK btwn FAIRLAKES WAY & STONEHAM PLACE (__6ZT43M),__6ZT43M,04 - At/near private drive,03 - P.D. only,06 - SMV unattended vehicle,01 - Clear,01 - Daylight,01 - Dry,10 - No control,,1,0,0,0,,0,,,,,384850.4392,5034300.947,45.44405541,-75.47669757,1764
15--11375,2015/09/27,5:10 PM,MAITLAND AVE btwn HWY417 IC126 RAMP25 & WOODWARD DR (__3ZBOCF),__3ZBOCF,01 - Non intersection,03 - P.D. only,04 - Sideswipe,01 - Clear,01 - Daylight,01 - Dry,10 - No control,,2,0,0,0,,0,,,,,363270.091,5025677.302,45.36859967,-75.75355867,1765
15--11376,2015/09/27,5:24 PM,BASELINE RD @ MERIVALE RD (0002342),2342,02 - Intersection related,03 - P.D. only,04 - Sideswipe,01 - Clear,01 - Daylight,01 - Dry,01 - Traffic signal,01 - Functioning,2,0,0,0,,0,,,,,365055.4171,5025325.875,45.36528638,-75.73081172,1766
15--11377,2015/09/27,5:50 PM,HEATHERINGTON RD @ FAIRLEA CRES S/ANGELA PRIV (0006830),6830,03 - At intersection,03 - P.D. only,05 - Turning movement,01 - Clear,01 - Daylight,01 - Dry,02 - Stop sign,01 - Functioning,2,0,0,0,,0,,,,,371875.4572,5026501.168,45.37524179,-75.64360044,1767
15--11378,2015/09/27,5:59 PM,AVIATION PKWY btwn MONTREAL RD & LA CITE PRIV (2) (__3ZBPNZ),__3ZBPNZ,04 - At/near private drive,02 - Non-fatal injury,02 - Angle,01 - Clear,01 - Daylight,01 - Dry,10 - No control,,2,0,1,0,03 - Major,1,,,1,,372230.0935,5033974.711,45.44245141,-75.63805085,1768
15--11379,2015/09/27,6:08 AM,BANK ST btwn JOHNSTON RD & SOUTHKEYS SC (__3ZA37TA),__3ZA37TA,01 - Non intersection,03 - P.D. only,07 - SMV other,01 - Clear,07 - Dark,01 - Dry,10 - No control,,1,0,0,0,,0,,,,,370977.8566,5024620.789,45.35840812,-75.65531134,1769
15--1138,2015/01/17,8:03 AM,REGIONAL ROAD 174 btwn QUIGLEY HILL RD & REGIONAL ROAD 174 DIVIDED (__3ZA2Y5),__3ZA2Y5,01 - Non intersection,02 - Non-fatal injury,07 - SMV other,01 - Clear,03 - Dawn,06 - Ice,10 - No control,,1,0,0,0,03 - Major,1,,,1,,385141.6229,5041254.562,45.50658385,-75.47183874,1770
15--11380,2015/09/27,6:15 PM,DIANE CRES btwn YORK MILLS DR & YORK MILLS DR (__3ZA6O1),__3ZA6O1,04 - At/near private drive,03 - P.D. only,06 - SMV unattended vehicle,01 - Clear,01 - Daylight,01 - Dry,10 - No control,,1,0,0,0,,0,,,,,383356.4475,5038366.258,45.48080094,-75.495143,1771
15--11381,2015/09/27,6:40 PM,WINTHER AVE btwn BLOSSOM DR & NIAGARA DR (__3ZA83P),__3ZA83P,04 - At/near private drive,03 - P.D. only,06 - SMV unattended vehicle,01 - Clear,01 - Daylight,01 - Dry,10 - No control,,1,0,0,0,,0,,,,,369954.4945,5028050.852,45.38936659,-75.66791956,1772
15--11382,2015/09/27,7:24 PM,FISHER AVE @ MEADOWLANDS DR (0002120),2120,03 - At intersection,03 - P.D. only,05 - Turning movement,01 - Clear,07 - Dark,01 - Dry,01 - Traffic signal,01 - Functioning,2,0,0,0,,0,,,,,366575.0649,5025045.086,45.36262762,-75.71144964,1773
15--11383,2015/09/27,7:33 PM,SUSSEX DR btwn 151 W OF KING EDWARD AVE/L.B. PEARSON BUILDING & RAMP (__3ZBOFZB),__3ZBOFZB,01 - Non intersection,03 - P.D. only,04 - Sideswipe,01 - Clear,05 - Dusk,01 - Dry,10 - No control,,2,0,0,0,,0,,,,,367613.9703,5033395.849,45.43767303,-75.69712592,1774
15--11384,2015/09/27,7:45 PM,HAWTHORNE AVE/ISABELLA ST @ QUEEN ELIZABETH DR (0002105),2105,02 - Intersection related,02 - Non-fatal injury,07 - SMV other,01 - Clear,07 - Dark,01 - Dry,01 - Traffic signal,01 - Functioning,1,0,0,0,02 - Minor,1,,1,,,368665.2117,5030476.817,45.4113134,-75.68406901,1775
15--11385,2015/09/27,7:59 PM,FRIEL ST @ RIDEAU ST (0011917),11917,02 - Intersection related,03 - P.D. only,03 - Rear end,01 - Clear,07 - Dark,01 - Dry,01 - Traffic signal,01 - Functioning,2,0,0,0,,0,,,,,368770.9817,5032569.503,45.43013298,-75.68244613,1776
15--11386,2015/09/28,10:02 PM,PRESTON ST btwn SIDNEY ST & CARLING AVE (__3ZBODW),__3ZBODW,01 - Non intersection,02 - Non-fatal injury,04 - Sideswipe,02 - Rain,07 - Dark,02 - Wet,10 - No control,,2,1,0,0,01 - Minimal,1,1,,,,366821.7678,5028952.16,45.39776076,-75.70781,1777
15--11387,2015/09/28,10:23 AM,MEADOWLANDS DR/TALLWOOD DR @ WOODROFFE AVE (0000095),95,02 - Intersection related,03 - P.D. only,03 - Rear end,01 - Clear,01 - Daylight,01 - Dry,01 - Traffic signal,01 - Functioning,2,0,0,0,,0,,,,,363055.9689,5022730.134,45.34209917,-75.75663925,1778
15--11388,2015/09/28,10:35 AM,BANK ST @ RIVERSIDE DR S (0002704),2704,02 - Intersection related,03 - P.D. only,03 - Rear end,01 - Clear,01 - Daylight,01 - Dry,01 - Traffic signal,00 - Unknown,2,0,0,0,,0,,,,,369305.4378,5027892.751,45.38800413,-75.67622839,1779
15--11389,2015/09/28,10:55 AM,BANK ST @ RIVERSIDE DR S (0002704),2704,02 - Intersection related,03 - P.D. only,04 - Sideswipe,01 - Clear,01 - Daylight,01 - Dry,01 - Traffic signal,01 - Functioning,2,0,0,0,,0,,,,,369305.4378,5027893.472,45.38801062,-75.67622829,1780
15--1139,2015/01/17,8:10 AM,BANNER RD @ GREENBANK RD (0000644),644,02 - Intersection related,03 - P.D. only,03 - Rear end,03 - Snow,01 - Daylight,03 - Loose snow,01 - Traffic signal,01 - Functioning,2,0,0,0,,0,,,,,361022.6014,5021566.934,45.33179862,-75.78271561,1781
15--11390,2015/09/28,12:00 PM,MEADOWLANDS DR/TALLWOOD DR @ WOODROFFE AVE (0000095),95,03 - At intersection,03 - P.D. only,05 - Turning movement,01 - Clear,01 - Daylight,01 - Dry,01 - Traffic signal,01 - Functioning,2,0,0,0,,0,,,,,363057.4103,5022730.134,45.34209905,-75.75662086,1782
15--11391,2015/09/28,12:19 PM,BASELINE RD/HERON RD @ PRINCE OF WALES DR (0002345),2345,02 - Intersection related,03 - P.D. only,03 - Rear end,01 - Clear,01 - Daylight,01 - Dry,01 - Traffic signal,02 - Not functioning,2,0,0,0,,0,,,,,366873.7065,5026438.792,45.3751415,-75.70746276,1783
15--11392,2015/09/28,12:30 PM,MAJESTIC DR @ WOODROFFE AVE (0000562),562,02 - Intersection related,03 - P.D. only,03 - Rear end,01 - Clear,01 - Daylight,01 - Dry,01 - Traffic signal,01 - Functioning,2,0,0,0,,0,,,,,363527.6934,5021571.853,45.33163771,-75.75075791,1784
15--11393,2015/09/28,2:25 PM,LEGGET DR @ SCHNEIDER RD (0002531),2531,02 - Intersection related,03 - P.D. only,02 - Angle,02 - Rain,01 - Daylight,02 - Wet,02 - Stop sign,01 - Functioning,2,0,0,0,,0,,,,,351493.6245,5022494.905,45.34084744,-75.90419085,1785
15--11394,2015/09/28,2:40 PM,FISHER AVE @ DEER PARK RD/DYNES RD (0002341),2341,02 - Intersection related,03 - P.D. only,03 - Rear end,02 - Rain,01 - Daylight,02 - Wet,01 - Traffic signal,01 - Functioning,2,0,0,0,,0,,,,,366408.4302,5025454.446,45.36632562,-75.71352546,1786
15--11395,2015/09/28,2:42 PM,BLAIR RD @ REGIONAL RD 174 S/OR174 IC112 RAMP15 (0012435),12435,02 - Intersection related,02 - Non-fatal injury,03 - Rear end,02 - Rain,01 - Daylight,02 - Wet,01 - Traffic signal,01 - Functioning,2,0,0,0,01 - Minimal,1,1,,,,374907.2342,5032662.135,45.43037825,-75.6040204,1787
15--11396,2015/09/28,3:00 AM,LEITRIM RD btwn LIMEBANK RD & HIGH RD (__3ZBOEL),__3ZBOEL,01 - Non intersection,03 - P.D. only,07 - SMV other,01 - Clear,07 - Dark,01 - Dry,10 - No control,,1,0,0,0,,0,,,,,370225.7163,5018395.433,45.30246453,-75.66573336,1788
15--11397,2015/09/28,3:00 PM,HIGHWAY 417 btwn HWY417 IC110 RAMP64 & HWY417 IC104 RAMP16 (__3ZA2W9),__3ZA2W9,01 - Non intersection,03 - P.D. only,07 - SMV other,02 - Rain,01 - Daylight,02 - Wet,10 - No control,,1,0,0,0,,0,,,,,377338.6702,5026846.797,45.37780732,-75.57380581,1789
15--11398,2015/09/28,3:02 PM,HOLLAND AVE @ 95 N OF SHERWOOD DR/FISHER PARK  (0010827),10827,02 - Intersection related,02 - Non-fatal injury,03 - Rear end,02 - Rain,01 - Daylight,02 - Wet,01 - Traffic signal,01 - Functioning,2,0,0,0,01 - Minimal,1,1,,,,365111.7818,5028733.855,45.39594589,-75.72967595,1790
15--11399,2015/09/28,3:09 PM,MONTREAL RD @ DEN HAAG DR/LANG'S RD (0010798),10798,02 - Intersection related,03 - P.D. only,03 - Rear end,02 - Rain,01 - Daylight,02 - Wet,01 - Traffic signal,01 - Functioning,2,0,0,0,,0,,,,,372388.1594,5034221.944,45.44466063,-75.63599659,1791
15--114,2015/01/03,9:07 PM,HIGHWAY 417 btwn HWY417 IC117 RAMP51 & HWY417 IC117 RAMP35 (__3ZA2YN),__3ZA2YN,01 - Non intersection,03 - P.D. only,07 - SMV other,03 - Snow,07 - Dark,03 - Loose snow,10 - No control,,1,0,0,0,,0,,,,,370502.4391,5031145.15,45.41715673,-75.66051031,1792
15--1140,2015/01/17,8:26 AM,JOCKVALE RD btwn GOLFLINKS DR & PRINCE OF WALES DR (__3ZA4J7),__3ZA4J7,01 - Non intersection,02 - Non-fatal injury,07 - SMV other,01 - Clear,01 - Daylight,01 - Dry,10 - No control,,1,0,0,0,02 - Minor,1,,1,,,366119.3027,5012576.37,45.25047535,-75.71880944,1793
15--11400,2015/09/28,3:15 PM,BASELINE RD btwn CLYDE AVE & 207 E OF CLYDE AVE (__3ZA4ISA),__3ZA4ISA,01 - Non intersection,03 - P.D. only,03 - Rear end,02 - Rain,01 - Daylight,02 - Wet,10 - No control,,2,0,0,0,,0,,,,,364368.0727,5024898.801,45.36150238,-75.73963669,1794
15--11401,2015/09/28,3:15 PM,BREWER RD @ BRONSON AVE (0002240),2240,02 - Intersection related,02 - Non-fatal injury,03 - Rear end,02 - Rain,01 - Daylight,02 - Wet,01 - Traffic signal,00 - Unknown,2,0,0,0,01 - Minimal,1,1,,,,368109.7691,5027766.436,45.38697668,-75.69151243,1795
15--11402,2015/09/28,3:20 PM,BLAIR RD @ REGIONAL RD 174 S/OR174 IC112 RAMP15 (0012435),12435,02 - Intersection related,03 - P.D. only,03 - Rear end,02 - Rain,01 - Daylight,02 - Wet,01 - Traffic signal,01 - Functioning,2,0,0,0,,0,,,,,374907.2342,5032661.414,45.43037176,-75.6040205,1796
15--11403,2015/09/28,3:25 PM,PINECREST RD/HWY 417 PINECRE IC129R63 @ TRANSI (0008264),8264,03 - At intersection,03 - P.D. only,02 - Angle,01 - Clear,01 - Daylight,01 - Dry,01 - Traffic signal,01 - Functioning,2,0,0,0,,0,,,,,360387.6346,5023677.415,45.3508393,-75.79057872,1797
15--11404,2015/09/28,3:30 PM,BEECHWOOD AVE @ SPRINGFIELD RD (0011442),11442,02 - Intersection related,03 - P.D. only,04 - Sideswipe,02 - Rain,01 - Daylight,02 - Wet,01 - Traffic signal,01 - Functioning,2,0,0,0,,0,,,,,369237.4221,5033653.949,45.43984758,-75.67634366,1798
15--11405,2015/09/28,3:37 PM,INDUSTRIAL AVE btwn RUSSELL RD & ST. LAURENT BLVD (__3ZA3R7),__3ZA3R7,04 - At/near private drive,03 - P.D. only,02 - Angle,02 - Rain,01 - Daylight,02 - Wet,10 - No control,,2,0,0,0,,0,,,,,372767.5103,5030006.496,45.40669528,-75.63172946,1799
15--11406,2015/09/28,3:40 PM,OTTAWA RIVER PKWY WB @ PARKDALE AVE WB ON RAMP (0011376),11376,02 - Intersection related,03 - P.D. only,07 - SMV other,02 - Rain,01 - Daylight,02 - Wet,03 - Yield sign,00 - Unknown,1,0,0,0,,0,,,,,364637.8527,5030468.581,45.41159524,-75.73551809,1800
15--11407,2015/09/28,4:00 PM,MEADOW DR @ PARKWAY RD (0005865),5865,03 - At intersection,03 - P.D. only,02 - Angle,02 - Rain,01 - Daylight,02 - Wet,02 - Stop sign,01 - Functioning,2,0,0,0,,0,,,,,378554.2068,5014087.638,45.26287983,-75.56018757,1801
15--11408,2015/09/28,4:07 PM,INNES RD @ TENTH LINE RD (0004633),4633,02 - Intersection related,02 - Non-fatal injury,03 - Rear end,02 - Rain,01 - Daylight,02 - Wet,01 - Traffic signal,01 - Functioning,2,0,0,0,01 - Minimal,1,1,,,,383951.7603,5036159.2,45.46087664,-75.48788473,1802
15--11409,2015/09/28,4:20 PM,COLDREY AVE @ KIRKWOOD AVE (0006736),6736,03 - At intersection,03 - P.D. only,02 - Angle,02 - Rain,01 - Daylight,02 - Wet,01 - Traffic signal,01 - Functioning,3,0,0,0,,0,,,,,364438.6955,5027136.179,45.38162795,-75.73846516,1803
15--1141,2015/01/17,8:31 AM,MARCH RD @ TERRY FOX DR (0003173),3173,02 - Intersection related,03 - P.D. only,03 - Rear end,01 - Clear,01 - Daylight,06 - Ice,01 - Traffic signal,01 - Functioning,2,0,0,0,,0,,,,,349864.6086,5023398.425,45.34908405,-75.92489366,1804
15--11410,2015/09/28,4:37 PM,PARKDALE AVE @ SIMS AVE (0006109),6109,03 - At intersection,03 - P.D. only,04 - Sideswipe,02 - Rain,01 - Daylight,02 - Wet,02 - Stop sign,01 - Functioning,2,0,0,0,,0,,,,,365271.4159,5028996.199,45.39829263,-75.72760507,1805
15--11411,2015/09/28,4:40 PM,ST. JOSEPH BLVD btwn MARENGER ST & JEANNE D'ARC BLVD S (__3ZA2BS),__3ZA2BS,04 - At/near private drive,03 - P.D. only,02 - Angle,02 - Rain,01 - Daylight,02 - Wet,10 - No control,,2,0,0,0,,0,,,,,379842.0389,5036457.109,45.46401052,-75.54038273,1806
15--11412,2015/09/28,4:43 PM,WEST HUNT CLUB RD @ 354 E OF WOODROFFE AVE/REC (0004605),4605,02 - Intersection related,02 - Non-fatal injury,03 - Rear end,02 - Rain,01 - Daylight,02 - Wet,01 - Traffic signal,01 - Functioning,2,0,0,0,02 - Minor,1,,1,,,363982.687,5021425.57,45.33028325,-75.74497114,1807
15--11413,2015/09/28,4:46 PM,AIRPORT PKWY btwn RAMP & RAMP (1) (__3ZA223),__3ZA223,01 - Non intersection,02 - Non-fatal injury,03 - Rear end,02 - Rain,01 - Daylight,02 - Wet,10 - No control,,2,0,0,0,01 - Minimal,1,1,,,,368929.2623,5026221.807,45.37300402,-75.68124891,1808
15--11414,2015/09/28,4:52 PM,BRONSON AVE btwn BREWER WAY & RIVERSIDE DR RAMPS 34B & 42A-3 (__3ZA3BR),__3ZA3BR,01 - Non intersection,03 - P.D. only,03 - Rear end,02 - Rain,01 - Daylight,02 - Wet,10 - No control,,2,0,0,0,,0,,,,,368164.8723,5027659.235,45.38600714,-75.69082257,1809
15--11415,2015/09/28,4:54 PM,BLAIR RD @ INNES RD (0004165),4165,02 - Intersection related,02 - Non-fatal injury,99 - Other,02 - Rain,01 - Daylight,02 - Wet,01 - Traffic signal,01 - Functioning,2,0,0,0,02 - Minor,1,,1,,,375578.0129,5031438.111,45.41929762,-75.59562471,1810
15--11416,2015/09/28,5:30 AM,FISHER AVE btwn BASELINE RD & MALIBU TER (__3ZA4JK),__3ZA4JK,01 - Non intersection,03 - P.D. only,03 - Rear end,02 - Rain,07 - Dark,02 - Wet,10 - No control,,2,0,0,0,,0,,,,,366208.4954,5025925.109,45.3705781,-75.71601903,1811
15--11417,2015/09/28,5:45 PM,ST. LAURENT BLVD btwn MCARTHUR AVE & DONALD ST (__3ZBOF4),__3ZBOF4,04 - At/near private drive,03 - P.D. only,03 - Rear end,01 - Clear,01 - Daylight,01 - Dry,10 - No control,,2,0,0,0,,0,,,,,372012.2043,5032687.933,45.43089458,-75.64101147,1812
15--11418,2015/09/28,5:45 PM,RICHMOND RD btwn PERTH ST & CAMBRIAN RD (__3ZAB98),__3ZAB98,01 - Non intersection,02 - Non-fatal injury,07 - SMV other,02 - Rain,01 - Daylight,02 - Wet,10 - No control,,1,0,0,0,01 - Minimal,2,2,,,,358922.5969,5008111.878,45.2108932,-75.81097191,1813
15--11419,2015/09/28,6:15 PM,PRINCE OF WALES DR @ FAIRPARK DR (0010329),10329,02 - Intersection related,02 - Non-fatal injury,03 - Rear end,02 - Rain,05 - Dusk,02 - Wet,02 - Stop sign,00 - Unknown,3,0,0,0,02 - Minor,1,,1,,,367269.0111,5015413.172,45.27589961,-75.70380715,1814
15--1142,2015/01/17,8:35 AM,BANKFIELD RD @ PRINCE OF WALES DR (0003618),3618,02 - Intersection related,03 - P.D. only,01 - Approaching,01 - Clear,01 - Daylight,06 - Ice,01 - Traffic signal,01 - Functioning,2,0,0,0,,0,,,,,366380.6538,5008974.904,45.2180465,-75.71592598,1815
15--11420,2015/09/28,6:21 PM,BLAIR RD @ REGIONAL RD 174 N/OR174 IC112 RAMP61 (0003617),3617,02 - Intersection related,03 - P.D. only,03 - Rear end,02 - Rain,01 - Daylight,02 - Wet,01 - Traffic signal,01 - Functioning,2,0,0,0,,0,,,,,374634.7313,5032990.584,45.43336072,-75.60745602,1816
15--11421,2015/09/28,6:25 AM,MARCH RD @ TERRY FOX DR (0003173),3173,03 - At intersection,02 - Non-fatal injury,05 - Turning movement,01 - Clear,03 - Dawn,01 - Dry,01 - Traffic signal,01 - Functioning,3,0,0,0,02 - Minor,1,,1,,,349865.3293,5023399.149,45.34909052,-75.92488439,1817
15--11422,2015/09/28,6:25 PM,HUNT CLUB RD btwn TRANSIT & DAZE ST (__3ZA1VF),__3ZA1VF,01 - Non intersection,03 - P.D. only,05 - Turning movement,01 - Clear,05 - Dusk,02 - Wet,10 - No control,,2,0,0,0,,0,,,,,371211.4793,5023815.851,45.35114346,-75.65243786,1818
15--11423,2015/09/28,7:04 AM,HIGHWAY 417 btwn HWY417 IC155 RAMP25 & RAMP (__3ZAZN1),__3ZAZN1,01 - Non intersection,03 - P.D. only,99 - Other,01 - Clear,03 - Dawn,01 - Dry,10 - No control,,2,0,0,0,,0,,,,,342229.5821,5017502.227,45.29647673,-76.02277239,1819
15--11424,2015/09/28,7:14 PM,ISLAND PARK DR @ MERIVALE RD (0002103),2103,03 - At intersection,02 - Non-fatal injury,02 - Angle,01 - Clear,05 - Dusk,02 - Wet,01 - Traffic signal,01 - Functioning,2,0,0,0,02 - Minor,1,,1,,,364655.4267,5028017.424,45.38953874,-75.73559107,1820