Anom_ID,Accident_Date,Accident_Time,Location,Geo_ID,Accident_Location,Classification_of_Accident,Initial_Impact_Type,Environment_Condition,Light,Road_Surface_Condition,Traffic_Control,Traffic_Control_Condition,No__of_Vehicles,No__of_Bicycles,No__of_Motorcycles,No__of_Pedestrians,Max_Injury,No__of_Injuries,No__of_Minimal,No__of_Minor,No__of_Major,No__of_Fatal,X,Y,Latitude,Longitude,ObjectId
15--11425,2015/09/28,7:17 PM,BEECH ST btwn RAILWAY ST & PRESTON ST (__3ZA1WS),__3ZA1WS,01 - Non intersection,02 - Non-fatal injury,07 - SMV other,01 - Clear,07 - Dark,02 - Wet,10 - No control,,1,0,0,1,02 - Minor,1,,1,,,366552.8381,5029212.965,45.40013119,-75.711212,1821
15--11426,2015/09/28,7:25 AM,REGIONAL ROAD 174 btwn OR174 IC105 RAMP63 & OR174 IC102 RAMP36 (__3ZA27F),__3ZA27F,01 - Non intersection,03 - P.D. only,03 - Rear end,01 - Clear,01 - Daylight,01 - Dry,10 - No control,,2,0,0,0,,0,,,,,379824.7862,5037270.416,45.47132987,-75.54047917,1822
15--11427,2015/09/28,7:47 AM,FALLOWFIELD RD @ O'KEEFE CRT (0010311),10311,03 - At intersection,03 - P.D. only,02 - Angle,01 - Clear,01 - Daylight,01 - Dry,02 - Stop sign,01 - Functioning,2,0,0,0,,0,,,,,360825.9451,5015320.059,45.27560469,-75.78593037,1823
15--11428,2015/09/28,7:47 PM,INDUSTRIAL AVE @ RIVERSIDE DR (0011905),11905,02 - Intersection related,03 - P.D. only,04 - Sideswipe,02 - Rain,05 - Dusk,02 - Wet,01 - Traffic signal,01 - Functioning,2,0,0,0,,0,,,,,370685.4393,5030593.634,45.4121772,-75.65824607,1824
15--11429,2015/09/28,8:12 AM,INNES RD @ PAGE RD (0012476),12476,02 - Intersection related,03 - P.D. only,02 - Angle,01 - Clear,01 - Daylight,01 - Dry,01 - Traffic signal,01 - Functioning,2,0,0,0,,0,,,,,380888.4697,5034542.356,45.44666989,-75.52729943,1825
15--11182,2015/09/22,4:56 PM,CARLING AVE @ PRESTON ST (0002161),2161,02 - Intersection related,03 - P.D. only,03 - Rear end,01 - Clear,01 - Daylight,01 - Dry,01 - Traffic signal,01 - Functioning,2,0,0,0,,0,,,,,366829.71,5028934.472,45.3976009,-75.70771079,1826
15--11183,2015/09/22,5:15 PM,HIGHWAY 417 btwn HWY417 IC119A RAMP75 & HWY417 IC118 RAMP57 (__3ZA2R2),__3ZA2R2,01 - Non intersection,03 - P.D. only,03 - Rear end,01 - Clear,01 - Daylight,01 - Dry,10 - No control,,3,0,0,0,,0,,,,,368939.3569,5030689.907,45.41320564,-75.68053921,1827
15--11184,2015/09/22,5:31 PM,TERON RD @ BEAVERBROOK RD/PENFIELD DR N (0002572),2572,03 - At intersection,02 - Non-fatal injury,05 - Turning movement,01 - Clear,01 - Daylight,01 - Dry,01 - Traffic signal,01 - Functioning,2,1,0,0,02 - Minor,1,,1,,,351884.3888,5021213.907,45.32929465,-75.89932686,1828
15--11185,2015/09/22,5:57 AM,PRINCE OF WALES DR btwn HARTWELL LOCKS/548 N OF RIDEAUVIEW TER & FAIRC (__3ZA30ZB),__3ZA30ZB,01 - Non intersection,03 - P.D. only,04 - Sideswipe,03 - Snow,03 - Dawn,03 - Loose snow,10 - No control,,2,0,0,0,,0,,,,,367143.7477,5026991.718,45.38009262,-75.70394549,1829
15--11186,2015/09/22,6:13 PM,ST. LAURENT BLVD @ COVENTRY RD/OGILVIE RD (0002151),2151,02 - Intersection related,03 - P.D. only,03 - Rear end,01 - Clear,01 - Daylight,01 - Dry,01 - Traffic signal,01 - Functioning,3,0,0,0,,0,,,,,372305.7195,5031949.773,45.4242247,-75.63736187,1830
15--11187,2015/09/22,6:32 AM,TENTH LINE RD btwn HARVEST VALLEY AVE/SWEETVALLEY DR & WALL RD (__3ZA3Y2),__3ZA3Y2,01 - Non intersection,03 - P.D. only,03 - Rear end,01 - Clear,03 - Dawn,01 - Dry,10 - No control,,3,0,0,0,,0,,,,,385032.359,5033584.387,45.4375876,-75.47448923,1831
15--11188,2015/09/22,6:50 PM,AIRPORT PKWY btwn RAMP & RAMP (4) (__3ZA22T),__3ZA22T,01 - Non intersection,03 - P.D. only,05 - Turning movement,01 - Clear,05 - Dusk,01 - Dry,10 - No control,,2,0,0,0,,0,,,,,371315.7533,5021673.843,45.33186044,-75.65139522,1832
15--11189,2015/09/22,6:57 PM,CHAMPLAIN ST btwn JEANNE D'ARC BLVD N & OR174 IC102 RAMP61 (__3ZA1VO),__3ZA1VO,01 - Non intersection,02 - Non-fatal injury,03 - Rear end,01 - Clear,01 - Daylight,01 - Dry,10 - No control,,2,0,0,0,02 - Minor,1,,1,,,381432.7605,5038587.768,45.4830077,-75.51971166,1833
15--1119,2015/01/17,12:59 PM,FOUR SEASONS DR @ VIEWMOUNT DR (0004584),4584,02 - Intersection related,03 - P.D. only,03 - Rear end,01 - Clear,01 - Daylight,06 - Ice,02 - Stop sign,01 - Functioning,2,0,0,0,,0,,,,,366587.7467,5023756.021,45.35102774,-75.71144889,1834
15--11190,2015/09/22,7:28 AM,MONTREAL RD btwn BORTHWICK AVE & CUMMINGS AVE (__3ZA3UE),__3ZA3UE,01 - Non intersection,03 - P.D. only,04 - Sideswipe,01 - Clear,01 - Daylight,01 - Dry,10 - No control,,2,0,0,0,,0,,,,,371995.4555,5034035.902,45.44302457,-75.64104149,1835
15--11191,2015/09/22,7:48 AM,CRICHTON ST @ VAUGHAN ST (0011557),11557,03 - At intersection,03 - P.D. only,02 - Angle,01 - Clear,01 - Daylight,01 - Dry,02 - Stop sign,01 - Functioning,2,0,0,0,,0,,,,,369031.9833,5033533.668,45.43878425,-75.67898506,1836
15--11192,2015/09/22,8:00 PM,ABBOTT ST    W btwn JONATHAN PACK ST & STITTSVILLE MAIN ST (__3ZABC7),__3ZABC7,01 - Non intersection,03 - P.D. only,07 - SMV other,01 - Clear,07 - Dark,01 - Dry,10 - No control,,1,0,0,0,,0,,,,,350172.071,5013262.168,45.25785529,-75.92189784,1837
15--11193,2015/09/22,8:09 AM,MERIVALE RD btwn CENTRAL PARK DR S & MERIVALE RD (__3ZAZKW),__3ZAZKW,01 - Non intersection,03 - P.D. only,03 - Rear end,01 - Clear,01 - Daylight,01 - Dry,10 - No control,,2,0,0,0,,0,,,,,364994.1559,5025569.078,45.36747994,-75.73156404,1838
15--11194,2015/09/22,8:16 PM,HUNT CLUB RD @ RIVERSIDE DR (0002237),2237,02 - Intersection related,02 - Non-fatal injury,03 - Rear end,01 - Clear,07 - Dark,01 - Dry,01 - Traffic signal,01 - Functioning,2,0,0,0,01 - Minimal,4,4,,,,368036.703,5021946.58,45.33461761,-75.69319006,1839
15--11195,2015/09/22,8:20 AM,RIVERSIDE DR btwn FROBISHER LANE & HINCKS LANE (__3ZA242),__3ZA242,04 - At/near private drive,02 - Non-fatal injury,01 - Approaching,01 - Clear,01 - Daylight,01 - Dry,10 - No control,,2,1,0,0,02 - Minor,1,,1,,,370239.3573,5029897.407,45.40595467,-75.66403703,1840
15--11196,2015/09/22,8:26 PM,SOUTHVALE CRES btwn ERINBROOK CRES & DELRIDGE LANE (__3ZA5L0),__3ZA5L0,01 - Non intersection,02 - Non-fatal injury,06 - SMV unattended vehicle,01 - Clear,07 - Dark,01 - Dry,10 - No control,,1,0,0,0,02 - Minor,1,,1,,,374185.6667,5029169.753,45.39902753,-75.6137327,1841
15--11197,2015/09/22,8:30 AM,VIEWMOUNT DR btwn OVERLAKE DR & BISCAYNE CRES (__3ZA0AM),__3ZA0AM,01 - Non intersection,03 - P.D. only,06 - SMV unattended vehicle,01 - Clear,01 - Daylight,01 - Dry,10 - No control,,1,0,0,0,,0,,,,,365768.2634,5023072.097,45.34494562,-75.72199069,1842
15--11198,2015/09/22,8:30 PM,ALTA VISTA DR @ SMYTH RD (0011353),11353,03 - At intersection,03 - P.D. only,03 - Rear end,01 - Clear,07 - Dark,01 - Dry,01 - Traffic signal,01 - Functioning,2,0,0,0,,0,,,,,370431.9939,5029081.558,45.39859593,-75.66168501,1843
15--11199,2015/09/22,8:32 AM,MONTREAL RD btwn ALFRED ST & CANTIN ST (__3ZA3MH),__3ZA3MH,04 - At/near private drive,03 - P.D. only,99 - Other,01 - Clear,01 - Daylight,01 - Dry,10 - No control,,2,0,0,0,,0,,,,,371009.5803,5033562.297,45.43885736,-75.65370624,1844
15--112,2015/01/03,8:45 PM,METCALFE ST @ SLATER ST (0002233),2233,03 - At intersection,03 - P.D. only,05 - Turning movement,03 - Snow,07 - Dark,06 - Ice,01 - Traffic signal,01 - Functioning,2,0,0,0,,0,,,,,367730.7327,5031549.094,45.42104606,-75.69586963,1845
15--1120,2015/01/17,2:00 PM,FALLOWFIELD RD @ MERIVALE RD (0000587),587,02 - Intersection related,03 - P.D. only,07 - SMV other,01 - Clear,01 - Daylight,06 - Ice,01 - Traffic signal,01 - Functioning,1,0,0,0,,0,,,,,366891.7126,5018844.951,45.30681185,-75.70818594,1846
15--11200,2015/09/22,8:44 AM,MARCH RD btwn KLONDIKE RD & MORGAN'S GRANT WAY (__3ZA2EW),__3ZA2EW,01 - Non intersection,02 - Non-fatal injury,07 - SMV other,01 - Clear,01 - Daylight,01 - Dry,10 - No control,,1,0,0,0,01 - Minimal,1,1,,,,349557.1047,5023733.906,45.35212248,-75.9287874,1847
15--11201,2015/09/22,9:00 AM,HIGHWAY 417 btwn HWY417 IC122 RAMP15 & HWY417 IC121B RAMP51 (__3ZA2RB),__3ZA2RB,01 - Non intersection,03 - P.D. only,04 - Sideswipe,01 - Clear,01 - Daylight,01 - Dry,10 - No control,,3,0,0,0,,0,,,,,366456.7838,5029479.253,45.40253564,-75.71240553,1848
15--11202,2015/09/22,9:20 AM,HIGHWAY 417 btwn HWY417 IC121A RAMP61 & HWY417 IC120B RAMP36 (__3ZA2YV),__3ZA2YV,01 - Non intersection,03 - P.D. only,03 - Rear end,01 - Clear,01 - Daylight,01 - Dry,10 - No control,,2,0,0,0,,0,,,,,367540.801,5029885.575,45.40609529,-75.6985081,1849
15--11203,2015/09/22,9:40 AM,BELFAST RD @ ST. LAURENT BLVD (0007658),7658,03 - At intersection,02 - Non-fatal injury,05 - Turning movement,01 - Clear,01 - Daylight,01 - Dry,01 - Traffic signal,01 - Functioning,2,0,0,0,02 - Minor,3,1,2,,,372860.7241,5030577.481,45.41182368,-75.63045998,1850
15--11204,2015/09/22,9:40 AM,HUNT CLUB RD @ DOWNPATRICK RD/MCCARTHY RD (0006931),6931,02 - Intersection related,02 - Non-fatal injury,03 - Rear end,01 - Clear,01 - Daylight,01 - Dry,01 - Traffic signal,01 - Functioning,2,0,0,0,02 - Minor,2,,2,,,370508.4551,5023399.428,45.34746283,-75.66146441,1851
15--11205,2015/09/22,9:45 AM,GREY NUNS DR @ ST. JOSEPH BLVD (0003642),3642,02 - Intersection related,02 - Non-fatal injury,03 - Rear end,01 - Clear,01 - Daylight,01 - Dry,01 - Traffic signal,01 - Functioning,2,0,0,0,01 - Minimal,1,1,,,,380156.4561,5036666.229,45.46585817,-75.53633056,1852
15--11206,2015/09/23,1:07 PM,MONTREAL RD @ ST. LAURENT BLVD (0002604),2604,02 - Intersection related,03 - P.D. only,04 - Sideswipe,01 - Clear,01 - Daylight,01 - Dry,01 - Traffic signal,01 - Functioning,2,0,0,0,,0,,,,,371546.4236,5033815.793,45.44108715,-75.64681067,1853
15--11207,2015/09/23,1:15 PM,AIRPORT PKWY btwn RAMP & RAMP (4) (__3ZA22T),__3ZA22T,01 - Non intersection,03 - P.D. only,04 - Sideswipe,01 - Clear,01 - Daylight,01 - Dry,10 - No control,,2,0,0,0,,0,,,,,371079.8998,5023279.894,45.34633353,-75.65418876,1854
15--11208,2015/09/23,1:17 PM,TENTH LINE RD btwn HARVEST VALLEY AVE/SWEETVALLEY DR & WALL RD (__3ZA3Y2),__3ZA3Y2,01 - Non intersection,03 - P.D. only,04 - Sideswipe,01 - Clear,01 - Daylight,01 - Dry,10 - No control,,2,0,0,0,,0,,,,,385112.3412,5033406.244,45.43597565,-75.47349615,1855
15--11209,2015/09/23,1:19 PM,BANK ST @ RIVERSIDE DR N (0010778),10778,02 - Intersection related,03 - P.D. only,04 - Sideswipe,01 - Clear,01 - Daylight,01 - Dry,01 - Traffic signal,01 - Functioning,2,0,0,0,,0,,,,,369226.4379,5027982.824,45.38882185,-75.6772254,1856
15--1121,2015/01/17,2:02 PM,COVENTRY RD @ VANIER PKWY (0002139),2139,02 - Intersection related,03 - P.D. only,03 - Rear end,01 - Clear,01 - Daylight,01 - Dry,01 - Traffic signal,01 - Functioning,2,0,0,0,,0,,,,,370675.421,5031609.293,45.42131663,-75.65823828,1857
15--11210,2015/09/23,1:41 PM,HAWTHORNE RD @ LEITRIM RD (0009269),9269,03 - At intersection,02 - Non-fatal injury,02 - Angle,01 - Clear,01 - Daylight,01 - Dry,01 - Traffic signal,01 - Functioning,4,0,0,0,02 - Minor,2,,2,,,377037.3203,5022709.142,45.34060994,-75.57825773,1858
15--11211,2015/09/23,10:11 AM,NORICE ST @ WOODROFFE AVE (0001542),1542,02 - Intersection related,03 - P.D. only,03 - Rear end,01 - Clear,01 - Daylight,01 - Dry,01 - Traffic signal,01 - Functioning,2,0,0,0,,0,,,,,363193.9633,5022397.132,45.33909137,-75.75491786,1859
15--11212,2015/09/23,11:13 AM,AMIENS ST @ TENTH LINE RD (0004168),4168,02 - Intersection related,03 - P.D. only,03 - Rear end,01 - Clear,01 - Daylight,01 - Dry,01 - Traffic signal,01 - Functioning,4,0,0,0,,0,,,,,383350.5657,5037569.306,45.47363136,-75.49534566,1860
15--11213,2015/09/23,11:42 AM,CARLING AVE WB btwn SHERBOURNE RD & BROADVIEW AVE (__3ZA4U0),__3ZA4U0,04 - At/near private drive,02 - Non-fatal injury,02 - Angle,01 - Clear,01 - Daylight,01 - Dry,10 - No control,,2,0,0,0,02 - Minor,1,,1,,,363064.9328,5026565.562,45.37660921,-75.75607275,1861
15--11214,2015/09/23,Unknown,HENDERSON AVE btwn OSGOODE ST & SOMERSET ST E (__3ZA7GD),__3ZA7GD,01 - Non intersection,03 - P.D. only,06 - SMV unattended vehicle,01 - Clear,00 - Unknown,01 - Dry,10 - No control,,1,0,0,0,,0,,,,,368987.641,5031783.968,45.42304518,-75.67977986,1862
15--11215,2015/09/23,Unknown,CARMELLA CRES btwn AQUAVIEW DR & SUNMEADOW ST (__4V3I8L),__4V3I8L,01 - Non intersection,03 - P.D. only,06 - SMV unattended vehicle,01 - Clear,00 - Unknown,01 - Dry,10 - No control,,1,0,0,0,,0,,,,,385044.8823,5035908.437,45.45849581,-75.47395012,1863
15--11216,2015/09/23,12:27 PM,400 E OF TRAINYARDS DR @ INDUSTRIAL AVE (0014364),14364,02 - Intersection related,03 - P.D. only,03 - Rear end,01 - Clear,01 - Daylight,01 - Dry,01 - Traffic signal,01 - Functioning,2,0,0,0,,0,,,,,372091.6332,5030434.623,45.41061269,-75.64030422,1864
15--11217,2015/09/23,12:40 PM,HWY417 IC119A RAMP75 btwn METCALFE ST & HIGHWAY 417 (__3ZAY9U),__3ZAY9U,01 - Non intersection,02 - Non-fatal injury,03 - Rear end,01 - Clear,01 - Daylight,01 - Dry,10 - No control,,2,0,0,0,02 - Minor,1,,1,,,368530.9785,5030462.532,45.41119711,-75.68578562,1865
15--11218,2015/09/23,2:34 PM,BRONSON AVE @ FIFTH AVE/MADAWASKA DR (0006977),6977,02 - Intersection related,02 - Non-fatal injury,03 - Rear end,01 - Clear,01 - Daylight,01 - Dry,01 - Traffic signal,01 - Functioning,2,0,0,0,01 - Minimal,1,1,,,,367612.2713,5028938.914,45.39757111,-75.69771576,1866
15--11219,2015/09/23,3:10 PM,DRAPER AVE S @ MORRISON DR S (0002894),2894,03 - At intersection,03 - P.D. only,02 - Angle,01 - Clear,01 - Daylight,01 - Dry,02 - Stop sign,01 - Functioning,2,0,0,0,,0,,,,,360036.6748,5022467.139,45.33997697,-75.79519255,1867
15--1122,2015/01/17,2:08 AM,MARITIME WAY btwn CANADIAN SHIELD AVE & GREAT LAKES AVE (__6REWQM),__6REWQM,01 - Non intersection,03 - P.D. only,07 - SMV other,01 - Clear,07 - Dark,01 - Dry,10 - No control,,1,0,0,0,,0,,,,,351919.185,5019653.537,45.31525176,-75.89903144,1868
15--11220,2015/09/23,3:21 PM,REGIONAL ROAD 174 btwn OR174 IC101 RAMP26 & OR174 IC101 RAMP61 (__3ZA11T),__3ZA11T,01 - Non intersection,03 - P.D. only,07 - SMV other,01 - Clear,01 - Daylight,01 - Dry,10 - No control,,1,0,0,0,,0,,,,,382856.2073,5038978.282,45.48636349,-75.50144357,1869
15--11221,2015/09/23,3:40 PM,HIGHWAY 417 btwn HWY417 IC127 RAMP63 & HWY417 IC127 RAMP67 (__3ZA2RF),__3ZA2RF,01 - Non intersection,03 - P.D. only,03 - Rear end,01 - Clear,01 - Daylight,01 - Dry,10 - No control,,3,0,0,0,,0,,,,,362157.0551,5024875.98,45.36148142,-75.76785975,1870
15--11222,2015/09/23,3:49 PM,PARKDALE AVE @ BURNSIDE AVE (0005104),5104,02 - Intersection related,03 - P.D. only,03 - Rear end,01 - Clear,01 - Daylight,01 - Dry,01 - Traffic signal,01 - Functioning,2,0,0,0,,0,,,,,364788.3831,5030097.368,45.40824226,-75.73364028,1871
15--11223,2015/09/23,4:11 PM,PRESTON ST @ SOMERSET ST (0002215),2215,02 - Intersection related,03 - P.D. only,03 - Rear end,01 - Clear,01 - Daylight,01 - Dry,01 - Traffic signal,01 - Functioning,2,0,0,0,,0,,,,,366306.9779,5030127.208,45.40837895,-75.71423811,1872
15--11224,2015/09/23,4:20 PM,HIGHWAY 417 btwn HWY417 IC117 RAMP51 & HWY417 IC117 RAMP35 (__3ZA2YN),__3ZA2YN,01 - Non intersection,03 - P.D. only,03 - Rear end,01 - Clear,01 - Daylight,01 - Dry,10 - No control,,2,0,0,0,,0,,,,,370724.0998,5031174.031,45.41739574,-75.65767456,1873
15--11225,2015/09/23,4:30 PM,RANKIN ST @ SOUTHMORE DR (0007495),7495,02 - Intersection related,03 - P.D. only,99 - Other,01 - Clear,01 - Daylight,01 - Dry,10 - No control,,2,0,0,0,,0,,,,,369256.6859,5024729.009,45.3595422,-75.6772638,1874
15--11226,2015/09/23,4:58 PM,WEST HUNT CLUB RD btwn MOODIE DR & HWY416 IC72 RAMP53 (__3ZA4YJ),__3ZA4YJ,01 - Non intersection,02 - Non-fatal injury,03 - Rear end,01 - Clear,01 - Daylight,01 - Dry,10 - No control,,2,0,0,0,01 - Minimal,1,1,,,,358009.994,5018559.357,45.30497107,-75.82147056,1875
15--11227,2015/09/23,5:01 AM,BOTELER ST @ SUSSEX DR (0011436),11436,02 - Intersection related,02 - Non-fatal injury,02 - Angle,01 - Clear,07 - Dark,01 - Dry,01 - Traffic signal,01 - Functioning,2,1,0,0,02 - Minor,1,,1,,,367450.5908,5032950.89,45.4336841,-75.69927062,1876
15--11228,2015/09/23,5:20 PM,HWY 417 INNES IC112R68 @ INNES RD (0012300),12300,02 - Intersection related,03 - P.D. only,03 - Rear end,01 - Clear,01 - Daylight,01 - Dry,01 - Traffic signal,01 - Functioning,2,0,0,0,,0,,,,,374641.7583,5030921.519,45.41474368,-75.60765957,1877
15--11229,2015/09/23,5:37 PM,CARLING AVE @ RICHMOND RD (0010847),10847,02 - Intersection related,02 - Non-fatal injury,03 - Rear end,01 - Clear,01 - Daylight,01 - Dry,01 - Traffic signal,01 - Functioning,2,0,0,0,01 - Minimal,1,1,,,,360244.2376,5024781.873,45.36078854,-75.79228477,1878
15--1123,2015/01/17,3:59 PM,ORLEANS BLVD @ PINEGLADE CRES/CRESTMONT PL (0003612),3612,02 - Intersection related,03 - P.D. only,07 - SMV other,01 - Clear,01 - Daylight,02 - Wet,02 - Stop sign,00 - Unknown,1,0,0,0,,0,,,,,380609.8019,5034138.877,45.44306998,-75.53092352,1879
15--11230,2015/09/23,6:00 PM,MEADOWLANDS DR btwn ORTONA AVE & ORKNEY PRIV (__3ZA4IW),__3ZA4IW,01 - Non intersection,03 - P.D. only,03 - Rear end,01 - Clear,01 - Daylight,01 - Dry,10 - No control,,3,0,0,0,,0,,,,,366720.4899,5025137.823,45.36344921,-75.70958186,1880
15--11231,2015/09/23,6:10 AM,DONALD ST @ ST. LAURENT BLVD (0008630),8630,03 - At intersection,02 - Non-fatal injury,05 - Turning movement,01 - Clear,03 - Dawn,01 - Dry,01 - Traffic signal,01 - Functioning,2,0,0,0,02 - Minor,2,1,1,,,372094.7532,5032471.805,45.42894203,-75.63998613,1881
15--11232,2015/09/23,6:20 PM,MERIVALE RD @ WEST HUNT CLUB RD (0000584),584,02 - Intersection related,03 - P.D. only,02 - Angle,01 - Clear,01 - Daylight,01 - Dry,01 - Traffic signal,01 - Functioning,2,0,0,0,,0,,,,,365612.6952,5021940.696,45.33477893,-75.72411475,1882
15--11233,2015/09/23,6:25 PM,DOMALATCHY PL @ WOODROFFE AVE (0005078),5078,02 - Intersection related,03 - P.D. only,03 - Rear end,01 - Clear,01 - Daylight,01 - Dry,02 - Stop sign,00 - Unknown,2,0,0,0,,0,,,,,362404.4156,5024139.871,45.35483769,-75.76478834,1883
15--11234,2015/09/23,6:53 AM,WALDEN DR @ KANATA AVE (0011856),11856,03 - At intersection,02 - Non-fatal injury,05 - Turning movement,01 - Clear,03 - Dawn,01 - Dry,02 - Stop sign,01 - Functioning,2,1,0,0,01 - Minimal,1,1,,,,350015.0229,5020575.67,45.32367455,-75.92323211,1884
15--11235,2015/09/23,7:08 PM,BASELINE RD @ JOHN SUTHERLAND DR/VALLEY STREAM (0000011),11,03 - At intersection,02 - Non-fatal injury,05 - Turning movement,01 - Clear,05 - Dusk,01 - Dry,01 - Traffic signal,01 - Functioning,2,0,1,0,01 - Minimal,1,1,,,,359310.6671,5021787.689,45.33392005,-75.8045304,1885
15--11236,2015/09/23,7:15 AM,CHARLEMAGNE BLVD btwn MERKLEY DR & VALIN ST (__3ZA5U5),__3ZA5U5,04 - At/near private drive,02 - Non-fatal injury,03 - Rear end,01 - Clear,01 - Daylight,01 - Dry,10 - No control,,2,0,0,0,01 - Minimal,3,3,,,,384707.6271,5037685.64,45.47452406,-75.47797281,1886
15--11237,2015/09/23,7:39 AM,LACROIX AVE btwn TO BE DETERMINED & DUFORD DR (1) (__3ZA6W4),__3ZA6W4,01 - Non intersection,03 - P.D. only,04 - Sideswipe,01 - Clear,01 - Daylight,01 - Dry,10 - No control,,2,0,0,0,,0,,,,,382226.9785,5037070.497,45.46926899,-75.50979266,1887
15--11238,2015/09/23,7:45 PM,MARCH RD btwn PETER ROBINSON RD & CORKERY RD (__3ZA2RJ),__3ZA2RJ,01 - Non intersection,03 - P.D. only,07 - SMV other,01 - Clear,07 - Dark,01 - Dry,10 - No control,,1,0,0,0,,0,,,,,335076.1288,5015329.601,45.27727088,-76.11410926,1888
15--11239,2015/09/23,7:54 AM,CENTREPOINTE DR @ HEMMINGWOOD WAY E (0001025),1025,02 - Intersection related,02 - Non-fatal injury,03 - Rear end,01 - Clear,01 - Daylight,01 - Dry,02 - Stop sign,01 - Functioning,2,0,0,0,01 - Minimal,1,1,,,,362327.7336,5023204.859,45.34643081,-75.76587574,1889
15--1124,2015/01/17,4:04 PM,PLACE D'ORLEANS DR @ OR174 IC102 RAMP51/TRANSI (0008777),8777,02 - Intersection related,02 - Non-fatal injury,03 - Rear end,01 - Clear,01 - Daylight,01 - Dry,01 - Traffic signal,01 - Functioning,2,0,0,0,01 - Minimal,1,1,,,,381390.7739,5038030.11,45.47799498,-75.52033564,1890
15--11240,2015/09/23,8:00 AM,BANK ST @ HUNT CLUB RD (0002119),2119,02 - Intersection related,03 - P.D. only,03 - Rear end,01 - Clear,01 - Daylight,01 - Dry,01 - Traffic signal,01 - Functioning,2,0,0,0,,0,,,,,371608.7365,5024096.056,45.35362692,-75.64733065,1891
15--11241,2015/09/23,8:00 PM,IRIS ST @ WOODROFFE AVE (0002736),2736,02 - Intersection related,02 - Non-fatal injury,03 - Rear end,01 - Clear,07 - Dark,01 - Dry,01 - Traffic signal,01 - Functioning,2,0,0,0,01 - Minimal,1,1,,,,362282.6921,5024442.242,45.35756839,-75.76630662,1892
15--11242,2015/09/23,8:15 AM,RICHMOND RD @ SEYTON DR (0000599),599,02 - Intersection related,03 - P.D. only,03 - Rear end,01 - Clear,01 - Daylight,01 - Dry,01 - Traffic signal,01 - Functioning,2,0,0,0,,0,,,,,357398.9806,5019314.356,45.31181066,-75.82918149,1893
15--11243,2015/09/23,8:25 AM,HIGHWAY 417 btwn HWY417 IC117 RAMP26 & HWY417 IC117 RAMP61 (__3ZA2YM),__3ZA2YM,01 - Non intersection,03 - P.D. only,04 - Sideswipe,01 - Clear,01 - Daylight,01 - Dry,10 - No control,,2,0,0,0,,0,,,,,370889.4427,5031246.955,45.41803628,-75.65555239,1894
15--11244,2015/09/23,8:30 AM,BLAIR RD @ OGILVIE RD (0004120),4120,02 - Intersection related,03 - P.D. only,04 - Sideswipe,01 - Clear,01 - Daylight,01 - Dry,01 - Traffic signal,01 - Functioning,2,0,0,0,,0,,,,,374507.003,5033198.215,45.43524161,-75.60905889,1895
15--11245,2015/09/23,8:40 PM,MACDONALD-CARTIER BR btwn RAMP & END (1) (__3ZA1QK),__3ZA1QK,01 - Non intersection,03 - P.D. only,04 - Sideswipe,01 - Clear,07 - Dark,01 - Dry,10 - No control,,2,0,0,0,,0,,,,,367458.6498,5033216.894,45.43607679,-75.69913377,1896
15--11246,2015/09/23,8:57 AM,CARLING AVE btwn RICHARDSON SIDE RD & HERZBERG RD (__3ZBOBG),__3ZBOBG,01 - Non intersection,02 - Non-fatal injury,07 - SMV other,01 - Clear,01 - Daylight,01 - Dry,10 - No control,,1,0,1,0,02 - Minor,1,,1,,,351956.5056,5022289.042,45.33896409,-75.89830445,1897
15--11247,2015/09/23,9:10 AM,HIGHWAY 417 btwn HWY417 IC126 RAMP25 & HWY417 IC124 RAMP57 (__3ZA2R5),__3ZA2R5,01 - Non intersection,03 - P.D. only,03 - Rear end,01 - Clear,01 - Daylight,01 - Dry,10 - No control,,2,0,0,0,,0,,,,,363684.0114,5026519.711,45.3761449,-75.7481745,1898
15--11248,2015/09/23,9:15 AM,BELCOURT BLVD btwn JEANNE D'ARC BLVD S & CALLAWAY CRT (__5VHI8R),__5VHI8R,04 - At/near private drive,03 - P.D. only,02 - Angle,01 - Clear,01 - Daylight,01 - Dry,10 - No control,,2,0,0,0,,0,,,,,381875.4341,5035878.275,45.45858126,-75.51447479,1899
15--11249,2015/09/23,9:16 PM,BANK ST btwn BILLINGS TRANSIT & OHIO ST (__3ZA3NMB),__3ZA3NMB,01 - Non intersection,03 - P.D. only,03 - Rear end,01 - Clear,07 - Dark,01 - Dry,10 - No control,,2,0,0,0,,0,,,,,369576.0741,5027568.756,45.38506395,-75.67281509,1900
15--1170,2015/01/18,6:08 PM,HARDING RD @ WALKLEY RD (0007652),7652,03 - At intersection,02 - Non-fatal injury,02 - Angle,01 - Clear,07 - Dark,02 - Wet,01 - Traffic signal,01 - Functioning,2,0,0,0,02 - Minor,1,,1,,,373148.7307,5027609.017,45.38508671,-75.62719218,1901
15--11700,2015/10/05,7:25 PM,OTTAWA RIVER PKWY WB btwn TUNNEY'S PASTURE/REMIC RAPIDS ENT & PARKDALE (__3ZA24KB),__3ZA24KB,01 - Non intersection,02 - Non-fatal injury,07 - SMV other,01 - Clear,07 - Dark,01 - Dry,10 - No control,,1,0,1,0,02 - Minor,1,,1,,,364595.7836,5030473.314,45.41164142,-75.73605494,1902