Anom_ID,Accident_Date,Accident_Time,Location,Geo_ID,Accident_Location,Classification_of_Accident,Initial_Impact_Type,Environment_Condition,Light,Road_Surface_Condition,Traffic_Control,Traffic_Control_Condition,No__of_Vehicles,No__of_Bicycles,No__of_Motorcycles,No__of_Pedestrians,Max_Injury,No__of_Injuries,No__of_Minimal,No__of_Minor,No__of_Major,No__of_Fatal,X,Y,Latitude,Longitude,ObjectId
15--11701,2015/10/05,7:29 PM,TERRY FOX DR @ WESTPHALIAN AVE (0014366),14366,02 - Intersection related,03 - P.D. only,03 - Rear end,01 - Clear,07 - Dark,01 - Dry,01 - Traffic signal,01 - Functioning,2,0,0,0,,0,,,,,353455.2261,5015759.789,45.28011017,-75.87982363,1903
15--11702,2015/10/05,7:44 AM,SNAKE ISLAND RD btwn STAGECOACH RD & KEARNS WAY (__6730HU),__6730HU,01 - Non intersection,03 - P.D. only,07 - SMV other,01 - Clear,01 - Daylight,01 - Dry,10 - No control,,1,0,0,0,,0,,,,,378120.4152,5006614.899,45.19568797,-75.56681539,1904
15--11703,2015/10/05,7:44 AM,SHEFFIELD RD @ WALKLEY RD (0005156),5156,02 - Intersection related,03 - P.D. only,03 - Rear end,01 - Clear,01 - Daylight,01 - Dry,01 - Traffic signal,01 - Functioning,2,0,0,0,,0,,,,,375257.7351,5028784.178,45.39545126,-75.60009586,1905
15--11704,2015/10/05,7:55 PM,ROGER STEVENS DR btwn DWYER HILL RD & MALAKOFF RD (__3ZA4ZQ),__3ZA4ZQ,01 - Non intersection,03 - P.D. only,07 - SMV other,01 - Clear,07 - Dark,01 - Dry,10 - No control,,1,0,0,0,,0,,,,,358317.2006,4992647.21,45.07178268,-75.82033404,1906
15--11705,2015/10/05,8:11 PM,FALLOWFIELD RD btwn SHEA RD & EAGLESON RD (__3ZA419),__3ZA419,01 - Non intersection,03 - P.D. only,05 - Turning movement,01 - Clear,07 - Dark,01 - Dry,10 - No control,,2,0,0,0,,0,,,,,354091.0065,5011088.771,45.23803478,-75.87218362,1907
15--11706,2015/10/05,8:41 AM,BOURASSA ST btwn ST. LAURENT BLVD & GLADWIN CRES (__3ZA78C),__3ZA78C,01 - Non intersection,03 - P.D. only,04 - Sideswipe,01 - Clear,01 - Daylight,01 - Dry,10 - No control,,2,0,0,0,,0,,,,,373296.2999,5029718.107,45.40404894,-75.62501513,1908
15--11707,2015/10/05,8:50 AM,WELLINGTON ST @ LETT ST (0012269),12269,03 - At intersection,03 - P.D. only,02 - Angle,01 - Clear,01 - Daylight,01 - Dry,01 - Traffic signal,01 - Functioning,2,0,0,0,,0,,,,,366355.0547,5031111.803,45.41723384,-75.71350102,1909
15--11708,2015/10/05,9:21 PM,REGIONAL ROAD 174 btwn OR174 IC112 RAMP51 & OR174 IC112 RAMP15 (__3ZA2XE),__3ZA2XE,01 - Non intersection,03 - P.D. only,99 - Other,01 - Clear,07 - Dark,01 - Dry,10 - No control,,2,0,0,0,,0,,,,,374907.52,5032900.72,45.43252487,-75.60398278,1910
15--11709,2015/10/05,9:23 AM,REGIONAL ROAD 174 btwn QUIGLEY HILL RD & CAMERON ST (__3ZA27U),__3ZA27U,01 - Non intersection,03 - P.D. only,07 - SMV other,01 - Clear,01 - Daylight,01 - Dry,10 - No control,,1,0,0,0,,0,,,,,389762.0349,5042602.79,45.51816611,-75.41248644,1911
15--1171,2015/01/18,7:03 PM,MEADOWLANDS DR btwn PRINCE OF WALES DR & DEBRA AVE (__3ZA3GTB),__3ZA3GTB,04 - At/near private drive,02 - Non-fatal injury,02 - Angle,02 - Rain,07 - Dark,02 - Wet,10 - No control,,2,0,0,0,02 - Minor,2,1,1,,,367233.9873,5025602.54,45.36758509,-75.70296896,1912
15--11710,2015/10/05,9:23 PM,INNES RD btwn 260 E OF BELCOURT BLVD/WALMART SC & JEANNE D'ARC BLVD/ME (__3ZA3JWB),__3ZA3JWB,04 - At/near private drive,03 - P.D. only,02 - Angle,01 - Clear,07 - Dark,01 - Dry,10 - No control,,2,0,0,0,,0,,,,,382627.6635,5035563.59,45.45566661,-75.50490767,1913
15--11711,2015/10/05,9:43 PM,DAVIDSON RD btwn CONROY RD & HAWTHORNE RD (__3ZA8PL),__3ZA8PL,01 - Non intersection,02 - Non-fatal injury,04 - Sideswipe,01 - Clear,07 - Dark,01 - Dry,10 - No control,,2,0,0,0,01 - Minimal,1,1,,,,375841.9705,5024256.982,45.35465877,-75.59328603,1914
15--11712,2015/10/06,1:12 PM,CATHERINE ST @ LYON ST/HWY 417 LYON IC120BR36 (0002254),2254,03 - At intersection,02 - Non-fatal injury,07 - SMV other,01 - Clear,01 - Daylight,01 - Dry,01 - Traffic signal,01 - Functioning,1,0,0,0,02 - Minor,1,,1,,,367746.9859,5030092.925,45.40794245,-75.69584795,1915
15--11713,2015/10/06,10:11 AM,FAIRBANKS AVE @ SMYTH RD (0012074),12074,03 - At intersection,03 - P.D. only,02 - Angle,01 - Clear,01 - Daylight,01 - Dry,02 - Stop sign,01 - Functioning,2,0,0,0,,0,,,,,370628.7207,5029080.476,45.39856772,-75.65917265,1916
15--11714,2015/10/06,10:13 PM,WEST HUNT CLUB RD btwn MOODIE DR & RICHMOND RD (__3ZA4YH),__3ZA4YH,01 - Non intersection,03 - P.D. only,07 - SMV other,01 - Clear,07 - Dark,01 - Dry,10 - No control,,1,0,0,0,,0,,,,,357775.7598,5018424.582,45.30377605,-75.82447169,1917
15--11715,2015/10/06,10:51 AM,HUNT CLUB RD @ RIVERSIDE DR (0002237),2237,02 - Intersection related,03 - P.D. only,03 - Rear end,01 - Clear,01 - Daylight,01 - Dry,01 - Traffic signal,01 - Functioning,2,0,0,0,,0,,,,,368036.703,5021944.417,45.33459815,-75.69319034,1918
15--11716,2015/10/06,11:15 PM,WOODROFFE AVE btwn HWY417 IC127 RAMP26 & HWY417 IC127 RAMP63 (__3ZA4MC),__3ZA4MC,01 - Non intersection,03 - P.D. only,04 - Sideswipe,01 - Clear,07 - Dark,01 - Dry,10 - No control,,2,0,0,0,,0,,,,,362088.4527,5024924.743,45.3619258,-75.76872971,1919
15--11717,2015/10/06,11:18 AM,HIGHWAY 417 btwn HWY417 IC119A RAMP67 & HWY417 IC118 RAMP76 (__3ZA2YS),__3ZA2YS,01 - Non intersection,03 - P.D. only,04 - Sideswipe,01 - Clear,01 - Daylight,01 - Dry,10 - No control,,2,0,0,0,,0,,,,,368946.1409,5030715.962,45.41343945,-75.68044915,1920
15--11718,2015/10/06,Unknown,BEECH ST btwn RAILWAY ST & PRESTON ST (__3ZA1WS),__3ZA1WS,01 - Non intersection,03 - P.D. only,06 - SMV unattended vehicle,01 - Clear,00 - Unknown,01 - Dry,10 - No control,,1,0,0,0,,0,,,,,366665.9576,5029258.384,45.40052987,-75.70976153,1921
15--11719,2015/10/06,12:00 PM,BLAIR RD @ MEADOWBROOK RD (0004163),4163,02 - Intersection related,03 - P.D. only,03 - Rear end,01 - Clear,01 - Daylight,01 - Dry,01 - Traffic signal,01 - Functioning,2,0,0,0,,0,,,,,375194.7345,5032310.488,45.42718545,-75.60039683,1922
15--1172,2015/01/18,7:11 PM,ARCH ST btwn FLEMING AVE & CANTERBURY AVE (__3ZA73L),__3ZA73L,04 - At/near private drive,03 - P.D. only,02 - Angle,03 - Snow,07 - Dark,04 - Slush,10 - No control,,2,0,0,0,,0,,,,,372868.2057,5028146.483,45.38994992,-75.63069992,1923
15--11720,2015/10/06,12:04 PM,BLAIR RD @ INNES RD (0004165),4165,02 - Intersection related,02 - Non-fatal injury,03 - Rear end,01 - Clear,01 - Daylight,01 - Dry,01 - Traffic signal,01 - Functioning,3,0,0,0,02 - Minor,3,1,2,,,375578.7349,5031439.195,45.4193073,-75.59561533,1924
15--11721,2015/10/06,12:45 PM,"EGLISE, RUE DE L btwn COLLEGE CIRC & COTE ST (__3ZA8TE)",__3ZA8TE,01 - Non intersection,03 - P.D. only,06 - SMV unattended vehicle,01 - Clear,01 - Daylight,01 - Dry,10 - No control,,1,0,0,0,,0,,,,,371365.6698,5033192.809,45.43549907,-75.64920516,1925
15--11722,2015/10/06,2:30 PM,MONTREAL RD btwn CLOVELLY RD & ELWOOD ST (__3ZA2DZ),__3ZA2DZ,04 - At/near private drive,02 - Non-fatal injury,05 - Turning movement,01 - Clear,01 - Daylight,01 - Dry,10 - No control,,2,0,1,0,02 - Minor,2,,2,,,374331.5066,5034406.016,45.4461262,-75.61113104,1926
15--11723,2015/10/06,2:58 PM,INNES RD btwn BANTREE ST & STAR TOP RD (__3ZA2XP),__3ZA2XP,01 - Non intersection,03 - P.D. only,04 - Sideswipe,01 - Clear,01 - Daylight,01 - Dry,10 - No control,,2,0,0,0,,0,,,,,373730.9484,5030419.889,45.41032057,-75.61936539,1927
15--11724,2015/10/06,3:10 PM,ANDERSON RD @ INNES RD (0004200),4200,03 - At intersection,02 - Non-fatal injury,05 - Turning movement,01 - Clear,01 - Daylight,01 - Dry,01 - Traffic signal,01 - Functioning,2,0,0,0,02 - Minor,1,,1,,,376282.1825,5031841.204,45.42285282,-75.58656975,1928
15--11725,2015/10/06,4:00 PM,TENTH LINE RD @ LAKEPOINTE DR (0013369),13369,02 - Intersection related,03 - P.D. only,03 - Rear end,01 - Clear,01 - Daylight,01 - Dry,01 - Traffic signal,01 - Functioning,2,0,0,0,,0,,,,,384260.949,5035420.89,45.4541989,-75.48405106,1929
15--11726,2015/10/06,4:10 PM,COVENTRY RD @ VANIER PKWY (0002139),2139,02 - Intersection related,03 - P.D. only,03 - Rear end,01 - Clear,01 - Daylight,01 - Dry,01 - Traffic signal,01 - Functioning,2,0,0,0,,0,,,,,370677.8263,5031612.063,45.42134133,-75.65820718,1930
15--11727,2015/10/06,4:33 PM,LEES AVE / GRAHAM AVE @ MAIN ST (0002252),2252,02 - Intersection related,02 - Non-fatal injury,04 - Sideswipe,01 - Clear,01 - Daylight,01 - Dry,01 - Traffic signal,00 - Unknown,2,1,0,0,01 - Minimal,1,1,,,,369000.9848,5030560.57,45.41203626,-75.67976876,1931
15--11728,2015/10/06,4:52 PM,CARLING AVE @ GRENON AVE (0002645),2645,02 - Intersection related,03 - P.D. only,03 - Rear end,01 - Clear,01 - Daylight,01 - Dry,01 - Traffic signal,01 - Functioning,2,0,0,0,,0,,,,,359593.6666,5024350.503,45.35695823,-75.80063615,1932
15--11729,2015/10/06,4:58 PM,JOCKVALE RD/RIDEAU VALLEY DR @ PRINCE OF WALES (0004638),4638,03 - At intersection,02 - Non-fatal injury,05 - Turning movement,01 - Clear,01 - Daylight,01 - Dry,01 - Traffic signal,01 - Functioning,2,0,0,0,02 - Minor,1,,1,,,366709.5514,5012195.412,45.24699582,-75.71133799,1933
15--1173,2015/01/18,7:15 AM,O'CONNOR ST @ SLATER ST (0002230),2230,03 - At intersection,02 - Non-fatal injury,02 - Angle,01 - Clear,03 - Dawn,02 - Wet,01 - Traffic signal,01 - Functioning,2,0,0,0,01 - Minimal,1,1,,,,367578.741,5031451.058,45.42017762,-75.69782408,1934
15--11730,2015/10/06,5:00 PM,MERIVALE RD @ SUMMERVILLE AVE (0002728),2728,02 - Intersection related,03 - P.D. only,04 - Sideswipe,01 - Clear,01 - Daylight,01 - Dry,01 - Traffic signal,01 - Functioning,2,0,0,0,,0,,,,,364873.1873,5026444.6,45.37536812,-75.73300171,1935
15--11731,2015/10/06,5:01 PM,MERIVALE RD btwn AMBERWOOD CRES & FALLOWFIELD RD (__3ZA3I9),__3ZA3I9,01 - Non intersection,02 - Non-fatal injury,03 - Rear end,01 - Clear,01 - Daylight,01 - Dry,10 - No control,,2,0,0,0,01 - Minimal,1,1,,,,366776.3973,5019125.19,45.30934359,-75.70962129,1936
15--11732,2015/10/06,5:09 PM,HUNT CLUB RD @ RIVERSIDE DR (0002237),2237,02 - Intersection related,03 - P.D. only,03 - Rear end,01 - Clear,01 - Daylight,01 - Dry,01 - Traffic signal,01 - Functioning,2,0,0,0,,0,,,,,368036.703,5021943.697,45.33459167,-75.69319043,1937
15--11733,2015/10/06,6:21 AM,TREMBLAY RD @ TRAIN STATION (0011360),11360,02 - Intersection related,03 - P.D. only,02 - Angle,01 - Clear,07 - Dark,01 - Dry,01 - Traffic signal,01 - Functioning,2,0,0,0,,0,,,,,371169.8914,5031286.262,45.4183634,-75.6519641,1938
15--11734,2015/10/06,6:58 PM,SOUTHMORE DR @ WALKLEY RD (0006644),6644,02 - Intersection related,02 - Non-fatal injury,03 - Rear end,01 - Clear,07 - Dark,01 - Dry,02 - Stop sign,01 - Functioning,2,0,0,0,01 - Minimal,2,2,,,,369710.201,5025574.611,45.36710884,-75.67136459,1939
15--11735,2015/10/06,7:07 PM,SOMERSET ST    W btwn ARTHUR ST & CAMBRIDGE ST N (__3ZA33I),__3ZA33I,04 - At/near private drive,03 - P.D. only,02 - Angle,01 - Clear,07 - Dark,01 - Dry,10 - No control,,2,0,0,0,,0,,,,,366873.8333,5030421.699,45.41097865,-75.70696006,1940
15--11736,2015/10/06,8:09 AM,ANDERSON RD @ INNES RD (0004200),4200,02 - Intersection related,03 - P.D. only,04 - Sideswipe,01 - Clear,01 - Daylight,01 - Dry,01 - Traffic signal,01 - Functioning,2,0,0,0,,0,,,,,376280.7411,5031841.924,45.42285945,-75.58658806,1941
15--11737,2015/10/06,8:27 AM,GLADSTONE AVE btwn METCALFE ST & ELGIN ST (__3ZA3QC),__3ZA3QC,04 - At/near private drive,02 - Non-fatal injury,02 - Angle,01 - Clear,01 - Daylight,01 - Dry,10 - No control,,2,0,1,0,02 - Minor,1,,1,,,368368.8601,5030833.397,45.41454877,-75.68780877,1942
15--11738,2015/10/06,9:12 AM,BESSERER ST @ NICHOLAS ST (0007614),7614,02 - Intersection related,03 - P.D. only,04 - Sideswipe,01 - Clear,01 - Daylight,01 - Dry,01 - Traffic signal,01 - Functioning,2,0,0,0,,0,,,,,368185.7089,5032111.22,45.4260628,-75.68998418,1943
15--11739,2015/10/06,9:35 AM,MONTREAL RD btwn CENTER ST & BRITTANY DR (__3ZA3A1),__3ZA3A1,04 - At/near private drive,02 - Non-fatal injury,05 - Turning movement,01 - Clear,01 - Daylight,01 - Dry,10 - No control,,2,1,0,0,01 - Minimal,1,1,,,,371865.7125,5033972.922,45.44247037,-75.64270839,1944
15--1174,2015/01/18,7:49 PM,GREENBANK RD @ BERRIGAN DR/WESSEX RD (0004726),4726,02 - Intersection related,03 - P.D. only,03 - Rear end,04 - Freezing Rain,07 - Dark,02 - Wet,01 - Traffic signal,01 - Functioning,2,0,0,0,,0,,,,,363724.6456,5015275.943,45.27497079,-75.7489938,1945
15--11740,2015/10/07,1:58 AM,CARLING AVE btwn DAVIDSON'S SIDE RD & GRANDVIEW RD (__3ZA4Z8),__3ZA4Z8,01 - Non intersection,02 - Non-fatal injury,07 - SMV other,01 - Clear,07 - Dark,01 - Dry,10 - No control,,1,0,0,0,02 - Minor,1,,1,,,354420.6471,5023643.154,45.35097861,-75.86672917,1946
15--11741,2015/10/07,10:15 AM,BLAIR PL @ OGILVIE RD (0004162),4162,02 - Intersection related,03 - P.D. only,03 - Rear end,01 - Clear,01 - Daylight,01 - Dry,01 - Traffic signal,01 - Functioning,3,0,0,0,,0,,,,,374800.4432,5033369.78,45.43675594,-75.60528443,1947
15--11742,2015/10/07,10:33 PM,HWY 417 INNES IC112R57 @ INNES RD (0012298),12298,03 - At intersection,03 - P.D. only,04 - Sideswipe,01 - Clear,07 - Dark,01 - Dry,01 - Traffic signal,01 - Functioning,2,0,0,0,,0,,,,,374297.757,5030754.653,45.41327656,-75.61207774,1948
15--11743,2015/10/07,11:18 AM,ST. LAURENT BLVD @ WALKLEY RD (0007653),7653,03 - At intersection,02 - Non-fatal injury,05 - Turning movement,01 - Clear,01 - Daylight,01 - Dry,01 - Traffic signal,01 - Functioning,2,0,0,0,03 - Major,1,,,1,,373903.4708,5028045.774,45.3889424,-75.6174942,1949
15--11744,2015/10/07,Unknown,KENT ST btwn QUEEN ST & ALBERT ST (__3ZA1XM),__3ZA1XM,01 - Non intersection,03 - P.D. only,06 - SMV unattended vehicle,01 - Clear,00 - Unknown,01 - Dry,10 - No control,,1,0,0,0,,0,,,,,367208.1914,5031337.717,45.41919097,-75.70257279,1950
15--11745,2015/10/07,12:00 PM,CHESTNUT ST btwn LEES AVE & EVELYN AVE (__3ZA807),__3ZA807,01 - Non intersection,03 - P.D. only,06 - SMV unattended vehicle,01 - Clear,01 - Daylight,01 - Dry,10 - No control,,1,0,0,0,,0,,,,,369383.4687,5030771.163,45.41389591,-75.67485506,1951
15--11746,2015/10/07,12:36 PM,TORBOLTON RIDGE RD btwn KILMAURS SIDE RD & KINBURN SIDE RD (__3ZBNAP),__3ZBNAP,01 - Non intersection,03 - P.D. only,07 - SMV other,01 - Clear,01 - Daylight,08 - Loose sand or gravel,10 - No control,,1,0,0,0,,0,,,,,334657.4335,5035192.735,45.45602613,-76.11824533,1952
15--11747,2015/10/07,12:59 PM,REGIONAL RD 174 @ TRIM RD (0012835),12835,02 - Intersection related,03 - P.D. only,03 - Rear end,01 - Clear,01 - Daylight,01 - Dry,01 - Traffic signal,01 - Functioning,2,0,0,0,,0,,,,,384352.8172,5039989.859,45.49529571,-75.48213683,1953
15--11748,2015/10/07,2:00 PM,RUSKIN ST btwn MACFARLANE AVE & MELROSE AVE (__3ZA0YI),__3ZA0YI,04 - At/near private drive,03 - P.D. only,02 - Angle,01 - Clear,01 - Daylight,01 - Dry,10 - No control,,2,0,0,0,,0,,,,,365752.0345,5028558.325,45.39431107,-75.72152085,1954
15--11749,2015/10/07,4:16 PM,NICHOLAS ST SB btwn Continuation of WALLER ST & HWY417 IC118 RAMP35 (__6KCDVW),__6KCDVW,01 - Non intersection,02 - Non-fatal injury,03 - Rear end,01 - Clear,01 - Daylight,01 - Dry,10 - No control,,2,0,0,0,01 - Minimal,2,2,,,,368776.1883,5031488.671,45.42040758,-75.68251998,1955
15--1175,2015/01/18,8:21 PM,DUNROBIN RD btwn WAYBURN AVE & RIDDELL DR (__3ZA3EE),__3ZA3EE,01 - Non intersection,03 - P.D. only,07 - SMV other,02 - Rain,07 - Dark,02 - Wet,10 - No control,,1,0,0,0,,0,,,,,347041.8511,5026461.488,45.37682197,-75.96065368,1956
15--11750,2015/10/07,4:30 PM,RIVERSIDE DR btwn HERON RD & RIVERSIDE DR RAMP 34 (__5FDVSE),__5FDVSE,01 - Non intersection,03 - P.D. only,04 - Sideswipe,01 - Clear,01 - Daylight,01 - Dry,10 - No control,,2,0,0,0,,0,,,,,368109.8926,5026780.807,45.37810826,-75.69163725,1957
15--11751,2015/10/07,4:35 PM,REGIONAL ROAD 174 EB btwn HWY417 IC113 RAMP65 & OR174 BLAIR IC112 RAMP51 (__3ZAZFJ),__3ZAZFJ,01 - Non intersection,03 - P.D. only,03 - Rear end,01 - Clear,01 - Daylight,01 - Dry,10 - No control,,3,0,0,0,,0,,,,,374095.0317,5032277.677,45.42700004,-75.6144533,1958
15--11752,2015/10/07,4:53 PM,BASELINE RD @ GREENBANK RD (0002357),2357,02 - Intersection related,03 - P.D. only,04 - Sideswipe,01 - Clear,01 - Daylight,01 - Dry,01 - Traffic signal,01 - Functioning,2,0,0,0,,0,,,,,360596.9636,5022584.861,45.3409919,-75.78803067,1959
15--11753,2015/10/07,4:57 PM,HIGHWAY 417 btwn HWY417 IC118 RAMP67 & HWY417 IC117 RAMP36 (__3ZA2YO),__3ZA2YO,01 - Non intersection,03 - P.D. only,03 - Rear end,01 - Clear,01 - Daylight,01 - Dry,10 - No control,,2,0,0,0,,0,,,,,369837.8146,5031156.556,45.41732145,-75.6689999,1960
15--11754,2015/10/07,5:15 PM,WALKLEY RD @ GLENHAVEN PRIV (0011424),11424,02 - Intersection related,03 - P.D. only,03 - Rear end,01 - Clear,01 - Daylight,01 - Dry,01 - Traffic signal,00 - Unknown,3,0,0,0,,0,,,,,370213.225,5025873.426,45.36975072,-75.66490417,1961
15--11755,2015/10/07,5:15 PM,BANK ST btwn ALBION RD & SIEVERIGHT AVE (__3ZA29S),__3ZA29S,04 - At/near private drive,03 - P.D. only,02 - Angle,01 - Clear,01 - Daylight,01 - Dry,10 - No control,,2,0,0,0,,0,,,,,371968.9063,5024132.777,45.35392291,-75.64272939,1962
15--11756,2015/10/07,5:21 PM,RIVERSIDE DR btwn RIVERGATE WAY & MALHOTRA CRT (__3ZA37M),__3ZA37M,01 - Non intersection,03 - P.D. only,04 - Sideswipe,01 - Clear,01 - Daylight,01 - Dry,10 - No control,,2,0,0,0,,0,,,,,368120.3153,5023227.018,45.34613119,-75.69195952,1963
15--11757,2015/10/07,5:40 PM,CONOVER ST @ KNOXDALE RD (0000532),532,02 - Intersection related,02 - Non-fatal injury,03 - Rear end,01 - Clear,01 - Daylight,01 - Dry,02 - Stop sign,00 - Unknown,2,0,0,0,01 - Minimal,1,1,,,,361984.403,5021005.848,45.32667227,-75.77051081,1964
15--11758,2015/10/07,6:26 PM,EDGECLIFFE AVE @ CALDWELL AVE (0006543),6543,03 - At intersection,02 - Non-fatal injury,02 - Angle,01 - Clear,07 - Dark,01 - Dry,10 - No control,,2,0,1,0,02 - Minor,1,,1,,,364346.0337,5026250.856,45.37366984,-75.73975502,1965
15--11759,2015/10/07,6:30 PM,MONTREAL RD btwn PALACE ST & VANIER PKWY (__3ZA3LL),__3ZA3LL,04 - At/near private drive,03 - P.D. only,05 - Turning movement,01 - Clear,07 - Dark,01 - Dry,10 - No control,,2,0,0,0,,0,,,,,369996.1126,5033022.039,45.43409158,-75.66673059,1966
15--1176,2015/01/18,8:39 PM,STEEPLE HILL CRES btwn FALLOWFIELD RD & RUSHMORE RD (__3ZAB48),__3ZAB48,01 - Non intersection,03 - P.D. only,07 - SMV other,04 - Freezing Rain,07 - Dark,06 - Ice,10 - No control,,1,0,0,0,,0,,,,,358830.4923,5013873.761,45.26274685,-75.81151857,1967
15--11760,2015/10/07,7:05 AM,CARLING AVE EB btwn FAIRLAWN AVE/WOODROFFE AVE W & CARLINGWOOD SC/FAIRLAWN PLAZA SC (__3ZA4WHA),__3ZA4WHA,01 - Non intersection,02 - Non-fatal injury,07 - SMV other,01 - Clear,01 - Daylight,01 - Dry,10 - No control,,1,0,1,0,01 - Minimal,1,1,,,,361956.3006,5025844.588,45.37021327,-75.77031005,1968
15--11761,2015/10/07,7:16 PM,"EGLISE, RUE DE L @ MONTREAL RD (0011441)",11441,03 - At intersection,02 - Non-fatal injury,05 - Turning movement,01 - Clear,07 - Dark,01 - Dry,01 - Traffic signal,01 - Functioning,2,0,1,0,03 - Major,1,,,1,,371158.4309,5033633.947,45.43948792,-75.65179418,1969
15--11762,2015/10/07,7:30 AM,BANK ST @ GLADSTONE AVE (0002253),2253,02 - Intersection related,03 - P.D. only,02 - Angle,01 - Clear,01 - Daylight,01 - Dry,01 - Traffic signal,01 - Functioning,2,0,0,0,,0,,,,,367918.1478,5030563.652,45.41216249,-75.69360129,1970
15--11763,2015/10/07,7:30 PM,HUNTMAR DR btwn OLD CARP RD & BRADLEY SIDE RD (__3ZACWD),__3ZACWD,01 - Non intersection,03 - P.D. only,07 - SMV other,01 - Clear,07 - Dark,01 - Dry,10 - No control,,1,0,0,0,,0,,,,,345474.9795,5022090.076,45.33757944,-75.98101845,1971
15--11764,2015/10/07,7:40 AM,REVELSTOKE DR @ RIVERSIDE DR (0006918),6918,02 - Intersection related,03 - P.D. only,03 - Rear end,01 - Clear,01 - Daylight,01 - Dry,01 - Traffic signal,00 - Unknown,2,0,0,0,,0,,,,,368216.2709,5024423.878,45.35689159,-75.69058164,1972
15--11765,2015/10/07,7:42 AM,BRONSON AVE btwn LAKESIDE AVE & LAKEVIEW TER (__3ZA3NB),__3ZA3NB,01 - Non intersection,03 - P.D. only,03 - Rear end,01 - Clear,01 - Daylight,01 - Dry,10 - No control,,2,0,0,0,,0,,,,,367672.5732,5028797.943,45.39629728,-75.69696358,1973
15--11766,2015/10/07,7:45 AM,SHIRLEY'S BROOK DR btwn MORGAN'S GRANT WAY & INVERARY DR (__3ZA43L),__3ZA43L,04 - At/near private drive,03 - P.D. only,02 - Angle,01 - Clear,01 - Daylight,01 - Dry,10 - No control,,2,0,0,0,,0,,,,,349680.3479,5023635.168,45.35122614,-75.92722355,1974
15--11767,2015/10/07,7:57 AM,COLONNADE RD @ PRINCE OF WALES DR (0005249),5249,03 - At intersection,03 - P.D. only,05 - Turning movement,01 - Clear,01 - Daylight,01 - Dry,01 - Traffic signal,01 - Functioning,2,0,0,0,,0,,,,,367393.9909,5023266.156,45.34654853,-75.7012224,1975
15--11768,2015/10/07,8:17 AM,HIGHWAY 417 btwn HWY417 IC129 RAMP25 & TRANSIT (__3ZA2SH),__3ZA2SH,01 - Non intersection,03 - P.D. only,03 - Rear end,01 - Clear,01 - Daylight,01 - Dry,10 - No control,,2,0,0,0,,0,,,,,361028.8039,5023975.852,45.35347351,-75.78236268,1976
15--11769,2015/10/07,8:40 AM,HAWTHORNE RD @ HUNT CLUB RD (0007651),7651,02 - Intersection related,03 - P.D. only,03 - Rear end,01 - Clear,01 - Daylight,01 - Dry,01 - Traffic signal,01 - Functioning,2,0,0,0,,0,,,,,375507.747,5026406.53,45.37403318,-75.59724363,1977
15--1177,2015/01/18,9:45 AM,GARDENWAY DR btwn LATOUR CRES & OAKLAWN CRES (__3ZA5ST),__3ZA5ST,01 - Non intersection,03 - P.D. only,07 - SMV other,01 - Clear,01 - Daylight,02 - Wet,10 - No control,,1,0,0,0,,0,,,,,384056.7956,5036755.63,45.46623086,-75.48644569,1978
15--11770,2015/10/07,8:41 PM,RIDEAU ST @ WURTEMBURG ST (0007118),7118,02 - Intersection related,03 - P.D. only,03 - Rear end,01 - Clear,07 - Dark,01 - Dry,01 - Traffic signal,01 - Functioning,2,0,0,0,,0,,,,,369358.1476,5032924.508,45.43327323,-75.67489634,1979
15--11771,2015/10/07,9:35 AM,CUMMINGS AVE/LABELLE ST @ CYRVILLE RD (0008791),8791,02 - Intersection related,03 - P.D. only,03 - Rear end,01 - Clear,01 - Daylight,01 - Dry,01 - Traffic signal,01 - Functioning,2,0,0,0,,0,,,,,372860.7159,5031871.206,45.42346401,-75.63028139,1980
15--11772,2015/10/07,9:55 PM,HIGHWAY 417 btwn HIGHWAY 417 & HWY417 IC115 RAMP61 (__3ZA2YH),__3ZA2YH,01 - Non intersection,02 - Non-fatal injury,07 - SMV other,01 - Clear,07 - Dark,01 - Dry,10 - No control,,1,0,1,0,02 - Minor,1,,1,,,372610.3777,5031536.339,45.42047535,-75.63352608,1981
15--11773,2015/10/08,1:10 PM,OTTAWA RIVER PKWY @ REMIC RAPIDS ENT/TUNNEY'S  (0011322),11322,02 - Intersection related,03 - P.D. only,03 - Rear end,02 - Rain,01 - Daylight,02 - Wet,01 - Traffic signal,01 - Functioning,2,0,0,0,,0,,,,,364255.4674,5030252.284,45.40968164,-75.74042906,1982
15--11774,2015/10/08,1:31 PM,STAR TOP RD btwn Continuation of STAR TOP RD & INNES RD (__3ZBN0V),__3ZBN0V,01 - Non intersection,03 - P.D. only,03 - Rear end,01 - Clear,01 - Daylight,01 - Dry,10 - No control,,2,0,0,0,,0,,,,,374073.4916,5030853.588,45.41418896,-75.61492877,1983
15--11775,2015/10/08,1:41 PM,NAVAHO DR @ WOODROFFE AVE/TRANSITWAY N BASELIN (0010359),10359,02 - Intersection related,02 - Non-fatal injury,04 - Sideswipe,01 - Clear,01 - Daylight,01 - Dry,01 - Traffic signal,01 - Functioning,2,0,1,0,01 - Minimal,1,1,,,,362703.6836,5023492.801,45.34899076,-75.76104484,1984