Anom_ID,Accident_Date,Accident_Time,Location,Geo_ID,Accident_Location,Classification_of_Accident,Initial_Impact_Type,Environment_Condition,Light,Road_Surface_Condition,Traffic_Control,Traffic_Control_Condition,No__of_Vehicles,No__of_Bicycles,No__of_Motorcycles,No__of_Pedestrians,Max_Injury,No__of_Injuries,No__of_Minimal,No__of_Minor,No__of_Major,No__of_Fatal,X,Y,Latitude,Longitude,ObjectId
15--11776,2015/10/08,10:05 AM,RIVERSIDE DR SB btwn RIVERSIDE DR SPLIT & DATA CENTRE RD (__3ZA3BO),__3ZA3BO,01 - Non intersection,03 - P.D. only,04 - Sideswipe,01 - Clear,01 - Daylight,01 - Dry,10 - No control,,2,0,0,0,,0,,,,,368623.815,5027437.546,45.38397078,-75.68499107,1985
15--11777,2015/10/08,10:38 AM,PARKDALE AVE/SPENCER ST @ OXFORD ST (0005645),5645,02 - Intersection related,03 - P.D. only,03 - Rear end,01 - Clear,01 - Daylight,01 - Dry,02 - Stop sign,00 - Unknown,3,0,0,0,,0,,,,,365060.1669,5029476.096,45.40262885,-75.73024445,1986
15--11778,2015/10/08,10:55 AM,LAURIER AVE @ WALLER ST/TRANSITWAY (0002020),2020,03 - At intersection,03 - P.D. only,05 - Turning movement,01 - Clear,01 - Daylight,01 - Dry,01 - Traffic signal,01 - Functioning,2,0,0,0,,0,,,,,368454.9936,5031858.591,45.42376528,-75.68657595,1987
15--11779,2015/10/08,10:57 PM,EAGLESON RD btwn CAMBRIAN RD & PERTH ST (__3ZA4YC),__3ZA4YC,01 - Non intersection,03 - P.D. only,06 - SMV unattended vehicle,01 - Clear,07 - Dark,01 - Dry,10 - No control,,1,0,0,0,,0,,,,,357938.7536,5007622.945,45.20656852,-75.82354837,1988
15--1178,2015/01/19,1:03 PM,CARP RD btwn HWY417 IC144 RAMP25 & WESTBROOK RD (__3ZA3D3),__3ZA3D3,01 - Non intersection,02 - Non-fatal injury,04 - Sideswipe,01 - Clear,01 - Daylight,02 - Wet,10 - No control,,2,0,0,0,02 - Minor,1,,1,,,347589.2837,5015605.373,45.27910219,-75.95460264,1989
15--11780,2015/10/08,11:00 AM,PRESLAND RD @ VANIER PKWY (0012076),12076,02 - Intersection related,03 - P.D. only,03 - Rear end,01 - Clear,01 - Daylight,01 - Dry,01 - Traffic signal,01 - Functioning,2,0,0,0,,0,,,,,370433.1219,5031751.997,45.4226234,-75.66131505,1990
15--11781,2015/10/08,11:16 AM,BANK ST @ HERON RD (0002155),2155,02 - Intersection related,03 - P.D. only,03 - Rear end,01 - Clear,01 - Daylight,01 - Dry,01 - Traffic signal,01 - Functioning,2,0,0,0,,0,,,,,369996.4407,5026851.182,45.37856846,-75.66754237,1991
15--11782,2015/10/08,11:24 AM,KIRKWOOD AVE @ LAROSE AVE (0006721),6721,03 - At intersection,02 - Non-fatal injury,05 - Turning movement,01 - Clear,01 - Daylight,01 - Dry,02 - Stop sign,00 - Unknown,2,0,0,0,02 - Minor,1,,1,,,364648.2198,5026842.761,45.37896995,-75.73582552,1992
15--11783,2015/10/08,Unknown,CARP RD btwn MCGEE SIDE RD & ARBOURBROOK BLVD (__5RGDMI),__5RGDMI,01 - Non intersection,03 - P.D. only,07 - SMV other,01 - Clear,00 - Unknown,01 - Dry,10 - No control,,1,0,0,0,,0,,,,,344540.0983,5019053.985,45.31031318,-75.99319,1993
15--11784,2015/10/08,Unknown,SANDALWOOD DR btwn BAYCREST DR & HERON RD (__3ZA9YZ),__3ZA9YZ,01 - Non intersection,03 - P.D. only,06 - SMV unattended vehicle,02 - Rain,00 - Unknown,02 - Wet,10 - No control,,1,0,0,0,,0,,,,,371417.7055,5026770.253,45.37770659,-75.64940793,1994
15--11785,2015/10/08,Unknown,KENT ST btwn LISGAR ST & COOPER ST (__3ZA3RR),__3ZA3RR,01 - Non intersection,03 - P.D. only,06 - SMV unattended vehicle,01 - Clear,00 - Unknown,01 - Dry,10 - No control,,1,0,0,0,,0,,,,,367479.101,5030897.13,45.41520249,-75.6991676,1995
15--11786,2015/10/08,Unknown,WARNOCK CRT btwn MEADOWCROFT CRES & END (__30O3Q5),__30O3Q5,01 - Non intersection,03 - P.D. only,06 - SMV unattended vehicle,02 - Rain,00 - Unknown,02 - Wet,10 - No control,,1,0,0,0,,0,,,,,372746.9837,5033120.253,45.43471338,-75.63156222,1996
15--11787,2015/10/08,12:08 PM,KENT ST @ MACLAREN ST (0007603),7603,03 - At intersection,03 - P.D. only,05 - Turning movement,01 - Clear,01 - Daylight,01 - Dry,02 - Stop sign,00 - Unknown,2,0,0,0,,0,,,,,367571.9896,5030742.928,45.4138067,-75.69800055,1997
15--11788,2015/10/08,12:27 PM,RICHMOND RD btwn STINSON AVE & STAFFORD RD (__3ZBOCU),__3ZBOCU,01 - Non intersection,03 - P.D. only,04 - Sideswipe,01 - Clear,01 - Daylight,01 - Dry,10 - No control,,3,0,0,0,,0,,,,,358115.3131,5021073.381,45.3275845,-75.81985707,1998
15--11789,2015/10/08,12:47 PM,ORLEANS BLVD btwn ST. LOUIS DR & BROKEN OAK DR (__3ZA1DW),__3ZA1DW,01 - Non intersection,02 - Non-fatal injury,07 - SMV other,01 - Clear,01 - Daylight,01 - Dry,10 - No control,,1,0,0,1,02 - Minor,1,,1,,,379794.6319,5038378.263,45.48130065,-75.54069565,1999
15--1179,2015/01/19,1:15 PM,LESTER RD btwn ALBION RD & UPLANDS DR (__3ZA2SC),__3ZA2SC,01 - Non intersection,03 - P.D. only,07 - SMV other,01 - Clear,01 - Daylight,04 - Slush,10 - No control,,1,0,0,0,,0,,,,,371317.1303,5021354.162,45.32898391,-75.65142061,2000
15--11880,2015/10/10,2:20 PM,BANKFIELD RD @ PRINCE OF WALES DR (0003618),3618,02 - Intersection related,03 - P.D. only,03 - Rear end,01 - Clear,01 - Daylight,01 - Dry,01 - Traffic signal,00 - Unknown,2,0,0,0,,0,,,,,366379.6899,5008975.747,45.21805417,-75.71593815,2001
15--11790,2015/10/08,2:30 PM,HAZEL ST btwn GLENORA ST & MAIN ST (__3ZA96D),__3ZA96D,01 - Non intersection,03 - P.D. only,06 - SMV unattended vehicle,01 - Clear,01 - Daylight,01 - Dry,10 - No control,,1,0,0,0,,0,,,,,369135.5432,5030161.931,45.40843709,-75.67810185,2002
15--11881,2015/10/10,2:54 PM,FLOWER AVE @ WOODROFFE AVE (0002757),2757,02 - Intersection related,03 - P.D. only,03 - Rear end,01 - Clear,01 - Daylight,01 - Dry,02 - Stop sign,01 - Functioning,2,0,0,0,,0,,,,,361812.4021,5026116.253,45.37266941,-75.77211564,2003
15--11882,2015/10/10,3:14 PM,BELFAST RD @ TRAINYARDS (0007799),7799,03 - At intersection,02 - Non-fatal injury,02 - Angle,01 - Clear,01 - Daylight,01 - Dry,01 - Traffic signal,01 - Functioning,2,0,0,0,02 - Minor,3,1,2,,,371883.4416,5030912.493,45.41493234,-75.64289867,2004
15--11791,2015/10/08,2:40 PM,STONECREST RD btwn NEEDHAMS SIDE RD & KILKENNY DR (__3ZBNA1),__3ZBNA1,01 - Non intersection,02 - Non-fatal injury,07 - SMV other,01 - Clear,01 - Daylight,01 - Dry,10 - No control,,1,0,0,0,02 - Minor,1,,1,,,337643.5789,5030201.661,45.41098098,-76.08039866,2005
15--11883,2015/10/10,3:54 PM,ST. LAURENT BLVD/DUNBARTON CRT @ BRITTANY DR (0007139),7139,02 - Intersection related,02 - Non-fatal injury,01 - Approaching,01 - Clear,01 - Daylight,01 - Dry,01 - Traffic signal,01 - Functioning,2,0,0,0,02 - Minor,1,,1,,,371331.7167,5034335.514,45.44578383,-75.6494846,2006
15--11792,2015/10/08,2:51 AM,ST. JOSEPH BLVD @ REGIONAL RD 174/TRANSITWAY (0012428),12428,02 - Intersection related,03 - P.D. only,07 - SMV other,01 - Clear,07 - Dark,01 - Dry,01 - Traffic signal,00 - Unknown,1,0,0,0,,0,,,,,376555.2801,5035056.458,45.45175372,-75.58261176,2007
15--11884,2015/10/10,3:55 PM,BANK ST btwn ARENA PL & WHITE ALDER AVE (__3ZA29N),__3ZA29N,01 - Non intersection,03 - P.D. only,03 - Rear end,01 - Clear,01 - Daylight,01 - Dry,10 - No control,,2,0,0,0,,0,,,,,375560.7018,5021145.503,45.32669146,-75.59732044,2008
15--11793,2015/10/08,3:19 PM,INNES RD btwn INNES RD & PAGE RD (__3ZA3JY),__3ZA3JY,01 - Non intersection,03 - P.D. only,03 - Rear end,01 - Clear,01 - Daylight,01 - Dry,10 - No control,,3,0,0,0,,0,,,,,380816.4069,5034494.807,45.44624993,-75.52822788,2009
15--11885,2015/10/10,4:02 PM,MONTREAL RD @ ST. LAURENT BLVD (0002604),2604,02 - Intersection related,03 - P.D. only,03 - Rear end,01 - Clear,01 - Daylight,01 - Dry,01 - Traffic signal,01 - Functioning,3,0,1,0,,0,,,,,371545.7029,5033817.234,45.44110019,-75.64681969,2010
15--11794,2015/10/08,3:32 PM,INNES RD @ VISENEAU DR (0012442),12442,03 - At intersection,03 - P.D. only,05 - Turning movement,01 - Clear,01 - Daylight,01 - Dry,01 - Traffic signal,01 - Functioning,2,0,0,0,,0,,,,,381799.4718,5035073.196,45.4513462,-75.51557199,2011
15--11886,2015/10/10,4:28 PM,BASIL MACDONALD WAY btwn MERIVALE RD & GRANT CARMAN DR (__4BBEMB),__4BBEMB,04 - At/near private drive,03 - P.D. only,02 - Angle,01 - Clear,01 - Daylight,01 - Dry,10 - No control,,2,0,0,0,,0,,,,,365223.7985,5023244.8,45.34654669,-75.72891681,2012
15--11795,2015/10/08,3:39 PM,ST. LAURENT BLVD @ MCARTHUR AVE (0008246),8246,02 - Intersection related,03 - P.D. only,03 - Rear end,01 - Clear,01 - Daylight,01 - Dry,01 - Traffic signal,01 - Functioning,2,0,0,0,,0,,,,,371922.4397,5032886.494,45.43268976,-75.64213148,2013
15--11887,2015/10/10,5:25 PM,ALTA VISTA DR btwn FAIRCREST RD & SMYTH RD (__3ZA9LC),__3ZA9LC,01 - Non intersection,03 - P.D. only,03 - Rear end,01 - Clear,01 - Daylight,01 - Dry,10 - No control,,2,0,0,0,,0,,,,,370434.882,5029068.561,45.39847872,-75.66164986,2014
15--11796,2015/10/08,3:40 PM,BLAIR RD @ OGILVIE RD (0004120),4120,03 - At intersection,02 - Non-fatal injury,04 - Sideswipe,01 - Clear,01 - Daylight,01 - Dry,01 - Traffic signal,01 - Functioning,2,0,0,0,01 - Minimal,1,1,,,,374507.7237,5033197.494,45.43523505,-75.60904978,2015
15--11888,2015/10/10,6:30 AM,GREENLAND RD btwn PINE VALLEY CRT & VANCES SIDE RD (__3ZAC2F),__3ZAC2F,01 - Non intersection,02 - Non-fatal injury,07 - SMV other,"07 - Fog, mist, smoke, dust",03 - Dawn,01 - Dry,10 - No control,,1,0,0,0,02 - Minor,1,,1,,,341922.0151,5036124.829,45.46406511,-76.02529351,2016
15--12240,2015/10/19,8:15 PM,PINECREST RD @ RICHMOND RD (0002353),2353,02 - Intersection related,03 - P.D. only,03 - Rear end,01 - Clear,07 - Dark,01 - Dry,01 - Traffic signal,01 - Functioning,2,0,0,0,,0,,,,,360073.8242,5024470.771,45.35800271,-75.79449463,2017
15--12330,2015/10/21,6:34 PM,MERIVALE RD/LOTTA AVE @ CLYDE AVE (0001112),1112,02 - Intersection related,03 - P.D. only,03 - Rear end,02 - Rain,07 - Dark,02 - Wet,01 - Traffic signal,00 - Unknown,2,0,0,0,,0,,,,,364521.6391,5024507.407,45.3579676,-75.73772394,2018
15--11797,2015/10/08,3:47 PM,MCARTHUR AVE @ VANIER PKWY (0004626),4626,02 - Intersection related,03 - P.D. only,04 - Sideswipe,01 - Clear,01 - Daylight,01 - Dry,01 - Traffic signal,01 - Functioning,2,0,0,0,,0,,,,,370219.4257,5032690.226,45.43108521,-75.66392083,2019
15--11798,2015/10/08,4:05 PM,HIGHWAY 417 btwn HWY417 IC117 RAMP25 & HWY417 IC115 RAMP51 (__3ZA2R3),__3ZA2R3,01 - Non intersection,03 - P.D. only,03 - Rear end,01 - Clear,01 - Daylight,01 - Dry,10 - No control,,4,0,0,0,,0,,,,,371540.3276,5031396.799,45.41932272,-75.64721644,2020
15--11799,2015/10/08,4:09 PM,BASELINE RD @ WOODROFFE AVE (0002225),2225,02 - Intersection related,03 - P.D. only,03 - Rear end,01 - Clear,01 - Daylight,01 - Dry,01 - Traffic signal,01 - Functioning,4,0,0,0,,0,,,,,362549.6902,5023768.703,45.351486,-75.76297769,2021
15--118,2015/01/04,1:05 PM,REGIONAL ROAD 174 btwn OR174 IC105 RAMP51 & OR174 IC105 RAMP35 (__3ZA2XC),__3ZA2XC,01 - Non intersection,03 - P.D. only,07 - SMV other,04 - Freezing Rain,01 - Daylight,06 - Ice,10 - No control,,1,0,0,0,,0,,,,,379362.0051,5036975.487,45.46872589,-75.54644178,2022
15--1180,2015/01/19,1:15 PM,HIGHWAY 417 btwn HWY417 IC119A RAMP75 & HWY417 IC118 RAMP57 (__3ZA2R2),__3ZA2R2,01 - Non intersection,03 - P.D. only,04 - Sideswipe,01 - Clear,01 - Daylight,02 - Wet,10 - No control,,2,0,0,0,,0,,,,,368626.6268,5030534.319,45.41183431,-75.68455447,2023
15--11800,2015/10/08,4:12 PM,BRIDGE ST btwn MANOTICK MAIN ST & DICKINSON CIRC (__3ZA388),__3ZA388,04 - At/near private drive,03 - P.D. only,02 - Angle,01 - Clear,01 - Daylight,01 - Dry,10 - No control,,2,0,0,0,,0,,,,,368743.5635,5009977.974,45.22686159,-75.68571445,2024
15--11801,2015/10/08,4:28 PM,KENT ST @ WELLINGTON ST (0002040),2040,02 - Intersection related,03 - P.D. only,03 - Rear end,01 - Clear,01 - Daylight,01 - Dry,01 - Traffic signal,00 - Unknown,2,0,0,0,,0,,,,,367098.4185,5031525.492,45.42089029,-75.70395155,2025
15--11802,2015/10/08,4:43 PM,INNES RD btwn 260 E OF BELCOURT BLVD/WALMART SC & JEANNE D'ARC BLVD/ME (__3ZA3JWB),__3ZA3JWB,01 - Non intersection,02 - Non-fatal injury,03 - Rear end,01 - Clear,01 - Daylight,01 - Dry,10 - No control,,3,0,0,0,01 - Minimal,1,1,,,,382457.5734,5035467.013,45.45481662,-75.50709733,2026
15--11803,2015/10/08,4:52 PM,QUEEN ST btwn METCALFE ST & ELGIN ST (__3ZA2FO),__3ZA2FO,01 - Non intersection,02 - Non-fatal injury,07 - SMV other,01 - Clear,01 - Daylight,01 - Dry,10 - No control,,1,0,0,1,02 - Minor,1,,1,,,367658.0714,5031685.263,45.4222778,-75.69678063,2027
15--11804,2015/10/08,5:07 PM,BANK ST btwn CAHILL DR & TURN LANE (1) (__3ZA3HV),__3ZA3HV,04 - At/near private drive,03 - P.D. only,05 - Turning movement,01 - Clear,01 - Daylight,01 - Dry,10 - No control,,2,0,0,0,,0,,,,,371421.1753,5024202.176,45.35459959,-75.6497099,2028
15--11805,2015/10/08,5:30 PM,CARLING AVE WB btwn HOLLY ACRES RD & MAPLEHURST AVE (__3ZA2ZC),__3ZA2ZC,01 - Non intersection,03 - P.D. only,07 - SMV other,01 - Clear,01 - Daylight,01 - Dry,10 - No control,,1,0,0,0,,0,,,,,358579.6458,5023728.63,45.35144112,-75.81364539,2029
15--11806,2015/10/08,5:32 PM,CAMPEAU DR btwn TERRY FOX DR & HERLIHEY WAY (__5ZYNI8),__5ZYNI8,04 - At/near private drive,03 - P.D. only,02 - Angle,01 - Clear,01 - Daylight,01 - Dry,10 - No control,,2,0,0,0,,0,,,,,350502.8191,5019159.826,45.31090283,-75.91714068,2030
15--11807,2015/10/08,5:48 AM,PLACE D'ORLEANS DR @ OR174 IC102 RAMP51/TRANSI (0008777),8777,03 - At intersection,03 - P.D. only,02 - Angle,01 - Clear,07 - Dark,01 - Dry,01 - Traffic signal,01 - Functioning,2,0,0,0,,0,,,,,381391.7378,5038030.592,45.47799921,-75.52032323,2031
15--11808,2015/10/08,6:32 AM,COLONIAL RD @ DUNNING RD (0004694),4694,03 - At intersection,03 - P.D. only,02 - Angle,01 - Clear,07 - Dark,01 - Dry,02 - Stop sign,01 - Functioning,2,0,0,0,,0,,,,,393998.5542,5033694.873,45.43749531,-75.35988714,2032
15--11809,2015/10/08,6:56 PM,HWY417 IC118 RAMP35 btwn HWY417 IC118 RAMP45 & MANN AVE OVERPASS (__3ZAYAW),__3ZAYAW,01 - Non intersection,03 - P.D. only,04 - Sideswipe,01 - Clear,07 - Dark,01 - Dry,10 - No control,,2,0,0,0,,0,,,,,369431.2564,5031088.246,45.41674449,-75.67420299,2033
15--1181,2015/01/19,10:22 AM,BANK ST @ SLATER ST (0002223),2223,02 - Intersection related,03 - P.D. only,05 - Turning movement,01 - Clear,01 - Daylight,01 - Dry,01 - Traffic signal,01 - Functioning,2,0,0,0,,0,,,,,367424.7024,5031354.095,45.41931898,-75.69980449,2034
15--11810,2015/10/08,7:12 PM,CASTLEFRANK RD @ GOLDRIDGE DR N/SHERRING CRES  (0002716),2716,03 - At intersection,03 - P.D. only,02 - Angle,01 - Clear,07 - Dark,01 - Dry,02 - Stop sign,01 - Functioning,2,0,0,0,,0,,,,,350324.4921,5019992.972,45.31841129,-75.91933825,2035
15--11811,2015/10/08,7:18 PM,CONROY RD @ HUNT CLUB RD (0002257),2257,02 - Intersection related,03 - P.D. only,03 - Rear end,01 - Clear,07 - Dark,01 - Dry,01 - Traffic signal,01 - Functioning,2,0,0,0,,0,,,,,373763.0193,5025404.883,45.36519466,-75.61965648,2036
15--11812,2015/10/08,7:19 PM,CONROY RD @ HUNT CLUB RD (0002257),2257,03 - At intersection,03 - P.D. only,05 - Turning movement,01 - Clear,07 - Dark,01 - Dry,01 - Traffic signal,01 - Functioning,2,0,0,0,,0,,,,,373764.4607,5025404.883,45.36519452,-75.61963808,2037
15--11813,2015/10/08,7:39 AM,CHAMPLAIN BRIDGE/ISLAND PARK DR @ BATE ISLAND (0010849),10849,02 - Intersection related,03 - P.D. only,07 - SMV other,01 - Clear,01 - Daylight,01 - Dry,02 - Stop sign,00 - Unknown,1,0,0,0,,0,,,,,362967.8793,5030052.304,45.40799045,-75.75690078,2038
15--11814,2015/10/08,7:51 AM,BANK ST btwn TURN LANE & MITCH OWENS RD (__3ZA28S),__3ZA28S,04 - At/near private drive,02 - Non-fatal injury,02 - Angle,01 - Clear,01 - Daylight,01 - Dry,10 - No control,,2,0,0,0,01 - Minimal,1,1,,,,377729.9369,5016006.198,45.28022823,-75.57040765,2039
15--11815,2015/10/08,7:54 PM,RIVER RD btwn LOWEN DR & BALMORAL DR (__3ZA38M),__3ZA38M,04 - At/near private drive,02 - Non-fatal injury,03 - Rear end,01 - Clear,07 - Dark,01 - Dry,10 - No control,,3,0,0,0,02 - Minor,3,,3,,,367967.0522,5018170.478,45.30064715,-75.69456014,2040
15--11816,2015/10/08,8:10 AM,KNOXDALE RD @ WEST HUNT CLUB RD (0005165),5165,03 - At intersection,03 - P.D. only,02 - Angle,01 - Clear,01 - Daylight,01 - Dry,01 - Traffic signal,01 - Functioning,2,0,0,0,,0,,,,,361862.965,5020584.117,45.32288742,-75.77210844,2041
15--11817,2015/10/08,8:25 AM,BRUYERE ST @ SUSSEX DR (0007744),7744,02 - Intersection related,03 - P.D. only,07 - SMV other,01 - Clear,01 - Daylight,01 - Dry,01 - Traffic signal,01 - Functioning,1,0,0,0,,0,,,,,367538.6551,5032667.345,45.43112497,-75.69818132,2042
15--11818,2015/10/08,8:28 AM,EAGLESON RD @ KATIMAVIK RD/TIMM DR (0011925),11925,02 - Intersection related,03 - P.D. only,03 - Rear end,01 - Clear,01 - Daylight,01 - Dry,01 - Traffic signal,01 - Functioning,2,0,0,0,,0,,,,,353216.0655,5019565.83,45.31437433,-75.88250027,2043
15--11819,2015/10/08,8:58 PM,PRINCE OF WALES DR @ WEST HUNT CLUB RD (0000567),567,03 - At intersection,03 - P.D. only,04 - Sideswipe,01 - Clear,07 - Dark,01 - Dry,01 - Traffic signal,01 - Functioning,2,0,0,0,,0,,,,,367458.7103,5021890.422,45.33416416,-75.70057081,2044
15--1182,2015/01/19,10:45 AM,FLORENCE ST btwn BAY ST & LYON ST N (__3ZBOSH),__3ZBOSH,01 - Non intersection,03 - P.D. only,06 - SMV unattended vehicle,01 - Clear,01 - Daylight,03 - Loose snow,10 - No control,,1,0,0,0,,0,,,,,367441.9617,5030367.734,45.41044247,-75.69970935,2045
15--11820,2015/10/08,9:43 AM,BRONSON AVE @ GLADSTONE AVE (0002110),2110,03 - At intersection,02 - Non-fatal injury,07 - SMV other,01 - Clear,01 - Daylight,01 - Dry,01 - Traffic signal,01 - Functioning,1,0,0,1,01 - Minimal,1,1,,,,367132.981,5030080.483,45.40788546,-75.70369271,2046
15--12060,2015/10/15,4:32 PM,MITCH OWENS RD/BRIDGE ST @ RIVER RD (0003573),3573,03 - At intersection,03 - P.D. only,05 - Turning movement,01 - Clear,01 - Daylight,01 - Dry,01 - Traffic signal,01 - Functioning,2,0,0,0,,0,,,,,369500.428,5010771.481,45.23393239,-75.67597403,2047
15--11821,2015/10/08,9:56 AM,BRONSON AVE btwn OLD SUNSET BLVD & LAKESIDE AVE (__3ZA3NC),__3ZA3NC,01 - Non intersection,03 - P.D. only,01 - Approaching,01 - Clear,01 - Daylight,01 - Dry,10 - No control,,2,0,0,0,,0,,,,,367638.7982,5028879.406,45.39703329,-75.69738455,2048
15--11822,2015/10/09,1:02 PM,CARLING AVE WB btwn CHURCHILL AVE N & SAIGON CRT (__3ZA26Y),__3ZA26Y,01 - Non intersection,03 - P.D. only,03 - Rear end,02 - Rain,01 - Daylight,02 - Wet,10 - No control,,2,0,0,0,,0,,,,,363946.5064,5027122.727,45.38154864,-75.74475105,2049
15--12150,2015/10/17,11:09 PM,FLEWELLYN RD btwn MUNSTER RD & CONLEY RD (__3ZACRD),__3ZACRD,01 - Non intersection,03 - P.D. only,07 - SMV other,01 - Clear,07 - Dark,01 - Dry,10 - No control,,1,0,0,0,,0,,,,,348064.076,5007767.729,45.20854669,-75.94923307,2050
15--11823,2015/10/09,1:54 PM,WEST HUNT CLUB RD @ CLEOPATRA DR/LANCELOT DR (0000114),114,02 - Intersection related,03 - P.D. only,03 - Rear end,02 - Rain,01 - Daylight,02 - Wet,01 - Traffic signal,01 - Functioning,2,0,0,0,,0,,,,,365236.9613,5021732.764,45.33294045,-75.72893355,2051
15--11824,2015/10/09,1:58 PM,DALHOUSIE ST @ YORK ST (0008500),8500,02 - Intersection related,03 - P.D. only,02 - Angle,01 - Clear,01 - Daylight,01 - Dry,01 - Traffic signal,01 - Functioning,2,1,0,0,,0,,,,,368093.7071,5032418.509,45.42883601,-75.69112028,2052
15--11825,2015/10/09,10:21 AM,INDUSTRIAL AVE @ TRAINYARDS DR (0011906),11906,02 - Intersection related,03 - P.D. only,04 - Sideswipe,02 - Rain,01 - Daylight,02 - Wet,01 - Traffic signal,01 - Functioning,2,0,0,0,,0,,,,,371685.2344,5030539.839,45.41159833,-75.64548138,2053
15--11826,2015/10/09,10:49 AM,RAMSAYVILLE RD @ WALKLEY EXTENSION RD (0004172),4172,03 - At intersection,02 - Non-fatal injury,07 - SMV other,02 - Rain,01 - Daylight,02 - Wet,10 - No control,,1,0,0,0,01 - Minimal,1,1,,,,376464.7446,5029419.469,45.40104477,-75.58458929,2054
15--11827,2015/10/09,10:57 AM,CARLING AVE @ CARLINGWOOD SC (0008881),8881,03 - At intersection,03 - P.D. only,02 - Angle,02 - Rain,01 - Daylight,02 - Wet,01 - Traffic signal,01 - Functioning,2,0,0,0,,0,,,,,362073.0121,5025917.947,45.37086382,-75.76881166,2055
15--11828,2015/10/09,11:05 AM,ST. JOSEPH BLVD @ TENTH LINE RD (0009163),9163,02 - Intersection related,03 - P.D. only,03 - Rear end,02 - Rain,01 - Daylight,02 - Wet,01 - Traffic signal,01 - Functioning,2,0,0,0,,0,,,,,382891.5245,5038666.092,45.48355074,-75.50104148,2056
15--11829,2015/10/09,11:10 PM,FALLOWFIELD RD btwn ORR ST & GREENBANK RD (__3ZA3HG),__3ZA3HG,01 - Non intersection,03 - P.D. only,05 - Turning movement,01 - Clear,07 - Dark,01 - Dry,10 - No control,,2,0,0,0,,0,,,,,363016.5316,5016681.644,45.2876783,-75.7578532,2057
15--1183,2015/01/19,10:50 PM,HIGHWAY 417 btwn REGIONAL ROAD 174 & HWY417 IC113 RAMP85 (__3ZA289),__3ZA289,01 - Non intersection,03 - P.D. only,99 - Other,01 - Clear,07 - Dark,01 - Dry,10 - No control,,2,0,0,0,,0,,,,,373555.5242,5031791.405,45.42267806,-75.62141492,2058
15--11830,2015/10/09,11:30 AM,HAWTHORNE RD @ HUNT CLUB RD (0007651),7651,02 - Intersection related,02 - Non-fatal injury,03 - Rear end,02 - Rain,01 - Daylight,02 - Wet,01 - Traffic signal,01 - Functioning,2,0,0,0,01 - Minimal,1,1,,,,375507.0292,5026407.61,45.37404297,-75.59725264,2059
15--11831,2015/10/09,11:34 AM,MOODIE DR @ ROBERTSON RD (0010545),10545,02 - Intersection related,03 - P.D. only,03 - Rear end,01 - Clear,01 - Daylight,01 - Dry,01 - Traffic signal,01 - Functioning,2,0,0,0,,0,,,,,357067.3728,5020455.838,45.32210661,-75.8332899,2060
15--11832,2015/10/09,11:35 AM,QUEEN ELIZABETH DRWY @ SOMERSET ST (0007135),7135,03 - At intersection,03 - P.D. only,05 - Turning movement,02 - Rain,01 - Daylight,02 - Wet,02 - Stop sign,01 - Functioning,2,0,0,0,,0,,,,,368574.3256,5031480.229,45.42035005,-75.68510018,2061
15--11833,2015/10/09,11:40 AM,O'CONNOR ST btwn SECOND AVE & THIRD AVE (__3ZA93B),__3ZA93B,04 - At/near private drive,03 - P.D. only,02 - Angle,02 - Rain,01 - Daylight,02 - Wet,10 - No control,,2,0,0,0,,0,,,,,368615.838,5029766.739,45.40492886,-75.68479165,2062
15--11834,2015/10/09,11:51 PM,MARCH RD btwn BEARHILL RD & ROB LYTLE'S LANE (__3ZA2QA),__3ZA2QA,01 - Non intersection,03 - P.D. only,07 - SMV other,01 - Clear,07 - Dark,01 - Dry,10 - No control,,1,0,0,0,,0,,,,,338261.939,5018070.601,45.30179141,-76.07332003,2063
15--11835,2015/10/09,Unknown,CAMBRIAN RD btwn BORRISOKANE RD & GRAND CANAL ST (__7N36UU),__7N36UU,01 - Non intersection,03 - P.D. only,06 - SMV unattended vehicle,01 - Clear,00 - Unknown,01 - Dry,10 - No control,,1,0,0,0,,0,,,,,363517.3865,5012120.709,45.24659719,-75.75200803,2064
15--11836,2015/10/09,12:20 PM,WOODROFFE AVE btwn GRENFELL CRES & 260 N OF FALLOWFIELD RD/TRANSITWAY  (__3ZA3IO),__3ZA3IO,01 - Non intersection,03 - P.D. only,03 - Rear end,02 - Rain,01 - Daylight,02 - Wet,10 - No control,,2,0,0,0,,0,,,,,364775.4153,5018721.787,45.30588753,-75.7351861,2065
15--11970,2015/10/13,5:36 PM,ST. JOSEPH BLVD @ DUFORD DR/PLACE D'ORLEANS DR (0003629),3629,03 - At intersection,02 - Non-fatal injury,02 - Angle,01 - Clear,01 - Daylight,01 - Dry,01 - Traffic signal,02 - Not functioning,2,0,0,0,02 - Minor,2,1,1,,,381997.4562,5037996.228,45.47762333,-75.51258211,2066
15--12510,2015/10/26,5:40 PM,HIGHWAY 417 btwn HWY417 IC121A RAMP16 & HWY417 IC121A RAMP61 (__3ZA2YY),__3ZA2YY,01 - Non intersection,03 - P.D. only,03 - Rear end,01 - Clear,01 - Daylight,01 - Dry,10 - No control,,2,0,0,0,,0,,,,,367300.2648,5029776.984,45.40513974,-75.70159433,2067