Anom_ID,Accident_Date,Accident_Time,Location,Geo_ID,Accident_Location,Classification_of_Accident,Initial_Impact_Type,Environment_Condition,Light,Road_Surface_Condition,Traffic_Control,Traffic_Control_Condition,No__of_Vehicles,No__of_Bicycles,No__of_Motorcycles,No__of_Pedestrians,Max_Injury,No__of_Injuries,No__of_Minimal,No__of_Minor,No__of_Major,No__of_Fatal,X,Y,Latitude,Longitude,ObjectId
15--11837,2015/10/09,12:28 PM,LEITRIM RD S @ RAMSAYVILLE RD (0013708),13708,02 - Intersection related,02 - Non-fatal injury,03 - Rear end,02 - Rain,01 - Daylight,02 - Wet,02 - Stop sign,01 - Functioning,3,0,0,0,02 - Minor,2,1,1,,,378785.7671,5023729.505,45.3496084,-75.55579808,2068
15--11838,2015/10/09,12:55 PM,STRANDHERD DR btwn CEDARVIEW RD & MADRID AVE (__6O5O8S),__6O5O8S,01 - Non intersection,03 - P.D. only,07 - SMV other,02 - Rain,01 - Daylight,02 - Wet,10 - No control,,1,0,0,0,,0,,,,,362364.7261,5013559.462,45.25963843,-75.76652375,2069
15--11839,2015/10/09,2:10 PM,DUNDONALD DR @ GREENBANK RD (0013623),13623,03 - At intersection,03 - P.D. only,02 - Angle,01 - Clear,01 - Daylight,01 - Dry,02 - Stop sign,01 - Functioning,2,0,0,0,,0,,,,,365090.6441,5012122.311,45.24647859,-75.73196813,2070
15--1184,2015/01/19,10:59 AM,HAIG DR btwn RAGLAN AVE & SAUNDERSON DR (__3ZA78U),__3ZA78U,01 - Non intersection,03 - P.D. only,06 - SMV unattended vehicle,02 - Rain,01 - Daylight,04 - Slush,10 - No control,,1,0,0,0,,0,,,,,372547.1679,5029504.527,45.40220015,-75.63461293,2071
15--11840,2015/10/09,2:38 PM,CARLING AVE @ KIRKWOOD AVE N (0002358),2358,02 - Intersection related,03 - P.D. only,03 - Rear end,01 - Clear,01 - Daylight,02 - Wet,01 - Traffic signal,01 - Functioning,2,0,0,0,,0,,,,,364276.0248,5027495.027,45.38487063,-75.7404989,2072
15--11841,2015/10/09,2:44 PM,HAWTHORNE RD btwn DAVIDSON RD & LEITRIM RD (__3ZBPIY),__3ZBPIY,01 - Non intersection,03 - P.D. only,05 - Turning movement,02 - Rain,01 - Daylight,02 - Wet,10 - No control,,2,0,0,0,,0,,,,,376350.0366,5024347.583,45.3554223,-75.58678925,2073
15--11842,2015/10/09,2:52 PM,KING EDWARD AVE @ WILBROD ST (0002259),2259,02 - Intersection related,03 - P.D. only,04 - Sideswipe,01 - Clear,01 - Daylight,02 - Wet,01 - Traffic signal,01 - Functioning,2,0,0,0,,0,,,,,368675.7085,5032138.502,45.4262637,-75.6837195,2074
15--11843,2015/10/09,2:54 PM,BASELINE RD @ CENTREPOINTE DR W/COBDEN RD (0002108),2108,03 - At intersection,03 - P.D. only,01 - Approaching,02 - Rain,01 - Daylight,02 - Wet,01 - Traffic signal,01 - Functioning,2,0,0,0,,0,,,,,361634.4021,5023208.591,45.34652092,-75.77472235,2075
15--11844,2015/10/09,3:01 PM,BOUNDARY RD btwn EIGHTH LINE RD & HWY417 IC96 RAMP61 (__3ZA3YB),__3ZA3YB,01 - Non intersection,02 - Non-fatal injury,07 - SMV other,02 - Rain,01 - Daylight,02 - Wet,10 - No control,,1,0,0,0,02 - Minor,1,,1,,,386929.7456,5025098.325,45.3610175,-75.45165434,2076
15--11845,2015/10/09,3:09 PM,MERIVALE RD btwn BURRIS LANE & OT/NE BOUNDARY (__3ZAZ7D),__3ZAZ7D,01 - Non intersection,03 - P.D. only,03 - Rear end,02 - Rain,01 - Daylight,02 - Wet,10 - No control,,2,0,0,0,,0,,,,,364887.4892,5025083.713,45.36312186,-75.73298465,2077
15--11846,2015/10/09,3:10 PM,BELCOURT BLVD @ INNES RD (0004202),4202,02 - Intersection related,03 - P.D. only,03 - Rear end,01 - Clear,01 - Daylight,02 - Wet,01 - Traffic signal,01 - Functioning,3,0,0,0,,0,,,,,382121.5789,5035266.61,45.45305082,-75.5114241,2078
15--11847,2015/10/09,3:24 AM,MARCH RD btwn DIAMONDVIEW RD & THOMAS ARGUE RD (__3ZA3GN),__3ZA3GN,01 - Non intersection,03 - P.D. only,07 - SMV other,02 - Rain,07 - Dark,02 - Wet,10 - No control,,1,0,0,0,,0,,,,,340846.0151,5020539.536,45.32388014,-76.04019136,2079
15--11848,2015/10/09,3:25 PM,REGIONAL ROAD 174 btwn QUIGLEY HILL RD & REGIONAL ROAD 174 DIVIDED (__3ZA2Y5),__3ZA2Y5,01 - Non intersection,03 - P.D. only,03 - Rear end,01 - Clear,01 - Daylight,01 - Dry,10 - No control,,2,0,0,0,,0,,,,,384845.8469,5040860.183,45.50306963,-75.47568764,2080
15--11849,2015/10/09,3:48 PM,REGIONAL ROAD 174 btwn OR174 IC112 RAMP15 & TRANSIT (__3ZA2WA),__3ZA2WA,01 - Non intersection,02 - Non-fatal injury,03 - Rear end,01 - Clear,01 - Daylight,01 - Dry,10 - No control,,2,0,0,0,02 - Minor,1,,1,,,375130.8166,5033075.395,45.43407408,-75.60110431,2081
15--1185,2015/01/19,11:24 PM,BELFAST RD @ ST. LAURENT BLVD (0007658),7658,02 - Intersection related,03 - P.D. only,03 - Rear end,01 - Clear,07 - Dark,01 - Dry,01 - Traffic signal,01 - Functioning,2,0,0,0,,0,,,,,372860.7241,5030579.044,45.41183775,-75.63045976,2082
15--11850,2015/10/09,4:15 PM,OAK ST btwn PRESTON ST & END (__3ZAAKN),__3ZAAKN,04 - At/near private drive,03 - P.D. only,06 - SMV unattended vehicle,01 - Clear,01 - Daylight,01 - Dry,10 - No control,,1,0,0,0,,0,,,,,366325.2315,5029947.329,45.40675884,-75.71402739,2083
15--11851,2015/10/09,4:51 PM,INNES RD @ PORTOBELLO BLVD (0009187),9187,02 - Intersection related,03 - P.D. only,04 - Sideswipe,01 - Clear,01 - Daylight,01 - Dry,01 - Traffic signal,01 - Functioning,2,0,0,0,,0,,,,,385631.7697,5036892.191,45.46727902,-75.46628537,2084
15--11852,2015/10/09,5:07 PM,COLONEL MURRAY ST @ PERTH ST (0000125),125,03 - At intersection,03 - P.D. only,02 - Angle,01 - Clear,01 - Daylight,01 - Dry,02 - Stop sign,01 - Functioning,2,0,0,0,,0,,,,,356852.6597,5006353.653,45.1952281,-75.83750588,2085
15--11853,2015/10/09,5:30 PM,HIGHWAY 417 btwn HWY417 IC126 RAMP61 & HWY417 IC124 RAMP76 (__3ZA2Y2),__3ZA2Y2,01 - Non intersection,03 - P.D. only,03 - Rear end,01 - Clear,01 - Daylight,01 - Dry,10 - No control,,3,0,0,0,,0,,,,,364104.4603,5027118.439,45.3814967,-75.74273481,2086
15--11854,2015/10/09,5:35 PM,MERIVALE RD @ COLDREY AVE/CRERAR AVE (0006176),6176,03 - At intersection,03 - P.D. only,02 - Angle,01 - Clear,05 - Dusk,01 - Dry,01 - Traffic signal,01 - Functioning,2,0,0,0,,0,,,,,364894.7038,5027392.184,45.38389246,-75.73261168,2087
15--11855,2015/10/09,5:42 AM,TRIM RD @ DAIRY DR/TAYLOR CREEK DR (0012921),12921,03 - At intersection,03 - P.D. only,04 - Sideswipe,02 - Rain,07 - Dark,02 - Wet,11 - Roundabout,01 - Functioning,2,0,0,0,,0,,,,,384535.5265,5039595.075,45.49172298,-75.47986361,2088
15--11856,2015/10/09,5:50 PM,MERIVALE RD @ CLEOPATRA DR (0000112),112,02 - Intersection related,03 - P.D. only,03 - Rear end,01 - Clear,01 - Daylight,01 - Dry,01 - Traffic signal,01 - Functioning,3,0,0,0,,0,,,,,365951.5818,5021123.451,45.32739602,-75.71989239,2089
15--11857,2015/10/09,6:00 AM,INDUSTRIAL AVE/INNES RD @ ST. LAURENT BLVD (0002203),2203,02 - Intersection related,03 - P.D. only,02 - Angle,02 - Rain,07 - Dark,02 - Wet,01 - Traffic signal,01 - Functioning,2,0,0,0,,0,,,,,373098.286,5030005.206,45.40665148,-75.62750454,2090
15--11858,2015/10/09,6:16 PM,HUNT CLUB RD @ RIVERSIDE DR (0002237),2237,02 - Intersection related,03 - P.D. only,03 - Rear end,01 - Clear,05 - Dusk,01 - Dry,01 - Traffic signal,01 - Functioning,2,0,0,0,,0,,,,,368037.4237,5021945.138,45.33460457,-75.69318105,2091
15--11859,2015/10/09,6:46 AM,TENTH LINE RD btwn ST. JOSEPH BLVD & OR174 IC101 RAMP26 (__3ZA11V),__3ZA11V,01 - Non intersection,03 - P.D. only,03 - Rear end,02 - Rain,07 - Dark,02 - Wet,10 - No control,,2,0,0,0,,0,,,,,382771.9313,5038916.635,45.48581826,-75.50253132,2092
15--1186,2015/01/19,11:55 AM,BANK ST btwn TURN LANE & SPRINGHILL RD (__3ZA2LG),__3ZA2LG,01 - Non intersection,03 - P.D. only,07 - SMV other,01 - Clear,01 - Daylight,02 - Wet,10 - No control,,1,0,0,0,,0,,,,,385019.3084,5006573.09,45.19456066,-75.47902993,2093
15--11860,2015/10/09,6:58 PM,VANIER PKWY/CRICHTON ST @ BEECHWOOD AVE/ST. PA (0001604),1604,02 - Intersection related,03 - P.D. only,03 - Rear end,01 - Clear,05 - Dusk,01 - Dry,01 - Traffic signal,01 - Functioning,2,0,0,0,,0,,,,,369127.797,5033487.494,45.43835998,-75.67776653,2094
15--11861,2015/10/09,7:10 AM,BRIAN COBURN BLVD @ TENTH LINE RD (0013966),13966,03 - At intersection,02 - Non-fatal injury,05 - Turning movement,02 - Rain,03 - Dawn,02 - Wet,01 - Traffic signal,01 - Functioning,2,0,0,0,01 - Minimal,1,1,,,,384428.3389,5035022.308,45.45059377,-75.48197576,2095
15--11862,2015/10/09,7:28 AM,RIVERSIDE DR @ BROOKFIELD RD/HOG'S BACK RD (0001627),1627,02 - Intersection related,02 - Non-fatal injury,04 - Sideswipe,02 - Rain,01 - Daylight,02 - Wet,01 - Traffic signal,01 - Functioning,3,0,0,0,02 - Minor,1,,1,,,368168.4317,5026222.882,45.3730829,-75.69096147,2096
15--11863,2015/10/09,7:50 PM,BEAUDRY ST @ DONALD ST (0008622),8622,03 - At intersection,02 - Non-fatal injury,07 - SMV other,01 - Clear,07 - Dark,01 - Dry,02 - Stop sign,00 - Unknown,1,0,0,1,03 - Major,1,,,1,,370834.9916,5032326.779,45.42775722,-75.65610331,2097
15--11864,2015/10/09,7:58 AM,TENTH LINE RD btwn ST. JOSEPH BLVD & OR174 IC101 RAMP26 (__3ZA11V),__3ZA11V,01 - Non intersection,03 - P.D. only,07 - SMV other,02 - Rain,03 - Dawn,02 - Wet,10 - No control,,1,0,0,0,,0,,,,,382855.4885,5038746.813,45.48428102,-75.50148956,2098
15--11865,2015/10/09,8:41 PM,RICHMOND RD @ HOLLY ACRES RD/NANAIMO DR (0001068),1068,03 - At intersection,03 - P.D. only,05 - Turning movement,01 - Clear,07 - Dark,01 - Dry,01 - Traffic signal,01 - Functioning,2,0,0,0,,0,,,,,359057.9509,5022748.136,45.34258177,-75.80764911,2099
15--11866,2015/10/09,8:58 PM,EAGLESON RD @ HAZELDEAN RD/ROBERTSON RD (0002715),2715,03 - At intersection,03 - P.D. only,05 - Turning movement,01 - Clear,07 - Dark,01 - Dry,01 - Traffic signal,01 - Functioning,2,0,0,0,,0,,,,,353673.6249,5018424.1,45.30406911,-75.87677749,2100
15--11867,2015/10/09,9:08 PM,FISHER AVE @ VIEWMOUNT DR (0005076),5076,02 - Intersection related,02 - Non-fatal injury,03 - Rear end,01 - Clear,07 - Dark,01 - Dry,01 - Traffic signal,01 - Functioning,2,0,0,0,02 - Minor,1,,1,,,366920.1507,5024209.867,45.35508199,-75.70715005,2101
15--11868,2015/10/09,9:10 AM,TULIP CRES btwn MOCKINGBIRD DR & MOCKINGBIRD DR (__3ZBO50),__3ZBO50,04 - At/near private drive,03 - P.D. only,02 - Angle,02 - Rain,01 - Daylight,02 - Wet,10 - No control,,2,0,0,0,,0,,,,,382528.108,5039021.913,45.48679265,-75.50563333,2102
15--11869,2015/10/09,9:29 AM,KENT ST @ MACLAREN ST (0007603),7603,03 - At intersection,03 - P.D. only,05 - Turning movement,02 - Rain,01 - Daylight,02 - Wet,02 - Stop sign,00 - Unknown,2,0,0,0,,0,,,,,367572.7103,5030741.487,45.41379367,-75.69799152,2103
15--1187,2015/01/19,11:58 AM,TENTH LINE RD btwn DES EPINETTES AVE & INNES RD (__3ZA3Y8),__3ZA3Y8,01 - Non intersection,03 - P.D. only,04 - Sideswipe,04 - Freezing Rain,01 - Daylight,02 - Wet,10 - No control,,2,0,0,0,,0,,,,,383849.9267,5036404.146,45.46309197,-75.48914729,2104
15--11870,2015/10/10,1:19 PM,EXETER DR N @ WESSEX RD (0001281),1281,02 - Intersection related,02 - Non-fatal injury,03 - Rear end,01 - Clear,01 - Daylight,01 - Dry,02 - Stop sign,01 - Functioning,2,0,0,0,01 - Minimal,1,1,,,,363589.6795,5015212.348,45.27440985,-75.75072135,2105
15--11871,2015/10/10,1:33 PM,HIGHLAND AVE @ WELLESLEY AVE (0006706),6706,03 - At intersection,02 - Non-fatal injury,02 - Angle,01 - Clear,01 - Daylight,01 - Dry,03 - Yield sign,01 - Functioning,2,0,0,0,02 - Minor,1,,1,,,363257.9703,5026786.176,45.37857819,-75.75358214,2106
15--11872,2015/10/10,1:54 PM,AMBERWOOD CRES @ MERIVALE RD (0000101),101,02 - Intersection related,02 - Non-fatal injury,07 - SMV other,01 - Clear,01 - Daylight,01 - Dry,01 - Traffic signal,01 - Functioning,1,0,0,1,01 - Minimal,1,1,,,,366407.5433,5020015.401,45.31738606,-75.71421411,2107
15--11873,2015/10/10,10:11 AM,ALPINE AVE @ CARLING AVE (0011382),11382,03 - At intersection,02 - Non-fatal injury,05 - Turning movement,01 - Clear,01 - Daylight,01 - Dry,01 - Traffic signal,01 - Functioning,2,0,0,0,02 - Minor,1,,1,,,360496.677,5024942.879,45.36221726,-75.78904462,2108
15--11874,2015/10/10,10:58 PM,BARRACKS WAY btwn WEST RIDGE DR & DALEWOOD CRES (__6R1U2J),__6R1U2J,04 - At/near private drive,03 - P.D. only,06 - SMV unattended vehicle,01 - Clear,07 - Dark,01 - Dry,10 - No control,,1,0,0,0,,0,,,,,350672.4391,5011648.764,45.24330485,-75.91567169,2109
15--11875,2015/10/10,11:30 AM,HIGHWAY 417 btwn HWY 417 ANDERSON IC104R61 & HWY 417 BOUNDARY IC96R16 (__3ZA2W5),__3ZA2W5,01 - Non intersection,03 - P.D. only,07 - SMV other,01 - Clear,01 - Daylight,01 - Dry,10 - No control,,1,0,0,0,,0,,,,,383558.7468,5025371.344,45.36386073,-75.49463317,2110
15--11876,2015/10/10,11:46 AM,TENTH LINE RD @ CHARLEMAGNE BLVD S/DES EPINETT (0003686),3686,03 - At intersection,03 - P.D. only,02 - Angle,01 - Clear,01 - Daylight,01 - Dry,01 - Traffic signal,01 - Functioning,2,0,0,0,,0,,,,,383640.9751,5036900.456,45.46758093,-75.49173924,2111
15--11877,2015/10/10,11:51 AM,DALHOUSIE ST @ RIDEAU ST (0007646),7646,02 - Intersection related,03 - P.D. only,05 - Turning movement,01 - Clear,01 - Daylight,01 - Dry,01 - Traffic signal,01 - Functioning,2,0,0,0,,0,,,,,368206.1686,5032227.491,45.42710712,-75.68970778,2112
15--11878,2015/10/10,12:00 PM,HWY417 IC117 RAMP25 btwn RIVERSIDE DR & HIGHWAY 417 (__3ZAY7T),__3ZAY7T,01 - Non intersection,03 - P.D. only,03 - Rear end,01 - Clear,01 - Daylight,01 - Dry,10 - No control,,2,0,0,0,,0,,,,,371215.0745,5031355.258,45.41897991,-75.65137754,2113
15--11879,2015/10/10,2:04 PM,HUNT CLUB RD btwn DAZE ST & TURN LANE (__5AFH5U),__5AFH5U,04 - At/near private drive,03 - P.D. only,03 - Rear end,01 - Clear,01 - Daylight,01 - Dry,10 - No control,,2,0,0,0,,0,,,,,371548.196,5024013.984,45.35289423,-75.64811431,2114
15--1188,2015/01/19,12:26 PM,BEAUSEJOUR DR @ JEANNE D'ARC BLVD (0003636),3636,02 - Intersection related,03 - P.D. only,03 - Rear end,01 - Clear,01 - Daylight,02 - Wet,01 - Traffic signal,01 - Functioning,2,0,0,0,,0,,,,,381418.8194,5036060.089,45.4602673,-75.5202841,2115
15--11889,2015/10/10,6:44 PM,CONROY RD btwn JOHNSTON RD & LORRY GREENBERG DR (__3ZA3S8),__3ZA3S8,04 - At/near private drive,02 - Non-fatal injury,07 - SMV other,01 - Clear,07 - Dark,01 - Dry,10 - No control,,1,0,0,0,02 - Minor,1,,1,,,373432.1224,5026218.009,45.37254331,-75.62376706,2116
15--12151,2015/10/17,11:31 PM,RENAUD RD @ RENAUD RD S (0004055),4055,02 - Intersection related,03 - P.D. only,07 - SMV other,01 - Clear,07 - Dark,01 - Dry,10 - No control,,1,0,0,0,,0,,,,,379961.7597,5031597.469,45.4202742,-75.53959419,2117
15--1189,2015/01/19,12:30 PM,HUNT CLUB RD @ RIVERSIDE DR (0002237),2237,02 - Intersection related,03 - P.D. only,03 - Rear end,01 - Clear,01 - Daylight,01 - Dry,01 - Traffic signal,01 - Functioning,2,0,0,0,,0,,,,,368036.703,5021945.017,45.33460355,-75.69319026,2118
15--12241,2015/10/19,8:16 PM,DONALD ST @ QUILL ST (0007960),7960,03 - At intersection,03 - P.D. only,05 - Turning movement,01 - Clear,07 - Dark,01 - Dry,01 - Traffic signal,01 - Functioning,2,0,0,0,,0,,,,,370699.5256,5032314.21,45.42765691,-75.65783599,2119
15--12331,2015/10/21,6:41 PM,ANTHONY AVE @ WOODROFFE AVE (0002761),2761,02 - Intersection related,03 - P.D. only,03 - Rear end,01 - Clear,07 - Dark,02 - Wet,01 - Traffic signal,01 - Functioning,4,0,0,0,,0,,,,,361670.406,5026448.163,45.37566744,-75.77389015,2120
15--11890,2015/10/10,7:28 PM,BOUNDARY RD btwn COOPER HILL RD & Continuation of BOUNDARY RD (__3ZBOGT),__3ZBOGT,01 - Non intersection,03 - P.D. only,99 - Other,01 - Clear,07 - Dark,01 - Dry,10 - No control,,2,0,0,0,,0,,,,,389795.5543,5017551.242,45.29277409,-75.41637575,2121
15--11971,2015/10/13,5:37 PM,BAY ST @ GLADSTONE AVE (0007724),7724,02 - Intersection related,03 - P.D. only,03 - Rear end,01 - Clear,01 - Daylight,01 - Dry,02 - Stop sign,00 - Unknown,3,0,0,0,,0,,,,,367462.7107,5030288.204,45.40972502,-75.69945441,2122
15--12152,2015/10/17,Unknown,OAKHILL RD btwn ACACIA AVE & BEECHWOOD AVE (__3ZA2P5),__3ZA2P5,01 - Non intersection,03 - P.D. only,06 - SMV unattended vehicle,01 - Clear,00 - Unknown,02 - Wet,10 - No control,,1,0,0,0,,0,,,,,369607.9989,5034246.425,45.44514418,-75.67152932,2123
15--12242,2015/10/19,8:18 AM,RIVERSIDE DR @ HERON RD (0002236),2236,02 - Intersection related,02 - Non-fatal injury,03 - Rear end,01 - Clear,01 - Daylight,01 - Dry,01 - Traffic signal,01 - Functioning,2,0,0,0,02 - Minor,1,,1,,,368120.7204,5026647.265,45.3769057,-75.69151613,2124
15--12332,2015/10/21,6:45 AM,REGIONAL ROAD 174 btwn OR174 IC105 RAMP51 & OR174 IC105 RAMP35 (__3ZA2XC),__3ZA2XC,01 - Non intersection,03 - P.D. only,04 - Sideswipe,01 - Clear,03 - Dawn,01 - Dry,10 - No control,,2,0,0,0,,0,,,,,379319.8313,5036952.769,45.46852599,-75.5469845,2125
15--12061,2015/10/15,4:35 PM,HIGHWAY 417 btwn HWY417 IC140 RAMP35 & HWY417 IC140 RAMP25 (__3ZA2QP),__3ZA2QP,01 - Non intersection,03 - P.D. only,07 - SMV other,02 - Rain,01 - Daylight,02 - Wet,10 - No control,,1,0,0,0,,0,,,,,351032.1729,5018615.71,45.30597209,-75.91044081,2126
15--12511,2015/10/26,5:43 PM,MEADOWLANDS DR @ BAYNE AVE (0001756),1756,03 - At intersection,02 - Non-fatal injury,05 - Turning movement,01 - Clear,01 - Daylight,01 - Dry,02 - Stop sign,01 - Functioning,2,0,0,0,01 - Minimal,1,1,,,,364768.8362,5023678.019,45.35048378,-75.73466964,2127
15--11891,2015/10/10,7:51 PM,BANK ST btwn WALKLEY RD & SURREY AVE (__3ZA4TW),__3ZA4TW,04 - At/near private drive,03 - P.D. only,02 - Angle,01 - Clear,07 - Dark,01 - Dry,10 - No control,,2,0,0,0,,0,,,,,370342.8971,5025932.239,45.37026779,-75.66324109,2128
15--11972,2015/10/13,5:43 PM,ST. LAURENT BLVD @ WALKLEY RD (0007653),7653,02 - Intersection related,03 - P.D. only,03 - Rear end,01 - Clear,01 - Daylight,01 - Dry,01 - Traffic signal,01 - Functioning,2,0,0,0,,0,,,,,373902.7501,5028045.774,45.38894247,-75.6175034,2129
15--12243,2015/10/19,8:24 AM,BULLMAN ST @ PARKDALE AVE (0006500),6500,03 - At intersection,02 - Non-fatal injury,07 - SMV other,01 - Clear,01 - Daylight,01 - Dry,02 - Stop sign,01 - Functioning,1,0,0,1,02 - Minor,1,,1,,,364994.6982,5029622.199,45.40394909,-75.73106283,2130
15--12512,2015/10/26,5:52 PM,BESSERER ST @ WALLER ST (0008859),8859,02 - Intersection related,03 - P.D. only,04 - Sideswipe,01 - Clear,05 - Dusk,01 - Dry,01 - Traffic signal,01 - Functioning,2,0,0,0,,0,,,,,368316.654,5032192.338,45.4267808,-75.68830052,2131
15--12062,2015/10/15,4:48 PM,CYRVILLE RD @ ST. LAURENT BLVD (0002647),2647,02 - Intersection related,03 - P.D. only,03 - Rear end,02 - Rain,01 - Daylight,02 - Wet,01 - Traffic signal,01 - Functioning,2,0,0,0,,0,,,,,372241.7208,5032111.94,45.42568997,-75.6381574,2132
15--11892,2015/10/10,8:03 AM,ISABELLA ST/HWY 417 O'CONN IC119BR57 @ O'CONNO (0001698),1698,03 - At intersection,02 - Non-fatal injury,05 - Turning movement,01 - Clear,01 - Daylight,01 - Dry,01 - Traffic signal,01 - Functioning,2,0,0,0,02 - Minor,2,,2,,,368298.2901,5030309.566,45.40984192,-75.68877781,2133
15--12153,2015/10/17,12:07 AM,DEMETER ST @ LUDLOWE (0013349),13349,03 - At intersection,03 - P.D. only,06 - SMV unattended vehicle,02 - Rain,07 - Dark,02 - Wet,02 - Stop sign,01 - Functioning,1,0,0,0,,0,,,,,385916.8234,5037764.095,45.4750905,-75.46249664,2134
15--11893,2015/10/10,8:32 AM,BANK ST @ JOHNSTON RD (0006967),6967,03 - At intersection,03 - P.D. only,02 - Angle,01 - Clear,01 - Daylight,01 - Dry,01 - Traffic signal,01 - Functioning,2,0,0,0,,0,,,,,370850.2865,5024838.806,45.3603818,-75.65691033,2135
15--12600,2015/10/28,7:30 PM,BANK ST @ CATHERINE ST (0002708),2708,03 - At intersection,03 - P.D. only,05 - Turning movement,02 - Rain,07 - Dark,02 - Wet,01 - Traffic signal,01 - Functioning,2,0,0,0,,0,,,,,368038.9847,5030266.491,45.40947782,-75.69209575,2136
15--12420,2015/10/23,7:39 PM,BANK ST @ GLADSTONE AVE (0002253),2253,02 - Intersection related,03 - P.D. only,04 - Sideswipe,01 - Clear,07 - Dark,01 - Dry,01 - Traffic signal,01 - Functioning,2,0,0,0,,0,,,,,367915.9857,5030562.21,45.41214971,-75.6936291,2137
15--12333,2015/10/21,6:50 PM,BAYSHORE DR btwn WOODRIDGE CRES S & BAYSHORE CS (__3ZAA4OB),__3ZAA4OB,01 - Non intersection,03 - P.D. only,03 - Rear end,02 - Rain,07 - Dark,02 - Wet,10 - No control,,2,0,0,0,,0,,,,,359175.0256,5023627.384,45.35048419,-75.80605864,2138
15--11973,2015/10/13,5:48 PM,TENTH LINE RD @ LAKEPOINTE DR (0013369),13369,02 - Intersection related,03 - P.D. only,03 - Rear end,01 - Clear,01 - Daylight,01 - Dry,01 - Traffic signal,01 - Functioning,4,0,0,0,,0,,,,,384261.4933,5035420.549,45.45419577,-75.48404416,2139
15--12244,2015/10/19,8:39 AM,FISHER AVE btwn CRERAR AVE & TUNIS AVE (__3ZA4N5),__3ZA4N5,01 - Non intersection,03 - P.D. only,03 - Rear end,01 - Clear,01 - Daylight,01 - Dry,10 - No control,,2,0,0,0,,0,,,,,365488.8947,5027610.739,45.38580775,-75.72499789,2140
15--12334,2015/10/21,6:56 AM,DEVINE RD @ ROCKDALE RD (0012909),12909,03 - At intersection,03 - P.D. only,02 - Angle,01 - Clear,03 - Dawn,01 - Dry,02 - Stop sign,01 - Functioning,2,0,0,0,,0,,,,,394888.5973,5024096.096,45.35102307,-75.35026582,2141
15--12421,2015/10/23,8:05 PM,MARCH RD @ TERRY FOX DR (0003173),3173,02 - Intersection related,03 - P.D. only,03 - Rear end,01 - Clear,07 - Dark,01 - Dry,01 - Traffic signal,01 - Functioning,2,0,0,0,,0,,,,,349864.6086,5023399.869,45.34909705,-75.92489352,2142
15--12154,2015/10/17,12:11 PM,HWY 417 WOODROFF IC127R53 @ WOODROFFE AVE (0002347),2347,02 - Intersection related,03 - P.D. only,03 - Rear end,01 - Clear,01 - Daylight,01 - Dry,03 - Yield sign,01 - Functioning,2,0,0,0,,0,,,,,362208.3187,5024625.438,45.35922287,-75.76723455,2143
15--12513,2015/10/26,6:38 AM,CAMERON ST @ REGIONAL RD 174 (0012883),12883,02 - Intersection related,03 - P.D. only,03 - Rear end,01 - Clear,03 - Dawn,01 - Dry,01 - Traffic signal,01 - Functioning,2,0,0,0,,0,,,,,389860.7736,5042618.645,45.51829671,-75.41122007,2144
15--12063,2015/10/15,5:00 PM,CLARENCE ST @ CUMBERLAND ST (0008412),8412,02 - Intersection related,03 - P.D. only,03 - Rear end,02 - Rain,05 - Dusk,02 - Wet,02 - Stop sign,00 - Unknown,2,0,0,0,,0,,,,,368212.6974,5032607.228,45.43052326,-75.68957546,2145
15--12155,2015/10/17,12:33 AM,MEADOWLANDS DR @ MERIVALE RD (0000625),625,03 - At intersection,03 - P.D. only,05 - Turning movement,02 - Rain,07 - Dark,02 - Wet,01 - Traffic signal,01 - Functioning,2,0,0,0,,0,,,,,364858.6999,5023723.709,45.35088721,-75.73351734,2146
15--12245,2015/10/19,8:42 PM,EAGLESON RD btwn PALOMINO DR & ROTHESAY DR (__3ZA41K),__3ZA41K,01 - Non intersection,03 - P.D. only,03 - Rear end,01 - Clear,07 - Dark,01 - Dry,10 - No control,,2,0,0,0,,0,,,,,354100.3759,5017347.536,45.29435214,-75.87144305,2147
15--12422,2015/10/23,8:14 PM,HAMPSTEAD PL @ WALKLEY RD (0006845),6845,03 - At intersection,03 - P.D. only,01 - Approaching,01 - Clear,07 - Dark,01 - Dry,01 - Traffic signal,01 - Functioning,2,0,0,0,,0,,,,,370681.9922,5026150.256,45.37219763,-75.65888339,2148
15--12335,2015/10/21,7:00 AM,RIVERSIDE DR @ HERON RD (0002236),2236,02 - Intersection related,03 - P.D. only,03 - Rear end,01 - Clear,03 - Dawn,01 - Dry,01 - Traffic signal,00 - Unknown,2,0,0,0,,0,,,,,368120.3842,5026647.581,45.37690858,-75.69152039,2149
15--11974,2015/10/13,6:05 PM,HAWTHORNE RD btwn DAVIDSON RD & LEITRIM RD (__3ZBPIY),__3ZBPIY,01 - Non intersection,02 - Non-fatal injury,03 - Rear end,01 - Clear,01 - Daylight,01 - Dry,10 - No control,,5,0,0,0,02 - Minor,17,5,12,,,376644.7944,5023641.034,45.34903497,-75.58313033,2150
15--11894,2015/10/10,8:42 AM,KENNEVALE DR btwn BRIDGEWATER TER & BOURNE ST (__3ZAB5F),__3ZAB5F,01 - Non intersection,02 - Non-fatal injury,07 - SMV other,01 - Clear,01 - Daylight,01 - Dry,10 - No control,,1,0,0,0,02 - Minor,1,,1,,,362437.2403,5014696.209,45.26986102,-75.76546796,2151