Anom_ID,Accident_Date,Accident_Time,Location,Geo_ID,Accident_Location,Classification_of_Accident,Initial_Impact_Type,Environment_Condition,Light,Road_Surface_Condition,Traffic_Control,Traffic_Control_Condition,No__of_Vehicles,No__of_Bicycles,No__of_Motorcycles,No__of_Pedestrians,Max_Injury,No__of_Injuries,No__of_Minimal,No__of_Minor,No__of_Major,No__of_Fatal,X,Y,Latitude,Longitude,ObjectId
15--12601,2015/10/28,7:37 AM,DONALD ST @ VANIER PKWY (0007644),7644,02 - Intersection related,02 - Non-fatal injury,03 - Rear end,01 - Clear,01 - Daylight,01 - Dry,01 - Traffic signal,01 - Functioning,2,0,0,0,01 - Minimal,1,1,,,,370311.7131,5032268.784,45.42728461,-75.66279756,2152
15--12064,2015/10/15,5:22 PM,ECLIPSE CRES btwn SUMMER DAYS WALK E & SUMMER DAYS WALK W (__8XI26O),__8XI26O,01 - Non intersection,03 - P.D. only,06 - SMV unattended vehicle,01 - Clear,07 - Dark,01 - Dry,10 - No control,,1,0,0,0,,0,,,,,385916.179,5035248.624,45.45245885,-75.46291996,2153
15--12156,2015/10/17,12:37 PM,NAVAHO DR @ WOODROFFE AVE/TRANSITWAY N BASELIN (0010359),10359,03 - At intersection,03 - P.D. only,05 - Turning movement,01 - Clear,01 - Daylight,01 - Dry,01 - Traffic signal,01 - Functioning,2,0,0,0,,0,,,,,362706.2419,5023491.72,45.34898082,-75.76101232,2154
15--12336,2015/10/21,7:08 AM,ISABELLA ST/HWY417 IC119AR75 @ METCALFE ST (0011380),11380,03 - At intersection,03 - P.D. only,04 - Sideswipe,01 - Clear,01 - Daylight,01 - Dry,01 - Traffic signal,01 - Functioning,2,0,0,0,,0,,,,,368448.6954,5030399.401,45.41063656,-75.6868449,2155
15--12246,2015/10/19,8:51 AM,BEAUSEJOUR DR btwn KAMOURASKA CIRC & ORLEANS BLVD (__3ZA6DP),__3ZA6DP,01 - Non intersection,02 - Non-fatal injury,06 - SMV unattended vehicle,01 - Clear,01 - Daylight,01 - Dry,10 - No control,,1,0,0,0,02 - Minor,1,,1,,,380955.5706,5035881.531,45.45871142,-75.52623441,2156
15--12423,2015/10/23,8:32 PM,KING EDWARD AVE @ RIDEAU ST (0002121),2121,03 - At intersection,03 - P.D. only,05 - Turning movement,01 - Clear,07 - Dark,01 - Dry,01 - Traffic signal,01 - Functioning,2,0,0,0,,0,,,,,368510.9852,5032414.311,45.42876036,-75.68578864,2157
15--12514,2015/10/26,7:18 AM,GREENBANK RD @ MALVERN DR/FOXFIELD DR (0009821),9821,03 - At intersection,02 - Non-fatal injury,05 - Turning movement,01 - Clear,01 - Daylight,01 - Dry,01 - Traffic signal,01 - Functioning,2,0,0,0,01 - Minimal,2,2,,,,363311.1794,5016194.687,45.28327219,-75.75415475,2158
15--11975,2015/10/13,6:30 PM,MER BLEUE RD @ 210 S OF INNES RD (0012453),12453,02 - Intersection related,03 - P.D. only,03 - Rear end,01 - Clear,07 - Dark,01 - Dry,01 - Traffic signal,01 - Functioning,2,0,0,0,,0,,,,,382728.2708,5035375.792,45.45396575,-75.50365127,2159
15--12515,2015/10/26,7:30 AM,WOODROFFE AVE @ SPORTSPLEX N (0005568),5568,02 - Intersection related,03 - P.D. only,03 - Rear end,01 - Clear,01 - Daylight,01 - Dry,01 - Traffic signal,01 - Functioning,2,0,0,0,,0,,,,,363762.9416,5021068.315,45.32708719,-75.74781687,2160
15--12602,2015/10/28,7:53 PM,ROCKY HILL DR @ PRINCE OF WALES DR (0010328),10328,02 - Intersection related,03 - P.D. only,03 - Rear end,02 - Rain,07 - Dark,02 - Wet,01 - Traffic signal,01 - Functioning,2,0,0,0,,0,,,,,366968.3092,5014403.65,45.26684265,-75.70776574,2161
15--12337,2015/10/21,7:15 AM,HIGHWAY 416 btwn HIGHWAY 416 & HWY416 IC57 RAMP52 (__3ZAZEK),__3ZAZEK,01 - Non intersection,03 - P.D. only,07 - SMV other,01 - Clear,03 - Dawn,01 - Dry,10 - No control,,1,0,0,0,,0,,,,,364670.5236,5008176.189,45.21100699,-75.73779423,2162
15--12157,2015/10/17,12:42 AM,WEST HUNT CLUB RD @ ANTARES DR/LASER ST (0000116),116,02 - Intersection related,03 - P.D. only,07 - SMV other,02 - Rain,07 - Dark,02 - Wet,01 - Traffic signal,01 - Functioning,1,0,0,0,,0,,,,,367106.9906,5022081.141,45.33591154,-75.70503377,2163
15--12424,2015/10/23,8:43 AM,HIGHWAY 417 btwn HWY417 IC119B RAMP76 & HWY417 IC119A RAMP67 (__3ZA2YT),__3ZA2YT,01 - Non intersection,03 - P.D. only,03 - Rear end,01 - Clear,01 - Daylight,01 - Dry,10 - No control,,2,0,0,0,,0,,,,,368435.6716,5030445.926,45.41105636,-75.68700526,2164
15--12247,2015/10/19,8:52 AM,MARCH RD @ SOLANDT RD (0003172),3172,03 - At intersection,03 - P.D. only,02 - Angle,01 - Clear,01 - Daylight,01 - Dry,01 - Traffic signal,01 - Functioning,2,0,0,0,,0,,,,,350489.6085,5022710.953,45.3428576,-75.91698144,2165
15--11895,2015/10/10,8:46 PM,BARNSDALE RD @ PRINCE OF WALES DR (0001082),1082,03 - At intersection,03 - P.D. only,02 - Angle,01 - Clear,07 - Dark,01 - Dry,02 - Stop sign,01 - Functioning,2,0,0,0,,0,,,,,366645.9755,5011532.053,45.24103251,-75.71223031,2166
15--12065,2015/10/15,5:30 PM,HWY417 IC117 RAMP26 btwn HIGHWAY 417 & VANIER PKWY (__3ZAY6W),__3ZAY6W,01 - Non intersection,03 - P.D. only,03 - Rear end,02 - Rain,01 - Daylight,02 - Wet,10 - No control,,2,0,0,0,,0,,,,,370880.0564,5031257.785,45.41813461,-75.65567086,2167
15--12425,2015/10/23,9:00 PM,DWYER HILL RD btwn ROGER STEVENS DR & FLOOD RD (__3ZBOCI),__3ZBOCI,01 - Non intersection,03 - P.D. only,07 - SMV other,01 - Clear,07 - Dark,01 - Dry,10 - No control,,1,0,0,0,,0,,,,,354986.8338,4988629.817,45.0358757,-75.86302828,2168
15--12248,2015/10/19,8:56 AM,RIVER RD btwn CABIN RD & OSGOODE MAIN ST (__3ZA3TB),__3ZA3TB,01 - Non intersection,03 - P.D. only,07 - SMV other,01 - Clear,01 - Daylight,01 - Dry,10 - No control,,1,0,0,0,,0,,,,,372977.8995,5000090.95,45.13750194,-75.63314973,2169
15--11896,2015/10/10,8:55 PM,ST. LAURENT BLVD btwn MCARTHUR AVE & DONALD ST (__3ZBOF4),__3ZBOF4,01 - Non intersection,03 - P.D. only,07 - SMV other,01 - Clear,07 - Dark,01 - Dry,10 - No control,,1,0,0,0,,0,,,,,372089.3886,5032487.36,45.4290825,-75.64005255,2170
15--11976,2015/10/13,6:40 PM,GALETTA SIDE RD btwn MORNING DEW DR & LOGGERS WAY (__3ZA4RE),__3ZA4RE,01 - Non intersection,03 - P.D. only,07 - SMV other,01 - Clear,07 - Dark,01 - Dry,10 - No control,,1,0,0,0,,0,,,,,324686.7657,5032275.533,45.4301308,-76.24584578,2171
15--12603,2015/10/28,7:58 AM,ST. LAURENT BLVD @ QUEEN MARY ST (0008798),8798,02 - Intersection related,02 - Non-fatal injury,07 - SMV other,01 - Clear,01 - Daylight,01 - Dry,02 - Stop sign,00 - Unknown,1,0,0,1,02 - Minor,1,,1,,,372214.724,5032177.226,45.42627999,-75.63849342,2172
15--12338,2015/10/21,7:21 AM,PRINCE OF WALES DR @ STRANDHERD DR (0013339),13339,02 - Intersection related,03 - P.D. only,03 - Rear end,01 - Clear,03 - Dawn,01 - Dry,01 - Traffic signal,01 - Functioning,2,0,0,0,,0,,,,,367174.5691,5014823.11,45.27059866,-75.70508487,2173
15--12339,2015/10/21,7:30 PM,TERRY FOX DR btwn HALKIRK AVE & CASTLEFRANK RD (__30IMA5),__30IMA5,01 - Non intersection,03 - P.D. only,03 - Rear end,01 - Clear,07 - Dark,02 - Wet,10 - No control,,2,0,0,0,,0,,,,,352904.6396,5016409.673,45.28599589,-75.8867782,2174
15--12158,2015/10/17,12:50 PM,BANK ST @ JOHNSTON RD (0006967),6967,02 - Intersection related,02 - Non-fatal injury,03 - Rear end,01 - Clear,01 - Daylight,02 - Wet,01 - Traffic signal,01 - Functioning,2,0,0,0,01 - Minimal,1,1,,,,370850.7666,5024840.01,45.36039259,-75.65690404,2175
15--12426,2015/10/23,9:00 PM,HIGHWAY 417 btwn Continuation of HIGHWAY 417 & HWY417 IC155 RAMP26 (__3ZA1M3),__3ZA1M3,01 - Non intersection,03 - P.D. only,99 - Other,01 - Clear,07 - Dark,01 - Dry,10 - No control,,2,0,0,0,,0,,,,,339486.0575,5019361.831,45.31335113,-76.05762114,2176
15--12516,2015/10/26,8:12 AM,BLAIR RD @ REGIONAL RD 174 S/OR174 IC112 RAMP15 (0012435),12435,02 - Intersection related,03 - P.D. only,03 - Rear end,01 - Clear,01 - Daylight,01 - Dry,01 - Traffic signal,01 - Functioning,2,0,0,0,,0,,,,,374907.955,5032663.577,45.43039115,-75.60401099,2177
15--11897,2015/10/10,9:20 AM,LYON ST @ WELLINGTON ST (0002388),2388,03 - At intersection,03 - P.D. only,05 - Turning movement,01 - Clear,01 - Daylight,01 - Dry,01 - Traffic signal,01 - Functioning,2,0,0,0,,0,,,,,366935.271,5031426.526,45.42001434,-75.70604853,2178
15--12066,2015/10/15,5:35 PM,BAYSHORE DR @ RICHMOND RD (0010407),10407,02 - Intersection related,02 - Non-fatal injury,03 - Rear end,02 - Rain,01 - Daylight,02 - Wet,01 - Traffic signal,01 - Functioning,2,0,0,0,01 - Minimal,2,2,,,,359372.6852,5023368.044,45.3481353,-75.80356489,2179
15--12249,2015/10/19,9:25 PM,CARLING AVE/STATION RD @ MARCH RD (0002681),2681,02 - Intersection related,02 - Non-fatal injury,03 - Rear end,02 - Rain,07 - Dark,02 - Wet,01 - Traffic signal,01 - Functioning,2,0,0,0,02 - Minor,1,,1,,,350908.3375,5022244.706,45.33863481,-75.91168202,2180
15--11977,2015/10/13,6:46 AM,DUNROBIN RD btwn DUNROBIN RD & MURPHY SIDE RD (__3ZA3EB),__3ZA3EB,01 - Non intersection,03 - P.D. only,07 - SMV other,02 - Rain,03 - Dawn,02 - Wet,10 - No control,,1,0,0,0,,0,,,,,343609.0333,5029978.796,45.4086702,-76.00420571,2181
15--12604,2015/10/28,7:59 AM,DUNROBIN RD btwn BUCKHAMS BAY RD & KILMAURS SIDE RD (__3ZA4EB),__3ZA4EB,01 - Non intersection,03 - P.D. only,04 - Sideswipe,01 - Clear,01 - Daylight,01 - Dry,10 - No control,,2,0,0,0,,0,,,,,335758.6506,5038255.249,45.48353553,-76.10397265,2182
15--1225,2015/01/20,1:40 PM,CUMMINGS AVE btwn OGILVIE RD & LABELLE ST (__3ZA7QG),__3ZA7QG,01 - Non intersection,03 - P.D. only,06 - SMV unattended vehicle,01 - Clear,01 - Daylight,03 - Loose snow,10 - No control,,1,0,0,0,,0,,,,,372864.4837,5031900.577,45.42372791,-75.63022919,2183
15--12517,2015/10/26,8:20 AM,HERON RD @ JEFFERSON ST (0007192),7192,02 - Intersection related,02 - Non-fatal injury,02 - Angle,01 - Clear,01 - Daylight,01 - Dry,01 - Traffic signal,01 - Functioning,2,0,0,0,01 - Minimal,1,1,,,,371807.7114,5027052.795,45.38021161,-75.64439045,2184
15--11898,2015/10/10,9:33 PM,HIGHWAY 416 btwn HWY416 IC66 RAMP62 & HWY416 IC72 RAMP24 (__3ZAZMZ),__3ZAZMZ,01 - Non intersection,03 - P.D. only,07 - SMV other,01 - Clear,07 - Dark,01 - Dry,10 - No control,,1,0,0,0,,0,,,,,360295.5489,5017804.723,45.29800397,-75.79241202,2185
15--1234,2015/01/20,11:45 AM,BELCOURT BLVD @ NOTRE DAME ST (0004356),4356,03 - At intersection,03 - P.D. only,02 - Angle,01 - Clear,01 - Daylight,02 - Wet,02 - Stop sign,01 - Functioning,2,0,0,0,,0,,,,,381316.7099,5037215.101,45.47067033,-75.52140977,2186
15--12427,2015/10/23,9:03 AM,CAMERON ST @ REGIONAL RD 174 (0012883),12883,02 - Intersection related,03 - P.D. only,03 - Rear end,01 - Clear,01 - Daylight,01 - Dry,01 - Traffic signal,01 - Functioning,2,0,0,0,,0,,,,,389860.7736,5042618.286,45.51829348,-75.41122013,2187
15--12159,2015/10/17,12:53 AM,KANATA AVE @ HWY 417 CASTLEFR IC139R15 (0012626),12626,02 - Intersection related,03 - P.D. only,03 - Rear end,02 - Rain,07 - Dark,02 - Wet,01 - Traffic signal,01 - Functioning,2,0,0,0,,0,,,,,351716.1196,5019145.33,45.31069239,-75.90166937,2188
15--12067,2015/10/15,5:40 PM,KING EDWARD AVE @ GEORGE ST (0008239),8239,02 - Intersection related,03 - P.D. only,99 - Other,02 - Rain,05 - Dusk,02 - Wet,02 - Stop sign,01 - Functioning,2,0,0,0,,0,,,,,368462.7122,5032481.956,45.4293734,-75.68639675,2189
15--11978,2015/10/13,7:10 AM,HUNT CLUB RD @ PAUL ANKA DR (0008224),8224,02 - Intersection related,03 - P.D. only,03 - Rear end,01 - Clear,01 - Daylight,01 - Dry,01 - Traffic signal,01 - Functioning,2,0,0,0,,0,,,,,369777.7252,5022897.851,45.34301785,-75.67085449,2190
15--12250,2015/10/20,1:00 AM,ELGIN ST @ WELLINGTON ST W (0002113),2113,02 - Intersection related,03 - P.D. only,07 - SMV other,01 - Clear,07 - Dark,01 - Dry,01 - Traffic signal,01 - Functioning,1,0,0,0,,0,,,,,367666.1452,5031877.217,45.42400421,-75.69665297,2191
15--12605,2015/10/28,8:10 AM,KAKULU RD @ ANIK WAY/PICKFORD DR W (0012108),12108,03 - At intersection,02 - Non-fatal injury,02 - Angle,01 - Clear,01 - Daylight,01 - Dry,02 - Stop sign,01 - Functioning,2,1,0,0,01 - Minimal,1,1,,,,352708.6207,5018913.816,45.30854217,-75.8890349,2192
15--12340,2015/10/21,7:54 AM,BRONSON AVE @ PRIMROSE AVE (0006344),6344,02 - Intersection related,03 - P.D. only,04 - Sideswipe,01 - Clear,01 - Daylight,01 - Dry,01 - Traffic signal,00 - Unknown,2,0,0,0,,0,,,,,366887.6272,5030670.053,45.41321205,-75.70675256,2193
15--12428,2015/10/24,1:30 PM,DONALD ST btwn ALESTHER ST & ST. LAURENT BLVD (__3ZBOYJ),__3ZBOYJ,01 - Non intersection,03 - P.D. only,05 - Turning movement,01 - Clear,01 - Daylight,01 - Dry,10 - No control,,2,0,0,0,,0,,,,,372059.1183,5032470.783,45.42893626,-75.64044162,2194
15--11899,2015/10/10,9:38 AM,GREENBANK RD @ MARKETPLACE AVE (0010406),10406,03 - At intersection,03 - P.D. only,02 - Angle,01 - Clear,01 - Daylight,01 - Dry,01 - Traffic signal,01 - Functioning,2,0,0,0,,0,,,,,364008.3559,5014601.829,45.26888127,-75.74545855,2195
15--12518,2015/10/26,8:21 AM,BASELINE RD @ LOBLAWS SC (0009097),9097,03 - At intersection,02 - Non-fatal injury,07 - SMV other,01 - Clear,01 - Daylight,01 - Dry,01 - Traffic signal,01 - Functioning,1,0,0,2,02 - Minor,2,,2,,,364743.1431,5025128.813,45.36354002,-75.73482159,2196
15--1216,2015/01/19,8:30 AM,HENDERSON AVE @ LAURIER AVE (0007762),7762,02 - Intersection related,03 - P.D. only,03 - Rear end,01 - Clear,01 - Daylight,04 - Slush,02 - Stop sign,01 - Functioning,2,1,0,0,,0,,,,,368806.7424,5032077.059,45.42569888,-75.68205315,2197
15--12251,2015/10/20,1:00 PM,ST. JOSEPH BLVD @ JEANNE D'ARC BLVD (0012421),12421,03 - At intersection,02 - Non-fatal injury,04 - Sideswipe,01 - Clear,01 - Daylight,01 - Dry,11 - Roundabout,00 - Unknown,2,0,0,0,01 - Minimal,1,1,,,,379860.7425,5036471.099,45.46413438,-75.54014145,2198
15--12252,2015/10/20,1:20 AM,COLONEL BY DR/SUSSEX DR @ RIDEAU ST (0007647),7647,03 - At intersection,03 - P.D. only,03 - Rear end,01 - Clear,07 - Dark,01 - Dry,01 - Traffic signal,01 - Functioning,2,0,0,0,,0,,,,,367921.3256,5032044.551,45.42548685,-75.69337098,2199
15--12253,2015/10/20,10:55 AM,BANK ST btwn RIVERSIDE DR & BILLINGS TRANSIT (__3ZA3NMA),__3ZA3NMA,04 - At/near private drive,03 - P.D. only,04 - Sideswipe,01 - Clear,01 - Daylight,01 - Dry,10 - No control,,2,0,0,0,,0,,,,,369396.2834,5027797.685,45.38714039,-75.6750808,2200
15--12254,2015/10/20,11:00 PM,RUSSELL RD S @ ST. LAURENT BLVD (0007734),7734,03 - At intersection,03 - P.D. only,02 - Angle,01 - Clear,07 - Dark,01 - Dry,01 - Traffic signal,01 - Functioning,2,0,0,0,,0,,,,,373571.1069,5029261.897,45.39991724,-75.62156873,2201
15--12255,2015/10/20,11:23 PM,RIVERSIDE DR @ SMYTH RD NORTH SIDE RAMP (0011479),11479,02 - Intersection related,03 - P.D. only,07 - SMV other,01 - Clear,07 - Dark,01 - Dry,01 - Traffic signal,00 - Unknown,1,0,0,0,,0,,,,,369937.8082,5029317.03,45.40076077,-75.66796546,2202
15--12256,2015/10/20,12:05 AM,REGIONAL ROAD 174 btwn OR174 IC112 RAMP26 & OR174 IC112 RAMP61 (__3ZA2XF),__3ZA2XF,01 - Non intersection,03 - P.D. only,06 - SMV unattended vehicle,01 - Clear,07 - Dark,01 - Dry,10 - No control,,1,0,0,0,,0,,,,,375156.5235,5033112.265,45.43440323,-75.60077053,2203
15--12257,2015/10/20,12:15 PM,MURPHY SIDE RD @ RAVENVIEW WAY (0013943),13943,02 - Intersection related,03 - P.D. only,07 - SMV other,01 - Clear,01 - Daylight,01 - Dry,02 - Stop sign,01 - Functioning,1,0,0,0,,0,,,,,343573.897,5027180.099,45.38348873,-76.00487454,2204
15--12258,2015/10/20,12:26 PM,WILLOWMERE WAY btwn FINDLAY CREEK DR & HAZELNUT CRES (__727TE0),__727TE0,04 - At/near private drive,03 - P.D. only,99 - Other,01 - Clear,01 - Daylight,01 - Dry,10 - No control,,2,0,0,0,,0,,,,,374163.0422,5019357.07,45.31073929,-75.61539838,2205
15--12259,2015/10/20,12:34 PM,BORRISOKANE RD/TARTAN DR @ STRANDHERD DR (0010634),10634,03 - At intersection,02 - Non-fatal injury,02 - Angle,01 - Clear,01 - Daylight,01 - Dry,01 - Traffic signal,01 - Functioning,2,0,0,0,02 - Minor,1,,1,,,362290.7056,5013546.675,45.25952942,-75.7674683,2206
15--1226,2015/01/20,1:41 PM,INNES RD @ JEANNE D'ARC BLVD/MER BLEUE RD (0012475),12475,02 - Intersection related,03 - P.D. only,03 - Rear end,01 - Clear,01 - Daylight,01 - Dry,01 - Traffic signal,01 - Functioning,2,0,0,0,,0,,,,,382637.9731,5035567.334,45.45569915,-75.50477528,2207
15--12260,2015/10/20,12:34 PM,SIREN PRIV btwn LORRY GREENBERG DR & KIMITO PRIV (__3ZA43W),__3ZA43W,01 - Non intersection,03 - P.D. only,06 - SMV unattended vehicle,01 - Clear,01 - Daylight,01 - Dry,10 - No control,,1,0,0,0,,0,,,,,372874.6405,5025426.042,45.36547188,-75.63099279,2208
15--12261,2015/10/20,12:44 PM,RIDGEWOOD AVE @ RIVERSIDE DR (0007180),7180,02 - Intersection related,03 - P.D. only,03 - Rear end,01 - Clear,01 - Daylight,01 - Dry,01 - Traffic signal,01 - Functioning,2,0,0,0,,0,,,,,368281.4267,5025609.532,45.36755391,-75.6895978,2209
15--12262,2015/10/20,2:04 PM,WELLINGTON ST    W btwn PARKDALE AVE & MCCORMICK ST (__3ZA3ZR),__3ZA3ZR,04 - At/near private drive,03 - P.D. only,06 - SMV unattended vehicle,01 - Clear,01 - Daylight,01 - Dry,10 - No control,,1,0,0,0,,0,,,,,365231.1976,5029317.359,45.40118583,-75.72807937,2210
15--12263,2015/10/20,2:15 PM,BAY ST btwn MCLEOD ST & FLORA ST (__3ZA97L),__3ZA97L,01 - Non intersection,03 - P.D. only,06 - SMV unattended vehicle,01 - Clear,01 - Daylight,01 - Dry,10 - No control,,1,0,0,0,,0,,,,,367512.9294,5030208.459,45.40900301,-75.69882305,2211
15--12264,2015/10/20,2:28 PM,BYRON AVE @ HOLLAND AVE (0005636),5636,03 - At intersection,03 - P.D. only,02 - Angle,01 - Clear,01 - Daylight,01 - Dry,02 - Stop sign,01 - Functioning,2,0,0,0,,0,,,,,365014.1801,5028959.856,45.39798779,-75.73089485,2212
15--12265,2015/10/20,2:35 PM,MOODIE DR btwn HWY417 IC134 RAMP66 & HWY417 IC134 RAMP26 (__3ZA4Z1),__3ZA4Z1,01 - Non intersection,03 - P.D. only,07 - SMV other,01 - Clear,01 - Daylight,01 - Dry,10 - No control,,1,0,0,0,,0,,,,,356395.8613,5022442.567,45.34003308,-75.84164788,2213
15--12266,2015/10/20,2:41 PM,JEANNE D'ARC BLVD @ ORLEANS BLVD S (0004154),4154,02 - Intersection related,03 - P.D. only,03 - Rear end,02 - Rain,01 - Daylight,02 - Wet,01 - Traffic signal,01 - Functioning,2,0,0,0,,0,,,,,380940.2037,5036247.878,45.46200919,-75.52637413,2214
15--12267,2015/10/20,2:42 PM,FISHER AVE btwn TUNIS AVE & SHILLINGTON AVE (__3ZA3AU),__3ZA3AU,01 - Non intersection,03 - P.D. only,03 - Rear end,01 - Clear,01 - Daylight,01 - Dry,10 - No control,,3,0,0,0,,0,,,,,365620.2061,5027306.996,45.38306334,-75.72335862,2215
15--12268,2015/10/20,3:00 PM,EARL ARMSTRONG RD @ RIVER RD (0012470),12470,02 - Intersection related,03 - P.D. only,03 - Rear end,01 - Clear,01 - Daylight,01 - Dry,01 - Traffic signal,01 - Functioning,2,0,0,0,,0,,,,,367572.7185,5014684.037,45.26931186,-75.70002884,2216
15--12269,2015/10/20,3:01 PM,RIDEAU ST btwn KING EDWARD AVE & NELSON ST (__3ZA3VG),__3ZA3VG,04 - At/near private drive,03 - P.D. only,02 - Angle,01 - Clear,01 - Daylight,01 - Dry,10 - No control,,2,0,0,0,,0,,,,,368579.9592,5032455.114,45.4291212,-75.68490197,2217
15--1227,2015/01/20,10:00 PM,TENTH LINE RD @ CHARLEMAGNE BLVD N/TOMPKINS AV (0009222),9222,02 - Intersection related,03 - P.D. only,03 - Rear end,01 - Clear,07 - Dark,06 - Ice,01 - Traffic signal,01 - Functioning,2,0,0,0,,0,,,,,383182.966,5037976.436,45.47731318,-75.49742396,2218
15--12270,2015/10/20,3:03 PM,BLOHM DR btwn JOHNSTON RD & SAI CRES (__3ZA464),__3ZA464,01 - Non intersection,03 - P.D. only,06 - SMV unattended vehicle,01 - Clear,01 - Daylight,01 - Dry,10 - No control,,1,0,0,0,,0,,,,,374671.7884,5026515.072,45.37509364,-75.60790001,2219
15--12271,2015/10/20,3:24 PM,REGIONAL ROAD 174 btwn OR174 IC105 RAMP25 & OR174 IC102 RAMP51 (__3ZA27G),__3ZA27G,01 - Non intersection,02 - Non-fatal injury,07 - SMV other,01 - Clear,01 - Daylight,01 - Dry,10 - No control,,1,0,0,0,02 - Minor,1,,1,,,380838.6839,5037812.15,45.4760943,-75.52743007,2220
15--12272,2015/10/20,3:33 PM,CARLING AVE @ ROCHESTER ST (0002145),2145,02 - Intersection related,03 - P.D. only,04 - Sideswipe,01 - Clear,01 - Daylight,01 - Dry,02 - Stop sign,01 - Functioning,2,0,0,0,,0,,,,,366993.4352,5029043.276,45.39856537,-75.70560606,2221
15--12273,2015/10/20,3:40 PM,CARLING AVE WB btwn RICHMOND RD & POULIN AVE (__3ZAYF6),__3ZAYF6,01 - Non intersection,02 - Non-fatal injury,07 - SMV other,01 - Clear,01 - Daylight,01 - Dry,10 - No control,,1,0,0,1,03 - Major,1,,,1,,360340.3793,5024840.814,45.36131128,-75.79105104,2222
15--12274,2015/10/20,3:50 PM,O'CONNOR ST btwn ARGYLE AVE & CATHERINE ST (__3ZA3P5),__3ZA3P5,01 - Non intersection,02 - Non-fatal injury,03 - Rear end,01 - Clear,01 - Daylight,01 - Dry,10 - No control,,3,0,0,0,02 - Minor,2,,2,,,368189.7559,5030476.564,45.41135435,-75.69014277,2223
15--12275,2015/10/20,4:00 PM,JAMIE AVE @ SUNDERLAND ST (0004576),4576,03 - At intersection,03 - P.D. only,02 - Angle,01 - Clear,01 - Daylight,01 - Dry,02 - Stop sign,01 - Functioning,2,0,0,0,,0,,,,,366065.4238,5022021.425,45.33546594,-75.71832911,2224
15--12276,2015/10/20,4:00 PM,NICHOLAS ST btwn DALY AVE & SB RAMP FROM WALLER/NICHOLAS/MACKENZIE KIN (__3ZA3VJ),__3ZA3VJ,01 - Non intersection,03 - P.D. only,06 - SMV unattended vehicle,01 - Clear,01 - Daylight,01 - Dry,10 - No control,,1,0,0,0,,0,,,,,368247.2517,5032016.016,45.42520061,-75.68921006,2225
15--12277,2015/10/20,4:16 PM,STONECREST RD btwn KILMAURS SIDE RD & HARDWOOD DR (__3ZACD1),__3ZACD1,04 - At/near private drive,03 - P.D. only,05 - Turning movement,01 - Clear,01 - Daylight,01 - Dry,10 - No control,,2,0,0,0,,0,,,,,334325.7849,5033735.341,45.44292613,-76.12257315,2226
15--12278,2015/10/20,4:17 PM,COLONEL BY DR btwn CLEGG ST & ECHO DR N (__3ZA22H),__3ZA22H,01 - Non intersection,03 - P.D. only,01 - Approaching,01 - Clear,01 - Daylight,01 - Dry,10 - No control,,3,0,0,0,,0,,,,,368898.5975,5030069.293,45.4076253,-75.6811406,2227
15--12279,2015/10/20,4:30 PM,SUSSEX DR btwn 151 W OF KING EDWARD AVE/L.B. PEARSON BUILDING & RAMP (__3ZBOFZB),__3ZBOFZB,01 - Non intersection,03 - P.D. only,07 - SMV other,01 - Clear,01 - Daylight,01 - Dry,10 - No control,,1,0,0,0,,0,,,,,367631.9527,5033426.342,45.43794578,-75.6968922,2228
15--1228,2015/01/20,10:15 AM,BRONSON AVE @ COMMISSIONER ST/SLATER ST (0001679),1679,03 - At intersection,02 - Non-fatal injury,02 - Angle,01 - Clear,01 - Daylight,01 - Dry,01 - Traffic signal,01 - Functioning,3,0,0,0,02 - Minor,2,,2,,,366768.589,5030952.334,45.41576248,-75.70823778,2229
15--12280,2015/10/20,4:56 PM,ALBERT ST btwn PRESTON ST & Continuation of ALBERT ST (__3ZA33O),__3ZA33O,01 - Non intersection,03 - P.D. only,04 - Sideswipe,01 - Clear,01 - Daylight,01 - Dry,10 - No control,,2,0,0,0,,0,,,,,366178.3913,5030475.752,45.41152634,-75.71583728,2230
15--12281,2015/10/20,5:15 PM,HIGHWAY 417 btwn HWY417 IC117 RAMP25 & HWY417 IC115 RAMP51 (__3ZA2R3),__3ZA2R3,01 - Non intersection,03 - P.D. only,04 - Sideswipe,01 - Clear,01 - Daylight,01 - Dry,10 - No control,,2,0,0,0,,0,,,,,371538.5021,5031396.376,45.41931909,-75.64723982,2231
15--12282,2015/10/20,5:35 PM,RICHMOND RD @ STONEHAVEN DR (0010370),10370,03 - At intersection,02 - Non-fatal injury,07 - SMV other,01 - Clear,07 - Dark,01 - Dry,01 - Traffic signal,01 - Functioning,1,0,0,0,01 - Minimal,1,1,,,,356782.3618,5015891.797,45.28105986,-75.83740374,2232
15--12283,2015/10/20,5:39 PM,MEADOWLANDS DR/TALLWOOD DR @ WOODROFFE AVE (0000095),95,02 - Intersection related,03 - P.D. only,02 - Angle,01 - Clear,07 - Dark,01 - Dry,01 - Traffic signal,00 - Unknown,2,0,0,0,,0,,,,,363056.6896,5022729.549,45.34209384,-75.75663013,2233