Anom_ID,Accident_Date,Accident_Time,Location,Geo_ID,Accident_Location,Classification_of_Accident,Initial_Impact_Type,Environment_Condition,Light,Road_Surface_Condition,Traffic_Control,Traffic_Control_Condition,No__of_Vehicles,No__of_Bicycles,No__of_Motorcycles,No__of_Pedestrians,Max_Injury,No__of_Injuries,No__of_Minimal,No__of_Minor,No__of_Major,No__of_Fatal,X,Y,Latitude,Longitude,ObjectId
15--12284,2015/10/20,6:32 AM,TENTH LINE RD btwn ST. JOSEPH BLVD & OR174 IC101 RAMP26 (__3ZA11V),__3ZA11V,07 - Overpass or bridge,03 - P.D. only,03 - Rear end,01 - Clear,03 - Dawn,01 - Dry,10 - No control,,3,0,0,0,,0,,,,,382849.1352,5038754.608,45.48435186,-75.50156958,2234
15--12285,2015/10/20,7:00 AM,HIGHWAY 417 btwn HWY417 IC155 RAMP25 & RAMP (__3ZAZN1),__3ZAZN1,01 - Non intersection,03 - P.D. only,04 - Sideswipe,01 - Clear,03 - Dawn,02 - Wet,10 - No control,,2,0,0,0,,0,,,,,342112.7419,5017593.667,45.29730577,-76.02425517,2235
15--12286,2015/10/20,7:40 AM,ETHEL ST @ HANNAH ST (0010027),10027,03 - At intersection,03 - P.D. only,02 - Angle,01 - Clear,01 - Daylight,01 - Dry,02 - Stop sign,01 - Functioning,2,0,0,0,,0,,,,,370149.1558,5033460.312,45.43802069,-75.66471658,2236
15--12287,2015/10/20,7:58 PM,GREENBANK RD @ STRANDHERD DR (0005563),5563,03 - At intersection,02 - Non-fatal injury,05 - Turning movement,01 - Clear,07 - Dark,01 - Dry,01 - Traffic signal,01 - Functioning,2,0,0,0,02 - Minor,1,,1,,,363933.6839,5014783.728,45.27052428,-75.74638842,2237
15--12288,2015/10/20,8:31 AM,BANKFIELD RD @ PRINCE OF WALES DR (0003618),3618,03 - At intersection,03 - P.D. only,05 - Turning movement,01 - Clear,01 - Daylight,01 - Dry,01 - Traffic signal,01 - Functioning,2,0,0,0,,0,,,,,366380.1969,5008974.626,45.21804404,-75.71593184,2238
15--12289,2015/10/20,8:45 AM,BERTONA ST @ KNOXDALE RD (0000115),115,03 - At intersection,03 - P.D. only,03 - Rear end,01 - Clear,01 - Daylight,01 - Dry,02 - Stop sign,00 - Unknown,2,0,0,0,,0,,,,,362754.4083,5021446.409,45.33057326,-75.76063726,2239
15--1229,2015/01/20,11:00 AM,STRABY AVE btwn MAY ST & END (__3ZA7AD),__3ZA7AD,04 - At/near private drive,03 - P.D. only,02 - Angle,01 - Clear,01 - Daylight,06 - Ice,10 - No control,,2,0,0,0,,0,,,,,371784.6359,5032773.704,45.43168814,-75.64390785,2240
15--12290,2015/10/20,9:03 AM,BASELINE RD @ FARLANE BLVD (0002725),2725,03 - At intersection,03 - P.D. only,05 - Turning movement,01 - Clear,01 - Daylight,01 - Dry,01 - Traffic signal,00 - Unknown,2,1,0,0,,0,,,,,365356.6921,5025516.452,45.36697519,-75.7269428,2241
15--12291,2015/10/20,9:46 PM,TERRY FOX DR btwn CAMPEAU DR & DIDSBURY RD (__3ZA1EJ),__3ZA1EJ,01 - Non intersection,03 - P.D. only,04 - Sideswipe,01 - Clear,07 - Dark,01 - Dry,10 - No control,,2,0,0,0,,0,,,,,350607.0532,5018929.674,45.30882507,-75.9158327,2242
15--12292,2015/10/20,9:47 AM,GILMOUR ST @ LYON ST (0007276),7276,03 - At intersection,02 - Non-fatal injury,07 - SMV other,01 - Clear,01 - Daylight,01 - Dry,02 - Stop sign,01 - Functioning,1,0,0,1,03 - Major,1,,,1,,367452.6979,5030573.825,45.41229585,-75.69954601,2243
15--12293,2015/10/20,9:49 AM,CATHERINE ST btwn BANK ST & O'CONNOR ST (__3ZA3PU),__3ZA3PU,01 - Non intersection,03 - P.D. only,03 - Rear end,01 - Clear,01 - Daylight,01 - Dry,10 - No control,,3,0,0,0,,0,,,,,368135.6268,5030326.35,45.41000768,-75.69085354,2244
15--12294,2015/10/20,9:55 AM,DONALD ST @ ST. LAURENT BLVD (0008630),8630,02 - Intersection related,03 - P.D. only,04 - Sideswipe,01 - Clear,01 - Daylight,01 - Dry,01 - Traffic signal,01 - Functioning,2,0,0,0,,0,,,,,372094.4336,5032471.504,45.42893935,-75.63999025,2245
15--12295,2015/10/20,9:55 PM,RIDEAU ST btwn 88 W OF WILLIAM ST & WILLIAM ST (__3ZA25UB),__3ZA25UB,01 - Non intersection,02 - Non-fatal injury,07 - SMV other,01 - Clear,07 - Dark,01 - Dry,10 - No control,,1,0,0,1,02 - Minor,1,,1,,,368032.373,5032114.789,45.4261088,-75.69194303,2246
15--12296,2015/10/20,9:56 PM,ISLAND PARK DR @ RICHMOND RD (0002125),2125,03 - At intersection,02 - Non-fatal injury,02 - Angle,01 - Clear,07 - Dark,01 - Dry,01 - Traffic signal,01 - Functioning,3,0,0,0,02 - Minor,1,,1,,,364129.966,5028867.917,45.39723603,-75.74219882,2247
15--12297,2015/10/21,1:20 PM,RUMFORD DR btwn VARENNES BLVD & DUPLANTE AVE (__3ZAZQS),__3ZAZQS,04 - At/near private drive,03 - P.D. only,99 - Other,01 - Clear,01 - Daylight,01 - Dry,10 - No control,,2,0,0,0,,0,,,,,385192.995,5037932.156,45.47668626,-75.47172556,2248
15--12298,2015/10/21,1:27 PM,BROWNING AVE btwn DIXIE ST & PULLEN AVE (__3ZA1V7),__3ZA1V7,01 - Non intersection,03 - P.D. only,02 - Angle,01 - Clear,01 - Daylight,01 - Dry,10 - No control,,2,0,0,0,,0,,,,,372466.4062,5029868.398,45.40548191,-75.63559451,2249
15--12299,2015/10/21,1:30 PM,HIGHWAY 417 btwn HWY417 IC124 RAMP65 & HWY417 IC122 RAMP51 (__3ZA2R8),__3ZA2R8,01 - Non intersection,03 - P.D. only,03 - Rear end,01 - Clear,01 - Daylight,01 - Dry,10 - No control,,2,0,0,0,,0,,,,,365143.1964,5028688.154,45.39553197,-75.72928033,2250
15--123,2015/01/04,1:31 PM,MARCH RD btwn MURPHY CRT & MAXWELL RD (__3ZA3DH),__3ZA3DH,01 - Non intersection,02 - Non-fatal injury,01 - Approaching,01 - Clear,01 - Daylight,02 - Wet,10 - No control,,2,0,0,0,02 - Minor,3,,3,,,347966.0072,5025480.639,45.36793975,-75.94894027,2251
15--1230,2015/01/20,11:00 AM,BASELINE RD @ CLYDE AVE (0002343),2343,02 - Intersection related,02 - Non-fatal injury,03 - Rear end,01 - Clear,01 - Daylight,06 - Ice,01 - Traffic signal,01 - Functioning,2,0,0,0,01 - Minimal,1,1,,,,364356.7756,5024890.031,45.36142442,-75.73978193,2252
15--12300,2015/10/21,11:00 AM,BANK ST @ HUNT CLUB RD (0002119),2119,02 - Intersection related,03 - P.D. only,03 - Rear end,01 - Clear,01 - Daylight,01 - Dry,01 - Traffic signal,01 - Functioning,2,0,0,0,,0,,,,,371608.7365,5024095.425,45.35362124,-75.64733074,2253
15--12301,2015/10/21,11:20 AM,HIGHWAY 417 btwn HWY417 IC124 RAMP65 & HWY417 IC122 RAMP51 (__3ZA2R8),__3ZA2R8,01 - Non intersection,02 - Non-fatal injury,03 - Rear end,01 - Clear,01 - Daylight,01 - Dry,10 - No control,,2,0,0,0,01 - Minimal,1,1,,,,365140.3083,5028683.822,45.39549324,-75.72931775,2254
15--12302,2015/10/21,11:24 AM,HIGHWAY 417 btwn HWY417 IC124 RAMP65 & HWY417 IC122 RAMP51 (__3ZA2R8),__3ZA2R8,01 - Non intersection,02 - Non-fatal injury,03 - Rear end,01 - Clear,01 - Daylight,01 - Dry,10 - No control,,3,0,0,0,01 - Minimal,1,1,,,,365142.4744,5028689.598,45.39554503,-75.72928938,2255
15--12303,2015/10/21,11:44 AM,ALTA VISTA DR @ SMYTH RD (0011353),11353,02 - Intersection related,02 - Non-fatal injury,03 - Rear end,01 - Clear,01 - Daylight,01 - Dry,01 - Traffic signal,01 - Functioning,3,0,0,0,02 - Minor,1,,1,,,370432.7159,5029080.476,45.39858613,-75.66167594,2256
15--12304,2015/10/21,11:48 PM,MILTON RD btwn PERRAULT RD & RUSSELL RD (__3ZBOGV),__3ZBOGV,01 - Non intersection,02 - Non-fatal injury,07 - SMV other,01 - Clear,07 - Dark,01 - Dry,10 - No control,,1,0,0,0,02 - Minor,1,,1,,,389570.9707,5025796.314,45.36698295,-75.41782662,2257
15--12305,2015/10/21,Unknown,LLOYDALEX CRES btwn CARP RD & ROTHBOURNE RD (__4WLIZE),__4WLIZE,01 - Non intersection,03 - P.D. only,06 - SMV unattended vehicle,01 - Clear,00 - Unknown,01 - Dry,10 - No control,,1,0,0,0,,0,,,,,348128.6517,5015185.46,45.27529062,-75.94776477,2258
15--12306,2015/10/21,Unknown,DRAPER AVE btwn MORRISON DR & CORNELL ST (__3ZABHR),__3ZABHR,01 - Non intersection,03 - P.D. only,06 - SMV unattended vehicle,02 - Rain,00 - Unknown,02 - Wet,10 - No control,,1,0,0,0,,0,,,,,360167.753,5022523.513,45.3404739,-75.79351385,2259
15--12307,2015/10/21,12:14 PM,LAURIER AVE   E btwn COPERNICUS ST & RING LANE (__3ZA2GV),__3ZA2GV,04 - At/near private drive,03 - P.D. only,05 - Turning movement,01 - Clear,01 - Daylight,01 - Dry,10 - No control,,2,0,0,0,,0,,,,,368676.0826,5031996.173,45.42498304,-75.68373318,2260
15--12308,2015/10/21,12:19 PM,ALTA VISTA DR @ SMYTH RD (0011353),11353,03 - At intersection,03 - P.D. only,02 - Angle,01 - Clear,01 - Daylight,01 - Dry,01 - Traffic signal,01 - Functioning,2,0,0,0,,0,,,,,370432.7159,5029082.318,45.3986027,-75.66167569,2261
15--12309,2015/10/21,12:23 AM,CARLING AVE @ MAITLAND AVE/SHERBOURNE RD (0002641),2641,03 - At intersection,03 - P.D. only,02 - Angle,01 - Clear,07 - Dark,01 - Dry,01 - Traffic signal,01 - Functioning,2,0,0,0,,0,,,,,362942.6979,5026489.971,45.37593921,-75.75764222,2262
15--1231,2015/01/20,11:04 AM,O'CONNOR ST btwn QUEEN ST & ALBERT ST (__3ZA1XO),__3ZA1XO,01 - Non intersection,03 - P.D. only,04 - Sideswipe,01 - Clear,01 - Daylight,02 - Wet,10 - No control,,2,0,0,0,,0,,,,,367536.077,5031524.716,45.4208442,-75.6983598,2263
15--12310,2015/10/21,12:30 PM,HIGHWAY 417 btwn HWY417 IC124 RAMP65 & HWY417 IC122 RAMP51 (__3ZA2R8),__3ZA2R8,01 - Non intersection,02 - Non-fatal injury,03 - Rear end,01 - Clear,01 - Daylight,01 - Dry,10 - No control,,2,0,0,0,01 - Minimal,1,1,,,,365138.8643,5028690.32,45.39555183,-75.72933539,2264
15--12311,2015/10/21,12:34 PM,ALTA VISTA DR @ SMYTH RD (0011353),11353,02 - Intersection related,03 - P.D. only,99 - Other,01 - Clear,01 - Daylight,01 - Dry,01 - Traffic signal,01 - Functioning,2,0,0,0,,0,,,,,370432.7159,5029081.558,45.39859586,-75.66167579,2265
15--12312,2015/10/21,12:46 PM,ST. LAURENT BLVD @ COVENTRY RD/OGILVIE RD (0002151),2151,02 - Intersection related,03 - P.D. only,03 - Rear end,01 - Clear,01 - Daylight,01 - Dry,01 - Traffic signal,01 - Functioning,2,0,0,0,,0,,,,,372306.4415,5031951.575,45.42424084,-75.6373524,2266
15--12313,2015/10/21,2:02 PM,LEES AVE btwn CHAPEL CRES & TRANSIT (__3ZA5XB),__3ZA5XB,04 - At/near private drive,03 - P.D. only,02 - Angle,01 - Clear,01 - Daylight,01 - Dry,10 - No control,,2,0,0,0,,0,,,,,369821.4308,5031206.569,45.41777297,-75.66920262,2267
15--12314,2015/10/21,2:13 PM,CARLING AVE @ ISLAND PARK DR (0010785),10785,03 - At intersection,03 - P.D. only,02 - Angle,01 - Clear,01 - Daylight,01 - Dry,01 - Traffic signal,01 - Functioning,2,0,0,0,,0,,,,,365346.1408,5028000.554,45.38932758,-75.72677288,2268
15--12315,2015/10/21,2:20 PM,BOOTH ST @ SOMERSET ST (0002216),2216,02 - Intersection related,02 - Non-fatal injury,07 - SMV other,01 - Clear,01 - Daylight,01 - Dry,01 - Traffic signal,01 - Functioning,1,0,0,1,02 - Minor,1,,1,,,366591.1819,5030255.838,45.40951129,-75.71059158,2269
15--12316,2015/10/21,2:26 PM,ALBION RD btwn COLLISTON CRES & LILIBET CRES (__4BSGQS),__4BSGQS,04 - At/near private drive,03 - P.D. only,05 - Turning movement,01 - Clear,01 - Daylight,01 - Dry,10 - No control,,2,0,0,0,,0,,,,,371040.1879,5026337.814,45.37385145,-75.65428565,2270
15--12317,2015/10/21,3:28 PM,CLEOPATRA DR btwn CAESAR AVE & MERIVALE RD (__3ZBO7K),__3ZBO7K,04 - At/near private drive,03 - P.D. only,02 - Angle,01 - Clear,01 - Daylight,01 - Dry,10 - No control,,2,0,0,0,,0,,,,,365904.4353,5021096.029,45.32715339,-75.72049717,2271
15--12318,2015/10/21,3:45 PM,INNES RD @ ORLEANS BLVD (0003611),3611,02 - Intersection related,03 - P.D. only,03 - Rear end,01 - Clear,01 - Daylight,01 - Dry,01 - Traffic signal,01 - Functioning,2,0,0,0,,0,,,,,380460.0744,5034295.322,45.44449377,-75.53281316,2272
15--12319,2015/10/21,4:00 PM,QUEEN MARY ST @ VERA ST (0008258),8258,03 - At intersection,03 - P.D. only,02 - Angle,01 - Clear,01 - Daylight,01 - Dry,02 - Stop sign,01 - Functioning,2,0,0,0,,0,,,,,370521.9926,5031974.658,45.42461846,-75.66014984,2273
15--1232,2015/01/20,11:06 AM,PADDLER WAY btwn VOYAGEUR DR & LONG BOW GT (__3ZBO4K),__3ZBO4K,04 - At/near private drive,03 - P.D. only,07 - SMV other,01 - Clear,01 - Daylight,04 - Slush,10 - No control,,1,0,0,0,,0,,,,,379351.7326,5037967.526,45.47765259,-75.54642261,2274
15--12320,2015/10/21,4:16 PM,EARL ARMSTRONG RD @ LIMEBANK RD (0004456),4456,03 - At intersection,03 - P.D. only,02 - Angle,01 - Clear,01 - Daylight,01 - Dry,01 - Traffic signal,01 - Functioning,2,0,0,0,,0,,,,,370155.7209,5015961.895,45.28057453,-75.66694644,2275
15--12321,2015/10/21,4:20 PM,BRONSON PL btwn FULTON AVE & COLONEL BY DR (__3ZA9I3),__3ZA9I3,01 - Non intersection,03 - P.D. only,07 - SMV other,01 - Clear,01 - Daylight,01 - Dry,10 - No control,,1,0,0,0,,0,,,,,367809.1102,5028511.126,45.39370431,-75.69525647,2276
15--12322,2015/10/21,4:25 PM,TRIM RD @ DAIRY DR/TAYLOR CREEK DR (0012921),12921,03 - At intersection,03 - P.D. only,02 - Angle,01 - Clear,01 - Daylight,01 - Dry,11 - Roundabout,01 - Functioning,2,0,0,0,,0,,,,,384535.773,5039595.391,45.4917258,-75.4798604,2277
15--12323,2015/10/21,4:45 PM,WEST HUNT CLUB RD @ WOODROFFE AVE (0000576),576,02 - Intersection related,03 - P.D. only,02 - Angle,01 - Clear,01 - Daylight,01 - Dry,01 - Traffic signal,01 - Functioning,2,0,0,0,,0,,,,,363669.969,5021246.489,45.32869819,-75.74898162,2278
15--12324,2015/10/21,5:35 PM,HWY 417 ST.LAURE IC115R51 @ ST. LAURENT BLVD (0002712),2712,03 - At intersection,03 - P.D. only,04 - Sideswipe,01 - Clear,01 - Daylight,01 - Dry,01 - Traffic signal,01 - Functioning,2,0,0,0,,0,,,,,372530.4421,5031410.929,45.41935471,-75.63456461,2279
15--12325,2015/10/21,5:55 PM,MONTREAL RD @ ST. LAURENT BLVD (0002604),2604,02 - Intersection related,03 - P.D. only,03 - Rear end,01 - Clear,07 - Dark,01 - Dry,01 - Traffic signal,01 - Functioning,2,0,0,0,,0,,,,,371545.7029,5033817.955,45.44110668,-75.64681959,2280
15--12326,2015/10/21,6:15 PM,ARLINGTON AVE @ BANK ST (0007261),7261,03 - At intersection,02 - Non-fatal injury,05 - Turning movement,02 - Rain,07 - Dark,02 - Wet,02 - Stop sign,00 - Unknown,2,1,0,0,02 - Minor,1,,1,,,368007.4258,5030344.847,45.4101857,-75.69248885,2281
15--12327,2015/10/21,6:15 PM,KING EDWARD AVE @ STEWART ST (0007754),7754,03 - At intersection,02 - Non-fatal injury,07 - SMV other,01 - Clear,07 - Dark,01 - Dry,01 - Traffic signal,01 - Functioning,1,0,0,1,01 - Minimal,1,1,,,,368634.7144,5032204.498,45.42686125,-75.68423477,2282
15--12328,2015/10/21,6:30 PM,RICHMOND RD btwn MOODIE DR & BLACK FOREST LANE (__3ZABNW),__3ZABNW,01 - Non intersection,02 - Non-fatal injury,07 - SMV other,01 - Clear,05 - Dusk,01 - Dry,10 - No control,,1,0,0,1,02 - Minor,1,,1,,,357413.109,5019698.48,45.31526599,-75.82896052,2283
15--12329,2015/10/21,6:32 PM,LEMIEUX ST @ ST. LAURENT BLVD (0002021),2021,02 - Intersection related,02 - Non-fatal injury,03 - Rear end,02 - Rain,05 - Dusk,02 - Wet,01 - Traffic signal,01 - Functioning,2,0,0,0,01 - Minimal,1,1,,,,372391.9749,5031743.391,45.42235944,-75.63628808,2284
15--1233,2015/01/20,11:40 AM,HIGHWAY 417 btwn HWY417 IC119A RAMP75 & HWY417 IC118 RAMP57 (__3ZA2R2),__3ZA2R2,01 - Non intersection,03 - P.D. only,03 - Rear end,01 - Clear,01 - Daylight,01 - Dry,10 - No control,,2,0,0,0,,0,,,,,368938.1756,5030691.574,45.41322075,-75.68055408,2285
15--12341,2015/10/21,7:59 AM,CASTLEFRANK RD @ KATIMAVIK RD (0003228),3228,03 - At intersection,03 - P.D. only,05 - Turning movement,01 - Clear,01 - Daylight,01 - Dry,01 - Traffic signal,01 - Functioning,2,1,0,0,,0,,,,,351950.4529,5018943.043,45.30885647,-75.89870028,2286
15--12160,2015/10/17,12:54 PM,HAWTHORNE RD btwn HUNT CLUB RD & HAWTHORNE RD (__3ZA8MK),__3ZA8MK,01 - Non intersection,03 - P.D. only,05 - Turning movement,01 - Clear,01 - Daylight,01 - Dry,10 - No control,,2,0,0,0,,0,,,,,375517.84,5026387.43,45.3738603,-75.59711752,2287
15--11979,2015/10/13,7:22 AM,WOODROFFE AVE NB btwn WEST HUNT CLUB RD & SPORTSPLEX N (__3ZA245A),__3ZA245A,01 - Non intersection,03 - P.D. only,03 - Rear end,02 - Rain,01 - Daylight,02 - Wet,10 - No control,,2,0,0,0,,0,,,,,363720.4207,5021163.966,45.32795142,-75.74834787,2288
15--12068,2015/10/15,5:42 PM,COLONEL BY DR @ HOG'S BACK RD (0002635),2635,02 - Intersection related,03 - P.D. only,99 - Other,02 - Rain,05 - Dusk,02 - Wet,01 - Traffic signal,01 - Functioning,2,0,0,0,,0,,,,,367604.1508,5025872.457,45.36998066,-75.69820961,2289
15--119,2015/01/04,1:08 PM,REGIONAL ROAD 174 btwn OR174 IC105 RAMP25 & OR174 IC102 RAMP51 (__3ZA27G),__3ZA27G,01 - Non intersection,03 - P.D. only,07 - SMV other,04 - Freezing Rain,01 - Daylight,04 - Slush,10 - No control,,1,0,0,0,,0,,,,,380756.5571,5037765.049,45.47567946,-75.52848764,2290
15--12606,2015/10/28,8:10 AM,ALBION RD @ HUNT CLUB RD (0006974),6974,02 - Intersection related,03 - P.D. only,03 - Rear end,01 - Clear,01 - Daylight,01 - Dry,01 - Traffic signal,01 - Functioning,2,0,0,0,,0,,,,,371867.0117,5024321.24,45.35562839,-75.64400415,2291
15--12519,2015/10/26,8:45 AM,IPSWICH TER btwn BEACON WAY & BEACON WAY (__3ZA585),__3ZA585,01 - Non intersection,03 - P.D. only,06 - SMV unattended vehicle,01 - Clear,01 - Daylight,06 - Ice,10 - No control,,1,0,0,0,,0,,,,,349061.7004,5023031.376,45.34583239,-75.93517257,2292
15--12429,2015/10/24,1:31 PM,LEITRIM RD @ ALBION RD (0012479),12479,02 - Intersection related,03 - P.D. only,03 - Rear end,01 - Clear,01 - Daylight,01 - Dry,01 - Traffic signal,01 - Functioning,2,0,0,0,,0,,,,,373497.5851,5020418.901,45.32035871,-75.62373685,2293
15--1190,2015/01/19,12:35 PM,OSGOODE MAIN ST @ STAGECOACH RD (0005252),5252,02 - Intersection related,03 - P.D. only,02 - Angle,01 - Clear,01 - Daylight,06 - Ice,02 - Stop sign,01 - Functioning,2,0,0,0,,0,,,,,378036.734,5002955.837,45.16277334,-75.56841737,2294
15--12607,2015/10/28,8:22 PM,BLAIR RD btwn LAURA PRIV & BEAVERPOND DR (__3ZBN93),__3ZBN93,01 - Non intersection,03 - P.D. only,07 - SMV other,02 - Rain,07 - Dark,02 - Wet,10 - No control,,1,0,0,0,,0,,,,,375353.9135,5031992.61,45.42430932,-75.5984084,2295
15--12608,2015/10/28,8:31 PM,CARLING AVE @ FAIRLAWN AVE/WOODROFFE AVE E (0002393),2393,03 - At intersection,03 - P.D. only,04 - Sideswipe,02 - Rain,07 - Dark,02 - Wet,01 - Traffic signal,01 - Functioning,2,0,0,0,,0,,,,,361934.6841,5025830.528,45.37008852,-75.77058762,2296
15--12609,2015/10/28,8:45 AM,KING EDWARD AVE @ RIDEAU ST (0002121),2121,03 - At intersection,03 - P.D. only,04 - Sideswipe,01 - Clear,01 - Daylight,01 - Dry,01 - Traffic signal,01 - Functioning,2,0,0,0,,0,,,,,368512.4279,5032412.508,45.428744,-75.68577044,2297
15--1261,2015/01/20,5:15 PM,HIGHWAY 417 btwn HWY417 IC122 RAMP16 & HWY417 IC122 RAMP61 (__3ZA2RA),__3ZA2RA,01 - Non intersection,03 - P.D. only,04 - Sideswipe,01 - Clear,05 - Dusk,01 - Dry,10 - No control,,2,0,0,0,,0,,,,,365404.5682,5028943.75,45.39780919,-75.72591093,2298
15--12610,2015/10/28,9:07 PM,BLAIR RD @ REGIONAL RD 174 S/OR174 IC112 RAMP15 (0012435),12435,02 - Intersection related,03 - P.D. only,03 - Rear end,02 - Rain,07 - Dark,02 - Wet,01 - Traffic signal,01 - Functioning,3,0,0,0,,0,,,,,374907.89,5032661.18,45.43036959,-75.60401216,2299
15--12611,2015/10/28,9:16 PM,BLAIR RD @ INNES RD (0004165),4165,02 - Intersection related,03 - P.D. only,03 - Rear end,02 - Rain,07 - Dark,02 - Wet,01 - Traffic signal,01 - Functioning,2,0,0,0,,0,,,,,375578.7349,5031439.915,45.41931377,-75.59561523,2300
15--12612,2015/10/28,9:21 PM,COLONIAL RD btwn BIRCHGROVE RD & CANAAN RD (__3ZA2UL),__3ZA2UL,01 - Non intersection,03 - P.D. only,07 - SMV other,02 - Rain,07 - Dark,02 - Wet,10 - No control,,1,0,0,0,,0,,,,,398543.8761,5035610.948,45.45413877,-75.30143744,2301
15--12613,2015/10/28,9:24 PM,MERIVALE RD/LOTTA AVE @ CLYDE AVE (0001112),1112,02 - Intersection related,03 - P.D. only,07 - SMV other,02 - Rain,07 - Dark,02 - Wet,01 - Traffic signal,01 - Functioning,1,0,0,0,,0,,,,,364520.437,5024507.976,45.35797282,-75.73773921,2302
15--12614,2015/10/29,1:38 PM,FOREST VALLEY DR @ ORLEANS BLVD (0003627),3627,02 - Intersection related,03 - P.D. only,02 - Angle,01 - Clear,01 - Daylight,01 - Dry,01 - Traffic signal,01 - Functioning,2,0,0,0,,0,,,,,380258.028,5034818.49,45.44922268,-75.53531537,2303
15--12615,2015/10/29,10:20 AM,ST. LAURENT BLVD @ COVENTRY RD/OGILVIE RD (0002151),2151,03 - At intersection,03 - P.D. only,07 - SMV other,02 - Rain,01 - Daylight,02 - Wet,01 - Traffic signal,01 - Functioning,1,0,0,0,,0,,,,,372305.7195,5031951.935,45.42424415,-75.63736158,2304
15--12616,2015/10/29,10:30 AM,PRINCE OF WALES DR @ MEADOWLANDS DR/HOG'S BACK (0001629),1629,02 - Intersection related,03 - P.D. only,03 - Rear end,02 - Rain,01 - Daylight,02 - Wet,01 - Traffic signal,01 - Functioning,2,0,0,0,,0,,,,,367371.9189,5025693.117,45.36838778,-75.70119683,2305
15--12617,2015/10/29,10:46 AM,WILBROD ST btwn CORNWALL ST & NELSON ST (__3ZA4F6),__3ZA4F6,01 - Non intersection,03 - P.D. only,03 - Rear end,02 - Rain,01 - Daylight,02 - Wet,10 - No control,,2,0,0,0,,0,,,,,368793.4945,5032212.028,45.4269145,-75.68220489,2306
15--12618,2015/10/29,11:11 AM,SOMERSET ST    W btwn ROCHESTER ST & BOOTH ST (__3ZA323),__3ZA323,01 - Non intersection,03 - P.D. only,07 - SMV other,06 - Strong wind,01 - Daylight,02 - Wet,10 - No control,,1,0,0,0,,0,,,,,366576.8795,5030243.707,45.40940341,-75.71077581,2307
15--12619,2015/10/29,11:17 AM,VANIER PKWY/CRICHTON ST @ BEECHWOOD AVE/ST. PA (0001604),1604,02 - Intersection related,03 - P.D. only,03 - Rear end,01 - Clear,01 - Daylight,01 - Dry,01 - Traffic signal,01 - Functioning,2,0,0,0,,0,,,,,369127.7595,5033487.12,45.43835662,-75.67776705,2308
15--1262,2015/01/20,5:25 PM,HIGHWAY 417 btwn HWY417 IC118 RAMP57 & HWY417 IC118 RAMP35 (__3ZA2YQ),__3ZA2YQ,01 - Non intersection,03 - P.D. only,03 - Rear end,01 - Clear,05 - Dusk,01 - Dry,10 - No control,,2,0,0,0,,0,,,,,369096.2776,5030793.36,45.41412207,-75.67852106,2309
15--1198,2015/01/19,4:37 PM,MONTREAL RD btwn SINCLAIR ST & SHEFFORD RD (__3ZA2D0),__3ZA2D0,01 - Non intersection,03 - P.D. only,03 - Rear end,01 - Clear,01 - Daylight,02 - Wet,10 - No control,,2,0,0,0,,0,,,,,376042.8389,5034804.9,45.44954279,-75.5891989,2310
15--12342,2015/10/21,8:01 PM,CARP RD btwn NORMA LANE & HOLLAND HILL RD (__3ZAZA2),__3ZAZA2,01 - Non intersection,02 - Non-fatal injury,07 - SMV other,01 - Clear,07 - Dark,01 - Dry,10 - No control,,1,0,0,0,02 - Minor,1,,1,,,340035.8779,5024134.662,45.35627169,-76.05026924,2311
15--12161,2015/10/17,12:55 PM,CYRVILLE RD @ ST. LAURENT BLVD (0002647),2647,02 - Intersection related,03 - P.D. only,04 - Sideswipe,01 - Clear,01 - Daylight,01 - Dry,01 - Traffic signal,01 - Functioning,2,0,0,0,,0,,,,,372241.7208,5032111.94,45.42568997,-75.6381574,2312
15--12069,2015/10/15,5:44 PM,ALTA VISTA DR btwn AYERS AVE & RIDGEMONT AVE (__3ZBORT),__3ZBORT,04 - At/near private drive,03 - P.D. only,03 - Rear end,02 - Rain,05 - Dusk,02 - Wet,10 - No control,,2,0,0,0,,0,,,,,370520.0556,5026499.911,45.37535892,-75.66090409,2313
15--12620,2015/10/29,11:25 AM,AVENUE RD/ECHO DR @ RIVERDALE AVE (0007557),7557,03 - At intersection,02 - Non-fatal injury,07 - SMV other,02 - Rain,01 - Daylight,02 - Wet,02 - Stop sign,01 - Functioning,1,0,0,1,01 - Minimal,1,1,,,,369113.0055,5029042.425,45.39836622,-75.67853575,2314
15--12621,2015/10/29,11:53 AM,DUCLOS AVE/BARRINGTON ST @ VISENEAU DR (0003298),3298,03 - At intersection,02 - Non-fatal injury,07 - SMV other,01 - Clear,01 - Daylight,01 - Dry,02 - Stop sign,01 - Functioning,1,0,0,1,01 - Minimal,1,1,,,,381525.6886,5035523.921,45.45543157,-75.51900144,2315
15--12622,2015/10/29,Unknown,CONN ST btwn POULIN AVE & PRISCILLA ST (__3ZABXU),__3ZABXU,01 - Non intersection,03 - P.D. only,06 - SMV unattended vehicle,01 - Clear,00 - Unknown,01 - Dry,10 - No control,,1,0,0,0,,0,,,,,360303.0915,5025152.341,45.36411734,-75.79149198,2316