Anom_ID,Accident_Date,Accident_Time,Location,Geo_ID,Accident_Location,Classification_of_Accident,Initial_Impact_Type,Environment_Condition,Light,Road_Surface_Condition,Traffic_Control,Traffic_Control_Condition,No__of_Vehicles,No__of_Bicycles,No__of_Motorcycles,No__of_Pedestrians,Max_Injury,No__of_Injuries,No__of_Minimal,No__of_Minor,No__of_Major,No__of_Fatal,X,Y,Latitude,Longitude,ObjectId
15--12623,2015/10/29,12:00 PM,BANK ST @ FIRST AVE (0007233),7233,02 - Intersection related,03 - P.D. only,03 - Rear end,01 - Clear,01 - Daylight,02 - Wet,01 - Traffic signal,01 - Functioning,2,0,0,0,,0,,,,,368272.9895,5029703.207,45.40438839,-75.68917906,2317
15--12624,2015/10/29,12:15 PM,COBOURG ST @ ST. PATRICK ST (0011483),11483,02 - Intersection related,03 - P.D. only,03 - Rear end,01 - Clear,01 - Daylight,01 - Dry,01 - Traffic signal,01 - Functioning,2,0,0,0,,0,,,,,368801.967,5033234.493,45.43611348,-75.68196373,2318
15--12625,2015/10/29,12:42 PM,TERON RD @ BEAVERBROOK RD/PENFIELD DR N (0002572),2572,03 - At intersection,02 - Non-fatal injury,07 - SMV other,01 - Clear,01 - Daylight,01 - Dry,01 - Traffic signal,01 - Functioning,1,0,0,1,02 - Minor,1,,1,,,351883.6325,5021215.08,45.32930525,-75.8993364,2319
15--12626,2015/10/29,12:45 PM,REVELSTOKE DR @ RIVERSIDE DR (0006918),6918,03 - At intersection,03 - P.D. only,02 - Angle,01 - Clear,01 - Daylight,01 - Dry,01 - Traffic signal,01 - Functioning,2,0,0,0,,0,,,,,368216.2189,5024428.201,45.35693049,-75.69058175,2320
15--12627,2015/10/29,12:54 PM,BASELINE RD @ CLYDE AVE (0002343),2343,02 - Intersection related,03 - P.D. only,03 - Rear end,01 - Clear,01 - Daylight,01 - Dry,01 - Traffic signal,01 - Functioning,2,0,0,0,,0,,,,,364357.9826,5024890.873,45.3614319,-75.73976643,2321
15--12628,2015/10/29,12:56 PM,IRIS ST @ WOODROFFE AVE (0002736),2736,02 - Intersection related,03 - P.D. only,03 - Rear end,01 - Clear,01 - Daylight,01 - Dry,01 - Traffic signal,00 - Unknown,2,0,0,0,,0,,,,,362281.7282,5024442.965,45.35757498,-75.76631884,2322
15--12629,2015/10/29,12:57 PM,BANK ST @ CECIL AVE (0002601),2601,03 - At intersection,03 - P.D. only,02 - Angle,01 - Clear,01 - Daylight,01 - Dry,02 - Stop sign,01 - Functioning,2,0,0,0,,0,,,,,369945.4331,5026987.744,45.37980194,-75.66817558,2323
15--1263,2015/01/20,5:25 PM,HIGHWAY 417 btwn HWY417 IC118 RAMP57 & HWY417 IC118 RAMP35 (__3ZA2YQ),__3ZA2YQ,01 - Non intersection,03 - P.D. only,03 - Rear end,01 - Clear,05 - Dusk,01 - Dry,10 - No control,,2,0,0,0,,0,,,,,369130.9554,5030816.484,45.41432695,-75.67807503,2324
15--12630,2015/10/29,2:58 PM,O'CONNOR ST btwn QUEEN ST & ALBERT ST (__3ZA1XO),__3ZA1XO,01 - Non intersection,03 - P.D. only,99 - Other,01 - Clear,01 - Daylight,01 - Dry,10 - No control,,2,0,0,0,,0,,,,,367525.7061,5031541.512,45.42099625,-75.69849017,2325
15--12631,2015/10/29,3:00 PM,ST. LAURENT BLVD btwn DWELLINGHAM PRIV & TAWNEY RD (__3ZA76V),__3ZA76V,04 - At/near private drive,02 - Non-fatal injury,07 - SMV other,01 - Clear,01 - Daylight,01 - Dry,10 - No control,,1,0,0,1,01 - Minimal,1,1,,,,373554.0653,5028909.976,45.39675249,-75.62183543,2326
15--12632,2015/10/29,3:12 PM,HIGHWAY 417 btwn HWY417 IC117 RAMP51 & HWY417 IC117 RAMP35 (__3ZA2YN),__3ZA2YN,01 - Non intersection,03 - P.D. only,03 - Rear end,01 - Clear,01 - Daylight,01 - Dry,10 - No control,,2,0,0,0,,0,,,,,370665.616,5031163.922,45.41731029,-75.65842309,2327
15--12633,2015/10/29,3:28 PM,TRIM RD btwn WALL RD & NAVAN RD (__3ZA1D8),__3ZA1D8,04 - At/near private drive,02 - Non-fatal injury,03 - Rear end,01 - Clear,01 - Daylight,01 - Dry,10 - No control,,3,0,0,0,02 - Minor,2,,2,,,387638.8768,5034642.5,45.44680349,-75.44100088,2328
15--12634,2015/10/29,3:39 PM,BAYSHORE DR @ WOODRIDGE CRES N (0001209),1209,02 - Intersection related,03 - P.D. only,03 - Rear end,01 - Clear,01 - Daylight,01 - Dry,01 - Traffic signal,01 - Functioning,2,0,0,0,,0,,,,,359072.1503,5023875.438,45.35272415,-75.80734423,2329
15--12635,2015/10/29,3:50 PM,HIGHWAY 417 btwn HWY417 IC124 RAMP76 & HWY417 IC124 RAMP67 (__3ZA2R7),__3ZA2R7,01 - Non intersection,03 - P.D. only,03 - Rear end,01 - Clear,01 - Daylight,01 - Dry,10 - No control,,2,0,0,0,,0,,,,,364336.4409,5027413.981,45.38413626,-75.73973724,2330
15--12636,2015/10/29,4:25 PM,ALBERT ST @ PRESTON ST (0002217),2217,03 - At intersection,03 - P.D. only,05 - Turning movement,01 - Clear,01 - Daylight,01 - Dry,01 - Traffic signal,01 - Functioning,2,0,0,0,,0,,,,,366161.4177,5030464.211,45.41142399,-75.71605555,2331
15--12637,2015/10/29,4:32 PM,GLADSTONE AVE btwn PRESTON ST & ROCHESTER ST (__3ZA31S),__3ZA31S,04 - At/near private drive,02 - Non-fatal injury,02 - Angle,01 - Clear,01 - Daylight,01 - Dry,10 - No control,,2,1,0,0,01 - Minimal,1,1,,,,366522.8592,5029728.054,45.40476847,-75.71153043,2332
15--12638,2015/10/29,4:38 PM,LEITRIM RD @ LIMEBANK RD (0012318),12318,02 - Intersection related,03 - P.D. only,03 - Rear end,01 - Clear,01 - Daylight,01 - Dry,01 - Traffic signal,01 - Functioning,2,0,0,0,,0,,,,,369321.624,5017960.093,45.29863104,-75.67731722,2333
15--12639,2015/10/29,5:06 PM,ST. JOSEPH BLVD/OLD MONTREAL RD @ TRIM RD (0004118),4118,03 - At intersection,03 - P.D. only,04 - Sideswipe,01 - Clear,01 - Daylight,01 - Dry,11 - Roundabout,01 - Functioning,2,0,0,0,,0,,,,,384683.4747,5039285.222,45.48891831,-75.47802149,2334
15--1264,2015/01/20,5:59 PM,HWY 417 TERRYFO IC140R61 @ TERRY FOX DR (0011777),11777,02 - Intersection related,03 - P.D. only,03 - Rear end,01 - Clear,07 - Dark,06 - Ice,01 - Traffic signal,01 - Functioning,2,0,0,0,,0,,,,,350809.1681,5018708.157,45.30681859,-75.91327587,2335
15--12640,2015/10/29,5:16 AM,RIDGE RD btwn RAMSAYVILLE RD & ANDERSON RD (__3ZA6F0),__3ZA6F0,01 - Non intersection,03 - P.D. only,01 - Approaching,"07 - Fog, mist, smoke, dust",07 - Dark,02 - Wet,10 - No control,,2,0,0,0,,0,,,,,376723.3854,5028868.221,45.39605842,-75.58136635,2336
15--12641,2015/10/29,5:18 PM,RIDEAU ST btwn KING EDWARD AVE & NELSON ST (__3ZA3VG),__3ZA3VG,01 - Non intersection,02 - Non-fatal injury,07 - SMV other,01 - Clear,01 - Daylight,01 - Dry,10 - No control,,1,0,0,0,02 - Minor,1,,1,,,368530.368,5032423.908,45.42884494,-75.68553972,2337
15--12642,2015/10/29,5:36 PM,BLACKBURN BYPASS @ INNES RD W (0009340),9340,02 - Intersection related,03 - P.D. only,03 - Rear end,01 - Clear,05 - Dusk,01 - Dry,01 - Traffic signal,01 - Functioning,2,0,0,0,,0,,,,,377188.6414,5032175.33,45.42576587,-75.57493904,2338
15--12643,2015/10/29,6:15 AM,ISLAND PARK DR @ SCOTT ST (0002126),2126,03 - At intersection,03 - P.D. only,05 - Turning movement,02 - Rain,03 - Dawn,02 - Wet,01 - Traffic signal,01 - Functioning,2,0,0,0,,0,,,,,363830.7337,5029046.514,45.39886831,-75.7459991,2339
15--12644,2015/10/29,6:39 PM,WOODROFFE AVE btwn MIRAMICHI ST & TECUMSEH ST (__3ZA3GS),__3ZA3GS,01 - Non intersection,03 - P.D. only,03 - Rear end,01 - Clear,07 - Dark,01 - Dry,10 - No control,,2,0,0,0,,0,,,,,362344.6601,5024285.715,45.35615489,-75.76553397,2340
15--12645,2015/10/29,6:42 PM,SILVESTRI CRES btwn MATHESON RD & TREATY CRT (__3ZAZGM),__3ZAZGM,01 - Non intersection,03 - P.D. only,06 - SMV unattended vehicle,01 - Clear,05 - Dusk,02 - Wet,10 - No control,,1,0,0,0,,0,,,,,373170.2053,5032652.339,45.43046208,-75.62621859,2341
15--12646,2015/10/29,6:45 PM,HIGHWAY 416 btwn HWY416 IC72 RAMP62 & HWY416 IC72 RAMP24 (__3ZAZEQ),__3ZAZEQ,01 - Non intersection,03 - P.D. only,07 - SMV other,01 - Clear,07 - Dark,01 - Dry,10 - No control,,1,0,0,0,,0,,,,,359468.5358,5019644.137,45.31461999,-75.80275305,2342
15--12647,2015/10/29,7:02 PM,KERWIN RD btwn MOWBRAY ST & FIFTH LINE RD (__3ZBNC2),__3ZBNC2,01 - Non intersection,03 - P.D. only,07 - SMV other,01 - Clear,07 - Dark,01 - Dry,10 - No control,,1,0,0,0,,0,,,,,347195.2844,5028882.54,45.39859784,-75.95848675,2343
15--12648,2015/10/29,7:19 PM,INDUSTRIAL AVE @ RIVERSIDE DR (0011905),11905,02 - Intersection related,03 - P.D. only,04 - Sideswipe,01 - Clear,07 - Dark,01 - Dry,01 - Traffic signal,01 - Functioning,3,0,0,0,,0,,,,,370683.9979,5030591.472,45.41215788,-75.65826477,2344
15--12649,2015/10/29,7:31 PM,KEYWORTH AVE @ SUNNYMEDE AVE (0006129),6129,03 - At intersection,03 - P.D. only,02 - Angle,01 - Clear,07 - Dark,01 - Dry,02 - Stop sign,01 - Functioning,2,0,0,0,,0,,,,,363865.4074,5029334.202,45.40145394,-75.7455218,2345
15--1265,2015/01/20,6:00 PM,GREENBANK RD btwn HIGHBURY PARK DR & WESSEX RD (__3ZA4JG),__3ZA4JG,01 - Non intersection,03 - P.D. only,01 - Approaching,01 - Clear,07 - Dark,01 - Dry,10 - No control,,2,0,0,0,,0,,,,,363681.2721,5015369.437,45.27581568,-75.74953547,2346
15--12650,2015/10/29,7:39 PM,CONROY RD @ JOHNSTON RD (0011908),11908,03 - At intersection,03 - P.D. only,05 - Turning movement,01 - Clear,07 - Dark,01 - Dry,01 - Traffic signal,01 - Functioning,2,0,0,0,,0,,,,,373396.8071,5026307.014,45.3733476,-75.62420552,2347
15--12651,2015/10/29,8:00 PM,CONROY RD @ HUNT CLUB RD (0002257),2257,02 - Intersection related,03 - P.D. only,03 - Rear end,01 - Clear,07 - Dark,01 - Dry,01 - Traffic signal,01 - Functioning,2,0,0,0,,0,,,,,373762.7761,5025405.969,45.36520445,-75.61965943,2348
15--12652,2015/10/29,8:10 AM,BASELINE RD @ GREENBANK RD (0002357),2357,02 - Intersection related,03 - P.D. only,03 - Rear end,01 - Clear,01 - Daylight,02 - Wet,01 - Traffic signal,01 - Functioning,2,0,0,0,,0,,,,,360596.7204,5022583.054,45.34097566,-75.78803398,2349
15--12653,2015/10/29,8:15 PM,MARCH RD btwn BURNT LANDS RD & UPPER DWYER HILL RD (__3ZA2RH),__3ZA2RH,01 - Non intersection,03 - P.D. only,07 - SMV other,01 - Clear,07 - Dark,01 - Dry,10 - No control,,1,0,0,0,,0,,,,,333991.3518,5014216.905,45.26730404,-76.12800063,2350
15--12654,2015/10/29,8:29 AM,WEST HUNT CLUB RD btwn MOODIE DR & RICHMOND RD (__3ZA4YH),__3ZA4YH,01 - Non intersection,02 - Non-fatal injury,03 - Rear end,01 - Clear,01 - Daylight,02 - Wet,10 - No control,,2,0,0,0,01 - Minimal,2,2,,,,357454.5586,5018300.217,45.30268115,-75.82858047,2351
15--12655,2015/10/29,8:33 AM,BRONSON AVE btwn BREWER WAY & RIVERSIDE DR RAMPS 34B & 42A-3 (__3ZA3BR),__3ZA3BR,01 - Non intersection,03 - P.D. only,03 - Rear end,02 - Rain,01 - Daylight,02 - Wet,10 - No control,,3,0,0,0,,0,,,,,368206.3444,5027587.337,45.38535647,-75.69030226,2352
15--12656,2015/10/29,8:45 PM,WEST HUNT CLUB RD EB btwn ANTARES DR/LASER ST & PRINCE OF WALES DR (__3ZA3KH),__3ZA3KH,01 - Non intersection,03 - P.D. only,07 - SMV other,01 - Clear,07 - Dark,01 - Dry,10 - No control,,1,0,0,0,,0,,,,,367125.7293,5022025.646,45.33541054,-75.70480169,2353
15--12657,2015/10/29,9:13 AM,ST. JOSEPH BLVD btwn ST. JEAN ST & BELCOURT BLVD (__3ZA2AP),__3ZA2AP,04 - At/near private drive,02 - Non-fatal injury,03 - Rear end,01 - Clear,01 - Daylight,01 - Dry,10 - No control,,2,0,0,0,02 - Minor,1,,1,,,381029.2889,5037243.795,45.47095993,-75.52508068,2354
15--12658,2015/10/29,9:39 AM,MARCH RD @ TERRY FOX DR (0003173),3173,02 - Intersection related,03 - P.D. only,03 - Rear end,02 - Rain,01 - Daylight,02 - Wet,01 - Traffic signal,01 - Functioning,2,0,0,0,,0,,,,,349865.3293,5023399.869,45.349097,-75.92488433,2355
15--12659,2015/10/29,9:45 PM,HIGHWAY 417 btwn HWY417 IC144 RAMP51 & HWY417 IC144 RAMP35 (__3ZA2Q5),__3ZA2Q5,01 - Non intersection,03 - P.D. only,07 - SMV other,01 - Clear,07 - Dark,01 - Dry,10 - No control,,1,0,0,0,,0,,,,,347289.8762,5015705.988,45.28002572,-75.95841014,2356
15--1266,2015/01/20,6:00 PM,HIGHWAY 417 btwn HWY417 IC122 RAMP61 & HWY417 IC121B RAMP16 (__3ZA2Y4),__3ZA2Y4,01 - Non intersection,03 - P.D. only,03 - Rear end,01 - Clear,07 - Dark,01 - Dry,10 - No control,,2,0,0,0,,0,,,,,365810.0706,5029205.935,45.40013305,-75.72069958,2357
15--12660,2015/10/29,9:53 AM,QUEEN ST btwn LYON ST N & KENT ST (__3ZA2FS),__3ZA2FS,01 - Non intersection,03 - P.D. only,04 - Sideswipe,01 - Clear,01 - Daylight,01 - Dry,10 - No control,,2,0,0,0,,0,,,,,367063.348,5031315.938,45.41900791,-75.70442612,2358
15--12661,2015/10/30,1:45 PM,MERIVALE RD btwn WITHROW AVE & ROSSLAND AVE (__3ZA4H5),__3ZA4H5,01 - Non intersection,03 - P.D. only,04 - Sideswipe,01 - Clear,01 - Daylight,01 - Dry,10 - No control,,2,0,0,0,,0,,,,,364653.0314,5024198.371,45.35517574,-75.73608444,2359
15--12662,2015/10/30,1:45 PM,ST. JOSEPH BLVD/OLD MONTREAL RD @ TRIM RD (0004118),4118,03 - At intersection,03 - P.D. only,04 - Sideswipe,01 - Clear,01 - Daylight,01 - Dry,11 - Roundabout,01 - Functioning,2,0,0,0,,0,,,,,384682.4691,5039288.652,45.48894928,-75.47803379,2360
15--12663,2015/10/30,10:27 PM,TERRY FOX DR btwn CAMPEAU DR & DIDSBURY RD (__3ZA1EJ),__3ZA1EJ,04 - At/near private drive,03 - P.D. only,02 - Angle,01 - Clear,07 - Dark,01 - Dry,10 - No control,,2,0,0,0,,0,,,,,350554.0813,5018969.223,45.3091844,-75.91650455,2361
15--12664,2015/10/30,11:10 AM,VANIER PKWY NB btwn PRESLAND RD & COVENTRY RD (__3ZA4TMB),__3ZA4TMB,01 - Non intersection,03 - P.D. only,07 - SMV other,01 - Clear,01 - Daylight,01 - Dry,10 - No control,,1,0,0,0,,0,,,,,370500.529,5031715.126,45.42228532,-75.66045871,2362
15--12665,2015/10/30,11:15 AM,210 W OF MERIVALE RD @ WEST HUNT CLUB RD (0004688),4688,03 - At intersection,03 - P.D. only,02 - Angle,01 - Clear,01 - Daylight,01 - Dry,01 - Traffic signal,01 - Functioning,2,0,0,0,,0,,,,,365431.0153,5021830.152,45.33379999,-75.72644606,2363
15--12666,2015/10/30,11:41 AM,PRESTON ST @ SOMERSET ST (0002215),2215,02 - Intersection related,02 - Non-fatal injury,05 - Turning movement,01 - Clear,01 - Daylight,01 - Dry,01 - Traffic signal,01 - Functioning,2,1,0,0,01 - Minimal,1,1,,,,366308.4193,5030126.487,45.40837234,-75.71421979,2364
15--12667,2015/10/30,11:58 PM,HWY 417 ST.LAURE IC115R51 @ ST. LAURENT BLVD (0002712),2712,03 - At intersection,03 - P.D. only,04 - Sideswipe,01 - Clear,07 - Dark,01 - Dry,01 - Traffic signal,01 - Functioning,2,0,0,0,,0,,,,,372530.7728,5031410.75,45.41935307,-75.63456041,2365
15--12668,2015/10/30,12:43 PM,RIVERSIDE DR RAMP 34 @ RIVERSIDE DR (0010857),10857,02 - Intersection related,03 - P.D. only,03 - Rear end,01 - Clear,01 - Daylight,01 - Dry,03 - Yield sign,01 - Functioning,2,0,0,0,,0,,,,,368339.7,5027183.497,45.38171074,-75.68865146,2366
15--12669,2015/10/30,12:50 PM,ST. JOSEPH BLVD @ JEANNE D'ARC BLVD (0012421),12421,03 - At intersection,03 - P.D. only,04 - Sideswipe,01 - Clear,01 - Daylight,01 - Dry,11 - Roundabout,01 - Functioning,2,0,0,0,,0,,,,,379859.7786,5036470.135,45.46412581,-75.54015393,2367
15--1267,2015/01/20,6:20 PM,HUNT CLUB RD @ BRIDLE PATH DR/DAZE ST (0008214),8214,02 - Intersection related,03 - P.D. only,04 - Sideswipe,01 - Clear,07 - Dark,02 - Wet,01 - Traffic signal,01 - Functioning,2,0,0,0,,0,,,,,371291.7289,5023864.022,45.35156928,-75.65140732,2368
15--12670,2015/10/30,2:03 PM,LAURIER AVE @ WALLER ST/TRANSITWAY (0002020),2020,02 - Intersection related,02 - Non-fatal injury,04 - Sideswipe,01 - Clear,01 - Daylight,01 - Dry,01 - Traffic signal,01 - Functioning,2,0,0,0,01 - Minimal,1,1,,,,368454.3156,5031859.258,45.42377135,-75.68658452,2369
15--12671,2015/10/30,2:09 PM,BANK ST @ CECIL AVE (0002601),2601,03 - At intersection,03 - P.D. only,02 - Angle,01 - Clear,01 - Daylight,01 - Dry,02 - Stop sign,01 - Functioning,2,0,0,0,,0,,,,,369945.6763,5026990.027,45.37982246,-75.66817217,2370
15--12672,2015/10/30,2:12 PM,HIGHWAY 417 btwn HWY417 IC123 RAMP62 & HWY417 IC122 RAMP16 (__3ZA2R9),__3ZA2R9,01 - Non intersection,03 - P.D. only,03 - Rear end,01 - Clear,01 - Daylight,01 - Dry,10 - No control,,2,0,0,0,,0,,,,,365133.8161,5028712.094,45.39574819,-75.7293972,2371
15--12673,2015/10/30,2:18 PM,LEITRIM RD @ RIVER RD (0004194),4194,03 - At intersection,02 - Non-fatal injury,02 - Angle,01 - Clear,01 - Daylight,01 - Dry,02 - Stop sign,01 - Functioning,2,0,0,0,01 - Minimal,1,1,,,,368019.7032,5017177.819,45.2917106,-75.69401541,2372
15--12674,2015/10/30,2:20 PM,PRINCE OF WALES DR @ WEST HUNT CLUB RD (0000567),567,02 - Intersection related,03 - P.D. only,03 - Rear end,01 - Clear,01 - Daylight,01 - Dry,01 - Traffic signal,01 - Functioning,2,0,0,0,,0,,,,,367457.2689,5021892.584,45.33418374,-75.70058892,2373
15--12675,2015/10/30,2:25 PM,BELFAST RD @ COVENTRY RD (0002646),2646,02 - Intersection related,03 - P.D. only,03 - Rear end,01 - Clear,01 - Daylight,01 - Dry,01 - Traffic signal,01 - Functioning,2,0,0,0,,0,,,,,371523.7211,5031641.565,45.42152661,-75.64739546,2374
15--12676,2015/10/30,2:27 AM,LIVERY ST btwn ASTURCON ST & TAPADERO AVE (__827GE9),__827GE9,01 - Non intersection,03 - P.D. only,07 - SMV other,01 - Clear,07 - Dark,01 - Dry,10 - No control,,1,0,0,0,,0,,,,,352758.356,5015333.69,45.2763239,-75.88874684,2375
15--12677,2015/10/30,2:40 PM,BASELINE RD btwn GREENBANK RD & MCWATTERS RD (__3ZA4MM),__3ZA4MM,04 - At/near private drive,03 - P.D. only,05 - Turning movement,01 - Clear,01 - Daylight,01 - Dry,10 - No control,,2,0,0,0,,0,,,,,360757.254,5022680.349,45.34183833,-75.78597473,2376
15--12678,2015/10/30,2:40 PM,BLAIR RD @ REGIONAL RD 174 S/OR174 IC112 RAMP15 (0012435),12435,03 - At intersection,03 - P.D. only,05 - Turning movement,01 - Clear,01 - Daylight,01 - Dry,01 - Traffic signal,01 - Functioning,2,0,0,0,,0,,,,,374907.89,5032661.18,45.43036959,-75.60401216,2377
15--12679,2015/10/30,3:34 PM,MOODIE DR btwn WEST HUNT CLUB RD & ALTI PL (__3ZBOCW),__3ZBOCW,04 - At/near private drive,02 - Non-fatal injury,04 - Sideswipe,01 - Clear,01 - Daylight,01 - Dry,10 - No control,,2,0,0,0,02 - Minor,1,,1,,,359068.7027,5015631.028,45.27854065,-75.80829136,2378
15--1268,2015/01/20,6:40 AM,HIGHWAY 417 btwn HWY417 IC124 RAMP57 & HWY417 IC124 RAMP55 (__3ZA2Y1),__3ZA2Y1,01 - Non intersection,03 - P.D. only,03 - Rear end,01 - Clear,07 - Dark,01 - Dry,10 - No control,,3,0,0,0,,0,,,,,364349.4373,5027404.594,45.38405069,-75.73957243,2379
15--12680,2015/10/30,3:45 PM,HAZELDEAN RD @ TERRY FOX DR (0003682),3682,02 - Intersection related,03 - P.D. only,05 - Turning movement,01 - Clear,01 - Daylight,01 - Dry,01 - Traffic signal,01 - Functioning,2,0,0,0,,0,,,,,352206.1696,5017242.811,45.29354014,-75.89560194,2380
15--12681,2015/10/30,3:48 PM,INNES RD btwn HWY417 IC112 RAMP57 & HWY417 IC112 RAMP65 (__3ZAZE9),__3ZAZE9,01 - Non intersection,03 - P.D. only,03 - Rear end,01 - Clear,01 - Daylight,01 - Dry,10 - No control,,3,0,0,0,,0,,,,,374310.6871,5030761.48,45.4133367,-75.6119116,2381
15--12682,2015/10/30,3:55 PM,REGIONAL ROAD 174 btwn OR174 IC112 RAMP51 & OR174 IC112 RAMP15 (__3ZA2XE),__3ZA2XE,01 - Non intersection,03 - P.D. only,03 - Rear end,01 - Clear,01 - Daylight,01 - Dry,10 - No control,,2,0,0,0,,0,,,,,374875.5225,5032878.351,45.43232682,-75.60439486,2382
15--12683,2015/10/30,3:56 PM,CRERAR AVE @ FISHER AVE (0006253),6253,03 - At intersection,02 - Non-fatal injury,07 - SMV other,01 - Clear,01 - Daylight,01 - Dry,02 - Stop sign,01 - Functioning,1,0,0,1,02 - Minor,1,,1,,,365453.6665,5027697.062,45.38658752,-75.72543711,2383
15--12684,2015/10/30,4:00 PM,EAGLESON RD btwn 146 N OF ABBEYHILL DR/HAZELDEAN MALL SC & ABBEYHILL D (__3ZA41OB),__3ZA41OB,01 - Non intersection,03 - P.D. only,03 - Rear end,01 - Clear,01 - Daylight,01 - Dry,10 - No control,,2,0,0,0,,0,,,,,353805.0987,5018091.573,45.3010678,-75.87513394,2384
15--12685,2015/10/30,4:13 PM,WINTHER AVE btwn BLOSSOM DR & NIAGARA DR (__3ZA83P),__3ZA83P,01 - Non intersection,03 - P.D. only,06 - SMV unattended vehicle,01 - Clear,01 - Daylight,01 - Dry,10 - No control,,1,0,0,0,,0,,,,,369953.2705,5028049.934,45.38935845,-75.66793531,2385
15--12686,2015/10/30,4:15 PM,HIGHWAY 417 btwn HWY417 IC117 RAMP51 & HWY417 IC117 RAMP35 (__3ZA2YN),__3ZA2YN,01 - Non intersection,03 - P.D. only,03 - Rear end,01 - Clear,01 - Daylight,01 - Dry,10 - No control,,2,0,0,0,,0,,,,,370686.5546,5031169.699,45.41736029,-75.65815481,2386
15--12687,2015/10/30,4:21 PM,BESSERER ST @ KING EDWARD AVE (0007758),7758,02 - Intersection related,03 - P.D. only,04 - Sideswipe,01 - Clear,01 - Daylight,01 - Dry,01 - Traffic signal,01 - Functioning,2,0,0,0,,0,,,,,368551.4259,5032339.501,45.42808356,-75.68528155,2387
15--12688,2015/10/30,4:52 PM,ANTARES DR btwn AURIGA DR & WEST HUNT CLUB RD (__3ZBOMQ),__3ZBOMQ,04 - At/near private drive,03 - P.D. only,05 - Turning movement,01 - Clear,01 - Daylight,01 - Dry,10 - No control,,2,0,0,0,,0,,,,,367090.3152,5022069.368,45.33580709,-75.70524799,2388
15--12689,2015/10/30,4:59 PM,CARLING AVE @ KIRKWOOD AVE S (0002209),2209,02 - Intersection related,02 - Non-fatal injury,03 - Rear end,01 - Clear,01 - Daylight,01 - Dry,01 - Traffic signal,01 - Functioning,3,0,0,0,01 - Minimal,1,1,,,,364350.9798,5027336.468,45.38343757,-75.73956095,2389
15--1269,2015/01/20,6:45 AM,HIGHWAY 417 btwn HWY417 IC126 RAMP25 & HWY417 IC124 RAMP57 (__3ZA2R5),__3ZA2R5,01 - Non intersection,03 - P.D. only,03 - Rear end,01 - Clear,07 - Dark,01 - Dry,10 - No control,,2,0,0,0,,0,,,,,363736.5424,5026591.79,45.37678904,-75.74749525,2390
15--12690,2015/10/30,5:16 PM,BOUNDARY RD @ MITCH OWENS RD (0001708),1708,02 - Intersection related,02 - Non-fatal injury,03 - Rear end,01 - Clear,01 - Daylight,01 - Dry,02 - Stop sign,00 - Unknown,2,0,0,0,02 - Minor,1,,1,,,388065.8321,5022163.551,45.33447896,-75.43764934,2391
15--1243,2015/01/20,2:53 PM,RICHMOND RD @ HOLLY ACRES RD/NANAIMO DR (0001068),1068,02 - Intersection related,03 - P.D. only,03 - Rear end,01 - Clear,01 - Daylight,06 - Ice,01 - Traffic signal,01 - Functioning,2,0,0,0,,0,,,,,359058.6716,5022748.014,45.34258062,-75.80763993,2392
15--11900,2015/10/11,10:01 AM,BILLINGS BRIDGESC RAMP SB @ RIVERSIDE DR EB (0010763),10763,03 - At intersection,03 - P.D. only,02 - Angle,01 - Clear,01 - Daylight,01 - Dry,02 - Stop sign,01 - Functioning,2,0,0,0,,0,,,,,369176.3172,5027786.655,45.38706139,-75.677891,2393
15--1252,2015/01/20,4:13 PM,MCKENNA CASEY DR @ STRANDHERD DR (0009659),9659,03 - At intersection,03 - P.D. only,03 - Rear end,01 - Clear,01 - Daylight,06 - Ice,02 - Stop sign,01 - Functioning,2,0,0,0,,0,,,,,361910.8343,5013611.826,45.2601466,-75.77230064,2394
15--11901,2015/10/11,11:30 AM,HIGHWAY 417 btwn HWY417 IC138 RAMP51 & HWY417 IC138 RAMP35 (__3ZA29E),__3ZA29E,01 - Non intersection,03 - P.D. only,04 - Sideswipe,01 - Clear,01 - Daylight,01 - Dry,10 - No control,,2,0,0,0,,0,,,,,352792.4158,5020114.871,45.3193438,-75.88785,2395
15--11980,2015/10/13,7:23 AM,RICHMOND RD btwn STINSON AVE & STAFFORD RD (__3ZBOCU),__3ZBOCU,01 - Non intersection,03 - P.D. only,03 - Rear end,02 - Rain,01 - Daylight,02 - Wet,10 - No control,,2,0,0,0,,0,,,,,358012.9796,5021012.602,45.32704537,-75.82116898,2396
15--12430,2015/10/24,10:18 PM,HUNT CLUB RD @ UPLANDS DR (0010844),10844,03 - At intersection,03 - P.D. only,05 - Turning movement,02 - Rain,07 - Dark,02 - Wet,01 - Traffic signal,01 - Functioning,2,0,0,0,,0,,,,,370158.1686,5023121.132,45.34499153,-75.66597087,2397
15--12520,2015/10/26,8:49 AM,OTTAWA RIVER PKWY OFFR-EB @ PARKDALE AVE (0011241),11241,02 - Intersection related,03 - P.D. only,03 - Rear end,01 - Clear,01 - Daylight,01 - Dry,03 - Yield sign,01 - Functioning,2,0,0,0,,0,,,,,364683.0144,5030332.095,45.41036331,-75.73495775,2398
15--12343,2015/10/21,8:56 PM,BESSERER ST @ NICHOLAS ST (0007614),7614,03 - At intersection,03 - P.D. only,04 - Sideswipe,01 - Clear,07 - Dark,01 - Dry,01 - Traffic signal,01 - Functioning,2,0,0,0,,0,,,,,368186.2159,5032111.833,45.42606827,-75.68997763,2399