Anom_ID,Accident_Date,Accident_Time,Location,Geo_ID,Accident_Location,Classification_of_Accident,Initial_Impact_Type,Environment_Condition,Light,Road_Surface_Condition,Traffic_Control,Traffic_Control_Condition,No__of_Vehicles,No__of_Bicycles,No__of_Motorcycles,No__of_Pedestrians,Max_Injury,No__of_Injuries,No__of_Minimal,No__of_Minor,No__of_Major,No__of_Fatal,X,Y,Latitude,Longitude,ObjectId
15--12162,2015/10/17,2:11 PM,MEADOWLANDS DR @ MERIVALE RD (0000625),625,02 - Intersection related,02 - Non-fatal injury,07 - SMV other,01 - Clear,01 - Daylight,01 - Dry,01 - Traffic signal,01 - Functioning,1,0,0,1,01 - Minimal,1,1,,,,364859.4206,5023724.429,45.35089362,-75.73350806,2400
15--12344,2015/10/21,9:33 PM,DONNELLY DR btwn HARNETT RD & MALAKOFF RD (__3ZA4KC),__3ZA4KC,01 - Non intersection,03 - P.D. only,07 - SMV other,01 - Clear,07 - Dark,01 - Dry,10 - No control,,1,0,0,0,,0,,,,,365495.9019,4987540.266,45.02524976,-75.72978964,2401
15--1207,2015/01/19,6:00 PM,BAY ST @ WELLINGTON ST (0010737),10737,02 - Intersection related,02 - Non-fatal injury,03 - Rear end,01 - Clear,07 - Dark,03 - Loose snow,01 - Traffic signal,01 - Functioning,2,0,0,0,01 - Minimal,1,1,,,,366814.698,5031351.085,45.41934624,-75.70759853,2402
15--12431,2015/10/24,10:29 AM,GREENBANK RD @ WEST HUNT CLUB RD (0005167),5167,02 - Intersection related,03 - P.D. only,03 - Rear end,01 - Clear,01 - Daylight,01 - Dry,01 - Traffic signal,01 - Functioning,2,0,0,0,,0,,,,,361479.677,5020503.747,45.32219531,-75.77700645,2403
15--12163,2015/10/17,2:12 AM,AVIATION PKWY @ OGILVIE RD (0004114),4114,02 - Intersection related,03 - P.D. only,05 - Turning movement,02 - Rain,07 - Dark,02 - Wet,01 - Traffic signal,01 - Functioning,2,0,0,0,,0,,,,,373111.4349,5032376.225,45.42798348,-75.6270079,2404
15--11902,2015/10/11,11:30 PM,BESSERER ST @ CUMBERLAND ST (0011559),11559,02 - Intersection related,03 - P.D. only,04 - Sideswipe,01 - Clear,07 - Dark,01 - Dry,01 - Traffic signal,01 - Functioning,2,0,0,0,,0,,,,,368415.9823,5032256.934,45.42735298,-75.68702296,2405
15--11981,2015/10/13,7:25 AM,REGIONAL ROAD 174 btwn OR174 IC112 RAMP26 & OR174 IC112 RAMP61 (__3ZA2XF),__3ZA2XF,01 - Non intersection,02 - Non-fatal injury,03 - Rear end,02 - Rain,01 - Daylight,02 - Wet,10 - No control,,3,0,1,0,01 - Minimal,1,1,,,,375012.4595,5033008.081,45.43348032,-75.60262645,2406
15--12345,2015/10/21,9:50 AM,BRONSON AVE @ MACLAREN ST (0006338),6338,03 - At intersection,03 - P.D. only,02 - Angle,01 - Clear,01 - Daylight,01 - Dry,02 - Stop sign,01 - Functioning,2,0,0,0,,0,,,,,367000.6561,5030400.268,45.41077456,-75.70534266,2407
15--12070,2015/10/15,6:10 PM,BOTTRIELL WAY N @ CHARLEMAGNE BLVD (0004324),4324,03 - At intersection,03 - P.D. only,02 - Angle,02 - Rain,07 - Dark,02 - Wet,01 - Traffic signal,01 - Functioning,2,0,0,0,,0,,,,,383696.471,5037955.296,45.47706515,-75.49086027,2408
15--12521,2015/10/26,9:15 AM,BLAIR RD @ REGIONAL RD 174 N/OR174 IC112 RAMP61 (0003617),3617,02 - Intersection related,02 - Non-fatal injury,03 - Rear end,01 - Clear,01 - Daylight,01 - Dry,01 - Traffic signal,01 - Functioning,2,0,0,0,01 - Minimal,1,1,,,,374635.2383,5032991.828,45.43337186,-75.60744936,2409
15--12432,2015/10/24,10:44 PM,BRONSON AVE @ SUNNYSIDE AVE/UNIVERSITY RD - CA (0007209),7209,02 - Intersection related,03 - P.D. only,03 - Rear end,02 - Rain,07 - Dark,02 - Wet,01 - Traffic signal,01 - Functioning,2,0,0,0,,0,,,,,367921.9881,5028091.547,45.38991889,-75.69386863,2410
15--12164,2015/10/17,2:20 PM,JOCKVALE RD @ STRANDHERD DR (0010541),10541,02 - Intersection related,03 - P.D. only,03 - Rear end,01 - Clear,01 - Daylight,01 - Dry,01 - Traffic signal,01 - Functioning,2,0,0,0,,0,,,,,363560.4805,5014577.477,45.26869971,-75.75116859,2411
15--11903,2015/10/11,11:48 AM,BRIAN GOOD AVE @ EARL ARMSTRONG RD (0014984),14984,02 - Intersection related,02 - Non-fatal injury,02 - Angle,01 - Clear,01 - Daylight,01 - Dry,02 - Stop sign,01 - Functioning,2,0,0,0,01 - Minimal,2,2,,,,368110.0352,5014834.153,45.27061443,-75.69316285,2412
15--11982,2015/10/13,7:30 AM,HIGHWAY 417 btwn HWY417 IC134 RAMP35 & HWY417 IC134 RAMP25 (__3ZA29D),__3ZA29D,01 - Non intersection,02 - Non-fatal injury,03 - Rear end,02 - Rain,01 - Daylight,02 - Wet,10 - No control,,2,0,0,0,01 - Minimal,1,1,,,,356493.5572,5022282.309,45.33858388,-75.84041813,2413
15--12346,2015/10/22,1:06 PM,BREEZEHILL AVE   S btwn BEECH ST & HICKORY ST (__3ZA02P),__3ZA02P,01 - Non intersection,03 - P.D. only,06 - SMV unattended vehicle,01 - Clear,01 - Daylight,01 - Dry,10 - No control,,1,0,0,0,,0,,,,,366332.6207,5028985.898,45.39810749,-75.71405297,2414
15--12071,2015/10/15,6:15 AM,NORTH SERVICE RD btwn ROSSIGNOL CRES & TRIM RD (__3ZA18P),__3ZA18P,01 - Non intersection,03 - P.D. only,03 - Rear end,01 - Clear,03 - Dawn,01 - Dry,10 - No control,,2,0,0,0,,0,,,,,384094.0634,5040133.898,45.49662109,-75.48542374,2415
15--12522,2015/10/26,9:19 AM,MONTREAL RD btwn ST. LAURENT BLVD & HILLSIDE DR (__3ZA1MC),__3ZA1MC,01 - Non intersection,03 - P.D. only,04 - Sideswipe,01 - Clear,01 - Daylight,01 - Dry,10 - No control,,2,0,0,0,,0,,,,,371679.757,5033883.541,45.44168398,-75.64509732,2416
15--11983,2015/10/13,7:31 AM,NASKAPI DR @ OGILVIE RD (0009538),9538,03 - At intersection,02 - Non-fatal injury,02 - Angle,01 - Clear,01 - Daylight,01 - Dry,02 - Stop sign,01 - Functioning,2,1,0,0,03 - Major,1,,,1,,375600.0043,5034689.229,45.44854705,-75.59487623,2417
15--11984,2015/10/13,7:59 AM,BASELINE RD @ CENTREPOINTE DR E/HIGHGATE RD (0011468),11468,02 - Intersection related,03 - P.D. only,03 - Rear end,02 - Rain,01 - Daylight,02 - Wet,01 - Traffic signal,01 - Functioning,5,0,0,0,,0,,,,,362060.9659,5023465.866,45.34880117,-75.76924952,2418
15--11985,2015/10/13,8:00 AM,HIGHWAY 417 btwn HWY417 IC118 RAMP76 & HWY417 IC118 RAMP67 (__3ZA2YR),__3ZA2YR,01 - Non intersection,03 - P.D. only,03 - Rear end,02 - Rain,01 - Daylight,02 - Wet,10 - No control,,4,0,0,0,,0,,,,,369493.4102,5031080.022,45.41666475,-75.67341001,2419
15--11986,2015/10/13,8:01 AM,FISHER AVE @ TUNIS AVE (0006208),6208,02 - Intersection related,03 - P.D. only,03 - Rear end,02 - Rain,01 - Daylight,02 - Wet,01 - Traffic signal,00 - Unknown,2,0,0,0,,0,,,,,365496.6991,5027594.732,45.38566304,-75.72490021,2420
15--11987,2015/10/13,8:04 PM,HINES RD @ SOLANDT RD (0011896),11896,03 - At intersection,03 - P.D. only,02 - Angle,02 - Rain,07 - Dark,02 - Wet,10 - No control,,2,0,0,0,,0,,,,,350332.1398,5022566.167,45.34156502,-75.91900403,2421
15--11988,2015/10/13,8:30 PM,LYNDA LANE btwn BILLINGS AVE & SMYTH RD (__3ZA9JG),__3ZA9JG,01 - Non intersection,03 - P.D. only,06 - SMV unattended vehicle,01 - Clear,07 - Dark,02 - Wet,10 - No control,,1,0,0,0,,0,,,,,371525.5483,5028916.091,45.39700376,-75.64774101,2422
15--11989,2015/10/13,8:41 AM,PINECREST RD @ RICHMOND RD (0002353),2353,02 - Intersection related,03 - P.D. only,03 - Rear end,02 - Rain,01 - Daylight,02 - Wet,01 - Traffic signal,00 - Unknown,2,0,0,0,,0,,,,,360071.9498,5024470.431,45.3579998,-75.79451859,2423
15--1199,2015/01/19,5:06 PM,CENTRAL PARK DR N @ MERIVALE RD (0011433),11433,02 - Intersection related,03 - P.D. only,04 - Sideswipe,03 - Snow,05 - Dusk,03 - Loose snow,01 - Traffic signal,01 - Functioning,2,0,0,0,,0,,,,,364952.9039,5025872.827,45.37021657,-75.73205363,2424
15--11990,2015/10/13,8:45 AM,LYON ST @ WELLINGTON ST (0002388),2388,03 - At intersection,03 - P.D. only,05 - Turning movement,02 - Rain,01 - Daylight,02 - Wet,01 - Traffic signal,01 - Functioning,2,0,1,0,,0,,,,,366935.9917,5031426.526,45.42001427,-75.70603932,2425
15--11991,2015/10/13,9:20 AM,FISHER AVE btwn MCCOOEY LANE & BASELINE RD (__3ZA4JS),__3ZA4JS,01 - Non intersection,03 - P.D. only,03 - Rear end,02 - Rain,01 - Daylight,02 - Wet,10 - No control,,2,0,0,0,,0,,,,,366120.5675,5026144.208,45.3725572,-75.71711427,2426
15--11992,2015/10/13,9:30 AM,CARLING AVE EB btwn MERIVALE RD EXTENSION & VISCOUNT AVE (__3ZA26Q),__3ZA26Q,01 - Non intersection,03 - P.D. only,04 - Sideswipe,01 - Clear,01 - Daylight,01 - Dry,10 - No control,,2,0,0,0,,0,,,,,365029.1768,5027785.784,45.38742245,-75.73084663,2427
15--11993,2015/10/13,9:49 AM,BLAIR RD @ REGIONAL RD 174 N/OR174 IC112 RAMP61 (0003617),3617,02 - Intersection related,02 - Non-fatal injury,99 - Other,02 - Rain,01 - Daylight,02 - Wet,01 - Traffic signal,01 - Functioning,2,0,0,0,01 - Minimal,1,1,,,,374633.2899,5032990.494,45.43336005,-75.60747445,2428
15--11994,2015/10/13,9:50 AM,BANTREE ST @ INNES RD (0007684),7684,02 - Intersection related,02 - Non-fatal injury,03 - Rear end,02 - Rain,01 - Daylight,02 - Wet,01 - Traffic signal,01 - Functioning,2,0,0,0,01 - Minimal,1,1,,,,373706.4452,5030406.555,45.41020301,-75.61968026,2429
15--11995,2015/10/14,1:30 PM,HIGHWAY 417 btwn HWY417 IC127 RAMP63 & HWY417 IC127 RAMP67 (__3ZA2RF),__3ZA2RF,01 - Non intersection,03 - P.D. only,04 - Sideswipe,01 - Clear,01 - Daylight,01 - Dry,10 - No control,,2,0,0,0,,0,,,,,362152.723,5024873.092,45.36145579,-75.76791538,2430
15--11996,2015/10/14,10:00 PM,HIGHWAY 417 btwn HWY417 IC119A RAMP67 & HWY417 IC118 RAMP76 (__3ZA2YS),__3ZA2YS,01 - Non intersection,03 - P.D. only,03 - Rear end,01 - Clear,07 - Dark,01 - Dry,10 - No control,,2,0,0,0,,0,,,,,369042.8687,5030776.051,45.41397124,-75.67920562,2431
15--11997,2015/10/14,10:04 AM,BANK ST btwn SUNNYSIDE AVE & HOPEWELL AVE (__3ZA3N4),__3ZA3N4,01 - Non intersection,03 - P.D. only,05 - Turning movement,01 - Clear,01 - Daylight,01 - Dry,10 - No control,,2,0,0,0,,0,,,,,368744.7988,5028558.126,45.39404238,-75.68330111,2432
15--11998,2015/10/14,10:32 PM,DWYER HILL RD btwn BLEEKS RD & COPELAND RD (__3ZA3FD),__3ZA3FD,01 - Non intersection,03 - P.D. only,01 - Approaching,01 - Clear,07 - Dark,01 - Dry,10 - No control,,2,0,0,0,,0,,,,,346607.8062,5000790.695,45.14585134,-75.96835564,2433
15--11999,2015/10/14,10:38 AM,CARLING AVE @ HOLLAND AVE (0002146),2146,02 - Intersection related,02 - Non-fatal injury,03 - Rear end,01 - Clear,01 - Daylight,01 - Dry,01 - Traffic signal,01 - Functioning,2,0,0,0,01 - Minimal,1,1,,,,365416.4592,5028039.217,45.38966938,-75.72587019,2434
15--120,2015/01/04,1:21 PM,BASELINE RD btwn ST. HELEN'S PL & CLYDE AVE (__3ZA4IN),__3ZA4IN,01 - Non intersection,02 - Non-fatal injury,06 - SMV unattended vehicle,02 - Rain,01 - Daylight,06 - Ice,10 - No control,,1,0,0,0,02 - Minor,1,,1,,,364232.4382,5024814.85,45.36075851,-75.74137795,2435
15--1200,2015/01/19,5:15 PM,REGINA ST btwn DON ST & CROYDON AVE (__3ZABYR),__3ZABYR,04 - At/near private drive,03 - P.D. only,03 - Rear end,01 - Clear,05 - Dusk,03 - Loose snow,10 - No control,,2,0,0,0,,0,,,,,360321.4057,5025334.496,45.36575492,-75.79123775,2436
15--12000,2015/10/14,11:19 AM,MEADOWBREEZE DR btwn FLOWING CREEK CIR & HAWKBIRCH ST (e___1GCG),e___1GCG,01 - Non intersection,03 - P.D. only,99 - Other,01 - Clear,01 - Daylight,01 - Dry,10 - No control,,2,0,0,0,,0,,,,,356387.657,5015347.008,45.27618682,-75.84249116,2437
15--12001,2015/10/14,12:18 PM,MURRAY ST btwn SUSSEX DR & PARENT AVE (__3ZA3VF),__3ZA3VF,01 - Non intersection,03 - P.D. only,04 - Sideswipe,01 - Clear,01 - Daylight,01 - Dry,10 - No control,,2,0,0,0,,0,,,,,367721.2228,5032401.344,45.42871518,-75.69588227,2438
15--12002,2015/10/14,12:24 PM,GREENBANK RD @ LISA AVE (0002753),2753,02 - Intersection related,03 - P.D. only,03 - Rear end,01 - Clear,01 - Daylight,01 - Dry,01 - Traffic signal,01 - Functioning,3,0,0,0,,0,,,,,360555.0355,5022894.123,45.34377797,-75.78853078,2439
15--12003,2015/10/14,12:46 PM,ISLAND PARK DR @ RICHMOND RD (0002125),2125,02 - Intersection related,03 - P.D. only,04 - Sideswipe,01 - Clear,01 - Daylight,01 - Dry,01 - Traffic signal,01 - Functioning,2,0,0,0,,0,,,,,364131.4074,5028866.476,45.39722294,-75.74218058,2440
15--12004,2015/10/14,12:49 PM,ST. JOSEPH BLVD @ FOREST VALLEY DR/YOUVILLE DR (0004440),4440,03 - At intersection,03 - P.D. only,05 - Turning movement,01 - Clear,01 - Daylight,01 - Dry,01 - Traffic signal,01 - Functioning,2,0,0,0,,0,,,,,379164.7411,5036156.23,45.46137586,-75.54908814,2441
15--12005,2015/10/14,2:37 PM,RIVERSIDE DR @ BROOKFIELD RD/HOG'S BACK RD (0001627),1627,02 - Intersection related,03 - P.D. only,03 - Rear end,01 - Clear,01 - Daylight,01 - Dry,01 - Traffic signal,01 - Functioning,2,0,0,0,,0,,,,,368168.4317,5026222.161,45.37307642,-75.69096156,2442
15--12006,2015/10/14,3:20 PM,ST. LAURENT BLVD @ TREMBLAY RD (0002573),2573,03 - At intersection,03 - P.D. only,05 - Turning movement,01 - Clear,01 - Daylight,01 - Dry,01 - Traffic signal,01 - Functioning,2,0,0,0,,0,,,,,372596.4346,5031241.216,45.41782132,-75.63374483,2443
15--12007,2015/10/14,3:50 PM,HIGHWAY 417 btwn HWY417 IC115 RAMP35 & HIGHWAY 417 (__3ZA2US),__3ZA2US,01 - Non intersection,03 - P.D. only,03 - Rear end,01 - Clear,01 - Daylight,01 - Dry,10 - No control,,2,0,0,0,,0,,,,,372521.9783,5031509.141,45.42023919,-75.63465925,2444
15--12008,2015/10/14,3:58 PM,RIOCAN AVE btwn STRANDHERD DR & MARKETPLACE AVE (__4LZBMJ),__4LZBMJ,01 - Non intersection,02 - Non-fatal injury,02 - Angle,01 - Clear,01 - Daylight,01 - Dry,10 - No control,,2,0,0,0,01 - Minimal,1,1,,,,364195.916,5014915.89,45.27169138,-75.74303096,2445
15--12009,2015/10/14,4:06 PM,MERIVALE RD @ SLACK RD (0000110),110,02 - Intersection related,03 - P.D. only,03 - Rear end,01 - Clear,01 - Daylight,01 - Dry,01 - Traffic signal,01 - Functioning,2,0,0,0,,0,,,,,366019.7003,5020955.133,45.32587558,-75.7190443,2446
15--1201,2015/01/19,5:25 PM,DONALD B. MUNRO DR btwn MARCH RD & ROBERTLEE DR (__3ZAC38),__3ZAC38,01 - Non intersection,03 - P.D. only,07 - SMV other,01 - Clear,05 - Dusk,02 - Wet,10 - No control,,1,0,0,0,,0,,,,,342897.6019,5022638.923,45.34266286,-76.01386032,2447
15--12010,2015/10/14,4:10 PM,HIGHWAY 417 btwn HWY417 IC118 RAMP35 & HWY417 IC117 RAMP51 (__3ZA2YP),__3ZA2YP,01 - Non intersection,03 - P.D. only,03 - Rear end,01 - Clear,01 - Daylight,01 - Dry,10 - No control,,2,0,0,0,,0,,,,,369819.042,5031134.895,45.41712829,-75.6692426,2448
15--12011,2015/10/14,4:25 PM,ST. JOSEPH BLVD @ 193 E OF PLACE D'ORLEAN-W/PL (0009226),9226,03 - At intersection,03 - P.D. only,05 - Turning movement,01 - Clear,01 - Daylight,01 - Dry,01 - Traffic signal,01 - Functioning,2,0,0,0,,0,,,,,381759.7408,5037804.851,45.47592772,-75.51565221,2449
15--12012,2015/10/14,4:27 PM,HIGHWAY 417 btwn HWY417 IC122 RAMP61 & HWY417 IC121B RAMP16 (__3ZA2Y4),__3ZA2Y4,01 - Non intersection,03 - P.D. only,04 - Sideswipe,01 - Clear,01 - Daylight,01 - Dry,10 - No control,,2,0,0,0,,0,,,,,366451.4996,5029493.93,45.40266817,-75.71247118,2450
15--12013,2015/10/14,5:01 PM,BANK ST @ CHAMBERLAIN AVE N/ISABELLA ST (0002132),2132,03 - At intersection,03 - P.D. only,05 - Turning movement,01 - Clear,01 - Daylight,01 - Dry,01 - Traffic signal,01 - Functioning,3,0,0,0,,0,,,,,368081.9914,5030166.652,45.40857562,-75.6915592,2451
15--12014,2015/10/14,5:02 PM,MITCH OWENS RD/BRIDGE ST @ RIVER RD (0003573),3573,02 - Intersection related,03 - P.D. only,03 - Rear end,01 - Clear,01 - Daylight,01 - Dry,01 - Traffic signal,01 - Functioning,2,0,0,0,,0,,,,,369499.7073,5010770.76,45.23392597,-75.6759833,2452
15--12015,2015/10/14,5:09 PM,BOOTH ST @ SIR JOHN A. MACDONALD PKWY/WELLINGTON ST (0012252),12252,02 - Intersection related,02 - Non-fatal injury,03 - Rear end,01 - Clear,01 - Daylight,01 - Dry,01 - Traffic signal,00 - Unknown,3,0,0,0,02 - Minor,2,1,1,,,366265.7889,5031010.101,45.4163266,-75.71465416,2453
15--12016,2015/10/14,5:23 PM,MERIVALE RD btwn CENTRAL PARK DR S & MERIVALE RD (__3ZAZKW),__3ZAZKW,01 - Non intersection,03 - P.D. only,03 - Rear end,01 - Clear,01 - Daylight,01 - Dry,10 - No control,,2,0,0,0,,0,,,,,365015.7775,5025432.542,45.36624956,-75.73130469,2454
15--12017,2015/10/14,5:40 AM,ROGER STEVENS DR btwn DWYER HILL RD & MALAKOFF RD (__3ZA4ZQ),__3ZA4ZQ,01 - Non intersection,03 - P.D. only,07 - SMV other,01 - Clear,07 - Dark,01 - Dry,10 - No control,,1,0,0,0,,0,,,,,361491.8809,4995477.99,45.09700807,-75.7796988,2455
15--12018,2015/10/14,5:48 PM,HIGHWAY 417 btwn HWY417 IC134 RAMP26 & HWY417 IC134 RAMP61 (__3ZAZEU),__3ZAZEU,01 - Non intersection,03 - P.D. only,03 - Rear end,01 - Clear,01 - Daylight,01 - Dry,10 - No control,,2,0,0,0,,0,,,,,356573.7016,5022383.393,45.33948753,-75.83938502,2456
15--12019,2015/10/14,5:54 PM,HIGHWAY 417 btwn HWY417 IC121A RAMP51 & HWY417 IC120A RAMP52 (__3ZA2R6),__3ZA2R6,01 - Non intersection,03 - P.D. only,03 - Rear end,01 - Clear,01 - Daylight,01 - Dry,10 - No control,,2,0,0,0,,0,,,,,367261.9976,5029732.219,45.40474038,-75.7020888,2457
15--1202,2015/01/19,5:25 PM,HIGHWAY 417 btwn HWY417 IC127 RAMP63 & HWY417 IC127 RAMP67 (__3ZA2RF),__3ZA2RF,01 - Non intersection,03 - P.D. only,03 - Rear end,01 - Clear,05 - Dusk,01 - Dry,10 - No control,,2,0,0,0,,0,,,,,362131.7844,5024859.373,45.36133406,-75.76818422,2458
15--12020,2015/10/14,6:00 PM,QUEEN ST btwn BANK ST & O'CONNOR ST (__3ZA2FQ),__3ZA2FQ,01 - Non intersection,03 - P.D. only,06 - SMV unattended vehicle,01 - Clear,01 - Daylight,01 - Dry,10 - No control,,1,0,0,0,,0,,,,,367430.5625,5031544.584,45.42103242,-75.69970541,2459
15--12021,2015/10/14,6:06 PM,BANK ST btwn ALTA VISTA DR & ERIE AVE (__3ZA36X),__3ZA36X,01 - Non intersection,03 - P.D. only,03 - Rear end,01 - Clear,01 - Daylight,02 - Wet,10 - No control,,2,0,0,0,,0,,,,,370186.6973,5026348.032,45.37402355,-75.66517997,2460
15--12022,2015/10/14,6:08 PM,HERON RD @ 155 W OF BANK ST/CANADIAN TIRE SC (0008219),8219,03 - At intersection,02 - Non-fatal injury,02 - Angle,01 - Clear,01 - Daylight,01 - Dry,01 - Traffic signal,01 - Functioning,2,0,0,0,02 - Minor,1,,1,,,369847.8238,5026830.415,45.37839542,-75.66944252,2461
15--12023,2015/10/14,6:13 PM,CARLING AVE @ KIRKWOOD AVE S (0002209),2209,02 - Intersection related,03 - P.D. only,03 - Rear end,01 - Clear,01 - Daylight,01 - Dry,01 - Traffic signal,01 - Functioning,2,0,0,0,,0,,,,,364350.9798,5027337.189,45.38344406,-75.73956086,2462
15--12024,2015/10/14,6:46 AM,MONTREAL RD @ ST. LAURENT BLVD (0002604),2604,02 - Intersection related,02 - Non-fatal injury,03 - Rear end,01 - Clear,03 - Dawn,01 - Dry,01 - Traffic signal,01 - Functioning,3,0,0,0,02 - Minor,1,,1,,,371545.7029,5033817.234,45.44110019,-75.64681969,2463
15--12025,2015/10/14,6:46 PM,TENTH LINE RD @ CHARLEMAGNE BLVD N/TOMPKINS AV (0009222),9222,02 - Intersection related,03 - P.D. only,03 - Rear end,01 - Clear,05 - Dusk,01 - Dry,01 - Traffic signal,01 - Functioning,2,0,0,0,,0,,,,,383183.9299,5037978.242,45.47732932,-75.49741134,2464
15--12026,2015/10/14,6:55 PM,JOCKVALE RD @ EXETER DR/TARTAN DR (0010065),10065,03 - At intersection,02 - Non-fatal injury,02 - Angle,01 - Clear,05 - Dusk,01 - Dry,11 - Roundabout,01 - Functioning,2,1,0,0,02 - Minor,1,,1,,,363322.9575,5014773.416,45.27048258,-75.75417219,2465
15--12027,2015/10/14,7:02 AM,SHEA RD btwn MOORE ST & PERTH ST (__3ZACHW),__3ZACHW,04 - At/near private drive,03 - P.D. only,02 - Angle,01 - Clear,01 - Daylight,01 - Dry,10 - No control,,2,0,0,0,,0,,,,,357448.7274,5007057.414,45.20151649,-75.82984568,2466
15--12028,2015/10/14,7:16 PM,FLEWELLYN RD btwn NO NAME & BLACK'S SIDE RD (__3ZACRE),__3ZACRE,01 - Non intersection,03 - P.D. only,07 - SMV other,01 - Clear,07 - Dark,01 - Dry,10 - No control,,1,0,0,0,,0,,,,,349908.7766,5009423.701,45.22333218,-75.92560055,2467
15--12029,2015/10/14,7:48 AM,FALLOWFIELD RD btwn STEEPLE HILL CRES & MOODIE DR (__3ZA4Y5),__3ZA4Y5,01 - Non intersection,03 - P.D. only,03 - Rear end,01 - Clear,01 - Daylight,01 - Dry,10 - No control,,3,0,0,0,,0,,,,,358898.3412,5014304.834,45.2666205,-75.81060713,2468
15--1203,2015/01/19,5:41 PM,KING EDWARD AVE @ LAURIER AVE (0002170),2170,02 - Intersection related,02 - Non-fatal injury,03 - Rear end,01 - Clear,07 - Dark,04 - Slush,01 - Traffic signal,01 - Functioning,3,0,0,0,02 - Minor,1,,1,,,368741.6349,5032034.101,45.42531832,-75.68289065,2469
15--12030,2015/10/14,8:00 PM,ST. LAURENT BLVD btwn BELFAST RD & INDUSTRIAL AVE (__3ZA3R8),__3ZA3R8,01 - Non intersection,03 - P.D. only,03 - Rear end,01 - Clear,07 - Dark,01 - Dry,10 - No control,,2,0,0,0,,0,,,,,372870.0935,5030555.139,45.41162175,-75.63034338,2470
15--12031,2015/10/14,8:04 AM,HIGHWAY 417 btwn HWY417 IC134 RAMP35 & HWY417 IC134 RAMP25 (__3ZA29D),__3ZA29D,01 - Non intersection,03 - P.D. only,03 - Rear end,01 - Clear,01 - Daylight,01 - Dry,10 - No control,,2,0,0,0,,0,,,,,356474.0626,5022272.923,45.33850086,-75.84066783,2471
15--12032,2015/10/14,8:15 AM,HWY 417 MOODIE IC134R52 @ MOODIE DR (0000553),553,02 - Intersection related,03 - P.D. only,03 - Rear end,01 - Clear,01 - Daylight,01 - Dry,01 - Traffic signal,01 - Functioning,2,0,0,0,,0,,,,,356458.1161,5022043.104,45.3364341,-75.84089528,2472
15--12033,2015/10/14,8:50 AM,CALAVERAS AVE @ LONGFIELDS DR (0010987),10987,03 - At intersection,03 - P.D. only,02 - Angle,01 - Clear,01 - Daylight,01 - Dry,02 - Stop sign,01 - Functioning,2,0,0,0,,0,,,,,364359.1861,5015493.412,45.27687411,-75.74088108,2473
15--12034,2015/10/14,8:53 AM,MONTREAL RD @ PARK ST (0009794),9794,03 - At intersection,03 - P.D. only,05 - Turning movement,01 - Clear,01 - Daylight,01 - Dry,02 - Stop sign,01 - Functioning,2,0,0,0,,0,,,,,370513.7144,5033314.947,45.43667859,-75.66007676,2474
15--12035,2015/10/14,9:05 AM,HIGHWAY 417 btwn HWY417 IC120A RAMP52 & HWY417 IC119B RAMP57 (__3ZA2R1),__3ZA2R1,01 - Non intersection,03 - P.D. only,03 - Rear end,01 - Clear,01 - Daylight,01 - Dry,10 - No control,,3,0,0,0,,0,,,,,368059.2,5030177.319,45.40867366,-75.69184896,2475
15--12036,2015/10/14,9:20 AM,BRONSON AVE @ SUNNYSIDE AVE/UNIVERSITY RD - CA (0007209),7209,02 - Intersection related,03 - P.D. only,03 - Rear end,01 - Clear,01 - Daylight,01 - Dry,01 - Traffic signal,01 - Functioning,2,0,0,0,,0,,,,,367922.7101,5028091.187,45.38991558,-75.69385946,2476
15--12037,2015/10/14,9:25 AM,HIGHWAY 417 btwn HWY417 IC127 RAMP35 & HWY417 IC127 RAMP25 (__3ZA2RE),__3ZA2RE,01 - Non intersection,02 - Non-fatal injury,03 - Rear end,01 - Clear,01 - Daylight,01 - Dry,10 - No control,,2,0,0,0,01 - Minimal,1,1,,,,362167.8855,5024864.427,45.36137658,-75.76772286,2477
15--12038,2015/10/14,9:46 AM,LESTER RD btwn ALBION RD & UPLANDS DR (__3ZA2SC),__3ZA2SC,01 - Non intersection,03 - P.D. only,04 - Sideswipe,01 - Clear,01 - Daylight,01 - Dry,10 - No control,,2,0,0,0,,0,,,,,371498.7181,5021445.401,45.32978762,-75.649092,2478
15--12039,2015/10/15,10:10 PM,BRONSON AVE btwn CARLING AVE & FIRST AVE (__3ZA3OQ),__3ZA3OQ,01 - Non intersection,03 - P.D. only,04 - Sideswipe,01 - Clear,07 - Dark,01 - Dry,10 - No control,,2,0,0,0,,0,,,,,367487.3466,5029245.112,45.40033738,-75.69927231,2479
15--1204,2015/01/19,5:42 AM,CARLING AVE EB btwn CARLING AVE EB OFF RAMP/OTTAWA RIVER PKWY & TRANSI (__3ZGKXW),__3ZGKXW,01 - Non intersection,03 - P.D. only,07 - SMV other,03 - Snow,07 - Dark,03 - Loose snow,10 - No control,,1,0,0,0,,0,,,,,360946.9034,5025207.153,45.36455927,-75.78326801,2480
15--12040,2015/10/15,10:15 AM,SUSSEX DR btwn GEORGE ST & RIDEAU ST (__3ZA3UZ),__3ZA3UZ,01 - Non intersection,03 - P.D. only,07 - SMV other,01 - Clear,01 - Daylight,00 - Unknown,10 - No control,,1,0,0,0,,0,,,,,367918.3134,5032052.715,45.42556058,-75.69340843,2481
15--12041,2015/10/15,11:00 AM,WHITBY AVE btwn CHURCHILL AVE N & WINONA AVE (__3ZA0K0),__3ZA0K0,04 - At/near private drive,03 - P.D. only,06 - SMV unattended vehicle,01 - Clear,01 - Daylight,01 - Dry,10 - No control,,1,0,0,0,,0,,,,,363227.003,5028470.655,45.39373746,-75.75377811,2482