Anom_ID,Accident_Date,Accident_Time,Location,Geo_ID,Accident_Location,Classification_of_Accident,Initial_Impact_Type,Environment_Condition,Light,Road_Surface_Condition,Traffic_Control,Traffic_Control_Condition,No__of_Vehicles,No__of_Bicycles,No__of_Motorcycles,No__of_Pedestrians,Max_Injury,No__of_Injuries,No__of_Minimal,No__of_Minor,No__of_Major,No__of_Fatal,X,Y,Latitude,Longitude,ObjectId
15--12042,2015/10/15,11:09 AM,SOVEREIGN AVE btwn FAIR OAKS CRES & IVYLEA ST (__3ZBOL4),__3ZBOL4,04 - At/near private drive,03 - P.D. only,06 - SMV unattended vehicle,01 - Clear,01 - Daylight,01 - Dry,10 - No control,,1,0,0,0,,0,,,,,363103.8939,5021950.413,45.33507931,-75.75611965,2483
15--12043,2015/10/15,Unknown,QUEEN ST btwn O'CONNOR ST & METCALFE ST (__3ZA2FP),__3ZA2FP,01 - Non intersection,03 - P.D. only,06 - SMV unattended vehicle,01 - Clear,00 - Unknown,01 - Dry,10 - No control,,1,0,0,0,,0,,,,,367570.1225,5031630.768,45.42179537,-75.6979113,2484
15--12044,2015/10/15,Unknown,OTTAWA RIVER PKWY btwn VIMY PLACE PRIV & BOOTH ST (__5VHJ2QB),__5VHJ2QB,01 - Non intersection,03 - P.D. only,04 - Sideswipe,01 - Clear,00 - Unknown,01 - Dry,10 - No control,,2,0,0,0,,0,,,,,366234.2132,5030985.542,45.4161084,-75.71506063,2485
15--12045,2015/10/15,12:23 PM,BELFAST RD btwn TRAINYARDS DR & ST. LAURENT BLVD (__3ZA79Z),__3ZA79Z,04 - At/near private drive,02 - Non-fatal injury,02 - Angle,01 - Clear,01 - Daylight,01 - Dry,10 - No control,,2,1,0,0,02 - Minor,1,,1,,,372843.4268,5030573.157,45.41178646,-75.63068154,2486
15--12046,2015/10/15,12:30 AM,HWY416 IC57 RAMP34 btwn HIGHWAY 416 & BROPHY DR (__3ZAY6D),__3ZAY6D,01 - Non intersection,03 - P.D. only,07 - SMV other,01 - Clear,07 - Dark,01 - Dry,10 - No control,,1,0,0,0,,0,,,,,364508.0687,5008350.918,45.212593,-75.7398413,2487
15--12047,2015/10/15,12:42 PM,BANK ST @ SUNNYSIDE AVE (0007219),7219,02 - Intersection related,03 - P.D. only,03 - Rear end,02 - Rain,01 - Daylight,02 - Wet,01 - Traffic signal,01 - Functioning,2,0,0,0,,0,,,,,368733.9867,5028582.271,45.39426062,-75.68343606,2488
15--12048,2015/10/15,2:12 PM,ST. PATRICK ST/ST. ANDREW ST @ BEAUSOLEIL DR (0007780),7780,02 - Intersection related,02 - Non-fatal injury,03 - Rear end,01 - Clear,01 - Daylight,01 - Dry,01 - Traffic signal,01 - Functioning,3,0,0,0,02 - Minor,1,,1,,,368427.8887,5033069.895,45.43466663,-75.68676577,2489
15--12049,2015/10/15,2:51 PM,HAZELDEAN RD @ 246 E OF CASTLEFRANK RD/FARMBOY (0011366),11366,02 - Intersection related,03 - P.D. only,04 - Sideswipe,01 - Clear,01 - Daylight,01 - Dry,01 - Traffic signal,01 - Functioning,2,0,0,0,,0,,,,,352859.1176,5017841.974,45.2988872,-75.88721968,2490
15--1205,2015/01/19,5:50 PM,HIGHWAY 417 btwn HWY417 IC122 RAMP61 & HWY417 IC121B RAMP16 (__3ZA2Y4),__3ZA2Y4,01 - Non intersection,02 - Non-fatal injury,03 - Rear end,01 - Clear,07 - Dark,02 - Wet,10 - No control,,3,0,0,0,02 - Minor,1,,1,,,365810.7927,5029205.213,45.4001265,-75.72069045,2491
15--12050,2015/10/15,3:07 PM,RIVERSIDE DR @ SMYTH RD NORTH SIDE RAMP (0011479),11479,02 - Intersection related,03 - P.D. only,03 - Rear end,01 - Clear,01 - Daylight,01 - Dry,01 - Traffic signal,01 - Functioning,2,0,0,0,,0,,,,,369937.566,5029315.664,45.4007485,-75.66796873,2492
15--12051,2015/10/15,3:10 PM,SKYVIEW PRIV @ CRESTHAVEN DR (0010947),10947,03 - At intersection,03 - P.D. only,02 - Angle,01 - Clear,01 - Daylight,01 - Dry,02 - Stop sign,01 - Functioning,2,0,0,0,,0,,,,,366817.126,5015362.433,45.27548306,-75.7095724,2493
15--12052,2015/10/15,3:15 PM,AVIATION PKWY @ MONTREAL RD (0008799),8799,02 - Intersection related,03 - P.D. only,04 - Sideswipe,02 - Rain,01 - Daylight,02 - Wet,01 - Traffic signal,01 - Functioning,2,0,0,0,,0,,,,,372145.9959,5034109.394,45.44367133,-75.6391073,2494
15--12053,2015/10/15,3:30 PM,PRINCE OF WALES DR @ FALAISE RD/KOCHAR DR N (0006962),6962,02 - Intersection related,03 - P.D. only,03 - Rear end,01 - Clear,01 - Daylight,01 - Dry,01 - Traffic signal,01 - Functioning,2,0,0,0,,0,,,,,367459.9857,5024904.154,45.361281,-75.70017271,2495
15--12054,2015/10/15,3:40 PM,KING EDWARD AVE @ LAURIER AVE (0002170),2170,02 - Intersection related,03 - P.D. only,99 - Other,01 - Clear,01 - Daylight,01 - Dry,01 - Traffic signal,01 - Functioning,2,0,0,0,,0,,,,,368739.2211,5032034.558,45.42532265,-75.68292144,2496
15--12055,2015/10/15,4:13 PM,REGIONAL ROAD 174 btwn OR174 IC112 RAMP51 & OR174 IC112 RAMP15 (__3ZA2XE),__3ZA2XE,01 - Non intersection,03 - P.D. only,03 - Rear end,02 - Rain,01 - Daylight,02 - Wet,10 - No control,,2,0,0,0,,0,,,,,374866.1532,5032874.027,45.43228885,-75.60451521,2497
15--12056,2015/10/15,4:15 PM,REGIONAL ROAD 174 btwn OR174 IC105 RAMP35 & OR174 IC105 RAMP25 (__3ZA27E),__3ZA27E,01 - Non intersection,03 - P.D. only,03 - Rear end,02 - Rain,01 - Daylight,02 - Wet,10 - No control,,2,0,0,0,,0,,,,,379498.6189,5037053.267,45.4694111,-75.54468307,2498
15--12057,2015/10/15,4:18 PM,BANK ST @ WALKLEY RD (0011423),11423,02 - Intersection related,03 - P.D. only,03 - Rear end,02 - Rain,01 - Daylight,02 - Wet,01 - Traffic signal,01 - Functioning,2,0,0,0,,0,,,,,370337.1313,5025947.375,45.37040451,-75.66331268,2499
15--12058,2015/10/15,4:31 PM,ALTA VISTA DR @ RANDALL AVE (0008072),8072,02 - Intersection related,02 - Non-fatal injury,07 - SMV other,02 - Rain,01 - Daylight,02 - Wet,01 - Traffic signal,01 - Functioning,1,0,0,1,02 - Minor,1,,1,,,370409.4423,5027366.182,45.3831637,-75.66220111,2500
15--12059,2015/10/15,4:31 PM,MONTREAL RD @ PALACE ST (0004699),4699,03 - At intersection,03 - P.D. only,05 - Turning movement,01 - Clear,01 - Daylight,01 - Dry,10 - No control,,2,0,0,0,,0,,,,,369956.4363,5032998.946,45.4338875,-75.6672407,2501
15--1206,2015/01/19,5:52 AM,HIGHWAY 416 btwn HWY416 IC49 RAMP24 & HWY416 IC42 RAMP42 (__3ZA29T),__3ZA29T,01 - Non intersection,03 - P.D. only,07 - SMV other,03 - Snow,07 - Dark,03 - Loose snow,10 - No control,,1,0,0,0,,0,,,,,369538.6152,5000046.402,45.13742461,-75.67687976,2502
15--12433,2015/10/24,11:01 PM,BASELINE RD @ 207 E OF CLYDE AVE (0008213),8213,03 - At intersection,02 - Non-fatal injury,02 - Angle,02 - Rain,07 - Dark,02 - Wet,01 - Traffic signal,01 - Functioning,2,1,0,0,02 - Minor,1,,1,,,364535.4807,5025000.615,45.36240424,-75.73748767,2503
15--12434,2015/10/24,11:53 PM,PRESTON ST @ SOMERSET ST (0002215),2215,03 - At intersection,03 - P.D. only,05 - Turning movement,02 - Rain,07 - Dark,02 - Wet,01 - Traffic signal,01 - Functioning,2,0,0,0,,0,,,,,366306.2572,5030126.487,45.40837253,-75.71424741,2504
15--12072,2015/10/15,6:18 PM,BASELINE RD @ CORDOVA ST (0003208),3208,03 - At intersection,03 - P.D. only,05 - Turning movement,02 - Rain,07 - Dark,02 - Wet,01 - Traffic signal,01 - Functioning,2,0,0,0,,0,,,,,363593.6882,5024409.166,45.35716207,-75.74957879,2505
15--11904,2015/10/11,11:55 PM,LEITRIM RD btwn HIGH RD & ALBION RD (__4B2G24),__4B2G24,01 - Non intersection,03 - P.D. only,07 - SMV other,01 - Clear,07 - Dark,01 - Dry,10 - No control,,1,0,0,0,,0,,,,,371852.8891,5019428.948,45.3116104,-75.64484717,2506
15--12165,2015/10/17,2:30 PM,BANK ST @ QUEENSDALE AVE (0009260),9260,02 - Intersection related,03 - P.D. only,04 - Sideswipe,01 - Clear,01 - Daylight,01 - Dry,01 - Traffic signal,01 - Functioning,2,0,0,0,,0,,,,,373337.4636,5023445.874,45.34760999,-75.62535985,2507
15--12435,2015/10/24,12:22 AM,WOODROFFE AVE @ KNOXDALE RD/MEDHURST DR (0000519),519,03 - At intersection,03 - P.D. only,05 - Turning movement,01 - Clear,07 - Dark,01 - Dry,01 - Traffic signal,01 - Functioning,2,0,0,0,,0,,,,,363420.1969,5021827.754,45.33394928,-75.75209891,2508
15--12347,2015/10/22,1:11 PM,REGIONAL ROAD 174 btwn OR174 IC112 RAMP51 & OR174 IC112 RAMP15 (__3ZA2XE),__3ZA2XE,01 - Non intersection,03 - P.D. only,07 - SMV other,01 - Clear,01 - Daylight,01 - Dry,10 - No control,,1,0,0,0,,0,,,,,374867.0867,5032871.839,45.43226907,-75.60450359,2509
15--12523,2015/10/27,10:00 AM,INNES RD @ STAR TOP RD/WINDMILL LANE (0008734),8734,03 - At intersection,02 - Non-fatal injury,02 - Angle,01 - Clear,01 - Daylight,01 - Dry,01 - Traffic signal,01 - Functioning,2,0,0,0,02 - Minor,2,,2,,,374147.7258,5030666.2,45.41249558,-75.61400679,2510
15--12166,2015/10/17,2:58 AM,HWY417 IC126 RAMP51 btwn HIGHWAY 417 & HWY417 IC126 RAMP52 (__3ZAYAE),__3ZAYAE,01 - Non intersection,03 - P.D. only,07 - SMV other,01 - Clear,07 - Dark,01 - Dry,10 - No control,,1,0,0,0,,0,,,,,363260.247,5025928.186,45.37085792,-75.75365464,2511
15--12167,2015/10/17,3:21 AM,BANK ST @ SOUTHKEYS SC (0009010),9010,03 - At intersection,02 - Non-fatal injury,07 - SMV other,02 - Rain,07 - Dark,02 - Wet,01 - Traffic signal,01 - Functioning,1,0,0,1,02 - Minor,1,,1,,,371083.0088,5024522.597,45.35751469,-75.6539825,2512
15--12168,2015/10/17,3:43 PM,MOODIE DR @ RICHMOND RD N (0001487),1487,03 - At intersection,02 - Non-fatal injury,02 - Angle,01 - Clear,01 - Daylight,01 - Dry,02 - Stop sign,01 - Functioning,2,0,0,0,02 - Minor,1,,1,,,357395.0914,5019689.392,45.31518557,-75.82919127,2513
15--12169,2015/10/17,4:12 PM,ST. JOSEPH BLVD @ JEANNE D'ARC BLVD (0012421),12421,03 - At intersection,03 - P.D. only,04 - Sideswipe,01 - Clear,01 - Daylight,01 - Dry,11 - Roundabout,01 - Functioning,2,0,0,0,,0,,,,,379859.2985,5036473.025,45.46415186,-75.54015962,2514
15--1217,2015/01/19,8:46 AM,HAIG DR btwn RAGLAN AVE & SAUNDERSON DR (__3ZA78U),__3ZA78U,01 - Non intersection,03 - P.D. only,06 - SMV unattended vehicle,02 - Rain,01 - Daylight,04 - Slush,10 - No control,,1,0,0,0,,0,,,,,372549.4523,5029499.959,45.40215883,-75.63458438,2515
15--12170,2015/10/17,4:15 PM,GREENBANK RD @ MARKETPLACE AVE (0010406),10406,03 - At intersection,02 - Non-fatal injury,05 - Turning movement,01 - Clear,01 - Daylight,01 - Dry,01 - Traffic signal,01 - Functioning,2,0,0,0,02 - Minor,1,,1,,,364009.0766,5014601.829,45.26888121,-75.74544937,2516
15--12171,2015/10/17,4:30 PM,HUNT CLUB RD @ LORRY GREENBERG DR/SABLE RIDGE  (0008203),8203,02 - Intersection related,03 - P.D. only,03 - Rear end,01 - Clear,01 - Daylight,01 - Dry,01 - Traffic signal,01 - Functioning,3,0,0,0,,0,,,,,372823.7387,5024805.703,45.35989525,-75.63172789,2517
15--12172,2015/10/17,4:30 PM,BAYROSE DR btwn LONGFIELDS DR & SUE HOLLOWAY DR (__8JUTF3),__8JUTF3,01 - Non intersection,03 - P.D. only,06 - SMV unattended vehicle,01 - Clear,01 - Daylight,01 - Dry,10 - No control,,1,0,0,0,,0,,,,,364674.661,5014778.52,45.27041472,-75.73694672,2518
15--12173,2015/10/17,4:38 PM,HAWTHORNE RD @ LEITRIM RD (0009269),9269,03 - At intersection,03 - P.D. only,03 - Rear end,01 - Clear,01 - Daylight,01 - Dry,01 - Traffic signal,01 - Functioning,2,0,0,0,,0,,,,,377039.1888,5022709.564,45.34061355,-75.57823383,2519
15--12174,2015/10/17,6:11 PM,ST. LAURENT BLVD @ COVENTRY RD/OGILVIE RD (0002151),2151,02 - Intersection related,03 - P.D. only,03 - Rear end,01 - Clear,05 - Dusk,01 - Dry,01 - Traffic signal,01 - Functioning,2,0,0,0,,0,,,,,372305.7195,5031952.297,45.42424741,-75.63736153,2520
15--12175,2015/10/17,6:46 PM,TENTH LINE RD btwn OR174 IC101 RAMP61 & OR174 IC101 RAMP26 (__3ZA1PT),__3ZA1PT,07 - Overpass or bridge,03 - P.D. only,03 - Rear end,01 - Clear,07 - Dark,01 - Dry,10 - No control,,4,0,0,0,,0,,,,,382748.3671,5038965.32,45.48625892,-75.50282499,2521
15--12176,2015/10/17,8:23 AM,HUNT CLUB RD @ RIVERSIDE DR (0002237),2237,02 - Intersection related,02 - Non-fatal injury,03 - Rear end,01 - Clear,01 - Daylight,01 - Dry,01 - Traffic signal,01 - Functioning,2,0,0,0,01 - Minimal,2,2,,,,368035.9823,5021945.138,45.3346047,-75.69319944,2522
15--12177,2015/10/17,9:00 PM,RUSSELL RD @ SOUTHVALE CRES S (0002649),2649,02 - Intersection related,03 - P.D. only,03 - Rear end,01 - Clear,07 - Dark,01 - Dry,01 - Traffic signal,00 - Unknown,2,0,0,0,,0,,,,,374457.0274,5028633.759,45.39417797,-75.6103427,2523
15--12178,2015/10/17,9:50 AM,HWY417 IC138 RAMP63 btwn MARCH RD & HWY417 IC138 RAMP62 (__3ZAY89),__3ZAY89,01 - Non intersection,03 - P.D. only,04 - Sideswipe,01 - Clear,01 - Daylight,01 - Dry,10 - No control,,2,0,0,0,,0,,,,,352959.6445,5020482.913,45.32264406,-75.88568131,2524
15--12179,2015/10/18,11:15 AM,TERRY FOX DR @ PALLADIUM DR/KATIMAVIK RD (0011858),11858,02 - Intersection related,03 - P.D. only,03 - Rear end,01 - Clear,01 - Daylight,01 - Dry,01 - Traffic signal,00 - Unknown,3,0,0,0,,0,,,,,351270.4387,5018182.136,45.30205495,-75.90744323,2525
15--1218,2015/01/19,8:59 AM,SAUNDERSON DR @ PLEASANT PARK RD (0008313),8313,03 - At intersection,02 - Non-fatal injury,02 - Angle,01 - Clear,01 - Daylight,02 - Wet,02 - Stop sign,01 - Functioning,2,0,0,0,02 - Minor,1,,1,,,373145.7283,5028666.148,45.39459861,-75.62708411,2526
15--12180,2015/10/18,Unknown,DEERFIELD DR btwn NAVAHO DR & DEERFIELD DR (__3ZAAVG),__3ZAAVG,01 - Non intersection,03 - P.D. only,06 - SMV unattended vehicle,01 - Clear,00 - Unknown,01 - Dry,10 - No control,,1,0,0,0,,0,,,,,363416.9573,5024156.556,45.35490391,-75.75186428,2527
15--12181,2015/10/18,12:05 PM,JEANNE D'ARC BLVD @ ORLEANS BLVD S (0004154),4154,03 - At intersection,02 - Non-fatal injury,02 - Angle,01 - Clear,01 - Daylight,01 - Dry,01 - Traffic signal,01 - Functioning,2,0,0,0,01 - Minimal,1,1,,,,380940.0238,5036250.219,45.46203028,-75.52637607,2528
15--12182,2015/10/18,12:30 PM,HIGHWAY 417 btwn HWY 417 ANDERSON IC104R61 & HWY 417 BOUNDARY IC96R16 (__3ZA2W5),__3ZA2W5,01 - Non intersection,03 - P.D. only,07 - SMV other,01 - Clear,01 - Daylight,01 - Dry,10 - No control,,1,0,0,0,,0,,,,,381548.3327,5025624.922,45.36636525,-75.52025319,2529
15--12183,2015/10/18,12:33 PM,CARP RD @ STITTSVILLE MAIN ST (0005253),5253,02 - Intersection related,03 - P.D. only,03 - Rear end,01 - Clear,01 - Daylight,01 - Dry,01 - Traffic signal,01 - Functioning,2,0,0,0,,0,,,,,349523.3447,5014329.843,45.26750415,-75.93006697,2530
15--12184,2015/10/18,2:07 PM,INNES RD @ TENTH LINE RD (0004633),4633,02 - Intersection related,03 - P.D. only,03 - Rear end,01 - Clear,01 - Daylight,01 - Dry,01 - Traffic signal,01 - Functioning,2,0,0,0,,0,,,,,383953.2017,5036159.2,45.46087648,-75.4878663,2531
15--12185,2015/10/18,2:18 AM,HWY417 IC118 RAMP35 btwn HWY417 IC118 RAMP45 & MANN AVE OVERPASS (__3ZAYAW),__3ZAYAW,01 - Non intersection,03 - P.D. only,04 - Sideswipe,01 - Clear,07 - Dark,01 - Dry,10 - No control,,2,0,0,0,,0,,,,,369434.0335,5030861.728,45.41470611,-75.67419722,2532
15--12186,2015/10/18,2:38 PM,GALETTA SIDE RD btwn LOGGERS WAY & JOHN SHAW RD (__3ZA4RA),__3ZA4RA,01 - Non intersection,02 - Non-fatal injury,07 - SMV other,01 - Clear,01 - Daylight,01 - Dry,10 - No control,,1,0,0,0,02 - Minor,1,,1,,,325030.3726,5032585.366,45.43290896,-76.24144177,2533
15--12187,2015/10/18,3:24 PM,HWY417 IC104 RAMP61 btwn ANDERSON RD & HIGHWAY 417 (__3ZAY0E),__3ZAY0E,01 - Non intersection,03 - P.D. only,07 - SMV other,01 - Clear,01 - Daylight,01 - Dry,10 - No control,,1,0,0,0,,0,,,,,380276.2017,5025954.752,45.36947099,-75.53644012,2534
15--12188,2015/10/18,4:40 PM,ST. LAURENT BLVD @ COVENTRY RD/OGILVIE RD (0002151),2151,02 - Intersection related,03 - P.D. only,03 - Rear end,01 - Clear,01 - Daylight,01 - Dry,01 - Traffic signal,01 - Functioning,2,0,0,0,,0,,,,,372305.7195,5031952.656,45.42425064,-75.63736148,2535
15--12189,2015/10/18,5:31 PM,BASELINE RD @ WOODROFFE AVE (0002225),2225,02 - Intersection related,03 - P.D. only,03 - Rear end,01 - Clear,05 - Dusk,01 - Dry,01 - Traffic signal,01 - Functioning,2,0,0,0,,0,,,,,362548.9695,5023770.865,45.35150551,-75.76298664,2536
15--1219,2015/01/19,9:20 AM,RADCLIFFE GT @ WEYBRIDGE DR (0000612),612,03 - At intersection,02 - Non-fatal injury,06 - SMV unattended vehicle,01 - Clear,01 - Daylight,04 - Slush,02 - Stop sign,01 - Functioning,1,0,0,0,01 - Minimal,1,1,,,,362111.7348,5014897.418,45.27169811,-75.76959266,2537
15--12190,2015/10/18,5:57 PM,BAYSWATER AVE @ SOMERSET ST (0006486),6486,02 - Intersection related,03 - P.D. only,99 - Other,01 - Clear,01 - Daylight,01 - Dry,01 - Traffic signal,01 - Functioning,2,0,0,0,,0,,,,,365812.7005,5029910.487,45.40647221,-75.72057882,2538
15--12191,2015/10/18,6:00 PM,MERIVALE RD btwn RAVEN AVE & LAROSE AVE (__3ZA30G),__3ZA30G,01 - Non intersection,02 - Non-fatal injury,04 - Sideswipe,01 - Clear,05 - Dusk,01 - Dry,10 - No control,,2,0,0,0,01 - Minimal,1,1,,,,364844.4169,5026883.067,45.37931583,-75.73331569,2539
15--12192,2015/10/18,6:41 PM,INNES RD btwn ANDERSON RD & INNES RD (__3ZA3J2),__3ZA3J2,01 - Non intersection,03 - P.D. only,07 - SMV other,01 - Clear,07 - Dark,01 - Dry,10 - No control,,1,0,0,0,,0,,,,,376538.7591,5031995.438,45.42421426,-75.58326907,2540
15--12193,2015/10/18,8:06 AM,BASELINE RD @ CENTREPOINTE DR E/HIGHGATE RD (0011468),11468,02 - Intersection related,02 - Non-fatal injury,03 - Rear end,01 - Clear,01 - Daylight,01 - Dry,01 - Traffic signal,01 - Functioning,2,0,0,0,02 - Minor,1,,1,,,362061.274,5023468.514,45.34882497,-75.76924528,2541
15--12194,2015/10/18,8:30 AM,TROTTING WAY btwn EQUESTRIAN DR & FOXLEIGH CRES (__3ZABG0),__3ZABG0,04 - At/near private drive,03 - P.D. only,05 - Turning movement,01 - Clear,01 - Daylight,01 - Dry,10 - No control,,2,0,0,0,,0,,,,,354760.0189,5016134.321,45.28338878,-75.86315561,2542
15--12195,2015/10/18,9:00 PM,MCCORDICK RD btwn MCCORDICK RD & CENTURY RD W (__3ZAB0G),__3ZAB0G,01 - Non intersection,03 - P.D. only,07 - SMV other,01 - Clear,07 - Dark,01 - Dry,10 - No control,,1,0,0,0,,0,,,,,360335.2683,5003274.622,45.16725649,-75.79352741,2543
15--12196,2015/10/18,9:14 AM,MEADOWLANDS DR btwn PRINCE OF WALES DR & DEBRA AVE (__3ZA3GTB),__3ZA3GTB,04 - At/near private drive,03 - P.D. only,03 - Rear end,01 - Clear,01 - Daylight,01 - Dry,10 - No control,,2,0,0,0,,0,,,,,367357.5045,5025687.351,45.36833718,-75.70138155,2544
15--12197,2015/10/18,9:45 PM,DWYER HILL RD @ ROGER STEVENS DR (0003690),3690,03 - At intersection,03 - P.D. only,02 - Angle,01 - Clear,07 - Dark,01 - Dry,02 - Stop sign,01 - Functioning,2,0,0,0,,0,,,,,354336.542,4989349.47,45.04239732,-75.87121036,2545
15--12198,2015/10/18,9:49 AM,INNES RD @ ORLEANS BLVD (0003611),3611,02 - Intersection related,03 - P.D. only,02 - Angle,01 - Clear,01 - Daylight,01 - Dry,01 - Traffic signal,01 - Functioning,2,0,0,0,,0,,,,,380461.759,5034295.921,45.44449898,-75.53279153,2546
15--12199,2015/10/19,1:35 PM,BLOHM DR @ HUNT CLUB RD (0011392),11392,03 - At intersection,02 - Non-fatal injury,02 - Angle,01 - Clear,01 - Daylight,01 - Dry,01 - Traffic signal,01 - Functioning,2,0,0,0,02 - Minor,1,,1,,,375129.746,5026187.717,45.37210244,-75.60210029,2547
15--122,2015/01/04,1:25 PM,HIGHWAY 417 btwn HWY417 IC142 RAMP35 & HWY417 IC142 RAMP25 (__3ZA1ZO),__3ZA1ZO,01 - Non intersection,02 - Non-fatal injury,07 - SMV other,02 - Rain,01 - Daylight,04 - Slush,10 - No control,,1,0,0,0,02 - Minor,1,,1,,,349018.5333,5017281.736,45.29409823,-75.93623673,2548
15--1220,2015/01/19,9:30 PM,GOLDENEYE WAY btwn NAKINA WAY & NORTH BLUFF DR (__4CPJI3),__4CPJI3,04 - At/near private drive,03 - P.D. only,06 - SMV unattended vehicle,01 - Clear,07 - Dark,01 - Dry,10 - No control,,1,0,0,0,,0,,,,,369377.4927,5016233.595,45.28309117,-75.6768297,2549
15--12200,2015/10/19,1:49 PM,BRUYERE ST @ KING EDWARD AVE (0011437),11437,02 - Intersection related,03 - P.D. only,03 - Rear end,01 - Clear,01 - Daylight,01 - Dry,02 - Stop sign,01 - Functioning,2,0,0,0,,0,,,,,368141.425,5033040.314,45.43442647,-75.69043053,2550
15--12201,2015/10/19,1:55 PM,ALBION RD/COLLISTON CRES E @ WALKLEY RD (0011422),11422,03 - At intersection,02 - Non-fatal injury,07 - SMV other,01 - Clear,01 - Daylight,01 - Dry,01 - Traffic signal,01 - Functioning,1,0,0,1,02 - Minor,1,,1,,,371033.6021,5026354.723,45.37400421,-75.65436745,2551
15--12202,2015/10/19,1:59 PM,BRONSON AVE @ LAURIER AVE (0006342),6342,02 - Intersection related,02 - Non-fatal injury,07 - SMV other,01 - Clear,01 - Daylight,01 - Dry,01 - Traffic signal,01 - Functioning,1,0,0,1,02 - Minor,1,,1,,,366805.4217,5030860.488,45.41493281,-75.70777878,2552
15--12203,2015/10/19,10:00 AM,KING EDWARD AVE @ WILBROD ST (0002259),2259,02 - Intersection related,02 - Non-fatal injury,07 - SMV other,01 - Clear,01 - Daylight,01 - Dry,01 - Traffic signal,01 - Functioning,1,0,0,1,01 - Minimal,1,1,,,,368675.7085,5032138.502,45.4262637,-75.6837195,2553
15--12204,2015/10/19,10:45 AM,ROBERTSON RD btwn HAZELDEAN RD & HAANEL DR (__3ZA41S),__3ZA41S,01 - Non intersection,03 - P.D. only,04 - Sideswipe,01 - Clear,01 - Daylight,01 - Dry,10 - No control,,2,0,0,0,,0,,,,,353729.1204,5018455.811,45.30435059,-75.87606674,2554
15--12205,2015/10/19,11:08 PM,HIGHWAY 417 btwn HWY417 IC119B RAMP57 & HWY417 IC119A RAMP75 (__3ZA1QN),__3ZA1QN,01 - Non intersection,02 - Non-fatal injury,03 - Rear end,01 - Clear,07 - Dark,01 - Dry,10 - No control,,4,0,0,0,02 - Minor,2,,2,,,368292.6675,5030341.374,45.41012863,-75.68884553,2555
15--12206,2015/10/19,11:56 AM,HWY 417 TERRYFO IC140R61 @ TERRY FOX DR (0011777),11777,02 - Intersection related,03 - P.D. only,03 - Rear end,01 - Clear,01 - Daylight,01 - Dry,01 - Traffic signal,01 - Functioning,2,0,0,0,,0,,,,,350810.0862,5018709.137,45.30682735,-75.91326407,2556
15--12207,2015/10/19,Unknown,ELGIN ST btwn WAVERLEY ST & FRANK ST (__3ZA3RQ),__3ZA3RQ,01 - Non intersection,03 - P.D. only,06 - SMV unattended vehicle,01 - Clear,00 - Unknown,01 - Dry,10 - No control,,1,0,0,0,,0,,,,,368333.4268,5030926.993,45.41539414,-75.68824938,2557
15--12208,2015/10/19,Unknown,CRAIG HENRY DR btwn CHARTWELL AVE & BERTONA ST (__3ZAAYW),__3ZAAYW,01 - Non intersection,03 - P.D. only,06 - SMV unattended vehicle,01 - Clear,00 - Unknown,02 - Wet,10 - No control,,1,0,0,0,,0,,,,,362524.0054,5021849.721,45.33422123,-75.76352938,2558
15--12209,2015/10/19,12:07 PM,WELLINGTON ST    W btwn FAIRMONT AVE & IRVING AVE (__3ZA31T),__3ZA31T,01 - Non intersection,03 - P.D. only,06 - SMV unattended vehicle,01 - Clear,01 - Daylight,01 - Dry,10 - No control,,1,0,0,0,,0,,,,,365563.4332,5029710.164,45.40469144,-75.72378754,2559
15--1221,2015/01/19,9:48 AM,FALLOWFIELD RD btwn ORR ST & GREENBANK RD (__3ZA3HG),__3ZA3HG,01 - Non intersection,03 - P.D. only,03 - Rear end,01 - Clear,01 - Daylight,02 - Wet,10 - No control,,2,0,0,0,,0,,,,,363066.2179,5016720.407,45.28802298,-75.75721529,2560
15--12210,2015/10/19,2:13 AM,HIGHWAY 417 btwn HWY 417 ANDERSON IC104R61 & HWY 417 BOUNDARY IC96R16 (__3ZA2W5),__3ZA2W5,01 - Non intersection,03 - P.D. only,04 - Sideswipe,01 - Clear,07 - Dark,01 - Dry,10 - No control,,2,0,0,0,,0,,,,,385039.0217,5024936.362,45.35977923,-75.47581087,2561
15--12211,2015/10/19,2:43 PM,MER BLEUE RD btwn 210 S OF INNES RD & INNES RD (__3ZA2S1A),__3ZA2S1A,04 - At/near private drive,03 - P.D. only,02 - Angle,01 - Clear,01 - Daylight,01 - Dry,10 - No control,,2,0,0,0,,0,,,,,382645.1015,5035556.532,45.45560117,-75.50468586,2562
15--12212,2015/10/19,2:59 PM,GOULBOURN FORCED RD @ KANATA AVE (0011854),11854,02 - Intersection related,03 - P.D. only,04 - Sideswipe,02 - Rain,01 - Daylight,02 - Wet,01 - Traffic signal,01 - Functioning,2,0,0,0,,0,,,,,349777.6934,5020352.354,45.32168035,-75.92627964,2563
15--12213,2015/10/19,3:05 PM,CANOTEK RD @ SHEFFORD RD (0009369),9369,02 - Intersection related,03 - P.D. only,04 - Sideswipe,01 - Clear,01 - Daylight,01 - Dry,01 - Traffic signal,01 - Functioning,2,0,0,0,,0,,,,,376028.2843,5035093.598,45.45214179,-75.58934314,2564