Anom_ID,Accident_Date,Accident_Time,Location,Geo_ID,Accident_Location,Classification_of_Accident,Initial_Impact_Type,Environment_Condition,Light,Road_Surface_Condition,Traffic_Control,Traffic_Control_Condition,No__of_Vehicles,No__of_Bicycles,No__of_Motorcycles,No__of_Pedestrians,Max_Injury,No__of_Injuries,No__of_Minimal,No__of_Minor,No__of_Major,No__of_Fatal,X,Y,Latitude,Longitude,ObjectId
15--12214,2015/10/19,3:43 PM,RAINBOW CRES btwn BATHGATE DR & BATHGATE DR (__3ZA7U0),__3ZA7U0,01 - Non intersection,03 - P.D. only,07 - SMV other,01 - Clear,01 - Daylight,02 - Wet,10 - No control,,1,0,0,0,,0,,,,,373575.9611,5033162.506,45.43501251,-75.62096232,2565
15--12215,2015/10/19,3:57 PM,BASELINE RD @ GREENBANK RD (0002357),2357,02 - Intersection related,03 - P.D. only,04 - Sideswipe,02 - Rain,01 - Daylight,02 - Wet,01 - Traffic signal,01 - Functioning,2,0,0,0,,0,,,,,360598.405,5022584.14,45.3409853,-75.78801236,2566
15--12216,2015/10/19,4:12 PM,BANK ST btwn RIVERSIDE DR & RIVERSIDE DR (__3ZA3NQ),__3ZA3NQ,04 - At/near private drive,02 - Non-fatal injury,02 - Angle,02 - Rain,01 - Daylight,02 - Wet,10 - No control,,2,0,0,0,01 - Minimal,1,1,,,,369259.4429,5027944.578,45.38847469,-75.67680894,2567
15--12217,2015/10/19,4:28 PM,GREENBANK RD @ HARRISON ST/ASHGROVE CRES (0000627),627,02 - Intersection related,03 - P.D. only,03 - Rear end,02 - Rain,01 - Daylight,02 - Wet,01 - Traffic signal,01 - Functioning,2,0,0,0,,0,,,,,360839.6817,5022006.413,45.33576768,-75.78499934,2568
15--12218,2015/10/19,4:28 PM,HIGHWAY 416 btwn HWY416 IC49 RAMP34 & HWY416 IC49 RAMP43 (__3ZAZJB),__3ZAZJB,01 - Non intersection,02 - Non-fatal injury,04 - Sideswipe,01 - Clear,01 - Daylight,01 - Dry,10 - No control,,2,0,0,0,02 - Minor,2,,2,,,369155.7098,5001195.273,45.14779723,-75.68159982,2569
15--12219,2015/10/19,4:45 PM,BOWESVILLE RD/EMERALD LINKS DR W @ MITCH OWENS (0005296),5296,03 - At intersection,03 - P.D. only,05 - Turning movement,02 - Rain,01 - Daylight,02 - Wet,02 - Stop sign,01 - Functioning,2,0,0,0,,0,,,,,374182.0192,5013708.083,45.25990952,-75.61594628,2570
15--1222,2015/01/19,9:54 AM,GREENBANK RD btwn WEST HUNT CLUB RD & FALLOWFIELD RD (__3ZA1NE),__3ZA1NE,01 - Non intersection,02 - Non-fatal injury,99 - Other,01 - Clear,01 - Daylight,04 - Slush,10 - No control,,3,0,0,0,02 - Minor,3,2,1,,,363070.0733,5016758.961,45.28836957,-75.75716162,2571
15--12220,2015/10/19,5:06 PM,YOUVILLE DR btwn ST. JOSEPH BLVD & JEANNE D'ARC BLVD S (__3ZA6DC),__3ZA6DC,04 - At/near private drive,03 - P.D. only,02 - Angle,01 - Clear,01 - Daylight,01 - Dry,10 - No control,,2,0,0,0,,0,,,,,379291.6637,5036594.729,45.46530763,-75.54739894,2572
15--12221,2015/10/19,5:07 PM,MERIVALE RD/LOTTA AVE @ CLYDE AVE (0001112),1112,02 - Intersection related,03 - P.D. only,03 - Rear end,02 - Rain,01 - Daylight,02 - Wet,01 - Traffic signal,01 - Functioning,2,0,0,0,,0,,,,,364521.6983,5024506.445,45.35795894,-75.7377233,2573
15--12222,2015/10/19,5:27 PM,PALLADIUM DR @ SILVER SEVEN RD (0011839),11839,02 - Intersection related,03 - P.D. only,07 - SMV other,02 - Rain,05 - Dusk,02 - Wet,01 - Traffic signal,01 - Functioning,1,0,0,0,,0,,,,,351052.3284,5017887.807,45.29942089,-75.91025172,2574
15--12223,2015/10/19,5:42 PM,BLACKBURN BYPASS @ INNES RD W (0009340),9340,03 - At intersection,02 - Non-fatal injury,07 - SMV other,01 - Clear,01 - Daylight,02 - Wet,01 - Traffic signal,01 - Functioning,1,0,1,0,03 - Major,1,,,1,,377185.7586,5032176.05,45.42577264,-75.57497577,2575
15--12224,2015/10/19,5:57 PM,ST. LAURENT BLVD btwn MONTREAL RD & CAMIL ST (__3ZA3MQ),__3ZA3MQ,04 - At/near private drive,03 - P.D. only,02 - Angle,01 - Clear,01 - Daylight,01 - Dry,10 - No control,,2,0,0,0,,0,,,,,371561.5588,5033782.64,45.44078741,-75.64662173,2576
15--12225,2015/10/19,6:00 AM,REGIONAL ROAD 174 btwn OR174 IC112 RAMP36 & OR174 IC112 RAMP26 (__3ZAZFK),__3ZAZFK,01 - Non intersection,03 - P.D. only,07 - SMV other,01 - Clear,07 - Dark,01 - Dry,10 - No control,,1,0,0,0,,0,,,,,374538.302,5032648.15,45.4302893,-75.60873681,2577
15--12226,2015/10/19,6:24 AM,BANK ST btwn ARENA PL & WHITE ALDER AVE (__3ZA29N),__3ZA29N,04 - At/near private drive,03 - P.D. only,02 - Angle,01 - Clear,07 - Dark,01 - Dry,10 - No control,,2,0,0,0,,0,,,,,375522.5394,5021198.93,45.32717603,-75.59779958,2578
15--12227,2015/10/19,6:30 AM,HWY416 IC75B RAMP25 btwn HWY416 IC75C RAMP24 & HWY417 IC131 RAMP55 (__3ZAY4O),__3ZAY4O,01 - Non intersection,03 - P.D. only,04 - Sideswipe,01 - Clear,03 - Dawn,01 - Dry,10 - No control,,2,0,0,0,,0,,,,,358735.3112,5022927.509,45.34422065,-75.81174625,2579
15--12228,2015/10/19,6:42 PM,BANK ST btwn PHILNOR ST & SALE BARN RD (__3ZA28K),__3ZA28K,01 - Non intersection,02 - Non-fatal injury,05 - Turning movement,01 - Clear,05 - Dusk,02 - Wet,10 - No control,,2,0,0,0,02 - Minor,2,1,1,,,379610.6875,5013743.984,45.25967622,-75.54677898,2580
15--12229,2015/10/19,6:45 PM,RICHMOND RD btwn PERTH ST & CAMBRIAN RD (__3ZAB98),__3ZAB98,01 - Non intersection,03 - P.D. only,07 - SMV other,01 - Clear,07 - Dark,01 - Dry,10 - No control,,1,0,0,0,,0,,,,,358104.2792,5007462.598,45.20511318,-75.82145854,2581
15--1223,2015/01/20,1:01 PM,MEADOWLANDS DR/TALLWOOD DR @ WOODROFFE AVE (0000095),95,02 - Intersection related,03 - P.D. only,03 - Rear end,01 - Clear,01 - Daylight,06 - Ice,01 - Traffic signal,01 - Functioning,2,0,0,0,,0,,,,,363056.6896,5022729.049,45.34208934,-75.75663019,2582
15--12230,2015/10/19,6:59 PM,BLAIR RD @ REGIONAL RD 174 N/OR174 IC112 RAMP61 (0003617),3617,02 - Intersection related,03 - P.D. only,02 - Angle,01 - Clear,05 - Dusk,01 - Dry,01 - Traffic signal,01 - Functioning,2,0,0,0,,0,,,,,374634.0106,5032989.773,45.43335349,-75.60746534,2583
15--12231,2015/10/19,7:03 AM,REGIONAL ROAD 174 btwn OR174 IC109 RAMP56 & OR174 IC109 RAMP86 (__3ZA28W),__3ZA28W,01 - Non intersection,03 - P.D. only,04 - Sideswipe,01 - Clear,01 - Daylight,01 - Dry,10 - No control,,3,0,0,0,,0,,,,,376379.6644,5034830.151,45.44973556,-75.58488964,2584
15--12232,2015/10/19,7:03 AM,REGIONAL ROAD 174 btwn OR174 IC105 RAMP16 & OR174 IC105 RAMP26 (__3ZA1PU),__3ZA1PU,01 - Non intersection,03 - P.D. only,03 - Rear end,01 - Clear,01 - Daylight,01 - Dry,10 - No control,,2,0,0,0,,0,,,,,379307.6112,5036980.928,45.46878065,-75.54713649,2585
15--12233,2015/10/19,7:04 AM,HERZBERG RD btwn TURTLE POINT PRIV & LEGGET DR (__3ZACVK),__3ZACVK,01 - Non intersection,03 - P.D. only,07 - SMV other,01 - Clear,01 - Daylight,01 - Dry,10 - No control,,1,0,0,0,,0,,,,,351860.2378,5022734.397,45.34297794,-75.89949035,2586
15--12234,2015/10/19,7:35 AM,BOUNDARY RD @ MITCH OWENS RD (0001708),1708,02 - Intersection related,03 - P.D. only,02 - Angle,01 - Clear,01 - Daylight,01 - Dry,02 - Stop sign,01 - Functioning,2,0,0,0,,0,,,,,388065.8321,5022161.388,45.33445949,-75.4376497,2587
15--12235,2015/10/19,7:35 AM,KING EDWARD AVE NB btwn CATHCART ST & BRUYERE ST (__3ZA3LP),__3ZA3LP,01 - Non intersection,03 - P.D. only,04 - Sideswipe,01 - Clear,01 - Daylight,01 - Dry,10 - No control,,2,0,0,0,,0,,,,,368120.8247,5033072.238,45.43471558,-75.69068969,2588
15--12236,2015/10/19,7:38 PM,LEIKIN DR btwn HOLITZNER WAY & CRESTWAY DR (__3ZA40I),__3ZA40I,01 - Non intersection,03 - P.D. only,07 - SMV other,02 - Rain,07 - Dark,02 - Wet,10 - No control,,1,0,0,0,,0,,,,,366764.3639,5017287.852,45.29281248,-75.71000437,2589
15--12237,2015/10/19,7:40 AM,REGIONAL ROAD 174 btwn OR174 IC109 RAMP56 & OR174 IC109 RAMP86 (__3ZA28W),__3ZA28W,01 - Non intersection,03 - P.D. only,03 - Rear end,01 - Clear,01 - Daylight,01 - Dry,10 - No control,,3,0,0,0,,0,,,,,376380.3852,5034828.229,45.4497182,-75.58488071,2590
15--12238,2015/10/19,7:45 PM,ALBION RD @ HUNT CLUB RD (0006974),6974,03 - At intersection,02 - Non-fatal injury,05 - Turning movement,01 - Clear,07 - Dark,02 - Wet,01 - Traffic signal,01 - Functioning,2,0,0,0,02 - Minor,1,,1,,,371867.2267,5024320.771,45.35562415,-75.64400147,2591
15--12239,2015/10/19,8:15 AM,HIGHWAY 417 btwn HWY417 IC126 RAMP25 & HWY417 IC124 RAMP57 (__3ZA2R5),__3ZA2R5,01 - Non intersection,03 - P.D. only,03 - Rear end,01 - Clear,01 - Daylight,01 - Dry,10 - No control,,2,0,0,0,,0,,,,,363670.0845,5026503.683,45.37600185,-75.74835421,2592
15--1224,2015/01/20,1:30 PM,HAWTHORNE AVE @ MAIN ST (0006919),6919,02 - Intersection related,03 - P.D. only,04 - Sideswipe,01 - Clear,01 - Daylight,04 - Slush,01 - Traffic signal,00 - Unknown,2,0,0,0,,0,,,,,368970.7096,5030633.049,45.41269118,-75.68014608,2593
15--11905,2015/10/11,2:36 PM,EAGLESON RD @ 146 N OF ABBEYHILL DR/HAZELDEAN  (0011577),11577,02 - Intersection related,03 - P.D. only,03 - Rear end,01 - Clear,01 - Daylight,01 - Dry,01 - Traffic signal,01 - Functioning,2,0,0,0,,0,,,,,353772.3276,5018171.573,45.30178994,-75.87554388,2594
15--11906,2015/10/11,2:41 PM,LYON ST @ SOMERSET ST (0010860),10860,03 - At intersection,03 - P.D. only,02 - Angle,01 - Clear,01 - Daylight,01 - Dry,01 - Traffic signal,01 - Functioning,2,0,0,0,,0,,,,,367366.7003,5030715.484,45.41357815,-75.70062663,2595
15--12436,2015/10/24,12:41 PM,COLONNADE RD @ PRINCE OF WALES DR (0005249),5249,02 - Intersection related,03 - P.D. only,03 - Rear end,01 - Clear,01 - Daylight,01 - Dry,01 - Traffic signal,01 - Functioning,2,0,0,0,,0,,,,,367395.4336,5023266.516,45.34655164,-75.70120394,2596
15--11907,2015/10/11,2:44 AM,ELGIN ST @ QUEEN ST (0007144),7144,02 - Intersection related,03 - P.D. only,04 - Sideswipe,01 - Clear,07 - Dark,01 - Dry,01 - Traffic signal,01 - Functioning,2,0,0,0,,0,,,,,367805.4232,5031778.497,45.42310343,-75.69488599,2597
15--12073,2015/10/15,6:26 PM,BANK ST btwn RIDEAU RD & TURN LANE (__3ZBPH9),__3ZBPH9,01 - Non intersection,03 - P.D. only,03 - Rear end,02 - Rain,07 - Dark,02 - Wet,10 - No control,,2,0,0,0,,0,,,,,377564.8918,5016373.766,45.28355256,-75.57245721,2598
15--12437,2015/10/24,2:12 AM,ELGIN ST NB @ WELLINGTON ST/RIDEAU ST (0011369),11369,03 - At intersection,03 - P.D. only,03 - Rear end,01 - Clear,07 - Dark,01 - Dry,01 - Traffic signal,01 - Functioning,2,0,0,0,,0,,,,,367802.3615,5031964.424,45.42477662,-75.69490133,2599
15--12348,2015/10/22,1:35 PM,BANK ST btwn OSSINGTON AVE & CAMERON AVE (__3ZA3NX),__3ZA3NX,01 - Non intersection,03 - P.D. only,07 - SMV other,01 - Clear,01 - Daylight,01 - Dry,10 - No control,,1,0,0,0,,0,,,,,368930.7176,5028279.154,45.39151528,-75.68096307,2600
15--11908,2015/10/11,2:53 PM,CARP RD @ REIS RD (0001691),1691,02 - Intersection related,03 - P.D. only,07 - SMV other,01 - Clear,01 - Daylight,01 - Dry,02 - Stop sign,00 - Unknown,1,0,0,0,,0,,,,,345277.2843,5018222.388,45.30278805,-75.98385688,2601
15--12524,2015/10/27,10:33 AM,OLD INNES RD @ BANTREE ST (0007674),7674,03 - At intersection,03 - P.D. only,05 - Turning movement,01 - Clear,01 - Daylight,01 - Dry,02 - Stop sign,01 - Functioning,2,0,0,0,,0,,,,,373728.0655,5030354.303,45.40973075,-75.61941139,2602
15--12074,2015/10/15,6:30 AM,FRANKTOWN RD btwn CONLEY RD & JOY'S RD (__3ZA42P),__3ZA42P,01 - Non intersection,03 - P.D. only,07 - SMV other,01 - Clear,03 - Dawn,01 - Dry,10 - No control,,1,0,0,0,,0,,,,,353191.4458,5002969.357,45.16503556,-75.884429,2603
15--12438,2015/10/24,2:25 PM,WELLINGTON ST btwn KENT ST & BANK ST (__3ZA15A),__3ZA15A,01 - Non intersection,03 - P.D. only,06 - SMV unattended vehicle,01 - Clear,01 - Daylight,01 - Dry,10 - No control,,1,0,0,0,,0,,,,,367246.8962,5031621.006,45.42173646,-75.70204238,2604
15--12349,2015/10/22,1:40 PM,CANTIN ST btwn MONTFORT ST & ST. DENIS ST (__3ZA8XT),__3ZA8XT,01 - Non intersection,03 - P.D. only,04 - Sideswipe,01 - Clear,01 - Daylight,01 - Dry,10 - No control,,2,0,0,0,,0,,,,,370957.3194,5033752.959,45.4405778,-75.65434854,2605
15--1235,2015/01/20,11:52 AM,VANIER PKWY NB btwn PRESLAND RD & COVENTRY RD (__3ZA4TMB),__3ZA4TMB,01 - Non intersection,03 - P.D. only,03 - Rear end,01 - Clear,01 - Daylight,02 - Wet,10 - No control,,2,0,0,0,,0,,,,,370664.8186,5031617.004,45.42138701,-75.65837271,2606
15--12350,2015/10/22,10:25 PM,PRINCE OF WALES DR @ WEST HUNT CLUB RD (0000567),567,02 - Intersection related,02 - Non-fatal injury,03 - Rear end,01 - Clear,07 - Dark,01 - Dry,01 - Traffic signal,01 - Functioning,2,0,0,0,01 - Minimal,1,1,,,,367458.7023,5021891.592,45.33417469,-75.70057076,2607
15--12351,2015/10/22,10:32 AM,RIDEAU ST btwn CUMBERLAND ST & KING EDWARD AVE (__3ZBOFX),__3ZBOFX,04 - At/near private drive,03 - P.D. only,05 - Turning movement,01 - Clear,01 - Daylight,01 - Dry,10 - No control,,2,0,0,0,,0,,,,,368476.5013,5032392.941,45.42857122,-75.68623205,2608
15--12352,2015/10/22,10:38 AM,CATHERINE ST/HWY 417 O'CONN IC119BR76 @ O'CONN (0001697),1697,02 - Intersection related,03 - P.D. only,04 - Sideswipe,01 - Clear,01 - Daylight,01 - Dry,01 - Traffic signal,00 - Unknown,2,0,0,0,,0,,,,,368243.8676,5030393.573,45.41060272,-75.6894622,2609
15--12353,2015/10/22,11:05 AM,OGILVIE RD @ ELMLEA GT/SHOPPERS CITY EAST SC (0008800),8800,03 - At intersection,03 - P.D. only,05 - Turning movement,01 - Clear,01 - Daylight,01 - Dry,01 - Traffic signal,01 - Functioning,2,0,0,0,,0,,,,,374988.7327,5033486.222,45.43778474,-75.60286149,2610
15--12354,2015/10/22,11:19 AM,BASELINE RD @ CENTREPOINTE DR W/COBDEN RD (0002108),2108,02 - Intersection related,03 - P.D. only,04 - Sideswipe,01 - Clear,01 - Daylight,01 - Dry,01 - Traffic signal,01 - Functioning,2,0,0,0,,0,,,,,361634.4021,5023206.429,45.34650146,-75.7747226,2611
15--12355,2015/10/22,11:20 PM,BOOTH ST @ SOMERSET ST (0002216),2216,03 - At intersection,02 - Non-fatal injury,07 - SMV other,01 - Clear,07 - Dark,01 - Dry,01 - Traffic signal,01 - Functioning,1,0,0,1,01 - Minimal,1,1,,,,366592.1958,5030254.824,45.40950208,-75.71057876,2612
15--12356,2015/10/22,11:38 AM,BASELINE RD @ WOODROFFE AVE (0002225),2225,03 - At intersection,03 - P.D. only,05 - Turning movement,01 - Clear,01 - Daylight,01 - Dry,01 - Traffic signal,01 - Functioning,2,0,0,0,,0,,,,,362549.6902,5023770.865,45.35150545,-75.76297744,2613
15--12357,2015/10/22,11:47 AM,CUMBERLAND ST @ YORK ST (0008416),8416,02 - Intersection related,03 - P.D. only,03 - Rear end,01 - Clear,01 - Daylight,01 - Dry,01 - Traffic signal,01 - Functioning,3,0,0,0,,0,,,,,368262.6987,5032522.322,45.42975477,-75.68894744,2614
15--12358,2015/10/22,11:50 AM,CATHERINE ST @ METCALFE ST (0011239),11239,02 - Intersection related,03 - P.D. only,04 - Sideswipe,01 - Clear,01 - Daylight,01 - Dry,01 - Traffic signal,01 - Functioning,2,0,0,0,,0,,,,,368393.7067,5030486.563,45.41142582,-75.6875361,2615
15--12359,2015/10/22,Unknown,ARGYLE AVE btwn O'CONNOR ST & METCALFE ST (__3ZA8FE),__3ZA8FE,01 - Non intersection,03 - P.D. only,06 - SMV unattended vehicle,01 - Clear,00 - Unknown,01 - Dry,10 - No control,,1,0,0,0,,0,,,,,368257.6826,5030530.054,45.41182948,-75.68926815,2616
15--1236,2015/01/20,12:38 PM,ALGOMA RD @ COMSTOCK RD (0008739),8739,03 - At intersection,03 - P.D. only,02 - Angle,01 - Clear,01 - Daylight,02 - Wet,02 - Stop sign,01 - Functioning,2,0,0,0,,0,,,,,373661.5071,5031107.344,45.41651279,-75.62015639,2617
15--12360,2015/10/22,12:06 PM,VANIER PKWY SB btwn RIVERSIDE DR & TO BE DETERMINED (__3ZA1Q9),__3ZA1Q9,01 - Non intersection,03 - P.D. only,03 - Rear end,01 - Clear,01 - Daylight,01 - Dry,10 - No control,,2,0,0,0,,0,,,,,370799.6211,5031262.059,45.41818066,-75.65669792,2618
15--12361,2015/10/22,2:10 PM,BRONSON AVE @ SUNNYSIDE AVE/UNIVERSITY RD - CA (0007209),7209,02 - Intersection related,02 - Non-fatal injury,03 - Rear end,01 - Clear,01 - Daylight,01 - Dry,01 - Traffic signal,00 - Unknown,3,0,0,0,02 - Minor,1,,1,,,367922.7101,5028091.907,45.38992206,-75.69385937,2619
15--12362,2015/10/22,2:45 PM,CYRVILLE RD @ INNES RD (0009352),9352,02 - Intersection related,02 - Non-fatal injury,03 - Rear end,01 - Clear,01 - Daylight,01 - Dry,01 - Traffic signal,01 - Functioning,2,0,0,0,01 - Minimal,1,1,,,,375048.4467,5031118.842,45.41647838,-75.60243599,2620
15--12363,2015/10/22,3:19 PM,BANK ST @ WALKLEY RD (0011423),11423,02 - Intersection related,03 - P.D. only,03 - Rear end,01 - Clear,01 - Daylight,01 - Dry,01 - Traffic signal,01 - Functioning,2,0,0,0,,0,,,,,370337.852,5025946.654,45.37039796,-75.66330358,2621
15--12364,2015/10/22,3:25 PM,HIGHWAY 417 btwn HWY417 IC127 RAMP25 & HWY417 IC126 RAMP51 (__3ZA2XA),__3ZA2XA,01 - Non intersection,03 - P.D. only,03 - Rear end,01 - Clear,01 - Daylight,01 - Dry,10 - No control,,2,0,0,0,,0,,,,,362923.9192,5025487.437,45.36692008,-75.75799993,2622
15--12365,2015/10/22,4:00 PM,HIGHWAY 417 btwn HWY417 IC126 RAMP61 & HWY417 IC124 RAMP76 (__3ZA2Y2),__3ZA2Y2,01 - Non intersection,03 - P.D. only,03 - Rear end,01 - Clear,01 - Daylight,01 - Dry,10 - No control,,2,0,0,0,,0,,,,,363671.9337,5026535.813,45.3762908,-75.74832677,2623
15--12366,2015/10/22,4:27 PM,CARP RD btwn HWY417 IC144 RAMP16 & HWY417 IC144 RAMP35 (__3ZA3F4),__3ZA3F4,01 - Non intersection,02 - Non-fatal injury,03 - Rear end,01 - Clear,01 - Daylight,01 - Dry,10 - No control,,2,0,0,0,02 - Minor,1,,1,,,347333.4726,5015890.695,45.28168515,-75.95783864,2624
15--12367,2015/10/22,4:50 PM,CROYDON AVE @ RICHMOND RD (0002652),2652,02 - Intersection related,03 - P.D. only,03 - Rear end,01 - Clear,01 - Daylight,01 - Dry,01 - Traffic signal,01 - Functioning,2,0,0,0,,0,,,,,360544.9661,5025274.322,45.36519573,-75.78839088,2625
15--12368,2015/10/22,4:50 PM,BOUNDARY RD btwn EIGHTH LINE RD & HWY417 IC96 RAMP61 (__3ZA3YB),__3ZA3YB,05 - At railway crossing,03 - P.D. only,99 - Other,01 - Clear,01 - Daylight,01 - Dry,10 - No control,,2,0,0,0,,0,,,,,386581.4705,5025962.296,45.36883149,-75.45595617,2626
15--12369,2015/10/22,4:51 PM,WEST HUNT CLUB RD @ ANTARES DR/LASER ST (0000116),116,02 - Intersection related,03 - P.D. only,03 - Rear end,01 - Clear,01 - Daylight,01 - Dry,01 - Traffic signal,01 - Functioning,2,0,0,0,,0,,,,,367107.7113,5022080.421,45.335905,-75.70502466,2627
15--1237,2015/01/20,2:05 PM,BROAD ST @ OTTAWA RIVER PKWY (0011719),11719,02 - Intersection related,02 - Non-fatal injury,03 - Rear end,01 - Clear,01 - Daylight,01 - Dry,01 - Traffic signal,01 - Functioning,2,0,0,0,01 - Minimal,1,1,,,,366124.4302,5030906.499,45.41540682,-75.71647302,2628
15--12370,2015/10/22,5:13 PM,OTTAWA RIVER PKWY WB btwn TRANSIT & TURN LANE (__3ZA23O),__3ZA23O,01 - Non intersection,03 - P.D. only,07 - SMV other,01 - Clear,01 - Daylight,01 - Dry,10 - No control,,1,0,0,0,,0,,,,,363219.2819,5029367.872,45.40181112,-75.75377046,2629
15--12371,2015/10/22,5:14 PM,QUEEN MARY ST @ VANIER PKWY (0007648),7648,02 - Intersection related,03 - P.D. only,03 - Rear end,01 - Clear,01 - Daylight,01 - Dry,01 - Traffic signal,01 - Functioning,2,0,0,0,,0,,,,,370364.4312,5031957.225,45.42447639,-75.6621654,2630
15--12372,2015/10/22,6:00 PM,EARL ARMSTRONG RD @ LIMEBANK RD (0004456),4456,02 - Intersection related,03 - P.D. only,03 - Rear end,01 - Clear,01 - Daylight,01 - Dry,01 - Traffic signal,01 - Functioning,2,0,0,0,,0,,,,,370156.4429,5015961.173,45.28056797,-75.66693733,2631
15--12373,2015/10/22,6:18 PM,LONGFIELDS DR @ WOODROFFE AVE (0000096),96,03 - At intersection,02 - Non-fatal injury,05 - Turning movement,01 - Clear,05 - Dusk,01 - Dry,01 - Traffic signal,01 - Functioning,2,0,0,0,02 - Minor,1,,1,,,365421.1699,5017107.705,45.29130869,-75.72714945,2632
15--12374,2015/10/22,6:20 PM,MONTREAL RD @ ST. LAURENT BLVD (0002604),2604,02 - Intersection related,03 - P.D. only,01 - Approaching,01 - Clear,07 - Dark,01 - Dry,01 - Traffic signal,01 - Functioning,2,0,0,0,,0,,,,,371545.8834,5033817.053,45.44109854,-75.64681741,2633
15--12375,2015/10/22,6:45 AM,HIGHWAY 417 btwn HWY417 IC129 RAMP51 & HWY417 IC129 RAMP35 (__3ZA2X9),__3ZA2X9,01 - Non intersection,03 - P.D. only,04 - Sideswipe,01 - Clear,03 - Dawn,02 - Wet,10 - No control,,2,0,0,0,,0,,,,,360246.6923,5023363.452,45.34802543,-75.79241252,2634
15--12376,2015/10/22,6:49 AM,GREENBANK RD btwn BANNER RD & CANFIELD RD (__3ZA4YY),__3ZA4YY,01 - Non intersection,03 - P.D. only,03 - Rear end,01 - Clear,03 - Dawn,01 - Dry,10 - No control,,3,0,0,0,,0,,,,,361067.0402,5021459.267,45.33082627,-75.78216095,2635
15--12377,2015/10/22,6:55 AM,GREENBANK RD btwn WEST HUNT CLUB RD & FALLOWFIELD RD (__3ZA1NE),__3ZA1NE,01 - Non intersection,03 - P.D. only,07 - SMV other,01 - Clear,03 - Dawn,02 - Wet,10 - No control,,1,0,0,0,,0,,,,,362782.5643,5017421.937,45.29435881,-75.76074904,2636
15--12378,2015/10/22,7:00 AM,RUSSELL RD @ SOUTHVALE CRES S (0002649),2649,03 - At intersection,03 - P.D. only,02 - Angle,01 - Clear,03 - Dawn,02 - Wet,01 - Traffic signal,01 - Functioning,2,0,0,0,,0,,,,,374458.2796,5028633.394,45.39417457,-75.61032676,2637
15--12379,2015/10/22,7:23 AM,BROOKFIELD RD btwn RIVERSIDE DR/HOG'S BACK RD & 200 W OF FLANNERY DR (__3ZA225A),__3ZA225A,01 - Non intersection,02 - Non-fatal injury,04 - Sideswipe,02 - Rain,01 - Daylight,02 - Wet,10 - No control,,2,0,0,0,01 - Minimal,1,1,,,,368187.8572,5026222.159,45.37307464,-75.69071358,2638
15--1238,2015/01/20,2:12 PM,BRONSON AVE @ CARLING AVE/GLEBE AVE (0002134),2134,02 - Intersection related,03 - P.D. only,03 - Rear end,01 - Clear,01 - Daylight,02 - Wet,01 - Traffic signal,01 - Functioning,2,0,0,0,,0,,,,,367447.707,5029335.08,45.40115044,-75.69976717,2639
15--12380,2015/10/22,7:41 AM,HERZBERG RD @ CARLING AVE (0003193),3193,02 - Intersection related,03 - P.D. only,03 - Rear end,01 - Clear,01 - Daylight,02 - Wet,01 - Traffic signal,01 - Functioning,2,0,0,0,,0,,,,,352037.62,5022300.132,45.33905842,-75.89726847,2640
15--12381,2015/10/22,8:05 AM,HERON RD @ ALTA VISTA DR (0007188),7188,02 - Intersection related,03 - P.D. only,03 - Rear end,01 - Clear,01 - Daylight,02 - Wet,01 - Traffic signal,01 - Functioning,3,0,0,0,,0,,,,,370492.0017,5026902.177,45.378981,-75.66120872,2641
15--12382,2015/10/22,8:08 AM,EAGLESON RD @ FALLOWFIELD RD (0000118),118,02 - Intersection related,02 - Non-fatal injury,03 - Rear end,01 - Clear,01 - Daylight,02 - Wet,01 - Traffic signal,01 - Functioning,2,0,0,0,01 - Minimal,2,2,,,,355962.3548,5012594.766,45.2514526,-75.84819495,2642
15--12383,2015/10/22,8:20 AM,HIGHWAY 417 btwn HWY417 IC120A RAMP52 & HWY417 IC119B RAMP57 (__3ZA2R1),__3ZA2R1,01 - Non intersection,03 - P.D. only,03 - Rear end,01 - Clear,01 - Daylight,02 - Wet,10 - No control,,2,0,0,0,,0,,,,,368064.2541,5030180.207,45.40869918,-75.69178403,2643
15--12384,2015/10/22,8:45 PM,ROBERTSON RD btwn HAANEL DR & MILL HILL RD (__3ZA41V),__3ZA41V,01 - Non intersection,03 - P.D. only,07 - SMV other,01 - Clear,07 - Dark,01 - Dry,10 - No control,,1,0,0,0,,0,,,,,355246.2616,5019357.177,45.31235391,-75.85662995,2644
15--12385,2015/10/22,8:53 AM,HOG'S BACK RD btwn PRINCE OF WALES DR & COLONEL BY DR (__3ZA22U),__3ZA22U,01 - Non intersection,02 - Non-fatal injury,04 - Sideswipe,01 - Clear,01 - Daylight,01 - Dry,10 - No control,,3,0,0,0,02 - Minor,3,,3,,,367400.027,5025707.531,45.36851496,-75.7008362,2645
15--12386,2015/10/22,9:00 AM,HIGHWAY 417 btwn HWY417 IC118 RAMP76 & HWY417 IC118 RAMP67 (__3ZA2YR),__3ZA2YR,01 - Non intersection,03 - P.D. only,03 - Rear end,01 - Clear,01 - Daylight,01 - Dry,10 - No control,,2,0,0,0,,0,,,,,369483.0267,5031073.348,45.41660566,-75.67354354,2646
15--12387,2015/10/22,9:30 AM,FALLOWFIELD RD @ VIA PARK PL/275 W OF WOODROFFE AVE (0010154),10154,03 - At intersection,03 - P.D. only,05 - Turning movement,01 - Clear,01 - Daylight,01 - Dry,01 - Traffic signal,01 - Functioning,2,0,0,0,,0,,,,,364846.5166,5017764.94,45.29727179,-75.73439538,2647