Anom_ID,Accident_Date,Accident_Time,Location,Geo_ID,Accident_Location,Classification_of_Accident,Initial_Impact_Type,Environment_Condition,Light,Road_Surface_Condition,Traffic_Control,Traffic_Control_Condition,No__of_Vehicles,No__of_Bicycles,No__of_Motorcycles,No__of_Pedestrians,Max_Injury,No__of_Injuries,No__of_Minimal,No__of_Minor,No__of_Major,No__of_Fatal,X,Y,Latitude,Longitude,ObjectId
15--12388,2015/10/23,1:21 PM,INDUSTRIAL AVE btwn TRAINYARDS DR & RUSSELL RD (__3ZA3R9),__3ZA3R9,04 - At/near private drive,02 - Non-fatal injury,02 - Angle,01 - Clear,01 - Daylight,01 - Dry,10 - No control,,2,0,0,0,02 - Minor,1,,1,,,371930.3444,5030488.638,45.41111418,-75.64235721,2648
15--12389,2015/10/23,1:50 PM,STAGECOACH RD btwn DALMENY RD & FAWN LANE (__3ZAZ9V),__3ZAZ9V,01 - Non intersection,02 - Non-fatal injury,07 - SMV other,01 - Clear,01 - Daylight,01 - Dry,10 - No control,,1,0,0,0,03 - Major,1,,,1,,378262.2738,4998355.79,45.12135958,-75.5662248,2649
15--1239,2015/01/20,2:15 PM,CAHILL DR @ HUNT CLUB RD (0011394),11394,02 - Intersection related,03 - P.D. only,03 - Rear end,01 - Clear,01 - Daylight,01 - Dry,01 - Traffic signal,01 - Functioning,2,0,0,0,,0,,,,,372407.7347,5024542.027,45.35756303,-75.63707333,2650
15--12390,2015/10/23,1:55 PM,MCLEOD ST W @ METCALFE ST (0007266),7266,02 - Intersection related,03 - P.D. only,04 - Sideswipe,01 - Clear,01 - Daylight,01 - Dry,01 - Traffic signal,01 - Functioning,2,0,0,0,,0,,,,,368271.3427,5030686.098,45.41323228,-75.68907355,2651
15--12391,2015/10/23,1:55 PM,BLAIR RD @ OGILVIE RD (0004120),4120,02 - Intersection related,03 - P.D. only,03 - Rear end,01 - Clear,01 - Daylight,01 - Dry,01 - Traffic signal,01 - Functioning,2,0,0,0,,0,,,,,374507.7237,5033198.935,45.43524801,-75.60904958,2652
15--12392,2015/10/23,10:33 AM,BEAVERPOND DR @ BLAIR RD (0004166),4166,03 - At intersection,02 - Non-fatal injury,03 - Rear end,01 - Clear,01 - Daylight,01 - Dry,01 - Traffic signal,00 - Unknown,2,0,0,0,02 - Minor,1,,1,,,375400.2369,5031875.328,45.42324941,-75.59783333,2653
15--12393,2015/10/23,10:45 AM,HIGHWAY 417 btwn HWY417 IC129 RAMP25 & HWY417 IC129 RAMP35 (__3ZAYFR),__3ZAYFR,01 - Non intersection,02 - Non-fatal injury,03 - Rear end,01 - Clear,01 - Daylight,01 - Dry,10 - No control,,5,0,0,0,02 - Minor,1,,1,,,360481.6978,5023543.795,45.34962953,-75.7893934,2654
15--12394,2015/10/23,11:40 AM,PARKDALE AVE @ GLADSTONE AVE (0002362),2362,02 - Intersection related,02 - Non-fatal injury,03 - Rear end,01 - Clear,01 - Daylight,01 - Dry,01 - Traffic signal,01 - Functioning,2,0,0,0,01 - Minimal,1,1,,,,365215.981,5029118.201,45.39939516,-75.72829812,2655
15--12395,2015/10/23,11:45 PM,LOUISA ST btwn LEBRETON ST N & BELL ST N (__3ZAAJS),__3ZAAJS,04 - At/near private drive,02 - Non-fatal injury,07 - SMV other,01 - Clear,07 - Dark,01 - Dry,10 - No control,,1,0,0,1,01 - Minimal,1,1,,,,366974.1841,5029846.151,45.40579113,-75.70575071,2656
15--12396,2015/10/23,11:49 PM,KNOXDALE RD btwn CRAIG HENRY DR & WOODROFFE AVE (__3ZA3I8),__3ZA3I8,01 - Non intersection,03 - P.D. only,07 - SMV other,01 - Clear,07 - Dark,01 - Dry,10 - No control,,1,0,0,0,,0,,,,,363380.6095,5021807.451,45.3337699,-75.75260635,2657
15--12397,2015/10/23,12:03 AM,HUNTMAR DR btwn BRADLEY SIDE RD & RICHARDSON SIDE RD (__3ZACWB),__3ZACWB,01 - Non intersection,03 - P.D. only,07 - SMV other,01 - Clear,07 - Dark,01 - Dry,10 - No control,,1,0,0,0,,0,,,,,348090.4611,5019118.077,45.31068002,-75.94790825,2658
15--12398,2015/10/23,12:12 PM,BURTON RD btwn FRONTIER RD & TO BE DETERMINED (__3ZA6VW),__3ZA6VW,01 - Non intersection,02 - Non-fatal injury,07 - SMV other,01 - Clear,01 - Daylight,01 - Dry,10 - No control,,1,0,0,0,02 - Minor,1,,1,,,390381.9756,5020297.014,45.31740693,-75.40842665,2659
15--12399,2015/10/23,2:02 PM,GLADSTONE AVE @ PRESTON ST (0002212),2212,02 - Intersection related,03 - P.D. only,04 - Sideswipe,01 - Clear,01 - Daylight,01 - Dry,01 - Traffic signal,01 - Functioning,2,0,0,0,,0,,,,,366489.706,5029711.477,45.40462223,-75.71195597,2660
15--124,2015/01/04,1:38 PM,EAGLESON RD @ FALLOWFIELD RD (0000118),118,03 - At intersection,02 - Non-fatal injury,05 - Turning movement,02 - Rain,01 - Daylight,02 - Wet,01 - Traffic signal,01 - Functioning,2,0,0,0,01 - Minimal,3,3,,,,355959.7064,5012595.851,45.25146256,-75.84822857,2661
15--1240,2015/01/20,2:17 PM,RICHMOND RD @ HOLLY ACRES RD/NANAIMO DR (0001068),1068,03 - At intersection,03 - P.D. only,02 - Angle,01 - Clear,01 - Daylight,01 - Dry,01 - Traffic signal,01 - Functioning,3,0,0,0,,0,,,,,359058.6716,5022747.05,45.34257194,-75.80764003,2662
15--12400,2015/10/23,2:30 PM,BELFAST RD btwn TRAINYARDS DR & ST. LAURENT BLVD (__3ZA79Z),__3ZA79Z,04 - At/near private drive,02 - Non-fatal injury,05 - Turning movement,01 - Clear,01 - Daylight,01 - Dry,10 - No control,,2,0,0,0,01 - Minimal,1,1,,,,372822.457,5030563.4,45.41170071,-75.63095076,2663
15--12401,2015/10/23,2:30 PM,LEWIS ST @ METCALFE ST (0007288),7288,03 - At intersection,03 - P.D. only,05 - Turning movement,01 - Clear,01 - Daylight,01 - Dry,02 - Stop sign,00 - Unknown,2,0,0,0,,0,,,,,368121.4328,5030923.936,45.41538585,-75.69095809,2664
15--12402,2015/10/23,2:42 PM,BANK ST @ STRATHCONA AVE (0007238),7238,02 - Intersection related,03 - P.D. only,04 - Sideswipe,01 - Clear,01 - Daylight,01 - Dry,01 - Traffic signal,01 - Functioning,2,0,0,0,,0,,,,,368136.5477,5030028.199,45.40732493,-75.69088009,2665
15--12403,2015/10/23,2:50 PM,HAZELDEAN RD @ TERRY FOX DR (0003682),3682,02 - Intersection related,03 - P.D. only,04 - Sideswipe,01 - Clear,01 - Daylight,01 - Dry,01 - Traffic signal,01 - Functioning,2,0,0,0,,0,,,,,352206.8903,5017241.37,45.29352713,-75.89559289,2666
15--12404,2015/10/23,3:37 PM,RIVERSIDE DR @ TREMBLAY RD/HWY417 IC117 RAMP52 (0010790),10790,02 - Intersection related,03 - P.D. only,03 - Rear end,01 - Clear,01 - Daylight,01 - Dry,01 - Traffic signal,01 - Functioning,2,0,0,0,,0,,,,,370802.0781,5031016.989,45.41597538,-75.65669936,2667
15--12405,2015/10/23,3:41 PM,BLAIR RD @ REGIONAL RD 174 N/OR174 IC112 RAMP61 (0003617),3617,03 - At intersection,03 - P.D. only,03 - Rear end,01 - Clear,01 - Daylight,01 - Dry,01 - Traffic signal,01 - Functioning,2,0,0,0,,0,,,,,374635.3416,5032991.388,45.43336789,-75.6074481,2668
15--12406,2015/10/23,3:44 PM,FALLOWFIELD RD @ GREENBANK RD (0000549),549,02 - Intersection related,03 - P.D. only,03 - Rear end,01 - Clear,01 - Daylight,01 - Dry,01 - Traffic signal,01 - Functioning,2,0,0,0,,0,,,,,363081.3977,5016731.733,45.28812363,-75.75702047,2669
15--12407,2015/10/23,3:50 PM,MAITLAND AVE btwn DUNCAN PL & LENESTER AVE (__3ZBOCE),__3ZBOCE,01 - Non intersection,02 - Non-fatal injury,03 - Rear end,01 - Clear,01 - Daylight,01 - Dry,10 - No control,,2,0,0,0,01 - Minimal,2,2,,,,363022.2415,5026289.9,45.37413239,-75.75665029,2670
15--12408,2015/10/23,4:04 PM,WALKLEY RD @ DON REID DR/RYDER ST (0008218),8218,03 - At intersection,03 - P.D. only,03 - Rear end,01 - Clear,01 - Daylight,01 - Dry,01 - Traffic signal,01 - Functioning,3,0,0,0,,0,,,,,372602.2339,5027283.277,45.38220895,-75.63421484,2671
15--12409,2015/10/23,4:15 PM,HOLLAND AVE @ WELLINGTON ST (0002364),2364,03 - At intersection,03 - P.D. only,03 - Rear end,01 - Clear,01 - Daylight,01 - Dry,01 - Traffic signal,01 - Functioning,2,0,0,0,,0,,,,,364928.7375,5029153.072,45.39973365,-75.73196254,2672
15--1241,2015/01/20,2:19 PM,WOODROFFE AVE @ KNOXDALE RD/MEDHURST DR (0000519),519,03 - At intersection,02 - Non-fatal injury,05 - Turning movement,01 - Clear,01 - Daylight,01 - Dry,01 - Traffic signal,01 - Functioning,2,0,0,0,01 - Minimal,2,2,,,,363420.6538,5021828.897,45.33395953,-75.75209295,2673
15--12410,2015/10/23,4:28 PM,PANMURE RD @ UPPER DWYER HILL RD (0011474),11474,03 - At intersection,02 - Non-fatal injury,02 - Angle,01 - Clear,01 - Daylight,01 - Dry,02 - Stop sign,01 - Functioning,2,0,0,0,01 - Minimal,1,1,,,,329340.7303,5019814.011,45.31784797,-76.18698782,2674
15--12411,2015/10/23,4:32 PM,HAZELDEAN RD btwn EDGEWATER ST & YOUNG RD (__3ZA3DM),__3ZA3DM,04 - At/near private drive,03 - P.D. only,03 - Rear end,01 - Clear,01 - Daylight,01 - Dry,10 - No control,,4,0,0,0,,0,,,,,352397.8399,5017422.436,45.2951435,-75.89314116,2675
15--12412,2015/10/23,4:39 PM,CYRVILLE RD btwn LABRIE AVE & STAR TOP RD (__3ZA3SO),__3ZA3SO,04 - At/near private drive,03 - P.D. only,02 - Angle,01 - Clear,01 - Daylight,01 - Dry,10 - No control,,2,0,0,0,,0,,,,,373816.7554,5031523.968,45.42024607,-75.61811467,2676
15--12413,2015/10/23,4:44 PM,LEGGET DR btwn TERRY FOX DR & SOLANDT RD (__3ZA48S),__3ZA48S,04 - At/near private drive,02 - Non-fatal injury,05 - Turning movement,01 - Clear,01 - Daylight,01 - Dry,10 - No control,,2,0,0,0,02 - Minor,2,1,1,,,350197.9283,5023353.916,45.34866206,-75.92064419,2677
15--12414,2015/10/23,4:56 PM,RICHMOND RD btwn CROYDON AVE & ASSALY RD (__3ZA2XS),__3ZA2XS,01 - Non intersection,03 - P.D. only,03 - Rear end,01 - Clear,01 - Daylight,01 - Dry,10 - No control,,2,0,0,0,,0,,,,,360660.4847,5025456.102,45.36682218,-75.7868958,2678
15--12415,2015/10/23,5:13 PM,CONROY RD @ WALKLEY RD (0002648),2648,02 - Intersection related,02 - Non-fatal injury,03 - Rear end,01 - Clear,01 - Daylight,01 - Dry,01 - Traffic signal,01 - Functioning,2,0,0,0,01 - Minimal,1,1,,,,372903.7226,5027463.531,45.38380156,-75.63034062,2679
15--12416,2015/10/23,5:41 PM,BRIAN COBURN BLVD @ ESPRIT DR (0013113),13113,02 - Intersection related,02 - Non-fatal injury,03 - Rear end,01 - Clear,05 - Dusk,01 - Dry,02 - Stop sign,01 - Functioning,2,0,0,0,02 - Minor,1,,1,,,385142.5942,5035344.819,45.45341368,-75.47279301,2680
15--12417,2015/10/23,6:35 PM,COVENTRY RD @ 230 W OF ST. LAURENT BLVD/ST. LA (0008535),8535,02 - Intersection related,02 - Non-fatal injury,03 - Rear end,01 - Clear,07 - Dark,01 - Dry,01 - Traffic signal,01 - Functioning,3,0,0,0,01 - Minimal,1,1,,,,372081.17,5031933.885,45.42410338,-75.64023318,2681
15--12418,2015/10/23,6:55 AM,DWYER HILL RD @ FLEWELLYN RD (0005284),5284,03 - At intersection,03 - P.D. only,02 - Angle,01 - Clear,07 - Dark,01 - Dry,02 - Stop sign,01 - Functioning,2,0,0,0,,0,,,,,343839.5085,5004008.407,45.1749648,-76.00330551,2682
15--12419,2015/10/23,6:58 AM,OTTAWA RIVER PKWY @ ISLAND PARK DR (0002127),2127,02 - Intersection related,02 - Non-fatal injury,03 - Rear end,01 - Clear,03 - Dawn,01 - Dry,01 - Traffic signal,01 - Functioning,2,0,0,0,02 - Minor,2,,2,,,363296.1504,5029448.401,45.40252928,-75.75277909,2683
15--1242,2015/01/20,2:40 PM,KING EDWARD AVE @ ST. PATRICK ST (0002714),2714,02 - Intersection related,03 - P.D. only,03 - Rear end,03 - Snow,01 - Daylight,04 - Slush,01 - Traffic signal,00 - Unknown,3,0,0,0,,0,,,,,368248.7013,5032822.143,45.43245373,-75.68908768,2684
15--11909,2015/10/11,3:12 PM,WOODROFFE AVE btwn GRENFELL CRES & SLACK RD (__3ZA3IA),__3ZA3IA,01 - Non intersection,03 - P.D. only,03 - Rear end,01 - Clear,01 - Daylight,01 - Dry,10 - No control,,2,0,0,0,,0,,,,,364295.6655,5019836.22,45.31595593,-75.74116959,2685
15--12075,2015/10/15,6:31 PM,HAZELDEAN RD @ HUNTMAR DR/IBER RD (0000075),75,02 - Intersection related,03 - P.D. only,03 - Rear end,01 - Clear,07 - Dark,01 - Dry,01 - Traffic signal,01 - Functioning,2,0,0,0,,0,,,,,350943.3186,5016078.351,45.28314605,-75.91180992,2686
15--12439,2015/10/24,2:39 PM,CARLING AVE @ WOODROFFE AVE W (0011470),11470,02 - Intersection related,02 - Non-fatal injury,03 - Rear end,01 - Clear,01 - Daylight,01 - Dry,01 - Traffic signal,01 - Functioning,3,0,0,0,02 - Minor,1,,1,,,361767.6836,5025725.153,45.36915396,-75.77273162,2687
15--12525,2015/10/27,10:43 AM,FISHER AVE btwn MCCOOEY LANE & BASELINE RD (__3ZA4JS),__3ZA4JS,01 - Non intersection,03 - P.D. only,04 - Sideswipe,01 - Clear,01 - Daylight,01 - Dry,10 - No control,,2,0,0,0,,0,,,,,366055.0513,5026289.635,45.37387146,-75.7179326,2688
15--1191,2015/01/19,12:37 PM,YORK ST WB btwn CUMBERLAND ST & SPLIT (__3ZA82X),__3ZA82X,04 - At/near private drive,03 - P.D. only,05 - Turning movement,01 - Clear,01 - Daylight,02 - Wet,10 - No control,,2,0,0,0,,0,,,,,368203.8493,5032508.276,45.42963373,-75.68970127,2689
15--1244,2015/01/20,2:57 PM,MONTREAL RD @ DEN HAAG DR/LANG'S RD (0010798),10798,02 - Intersection related,02 - Non-fatal injury,03 - Rear end,01 - Clear,01 - Daylight,04 - Slush,01 - Traffic signal,01 - Functioning,2,0,0,0,02 - Minor,1,,1,,,372386.718,5034222.066,45.44466187,-75.63601499,2690
15--12526,2015/10/27,11:53 AM,COBOURG ST @ OLD ST. PATRICK ST (0007613),7613,03 - At intersection,02 - Non-fatal injury,05 - Turning movement,01 - Clear,01 - Daylight,01 - Dry,02 - Stop sign,00 - Unknown,2,0,0,0,02 - Minor,1,,1,,,368822.6334,5033173.111,45.43555929,-75.68170759,2691
15--11910,2015/10/11,3:43 PM,ST. JOSEPH BLVD @ FOREST VALLEY DR/YOUVILLE DR (0004440),4440,03 - At intersection,03 - P.D. only,02 - Angle,01 - Clear,01 - Daylight,01 - Dry,01 - Traffic signal,01 - Functioning,2,0,0,0,,0,,,,,379165.4618,5036155.509,45.4613693,-75.54907904,2692
15--12440,2015/10/24,3:20 AM,BRONSON AVE @ CATHERINE ST/RAYMOND ST (0007198),7198,03 - At intersection,03 - P.D. only,02 - Angle,01 - Clear,07 - Dark,01 - Dry,01 - Traffic signal,01 - Functioning,2,0,0,0,,0,,,,,367252.7085,5029797.648,45.40532992,-75.70219916,2693
15--12527,2015/10/27,11:57 AM,QUEENSVIEW DR btwn PINECREST RD & END (__3ZABK9),__3ZABK9,04 - At/near private drive,03 - P.D. only,05 - Turning movement,01 - Clear,01 - Daylight,01 - Dry,10 - No control,,2,0,0,0,,0,,,,,360706.2773,5023952.911,45.35329288,-75.7864813,2694
15--12076,2015/10/15,6:35 AM,HIGHWAY 417 btwn Continuation of HIGHWAY 417 & HWY417 IC134 RAMP51 (__3ZA29B),__3ZA29B,01 - Non intersection,02 - Non-fatal injury,03 - Rear end,01 - Clear,07 - Dark,01 - Dry,10 - No control,,3,0,0,0,01 - Minimal,2,2,,,,355528.3291,5021711.442,45.3335176,-75.85279164,2695
15--11911,2015/10/11,3:47 PM,HUNTMAR DR @ WELDALE DR (0009042),9042,02 - Intersection related,03 - P.D. only,03 - Rear end,01 - Clear,01 - Daylight,01 - Dry,02 - Stop sign,01 - Functioning,2,0,0,0,,0,,,,,344459.1084,5023207.74,45.34769471,-75.99389007,2696
15--12441,2015/10/24,3:56 PM,CEDARVIEW RD btwn BASELINE RD & BRUIN RD (__3ZAZMH),__3ZAZMH,01 - Non intersection,02 - Non-fatal injury,07 - SMV other,01 - Clear,01 - Daylight,01 - Dry,10 - No control,,1,0,1,0,02 - Minor,1,,1,,,358975.5928,5021528.544,45.3316142,-75.80883347,2697
15--12528,2015/10/27,Unknown,PAUL METIVIER DR btwn GLENDORE ST & TAPESTRY DR (__6REWOM),__6REWOM,01 - Non intersection,03 - P.D. only,06 - SMV unattended vehicle,01 - Clear,00 - Unknown,01 - Dry,10 - No control,,1,0,0,0,,0,,,,,365884.9673,5014708.932,45.26968449,-75.72153234,2698
15--12529,2015/10/27,Unknown,EWING ST btwn CLIFFORD PRIV & WELSH PRIV (__3ZA8NB),__3ZA8NB,01 - Non intersection,03 - P.D. only,06 - SMV unattended vehicle,01 - Clear,00 - Unknown,01 - Dry,10 - No control,,1,0,0,0,,0,,,,,373670.8993,5026340.368,45.37362082,-75.62070187,2699
15--1253,2015/01/20,4:15 PM,HIGHWAY 417 btwn HWY417 IC120B RAMP36 & HWY417 IC119B RAMP76 (__3ZA2YU),__3ZA2YU,01 - Non intersection,03 - P.D. only,03 - Rear end,01 - Clear,01 - Daylight,01 - Dry,10 - No control,,2,0,0,0,,0,,,,,368110.718,5030235.959,45.40919662,-75.69118335,2700
15--12530,2015/10/27,12:10 PM,SWEETLAND AVE btwn SOMERSET ST E & TEMPLETON ST (__3ZA9OV),__3ZA9OV,04 - At/near private drive,03 - P.D. only,99 - Other,01 - Clear,01 - Daylight,01 - Dry,10 - No control,,2,0,0,0,,0,,,,,369227.761,5031722.956,45.42247414,-75.67671979,2701
15--12531,2015/10/27,2:37 PM,BRONSON AVE @ POWELL AVE (0007212),7212,03 - At intersection,02 - Non-fatal injury,07 - SMV other,01 - Clear,01 - Daylight,01 - Dry,01 - Traffic signal,01 - Functioning,1,0,0,1,02 - Minor,1,,1,,,367388.0591,5029477.304,45.40243546,-75.70051096,2702
15--12532,2015/10/27,2:41 PM,WOODROFFE AVE btwn HWY417 IC127 RAMP53 & IRIS ST (__3ZA4L2),__3ZA4L2,01 - Non intersection,02 - Non-fatal injury,03 - Rear end,01 - Clear,01 - Daylight,01 - Dry,10 - No control,,2,0,0,0,01 - Minimal,1,1,,,,362213.5029,5024614.853,45.3591272,-75.76716961,2703
15--12533,2015/10/27,2:42 PM,HINCKS LANE @ RIVERSIDE DR (0011354),11354,02 - Intersection related,02 - Non-fatal injury,03 - Rear end,01 - Clear,01 - Daylight,01 - Dry,01 - Traffic signal,01 - Functioning,2,0,0,0,01 - Minimal,2,2,,,,370165.7974,5030206.255,45.40874044,-75.66493568,2704
15--12534,2015/10/27,3:00 PM,TERRY FOX DR @ PALLADIUM DR/KATIMAVIK RD (0011858),11858,02 - Intersection related,03 - P.D. only,03 - Rear end,01 - Clear,01 - Daylight,01 - Dry,01 - Traffic signal,01 - Functioning,2,0,0,0,,0,,,,,351269.718,5018182.136,45.302055,-75.90745241,2705
15--12535,2015/10/27,3:14 PM,MONTREAL RD @ OGILVIE RD (0009279),9279,02 - Intersection related,03 - P.D. only,04 - Sideswipe,01 - Clear,01 - Daylight,01 - Dry,01 - Traffic signal,01 - Functioning,2,0,0,0,,0,,,,,375653.7211,5034557.347,45.44735501,-75.59420858,2706
15--12536,2015/10/27,3:22 PM,BANK ST @ CHAMBERLAIN AVE N/ISABELLA ST (0002132),2132,02 - Intersection related,03 - P.D. only,04 - Sideswipe,01 - Clear,01 - Daylight,01 - Dry,01 - Traffic signal,01 - Functioning,2,0,0,0,,0,,,,,368082.7121,5030166.202,45.4085715,-75.69155005,2707
15--12537,2015/10/27,3:23 PM,GLADSTONE AVE @ O'CONNOR ST (0002710),2710,03 - At intersection,03 - P.D. only,05 - Turning movement,01 - Clear,01 - Daylight,01 - Dry,01 - Traffic signal,01 - Functioning,2,0,0,0,,0,,,,,368073.9892,5030658.57,45.41300246,-75.69159827,2708
15--12538,2015/10/27,3:40 PM,HUNT CLUB RD @ RIVERSIDE DR (0002237),2237,02 - Intersection related,03 - P.D. only,03 - Rear end,01 - Clear,01 - Daylight,01 - Dry,01 - Traffic signal,01 - Functioning,2,0,0,0,,0,,,,,368036.703,5021945.138,45.33460464,-75.69319025,2709
15--12539,2015/10/27,3:52 PM,HIGHWAY 417 btwn HWY417 IC117 RAMP51 & HWY417 IC117 RAMP35 (__3ZA2YN),__3ZA2YN,01 - Non intersection,02 - Non-fatal injury,03 - Rear end,01 - Clear,01 - Daylight,01 - Dry,10 - No control,,3,0,0,0,02 - Minor,1,,1,,,370681.5005,5031166.088,45.41732828,-75.65821986,2710
15--1254,2015/01/20,4:27 PM,RICHARDSON SIDE RD @ TERRY FOX DR (0013651),13651,03 - At intersection,03 - P.D. only,05 - Turning movement,01 - Clear,01 - Daylight,01 - Dry,01 - Traffic signal,01 - Functioning,2,0,0,0,,0,,,,,348803.086,5019506.072,45.31412702,-75.93878598,2711
15--12540,2015/10/27,3:57 PM,SIXTH LINE RD/TORWOOD DR @ THOMAS A. DOLAN PKW (0008220),8220,03 - At intersection,03 - P.D. only,02 - Angle,01 - Clear,01 - Daylight,01 - Dry,02 - Stop sign,01 - Functioning,2,0,0,0,,0,,,,,345452.624,5034182.37,45.44639005,-75.98030738,2712
15--12541,2015/10/27,4:09 PM,DORIMA ST @ INNES RD (0012920),12920,03 - At intersection,03 - P.D. only,02 - Angle,01 - Clear,01 - Daylight,01 - Dry,02 - Stop sign,01 - Functioning,2,0,0,0,,0,,,,,384312.0399,5036322.561,45.4623055,-75.48325214,2713
15--12542,2015/10/27,4:15 PM,MAPLE GROVE RD @ TERRY FOX DR (0003177),3177,03 - At intersection,02 - Non-fatal injury,07 - SMV other,01 - Clear,01 - Daylight,01 - Dry,01 - Traffic signal,01 - Functioning,1,0,0,1,02 - Minor,1,,1,,,351554.3293,5017864.104,45.29917438,-75.90385345,2714
15--12543,2015/10/27,5:05 PM,GLADSTONE AVE btwn BAYSWATER AVE & BREEZEHILL AVE N (__3ZA3Z9),__3ZA3Z9,04 - At/near private drive,03 - P.D. only,02 - Angle,01 - Clear,01 - Daylight,01 - Dry,10 - No control,,2,0,0,0,,0,,,,,366047.6431,5029500.679,45.40276434,-75.71762867,2715
15--12544,2015/10/27,5:12 PM,AIRPORT PKWY btwn RAMP & TO BE DETERMINED (__3ZA222),__3ZA222,01 - Non intersection,03 - P.D. only,03 - Rear end,01 - Clear,05 - Dusk,01 - Dry,10 - No control,,2,0,0,0,,0,,,,,370006.8072,5025623.058,45.36751722,-75.66757216,2716
15--12545,2015/10/27,6:00 AM,ANDERSON RD btwn DOLMAN RIDGE RD & RIDGE RD (__3ZA2B6),__3ZA2B6,01 - Non intersection,03 - P.D. only,07 - SMV other,01 - Clear,07 - Dark,01 - Dry,10 - No control,,1,0,0,0,,0,,,,,379023.2709,5028529.073,45.39276697,-75.55204631,2717
15--12546,2015/10/27,6:55 AM,EARL ARMSTRONG RD btwn CANYON WALK DR & LIMEBANK RD (__5SPCQJ),__5SPCQJ,01 - Non intersection,03 - P.D. only,07 - SMV other,01 - Clear,07 - Dark,01 - Dry,10 - No control,,1,0,0,0,,0,,,,,369989.4345,5015885.673,45.27990414,-75.66907579,2718
15--12547,2015/10/27,7:03 AM,LAURIER AVE @ NICHOLAS ST (0010711),10711,02 - Intersection related,03 - P.D. only,03 - Rear end,01 - Clear,01 - Daylight,01 - Dry,01 - Traffic signal,01 - Functioning,2,0,0,0,,0,,,,,368373.637,5031798.992,45.42323643,-75.68762316,2719
15--12548,2015/10/27,7:05 AM,CARLING AVE btwn RICHARDSON SIDE RD & HERZBERG RD (__3ZBOBG),__3ZBOBG,01 - Non intersection,03 - P.D. only,07 - SMV other,01 - Clear,01 - Daylight,01 - Dry,10 - No control,,1,0,0,0,,0,,,,,351918.6808,5022284.064,45.33892183,-75.89878753,2720
15--12549,2015/10/27,7:09 PM,TIMM DR btwn EAGLESON RD & HAANEL DR (__3ZAZCZ),__3ZAZCZ,01 - Non intersection,03 - P.D. only,07 - SMV other,01 - Clear,07 - Dark,01 - Dry,10 - No control,,1,0,0,0,,0,,,,,353373.9034,5019557.182,45.31428561,-75.88048816,2721
15--1255,2015/01/20,4:30 PM,CARLING AVE @ FAIRLAWN AVE/WOODROFFE AVE E (0002393),2393,03 - At intersection,02 - Non-fatal injury,05 - Turning movement,01 - Clear,01 - Daylight,01 - Dry,01 - Traffic signal,01 - Functioning,2,0,0,0,01 - Minimal,2,2,,,,361934.6841,5025830.528,45.37008852,-75.77058762,2722
15--12550,2015/10/27,7:37 PM,SHAKESPEARE ST btwn STE. ANNE ST & GRANVILLE ST (__3ZA8XL),__3ZA8XL,01 - Non intersection,03 - P.D. only,06 - SMV unattended vehicle,01 - Clear,07 - Dark,01 - Dry,10 - No control,,1,0,0,0,,0,,,,,370676.3741,5033658.14,45.43975119,-75.65795201,2723
15--12551,2015/10/27,8:28 AM,LONGFIELDS DR btwn DEERCROFT AVE & STRANDHERD DR (__4VGUPF),__4VGUPF,04 - At/near private drive,03 - P.D. only,05 - Turning movement,01 - Clear,01 - Daylight,01 - Dry,10 - No control,,2,0,0,0,,0,,,,,364523.462,5015218.699,45.27438831,-75.73882051,2724
15--12552,2015/10/27,8:55 AM,HIGHWAY 417 btwn HWY417 IC126 RAMP61 & HWY417 IC124 RAMP76 (__3ZA2Y2),__3ZA2Y2,01 - Non intersection,03 - P.D. only,04 - Sideswipe,01 - Clear,01 - Daylight,01 - Dry,10 - No control,,2,0,0,0,,0,,,,,363671.5604,5026534.029,45.37627478,-75.74833175,2725
15--12553,2015/10/27,9:00 AM,INNES RD btwn BELCOURT BLVD & 260 E OF BELCOURT BLVD/WALMART SC (__3ZA3JWA),__3ZA3JWA,04 - At/near private drive,03 - P.D. only,02 - Angle,01 - Clear,01 - Daylight,01 - Dry,10 - No control,,2,0,0,0,,0,,,,,382331.9718,5035389.551,45.45413362,-75.5087152,2726
15--12554,2015/10/27,9:19 AM,HUNT CLUB RD @ DOWNPATRICK RD/MCCARTHY RD (0006931),6931,03 - At intersection,03 - P.D. only,02 - Angle,01 - Clear,01 - Daylight,01 - Dry,01 - Traffic signal,01 - Functioning,3,0,0,0,,0,,,,,370507.7344,5023400.869,45.34747586,-75.66147342,2727
15--12555,2015/10/27,9:29 AM,HAWTHORNE RD btwn AGES DR & STEVENAGE DR (__3ZA2E9),__3ZA2E9,04 - At/near private drive,03 - P.D. only,05 - Turning movement,01 - Clear,01 - Daylight,01 - Dry,10 - No control,,2,0,0,0,,0,,,,,375097.8216,5027410.474,45.38310743,-75.60233375,2728
15--12556,2015/10/27,9:40 AM,ISLAND PARK DR @ RICHMOND RD (0002125),2125,02 - Intersection related,03 - P.D. only,03 - Rear end,01 - Clear,01 - Daylight,01 - Dry,01 - Traffic signal,00 - Unknown,3,0,0,0,,0,,,,,364132.717,5028868.069,45.39723717,-75.74216367,2729