Anom_ID,Accident_Date,Accident_Time,Location,Geo_ID,Accident_Location,Classification_of_Accident,Initial_Impact_Type,Environment_Condition,Light,Road_Surface_Condition,Traffic_Control,Traffic_Control_Condition,No__of_Vehicles,No__of_Bicycles,No__of_Motorcycles,No__of_Pedestrians,Max_Injury,No__of_Injuries,No__of_Minimal,No__of_Minor,No__of_Major,No__of_Fatal,X,Y,Latitude,Longitude,ObjectId
15--12557,2015/10/28,1:40 PM,BYRON AVE @ HOLLAND AVE (0005636),5636,03 - At intersection,03 - P.D. only,07 - SMV other,02 - Rain,01 - Daylight,02 - Wet,02 - Stop sign,01 - Functioning,1,0,0,0,,0,,,,,365014.7003,5028958.195,45.3979728,-75.73088841,2730
15--12558,2015/10/28,1:51 PM,KIRKWOOD AVE @ RICHMOND RD (0002080),2080,02 - Intersection related,02 - Non-fatal injury,03 - Rear end,02 - Rain,01 - Daylight,02 - Wet,01 - Traffic signal,01 - Functioning,3,0,0,0,02 - Minor,1,,1,,,363779.4104,5028641.195,45.39522564,-75.74670306,2731
15--12559,2015/10/28,1:51 PM,INNES RD @ ORLEANS BLVD (0003611),3611,03 - At intersection,03 - P.D. only,05 - Turning movement,02 - Rain,01 - Daylight,02 - Wet,01 - Traffic signal,01 - Functioning,2,0,0,0,,0,,,,,380461.5158,5034294.601,45.44448713,-75.53279484,2732
15--1256,2015/01/20,4:32 PM,COLONEL BY DR @ HOG'S BACK RD (0002635),2635,02 - Intersection related,03 - P.D. only,03 - Rear end,01 - Clear,05 - Dusk,06 - Ice,01 - Traffic signal,01 - Functioning,2,0,0,0,,0,,,,,367598.1054,5025873.452,45.36999016,-75.69828665,2733
15--12560,2015/10/28,1:54 PM,KANATA AVE @ TERRY FOX DR (0012691),12691,02 - Intersection related,03 - P.D. only,03 - Rear end,02 - Rain,01 - Daylight,02 - Wet,01 - Traffic signal,01 - Functioning,2,0,0,0,,0,,,,,349306.5882,5019210.504,45.31143568,-75.93239119,2734
15--12561,2015/10/28,10:09 AM,BASELINE RD @ SANDCASTLE DR (0001122),1122,02 - Intersection related,03 - P.D. only,99 - Other,01 - Clear,01 - Daylight,01 - Dry,01 - Traffic signal,01 - Functioning,2,0,0,0,,0,,,,,359628.947,5021988.937,45.33570609,-75.80044767,2735
15--12562,2015/10/28,10:18 PM,BRITTANY DR @ MONTREAL RD (0007685),7685,03 - At intersection,03 - P.D. only,05 - Turning movement,02 - Rain,07 - Dark,02 - Wet,01 - Traffic signal,01 - Functioning,2,0,0,0,,0,,,,,371913.8822,5033994.088,45.44265619,-75.64208983,2736
15--12563,2015/10/28,11:12 PM,FISHER AVE @ MEADOWLANDS DR (0002120),2120,03 - At intersection,02 - Non-fatal injury,07 - SMV other,02 - Rain,07 - Dark,02 - Wet,01 - Traffic signal,01 - Functioning,1,0,0,1,02 - Minor,1,,1,,,366575.7856,5025045.086,45.36262755,-75.71144044,2737
15--12564,2015/10/28,11:19 PM,MONTREAL RD @ ST. LAURENT BLVD (0002604),2604,03 - At intersection,03 - P.D. only,02 - Angle,02 - Rain,07 - Dark,02 - Wet,01 - Traffic signal,01 - Functioning,2,0,0,0,,0,,,,,371544.9822,5033816.514,45.44109378,-75.646829,2738
15--12565,2015/10/28,11:24 PM,PRESTON ST @ PRINCE OF WALES DR/QUEEN ELIZABET (0006904),6904,02 - Intersection related,03 - P.D. only,02 - Angle,02 - Rain,07 - Dark,02 - Wet,01 - Traffic signal,01 - Functioning,2,0,0,0,,0,,,,,366900.7115,5028776.908,45.39617689,-75.70682383,2739
15--12566,2015/10/28,11:25 PM,CARLING AVE @ ISLAND PARK DR (0010785),10785,02 - Intersection related,03 - P.D. only,03 - Rear end,02 - Rain,07 - Dark,02 - Wet,01 - Traffic signal,01 - Functioning,2,0,0,0,,0,,,,,365348.8861,5027997.809,45.38930264,-75.72673816,2740
15--12567,2015/10/28,11:45 AM,GEORGE ST btwn 26 W OF BYWARD MARKET/FREIMAN MALL & BY WARD MARKET SQ (__3ZA40PB),__3ZA40PB,01 - Non intersection,03 - P.D. only,06 - SMV unattended vehicle,02 - Rain,01 - Daylight,02 - Wet,10 - No control,,1,0,0,0,,0,,,,,368010.4541,5032205.03,45.42692273,-75.69221153,2741
15--12568,2015/10/28,11:53 AM,ABBOTT ST @ MOSS HILL TR (0000054),54,02 - Intersection related,03 - P.D. only,07 - SMV other,02 - Rain,01 - Daylight,02 - Wet,02 - Stop sign,01 - Functioning,1,0,0,0,,0,,,,,350944.4956,5013955.425,45.26404321,-75.91199222,2742
15--12569,2015/10/28,11:58 AM,FRANKTOWN RD btwn CONLEY RD & JOY'S RD (__3ZA42P),__3ZA42P,04 - At/near private drive,03 - P.D. only,05 - Turning movement,02 - Rain,01 - Daylight,02 - Wet,10 - No control,,2,0,0,0,,0,,,,,354142.0855,5003839.189,45.17279686,-75.87225098,2743
15--1257,2015/01/20,4:33 PM,GREENBANK RD @ MALVERN DR/FOXFIELD DR (0009821),9821,02 - Intersection related,03 - P.D. only,03 - Rear end,01 - Clear,01 - Daylight,02 - Wet,01 - Traffic signal,01 - Functioning,2,0,0,0,,0,,,,,363311.6864,5016192.024,45.28324819,-75.75414861,2744
15--12570,2015/10/28,Unknown,YORK ST EB btwn BY WARD MARKET SQ & SUSSEX DR (__3ZA8ZZ),__3ZA8ZZ,01 - Non intersection,03 - P.D. only,06 - SMV unattended vehicle,01 - Clear,00 - Unknown,01 - Dry,10 - No control,,1,0,0,0,,0,,,,,367894.2555,5032292.488,45.42772014,-75.69368512,2745
15--12571,2015/10/28,12:08 PM,ROYDON PL btwn WOODFIELD DR & WEST HUNT CLUB RD (__3ZAYGP),__3ZAYGP,04 - At/near private drive,02 - Non-fatal injury,02 - Angle,02 - Rain,01 - Daylight,02 - Wet,10 - No control,,3,0,0,0,01 - Minimal,2,2,,,,365579.082,5022364.105,45.33859162,-75.72449157,2746
15--12572,2015/10/28,12:24 PM,CASTLEFRANK RD @ KATIMAVIK RD (0003228),3228,03 - At intersection,02 - Non-fatal injury,02 - Angle,02 - Rain,01 - Daylight,02 - Wet,01 - Traffic signal,01 - Functioning,2,0,0,0,02 - Minor,1,,1,,,351950.4529,5018942.435,45.308851,-75.89870034,2747
15--12573,2015/10/28,2:00 PM,BEECHWOOD AVE @ OAKHILL RD (0009198),9198,02 - Intersection related,03 - P.D. only,07 - SMV other,02 - Rain,01 - Daylight,02 - Wet,02 - Stop sign,00 - Unknown,1,0,0,0,,0,,,,,369712.7119,5034218.233,45.44488081,-75.67019459,2748
15--12574,2015/10/28,2:05 PM,ELGIN ST @ MACLAREN ST (0006937),6937,03 - At intersection,03 - P.D. only,03 - Rear end,01 - Clear,01 - Daylight,01 - Dry,01 - Traffic signal,01 - Functioning,2,0,0,0,,0,,,,,368209.4354,5031126.575,45.41720115,-75.68980774,2749
15--12575,2015/10/28,2:48 PM,MAJESTIC DR btwn KELVIN CRES & KELVIN CRES (__3ZA5EX),__3ZA5EX,01 - Non intersection,03 - P.D. only,06 - SMV unattended vehicle,02 - Rain,01 - Daylight,02 - Wet,10 - No control,,1,0,0,0,,0,,,,,362811.7008,5021129.451,45.32771655,-75.75994354,2750
15--12576,2015/10/28,2:50 PM,BRONSON AVE @ COMMISSIONER ST/SLATER ST (0001679),1679,03 - At intersection,03 - P.D. only,05 - Turning movement,02 - Rain,01 - Daylight,02 - Wet,01 - Traffic signal,01 - Functioning,2,0,0,0,,0,,,,,366769.4261,5030947.487,45.41571879,-75.7082277,2751
15--12577,2015/10/28,2:55 PM,THIRSK ST btwn PULLEN AVE & RUSSELL RD (__3ZA79K),__3ZA79K,01 - Non intersection,03 - P.D. only,04 - Sideswipe,02 - Rain,01 - Daylight,02 - Wet,10 - No control,,2,0,0,0,,0,,,,,372535.246,5029950.988,45.40621836,-75.63470387,2752
15--12578,2015/10/28,3:00 PM,CENTRAL PARK DR N @ MERIVALE RD (0011433),11433,03 - At intersection,03 - P.D. only,05 - Turning movement,02 - Rain,01 - Daylight,02 - Wet,01 - Traffic signal,01 - Functioning,2,0,0,0,,0,,,,,364953.6246,5025873.948,45.37022659,-75.7320443,2753
15--12579,2015/10/28,3:12 PM,RICHMOND RD @ WOODROFFE AVE (0011466),11466,02 - Intersection related,03 - P.D. only,03 - Rear end,02 - Rain,01 - Daylight,02 - Wet,01 - Traffic signal,01 - Functioning,2,0,0,0,,0,,,,,361585.4084,5026655.967,45.37754414,-75.7749514,2754
15--1258,2015/01/20,4:34 PM,BRISTOL AVE @ SUNNYSIDE AVE (0008018),8018,03 - At intersection,03 - P.D. only,02 - Angle,01 - Clear,05 - Dusk,05 - Packed snow,02 - Stop sign,01 - Functioning,2,0,0,0,,0,,,,,369241.2787,5028894.304,45.39702169,-75.67691684,2755
15--12580,2015/10/28,3:14 PM,CONSTELLATION CRES btwn TURN LANE & TURN LANE (__4B3ZZS),__4B3ZZS,01 - Non intersection,03 - P.D. only,04 - Sideswipe,02 - Rain,01 - Daylight,02 - Wet,10 - No control,,2,0,0,0,,0,,,,,362329.2916,5023541.86,45.349463,-75.76581666,2756
15--12581,2015/10/28,3:30 PM,HIGHWAY 417 btwn HWY417 IC117 RAMP61 & HWY417 IC115 RAMP36 (__3ZA2RZ),__3ZA2RZ,01 - Non intersection,03 - P.D. only,03 - Rear end,02 - Rain,01 - Daylight,02 - Wet,10 - No control,,2,0,0,0,,0,,,,,371559.4788,5031420.962,45.41953831,-75.64696848,2757
15--12582,2015/10/28,3:37 PM,CRETE PL @ MCARTHUR AVE (0009807),9807,03 - At intersection,02 - Non-fatal injury,02 - Angle,02 - Rain,01 - Daylight,02 - Wet,02 - Stop sign,01 - Functioning,3,0,0,0,02 - Minor,1,,1,,,370527.7118,5032726.229,45.43138025,-75.65997646,2758
15--12583,2015/10/28,3:40 PM,FLOWER AVE @ WOODROFFE AVE (0002757),2757,02 - Intersection related,03 - P.D. only,03 - Rear end,02 - Rain,01 - Daylight,02 - Wet,02 - Stop sign,01 - Functioning,2,0,0,0,,0,,,,,361811.6801,5026114.45,45.37265325,-75.77212506,2759
15--12584,2015/10/28,3:50 PM,WOODROFFE AVE @ HWY 417 WOODROFF IC127R26/HWY4 (0002355),2355,02 - Intersection related,03 - P.D. only,03 - Rear end,02 - Rain,01 - Daylight,02 - Wet,01 - Traffic signal,01 - Functioning,2,0,0,0,,0,,,,,362083.4076,5024939.878,45.36206239,-75.76879235,2760
15--12585,2015/10/28,4:00 PM,RIVERSIDE DR @ TREMBLAY RD/HWY417 IC117 RAMP52 (0010790),10790,03 - At intersection,03 - P.D. only,04 - Sideswipe,02 - Rain,01 - Daylight,02 - Wet,01 - Traffic signal,01 - Functioning,2,0,0,0,,0,,,,,370801.3561,5031015.186,45.41595923,-75.65670882,2761
15--12586,2015/10/28,4:39 PM,RUSSELL AVE @ TEMPLETON ST (0007310),7310,03 - At intersection,03 - P.D. only,02 - Angle,02 - Rain,01 - Daylight,02 - Wet,02 - Stop sign,01 - Functioning,2,0,0,0,,0,,,,,369359.9846,5031688.023,45.42214764,-75.67503495,2762
15--12587,2015/10/28,4:50 PM,TERRY FOX DR @ PALLADIUM DR/KATIMAVIK RD (0011858),11858,02 - Intersection related,03 - P.D. only,03 - Rear end,02 - Rain,01 - Daylight,02 - Wet,01 - Traffic signal,01 - Functioning,2,0,0,0,,0,,,,,351269.718,5018180.694,45.30204202,-75.90745255,2763
15--12588,2015/10/28,4:57 PM,COOPER ST @ METCALFE ST (0006940),6940,02 - Intersection related,03 - P.D. only,05 - Turning movement,01 - Clear,01 - Daylight,01 - Dry,02 - Stop sign,01 - Functioning,2,0,0,0,,0,,,,,367962.5268,5031177.848,45.41768483,-75.69295564,2764
15--12589,2015/10/28,5:51 PM,BLAIR RD @ MEADOWBROOK RD (0004163),4163,02 - Intersection related,02 - Non-fatal injury,03 - Rear end,02 - Rain,07 - Dark,02 - Wet,01 - Traffic signal,01 - Functioning,2,0,0,0,01 - Minimal,1,1,,,,375194.7345,5032309.768,45.42717897,-75.60039693,2765
15--1259,2015/01/20,5:04 PM,OGILVIE RD btwn CYRVILLE RD & MURDOCK GT (__3ZA13S),__3ZA13S,04 - At/near private drive,03 - P.D. only,02 - Angle,01 - Clear,05 - Dusk,02 - Wet,10 - No control,,2,0,0,0,,0,,,,,372470.3648,5032016.568,45.42480978,-75.63524898,2766
15--12590,2015/10/28,5:59 PM,ST. LAURENT BLVD btwn KAREN WAY & COLEFORD PL (__3ZA2GP),__3ZA2GP,01 - Non intersection,03 - P.D. only,03 - Rear end,01 - Clear,01 - Daylight,01 - Dry,10 - No control,,2,0,0,0,,0,,,,,371292.0407,5034429.176,45.44663033,-75.64997909,2767
15--12591,2015/10/28,6:19 PM,RENAUD RD btwn IDA ST & Continuation of RENAUD RD (__3ZA6FE),__3ZA6FE,01 - Non intersection,03 - P.D. only,07 - SMV other,02 - Rain,07 - Dark,02 - Wet,10 - No control,,1,0,0,0,,0,,,,,379228.8981,5031888.867,45.42297435,-75.54891326,2768
15--12592,2015/10/28,6:31 PM,ALBION RD @ MITCH OWENS RD (0004212),4212,03 - At intersection,02 - Non-fatal injury,05 - Turning movement,02 - Rain,07 - Dark,02 - Wet,01 - Traffic signal,01 - Functioning,2,0,0,0,02 - Minor,3,2,1,,,375907.4748,5014804.809,45.26960523,-75.59380655,2769
15--12593,2015/10/28,6:40 AM,CHAMPLAIN BRIDGE/ISLAND PARK DR btwn BATE ISLAND & PROVINCIAL BOUNDARY (__3ZA2ZEA),__3ZA2ZEA,01 - Non intersection,03 - P.D. only,03 - Rear end,01 - Clear,03 - Dawn,01 - Dry,10 - No control,,2,0,0,0,,0,,,,,362867.1325,5030166.598,45.40902721,-75.75817426,2770
15--12594,2015/10/28,6:40 PM,PARKDALE AVE @ HWY 417 PARKDAL IC122R15/HWY 41 (0002363),2363,03 - At intersection,03 - P.D. only,02 - Angle,02 - Rain,07 - Dark,02 - Wet,01 - Traffic signal,01 - Functioning,2,0,0,0,,0,,,,,365336.178,5028846.335,45.39693859,-75.72679633,2771
15--12595,2015/10/28,6:45 PM,HIGHWAY 417 btwn HWY417 IC117 RAMP61 & HWY417 IC115 RAMP36 (__3ZA2RZ),__3ZA2RZ,01 - Non intersection,02 - Non-fatal injury,07 - SMV other,02 - Rain,07 - Dark,02 - Wet,10 - No control,,1,0,0,0,02 - Minor,1,,1,,,371562.3669,5031421.684,45.41954453,-75.64693148,2772
15--12596,2015/10/28,6:53 PM,CASTLEFRANK RD @ PARSONS RIDGE RD (0003522),3522,02 - Intersection related,02 - Non-fatal injury,03 - Rear end,02 - Rain,07 - Dark,02 - Wet,02 - Stop sign,00 - Unknown,2,0,0,0,01 - Minimal,1,1,,,,352227.6118,5018247.822,45.30258204,-75.89523245,2773
15--12597,2015/10/28,7:00 AM,OTTAWA RIVER PKWY @ VIMY PLACE PRIV (0012251),12251,02 - Intersection related,03 - P.D. only,04 - Sideswipe,01 - Clear,03 - Dawn,01 - Dry,01 - Traffic signal,01 - Functioning,2,0,0,0,,0,,,,,365974.8394,5030797.607,45.41444013,-75.71839764,2774
15--12598,2015/10/28,7:15 AM,RUSTIC DR btwn DRURY LANE & RIDEOUT CRES (__3ZABK5),__3ZABK5,01 - Non intersection,03 - P.D. only,07 - SMV other,01 - Clear,03 - Dawn,01 - Dry,10 - No control,,1,0,0,0,,0,,,,,361792.8173,5023810.051,45.35191997,-75.77263162,2775
15--12599,2015/10/28,7:20 PM,CONSTELLATION CRES @ BASELINE RD (0011415),11415,03 - At intersection,03 - P.D. only,04 - Sideswipe,02 - Rain,07 - Dark,02 - Wet,01 - Traffic signal,01 - Functioning,2,0,0,0,,0,,,,,362272.3741,5023596.064,45.34995539,-75.76653667,2776
15--126,2015/01/04,1:45 PM,WAXWING DR btwn SPARROW WAY & HAWK CRES (__3ZA9C8),__3ZA9C8,01 - Non intersection,03 - P.D. only,07 - SMV other,02 - Rain,01 - Daylight,06 - Ice,10 - No control,,1,0,0,0,,0,,,,,370631.6121,5023967.884,45.35256608,-75.65981724,2777
15--1260,2015/01/20,5:09 PM,ALBION RD/COLLISTON CRES E @ WALKLEY RD (0011422),11422,03 - At intersection,03 - P.D. only,99 - Other,01 - Clear,05 - Dusk,01 - Dry,01 - Traffic signal,01 - Functioning,2,0,0,0,,0,,,,,371035.6574,5026353.088,45.37398931,-75.65434143,2778
15--11912,2015/10/11,3:55 PM,NELSON ST btwn LAURIER AVE E & OSGOODE ST (__3ZA8J2),__3ZA8J2,01 - Non intersection,03 - P.D. only,06 - SMV unattended vehicle,01 - Clear,01 - Daylight,01 - Dry,10 - No control,,1,0,0,0,,0,,,,,368932.2139,5032025.871,45.42522682,-75.68045657,2779
15--11913,2015/10/11,4:31 PM,STONEHAVEN DR @ HARNESS LANE/BLUEMEADOW WAY (0004046),4046,02 - Intersection related,03 - P.D. only,03 - Rear end,01 - Clear,01 - Daylight,01 - Dry,01 - Traffic signal,01 - Functioning,2,0,0,0,,0,,,,,354571.3949,5016744.31,45.28889098,-75.86549867,2780
15--12442,2015/10/24,5:23 PM,FISHER AVE @ PRINCE OF WALES DR (0000572),572,02 - Intersection related,03 - P.D. only,03 - Rear end,01 - Clear,01 - Daylight,01 - Dry,01 - Traffic signal,01 - Functioning,2,0,0,0,,0,,,,,367161.7048,5023942.511,45.35265493,-75.70410108,2781
15--11914,2015/10/11,4:32 PM,RIVERSIDE DR @ TREMBLAY RD/HWY417 IC117 RAMP52 (0010790),10790,02 - Intersection related,02 - Non-fatal injury,03 - Rear end,01 - Clear,01 - Daylight,01 - Dry,01 - Traffic signal,01 - Functioning,2,0,0,0,01 - Minimal,1,1,,,,370801.4195,5031015.688,45.41596374,-75.65670795,2782
15--12443,2015/10/24,5:48 PM,MAIN ST @ MASON TER (0007232),7232,03 - At intersection,03 - P.D. only,04 - Sideswipe,01 - Clear,07 - Dark,01 - Dry,02 - Stop sign,00 - Unknown,2,0,0,0,,0,,,,,369385.43,5029650.643,45.40381368,-75.6749768,2783
15--11915,2015/10/11,4:49 PM,HUNT CLUB RD EB btwn 275 E OF HAWTHORNE RD/OC TRANSPO TURNAROUND & HAWTHORNE RD (e___2HF3A),e___2HF3A,01 - Non intersection,03 - P.D. only,04 - Sideswipe,01 - Clear,01 - Daylight,01 - Dry,10 - No control,,2,0,0,0,,0,,,,,375597.704,5026451.682,45.37443035,-75.59608878,2784
15--12444,2015/10/24,6:00 PM,VANIER PKWY/CRICHTON ST @ BEECHWOOD AVE/ST. PA (0001604),1604,03 - At intersection,03 - P.D. only,05 - Turning movement,02 - Rain,07 - Dark,02 - Wet,01 - Traffic signal,01 - Functioning,2,0,0,0,,0,,,,,369123.1132,5033491.157,45.43839337,-75.67782591,2785
15--11916,2015/10/11,5:09 PM,FITZROY ST @ KEDEY ST (0001763),1763,02 - Intersection related,03 - P.D. only,02 - Angle,01 - Clear,01 - Daylight,01 - Dry,02 - Stop sign,01 - Functioning,2,0,0,0,,0,,,,,327081.5995,5036850.68,45.47122761,-76.21503276,2786
15--11917,2015/10/11,5:11 PM,HUNT CLUB RD @ LORRY GREENBERG DR/SABLE RIDGE  (0008203),8203,02 - Intersection related,02 - Non-fatal injury,03 - Rear end,01 - Clear,01 - Daylight,01 - Dry,01 - Traffic signal,01 - Functioning,2,0,0,0,01 - Minimal,1,1,,,,372823.7387,5024806.424,45.35990173,-75.63172779,2787
15--12077,2015/10/15,6:36 PM,PRESLAND RD @ VANIER PKWY (0012076),12076,02 - Intersection related,03 - P.D. only,03 - Rear end,01 - Clear,07 - Dark,01 - Dry,01 - Traffic signal,01 - Functioning,2,0,0,0,,0,,,,,370435.1458,5031750.187,45.42260692,-75.66128943,2788
15--12445,2015/10/24,6:05 PM,CAMPEAU DR/HWY 417 MARCH IC138R63 @ MARCH RD (0009710),9710,02 - Intersection related,02 - Non-fatal injury,03 - Rear end,02 - Rain,07 - Dark,02 - Wet,01 - Traffic signal,01 - Functioning,2,0,0,0,01 - Minimal,1,1,,,,352841.6249,5020477.189,45.32260064,-75.88718722,2789
15--11918,2015/10/11,5:20 PM,ELGIN ST NB @ WELLINGTON ST/RIDEAU ST (0011369),11369,02 - Intersection related,03 - P.D. only,03 - Rear end,01 - Clear,01 - Daylight,01 - Dry,01 - Traffic signal,04 - Missing/Damaged,2,0,0,0,,0,,,,,367802.4338,5031964.555,45.42477779,-75.69490039,2790
15--12078,2015/10/15,6:52 AM,ST. JOSEPH BLVD @ TENTH LINE RD (0009163),9163,02 - Intersection related,03 - P.D. only,03 - Rear end,01 - Clear,03 - Dawn,01 - Dry,01 - Traffic signal,01 - Functioning,2,0,0,0,,0,,,,,382890.8038,5038664.651,45.48353785,-75.50105093,2791
15--12446,2015/10/24,6:44 AM,DONALD ST @ ST. LAURENT BLVD (0008630),8630,03 - At intersection,03 - P.D. only,05 - Turning movement,01 - Clear,03 - Dawn,01 - Dry,01 - Traffic signal,01 - Functioning,2,0,0,0,,0,,,,,372092.9922,5032473.216,45.42895489,-75.64000844,2792
15--11919,2015/10/11,5:24 PM,INNES RD @ PAGE RD (0012476),12476,03 - At intersection,02 - Non-fatal injury,05 - Turning movement,01 - Clear,01 - Daylight,01 - Dry,01 - Traffic signal,01 - Functioning,2,0,0,0,02 - Minor,1,,1,,,380887.0283,5034540.194,45.4466506,-75.52731819,2793
15--12079,2015/10/15,6:58 PM,MACLAREN ST @ METCALFE ST (0006950),6950,02 - Intersection related,03 - P.D. only,04 - Sideswipe,02 - Rain,07 - Dark,02 - Wet,01 - Traffic signal,01 - Functioning,2,0,0,0,,0,,,,,368050.986,5031032.215,45.41636648,-75.69184418,2794
15--12447,2015/10/24,6:56 PM,DONALD ST @ ST. LAURENT BLVD (0008630),8630,03 - At intersection,03 - P.D. only,05 - Turning movement,01 - Clear,07 - Dark,01 - Dry,01 - Traffic signal,01 - Functioning,2,0,0,0,,0,,,,,372093.7129,5032472.225,45.42894591,-75.63999936,2795
15--1192,2015/01/19,2:11 PM,REGIONAL ROAD 174 btwn OR174 IC105 RAMP25 & OR174 IC102 RAMP51 (__3ZA27G),__3ZA27G,01 - Non intersection,03 - P.D. only,99 - Other,01 - Clear,01 - Daylight,02 - Wet,10 - No control,,2,0,0,0,,0,,,,,380855.8342,5037820.953,45.47617163,-75.52720938,2796
15--1208,2015/01/19,6:23 PM,GOLDEN AVE @ RICHMOND RD (0006932),6932,02 - Intersection related,03 - P.D. only,03 - Rear end,01 - Clear,07 - Dark,04 - Slush,01 - Traffic signal,01 - Functioning,2,0,0,0,,0,,,,,362861.7253,5028027.028,45.38977616,-75.7584952,2797
15--12448,2015/10/24,8:54 PM,LAURIER AVE @ NICHOLAS ST (0010711),10711,03 - At intersection,03 - P.D. only,02 - Angle,02 - Rain,07 - Dark,02 - Wet,01 - Traffic signal,01 - Functioning,2,0,0,0,,0,,,,,368373.637,5031797.91,45.4232267,-75.6876233,2798
15--12449,2015/10/24,9:06 AM,ARGYLE AVE @ O'CONNOR ST (0007254),7254,03 - At intersection,02 - Non-fatal injury,07 - SMV other,01 - Clear,01 - Daylight,01 - Dry,01 - Traffic signal,01 - Functioning,1,0,0,1,01 - Minimal,1,1,,,,368183.9901,5030485.213,45.4114327,-75.69021531,2799
15--1245,2015/01/20,3:04 PM,STRANDHERD DR @ LONGFIELDS DR (0010935),10935,02 - Intersection related,02 - Non-fatal injury,03 - Rear end,01 - Clear,01 - Daylight,01 - Dry,01 - Traffic signal,01 - Functioning,3,0,0,0,01 - Minimal,2,2,,,,364547.8466,5015173.807,45.2739823,-75.73851516,2800
15--12450,2015/10/24,9:30 PM,EARL ARMSTRONG RD @ RIVER RD (0012470),12470,02 - Intersection related,03 - P.D. only,03 - Rear end,02 - Rain,07 - Dark,02 - Wet,01 - Traffic signal,01 - Functioning,2,0,0,0,,0,,,,,367571.9978,5014684.758,45.26931841,-75.70003793,2801
15--12451,2015/10/24,9:36 AM,HIGHWAY 417 btwn HWY417 IC122 RAMP15 & HWY417 IC121B RAMP51 (__3ZA2RB),__3ZA2RB,01 - Non intersection,03 - P.D. only,07 - SMV other,01 - Clear,01 - Daylight,01 - Dry,10 - No control,,1,0,0,0,,0,,,,,366559.3109,5029508.134,45.40278647,-75.71109237,2802
15--12452,2015/10/24,9:40 PM,PRINCE OF WALES DR @ MEADOWLANDS DR/HOG'S BACK (0001629),1629,02 - Intersection related,03 - P.D. only,99 - Other,02 - Rain,07 - Dark,02 - Wet,01 - Traffic signal,01 - Functioning,2,0,0,0,,0,,,,,367371.9189,5025693.837,45.36839426,-75.70119673,2803
15--12453,2015/10/25,1:53 AM,CLARENCE ST btwn DALHOUSIE ST & CUMBERLAND ST (__3ZA7AK),__3ZA7AK,01 - Non intersection,03 - P.D. only,04 - Sideswipe,02 - Rain,07 - Dark,02 - Wet,10 - No control,,2,0,0,0,,0,,,,,368063.5082,5032514.975,45.42970671,-75.69149378,2804
15--12454,2015/10/25,10:34 PM,ROBERTSON RD btwn FITZGERALD RD & MOODIE DR (__3ZA411),__3ZA411,04 - At/near private drive,03 - P.D. only,07 - SMV other,01 - Clear,07 - Dark,01 - Dry,10 - No control,,1,0,0,0,,0,,,,,356974.2333,5020399.16,45.32160354,-75.83448385,2805
15--12455,2015/10/25,10:40 PM,BANK ST @ WILTON CRES (0007712),7712,03 - At intersection,03 - P.D. only,05 - Turning movement,01 - Clear,07 - Dark,01 - Dry,02 - Stop sign,01 - Functioning,2,0,0,0,,0,,,,,368577.7102,5028965.465,45.39772273,-75.68538228,2806
15--12456,2015/10/25,11:32 AM,STITTSVILLE MAIN ST btwn NEIL AVE & HAZELDEAN RD (__3ZA2ED),__3ZA2ED,01 - Non intersection,03 - P.D. only,03 - Rear end,01 - Clear,01 - Daylight,01 - Dry,10 - No control,,2,0,0,0,,0,,,,,349579.299,5014787.546,45.27161916,-75.92931267,2807
15--12457,2015/10/25,11:59 AM,DONALD ST @ ST. LAURENT BLVD (0008630),8630,03 - At intersection,03 - P.D. only,05 - Turning movement,01 - Clear,01 - Daylight,01 - Dry,01 - Traffic signal,01 - Functioning,2,0,0,0,,0,,,,,372092.9922,5032472.225,45.42894597,-75.64000857,2808
15--12458,2015/10/25,12:20 PM,DAZE ST btwn 200 W OF BANK ST & BANK ST (__3ZAZYCA),__3ZAZYCA,04 - At/near private drive,03 - P.D. only,04 - Sideswipe,01 - Clear,01 - Daylight,01 - Dry,10 - No control,,2,0,0,0,,0,,,,,371291.9637,5024299.525,45.35548777,-75.65134576,2809
15--12459,2015/10/25,12:48 PM,NATIONAL CAPITAL COMM DRWY btwn MORNINGSIDE LANE & MAPLE DR (__3ZAZX9),__3ZAZX9,01 - Non intersection,02 - Non-fatal injury,03 - Rear end,01 - Clear,01 - Daylight,01 - Dry,10 - No control,,2,0,0,0,02 - Minor,2,,2,,,366630.194,5027986.104,45.38908538,-75.71037776,2810
15--1246,2015/01/20,3:05 PM,ANDERSON RD btwn WEIR RD & DOLMAN RIDGE RD (__3ZA2B7),__3ZA2B7,01 - Non intersection,03 - P.D. only,04 - Sideswipe,01 - Clear,01 - Daylight,01 - Dry,10 - No control,,2,0,0,0,,0,,,,,377955.7039,5031071.566,45.4157551,-75.56530187,2811
15--12460,2015/10/25,2:15 AM,MONTREAL RD/HANNAH ST @ CODY AVE (0009349),9349,03 - At intersection,03 - P.D. only,02 - Angle,02 - Rain,07 - Dark,02 - Wet,01 - Traffic signal,01 - Functioning,2,0,0,0,,0,,,,,370253.8507,5033170.724,45.43540531,-75.66341704,2812