Anom_ID,Accident_Date,Accident_Time,Location,Geo_ID,Accident_Location,Classification_of_Accident,Initial_Impact_Type,Environment_Condition,Light,Road_Surface_Condition,Traffic_Control,Traffic_Control_Condition,No__of_Vehicles,No__of_Bicycles,No__of_Motorcycles,No__of_Pedestrians,Max_Injury,No__of_Injuries,No__of_Minimal,No__of_Minor,No__of_Major,No__of_Fatal,X,Y,Latitude,Longitude,ObjectId
15--12461,2015/10/25,2:27 PM,WEST HUNT CLUB RD @ ROYDON PL/SUNDERLAND ST (0009775),9775,02 - Intersection related,03 - P.D. only,04 - Sideswipe,01 - Clear,01 - Daylight,01 - Dry,01 - Traffic signal,01 - Functioning,2,0,0,0,,0,,,,,365973.7076,5022169.851,45.33680946,-75.71948084,2813
15--12462,2015/10/25,2:38 PM,PRINCE OF WALES DR @ MERIVALE RD (0000564),564,03 - At intersection,02 - Non-fatal injury,05 - Turning movement,01 - Clear,01 - Daylight,01 - Dry,01 - Traffic signal,01 - Functioning,2,0,0,0,02 - Minor,1,,1,,,367450.432,5017616.1,45.29570519,-75.70121694,2814
15--12463,2015/10/25,3:10 PM,CONROY RD @ WALKLEY RD (0002648),2648,02 - Intersection related,03 - P.D. only,99 - Other,01 - Clear,01 - Daylight,01 - Dry,01 - Traffic signal,01 - Functioning,2,0,0,0,,0,,,,,372903.7226,5027463.171,45.38379832,-75.63034067,2815
15--12464,2015/10/25,3:12 PM,BROADVIEW AVE @ RICHMOND RD (0006612),6612,03 - At intersection,03 - P.D. only,02 - Angle,01 - Clear,01 - Daylight,01 - Dry,02 - Stop sign,01 - Functioning,2,0,0,0,,0,,,,,362679.692,5027865.91,45.38834151,-75.76083864,2816
15--12465,2015/10/25,4:00 AM,AQUAVIEW DR btwn ESPRIT DR & CARMELLA CRES (__4V3I8A),__4V3I8A,01 - Non intersection,03 - P.D. only,06 - SMV unattended vehicle,02 - Rain,07 - Dark,02 - Wet,10 - No control,,1,0,0,0,,0,,,,,384996.1941,5035757.675,45.45714499,-75.47459716,2817
15--12466,2015/10/25,4:15 PM,LAFRANCE DR btwn DES EPINETTES AVE & PRESTWICK DR (__3ZA6R9),__3ZA6R9,01 - Non intersection,03 - P.D. only,06 - SMV unattended vehicle,01 - Clear,01 - Daylight,01 - Dry,10 - No control,,1,0,0,0,,0,,,,,383262.2397,5036538.709,45.4643689,-75.49663971,2818
15--12467,2015/10/25,4:54 PM,NORICE ST btwn PERRY ST & HODGINS ST (__3ZAATW),__3ZAATW,04 - At/near private drive,03 - P.D. only,06 - SMV unattended vehicle,01 - Clear,01 - Daylight,01 - Dry,10 - No control,,1,0,0,0,,0,,,,,364635.0452,5023261.479,45.34674724,-75.73642735,2819
15--12468,2015/10/25,5:35 PM,HIGHWAY 417 btwn HIGHWAY 417 & Continuation of HIGHWAY 417 (__3ZAZOB),__3ZAZOB,01 - Non intersection,02 - Non-fatal injury,07 - SMV other,01 - Clear,01 - Daylight,01 - Dry,10 - No control,,1,0,0,0,02 - Minor,2,1,1,,,353020.6863,5020248.308,45.32052885,-75.88492556,2820
15--12469,2015/10/25,5:40 PM,PEACOCK CRES btwn FLANDERS ST & FLANDERS ST (__3ZAB56),__3ZAB56,01 - Non intersection,03 - P.D. only,06 - SMV unattended vehicle,01 - Clear,01 - Daylight,01 - Dry,10 - No control,,1,0,0,0,,0,,,,,362036.9166,5014471.048,45.2678677,-75.77059524,2821
15--1247,2015/01/20,3:12 PM,GREENBANK RD btwn JOCKVALE RD & CAMBRIAN RD (__3ZA2WE),__3ZA2WE,01 - Non intersection,02 - Non-fatal injury,03 - Rear end,01 - Clear,01 - Daylight,01 - Dry,10 - No control,,2,0,0,0,01 - Minimal,1,1,,,,364348.3279,5013859.648,45.26217441,-75.74121537,2822
15--12470,2015/10/25,5:44 PM,GREENBANK RD btwn MARKETPLACE AVE & JOCKVALE RD (__3ZA4JE),__3ZA4JE,01 - Non intersection,03 - P.D. only,04 - Sideswipe,01 - Clear,01 - Daylight,01 - Dry,10 - No control,,2,0,0,0,,0,,,,,364084.1427,5014422.11,45.26725777,-75.74451428,2823
15--12471,2015/10/25,7:04 PM,CONROY RD @ JOHNSTON RD (0011908),11908,02 - Intersection related,03 - P.D. only,05 - Turning movement,01 - Clear,07 - Dark,01 - Dry,01 - Traffic signal,01 - Functioning,2,0,0,0,,0,,,,,373396.8071,5026307.738,45.37335411,-75.62420542,2824
15--12472,2015/10/25,8:17 PM,REGIONAL RD 174 @ TRIM RD (0012835),12835,03 - At intersection,03 - P.D. only,05 - Turning movement,01 - Clear,07 - Dark,01 - Dry,01 - Traffic signal,01 - Functioning,2,0,0,0,,0,,,,,384352.574,5039990.701,45.49530332,-75.48213981,2825
15--12473,2015/10/25,8:35 AM,ORANGEVILLE ST/HWY 417 ROCHEST IC121BR51 @ ROC (0006465),6465,03 - At intersection,03 - P.D. only,05 - Turning movement,02 - Rain,01 - Daylight,02 - Wet,01 - Traffic signal,01 - Functioning,2,0,0,0,,0,,,,,366778.1524,5029521.56,45.40288793,-75.70829549,2826
15--12474,2015/10/25,8:55 AM,TERRY FOX DR @ EDGEWATER ST/WALTER BAKER PL (0002699),2699,03 - At intersection,03 - P.D. only,02 - Angle,01 - Clear,01 - Daylight,02 - Wet,01 - Traffic signal,01 - Functioning,2,0,0,0,,0,,,,,351778.3289,5017612.369,45.29689426,-75.90102132,2827
15--12475,2015/10/25,9:10 PM,RIDEAU RD btwn DOWNEY RD & BOWESVILLE RD (__3ZA6L7),__3ZA6L7,01 - Non intersection,03 - P.D. only,07 - SMV other,01 - Clear,07 - Dark,01 - Dry,10 - No control,,1,0,0,0,,0,,,,,373100.6453,5015412.334,45.27534978,-75.62948898,2828
15--12476,2015/10/25,9:26 PM,HINES RD @ SOLANDT RD (0011896),11896,03 - At intersection,03 - P.D. only,07 - SMV other,01 - Clear,07 - Dark,01 - Dry,10 - No control,,1,0,0,0,,0,,,,,350332.8605,5022566.888,45.34157146,-75.91899476,2829
15--12477,2015/10/26,1:13 PM,OGILVIE RD @ CITY PARK DR E/CSIS HQ ACCESS (0003696),3696,03 - At intersection,02 - Non-fatal injury,07 - SMV other,01 - Clear,01 - Daylight,01 - Dry,01 - Traffic signal,01 - Functioning,1,0,0,1,02 - Minor,1,,1,,,374189.2352,5033010.323,45.43358266,-75.61314634,2830
15--12478,2015/10/26,10:10 AM,RIDEAU ST btwn WURTEMBURG ST & RIDEAU PL (__3ZA1LA),__3ZA1LA,01 - Non intersection,02 - Non-fatal injury,03 - Rear end,01 - Clear,01 - Daylight,01 - Dry,10 - No control,,2,0,0,0,02 - Minor,1,,1,,,369365.2325,5032930.35,45.43332514,-75.67480503,2831
15--12479,2015/10/26,10:15 PM,MITCH OWENS RD btwn BLACKCREEK RD & BOUNDARY RD (__3ZA3X7),__3ZA3X7,01 - Non intersection,03 - P.D. only,07 - SMV other,01 - Clear,07 - Dark,01 - Dry,10 - No control,,1,0,0,0,,0,,,,,387804.2351,5022007.083,45.33310218,-75.4410126,2832
15--1248,2015/01/20,3:25 PM,MEADOWLANDS DR @ MERIVALE RD (0000625),625,02 - Intersection related,03 - P.D. only,03 - Rear end,01 - Clear,01 - Daylight,01 - Dry,01 - Traffic signal,01 - Functioning,2,0,0,0,,0,,,,,364859.6638,5023725.992,45.35090767,-75.73350477,2833
15--12480,2015/10/26,10:36 AM,GOLDERS GREEN LANE btwn FAIRLOP WAY & FAIRLOP WAY (__4O3J0N),__4O3J0N,04 - At/near private drive,03 - P.D. only,06 - SMV unattended vehicle,01 - Clear,01 - Daylight,01 - Dry,10 - No control,,1,0,0,0,,0,,,,,364780.4147,5016068.193,45.28201017,-75.73544327,2834
15--12481,2015/10/26,10:47 AM,BANK ST @ ROSEBERY AVE (0007239),7239,03 - At intersection,02 - Non-fatal injury,02 - Angle,01 - Clear,01 - Daylight,01 - Dry,02 - Stop sign,01 - Functioning,2,0,0,0,02 - Minor,1,,1,,,368123.4289,5030066.634,45.40767194,-75.69104272,2835
15--12482,2015/10/26,10:49 AM,CUMBERLAND ST @ LAURIER AVE (0007751),7751,02 - Intersection related,02 - Non-fatal injury,04 - Sideswipe,01 - Clear,01 - Daylight,01 - Dry,01 - Traffic signal,00 - Unknown,2,1,0,0,01 - Minimal,1,1,,,,368598.4248,5031947.503,45.42455222,-75.68473176,2836
15--12483,2015/10/26,11:05 PM,HIGHWAY 417 btwn HWY417 IC134 RAMP61 & HWY417 IC131 RAMP66 (__3ZA297),__3ZA297,01 - Non intersection,03 - P.D. only,07 - SMV other,01 - Clear,07 - Dark,01 - Dry,10 - No control,,1,0,0,0,,0,,,,,357239.4055,5022639.71,45.34174445,-75.83086427,2837
15--12484,2015/10/26,11:15 PM,SOMERSET ST    W btwn BOOTH ST & UPPER LORNE PL (__3ZA328),__3ZA328,01 - Non intersection,03 - P.D. only,06 - SMV unattended vehicle,01 - Clear,07 - Dark,01 - Dry,10 - No control,,1,0,0,0,,0,,,,,366607.8379,5030265.021,45.40959245,-75.71037767,2838
15--12485,2015/10/26,11:47 AM,ST. LAURENT BLVD @ TREMBLAY RD (0002573),2573,03 - At intersection,03 - P.D. only,05 - Turning movement,01 - Clear,01 - Daylight,01 - Dry,01 - Traffic signal,01 - Functioning,2,0,0,0,,0,,,,,372594.9932,5031240.495,45.41781497,-75.63376335,2839
15--12486,2015/10/26,12:22 PM,BYWARD MARKET @ GEORGE ST (0007766),7766,03 - At intersection,03 - P.D. only,03 - Rear end,01 - Clear,01 - Daylight,01 - Dry,10 - No control,,2,0,0,0,,0,,,,,368020.7041,5032210.862,45.42697428,-75.6920798,2840
15--12487,2015/10/26,2:00 PM,BELCOURT BLVD @ INNES RD (0004202),4202,02 - Intersection related,03 - P.D. only,03 - Rear end,01 - Clear,01 - Daylight,01 - Dry,01 - Traffic signal,01 - Functioning,2,0,0,0,,0,,,,,382120.565,5035266.864,45.45305321,-75.51143702,2841
15--12488,2015/10/26,2:08 AM,REGIONAL ROAD 174 btwn TRANSIT & OR174 IC109 RAMP54 (__3ZAZ6V),__3ZAZ6V,01 - Non intersection,03 - P.D. only,07 - SMV other,01 - Clear,07 - Dark,01 - Dry,10 - No control,,1,0,0,0,,0,,,,,376381.4062,5034786.638,45.44934388,-75.58487371,2842
15--12489,2015/10/26,2:24 PM,STANLEY AVE @ SUSSEX DR (0007143),7143,02 - Intersection related,03 - P.D. only,03 - Rear end,01 - Clear,01 - Daylight,01 - Dry,01 - Traffic signal,01 - Functioning,2,0,0,0,,0,,,,,367832.8166,5033871.566,45.44193367,-75.69426803,2843
15--1249,2015/01/20,3:29 PM,SAI CRES btwn BLOHM DR & BLOHM DR (__3ZA46B),__3ZA46B,01 - Non intersection,03 - P.D. only,01 - Approaching,01 - Clear,01 - Daylight,06 - Ice,10 - No control,,2,0,0,0,,0,,,,,374787.7438,5026596.273,45.37581268,-75.6064082,2844
15--12490,2015/10/26,2:30 PM,BANK ST btwn HERON RD & ANOKA ST (__3ZA360),__3ZA360,04 - At/near private drive,03 - P.D. only,04 - Sideswipe,01 - Clear,01 - Daylight,01 - Dry,10 - No control,,2,0,0,0,,0,,,,,370000.0443,5026838.93,45.37845788,-75.66749798,2845
15--12491,2015/10/26,2:40 PM,MARIONVILLE RD btwn 9TH LINE RD & RODNEY LANE(NORTH DUNDAS TWP) (__3ZBN88),__3ZBN88,01 - Non intersection,03 - P.D. only,07 - SMV other,01 - Clear,01 - Daylight,01 - Dry,10 - No control,,1,0,0,0,,0,,,,,391080.7551,5002977.426,45.16149379,-75.40251989,2846
15--12492,2015/10/26,2:43 PM,MAITLAND AVE btwn CARLING AVE & DUNCAN PL (__3ZA4JY),__3ZA4JY,04 - At/near private drive,03 - P.D. only,05 - Turning movement,01 - Clear,01 - Daylight,01 - Dry,10 - No control,,2,0,0,0,,0,,,,,362978.1296,5026402.02,45.3751449,-75.75720023,2847
15--12493,2015/10/26,2:45 PM,HIGHWAY 417 btwn HWY417 IC121B RAMP51 & HWY417 IC121A RAMP51 (__3ZA2YW),__3ZA2YW,01 - Non intersection,03 - P.D. only,03 - Rear end,01 - Clear,01 - Daylight,01 - Dry,10 - No control,,4,0,0,0,,0,,,,,367043.225,5029656.407,45.40407773,-75.70489278,2848
15--12494,2015/10/26,2:51 PM,TENTH LINE RD btwn WALL RD & NAVAN RD (__3ZBOGQ),__3ZBOGQ,04 - At/near private drive,03 - P.D. only,03 - Rear end,01 - Clear,01 - Daylight,01 - Dry,10 - No control,,2,0,0,0,,0,,,,,385479.2001,5032502.262,45.42780022,-75.46895606,2849
15--12495,2015/10/26,3:00 PM,PARKDALE AVE @ WELLINGTON ST (0002260),2260,02 - Intersection related,03 - P.D. only,03 - Rear end,01 - Clear,01 - Daylight,01 - Dry,01 - Traffic signal,01 - Functioning,2,0,0,0,,0,,,,,365148.9799,5029269.475,45.40076207,-75.72913535,2850
15--12496,2015/10/26,3:03 PM,WEST HUNT CLUB RD @ WOODROFFE AVE (0000576),576,02 - Intersection related,03 - P.D. only,03 - Rear end,01 - Clear,01 - Daylight,01 - Dry,01 - Traffic signal,01 - Functioning,2,0,0,0,,0,,,,,363670.691,5021246.129,45.32869489,-75.74897245,2851
15--12497,2015/10/26,3:15 PM,REGIONAL ROAD 174 btwn OLD MONTREAL RD & OLD MONTREAL RD (__3ZA27O),__3ZA27O,01 - Non intersection,03 - P.D. only,03 - Rear end,01 - Clear,01 - Daylight,01 - Dry,10 - No control,,2,0,0,0,,0,,,,,394513.1801,5043014.731,45.52127706,-75.35160839,2852
15--12498,2015/10/26,3:16 PM,REGIONAL ROAD 174 btwn OLD MONTREAL RD & OLD MONTREAL RD (__3ZA27O),__3ZA27O,01 - Non intersection,03 - P.D. only,03 - Rear end,01 - Clear,01 - Daylight,01 - Dry,10 - No control,,2,0,0,0,,0,,,,,394518.9935,5043014.659,45.52127567,-75.351534,2853
15--12499,2015/10/26,3:53 PM,REGIONAL ROAD 174 EB btwn OR174 IC109 RAMP55 & TRANSIT (__3ZA28V),__3ZA28V,01 - Non intersection,03 - P.D. only,07 - SMV other,01 - Clear,01 - Daylight,01 - Dry,10 - No control,,1,0,0,0,,0,,,,,376532.217,5035117.719,45.45230728,-75.58289765,2854
15--125,2015/01/04,1:44 PM,REGIONAL ROAD 174 btwn OR174 IC112 RAMP15 & TRANSIT (__3ZA2WA),__3ZA2WA,01 - Non intersection,03 - P.D. only,07 - SMV other,02 - Rain,01 - Daylight,02 - Wet,10 - No control,,1,0,0,0,,0,,,,,375471.0307,5033329.721,45.43632806,-75.59672008,2855
15--1250,2015/01/20,3:50 PM,BLAIR RD @ OGILVIE RD (0004120),4120,02 - Intersection related,02 - Non-fatal injury,03 - Rear end,01 - Clear,01 - Daylight,01 - Dry,01 - Traffic signal,01 - Functioning,2,0,0,0,02 - Minor,1,,1,,,374507.7237,5033197.129,45.43523177,-75.60904983,2856
15--12500,2015/10/26,4:20 PM,WOODROFFE AVE btwn EARL MULLIGAN DR & LONGFIELDS DR (__3ZA3II),__3ZA3II,01 - Non intersection,03 - P.D. only,03 - Rear end,01 - Clear,01 - Daylight,01 - Dry,10 - No control,,3,0,0,0,,0,,,,,365341.0685,5017291.736,45.29297149,-75.72814809,2857
15--12501,2015/10/26,4:20 PM,BANK ST @ HERON RD (0002155),2155,02 - Intersection related,03 - P.D. only,03 - Rear end,01 - Clear,01 - Daylight,01 - Dry,01 - Traffic signal,01 - Functioning,2,0,0,0,,0,,,,,369994.998,5026852.264,45.37857833,-75.66756065,2858
15--12502,2015/10/26,4:26 PM,RENAUD RD @ SADDLERIDGE DR (0013678),13678,02 - Intersection related,03 - P.D. only,03 - Rear end,01 - Clear,01 - Daylight,01 - Dry,02 - Stop sign,01 - Functioning,2,0,0,0,,0,,,,,381580.8351,5032591.7,45.42904372,-75.51875393,2859
15--12503,2015/10/26,4:47 PM,EAGLESON RD btwn FAULKNER TR & FALLOWFIELD RD (__3ZA410),__3ZA410,01 - Non intersection,03 - P.D. only,99 - Other,01 - Clear,01 - Daylight,01 - Dry,10 - No control,,2,0,0,0,,0,,,,,355920.553,5012692.063,45.25233114,-75.84871746,2860
15--12504,2015/10/26,4:48 PM,WALKLEY RD btwn BANTON ST & MELFORT ST (__3ZBPHC),__3ZBPHC,04 - At/near private drive,02 - Non-fatal injury,05 - Turning movement,01 - Clear,01 - Daylight,01 - Dry,10 - No control,,2,0,0,0,01 - Minimal,1,1,,,,374378.0806,5028323.423,45.39139357,-75.61139464,2861
15--12505,2015/10/26,5:00 PM,PRINCE OF WALES DR @ WEST HUNT CLUB RD (0000567),567,02 - Intersection related,03 - P.D. only,03 - Rear end,01 - Clear,01 - Daylight,01 - Dry,01 - Traffic signal,01 - Functioning,2,0,0,0,,0,,,,,367458.7103,5021891.143,45.33417065,-75.70057072,2862
15--12506,2015/10/26,5:15 PM,HIGHWAY 417 btwn HWY417 IC117 RAMP25 & HWY417 IC115 RAMP51 (__3ZA2R3),__3ZA2R3,01 - Non intersection,03 - P.D. only,04 - Sideswipe,01 - Clear,01 - Daylight,01 - Dry,10 - No control,,2,0,0,0,,0,,,,,372080.1011,5031454.989,45.41979459,-75.64031224,2863
15--12507,2015/10/26,5:30 PM,WELLINGTON ST btwn TO BE DETERMINED & BAY ST (__3ZA25L),__3ZA25L,01 - Non intersection,03 - P.D. only,04 - Sideswipe,01 - Clear,01 - Daylight,01 - Dry,10 - No control,,2,0,0,0,,0,,,,,366750.7965,5031305.296,45.4189399,-75.70842072,2864
15--12508,2015/10/26,5:35 PM,MORRISON DR btwn SAXTON PRIV & ASHLEY ST (__3ZA1WA),__3ZA1WA,01 - Non intersection,03 - P.D. only,03 - Rear end,01 - Clear,01 - Daylight,01 - Dry,10 - No control,,2,0,0,0,,0,,,,,360068.3929,5023084.241,45.34552716,-75.79471893,2865
15--12509,2015/10/26,5:35 PM,ST. JOSEPH BLVD @ JEANNE D'ARC BLVD (0012421),12421,03 - At intersection,03 - P.D. only,02 - Angle,01 - Clear,01 - Daylight,01 - Dry,11 - Roundabout,01 - Functioning,2,0,0,0,,0,,,,,379861.7064,5036471.099,45.46413428,-75.54012913,2866
15--1251,2015/01/20,4:00 PM,LEWIS ST btwn O'CONNOR ST & METCALFE ST (__3ZA9T9),__3ZA9T9,01 - Non intersection,03 - P.D. only,06 - SMV unattended vehicle,01 - Clear,01 - Daylight,01 - Dry,10 - No control,,1,0,0,0,,0,,,,,368113.0013,5030916.346,45.41531832,-75.69106678,2867
15--12080,2015/10/15,7:04 PM,CARP HIGHLANDS CRT @ HIDDEN LAKE CRES (0014111),14111,03 - At intersection,03 - P.D. only,02 - Angle,02 - Rain,05 - Dusk,02 - Wet,02 - Stop sign,01 - Functioning,2,1,0,0,,0,,,,,340687.5441,5023880.751,45.35395385,-76.04197044,2868
15--12081,2015/10/15,7:35 AM,BANK ST @ MITCH OWENS RD (0001640),1640,03 - At intersection,03 - P.D. only,05 - Turning movement,01 - Clear,01 - Daylight,01 - Dry,01 - Traffic signal,01 - Functioning,2,0,0,0,,0,,,,,377758.7657,5015947.099,45.27969349,-75.57004892,2869
15--11920,2015/10/11,5:38 PM,CONSTANCE BAY RD SOUTH EXTENSION @ DUNROBIN RD (0014569),14569,02 - Intersection related,03 - P.D. only,07 - SMV other,01 - Clear,05 - Dusk,01 - Dry,02 - Stop sign,00 - Unknown,1,0,0,0,,0,,,,,336795.6011,5037200.646,45.4739992,-76.09077687,2870
15--12082,2015/10/15,7:43 AM,OKANAGAN DR @ SIOUX CRES W (0001305),1305,03 - At intersection,03 - P.D. only,02 - Angle,01 - Clear,01 - Daylight,02 - Wet,03 - Yield sign,01 - Functioning,2,0,0,0,,0,,,,,359360.5444,5021987.281,45.33571211,-75.80387209,2871
15--12083,2015/10/15,7:51 PM,WOODFIELD DR btwn DOWNSVIEW CRES & MERIVALE RD (__3ZA00W),__3ZA00W,04 - At/near private drive,03 - P.D. only,01 - Approaching,02 - Rain,07 - Dark,02 - Wet,10 - No control,,2,0,0,0,,0,,,,,365327.9444,5022255.032,45.33763191,-75.727709,2872
15--11921,2015/10/11,6:53 AM,HUNTMAR DR btwn BRADLEY SIDE RD & RICHARDSON SIDE RD (__3ZACWB),__3ZACWB,01 - Non intersection,03 - P.D. only,07 - SMV other,02 - Rain,03 - Dawn,02 - Wet,10 - No control,,1,0,0,0,,0,,,,,348075.252,5019133.363,45.3108185,-75.94810087,2873
15--12084,2015/10/15,7:52 PM,INNES RD @ EASTPARK DR E/RONDEL ST (0003146),3146,02 - Intersection related,03 - P.D. only,03 - Rear end,02 - Rain,07 - Dark,02 - Wet,02 - Stop sign,00 - Unknown,2,0,0,0,,0,,,,,378795.4669,5033315.287,45.43585429,-75.55423675,2874
15--11922,2015/10/11,7:40 PM,STRANDHERD DR btwn CEDARVIEW RD & MADRID AVE (__6O5O8S),__6O5O8S,01 - Non intersection,03 - P.D. only,05 - Turning movement,01 - Clear,07 - Dark,01 - Dry,10 - No control,,2,0,0,0,,0,,,,,363032.3881,5014083.24,45.26429646,-75.75795587,2875
15--12085,2015/10/15,8:00 PM,CARLING AVE EB btwn KIRKWOOD AVE & HWY417 IC124 RAMP55 (__3ZA4NS),__3ZA4NS,01 - Non intersection,03 - P.D. only,04 - Sideswipe,01 - Clear,07 - Dark,01 - Dry,10 - No control,,2,0,0,0,,0,,,,,364381.7041,5027378.039,45.38380901,-75.73916363,2876
15--11923,2015/10/12,1:40 PM,DONALD ST btwn BELGATE WAY & CUMMINGS AVE (__3ZBO2K),__3ZBO2K,01 - Non intersection,03 - P.D. only,05 - Turning movement,01 - Clear,01 - Daylight,01 - Dry,10 - No control,,2,0,0,0,,0,,,,,372638.4475,5032409.413,45.42832813,-75.63304721,2877
15--12086,2015/10/15,8:26 AM,ANDERSON RD/WEIR RD @ RENAUD RD (0003583),3583,02 - Intersection related,03 - P.D. only,03 - Rear end,02 - Rain,01 - Daylight,02 - Wet,11 - Roundabout,01 - Functioning,2,0,0,0,,0,,,,,377767.7481,5031503.201,45.41965831,-75.56763912,2878
15--11924,2015/10/12,1:59 PM,CARLING AVE @ CROYDON AVE (0002642),2642,02 - Intersection related,02 - Non-fatal injury,03 - Rear end,01 - Clear,01 - Daylight,01 - Dry,01 - Traffic signal,01 - Functioning,2,0,0,0,02 - Minor,1,,1,,,360660.122,5025041.436,45.36309106,-75.78694731,2879
15--12087,2015/10/15,8:28 AM,GREENBANK RD btwn WEST HUNT CLUB RD & FALLOWFIELD RD (__3ZA1NE),__3ZA1NE,01 - Non intersection,03 - P.D. only,03 - Rear end,01 - Clear,01 - Daylight,02 - Wet,10 - No control,,2,0,0,0,,0,,,,,363051.1262,5016807.05,45.28880384,-75.75739749,2880
15--11925,2015/10/12,11:43 AM,INNES RD @ BEARBROOK RD/GLEN PARK DR E (0003630),3630,02 - Intersection related,03 - P.D. only,04 - Sideswipe,01 - Clear,01 - Daylight,01 - Dry,01 - Traffic signal,01 - Functioning,2,0,0,0,,0,,,,,377992.323,5032840.046,45.43166292,-75.5645713,2881
15--11926,2015/10/12,11:53 AM,REGIONAL ROAD 174 btwn QUIGLEY HILL RD & REGIONAL ROAD 174 DIVIDED (__3ZA2Y5),__3ZA2Y5,01 - Non intersection,03 - P.D. only,07 - SMV other,01 - Clear,01 - Daylight,01 - Dry,10 - No control,,1,0,0,0,,0,,,,,388355.8966,5042392.309,45.51644237,-75.4305177,2882
15--11927,2015/10/12,12:30 PM,DALHOUSIE ST btwn GEORGE ST & RIDEAU ST (__3ZA8ZX),__3ZA8ZX,01 - Non intersection,03 - P.D. only,04 - Sideswipe,01 - Clear,01 - Daylight,01 - Dry,10 - No control,,2,0,0,0,,0,,,,,368162.987,5032307.939,45.42783487,-75.69024921,2883
15--11928,2015/10/12,12:50 PM,LYON ST @ WELLINGTON ST (0002388),2388,03 - At intersection,03 - P.D. only,05 - Turning movement,01 - Clear,01 - Daylight,01 - Dry,01 - Traffic signal,01 - Functioning,2,0,0,0,,0,,,,,366935.271,5031426.526,45.42001434,-75.70604853,2884
15--11929,2015/10/12,2:17 PM,LYON ST @ WELLINGTON ST (0002388),2388,03 - At intersection,02 - Non-fatal injury,04 - Sideswipe,01 - Clear,01 - Daylight,01 - Dry,01 - Traffic signal,01 - Functioning,2,0,0,0,02 - Minor,1,,1,,,366935.9917,5031425.806,45.42000779,-75.70603941,2885
15--1193,2015/01/19,2:56 PM,BLAIR RD @ REGIONAL RD 174 N/OR174 IC112 RAMP61 (0003617),3617,03 - At intersection,02 - Non-fatal injury,03 - Rear end,01 - Clear,01 - Daylight,02 - Wet,01 - Traffic signal,01 - Functioning,2,0,0,0,01 - Minimal,1,1,,,,374634.4458,5032992.06,45.43337402,-75.60745946,2886
15--11930,2015/10/12,2:45 PM,BANK ST @ CHAMBERLAIN AVE N/ISABELLA ST (0002132),2132,03 - At intersection,03 - P.D. only,05 - Turning movement,01 - Clear,01 - Daylight,01 - Dry,01 - Traffic signal,01 - Functioning,2,0,0,0,,0,,,,,368082.7121,5030167.284,45.40858124,-75.69154991,2887
15--11931,2015/10/12,2:45 PM,PRINCE OF WALES DR btwn GREENBANK RD & BARNSDALE RD (__3ZA296),__3ZA296,01 - Non intersection,03 - P.D. only,03 - Rear end,01 - Clear,01 - Daylight,01 - Dry,10 - No control,,2,0,0,0,,0,,,,,366483.2003,5010650.786,45.23311715,-75.71441275,2888
15--11932,2015/10/12,2:46 AM,REGIONAL ROAD 174 btwn TRANSIT & OR174 IC109 RAMP54 (__3ZAZ6V),__3ZAZ6V,01 - Non intersection,02 - Non-fatal injury,07 - SMV other,01 - Clear,07 - Dark,01 - Dry,10 - No control,,1,0,0,0,02 - Minor,1,,1,,,376379.4242,5034782.584,45.44930761,-75.58489963,2889
15--11933,2015/10/12,2:59 PM,HIGHWAY 417 btwn HWY417 IC110 RAMP66 & HWY417 IC110 RAMP56 (__3ZA2XR),__3ZA2XR,01 - Non intersection,03 - P.D. only,99 - Other,01 - Clear,01 - Daylight,01 - Dry,10 - No control,,5,0,0,0,,0,,,,,375824.8154,5029188.895,45.3990354,-75.59279561,2890
15--11934,2015/10/12,3:10 PM,HIGHWAY 417 btwn HWY417 IC119A RAMP75 & HWY417 IC118 RAMP57 (__3ZA2R2),__3ZA2R2,01 - Non intersection,03 - P.D. only,07 - SMV other,01 - Clear,01 - Daylight,01 - Dry,10 - No control,,1,0,0,0,,0,,,,,368933.4458,5030692.162,45.41322647,-75.68061443,2891
15--11935,2015/10/12,3:31 PM,RIDEAU ST @ WURTEMBURG ST (0007118),7118,03 - At intersection,03 - P.D. only,02 - Angle,01 - Clear,01 - Daylight,01 - Dry,01 - Traffic signal,01 - Functioning,3,0,0,0,,0,,,,,369356.7062,5032925.228,45.43327984,-75.67491466,2892
15--11936,2015/10/12,3:43 PM,KLONDIKE RD btwn MARCONI AVE & MARCH VALLEY RD (__3ZACV0),__3ZACV0,04 - At/near private drive,03 - P.D. only,06 - SMV unattended vehicle,01 - Clear,01 - Daylight,01 - Dry,10 - No control,,1,0,0,0,,0,,,,,350006.7808,5024752.42,45.36125843,-75.92295556,2893
15--11937,2015/10/12,3:52 PM,RIDEAU ST btwn CUMBERLAND ST & KING EDWARD AVE (__3ZBOFX),__3ZBOFX,04 - At/near private drive,03 - P.D. only,04 - Sideswipe,01 - Clear,01 - Daylight,01 - Dry,10 - No control,,2,0,0,0,,0,,,,,368437.6753,5032369.516,45.42836398,-75.68673122,2894
15--11938,2015/10/12,4:15 PM,HIGHWAY 417 btwn HWY417 IC126 RAMP25 & HWY417 IC124 RAMP57 (__3ZA2R5),__3ZA2R5,01 - Non intersection,03 - P.D. only,03 - Rear end,01 - Clear,01 - Daylight,01 - Dry,10 - No control,,2,0,0,0,,0,,,,,363668.1269,5026500.216,45.37597082,-75.74837962,2895