Anom_ID,Accident_Date,Accident_Time,Location,Geo_ID,Accident_Location,Classification_of_Accident,Initial_Impact_Type,Environment_Condition,Light,Road_Surface_Condition,Traffic_Control,Traffic_Control_Condition,No__of_Vehicles,No__of_Bicycles,No__of_Motorcycles,No__of_Pedestrians,Max_Injury,No__of_Injuries,No__of_Minimal,No__of_Minor,No__of_Major,No__of_Fatal,X,Y,Latitude,Longitude,ObjectId
15--11939,2015/10/12,4:51 PM,BANK ST @ QUEENSDALE AVE (0009260),9260,03 - At intersection,02 - Non-fatal injury,02 - Angle,01 - Clear,01 - Daylight,01 - Dry,01 - Traffic signal,01 - Functioning,2,0,0,0,01 - Minimal,1,1,,,,373337.4636,5023445.153,45.34760351,-75.62535995,2896
15--1194,2015/01/19,3:13 PM,QUEEN MARY ST @ VANIER PKWY (0007648),7648,02 - Intersection related,03 - P.D. only,03 - Rear end,01 - Clear,01 - Daylight,02 - Wet,01 - Traffic signal,01 - Functioning,2,0,0,0,,0,,,,,370363.7105,5031958.067,45.42448404,-75.66217449,2897
15--11940,2015/10/12,5:00 PM,BANK ST @ CHAMBERLAIN AVE N/ISABELLA ST (0002132),2132,03 - At intersection,03 - P.D. only,04 - Sideswipe,01 - Clear,01 - Daylight,01 - Dry,01 - Traffic signal,01 - Functioning,2,0,0,0,,0,,,,,368083.4341,5030167.104,45.40857955,-75.69154071,2898
15--11941,2015/10/12,6:39 PM,CARLING AVE @ KIRKWOOD AVE S (0002209),2209,02 - Intersection related,02 - Non-fatal injury,03 - Rear end,01 - Clear,07 - Dark,01 - Dry,01 - Traffic signal,01 - Functioning,2,0,0,0,01 - Minimal,1,1,,,,364353.1419,5027337.189,45.38344388,-75.73953326,2899
15--11942,2015/10/12,6:49 AM,BANK ST @ HUNT CLUB RD (0002119),2119,03 - At intersection,02 - Non-fatal injury,02 - Angle,01 - Clear,03 - Dawn,01 - Dry,01 - Traffic signal,01 - Functioning,2,0,0,0,01 - Minimal,2,2,,,,371609.4572,5024096.146,45.35362766,-75.64732144,2900
15--11943,2015/10/12,7:43 PM,RAMSAYVILLE RD btwn RIDGE RD & RUSSELL RD (__3ZA2B5),__3ZA2B5,01 - Non intersection,03 - P.D. only,07 - SMV other,01 - Clear,07 - Dark,01 - Dry,10 - No control,,1,0,0,0,,0,,,,,376794.1495,5028579.586,45.39345417,-75.58050476,2901
15--11944,2015/10/12,9:13 PM,FERNBANK RD btwn JINKINSON RD & BLACK'S SIDE RD (__3ZACRF),__3ZACRF,01 - Non intersection,03 - P.D. only,07 - SMV other,01 - Clear,07 - Dark,01 - Dry,10 - No control,,1,0,0,0,,0,,,,,346742.4214,5008397.139,45.21429033,-75.96600446,2902
15--11945,2015/10/13,1:18 PM,ISLAND PARK DR btwn RICHMOND RD & BASSETT LANE (__3ZA235),__3ZA235,01 - Non intersection,03 - P.D. only,03 - Rear end,01 - Clear,01 - Daylight,01 - Dry,10 - No control,,2,0,0,0,,0,,,,,364215.8853,5028689.217,45.39562084,-75.74112302,2903
15--11946,2015/10/13,1:56 PM,VANIER PKWY NB btwn BEECHWOOD AVE/ ST. PATRICK ST/CRICHTON ST & DESCHA (__3ZA4SV),__3ZA4SV,01 - Non intersection,03 - P.D. only,03 - Rear end,02 - Rain,01 - Daylight,02 - Wet,10 - No control,,2,0,0,0,,0,,,,,369625.7336,5033372.278,45.43727733,-75.67141778,2904
15--11947,2015/10/13,10:04 PM,HIGHWAY 417 btwn HWY417 IC119A RAMP75 & HWY417 IC118 RAMP57 (__3ZA2R2),__3ZA2R2,01 - Non intersection,03 - P.D. only,04 - Sideswipe,01 - Clear,07 - Dark,01 - Dry,10 - No control,,2,0,0,0,,0,,,,,368724.4803,5030580.944,45.41224489,-75.68329838,2905
15--11948,2015/10/13,10:21 AM,WEST HUNT CLUB RD @ CLEOPATRA DR/LANCELOT DR (0000114),114,02 - Intersection related,03 - P.D. only,03 - Rear end,02 - Rain,01 - Daylight,02 - Wet,01 - Traffic signal,01 - Functioning,2,0,0,0,,0,,,,,365234.9793,5021732.854,45.33294143,-75.72895882,2906
15--11949,2015/10/13,10:35 AM,RIVERSIDE DR @ UPLANDS DR/KIMBERWICK CRES N (0006890),6890,03 - At intersection,02 - Non-fatal injury,07 - SMV other,02 - Rain,01 - Daylight,02 - Wet,01 - Traffic signal,01 - Functioning,1,0,0,1,02 - Minor,1,,1,,,368193.9953,5022793.861,45.34222708,-75.69107489,2907
15--1195,2015/01/19,3:21 PM,APELDOORN AVE @ NORMANDY CRES N (0003371),3371,03 - At intersection,03 - P.D. only,02 - Angle,01 - Clear,01 - Daylight,06 - Ice,02 - Stop sign,01 - Functioning,2,0,0,0,,0,,,,,367022.7124,5024997.031,45.36215564,-75.70574208,2908
15--11950,2015/10/13,10:45 AM,GREENBANK RD btwn WEST HUNT CLUB RD & FALLOWFIELD RD (__3ZA1NE),__3ZA1NE,01 - Non intersection,03 - P.D. only,07 - SMV other,01 - Clear,01 - Daylight,02 - Wet,10 - No control,,1,0,0,0,,0,,,,,361593.5242,5020228.966,45.31971363,-75.77558586,2909
15--11951,2015/10/13,11:34 AM,BOUNDARY RD @ MITCH OWENS RD (0001708),1708,02 - Intersection related,03 - P.D. only,07 - SMV other,02 - Rain,01 - Daylight,02 - Wet,02 - Stop sign,00 - Unknown,1,0,0,0,,0,,,,,388066.5528,5022162.109,45.3344659,-75.43764038,2910
15--11952,2015/10/13,Unknown,BAYSWATER PL btwn SHERWOOD DR & IRVING PL (__3ZBONZ),__3ZBONZ,01 - Non intersection,03 - P.D. only,06 - SMV unattended vehicle,01 - Clear,00 - Unknown,01 - Dry,10 - No control,,1,0,0,0,,0,,,,,366156.6073,5028896.42,45.39731783,-75.71631208,2911
15--11953,2015/10/13,Unknown,WOODCLIFFE PRIV btwn HIDDEN VALLEY PRIV & HIDDEN VALLEY PRIV (__4BZ0P8),__4BZ0P8,01 - Non intersection,03 - P.D. only,06 - SMV unattended vehicle,02 - Rain,00 - Unknown,02 - Wet,10 - No control,,1,0,0,0,,0,,,,,379945.2328,5036149.884,45.46123525,-75.53911027,2912
15--11954,2015/10/13,12:03 PM,BANK ST @ EXHIBITION WAY (0009013),9013,03 - At intersection,02 - Non-fatal injury,05 - Turning movement,"07 - Fog, mist, smoke, dust",01 - Daylight,02 - Wet,01 - Traffic signal,01 - Functioning,2,0,0,0,01 - Minimal,1,1,,,,368528.6416,5029086.617,45.39881728,-75.6859933,2913
15--11955,2015/10/13,12:29 PM,PLEASANT PARK RD @ ST. LAURENT BLVD (0008363),8363,02 - Intersection related,02 - Non-fatal injury,03 - Rear end,02 - Rain,01 - Daylight,02 - Wet,01 - Traffic signal,01 - Functioning,2,0,0,0,01 - Minimal,1,1,,,,373597.7279,5028795.19,45.39571541,-75.62129382,2914
15--11956,2015/10/13,12:43 AM,FIFTH AVE btwn RALPH ST & MONK ST (__3ZBN6F),__3ZBN6F,01 - Non intersection,03 - P.D. only,06 - SMV unattended vehicle,01 - Clear,07 - Dark,01 - Dry,10 - No control,,1,0,0,0,,0,,,,,368255.7966,5029313.433,45.40088289,-75.68944882,2915
15--11957,2015/10/13,12:43 PM,GREENBANK RD btwn CANFIELD RD & BELLMAN DR (__3ZA4YT),__3ZA4YT,04 - At/near private drive,03 - P.D. only,02 - Angle,02 - Rain,01 - Daylight,02 - Wet,10 - No control,,2,0,0,0,,0,,,,,361174.1742,5021195.676,45.32844588,-75.78082429,2916
15--11958,2015/10/13,12:55 PM,CONROY RD @ WALKLEY RD (0002648),2648,03 - At intersection,03 - P.D. only,02 - Angle,01 - Clear,01 - Daylight,01 - Dry,01 - Traffic signal,01 - Functioning,2,0,0,0,,0,,,,,372904.4433,5027464.612,45.38381121,-75.63033127,2917
15--11959,2015/10/13,2:08 PM,BRONSON AVE btwn RENFREW AVE & POWELL AVE (__3ZA3BZ),__3ZA3BZ,04 - At/near private drive,03 - P.D. only,02 - Angle,01 - Clear,01 - Daylight,02 - Wet,10 - No control,,2,0,0,0,,0,,,,,367370.2831,5029522.223,45.40284122,-75.7007323,2918
15--1196,2015/01/19,3:30 PM,INNES RD @ 298 E OF WILDFLOWER DR/LOBLAWS SC (0012918),12918,02 - Intersection related,03 - P.D. only,03 - Rear end,01 - Clear,01 - Daylight,01 - Dry,01 - Traffic signal,00 - Unknown,2,0,0,0,,0,,,,,383190.7568,5035795.117,45.45768674,-75.49767224,2919
15--11960,2015/10/13,2:34 PM,BLACKBURN BYPASS @ NAVAN RD (0004201),4201,02 - Intersection related,03 - P.D. only,02 - Angle,01 - Clear,01 - Daylight,01 - Dry,01 - Traffic signal,01 - Functioning,2,0,0,0,,0,,,,,379619.1885,5033275.643,45.43540995,-75.54371596,2920
15--11961,2015/10/13,2:45 PM,MCKENNA CASEY DR btwn MOODIE DR & STRANDHERD DR (__3ZA1OJ),__3ZA1OJ,01 - Non intersection,03 - P.D. only,99 - Other,01 - Clear,01 - Daylight,07 - Mud,10 - No control,,2,0,0,0,,0,,,,,361802.2655,5013542.253,45.25952938,-75.77369188,2921
15--11962,2015/10/13,2:46 PM,BRONSON AVE btwn BRONSON AVE NB ON RAMP 42 & BRONSON AVE SB ON RAMP 43 (__3ZA3NZ),__3ZA3NZ,07 - Overpass or bridge,02 - Non-fatal injury,03 - Rear end,01 - Clear,01 - Daylight,01 - Dry,10 - No control,,2,0,0,0,02 - Minor,1,,1,,,367758.7187,5028421.081,45.39289864,-75.69591149,2922
15--11963,2015/10/13,3:10 PM,GLYNN AVE @ NORTH RIVER RD (0008538),8538,03 - At intersection,02 - Non-fatal injury,02 - Angle,02 - Rain,01 - Daylight,02 - Wet,02 - Stop sign,01 - Functioning,2,1,0,0,01 - Minimal,1,1,,,,370025.4335,5032065.946,45.42548631,-75.66648252,2923
15--11964,2015/10/13,3:12 PM,MONTREAL RD @ OGILVIE RD (0009279),9279,02 - Intersection related,03 - P.D. only,03 - Rear end,01 - Clear,01 - Daylight,02 - Wet,01 - Traffic signal,01 - Functioning,2,0,0,0,,0,,,,,375654.9152,5034555.415,45.44733751,-75.5941936,2924
15--11965,2015/10/13,3:15 PM,FITZGERALD RD @ ROBERTSON RD (0005301),5301,02 - Intersection related,03 - P.D. only,04 - Sideswipe,01 - Clear,01 - Daylight,01 - Dry,01 - Traffic signal,01 - Functioning,2,0,0,0,,0,,,,,356789.5756,5020290.38,45.32063842,-75.83685054,2925
15--11966,2015/10/13,4:02 PM,TRIM RD @ DAIRY DR/TAYLOR CREEK DR (0012921),12921,03 - At intersection,02 - Non-fatal injury,04 - Sideswipe,01 - Clear,01 - Daylight,01 - Dry,11 - Roundabout,01 - Functioning,3,0,0,0,02 - Minor,1,,1,,,384534.3303,5039595.031,45.49172272,-75.47987892,2926
15--11967,2015/10/13,4:15 PM,LAURIER AVE @ QUEEN ELIZABETH DRWY/LAURIER AVE (0011416),11416,02 - Intersection related,03 - P.D. only,04 - Sideswipe,01 - Clear,01 - Daylight,02 - Wet,01 - Traffic signal,01 - Functioning,2,1,0,0,,0,,,,,368076.5037,5031622.721,45.42167734,-75.69144234,2927
15--11968,2015/10/13,4:40 PM,MEADOWLANDS DR btwn BAYNE AVE & MERIVALE RD (__3ZA4HT),__3ZA4HT,04 - At/near private drive,03 - P.D. only,02 - Angle,01 - Clear,01 - Daylight,01 - Dry,10 - No control,,2,0,0,0,,0,,,,,364801.763,5023693.438,45.35061971,-75.73424759,2928
15--11969,2015/10/13,5:28 PM,APPLEFORD ST @ OGILVIE RD (0009519),9519,02 - Intersection related,02 - Non-fatal injury,04 - Sideswipe,01 - Clear,01 - Daylight,01 - Dry,01 - Traffic signal,01 - Functioning,2,0,0,0,02 - Minor,1,,1,,,375315.2857,5033687.943,45.43956685,-75.59865917,2929
15--1197,2015/01/19,3:40 PM,ACACIA AVE @ GREEN AVE (0005902),5902,03 - At intersection,03 - P.D. only,02 - Angle,01 - Clear,01 - Daylight,02 - Wet,10 - No control,,2,0,0,0,,0,,,,,369557.7436,5034033.114,45.44322956,-75.67219976,2930
15--12088,2015/10/15,8:38 AM,ST. LAURENT BLVD @ TREMBLAY RD (0002573),2573,03 - At intersection,03 - P.D. only,05 - Turning movement,02 - Rain,01 - Daylight,02 - Wet,01 - Traffic signal,01 - Functioning,2,0,0,0,,0,,,,,372594.2725,5031241.216,45.41782153,-75.63377245,2931
15--12089,2015/10/15,8:55 AM,NAVAHO DR btwn BASELINE RD & NAVAHO DR (__3ZA2PQ),__3ZA2PQ,01 - Non intersection,03 - P.D. only,05 - Turning movement,01 - Clear,01 - Daylight,01 - Dry,10 - No control,,2,0,0,0,,0,,,,,363097.6116,5024075.206,45.35419855,-75.75594937,2932
15--1209,2015/01/19,6:30 AM,HIGHWAY 417 btwn HWY417 IC142 RAMP16 & HWY417 IC142 RAMP61 (__3ZAZW4),__3ZAZW4,01 - Non intersection,03 - P.D. only,07 - SMV other,03 - Snow,07 - Dark,04 - Slush,10 - No control,,1,0,0,0,,0,,,,,348915.8676,5017247.736,45.29379874,-75.93754862,2933
15--12090,2015/10/15,9:12 AM,HIGHWAY 417 btwn HWY417 IC122 RAMP51 & HWY417 IC122 RAMP15 (__3ZA2R0),__3ZA2R0,01 - Non intersection,03 - P.D. only,03 - Rear end,01 - Clear,01 - Daylight,01 - Dry,10 - No control,,2,0,0,0,,0,,,,,365309.2614,5028859.273,45.39705733,-75.72713851,2934
15--12091,2015/10/15,9:27 AM,BASELINE RD btwn NAVAHO DR & COLLEGE SQUARE SC (__3ZAZDQB),__3ZAZDQB,01 - Non intersection,02 - Non-fatal injury,07 - SMV other,02 - Rain,01 - Daylight,02 - Wet,10 - No control,,1,0,0,1,01 - Minimal,1,1,,,,363080.9952,5024093.643,45.35436583,-75.75615926,2935
15--12092,2015/10/15,9:33 AM,INNES RD @ TENTH LINE RD (0004633),4633,02 - Intersection related,02 - Non-fatal injury,03 - Rear end,01 - Clear,01 - Daylight,01 - Dry,01 - Traffic signal,01 - Functioning,2,0,0,0,01 - Minimal,1,1,,,,383951.7603,5036159.921,45.46088313,-75.48788462,2936
15--12093,2015/10/16,1:04 AM,CASTLEFRANK RD btwn CONNELLY PL & GLAMORGAN DR (__3ZA1ZV),__3ZA1ZV,01 - Non intersection,03 - P.D. only,07 - SMV other,01 - Clear,07 - Dark,01 - Dry,10 - No control,,1,0,0,0,,0,,,,,353214.0762,5016340.927,45.28535605,-75.88284054,2937
15--12094,2015/10/16,1:29 PM,MILL HILL RD @ ROBERTSON RD (0000601),601,02 - Intersection related,02 - Non-fatal injury,02 - Angle,01 - Clear,01 - Daylight,01 - Dry,02 - Stop sign,00 - Unknown,2,0,0,0,02 - Minor,1,,1,,,356241.6562,5019958.386,45.31769146,-75.84387351,2938
15--12095,2015/10/16,1:30 PM,CEDARVIEW RD @ WEST HUNT CLUB RD (0010267),10267,03 - At intersection,03 - P.D. only,03 - Rear end,01 - Clear,01 - Daylight,01 - Dry,01 - Traffic signal,01 - Functioning,2,0,0,0,,0,,,,,359719.3981,5019554.117,45.31379041,-75.79956375,2939
15--12096,2015/10/16,10:15 PM,HWY417 IC119A RAMP75 btwn METCALFE ST & HIGHWAY 417 (__3ZAY9U),__3ZAY9U,01 - Non intersection,03 - P.D. only,04 - Sideswipe,02 - Rain,07 - Dark,02 - Wet,10 - No control,,2,0,0,0,,0,,,,,368506.4297,5030446.648,45.41105642,-75.68610127,2940
15--12097,2015/10/16,10:20 PM,KING EDWARD AVE @ RIDEAU ST (0002121),2121,02 - Intersection related,02 - Non-fatal injury,07 - SMV other,01 - Clear,07 - Dark,01 - Dry,01 - Traffic signal,01 - Functioning,1,0,0,1,02 - Minor,1,,1,,,368510.9865,5032412.508,45.42874413,-75.68578886,2941
15--12098,2015/10/16,10:32 PM,PRINCE OF WALES DR btwn FISHER AVE & NE/OT BOUNDARY (__3ZA2TZ),__3ZA2TZ,01 - Non intersection,03 - P.D. only,99 - Other,02 - Rain,07 - Dark,02 - Wet,10 - No control,,2,0,0,0,,0,,,,,367160.9841,5023965.935,45.35286576,-75.70410732,2942
15--12099,2015/10/16,10:55 AM,CARP RD @ CAVANMORE RD (0005679),5679,03 - At intersection,02 - Non-fatal injury,05 - Turning movement,01 - Clear,01 - Daylight,01 - Dry,02 - Stop sign,01 - Functioning,3,0,0,0,02 - Minor,2,1,1,,,345801.2835,5017622.832,45.29736263,-75.977225,2943
15--121,2015/01/04,1:25 PM,SNAKE ISLAND RD btwn 5TH LINE RD & GREY'S CREEK RD (__3ZA2CW),__3ZA2CW,01 - Non intersection,03 - P.D. only,07 - SMV other,03 - Snow,01 - Daylight,03 - Loose snow,10 - No control,,1,0,0,0,,0,,,,,380535.7286,5008175.291,45.2094725,-75.53584168,2944
15--1210,2015/01/19,6:51 PM,ST. JOSEPH BLVD @ JEANNE D'ARC BLVD (0012421),12421,03 - At intersection,03 - P.D. only,02 - Angle,01 - Clear,07 - Dark,01 - Dry,11 - Roundabout,01 - Functioning,2,0,0,0,,0,,,,,379861.7064,5036471.099,45.46413428,-75.54012913,2945
15--12100,2015/10/16,11:10 AM,COVENTRY RD @ VANIER PKWY (0002139),2139,02 - Intersection related,03 - P.D. only,04 - Sideswipe,01 - Clear,01 - Daylight,01 - Dry,01 - Traffic signal,01 - Functioning,3,0,0,0,,0,,,,,370677.1056,5031609.901,45.42132194,-75.65821667,2946
15--12101,2015/10/16,11:13 PM,ELGIN ST @ SLATER ST (0002228),2228,03 - At intersection,03 - P.D. only,07 - SMV other,02 - Rain,07 - Dark,02 - Wet,01 - Traffic signal,01 - Functioning,1,0,0,0,,0,,,,,367889.987,5031646.215,45.42190558,-75.69382244,2947
15--12102,2015/10/16,11:45 AM,CALDWELL AVE @ MERIVALE RD (0011432),11432,03 - At intersection,02 - Non-fatal injury,05 - Turning movement,01 - Clear,01 - Daylight,01 - Dry,01 - Traffic signal,01 - Functioning,3,0,0,0,01 - Minimal,1,1,,,,364907.398,5026229.331,45.37342823,-75.73259115,2948
15--12103,2015/10/16,12:08 PM,BASELINE RD @ MERIVALE RD (0002342),2342,02 - Intersection related,03 - P.D. only,04 - Sideswipe,01 - Clear,01 - Daylight,01 - Dry,01 - Traffic signal,01 - Functioning,2,0,0,0,,0,,,,,365053.9757,5025326.596,45.36529299,-75.73083003,2949
15--12104,2015/10/16,12:10 PM,HIGHWAY 417 btwn TRANSIT & HWY417 IC127 RAMP16 (__3ZA2SJ),__3ZA2SJ,01 - Non intersection,02 - Non-fatal injury,04 - Sideswipe,01 - Clear,01 - Daylight,01 - Dry,10 - No control,,3,0,0,0,02 - Minor,1,,1,,,361829.9793,5024624.716,45.35924725,-75.7720634,2950
15--12105,2015/10/16,12:15 PM,BANTREE ST @ INNES RD (0007684),7684,02 - Intersection related,03 - P.D. only,03 - Rear end,01 - Clear,01 - Daylight,01 - Dry,01 - Traffic signal,01 - Functioning,2,0,0,0,,0,,,,,373705.7232,5030406.916,45.41020633,-75.61968943,2951
15--12106,2015/10/16,12:17 PM,BRONSON AVE btwn POWELL AVE & CLEMOW AVE (__3ZA3OX),__3ZA3OX,01 - Non intersection,03 - P.D. only,04 - Sideswipe,01 - Clear,01 - Daylight,01 - Dry,10 - No control,,2,0,0,0,,0,,,,,367417.4285,5029412.71,45.40185164,-75.70014404,2952
15--12107,2015/10/16,12:26 PM,MILTON RD btwn SMITH RD & PERRAULT RD (__3ZA3M7),__3ZA3M7,01 - Non intersection,03 - P.D. only,07 - SMV other,01 - Clear,01 - Daylight,01 - Dry,10 - No control,,1,0,0,0,,0,,,,,388643.6184,5028280.879,45.38944825,-75.4292411,2953
15--12108,2015/10/16,12:44 PM,LEITRIM RD btwn 810 W OF HAWTHORNE & HAWTHORNE RD (__3ZA3SPB),__3ZA3SPB,01 - Non intersection,02 - Non-fatal injury,07 - SMV other,01 - Clear,01 - Daylight,01 - Dry,10 - No control,,1,0,0,0,02 - Minor,1,,1,,,376551.6781,5022284.775,45.33684152,-75.58451523,2954
15--12109,2015/10/16,12:45 PM,WOODROFFE AVE btwn HWY417 IC127 RAMP53 & IRIS ST (__3ZA4L2),__3ZA4L2,01 - Non intersection,03 - P.D. only,03 - Rear end,01 - Clear,01 - Daylight,01 - Dry,10 - No control,,2,0,0,0,,0,,,,,362218.1824,5024604.743,45.35903585,-75.76711106,2955
15--1211,2015/01/19,7:51 AM,ROBERTSON RD btwn HAZELDEAN RD & HAANEL DR (__3ZA41S),__3ZA41S,01 - Non intersection,02 - Non-fatal injury,07 - SMV other,05 - Drifting Snow,03 - Dawn,03 - Loose snow,10 - No control,,1,0,0,0,02 - Minor,1,,1,,,354131.1444,5018696.548,45.30648867,-75.87091657,2956
15--12110,2015/10/16,2:00 PM,PRINCE OF WALES DR @ MEADOWLANDS DR/HOG'S BACK (0001629),1629,02 - Intersection related,03 - P.D. only,04 - Sideswipe,01 - Clear,01 - Daylight,01 - Dry,01 - Traffic signal,01 - Functioning,2,0,0,0,,0,,,,,367371.9189,5025693.117,45.36838778,-75.70119683,2957
15--12111,2015/10/16,2:19 PM,BANK ST btwn FOURTH AVE & FIFTH AVE (__3ZA3OW),__3ZA3OW,01 - Non intersection,02 - Non-fatal injury,04 - Sideswipe,01 - Clear,01 - Daylight,01 - Dry,10 - No control,,2,1,0,0,02 - Minor,1,,1,,,368371.3199,5029463.953,45.40222674,-75.68795393,2958
15--12112,2015/10/16,2:31 PM,DOZOIS RD btwn LONGSHADOW ST & RIDEAU BEND CRES (__3ZA6LW),__3ZA6LW,01 - Non intersection,02 - Non-fatal injury,07 - SMV other,01 - Clear,01 - Daylight,01 - Dry,10 - No control,,1,0,0,0,02 - Minor,2,,2,,,371806.6584,5011821.003,45.24316015,-75.64646367,2959
15--12113,2015/10/16,2:50 PM,WALKLEY RD @ 160 W OF CONROY RD  (0011391),11391,03 - At intersection,02 - Non-fatal injury,03 - Rear end,01 - Clear,01 - Daylight,01 - Dry,01 - Traffic signal,01 - Functioning,2,0,0,0,01 - Minimal,2,2,,,,372768.1168,5027383.725,45.38309666,-75.63208305,2960
15--12114,2015/10/16,3:04 PM,NEW ORCHARD AVE @ RICHMOND RD (0011467),11467,02 - Intersection related,03 - P.D. only,03 - Rear end,01 - Clear,01 - Daylight,01 - Dry,01 - Traffic signal,01 - Functioning,2,0,0,0,,0,,,,,361295.8396,5026218.44,45.37363072,-75.77869844,2961
15--12115,2015/10/16,4:00 PM,TERRY FOX DR btwn HWY417 IC140 RAMP36 & HWY417 IC140 RAMP61 (__39F4XC),__39F4XC,01 - Non intersection,03 - P.D. only,04 - Sideswipe,01 - Clear,01 - Daylight,01 - Dry,10 - No control,,2,0,0,0,,0,,,,,350726.2383,5018807.789,45.30772054,-75.91432413,2962
15--12116,2015/10/16,4:00 PM,BANK ST btwn HOPEWELL AVE & GLEN AVE (__3ZA3N3),__3ZA3N3,01 - Non intersection,03 - P.D. only,99 - Other,01 - Clear,01 - Daylight,01 - Dry,10 - No control,,2,0,0,0,,0,,,,,368793.6567,5028459.396,45.39314958,-75.68268997,2963
15--12117,2015/10/16,4:24 PM,BRIAN COBURN BLVD @ PORTOBELLO BLVD (0013015),13015,02 - Intersection related,03 - P.D. only,03 - Rear end,01 - Clear,01 - Daylight,01 - Dry,02 - Stop sign,01 - Functioning,2,0,0,0,,0,,,,,385750.9679,5035490.233,45.45465177,-75.46499209,2964
15--12118,2015/10/16,4:44 PM,OGILVIE RD @ 185 E OF BATHGATE DR/185 E OF CIT (0012352),12352,02 - Intersection related,02 - Non-fatal injury,04 - Sideswipe,01 - Clear,01 - Daylight,01 - Dry,01 - Traffic signal,01 - Functioning,2,0,0,0,01 - Minimal,1,1,,,,373990.0307,5032894.68,45.43256191,-75.61570829,2965
15--12119,2015/10/16,4:54 PM,RIVER RD btwn LOWEN DR & BALMORAL DR (__3ZA38M),__3ZA38M,01 - Non intersection,02 - Non-fatal injury,07 - SMV other,01 - Clear,01 - Daylight,01 - Dry,10 - No control,,1,0,0,0,02 - Minor,1,,1,,,368000.4618,5018512.259,45.30371944,-75.69409061,2966
15--1212,2015/01/19,8:13 AM,SMYTH RD/OTHELLO AVE @ RUSSELL RD W (0007730),7730,02 - Intersection related,03 - P.D. only,02 - Angle,01 - Clear,01 - Daylight,04 - Slush,01 - Traffic signal,01 - Functioning,2,0,0,0,,0,,,,,373255.5458,5029373.919,45.40095609,-75.62558345,2967
15--12120,2015/10/16,5:00 PM,ISLAND PARK DR btwn MAILES AVE & RICHMOND RD (__3ZA236),__3ZA236,01 - Non intersection,03 - P.D. only,04 - Sideswipe,01 - Clear,01 - Daylight,01 - Dry,10 - No control,,2,0,0,0,,0,,,,,364097.5888,5028887.51,45.39741507,-75.74260997,2968
15--12121,2015/10/16,5:28 PM,O'CONNOR ST @ QUEEN ST (0003139),3139,02 - Intersection related,02 - Non-fatal injury,04 - Sideswipe,01 - Clear,05 - Dusk,01 - Dry,01 - Traffic signal,01 - Functioning,2,0,0,0,01 - Minimal,1,1,,,,367496.9794,5031584.498,45.4213856,-75.69885173,2969
15--12122,2015/10/16,5:47 PM,ISLAND PARK DR btwn CLEARVIEW AVE & OTTAWA RIVER PKWY (__3ZA23A),__3ZA23A,01 - Non intersection,03 - P.D. only,03 - Rear end,01 - Clear,01 - Daylight,01 - Dry,10 - No control,,2,0,0,0,,0,,,,,363469.5826,5029396.23,45.40204534,-75.75057009,2970
15--12123,2015/10/16,6:19 PM,250 N OF KLONDIKE RD @ MARCH RD (0013528),13528,02 - Intersection related,03 - P.D. only,03 - Rear end,01 - Clear,05 - Dusk,01 - Dry,01 - Traffic signal,01 - Functioning,2,0,0,0,,0,,,,,349101.815,5024237.589,45.35668364,-75.93455262,2971
15--12124,2015/10/16,6:40 PM,BRONSON AVE btwn LAKEVIEW TER & HOLMWOOD AVE (__3ZA3N0),__3ZA3N0,01 - Non intersection,03 - P.D. only,03 - Rear end,01 - Clear,05 - Dusk,01 - Dry,10 - No control,,3,0,0,0,,0,,,,,367691.7491,5028747.373,45.39584054,-75.69672513,2972
15--12125,2015/10/16,6:43 AM,LEITRIM RD btwn FENTON RD & BANK ST (__3ZA3SF),__3ZA3SF,01 - Non intersection,03 - P.D. only,03 - Rear end,01 - Clear,03 - Dawn,02 - Wet,10 - No control,,2,0,0,0,,0,,,,,373998.5135,5020758.182,45.32336224,-75.61730067,2973
15--12126,2015/10/16,6:47 AM,WEST HUNT CLUB RD @ WOODROFFE AVE (0000576),576,02 - Intersection related,03 - P.D. only,03 - Rear end,01 - Clear,03 - Dawn,01 - Dry,01 - Traffic signal,01 - Functioning,2,0,0,0,,0,,,,,363671.4117,5021246.849,45.32870131,-75.74896317,2974
15--12127,2015/10/16,7:05 AM,VANIER PKWY SB btwn BEECHWOOD AVE/ ST. PATRICK ST/CRICHTON ST & DESCHA (__3ZA2TO),__3ZA2TO,01 - Non intersection,03 - P.D. only,04 - Sideswipe,01 - Clear,01 - Daylight,01 - Dry,10 - No control,,2,0,0,0,,0,,,,,369209.4854,5033440.23,45.4379272,-75.67672868,2975
15--12128,2015/10/16,7:31 PM,ANDERSON RD btwn DOLMAN RIDGE RD & RIDGE RD (__3ZA2B6),__3ZA2B6,01 - Non intersection,03 - P.D. only,07 - SMV other,02 - Rain,07 - Dark,02 - Wet,10 - No control,,1,0,0,0,,0,,,,,378995.1628,5028612.676,45.39352216,-75.55239268,2976
15--12129,2015/10/16,7:33 AM,FRIEL ST @ RIDEAU ST (0011917),11917,03 - At intersection,03 - P.D. only,05 - Turning movement,01 - Clear,03 - Dawn,02 - Wet,01 - Traffic signal,01 - Functioning,2,0,0,0,,0,,,,,368771.7024,5032570.224,45.43013941,-75.68243682,2977