Anom_ID,Accident_Date,Accident_Time,Location,Geo_ID,Accident_Location,Classification_of_Accident,Initial_Impact_Type,Environment_Condition,Light,Road_Surface_Condition,Traffic_Control,Traffic_Control_Condition,No__of_Vehicles,No__of_Bicycles,No__of_Motorcycles,No__of_Pedestrians,Max_Injury,No__of_Injuries,No__of_Minimal,No__of_Minor,No__of_Major,No__of_Fatal,X,Y,Latitude,Longitude,ObjectId
15--13359,2015/11/16,6:56 PM,TERRY FOX DR btwn HWY417 IC140 RAMP16 & HWY417 IC140 RAMP35 (__3ZA3DR),__3ZA3DR,01 - Non intersection,03 - P.D. only,03 - Rear end,01 - Clear,07 - Dark,01 - Dry,10 - No control,,3,0,0,0,,0,,,,,350958.617,5018542.91,45.30532185,-75.91138554,3061
15--1336,2015/01/21,7:19 PM,BOOTH ST @ SIR JOHN A. MACDONALD PKWY/WELLINGTON ST (0012252),12252,03 - At intersection,03 - P.D. only,07 - SMV other,01 - Clear,07 - Dark,02 - Wet,01 - Traffic signal,01 - Functioning,1,0,0,0,,0,,,,,366263.2931,5031005.242,45.4162831,-75.71468665,3062
15--13360,2015/11/16,7:01 AM,REGIONAL ROAD 174 btwn Continuation of REGIONAL ROAD 174 & OR174 IC112 (__3ZA2YI),__3ZA2YI,01 - Non intersection,03 - P.D. only,03 - Rear end,01 - Clear,03 - Dawn,01 - Dry,10 - No control,,2,0,0,0,,0,,,,,374385.7379,5032539.331,45.42932541,-75.61070174,3063
15--13361,2015/11/16,7:04 PM,OLD INNES RD btwn BANTREE ST & END (__3ZA79T),__3ZA79T,01 - Non intersection,03 - P.D. only,06 - SMV unattended vehicle,01 - Clear,07 - Dark,01 - Dry,10 - No control,,1,0,0,0,,0,,,,,373641.9639,5030300.308,45.4092534,-75.62051879,3064
15--13362,2015/11/16,7:07 PM,EAGLESON RD @ MICHAEL COWPLAND DR/STONEHAVEN D (0003544),3544,02 - Intersection related,03 - P.D. only,03 - Rear end,01 - Clear,07 - Dark,01 - Dry,01 - Traffic signal,01 - Functioning,2,0,0,0,,0,,,,,354381.1846,5016623.804,45.28782008,-75.86793543,3065
15--13363,2015/11/16,7:10 AM,HIGHWAY 7 btwn HWY 7 HAZELDEAN RD IC RAMP 52 & HAZELDEAN RD (__7JQ7LI),__7JQ7LI,01 - Non intersection,03 - P.D. only,07 - SMV other,01 - Clear,03 - Dawn,01 - Dry,10 - No control,,1,0,0,0,,0,,,,,346367.5378,5012135.28,45.24795012,-75.97046486,3066
15--13364,2015/11/16,7:15 PM,GARLAND ST @ SOMERSET ST W/WELLINGTON ST (0006483),6483,03 - At intersection,03 - P.D. only,02 - Angle,01 - Clear,07 - Dark,01 - Dry,01 - Traffic signal,01 - Functioning,2,0,0,0,,0,,,,,365651.2296,5029845.588,45.40590232,-75.72264939,3067
15--13365,2015/11/16,7:46 AM,CASTLESTONE WAY btwn CORTLEIGH DR & WILLOW CREEK CIRC (__44Z9DY),__44Z9DY,01 - Non intersection,03 - P.D. only,05 - Turning movement,01 - Clear,01 - Daylight,01 - Dry,10 - No control,,2,0,0,0,,0,,,,,366680.0893,5014168.5,45.26475219,-75.71146758,3068
15--13366,2015/11/16,7:50 AM,EARL ARMSTRONG RD @ LIMEBANK RD (0004456),4456,02 - Intersection related,03 - P.D. only,04 - Sideswipe,01 - Clear,01 - Daylight,01 - Dry,01 - Traffic signal,01 - Functioning,2,0,0,0,,0,,,,,370154.9989,5015959.729,45.28055511,-75.66695593,3069
15--13367,2015/11/16,8:29 AM,CLARIDGE DR btwn TOTTERIDGE AVE & GOSPEL OAK DR (__4QVZQT),__4QVZQT,01 - Non intersection,03 - P.D. only,04 - Sideswipe,01 - Clear,01 - Daylight,01 - Dry,10 - No control,,2,0,0,0,,0,,,,,364802.5004,5016381.356,45.28482612,-75.73512391,3070
15--13368,2015/11/16,8:30 AM,METCALFE ST @ NEPEAN ST (0006944),6944,03 - At intersection,03 - P.D. only,02 - Angle,01 - Clear,01 - Daylight,01 - Dry,02 - Stop sign,01 - Functioning,2,1,0,0,,0,,,,,367873.2702,5031320.296,45.41897458,-75.69407775,3071
15--13369,2015/11/16,8:30 PM,HIGHWAY 416 btwn HWY416 IC42 RAMP42 & HWY416 IC42 RAMP24 (__3ZAZJ5),__3ZAZJ5,01 - Non intersection,03 - P.D. only,07 - SMV other,01 - Clear,07 - Dark,01 - Dry,10 - No control,,1,0,0,0,,0,,,,,371524.2024,4995082.517,45.09257456,-75.65229828,3072
15--1337,2015/01/21,7:20 AM,HIGHWAY 417 btwn HWY417 IC117 RAMP26 & HWY417 IC117 RAMP61 (__3ZA2YM),__3ZA2YM,01 - Non intersection,03 - P.D. only,03 - Rear end,01 - Clear,03 - Dawn,01 - Dry,10 - No control,,3,0,0,0,,0,,,,,371036.3565,5031326.763,45.41874046,-75.6536647,3073
15--13370,2015/11/16,8:34 AM,TERON RD @ PARKWAY (THE)/PENFIELD DR S (0003447),3447,02 - Intersection related,02 - Non-fatal injury,03 - Rear end,01 - Clear,01 - Daylight,01 - Dry,01 - Traffic signal,01 - Functioning,2,0,0,0,01 - Minimal,1,1,,,,352293.6231,5020788.126,45.32543581,-75.89414725,3074
15--13371,2015/11/16,8:34 AM,DEER PARK RD @ MEADOWLANDS DR (0001119),1119,02 - Intersection related,03 - P.D. only,04 - Sideswipe,01 - Clear,01 - Daylight,01 - Dry,01 - Traffic signal,01 - Functioning,2,0,0,0,,0,,,,,365978.2114,5024861.06,45.36102413,-75.71909046,3075
15--13372,2015/11/16,8:35 AM,HERON RD WB btwn PRINCE OF WALES DR & HERON RD WB ON RAMP/VINCENT MASS (__3ZA37C),__3ZA37C,01 - Non intersection,03 - P.D. only,03 - Rear end,01 - Clear,01 - Daylight,01 - Dry,10 - No control,,2,0,0,0,,0,,,,,367449.2678,5026531.135,45.37592115,-75.70010318,3076
15--13373,2015/11/16,8:38 AM,ELMSMERE RD @ MONTREAL RD (0012320),12320,03 - At intersection,02 - Non-fatal injury,07 - SMV other,01 - Clear,01 - Daylight,01 - Dry,01 - Traffic signal,01 - Functioning,1,0,0,1,02 - Minor,1,,1,,,374927.0074,5034314.212,45.44524071,-75.60353237,3077
15--13374,2015/11/16,8:38 AM,INNES RD btwn ANDERSON RD & INNES RD (__3ZA3J2),__3ZA3J2,01 - Non intersection,03 - P.D. only,03 - Rear end,01 - Clear,01 - Daylight,01 - Dry,10 - No control,,2,0,0,0,,0,,,,,376362.1825,5031888.05,45.42326613,-75.5855408,3078
15--13375,2015/11/16,8:39 AM,WOODROFFE AVE btwn KNOXDALE RD/MEDHURST DR & NORICE ST (__3ZA3JO),__3ZA3JO,04 - At/near private drive,03 - P.D. only,05 - Turning movement,01 - Clear,01 - Daylight,01 - Dry,10 - No control,,2,0,0,0,,0,,,,,363397.0008,5021883.546,45.33445323,-75.75238823,3079
15--13376,2015/11/16,8:52 AM,JOHN ST @ THOMAS ST (0007917),7917,03 - At intersection,03 - P.D. only,02 - Angle,01 - Clear,01 - Daylight,01 - Dry,02 - Stop sign,01 - Functioning,2,0,0,0,,0,,,,,367963.9539,5033899.921,45.44217696,-75.69258826,3080
15--13377,2015/11/16,9:23 AM,CEDARWOOD DR btwn WALKLEY RD & BAYCREST DR (__3ZA9YT),__3ZA9YT,01 - Non intersection,02 - Non-fatal injury,04 - Sideswipe,01 - Clear,01 - Daylight,01 - Dry,10 - No control,,2,0,0,0,02 - Minor,1,,1,,,371179.6423,5026488.03,45.37518985,-75.65248518,3081
15--13378,2015/11/16,9:33 PM,PINECREST RD/HWY 417 PINECRE IC129R63 @ TRANSI (0008264),8264,03 - At intersection,03 - P.D. only,02 - Angle,01 - Clear,07 - Dark,01 - Dry,01 - Traffic signal,01 - Functioning,2,0,0,0,,0,,,,,360387.0401,5023676.479,45.35083093,-75.79058641,3082
15--13379,2015/11/17,1:26 PM,REGIONAL ROAD 174 EB btwn HWY417 IC113 RAMP65 & OR174 BLAIR IC112 RAMP51 (__3ZAZFJ),__3ZAZFJ,01 - Non intersection,03 - P.D. only,99 - Other,01 - Clear,01 - Daylight,01 - Dry,10 - No control,,2,0,0,0,,0,,,,,374657.8649,5032718.351,45.430909,-75.60719901,3083
15--1338,2015/01/21,7:21 PM,INNES RD @ TENTH LINE RD (0004633),4633,02 - Intersection related,03 - P.D. only,03 - Rear end,01 - Clear,07 - Dark,01 - Dry,01 - Traffic signal,01 - Functioning,2,0,0,0,,0,,,,,383952.7242,5036160.043,45.46088412,-75.48787227,3084
15--13380,2015/11/17,1:52 PM,BESSERER ST @ WALLER ST (0008859),8859,03 - At intersection,03 - P.D. only,04 - Sideswipe,01 - Clear,01 - Daylight,01 - Dry,01 - Traffic signal,01 - Functioning,2,0,0,0,,0,,,,,368315.9333,5032191.617,45.42677438,-75.68830983,3085
15--13381,2015/11/17,10:05 PM,FERNBANK RD btwn GO/KA BOUNDARY & SHEA RD (__3ZBNCF),__3ZBNCF,01 - Non intersection,03 - P.D. only,07 - SMV other,01 - Clear,07 - Dark,01 - Dry,10 - No control,,1,0,0,0,,0,,,,,352196.8719,5013248.542,45.25759918,-75.89610182,3086
15--13382,2015/11/17,10:41 AM,CUMMINGS AVE @ DONALD ST (0009936),9936,02 - Intersection related,03 - P.D. only,04 - Sideswipe,01 - Clear,01 - Daylight,01 - Dry,01 - Traffic signal,01 - Functioning,2,0,0,0,,0,,,,,372651.4439,5032411.579,45.42834636,-75.63288084,3087
15--13383,2015/11/17,10:44 AM,STRANDHERD DR @ 210 W OF WOODROFFE AVE (0010890),10890,02 - Intersection related,02 - Non-fatal injury,07 - SMV other,01 - Clear,01 - Daylight,01 - Dry,01 - Traffic signal,01 - Functioning,1,0,0,1,02 - Minor,1,,1,,,365925.0638,5015320.394,45.27518291,-75.72094612,3088
15--13384,2015/11/17,10:46 AM,BANK ST btwn QUEENSDALE AVE & LESTER RD (__3ZA2LF),__3ZA2LF,01 - Non intersection,03 - P.D. only,05 - Turning movement,01 - Clear,01 - Daylight,01 - Dry,10 - No control,,2,0,0,0,,0,,,,,373587.6931,5023059.369,45.34410787,-75.62222067,3089
15--13385,2015/11/17,10:48 AM,REGIONAL ROAD 174 EB btwn OR174 IC109 RAMP55 & TRANSIT (__3ZA28V),__3ZA28V,01 - Non intersection,02 - Non-fatal injury,03 - Rear end,01 - Clear,01 - Daylight,01 - Dry,10 - No control,,2,0,0,0,01 - Minimal,1,1,,,,376478.1629,5034993.755,45.45119747,-75.58360671,3090
15--13386,2015/11/17,11:00 AM,CEDAROW CRT @ HAZELDEAN RD (0000074),74,02 - Intersection related,03 - P.D. only,03 - Rear end,01 - Clear,01 - Daylight,01 - Dry,02 - Stop sign,00 - Unknown,2,0,0,0,,0,,,,,350594.324,5015763.081,45.28033198,-75.91628742,3091
15--13387,2015/11/17,11:24 AM,BRONSON AVE @ SUNNYSIDE AVE/UNIVERSITY RD - CA (0007209),7209,02 - Intersection related,02 - Non-fatal injury,03 - Rear end,01 - Clear,01 - Daylight,01 - Dry,01 - Traffic signal,00 - Unknown,2,0,0,0,01 - Minimal,1,1,,,,367923.4321,5028091.547,45.38991876,-75.69385019,3092
15--13388,2015/11/17,11:25 AM,CHARLOTTE ST @ RIDEAU ST (0002622),2622,02 - Intersection related,03 - P.D. only,05 - Turning movement,01 - Clear,01 - Daylight,01 - Dry,01 - Traffic signal,01 - Functioning,2,0,0,0,,0,,,,,369250.431,5032859.592,45.43269907,-75.67628139,3093
15--13389,2015/11/17,11:46 PM,HWY417 IC127 RAMP63 btwn HIGHWAY 417 & WOODROFFE AVE (__3ZAY81),__3ZAY81,01 - Non intersection,03 - P.D. only,07 - SMV other,01 - Clear,07 - Dark,00 - Unknown,10 - No control,,1,0,0,0,,0,,,,,362096.4053,5024888.254,45.36159682,-75.76863244,3094
15--1339,2015/01/21,7:40 AM,HIGHWAY 417 btwn HWY417 IC118 RAMP35 & HWY417 IC117 RAMP51 (__3ZA2YP),__3ZA2YP,01 - Non intersection,02 - Non-fatal injury,03 - Rear end,01 - Clear,03 - Dawn,06 - Ice,10 - No control,,3,0,0,0,02 - Minor,1,,1,,,370198.468,5031101.106,45.41678891,-75.66439962,3095
15--13390,2015/11/17,Unknown,JAMES ST btwn KENT ST & BANK ST (__3ZA8GP),__3ZA8GP,01 - Non intersection,03 - P.D. only,06 - SMV unattended vehicle,01 - Clear,00 - Unknown,01 - Dry,10 - No control,,1,0,0,0,,0,,,,,367741.2348,5030646.808,45.41292664,-75.69585069,3096
15--13391,2015/11/17,12:36 AM,BASELINE RD btwn NAVAHO DR & DEERFIELD DR (__3ZA4H4),__3ZA4H4,04 - At/near private drive,02 - Non-fatal injury,04 - Sideswipe,01 - Clear,07 - Dark,01 - Dry,10 - No control,,2,0,0,0,01 - Minimal,1,1,,,,363110.5662,5024110.098,45.35451143,-75.75577993,3097
15--13392,2015/11/17,2:45 PM,RIVERSIDE DR btwn RIVERSIDE DR RAMP 42A & RIVERSIDE DR SPLIT (__3ZAZQJ),__3ZAZQJ,01 - Non intersection,03 - P.D. only,03 - Rear end,01 - Clear,01 - Daylight,01 - Dry,10 - No control,,2,0,0,0,,0,,,,,368496.3848,5027314.418,45.38287451,-75.68663404,3098
15--13393,2015/11/17,3:03 PM,RIVERSIDE DR @ SMYTH RD NORTH SIDE RAMP (0011479),11479,02 - Intersection related,02 - Non-fatal injury,03 - Rear end,01 - Clear,01 - Daylight,01 - Dry,01 - Traffic signal,01 - Functioning,3,0,0,0,01 - Minimal,2,2,,,,369936.8453,5029316.385,45.40075506,-75.66797784,3099
15--13394,2015/11/17,3:18 PM,WALKLEY RD btwn DON REID DR/RYDER ST & 160 W OF CONROY RD (__3ZA2EHA),__3ZA2EHA,01 - Non intersection,03 - P.D. only,03 - Rear end,01 - Clear,01 - Daylight,01 - Dry,10 - No control,,3,0,0,0,,0,,,,,372612.331,5027291.337,45.38228049,-75.63408481,3100
15--13395,2015/11/17,3:30 PM,HIGHWAY 417 btwn HWY417 IC127 RAMP63 & HWY417 IC127 RAMP67 (__3ZA2RF),__3ZA2RF,01 - Non intersection,03 - P.D. only,04 - Sideswipe,01 - Clear,01 - Daylight,01 - Dry,10 - No control,,2,0,0,0,,0,,,,,362140.4486,5024866.593,45.36139832,-75.7680728,3101
15--13396,2015/11/17,3:39 PM,DONALD B. MUNRO DR @ ROBERTLEE DR (0005983),5983,03 - At intersection,03 - P.D. only,02 - Angle,04 - Freezing Rain,01 - Daylight,02 - Wet,02 - Stop sign,01 - Functioning,2,0,0,0,,0,,,,,341904.5518,5022892.199,45.34499516,-76.02651257,3102
15--13397,2015/11/17,4:00 PM,HIGHWAY 417 btwn HWY417 IC122 RAMP51 & HWY417 IC122 RAMP15 (__3ZA2R0),__3ZA2R0,01 - Non intersection,03 - P.D. only,03 - Rear end,01 - Clear,01 - Daylight,01 - Dry,10 - No control,,2,0,0,0,,0,,,,,365317.2036,5028865.049,45.39710862,-75.72703637,3103
15--13398,2015/11/17,4:49 PM,MERIVALE RD @ ROSSLAND AVE (0001757),1757,02 - Intersection related,03 - P.D. only,03 - Rear end,01 - Clear,05 - Dusk,01 - Dry,02 - Stop sign,01 - Functioning,2,0,0,0,,0,,,,,364673.697,5024151.154,45.35474912,-75.73582642,3104
15--13399,2015/11/17,4:53 PM,KING EDWARD AVE @ ST. PATRICK ST (0002714),2714,02 - Intersection related,03 - P.D. only,04 - Sideswipe,01 - Clear,05 - Dusk,01 - Dry,01 - Traffic signal,01 - Functioning,2,0,0,0,,0,,,,,368247.9806,5032822.508,45.43245707,-75.68909684,3105
15--134,2015/01/04,11:31 AM,RIVER RD btwn RYEBURN DR & LEITRIM RD (__3ZBOG4),__3ZBOG4,01 - Non intersection,03 - P.D. only,01 - Approaching,02 - Rain,01 - Daylight,06 - Ice,10 - No control,,2,0,0,0,,0,,,,,368029.8011,5016971.538,45.2898536,-75.69391298,3106
15--1340,2015/01/21,7:43 AM,REGIONAL RD 174 @ TRIM RD (0012835),12835,02 - Intersection related,03 - P.D. only,03 - Rear end,01 - Clear,03 - Dawn,01 - Dry,01 - Traffic signal,00 - Unknown,2,0,0,0,,0,,,,,384351.8533,5039987.931,45.49527848,-75.48214947,3107
15--13400,2015/11/17,5:11 PM,CONROY RD @ JOHNSTON RD (0011908),11908,02 - Intersection related,03 - P.D. only,02 - Angle,01 - Clear,05 - Dusk,01 - Dry,01 - Traffic signal,01 - Functioning,2,0,0,0,,0,,,,,373396.0851,5026306.294,45.37334119,-75.62421484,3108
15--13401,2015/11/17,5:15 PM,AIRPORT PKWY btwn RAMP & TO BE DETERMINED (__3ZA222),__3ZA222,01 - Non intersection,03 - P.D. only,03 - Rear end,01 - Clear,07 - Dark,01 - Dry,10 - No control,,4,0,0,0,,0,,,,,369930.1295,5025697.642,45.36819543,-75.66854109,3109
15--13402,2015/11/17,5:15 PM,HIGHWAY 416 btwn HWY416 IC72 RAMP62 & HWY416 IC72 RAMP24 (__3ZAZEQ),__3ZAZEQ,01 - Non intersection,02 - Non-fatal injury,07 - SMV other,01 - Clear,07 - Dark,01 - Dry,10 - No control,,1,0,0,0,02 - Minor,1,,1,,,359449.7633,5019679.516,45.31493979,-75.80298856,3110
15--13403,2015/11/17,5:22 PM,RUSSELL RD S @ ST. LAURENT BLVD (0007734),7734,03 - At intersection,03 - P.D. only,05 - Turning movement,01 - Clear,07 - Dark,01 - Dry,01 - Traffic signal,01 - Functioning,2,0,0,0,,0,,,,,373570.6346,5029262.081,45.39991894,-75.62157473,3111
15--13404,2015/11/17,5:24 PM,FLEWELLYN RD btwn MUNSTER RD & CONLEY RD (__3ZACRD),__3ZACRD,01 - Non intersection,03 - P.D. only,07 - SMV other,01 - Clear,07 - Dark,01 - Dry,10 - No control,,1,0,0,0,,0,,,,,347282.0435,5007101.389,45.2025982,-75.95924499,3112
15--13405,2015/11/17,5:30 PM,HIGHWAY 417 btwn HWY417 IC115 RAMP51 & HWY417 IC115 RAMP35 (__3ZAZEB),__3ZAZEB,01 - Non intersection,03 - P.D. only,03 - Rear end,01 - Clear,07 - Dark,01 - Dry,10 - No control,,2,0,0,0,,0,,,,,372350.1372,5031485.314,45.42004142,-75.63685802,3113
15--13406,2015/11/17,6:00 PM,MANSFIELD RD btwn CONLEY RD & HUNTLEY RD (__3ZACH3),__3ZACH3,01 - Non intersection,03 - P.D. only,07 - SMV other,01 - Clear,07 - Dark,01 - Dry,10 - No control,,1,0,0,0,,0,,,,,351827.1963,5007246.1,45.2036118,-75.90137898,3114
15--13407,2015/11/17,6:46 PM,CARLING AVE @ WOODROFFE AVE W (0011470),11470,02 - Intersection related,03 - P.D. only,03 - Rear end,01 - Clear,07 - Dark,01 - Dry,01 - Traffic signal,01 - Functioning,2,0,0,0,,0,,,,,361767.6836,5025724.791,45.36915071,-75.77273166,3115
15--13408,2015/11/17,7:00 AM,BETHAMY LANE btwn ELMRIDGE DR & MONTREAL RD (__3ZA7XJ),__3ZA7XJ,04 - At/near private drive,03 - P.D. only,02 - Angle,01 - Clear,03 - Dawn,01 - Dry,10 - No control,,2,0,0,0,,0,,,,,375429.6736,5034185.015,45.44402767,-75.59712588,3116
15--13409,2015/11/17,7:03 AM,BLAIR RD @ INNES RD (0004165),4165,02 - Intersection related,03 - P.D. only,03 - Rear end,01 - Clear,03 - Dawn,01 - Dry,01 - Traffic signal,01 - Functioning,2,0,0,0,,0,,,,,375578.7349,5031439.915,45.41931377,-75.59561523,3117
15--1341,2015/01/21,7:46 AM,ROBERTSON RD @ WESTCLIFFE RD (0010387),10387,02 - Intersection related,03 - P.D. only,03 - Rear end,03 - Snow,03 - Dawn,02 - Wet,01 - Traffic signal,01 - Functioning,2,0,0,0,,0,,,,,356396.4519,5020053.791,45.31853857,-75.84188932,3118
15--13052,2015/11/09,11:40 AM,BANK ST @ SURREY AVE (0011314),11314,02 - Intersection related,03 - P.D. only,03 - Rear end,01 - Clear,01 - Daylight,01 - Dry,02 - Stop sign,00 - Unknown,2,0,0,0,,0,,,,,370382.5548,5025809.241,45.36915738,-75.66275118,3119
15--13141,2015/11/11,8:00 AM,ARMSTRONG ST @ PARKDALE AVE (0006267),6267,02 - Intersection related,03 - P.D. only,03 - Rear end,01 - Clear,01 - Daylight,01 - Dry,01 - Traffic signal,01 - Functioning,2,0,0,0,,0,,,,,365090.6921,5029404.198,45.4019793,-75.72986335,3120
15--13413,2015/11/17,7:50 PM,CHURCHILL AVE   N btwn DANFORTH AVE & BYRON AVE (__3ZA2FA),__3ZA2FA,01 - Non intersection,03 - P.D. only,06 - SMV unattended vehicle,01 - Clear,07 - Dark,01 - Dry,10 - No control,,1,0,0,0,,0,,,,,363266.0441,5028201.812,45.3913152,-75.75331138,3121
15--1270,2015/01/20,6:45 PM,HWY 417 VANIER IC117R26 @ VANIER PKWY (0002389),2389,02 - Intersection related,03 - P.D. only,03 - Rear end,01 - Clear,07 - Dark,06 - Ice,10 - No control,,2,0,0,0,,0,,,,,370801.8147,5031359.481,45.41905701,-75.65665685,3122
15--13142,2015/11/11,8:00 PM,HUNT CLUB RD @ UPLANDS DR (0010844),10844,03 - At intersection,03 - P.D. only,03 - Rear end,02 - Rain,07 - Dark,02 - Wet,01 - Traffic signal,01 - Functioning,2,0,0,0,,0,,,,,370156.7272,5023121.01,45.34499056,-75.66598928,3123
15--13053,2015/11/09,12:16 AM,HIGHWAY 417 btwn RAMP & HWY417 IC88 RAMP51 (__3ZA2W2),__3ZA2W2,01 - Non intersection,03 - P.D. only,07 - SMV other,01 - Clear,07 - Dark,01 - Dry,10 - No control,,1,0,0,0,,0,,,,,392376.4898,5022866.879,45.34028204,-75.38253741,3124
15--12962,2015/11/06,11:20 AM,BREWER RD @ BRONSON AVE (0002240),2240,02 - Intersection related,03 - P.D. only,02 - Angle,01 - Clear,01 - Daylight,02 - Wet,01 - Traffic signal,01 - Functioning,2,0,0,0,,0,,,,,368109.0471,5027764.634,45.38696054,-75.69152188,3125
15--12963,2015/11/06,12:40 PM,ALFRED ST @ MONTREAL RD (0009799),9799,02 - Intersection related,03 - P.D. only,03 - Rear end,01 - Clear,01 - Daylight,01 - Dry,02 - Stop sign,01 - Functioning,2,0,0,0,,0,,,,,370944.7056,5033530.957,45.43858152,-75.65453959,3126
15--13414,2015/11/17,8:00 PM,BOOTH ST @ SIR JOHN A. MACDONALD PKWY/WELLINGTON ST (0012252),12252,03 - At intersection,03 - P.D. only,05 - Turning movement,01 - Clear,07 - Dark,01 - Dry,01 - Traffic signal,01 - Functioning,2,0,0,0,,0,,,,,366264.257,5031005.966,45.41628953,-75.71467425,3127
15--13143,2015/11/11,8:11 PM,GLADSTONE AVE @ CAMBRIDGE ST (0006328),6328,02 - Intersection related,02 - Non-fatal injury,03 - Rear end,02 - Rain,07 - Dark,02 - Wet,02 - Stop sign,00 - Unknown,2,0,0,0,01 - Minimal,1,1,,,,367065.6685,5030037.052,45.40750067,-75.70455804,3128
15--12782,2015/11/02,12:12 PM,ALBION RD btwn DES MESANGES DR & FORGE ST (__3ZA9W0),__3ZA9W0,04 - At/near private drive,03 - P.D. only,05 - Turning movement,01 - Clear,01 - Daylight,01 - Dry,10 - No control,,2,0,0,0,,0,,,,,372029.9356,5023922.306,45.35202332,-75.64197918,3129
15--12700,2015/10/30,7:40 PM,RICHMOND RD btwn ATHLONE AVE & TWEEDSMUIR AVE (__3ZA4O6),__3ZA4O6,04 - At/near private drive,03 - P.D. only,02 - Angle,01 - Clear,07 - Dark,01 - Dry,10 - No control,,2,0,0,0,,0,,,,,363488.2452,5028462.94,45.3936462,-75.75044276,3130
15--13144,2015/11/11,8:30 PM,CARP RD @ HAZELDEAN RD (0000086),86,02 - Intersection related,03 - P.D. only,07 - SMV other,01 - Clear,07 - Dark,01 - Dry,01 - Traffic signal,01 - Functioning,1,0,0,0,,0,,,,,348805.2979,5014361.158,45.26783123,-75.93921419,3131
15--12783,2015/11/02,12:30 PM,HIGHWAY 417 btwn HWY417 IC115 RAMP25 & REGIONAL ROAD 174 (__3ZA2RY),__3ZA2RY,01 - Non intersection,03 - P.D. only,04 - Sideswipe,01 - Clear,01 - Daylight,01 - Dry,10 - No control,,2,0,0,0,,0,,,,,373176.852,5031652.823,45.42146828,-75.62627241,3132
15--13415,2015/11/17,8:07 AM,LYON ST @ FLORENCE ST (0007250),7250,03 - At intersection,03 - P.D. only,05 - Turning movement,01 - Clear,01 - Daylight,01 - Dry,02 - Stop sign,01 - Functioning,2,0,0,0,,0,,,,,367541.5096,5030429.275,45.41098728,-75.69842986,3133
15--13054,2015/11/09,2:10 PM,HAWTHORNE RD/RUSSELL RD @ WALKLEY RD (0002618),2618,02 - Intersection related,03 - P.D. only,03 - Rear end,01 - Clear,01 - Daylight,01 - Dry,01 - Traffic signal,01 - Functioning,2,0,0,0,,0,,,,,374675.4659,5028499.541,45.39294858,-75.60757216,3134
15--12964,2015/11/06,12:53 PM,TERMINAL AVE btwn SANDFORD FLEMING AVE & STEAMLINE ST (__6N4TCE),__6N4TCE,01 - Non intersection,03 - P.D. only,07 - SMV other,01 - Clear,01 - Daylight,01 - Dry,10 - No control,,1,0,0,0,,0,,,,,371058.1301,5030856.669,45.41450869,-75.65344973,3135
15--13145,2015/11/11,9:02 PM,TENTH LINE RD btwn TOMPKINS AVE & CANOTIA PL (__3ZA1TD),__3ZA1TD,01 - Non intersection,03 - P.D. only,03 - Rear end,02 - Rain,07 - Dark,02 - Wet,10 - No control,,3,0,0,0,,0,,,,,383286.1051,5037720.089,45.47499522,-75.49614589,3136
15--12784,2015/11/02,12:47 PM,HAWTHORNE RD btwn DAVIDSON RD & LEITRIM RD (__3ZBPIY),__3ZBPIY,01 - Non intersection,03 - P.D. only,03 - Rear end,01 - Clear,01 - Daylight,01 - Dry,10 - No control,,2,0,0,0,,0,,,,,377027.9509,5022732.926,45.3408249,-75.5783738,3137
15--13055,2015/11/09,2:42 PM,CONLEY RD btwn BLEEKS RD & COPELAND RD (__3ZACS0),__3ZACS0,01 - Non intersection,03 - P.D. only,07 - SMV other,01 - Clear,01 - Daylight,08 - Loose sand or gravel,10 - No control,,1,0,0,0,,0,,,,,351380.7385,5004663.471,45.18040181,-75.90730302,3138
15--13416,2015/11/17,8:18 PM,HAWTHORNE RD @ LOUISEIZE RD (0009405),9405,02 - Intersection related,03 - P.D. only,03 - Rear end,01 - Clear,07 - Dark,01 - Dry,02 - Stop sign,00 - Unknown,2,0,0,0,,0,,,,,377825.775,5020844.853,45.32375436,-75.56847349,3139
15--12701,2015/10/30,7:44 PM,HWY 417 MAITLAND IC126R26/62 @ MAITLAND AVE (0008228),8228,03 - At intersection,03 - P.D. only,05 - Turning movement,01 - Clear,07 - Dark,01 - Dry,01 - Traffic signal,01 - Functioning,2,0,0,0,,0,,,,,363145.6839,5025984.09,45.37137048,-75.7551105,3140
15--12965,2015/11/06,2:41 AM,REGIONAL ROAD 174 btwn EAST ST & EAST SHORE RD (__3ZA27Y),__3ZA27Y,01 - Non intersection,03 - P.D. only,07 - SMV other,01 - Clear,07 - Dark,01 - Dry,10 - No control,,1,0,0,0,,0,,,,,390432.6124,5042705.355,45.51900683,-75.40388671,3141
15--13146,2015/11/11,9:04 AM,HWY 417 WOODROFF IC127R63 @ WOODROFFE AVE (0006462),6462,02 - Intersection related,03 - P.D. only,03 - Rear end,01 - Clear,01 - Daylight,01 - Dry,10 - No control,,2,0,0,0,,0,,,,,362110.0743,5024872.851,45.36145711,-75.76845976,3142
15--13147,2015/11/11,9:11 PM,ALTA VISTA DR @ SMYTH RD (0011353),11353,03 - At intersection,03 - P.D. only,05 - Turning movement,02 - Rain,07 - Dark,02 - Wet,01 - Traffic signal,01 - Functioning,2,0,0,0,,0,,,,,370431.752,5029081.076,45.39859161,-75.66168817,3143
15--13148,2015/11/11,9:12 AM,GREENBANK RD @ MALVERN DR/FOXFIELD DR (0009821),9821,02 - Intersection related,02 - Non-fatal injury,03 - Rear end,01 - Clear,01 - Daylight,01 - Dry,01 - Traffic signal,01 - Functioning,3,0,0,0,01 - Minimal,1,1,,,,363310.9644,5016194.433,45.28326992,-75.75415753,3144