Anom_ID,Accident_Date,Accident_Time,Location,Geo_ID,Accident_Location,Classification_of_Accident,Initial_Impact_Type,Environment_Condition,Light,Road_Surface_Condition,Traffic_Control,Traffic_Control_Condition,No__of_Vehicles,No__of_Bicycles,No__of_Motorcycles,No__of_Pedestrians,Max_Injury,No__of_Injuries,No__of_Minimal,No__of_Minor,No__of_Major,No__of_Fatal,X,Y,Latitude,Longitude,ObjectId
15--13149,2015/11/11,9:36 AM,BLACKBURN BYPASS @ INNES RD W (0009340),9340,02 - Intersection related,03 - P.D. only,03 - Rear end,01 - Clear,01 - Daylight,01 - Dry,01 - Traffic signal,01 - Functioning,2,0,0,0,,0,,,,,377187.2,5032175.69,45.42576926,-75.5749574,3145
15--1315,2015/01/21,4:10 PM,ST. LAURENT BLVD @ MCARTHUR AVE (0008246),8246,03 - At intersection,03 - P.D. only,05 - Turning movement,01 - Clear,05 - Dusk,02 - Wet,01 - Traffic signal,01 - Functioning,3,0,0,0,,0,,,,,371922.6829,5032887.093,45.43269513,-75.64212829,3146
15--13150,2015/11/11,9:48 PM,DALHOUSIE ST @ ST. PATRICK ST (0008242),8242,03 - At intersection,03 - P.D. only,05 - Turning movement,02 - Rain,07 - Dark,02 - Wet,01 - Traffic signal,01 - Functioning,2,0,0,0,,0,,,,,367958.4213,5032639.5,45.43083664,-75.69282069,3147
15--13151,2015/11/11,9:51 PM,HARBOUR ST btwn PIGOTT ST & HIRAM WILSON ST (__3ZA2TP),__3ZA2TP,01 - Non intersection,03 - P.D. only,06 - SMV unattended vehicle,02 - Rain,07 - Dark,02 - Wet,10 - No control,,1,0,0,0,,0,,,,,327141.1203,5036664.013,45.46954601,-76.21428002,3148
15--13152,2015/11/12,1:21 PM,ELGIN ST @ SLATER ST (0002228),2228,03 - At intersection,03 - P.D. only,02 - Angle,02 - Rain,01 - Daylight,02 - Wet,01 - Traffic signal,01 - Functioning,2,0,0,0,,0,,,,,367889.987,5031646.215,45.42190558,-75.69382244,3149
15--13153,2015/11/12,1:22 PM,WEST HUNT CLUB RD @ WOODROFFE AVE (0000576),576,02 - Intersection related,02 - Non-fatal injury,03 - Rear end,02 - Rain,01 - Daylight,02 - Wet,01 - Traffic signal,01 - Functioning,2,0,0,0,01 - Minimal,2,2,,,,363670.691,5021245.767,45.32869163,-75.7489725,3150
15--13154,2015/11/12,1:27 PM,HUNTLEY RD btwn MANSFIELD RD & BROWNLEE RD (__3ZA42J),__3ZA42J,01 - Non intersection,02 - Non-fatal injury,07 - SMV other,02 - Rain,01 - Daylight,02 - Wet,10 - No control,,1,0,0,0,01 - Minimal,1,1,,,,353532.6417,5008385.111,45.2137452,-75.87955977,3151
15--13155,2015/11/12,1:36 PM,PRESTON ST @ PRINCE OF WALES DR/QUEEN ELIZABET (0006904),6904,02 - Intersection related,03 - P.D. only,03 - Rear end,02 - Rain,01 - Daylight,02 - Wet,01 - Traffic signal,01 - Functioning,3,0,0,0,,0,,,,,366899.9908,5028775.467,45.39616399,-75.70683322,3152
15--13156,2015/11/12,10:04 PM,INNES RD @ STAR TOP RD/WINDMILL LANE (0008734),8734,02 - Intersection related,02 - Non-fatal injury,07 - SMV other,02 - Rain,07 - Dark,02 - Wet,01 - Traffic signal,00 - Unknown,1,0,0,0,01 - Minimal,1,1,,,,374147.7258,5030666.2,45.41249558,-75.61400679,3153
15--13157,2015/11/12,10:08 AM,CLIFTON RD @ RICHMOND RD (0006388),6388,03 - At intersection,03 - P.D. only,02 - Angle,02 - Rain,01 - Daylight,02 - Wet,02 - Stop sign,01 - Functioning,2,0,0,0,,0,,,,,363708.6862,5028597.47,45.39483817,-75.74761151,3154
15--13158,2015/11/12,11:00 PM,DWYER HILL RD btwn O'NEIL RD & ROGER STEVENS DR (__3ZA429),__3ZA429,01 - Non intersection,03 - P.D. only,07 - SMV other,02 - Rain,07 - Dark,02 - Wet,10 - No control,,1,0,0,0,,0,,,,,352317.756,4992074.02,45.06705277,-75.89657648,3155
15--13159,2015/11/12,11:07 AM,ST. JOSEPH BLVD btwn COUSINEAU ST & DUSSERE ST (__3ZA2AL),__3ZA2AL,04 - At/near private drive,02 - Non-fatal injury,02 - Angle,02 - Rain,01 - Daylight,02 - Wet,10 - No control,,2,0,0,0,02 - Minor,2,,2,,,380753.1458,5037060.604,45.46934181,-75.52864016,3156
15--1316,2015/01/21,4:27 PM,WOODROFFE AVE @ SPORTSPLEX S (0010592),10592,02 - Intersection related,03 - P.D. only,03 - Rear end,01 - Clear,05 - Dusk,01 - Dry,01 - Traffic signal,01 - Functioning,3,0,0,0,,0,,,,,363833.0967,5020898.967,45.32555751,-75.74694218,3157
15--13160,2015/11/12,11:20 AM,INDUSTRIAL AVE/INNES RD @ ST. LAURENT BLVD (0002203),2203,02 - Intersection related,03 - P.D. only,03 - Rear end,02 - Rain,01 - Daylight,02 - Wet,01 - Traffic signal,01 - Functioning,2,0,0,0,,0,,,,,373101.1688,5030004.486,45.40664472,-75.62746782,3158
15--13161,2015/11/12,11:26 AM,BORRISOKANE RD/TARTAN DR @ STRANDHERD DR (0010634),10634,02 - Intersection related,03 - P.D. only,03 - Rear end,02 - Rain,01 - Daylight,02 - Wet,01 - Traffic signal,01 - Functioning,2,0,0,0,,0,,,,,362291.4495,5013546.426,45.25952712,-75.76745885,3159
15--13162,2015/11/12,11:28 PM,ST. JOSEPH BLVD/OLD MONTREAL RD @ TRIM RD (0004118),4118,03 - At intersection,03 - P.D. only,04 - Sideswipe,02 - Rain,07 - Dark,02 - Wet,11 - Roundabout,01 - Functioning,2,0,0,0,,0,,,,,384682.032,5039286.304,45.48892821,-75.47803976,3160
15--13163,2015/11/12,11:33 AM,DUNROBIN RD @ MARCH RD (0003175),3175,02 - Intersection related,03 - P.D. only,02 - Angle,02 - Rain,01 - Daylight,02 - Wet,01 - Traffic signal,02 - Not functioning,2,0,0,0,,0,,,,,347173.8801,5026065.897,45.37325438,-75.95900195,3161
15--13164,2015/11/12,11:48 AM,CONROY RD @ HUNT CLUB RD (0002257),2257,02 - Intersection related,02 - Non-fatal injury,03 - Rear end,02 - Rain,01 - Daylight,02 - Wet,01 - Traffic signal,01 - Functioning,2,0,0,0,01 - Minimal,1,1,,,,373761.8123,5025403.077,45.36517853,-75.61967213,3162
15--13165,2015/11/12,11:56 AM,YORK ST EB btwn CUMBERLAND ST & KING EDWARD AVE (__3ZA7AQ),__3ZA7AQ,01 - Non intersection,03 - P.D. only,06 - SMV unattended vehicle,02 - Rain,01 - Daylight,02 - Wet,10 - No control,,1,0,0,0,,0,,,,,368381.853,5032592.547,45.43037581,-75.68741574,3163
15--13166,2015/11/12,12:00 PM,TENTH LINE RD @ CHARLEMAGNE BLVD N/TOMPKINS AV (0009222),9222,02 - Intersection related,03 - P.D. only,03 - Rear end,02 - Rain,01 - Daylight,02 - Wet,01 - Traffic signal,01 - Functioning,3,0,0,0,,0,,,,,383182.966,5037978.364,45.47733052,-75.49742365,3164
15--13167,2015/11/12,12:00 PM,CUMMINGS AVE @ MONTREAL RD (0007748),7748,03 - At intersection,02 - Non-fatal injury,05 - Turning movement,02 - Rain,01 - Daylight,02 - Wet,01 - Traffic signal,01 - Functioning,2,0,0,0,02 - Minor,1,,1,,,372008.4284,5034040.947,45.44306872,-75.64087499,3165
15--13168,2015/11/12,12:10 AM,EAGLESON RD @ FALLOWFIELD RD (0000118),118,02 - Intersection related,03 - P.D. only,07 - SMV other,02 - Rain,07 - Dark,02 - Wet,01 - Traffic signal,01 - Functioning,1,0,0,0,,0,,,,,355960.9121,5012594.406,45.25144947,-75.84821336,3166
15--13169,2015/11/12,12:34 PM,BREWER RD @ BRONSON AVE (0002240),2240,03 - At intersection,03 - P.D. only,03 - Rear end,02 - Rain,01 - Daylight,02 - Wet,01 - Traffic signal,01 - Functioning,2,0,0,0,,0,,,,,368108.8276,5027766.216,45.38697479,-75.69152448,3167
15--1317,2015/01/21,4:35 PM,HIGHWAY 417 btwn HWY417 IC115 RAMP36 & HWY417 IC115 RAMP26 (__3ZA2R4),__3ZA2R4,01 - Non intersection,02 - Non-fatal injury,03 - Rear end,01 - Clear,05 - Dusk,01 - Dry,10 - No control,,2,0,0,0,01 - Minimal,2,2,,,,372470.1471,5031521.905,45.42035905,-75.63531971,3168
15--13170,2015/11/12,2:11 PM,MONTREAL RD btwn MONA AVE & LAFONTAINE AVE (__3ZA2GN),__3ZA2GN,01 - Non intersection,03 - P.D. only,04 - Sideswipe,02 - Rain,01 - Daylight,02 - Wet,10 - No control,,2,0,0,0,,0,,,,,370799.9546,5033464.294,45.43799539,-75.65639854,3169
15--13171,2015/11/12,2:13 PM,BLAIR RD @ INNES RD (0004165),4165,02 - Intersection related,03 - P.D. only,02 - Angle,02 - Rain,01 - Daylight,02 - Wet,01 - Traffic signal,01 - Functioning,3,0,0,0,,0,,,,,375579.4556,5031439.195,45.41930722,-75.59560612,3170
15--13172,2015/11/12,2:20 PM,BLAIR RD btwn MEADOWBROOK RD & LAURA PRIV (__5J9N74),__5J9N74,01 - Non intersection,03 - P.D. only,03 - Rear end,02 - Rain,01 - Daylight,02 - Wet,10 - No control,,2,0,0,0,,0,,,,,375240.2551,5032249.1,45.42662853,-75.59982396,3171
15--13173,2015/11/12,2:27 PM,BANK ST @ JOHN QUINN RD (0001633),1633,02 - Intersection related,03 - P.D. only,03 - Rear end,02 - Rain,01 - Daylight,02 - Wet,02 - Stop sign,01 - Functioning,2,0,0,0,,0,,,,,383424.2288,5010702.053,45.23189072,-75.49867597,3172
15--13174,2015/11/12,3:02 PM,EAGLESON RD @ MICHAEL COWPLAND DR/STONEHAVEN D (0003544),3544,02 - Intersection related,03 - P.D. only,03 - Rear end,02 - Rain,01 - Daylight,02 - Wet,01 - Traffic signal,01 - Functioning,2,0,0,0,,0,,,,,354383.3467,5016623.804,45.28781993,-75.86790787,3173
15--13175,2015/11/12,3:09 PM,KENNEVALE DR btwn CEDARVIEW RD & MERNER AVE (__3ZAB5Z),__3ZAB5Z,01 - Non intersection,03 - P.D. only,05 - Turning movement,01 - Clear,01 - Daylight,01 - Dry,10 - No control,,2,0,0,0,,0,,,,,361913.3857,5014329.13,45.26660075,-75.77218566,3174
15--13176,2015/11/12,3:12 PM,MARCH RD @ 280 S OF CARLING AVE/GATEWAY MALL S (0011492),11492,03 - At intersection,03 - P.D. only,05 - Turning movement,02 - Rain,01 - Daylight,02 - Wet,01 - Traffic signal,01 - Functioning,2,0,0,0,,0,,,,,351107.4792,5022026.5,45.33665823,-75.90916163,3175
15--13177,2015/11/12,3:15 PM,TENTH LINE RD @ CHARLEMAGNE BLVD N/TOMPKINS AV (0009222),9222,02 - Intersection related,03 - P.D. only,03 - Rear end,02 - Rain,01 - Daylight,02 - Wet,01 - Traffic signal,01 - Functioning,2,0,0,0,,0,,,,,383183.9299,5037976.801,45.47731635,-75.49741157,3176
15--13178,2015/11/12,3:20 PM,INNES RD btwn PRESTWICK DR & TENTH LINE RD (__3ZA3Y7),__3ZA3Y7,04 - At/near private drive,03 - P.D. only,04 - Sideswipe,02 - Rain,01 - Daylight,02 - Wet,10 - No control,,2,0,0,0,,0,,,,,383929.4536,5036150.435,45.46080031,-75.48817134,3177
15--13179,2015/11/12,3:22 PM,INNES RD @ JEANNE D'ARC BLVD/MER BLEUE RD (0012475),12475,02 - Intersection related,03 - P.D. only,03 - Rear end,02 - Rain,01 - Daylight,02 - Wet,01 - Traffic signal,00 - Unknown,3,0,0,0,,0,,,,,382636.7897,5035566.108,45.45568825,-75.5047906,3178
15--1318,2015/01/21,4:41 PM,JOLLIET AVE btwn BEECHWOOD AVE & GARNEAU ST (__3ZA2P3),__3ZA2P3,01 - Non intersection,03 - P.D. only,06 - SMV unattended vehicle,03 - Snow,05 - Dusk,05 - Packed snow,10 - No control,,1,0,0,0,,0,,,,,369710.3074,5034113.8,45.44394139,-75.6702391,3179
15--13180,2015/11/12,3:26 PM,BOTELER ST @ SUSSEX DR (0011436),11436,02 - Intersection related,02 - Non-fatal injury,03 - Rear end,02 - Rain,01 - Daylight,02 - Wet,01 - Traffic signal,01 - Functioning,2,0,0,0,01 - Minimal,1,1,,,,367451.3115,5032951.971,45.43369377,-75.69926127,3180
15--13181,2015/11/12,3:40 PM,LISGAR ST btwn ELGIN ST & CARTIER ST (__3ZA9UF),__3ZA9UF,01 - Non intersection,03 - P.D. only,99 - Other,02 - Rain,01 - Daylight,02 - Wet,10 - No control,,2,0,0,0,,0,,,,,368197.1083,5031418.08,45.41982514,-75.68992773,3181
15--13182,2015/11/12,4:00 PM,FISHER AVE @ MEADOWLANDS DR (0002120),2120,02 - Intersection related,03 - P.D. only,03 - Rear end,01 - Clear,01 - Daylight,01 - Dry,01 - Traffic signal,01 - Functioning,2,0,0,0,,0,,,,,366575.7869,5025045.446,45.36263079,-75.71144038,3182
15--13183,2015/11/12,4:24 PM,BASELINE RD btwn CLYDE AVE & 207 E OF CLYDE AVE (__3ZA4ISA),__3ZA4ISA,01 - Non intersection,02 - Non-fatal injury,03 - Rear end,02 - Rain,05 - Dusk,02 - Wet,10 - No control,,2,0,0,0,02 - Minor,3,1,2,,,364523.2063,5024993.755,45.36234356,-75.73764517,3183
15--13184,2015/11/12,4:33 PM,CARLING AVE @ ROCHESTER ST (0002145),2145,03 - At intersection,03 - P.D. only,02 - Angle,02 - Rain,05 - Dusk,02 - Wet,02 - Stop sign,01 - Functioning,2,0,0,0,,0,,,,,366992.7132,5029043.276,45.39856543,-75.70561528,3184
15--13185,2015/11/12,4:45 PM,HWY417 IC124 RAMP67 btwn CARLING AVE & HIGHWAY 417 (__3ZAYA7),__3ZAYA7,01 - Non intersection,03 - P.D. only,03 - Rear end,02 - Rain,05 - Dusk,02 - Wet,10 - No control,,2,0,0,0,,0,,,,,364508.282,5027663.8,45.38636946,-75.73751285,3185
15--13186,2015/11/12,4:49 PM,PINECREST RD btwn RICHMOND RD & FALLIS AVE (__3ZA4M7),__3ZA4M7,04 - At/near private drive,03 - P.D. only,03 - Rear end,02 - Rain,05 - Dusk,02 - Wet,10 - No control,,2,0,0,0,,0,,,,,360082.7606,5024448.089,45.35779791,-75.79438311,3186
15--13187,2015/11/12,4:50 PM,BASELINE RD @ FISHER AVE (0002346),2346,02 - Intersection related,03 - P.D. only,03 - Rear end,02 - Rain,05 - Dusk,02 - Wet,01 - Traffic signal,01 - Functioning,2,0,0,0,,0,,,,,366166.6936,5026027.811,45.37150585,-75.71653989,3187
15--13188,2015/11/12,4:54 PM,MCCURDY DR @ PARSONS RIDGE RD (0003505),3505,03 - At intersection,03 - P.D. only,02 - Angle,02 - Rain,07 - Dark,02 - Wet,02 - Stop sign,01 - Functioning,2,0,0,0,,0,,,,,352301.6074,5017997.097,45.30032095,-75.89431298,3188
15--13189,2015/11/12,5:06 PM,CANAAN RD @ REGIONAL RD 174 (0012882),12882,02 - Intersection related,03 - P.D. only,03 - Rear end,02 - Rain,07 - Dark,02 - Wet,01 - Traffic signal,01 - Functioning,3,0,0,0,,0,,,,,395772.538,5043412.829,45.52469538,-75.33541715,3189
15--1319,2015/01/21,4:51 PM,BARNSDALE RD @ GREENBANK RD (0001069),1069,03 - At intersection,02 - Non-fatal injury,02 - Angle,01 - Clear,05 - Dusk,06 - Ice,02 - Stop sign,01 - Functioning,3,0,0,0,02 - Minor,2,,2,,,365591.6526,5010927.877,45.23568796,-75.72573245,3190
15--13190,2015/11/12,5:08 PM,BLAIR RD @ INNES RD (0004165),4165,02 - Intersection related,03 - P.D. only,04 - Sideswipe,02 - Rain,05 - Dusk,02 - Wet,01 - Traffic signal,01 - Functioning,2,0,0,0,,0,,,,,375578.7349,5031438.833,45.41930404,-75.59561538,3191
15--13191,2015/11/12,5:09 PM,MEADOWLANDS DR btwn DEER PARK RD & HOGAN ST (__3ZA4IP),__3ZA4IP,01 - Non intersection,03 - P.D. only,04 - Sideswipe,02 - Rain,05 - Dusk,02 - Wet,10 - No control,,2,0,0,0,,0,,,,,366088.2504,5024893.209,45.36130378,-75.71768201,3192
15--13192,2015/11/12,5:10 PM,CAMPEAU DR @ TERON RD/COLCHESTER SQ (0009033),9033,03 - At intersection,02 - Non-fatal injury,07 - SMV other,02 - Rain,07 - Dark,02 - Wet,01 - Traffic signal,01 - Functioning,1,0,0,1,02 - Minor,1,,1,,,352564.4432,5020467.165,45.32252936,-75.89072368,3193
15--13193,2015/11/12,5:16 PM,CUMMINGS AVE btwn WELDON DR & OGILVIE RD (__3ZA7UQ),__3ZA7UQ,04 - At/near private drive,03 - P.D. only,02 - Angle,02 - Rain,05 - Dusk,02 - Wet,10 - No control,,2,0,0,0,,0,,,,,372745.1101,5032179.972,45.42625338,-75.63171591,3194
15--13194,2015/11/12,5:27 PM,INNES RD @ TENTH LINE RD (0004633),4633,02 - Intersection related,02 - Non-fatal injury,03 - Rear end,02 - Rain,07 - Dark,02 - Wet,01 - Traffic signal,01 - Functioning,2,0,0,0,01 - Minimal,1,1,,,,383952.481,5036158.48,45.46087008,-75.48787563,3195
15--13195,2015/11/12,5:27 PM,JOCKVALE RD @ EXETER DR/TARTAN DR (0010065),10065,03 - At intersection,03 - P.D. only,07 - SMV other,02 - Rain,07 - Dark,02 - Wet,11 - Roundabout,00 - Unknown,1,0,0,0,,0,,,,,363323.6795,5014771.614,45.27046631,-75.7541632,3196
15--13196,2015/11/12,5:27 PM,REGIONAL ROAD 174 btwn QUIGLEY HILL RD & REGIONAL ROAD 174 DIVIDED (__3ZA2Y5),__3ZA2Y5,01 - Non intersection,03 - P.D. only,01 - Approaching,02 - Rain,07 - Dark,02 - Wet,10 - No control,,2,0,0,0,,0,,,,,386095.0205,5042102.871,45.51410557,-75.45949914,3197
15--13197,2015/11/12,5:28 PM,HUNTMAR DR @ PALLADIUM DR S (0011818),11818,03 - At intersection,02 - Non-fatal injury,05 - Turning movement,02 - Rain,07 - Dark,02 - Wet,01 - Traffic signal,01 - Functioning,2,0,0,0,02 - Minor,1,,1,,,349674.8859,5017365.076,45.29480653,-75.92786145,3198
15--13198,2015/11/12,5:56 PM,MAITLAND AVE btwn CAMEO DR & CLYDE AVE (__3ZA4I2),__3ZA4I2,01 - Non intersection,03 - P.D. only,04 - Sideswipe,01 - Clear,07 - Dark,01 - Dry,10 - No control,,2,0,0,0,,0,,,,,364231.6755,5025153.13,45.36380237,-75.741347,3199
15--13199,2015/11/12,6:04 PM,CARLING AVE @ MELROSE AVE (0006992),6992,03 - At intersection,03 - P.D. only,02 - Angle,02 - Rain,07 - Dark,02 - Wet,02 - Stop sign,01 - Functioning,2,0,0,0,,0,,,,,365970.7053,5028391.911,45.39279464,-75.71874888,3200
15--132,2015/01/04,11:18 PM,HIGHWAY 417 btwn HWY417 IC117 RAMP51 & HWY417 IC117 RAMP35 (__3ZA2YN),__3ZA2YN,01 - Non intersection,03 - P.D. only,07 - SMV other,03 - Snow,07 - Dark,03 - Loose snow,10 - No control,,1,0,0,0,,0,,,,,370555.5546,5031154.559,45.41723639,-75.65983046,3201
15--1320,2015/01/21,5:08 PM,MARCH RD @ SOLANDT RD (0003172),3172,02 - Intersection related,03 - P.D. only,03 - Rear end,01 - Clear,05 - Dusk,05 - Packed snow,01 - Traffic signal,01 - Functioning,2,0,0,0,,0,,,,,350489.6085,5022710.02,45.3428492,-75.91698152,3202
15--13200,2015/11/12,6:10 PM,CATHERINE ST @ KENT ST (0002707),2707,03 - At intersection,03 - P.D. only,04 - Sideswipe,02 - Rain,07 - Dark,02 - Wet,01 - Traffic signal,01 - Functioning,2,0,0,0,,0,,,,,367907.7075,5030190.01,45.40880152,-75.6937825,3203
15--13201,2015/11/12,6:36 PM,REGIONAL ROAD 174 btwn OR174 IC112 RAMP15 & TRANSIT (__3ZA2WA),__3ZA2WA,01 - Non intersection,02 - Non-fatal injury,03 - Rear end,02 - Rain,07 - Dark,02 - Wet,10 - No control,,2,0,0,0,01 - Minimal,1,1,,,,375126.3333,5033068.622,45.43401359,-75.60116258,3204
15--13202,2015/11/12,6:45 PM,BASELINE RD @ CENTREPOINTE DR W/COBDEN RD (0002108),2108,03 - At intersection,02 - Non-fatal injury,04 - Sideswipe,02 - Rain,07 - Dark,02 - Wet,01 - Traffic signal,01 - Functioning,2,0,0,0,01 - Minimal,2,2,,,,361632.9607,5023207.15,45.34650807,-75.77474091,3205
15--13203,2015/11/12,7:07 PM,RIVER RD btwn KILBY LANE & WATERFRONT CRT (__3ZA38T),__3ZA38T,01 - Non intersection,01 - Fatal injury,07 - SMV other,02 - Rain,07 - Dark,02 - Wet,10 - No control,,1,0,0,1,04 - Fatal,2,,1,,1,372231.9046,5007565.815,45.20483196,-75.64162387,3206
15--13204,2015/11/12,7:09 AM,TENTH LINE RD @ CHARLEMAGNE BLVD S/DES EPINETT (0003686),3686,03 - At intersection,02 - Non-fatal injury,05 - Turning movement,02 - Rain,03 - Dawn,02 - Wet,01 - Traffic signal,01 - Functioning,3,0,0,0,02 - Minor,1,,1,,,383640.9751,5036900.456,45.46758093,-75.49173924,3207
15--13205,2015/11/12,7:12 PM,NICHOLAS ST btwn BESSERER ST & DALY AVE (__3ZA3VO),__3ZA3VO,04 - At/near private drive,03 - P.D. only,05 - Turning movement,02 - Rain,07 - Dark,02 - Wet,10 - No control,,2,0,0,0,,0,,,,,368206.0009,5032079.434,45.42577497,-75.68972899,3208
15--13206,2015/11/12,7:15 AM,RIVERSIDE DR @ TREMBLAY RD/HWY417 IC117 RAMP52 (0010790),10790,02 - Intersection related,03 - P.D. only,03 - Rear end,02 - Rain,01 - Daylight,02 - Wet,01 - Traffic signal,01 - Functioning,2,0,0,0,,0,,,,,370802.0781,5031015.908,45.41596566,-75.6566995,3209
15--13207,2015/11/12,7:15 PM,INDUSTRIAL AVE btwn RUSSELL RD & ST. LAURENT BLVD (__3ZA3R7),__3ZA3R7,01 - Non intersection,03 - P.D. only,03 - Rear end,02 - Rain,07 - Dark,02 - Wet,10 - No control,,2,0,0,0,,0,,,,,372805.5505,5029977.015,45.40642633,-75.63124763,3210
15--13208,2015/11/12,7:21 PM,CHAPEL ST @ RIDEAU ST (0011918),11918,02 - Intersection related,02 - Non-fatal injury,07 - SMV other,02 - Rain,07 - Dark,02 - Wet,01 - Traffic signal,01 - Functioning,1,0,0,0,02 - Minor,1,,1,,,368892.4083,5032644.352,45.43079533,-75.6808847,3211
15--13209,2015/11/12,8:09 AM,FISHER AVE btwn DEER PARK RD & KINTYRE PRIV (__3ZA4I6),__3ZA4I6,01 - Non intersection,02 - Non-fatal injury,03 - Rear end,02 - Rain,01 - Daylight,02 - Wet,10 - No control,,2,0,0,0,02 - Minor,1,,1,,,366450.6151,5025341.549,45.36530609,-75.71300108,3212
15--1321,2015/01/21,5:25 PM,VANCES SIDE RD btwn TORWOOD DR & BASKINS BEACH RD (__3ZAC21),__3ZAC21,01 - Non intersection,03 - P.D. only,07 - SMV other,01 - Clear,05 - Dusk,05 - Packed snow,10 - No control,,1,0,0,0,,0,,,,,344171.09,5037287.665,45.47440532,-75.99644086,3213
15--13210,2015/11/12,8:22 PM,MARCH RD btwn HALTON TERR/MAXWELL BRIDGE RD & KLONDIKE RD (__3ZA3CG),__3ZA3CG,01 - Non intersection,03 - P.D. only,07 - SMV other,02 - Rain,07 - Dark,02 - Wet,10 - No control,,1,0,0,0,,0,,,,,349168.1098,5024181.228,45.3561723,-75.93371156,3214
15--13211,2015/11/12,8:33 PM,HAZELDEAN RD btwn 246 E OF CASTLEFRANK RD & IRWIN GT (__3ZA41NB),__3ZA41NB,04 - At/near private drive,03 - P.D. only,05 - Turning movement,02 - Rain,07 - Dark,02 - Wet,10 - No control,,2,0,0,0,,0,,,,,353073.9955,5018020.989,45.30048329,-75.8844626,3215
15--13212,2015/11/12,8:47 AM,KING EDWARD AVE @ LAURIER AVE (0002170),2170,02 - Intersection related,02 - Non-fatal injury,03 - Rear end,02 - Rain,01 - Daylight,02 - Wet,01 - Traffic signal,01 - Functioning,2,0,0,0,02 - Minor,1,,1,,,368740.4292,5032035.305,45.42532926,-75.6829059,3216
15--13213,2015/11/12,9:00 PM,BLACKHEATH ST btwn AMIENS ST & QUEENSWOOD CRES (__3ZA5C5),__3ZA5C5,01 - Non intersection,03 - P.D. only,06 - SMV unattended vehicle,01 - Clear,07 - Dark,01 - Dry,10 - No control,,1,0,0,0,,0,,,,,382462.2748,5037287.528,45.47119552,-75.50674963,3217
15--13214,2015/11/12,9:10 AM,HIGHWAY 417 btwn HWY417 IC124 RAMP65 & HWY417 IC122 RAMP51 (__3ZA2R8),__3ZA2R8,01 - Non intersection,03 - P.D. only,03 - Rear end,01 - Clear,01 - Daylight,02 - Wet,10 - No control,,3,0,0,0,,0,,,,,365132.3721,5028673.826,45.39540398,-75.72942032,3218
15--13215,2015/11/12,9:22 PM,INNES RD WB btwn INNES RD W & INNES RD (__3ZA3J8),__3ZA3J8,01 - Non intersection,03 - P.D. only,04 - Sideswipe,01 - Clear,07 - Dark,02 - Wet,10 - No control,,2,0,0,0,,0,,,,,377081.0628,5032195.185,45.42595564,-75.5763107,3219
15--13216,2015/11/12,9:36 PM,GALETTA SIDE RD btwn JOHN SHAW RD & HOMESTEADERS RD (__3ZA4RB),__3ZA4RB,01 - Non intersection,03 - P.D. only,07 - SMV other,02 - Rain,07 - Dark,02 - Wet,10 - No control,,1,0,0,0,,0,,,,,327078.0122,5034397.275,45.44915104,-76.21518981,3220
15--13217,2015/11/13,1:30 PM,PRINCE OF WALES DR @ STRANDHERD DR (0013339),13339,02 - Intersection related,03 - P.D. only,07 - SMV other,02 - Rain,01 - Daylight,02 - Wet,01 - Traffic signal,01 - Functioning,1,0,0,0,,0,,,,,367173.1276,5014823.831,45.27060527,-75.70510315,3221
15--13218,2015/11/13,1:46 PM,RICHARDSON SIDE RD btwn CARP RD & OAK CREEK RD (__3ZAC40),__3ZAC40,04 - At/near private drive,03 - P.D. only,02 - Angle,02 - Rain,01 - Daylight,02 - Wet,10 - No control,,2,0,0,0,,0,,,,,346334.6665,5017266.143,45.29412168,-75.97045442,3222
15--13219,2015/11/13,1:52 PM,WEST HUNT CLUB RD EB btwn 354 E OF WOODROFFE AVE/REC PATH & CLEOPATRA  (__3ZBOG1B),__3ZBOG1B,01 - Non intersection,03 - P.D. only,01 - Approaching,02 - Rain,01 - Daylight,02 - Wet,10 - No control,,2,0,0,0,,0,,,,,365140.5649,5021695.377,45.33261234,-75.73016784,3223
15--1322,2015/01/21,5:54 PM,BOUNDARY RD/GREGOIRE RD @ VICTORIA ST (0001104),1104,03 - At intersection,03 - P.D. only,02 - Angle,01 - Clear,07 - Dark,01 - Dry,02 - Stop sign,01 - Functioning,2,0,0,0,,0,,,,,391389.8729,5013407.886,45.25530118,-75.39677584,3224
15--13220,2015/11/13,10:00 AM,POCONO CRES btwn GARDENWAY DR & GARDENWAY DR (__3ZA5SW),__3ZA5SW,04 - At/near private drive,03 - P.D. only,06 - SMV unattended vehicle,01 - Clear,01 - Daylight,01 - Dry,10 - No control,,1,0,0,0,,0,,,,,384156.3046,5036900.776,45.46752545,-75.48514992,3225
15--13221,2015/11/13,10:02 AM,OLD CARP RD @ SECOND LINE RD (0012543),12543,03 - At intersection,02 - Non-fatal injury,02 - Angle,02 - Rain,01 - Daylight,02 - Wet,02 - Stop sign,01 - Functioning,2,0,0,0,02 - Minor,1,,1,,,347767.3199,5023537.142,45.35046389,-75.95164556,3226
15--13222,2015/11/13,10:05 PM,MARCH RD @ MORGAN'S GRANT WAY/SHIRLEY'S BROOK  (0002651),2651,03 - At intersection,03 - P.D. only,05 - Turning movement,02 - Rain,07 - Dark,02 - Wet,01 - Traffic signal,01 - Functioning,2,0,0,0,,0,,,,,349661.6092,5023616.429,45.35105872,-75.92746439,3227