Anom_ID,Accident_Date,Accident_Time,Location,Geo_ID,Accident_Location,Classification_of_Accident,Initial_Impact_Type,Environment_Condition,Light,Road_Surface_Condition,Traffic_Control,Traffic_Control_Condition,No__of_Vehicles,No__of_Bicycles,No__of_Motorcycles,No__of_Pedestrians,Max_Injury,No__of_Injuries,No__of_Minimal,No__of_Minor,No__of_Major,No__of_Fatal,X,Y,Latitude,Longitude,ObjectId
15--13223,2015/11/13,10:26 AM,DONNELLY DR btwn REDDICK LANE & HARNETT RD (__3ZAZAY),__3ZAZAY,01 - Non intersection,03 - P.D. only,07 - SMV other,02 - Rain,01 - Daylight,02 - Wet,10 - No control,,1,0,0,0,,0,,,,,365445.1084,4987495.257,45.0248491,-75.73043956,3228
15--13224,2015/11/13,10:30 AM,HERON RD @ 155 W OF BANK ST/CANADIAN TIRE SC (0008219),8219,03 - At intersection,03 - P.D. only,02 - Angle,02 - Rain,01 - Daylight,02 - Wet,01 - Traffic signal,01 - Functioning,2,0,0,0,,0,,,,,369847.8238,5026831.677,45.37840677,-75.66944235,3229
15--13225,2015/11/13,10:50 AM,FRIEL ST btwn WILBROD ST & LAURIER AVE E (__3ZA8LT),__3ZA8LT,01 - Non intersection,03 - P.D. only,04 - Sideswipe,02 - Rain,01 - Daylight,02 - Wet,10 - No control,,2,0,0,0,,0,,,,,368949.2123,5032273.849,45.42745647,-75.68020707,3230
15--13226,2015/11/13,11:14 AM,HANNAH ST btwn DESCHAMPS AVE & MONTREAL RD (__3ZA8TI),__3ZA8TI,04 - At/near private drive,03 - P.D. only,02 - Angle,02 - Rain,01 - Daylight,02 - Wet,10 - No control,,2,0,0,0,,0,,,,,370205.0555,5033243.504,45.43606472,-75.66403096,3231
15--13227,2015/11/13,11:37 PM,RICHMOND RD btwn STEEPLE HILL CRES & CAMBRIAN RD (__3ZAB9D),__3ZAB9D,01 - Non intersection,03 - P.D. only,07 - SMV other,02 - Rain,07 - Dark,02 - Wet,10 - No control,,1,0,0,0,,0,,,,,359113.932,5009711.094,45.22526858,-75.80836179,3232
15--13228,2015/11/13,Unknown,INVERNESS AVE btwn KILMORY CRES & BENSON ST (__3ZA0CH),__3ZA0CH,01 - Non intersection,03 - P.D. only,06 - SMV unattended vehicle,01 - Clear,00 - Unknown,01 - Dry,10 - No control,,1,0,0,0,,0,,,,,365970.7815,5024449.274,45.3573196,-75.71923625,3233
15--13229,2015/11/13,Unknown,WILD SHORE CRES btwn SHORELINE DR & SHORELINE DR (__308IPY),__308IPY,01 - Non intersection,03 - P.D. only,06 - SMV unattended vehicle,01 - Clear,00 - Unknown,01 - Dry,10 - No control,,1,0,0,0,,0,,,,,367865.4099,5014886.613,45.27110844,-75.69627344,3234
15--1323,2015/01/21,6:00 PM,CUMMINGS AVE @ OGILVIE RD (0009923),9923,03 - At intersection,02 - Non-fatal injury,07 - SMV other,01 - Clear,07 - Dark,02 - Wet,01 - Traffic signal,01 - Functioning,1,0,0,1,01 - Minimal,1,1,,,,372749.4422,5032172.03,45.4261815,-75.63166165,3235
15--12871,2015/11/04,2:25 PM,BANK ST @ 80 S OF HUNT CLUB RD/TOWNGATE PLAZA  (0008230),8230,03 - At intersection,03 - P.D. only,02 - Angle,01 - Clear,01 - Daylight,01 - Dry,01 - Traffic signal,01 - Functioning,2,0,0,0,,0,,,,,371688.2929,5024094.422,45.35360463,-75.64631562,3236
15--13056,2015/11/09,2:52 PM,HOLLAND AVE @ WELLINGTON ST (0002364),2364,03 - At intersection,03 - P.D. only,04 - Sideswipe,01 - Clear,01 - Daylight,01 - Dry,01 - Traffic signal,01 - Functioning,2,0,0,0,,0,,,,,364928.9794,5029152.832,45.39973147,-75.73195948,3237
15--13500,2015/11/19,6:00 PM,BASELINE RD btwn CLYDE AVE & 207 E OF CLYDE AVE (__3ZA4ISA),__3ZA4ISA,01 - Non intersection,03 - P.D. only,04 - Sideswipe,02 - Rain,07 - Dark,02 - Wet,10 - No control,,2,0,0,0,,0,,,,,364445.1898,5024944.927,45.36191085,-75.73864684,3238
15--12872,2015/11/04,2:30 PM,BOYER RD btwn ORLEANS BLVD & VISENEAU DR (__3ZA62C),__3ZA62C,01 - Non intersection,03 - P.D. only,06 - SMV unattended vehicle,01 - Clear,01 - Daylight,01 - Dry,10 - No control,,1,0,0,0,,0,,,,,380985.6886,5035489.073,45.45517712,-75.52591016,3239
15--12785,2015/11/02,12:50 PM,DECARIE DR btwn GRENOBLE CRES & GRENOBLE CRES (__3ZA7K3),__3ZA7K3,01 - Non intersection,02 - Non-fatal injury,07 - SMV other,01 - Clear,01 - Daylight,01 - Dry,10 - No control,,1,0,0,1,01 - Minimal,1,1,,,,381073.128,5038827.164,45.48520097,-75.52427423,3240
15--13230,2015/11/13,Unknown,ARC-EN-CIEL ST btwn SOLANO TER & NORTHAMPTON DR (__3ZA5RG),__3ZA5RG,01 - Non intersection,03 - P.D. only,06 - SMV unattended vehicle,02 - Rain,00 - Unknown,02 - Wet,10 - No control,,1,0,0,0,,0,,,,,384583.8518,5036836.497,45.46689843,-75.47969352,3241
15--13417,2015/11/17,8:30 AM,HIGHWAY 417 btwn HWY417 IC138 RAMP61 & HWY417 IC134 RAMP36 (__3ZA20I),__3ZA20I,01 - Non intersection,03 - P.D. only,03 - Rear end,01 - Clear,01 - Daylight,01 - Dry,10 - No control,,2,0,0,0,,0,,,,,355494.8857,5021735.572,45.33373714,-75.85321582,3242
15--12702,2015/10/30,7:55 AM,HIGHWAY 417 btwn RAMP & HWY417 IC129 RAMP76 (__3ZA2X8),__3ZA2X8,01 - Non intersection,03 - P.D. only,04 - Sideswipe,01 - Clear,01 - Daylight,01 - Dry,10 - No control,,2,0,0,0,,0,,,,,359752.5344,5023149.94,45.34614314,-75.798742,3243
15--12703,2015/10/30,8:07 PM,BRONSON AVE btwn PLYMOUTH ST & RENFREW AVE (__3ZA3B1),__3ZA3B1,01 - Non intersection,03 - P.D. only,03 - Rear end,01 - Clear,07 - Dark,01 - Dry,10 - No control,,2,0,0,0,,0,,,,,367349.9646,5029571.322,45.40328482,-75.7009856,3244
15--12966,2015/11/06,2:44 PM,DRIVEWAY (THE) @ PRINCE OF WALES DR (0002128),2128,03 - At intersection,03 - P.D. only,04 - Sideswipe,01 - Clear,01 - Daylight,01 - Dry,11 - Roundabout,01 - Functioning,2,0,0,0,,0,,,,,366883.7117,5028136.824,45.39041909,-75.70712148,3245
15--12786,2015/11/02,3:15 PM,OGILVIE RD @ CITY PARK DR E/CSIS HQ ACCESS (0003696),3696,02 - Intersection related,03 - P.D. only,03 - Rear end,01 - Clear,01 - Daylight,01 - Dry,01 - Traffic signal,01 - Functioning,2,0,0,0,,0,,,,,374188.7282,5033009.496,45.43357527,-75.61315294,3246
15--13057,2015/11/09,3:01 AM,ALBION RD @ MITCH OWENS RD (0004212),4212,03 - At intersection,03 - P.D. only,07 - SMV other,01 - Clear,07 - Dark,01 - Dry,01 - Traffic signal,01 - Functioning,1,0,0,0,,0,,,,,375906.7541,5014804.089,45.26959882,-75.59381584,3247
15--13418,2015/11/17,8:44 AM,KING EDWARD AVE @ YORK ST S (0011919),11919,02 - Intersection related,03 - P.D. only,04 - Sideswipe,01 - Clear,01 - Daylight,01 - Dry,02 - Stop sign,01 - Functioning,2,0,0,0,,0,,,,,368389.7049,5032597.588,45.43042045,-75.68731475,3248
15--13501,2015/11/19,6:12 PM,ST. JOSEPH BLVD btwn DUSSERE ST & ST. JEAN ST (__3ZA2AN),__3ZA2AN,04 - At/near private drive,03 - P.D. only,03 - Rear end,02 - Rain,07 - Dark,02 - Wet,10 - No control,,2,0,0,0,,0,,,,,380887.5614,5037148.653,45.47011937,-75.52690774,3249
15--12873,2015/11/04,2:32 PM,LADY LOCHEAD LANE @ GOURLAY LANE (0010688),10688,03 - At intersection,02 - Non-fatal injury,07 - SMV other,01 - Clear,01 - Daylight,01 - Dry,02 - Stop sign,01 - Functioning,1,0,0,0,02 - Minor,2,1,1,,,345003.0299,5022051.63,45.3372607,-75.98704304,3250
15--12704,2015/10/30,8:08 AM,EDGECLIFFE AVE @ CALDWELL AVE (0006543),6543,03 - At intersection,03 - P.D. only,02 - Angle,01 - Clear,01 - Daylight,01 - Dry,10 - No control,,2,0,0,0,,0,,,,,364345.0608,5026251.181,45.37367285,-75.7397674,3251
15--13231,2015/11/13,12:06 PM,LAURIER AVE   E btwn HENDERSON AVE & NELSON ST (__3ZA3VQ),__3ZA3VQ,01 - Non intersection,03 - P.D. only,04 - Sideswipe,02 - Rain,01 - Daylight,02 - Wet,10 - No control,,2,0,0,0,,0,,,,,368844.2062,5032098.025,45.4258841,-75.68157172,3252
15--12967,2015/11/06,2:54 PM,TERRY FOX DR @ PALLADIUM DR/KATIMAVIK RD (0011858),11858,02 - Intersection related,03 - P.D. only,03 - Rear end,01 - Clear,01 - Daylight,01 - Dry,01 - Traffic signal,01 - Functioning,3,0,0,0,,0,,,,,351270.44,5018181.775,45.3020517,-75.90744324,3253
15--12787,2015/11/02,3:20 PM,ST. JOSEPH BLVD @ JEANNE D'ARC BLVD (0012421),12421,03 - At intersection,03 - P.D. only,04 - Sideswipe,01 - Clear,01 - Daylight,01 - Dry,11 - Roundabout,01 - Functioning,2,0,0,0,,0,,,,,379861.7064,5036470.135,45.4641256,-75.54012928,3254
15--12788,2015/11/02,3:33 PM,OGILVIE RD btwn JASMINE CRES & ELMRIDGE DR (__3ZA2DT),__3ZA2DT,01 - Non intersection,03 - P.D. only,04 - Sideswipe,01 - Clear,01 - Daylight,01 - Dry,10 - No control,,2,0,0,0,,0,,,,,375404.2685,5033799.609,45.44056258,-75.5975059,3255
15--12789,2015/11/02,4:02 PM,ALBION RD/COLLISTON CRES E @ WALKLEY RD (0011422),11422,02 - Intersection related,03 - P.D. only,03 - Rear end,01 - Clear,01 - Daylight,01 - Dry,01 - Traffic signal,01 - Functioning,2,0,0,0,,0,,,,,371033.3827,5026355.021,45.37400692,-75.65437021,3256
15--1279,2015/01/20,7:30 AM,HIGHWAY 417 btwn HWY417 IC117 RAMP61 & HWY417 IC115 RAMP36 (__3ZA2RZ),__3ZA2RZ,01 - Non intersection,03 - P.D. only,03 - Rear end,01 - Clear,03 - Dawn,01 - Dry,10 - No control,,3,0,0,0,,0,,,,,371988.1637,5031469.43,45.41993336,-75.64148489,3257
15--12790,2015/11/02,4:06 PM,CONROY RD @ HUNT CLUB RD (0002257),2257,02 - Intersection related,03 - P.D. only,04 - Sideswipe,01 - Clear,01 - Daylight,01 - Dry,01 - Traffic signal,01 - Functioning,2,0,0,0,,0,,,,,373763.74,5025403.442,45.36518162,-75.61964748,3258
15--12791,2015/11/02,4:35 PM,ISABELLA ST/HWY417 IC119AR75 @ METCALFE ST (0011380),11380,02 - Intersection related,03 - P.D. only,03 - Rear end,01 - Clear,05 - Dusk,01 - Dry,01 - Traffic signal,01 - Functioning,2,0,0,0,,0,,,,,368449.4285,5030399.565,45.41063797,-75.68683551,3259
15--12792,2015/11/02,4:48 PM,PAUL ANKA DR btwn UPLANDS DR & MCCARTHY RD (__3ZA9CH),__3ZA9CH,01 - Non intersection,02 - Non-fatal injury,07 - SMV other,01 - Clear,05 - Dusk,01 - Dry,10 - No control,,1,0,0,1,01 - Minimal,1,1,,,,369469.9757,5023590.291,45.34927668,-75.67469057,3260
15--12793,2015/11/02,5:00 PM,RIDEAU ST btwn SUSSEX DR & 88 W OF WILLIAM ST/FREIMAN MALL (__3ZA25UA),__3ZA25UA,01 - Non intersection,03 - P.D. only,04 - Sideswipe,01 - Clear,05 - Dusk,01 - Dry,10 - No control,,2,0,0,0,,0,,,,,367954.8978,5032065.176,45.42566939,-75.69293936,3261
15--12794,2015/11/02,5:10 PM,HIGHWAY 417 btwn HWY417 IC163 RAMP61 & HWY417 IC155 RAMP36 (__3ZA2QB),__3ZA2QB,01 - Non intersection,03 - P.D. only,07 - SMV other,01 - Clear,07 - Dark,01 - Dry,10 - No control,,1,0,0,0,,0,,,,,336144.8832,5020234.373,45.3213598,-76.10017748,3262
15--12795,2015/11/02,5:14 PM,OTTAWA RIVER PKWY WB btwn TUNNEY'S PASTURE/REMIC RAPIDS ENT & PARKDALE (__3ZA24KA),__3ZA24KA,01 - Non intersection,03 - P.D. only,03 - Rear end,01 - Clear,05 - Dusk,01 - Dry,10 - No control,,2,0,0,0,,0,,,,,364215.0761,5030199.541,45.4092105,-75.74095139,3263
15--12796,2015/11/02,5:16 PM,FISHER AVE @ MEADOWLANDS DR (0002120),2120,03 - At intersection,03 - P.D. only,05 - Turning movement,01 - Clear,05 - Dusk,01 - Dry,01 - Traffic signal,01 - Functioning,2,0,0,0,,0,,,,,366575.7856,5025045.086,45.36262755,-75.71144044,3264
15--12797,2015/11/02,5:42 PM,ELGIN ST @ GLADSTONE AVE (0007272),7272,03 - At intersection,02 - Non-fatal injury,05 - Turning movement,01 - Clear,07 - Dark,01 - Dry,01 - Traffic signal,01 - Functioning,2,1,0,0,02 - Minor,1,,1,,,368385.4367,5030844.207,45.41464453,-75.68759561,3265
15--12798,2015/11/02,6:07 PM,SHEA RD btwn FERNBANK RD & FLEWELLYN RD (__3ZABGL),__3ZABGL,01 - Non intersection,02 - Non-fatal injury,07 - SMV other,01 - Clear,07 - Dark,01 - Dry,10 - No control,,1,0,0,0,01 - Minimal,1,1,,,,352990.9392,5012177.725,45.2479097,-75.88608877,3266
15--12799,2015/11/02,6:10 PM,FALLOWFIELD RD @ WOODROFFE AVE (0010372),10372,02 - Intersection related,03 - P.D. only,03 - Rear end,01 - Clear,07 - Dark,01 - Dry,01 - Traffic signal,01 - Functioning,2,0,0,0,,0,,,,,365085.15,5017902.109,45.2984856,-75.73133636,3267
15--128,2015/01/04,10:07 AM,CASTLEFRANK RD @ KATIMAVIK RD (0003228),3228,03 - At intersection,03 - P.D. only,02 - Angle,05 - Drifting Snow,01 - Daylight,06 - Ice,01 - Traffic signal,01 - Functioning,2,0,0,0,,0,,,,,351951.4168,5018943.034,45.30885632,-75.89868799,3268
15--1280,2015/01/20,7:43 AM,ST. LAURENT BLVD btwn BOURASSA ST & SMYTH RD (__3ZA3R6),__3ZA3R6,01 - Non intersection,03 - P.D. only,04 - Sideswipe,01 - Clear,03 - Dawn,04 - Slush,10 - No control,,2,0,0,0,,0,,,,,373244.4428,5029675.725,45.40367268,-75.62568337,3269
15--12800,2015/11/02,6:11 PM,WOODROFFE AVE @ KNOXDALE RD/MEDHURST DR (0000519),519,02 - Intersection related,03 - P.D. only,03 - Rear end,01 - Clear,07 - Dark,02 - Wet,01 - Traffic signal,01 - Functioning,2,0,0,0,,0,,,,,363420.4119,5021827.931,45.33395085,-75.75209615,3270
15--12801,2015/11/02,6:15 PM,HUNT CLUB RD @ RIVERSIDE DR (0002237),2237,02 - Intersection related,03 - P.D. only,03 - Rear end,01 - Clear,07 - Dark,01 - Dry,01 - Traffic signal,01 - Functioning,2,0,0,0,,0,,,,,368037.4237,5021944.417,45.33459808,-75.69318114,3271
15--12802,2015/11/02,7:02 PM,CUMMINGS AVE/LABELLE ST @ CYRVILLE RD (0008791),8791,02 - Intersection related,03 - P.D. only,99 - Other,01 - Clear,07 - Dark,01 - Dry,01 - Traffic signal,01 - Functioning,2,0,0,0,,0,,,,,372859.9952,5031870.486,45.4234576,-75.6302907,3272
15--12803,2015/11/02,7:15 PM,INDUSTRIAL AVE @ ALTA VISTA DR/SANDFORD FLEMIN (0006979),6979,03 - At intersection,03 - P.D. only,05 - Turning movement,01 - Clear,07 - Dark,01 - Dry,01 - Traffic signal,01 - Functioning,2,0,0,0,,0,,,,,370884.0031,5030557.93,45.41183723,-75.65571428,3273
15--12804,2015/11/02,7:50 AM,HIGHWAY 417 btwn TRANSIT & HWY417 IC127 RAMP16 (__3ZA2SJ),__3ZA2SJ,01 - Non intersection,03 - P.D. only,03 - Rear end,01 - Clear,01 - Daylight,01 - Dry,10 - No control,,2,0,0,0,,0,,,,,361798.2104,5024603.778,45.35906143,-75.77247128,3274
15--12805,2015/11/02,8:40 AM,BOWESVILLE RD/HIGH RD @ LEITRIM RD (0012439),12439,02 - Intersection related,03 - P.D. only,03 - Rear end,01 - Clear,01 - Daylight,01 - Dry,02 - Stop sign,01 - Functioning,2,0,0,0,,0,,,,,371676.1727,5019286.391,45.31034456,-75.6471199,3275
15--12806,2015/11/02,9:00 PM,LAVAL ST btwn LOYER ST & ST. CHARLES ST (__3ZA8WV),__3ZA8WV,01 - Non intersection,03 - P.D. only,06 - SMV unattended vehicle,01 - Clear,07 - Dark,01 - Dry,10 - No control,,1,0,0,0,,0,,,,,369470.4574,5033625.806,45.43957285,-75.67336895,3276
15--12807,2015/11/02,9:39 AM,BANK ST @ CATHERINE ST (0002708),2708,03 - At intersection,03 - P.D. only,02 - Angle,01 - Clear,01 - Daylight,01 - Dry,01 - Traffic signal,01 - Functioning,2,0,0,0,,0,,,,,368040.4261,5030265.77,45.40947121,-75.69207743,3277
15--12808,2015/11/03,1:15 PM,MOODIE DR @ ROBERTSON RD (0010545),10545,02 - Intersection related,02 - Non-fatal injury,05 - Turning movement,01 - Clear,01 - Daylight,01 - Dry,01 - Traffic signal,01 - Functioning,2,0,0,0,02 - Minor,2,,2,,,357065.9314,5020453.676,45.32208726,-75.83330851,3278
15--12809,2015/11/03,11:36 AM,SMYTH RD E/LANCASTER RD @ ST. LAURENT BLVD N/R (0002256),2256,02 - Intersection related,03 - P.D. only,04 - Sideswipe,01 - Clear,01 - Daylight,01 - Dry,01 - Traffic signal,01 - Functioning,2,0,0,0,,0,,,,,373364.298,5029424.552,45.40140102,-75.62418743,3279
15--1281,2015/01/20,8:02 AM,CEDARVIEW RD @ WEST HUNT CLUB RD (0010267),10267,03 - At intersection,02 - Non-fatal injury,03 - Rear end,01 - Clear,01 - Daylight,04 - Slush,01 - Traffic signal,01 - Functioning,2,0,0,0,01 - Minimal,1,1,,,,359718.6774,5019553.996,45.31378938,-75.79957296,3280
15--12810,2015/11/03,11:40 AM,RIVERSIDE DR SB btwn BILLINGS BRIDGESC RAMP SB & BILLINGS BRIDGE SC RA (__3ZA3BS),__3ZA3BS,01 - Non intersection,03 - P.D. only,04 - Sideswipe,01 - Clear,01 - Daylight,01 - Dry,10 - No control,,2,0,0,0,,0,,,,,369086.903,5027858.683,45.38771769,-75.67902335,3281
15--12811,2015/11/03,12:22 PM,PRINCE OF WALES DR btwn TURN LANE & FISHER AVE (__3ZA29U),__3ZA29U,01 - Non intersection,03 - P.D. only,03 - Rear end,01 - Clear,01 - Daylight,01 - Dry,10 - No control,,2,0,0,0,,0,,,,,367161.7048,5023942.305,45.35265308,-75.7041011,3282
15--12812,2015/11/03,12:30 PM,RIVERSIDE DR NB btwn INDUSTRIAL AVE & TREMBLAY RD (__3ZA4SE),__3ZA4SE,01 - Non intersection,02 - Non-fatal injury,03 - Rear end,01 - Clear,01 - Daylight,01 - Dry,10 - No control,,3,0,0,0,01 - Minimal,2,2,,,,370689.0429,5030603.004,45.41226117,-75.65819878,3283
15--12813,2015/11/03,12:31 PM,STITTSVILLE MAIN ST @ HAZELDEAN RD (0000050),50,02 - Intersection related,03 - P.D. only,03 - Rear end,01 - Clear,01 - Daylight,01 - Dry,01 - Traffic signal,01 - Functioning,2,0,0,0,,0,,,,,349558.3981,5014877.636,45.27243116,-75.92957091,3284
15--12814,2015/11/03,2:21 PM,HWY417 IC117 RAMP26 btwn HIGHWAY 417 & VANIER PKWY (__3ZAY6W),__3ZAY6W,01 - Non intersection,02 - Non-fatal injury,03 - Rear end,01 - Clear,01 - Daylight,01 - Dry,10 - No control,,2,0,0,0,02 - Minor,1,,1,,,370836.0131,5031394.247,45.41936659,-75.65621526,3285
15--12815,2015/11/03,2:28 PM,LAFONTAINE AVE @ MCARTHUR AVE (0009806),9806,03 - At intersection,03 - P.D. only,02 - Angle,01 - Clear,01 - Daylight,01 - Dry,01 - Traffic signal,01 - Functioning,2,0,0,0,,0,,,,,370948.9916,5032771.934,45.43175176,-75.6545868,3286
15--12816,2015/11/03,2:29 PM,STRANDHERD DR @ LONGFIELDS DR (0010935),10935,02 - Intersection related,03 - P.D. only,02 - Angle,01 - Clear,01 - Daylight,01 - Dry,01 - Traffic signal,01 - Functioning,2,0,0,0,,0,,,,,364547.6609,5015172.759,45.27397288,-75.73851765,3287
15--12817,2015/11/03,2:58 PM,BRIDLE PATH DR @ PIMLICO CRES N (0012450),12450,02 - Intersection related,02 - Non-fatal injury,07 - SMV other,01 - Clear,01 - Daylight,01 - Dry,02 - Stop sign,01 - Functioning,1,0,0,1,02 - Minor,1,,1,,,371329.7289,5023792.507,45.35092221,-75.65093203,3288
15--12818,2015/11/03,3:00 PM,PARKDALE AVE @ SCOTT ST (0002213),2213,02 - Intersection related,03 - P.D. only,05 - Turning movement,01 - Clear,01 - Daylight,01 - Dry,01 - Traffic signal,01 - Functioning,2,0,0,0,,0,,,,,364949.9231,5029726.34,45.40488997,-75.73162203,3289
15--12819,2015/11/03,3:21 PM,HWY 417 INNES IC112R57 @ INNES RD (0012298),12298,03 - At intersection,02 - Non-fatal injury,02 - Angle,01 - Clear,01 - Daylight,01 - Dry,01 - Traffic signal,01 - Functioning,2,0,0,0,02 - Minor,1,,1,,,374298.33,5030754.09,45.41327143,-75.6120705,3290
15--1282,2015/01/20,8:10 AM,QUEEN ST btwn O'CONNOR ST & METCALFE ST (__3ZA2FP),__3ZA2FP,04 - At/near private drive,03 - P.D. only,02 - Angle,01 - Clear,01 - Daylight,02 - Wet,10 - No control,,2,0,0,0,,0,,,,,367563.2558,5031628.105,45.42177202,-75.69799938,3291
15--12820,2015/11/03,3:40 PM,INNES RD btwn INDUSTRIAL AVE & BANTREE ST (__3ZA2XQ),__3ZA2XQ,01 - Non intersection,03 - P.D. only,03 - Rear end,01 - Clear,01 - Daylight,01 - Dry,10 - No control,,2,0,0,0,,0,,,,,373110.5382,5030009.531,45.4066892,-75.62734744,3292
15--12821,2015/11/03,3:40 PM,HIGHWAY 417 btwn HWY417 IC119A RAMP75 & HWY417 IC118 RAMP57 (__3ZA2R2),__3ZA2R2,01 - Non intersection,03 - P.D. only,03 - Rear end,01 - Clear,01 - Daylight,01 - Dry,10 - No control,,2,0,0,0,,0,,,,,368950.8146,5030698.94,45.41328587,-75.68039166,3293
15--12822,2015/11/03,3:57 PM,HAWTHORNE RD/RUSSELL RD @ WALKLEY RD (0002618),2618,02 - Intersection related,02 - Non-fatal injury,03 - Rear end,01 - Clear,01 - Daylight,01 - Dry,01 - Traffic signal,01 - Functioning,2,0,0,0,01 - Minimal,1,1,,,,374674.7439,5028498.46,45.39293893,-75.60758153,3294
15--12823,2015/11/03,4:00 PM,RICHMOND RD btwn ROOSEVELT AVE & WINSTON AVE (__3ZA26V),__3ZA26V,01 - Non intersection,03 - P.D. only,06 - SMV unattended vehicle,01 - Clear,01 - Daylight,01 - Dry,10 - No control,,1,0,0,0,,0,,,,,363014.8755,5028143.787,45.39081402,-75.75652571,3295
15--12824,2015/11/03,4:02 PM,HOLLAND AVE/TUNNEY'S PASTURE @ SCOTT ST (0006494),6494,02 - Intersection related,03 - P.D. only,03 - Rear end,01 - Clear,01 - Daylight,01 - Dry,01 - Traffic signal,01 - Functioning,2,0,0,0,,0,,,,,364736.9789,5029595.562,45.40373153,-75.73435792,3296
15--12825,2015/11/03,4:16 PM,HOGAN ST @ MEADOWLANDS DR (0001120),1120,02 - Intersection related,03 - P.D. only,03 - Rear end,01 - Clear,01 - Daylight,01 - Dry,02 - Stop sign,00 - Unknown,3,0,0,0,,0,,,,,366123.4177,5024893.432,45.36130272,-75.71723313,3297
15--12826,2015/11/03,4:20 PM,HIGHWAY 417 btwn HWY417 IC117 RAMP36 & HWY417 IC117 RAMP26 (__3ZAZE0),__3ZAZE0,01 - Non intersection,03 - P.D. only,03 - Rear end,01 - Clear,05 - Dusk,01 - Dry,10 - No control,,2,0,0,0,,0,,,,,370735.6521,5031189.915,45.41753756,-75.65752484,3298
15--12827,2015/11/03,4:45 PM,OLD TENTH LINE RD @ TENTH LINE RD (0009223),9223,03 - At intersection,03 - P.D. only,02 - Angle,01 - Clear,05 - Dusk,01 - Dry,01 - Traffic signal,01 - Functioning,2,0,0,0,,0,,,,,383041.2944,5038358.619,45.4807676,-75.49917488,3299
15--12828,2015/11/03,5:37 PM,BREWER RD @ BRONSON AVE (0002240),2240,03 - At intersection,02 - Non-fatal injury,05 - Turning movement,01 - Clear,07 - Dark,01 - Dry,01 - Traffic signal,01 - Functioning,2,0,0,0,02 - Minor,2,1,1,,,368109.7678,5027765.355,45.38696696,-75.69151258,3300
15--12829,2015/11/03,5:57 AM,INDUSTRIAL AVE @ RUSSELL RD (0007732),7732,03 - At intersection,02 - Non-fatal injury,05 - Turning movement,01 - Clear,07 - Dark,02 - Wet,01 - Traffic signal,01 - Functioning,2,0,0,0,02 - Minor,1,,1,,,372465.7286,5030278.472,45.40917164,-75.63554688,3301
15--1283,2015/01/20,8:46 PM,LAFONTAINE AVE @ MCARTHUR AVE (0009806),9806,03 - At intersection,02 - Non-fatal injury,05 - Turning movement,01 - Clear,07 - Dark,02 - Wet,01 - Traffic signal,01 - Functioning,2,0,0,0,02 - Minor,1,,1,,,370949.7123,5032772.056,45.43175279,-75.65457758,3302
15--12830,2015/11/03,6:02 PM,IRIS ST @ WOODROFFE AVE (0002736),2736,02 - Intersection related,03 - P.D. only,03 - Rear end,01 - Clear,07 - Dark,01 - Dry,01 - Traffic signal,01 - Functioning,2,0,0,0,,0,,,,,362283.4128,5024441.159,45.35755859,-75.76629755,3303
15--12831,2015/11/03,6:02 PM,HIGHWAY 417 btwn HWY417 IC122 RAMP61 & HWY417 IC121B RAMP16 (__3ZA2Y4),__3ZA2Y4,01 - Non intersection,03 - P.D. only,03 - Rear end,01 - Clear,07 - Dark,01 - Dry,10 - No control,,3,0,0,0,,0,,,,,365815.4772,5029210.028,45.40016941,-75.72063002,3304
15--12832,2015/11/03,6:15 AM,VANIER PKWY/CRICHTON ST @ BEECHWOOD AVE/ST. PA (0001604),1604,02 - Intersection related,03 - P.D. only,03 - Rear end,01 - Clear,03 - Dawn,02 - Wet,01 - Traffic signal,00 - Unknown,2,0,0,0,,0,,,,,369128.0376,5033486.931,45.43835489,-75.67776352,3305
15--12833,2015/11/03,6:34 PM,RUSSELL RD S @ ST. LAURENT BLVD (0007734),7734,03 - At intersection,03 - P.D. only,02 - Angle,01 - Clear,07 - Dark,01 - Dry,01 - Traffic signal,01 - Functioning,2,0,0,0,,0,,,,,373569.1922,5029260.793,45.39990749,-75.62159334,3306
15--12834,2015/11/03,6:59 AM,RICHARDSON SIDE RD btwn GREY STONE DR & PENNYCROSS LANE (__5RGDWM),__5RGDWM,01 - Non intersection,03 - P.D. only,07 - SMV other,01 - Clear,03 - Dawn,01 - Dry,10 - No control,,1,0,0,0,,0,,,,,343854.1289,5015001.705,45.27388753,-76.00225698,3307
15--12835,2015/11/03,7:00 AM,TRANSITWAY - LINCOLN FIEL @ OTTAWA RIVER PKWY  (0002636),2636,02 - Intersection related,03 - P.D. only,07 - SMV other,01 - Clear,03 - Dawn,02 - Wet,01 - Traffic signal,01 - Functioning,1,0,1,0,,0,,,,,360926.2035,5025505.074,45.3672416,-75.78349839,3308
15--12836,2015/11/03,7:15 AM,FITZGERALD RD/MENTEN PL @ MOODIE DR (0009818),9818,03 - At intersection,03 - P.D. only,02 - Angle,01 - Clear,01 - Daylight,02 - Wet,01 - Traffic signal,01 - Functioning,2,0,0,0,,0,,,,,356920.1803,5020812.551,45.32532729,-75.83512978,3309
15--12837,2015/11/03,7:33 PM,FERNBANK RD @ LIARD ST (0000296),296,03 - At intersection,03 - P.D. only,05 - Turning movement,01 - Clear,07 - Dark,01 - Dry,02 - Stop sign,01 - Functioning,2,0,0,0,,0,,,,,351493.4917,5012637.547,45.25214828,-75.90512072,3310