Anom_ID,Accident_Date,Accident_Time,Location,Geo_ID,Accident_Location,Classification_of_Accident,Initial_Impact_Type,Environment_Condition,Light,Road_Surface_Condition,Traffic_Control,Traffic_Control_Condition,No__of_Vehicles,No__of_Bicycles,No__of_Motorcycles,No__of_Pedestrians,Max_Injury,No__of_Injuries,No__of_Minimal,No__of_Minor,No__of_Major,No__of_Fatal,X,Y,Latitude,Longitude,ObjectId
15--12838,2015/11/03,7:35 PM,MEADOWLANDS DR btwn HOGAN ST & NESS ST (__3ZA4IQ),__3ZA4IQ,01 - Non intersection,03 - P.D. only,03 - Rear end,01 - Clear,07 - Dark,01 - Dry,10 - No control,,2,0,0,0,,0,,,,,366304.9758,5024895.097,45.36130179,-75.71491563,3311
15--12839,2015/11/03,7:36 AM,REGIONAL ROAD 174 btwn QUIGLEY HILL RD & CAMERON ST (__3ZA27U),__3ZA27U,01 - Non intersection,03 - P.D. only,03 - Rear end,01 - Clear,01 - Daylight,02 - Wet,10 - No control,,2,0,0,0,,0,,,,,389772.8457,5042604.231,45.51817776,-75.41234784,3312
15--1284,2015/01/20,8:49 AM,BANK ST @ RIVERSIDE DR N (0010778),10778,03 - At intersection,02 - Non-fatal injury,02 - Angle,01 - Clear,01 - Daylight,02 - Wet,01 - Traffic signal,01 - Functioning,2,0,0,0,02 - Minor,1,,1,,,369225.7159,5027983.064,45.38882408,-75.67723459,3313
15--12840,2015/11/03,7:53 AM,KENT ST btwn JAMES ST & FLORENCE ST (__3ZA3QI),__3ZA3QI,01 - Non intersection,03 - P.D. only,06 - SMV unattended vehicle,01 - Clear,01 - Daylight,01 - Dry,10 - No control,,1,0,0,0,,0,,,,,367682.4844,5030562.374,45.41217221,-75.696612,3314
15--12841,2015/11/03,7:54 AM,JEANNE D'ARC BLVD  S btwn CEDAR MILLS RD & BEAUSEJOUR DR (__3ZA2BK),__3ZA2BK,01 - Non intersection,03 - P.D. only,03 - Rear end,01 - Clear,01 - Daylight,02 - Wet,10 - No control,,4,0,0,0,,0,,,,,381417.8642,5036068.86,45.46034632,-75.52029495,3315
15--12842,2015/11/03,7:54 AM,SOUTHMORE DR @ WALKLEY RD (0006644),6644,02 - Intersection related,03 - P.D. only,03 - Rear end,01 - Clear,01 - Daylight,01 - Dry,02 - Stop sign,01 - Functioning,2,0,0,0,,0,,,,,369710.871,5025574.942,45.36711176,-75.671356,3316
15--12843,2015/11/03,8:14 AM,HAIG DR @ PLEASANT PARK RD (0008323),8323,03 - At intersection,02 - Non-fatal injury,02 - Angle,01 - Clear,01 - Daylight,01 - Dry,02 - Stop sign,01 - Functioning,2,1,0,0,02 - Minor,1,,1,,,372400.8085,5028586.068,45.39395039,-75.63660815,3317
15--12844,2015/11/03,8:18 PM,BRONSON AVE btwn BRONSON AVE NB ON RAMP 42 & BRONSON AVE SB ON RAMP 43 (__3ZA3NZ),__3ZA3NZ,01 - Non intersection,02 - Non-fatal injury,03 - Rear end,01 - Clear,07 - Dark,01 - Dry,10 - No control,,2,0,0,0,01 - Minimal,2,2,,,,367759.5198,5028413.047,45.39282628,-75.69590229,3318
15--12845,2015/11/03,8:20 AM,RICHMOND RD @ EDGEWORTH AVE/MCEWEN AVE (0002352),2352,02 - Intersection related,02 - Non-fatal injury,03 - Rear end,01 - Clear,01 - Daylight,01 - Dry,01 - Traffic signal,01 - Functioning,2,0,0,0,01 - Minimal,1,1,,,,361076.39,5025882.922,45.37062941,-75.78153823,3319
15--12846,2015/11/03,8:21 AM,ORCHARDVIEW AVE @ GARDENWAY DR (0012937),12937,02 - Intersection related,02 - Non-fatal injury,07 - SMV other,01 - Clear,01 - Daylight,02 - Wet,02 - Stop sign,01 - Functioning,1,0,0,1,02 - Minor,1,,1,,,384735.4716,5036806.556,45.46661171,-75.47775973,3320
15--12847,2015/11/03,8:22 AM,EAGLESON RD @ KATIMAVIK RD/TIMM DR (0011925),11925,02 - Intersection related,03 - P.D. only,07 - SMV other,01 - Clear,01 - Daylight,02 - Wet,01 - Traffic signal,01 - Functioning,1,0,0,0,,0,,,,,353213.9021,5019565.47,45.31437124,-75.88252789,3321
15--12848,2015/11/03,8:35 AM,ALTA VISTA DR btwn 75 S OF CALEDON ST & CALEDON ST (__3ZA97HA),__3ZA97HA,04 - At/near private drive,03 - P.D. only,02 - Angle,01 - Clear,01 - Daylight,01 - Dry,10 - No control,,2,0,0,0,,0,,,,,370773.9046,5030384.944,45.41029115,-75.65714389,3322
15--12849,2015/11/03,8:45 AM,MERTON ST @ SCOTT ST (0006492),6492,03 - At intersection,02 - Non-fatal injury,03 - Rear end,01 - Clear,01 - Daylight,01 - Dry,02 - Stop sign,00 - Unknown,2,0,0,0,01 - Minimal,2,2,,,,365326.5476,5029956.786,45.40693101,-75.72678304,3323
15--1285,2015/01/20,9:05 AM,WALKLEY RD @ DON REID DR/RYDER ST (0008218),8218,02 - Intersection related,03 - P.D. only,07 - SMV other,01 - Clear,01 - Daylight,02 - Wet,01 - Traffic signal,01 - Functioning,1,0,0,0,,0,,,,,372601.7269,5027285.026,45.38222474,-75.63422107,3324
15--12850,2015/11/03,9:10 AM,"EGLISE, RUE DE L @ MONTREAL RD (0011441)",11441,02 - Intersection related,03 - P.D. only,03 - Rear end,01 - Clear,01 - Daylight,01 - Dry,01 - Traffic signal,01 - Functioning,2,0,0,0,,0,,,,,371158.4322,5033632.143,45.43947169,-75.6517944,3325
15--12851,2015/11/03,9:19 AM,NAVAN RD btwn INNES RD & ORLEANS BLVD (__42HNW4),__42HNW4,01 - Non intersection,03 - P.D. only,07 - SMV other,01 - Clear,01 - Daylight,01 - Dry,10 - No control,,1,0,0,0,,0,,,,,380548.3297,5033095.252,45.43368689,-75.53186981,3326
15--12852,2015/11/03,9:47 AM,HOLLAND AVE/TUNNEY'S PASTURE @ SCOTT ST (0006494),6494,02 - Intersection related,02 - Non-fatal injury,07 - SMV other,01 - Clear,01 - Daylight,01 - Dry,01 - Traffic signal,01 - Functioning,1,0,0,1,02 - Minor,1,,1,,,364737.5843,5029595.562,45.40373148,-75.73435018,3327
15--12853,2015/11/03,9:49 AM,DALHOUSIE ST @ MURRAY ST (0008241),8241,02 - Intersection related,02 - Non-fatal injury,07 - SMV other,01 - Clear,01 - Daylight,01 - Dry,01 - Traffic signal,01 - Functioning,1,0,0,1,02 - Minor,1,,1,,,368001.4198,5032573.955,45.43024301,-75.69227962,3328
15--12854,2015/11/03,9:59 AM,CREEK'S END LANE btwn HOLLY ACRES RD & END (__3ZA2NT),__3ZA2NT,04 - At/near private drive,03 - P.D. only,02 - Angle,01 - Clear,01 - Daylight,01 - Dry,10 - No control,,2,0,0,0,,0,,,,,358387.7136,5023196.3,45.34666589,-75.81615241,3329
15--12855,2015/11/04,1:00 PM,HIGHWAY 417 btwn HWY417 IC122 RAMP15 & HWY417 IC121B RAMP51 (__3ZA2RB),__3ZA2RB,01 - Non intersection,03 - P.D. only,04 - Sideswipe,01 - Clear,01 - Daylight,01 - Dry,10 - No control,,2,0,0,0,,0,,,,,365824.1414,5029192.699,45.40001273,-75.7205215,3330
15--12856,2015/11/04,1:05 PM,OLD INNES RD @ BANTREE ST (0007674),7674,03 - At intersection,03 - P.D. only,02 - Angle,01 - Clear,01 - Daylight,01 - Dry,02 - Stop sign,01 - Functioning,2,0,0,0,,0,,,,,373726.6618,5030353.126,45.4097203,-75.61942948,3331
15--12857,2015/11/04,1:25 AM,QUEEN MARY ST @ VANIER PKWY (0007648),7648,02 - Intersection related,02 - Non-fatal injury,07 - SMV other,01 - Clear,07 - Dark,01 - Dry,01 - Traffic signal,01 - Functioning,1,0,0,0,01 - Minimal,1,1,,,,370365.6382,5031956.139,45.42446651,-75.66215012,3332
15--12858,2015/11/04,1:28 PM,BAYCREST DR btwn SANDALWOOD DR & WALKLEY RD (__3ZA9YU),__3ZA9YU,04 - At/near private drive,03 - P.D. only,02 - Angle,01 - Clear,01 - Daylight,01 - Dry,10 - No control,,2,0,0,0,,0,,,,,371390.2211,5026645.124,45.37658334,-75.64977569,3333
15--12859,2015/11/04,1:41 PM,MERIVALE RD btwn WOODFIELD DR & 170 N OF WEST HUNT CLUB RD/COSTCO SC (__3ZA33DA),__3ZA33DA,01 - Non intersection,03 - P.D. only,03 - Rear end,01 - Clear,01 - Daylight,01 - Dry,10 - No control,,2,0,0,0,,0,,,,,365531.9499,5022137.211,45.33655414,-75.72512074,3334
15--1286,2015/01/20,9:10 AM,GREENBANK RD @ 220 N OF STRANDHERD DR (0010452),10452,02 - Intersection related,03 - P.D. only,03 - Rear end,01 - Clear,01 - Daylight,06 - Ice,01 - Traffic signal,01 - Functioning,2,0,0,0,,0,,,,,363849.1154,5014984.25,45.27233569,-75.74744224,3335
15--12860,2015/11/04,1:51 PM,BOYER RD @ ORLEANS BLVD (0004135),4135,03 - At intersection,02 - Non-fatal injury,07 - SMV other,01 - Clear,01 - Daylight,01 - Dry,02 - Stop sign,01 - Functioning,1,0,0,1,02 - Minor,1,,1,,,380977.7464,5035508.928,45.45535662,-75.52600862,3336
15--12861,2015/11/04,10:08 AM,POWELL AVE btwn BRONSON AVE & PERCY ST (__3ZA927),__3ZA927,04 - At/near private drive,03 - P.D. only,06 - SMV unattended vehicle,01 - Clear,01 - Daylight,02 - Wet,10 - No control,,1,0,0,0,,0,,,,,367522.6898,5029554.983,45.40312235,-75.6987815,3337
15--12862,2015/11/04,10:10 AM,BELFAST RD btwn TRIOLE ST & MICHAEL ST (__3ZA793),__3ZA793,04 - At/near private drive,03 - P.D. only,02 - Angle,01 - Clear,01 - Daylight,01 - Dry,10 - No control,,2,0,0,0,,0,,,,,373054.9031,5030651.062,45.41246682,-75.62796926,3338
15--12863,2015/11/04,10:13 PM,HINCKS LANE @ RIVERSIDE DR (0011354),11354,03 - At intersection,03 - P.D. only,05 - Turning movement,01 - Clear,07 - Dark,01 - Dry,01 - Traffic signal,01 - Functioning,2,0,0,0,,0,,,,,370166.2567,5030204.877,45.408728,-75.66493,3339
15--12864,2015/11/04,10:40 PM,ORCHARDVIEW AVE @ GARDENWAY DR (0012937),12937,03 - At intersection,03 - P.D. only,02 - Angle,01 - Clear,07 - Dark,01 - Dry,02 - Stop sign,01 - Functioning,2,0,0,0,,0,,,,,384736.463,5036807.638,45.46662133,-75.47774688,3340
15--12865,2015/11/04,Unknown,CASTLEFRANK RD btwn TORCASTLE WAY & TORCASTLE WAY (__3ZABZ9),__3ZABZ9,01 - Non intersection,03 - P.D. only,06 - SMV unattended vehicle,01 - Clear,00 - Unknown,01 - Dry,10 - No control,,1,0,0,0,,0,,,,,353441.3858,5017073.394,45.29193127,-75.87987126,3341
15--12866,2015/11/04,Unknown,DUHAMEL ST btwn ST. FRANCIS ST & FAIRMONT AVE (__3ZA057),__3ZA057,01 - Non intersection,03 - P.D. only,06 - SMV unattended vehicle,01 - Clear,00 - Unknown,01 - Dry,10 - No control,,1,0,0,0,,0,,,,,365662.2319,5029498.578,45.40277905,-75.72255168,3342
15--12867,2015/11/04,12:06 PM,SLACK RD @ WOODROFFE AVE (0000102),102,03 - At intersection,02 - Non-fatal injury,05 - Turning movement,01 - Clear,01 - Daylight,01 - Dry,01 - Traffic signal,01 - Functioning,2,0,0,0,01 - Minimal,1,1,,,,364234.1429,5019974.332,45.31720387,-75.74193763,3343
15--12868,2015/11/04,12:32 PM,LEES AVE @ KING EDWARD AVE/MANN AVE (0011413),11413,02 - Intersection related,03 - P.D. only,03 - Rear end,01 - Clear,01 - Daylight,01 - Dry,01 - Traffic signal,01 - Functioning,2,0,0,0,,0,,,,,369178.9227,5031334.573,45.41898411,-75.67739455,3344
15--12869,2015/11/04,12:49 AM,TERRY FOX DR btwn CAMPEAU DR & DIDSBURY RD (__3ZA1EJ),__3ZA1EJ,01 - Non intersection,03 - P.D. only,06 - SMV unattended vehicle,01 - Clear,07 - Dark,01 - Dry,10 - No control,,1,0,0,0,,0,,,,,350468.1144,5019008.479,45.30954323,-75.9175972,3345
15--1287,2015/01/20,9:37 AM,MARCH RD btwn HALTON TERR/MAXWELL BRIDGE RD & MAXWELL RD (__3ZA2GD),__3ZA2GD,04 - At/near private drive,02 - Non-fatal injury,03 - Rear end,01 - Clear,01 - Daylight,01 - Dry,10 - No control,,2,0,0,0,01 - Minimal,1,1,,,,348242.4798,5025200.315,45.36540025,-75.94543562,3346
15--12870,2015/11/04,2:13 PM,INDUSTRIAL AVE @ RIVERSIDE DR (0011905),11905,02 - Intersection related,02 - Non-fatal injury,05 - Turning movement,01 - Clear,01 - Daylight,01 - Dry,01 - Traffic signal,01 - Functioning,2,1,0,0,02 - Minor,1,,1,,,370683.9979,5030592.193,45.41216437,-75.65826468,3347
15--12968,2015/11/06,3:00 PM,HIGHWAY 416 btwn HWY416 IC66 RAMP24 & HWY416 IC57 RAMP62 (__3ZA1OI),__3ZA1OI,01 - Non intersection,02 - Non-fatal injury,04 - Sideswipe,01 - Clear,01 - Daylight,01 - Dry,10 - No control,,2,0,0,0,02 - Minor,1,,1,,,360940.2463,5013014.443,45.2548494,-75.78473427,3348
15--12874,2015/11/04,2:55 PM,DONALD B. MUNRO DR btwn LOGGERS WAY & CARRYS SIDE RD (__3ZACBI),__3ZACBI,01 - Non intersection,02 - Non-fatal injury,03 - Rear end,01 - Clear,01 - Daylight,01 - Dry,10 - No control,,2,0,0,0,02 - Minor,2,,2,,,330208.1227,5026911.145,45.38168088,-76.17555992,3349
15--12705,2015/10/30,9:01 AM,BOOTH ST @ GLADSTONE AVE (0002211),2211,02 - Intersection related,03 - P.D. only,03 - Rear end,01 - Clear,01 - Daylight,01 - Dry,01 - Traffic signal,01 - Functioning,2,0,0,0,,0,,,,,366767.9847,5029849.481,45.40583937,-75.70838415,3350
15--13419,2015/11/17,8:44 AM,MONTREAL RD btwn CARSON'S RD/CODD'S RD & DEN HAAG DR/LANG'S RD (__3ZA2DU),__3ZA2DU,04 - At/near private drive,02 - Non-fatal injury,04 - Sideswipe,01 - Clear,01 - Daylight,01 - Dry,10 - No control,,2,0,0,0,02 - Minor,1,,1,,,372456.6033,5034257.678,45.44497552,-75.63511683,3351
15--13232,2015/11/13,12:06 PM,BLAIR RD @ REGIONAL RD 174 S/OR174 IC112 RAMP15 (0012435),12435,02 - Intersection related,03 - P.D. only,03 - Rear end,01 - Clear,01 - Daylight,02 - Wet,01 - Traffic signal,01 - Functioning,2,0,0,0,,0,,,,,374907.89,5032660.909,45.43036715,-75.6040122,3352
15--13502,2015/11/19,6:15 AM,QUEEN MARY ST @ VANIER PKWY (0007648),7648,03 - At intersection,02 - Non-fatal injury,07 - SMV other,01 - Clear,03 - Dawn,01 - Dry,01 - Traffic signal,01 - Functioning,1,0,0,1,02 - Minor,1,,1,,,370363.7105,5031956.863,45.4244732,-75.66217465,3353
15--12969,2015/11/06,3:12 PM,TERRY FOX DR @ PALLADIUM DR/KATIMAVIK RD (0011858),11858,02 - Intersection related,03 - P.D. only,03 - Rear end,01 - Clear,01 - Daylight,01 - Dry,01 - Traffic signal,01 - Functioning,2,0,0,0,,0,,,,,351268.996,5018182.497,45.3020583,-75.90746159,3354
15--12706,2015/10/30,9:10 PM,HIGHWAY 417 btwn HWY417 IC119A RAMP67 & HWY417 IC118 RAMP76 (__3ZA2YS),__3ZA2YS,01 - Non intersection,02 - Non-fatal injury,03 - Rear end,01 - Clear,07 - Dark,01 - Dry,10 - No control,,4,0,0,0,02 - Minor,2,1,1,,,368686.2836,5030586.958,45.41230249,-75.68378555,3355
15--13233,2015/11/13,12:24 PM,MERIVALE RD btwn CLYDE AVE & GILBEY DR (__3ZA4HD),__3ZA4HD,04 - At/near private drive,03 - P.D. only,05 - Turning movement,02 - Rain,01 - Daylight,02 - Wet,10 - No control,,2,0,0,0,,0,,,,,364620.0323,5024612.945,45.35890883,-75.7364554,3356
15--12875,2015/11/04,3:04 PM,NAVAHO DR @ WOODROFFE AVE/TRANSITWAY N BASELIN (0010359),10359,02 - Intersection related,03 - P.D. only,04 - Sideswipe,01 - Clear,01 - Daylight,01 - Dry,01 - Traffic signal,00 - Unknown,2,0,0,0,,0,,,,,362706.9639,5023492.079,45.34898399,-75.76100307,3357
15--13503,2015/11/19,6:30 PM,HUNT CLUB RD @ RIVERSIDE DR (0002237),2237,02 - Intersection related,03 - P.D. only,03 - Rear end,02 - Rain,07 - Dark,02 - Wet,01 - Traffic signal,01 - Functioning,2,0,0,0,,0,,,,,368036.703,5021945.859,45.33461112,-75.69319015,3358
15--1342,2015/01/21,7:46 PM,GALETTA SIDE RD btwn JOHN SHAW RD & HOMESTEADERS RD (__3ZA4RB),__3ZA4RB,01 - Non intersection,03 - P.D. only,07 - SMV other,01 - Clear,07 - Dark,01 - Dry,10 - No control,,1,0,0,0,,0,,,,,326173.4274,5033582.313,45.44184592,-76.22678961,3359
15--1297,2015/01/21,11:24 AM,RIVERSIDE DR @ HERON RD (0002236),2236,02 - Intersection related,03 - P.D. only,03 - Rear end,01 - Clear,01 - Daylight,06 - Ice,01 - Traffic signal,01 - Functioning,3,0,0,0,,0,,,,,368121.1049,5026645.419,45.37688906,-75.69151146,3360
15--12707,2015/10/30,9:30 PM,HIGHWAY 417 btwn HWY417 IC119B RAMP76 & HWY417 IC119A RAMP67 (__3ZA2YT),__3ZA2YT,01 - Non intersection,03 - P.D. only,03 - Rear end,01 - Clear,07 - Dark,01 - Dry,10 - No control,,2,0,0,0,,0,,,,,368590.2547,5030534.973,45.41184351,-75.68501902,3361
15--13234,2015/11/13,12:29 PM,CLYDE AVE btwn MAITLAND AVE & BASELINE RD (__3ZA4IR),__3ZA4IR,04 - At/near private drive,03 - P.D. only,02 - Angle,02 - Rain,01 - Daylight,02 - Wet,10 - No control,,2,0,0,0,,0,,,,,364318.9921,5024980.766,45.36224405,-75.74025325,3362
15--13058,2015/11/09,3:25 PM,WOODROFFE AVE btwn GRENFELL CRES & 260 N OF FALLOWFIELD RD/TRANSITWAY  (__3ZA3IO),__3ZA3IO,01 - Non intersection,02 - Non-fatal injury,07 - SMV other,01 - Clear,01 - Daylight,01 - Dry,10 - No control,,1,0,0,1,03 - Major,1,,,1,,364662.3789,5018951.103,45.30796054,-75.73659973,3363
15--12876,2015/11/04,3:11 PM,LYON ST @ FLORENCE ST (0007250),7250,02 - Intersection related,03 - P.D. only,02 - Angle,01 - Clear,01 - Daylight,01 - Dry,02 - Stop sign,01 - Functioning,2,0,0,0,,0,,,,,367541.8218,5030428.617,45.41098133,-75.69842595,3364
15--12877,2015/11/04,3:15 PM,GOULBOURN FORCED RD btwn TERRY FOX DR & KANATA ROCKERIES PRIV (__5UAEGG),__5UAEGG,01 - Non intersection,03 - P.D. only,01 - Approaching,01 - Clear,01 - Daylight,01 - Dry,10 - No control,,2,0,0,0,,0,,,,,349288.1664,5021651.552,45.33340207,-75.93240683,3365
15--12878,2015/11/04,3:50 PM,ELMA ST btwn DORIS AVE & MELVA AVE (__3ZA8LG),__3ZA8LG,04 - At/near private drive,03 - P.D. only,02 - Angle,01 - Clear,01 - Daylight,01 - Dry,10 - No control,,2,0,0,0,,0,,,,,374938.4388,5021957.233,45.33405755,-75.60514253,3366
15--12879,2015/11/04,4:04 PM,CARLING AVE @ CHURCHILL AVE (0002149),2149,02 - Intersection related,03 - P.D. only,03 - Rear end,01 - Clear,01 - Daylight,01 - Dry,01 - Traffic signal,01 - Functioning,2,0,0,0,,0,,,,,363775.6956,5027012.092,45.38056756,-75.74694518,3367
15--1288,2015/01/20,9:55 PM,FALLOWFIELD RD @ GREENBANK RD (0000549),549,03 - At intersection,02 - Non-fatal injury,05 - Turning movement,01 - Clear,07 - Dark,05 - Packed snow,01 - Traffic signal,01 - Functioning,2,0,0,0,02 - Minor,2,1,1,,,363081.6396,5016731.973,45.28812577,-75.75701735,3368
15--12880,2015/11/04,4:05 PM,ELGIN ST @ WELLINGTON ST W (0002113),2113,03 - At intersection,02 - Non-fatal injury,07 - SMV other,01 - Clear,05 - Dusk,01 - Dry,01 - Traffic signal,01 - Functioning,1,0,0,1,03 - Major,1,,,1,,367663.9831,5031878.658,45.42401737,-75.69668042,3369
15--12881,2015/11/04,4:15 PM,UPLANDS DR btwn TO BE DETERMINED & RAMP (__3ZA0U8),__3ZA0U8,04 - At/near private drive,02 - Non-fatal injury,02 - Angle,01 - Clear,05 - Dusk,01 - Dry,10 - No control,,3,0,0,0,01 - Minimal,2,2,,,,370925.3985,5021425.877,45.3296662,-75.65640793,3370
15--12882,2015/11/04,4:18 PM,OGILVIE RD @ BATHGATE DR/CITYPARK DR W (0012430),12430,03 - At intersection,02 - Non-fatal injury,05 - Turning movement,01 - Clear,01 - Daylight,01 - Dry,01 - Traffic signal,01 - Functioning,2,0,0,0,02 - Minor,2,1,1,,,373827.7516,5032799.632,45.43172275,-75.6177954,3371
15--12883,2015/11/04,4:22 PM,RIDEAU RD btwn ALBION RD & BANK ST (__3ZA7ZV),__3ZA7ZV,01 - Non intersection,02 - Non-fatal injury,04 - Sideswipe,01 - Clear,05 - Dusk,01 - Dry,10 - No control,,2,1,0,0,02 - Minor,2,1,1,,,376229.2622,5017394.912,45.29287744,-75.58933344,3372
15--12884,2015/11/04,4:27 PM,WEST HUNT CLUB RD btwn MOODIE DR & RICHMOND RD (__3ZA4YH),__3ZA4YH,01 - Non intersection,02 - Non-fatal injury,05 - Turning movement,01 - Clear,05 - Dusk,01 - Dry,10 - No control,,2,0,0,0,02 - Minor,3,1,2,,,357626.7853,5018385.82,45.30343849,-75.82637536,3373
15--12885,2015/11/04,4:35 PM,HIGHWAY 417 btwn HWY417 IC119A RAMP75 & HWY417 IC118 RAMP57 (__3ZA2R2),__3ZA2R2,01 - Non intersection,03 - P.D. only,03 - Rear end,01 - Clear,05 - Dusk,01 - Dry,10 - No control,,2,0,0,0,,0,,,,,368955.1467,5030699.662,45.41329196,-75.68033622,3374
15--12886,2015/11/04,4:38 PM,HWY417 IC138 RAMP61 btwn HWY417 IC138 RAMP62 & HIGHWAY 417 (__3ZAYB2),__3ZAYB2,01 - Non intersection,02 - Non-fatal injury,03 - Rear end,01 - Clear,05 - Dusk,01 - Dry,10 - No control,,2,0,1,0,02 - Minor,1,,1,,,353479.8921,5020583.326,45.32351171,-75.87903561,3375
15--12887,2015/11/04,5:21 PM,MOODIE DR btwn FALLOWFIELD RD & BRIDE PRIV (__6KFIGW),__6KFIGW,04 - At/near private drive,02 - Non-fatal injury,02 - Angle,01 - Clear,07 - Dark,01 - Dry,10 - No control,,2,0,1,0,02 - Minor,1,,1,,,359518.2325,5014597.134,45.2692027,-75.80267603,3376
15--12888,2015/11/04,5:22 PM,FISHER AVE @ MEADOWLANDS DR (0002120),2120,03 - At intersection,03 - P.D. only,05 - Turning movement,01 - Clear,07 - Dark,01 - Dry,01 - Traffic signal,01 - Functioning,2,0,0,0,,0,,,,,366575.0649,5025044.724,45.36262436,-75.71144968,3377
15--12889,2015/11/04,5:24 PM,MAITLAND AVE/HWY 417 MAITLAND IC126R53 @ HWY 4 (0008229),8229,02 - Intersection related,03 - P.D. only,03 - Rear end,01 - Clear,07 - Dark,01 - Dry,01 - Traffic signal,01 - Functioning,3,0,0,0,,0,,,,,363229.679,5025774.662,45.36947908,-75.75406302,3378
15--1289,2015/01/21,1:35 PM,PALSEN ST @ PERRY ST (0001401),1401,02 - Intersection related,03 - P.D. only,02 - Angle,01 - Clear,01 - Daylight,06 - Ice,02 - Stop sign,01 - Functioning,2,0,0,0,,0,,,,,364519.7706,5023304.028,45.34713991,-75.73789313,3379
15--12890,2015/11/04,5:32 PM,OR174 IC112 RAMP15 btwn BLAIR RD & REGIONAL ROAD 174 (__3ZAYAH),__3ZAYAH,01 - Non intersection,02 - Non-fatal injury,03 - Rear end,01 - Clear,07 - Dark,01 - Dry,10 - No control,,2,0,0,0,01 - Minimal,1,1,,,,374993.0886,5032725.078,45.43093596,-75.60291433,3380
15--12891,2015/11/04,5:32 PM,AVIATION PKWY @ OGILVIE RD (0004114),4114,02 - Intersection related,03 - P.D. only,03 - Rear end,01 - Clear,07 - Dark,01 - Dry,01 - Traffic signal,01 - Functioning,2,0,0,0,,0,,,,,373110.7142,5032375.864,45.42798031,-75.62701716,3381
15--12892,2015/11/04,5:44 PM,AIRPORT PKWY btwn BROOKFIELD RAMP 34 & BRONSON AVE RAMP 24C (__3ZA229),__3ZA229,01 - Non intersection,02 - Non-fatal injury,03 - Rear end,01 - Clear,07 - Dark,01 - Dry,10 - No control,,2,0,0,0,02 - Minor,2,,2,,,368715.2703,5026659.26,45.37695965,-75.68392409,3382
15--12893,2015/11/04,6:00 PM,VISENEAU DR btwn BARRINGTON ST & BROMONT WAY (__3ZA7X8),__3ZA7X8,01 - Non intersection,03 - P.D. only,06 - SMV unattended vehicle,01 - Clear,07 - Dark,01 - Dry,10 - No control,,1,0,0,0,,0,,,,,381587.4984,5035534.271,45.4555179,-75.51820966,3383
15--12894,2015/11/04,6:00 PM,BATON CRT btwn AIRD PL & END (__3ZA50V),__3ZA50V,04 - At/near private drive,03 - P.D. only,06 - SMV unattended vehicle,01 - Clear,07 - Dark,01 - Dry,10 - No control,,1,0,0,0,,0,,,,,351794.1963,5019004.752,45.30942221,-75.90068702,3384
15--12895,2015/11/04,6:19 PM,BOLTON ST btwn PARENT AVE & DALHOUSIE ST (__3ZBOWD),__3ZBOWD,04 - At/near private drive,03 - P.D. only,05 - Turning movement,01 - Clear,07 - Dark,01 - Dry,10 - No control,,2,0,0,0,,0,,,,,367685.4576,5032970.115,45.433836,-75.69626665,3385
15--12896,2015/11/04,6:43 AM,REGIONAL ROAD 174 EB btwn OR174 IC109 RAMP55 & TRANSIT (__3ZA28V),__3ZA28V,01 - Non intersection,03 - P.D. only,07 - SMV other,"07 - Fog, mist, smoke, dust",03 - Dawn,01 - Dry,10 - No control,,1,0,0,0,,0,,,,,376531.8677,5035122.528,45.45235058,-75.58290141,3386
15--12897,2015/11/04,6:45 PM,REGIONAL ROAD 174 EB btwn OR174 IC109 RAMP55 & TRANSIT (__3ZA28V),__3ZA28V,01 - Non intersection,03 - P.D. only,03 - Rear end,01 - Clear,07 - Dark,01 - Dry,10 - No control,,2,0,0,0,,0,,,,,376525.0085,5035112.78,45.45226358,-75.58299052,3387
15--12898,2015/11/04,6:50 AM,WOODROFFE AVE btwn EARL MULLIGAN DR & LONGFIELDS DR (__3ZA3II),__3ZA3II,01 - Non intersection,03 - P.D. only,03 - Rear end,01 - Clear,03 - Dawn,01 - Dry,10 - No control,,2,0,0,0,,0,,,,,365339.7285,5017293.972,45.29299173,-75.7281649,3388
15--12899,2015/11/04,6:53 PM,MERIVALE RD btwn BURRIS LANE & OT/NE BOUNDARY (__3ZAZ7D),__3ZAZ7D,01 - Non intersection,03 - P.D. only,03 - Rear end,01 - Clear,07 - Dark,01 - Dry,10 - No control,,2,0,0,0,,0,,,,,364928.0876,5025151.615,45.36372935,-75.73245819,3389
15--129,2015/01/04,10:34 PM,CAMPEAU DR @ HUNTMAR DR (0011612),11612,03 - At intersection,03 - P.D. only,04 - Sideswipe,04 - Freezing Rain,07 - Dark,04 - Slush,11 - Roundabout,01 - Functioning,2,0,0,0,,0,,,,,349053.6082,5018056.464,45.30106727,-75.93572042,3390
15--1290,2015/01/21,10:17 AM,STITTSVILLE MAIN ST @ MANCHESTER ST (0000051),51,02 - Intersection related,03 - P.D. only,03 - Rear end,01 - Clear,01 - Daylight,04 - Slush,02 - Stop sign,00 - Unknown,2,0,0,0,,0,,,,,350208.5882,5013400.932,45.25910158,-75.9214199,3391