Anom_ID,Accident_Date,Accident_Time,Location,Geo_ID,Accident_Location,Classification_of_Accident,Initial_Impact_Type,Environment_Condition,Light,Road_Surface_Condition,Traffic_Control,Traffic_Control_Condition,No__of_Vehicles,No__of_Bicycles,No__of_Motorcycles,No__of_Pedestrians,Max_Injury,No__of_Injuries,No__of_Minimal,No__of_Minor,No__of_Major,No__of_Fatal,X,Y,Latitude,Longitude,ObjectId
15--12900,2015/11/04,7:23 PM,MERIVALE RD btwn DORCHESTER AVE & MORISSET AVE (__3ZA4J4),__3ZA4J4,01 - Non intersection,02 - Non-fatal injury,07 - SMV other,01 - Clear,07 - Dark,01 - Dry,10 - No control,,1,0,0,1,02 - Minor,1,,1,,,364863.8092,5026511.323,45.37596929,-75.73311332,3392
15--12901,2015/11/04,7:50 AM,OTTAWA RIVER PKWY WB btwn WOODROFFE AVE & TRANSIT (__3ZA23K),__3ZA23K,01 - Non intersection,03 - P.D. only,03 - Rear end,01 - Clear,01 - Daylight,01 - Dry,10 - No control,,2,0,0,0,,0,,,,,361417.6127,5027108.33,45.38162804,-75.77704181,3393
15--12902,2015/11/04,8:11 AM,REGIONAL ROAD 174 btwn OR174 IC105 RAMP26 & OR174 IC105 RAMP63 (__3ZA2XB),__3ZA2XB,01 - Non intersection,03 - P.D. only,03 - Rear end,"07 - Fog, mist, smoke, dust",01 - Daylight,01 - Dry,10 - No control,,2,0,0,0,,0,,,,,379573.0229,5037128.304,45.47007826,-75.54372024,3394
15--12903,2015/11/04,8:15 AM,HIGHWAY 417 btwn HWY417 IC129 RAMP25 & HWY417 IC129 RAMP35 (__3ZAYFR),__3ZAYFR,01 - Non intersection,03 - P.D. only,04 - Sideswipe,01 - Clear,01 - Daylight,01 - Dry,10 - No control,,2,0,0,0,,0,,,,,360506.9395,5023559.973,45.3497731,-75.78906947,3395
15--12904,2015/11/04,8:30 AM,HIGHWAY 417 btwn HWY417 IC118 RAMP67 & HWY417 IC117 RAMP36 (__3ZA2YO),__3ZA2YO,01 - Non intersection,03 - P.D. only,04 - Sideswipe,01 - Clear,01 - Daylight,01 - Dry,10 - No control,,2,0,0,0,,0,,,,,370206.4102,5031118.435,45.41694409,-75.66429585,3396
15--12905,2015/11/04,8:45 AM,JEANNE D'ARC BLVD  N btwn Continuation of JEANNE D'ARC BLVD N & TRANSI (__3ZA2AO),__3ZA2AO,01 - Non intersection,03 - P.D. only,03 - Rear end,01 - Clear,01 - Daylight,01 - Dry,10 - No control,,2,0,0,0,,0,,,,,379338.0049,5037126.138,45.4700839,-75.54672582,3397
15--12906,2015/11/04,8:55 AM,FALLOWFIELD RD @ WOODROFFE AVE (0010372),10372,02 - Intersection related,03 - P.D. only,04 - Sideswipe,01 - Clear,01 - Daylight,01 - Dry,01 - Traffic signal,01 - Functioning,2,0,0,0,,0,,,,,365083.8726,5017903.702,45.29850004,-75.73135245,3398
15--12907,2015/11/04,9:00 AM,REGIONAL ROAD 174 btwn OR174 IC109 RAMP56 & OR174 IC109 RAMP86 (__3ZA28W),__3ZA28W,01 - Non intersection,03 - P.D. only,03 - Rear end,01 - Clear,01 - Daylight,01 - Dry,10 - No control,,2,0,0,0,,0,,,,,376381.8677,5034830.109,45.44973496,-75.58486148,3399
15--12908,2015/11/04,9:00 AM,COLONEL BY DR btwn CLEGG ST & ECHO DR N (__3ZA22H),__3ZA22H,01 - Non intersection,03 - P.D. only,03 - Rear end,01 - Clear,01 - Daylight,01 - Dry,10 - No control,,2,0,0,0,,0,,,,,368950.7232,5029831.671,45.40548249,-75.68050568,3400
15--12909,2015/11/04,9:20 PM,HIGHWAY 416 btwn HWY416 IC42 RAMP24 & END (__3ZAZJ6),__3ZAZJ6,01 - Non intersection,03 - P.D. only,07 - SMV other,01 - Clear,07 - Dark,01 - Dry,10 - No control,,1,0,0,0,,0,,,,,372360.9561,4994149.185,45.08409697,-75.64179466,3401
15--1291,2015/01/21,10:30 AM,MONTCREST DR btwn ADENCLIFFE DR & LALANDE TER (__3ZA5TK),__3ZA5TK,04 - At/near private drive,03 - P.D. only,06 - SMV unattended vehicle,01 - Clear,01 - Daylight,02 - Wet,10 - No control,,1,0,0,0,,0,,,,,384353.6179,5038839.037,45.48494164,-75.48231309,3402
15--12910,2015/11/04,9:47 AM,REGIONAL ROAD 174 btwn OR174 IC112 RAMP51 & OR174 IC112 RAMP15 (__3ZA2XE),__3ZA2XE,01 - Non intersection,03 - P.D. only,03 - Rear end,01 - Clear,01 - Daylight,01 - Dry,10 - No control,,2,0,0,0,,0,,,,,374906.2359,5032903.394,45.43254906,-75.60399881,3403
15--12911,2015/11/05,10:15 PM,CAMPEAU DR/HWY 417 MARCH IC138R63 @ MARCH RD (0009710),9710,03 - At intersection,02 - Non-fatal injury,02 - Angle,01 - Clear,07 - Dark,01 - Dry,01 - Traffic signal,01 - Functioning,3,0,0,0,02 - Minor,1,,1,,,352842.3456,5020476.106,45.32259085,-75.88717813,3404
15--12912,2015/11/05,10:30 AM,FLAT SEDGE CRES btwn BUTTONBUSH WAY & WHITE ALDER AVE E (__67PTMU),__67PTMU,01 - Non intersection,03 - P.D. only,01 - Approaching,01 - Clear,01 - Daylight,01 - Dry,10 - No control,,2,0,0,0,,0,,,,,375377.411,5020793.45,45.32354229,-75.59970853,3405
15--12913,2015/11/05,10:40 AM,BANK ST @ RIDEAU RD (0009263),9263,02 - Intersection related,03 - P.D. only,03 - Rear end,01 - Clear,01 - Daylight,01 - Dry,01 - Traffic signal,01 - Functioning,2,0,0,0,,0,,,,,376953.6695,5017843.39,45.29683866,-75.58003376,3406
15--12914,2015/11/05,11:10 PM,HUNTMAR DR btwn OLD CARP RD & BRADLEY SIDE RD (__3ZACWD),__3ZACWD,01 - Non intersection,03 - P.D. only,07 - SMV other,01 - Clear,07 - Dark,01 - Dry,10 - No control,,1,0,0,0,,0,,,,,345878.7433,5021629.305,45.33340976,-75.9759052,3407
15--12915,2015/11/05,11:13 AM,BASELINE RD/HWY 416 RICHMOND IC75R53 @ RICHMON (0000148),148,02 - Intersection related,02 - Non-fatal injury,03 - Rear end,01 - Clear,01 - Daylight,01 - Dry,01 - Traffic signal,01 - Functioning,4,0,0,0,02 - Minor,1,,1,,,358635.885,5021821.965,45.33428056,-75.8131352,3408
15--12916,2015/11/05,11:30 AM,ELGIN ST @ LAURIER AVE (0002232),2232,03 - At intersection,03 - P.D. only,02 - Angle,01 - Clear,01 - Daylight,01 - Dry,01 - Traffic signal,01 - Functioning,2,0,0,0,,0,,,,,367948.7099,5031549.576,45.42103076,-75.69308453,3409
15--12917,2015/11/05,11:54 AM,BROCKINGTON CRES btwn ABITIBI CRES & MEDHURST DR (__3ZA0EG),__3ZA0EG,01 - Non intersection,03 - P.D. only,06 - SMV unattended vehicle,01 - Clear,01 - Daylight,01 - Dry,10 - No control,,1,0,0,0,,0,,,,,363517.9557,5021960.041,45.33513142,-75.75083608,3410
15--12918,2015/11/05,12:15 PM,BANK ST @ DALMENY RD/MARVELVILLE RD (0001081),1081,03 - At intersection,03 - P.D. only,05 - Turning movement,01 - Clear,01 - Daylight,01 - Dry,02 - Stop sign,01 - Functioning,2,0,0,0,,0,,,,,385829.1418,5004369.976,45.1746456,-75.46908253,3411
15--12919,2015/11/05,12:20 PM,MOODIE DR btwn ROBERTSON RD & HADLEY CIRC (__3ZA412),__3ZA412,04 - At/near private drive,03 - P.D. only,02 - Angle,01 - Clear,01 - Daylight,01 - Dry,10 - No control,,2,0,0,0,,0,,,,,357094.9493,5020394.315,45.32155096,-75.83294466,3412
15--1292,2015/01/21,10:30 PM,SEDONA ST btwn WOODGATE WAY & ROYAL FIELD CRES (__3ZA557),__3ZA557,04 - At/near private drive,03 - P.D. only,06 - SMV unattended vehicle,01 - Clear,07 - Dark,05 - Packed snow,10 - No control,,1,0,0,0,,0,,,,,365000.851,5017696.508,45.29664284,-75.73243608,3413
15--12920,2015/11/05,12:30 PM,VANIER PKWY SB btwn RIVERSIDE DR & TO BE DETERMINED (__3ZA1Q9),__3ZA1Q9,07 - Overpass or bridge,02 - Non-fatal injury,03 - Rear end,01 - Clear,01 - Daylight,01 - Dry,10 - No control,,3,0,0,0,02 - Minor,1,,1,,,370789.9816,5031374.209,45.41919064,-75.65680606,3414
15--12921,2015/11/05,12:45 PM,STRANDHERD DR @ WOODROFFE AVE (0009688),9688,03 - At intersection,03 - P.D. only,05 - Turning movement,01 - Clear,01 - Daylight,01 - Dry,01 - Traffic signal,01 - Functioning,2,0,0,0,,0,,,,,366106.154,5015395.509,45.27584303,-75.71862902,3415
15--12922,2015/11/05,12:49 PM,SMYTH RD @ SOUTH HAVEN PL/GENERAL HOSPITAL ENTRANCE W (0007242),7242,03 - At intersection,03 - P.D. only,05 - Turning movement,01 - Clear,01 - Daylight,01 - Dry,01 - Traffic signal,01 - Functioning,2,0,0,0,,0,,,,,371121.4454,5029136.192,45.39902253,-75.65287229,3416
15--12923,2015/11/05,2:01 PM,SCOTT ST btwn HURON AVE N & TUNNEY'S PASTURE DRWY (__3ZA31K),__3ZA31K,01 - Non intersection,02 - Non-fatal injury,07 - SMV other,01 - Clear,01 - Daylight,01 - Dry,10 - No control,,1,0,1,0,02 - Minor,1,,1,,,364728.981,5029591.313,45.40369398,-75.73446059,3417
15--12924,2015/11/05,2:40 AM,HAWTHORNE RD btwn LEITRIM RD & LOUISEIZE RD (__3ZBO24),__3ZBO24,01 - Non intersection,02 - Non-fatal injury,03 - Rear end,01 - Clear,07 - Dark,01 - Dry,10 - No control,,2,0,0,0,02 - Minor,1,,1,,,377118.7973,5022524.646,45.33894154,-75.57724519,3418
15--12925,2015/11/05,2:42 PM,DEAKIN ST @ PRINCE OF WALES DR (0001073),1073,02 - Intersection related,02 - Non-fatal injury,03 - Rear end,01 - Clear,01 - Daylight,01 - Dry,01 - Traffic signal,01 - Functioning,2,0,0,0,02 - Minor,1,,1,,,367391.6796,5021524.941,45.33088161,-75.70147215,3419
15--12926,2015/11/05,3:15 PM,"CARILLON ST btwn DESROSIERS, RUE ST & BARIBEAU ST (__3ZA8UB)",__3ZA8UB,01 - Non intersection,03 - P.D. only,06 - SMV unattended vehicle,01 - Clear,01 - Daylight,01 - Dry,10 - No control,,1,0,0,0,,0,,,,,369951.687,5033367.418,45.4372033,-75.66725263,3420
15--12927,2015/11/05,3:16 PM,REGIONAL ROAD 174 btwn HWY417 IC113 RAMP67 & Continuation of REGIONAL  (__3ZA28A),__3ZA28A,01 - Non intersection,02 - Non-fatal injury,03 - Rear end,01 - Clear,01 - Daylight,01 - Dry,10 - No control,,2,0,0,0,02 - Minor,1,,1,,,373725.8347,5032030.943,45.42481654,-75.61920537,3421
15--12928,2015/11/05,3:22 PM,HERON RD btwn JEFFERSON ST & TURN LANE (__3ZA3BI),__3ZA3BI,04 - At/near private drive,03 - P.D. only,05 - Turning movement,01 - Clear,01 - Daylight,01 - Dry,10 - No control,,2,0,0,0,,0,,,,,372113.3375,5027089.306,45.38051082,-75.64048343,3422
15--12929,2015/11/05,3:45 PM,DIAMOND WAY @ NAVAN RD (0004722),4722,02 - Intersection related,03 - P.D. only,03 - Rear end,01 - Clear,01 - Daylight,01 - Dry,02 - Stop sign,01 - Functioning,2,0,0,0,,0,,,,,384245.2328,5032141.691,45.42469736,-75.48478125,3423
15--1293,2015/01/21,10:33 AM,RIVERSIDE DR SB btwn BANK ST & BILLINGS BRIDGE NB RAMP (__3ZA1VA),__3ZA1VA,04 - At/near private drive,03 - P.D. only,99 - Other,01 - Clear,01 - Daylight,01 - Dry,10 - No control,,2,0,0,0,,0,,,,,369255.5954,5028020.654,45.38915955,-75.67684813,3424
15--12930,2015/11/05,3:59 PM,STRANDHERD DR btwn FALLOWFIELD RD & MARAVISTA DR (__6NFZTL),__6NFZTL,01 - Non intersection,03 - P.D. only,03 - Rear end,01 - Clear,01 - Daylight,01 - Dry,10 - No control,,2,0,0,0,,0,,,,,360867.0262,5014941.938,45.27219905,-75.78544952,3425
15--12931,2015/11/05,4:05 PM,ST. PATRICK ST @ SUSSEX DR (0011910),11910,02 - Intersection related,03 - P.D. only,04 - Sideswipe,01 - Clear,01 - Daylight,01 - Dry,01 - Traffic signal,01 - Functioning,2,1,0,0,,0,,,,,367666.1936,5032462.004,45.42926593,-75.69657771,3426
15--12932,2015/11/05,4:31 PM,BLAIR RD @ OGILVIE RD (0004120),4120,03 - At intersection,03 - P.D. only,05 - Turning movement,01 - Clear,05 - Dusk,01 - Dry,01 - Traffic signal,01 - Functioning,2,0,0,0,,0,,,,,374506.7598,5033197.129,45.43523186,-75.60906215,3427
15--12933,2015/11/05,4:37 AM,ALBION RD btwn RIDEAU RD & TULLAMORE ST (__5RGNIJ),__5RGNIJ,01 - Non intersection,03 - P.D. only,07 - SMV other,01 - Clear,07 - Dark,01 - Dry,10 - No control,,1,0,0,0,,0,,,,,375169.1486,5016495.361,45.28489054,-75.60297496,3428
15--12934,2015/11/05,4:49 PM,CARLING AVE @ EDGEWORTH AVE (0002718),2718,02 - Intersection related,03 - P.D. only,04 - Sideswipe,01 - Clear,05 - Dusk,01 - Dry,01 - Traffic signal,00 - Unknown,2,0,0,0,,0,,,,,361260.7525,5025425.97,45.36650296,-75.77923695,3429
15--12935,2015/11/05,4:51 PM,BOOTH ST @ SIR JOHN A. MACDONALD PKWY/WELLINGTON ST (0012252),12252,03 - At intersection,03 - P.D. only,04 - Sideswipe,01 - Clear,05 - Dusk,01 - Dry,01 - Traffic signal,01 - Functioning,2,0,0,0,,0,,,,,366264.257,5031005.244,45.41628303,-75.71467434,3430
15--12936,2015/11/05,5:18 PM,HIGHWAY 417 btwn HWY417 IC117 RAMP51 & HWY417 IC117 RAMP35 (__3ZA2YN),__3ZA2YN,01 - Non intersection,03 - P.D. only,04 - Sideswipe,01 - Clear,07 - Dark,01 - Dry,10 - No control,,2,0,0,0,,0,,,,,370716.8795,5031171.143,45.41737043,-75.65776719,3431
15--12937,2015/11/05,5:30 PM,DOUGLAS AVE btwn PUTMAN AVE & BEECHWOOD AVE (__3ZA8XA),__3ZA8XA,01 - Non intersection,03 - P.D. only,06 - SMV unattended vehicle,01 - Clear,07 - Dark,01 - Dry,10 - No control,,1,0,0,0,,0,,,,,369303.6375,5033717.002,45.4404088,-75.6754891,3432
15--12938,2015/11/05,5:36 PM,CONROY RD @ WALKLEY RD (0002648),2648,02 - Intersection related,03 - P.D. only,03 - Rear end,01 - Clear,07 - Dark,01 - Dry,01 - Traffic signal,01 - Functioning,2,0,0,0,,0,,,,,372903.7226,5027464.292,45.3838084,-75.63034052,3433
15--12939,2015/11/05,5:38 PM,BANK ST/PRETORIA AVE @ CHAMBERLAIN AVE S (0006980),6980,02 - Intersection related,03 - P.D. only,02 - Angle,01 - Clear,07 - Dark,01 - Dry,02 - Stop sign,01 - Functioning,4,0,0,0,,0,,,,,368107.9373,5030102.778,45.40799855,-75.69123597,3434
15--1294,2015/01/21,10:57 AM,GREENLAND RD btwn DAVID KENNEDY DR & THOMAS A. DOLAN PKWY (__3ZAC27),__3ZAC27,01 - Non intersection,03 - P.D. only,07 - SMV other,01 - Clear,01 - Daylight,05 - Packed snow,10 - No control,,1,0,0,0,,0,,,,,344329.6495,5033363.357,45.43908484,-75.99472842,3435
15--12940,2015/11/05,6:09 PM,RIVERSIDE DR SB btwn HWY417 IC117 RAMP35 & VANIER PKWY (__3ZA4SF),__3ZA4SF,01 - Non intersection,03 - P.D. only,03 - Rear end,01 - Clear,07 - Dark,01 - Dry,10 - No control,,2,0,0,0,,0,,,,,370803.0076,5031163.912,45.41729725,-75.6566678,3436
15--12941,2015/11/05,6:19 PM,BEECHWOOD AVE @ DOUGLAS AVE (0007706),7706,02 - Intersection related,03 - P.D. only,99 - Other,01 - Clear,07 - Dark,01 - Dry,02 - Stop sign,01 - Functioning,2,0,0,0,,0,,,,,369306.6771,5033692.743,45.44019025,-75.67545343,3437
15--12942,2015/11/05,6:20 PM,PRINCE OF WALES DR @ FALLOWFIELD RD (0000566),566,02 - Intersection related,03 - P.D. only,03 - Rear end,01 - Clear,07 - Dark,01 - Dry,01 - Traffic signal,00 - Unknown,2,0,0,0,,0,,,,,367398.9893,5019166.831,45.30966305,-75.70167695,3438
15--12943,2015/11/05,6:30 PM,LYON ST    N btwn WELLINGTON ST & SPARKS ST (__5D2JF0),__5D2JF0,01 - Non intersection,03 - P.D. only,04 - Sideswipe,01 - Clear,07 - Dark,01 - Dry,10 - No control,,2,0,0,0,,0,,,,,366932.3881,5031407.067,45.4198395,-75.70608781,3439
15--12944,2015/11/05,6:40 AM,HIGHWAY 417 btwn HWY417 IC163 RAMP15 & HWY417 IC155 RAMP51 (__3ZAZNS),__3ZAZNS,01 - Non intersection,03 - P.D. only,07 - SMV other,01 - Clear,03 - Dawn,01 - Dry,10 - No control,,1,0,0,0,,0,,,,,335990.3663,5020230.14,45.32132859,-76.10214865,3440
15--12945,2015/11/05,6:52 PM,BRONSON AVE btwn PRIMROSE AVE & LISGAR ST (__3ZA33R),__3ZA33R,04 - At/near private drive,03 - P.D. only,02 - Angle,01 - Clear,07 - Dark,01 - Dry,10 - No control,,2,0,0,0,,0,,,,,366890.1963,5030656.009,45.41308545,-75.70672151,3441
15--12946,2015/11/05,6:57 PM,HWY 417 VANIER IC117R36 @ VANIER PKWY (0002385),2385,02 - Intersection related,03 - P.D. only,03 - Rear end,01 - Clear,07 - Dark,01 - Dry,10 - No control,,3,0,0,0,,0,,,,,370765.1936,5031472.353,45.42007604,-75.65710962,3442
15--12947,2015/11/05,7:00 AM,HIGHWAY 417 btwn HWY417 IC121B RAMP16 & HWY417 IC121A RAMP16 (__3ZA2YX),__3ZA2YX,01 - Non intersection,03 - P.D. only,07 - SMV other,01 - Clear,03 - Dawn,01 - Dry,10 - No control,,1,0,0,0,,0,,,,,366767.0127,5029586.907,45.40347689,-75.70842956,3443
15--12948,2015/11/05,7:10 PM,ROCHESTER ST @ SOMERSET ST (0006321),6321,03 - At intersection,02 - Non-fatal injury,02 - Angle,01 - Clear,07 - Dark,01 - Dry,01 - Traffic signal,01 - Functioning,3,0,0,0,02 - Minor,3,1,2,,,366481.7051,5030202.084,45.40903729,-75.71199679,3444
15--12949,2015/11/05,7:30 AM,WEST HUNT CLUB RD @ 354 E OF WOODROFFE AVE/REC (0004605),4605,02 - Intersection related,02 - Non-fatal injury,03 - Rear end,01 - Clear,01 - Daylight,01 - Dry,01 - Traffic signal,01 - Functioning,2,0,0,0,01 - Minimal,1,1,,,,363982.687,5021424.849,45.33027676,-75.74497123,3445
15--1295,2015/01/21,11:00 AM,QUEEN ELIZABETH DRWY @ TORRINGTON PL (0007554),7554,03 - At intersection,03 - P.D. only,02 - Angle,01 - Clear,01 - Daylight,01 - Dry,02 - Stop sign,01 - Functioning,2,0,0,0,,0,,,,,367984.7056,5028612.107,45.39459708,-75.69300109,3446
15--12950,2015/11/05,8:10 AM,JEANNE D'ARC BLVD  S btwn BELCOURT BLVD & DES EPINETTES AVE (__3ZA3Y6),__3ZA3Y6,01 - Non intersection,03 - P.D. only,04 - Sideswipe,01 - Clear,01 - Daylight,01 - Dry,10 - No control,,2,0,0,0,,0,,,,,381915.4354,5035902.673,45.45879636,-75.51395957,3447
15--12951,2015/11/05,8:49 AM,ISABELLA ST/HWY 417 O'CONN IC119BR57 @ O'CONNO (0001698),1698,03 - At intersection,03 - P.D. only,02 - Angle,01 - Clear,01 - Daylight,01 - Dry,01 - Traffic signal,01 - Functioning,2,0,0,0,,0,,,,,368298.4265,5030310.288,45.4098484,-75.68877597,3448
15--12952,2015/11/05,8:50 AM,BASELINE RD @ WOODROFFE AVE (0002225),2225,02 - Intersection related,03 - P.D. only,03 - Rear end,01 - Clear,01 - Daylight,01 - Dry,01 - Traffic signal,01 - Functioning,2,0,0,0,,0,,,,,362549.6902,5023769.783,45.35149572,-75.76297756,3449
15--12953,2015/11/05,9:59 AM,MAITLAND AVE btwn DUNCAN PL & LENESTER AVE (__3ZBOCE),__3ZBOCE,04 - At/near private drive,03 - P.D. only,99 - Other,01 - Clear,01 - Daylight,01 - Dry,10 - No control,,2,0,0,0,,0,,,,,363032.3285,5026267.07,45.37392613,-75.75652421,3450
15--12954,2015/11/06,1:06 PM,VANIER PKWY/CRICHTON ST @ BEECHWOOD AVE/ST. PA (0001604),1604,02 - Intersection related,03 - P.D. only,03 - Rear end,02 - Rain,01 - Daylight,02 - Wet,01 - Traffic signal,01 - Functioning,2,0,0,0,,0,,,,,369127.7217,5033486.931,45.43835492,-75.67776756,3451
15--12955,2015/11/06,1:11 PM,THURSTON DR btwn ST. LAURENT BLVD & THOMAS SPRATT PL (__3ZBO1K),__3ZBO1K,04 - At/near private drive,03 - P.D. only,02 - Angle,01 - Clear,01 - Daylight,01 - Dry,10 - No control,,2,0,0,0,,0,,,,,373764.5621,5027310.956,45.38234453,-75.61937063,3452
15--12956,2015/11/06,10:22 PM,SULLIVAN AVE @ WESTWOOD DR (0001551),1551,03 - At intersection,02 - Non-fatal injury,02 - Angle,01 - Clear,07 - Dark,01 - Dry,03 - Yield sign,01 - Functioning,2,0,0,0,01 - Minimal,1,1,,,,363512.4123,5022698.582,45.34177721,-75.75081916,3453
15--12957,2015/11/06,11:00 AM,ORLEANS BLVD @ FORTUNE DR/SUGAR CREEK WAY (0004384),4384,03 - At intersection,03 - P.D. only,03 - Rear end,01 - Clear,01 - Daylight,01 - Dry,02 - Stop sign,01 - Functioning,2,0,0,0,,0,,,,,380212.4635,5037785.598,45.47592332,-75.53544265,3454
15--12958,2015/11/06,11:04 AM,BANK ST @ EXHIBITION WAY (0009013),9013,02 - Intersection related,03 - P.D. only,03 - Rear end,02 - Rain,01 - Daylight,02 - Wet,01 - Traffic signal,01 - Functioning,2,0,0,0,,0,,,,,368528.6403,5029086.257,45.39881404,-75.68599337,3455
15--12959,2015/11/06,11:11 PM,WOODROFFE AVE btwn WOODROFFE AVE & NAVAHO DR (__3ZA2TY),__3ZA2TY,01 - Non intersection,03 - P.D. only,07 - SMV other,01 - Clear,07 - Dark,01 - Dry,10 - No control,,1,0,0,0,,0,,,,,362641.0164,5023570.867,45.34969836,-75.76183539,3456
15--1296,2015/01/21,11:15 AM,HOLLAND AVE @ KENILWORTH ST (0006299),6299,03 - At intersection,02 - Non-fatal injury,07 - SMV other,01 - Clear,01 - Daylight,02 - Wet,01 - Traffic signal,01 - Functioning,1,0,0,1,01 - Minimal,1,1,,,,365213.7334,5028497.033,45.39380622,-75.7284029,3457
15--12960,2015/11/06,11:13 PM,GREGOIRE RD btwn PRESCOTT/RUSSELL RT 300 & SPRINGHILL RD (__3ZA3YL),__3ZA3YL,01 - Non intersection,03 - P.D. only,07 - SMV other,01 - Clear,07 - Dark,01 - Dry,10 - No control,,1,0,0,0,,0,,,,,392469.4702,5010828.282,45.23195847,-75.38347829,3458
15--12970,2015/11/06,3:26 PM,MEADOWLANDS DR @ MERIVALE RD (0000625),625,03 - At intersection,03 - P.D. only,05 - Turning movement,01 - Clear,01 - Daylight,01 - Dry,01 - Traffic signal,01 - Functioning,2,0,0,0,,0,,,,,364858.6999,5023725.257,45.35090114,-75.73351716,3459
15--13420,2015/11/17,8:45 AM,BANNER RD @ GREENBANK RD (0000644),644,02 - Intersection related,03 - P.D. only,03 - Rear end,01 - Clear,01 - Daylight,01 - Dry,01 - Traffic signal,01 - Functioning,2,0,0,0,,0,,,,,361020.7352,5021566.338,45.33179341,-75.78273948,3460
15--13421,2015/11/17,8:45 AM,HIGHWAY 417 btwn HWY417 IC163 RAMP15 & HWY417 IC155 RAMP51 (__3ZAZNS),__3ZAZNS,01 - Non intersection,03 - P.D. only,07 - SMV other,01 - Clear,01 - Daylight,01 - Dry,10 - No control,,1,0,0,0,,0,,,,,336019.9996,5020219.556,45.32123203,-76.10177134,3461
15--13059,2015/11/09,3:31 PM,BANK ST @ HERON RD (0002155),2155,02 - Intersection related,03 - P.D. only,03 - Rear end,01 - Clear,01 - Daylight,01 - Dry,01 - Traffic signal,01 - Functioning,2,0,0,0,,0,,,,,369995.72,5026850.461,45.37856204,-75.66755167,3462
15--12971,2015/11/06,3:29 PM,MONTREAL RD @ SHEFFORD RD (0012423),12423,02 - Intersection related,03 - P.D. only,04 - Sideswipe,01 - Clear,01 - Daylight,01 - Dry,01 - Traffic signal,01 - Functioning,2,0,0,0,,0,,,,,376125.7305,5034853.935,45.44997552,-75.5881322,3463
15--13504,2015/11/19,6:32 PM,FALLOWFIELD RD @ GREENBANK RD (0000549),549,03 - At intersection,03 - P.D. only,05 - Turning movement,02 - Rain,07 - Dark,02 - Wet,01 - Traffic signal,01 - Functioning,2,0,0,0,,0,,,,,363081.3977,5016731.011,45.28811713,-75.75702055,3464
15--13505,2015/11/19,6:45 PM,CONROY RD S @ DAVIDSON RD (0013695),13695,03 - At intersection,02 - Non-fatal injury,02 - Angle,01 - Clear,07 - Dark,02 - Wet,02 - Stop sign,01 - Functioning,2,0,0,0,02 - Minor,4,2,2,,,374593.746,5023467.508,45.34768076,-75.60932669,3465
15--13235,2015/11/13,12:40 PM,DALHOUSIE ST btwn GUIGUES AVE & ST. PATRICK ST (__3ZA7BL),__3ZA7BL,01 - Non intersection,03 - P.D. only,04 - Sideswipe,01 - Clear,01 - Daylight,02 - Wet,10 - No control,,2,0,0,0,,0,,,,,367915.8186,5032709.167,45.43146733,-75.69335617,3466
15--1306,2015/01/21,2:47 PM,MERIVALE RD/LOTTA AVE @ CLYDE AVE (0001112),1112,02 - Intersection related,02 - Non-fatal injury,03 - Rear end,01 - Clear,01 - Daylight,01 - Dry,01 - Traffic signal,00 - Unknown,2,0,0,0,01 - Minimal,1,1,,,,364520.7344,5024508.008,45.35797309,-75.73773541,3467
15--12972,2015/11/06,3:44 PM,WEST HUNT CLUB RD @ ANTARES DR/LASER ST (0000116),116,02 - Intersection related,03 - P.D. only,03 - Rear end,01 - Clear,01 - Daylight,01 - Dry,01 - Traffic signal,01 - Functioning,3,0,0,0,,0,,,,,367109.1527,5022081.141,45.33591135,-75.70500618,3468
15--13506,2015/11/19,7:00 PM,BANK ST btwn CHAMBERLAIN AVE & ROSEBERY AVE (__3ZA3PI),__3ZA3PI,01 - Non intersection,03 - P.D. only,04 - Sideswipe,01 - Clear,07 - Dark,01 - Dry,10 - No control,,2,0,0,0,,0,,,,,368118.0912,5030077.032,45.40776598,-75.69110957,3469
15--13422,2015/11/17,8:48 PM,FALLOWFIELD RD @ WOODROFFE AVE (0010372),10372,03 - At intersection,03 - P.D. only,05 - Turning movement,01 - Clear,07 - Dark,01 - Dry,01 - Traffic signal,01 - Functioning,2,0,0,0,,0,,,,,365085.872,5017903.19,45.29849526,-75.73132702,3470
15--13236,2015/11/13,12:44 PM,PARKDALE AVE @ WELLINGTON ST (0002260),2260,02 - Intersection related,03 - P.D. only,03 - Rear end,02 - Rain,01 - Daylight,02 - Wet,01 - Traffic signal,01 - Functioning,2,0,0,0,,0,,,,,365149.7006,5029269.834,45.40076524,-75.7291261,3471
15--13060,2015/11/09,3:32 AM,SPRUCE RIDGE RD @ SPRUCE RIDGE RD (0011747),11747,03 - At intersection,03 - P.D. only,07 - SMV other,01 - Clear,07 - Dark,01 - Dry,02 - Stop sign,01 - Functioning,1,0,0,0,,0,,,,,345227.9898,5012087.921,45.24759034,-75.98498499,3472
15--13061,2015/11/09,3:45 PM,HIGHWAY 417 btwn HWY417 IC124 RAMP76 & HWY417 IC124 RAMP67 (__3ZA2R7),__3ZA2R7,01 - Non intersection,03 - P.D. only,03 - Rear end,01 - Clear,01 - Daylight,01 - Dry,10 - No control,,2,0,0,0,,0,,,,,364388.4264,5027479.685,45.38472303,-75.73906553,3473
15--13062,2015/11/09,3:51 AM,ST. LAURENT BLVD @ WALKLEY RD (0007653),7653,02 - Intersection related,03 - P.D. only,03 - Rear end,01 - Clear,07 - Dark,01 - Dry,01 - Traffic signal,01 - Functioning,2,0,0,0,,0,,,,,373903.4721,5028047.577,45.38895863,-75.61749393,3474