Anom_ID,Accident_Date,Accident_Time,Location,Geo_ID,Accident_Location,Classification_of_Accident,Initial_Impact_Type,Environment_Condition,Light,Road_Surface_Condition,Traffic_Control,Traffic_Control_Condition,No__of_Vehicles,No__of_Bicycles,No__of_Motorcycles,No__of_Pedestrians,Max_Injury,No__of_Injuries,No__of_Minimal,No__of_Minor,No__of_Major,No__of_Fatal,X,Y,Latitude,Longitude,ObjectId
15--13063,2015/11/09,3:59 PM,STAR TOP RD btwn Continuation of STAR TOP RD & INNES RD (__3ZBN0V),__3ZBN0V,04 - At/near private drive,03 - P.D. only,05 - Turning movement,01 - Clear,01 - Daylight,01 - Dry,10 - No control,,2,0,0,0,,0,,,,,374075.9078,5030854.571,45.41419756,-75.61489776,3475
15--13064,2015/11/09,4:20 PM,OGILVIE RD btwn BATHGATE DR & CITY PARK DR (1) (__3ZA2G8A),__3ZA2G8A,01 - Non intersection,03 - P.D. only,03 - Rear end,01 - Clear,01 - Daylight,01 - Dry,10 - No control,,3,0,0,0,,0,,,,,373839.5524,5032809.241,45.43180804,-75.61764325,3476
15--13065,2015/11/09,4:20 PM,OTTAWA RIVER PKWY @ ISLAND PARK DR (0002127),2127,02 - Intersection related,03 - P.D. only,03 - Rear end,01 - Clear,01 - Daylight,01 - Dry,01 - Traffic signal,01 - Functioning,3,0,0,0,,0,,,,,363295.3997,5029455.564,45.4025938,-75.75278783,3477
15--13066,2015/11/09,4:24 PM,SLACK RD @ WOODROFFE AVE (0000102),102,02 - Intersection related,03 - P.D. only,03 - Rear end,01 - Clear,05 - Dusk,01 - Dry,01 - Traffic signal,01 - Functioning,2,0,0,0,,0,,,,,364233.6835,5019974.118,45.31720198,-75.74194351,3478
15--13067,2015/11/09,4:25 PM,STITTSVILLE MAIN ST btwn MCCANN ST & MANCHESTER ST (__3ZA2F0),__3ZA2F0,01 - Non intersection,03 - P.D. only,03 - Rear end,01 - Clear,05 - Dusk,01 - Dry,10 - No control,,2,0,0,0,,0,,,,,350170.5768,5013444.687,45.25949775,-75.92190021,3479
15--13068,2015/11/09,4:25 PM,HIGHWAY 417 btwn HWY417 IC119A RAMP67 & HWY417 IC118 RAMP76 (__3ZA2YS),__3ZA2YS,01 - Non intersection,02 - Non-fatal injury,03 - Rear end,01 - Clear,05 - Dusk,01 - Dry,10 - No control,,2,0,0,0,01 - Minimal,1,1,,,,368681.2295,5030584.792,45.41228346,-75.68385039,3480
15--13069,2015/11/09,4:46 PM,VANIER PKWY/CRICHTON ST @ BEECHWOOD AVE/ST. PA (0001604),1604,02 - Intersection related,03 - P.D. only,04 - Sideswipe,01 - Clear,05 - Dusk,01 - Dry,01 - Traffic signal,01 - Functioning,2,0,0,0,,0,,,,,369128.8888,5033486.953,45.43835501,-75.67775264,3481
15--1307,2015/01/21,2:48 PM,REGIONAL ROAD 174 EB btwn OR174 IC109 RAMP55 & TRANSIT (__3ZA28V),__3ZA28V,01 - Non intersection,02 - Non-fatal injury,03 - Rear end,01 - Clear,01 - Daylight,01 - Dry,10 - No control,,2,0,0,0,01 - Minimal,1,1,,,,376473.6823,5034983.213,45.45110308,-75.58366552,3482
15--13070,2015/11/09,4:59 PM,RIVERSIDE DR @ WALKLEY RD (0002158),2158,02 - Intersection related,03 - P.D. only,04 - Sideswipe,01 - Clear,05 - Dusk,01 - Dry,01 - Traffic signal,01 - Functioning,2,0,0,0,,0,,,,,368417.2799,5024854.251,45.36074577,-75.68796092,3483
15--13071,2015/11/09,5:15 PM,HIGHWAY 417 btwn HWY417 IC138 RAMP61 & HWY417 IC134 RAMP36 (__3ZA20I),__3ZA20I,01 - Non intersection,03 - P.D. only,07 - SMV other,01 - Clear,07 - Dark,01 - Dry,10 - No control,,1,0,0,0,,0,,,,,355601.5659,5021821.932,45.33450651,-75.85184598,3484
15--13072,2015/11/09,5:20 AM,HIGHWAY 417 btwn HWY417 IC163 RAMP15 & HWY417 IC155 RAMP51 (__3ZAZNS),__3ZAZNS,01 - Non intersection,03 - P.D. only,07 - SMV other,01 - Clear,07 - Dark,01 - Dry,10 - No control,,1,0,0,0,,0,,,,,331612.2173,5021373.116,45.33179459,-76.15793152,3485
15--13073,2015/11/09,5:31 PM,BRONSON AVE @ SUNNYSIDE AVE/UNIVERSITY RD - CA (0007209),7209,02 - Intersection related,03 - P.D. only,03 - Rear end,01 - Clear,07 - Dark,01 - Dry,01 - Traffic signal,01 - Functioning,2,0,0,0,,0,,,,,367922.7101,5028091.187,45.38991558,-75.69385946,3486
15--13074,2015/11/09,6:23 PM,CARLING AVE btwn DAVIDSON'S SIDE RD & GRANDVIEW RD (__3ZA4Z8),__3ZA4Z8,01 - Non intersection,02 - Non-fatal injury,07 - SMV other,01 - Clear,07 - Dark,01 - Dry,10 - No control,,1,0,0,0,02 - Minor,1,,1,,,355227.6316,5024113.413,45.35515248,-75.85638292,3487
15--13075,2015/11/09,6:33 AM,ROCKDALE RD btwn HWY417 IC88 RAMP15 & HWY417 IC88 RAMP16 (__3ZA2E0),__3ZA2E0,07 - Overpass or bridge,03 - P.D. only,03 - Rear end,01 - Clear,03 - Dawn,01 - Dry,10 - No control,,3,0,0,0,,0,,,,,395303.6145,5022467.779,45.33631991,-75.34526824,3488
15--13076,2015/11/09,6:55 PM,MERIVALE RD/LOTTA AVE @ CLYDE AVE (0001112),1112,02 - Intersection related,03 - P.D. only,03 - Rear end,01 - Clear,07 - Dark,01 - Dry,01 - Traffic signal,01 - Functioning,2,0,0,0,,0,,,,,364521.5075,5024508.328,45.3579759,-75.73772551,3489
15--13077,2015/11/09,6:57 AM,8TH LINE RD btwn GLENWOOD DR & WALKER RD (__3ZBPK9),__3ZBPK9,01 - Non intersection,02 - Non-fatal injury,03 - Rear end,01 - Clear,03 - Dawn,01 - Dry,10 - No control,,3,0,0,0,02 - Minor,1,,1,,,386111.1568,5009437.128,45.22020457,-75.46466857,3490
15--13078,2015/11/09,7:34 AM,CROWNRIDGE DR @ MEADOWBREEZE DR (0012631),12631,03 - At intersection,03 - P.D. only,07 - SMV other,01 - Clear,01 - Daylight,01 - Dry,02 - Stop sign,01 - Functioning,1,0,0,0,,0,,,,,356004.2727,5015125.37,45.2742205,-75.84740011,3491
15--13079,2015/11/09,8:12 AM,SILVESTRI CRES btwn MATHESON RD & TREATY CRT (__3ZAZGM),__3ZAZGM,01 - Non intersection,03 - P.D. only,06 - SMV unattended vehicle,01 - Clear,01 - Daylight,01 - Dry,10 - No control,,1,0,0,0,,0,,,,,373161.9893,5032657.474,45.43050908,-75.62632286,3492
15--1308,2015/01/21,2:55 PM,FROBISHER LANE W @ RIVERSIDE DR (0011961),11961,02 - Intersection related,03 - P.D. only,03 - Rear end,01 - Clear,01 - Daylight,01 - Dry,01 - Traffic signal,01 - Functioning,2,0,0,0,,0,,,,,370119.679,5029599.78,45.40328791,-75.66560514,3493
15--13080,2015/11/09,8:25 AM,CARLING AVE WB btwn WOODLAND AVE & WOODROFFE AVE (__3ZBPMB),__3ZBPMB,01 - Non intersection,03 - P.D. only,04 - Sideswipe,01 - Clear,01 - Daylight,01 - Dry,10 - No control,,2,0,0,0,,0,,,,,361733.1945,5025724.707,45.36915275,-75.77317194,3494
15--13081,2015/11/09,8:35 AM,CANON SMITH DR btwn OLD BIRCH RD & AYLWIN RD (__3ZACAP),__3ZACAP,01 - Non intersection,03 - P.D. only,07 - SMV other,01 - Clear,01 - Daylight,01 - Dry,10 - No control,,1,0,0,0,,0,,,,,327146.9261,5038624.631,45.48718817,-76.21411657,3495
15--13082,2015/11/09,8:50 PM,HWY 417 TERRYFO IC140R61 @ TERRY FOX DR (0011777),11777,02 - Intersection related,03 - P.D. only,05 - Turning movement,01 - Clear,07 - Dark,01 - Dry,01 - Traffic signal,01 - Functioning,2,0,0,0,,0,,,,,350809.7902,5018708.129,45.3068183,-75.91326794,3496
15--13083,2015/11/09,9:00 PM,YORK ST WB btwn BYWARD MARKE SQ & SUSSEX DR (__3ZA1B0),__3ZA1B0,01 - Non intersection,03 - P.D. only,02 - Angle,01 - Clear,07 - Dark,01 - Dry,10 - No control,,2,0,0,0,,0,,,,,367926.8828,5032340.222,45.42814669,-75.69326208,3497
15--13084,2015/11/09,9:30 PM,INNES RD @ PORTOBELLO BLVD (0009187),9187,02 - Intersection related,03 - P.D. only,03 - Rear end,01 - Clear,07 - Dark,01 - Dry,01 - Traffic signal,01 - Functioning,2,0,0,0,,0,,,,,385632.4917,5036891.83,45.46727569,-75.4662762,3498
15--13085,2015/11/10,1:10 PM,BESSERER ST @ WALLER ST (0008859),8859,02 - Intersection related,03 - P.D. only,04 - Sideswipe,01 - Clear,01 - Daylight,01 - Dry,01 - Traffic signal,01 - Functioning,2,0,0,0,,0,,,,,368315.9333,5032191.978,45.42677762,-75.68830978,3499
15--13086,2015/11/10,10:01 PM,WELLINGTON ST    W btwn PINHEY ST & MELROSE AVE (__3ZA3ZG),__3ZA3ZG,04 - At/near private drive,03 - P.D. only,02 - Angle,01 - Clear,07 - Dark,01 - Dry,10 - No control,,2,0,0,0,,0,,,,,365461.6459,5029552.9,45.40328524,-75.72510703,3500
15--13087,2015/11/10,10:13 AM,WOODROFFE AVE btwn HERITAGE GLEN DR & STRANDHERD DR (__3ZA4KH),__3ZA4KH,01 - Non intersection,03 - P.D. only,07 - SMV other,01 - Clear,01 - Daylight,01 - Dry,10 - No control,,1,0,0,0,,0,,,,,366016.8682,5015612.588,45.27780407,-75.71974013,3501
15--13088,2015/11/10,10:15 AM,BOTELER ST @ SUSSEX DR (0011436),11436,02 - Intersection related,02 - Non-fatal injury,03 - Rear end,01 - Clear,01 - Daylight,01 - Dry,01 - Traffic signal,01 - Functioning,2,0,0,0,02 - Minor,3,2,1,,,367451.8185,5032952.225,45.43369601,-75.69925476,3502
15--13089,2015/11/10,10:15 AM,HERON RD btwn JEFFERSON ST & TURN LANE (__3ZA3BI),__3ZA3BI,04 - At/near private drive,02 - Non-fatal injury,02 - Angle,01 - Clear,01 - Daylight,01 - Dry,10 - No control,,2,0,0,0,02 - Minor,1,,1,,,372071.8598,5027085.977,45.38048485,-75.64101344,3503
15--1309,2015/01/21,3:01 PM,NAVAHO DR btwn NAVAHO DR & DEERFIELD DR (__3ZBOKA),__3ZBOKA,04 - At/near private drive,03 - P.D. only,05 - Turning movement,01 - Clear,01 - Daylight,01 - Dry,10 - No control,,2,0,0,0,,0,,,,,363134.8689,5024010.038,45.35360908,-75.75548159,3504
15--13090,2015/11/10,10:20 AM,MERIVALE RD @ CLEOPATRA DR (0000112),112,03 - At intersection,03 - P.D. only,02 - Angle,01 - Clear,01 - Daylight,01 - Dry,01 - Traffic signal,01 - Functioning,2,0,0,0,,0,,,,,365951.5818,5021122.97,45.32739169,-75.71989245,3505
15--13091,2015/11/10,10:20 PM,HIGHWAY 417 btwn HWY417 IC119A RAMP67 & HWY417 IC118 RAMP76 (__3ZA2YS),__3ZA2YS,01 - Non intersection,02 - Non-fatal injury,03 - Rear end,01 - Clear,07 - Dark,01 - Dry,10 - No control,,2,0,0,0,01 - Minimal,1,1,,,,368681.9515,5030584.792,45.4122834,-75.68384117,3506
15--13092,2015/11/10,10:22 AM,GREENBANK RD @ BELLMAN DR/BATEMAN DR (0000153),153,02 - Intersection related,03 - P.D. only,99 - Other,01 - Clear,01 - Daylight,01 - Dry,01 - Traffic signal,01 - Functioning,2,0,0,0,,0,,,,,361255.6352,5021018.269,45.32684303,-75.77980539,3507
15--13093,2015/11/10,10:33 AM,MORIN RD @ REGIONAL RD 174 (0012879),12879,02 - Intersection related,03 - P.D. only,03 - Rear end,01 - Clear,01 - Daylight,01 - Dry,02 - Stop sign,01 - Functioning,2,0,0,0,,0,,,,,392041.1512,5042785.364,45.51952724,-75.38328678,3508
15--13094,2015/11/10,11:46 PM,DONNELLY DR @ MERLYN WILSON RD (0003644),3644,03 - At intersection,03 - P.D. only,07 - SMV other,01 - Clear,07 - Dark,01 - Dry,02 - Stop sign,04 - Missing/Damaged,1,0,0,0,,0,,,,,369252.9723,4990841.855,45.0546268,-75.68169503,3509
15--13095,2015/11/10,Unknown,GLOUCESTER ST btwn METCALFE ST & ELGIN ST (__3ZA9VJ),__3ZA9VJ,01 - Non intersection,03 - P.D. only,06 - SMV unattended vehicle,01 - Clear,00 - Unknown,01 - Dry,10 - No control,,1,0,0,0,,0,,,,,367898.8913,5031425.928,45.41992271,-75.69373688,3510
15--13096,2015/11/10,12:04 PM,BELFAST RD @ ST. LAURENT BLVD (0007658),7658,03 - At intersection,03 - P.D. only,05 - Turning movement,01 - Clear,01 - Daylight,01 - Dry,01 - Traffic signal,01 - Functioning,2,0,0,0,,0,,,,,372860.7241,5030579.284,45.41183991,-75.63045973,3511
15--13097,2015/11/10,12:06 PM,RICHARDSON SIDE RD btwn BREWER HUNT WAY & CARLING AVE (__3ZACUE),__3ZACUE,04 - At/near private drive,03 - P.D. only,07 - SMV other,01 - Clear,01 - Daylight,01 - Dry,10 - No control,,1,0,0,0,,0,,,,,351755.3805,5022187.554,45.33806437,-75.90088021,3512
15--13098,2015/11/10,2:18 PM,CUMBERLAND ST @ RIDEAU ST (0007759),7759,02 - Intersection related,03 - P.D. only,07 - SMV other,01 - Clear,01 - Daylight,01 - Dry,01 - Traffic signal,01 - Functioning,1,0,0,0,,0,,,,,368375.2317,5032328.172,45.42799766,-75.68753448,3513
15--13099,2015/11/10,2:43 PM,MAPLE GROVE RD @ TERRY FOX DR (0003177),3177,02 - Intersection related,02 - Non-fatal injury,03 - Rear end,01 - Clear,01 - Daylight,01 - Dry,01 - Traffic signal,01 - Functioning,2,0,0,0,01 - Minimal,1,1,,,,351553.6086,5017864.104,45.29917443,-75.90386264,3514
15--131,2015/01/04,10:44 AM,CARSON'S RD btwn BERMUDA AVE & CHARLESWOOD AVE (__3ZA7WC),__3ZA7WC,01 - Non intersection,03 - P.D. only,06 - SMV unattended vehicle,03 - Snow,01 - Daylight,03 - Loose snow,10 - No control,,1,0,0,0,,0,,,,,372898.8201,5034093.279,45.44345341,-75.62948719,3515
15--1310,2015/01/21,3:16 PM,WELLINGTON ST    W btwn HARMER AVE N & HURON AVE N (__3ZA4QL),__3ZA4QL,01 - Non intersection,03 - P.D. only,06 - SMV unattended vehicle,01 - Clear,01 - Daylight,05 - Packed snow,10 - No control,,1,0,0,0,,0,,,,,364817.0431,5029110.938,45.39936413,-75.73339424,3516
15--13100,2015/11/10,2:50 PM,REGIONAL ROAD 174 btwn HWY417 IC113 RAMP67 & Continuation of REGIONAL  (__3ZA28A),__3ZA28A,01 - Non intersection,03 - P.D. only,07 - SMV other,01 - Clear,01 - Daylight,01 - Dry,10 - No control,,1,0,0,0,,0,,,,,373511.809,5031879.747,45.42347721,-75.62196114,3517
15--13101,2015/11/10,2:56 PM,LILIBET CRES btwn ALBION RD N & ALBION RD N (__45KRIQ),__45KRIQ,01 - Non intersection,03 - P.D. only,06 - SMV unattended vehicle,01 - Clear,01 - Daylight,01 - Dry,10 - No control,,1,0,0,0,,0,,,,,371076.3373,5026085.075,45.37157397,-75.65385808,3518
15--13102,2015/11/10,3:34 AM,BESSERER ST btwn CUMBERLAND ST & KING EDWARD AVE (__3ZA8Z6),__3ZA8Z6,01 - Non intersection,03 - P.D. only,06 - SMV unattended vehicle,01 - Clear,07 - Dark,01 - Dry,10 - No control,,1,0,0,0,,0,,,,,368428.2554,5032264.516,45.42742009,-75.68686515,3519
15--13103,2015/11/10,3:58 PM,KENNEVALE DR @ STRANDHERD DR (0010896),10896,02 - Intersection related,03 - P.D. only,03 - Rear end,01 - Clear,01 - Daylight,01 - Dry,01 - Traffic signal,01 - Functioning,2,0,0,0,,0,,,,,361491.1393,5014098.468,45.26455939,-75.77759238,3520
15--13104,2015/11/10,4:25 PM,INNES RD @ JEANNE D'ARC BLVD/MER BLEUE RD (0012475),12475,02 - Intersection related,03 - P.D. only,03 - Rear end,01 - Clear,05 - Dusk,01 - Dry,01 - Traffic signal,01 - Functioning,2,0,0,0,,0,,,,,382638.0003,5035568.033,45.45570543,-75.50477482,3521
15--13105,2015/11/10,5:08 PM,REGIONAL ROAD 174 btwn HIGHWAY 417 & HWY417 IC113 RAMP65 (__3ZA2YL),__3ZA2YL,01 - Non intersection,03 - P.D. only,03 - Rear end,01 - Clear,07 - Dark,01 - Dry,10 - No control,,3,0,0,0,,0,,,,,373389.8484,5031764.736,45.42245437,-75.62353545,3522
15--13106,2015/11/10,5:38 PM,NAVAN RD btwn DIAMOND WAY & TENTH LINE RD (__3ZA3YY),__3ZA3YY,01 - Non intersection,03 - P.D. only,07 - SMV other,01 - Clear,07 - Dark,01 - Dry,10 - No control,,1,0,0,0,,0,,,,,385357.6271,5031925.13,45.42262172,-75.47060384,3523
15--13107,2015/11/10,5:44 PM,GLADSTONE AVE btwn BRONSON AVE & PERCY ST (__3ZA3B9),__3ZA3B9,01 - Non intersection,03 - P.D. only,03 - Rear end,01 - Clear,07 - Dark,01 - Dry,10 - No control,,2,0,0,0,,0,,,,,367318.6184,5030200.44,45.40894824,-75.7013062,3524
15--13108,2015/11/10,6:00 PM,BLAIR RD @ REGIONAL RD 174 N/OR174 IC112 RAMP61 (0003617),3617,03 - At intersection,03 - P.D. only,05 - Turning movement,01 - Clear,07 - Dark,01 - Dry,01 - Traffic signal,01 - Functioning,2,0,0,0,,0,,,,,374635.452,5032990.494,45.43335983,-75.60744682,3525
15--13109,2015/11/10,6:04 PM,CLEMOW AVE @ BRONSON AVE (0007248),7248,02 - Intersection related,02 - Non-fatal injury,03 - Rear end,01 - Clear,07 - Dark,01 - Dry,02 - Stop sign,00 - Unknown,2,0,0,0,02 - Minor,2,1,1,,,367420.4658,5029398.229,45.40172107,-75.70010708,3526
15--1311,2015/01/21,3:28 PM,ST. LAURENT BLVD @ MCARTHUR AVE (0008246),8246,02 - Intersection related,03 - P.D. only,03 - Rear end,01 - Clear,01 - Daylight,02 - Wet,01 - Traffic signal,01 - Functioning,2,0,0,0,,0,,,,,371922.6829,5032888.659,45.43270922,-75.64212808,3527
15--13110,2015/11/10,6:20 PM,HIGHWAY 417 btwn HWY417 IC140 RAMP16 & HWY417 IC140 RAMP61 (__3ZA2QQ),__3ZA2QQ,01 - Non intersection,02 - Non-fatal injury,06 - SMV unattended vehicle,01 - Clear,07 - Dark,01 - Dry,10 - No control,,1,0,0,0,02 - Minor,1,,1,,,351043.0032,5018686.468,45.30660807,-75.91029611,3528
15--13111,2015/11/10,6:23 AM,HUNT CLUB RD btwn UPLANDS DR & MCCARTHY RD (__3ZA37N),__3ZA37N,01 - Non intersection,02 - Non-fatal injury,03 - Rear end,"07 - Fog, mist, smoke, dust",03 - Dawn,01 - Dry,10 - No control,,2,1,0,0,02 - Minor,1,,1,,,370496.2029,5023390.779,45.34738615,-75.6616219,3529
15--13112,2015/11/10,7:00 AM,MONTREAL RD @ VANIER PKWY (0004630),4630,02 - Intersection related,03 - P.D. only,03 - Rear end,"07 - Fog, mist, smoke, dust",03 - Dawn,01 - Dry,01 - Traffic signal,01 - Functioning,2,0,0,0,,0,,,,,370072.7098,5033065.592,45.43447631,-75.66574594,3530
15--13113,2015/11/10,7:01 PM,MEADOWLANDS DR @ MERIVALE RD (0000625),625,03 - At intersection,03 - P.D. only,05 - Turning movement,01 - Clear,07 - Dark,01 - Dry,01 - Traffic signal,01 - Functioning,2,0,0,0,,0,,,,,364857.9779,5023726.232,45.35090997,-75.73352625,3531
15--13114,2015/11/10,7:15 AM,DALMENY RD @ NIXON DR (0005742),5742,03 - At intersection,02 - Non-fatal injury,02 - Angle,"07 - Fog, mist, smoke, dust",03 - Dawn,01 - Dry,02 - Stop sign,01 - Functioning,2,0,0,0,02 - Minor,2,,2,,,375592.7581,4997713.559,45.11585321,-75.60024344,3532
15--13115,2015/11/10,7:15 AM,HIGHWAY 417 btwn HWY417 IC138 RAMP51 & HWY417 IC138 RAMP35 (__3ZA29E),__3ZA29E,01 - Non intersection,02 - Non-fatal injury,03 - Rear end,01 - Clear,01 - Daylight,01 - Dry,10 - No control,,3,0,0,0,01 - Minimal,1,1,,,,352778.7433,5020100.909,45.3192191,-75.88802574,3533
15--13116,2015/11/10,7:17 AM,HAZELDEAN RD btwn JINKINSON RD/HAZELDEAN IC RAMP 62 & KITTIWAKE DR (__7JQ7JL),__7JQ7JL,01 - Non intersection,03 - P.D. only,07 - SMV other,01 - Clear,01 - Daylight,01 - Dry,10 - No control,,1,0,0,0,,0,,,,,347195.4953,5012690.323,45.25289525,-75.95987051,3534
15--13117,2015/11/10,7:40 AM,ORLEANS BLVD btwn FORTUNE DR & LUMBERMAN WAY (__3ZA686),__3ZA686,01 - Non intersection,03 - P.D. only,04 - Sideswipe,"07 - Fog, mist, smoke, dust",01 - Daylight,01 - Dry,10 - No control,,2,0,0,0,,0,,,,,380214.6471,5037780.271,45.47587515,-75.53541554,3535
15--13118,2015/11/10,8:00 PM,ORLEANS BLVD @ ST. JOSEPH BLVD (0004144),4144,03 - At intersection,03 - P.D. only,05 - Turning movement,01 - Clear,07 - Dark,01 - Dry,01 - Traffic signal,01 - Functioning,2,0,0,0,,0,,,,,380631.7377,5036979.509,45.46862538,-75.53020513,3536
15--13119,2015/11/10,8:03 PM,BANK ST @ EVANS AVE (0011429),11429,03 - At intersection,03 - P.D. only,02 - Angle,01 - Clear,07 - Dark,01 - Dry,02 - Stop sign,01 - Functioning,2,0,0,0,,0,,,,,369917.3579,5027062.663,45.38047865,-75.66852414,3537
15--1312,2015/01/21,3:35 PM,ARTHUR ST btwn PRIMROSE AVE & SOMERSET ST W (__3ZA0W4),__3ZA0W4,01 - Non intersection,03 - P.D. only,01 - Approaching,01 - Clear,01 - Daylight,03 - Loose snow,10 - No control,,2,0,0,0,,0,,,,,366786.607,5030486.086,45.41156572,-75.70806623,3538
15--13120,2015/11/10,8:30 PM,CONROY RD @ THURSTON DR (0011389),11389,03 - At intersection,02 - Non-fatal injury,02 - Angle,01 - Clear,07 - Dark,01 - Dry,01 - Traffic signal,01 - Functioning,2,0,0,0,02 - Minor,1,,1,,,373203.0891,5026795.056,45.37775773,-75.62661088,3539
15--13121,2015/11/10,8:57 AM,ALTA VISTA DR btwn DALE AVE & 75 S OF CALEDON ST (__3ZA97HB),__3ZA97HB,04 - At/near private drive,03 - P.D. only,02 - Angle,01 - Clear,01 - Daylight,01 - Dry,10 - No control,,2,0,0,0,,0,,,,,370732.285,5030285.207,45.40939768,-75.65768889,3540
15--13122,2015/11/10,9:00 AM,GLADSTONE AVE @ BEVERLEY AVE (0006519),6519,02 - Intersection related,02 - Non-fatal injury,07 - SMV other,01 - Clear,01 - Daylight,01 - Dry,02 - Stop sign,01 - Functioning,1,0,0,1,01 - Minimal,1,1,,,,365385.7015,5029194.919,45.40007079,-75.72612103,3541
15--13123,2015/11/10,9:29 AM,ALBION RD btwn BANK ST & DES MESANGES DR (__3ZBORZ),__3ZBORZ,04 - At/near private drive,03 - P.D. only,02 - Angle,01 - Clear,01 - Daylight,01 - Dry,10 - No control,,2,0,0,0,,0,,,,,371986.4373,5024028.289,45.35298109,-75.64251986,3542
15--13124,2015/11/10,9:30 AM,OGILVIE RD btwn CYRVILLE RD & MURDOCK GT (__3ZA13S),__3ZA13S,01 - Non intersection,02 - Non-fatal injury,04 - Sideswipe,01 - Clear,01 - Daylight,01 - Dry,10 - No control,,2,0,0,0,01 - Minimal,1,1,,,,372543.2498,5032058.277,45.425178,-75.63431196,3543
15--13125,2015/11/11,10:19 AM,ETESIAN ST btwn SONESTA CIRC & BURNABY DR (__67PTQS),__67PTQS,04 - At/near private drive,03 - P.D. only,02 - Angle,01 - Clear,01 - Daylight,01 - Dry,10 - No control,,2,0,0,0,,0,,,,,350323.777,5016406.685,45.2861409,-75.9196767,3544
15--13126,2015/11/11,10:32 AM,EAGLESON RD @ HAZELDEAN RD/ROBERTSON RD (0002715),2715,02 - Intersection related,03 - P.D. only,03 - Rear end,01 - Clear,01 - Daylight,01 - Dry,01 - Traffic signal,01 - Functioning,2,0,0,0,,0,,,,,353673.6249,5018424.82,45.30407559,-75.87677742,3545
15--13127,2015/11/11,10:34 AM,LENESTER AVE @ MAITLAND AVE (0010867),10867,03 - At intersection,03 - P.D. only,02 - Angle,01 - Clear,01 - Daylight,01 - Dry,02 - Stop sign,01 - Functioning,3,0,0,0,,0,,,,,363077.2465,5026147.605,45.37284747,-75.75596487,3546
15--13128,2015/11/11,Unknown,GRENADIER WAY btwn BURNLEY CRT & FIELDCREST AVE (__3ZA590),__3ZA590,01 - Non intersection,03 - P.D. only,06 - SMV unattended vehicle,01 - Clear,00 - Unknown,01 - Dry,10 - No control,,1,0,0,0,,0,,,,,365599.8072,5016076.949,45.28201857,-75.72499854,3547
15--13129,2015/11/11,12:33 PM,ALBERT ST @ BANK ST (0002115),2115,02 - Intersection related,02 - Non-fatal injury,07 - SMV other,01 - Clear,01 - Daylight,01 - Dry,01 - Traffic signal,01 - Functioning,1,0,0,1,02 - Minor,1,,1,,,367384.9741,5031422.852,45.41994119,-75.70030334,3548
15--1313,2015/01/21,3:41 PM,LYON ST @ WELLINGTON ST (0002388),2388,02 - Intersection related,03 - P.D. only,05 - Turning movement,01 - Clear,01 - Daylight,01 - Dry,01 - Traffic signal,01 - Functioning,2,0,0,0,,0,,,,,366934.3071,5031424.72,45.41999817,-75.70606107,3549
15--13130,2015/11/11,2:10 PM,ALBION RD btwn BANK ST & DES MESANGES DR (__3ZBORZ),__3ZBORZ,04 - At/near private drive,03 - P.D. only,02 - Angle,01 - Clear,01 - Daylight,01 - Dry,10 - No control,,2,0,0,0,,0,,,,,371951.7151,5024115.212,45.35376652,-75.64295116,3550
15--13131,2015/11/11,3:00 PM,VANIER PKWY NB btwn VANIER PKWY & DONALD ST (__3ZBPHY),__3ZBPHY,01 - Non intersection,02 - Non-fatal injury,03 - Rear end,01 - Clear,01 - Daylight,01 - Dry,10 - No control,,3,0,0,0,01 - Minimal,1,1,,,,370292.9405,5032368.78,45.42818609,-75.66302414,3551
15--13132,2015/11/11,3:40 PM,RIVERSIDE DR @ TREMBLAY RD/HWY417 IC117 RAMP52 (0010790),10790,02 - Intersection related,02 - Non-fatal injury,03 - Rear end,01 - Clear,01 - Daylight,01 - Dry,01 - Traffic signal,01 - Functioning,2,0,0,0,01 - Minimal,1,1,,,,370802.0781,5031015.908,45.41596566,-75.6566995,3552
15--13133,2015/11/11,4:57 PM,CARLING AVE @ MAITLAND AVE/SHERBOURNE RD (0002641),2641,02 - Intersection related,03 - P.D. only,04 - Sideswipe,01 - Clear,05 - Dusk,01 - Dry,01 - Traffic signal,01 - Functioning,2,0,0,0,,0,,,,,362941.9772,5026487.446,45.37591655,-75.75765172,3553
15--13134,2015/11/11,5:10 PM,HIGHWAY 417 btwn HWY417 IC126 RAMP25 & HWY417 IC124 RAMP57 (__3ZA2R5),__3ZA2R5,01 - Non intersection,03 - P.D. only,03 - Rear end,01 - Clear,07 - Dark,01 - Dry,10 - No control,,2,0,0,0,,0,,,,,363698.128,5026530.459,45.37624042,-75.74799299,3554
15--13135,2015/11/11,5:18 PM,ORLEANS BLVD @ ST. JOSEPH BLVD (0004144),4144,03 - At intersection,02 - Non-fatal injury,02 - Angle,01 - Clear,07 - Dark,01 - Dry,01 - Traffic signal,01 - Functioning,2,0,0,0,01 - Minimal,1,1,,,,380632.7016,5036982.036,45.46864801,-75.53019241,3555
15--13136,2015/11/11,5:47 AM,MOODIE DR btwn WEST HUNT CLUB RD & ALTI PL (__3ZBOCW),__3ZBOCW,01 - Non intersection,03 - P.D. only,07 - SMV other,01 - Clear,07 - Dark,01 - Dry,10 - No control,,1,0,0,0,,0,,,,,358573.4709,5016929.061,45.29025857,-75.81446246,3556