Anom_ID,Accident_Date,Accident_Time,Location,Geo_ID,Accident_Location,Classification_of_Accident,Initial_Impact_Type,Environment_Condition,Light,Road_Surface_Condition,Traffic_Control,Traffic_Control_Condition,No__of_Vehicles,No__of_Bicycles,No__of_Motorcycles,No__of_Pedestrians,Max_Injury,No__of_Injuries,No__of_Minimal,No__of_Minor,No__of_Major,No__of_Fatal,X,Y,Latitude,Longitude,ObjectId
15--13137,2015/11/11,7:09 AM,FALLOWFIELD RD btwn CONLEY RD & HUNTLEY RD (__3ZA3ER),__3ZA3ER,01 - Non intersection,03 - P.D. only,07 - SMV other,01 - Clear,03 - Dawn,01 - Dry,10 - No control,,1,0,0,0,,0,,,,,350384.4278,5007836.506,45.20901931,-75.91968937,3557
15--13138,2015/11/11,7:26 PM,GLADSTONE AVE @ LORETTA AVE (0005092),5092,03 - At intersection,02 - Non-fatal injury,05 - Turning movement,02 - Rain,07 - Dark,02 - Wet,02 - Stop sign,01 - Functioning,2,0,0,0,02 - Minor,2,,2,,,366196.701,5029567.082,45.40334876,-75.71571654,3558
15--13139,2015/11/11,7:49 AM,MONTREAL RD @ SHEFFORD RD (0012423),12423,03 - At intersection,02 - Non-fatal injury,05 - Turning movement,01 - Clear,01 - Daylight,01 - Dry,01 - Traffic signal,01 - Functioning,2,0,0,0,01 - Minimal,1,1,,,,376125.7305,5034853.214,45.44996903,-75.5881323,3559
15--1314,2015/01/21,4:02 PM,INDUSTRIAL AVE btwn RUSSELL RD & ST. LAURENT BLVD (__3ZA3R7),__3ZA3R7,01 - Non intersection,03 - P.D. only,03 - Rear end,01 - Clear,01 - Daylight,01 - Dry,10 - No control,,3,0,0,0,,0,,,,,372789.1521,5029978.725,45.40644331,-75.63145685,3560
15--12708,2015/10/31,1:31 PM,CARLING AVE @ PINECREST  RD/GREENVIEW AVE (0001630),1630,02 - Intersection related,03 - P.D. only,04 - Sideswipe,01 - Clear,01 - Daylight,01 - Dry,01 - Traffic signal,01 - Functioning,2,0,0,0,,0,,,,,360006.6757,5024632.528,45.35946349,-75.79533357,3561
15--12709,2015/10/31,1:40 AM,CEDARVIEW RD @ FALLOWFIELD RD (0001603),1603,03 - At intersection,03 - P.D. only,05 - Turning movement,01 - Clear,07 - Dark,01 - Dry,01 - Traffic signal,01 - Functioning,2,0,0,0,,0,,,,,361293.9465,5015664.082,45.27866279,-75.77992686,3562
15--12973,2015/11/06,4:18 PM,RIVERSIDE DR @ SMYTH RD SOUTH SIDE RAMP (0011480),11480,03 - At intersection,02 - Non-fatal injury,05 - Turning movement,01 - Clear,01 - Daylight,01 - Dry,01 - Traffic signal,01 - Functioning,2,0,0,0,02 - Minor,1,,1,,,369789.1669,5028998.698,45.39791035,-75.66990586,3563
15--13237,2015/11/13,12:45 PM,PRINCE OF WALES DR @ STRANDHERD DR (0013339),13339,02 - Intersection related,03 - P.D. only,07 - SMV other,02 - Rain,01 - Daylight,02 - Wet,01 - Traffic signal,01 - Functioning,1,0,0,0,,0,,,,,367174.7828,5014823.938,45.27060609,-75.70508204,3564
15--13507,2015/11/19,7:09 PM,ALTA VISTA DR @ SMYTH RD (0011353),11353,03 - At intersection,03 - P.D. only,05 - Turning movement,02 - Rain,07 - Dark,02 - Wet,01 - Traffic signal,01 - Functioning,2,0,0,0,,0,,,,,370431.2719,5029082.28,45.39860249,-75.66169414,3565
15--13423,2015/11/17,9:13 AM,HINCHEY AVE @ SCOTT ST (0006481),6481,02 - Intersection related,03 - P.D. only,03 - Rear end,01 - Clear,01 - Daylight,01 - Dry,02 - Stop sign,01 - Functioning,2,0,0,0,,0,,,,,365087.2733,5029808.422,45.40561671,-75.72985759,3566
15--12974,2015/11/06,4:20 PM,BOWHILL AVE btwn HILLHURST PL & CHESTERTON DR (__3ZAAVQ),__3ZAAVQ,01 - Non intersection,03 - P.D. only,06 - SMV unattended vehicle,01 - Clear,01 - Daylight,01 - Dry,10 - No control,,1,0,0,0,,0,,,,,365642.094,5023819.079,45.3516778,-75.72350867,3567
15--13238,2015/11/13,12:47 PM,LONGFIELDS DR btwn MOUNTSHANNON DR & WOODROFFE AVE (__3ZA5AN),__3ZA5AN,01 - Non intersection,03 - P.D. only,07 - SMV other,02 - Rain,01 - Daylight,02 - Wet,10 - No control,,1,0,0,0,,0,,,,,365308.7375,5017043.161,45.29073761,-75.72859057,3568
15--1271,2015/01/20,6:46 AM,CARLING AVE @ NORTON AVE (0002643),2643,03 - At intersection,03 - P.D. only,02 - Angle,01 - Clear,07 - Dark,01 - Dry,02 - Stop sign,01 - Functioning,3,0,0,0,,0,,,,,360637.6804,5025011.069,45.36281961,-75.78723718,3569
15--13424,2015/11/17,9:23 AM,WALKLEY RD @ HEATHERINGTON RD (0006928),6928,02 - Intersection related,02 - Non-fatal injury,07 - SMV other,01 - Clear,01 - Daylight,01 - Dry,01 - Traffic signal,01 - Functioning,1,0,0,0,02 - Minor,1,,1,,,371766.6867,5026796.007,45.37790505,-75.64494905,3570
15--13508,2015/11/19,7:29 AM,BRIDLE PATH DR btwn TRAPPER'S RD & CAROUSEL CRES (__3ZA9BD),__3ZA9BD,01 - Non intersection,02 - Non-fatal injury,06 - SMV unattended vehicle,01 - Clear,01 - Daylight,02 - Wet,10 - No control,,1,0,0,0,02 - Minor,1,,1,,,371863.4283,5023608.948,45.34921977,-75.64414649,3571
15--12975,2015/11/06,4:27 PM,MONTREAL RD @ GRANVILLE ST/LAFONTAINE AVE (0009348),9348,02 - Intersection related,02 - Non-fatal injury,07 - SMV other,01 - Clear,05 - Dusk,01 - Dry,01 - Traffic signal,01 - Functioning,1,0,0,1,02 - Minor,1,,1,,,370826.7134,5033472.426,45.43806603,-75.65605545,3572
15--13239,2015/11/13,12:54 AM,MURRAY ST @ SUSSEX DR (0011912),11912,03 - At intersection,02 - Non-fatal injury,02 - Angle,02 - Rain,07 - Dark,02 - Wet,01 - Traffic signal,01 - Functioning,2,1,0,0,01 - Minimal,1,1,,,,367707.5291,5032392.696,45.4286386,-75.69605836,3573
15--12710,2015/10/31,10:35 AM,MAITLAND AVE btwn CARLING AVE & DUNCAN PL (__3ZA4JY),__3ZA4JY,04 - At/near private drive,02 - Non-fatal injury,02 - Angle,01 - Clear,01 - Daylight,01 - Dry,10 - No control,,2,1,0,0,02 - Minor,1,,1,,,362957.1123,5026452.851,45.37560401,-75.75746256,3574
15--13425,2015/11/18,1:01 PM,INDUSTRIAL AVE/INNES RD @ ST. LAURENT BLVD (0002203),2203,03 - At intersection,03 - P.D. only,05 - Turning movement,01 - Clear,01 - Daylight,01 - Dry,01 - Traffic signal,01 - Functioning,2,0,0,0,,0,,,,,373100.4494,5030004.123,45.40664152,-75.62747706,3575
15--13509,2015/11/19,7:30 AM,FALLOWFIELD RD @ MOODIE DR (0010412),10412,02 - Intersection related,03 - P.D. only,03 - Rear end,01 - Clear,01 - Daylight,02 - Wet,01 - Traffic signal,01 - Functioning,2,0,0,0,,0,,,,,359501.4754,5014636.232,45.26955581,-75.80288526,3576
15--12976,2015/11/06,5:26 PM,PRINCE OF WALES DR @ WEST HUNT CLUB RD (0000567),567,02 - Intersection related,03 - P.D. only,04 - Sideswipe,01 - Clear,07 - Dark,01 - Dry,01 - Traffic signal,01 - Functioning,2,0,0,0,,0,,,,,367458.7103,5021891.143,45.33417065,-75.70057072,3577
15--1324,2015/01/21,6:00 PM,COLONEL BY DR btwn UNIVERSITY RD & HOG'S BACK RD (__3ZA22V),__3ZA22V,01 - Non intersection,03 - P.D. only,03 - Rear end,01 - Clear,07 - Dark,01 - Dry,10 - No control,,2,0,0,0,,0,,,,,367327.0468,5026470.646,45.3753878,-75.70167119,3578
15--12711,2015/10/31,11:00 AM,DENBURY AVE btwn PRINCETON AVE & KEENAN AVE (__3ZA0RG),__3ZA0RG,04 - At/near private drive,03 - P.D. only,06 - SMV unattended vehicle,01 - Clear,01 - Daylight,01 - Dry,10 - No control,,1,0,0,0,,0,,,,,362727.7419,5027311.406,45.38334818,-75.76029014,3579
15--13426,2015/11/18,10:02 AM,QUEEN ST btwn O'CONNOR ST & METCALFE ST (__3ZA2FP),__3ZA2FP,01 - Non intersection,02 - Non-fatal injury,99 - Other,01 - Clear,01 - Daylight,01 - Dry,10 - No control,,2,0,0,0,01 - Minimal,1,1,,,,367636.8792,5031670.822,45.42214977,-75.69705325,3580
15--13427,2015/11/18,11:01 AM,BANK ST @ SNAKE ISLAND RD/VICTORIA ST (0001080),1080,03 - At intersection,02 - Non-fatal injury,05 - Turning movement,01 - Clear,01 - Daylight,01 - Dry,01 - Traffic signal,01 - Functioning,2,0,0,0,01 - Minimal,1,1,,,,383697.509,5010120.326,45.22662608,-75.49528835,3581
15--13428,2015/11/18,11:20 PM,HIGHWAY 417 btwn HWY417 IC120A RAMP52 & HWY417 IC119B RAMP57 (__3ZA2R1),__3ZA2R1,01 - Non intersection,03 - P.D. only,03 - Rear end,01 - Clear,07 - Dark,01 - Dry,10 - No control,,2,0,0,0,,0,,,,,368100.6535,5030209.103,45.40895589,-75.69131536,3582
15--13429,2015/11/18,11:57 AM,CAMPEAU DR/HWY 417 MARCH IC138R63 @ MARCH RD (0009710),9710,03 - At intersection,03 - P.D. only,04 - Sideswipe,01 - Clear,01 - Daylight,01 - Dry,01 - Traffic signal,01 - Functioning,2,0,0,0,,0,,,,,352841.6249,5020475.386,45.32258442,-75.8871874,3583
15--1343,2015/01/21,7:48 AM,MAITLAND AVE @ WOODWARD DR (0003185),3185,03 - At intersection,03 - P.D. only,05 - Turning movement,01 - Clear,03 - Dawn,06 - Ice,01 - Traffic signal,01 - Functioning,2,0,0,0,,0,,,,,363270.803,5025663.009,45.36847101,-75.75355127,3584
15--13430,2015/11/18,Unknown,MOFFATT POND CRT btwn ANJANA CIRC & COBBLE HILL DR (__7OXNDS),__7OXNDS,01 - Non intersection,03 - P.D. only,06 - SMV unattended vehicle,01 - Clear,00 - Unknown,01 - Dry,10 - No control,,1,0,0,0,,0,,,,,361687.1405,5013993.397,45.26359813,-75.775107,3585
15--13431,2015/11/18,Unknown,AYLMER AVE btwn GALT ST & BANK ST (__3ZA9JF),__3ZA9JF,01 - Non intersection,03 - P.D. only,06 - SMV unattended vehicle,01 - Clear,00 - Unknown,01 - Dry,10 - No control,,1,0,0,0,,0,,,,,368630.4692,5028703.958,45.39536496,-75.68474231,3586
15--13432,2015/11/18,12:10 PM,HIGHWAY 416 btwn HWY416 IC66 RAMP62 & HWY416 IC66 RAMP52 (__3ZAZMX),__3ZAZMX,01 - Non intersection,03 - P.D. only,07 - SMV other,01 - Clear,01 - Daylight,01 - Dry,10 - No control,,1,0,0,0,,0,,,,,360019.9081,5014866.756,45.27158958,-75.79625322,3587
15--13433,2015/11/18,12:18 PM,VICTORIA ST btwn ANDREW SIMPSON DR & BANK ST (__3ZAZ9S),__3ZAZ9S,04 - At/near private drive,03 - P.D. only,03 - Rear end,01 - Clear,01 - Daylight,01 - Dry,10 - No control,,2,0,0,0,,0,,,,,384205.5155,5010430.536,45.22936009,-75.48877071,3588
15--13434,2015/11/18,12:48 PM,ALTA VISTA DR @ SMYTH RD (0011353),11353,02 - Intersection related,03 - P.D. only,99 - Other,01 - Clear,01 - Daylight,01 - Dry,01 - Traffic signal,01 - Functioning,2,0,0,0,,0,,,,,370433.4379,5029082.28,45.39860229,-75.66166648,3589
15--13435,2015/11/18,2:20 PM,HIGHWAY 417 btwn Continuation of HIGHWAY 417 & HWY417 IC134 RAMP51 (__3ZA29B),__3ZA29B,01 - Non intersection,03 - P.D. only,07 - SMV other,01 - Clear,01 - Daylight,01 - Dry,10 - No control,,1,0,0,0,,0,,,,,355460.5956,5021686.042,45.33329394,-75.85365835,3590
15--13436,2015/11/18,3:07 PM,LAURIER AVE @ NICHOLAS ST (0010711),10711,02 - Intersection related,03 - P.D. only,04 - Sideswipe,01 - Clear,01 - Daylight,01 - Dry,01 - Traffic signal,01 - Functioning,2,0,0,0,,0,,,,,368374.359,5031798.992,45.42323637,-75.68761394,3591
15--13437,2015/11/18,3:52 PM,ISABELLA ST btwn CHAMBERLAIN AVE & O'CONNOR ST (__3ZA3PM),__3ZA3PM,01 - Non intersection,03 - P.D. only,04 - Sideswipe,01 - Clear,01 - Daylight,01 - Dry,10 - No control,,2,0,0,0,,0,,,,,368162.8565,5030225.768,45.40910021,-75.69051863,3592
15--13438,2015/11/18,3:57 PM,RICHMOND RD @ ROBERTSON RD (0000639),639,03 - At intersection,02 - Non-fatal injury,04 - Sideswipe,01 - Clear,01 - Daylight,01 - Dry,01 - Traffic signal,01 - Functioning,3,0,0,0,02 - Minor,1,,1,,,357579.0991,5020747.315,45.32469106,-75.82673183,3593
15--13439,2015/11/18,4:00 PM,STRANDHERD DR btwn FALLOWFIELD RD & MARAVISTA DR (__6NFZTL),__6NFZTL,01 - Non intersection,03 - P.D. only,03 - Rear end,01 - Clear,05 - Dusk,01 - Dry,10 - No control,,2,0,0,0,,0,,,,,360981.5929,5014898.957,45.27180315,-75.7839944,3594
15--1344,2015/01/21,7:50 AM,RICHMOND RD btwn STAFFORD RD & NORTHSIDE RD (__3ZA4YV),__3ZA4YV,01 - Non intersection,03 - P.D. only,07 - SMV other,01 - Clear,03 - Dawn,01 - Dry,10 - No control,,1,0,0,0,,0,,,,,358158.0653,5021096.524,45.32778949,-75.81930922,3595
15--13440,2015/11/18,5:03 PM,FALLOWFIELD RD @ MERIVALE RD (0000587),587,02 - Intersection related,03 - P.D. only,03 - Rear end,01 - Clear,07 - Dark,01 - Dry,01 - Traffic signal,01 - Functioning,3,0,0,0,,0,,,,,366892.4346,5018845.191,45.30681394,-75.7081767,3596
15--13441,2015/11/18,5:20 PM,MONTREAL RD btwn SAVARD AVE & EMOND ST (__3ZA3LR),__3ZA3LR,01 - Non intersection,03 - P.D. only,04 - Sideswipe,01 - Clear,07 - Dark,01 - Dry,10 - No control,,2,0,0,0,,0,,,,,370170.1827,5033118.3,45.43494145,-75.66449326,3597
15--13442,2015/11/18,5:30 PM,MAITLAND AVE btwn TERREBONNE DR & CAMEO DR (__3ZBOC9),__3ZBOC9,01 - Non intersection,03 - P.D. only,04 - Sideswipe,01 - Clear,07 - Dark,01 - Dry,10 - No control,,2,0,0,0,,0,,,,,364078.8385,5025138.271,45.36368161,-75.7432996,3598
15--13443,2015/11/18,5:50 PM,BROOKSTONE ST/HATHAWAY DR @ CRESTHAVEN DR (0009673),9673,02 - Intersection related,03 - P.D. only,02 - Angle,01 - Clear,07 - Dark,01 - Dry,02 - Stop sign,01 - Functioning,2,0,0,0,,0,,,,,366780.3664,5015698.314,45.27850854,-75.70999893,3599
15--13444,2015/11/18,6:06 PM,COURTENAY AVE @ DOVERCOURT AVE (0006703),6703,03 - At intersection,02 - Non-fatal injury,02 - Angle,01 - Clear,07 - Dark,01 - Dry,02 - Stop sign,01 - Functioning,2,0,0,0,01 - Minimal,1,1,,,,362311.6849,5026842.74,45.37916546,-75.76565715,3600
15--13445,2015/11/18,6:24 PM,BANK ST @ WALKLEY RD (0011423),11423,02 - Intersection related,03 - P.D. only,04 - Sideswipe,01 - Clear,07 - Dark,01 - Dry,01 - Traffic signal,01 - Functioning,2,0,0,0,,0,,,,,370337.852,5025947.995,45.37041002,-75.6633034,3601
15--13446,2015/11/18,7:27 PM,HUNTMAR DR @ PALLADIUM DR S (0011818),11818,02 - Intersection related,03 - P.D. only,04 - Sideswipe,01 - Clear,07 - Dark,01 - Dry,01 - Traffic signal,01 - Functioning,2,0,0,0,,0,,,,,349676.3273,5017364.355,45.29479995,-75.92784314,3602
15--13447,2015/11/18,7:45 AM,HUNT CLUB RD btwn MCCARTHY RD & RAMP (__3ZA36L),__3ZA36L,01 - Non intersection,03 - P.D. only,03 - Rear end,01 - Clear,01 - Daylight,01 - Dry,10 - No control,,3,0,0,0,,0,,,,,370729.227,5023530.802,45.34862417,-75.65862983,3603
15--13448,2015/11/18,7:45 AM,HOG'S BACK RD btwn COLONEL BY DR & RIVERSIDE DR (__3ZA22W),__3ZA22W,01 - Non intersection,02 - Non-fatal injury,03 - Rear end,01 - Clear,01 - Daylight,01 - Dry,10 - No control,,2,0,0,0,01 - Minimal,2,2,,,,367679.7542,5025920.316,45.37040451,-75.69723842,3604
15--13449,2015/11/18,7:54 AM,FALLOWFIELD RD @ HOLITMAN DR (0010371),10371,02 - Intersection related,03 - P.D. only,03 - Rear end,01 - Clear,01 - Daylight,01 - Dry,02 - Stop sign,01 - Functioning,2,0,0,0,,0,,,,,363743.3796,5017134.772,45.29169496,-75.74853426,3605
15--1345,2015/01/21,8:03 AM,BEAUSEJOUR DR @ JEANNE D'ARC BLVD (0003636),3636,02 - Intersection related,03 - P.D. only,03 - Rear end,01 - Clear,01 - Daylight,06 - Ice,01 - Traffic signal,01 - Functioning,2,0,0,0,,0,,,,,381419.7832,5036062.017,45.46028454,-75.52027148,3606
15--13450,2015/11/18,7:55 AM,PETRICHOR CRES btwn GERRY LALONDE DR E & GERRY LALONDE DR W (e___2HQR),e___2HQR,01 - Non intersection,03 - P.D. only,06 - SMV unattended vehicle,01 - Clear,01 - Daylight,01 - Dry,10 - No control,,1,0,0,0,,0,,,,,383656.394,5035194.904,45.45223416,-75.49181563,3607
15--13451,2015/11/18,8:10 AM,HUNT CLUB RD btwn MCCARTHY RD & RAMP (__3ZA36L),__3ZA36L,01 - Non intersection,03 - P.D. only,03 - Rear end,01 - Clear,01 - Daylight,01 - Dry,10 - No control,,2,0,0,0,,0,,,,,370746.2217,5023542.132,45.34872452,-75.65841146,3608
15--13452,2015/11/18,8:23 PM,MCARTHUR AVE @ VANIER PKWY (0004626),4626,02 - Intersection related,03 - P.D. only,03 - Rear end,01 - Clear,07 - Dark,01 - Dry,01 - Traffic signal,01 - Functioning,3,0,0,0,,0,,,,,370218.705,5032689.864,45.43108202,-75.66393008,3609
15--13453,2015/11/18,8:40 AM,TRIM RD @ VALIN ST (0013092),13092,02 - Intersection related,03 - P.D. only,03 - Rear end,01 - Clear,01 - Daylight,01 - Dry,01 - Traffic signal,01 - Functioning,2,0,0,0,,0,,,,,386438.014,5037557.283,45.47316908,-75.45586596,3610
15--13454,2015/11/18,8:43 AM,BLAIR RD @ MONTREAL RD (0009277),9277,03 - At intersection,03 - P.D. only,05 - Turning movement,01 - Clear,01 - Daylight,01 - Dry,01 - Traffic signal,01 - Functioning,2,0,0,0,,0,,,,,374020.4422,5034438.863,45.44645262,-75.61510249,3611
15--13455,2015/11/18,8:45 PM,HIGHWAY 416 btwn HWY416 IC42 RAMP34 & HWY416 IC42 RAMP43 (__3ZA1NA),__3ZA1NA,01 - Non intersection,03 - P.D. only,07 - SMV other,01 - Clear,07 - Dark,01 - Dry,10 - No control,,1,0,0,0,,0,,,,,371400.0147,4995270.243,45.09427544,-75.65385091,3612
15--13456,2015/11/18,8:46 AM,ALBION RD @ MITCH OWENS RD (0004212),4212,03 - At intersection,03 - P.D. only,05 - Turning movement,01 - Clear,01 - Daylight,01 - Dry,01 - Traffic signal,01 - Functioning,2,0,0,0,,0,,,,,375907.4748,5014804.089,45.26959875,-75.59380665,3613
15--13457,2015/11/18,9:25 AM,BAY ST @ GLADSTONE AVE (0007724),7724,03 - At intersection,02 - Non-fatal injury,05 - Turning movement,01 - Clear,01 - Daylight,01 - Dry,02 - Stop sign,00 - Unknown,2,1,0,0,02 - Minor,1,,1,,,367462.7107,5030288.564,45.40972826,-75.69945436,3614
15--13458,2015/11/18,9:30 AM,VANIER PKWY NB btwn HWY417 IC117 RAMP62 & HWY417 IC117 RAMP63 (__3ZA4TK),__3ZA4TK,01 - Non intersection,03 - P.D. only,03 - Rear end,01 - Clear,01 - Daylight,01 - Dry,10 - No control,,3,0,0,0,,0,,,,,370797.1538,5031415.972,45.41956573,-75.65670883,3615
15--13459,2015/11/18,9:30 PM,BANK ST @ RIVERSIDE DR N (0010778),10778,02 - Intersection related,03 - P.D. only,04 - Sideswipe,01 - Clear,07 - Dark,01 - Dry,01 - Traffic signal,01 - Functioning,2,0,0,0,,0,,,,,369226.4366,5027982.465,45.38881862,-75.67722546,3616
15--1346,2015/01/21,8:09 AM,WOODROFFE AVE/HWY 417 WOODROFF IC127R25 @ HWY  (0002348),2348,02 - Intersection related,03 - P.D. only,03 - Rear end,01 - Clear,01 - Daylight,01 - Dry,01 - Traffic signal,00 - Unknown,4,0,0,0,,0,,,,,362181.0002,5024694.216,45.35984396,-75.76757523,3617
15--13460,2015/11/18,9:35 AM,FALLOWFIELD RD @ HWY 416 FALLOWFI IC66R24 (0005506),5506,03 - At intersection,02 - Non-fatal injury,02 - Angle,01 - Clear,01 - Daylight,01 - Dry,02 - Stop sign,01 - Functioning,2,0,0,0,02 - Minor,1,,1,,,360278.3918,5014851.954,45.27143604,-75.7929609,3618
15--13461,2015/11/19,1:07 PM,RIVERSIDE DR RAMP 42A @ RIVERSIDE DR RAMP 42B (0002522),2522,02 - Intersection related,03 - P.D. only,04 - Sideswipe,02 - Rain,01 - Daylight,02 - Wet,03 - Yield sign,01 - Functioning,2,0,0,0,,0,,,,,368480.2637,5027091.315,45.38086855,-75.68686865,3619
15--13462,2015/11/19,1:09 PM,GRADY CRES @ MCCLELLAN RD (0000945),945,03 - At intersection,02 - Non-fatal injury,07 - SMV other,02 - Rain,01 - Daylight,02 - Wet,02 - Stop sign,00 - Unknown,1,0,0,1,02 - Minor,1,,1,,,360251.9516,5021239.49,45.32891359,-75.79258343,3620
15--13463,2015/11/19,10:56 AM,CHURCHILL AVE @ RICHMOND RD (0002361),2361,02 - Intersection related,03 - P.D. only,03 - Rear end,01 - Clear,01 - Daylight,02 - Wet,01 - Traffic signal,01 - Functioning,2,0,0,0,,0,,,,,363226.9731,5028292.912,45.39213816,-75.75379954,3621
15--13464,2015/11/19,10:59 AM,DALHOUSIE ST @ ST. PATRICK ST (0008242),8242,03 - At intersection,02 - Non-fatal injury,02 - Angle,01 - Clear,01 - Daylight,01 - Dry,01 - Traffic signal,01 - Functioning,2,1,0,0,01 - Minimal,1,1,,,,367959.1446,5032639.859,45.43083981,-75.6928114,3622
15--13465,2015/11/19,11:06 PM,DWYER HILL RD btwn O'NEIL RD & ROGER STEVENS DR (__3ZA429),__3ZA429,01 - Non intersection,03 - P.D. only,07 - SMV other,01 - Clear,07 - Dark,02 - Wet,10 - No control,,1,0,0,0,,0,,,,,353658.504,4990088.476,45.04909442,-75.87974463,3623
15--13466,2015/11/19,11:31 PM,MACKENZIE AVE @ RIDEAU ST (0002136),2136,02 - Intersection related,03 - P.D. only,04 - Sideswipe,01 - Clear,07 - Dark,01 - Dry,01 - Traffic signal,01 - Functioning,2,0,0,0,,0,,,,,367870.4212,5032008.858,45.42517029,-75.694026,3624
15--13467,2015/11/19,11:38 AM,RICHMOND RD @ 140 E OF POULIN AVE  (0012124),12124,02 - Intersection related,03 - P.D. only,04 - Sideswipe,02 - Rain,01 - Daylight,02 - Wet,01 - Traffic signal,01 - Functioning,2,0,0,0,,0,,,,,360400.047,5025019.372,45.36291321,-75.79026938,3625
15--13468,2015/11/19,11:53 AM,PRINCE OF WALES DR @ MEADOWLANDS DR/HOG'S BACK (0001629),1629,02 - Intersection related,03 - P.D. only,03 - Rear end,01 - Clear,01 - Daylight,01 - Dry,01 - Traffic signal,01 - Functioning,2,0,0,0,,0,,,,,367372.6409,5025693.477,45.36839095,-75.70118756,3626
15--13469,2015/11/19,Unknown,GRADY CRES btwn JANSEN RD & JANSEN RD (__3ZABRB),__3ZABRB,01 - Non intersection,03 - P.D. only,06 - SMV unattended vehicle,01 - Clear,00 - Unknown,01 - Dry,10 - No control,,1,0,0,0,,0,,,,,360099.8524,5021166.853,45.32827201,-75.79453177,3627
15--1347,2015/01/21,8:13 AM,HARTHILL WAY btwn TARTAN DR & BROXBURN CRES (__67PTP5),__67PTP5,04 - At/near private drive,03 - P.D. only,02 - Angle,01 - Clear,03 - Dawn,01 - Dry,10 - No control,,2,0,0,0,,0,,,,,362634.5784,5013927.407,45.26292709,-75.7630428,3628
15--13470,2015/11/19,12:05 PM,MERIVALE RD @ FAMILY BROWN LANE (0010933),10933,02 - Intersection related,03 - P.D. only,04 - Sideswipe,02 - Rain,01 - Daylight,02 - Wet,01 - Traffic signal,01 - Functioning,2,0,0,0,,0,,,,,365005.84,5023387.066,45.34784552,-75.73168066,3629
15--13471,2015/11/19,12:15 PM,BANK ST btwn OSSINGTON AVE & CAMERON AVE (__3ZA3NX),__3ZA3NX,04 - At/near private drive,03 - P.D. only,02 - Angle,02 - Rain,01 - Daylight,02 - Wet,10 - No control,,2,0,0,0,,0,,,,,368917.214,5028291.548,45.39162803,-75.6811339,3630
15--13472,2015/11/19,2:02 PM,INDUSTRIAL AVE btwn RIVERSIDE DR & SANDFORD FLEMING AVE (__3ZA3PG),__3ZA3PG,01 - Non intersection,03 - P.D. only,03 - Rear end,02 - Rain,01 - Daylight,02 - Wet,10 - No control,,2,0,0,0,,0,,,,,370745.3684,5030583.167,45.41207738,-75.6574819,3631
15--13473,2015/11/19,3:04 PM,BYRON AVE @ ISLAND PARK DR (0006365),6365,02 - Intersection related,03 - P.D. only,03 - Rear end,01 - Clear,01 - Daylight,02 - Wet,01 - Traffic signal,01 - Functioning,2,0,0,0,,0,,,,,364255.69,5028602.829,45.39484016,-75.74062508,3632
15--13474,2015/11/19,3:15 PM,MADELEINE MEILLEUR PRIV @ VANIER PKWY (0013514),13514,03 - At intersection,03 - P.D. only,05 - Turning movement,02 - Rain,01 - Daylight,02 - Wet,01 - Traffic signal,01 - Functioning,2,0,0,0,,0,,,,,369654.8152,5033359.306,45.43715791,-75.67104781,3633
15--13475,2015/11/19,3:25 PM,LEES AVE @ KING EDWARD AVE/MANN AVE (0011413),11413,02 - Intersection related,03 - P.D. only,03 - Rear end,02 - Rain,01 - Daylight,02 - Wet,01 - Traffic signal,01 - Functioning,2,0,0,0,,0,,,,,369178.7982,5031334.745,45.41898567,-75.67739612,3634
15--13476,2015/11/19,3:27 PM,VIEWMOUNT DR @ MERIVALE RD (0001528),1528,02 - Intersection related,02 - Non-fatal injury,03 - Rear end,01 - Clear,01 - Daylight,01 - Dry,01 - Traffic signal,01 - Functioning,3,0,0,0,01 - Minimal,1,1,,,,365192.9764,5022948.135,45.34387999,-75.72934632,3635
15--13477,2015/11/19,3:32 PM,GLADSTONE AVE @ CAMBRIDGE ST (0006328),6328,03 - At intersection,03 - P.D. only,05 - Turning movement,01 - Clear,01 - Daylight,01 - Dry,02 - Stop sign,01 - Functioning,2,1,0,0,,0,,,,,367064.7046,5030036.57,45.40749642,-75.70457041,3636
15--13478,2015/11/19,3:58 PM,JOHNSTON RD @ ZAIDAN DR (0008978),8978,02 - Intersection related,02 - Non-fatal injury,03 - Rear end,02 - Rain,05 - Dusk,02 - Wet,02 - Stop sign,01 - Functioning,3,0,0,0,02 - Minor,1,,1,,,372797.2907,5025720.599,45.3681297,-75.63193955,3637
15--13479,2015/11/19,4:00 PM,TRANSITWAY - LINCOLN FIEL @ OTTAWA RIVER PKWY  (0002636),2636,02 - Intersection related,03 - P.D. only,03 - Rear end,02 - Rain,05 - Dusk,02 - Wet,01 - Traffic signal,01 - Functioning,2,0,0,0,,0,,,,,360931.6941,5025496.838,45.36716705,-75.78342924,3638
15--1348,2015/01/21,8:15 AM,PRINCE OF WALES DR @ MEADOWLANDS DR/HOG'S BACK (0001629),1629,02 - Intersection related,03 - P.D. only,03 - Rear end,01 - Clear,01 - Daylight,01 - Dry,01 - Traffic signal,00 - Unknown,2,0,0,0,,0,,,,,367370.955,5025692.393,45.36838135,-75.70120922,3639