Anom_ID,Accident_Date,Accident_Time,Location,Geo_ID,Accident_Location,Classification_of_Accident,Initial_Impact_Type,Environment_Condition,Light,Road_Surface_Condition,Traffic_Control,Traffic_Control_Condition,No__of_Vehicles,No__of_Bicycles,No__of_Motorcycles,No__of_Pedestrians,Max_Injury,No__of_Injuries,No__of_Minimal,No__of_Minor,No__of_Major,No__of_Fatal,X,Y,Latitude,Longitude,ObjectId
15--13480,2015/11/19,4:15 PM,LANCASTER RD @ WALKLEY RD (0003130),3130,02 - Intersection related,03 - P.D. only,03 - Rear end,02 - Rain,01 - Daylight,02 - Wet,01 - Traffic signal,01 - Functioning,2,0,0,0,,0,,,,,374908.0185,5028602.541,45.39385208,-75.60458779,3640
15--13481,2015/11/19,4:30 PM,BASELINE RD @ NAVAHO DR (0003158),3158,02 - Intersection related,03 - P.D. only,04 - Sideswipe,02 - Rain,05 - Dusk,02 - Wet,01 - Traffic signal,01 - Functioning,2,0,0,0,,0,,,,,363087.1321,5024096.425,45.35439035,-75.75608061,3641
15--13482,2015/11/19,4:45 PM,WEST HUNT CLUB RD @ WOODROFFE AVE (0000576),576,02 - Intersection related,03 - P.D. only,03 - Rear end,02 - Rain,05 - Dusk,02 - Wet,01 - Traffic signal,01 - Functioning,2,0,0,0,,0,,,,,363669.9703,5021247.57,45.32870792,-75.74898148,3642
15--13483,2015/11/19,4:50 PM,MEADOWLANDS DR @ MERIVALE RD (0000625),625,02 - Intersection related,02 - Non-fatal injury,03 - Rear end,02 - Rain,05 - Dusk,02 - Wet,01 - Traffic signal,01 - Functioning,2,0,0,0,01 - Minimal,1,1,,,,364858.6999,5023723.709,45.35088721,-75.73351734,3643
15--13484,2015/11/19,4:54 PM,MONTREAL RD @ CARSON'S RD/CODD'S RD (0010801),10801,02 - Intersection related,03 - P.D. only,03 - Rear end,02 - Rain,07 - Dark,02 - Wet,01 - Traffic signal,01 - Functioning,3,0,0,0,,0,,,,,372769.277,5034398.22,45.44620972,-75.63110084,3644
15--13485,2015/11/19,4:55 PM,CARLINGWOOD SC @ WOODROFFE AVE (0008879),8879,02 - Intersection related,03 - P.D. only,03 - Rear end,02 - Rain,07 - Dark,02 - Wet,01 - Traffic signal,01 - Functioning,2,0,0,0,,0,,,,,361843.3315,5026036.186,45.37194646,-75.77173003,3645
15--13486,2015/11/19,5:00 PM,BRONSON AVE btwn LAKEVIEW TER & HOLMWOOD AVE (__3ZA3N0),__3ZA3N0,01 - Non intersection,03 - P.D. only,04 - Sideswipe,02 - Rain,05 - Dusk,02 - Wet,10 - No control,,2,0,0,0,,0,,,,,367691.8876,5028754.698,45.39590644,-75.69672243,3646
15--13487,2015/11/19,5:01 PM,DONALD ST @ 110 E OF ST. LAURENT BLVD  (0013077),13077,03 - At intersection,02 - Non-fatal injury,07 - SMV other,02 - Rain,07 - Dark,02 - Wet,01 - Traffic signal,01 - Functioning,1,0,0,1,02 - Minor,1,,1,,,372203.1927,5032484.185,45.42904297,-75.63859875,3647
15--13488,2015/11/19,5:04 PM,BRANT ST @ MCARTHUR AVE (0004649),4649,02 - Intersection related,02 - Non-fatal injury,03 - Rear end,02 - Rain,07 - Dark,02 - Wet,01 - Traffic signal,01 - Functioning,2,0,0,0,01 - Minimal,1,1,,,,371262.7195,5032804.496,45.43201499,-75.65057327,3648
15--13489,2015/11/19,5:10 PM,AURIGA DR @ DEAKIN ST (0000179),179,02 - Intersection related,03 - P.D. only,03 - Rear end,02 - Rain,07 - Dark,02 - Wet,02 - Stop sign,01 - Functioning,2,0,0,0,,0,,,,,367146.1573,5021589.494,45.3314843,-75.70459602,3649
15--1349,2015/01/21,8:15 AM,HIGHWAY 417 btwn HIGHWAY 417 & HWY417 IC129 RAMP51 (__3ZA290),__3ZA290,01 - Non intersection,03 - P.D. only,99 - Other,01 - Clear,01 - Daylight,01 - Dry,10 - No control,,2,0,0,0,,0,,,,,360041.2645,5023222.495,45.34677331,-75.79504964,3650
15--13490,2015/11/19,5:20 PM,BOYER RD @ ST. JOSEPH BLVD (0003643),3643,03 - At intersection,03 - P.D. only,02 - Angle,02 - Rain,07 - Dark,02 - Wet,02 - Stop sign,01 - Functioning,2,0,0,0,,0,,,,,380405.742,5036832.864,45.46733048,-75.53311748,3651
15--13491,2015/11/19,5:29 PM,ST. LAURENT BLVD @ 125 N OF QUEEN MARY ST/ZELL (0008532),8532,02 - Intersection related,02 - Non-fatal injury,07 - SMV other,02 - Rain,07 - Dark,02 - Wet,01 - Traffic signal,01 - Functioning,1,0,0,1,02 - Minor,1,,1,,,372170.965,5032288.491,45.42728532,-75.63903734,3652
15--13492,2015/11/19,5:31 PM,FISHER AVE @ VIEWMOUNT DR (0005076),5076,03 - At intersection,02 - Non-fatal injury,07 - SMV other,02 - Rain,07 - Dark,02 - Wet,01 - Traffic signal,01 - Functioning,1,0,0,1,02 - Minor,1,,1,,,366920.1507,5024208.426,45.35506903,-75.70715023,3653
15--13493,2015/11/19,5:31 PM,STRANDHERD DR @ WOODROFFE AVE (0009688),9688,02 - Intersection related,03 - P.D. only,04 - Sideswipe,02 - Rain,07 - Dark,02 - Wet,01 - Traffic signal,01 - Functioning,2,0,0,0,,0,,,,,366106.8747,5015394.789,45.27583649,-75.71861993,3654
15--13494,2015/11/19,5:32 PM,HUNT CLUB RD @ LORRY GREENBERG DR/SABLE RIDGE  (0008203),8203,02 - Intersection related,03 - P.D. only,02 - Angle,02 - Rain,07 - Dark,02 - Wet,01 - Traffic signal,01 - Functioning,2,0,0,0,,0,,,,,372824.4607,5024806.061,45.3598984,-75.63171863,3655
15--13495,2015/11/19,5:36 PM,BASELINE RD @ NAVAHO DR (0003158),3158,02 - Intersection related,02 - Non-fatal injury,03 - Rear end,02 - Rain,07 - Dark,02 - Wet,01 - Traffic signal,01 - Functioning,2,0,0,0,01 - Minimal,1,1,,,,363086.4127,5024097.506,45.35440014,-75.75608966,3656
15--13496,2015/11/19,5:40 PM,AVIATION PKWY @ MONTREAL RD (0008799),8799,03 - At intersection,02 - Non-fatal injury,07 - SMV other,02 - Rain,07 - Dark,02 - Wet,01 - Traffic signal,01 - Functioning,1,0,0,1,02 - Minor,1,,1,,,372143.5102,5034114.343,45.4437161,-75.63913839,3657
15--13497,2015/11/19,5:45 PM,BASELINE RD btwn 207 E OF CLYDE AVE & LOBLAWS SC (__3ZA4ISB),__3ZA4ISB,01 - Non intersection,03 - P.D. only,03 - Rear end,02 - Rain,07 - Dark,02 - Wet,10 - No control,,3,0,0,0,,0,,,,,364569.4157,5025021.914,45.36259299,-75.73705196,3658
15--13498,2015/11/19,5:54 PM,BESSERER ST @ WALLER ST (0008859),8859,03 - At intersection,03 - P.D. only,04 - Sideswipe,02 - Rain,07 - Dark,02 - Wet,01 - Traffic signal,01 - Functioning,2,0,0,0,,0,,,,,368317.3773,5032190.534,45.4267645,-75.68829151,3659
15--13499,2015/11/19,6:00 AM,HIGHWAY 417 btwn HWY417 IC163 RAMP51 & HWY417 IC163 RAMP15 (__34IVFY),__34IVFY,01 - Non intersection,03 - P.D. only,07 - SMV other,02 - Rain,07 - Dark,02 - Wet,10 - No control,,1,0,0,0,,0,,,,,330943.7488,5021547.803,45.33339174,-76.16645042,3660
15--135,2015/01/04,12:00 PM,STONEHURST AVE btwn BURNSIDE AVE & LYNDALE AVE (__3ZA0VY),__3ZA0VY,04 - At/near private drive,03 - P.D. only,99 - Other,03 - Snow,01 - Daylight,03 - Loose snow,10 - No control,,2,0,0,0,,0,,,,,365115.181,5030150.393,45.40869128,-75.72945928,3661
15--1350,2015/01/21,8:18 AM,INNES RD @ 473 E OF PAGE RD/BUILDERS' WAREHOUS (0009781),9781,02 - Intersection related,03 - P.D. only,03 - Rear end,02 - Rain,01 - Daylight,02 - Wet,01 - Traffic signal,01 - Functioning,2,0,0,0,,0,,,,,381301.8939,5034780.968,45.44877161,-75.52197797,3662
15--12977,2015/11/06,5:40 PM,GALETTA SIDE RD btwn CANON SMITH DR & NEWTOWN RD (__3ZA4QF),__3ZA4QF,01 - Non intersection,03 - P.D. only,07 - SMV other,01 - Clear,07 - Dark,01 - Dry,10 - No control,,1,0,0,0,,0,,,,,329251.1482,5036329.623,45.46646637,-76.18731195,3663
15--13240,2015/11/13,12:54 AM,CONROY RD btwn ROSEBELLA AVE & KINGSDALE AVE (__3ZA3S1),__3ZA3S1,01 - Non intersection,03 - P.D. only,07 - SMV other,02 - Rain,07 - Dark,02 - Wet,10 - No control,,1,0,0,0,,0,,,,,374313.9039,5024129.709,45.35366677,-75.61280437,3664
15--13241,2015/11/13,12:56 PM,BLAIR RD @ MONTREAL RD (0009277),9277,02 - Intersection related,03 - P.D. only,03 - Rear end,02 - Rain,01 - Daylight,02 - Wet,01 - Traffic signal,01 - Functioning,2,0,0,0,,0,,,,,374021.1616,5034438.504,45.44644932,-75.61509335,3665
15--12712,2015/10/31,11:06 AM,ORLEANS BLVD @ ST. JOSEPH BLVD (0004144),4144,02 - Intersection related,02 - Non-fatal injury,03 - Rear end,01 - Clear,01 - Daylight,01 - Dry,01 - Traffic signal,01 - Functioning,2,0,0,0,01 - Minimal,1,1,,,,380631.017,5036980.23,45.46863194,-75.53021423,3666
15--12978,2015/11/06,6:08 PM,MARCH RD btwn DUNROBIN RD & MURPHY CRT (__3ZA3DI),__3ZA3DI,01 - Non intersection,03 - P.D. only,07 - SMV other,01 - Clear,07 - Dark,01 - Dry,10 - No control,,1,0,0,0,,0,,,,,347545.9123,5025932.367,45.37203025,-75.95426389,3667
15--13242,2015/11/13,12:56 PM,BRONSON AVE @ FIFTH AVE/MADAWASKA DR (0006977),6977,02 - Intersection related,03 - P.D. only,03 - Rear end,02 - Rain,01 - Daylight,02 - Wet,01 - Traffic signal,01 - Functioning,3,0,0,0,,0,,,,,367614.4347,5028938.554,45.39756767,-75.69768817,3668
15--12713,2015/10/31,11:47 PM,"MONTREAL RD btwn EGLISE, RUE DE L & ST. LAURENT BLVD (__3ZA3ML)",__3ZA3ML,01 - Non intersection,03 - P.D. only,04 - Sideswipe,01 - Clear,07 - Dark,01 - Dry,10 - No control,,2,0,0,0,,0,,,,,371174.2868,5033640.434,45.43954478,-75.65159065,3669
15--12979,2015/11/06,6:15 PM,BANNER RD @ GREENBANK RD (0000644),644,02 - Intersection related,03 - P.D. only,05 - Turning movement,01 - Clear,07 - Dark,01 - Dry,01 - Traffic signal,01 - Functioning,2,0,0,0,,0,,,,,361022.6847,5021566.49,45.33179462,-75.7827146,3670
15--1351,2015/01/21,8:19 AM,ALBION RD btwn BANK ST & DES MESANGES DR (__3ZBORZ),__3ZBORZ,04 - At/near private drive,03 - P.D. only,05 - Turning movement,01 - Clear,01 - Daylight,04 - Slush,10 - No control,,2,0,0,0,,0,,,,,371950.7704,5024119.204,45.35380253,-75.64296267,3671
15--12714,2015/10/31,11:55 AM,OLD PRESCOTT RD @ PARKWAY RD (0005817),5817,03 - At intersection,03 - P.D. only,02 - Angle,01 - Clear,01 - Daylight,01 - Dry,01 - Traffic signal,02 - Not functioning,2,0,0,0,,0,,,,,377889.0365,5013683.081,45.25930921,-75.56872189,3672
15--13243,2015/11/13,2:04 PM,HAWTHORNE RD/RUSSELL RD @ WALKLEY RD (0002618),2618,02 - Intersection related,03 - P.D. only,03 - Rear end,02 - Rain,01 - Daylight,02 - Wet,01 - Traffic signal,01 - Functioning,2,0,0,0,,0,,,,,374676.1879,5028499.541,45.39294851,-75.60756293,3673
15--13510,2015/11/19,7:40 AM,BANK ST @ HERON RD (0002155),2155,02 - Intersection related,03 - P.D. only,03 - Rear end,02 - Rain,01 - Daylight,02 - Wet,01 - Traffic signal,01 - Functioning,2,0,0,0,,0,,,,,369995.72,5026852.264,45.37857826,-75.66755143,3674
15--12715,2015/10/31,11:57 AM,CARLING AVE @ MAITLAND AVE/SHERBOURNE RD (0002641),2641,02 - Intersection related,03 - P.D. only,03 - Rear end,01 - Clear,01 - Daylight,01 - Dry,01 - Traffic signal,01 - Functioning,2,0,0,0,,0,,,,,362942.6979,5026488.045,45.37592188,-75.75764245,3675
15--1298,2015/01/21,11:27 AM,WINONA AVE btwn PICTON AVE & RICHMOND RD (__3ZBONE),__3ZBONE,01 - Non intersection,03 - P.D. only,06 - SMV unattended vehicle,01 - Clear,01 - Daylight,01 - Dry,10 - No control,,1,0,0,0,,0,,,,,363277.3629,5028378.819,45.39290694,-75.75314586,3676
15--12716,2015/10/31,12:09 PM,BASELINE RD @ CENTREPOINTE DR E/HIGHGATE RD (0011468),11468,03 - At intersection,02 - Non-fatal injury,05 - Turning movement,01 - Clear,01 - Daylight,01 - Dry,01 - Traffic signal,01 - Functioning,2,0,0,0,02 - Minor,1,,1,,,362061.6866,5023465.145,45.34879462,-75.76924041,3677
15--13511,2015/11/19,7:50 AM,ST. JOSEPH BLVD @ JEANNE D'ARC BLVD (0012421),12421,02 - Intersection related,03 - P.D. only,03 - Rear end,02 - Rain,01 - Daylight,02 - Wet,11 - Roundabout,01 - Functioning,2,0,0,0,,0,,,,,379860.0205,5036470.137,45.4641258,-75.54015083,3678
15--13244,2015/11/13,2:20 PM,WEST HUNT CLUB RD @ CLEOPATRA DR/LANCELOT DR (0000114),114,02 - Intersection related,03 - P.D. only,03 - Rear end,01 - Clear,01 - Daylight,01 - Dry,01 - Traffic signal,01 - Functioning,2,0,0,0,,0,,,,,365234.9793,5021732.854,45.33294143,-75.72895882,3679
15--12980,2015/11/06,6:30 PM,HURON AVE   N btwn SPENCER ST & WELLINGTON ST W (__3ZA04U),__3ZA04U,01 - Non intersection,03 - P.D. only,06 - SMV unattended vehicle,01 - Clear,07 - Dark,01 - Dry,10 - No control,,1,0,0,0,,0,,,,,364800.2962,5029239.025,45.40051806,-75.73359254,3680
15--12717,2015/10/31,12:47 AM,BESSERER ST @ DALHOUSIE ST (0011452),11452,03 - At intersection,03 - P.D. only,04 - Sideswipe,01 - Clear,07 - Dark,01 - Dry,01 - Traffic signal,01 - Functioning,2,0,0,0,,0,,,,,368252.0431,5032157.794,45.42647585,-75.68913057,3681
15--13512,2015/11/19,7:52 PM,TERRY FOX DR @ FERNBANK RD (0011863),11863,02 - Intersection related,03 - P.D. only,04 - Sideswipe,01 - Clear,07 - Dark,01 - Dry,01 - Traffic signal,01 - Functioning,2,0,0,0,,0,,,,,354304.3579,5015130.474,45.27438816,-75.86906372,3682
15--13245,2015/11/13,2:27 PM,ROTHBOURNE RD btwn MOONSTONE RD & CARP RD (__3ZACM4),__3ZACM4,04 - At/near private drive,03 - P.D. only,07 - SMV other,01 - Clear,01 - Daylight,02 - Wet,10 - No control,,1,0,0,0,,0,,,,,347833.3743,5014495.847,45.26910335,-75.95158775,3683
15--12981,2015/11/06,6:31 PM,KENNEVALE DR @ STRANDHERD DR (0010896),10896,02 - Intersection related,03 - P.D. only,03 - Rear end,01 - Clear,07 - Dark,01 - Dry,01 - Traffic signal,01 - Functioning,2,0,0,0,,0,,,,,361491.499,5014098.827,45.26456259,-75.77758776,3684
15--12718,2015/10/31,2:30 PM,HIGHWAY 417 btwn HWY417 IC115 RAMP25 & REGIONAL ROAD 174 (__3ZA2RY),__3ZA2RY,01 - Non intersection,03 - P.D. only,03 - Rear end,01 - Clear,01 - Daylight,01 - Dry,10 - No control,,2,0,0,0,,0,,,,,373280.5074,5031703.926,45.42191794,-75.62494094,3685
15--13513,2015/11/19,7:56 AM,AMIENS ST @ PRESTONE DR (0004883),4883,03 - At intersection,02 - Non-fatal injury,02 - Angle,02 - Rain,01 - Daylight,02 - Wet,02 - Stop sign,01 - Functioning,2,0,0,0,01 - Minimal,1,1,,,,382919.478,5037525.222,45.47328309,-75.50086539,3686
15--13514,2015/11/19,8:04 AM,OAK LEAF PRIV @ PERTH ST (0010388),10388,03 - At intersection,02 - Non-fatal injury,02 - Angle,01 - Clear,01 - Daylight,02 - Wet,02 - Stop sign,01 - Functioning,2,0,0,0,02 - Minor,2,,2,,,356653.3789,5006172.212,45.19361011,-75.8400609,3687
15--13515,2015/11/19,8:05 AM,PRINCE OF WALES DR btwn HOLBORN AVE & RIDEAU GLEN DR (__3ZA27H),__3ZA27H,01 - Non intersection,03 - P.D. only,03 - Rear end,01 - Clear,01 - Daylight,01 - Dry,10 - No control,,3,0,0,0,,0,,,,,367454.3643,5017923.721,45.29847277,-75.70112794,3688
15--13516,2015/11/19,8:20 AM,LONGFIELDS DR @ WOODROFFE AVE (0000096),96,02 - Intersection related,02 - Non-fatal injury,03 - Rear end,01 - Clear,01 - Daylight,01 - Dry,01 - Traffic signal,01 - Functioning,2,0,0,0,01 - Minimal,1,1,,,,365420.4492,5017107.305,45.29130515,-75.72715868,3689
15--13517,2015/11/19,8:25 PM,JEANNE D'ARC BLVD @ ORLEANS BLVD S (0004154),4154,03 - At intersection,03 - P.D. only,02 - Angle,02 - Rain,07 - Dark,02 - Wet,01 - Traffic signal,01 - Functioning,2,0,0,0,,0,,,,,380941.4665,5036250.58,45.46203337,-75.52635757,3690
15--13518,2015/11/19,9:18 AM,GLADSTONE AVE @ ARTHUR ST/ARTHUR LANE (0005267),5267,02 - Intersection related,03 - P.D. only,03 - Rear end,02 - Rain,01 - Daylight,02 - Wet,01 - Traffic signal,01 - Functioning,2,0,0,0,,0,,,,,366991.9072,5029995.556,45.40713386,-75.70550548,3691
15--13519,2015/11/19,9:19 PM,MERIVALE RD @ WEST HUNT CLUB RD (0000584),584,03 - At intersection,02 - Non-fatal injury,05 - Turning movement,01 - Clear,07 - Dark,02 - Wet,01 - Traffic signal,01 - Functioning,2,0,0,0,02 - Minor,1,,1,,,365611.2538,5021942.138,45.33479203,-75.72413296,3692
15--1352,2015/01/21,8:20 AM,RAJ TER btwn MANJU ST & EWING ST (__3ZA8N4),__3ZA8N4,04 - At/near private drive,03 - P.D. only,02 - Angle,03 - Snow,01 - Daylight,06 - Ice,10 - No control,,2,0,0,0,,0,,,,,373657.4864,5026212.056,45.37246764,-75.62089099,3693
15--13520,2015/11/19,9:25 PM,COOPER ST @ METCALFE ST (0006940),6940,03 - At intersection,03 - P.D. only,02 - Angle,01 - Clear,07 - Dark,02 - Wet,02 - Stop sign,01 - Functioning,2,0,0,0,,0,,,,,367961.9866,5031177.489,45.41768164,-75.69296259,3694
15--13521,2015/11/19,9:55 PM,MONTREAL RD @ ST. LAURENT BLVD (0002604),2604,02 - Intersection related,03 - P.D. only,03 - Rear end,01 - Clear,07 - Dark,02 - Wet,01 - Traffic signal,00 - Unknown,2,0,0,0,,0,,,,,371545.7029,5033818.676,45.44111316,-75.64681949,3695
15--13522,2015/11/20,1:11 PM,CEDARVIEW RD btwn WEST HUNT CLUB RD & LYTLE AVE (__3ZA1XV),__3ZA1XV,01 - Non intersection,03 - P.D. only,05 - Turning movement,01 - Clear,01 - Daylight,01 - Dry,10 - No control,,2,0,0,0,,0,,,,,359735.9747,5019523.126,45.31351025,-75.79935579,3696
15--13523,2015/11/20,1:14 PM,WALKLEY RD btwn HARDING RD & HALIFAX DR (__3ZA2EK),__3ZA2EK,04 - At/near private drive,03 - P.D. only,02 - Angle,01 - Clear,01 - Daylight,02 - Wet,10 - No control,,2,0,0,0,,0,,,,,373402.1433,5027759.16,45.38641286,-75.62393563,3697
15--13524,2015/11/20,1:56 PM,EARL MULLIGAN DR @ WOODROFFE AVE (0000591),591,02 - Intersection related,02 - Non-fatal injury,03 - Rear end,01 - Clear,01 - Daylight,01 - Dry,01 - Traffic signal,01 - Functioning,3,0,0,0,02 - Minor,1,,1,,,365251.4232,5017506.821,45.29491453,-75.72926468,3698
15--13525,2015/11/20,10:01 PM,RIDEAU ST btwn CUMBERLAND ST & KING EDWARD AVE (__3ZBOFX),__3ZBOFX,01 - Non intersection,03 - P.D. only,03 - Rear end,01 - Clear,07 - Dark,01 - Dry,10 - No control,,2,0,0,0,,0,,,,,368495.1306,5032406.022,45.42868722,-75.68599231,3699
15--13526,2015/11/20,10:07 AM,POULIN AVE @ RICHMOND RD (0002748),2748,03 - At intersection,03 - P.D. only,02 - Angle,01 - Clear,01 - Daylight,01 - Dry,01 - Traffic signal,01 - Functioning,2,0,0,0,,0,,,,,360325.6794,5024900.874,45.36185286,-75.79123192,3700
15--13527,2015/11/20,11:19 AM,BANK ST @ EVANS AVE (0011429),11429,03 - At intersection,03 - P.D. only,05 - Turning movement,01 - Clear,01 - Daylight,01 - Dry,02 - Stop sign,01 - Functioning,2,0,0,0,,0,,,,,369918.7993,5027061.221,45.38046554,-75.66850593,3701
15--13528,2015/11/20,Unknown,CHURCHILL AVE   N btwn RAVENHILL AVE & KENWOOD AVE (__3ZA4OJ),__3ZA4OJ,01 - Non intersection,03 - P.D. only,06 - SMV unattended vehicle,01 - Clear,00 - Unknown,01 - Dry,10 - No control,,1,0,0,0,,0,,,,,363349.5697,5028008.945,45.38957283,-75.75226763,3702
15--13529,2015/11/20,Unknown,SOMERSET ST    W btwn CARTIER ST & MACDONALD ST (__3ZA9U0),__3ZA9U0,01 - Non intersection,03 - P.D. only,06 - SMV unattended vehicle,01 - Clear,00 - Unknown,01 - Dry,10 - No control,,1,0,0,0,,0,,,,,368380.55,5031327.81,45.41899627,-75.68759564,3703
15--1353,2015/01/21,8:26 AM,HWY 417 CASTLEFR IC139R61 @ KANATA AVE (0012625),12625,02 - Intersection related,03 - P.D. only,02 - Angle,01 - Clear,01 - Daylight,01 - Dry,01 - Traffic signal,01 - Functioning,2,0,0,0,,0,,,,,351615.9394,5019224.609,45.31141244,-75.90293942,3704
15--13530,2015/11/20,12:00 PM,KING EDWARD AVE NB btwn ST. ANDREW ST & GUIGUES AVE (__3ZA3LH),__3ZA3LH,01 - Non intersection,03 - P.D. only,06 - SMV unattended vehicle,01 - Clear,01 - Daylight,01 - Dry,10 - No control,,1,0,0,0,,0,,,,,368199.6892,5032944.034,45.4335549,-75.68969832,3705
15--13531,2015/11/20,12:07 AM,COBOURG ST btwn TORMEY ST & PRUDHOMME PRIV (__3ZAZIQ),__3ZAZIQ,04 - At/near private drive,03 - P.D. only,03 - Rear end,01 - Clear,07 - Dark,01 - Dry,10 - No control,,2,0,0,0,,0,,,,,369084.863,5032849.176,45.43262059,-75.6783986,3706
15--13532,2015/11/20,12:07 AM,HIGHWAY 416 btwn HWY416 IC42 RAMP43 & END (__3ZAZJE),__3ZAZJE,01 - Non intersection,03 - P.D. only,07 - SMV other,01 - Clear,07 - Dark,01 - Dry,10 - No control,,1,0,0,0,,0,,,,,372549.7697,4994022.882,45.08294244,-75.63941355,3707
15--13533,2015/11/20,12:18 PM,MONTREAL RD btwn THOMSON ST & AVIATION PKWY (__3ZA3UF),__3ZA3UF,01 - Non intersection,03 - P.D. only,04 - Sideswipe,01 - Clear,01 - Daylight,01 - Dry,10 - No control,,3,0,0,0,,0,,,,,372134.4422,5034099.919,45.44358719,-75.63925627,3708
15--13534,2015/11/20,12:24 PM,MONTREAL RD btwn ELMSMERE RD & BETHAMY LANE (__3ZA2DV),__3ZA2DV,01 - Non intersection,03 - P.D. only,04 - Sideswipe,01 - Clear,01 - Daylight,01 - Dry,10 - No control,,2,0,0,0,,0,,,,,375300.1404,5034342.892,45.44546123,-75.59875891,3709
15--13535,2015/11/20,2:00 PM,CONROY RD @ HUNT CLUB RD (0002257),2257,02 - Intersection related,02 - Non-fatal injury,03 - Rear end,01 - Clear,01 - Daylight,01 - Dry,01 - Traffic signal,01 - Functioning,2,0,0,0,02 - Minor,1,,1,,,373764.462,5025404.523,45.36519128,-75.61963811,3710
15--13536,2015/11/20,2:07 PM,HIGHWAY 417 btwn HWY417 IC117 RAMP25 & HWY417 IC115 RAMP51 (__3ZA2R3),__3ZA2R3,01 - Non intersection,03 - P.D. only,04 - Sideswipe,01 - Clear,01 - Daylight,01 - Dry,10 - No control,,2,0,0,0,,0,,,,,371855.5524,5031435.495,45.41964075,-75.64318379,3711
15--13537,2015/11/20,2:26 PM,CONROY RD @ HUNT CLUB RD (0002257),2257,02 - Intersection related,03 - P.D. only,99 - Other,01 - Clear,01 - Daylight,01 - Dry,01 - Traffic signal,01 - Functioning,2,0,0,0,,0,,,,,373763.74,5025403.801,45.36518485,-75.61964743,3712
15--13538,2015/11/20,2:46 PM,MERIVALE RD @ FAMILY BROWN LANE (0010933),10933,02 - Intersection related,03 - P.D. only,03 - Rear end,01 - Clear,01 - Daylight,01 - Dry,01 - Traffic signal,01 - Functioning,2,0,0,0,,0,,,,,365004.9591,5023386.028,45.34783626,-75.73169203,3713
15--13539,2015/11/20,2:50 PM,INDUSTRIAL AVE @ RIVERSIDE DR (0011905),11905,02 - Intersection related,03 - P.D. only,02 - Angle,02 - Rain,01 - Daylight,02 - Wet,01 - Traffic signal,00 - Unknown,2,0,0,0,,0,,,,,370685.4393,5030591.472,45.41215775,-75.65824636,3714
15--1354,2015/01/21,8:27 PM,REGIONAL ROAD 174 EB btwn OR174 IC109 RAMP55 & TRANSIT (__3ZA28V),__3ZA28V,01 - Non intersection,03 - P.D. only,04 - Sideswipe,01 - Clear,07 - Dark,01 - Dry,10 - No control,,2,0,0,0,,0,,,,,376481.3932,5035005.382,45.45130175,-75.58356372,3715
15--13540,2015/11/20,3:00 PM,COLONEL BY DR @ UNIVERSITY RD - CARLETON (0007131),7131,03 - At intersection,03 - P.D. only,03 - Rear end,01 - Clear,01 - Daylight,01 - Dry,01 - Traffic signal,01 - Functioning,2,0,0,0,,0,,,,,367343.215,5026845.638,45.37876045,-75.70141728,3716
15--13541,2015/11/20,3:26 PM,NICHOLAS ST NB btwn HWY417 IC118 RAMP52 & WALLER ST/TRANSITWAY (__6KCFNL),__6KCFNL,01 - Non intersection,03 - P.D. only,04 - Sideswipe,01 - Clear,01 - Daylight,01 - Dry,10 - No control,,2,0,0,0,,0,,,,,368771.6862,5031500.506,45.42051447,-75.68257596,3717
15--13542,2015/11/20,3:27 PM,PRINCE OF WALES DR @ FALLOWFIELD RD (0000566),566,02 - Intersection related,03 - P.D. only,03 - Rear end,01 - Clear,01 - Daylight,01 - Dry,01 - Traffic signal,01 - Functioning,4,0,0,0,,0,,,,,367398.988,5019167.192,45.3096663,-75.70167692,3718
15--13543,2015/11/20,3:28 PM,FLEWELLYN RD @ SHEA RD (0000398),398,02 - Intersection related,03 - P.D. only,03 - Rear end,01 - Clear,01 - Daylight,01 - Dry,02 - Stop sign,01 - Functioning,2,0,0,0,,0,,,,,352993.141,5012174.176,45.24787761,-75.88606106,3719
15--13544,2015/11/20,4:32 PM,ST. LAURENT BLVD btwn INDUSTRIAL AVE & BOURASSA ST (__3ZBOFB),__3ZBOFB,01 - Non intersection,03 - P.D. only,04 - Sideswipe,01 - Clear,05 - Dusk,01 - Dry,10 - No control,,2,0,0,0,,0,,,,,373228.0677,5029708.719,45.40397115,-75.62588795,3720
15--13545,2015/11/20,4:48 PM,RIVERSIDE DR NB btwn HINCKS LANE & SAN REMO PRIV (__3ZA4SC),__3ZA4SC,01 - Non intersection,03 - P.D. only,03 - Rear end,01 - Clear,05 - Dusk,01 - Dry,10 - No control,,2,0,0,0,,0,,,,,370327.4366,5030380.341,45.41029168,-75.66284778,3721
15--13546,2015/11/20,4:53 PM,EAGLESON RD @ FERNBANK RD (0011846),11846,02 - Intersection related,03 - P.D. only,03 - Rear end,01 - Clear,05 - Dusk,01 - Dry,01 - Traffic signal,01 - Functioning,2,0,0,0,,0,,,,,354797.9086,5015586.344,45.27845527,-75.86272786,3722