Anom_ID,Accident_Date,Accident_Time,Location,Geo_ID,Accident_Location,Classification_of_Accident,Initial_Impact_Type,Environment_Condition,Light,Road_Surface_Condition,Traffic_Control,Traffic_Control_Condition,No__of_Vehicles,No__of_Bicycles,No__of_Motorcycles,No__of_Pedestrians,Max_Injury,No__of_Injuries,No__of_Minimal,No__of_Minor,No__of_Major,No__of_Fatal,X,Y,Latitude,Longitude,ObjectId
15--13547,2015/11/20,5:00 PM,SENECA ST btwn SUNNYSIDE AVE & HOPEWELL AVE (__3ZBOU5),__3ZBOU5,01 - Non intersection,03 - P.D. only,06 - SMV unattended vehicle,01 - Clear,07 - Dark,01 - Dry,10 - No control,,1,0,0,0,,0,,,,,368230.6525,5028265.005,45.39145173,-75.68990478,3723
15--13548,2015/11/20,5:10 PM,BANK ST @ LEITRIM RD (0004125),4125,02 - Intersection related,03 - P.D. only,03 - Rear end,01 - Clear,07 - Dark,01 - Dry,01 - Traffic signal,01 - Functioning,3,0,0,0,,0,,,,,375358.5972,5021619.486,45.33097652,-75.59983077,3724
15--13549,2015/11/20,5:11 PM,COLONNADE RD @ PRINCE OF WALES DR (0005249),5249,02 - Intersection related,02 - Non-fatal injury,03 - Rear end,01 - Clear,05 - Dusk,01 - Dry,01 - Traffic signal,01 - Functioning,3,0,0,0,01 - Minimal,1,1,,,,367394.7116,5023266.516,45.34655171,-75.70121316,3725
15--1355,2015/01/21,8:30 AM,REGIONAL RD 174 @ TRIM RD (0012835),12835,02 - Intersection related,03 - P.D. only,03 - Rear end,01 - Clear,01 - Daylight,01 - Dry,01 - Traffic signal,01 - Functioning,2,0,0,0,,0,,,,,384352.8172,5039988.895,45.49528704,-75.48213699,3726
15--13550,2015/11/20,5:20 PM,HWY417 IC131 RAMP66 btwn HWY417 IC130 RAMP36 & HWY417 IC131 RAMP63 (__3ZA1SX),__3ZA1SX,01 - Non intersection,03 - P.D. only,03 - Rear end,01 - Clear,07 - Dark,01 - Dry,10 - No control,,2,0,0,0,,0,,,,,358554.9039,5022928.413,45.34424264,-75.81404811,3727
15--13551,2015/11/20,5:20 PM,HIGHWAY 417 btwn HWY417 IC131 RAMP66 & HWY417 IC130 RAMP26 (__3ZA29A),__3ZA29A,01 - Non intersection,02 - Non-fatal injury,03 - Rear end,01 - Clear,07 - Dark,01 - Dry,10 - No control,,2,0,0,0,02 - Minor,1,,1,,,359192.0219,5023080.813,45.34556482,-75.80590186,3728
15--13552,2015/11/20,5:36 PM,RAMSAYVILLE RD btwn RIDGE RD & RUSSELL RD (__3ZA2B5),__3ZA2B5,01 - Non intersection,03 - P.D. only,03 - Rear end,01 - Clear,07 - Dark,01 - Dry,10 - No control,,2,0,0,0,,0,,,,,377050.1003,5027911.881,45.38742018,-75.57733399,3729
15--13553,2015/11/20,5:57 PM,ATHLONE AVE @ RICHMOND RD (0006293),6293,02 - Intersection related,03 - P.D. only,03 - Rear end,01 - Clear,07 - Dark,01 - Dry,01 - Traffic signal,00 - Unknown,3,0,0,0,,0,,,,,363453.6895,5028441.556,45.39345669,-75.75088661,3730
15--13554,2015/11/20,6:14 PM,CARLING AVE @ CARLINGWOOD SC (0008881),8881,03 - At intersection,03 - P.D. only,05 - Turning movement,01 - Clear,07 - Dark,01 - Dry,01 - Traffic signal,01 - Functioning,2,0,0,0,,0,,,,,362073.7328,5025917.947,45.37086376,-75.76880246,3731
15--13555,2015/11/20,6:20 PM,MORRISON DR @ BASELINE RD (0002570),2570,03 - At intersection,03 - P.D. only,05 - Turning movement,01 - Clear,07 - Dark,01 - Dry,01 - Traffic signal,01 - Functioning,2,0,0,0,,0,,,,,360099.9581,5022309.608,45.33855452,-75.79440274,3732
15--13556,2015/11/20,6:34 PM,CARLING AVE @ MAITLAND AVE/SHERBOURNE RD (0002641),2641,02 - Intersection related,02 - Non-fatal injury,03 - Rear end,01 - Clear,07 - Dark,01 - Dry,01 - Traffic signal,01 - Functioning,2,0,0,0,01 - Minimal,1,1,,,,362943.4186,5026488.167,45.37592292,-75.75763323,3733
15--13557,2015/11/20,7:00 PM,CARLING AVE @ WOODROFFE AVE W (0011470),11470,02 - Intersection related,03 - P.D. only,03 - Rear end,02 - Rain,07 - Dark,02 - Wet,01 - Traffic signal,01 - Functioning,2,0,0,0,,0,,,,,361766.9616,5025724.791,45.36915076,-75.77274088,3734
15--13558,2015/11/20,7:05 AM,400 E OF TRAINYARDS DR @ INDUSTRIAL AVE (0014364),14364,03 - At intersection,03 - P.D. only,05 - Turning movement,01 - Clear,03 - Dawn,01 - Dry,01 - Traffic signal,01 - Functioning,2,0,0,0,,0,,,,,372091.6332,5030434.623,45.41061269,-75.64030422,3735
15--13559,2015/11/20,7:12 AM,MELROSE AVE btwn RUSKIN ST & CARLING AVE (__3ZA0KJ),__3ZA0KJ,01 - Non intersection,03 - P.D. only,04 - Sideswipe,01 - Clear,01 - Daylight,01 - Dry,10 - No control,,2,0,0,0,,0,,,,,365959.0584,5028414.57,45.39299954,-75.7188948,3736
15--1356,2015/01/21,8:39 AM,BANK ST @ HERON RD (0002155),2155,02 - Intersection related,03 - P.D. only,03 - Rear end,01 - Clear,01 - Daylight,01 - Dry,01 - Traffic signal,01 - Functioning,2,0,0,0,,0,,,,,369994.7561,5026851.06,45.37856752,-75.6675639,3737
15--13560,2015/11/20,7:20 PM,PRESTON ST @ PRINCE OF WALES DR/QUEEN ELIZABET (0006904),6904,03 - At intersection,02 - Non-fatal injury,05 - Turning movement,01 - Clear,07 - Dark,01 - Dry,01 - Traffic signal,01 - Functioning,2,0,0,0,02 - Minor,3,,3,,,366899.9821,5028771.984,45.39613265,-75.70683377,3738
15--13561,2015/11/20,7:30 PM,TERRY FOX DR @ PALLADIUM DR/KATIMAVIK RD (0011858),11858,02 - Intersection related,03 - P.D. only,03 - Rear end,01 - Clear,07 - Dark,01 - Dry,01 - Traffic signal,01 - Functioning,2,0,0,0,,0,,,,,351270.4387,5018182.136,45.30205495,-75.90744323,3739
15--13562,2015/11/20,7:31 AM,EAGLESON RD btwn BARNSDALE RD & OTTAWA ST (__3ZBOCS),__3ZBOCS,01 - Non intersection,03 - P.D. only,07 - SMV other,01 - Clear,01 - Daylight,01 - Dry,10 - No control,,1,0,0,0,,0,,,,,358423.3082,5006426.684,45.19576755,-75.81750918,3740
15--13563,2015/11/20,7:49 PM,CENTREPOINTE DR btwn HEMMINGWOOD WAY & Continuation of CENTREPOINTE DR (__3ZA0AP),__3ZA0AP,01 - Non intersection,03 - P.D. only,05 - Turning movement,01 - Clear,07 - Dark,01 - Dry,10 - No control,,2,0,0,0,,0,,,,,362367.6397,5023137.353,45.34582012,-75.76537439,3741
15--13564,2015/11/20,7:50 AM,DUNROBIN RD btwn KERWIN RD & ROCHON WAY (__3ZA3EG),__3ZA3EG,04 - At/near private drive,03 - P.D. only,03 - Rear end,01 - Clear,01 - Daylight,01 - Dry,10 - No control,,2,0,0,0,,0,,,,,346447.8332,5027030.372,45.38197648,-75.96818982,3742
15--13565,2015/11/20,7:51 AM,REGIONAL ROAD 174 btwn OR174 IC105 RAMP25 & OR174 IC102 RAMP51 (__3ZA27G),__3ZA27G,01 - Non intersection,03 - P.D. only,07 - SMV other,01 - Clear,01 - Daylight,01 - Dry,10 - No control,,1,0,0,0,,0,,,,,379854.9794,5037258.382,45.47121836,-75.54009491,3743
15--13566,2015/11/20,7:55 AM,MERIVALE RD @ MACFARLANE RD (0010373),10373,02 - Intersection related,03 - P.D. only,02 - Angle,01 - Clear,01 - Daylight,01 - Dry,02 - Stop sign,01 - Functioning,2,0,0,0,,0,,,,,366151.695,5020634.107,45.3229755,-75.71740043,3744
15--13567,2015/11/20,8:01 AM,MONTREAL RD/HANNAH ST @ CODY AVE (0009349),9349,02 - Intersection related,03 - P.D. only,04 - Sideswipe,01 - Clear,01 - Daylight,01 - Dry,01 - Traffic signal,00 - Unknown,2,0,0,0,,0,,,,,370254.6956,5033169.929,45.43539808,-75.66340634,3745
15--13568,2015/11/20,8:11 PM,BARNSDALE RD @ PRINCE OF WALES DR (0001082),1082,03 - At intersection,02 - Non-fatal injury,02 - Angle,01 - Clear,07 - Dark,01 - Dry,02 - Stop sign,01 - Functioning,2,0,0,0,02 - Minor,2,,2,,,366648.1402,5011534.579,45.24105505,-75.71220242,3746
15--13569,2015/11/20,8:31 AM,RICHMOND RD @ HOLLY ACRES RD/NANAIMO DR (0001068),1068,02 - Intersection related,02 - Non-fatal injury,03 - Rear end,01 - Clear,01 - Daylight,01 - Dry,01 - Traffic signal,01 - Functioning,2,0,0,0,02 - Minor,1,,1,,,359057.9496,5022748.496,45.34258501,-75.80764909,3747
15--1357,2015/01/21,8:50 AM,RUSSELL RD btwn THIRSK ST & HAIG DR (__3ZA78B),__3ZA78B,01 - Non intersection,03 - P.D. only,03 - Rear end,01 - Clear,01 - Daylight,02 - Wet,10 - No control,,2,0,0,0,,0,,,,,372706.6342,5029690.889,45.4038615,-75.63255051,3748
15--13570,2015/11/20,8:48 AM,CRAMER DR @ SUNDANCE CRT (0000941),941,02 - Intersection related,03 - P.D. only,01 - Approaching,01 - Clear,01 - Daylight,01 - Dry,10 - No control,,2,0,0,0,,0,,,,,360666.214,5021018.178,45.32688937,-75.78732395,3749
15--13571,2015/11/20,9:13 AM,BANK ST @ KILBORN AVE/BELANGER AVE (0007208),7208,02 - Intersection related,03 - P.D. only,03 - Rear end,01 - Clear,01 - Daylight,01 - Dry,01 - Traffic signal,01 - Functioning,2,0,0,0,,0,,,,,369653.7199,5027429.714,45.38380571,-75.67184193,3750
15--13572,2015/11/20,9:21 PM,HUNT CLUB RD @ UPLANDS DR (0010844),10844,03 - At intersection,03 - P.D. only,05 - Turning movement,01 - Clear,07 - Dark,01 - Dry,01 - Traffic signal,01 - Functioning,2,0,0,0,,0,,,,,370157.4492,5023122.214,45.34500133,-75.66597991,3751
15--13573,2015/11/20,9:54 AM,MEADOWGLEN DR btwn THISTLELEAF CRES & MONTEREAU AVE (__3ZBO3V),__3ZBO3V,04 - At/near private drive,03 - P.D. only,06 - SMV unattended vehicle,01 - Clear,01 - Daylight,01 - Dry,10 - No control,,1,0,0,0,,0,,,,,379743.3181,5034482.797,45.44625775,-75.54194583,3752
15--13574,2015/11/21,1:33 AM,RUSSELL RD btwn CLAYTON RD & RUISSELLET RD (__3ZA3KR),__3ZA3KR,01 - Non intersection,03 - P.D. only,07 - SMV other,01 - Clear,07 - Dark,01 - Dry,10 - No control,,1,0,0,0,,0,,,,,397473.5236,5028560.024,45.39084696,-75.31644584,3753
15--13575,2015/11/21,1:50 AM,YORK ST WB btwn BYWARD MARKE SQ & SUSSEX DR (__3ZA1B0),__3ZA1B0,01 - Non intersection,02 - Non-fatal injury,07 - SMV other,01 - Clear,07 - Dark,01 - Dry,10 - No control,,1,0,0,1,03 - Major,1,,,1,,367923.0009,5032337.59,45.42812336,-75.69331202,3754
15--13576,2015/11/21,10:23 AM,INDUSTRIAL AVE btwn RUSSELL RD & ST. LAURENT BLVD (__3ZA3R7),__3ZA3R7,04 - At/near private drive,03 - P.D. only,02 - Angle,01 - Clear,01 - Daylight,01 - Dry,10 - No control,,2,0,0,0,,0,,,,,373010.1967,5029961.523,45.40626703,-75.62863577,3755
15--13577,2015/11/21,10:34 PM,ELGIN ST @ LAURIER AVE (0002232),2232,03 - At intersection,02 - Non-fatal injury,05 - Turning movement,01 - Clear,07 - Dark,01 - Dry,01 - Traffic signal,01 - Functioning,2,0,0,0,01 - Minimal,1,1,,,,367948.7099,5031550.298,45.42103725,-75.69308443,3756
15--13578,2015/11/21,10:45 AM,TERRY FOX DR @ 135 S OF HAZELDEAN RD/SOBEY'S S (0012468),12468,03 - At intersection,03 - P.D. only,02 - Angle,01 - Clear,01 - Daylight,01 - Dry,01 - Traffic signal,01 - Functioning,2,0,0,0,,0,,,,,352292.2135,5017140.299,45.2926119,-75.89451481,3757
15--13579,2015/11/21,12:25 PM,EAGLESON RD @ FALLOWFIELD RD (0000118),118,03 - At intersection,03 - P.D. only,02 - Angle,01 - Clear,01 - Daylight,01 - Dry,01 - Traffic signal,01 - Functioning,2,0,0,0,,0,,,,,355961.6341,5012594.766,45.25145266,-75.84820413,3758
15--1358,2015/01/21,8:50 AM,HIGHWAY 417 btwn HWY417 IC113 RAMP62 & HWY417 IC113 RAMP65 (__3ZA288),__3ZA288,01 - Non intersection,03 - P.D. only,03 - Rear end,01 - Clear,01 - Daylight,01 - Dry,10 - No control,,2,0,0,0,,0,,,,,373966.3204,5031785.969,45.42258865,-75.61616699,3759
15--13580,2015/11/21,12:25 PM,BRANT ST @ DONALD ST (0008515),8515,03 - At intersection,03 - P.D. only,02 - Angle,01 - Clear,01 - Daylight,01 - Dry,02 - Stop sign,01 - Functioning,2,0,0,0,,0,,,,,371312.4435,5032382.226,45.42821087,-75.64999488,3760
15--13581,2015/11/21,12:32 PM,SAUNDERSON DR @ SMYTH RD (0007729),7729,03 - At intersection,02 - Non-fatal injury,02 - Angle,01 - Clear,01 - Daylight,01 - Dry,01 - Traffic signal,01 - Functioning,2,0,0,0,02 - Minor,2,,2,,,372793.7313,5029323.19,45.40054465,-75.63148875,3761
15--13582,2015/11/21,2:05 PM,HWY417 IC117 RAMP51 btwn HIGHWAY 417 & HWY417 IC117 RAMP53 (__3ZAY9J),__3ZAY9J,01 - Non intersection,03 - P.D. only,07 - SMV other,01 - Clear,01 - Daylight,01 - Dry,10 - No control,,1,0,0,0,,0,,,,,370536.3741,5031127.821,45.41699762,-75.66007907,3762
15--13583,2015/11/21,2:17 PM,ST. LAURENT BLVD @ ST. LAURENT BLVD SERVICE (0008760),8760,02 - Intersection related,02 - Non-fatal injury,03 - Rear end,01 - Clear,01 - Daylight,01 - Dry,01 - Traffic signal,01 - Functioning,2,0,0,0,01 - Minimal,1,1,,,,373496.6419,5029150.493,45.39892219,-75.62253529,3763
15--13584,2015/11/21,2:35 PM,CLEOPATRA DR btwn CAESAR AVE & CAESAR AVE (__3ZA5EO),__3ZA5EO,04 - At/near private drive,03 - P.D. only,02 - Angle,01 - Clear,01 - Daylight,01 - Dry,10 - No control,,2,0,0,0,,0,,,,,365674.0216,5020965.327,45.32599737,-75.72345233,3764
15--13585,2015/11/21,2:53 PM,GLADSTONE AVE @ LYON ST (0002705),2705,03 - At intersection,03 - P.D. only,02 - Angle,01 - Clear,01 - Daylight,01 - Dry,01 - Traffic signal,01 - Functioning,2,0,0,0,,0,,,,,367583.7135,5030361.211,45.41037107,-75.69789939,3765
15--13586,2015/11/21,4:00 PM,OAKCREST WAY btwn PELLERIN PL & WINTERSPRING RIDGE (__7JQ67G),__7JQ67G,01 - Non intersection,03 - P.D. only,06 - SMV unattended vehicle,01 - Clear,01 - Daylight,01 - Dry,10 - No control,,1,0,0,0,,0,,,,,385549.689,5034576.792,45.44645678,-75.46771509,3766
15--13587,2015/11/21,5:02 PM,MOODIE DR btwn MCKENNA CASEY DR & CAMBRIAN RD (__3ZA4YZ),__3ZA4YZ,01 - Non intersection,03 - P.D. only,07 - SMV other,01 - Clear,07 - Dark,01 - Dry,10 - No control,,1,0,0,0,,0,,,,,360671.4698,5011866.404,45.24454058,-75.78828743,3767
15--13588,2015/11/21,5:18 PM,MONTREAL RD btwn GRANVILLE ST & ALFRED ST (__3ZA3LG),__3ZA3LG,04 - At/near private drive,02 - Non-fatal injury,03 - Rear end,01 - Clear,07 - Dark,01 - Dry,10 - No control,,3,0,0,0,02 - Minor,1,,1,,,370917.6881,5033519.357,45.4384797,-75.65488645,3768
15--13589,2015/11/21,5:33 PM,BELCOURT BLVD @ CARRIERE ST (0003829),3829,02 - Intersection related,02 - Non-fatal injury,02 - Angle,01 - Clear,07 - Dark,01 - Dry,02 - Stop sign,01 - Functioning,2,1,0,0,01 - Minimal,1,1,,,,381484.4698,5036849.577,45.46736325,-75.51932161,3769
15--1359,2015/01/21,8:53 AM,LEEDS AVE @ SHEFFIELD RD (0007680),7680,02 - Intersection related,02 - Non-fatal injury,03 - Rear end,01 - Clear,01 - Daylight,04 - Slush,03 - Yield sign,00 - Unknown,3,0,0,0,01 - Minimal,2,2,,,,374862.7396,5029549.109,45.40237336,-75.60503157,3770
15--13590,2015/11/21,6:00 PM,DALHOUSIE ST btwn GEORGE ST & RIDEAU ST (__3ZA8ZX),__3ZA8ZX,01 - Non intersection,03 - P.D. only,06 - SMV unattended vehicle,01 - Clear,07 - Dark,01 - Dry,10 - No control,,1,0,0,0,,0,,,,,368199.5019,5032244.518,45.42726092,-75.68979078,3771
15--13246,2015/11/13,2:53 PM,GREENBANK RD @ HARRISON ST/ASHGROVE CRES (0000627),627,02 - Intersection related,02 - Non-fatal injury,03 - Rear end,02 - Rain,01 - Daylight,02 - Wet,01 - Traffic signal,01 - Functioning,2,0,0,0,02 - Minor,1,,1,,,360840.4037,5022006.772,45.33577086,-75.78499009,3772
15--12982,2015/11/06,7:00 AM,HIGHWAY 417 btwn HWY417 IC163 RAMP61 & HWY417 IC155 RAMP36 (__3ZA2QB),__3ZA2QB,01 - Non intersection,02 - Non-fatal injury,07 - SMV other,01 - Clear,03 - Dawn,01 - Dry,10 - No control,,1,0,0,0,02 - Minor,1,,1,,,336139.935,5020233.115,45.3213487,-76.10024067,3773
15--12983,2015/11/06,7:38 PM,EAGLESON RD @ COPE DR/CADENCE GT (0011923),11923,03 - At intersection,02 - Non-fatal injury,05 - Turning movement,01 - Clear,07 - Dark,01 - Dry,01 - Traffic signal,01 - Functioning,2,0,0,0,02 - Minor,2,1,1,,,354620.6395,5016027.438,45.28243692,-75.86494291,3774
15--12719,2015/10/31,3:00 PM,BANK ST @ LAWRENCE ST (0001632),1632,03 - At intersection,03 - P.D. only,03 - Rear end,01 - Clear,01 - Daylight,01 - Dry,02 - Stop sign,01 - Functioning,2,0,0,0,,0,,,,,386401.775,5002844.863,45.16085743,-75.4620475,3775
15--13247,2015/11/13,3:25 PM,FALLOWFIELD RD @ RICHMOND RD (0000634),634,02 - Intersection related,03 - P.D. only,03 - Rear end,02 - Rain,01 - Daylight,02 - Wet,01 - Traffic signal,01 - Functioning,2,0,0,0,,0,,,,,357720.9149,5013529.776,45.25973596,-75.82569297,3776
15--12984,2015/11/06,7:49 AM,OLD CARP RD btwn MARCHBROOK CIRC & HALTON TER (__51NDOD),__51NDOD,01 - Non intersection,03 - P.D. only,07 - SMV other,02 - Rain,01 - Daylight,02 - Wet,10 - No control,,1,0,0,0,,0,,,,,348661.2895,5024244.663,45.35677499,-75.94017438,3777
15--1272,2015/01/20,6:54 AM,AMBERWOOD CRES @ PRINCE OF WALES DR (0000048),48,03 - At intersection,03 - P.D. only,05 - Turning movement,01 - Clear,07 - Dark,01 - Dry,02 - Stop sign,00 - Unknown,2,0,0,0,,0,,,,,367433.778,5020647.975,45.32298706,-75.70104606,3778
15--12720,2015/10/31,3:30 AM,BRONSON AVE btwn FLORA ST & ARLINGTON AVE (__3ZBODB),__3ZBODB,04 - At/near private drive,03 - P.D. only,05 - Turning movement,01 - Clear,07 - Dark,01 - Dry,10 - No control,,2,0,0,0,,0,,,,,367216.2229,5029880.897,45.40608222,-75.70265466,3779
15--12721,2015/10/31,5:04 PM,BURRIS LANE @ ELEANOR DR (0001340),1340,03 - At intersection,02 - Non-fatal injury,02 - Angle,01 - Clear,01 - Daylight,01 - Dry,02 - Stop sign,01 - Functioning,2,0,0,0,01 - Minimal,1,1,,,,364963.701,5025020.033,45.36254234,-75.73201965,3780
15--12722,2015/10/31,5:56 AM,ESPRIT DR btwn CHARDONNAY DR & DU PLATEAU ST (__30LQYA),__30LQYA,01 - Non intersection,02 - Non-fatal injury,06 - SMV unattended vehicle,01 - Clear,07 - Dark,01 - Dry,10 - No control,,1,0,0,0,02 - Minor,1,,1,,,384858.0903,5036241.941,45.4615178,-75.47628385,3781
15--12723,2015/10/31,6:10 PM,"MONTREAL RD btwn EGLISE, RUE DE L & ST. LAURENT BLVD (__3ZA3ML)",__3ZA3ML,01 - Non intersection,03 - P.D. only,04 - Sideswipe,01 - Clear,07 - Dark,01 - Dry,10 - No control,,2,0,0,0,,0,,,,,371397.1086,5033747.126,45.44048356,-75.64872838,3782
15--12724,2015/10/31,7:00 AM,REGIONAL ROAD 174 btwn MORIN RD & OLD MONTREAL RD (__3ZA27P),__3ZA27P,01 - Non intersection,03 - P.D. only,07 - SMV other,01 - Clear,03 - Dawn,01 - Dry,10 - No control,,1,0,0,0,,0,,,,,392423.1728,5042757.377,45.51922754,-75.37840273,3783
15--12725,2015/10/31,7:00 AM,FEATHERSTON DR @ JUNO AVE (0008933),8933,02 - Intersection related,03 - P.D. only,07 - SMV other,01 - Clear,03 - Dawn,01 - Dry,03 - Yield sign,00 - Unknown,1,0,0,0,,0,,,,,372300.4519,5027896.903,45.38775925,-75.63798402,3784
15--12726,2015/10/31,7:26 PM,BANK ST @ SIEVERIGHT AVE (0012408),12408,03 - At intersection,02 - Non-fatal injury,02 - Angle,01 - Clear,07 - Dark,01 - Dry,02 - Stop sign,01 - Functioning,2,0,0,0,01 - Minimal,2,2,,,,372195.8766,5024133.541,45.35390801,-75.63983281,3785
15--12727,2015/10/31,7:40 AM,MAPLE GROVE RD @ TERRY FOX DR (0003177),3177,02 - Intersection related,03 - P.D. only,07 - SMV other,01 - Clear,01 - Daylight,01 - Dry,01 - Traffic signal,01 - Functioning,1,0,0,0,,0,,,,,351553.6086,5017864.825,45.29918091,-75.90386257,3786
15--12728,2015/10/31,7:59 PM,DONALD ST @ VANIER PKWY (0007644),7644,03 - At intersection,03 - P.D. only,05 - Turning movement,01 - Clear,07 - Dark,01 - Dry,01 - Traffic signal,01 - Functioning,3,0,0,0,,0,,,,,370311.7131,5032271.307,45.42730731,-75.66279722,3787
15--12729,2015/10/31,8:00 PM,KING EDWARD AVE @ TEMPLETON ST (0007695),7695,02 - Intersection related,03 - P.D. only,03 - Rear end,01 - Clear,07 - Dark,01 - Dry,01 - Traffic signal,01 - Functioning,3,0,0,0,,0,,,,,369057.7813,5031507.1,45.42054759,-75.67891978,3788
15--1273,2015/01/20,7:00 AM,MERIVALE RD @ WEST HUNT CLUB RD (0000584),584,02 - Intersection related,03 - P.D. only,04 - Sideswipe,01 - Clear,07 - Dark,01 - Dry,01 - Traffic signal,01 - Functioning,2,0,0,0,,0,,,,,365612.6952,5021942.98,45.33479948,-75.72411447,3789
15--12730,2015/10/31,9:38 PM,PERTH ST @ SHEA RD (0000127),127,03 - At intersection,03 - P.D. only,07 - SMV other,01 - Clear,07 - Dark,01 - Dry,02 - Stop sign,01 - Functioning,1,0,0,0,,0,,,,,357526.6124,5006971.983,45.20074193,-75.82886341,3790
15--12731,2015/11/01,1:06 AM,KING EDWARD AVE @ RIDEAU ST (0002121),2121,03 - At intersection,03 - P.D. only,05 - Turning movement,"07 - Fog, mist, smoke, dust",07 - Dark,02 - Wet,01 - Traffic signal,01 - Functioning,2,0,0,0,,0,,,,,368510.9865,5032412.508,45.42874413,-75.68578886,3791
15--12732,2015/11/01,1:16 PM,TERRY FOX DR btwn 329 N OF CAMPEAU DR/SIGNATURE CENTRE & CAMPEAU DR (__49GU9G),__49GU9G,04 - At/near private drive,03 - P.D. only,02 - Angle,02 - Rain,01 - Daylight,02 - Wet,10 - No control,,2,0,0,0,,0,,,,,350433.9791,5019020.906,45.30965727,-75.91803136,3792
15--12733,2015/11/01,1:22 PM,CATHERINE ST @ KENT ST (0002707),2707,02 - Intersection related,03 - P.D. only,03 - Rear end,02 - Rain,01 - Daylight,02 - Wet,01 - Traffic signal,01 - Functioning,2,0,0,0,,0,,,,,367906.9855,5030187.842,45.40878208,-75.693792,3793
15--12734,2015/11/01,1:37 AM,REGIONAL ROAD 174 btwn OR174 IC101 RAMP61 & TRIM RD (__3ZA11N),__3ZA11N,01 - Non intersection,03 - P.D. only,07 - SMV other,02 - Rain,07 - Dark,02 - Wet,10 - No control,,1,0,0,0,,0,,,,,384337.4129,5039981.676,45.49522385,-75.48233522,3794
15--12735,2015/11/01,1:40 PM,HIGHWAY 417 btwn HWY417 IC119A RAMP67 & HWY417 IC118 RAMP76 (__3ZA2YS),__3ZA2YS,01 - Non intersection,03 - P.D. only,04 - Sideswipe,02 - Rain,01 - Daylight,02 - Wet,10 - No control,,2,0,0,0,,0,,,,,368683.3955,5030583.348,45.41227027,-75.68382291,3795
15--12736,2015/11/01,1:42 AM,BLAIR RD @ OR174 IC112 RAMP26 (0009288),9288,02 - Intersection related,03 - P.D. only,07 - SMV other,02 - Rain,07 - Dark,02 - Wet,10 - No control,,1,0,0,0,,0,,,,,374753,5032846.64,45.43205377,-75.60596508,3796
15--12737,2015/11/01,11:05 AM,TENTH LINE RD btwn ST. JOSEPH BLVD & OLD TENTH LINE RD (__3ZA1TE),__3ZA1TE,01 - Non intersection,03 - P.D. only,03 - Rear end,02 - Rain,01 - Daylight,02 - Wet,10 - No control,,4,0,0,0,,0,,,,,382995.0837,5038455.008,45.48164,-75.49975055,3797
15--12738,2015/11/01,11:13 PM,GOLDEN ASH LANE @ STAGECOACH RD (0005297),5297,02 - Intersection related,03 - P.D. only,07 - SMV other,01 - Clear,07 - Dark,02 - Wet,02 - Stop sign,02 - Not functioning,1,0,0,0,,0,,,,,375755.0425,5013690.861,45.25959767,-75.59590802,3798
15--12739,2015/11/01,11:36 AM,MERIVALE RD/LOTTA AVE @ CLYDE AVE (0001112),1112,02 - Intersection related,03 - P.D. only,03 - Rear end,01 - Clear,01 - Daylight,01 - Dry,01 - Traffic signal,01 - Functioning,2,0,0,0,,0,,,,,364520.7344,5024508.008,45.35797309,-75.73773541,3799
15--1274,2015/01/20,7:07 AM,AVIATION PKWY @ MONTREAL RD (0008799),8799,02 - Intersection related,03 - P.D. only,03 - Rear end,01 - Clear,03 - Dawn,02 - Wet,01 - Traffic signal,01 - Functioning,2,0,0,0,,0,,,,,372145.7014,5034109.09,45.44366862,-75.6391111,3800
15--12740,2015/11/01,11:55 AM,LEITRIM RD @ RIVER RD (0004194),4194,02 - Intersection related,03 - P.D. only,03 - Rear end,02 - Rain,01 - Daylight,02 - Wet,02 - Stop sign,01 - Functioning,2,0,0,0,,0,,,,,368019.7032,5017177.458,45.29170736,-75.69401545,3801
15--12741,2015/11/01,Unknown,ROGER STEVENS DR btwn SECOND LINE RD S & DORACK DR (__3ZA39U),__3ZA39U,01 - Non intersection,03 - P.D. only,07 - SMV other,01 - Clear,07 - Dark,01 - Dry,10 - No control,,1,0,0,0,,0,,,,,369970.3797,5001516.09,45.15060925,-75.67119905,3802
15--12742,2015/11/01,Unknown,VILLA CRES btwn PRINCE OF WALES DR & END (__3ZA0DV),__3ZA0DV,01 - Non intersection,03 - P.D. only,06 - SMV unattended vehicle,01 - Clear,00 - Unknown,01 - Dry,10 - No control,,1,0,0,0,,0,,,,,366896.3226,5026086.972,45.3719739,-75.70721827,3803
15--12743,2015/11/01,Unknown,MICHELE DR btwn ROSEVIEW AVE & PENNY DR (__3ZABUY),__3ZABUY,01 - Non intersection,03 - P.D. only,06 - SMV unattended vehicle,01 - Clear,00 - Unknown,01 - Dry,10 - No control,,1,0,0,0,,0,,,,,359553.085,5024101.455,45.35472047,-75.80118166,3804
15--12744,2015/11/01,Unknown,COLONEL MURRAY ST btwn ROYAL YORK ST & BURKE ST (__3ZACIY),__3ZACIY,01 - Non intersection,03 - P.D. only,06 - SMV unattended vehicle,01 - Clear,00 - Unknown,01 - Dry,10 - No control,,1,0,0,0,,0,,,,,357460.3797,5005677.607,45.1890997,-75.82984312,3805
15--12745,2015/11/01,Unknown,COOKS MILL CRES btwn COOKS MILL CRES/WHITECLIFFS AVE & WATCHHORN GROVE N (__78TO3S),__78TO3S,01 - Non intersection,03 - P.D. only,06 - SMV unattended vehicle,01 - Clear,00 - Unknown,01 - Dry,10 - No control,,1,0,0,0,,0,,,,,370003.203,5016458.325,45.28505549,-75.66882507,3806