Anom_ID,Accident_Date,Accident_Time,Location,Geo_ID,Accident_Location,Classification_of_Accident,Initial_Impact_Type,Environment_Condition,Light,Road_Surface_Condition,Traffic_Control,Traffic_Control_Condition,No__of_Vehicles,No__of_Bicycles,No__of_Motorcycles,No__of_Pedestrians,Max_Injury,No__of_Injuries,No__of_Minimal,No__of_Minor,No__of_Major,No__of_Fatal,X,Y,Latitude,Longitude,ObjectId
15--12746,2015/11/01,12:00 PM,LOCKHART AVE btwn PRINCE CHARLES RD & NEEPAWA AVE (__3ZAADL),__3ZAADL,01 - Non intersection,03 - P.D. only,06 - SMV unattended vehicle,01 - Clear,01 - Daylight,01 - Dry,10 - No control,,1,0,0,0,,0,,,,,361845.5865,5026456.955,45.37573231,-75.77165265,3807
15--12747,2015/11/01,12:07 AM,GOULBOURN FORCED RD btwn TERRY FOX DR & KANATA ROCKERIES PRIV (__5UAEGG),__5UAEGG,01 - Non intersection,03 - P.D. only,07 - SMV other,01 - Clear,07 - Dark,01 - Dry,10 - No control,,1,0,0,0,,0,,,,,349419.2408,5021159.796,45.3289688,-75.93077895,3808
15--12748,2015/11/01,12:20 PM,HWY417 IC126 RAMP51 btwn HIGHWAY 417 & HWY417 IC126 RAMP52 (__3ZAYAE),__3ZAYAE,01 - Non intersection,03 - P.D. only,07 - SMV other,02 - Rain,01 - Daylight,02 - Wet,10 - No control,,1,0,0,0,,0,,,,,363290.3011,5025929.675,45.37086881,-75.7532708,3809
15--12749,2015/11/01,12:25 AM,CHESTER CRES btwn STARLING CRES & FULHAM CRT (__3ZAA88),__3ZAA88,04 - At/near private drive,03 - P.D. only,06 - SMV unattended vehicle,02 - Rain,07 - Dark,02 - Wet,10 - No control,,1,0,0,0,,0,,,,,363514.459,5014735.098,45.27012183,-75.7517364,3810
15--1275,2015/01/20,7:10 PM,GREENBANK RD @ BERRIGAN DR/WESSEX RD (0004726),4726,02 - Intersection related,03 - P.D. only,03 - Rear end,01 - Clear,07 - Dark,01 - Dry,01 - Traffic signal,01 - Functioning,2,0,0,0,,0,,,,,363723.6817,5015277.87,45.27498821,-75.74900586,3811
15--12750,2015/11/01,2:05 PM,ALBION RD @ MITCH OWENS RD (0004212),4212,02 - Intersection related,03 - P.D. only,03 - Rear end,01 - Clear,01 - Daylight,01 - Dry,01 - Traffic signal,01 - Functioning,2,0,0,0,,0,,,,,375907.4748,5014804.089,45.26959875,-75.59380665,3812
15--12751,2015/11/01,2:24 PM,KIRKWOOD AVE btwn CHATELAIN AVE & LEPAGE AVE (__3ZA3G9),__3ZA3G9,01 - Non intersection,03 - P.D. only,02 - Angle,02 - Rain,01 - Daylight,02 - Wet,10 - No control,,2,0,0,0,,0,,,,,364765.8193,5026666.071,45.37737007,-75.73434554,3813
15--12752,2015/11/01,2:48 PM,BANK ST @ WALKLEY RD (0011423),11423,02 - Intersection related,03 - P.D. only,03 - Rear end,02 - Rain,01 - Daylight,02 - Wet,01 - Traffic signal,01 - Functioning,2,0,0,0,,0,,,,,370337.852,5025947.013,45.37040119,-75.66330353,3814
15--12753,2015/11/01,2:56 PM,JOHN SUTHERLAND DR @ RICHMOND RD (0000578),578,02 - Intersection related,03 - P.D. only,03 - Rear end,01 - Clear,01 - Daylight,02 - Wet,01 - Traffic signal,01 - Functioning,2,0,0,0,,0,,,,,358787.3856,5022150.854,45.33722828,-75.81116654,3815
15--12754,2015/11/01,2:58 AM,MOODIE DR @ RICHMOND RD S (0001129),1129,02 - Intersection related,03 - P.D. only,07 - SMV other,02 - Rain,07 - Dark,02 - Wet,02 - Stop sign,01 - Functioning,1,0,0,0,,0,,,,,357432.9249,5019541.557,45.3138525,-75.82872447,3816
15--12755,2015/11/01,3:00 PM,HUNTMAR DR @ PALLADIUM DR S (0011818),11818,03 - At intersection,02 - Non-fatal injury,05 - Turning movement,02 - Rain,01 - Daylight,02 - Wet,01 - Traffic signal,01 - Functioning,2,0,0,0,02 - Minor,2,1,1,,,349676.3273,5017365.797,45.29481293,-75.92784301,3817
15--12756,2015/11/01,3:00 PM,THICKET WAY btwn ESPLANADE AVE & ESPLANADE AVE (__3ZA5S3),__3ZA5S3,04 - At/near private drive,03 - P.D. only,06 - SMV unattended vehicle,01 - Clear,01 - Daylight,01 - Dry,10 - No control,,1,0,0,0,,0,,,,,384703.2771,5036568.075,45.46446977,-75.47821015,3818
15--12757,2015/11/01,4:09 PM,CLARENCE ST btwn DALHOUSIE ST & CUMBERLAND ST (__3ZA7AK),__3ZA7AK,01 - Non intersection,03 - P.D. only,06 - SMV unattended vehicle,01 - Clear,01 - Daylight,01 - Dry,10 - No control,,1,0,0,0,,0,,,,,368173.15,5032583.238,45.43031099,-75.69008392,3819
15--12758,2015/11/01,4:15 AM,REGIONAL ROAD 174 btwn OR174 IC112 RAMP15 & TRANSIT (__3ZA2WA),__3ZA2WA,01 - Non intersection,03 - P.D. only,07 - SMV other,02 - Rain,07 - Dark,02 - Wet,10 - No control,,1,0,0,0,,0,,,,,375534.0383,5033370.929,45.43669245,-75.59590893,3820
15--12759,2015/11/01,4:18 PM,BEAVERPOND DR btwn HALLMARK PL & APPLETON DR (2) (__3ZA8LD),__3ZA8LD,01 - Non intersection,03 - P.D. only,06 - SMV unattended vehicle,01 - Clear,01 - Daylight,01 - Dry,10 - No control,,1,0,0,0,,0,,,,,375281.9785,5031843.924,45.42297878,-75.5993488,3821
15--1276,2015/01/20,7:17 PM,CHESHIRE RD btwn RUSTIC DR & PARKWAY DR (__3ZABUL),__3ZABUL,04 - At/near private drive,03 - P.D. only,06 - SMV unattended vehicle,01 - Clear,07 - Dark,01 - Dry,10 - No control,,1,0,0,0,,0,,,,,361818.4455,5023982.786,45.35347214,-75.77228465,3822
15--12760,2015/11/01,4:32 PM,ST. JOSEPH BLVD btwn MONTREAL RD & OR174 IC109 RAMP55 (__3ZA2DJ),__3ZA2DJ,01 - Non intersection,02 - Non-fatal injury,03 - Rear end,01 - Clear,05 - Dusk,01 - Dry,10 - No control,,2,1,0,0,03 - Major,1,,,1,,376498.2937,5035028.304,45.45150626,-75.58334434,3823
15--12761,2015/11/01,4:36 PM,MONTREAL RD @ CARSON'S RD/CODD'S RD (0010801),10801,02 - Intersection related,02 - Non-fatal injury,07 - SMV other,01 - Clear,05 - Dusk,01 - Dry,01 - Traffic signal,01 - Functioning,1,0,0,0,01 - Minimal,1,1,,,,372771.4391,5034398.22,45.44620951,-75.6310732,3824
15--12762,2015/11/01,4:55 AM,HIGHWAY 417 btwn HWY417 IC117 RAMP25 & HWY417 IC115 RAMP51 (__3ZA2R3),__3ZA2R3,01 - Non intersection,03 - P.D. only,07 - SMV other,02 - Rain,07 - Dark,02 - Wet,10 - No control,,1,0,0,0,,0,,,,,371563.5399,5031402.121,45.41936839,-75.64691915,3825
15--12763,2015/11/01,5:08 PM,TENTH LINE RD @ VANGUARD DR (0004632),4632,02 - Intersection related,02 - Non-fatal injury,02 - Angle,01 - Clear,07 - Dark,01 - Dry,01 - Traffic signal,01 - Functioning,2,1,0,0,01 - Minimal,1,1,,,,384072.7632,5035874.203,45.45829878,-75.48638366,3826
15--12764,2015/11/01,5:08 PM,REGIONAL ROAD 174 btwn REGIONAL ROAD 174 & OR174 IC102 RAMP61 (__3ZA1SZ),__3ZA1SZ,01 - Non intersection,03 - P.D. only,04 - Sideswipe,01 - Clear,07 - Dark,01 - Dry,10 - No control,,2,0,0,0,,0,,,,,381677.966,5038309.193,45.48047437,-75.51661905,3827
15--12765,2015/11/01,5:24 PM,MEADOWLANDS DR @ MERIVALE RD (0000625),625,03 - At intersection,02 - Non-fatal injury,05 - Turning movement,01 - Clear,07 - Dark,01 - Dry,01 - Traffic signal,01 - Functioning,3,0,0,0,02 - Minor,1,,1,,,364859.4219,5023724.788,45.35089685,-75.733508,3828
15--12766,2015/11/01,5:48 PM,FISHER AVE @ PRINCE OF WALES DR (0000572),572,02 - Intersection related,03 - P.D. only,03 - Rear end,01 - Clear,07 - Dark,01 - Dry,01 - Traffic signal,01 - Functioning,2,0,0,0,,0,,,,,367162.4268,5023943.233,45.35266137,-75.70409177,3829
15--12767,2015/11/01,6:03 PM,ISABELLA ST/HWY 417 O'CONN IC119BR57 @ O'CONNO (0001698),1698,03 - At intersection,03 - P.D. only,05 - Turning movement,01 - Clear,07 - Dark,02 - Wet,01 - Traffic signal,01 - Functioning,2,0,0,0,,0,,,,,368298.4252,5030309.926,45.40984515,-75.68877603,3830
15--12768,2015/11/01,6:27 AM,HIGHWAY 417 btwn HWY417 IC169 RAMP26 & HWY417 IC169 RAMP61 (__5SPOVI),__5SPOVI,01 - Non intersection,03 - P.D. only,03 - Rear end,02 - Rain,07 - Dark,02 - Wet,10 - No control,,2,0,0,0,,0,,,,,325696.715,5024700.492,45.36193733,-76.23325958,3831
15--12769,2015/11/01,6:41 PM,HAZELDEAN RD @ WEST RIDGE DR (0010365),10365,03 - At intersection,02 - Non-fatal injury,02 - Angle,01 - Clear,07 - Dark,01 - Dry,01 - Traffic signal,01 - Functioning,2,0,0,0,02 - Minor,1,,1,,,348493.2957,5013884.339,45.26356008,-75.94323198,3832
15--1277,2015/01/20,7:20 AM,MONTREAL RD @ OGILVIE RD (0009279),9279,02 - Intersection related,03 - P.D. only,03 - Rear end,01 - Clear,03 - Dawn,05 - Packed snow,01 - Traffic signal,01 - Functioning,2,0,0,0,,0,,,,,375654.735,5034557.068,45.4473524,-75.59419566,3833
15--12770,2015/11/01,6:45 PM,FISHER AVE @ KINTYRE PRIV (0002340),2340,03 - At intersection,02 - Non-fatal injury,01 - Approaching,01 - Clear,07 - Dark,01 - Dry,01 - Traffic signal,01 - Functioning,4,0,0,0,02 - Minor,4,1,3,,,366496.7088,5025235.516,45.36434797,-75.71242597,3834
15--12771,2015/11/01,7:20 AM,BIRCHGROVE RD btwn LARMOURS RD & WATSON RD (__3ZA5FO),__3ZA5FO,01 - Non intersection,03 - P.D. only,07 - SMV other,02 - Rain,01 - Daylight,02 - Wet,10 - No control,,1,0,0,0,,0,,,,,398468.9873,5033553.607,45.43563983,-75.30278635,3835
15--12772,2015/11/01,8:15 PM,ST. JOSEPH BLVD @ REGIONAL RD 174/TRANSITWAY (0012428),12428,02 - Intersection related,03 - P.D. only,03 - Rear end,01 - Clear,07 - Dark,01 - Dry,01 - Traffic signal,01 - Functioning,2,0,0,0,,0,,,,,376557.8808,5035056.22,45.45175131,-75.58257855,3836
15--12773,2015/11/01,9:18 AM,KING EDWARD AVE SB btwn ST. PATRICK ST & MURRAY ST (__3ZA3WE),__3ZA3WE,01 - Non intersection,03 - P.D. only,04 - Sideswipe,02 - Rain,01 - Daylight,02 - Wet,10 - No control,,2,0,0,0,,0,,,,,368266.7518,5032791.82,45.43217925,-75.68886091,3837
15--12774,2015/11/02,1:31 PM,CHRYSALIS WAY @ MERIDIAN PL (0009824),9824,03 - At intersection,03 - P.D. only,02 - Angle,01 - Clear,01 - Daylight,01 - Dry,03 - Yield sign,01 - Functioning,2,0,0,0,,0,,,,,362756.3652,5022756.066,45.34235732,-75.76045891,3838
15--12775,2015/11/02,10:30 PM,BANK ST @ 80 S OF HUNT CLUB RD/TOWNGATE PLAZA  (0008230),8230,02 - Intersection related,03 - P.D. only,05 - Turning movement,02 - Rain,07 - Dark,02 - Wet,01 - Traffic signal,01 - Functioning,2,0,0,0,,0,,,,,371689.0149,5024095.504,45.3536143,-75.64630626,3839
15--12776,2015/11/02,11:00 AM,CUMBERLAND ST @ YORK ST (0008416),8416,03 - At intersection,03 - P.D. only,02 - Angle,01 - Clear,01 - Daylight,01 - Dry,01 - Traffic signal,01 - Functioning,2,0,0,0,,0,,,,,368262.6987,5032521.239,45.42974503,-75.68894758,3840
15--12777,2015/11/02,11:05 AM,HIGHWAY 417 btwn HWY417 IC115 RAMP36 & HWY417 IC115 RAMP26 (__3ZA2R4),__3ZA2R4,01 - Non intersection,03 - P.D. only,04 - Sideswipe,01 - Clear,01 - Daylight,01 - Dry,10 - No control,,2,0,0,0,,0,,,,,372046.1661,5031475.206,45.41997976,-75.64074304,3841
15--12778,2015/11/02,11:09 AM,GOUGH RD @ KNIGHTS DR (0001815),1815,02 - Intersection related,03 - P.D. only,03 - Rear end,01 - Clear,01 - Daylight,01 - Dry,02 - Stop sign,01 - Functioning,2,0,0,0,,0,,,,,372996.0086,5010443.14,45.23064817,-75.63150425,3842
15--12779,2015/11/02,11:15 AM,ALBERT ST @ LYON ST (0002208),2208,02 - Intersection related,02 - Non-fatal injury,04 - Sideswipe,01 - Clear,01 - Daylight,01 - Dry,01 - Traffic signal,01 - Functioning,2,0,0,0,01 - Minimal,1,1,,,,367062.7002,5031219.944,45.41814424,-75.70444653,3843
15--1278,2015/01/20,7:23 AM,HIGHWAY 17 btwn HUNT LINE RD & WINDWARD WAY (__3ZA2LA),__3ZA2LA,04 - At/near private drive,03 - P.D. only,03 - Rear end,01 - Clear,03 - Dawn,01 - Dry,10 - No control,,2,0,0,0,,0,,,,,323315.431,5028236.169,45.39382024,-76.26352311,3844
15--12780,2015/11/02,11:30 AM,BLAIR RD @ OGILVIE RD (0004120),4120,02 - Intersection related,03 - P.D. only,03 - Rear end,01 - Clear,01 - Daylight,01 - Dry,01 - Traffic signal,01 - Functioning,2,0,0,0,,0,,,,,374507.0017,5033198.575,45.43524485,-75.60905886,3845
15--12985,2015/11/06,7:57 AM,SHANDON AVE btwn WOODGATE WAY & GRANDFIELD LANE (__3ZA6KV),__3ZA6KV,04 - At/near private drive,03 - P.D. only,06 - SMV unattended vehicle,01 - Clear,01 - Daylight,01 - Dry,10 - No control,,1,0,0,0,,0,,,,,364826.587,5017632.237,45.29607944,-75.73466553,3846
15--12986,2015/11/06,7:57 PM,ARGYLE AVE @ O'CONNOR ST (0007254),7254,03 - At intersection,03 - P.D. only,05 - Turning movement,01 - Clear,07 - Dark,01 - Dry,01 - Traffic signal,01 - Functioning,2,0,0,0,,0,,,,,368185.4328,5030484.851,45.41142931,-75.69019693,3847
15--12987,2015/11/06,8:28 AM,TAWNEY RD @ WALKLEY RD (0005717),5717,03 - At intersection,03 - P.D. only,02 - Angle,02 - Rain,01 - Daylight,02 - Wet,02 - Stop sign,01 - Functioning,2,0,0,0,,0,,,,,374125.3733,5028179.481,45.39012351,-75.61464189,3848
15--12988,2015/11/06,9:30 AM,CAESAR AVE btwn CLEOPATRA DR & CLEOPATRA DR (__3ZA5ES),__3ZA5ES,04 - At/near private drive,03 - P.D. only,05 - Turning movement,01 - Clear,01 - Daylight,01 - Dry,10 - No control,,2,0,0,0,,0,,,,,365586.7093,5021038.864,45.32666661,-75.72455701,3849
15--12989,2015/11/07,1:26 PM,MACLAREN ST btwn BANK ST & O'CONNOR ST (__3ZA9T0),__3ZA9T0,01 - Non intersection,02 - Non-fatal injury,07 - SMV other,01 - Clear,01 - Daylight,01 - Dry,10 - No control,,1,0,0,1,01 - Minimal,1,1,,,,367871.0547,5030922.881,45.41539897,-75.69415692,3850
15--1299,2015/01/21,11:30 AM,ALBION RD @ WYLDEWOOD ST (0009604),9604,03 - At intersection,02 - Non-fatal injury,02 - Angle,01 - Clear,01 - Daylight,02 - Wet,02 - Stop sign,01 - Functioning,2,0,0,0,02 - Minor,2,1,1,,,372291.7727,5023293.991,45.34634481,-75.63872362,3851
15--12990,2015/11/07,1:30 PM,RICHMOND RD @ 140 E OF POULIN AVE  (0012124),12124,03 - At intersection,03 - P.D. only,05 - Turning movement,01 - Clear,01 - Daylight,01 - Dry,01 - Traffic signal,01 - Functioning,3,0,0,0,,0,,,,,360397.8836,5025019.013,45.36291015,-75.79029704,3852
15--12991,2015/11/07,1:52 PM,BASELINE RD @ GREENBANK RD (0002357),2357,02 - Intersection related,03 - P.D. only,03 - Rear end,01 - Clear,01 - Daylight,01 - Dry,01 - Traffic signal,01 - Functioning,2,0,0,0,,0,,,,,360596.9623,5022583.778,45.34098215,-75.78803081,3853
15--12992,2015/11/07,10:51 AM,GREENBANK RD btwn GIBBARD AVE & WEST HUNT CLUB RD (__3ZA1Y7),__3ZA1Y7,01 - Non intersection,03 - P.D. only,03 - Rear end,01 - Clear,01 - Daylight,01 - Dry,10 - No control,,2,0,0,0,,0,,,,,361432.572,5020607.816,45.32313552,-75.77759536,3854
15--12993,2015/11/07,11:25 AM,VIEWMOUNT DR @ MERIVALE RD (0001528),1528,02 - Intersection related,03 - P.D. only,04 - Sideswipe,01 - Clear,01 - Daylight,01 - Dry,01 - Traffic signal,01 - Functioning,2,0,0,0,,0,,,,,365193.6971,5022947.773,45.34387667,-75.72933717,3855
15--12994,2015/11/07,11:50 PM,GLADSTONE AVE btwn BELL ST N & ARTHUR ST (__3ZBODO),__3ZBODO,04 - At/near private drive,02 - Non-fatal injury,99 - Other,01 - Clear,07 - Dark,01 - Dry,10 - No control,,2,0,0,0,01 - Minimal,2,2,,,,366954.3621,5029975.339,45.40695528,-75.70598761,3856
15--12995,2015/11/07,12:15 PM,FLODDEN WAY btwn LYDIA WAY & VERSILIA DR (__4CZRQS),__4CZRQS,04 - At/near private drive,03 - P.D. only,02 - Angle,01 - Clear,01 - Daylight,01 - Dry,10 - No control,,2,0,0,0,,0,,,,,367251.4845,5016530.787,45.28595737,-75.70388988,3857
15--12996,2015/11/07,12:20 AM,HIGHWAY 417 btwn HWY417 IC126 RAMP16 & HWY417 IC126 RAMP61 (__3ZA2RC),__3ZA2RC,01 - Non intersection,03 - P.D. only,07 - SMV other,01 - Clear,07 - Dark,01 - Dry,10 - No control,,1,0,0,0,,0,,,,,363116.2939,5025806.932,45.36977888,-75.7555066,3858
15--12997,2015/11/07,12:23 AM,DONALD ST btwn QUILL ST & BEAUDRY ST (__3ZA8Z9),__3ZA8Z9,04 - At/near private drive,03 - P.D. only,05 - Turning movement,01 - Clear,07 - Dark,01 - Dry,10 - No control,,2,0,0,0,,0,,,,,370712.6788,5032315.381,45.4276662,-75.65766776,3859
15--12998,2015/11/07,12:37 PM,JEANNE D'ARC BLVD @ ORLEANS BLVD S (0004154),4154,03 - At intersection,02 - Non-fatal injury,05 - Turning movement,01 - Clear,01 - Daylight,01 - Dry,01 - Traffic signal,01 - Functioning,2,0,0,0,02 - Minor,1,,1,,,380939.3031,5036250.219,45.46203036,-75.52638528,3860
15--12999,2015/11/07,12:50 AM,DUNROBIN RD btwn KERWIN RD & ROCHON WAY (__3ZA3EG),__3ZA3EG,01 - Non intersection,03 - P.D. only,07 - SMV other,01 - Clear,07 - Dark,01 - Dry,10 - No control,,1,0,0,0,,0,,,,,346442.9183,5027030.372,45.38197677,-75.96825258,3861
15--13,2015/01/01,4:00 AM,JEANNE D'ARC BLVD btwn HARLEQUIN CRES & HARLEQUIN CRES (__3ZA5BE),__3ZA5BE,01 - Non intersection,03 - P.D. only,06 - SMV unattended vehicle,01 - Clear,07 - Dark,01 - Dry,10 - No control,,1,0,0,0,,0,,,,,382379.4913,5039190.164,45.48832296,-75.50750769,3862
15--130,2015/01/04,10:41 AM,WEST HUNT CLUB RD btwn MOODIE DR & RICHMOND RD (__3ZA4YH),__3ZA4YH,01 - Non intersection,03 - P.D. only,07 - SMV other,02 - Rain,01 - Daylight,04 - Slush,10 - No control,,1,0,0,0,,0,,,,,357887.4107,5018485.444,45.30431527,-75.82304154,3863
15--1300,2015/01/21,11:30 AM,HWY417 IC118 RAMP35 btwn HWY417 IC118 RAMP45 & MANN AVE OVERPASS (__3ZAYAW),__3ZAYAW,01 - Non intersection,02 - Non-fatal injury,04 - Sideswipe,01 - Clear,01 - Daylight,01 - Dry,10 - No control,,2,0,0,0,01 - Minimal,2,2,,,,369486.1355,5030990.473,45.41585969,-75.6735147,3864
15--13000,2015/11/07,2:00 PM,DONALD ST @ ST. LAURENT BLVD (0008630),8630,02 - Intersection related,03 - P.D. only,03 - Rear end,01 - Clear,01 - Daylight,01 - Dry,01 - Traffic signal,01 - Functioning,2,0,0,0,,0,,,,,372093.7129,5032472.585,45.42894914,-75.63999931,3865
15--13001,2015/11/07,3:15 PM,MARGUERITE AVE @ MCARTHUR AVE (0009201),9201,02 - Intersection related,03 - P.D. only,05 - Turning movement,01 - Clear,01 - Daylight,01 - Dry,01 - Traffic signal,01 - Functioning,2,0,0,0,,0,,,,,370031.0082,5032671.211,45.43093172,-75.66633112,3866
15--13002,2015/11/07,4:10 AM,PRINCE OF WALES DR btwn GREENBANK RD & BARNSDALE RD (__3ZA296),__3ZA296,01 - Non intersection,03 - P.D. only,07 - SMV other,01 - Clear,07 - Dark,01 - Dry,10 - No control,,1,0,0,0,,0,,,,,366637.8611,5011464.341,45.24042395,-75.71234207,3867
15--13003,2015/11/07,4:12 AM,PANMURE RD @ HWY 417 PANMURE IC163 R51 (0010690),10690,03 - At intersection,02 - Non-fatal injury,07 - SMV other,01 - Clear,07 - Dark,01 - Dry,02 - Stop sign,01 - Functioning,1,0,0,0,02 - Minor,1,,1,,,331079.4177,5021278.369,45.33096216,-76.16473386,3868
15--13004,2015/11/07,4:44 PM,KING EDWARD AVE NB btwn GUIGUES AVE & ST. PATRICK ST (__3ZA3XP),__3ZA3XP,01 - Non intersection,03 - P.D. only,04 - Sideswipe,01 - Clear,05 - Dusk,01 - Dry,10 - No control,,2,0,0,0,,0,,,,,368264.0166,5032841.697,45.43262828,-75.68888944,3869
15--13005,2015/11/07,6:08 PM,ANDERSON RD btwn DOLMAN RIDGE RD & RIDGE RD (__3ZA2B6),__3ZA2B6,01 - Non intersection,03 - P.D. only,07 - SMV other,01 - Clear,07 - Dark,01 - Dry,10 - No control,,1,0,0,0,,0,,,,,378848.5567,5028976.536,45.39681146,-75.55421023,3870
15--13006,2015/11/07,6:34 PM,ROOSEVELT AVE @ RICHMOND RD (0006899),6899,03 - At intersection,02 - Non-fatal injury,05 - Turning movement,01 - Clear,07 - Dark,01 - Dry,01 - Traffic signal,01 - Functioning,2,0,0,0,01 - Minimal,1,1,,,,362977.9715,5028116.11,45.39056806,-75.75700024,3871
15--13007,2015/11/07,6:40 PM,HIGHWAY 417 btwn HWY417 IC121A RAMP51 & HWY417 IC120A RAMP52 (__3ZA2R6),__3ZA2R6,01 - Non intersection,02 - Non-fatal injury,03 - Rear end,01 - Clear,07 - Dark,01 - Dry,10 - No control,,2,0,0,0,02 - Minor,1,,1,,,367257.6655,5029730.053,45.40472127,-75.70214441,3872
15--13008,2015/11/07,7:43 PM,ARTHUR ST @ SOMERSET ST (0005109),5109,03 - At intersection,02 - Non-fatal injury,07 - SMV other,01 - Clear,07 - Dark,01 - Dry,01 - Traffic signal,01 - Functioning,1,0,0,1,02 - Minor,1,,1,,,366829.7017,5030391.204,45.41070818,-75.70752765,3873
15--13009,2015/11/07,7:54 PM,HENEY ST btwn COBOURG ST & CHARLOTTE ST (__3ZA7DZ),__3ZA7DZ,01 - Non intersection,03 - P.D. only,06 - SMV unattended vehicle,01 - Clear,07 - Dark,01 - Dry,10 - No control,,1,0,0,0,,0,,,,,369003.8925,5032998.206,45.43396895,-75.67941392,3874
15--1301,2015/01/21,12:15 PM,HWY 417 WOODROFF IC127R62 @ WOODROFFE AVE (0002349),2349,02 - Intersection related,03 - P.D. only,03 - Rear end,01 - Clear,01 - Daylight,01 - Dry,03 - Yield sign,01 - Functioning,2,0,0,0,,0,,,,,362049.4739,5025020.384,45.36278955,-75.76921615,3875
15--13010,2015/11/07,8:00 PM,RIVERSIDE DR @ TREMBLAY RD/HWY417 IC117 RAMP52 (0010790),10790,02 - Intersection related,03 - P.D. only,03 - Rear end,01 - Clear,07 - Dark,01 - Dry,01 - Traffic signal,01 - Functioning,2,0,0,0,,0,,,,,370803.3416,5031017.171,45.4159769,-75.65668319,3876
15--13011,2015/11/07,8:53 AM,KING EDWARD AVE @ MURRAY ST (0002713),2713,02 - Intersection related,03 - P.D. only,03 - Rear end,01 - Clear,01 - Daylight,01 - Dry,01 - Traffic signal,01 - Functioning,2,0,0,0,,0,,,,,368290.9778,5032753.582,45.431833,-75.68855626,3877
15--13012,2015/11/07,9:30 PM,KING EDWARD AVE @ ST. PATRICK ST (0002714),2714,02 - Intersection related,03 - P.D. only,04 - Sideswipe,01 - Clear,07 - Dark,01 - Dry,01 - Traffic signal,01 - Functioning,2,0,0,0,,0,,,,,368249.7843,5032822.325,45.43245526,-75.68907382,3878
15--13013,2015/11/07,9:33 PM,WOODROFFE AVE btwn GRENFELL CRES & 260 N OF FALLOWFIELD RD/TRANSITWAY  (__3ZA3IO),__3ZA3IO,01 - Non intersection,03 - P.D. only,03 - Rear end,01 - Clear,07 - Dark,01 - Dry,10 - No control,,2,0,0,0,,0,,,,,364899.124,5018370.497,45.30271607,-75.73365129,3879
15--13014,2015/11/07,9:55 AM,CARLING AVE EB btwn HWY417 IC124 RAMP57 & KIRKWOOD AVE (__3ZA30Y),__3ZA30Y,01 - Non intersection,02 - Non-fatal injury,03 - Rear end,01 - Clear,01 - Daylight,01 - Dry,10 - No control,,2,0,0,0,02 - Minor,2,1,1,,,364273.6224,5027227.399,45.38246276,-75.74056182,3880
15--13015,2015/11/08,1:20 PM,BEAVERPOND DR @ BLAIR RD (0004166),4166,02 - Intersection related,03 - P.D. only,03 - Rear end,01 - Clear,01 - Daylight,01 - Dry,01 - Traffic signal,01 - Functioning,3,0,0,0,,0,,,,,375399.0079,5031875.289,45.42324918,-75.59784904,3881
15--13016,2015/11/08,1:29 PM,HIGHWAY 417 btwn HWY417 IC122 RAMP51 & HWY417 IC122 RAMP15 (__3ZA2R0),__3ZA2R0,01 - Non intersection,02 - Non-fatal injury,04 - Sideswipe,01 - Clear,01 - Daylight,01 - Dry,10 - No control,,5,0,0,0,02 - Minor,2,,2,,,365333.0941,5028873.826,45.39718622,-75.72683235,3882
15--13017,2015/11/08,1:45 PM,HAZELDEAN RD @ TERRY FOX DR (0003682),3682,02 - Intersection related,03 - P.D. only,03 - Rear end,01 - Clear,01 - Daylight,01 - Dry,01 - Traffic signal,01 - Functioning,2,0,0,0,,0,,,,,352206.8903,5017242.811,45.29354009,-75.89559275,3883
15--13018,2015/11/08,10:05 AM,KNIGHTSBRIDGE RD @ WOODROFFE AVE (0002244),2244,02 - Intersection related,03 - P.D. only,04 - Sideswipe,01 - Clear,01 - Daylight,01 - Dry,02 - Stop sign,00 - Unknown,2,0,0,0,,0,,,,,361622.2404,5026559.802,45.37667587,-75.77449222,3884
15--13019,2015/11/08,10:26 AM,DEVONSHIRE PL @ KIRKWOOD AVE (0006987),6987,03 - At intersection,03 - P.D. only,02 - Angle,01 - Clear,01 - Daylight,01 - Dry,02 - Stop sign,01 - Functioning,2,0,0,0,,0,,,,,364142.412,5027801.544,45.38763995,-75.74216812,3885
15--1302,2015/01/21,2:01 PM,AGINCOURT RD @ NAVAHO DR (0003363),3363,03 - At intersection,03 - P.D. only,02 - Angle,01 - Clear,01 - Daylight,01 - Dry,02 - Stop sign,01 - Functioning,2,0,0,0,,0,,,,,363389.7249,5024968.002,45.36220749,-75.75211563,3886
15--13020,2015/11/08,10:28 AM,BRONSON AVE @ GLADSTONE AVE (0002110),2110,03 - At intersection,02 - Non-fatal injury,07 - SMV other,01 - Clear,01 - Daylight,01 - Dry,01 - Traffic signal,01 - Functioning,1,0,0,1,02 - Minor,1,,1,,,367133.7017,5030079.762,45.4078789,-75.7036836,3887
15--13021,2015/11/08,11:00 AM,HIGHWAY 417 btwn HWY417 IC124 RAMP65 & HWY417 IC122 RAMP51 (__3ZA2R8),__3ZA2R8,01 - Non intersection,03 - P.D. only,07 - SMV other,01 - Clear,01 - Daylight,01 - Dry,10 - No control,,1,0,0,0,,0,,,,,365129.484,5028674.548,45.39541073,-75.72945712,3888