Anom_ID,Accident_Date,Accident_Time,Location,Geo_ID,Accident_Location,Classification_of_Accident,Initial_Impact_Type,Environment_Condition,Light,Road_Surface_Condition,Traffic_Control,Traffic_Control_Condition,No__of_Vehicles,No__of_Bicycles,No__of_Motorcycles,No__of_Pedestrians,Max_Injury,No__of_Injuries,No__of_Minimal,No__of_Minor,No__of_Major,No__of_Fatal,X,Y,Latitude,Longitude,ObjectId
15--13022,2015/11/08,11:06 PM,AIRPORT PKWY btwn RAMP & RAMP (4) (__3ZA22T),__3ZA22T,01 - Non intersection,02 - Non-fatal injury,01 - Approaching,01 - Clear,07 - Dark,01 - Dry,10 - No control,,2,0,0,0,02 - Minor,1,,1,,,371328.9329,5021729.782,45.33236251,-75.65121957,3889
15--13023,2015/11/08,11:35 PM,COOPER ST btwn CARTIER ST & DRIVEWAY (THE) (__3ZA9VI),__3ZA9VI,01 - Non intersection,03 - P.D. only,04 - Sideswipe,01 - Clear,07 - Dark,01 - Dry,10 - No control,,2,0,0,0,,0,,,,,368393.045,5031436.252,45.41997086,-75.687422,3890
15--13024,2015/11/08,11:58 AM,ST. JOSEPH BLVD/OLD MONTREAL RD @ TRIM RD (0004118),4118,03 - At intersection,03 - P.D. only,04 - Sideswipe,01 - Clear,01 - Daylight,01 - Dry,11 - Roundabout,01 - Functioning,2,0,0,0,,0,,,,,384685.5394,5039288.652,45.48894893,-75.47799452,3891
15--13025,2015/11/08,12:29 PM,HUNT CLUB RD @ BRIDLE PATH DR/DAZE ST (0008214),8214,02 - Intersection related,03 - P.D. only,03 - Rear end,01 - Clear,01 - Daylight,01 - Dry,01 - Traffic signal,01 - Functioning,2,0,0,0,,0,,,,,371291.7289,5023863.782,45.35156712,-75.65140736,3892
15--13026,2015/11/08,12:45 PM,MERIVALE RD btwn ROSSLAND AVE & EMERALD PLAZA SC (__3ZA4HZA),__3ZA4HZA,01 - Non intersection,03 - P.D. only,04 - Sideswipe,01 - Clear,01 - Daylight,01 - Dry,10 - No control,,2,0,0,0,,0,,,,,364726.3242,5024025.27,45.35361194,-75.73517005,3893
15--13027,2015/11/08,2:00 PM,MEADOWLANDS DR @ VIEWMOUNT DR (0001752),1752,03 - At intersection,01 - Fatal injury,02 - Angle,01 - Clear,01 - Daylight,01 - Dry,01 - Traffic signal,01 - Functioning,2,0,0,0,04 - Fatal,2,,,1,1,363739.6834,5023106.956,45.34543267,-75.74787074,3894
15--13028,2015/11/08,2:10 AM,SUMMERHILL ST @ VISION ST/WILHELMINA PL (0016108),16108,03 - At intersection,03 - P.D. only,05 - Turning movement,01 - Clear,07 - Dark,01 - Dry,02 - Stop sign,01 - Functioning,2,0,0,0,,0,,,,,367606.0959,5014271.678,45.26559851,-75.69965567,3895
15--13029,2015/11/08,2:27 AM,GEORGE ST @ DALHOUSIE ST (0008516),8516,02 - Intersection related,03 - P.D. only,04 - Sideswipe,01 - Clear,07 - Dark,01 - Dry,01 - Traffic signal,01 - Functioning,2,0,0,0,,0,,,,,368157.2528,5032315.585,45.42790419,-75.6903215,3896
15--1303,2015/01/21,2:01 PM,RIVERSIDE DR @ 175 S OF HUNT CLUB  RD/RUNWAY C (0011890),11890,02 - Intersection related,03 - P.D. only,03 - Rear end,01 - Clear,01 - Daylight,01 - Dry,01 - Traffic signal,01 - Functioning,2,0,0,0,,0,,,,,368027.5361,5021768.71,45.333018,-75.69332973,3897
15--13030,2015/11/08,2:37 AM,ST. LAURENT BLVD @ WALKLEY RD (0007653),7653,02 - Intersection related,03 - P.D. only,07 - SMV other,01 - Clear,07 - Dark,01 - Dry,01 - Traffic signal,01 - Functioning,1,0,0,0,,0,,,,,373902.0281,5028046.855,45.38895227,-75.61751247,3898
15--13031,2015/11/08,2:45 PM,REGIONAL ROAD 174 btwn QUIGLEY HILL RD & CAMERON ST (__3ZA27U),__3ZA27U,01 - Non intersection,02 - Non-fatal injury,03 - Rear end,01 - Clear,01 - Daylight,01 - Dry,10 - No control,,3,0,0,0,02 - Minor,1,,1,,,389169.4393,5042507.067,45.51737686,-75.42008678,3899
15--13032,2015/11/08,3:00 PM,ARLINGTON AVE @ BRONSON AVE (0006759),6759,03 - At intersection,03 - P.D. only,02 - Angle,01 - Clear,01 - Daylight,01 - Dry,01 - Traffic signal,01 - Functioning,2,1,0,0,,0,,,,,367223.4314,5029866.841,45.40595511,-75.70256437,3900
15--13033,2015/11/08,3:09 PM,GALT ST btwn AYLMER AVE & END (1) (__3ZA9JE),__3ZA9JE,01 - Non intersection,03 - P.D. only,02 - Angle,01 - Clear,01 - Daylight,01 - Dry,10 - No control,,2,0,0,0,,0,,,,,368583.8782,5028686.758,45.39521445,-75.68533954,3901
15--13034,2015/11/08,3:41 AM,CARLING AVE @ MELROSE AVE (0006992),6992,02 - Intersection related,03 - P.D. only,01 - Approaching,01 - Clear,07 - Dark,01 - Dry,02 - Stop sign,00 - Unknown,2,0,0,0,,0,,,,,365970.7053,5028392.995,45.3928044,-75.71874874,3902
15--13035,2015/11/08,4:03 PM,STATION BLVD btwn BLAIR ST & ACTON ST (__3ZA94G),__3ZA94G,01 - Non intersection,03 - P.D. only,06 - SMV unattended vehicle,01 - Clear,01 - Daylight,01 - Dry,10 - No control,,1,0,0,0,,0,,,,,371236.3945,5030117.968,45.40784526,-75.65127193,3903
15--13036,2015/11/08,4:09 AM,DRIVEWAY (THE) btwn GILMOUR ST & LEWIS ST (__3ZA2JG),__3ZA2JG,01 - Non intersection,03 - P.D. only,99 - Other,01 - Clear,07 - Dark,01 - Dry,10 - No control,,2,0,0,0,,0,,,,,368712.4061,5031367.649,45.41932449,-75.68335059,3904
15--13037,2015/11/08,4:13 PM,FRANK FINNIGAN WAY btwn CYCLONE TAYLOR BLVD & PALLADIUM DR (__3ZBO8W),__3ZBO8W,01 - Non intersection,03 - P.D. only,02 - Angle,01 - Clear,01 - Daylight,01 - Dry,10 - No control,,2,0,0,0,,0,,,,,349867.7403,5017669.468,45.2975332,-75.92537508,3905
15--13038,2015/11/08,4:22 AM,CHARLEMAGNE BLVD btwn PRINCESS LOUISE DR & BOTTRIELL WAY (__3ZA607),__3ZA607,01 - Non intersection,03 - P.D. only,07 - SMV other,01 - Clear,07 - Dark,01 - Dry,10 - No control,,1,0,0,0,,0,,,,,383594.8181,5037956.3,45.47708566,-75.49216011,3906
15--13039,2015/11/08,4:57 PM,ARTHUR ST btwn CHRISTIE ST & GLADSTONE AVE (__3ZAAK4),__3ZAAK4,01 - Non intersection,03 - P.D. only,06 - SMV unattended vehicle,01 - Clear,05 - Dusk,01 - Dry,10 - No control,,1,0,0,0,,0,,,,,366915.7453,5030185.115,45.40884622,-75.70645446,3907
15--1304,2015/01/21,2:03 PM,CAESAR AVE btwn CLEOPATRA DR & CLEOPATRA DR (__3ZA5ES),__3ZA5ES,01 - Non intersection,03 - P.D. only,07 - SMV other,01 - Clear,01 - Daylight,03 - Loose snow,10 - No control,,1,0,0,0,,0,,,,,365772.1072,5021077.718,45.32700013,-75.72218736,3908
15--13040,2015/11/08,5:31 PM,DUNROBIN RD btwn CONSTANCE BAY RD & KINBURN SIDE RD (__3ZA3FF),__3ZA3FF,01 - Non intersection,03 - P.D. only,07 - SMV other,01 - Clear,07 - Dark,01 - Dry,10 - No control,,1,0,0,0,,0,,,,,337288.9342,5036712.851,45.46958713,-76.08449957,3909
15--13041,2015/11/08,5:32 PM,HAWTHORNE RD @ HUNT CLUB RD (0007651),7651,03 - At intersection,02 - Non-fatal injury,05 - Turning movement,01 - Clear,07 - Dark,01 - Dry,01 - Traffic signal,01 - Functioning,2,0,0,0,01 - Minimal,1,1,,,,375507.5697,5026406.799,45.37403561,-75.59724586,3910
15--13042,2015/11/08,5:56 PM,ST. LAURENT BLVD @ WALKLEY RD (0007653),7653,03 - At intersection,02 - Non-fatal injury,05 - Turning movement,01 - Clear,07 - Dark,01 - Dry,01 - Traffic signal,01 - Functioning,2,0,0,0,01 - Minimal,1,1,,,,373903.4708,5028045.053,45.38893592,-75.6174943,3911
15--13043,2015/11/08,6:51 PM,CARLING AVE btwn MOODIE DR & GRANDVIEW RD (__3ZBOCP),__3ZBOCP,01 - Non intersection,03 - P.D. only,07 - SMV other,01 - Clear,07 - Dark,01 - Dry,10 - No control,,1,0,0,0,,0,,,,,355817.9491,5024013.381,45.35420968,-75.8488594,3912
15--13044,2015/11/08,8:50 AM,HIGHWAY 416 btwn HWY416 IC42 RAMP34 & HWY416 IC42 RAMP43 (__3ZA1NA),__3ZA1NA,01 - Non intersection,03 - P.D. only,07 - SMV other,01 - Clear,01 - Daylight,01 - Dry,10 - No control,,1,0,0,0,,0,,,,,371430.7195,4995206.496,45.09369894,-75.65346933,3913
15--13045,2015/11/08,8:50 PM,HIGHWAY 417 btwn HWY417 IC119B RAMP57 & HWY417 IC119A RAMP75 (__3ZA1QN),__3ZA1QN,01 - Non intersection,03 - P.D. only,07 - SMV other,01 - Clear,07 - Dark,01 - Dry,10 - No control,,1,0,0,0,,0,,,,,368588.0887,5030514.756,45.4116618,-75.68504931,3914
15--13046,2015/11/08,9:10 AM,COLONEL BY DR btwn CLEGG ST & ECHO DR S (__3ZBPHH),__3ZBPHH,01 - Non intersection,02 - Non-fatal injury,02 - Angle,01 - Clear,01 - Daylight,01 - Dry,10 - No control,,2,1,0,0,02 - Minor,1,,1,,,369005.6292,5029634.009,45.40369896,-75.6798301,3915
15--13047,2015/11/08,9:25 PM,HIGHWAY 416 btwn HWY416 IC42 RAMP24 & END (__3ZAZJ6),__3ZAZJ6,01 - Non intersection,03 - P.D. only,07 - SMV other,01 - Clear,07 - Dark,01 - Dry,10 - No control,,1,0,0,0,,0,,,,,372247.9259,4994181.359,45.08439726,-75.64322596,3916
15--13048,2015/11/09,1:24 AM,BREWER RD @ BRONSON AVE (0002240),2240,02 - Intersection related,03 - P.D. only,04 - Sideswipe,01 - Clear,07 - Dark,01 - Dry,01 - Traffic signal,01 - Functioning,2,0,0,0,,0,,,,,368109.0471,5027765.714,45.38697025,-75.69152174,3917
15--13049,2015/11/09,1:32 PM,RICHMOND RD @ WOODROFFE AVE (0011466),11466,03 - At intersection,03 - P.D. only,05 - Turning movement,01 - Clear,01 - Daylight,01 - Dry,01 - Traffic signal,01 - Functioning,2,0,0,0,,0,,,,,361585.4071,5026654.163,45.37752791,-75.77495162,3918
15--1305,2015/01/21,2:30 PM,STRANDHERD DR @ WOODROFFE AVE (0009688),9688,02 - Intersection related,03 - P.D. only,03 - Rear end,01 - Clear,01 - Daylight,01 - Dry,01 - Traffic signal,01 - Functioning,2,0,0,0,,0,,,,,366107.1179,5015394.667,45.27583537,-75.71861684,3919
15--13248,2015/11/13,3:46 PM,TENTH LINE RD @ CHARLEMAGNE BLVD S/DES EPINETT (0003686),3686,03 - At intersection,03 - P.D. only,05 - Turning movement,01 - Clear,01 - Daylight,02 - Wet,01 - Traffic signal,01 - Functioning,2,0,0,0,,0,,,,,383640.9751,5036900.456,45.46758093,-75.49173924,3920
15--13249,2015/11/13,4:07 PM,LORRY GREENBERG DR btwn HEARTLEAF PRIV & HUNT CLUB RD (__3ZAZLZ),__3ZAZLZ,04 - At/near private drive,03 - P.D. only,02 - Angle,02 - Rain,01 - Daylight,02 - Wet,10 - No control,,2,0,0,0,,0,,,,,372810.0203,5024839.274,45.36019864,-75.63189836,3921
15--1325,2015/01/21,6:30 PM,RIVERSIDE DR @ SMYTH RD SOUTH SIDE RAMP (0011480),11480,03 - At intersection,03 - P.D. only,03 - Rear end,01 - Clear,07 - Dark,01 - Dry,01 - Traffic signal,01 - Functioning,2,0,0,0,,0,,,,,369786.5172,5028997.494,45.39789976,-75.66993986,3922
15--13250,2015/11/13,4:09 PM,BASELINE RD btwn TURN LANE & MERIVALE RD (__3ZA4IA),__3ZA4IA,01 - Non intersection,02 - Non-fatal injury,03 - Rear end,02 - Rain,01 - Daylight,02 - Wet,10 - No control,,2,0,0,0,02 - Minor,1,,1,,,365022.3411,5025305.512,45.365106,-75.73123639,3923
15--13251,2015/11/13,4:20 PM,ALTA VISTA DR btwn SMYTH RD & VALOUR DR (__4O00NK),__4O00NK,01 - Non intersection,03 - P.D. only,03 - Rear end,01 - Clear,01 - Daylight,01 - Dry,10 - No control,,2,0,0,0,,0,,,,,370411.0553,5029183.363,45.39951389,-75.66193889,3924
15--13252,2015/11/13,4:22 PM,ST. PATRICK ST @ SUSSEX DR (0011910),11910,02 - Intersection related,03 - P.D. only,04 - Sideswipe,02 - Rain,05 - Dusk,02 - Wet,01 - Traffic signal,01 - Functioning,2,0,0,0,,0,,,,,367666.1923,5032463.086,45.42927566,-75.69657759,3925
15--13253,2015/11/13,4:25 PM,ST. LAURENT BLVD btwn FOLEY AVE & WALKLEY RD (__3ZA73H),__3ZA73H,04 - At/near private drive,03 - P.D. only,02 - Angle,01 - Clear,05 - Dusk,02 - Wet,10 - No control,,2,0,0,0,,0,,,,,373898.418,5028058.407,45.38905657,-75.61755695,3926
15--13254,2015/11/13,4:40 PM,HIGHWAY 417 btwn HWY417 IC129 RAMP25 & HWY417 IC129 RAMP35 (__3ZAYFR),__3ZAYFR,01 - Non intersection,03 - P.D. only,03 - Rear end,02 - Rain,05 - Dusk,02 - Wet,10 - No control,,2,0,0,0,,0,,,,,360478.8097,5023543.073,45.34962326,-75.78943034,3927
15--13255,2015/11/13,4:44 PM,RIVERSIDE DR RAMP 42A @ RIVERSIDE DR RAMP 42B (0002522),2522,02 - Intersection related,03 - P.D. only,03 - Rear end,02 - Rain,05 - Dusk,02 - Wet,03 - Yield sign,01 - Functioning,2,0,0,0,,0,,,,,368480.9419,5027090.945,45.38086516,-75.68686004,3928
15--13256,2015/11/13,4:57 PM,WOODROFFE AVE @ SPORTSPLEX S (0010592),10592,02 - Intersection related,03 - P.D. only,03 - Rear end,02 - Rain,05 - Dusk,02 - Wet,01 - Traffic signal,01 - Functioning,2,0,0,0,,0,,,,,363831.4121,5020898.368,45.32555226,-75.74696374,3929
15--13257,2015/11/13,5:00 PM,OSGOODE MAIN ST @ STAGECOACH RD (0005252),5252,03 - At intersection,03 - P.D. only,02 - Angle,02 - Rain,05 - Dusk,02 - Wet,02 - Stop sign,01 - Functioning,2,0,0,0,,0,,,,,378034.4329,5002956.585,45.1627803,-75.56844653,3930
15--13258,2015/11/13,5:22 PM,BLAIR RD btwn MONTREAL RD & SEGUIN ST (__3ZA2E2),__3ZA2E2,01 - Non intersection,03 - P.D. only,05 - Turning movement,01 - Clear,07 - Dark,02 - Wet,10 - No control,,2,0,0,0,,0,,,,,374028.3845,5034420.09,45.44628292,-75.61500362,3931
15--13259,2015/11/13,5:26 PM,INNES RD @ 260 E OF BELCOURT BLVD/WALMART SC (0012533),12533,02 - Intersection related,03 - P.D. only,03 - Rear end,02 - Rain,07 - Dark,02 - Wet,01 - Traffic signal,01 - Functioning,4,0,0,0,,0,,,,,382347.6331,5035397.433,45.4542028,-75.50851375,3932
15--1326,2015/01/21,6:30 PM,HUNT CLUB RD btwn RAMP & RAMP (2) (__3ZA37P),__3ZA37P,01 - Non intersection,03 - P.D. only,03 - Rear end,01 - Clear,07 - Dark,01 - Dry,10 - No control,,2,0,0,0,,0,,,,,371048.4075,5023717.938,45.35027789,-75.65453192,3933
15--13260,2015/11/13,5:29 PM,KANATA AVE @ LORD BYNG WAY/MARITIME WAY (0009115),9115,02 - Intersection related,03 - P.D. only,03 - Rear end,02 - Rain,07 - Dark,02 - Wet,01 - Traffic signal,01 - Functioning,2,0,0,0,,0,,,,,351430.3128,5019332.584,45.31239638,-75.9052965,3934
15--13261,2015/11/13,5:47 PM,MEADOWLANDS DR @ MERIVALE RD (0000625),625,03 - At intersection,02 - Non-fatal injury,07 - SMV other,02 - Rain,07 - Dark,02 - Wet,01 - Traffic signal,01 - Functioning,1,0,0,1,02 - Minor,1,,1,,,364859.1591,5023726.659,45.35091371,-75.73351113,3935
15--13262,2015/11/13,5:50 PM,ST. JOSEPH BLVD @ JEANNE D'ARC BLVD (0012421),12421,03 - At intersection,03 - P.D. only,02 - Angle,02 - Rain,07 - Dark,02 - Wet,11 - Roundabout,01 - Functioning,2,0,0,0,,0,,,,,379860.7425,5036473.025,45.46415171,-75.54014116,3936
15--13263,2015/11/13,5:51 PM,MERIVALE RD @ WEST HUNT CLUB RD (0000584),584,02 - Intersection related,03 - P.D. only,04 - Sideswipe,02 - Rain,07 - Dark,02 - Wet,01 - Traffic signal,01 - Functioning,2,0,0,0,,0,,,,,365611.9745,5021942.859,45.33479846,-75.72412368,3937
15--13264,2015/11/13,6:13 PM,KIRKWOOD AVE btwn CARLING AVE & COLDREY AVE (__3ZA30X),__3ZA30X,01 - Non intersection,02 - Non-fatal injury,07 - SMV other,02 - Rain,07 - Dark,02 - Wet,10 - No control,,1,0,0,1,03 - Major,1,,,1,,364357.5116,5027322.053,45.38330731,-75.73947929,3938
15--13265,2015/11/13,6:27 PM,PRINCE OF WALES DR @ FAIRPARK DR (0010329),10329,02 - Intersection related,03 - P.D. only,03 - Rear end,02 - Rain,07 - Dark,02 - Wet,02 - Stop sign,00 - Unknown,2,0,0,0,,0,,,,,367267.8466,5015413.463,45.27590233,-75.70382196,3939
15--13266,2015/11/13,6:30 PM,AVIATION PKWY @ OGILVIE RD (0004114),4114,02 - Intersection related,03 - P.D. only,04 - Sideswipe,01 - Clear,07 - Dark,01 - Dry,01 - Traffic signal,01 - Functioning,2,0,0,0,,0,,,,,373111.0752,5032377.127,45.42799164,-75.62701237,3940
15--13267,2015/11/13,6:54 PM,GREENBANK RD btwn MALVERN DR & HIGHBURY PARK DR (__3ZAZK0),__3ZAZK0,01 - Non intersection,03 - P.D. only,03 - Rear end,02 - Rain,07 - Dark,02 - Wet,10 - No control,,2,0,0,0,,0,,,,,363391.6864,5016008.848,45.2815933,-75.75315056,3941
15--13268,2015/11/13,7:00 PM,ALBION RD btwn WYLDEWOOD ST & GOTH AVE (__3ZA9WP),__3ZA9WP,01 - Non intersection,03 - P.D. only,04 - Sideswipe,02 - Rain,07 - Dark,02 - Wet,10 - No control,,2,0,0,0,,0,,,,,372298.5128,5023279.068,45.34620989,-75.63863965,3942
15--13269,2015/11/13,7:00 PM,HIGHWAY 417 btwn HWY417 IC124 RAMP65 & HWY417 IC122 RAMP51 (__3ZA2R8),__3ZA2R8,01 - Non intersection,03 - P.D. only,03 - Rear end,02 - Rain,07 - Dark,02 - Wet,10 - No control,,3,0,0,0,,0,,,,,364886.1627,5028242.78,45.39154669,-75.73261718,3943
15--1327,2015/01/21,6:31 PM,MANOTICK STATION RD @ MITCH OWENS RD (0005775),5775,03 - At intersection,03 - P.D. only,03 - Rear end,01 - Clear,07 - Dark,01 - Dry,02 - Stop sign,00 - Unknown,2,0,0,0,,0,,,,,373508.7451,5013267.949,45.25601537,-75.62458487,3944
15--13270,2015/11/13,7:03 AM,KILBORN AVE @ KILBORN PL/LAMIRA ST (0001586),1586,03 - At intersection,03 - P.D. only,02 - Angle,01 - Clear,03 - Dawn,02 - Wet,11 - Roundabout,01 - Functioning,2,0,0,0,,0,,,,,369744.7236,5027678.172,45.38603283,-75.67064728,3945
15--13271,2015/11/13,7:30 PM,GALETTA SIDE RD btwn HOMESTEADERS RD & CARP RD (__3ZA4RU),__3ZA4RU,01 - Non intersection,03 - P.D. only,07 - SMV other,02 - Rain,07 - Dark,02 - Wet,10 - No control,,1,0,0,0,,0,,,,,327656.213,5034905.667,45.45370708,-76.20777435,3946
15--13272,2015/11/13,7:40 PM,OAK MEADOWS DR @ ORLEANS BLVD (0004104),4104,03 - At intersection,03 - P.D. only,02 - Angle,02 - Rain,07 - Dark,02 - Wet,02 - Stop sign,01 - Functioning,2,0,0,0,,0,,,,,380299.0925,5035053.233,45.45133028,-75.53475444,3947
15--13273,2015/11/13,8:03 PM,CARLING AVE @ KIRKWOOD AVE N (0002358),2358,03 - At intersection,03 - P.D. only,05 - Turning movement,02 - Rain,07 - Dark,02 - Wet,01 - Traffic signal,01 - Functioning,2,0,0,0,,0,,,,,364275.3041,5027495.027,45.38487069,-75.7405081,3948
15--13274,2015/11/13,8:17 PM,PALLADIUM DR @ SILVER SEVEN RD (0011839),11839,02 - Intersection related,03 - P.D. only,03 - Rear end,02 - Rain,07 - Dark,02 - Wet,01 - Traffic signal,01 - Functioning,2,0,0,0,,0,,,,,351051.6077,5017887.086,45.29941445,-75.91026097,3949
15--13275,2015/11/13,8:31 PM,DONALD ST @ ST. LAURENT BLVD (0008630),8630,02 - Intersection related,03 - P.D. only,03 - Rear end,02 - Rain,07 - Dark,02 - Wet,01 - Traffic signal,01 - Functioning,2,0,0,0,,0,,,,,372093.7129,5032472.585,45.42894914,-75.63999931,3950
15--13276,2015/11/13,8:36 AM,SMYTH RD btwn EDGECOMBE ST & HAIG DR (__3ZA3RY),__3ZA3RY,04 - At/near private drive,02 - Non-fatal injury,02 - Angle,01 - Clear,01 - Daylight,02 - Wet,10 - No control,,2,0,0,0,02 - Minor,2,1,1,,,372430.3275,5029284.332,45.40023023,-75.63613544,3951
15--13277,2015/11/13,9:13 AM,MCARTON RD btwn GOLDEN LINE RD & LOWE RD (__3ZACCR),__3ZACCR,01 - Non intersection,03 - P.D. only,07 - SMV other,02 - Rain,01 - Daylight,02 - Wet,10 - No control,,1,0,0,0,,0,,,,,338303.9557,5005927.924,45.1925225,-76.07360257,3952
15--13278,2015/11/14,10:58 PM,ROSENFELD CRES btwn SHERK CRES & SHERK CRES (__3ZA5R5),__3ZA5R5,01 - Non intersection,03 - P.D. only,06 - SMV unattended vehicle,01 - Clear,07 - Dark,01 - Dry,10 - No control,,1,0,0,0,,0,,,,,351084.3261,5020166.601,45.31992396,-75.90963091,3953
15--13279,2015/11/14,11:00 AM,HWY 416 ACRES IC75R24 @ HOLLY ACRES RD (0005257),5257,02 - Intersection related,03 - P.D. only,04 - Sideswipe,01 - Clear,01 - Daylight,01 - Dry,01 - Traffic signal,01 - Functioning,2,0,0,0,,0,,,,,358757.3639,5022869.452,45.34369656,-75.81147119,3954
15--1328,2015/01/21,6:31 PM,CEDARVIEW RD @ HWY 416 WESTHUNT IC72R24 (0005514),5514,03 - At intersection,03 - P.D. only,02 - Angle,01 - Clear,07 - Dark,01 - Dry,02 - Stop sign,01 - Functioning,2,0,0,0,,0,,,,,359608.8499,5019743.294,45.31550127,-75.80095264,3955
15--13280,2015/11/14,11:31 AM,INNES RD btwn BEARBROOK RD & 173 W OF ORIENT PARK DR (__3ZA2AZA),__3ZA2AZA,04 - At/near private drive,03 - P.D. only,02 - Angle,01 - Clear,01 - Daylight,01 - Dry,10 - No control,,2,0,0,0,,0,,,,,378020.1615,5032855.603,45.43179997,-75.56421324,3956
15--13281,2015/11/14,11:39 PM,HARDING RD btwn SAMUEL DR & WALKLEY RD (__3ZA7QR),__3ZA7QR,01 - Non intersection,03 - P.D. only,06 - SMV unattended vehicle,01 - Clear,07 - Dark,01 - Dry,10 - No control,,1,0,0,0,,0,,,,,373129.2712,5027644.932,45.38541176,-75.62743567,3957
15--13282,2015/11/14,Unknown,GULF PL btwn HOCHELAGA ST & THE ROCKERY PRIV (__3ZBOBR),__3ZBOBR,01 - Non intersection,03 - P.D. only,06 - SMV unattended vehicle,01 - Clear,00 - Unknown,01 - Dry,10 - No control,,1,0,0,0,,0,,,,,373134.2161,5034407.647,45.44625895,-75.6264348,3958
15--13283,2015/11/14,12:10 PM,HIGHWAY 417 btwn HWY417 IC121B RAMP51 & HWY417 IC121A RAMP51 (__3ZA2YW),__3ZA2YW,01 - Non intersection,03 - P.D. only,03 - Rear end,01 - Clear,01 - Daylight,01 - Dry,10 - No control,,3,0,0,0,,0,,,,,366752.5887,5029566.967,45.40329875,-75.7086163,3959
15--13284,2015/11/14,12:25 PM,HWY 417 TERRYFO IC140R52 @ TERRY FOX DR (0003180),3180,02 - Intersection related,03 - P.D. only,03 - Rear end,01 - Clear,01 - Daylight,01 - Dry,01 - Traffic signal,01 - Functioning,2,0,0,0,,0,,,,,351052.6045,5018434.436,45.30433959,-75.9101972,3960
15--13285,2015/11/14,2:14 PM,BANK ST @ QUEENSDALE AVE (0009260),9260,03 - At intersection,03 - P.D. only,05 - Turning movement,01 - Clear,01 - Daylight,01 - Dry,01 - Traffic signal,01 - Functioning,2,0,0,0,,0,,,,,373337.4649,5023446.235,45.34761324,-75.62535978,3961
15--13286,2015/11/14,4:35 PM,BROPHY DR btwn MOODIE DR & WILLIAM MCEWEN DR (__3ZA4KN),__3ZA4KN,01 - Non intersection,03 - P.D. only,07 - SMV other,01 - Clear,05 - Dusk,01 - Dry,10 - No control,,1,0,0,0,,0,,,,,364183.5351,5007711.179,45.20686398,-75.74404891,3962
15--13287,2015/11/14,4:54 PM,TERRY FOX DR @ EDGEWATER ST/WALTER BAKER PL (0002699),2699,02 - Intersection related,03 - P.D. only,03 - Rear end,01 - Clear,07 - Dark,01 - Dry,01 - Traffic signal,01 - Functioning,2,0,0,0,,0,,,,,351779.0522,5017612.006,45.29689094,-75.90101214,3963
15--13288,2015/11/14,4:54 PM,ADIRONDACK DR @ WOODROFFE AVE (0005644),5644,02 - Intersection related,03 - P.D. only,03 - Rear end,01 - Clear,05 - Dusk,01 - Dry,02 - Stop sign,00 - Unknown,2,0,0,0,,0,,,,,362456.964,5024005.512,45.35362442,-75.76413338,3964
15--13289,2015/11/14,5:00 PM,HIGHWAY 417 btwn HWY417 IC126 RAMP25 & HWY417 IC124 RAMP57 (__3ZA2R5),__3ZA2R5,01 - Non intersection,03 - P.D. only,03 - Rear end,01 - Clear,07 - Dark,01 - Dry,10 - No control,,2,0,0,0,,0,,,,,363678.2352,5026517.545,45.3761259,-75.7482485,3965
15--1329,2015/01/21,6:33 PM,RICHMOND RD btwn LOVITT RD & HIGHFIELD CRES (__3ZA4LY),__3ZA4LY,01 - Non intersection,02 - Non-fatal injury,07 - SMV other,01 - Clear,07 - Dark,02 - Wet,10 - No control,,1,0,0,1,03 - Major,1,,,1,,359678.6697,5023819.55,45.35217407,-75.79961022,3966
15--13290,2015/11/14,5:10 PM,CRESTWAY DR @ STRANDHERD DR (0010538),10538,02 - Intersection related,03 - P.D. only,03 - Rear end,01 - Clear,05 - Dusk,01 - Dry,01 - Traffic signal,01 - Functioning,3,0,0,0,,0,,,,,366346.1821,5015470.773,45.27649928,-75.71556073,3967
15--13291,2015/11/14,5:19 PM,HIGHWAY 417 btwn HWY417 IC124 RAMP65 & HWY417 IC122 RAMP51 (__3ZA2R8),__3ZA2R8,01 - Non intersection,03 - P.D. only,03 - Rear end,01 - Clear,07 - Dark,01 - Dry,10 - No control,,2,0,0,0,,0,,,,,364800.2748,5028074.087,45.39003619,-75.7337345,3968
15--13292,2015/11/14,5:20 PM,HIGHWAY 417 btwn HWY417 IC130 RAMP35 & HWY417 IC130 RAMP25 (__3ZA298),__3ZA298,01 - Non intersection,03 - P.D. only,03 - Rear end,01 - Clear,07 - Dark,01 - Dry,10 - No control,,2,0,0,0,,0,,,,,359192.9676,5023060.409,45.34538115,-75.80589204,3969
15--13293,2015/11/14,5:40 PM,HIGHWAY 417 btwn HWY417 IC118 RAMP67 & HWY417 IC117 RAMP36 (__3ZA2YO),__3ZA2YO,01 - Non intersection,03 - P.D. only,03 - Rear end,01 - Clear,07 - Dark,01 - Dry,10 - No control,,2,0,0,0,,0,,,,,370241.0673,5031119.879,45.41695384,-75.66385289,3970
15--13294,2015/11/14,5:40 PM,HIGHWAY 417 btwn HWY417 IC118 RAMP67 & HWY417 IC117 RAMP36 (__3ZA2YO),__3ZA2YO,01 - Non intersection,03 - P.D. only,03 - Rear end,01 - Clear,07 - Dark,01 - Dry,10 - No control,,2,0,0,0,,0,,,,,370210.0203,5031116.991,45.41693076,-75.66424992,3971
15--13295,2015/11/14,6:16 PM,HWY 417 CASTLEFR IC139R61 @ KANATA AVE (0012625),12625,03 - At intersection,03 - P.D. only,02 - Angle,01 - Clear,07 - Dark,01 - Dry,01 - Traffic signal,01 - Functioning,2,0,0,0,,0,,,,,351616.6602,5019225.33,45.31141888,-75.90293016,3972