Anom_ID,Accident_Date,Accident_Time,Location,Geo_ID,Accident_Location,Classification_of_Accident,Initial_Impact_Type,Environment_Condition,Light,Road_Surface_Condition,Traffic_Control,Traffic_Control_Condition,No__of_Vehicles,No__of_Bicycles,No__of_Motorcycles,No__of_Pedestrians,Max_Injury,No__of_Injuries,No__of_Minimal,No__of_Minor,No__of_Major,No__of_Fatal,X,Y,Latitude,Longitude,ObjectId
15--13296,2015/11/14,6:43 PM,BALSAM ST btwn PRESTON ST & ROCHESTER ST (__3ZAAJN),__3ZAAJN,01 - Non intersection,03 - P.D. only,06 - SMV unattended vehicle,01 - Clear,07 - Dark,01 - Dry,10 - No control,,1,0,0,0,,0,,,,,366531.5024,5029817.936,45.40557644,-75.71140877,3973
15--13297,2015/11/14,7:03 PM,MONTREAL RD @ ST. LAURENT BLVD (0002604),2604,03 - At intersection,03 - P.D. only,05 - Turning movement,01 - Clear,07 - Dark,01 - Dry,01 - Traffic signal,01 - Functioning,2,0,0,0,,0,,,,,371544.4394,5033817.414,45.44110193,-75.64683581,3974
15--13298,2015/11/14,8:02 PM,CHAMBERLAIN AVE @ KENT ST (0002131),2131,02 - Intersection related,03 - P.D. only,03 - Rear end,01 - Clear,07 - Dark,01 - Dry,01 - Traffic signal,00 - Unknown,2,0,0,0,,0,,,,,367934.4269,5030049.353,45.40753352,-75.6934592,3975
15--13299,2015/11/14,8:20 PM,BOTTRIELL WAY btwn MERKLEY DR & MARSALA CRES (__3ZA6XR),__3ZA6XR,04 - At/near private drive,03 - P.D. only,07 - SMV other,01 - Clear,07 - Dark,01 - Dry,10 - No control,,1,0,0,0,,0,,,,,383799.5077,5037328.491,45.47141409,-75.48964335,3976
15--133,2015/01/04,11:22 PM,SMYTH RD btwn MAIN ST & RAMP (__3ZA3OL),__3ZA3OL,01 - Non intersection,03 - P.D. only,07 - SMV other,03 - Snow,07 - Dark,05 - Packed snow,10 - No control,,1,0,0,0,,0,,,,,369550.4922,5029271.679,45.40038865,-75.67291826,3977
15--1330,2015/01/21,6:35 PM,HIGHWAY 417 btwn HWY417 IC122 RAMP61 & HWY417 IC121B RAMP16 (__3ZA2Y4),__3ZA2Y4,01 - Non intersection,02 - Non-fatal injury,03 - Rear end,01 - Clear,07 - Dark,01 - Dry,10 - No control,,3,0,0,0,01 - Minimal,2,2,,,,365743.9184,5029169.02,45.39980666,-75.72154905,3978
15--13300,2015/11/14,8:30 AM,HIGHWAY 417 btwn HWY417 IC122 RAMP15 & HWY417 IC121B RAMP51 (__3ZA2RB),__3ZA2RB,01 - Non intersection,03 - P.D. only,03 - Rear end,01 - Clear,01 - Daylight,01 - Dry,10 - No control,,2,0,0,0,,0,,,,,366564.8631,5029510.65,45.40280862,-75.71102114,3979
15--13301,2015/11/14,8:54 PM,BAYVIEW DR btwn RITCHIE AVE & SPINNAKER WAY (__3ZA16A),__3ZA16A,01 - Non intersection,03 - P.D. only,07 - SMV other,01 - Clear,07 - Dark,01 - Dry,10 - No control,,1,0,0,0,,0,,,,,335828.785,5039987.409,45.4991188,-76.10296601,3980
15--13302,2015/11/14,9:21 PM,HIGHWAY 417 btwn HWY417 IC121B RAMP51 & HWY417 IC121A RAMP51 (__3ZA2YW),__3ZA2YW,01 - Non intersection,03 - P.D. only,03 - Rear end,01 - Clear,07 - Dark,01 - Dry,10 - No control,,2,0,0,0,,0,,,,,366767.9459,5029573.374,45.40335504,-75.70841934,3981
15--13303,2015/11/15,11:00 PM,ST. LAURENT BLVD btwn HWY417 IC115 RAMP35 & HWY417 IC115 RAMP26 (__3ZAZEA),__3ZAZEA,06 - Underpass or tunnel,03 - P.D. only,04 - Sideswipe,01 - Clear,07 - Dark,01 - Dry,10 - No control,,2,0,0,0,,0,,,,,372488.8933,5031512.985,45.42027698,-75.63508143,3982
15--13304,2015/11/15,11:40 PM,ST. LAURENT BLVD @ COVENTRY RD/OGILVIE RD (0002151),2151,02 - Intersection related,03 - P.D. only,04 - Sideswipe,01 - Clear,07 - Dark,01 - Dry,01 - Traffic signal,01 - Functioning,2,0,0,0,,0,,,,,372306.4402,5031951.935,45.42424408,-75.63735237,3983
15--13305,2015/11/15,11:58 PM,MARCH RD btwn TERRY FOX DR & SOLANDT RD (__3ZA3CE),__3ZA3CE,01 - Non intersection,03 - P.D. only,07 - SMV other,01 - Clear,07 - Dark,01 - Dry,10 - No control,,1,0,0,0,,0,,,,,350473.0319,5022724.556,45.34298108,-75.9171917,3984
15--13306,2015/11/15,2:21 AM,SOMERSET ST @ RUSSELL AVE (0008452),8452,03 - At intersection,03 - P.D. only,02 - Angle,01 - Clear,07 - Dark,01 - Dry,02 - Stop sign,01 - Functioning,2,0,0,0,,0,,,,,369256.236,5031858.113,45.42368761,-75.67633828,3985
15--13307,2015/11/15,2:42 AM,RIDGE RD btwn ANDERSON RD & END (__3ZBO28),__3ZBO28,01 - Non intersection,03 - P.D. only,07 - SMV other,01 - Clear,07 - Dark,01 - Dry,10 - No control,,1,0,0,0,,0,,,,,379140.4722,5028513.626,45.39261556,-75.55055199,3986
15--13308,2015/11/15,2:47 PM,HUNT CLUB RD @ RIVERSIDE DR (0002237),2237,02 - Intersection related,02 - Non-fatal injury,03 - Rear end,01 - Clear,01 - Daylight,01 - Dry,01 - Traffic signal,01 - Functioning,2,0,0,0,02 - Minor,1,,1,,,368037.4237,5021945.138,45.33460457,-75.69318105,3987
15--13309,2015/11/15,6:05 PM,STRANDHERD DR btwn WOODROFFE AVE & 210 W OF WOODROFFE AVE (__3ZACGCA),__3ZACGCA,01 - Non intersection,03 - P.D. only,03 - Rear end,01 - Clear,07 - Dark,01 - Dry,10 - No control,,2,0,0,0,,0,,,,,366013.9018,5015352.266,45.27546197,-75.71981004,3988
15--1331,2015/01/21,6:45 AM,REGIONAL ROAD 174 btwn OR174 IC109 RAMP56 & OR174 IC109 RAMP86 (__3ZA28W),__3ZA28W,01 - Non intersection,03 - P.D. only,03 - Rear end,01 - Clear,07 - Dark,01 - Dry,10 - No control,,2,0,0,0,,0,,,,,376476.2397,5035041.493,45.45162719,-75.58362434,3989
15--13310,2015/11/15,6:33 PM,COLONEL BY DR btwn COLONEL BY DR NB ON RAMP 35 & BRONSON PL (__3ZA215),__3ZA215,01 - Non intersection,02 - Non-fatal injury,02 - Angle,01 - Clear,07 - Dark,01 - Dry,10 - No control,,2,1,0,0,02 - Minor,1,,1,,,367764.7524,5028513.925,45.39373348,-75.69582259,3990
15--13311,2015/11/15,7:28 PM,OGILVIE RD @ ELMRIDGE DR/JASMINE CRES N (0008801),8801,03 - At intersection,03 - P.D. only,05 - Turning movement,01 - Clear,07 - Dark,01 - Dry,01 - Traffic signal,01 - Functioning,2,0,0,0,,0,,,,,375420.3697,5034060.128,45.44290495,-75.59726273,3991
15--13312,2015/11/15,8:17 PM,HIGHWAY 417 btwn HWY417 IC119A RAMP67 & HWY417 IC118 RAMP76 (__3ZA2YS),__3ZA2YS,01 - Non intersection,02 - Non-fatal injury,03 - Rear end,01 - Clear,07 - Dark,01 - Dry,10 - No control,,2,0,0,0,02 - Minor,2,,2,,,368828.7929,5030654.897,45.41290076,-75.6819562,3992
15--13313,2015/11/15,8:22 AM,BASELINE RD @ WOODROFFE AVE (0002225),2225,03 - At intersection,02 - Non-fatal injury,04 - Sideswipe,01 - Clear,01 - Daylight,01 - Dry,01 - Traffic signal,01 - Functioning,2,0,0,0,03 - Major,1,,,1,,362548.9695,5023770.865,45.35150551,-75.76298664,3993
15--13314,2015/11/15,8:35 PM,JOCKVALE RD/RIDEAU VALLEY DR @ PRINCE OF WALES (0004638),4638,03 - At intersection,02 - Non-fatal injury,05 - Turning movement,01 - Clear,07 - Dark,01 - Dry,01 - Traffic signal,01 - Functioning,2,0,0,0,02 - Minor,1,,1,,,366710.1407,5012194.986,45.24699193,-75.71133054,3994
15--13315,2015/11/15,9:00 PM,EARL ARMSTRONG RD btwn LIMEBANK RD & BOWESVILLE RD (__3ZA6LB),__3ZA6LB,01 - Non intersection,02 - Non-fatal injury,07 - SMV other,01 - Clear,07 - Dark,01 - Dry,10 - No control,,1,0,0,0,01 - Minimal,1,1,,,,370689.9045,5016266.544,45.28326584,-75.66009778,3995
15--13316,2015/11/15,9:05 AM,NAVAN RD btwn DIAMOND WAY & TENTH LINE RD (__3ZA3YY),__3ZA3YY,01 - Non intersection,02 - Non-fatal injury,03 - Rear end,01 - Clear,01 - Daylight,01 - Dry,10 - No control,,2,0,0,0,01 - Minimal,1,1,,,,384960.4292,5032018.304,45.42350564,-75.47566341,3996
15--13317,2015/11/15,9:28 PM,DUNROBIN RD btwn CONSTANCE BAY RD & KINBURN SIDE RD (__3ZA3FF),__3ZA3FF,01 - Non intersection,03 - P.D. only,07 - SMV other,01 - Clear,07 - Dark,01 - Dry,10 - No control,,1,0,0,0,,0,,,,,337098.1475,5036904.371,45.47131932,-76.08692689,3997
15--13318,2015/11/15,9:40 PM,MARCH RD btwn TERRY FOX DR & SOLANDT RD (__3ZA3CE),__3ZA3CE,01 - Non intersection,03 - P.D. only,07 - SMV other,01 - Clear,07 - Dark,01 - Dry,10 - No control,,1,0,0,0,,0,,,,,350471.5905,5022728.16,45.3430136,-75.91720976,3998
15--13319,2015/11/16,1:08 PM,SMYTH RD btwn HAIG DR & SAUNDERSON DR (__3ZA3RZ),__3ZA3RZ,01 - Non intersection,01 - Fatal injury,07 - SMV other,01 - Clear,01 - Daylight,01 - Dry,10 - No control,,1,0,0,0,04 - Fatal,1,,,,1,372684.9726,5029310.478,45.40044083,-75.63287955,3999
15--1332,2015/01/21,6:45 PM,THOMSON ST btwn MONTREAL RD & END (__3ZA8IY),__3ZA8IY,01 - Non intersection,03 - P.D. only,06 - SMV unattended vehicle,01 - Clear,07 - Dark,06 - Ice,10 - No control,,1,0,0,0,,0,,,,,372003.0674,5034148.136,45.44403367,-75.64092888,4000
15--13951,2015/11/30,10:54 AM,BASELINE RD @ MERIVALE RD (0002342),2342,02 - Intersection related,03 - P.D. only,03 - Rear end,01 - Clear,01 - Daylight,01 - Dry,01 - Traffic signal,01 - Functioning,2,0,0,0,,0,,,,,365053.9744,5025325.515,45.36528326,-75.73083018,4001
15--14310,2015/12/10,11:28 AM,BLAIR RD @ OGILVIE RD (0004120),4120,02 - Intersection related,02 - Non-fatal injury,03 - Rear end,01 - Clear,01 - Daylight,01 - Dry,01 - Traffic signal,01 - Functioning,2,0,0,0,02 - Minor,1,,1,,,374507.0017,5033199.297,45.43525134,-75.60905875,4002
15--13952,2015/11/30,11:30 AM,RIVER RD @ 175 N OF EARL ARMSTRONG/LOBLAWS SC (0012471),12471,02 - Intersection related,03 - P.D. only,03 - Rear end,01 - Clear,01 - Daylight,01 - Dry,01 - Traffic signal,01 - Functioning,2,0,0,0,,0,,,,,367639.9317,5014848.491,45.2707856,-75.69915155,4003
15--13953,2015/11/30,11:32 AM,GREENBANK RD btwn HWY417 IC129 RAMP35 & HWY417 IC129 RAMP25 (__3ZA4MU),__3ZA4MU,01 - Non intersection,03 - P.D. only,04 - Sideswipe,01 - Clear,01 - Daylight,01 - Dry,10 - No control,,2,0,0,0,,0,,,,,360490.333,5023418.457,45.34850106,-75.78929732,4004
15--13954,2015/11/30,11:44 AM,ST. LAURENT BLVD btwn DONALD ST & 125 N OF QUEEN MARY ST (__3ZA2CFA),__3ZA2CFA,01 - Non intersection,03 - P.D. only,03 - Rear end,01 - Clear,01 - Daylight,01 - Dry,10 - No control,,2,0,0,0,,0,,,,,372100.8828,5032457.589,45.42881353,-75.63990974,4005
15--13955,2015/11/30,12:51 PM,HAZELDEAN RD @ HUNTMAR DR/IBER RD (0000075),75,02 - Intersection related,02 - Non-fatal injury,03 - Rear end,01 - Clear,01 - Daylight,01 - Dry,01 - Traffic signal,01 - Functioning,2,0,0,0,01 - Minimal,2,2,,,,350934.7355,5016087.33,45.28322741,-75.91191849,4006
15--13956,2015/11/30,2:20 PM,COVENTRY RD @ VANIER PKWY (0002139),2139,03 - At intersection,02 - Non-fatal injury,07 - SMV other,01 - Clear,01 - Daylight,01 - Dry,01 - Traffic signal,01 - Functioning,1,0,0,0,02 - Minor,2,,2,,,370676.3849,5031610.981,45.42133173,-75.65822574,4007
15--13957,2015/11/30,3:05 PM,ELGIN ST @ MCLEOD ST (0007274),7274,03 - At intersection,02 - Non-fatal injury,02 - Angle,01 - Clear,01 - Daylight,01 - Dry,02 - Stop sign,01 - Functioning,2,0,0,0,02 - Minor,1,,1,,,368424.7121,5030778.849,45.41405289,-75.68710229,4008
15--13958,2015/11/30,4:15 PM,ELGIN ST @ LAURIER AVE (0002232),2232,02 - Intersection related,03 - P.D. only,04 - Sideswipe,01 - Clear,05 - Dusk,01 - Dry,01 - Traffic signal,01 - Functioning,2,0,0,0,,0,,,,,367948.7099,5031548.854,45.42102426,-75.69308462,4009
15--13959,2015/11/30,4:16 PM,GRANT CARMAN DR @ MEADOWLANDS DR (0001111),1111,03 - At intersection,03 - P.D. only,05 - Turning movement,01 - Clear,01 - Daylight,01 - Dry,01 - Traffic signal,01 - Functioning,2,0,0,0,,0,,,,,365050.9721,5023900.785,45.35246402,-75.73104217,4010
15--1396,2015/01/22,3:23 PM,HAWTHORNE RD @ HUNT CLUB RD (0007651),7651,02 - Intersection related,03 - P.D. only,03 - Rear end,01 - Clear,01 - Daylight,01 - Dry,01 - Traffic signal,01 - Functioning,2,0,0,0,,0,,,,,375506.786,5026406.047,45.37402893,-75.59725597,4011
15--13960,2015/11/30,4:25 PM,EARL ARMSTRONG RD @ LIMEBANK RD (0004456),4456,02 - Intersection related,03 - P.D. only,03 - Rear end,01 - Clear,05 - Dusk,01 - Dry,01 - Traffic signal,01 - Functioning,2,0,0,0,,0,,,,,370155.7209,5015959.729,45.28055504,-75.66694672,4012
15--13961,2015/11/30,4:36 PM,RIDEAU ST btwn 88 W OF WILLIAM ST & WILLIAM ST (__3ZA25UB),__3ZA25UB,01 - Non intersection,02 - Non-fatal injury,07 - SMV other,01 - Clear,05 - Dusk,01 - Dry,10 - No control,,1,0,0,1,01 - Minimal,1,1,,,,368058.3251,5032132.142,45.42626258,-75.69160919,4013
15--13681,2015/11/23,9:01 PM,TERRY FOX DR S @ DIDSBURY RD/CENTRUM KANATA SC (0011820),11820,02 - Intersection related,03 - P.D. only,03 - Rear end,01 - Clear,07 - Dark,01 - Dry,01 - Traffic signal,01 - Functioning,2,0,0,0,,0,,,,,350623.4207,5018916.051,45.30870142,-75.91562524,4014
15--13962,2015/11/30,4:53 PM,GREENBANK RD btwn GREENBANK SQUARE SC & GIBBARD AVE (__3ZA4YOB),__3ZA4YOB,04 - At/near private drive,02 - Non-fatal injury,05 - Turning movement,01 - Clear,07 - Dark,01 - Dry,10 - No control,,2,0,0,0,01 - Minimal,1,1,,,,361364.3147,5020765.573,45.32456052,-75.77844796,4015
15--13963,2015/11/30,4:55 PM,ALBION RD @ HUNT CLUB RD (0006974),6974,03 - At intersection,03 - P.D. only,05 - Turning movement,01 - Clear,07 - Dark,01 - Dry,01 - Traffic signal,01 - Functioning,3,0,0,0,,0,,,,,371868.4557,5024319.796,45.35561526,-75.64398591,4016
15--13964,2015/11/30,5:29 PM,MORISSET AVE btwn CALDWELL AVE & MERIVALE RD (__3ZAA59),__3ZAA59,04 - At/near private drive,03 - P.D. only,06 - SMV unattended vehicle,01 - Clear,07 - Dark,01 - Dry,10 - No control,,1,0,0,0,,0,,,,,364611.6139,5026330.085,45.37436011,-75.73635497,4017
15--13965,2015/11/30,5:39 PM,MEADOWLANDS DR @ MERIVALE RD (0000625),625,03 - At intersection,03 - P.D. only,05 - Turning movement,01 - Clear,07 - Dark,01 - Dry,01 - Traffic signal,01 - Functioning,2,0,0,0,,0,,,,,364857.9779,5023724.788,45.35089698,-75.73352643,4018
15--13861,2015/11/27,6:10 PM,HIGHWAY 417 btwn HWY417 IC124 RAMP76 & HWY417 IC124 RAMP67 (__3ZA2R7),__3ZA2R7,01 - Non intersection,03 - P.D. only,03 - Rear end,02 - Rain,07 - Dark,02 - Wet,10 - No control,,3,0,0,0,,0,,,,,364333.5528,5027408.926,45.38409102,-75.73977473,4019
15--13966,2015/11/30,5:45 PM,THUNDER RD btwn BOUNDARY RD & HALL RD (__3ZA6VK),__3ZA6VK,01 - Non intersection,03 - P.D. only,07 - SMV other,01 - Clear,07 - Dark,01 - Dry,10 - No control,,1,0,0,0,,0,,,,,386952.2354,5023855.427,45.34983232,-75.45157385,4020
15--13591,2015/11/21,6:24 PM,FAUBERT ST @ REGIONAL RD 174 (0012886),12886,02 - Intersection related,03 - P.D. only,03 - Rear end,01 - Clear,07 - Dark,01 - Dry,02 - Stop sign,00 - Unknown,2,0,0,0,,0,,,,,390281.776,5042683.293,45.51882685,-75.40582094,4021
15--13967,2015/11/30,6:12 PM,WOODROFFE AVE btwn WOODROFFE AVE & NAVAHO DR (__3ZA2TY),__3ZA2TY,01 - Non intersection,03 - P.D. only,03 - Rear end,01 - Clear,07 - Dark,01 - Dry,10 - No control,,4,0,0,0,,0,,,,,362637.6498,5023578,45.34976282,-75.76187752,4022
15--13968,2015/11/30,6:31 PM,CLARENCE ST @ DALHOUSIE ST (0008415),8415,02 - Intersection related,03 - P.D. only,03 - Rear end,01 - Clear,07 - Dark,01 - Dry,01 - Traffic signal,01 - Functioning,2,0,0,0,,0,,,,,368043.4215,5032502.876,45.42959967,-75.69175202,4023
15--13969,2015/11/30,6:51 PM,MONTREAL RD @ PALACE ST (0004699),4699,02 - Intersection related,03 - P.D. only,03 - Rear end,01 - Clear,07 - Dark,01 - Dry,10 - No control,,2,0,0,0,,0,,,,,369955.7156,5032998.586,45.43388433,-75.66724995,4024
15--1397,2015/01/22,3:40 PM,LORRY GREENBERG DR @ PIKE ST (0006457),6457,02 - Intersection related,03 - P.D. only,03 - Rear end,01 - Clear,01 - Daylight,01 - Dry,02 - Stop sign,01 - Functioning,2,0,0,0,,0,,,,,373115.819,5025400.767,45.365221,-75.62791788,4025
15--14040,2015/12/02,5:05 PM,MONTREAL RD @ SHEFFORD RD (0012423),12423,02 - Intersection related,03 - P.D. only,03 - Rear end,01 - Clear,07 - Dark,01 - Dry,01 - Traffic signal,01 - Functioning,2,0,0,0,,0,,,,,376126.4525,5034852.853,45.44996571,-75.58812312,4026
15--13970,2015/11/30,7:05 AM,FOREST VALLEY DR @ ORLEANS BLVD (0003627),3627,03 - At intersection,03 - P.D. only,05 - Turning movement,01 - Clear,03 - Dawn,01 - Dry,01 - Traffic signal,01 - Functioning,2,0,0,0,,0,,,,,380258.7487,5034820.294,45.44923883,-75.53530588,4027
15--13971,2015/11/30,7:45 AM,WOODROFFE AVE @ HWY 417 WOODROFF IC127R26/HWY4 (0002355),2355,02 - Intersection related,03 - P.D. only,03 - Rear end,01 - Clear,01 - Daylight,01 - Dry,01 - Traffic signal,01 - Functioning,2,0,0,0,,0,,,,,362081.9649,5024938.796,45.36205277,-75.76881089,4028
15--13972,2015/11/30,9:10 AM,RAMP btwn HIGHWAY 7 & HWY417 IC145 RAMP56 (__3ZAY8L),__3ZAY8L,01 - Non intersection,02 - Non-fatal injury,07 - SMV other,01 - Clear,01 - Daylight,01 - Dry,10 - No control,,1,0,0,0,02 - Minor,1,,1,,,346083.7118,5014717.895,45.27120632,-75.97386582,4029
15--13973,2015/11/30,9:10 PM,BRONSON AVE @ IMPERIAL AVE/PLYMOUTH ST (0010859),10859,03 - At intersection,03 - P.D. only,05 - Turning movement,01 - Clear,07 - Dark,01 - Dry,10 - No control,,2,0,0,0,,0,,,,,367317.2593,5029644.274,45.40394414,-75.70139409,4030
15--13974,2015/11/30,9:11 PM,BRONSON AVE @ CATHERINE ST/RAYMOND ST (0007198),7198,02 - Intersection related,03 - P.D. only,04 - Sideswipe,01 - Clear,07 - Dark,01 - Dry,01 - Traffic signal,01 - Functioning,2,0,0,0,,0,,,,,367251.9865,5029796.567,45.40532025,-75.70220852,4031
15--13975,2015/11/30,9:25 AM,RIDEAU RD btwn HAWTHORNE RD & SOMME ST (__7N4JK0),__7N4JK0,01 - Non intersection,03 - P.D. only,07 - SMV other,01 - Clear,01 - Daylight,01 - Dry,10 - No control,,1,0,0,0,,0,,,,,378657.0609,5018964.65,45.30675024,-75.55815123,4032
15--13976,2015/11/30,9:40 AM,HIGHWAY 417 btwn HWY417 IC115 RAMP36 & HWY417 IC115 RAMP26 (__3ZA2R4),__3ZA2R4,01 - Non intersection,03 - P.D. only,04 - Sideswipe,01 - Clear,01 - Daylight,01 - Dry,10 - No control,,2,0,0,0,,0,,,,,372437.5018,5031520.693,45.42035131,-75.63573697,4033
15--13977,2015/11/30,9:44 PM,BESSERER ST btwn WALLER ST & CUMBERLAND ST (__3ZAZPA),__3ZAZPA,04 - At/near private drive,03 - P.D. only,02 - Angle,01 - Clear,07 - Dark,01 - Dry,10 - No control,,2,0,0,0,,0,,,,,368333.6705,5032202.422,45.42686998,-75.68808179,4034
15--13978,2015/11/30,9:45 AM,CARLING AVE @ HOLLAND AVE (0002146),2146,03 - At intersection,03 - P.D. only,05 - Turning movement,01 - Clear,01 - Daylight,01 - Dry,01 - Traffic signal,01 - Functioning,2,0,0,0,,0,,,,,365417.4207,5028038.547,45.38966326,-75.72585799,4035
15--13979,2015/11/30,9:51 AM,INNES RD btwn PAGE RD & 473 E OF PAGE RD/BUILDERS' WAREHOUSE SC (__3ZAYFDA),__3ZAYFDA,01 - Non intersection,02 - Non-fatal injury,03 - Rear end,01 - Clear,01 - Daylight,01 - Dry,10 - No control,,2,0,0,0,02 - Minor,3,1,2,,,380904.3555,5034552.107,45.4467559,-75.52709487,4036
15--14400,2015/12/11,8:50 AM,BEECHWOOD AVE @ CHARLEVOIX ST/MACKAY ST (0002248),2248,03 - At intersection,03 - P.D. only,02 - Angle,01 - Clear,01 - Daylight,01 - Dry,01 - Traffic signal,01 - Functioning,2,0,0,0,,0,,,,,369185.149,5033593.795,45.43931116,-75.67701963,4037
15--1398,2015/01/22,4:10 PM,COLOMBINE DRWY @ PARKDALE AVE (0014553),14553,03 - At intersection,03 - P.D. only,02 - Angle,01 - Clear,01 - Daylight,01 - Dry,02 - Stop sign,01 - Functioning,2,0,0,0,,0,,,,,364754.6951,5030178.567,45.40897576,-75.73406073,4038
15--13980,2015/12/01,10:03 PM,TENTH LINE RD @ CHARLEMAGNE BLVD N/TOMPKINS AV (0009222),9222,03 - At intersection,02 - Non-fatal injury,05 - Turning movement,04 - Freezing Rain,07 - Dark,06 - Ice,01 - Traffic signal,01 - Functioning,2,0,0,0,02 - Minor,3,2,1,,,383184.6519,5037979.326,45.47733899,-75.49740193,4039
15--13981,2015/12/01,10:15 PM,PONDVIEW CRES btwn DEAN MARTIN CRES E & DEAN MARTIN CRES W (__87LHOR),__87LHOR,01 - Non intersection,03 - P.D. only,06 - SMV unattended vehicle,04 - Freezing Rain,07 - Dark,06 - Ice,10 - No control,,1,0,0,0,,0,,,,,369919.149,5022771.58,45.34186858,-75.66906667,4040
15--13982,2015/12/01,10:31 AM,STAGECOACH RD btwn OSGOODE MAIN ST & FOREST RD (__3ZA2CZ),__3ZA2CZ,04 - At/near private drive,03 - P.D. only,07 - SMV other,01 - Clear,01 - Daylight,01 - Dry,10 - No control,,1,0,0,0,,0,,,,,378075.2366,5003320.109,45.16604698,-75.56787422,4041
15--13983,2015/12/01,11:23 AM,NAVAHO DR @ WOODROFFE AVE/TRANSITWAY N BASELIN (0010359),10359,02 - Intersection related,03 - P.D. only,03 - Rear end,01 - Clear,01 - Daylight,01 - Dry,01 - Traffic signal,01 - Functioning,2,0,0,0,,0,,,,,362706.9639,5023490.635,45.348971,-75.76100324,4042
15--13984,2015/12/01,11:35 AM,HAWTHORNE RD @ STEVENAGE DR (0008802),8802,03 - At intersection,02 - Non-fatal injury,02 - Angle,01 - Clear,01 - Daylight,01 - Dry,01 - Traffic signal,01 - Functioning,3,0,0,0,02 - Minor,4,1,3,,,375136.7405,5027313.537,45.38223133,-75.60185065,4043
15--13985,2015/12/01,12:15 AM,EASTVALE DR btwn BICKERTON AVE & GRAFTON CRES (__3ZA7OR),__3ZA7OR,01 - Non intersection,02 - Non-fatal injury,07 - SMV other,02 - Rain,07 - Dark,02 - Wet,10 - No control,,1,0,0,0,02 - Minor,1,,1,,,375601.7244,5035466.987,45.45554466,-75.59474229,4044
15--13986,2015/12/01,12:30 PM,CAMPEAU DR @ TERRY FOX DR (0008211),8211,03 - At intersection,03 - P.D. only,05 - Turning movement,01 - Clear,01 - Daylight,01 - Dry,01 - Traffic signal,01 - Functioning,2,0,0,0,,0,,,,,350455.3487,5019010.926,45.30956608,-75.91775977,4045
15--13987,2015/12/01,12:59 AM,INNES RD btwn HWY417 IC112 RAMP65 & HWY417 IC112 RAMP56 (__3ZA3RA),__3ZA3RA,07 - Overpass or bridge,03 - P.D. only,07 - SMV other,01 - Clear,07 - Dark,01 - Dry,10 - No control,,1,0,0,0,,0,,,,,374454.4539,5030845.05,45.41407432,-75.61006321,4046
15--13988,2015/12/01,2:16 AM,ALBION RD btwn EMERALD GATE AVE & QUEENSDALE AVE (__3ZA8OS),__3ZA8OS,01 - Non intersection,03 - P.D. only,01 - Approaching,01 - Clear,07 - Dark,01 - Dry,10 - No control,,2,0,0,0,,0,,,,,372437.2864,5022944.794,45.34318883,-75.63691465,4047
15--13989,2015/12/01,2:19 PM,FALLOWFIELD RD @ MERIVALE RD (0000587),587,02 - Intersection related,03 - P.D. only,03 - Rear end,02 - Rain,01 - Daylight,02 - Wet,01 - Traffic signal,01 - Functioning,2,0,0,0,,0,,,,,366890.9906,5018843.747,45.30680108,-75.70819529,4048
15--1399,2015/01/22,4:13 AM,BANK ST @ ROTARY WAY (0013660),13660,03 - At intersection,03 - P.D. only,07 - SMV other,01 - Clear,07 - Dark,06 - Ice,01 - Traffic signal,01 - Functioning,1,0,0,0,,0,,,,,375523.5441,5021226.117,45.32742054,-75.59778288,4049
15--13990,2015/12/01,3:05 PM,HAZELDEAN RD @ TERRY FOX DR (0003682),3682,02 - Intersection related,03 - P.D. only,04 - Sideswipe,02 - Rain,01 - Daylight,02 - Wet,01 - Traffic signal,01 - Functioning,2,0,0,0,,0,,,,,352207.611,5017241.729,45.29353031,-75.89558367,4050
15--13991,2015/12/01,3:45 PM,EAGLESON RD @ KATIMAVIK RD/TIMM DR (0011925),11925,02 - Intersection related,03 - P.D. only,03 - Rear end,04 - Freezing Rain,01 - Daylight,06 - Ice,01 - Traffic signal,01 - Functioning,2,0,0,0,,0,,,,,353213.9021,5019566.192,45.31437773,-75.88252782,4051
15--13992,2015/12/01,3:50 PM,CATHERINE ST/HWY 417 O'CONN IC119BR76 @ O'CONN (0001697),1697,03 - At intersection,03 - P.D. only,04 - Sideswipe,02 - Rain,05 - Dusk,02 - Wet,01 - Traffic signal,00 - Unknown,2,0,0,0,,0,,,,,368243.7355,5030392.926,45.41059691,-75.68946397,4052
15--13771,2015/11/25,9:09 AM,BEECHWOOD AVE @ CHARLEVOIX ST/MACKAY ST (0002248),2248,02 - Intersection related,03 - P.D. only,04 - Sideswipe,01 - Clear,01 - Daylight,01 - Dry,01 - Traffic signal,01 - Functioning,2,0,0,0,,0,,,,,369185.149,5033591.629,45.43929167,-75.67701991,4053
15--13993,2015/12/01,4:00 PM,GLADSTONE AVE btwn CAMBRIDGE ST N & BRONSON AVE (__3ZBODM),__3ZBODM,04 - At/near private drive,03 - P.D. only,02 - Angle,02 - Rain,05 - Dusk,02 - Wet,10 - No control,,2,0,0,0,,0,,,,,367119.2613,5030071.456,45.40780546,-75.70386911,4054
15--13994,2015/12/01,4:20 PM,HIGH RD btwn EARL ARMSTRONG RD & ALBION RD (__3ZA7Z1),__3ZA7Z1,01 - Non intersection,02 - Non-fatal injury,07 - SMV other,04 - Freezing Rain,05 - Dusk,06 - Ice,10 - No control,,1,0,0,0,01 - Minimal,1,1,,,,373863.8527,5018120.988,45.29964691,-75.61938578,4055