Anom_ID,Accident_Date,Accident_Time,Location,Geo_ID,Accident_Location,Classification_of_Accident,Initial_Impact_Type,Environment_Condition,Light,Road_Surface_Condition,Traffic_Control,Traffic_Control_Condition,No__of_Vehicles,No__of_Bicycles,No__of_Motorcycles,No__of_Pedestrians,Max_Injury,No__of_Injuries,No__of_Minimal,No__of_Minor,No__of_Major,No__of_Fatal,X,Y,Latitude,Longitude,ObjectId
15--13995,2015/12/01,4:29 PM,AIRPORT PKWY btwn BROOKFIELD RAMP 34 & BRONSON AVE RAMP 24C (__3ZA229),__3ZA229,01 - Non intersection,03 - P.D. only,04 - Sideswipe,04 - Freezing Rain,05 - Dusk,06 - Ice,10 - No control,,3,0,0,0,,0,,,,,368707.7625,5026681.637,45.37716167,-75.68401705,4056
15--13996,2015/12/01,4:31 PM,NELSON ST @ RIDEAU ST (0007626),7626,03 - At intersection,03 - P.D. only,05 - Turning movement,02 - Rain,05 - Dusk,02 - Wet,01 - Traffic signal,01 - Functioning,2,0,0,0,,0,,,,,368650.2591,5032498.951,45.42950921,-75.68399796,4057
15--13997,2015/12/01,4:39 PM,LEITRIM RD @ ALBION RD (0012479),12479,02 - Intersection related,02 - Non-fatal injury,07 - SMV other,04 - Freezing Rain,05 - Dusk,06 - Ice,01 - Traffic signal,01 - Functioning,1,0,0,1,02 - Minor,2,,2,,,373497.6889,5020418.689,45.32035679,-75.62373555,4058
15--13998,2015/12/01,4:40 PM,BRONSON AVE btwn FLORENCE ST & GLADSTONE AVE (__3ZA1WP),__3ZA1WP,01 - Non intersection,03 - P.D. only,04 - Sideswipe,02 - Rain,05 - Dusk,02 - Wet,10 - No control,,2,0,0,0,,0,,,,,367123.7404,5030105.107,45.40810784,-75.70380764,4059
15--13999,2015/12/01,4:43 PM,MEADOWLANDS DR btwn PRINCE OF WALES DR & DEBRA AVE (__3ZA3GTB),__3ZA3GTB,04 - At/near private drive,02 - Non-fatal injury,07 - SMV other,02 - Rain,05 - Dusk,02 - Wet,10 - No control,,1,0,0,1,02 - Minor,1,,1,,,367317.5193,5025660.641,45.36810042,-75.70189534,4060
15--14,2015/01/01,4:00 PM,REGIONAL ROAD 174 EB btwn OR174 IC109 RAMP55 & TRANSIT (__3ZA28V),__3ZA28V,01 - Non intersection,03 - P.D. only,99 - Other,01 - Clear,01 - Daylight,01 - Dry,10 - No control,,2,0,0,0,,0,,,,,376531.0252,5035119.226,45.45232096,-75.58291266,4061
15--140,2015/01/04,12:48 PM,THORNTON AVE btwn RALPH ST & MONK ST (__3ZA9NR),__3ZA9NR,04 - At/near private drive,03 - P.D. only,02 - Angle,04 - Freezing Rain,01 - Daylight,04 - Slush,10 - No control,,2,0,0,0,,0,,,,,368281.5787,5029245.961,45.40027346,-75.68912821,4062
15--1400,2015/01/22,4:20 PM,WALKLEY RD @ DON REID DR/RYDER ST (0008218),8218,02 - Intersection related,03 - P.D. only,04 - Sideswipe,01 - Clear,01 - Daylight,01 - Dry,01 - Traffic signal,01 - Functioning,2,0,0,0,,0,,,,,372601.7269,5027283.098,45.38220739,-75.63422133,4063
15--14000,2015/12/01,4:44 PM,HERON RD @ JEFFERSON ST (0007192),7192,03 - At intersection,02 - Non-fatal injury,07 - SMV other,02 - Rain,05 - Dusk,02 - Wet,01 - Traffic signal,01 - Functioning,1,0,0,1,01 - Minimal,1,1,,,,371808.7253,5027051.82,45.38020274,-75.64437764,4064
15--14001,2015/12/01,4:58 PM,BANK ST btwn BANK ST EXTENSION NB & JOHNSTON RD (__3ZA37U),__3ZA37U,01 - Non intersection,03 - P.D. only,03 - Rear end,04 - Freezing Rain,05 - Dusk,06 - Ice,10 - No control,,7,0,0,0,,0,,,,,370762.4855,5025016.415,45.36198813,-75.65800722,4065
15--14002,2015/12/01,4:59 PM,DAVIDSON RD btwn CONROY RD & HAWTHORNE RD (__3ZA8PL),__3ZA8PL,01 - Non intersection,03 - P.D. only,07 - SMV other,04 - Freezing Rain,05 - Dusk,06 - Ice,10 - No control,,1,0,0,0,,0,,,,,375849.0251,5024254.816,45.35463857,-75.59319631,4066
15--14003,2015/12/01,5:10 PM,CAMPEAU DR @ TERRY FOX DR (0008211),8211,02 - Intersection related,03 - P.D. only,03 - Rear end,04 - Freezing Rain,07 - Dark,02 - Wet,01 - Traffic signal,01 - Functioning,2,0,0,0,,0,,,,,350454.8787,5019009.011,45.30954888,-75.91776594,4067
15--14004,2015/12/01,5:34 PM,DUNNING RD btwn WILHAVEN DR & INNES RD (__3ZA3MY),__3ZA3MY,01 - Non intersection,03 - P.D. only,07 - SMV other,04 - Freezing Rain,07 - Dark,06 - Ice,10 - No control,,1,0,0,0,,0,,,,,391366.887,5040044.316,45.49495078,-75.39239974,4068
15--14005,2015/12/01,5:40 AM,BOOTH ST @ SIR JOHN A. MACDONALD PKWY/WELLINGTON ST (0012252),12252,02 - Intersection related,03 - P.D. only,04 - Sideswipe,01 - Clear,07 - Dark,01 - Dry,01 - Traffic signal,01 - Functioning,2,0,0,0,,0,,,,,366264.257,5031005.244,45.41628303,-75.71467434,4069
15--14006,2015/12/01,5:46 PM,TERRY FOX DR @ PALLADIUM DR/KATIMAVIK RD (0011858),11858,02 - Intersection related,03 - P.D. only,99 - Other,02 - Rain,07 - Dark,02 - Wet,01 - Traffic signal,01 - Functioning,2,0,0,0,,0,,,,,351271.162,5018181.053,45.30204516,-75.9074341,4070
15--14007,2015/12/01,5:55 PM,MACLAREN ST @ O'CONNOR ST (0007174),7174,03 - At intersection,02 - Non-fatal injury,07 - SMV other,01 - Clear,07 - Dark,02 - Wet,02 - Stop sign,01 - Functioning,1,0,0,1,01 - Minimal,1,1,,,,367899.5344,5030941.119,45.4155605,-75.69379075,4071
15--14008,2015/12/01,6:00 PM,HIGHWAY 417 btwn HWY417 IC131 RAMP66 & HWY417 IC130 RAMP26 (__3ZA29A),__3ZA29A,01 - Non intersection,03 - P.D. only,03 - Rear end,02 - Rain,07 - Dark,02 - Wet,10 - No control,,2,0,0,0,,0,,,,,359231.9568,5023080.626,45.34556004,-75.80539231,4072
15--14009,2015/12/01,6:15 PM,DUNROBIN RD btwn KERWIN RD & ROCHON WAY (__3ZA3EG),__3ZA3EG,01 - Non intersection,02 - Non-fatal injury,07 - SMV other,04 - Freezing Rain,07 - Dark,06 - Ice,10 - No control,,1,0,0,0,02 - Minor,1,,1,,,346464.2306,5027014.794,45.38183533,-75.96798176,4073
15--1401,2015/01/22,4:24 PM,ST. JOSEPH BLVD @ JEANNE D'ARC BLVD (0012421),12421,03 - At intersection,03 - P.D. only,04 - Sideswipe,01 - Clear,01 - Daylight,01 - Dry,11 - Roundabout,01 - Functioning,2,0,0,0,,0,,,,,379862.6702,5036470.135,45.4641255,-75.54011695,4074
15--14010,2015/12/01,6:19 PM,LEGRAND CRES btwn WENDLER TER & WENDLER TER (__3ZA6P7),__3ZA6P7,01 - Non intersection,03 - P.D. only,02 - Angle,04 - Freezing Rain,07 - Dark,06 - Ice,10 - No control,,2,0,0,0,,0,,,,,382672.6252,5035658.225,45.45651305,-75.5043179,4075
15--14011,2015/12/01,6:38 PM,FORESTBROOK ST btwn STATEWOOD DR & BRADY AVE (__5GNZG0),__5GNZG0,01 - Non intersection,03 - P.D. only,06 - SMV unattended vehicle,04 - Freezing Rain,07 - Dark,02 - Wet,10 - No control,,1,0,0,0,,0,,,,,348680.063,5022964.074,45.34525077,-75.94004841,4076
15--14012,2015/12/01,6:53 PM,ARTHUR ST @ SOMERSET ST (0005109),5109,02 - Intersection related,03 - P.D. only,04 - Sideswipe,04 - Freezing Rain,07 - Dark,04 - Slush,01 - Traffic signal,01 - Functioning,2,0,0,0,,0,,,,,366829.7017,5030390.842,45.41070492,-75.7075277,4077
15--14013,2015/12/01,6:59 AM,SMYTH RD @ SOUTH HAVEN PL/GENERAL HOSPITAL ENTRANCE W (0007242),7242,03 - At intersection,03 - P.D. only,05 - Turning movement,01 - Clear,03 - Dawn,01 - Dry,01 - Traffic signal,01 - Functioning,2,0,0,0,,0,,,,,371120.8482,5029137.365,45.39903315,-75.65287976,4078
15--14014,2015/12/01,7:10 PM,GRACEWOOD CRES btwn CREEKVIEW WAY E & FINDLAY CREEK DR E (__727TGH),__727TGH,01 - Non intersection,03 - P.D. only,06 - SMV unattended vehicle,04 - Freezing Rain,07 - Dark,06 - Ice,10 - No control,,1,0,0,0,,0,,,,,374475.7228,5019643.832,45.31328852,-75.61137085,4079
15--14015,2015/12/01,7:15 PM,GREY NUNS DR @ HARVEST CRES N (0003777),3777,03 - At intersection,03 - P.D. only,02 - Angle,02 - Rain,07 - Dark,02 - Wet,02 - Stop sign,01 - Functioning,2,0,0,0,,0,,,,,379649.1952,5036995.443,45.46887472,-75.54276644,4080
15--14016,2015/12/01,7:39 PM,BRONSON AVE btwn RIVERSIDE DR RAMPS 34B & 42A-3 & BRONSON AVE RAMP 34 (__3ZA3BK),__3ZA3BK,01 - Non intersection,03 - P.D. only,04 - Sideswipe,04 - Freezing Rain,07 - Dark,02 - Wet,10 - No control,,2,0,0,0,,0,,,,,368461.3444,5027094.158,45.38089585,-75.68710984,4081
15--14017,2015/12/01,8:29 PM,GALETTA SIDE RD btwn NEWTOWN RD & FERRY RD (__3ZA4RH),__3ZA4RH,01 - Non intersection,03 - P.D. only,07 - SMV other,04 - Freezing Rain,07 - Dark,06 - Ice,10 - No control,,1,0,0,0,,0,,,,,329956.7889,5036944.175,45.47197126,-76.17825671,4082
15--14018,2015/12/01,8:30 AM,BOUNDARY RD @ DEVINE RD (0001671),1671,02 - Intersection related,03 - P.D. only,03 - Rear end,01 - Clear,01 - Daylight,99 - Other,02 - Stop sign,01 - Functioning,2,0,0,0,,0,,,,,388360.8333,5021456.193,45.32807969,-75.43400561,4083
15--14019,2015/12/01,8:30 PM,BRONSON AVE @ GLOUCESTER ST (0005124),5124,02 - Intersection related,03 - P.D. only,04 - Sideswipe,01 - Clear,07 - Dark,01 - Dry,01 - Traffic signal,01 - Functioning,2,0,0,0,,0,,,,,366832.9801,5030792.573,45.41431929,-75.70743526,4084
15--1402,2015/01/22,4:35 PM,DUROCHER ST @ MONTREAL RD (0009800),9800,03 - At intersection,03 - P.D. only,05 - Turning movement,05 - Drifting Snow,01 - Daylight,02 - Wet,02 - Stop sign,01 - Functioning,2,0,0,0,,0,,,,,370136.7085,5033100.14,45.43478118,-75.66492347,4085
15--14020,2015/12/01,8:58 AM,CLEARBROOK DR btwn LONGFIELDS DR & SILVERSTONE WAY (__818LDD),__818LDD,01 - Non intersection,03 - P.D. only,06 - SMV unattended vehicle,01 - Clear,01 - Daylight,01 - Dry,10 - No control,,1,0,0,0,,0,,,,,364702.6741,5014992.432,45.27233712,-75.73656394,4086
15--14021,2015/12/01,9:45 AM,MCEWEN AVE btwn AMBLESIDE DR & END (__3ZAZ44),__3ZAZ44,01 - Non intersection,03 - P.D. only,01 - Approaching,01 - Clear,01 - Daylight,01 - Dry,10 - No control,,2,0,0,0,,0,,,,,360959.3429,5026054.094,45.37217899,-75.78301295,4087
15--14022,2015/12/01,9:47 PM,EASTVALE DR @ FILLMORE CRES W (0009489),9489,03 - At intersection,02 - Non-fatal injury,07 - SMV other,02 - Rain,07 - Dark,02 - Wet,02 - Stop sign,01 - Functioning,1,0,0,0,02 - Minor,1,,1,,,375040.7136,5036058.323,45.46092177,-75.60182991,4088
15--14023,2015/12/02,11:20 AM,ANALDEA DR/ WHITE ALDER AVE @ BANK ST (0009265),9265,02 - Intersection related,02 - Non-fatal injury,03 - Rear end,00 - Unknown,01 - Daylight,02 - Wet,01 - Traffic signal,00 - Unknown,2,0,0,0,02 - Minor,1,,1,,,375698.4719,5020812.045,45.32367724,-75.5956109,4089
15--14024,2015/12/02,11:45 AM,DONALD ST @ ST. LAURENT BLVD (0008630),8630,03 - At intersection,02 - Non-fatal injury,05 - Turning movement,01 - Clear,01 - Daylight,02 - Wet,01 - Traffic signal,01 - Functioning,2,0,0,0,01 - Minimal,1,1,,,,372093.7129,5032471.141,45.42893615,-75.63999951,4090
15--14025,2015/12/02,11:53 AM,CENTREPOINTE DR @ HEMMINGWOOD WAY E (0001025),1025,03 - At intersection,02 - Non-fatal injury,02 - Angle,01 - Clear,01 - Daylight,02 - Wet,02 - Stop sign,01 - Functioning,2,0,0,0,02 - Minor,1,,1,,,362326.2909,5023203.777,45.3464212,-75.76589427,4091
15--14026,2015/12/02,Unknown,BANKFIELD RD btwn FIRST LINE RD & LOCKMASTER CRES (__3ZA2XX),__3ZA2XX,01 - Non intersection,03 - P.D. only,07 - SMV other,04 - Freezing Rain,07 - Dark,06 - Ice,10 - No control,,1,0,0,0,,0,,,,,367611.1475,5009689.989,45.2243722,-75.70017006,4092
15--14027,2015/12/02,12:04 PM,CARLING AVE @ HOLLAND AVE (0002146),2146,03 - At intersection,02 - Non-fatal injury,02 - Angle,01 - Clear,01 - Daylight,02 - Wet,01 - Traffic signal,01 - Functioning,2,0,0,0,02 - Minor,2,1,1,,,365417.4207,5028039.269,45.38966976,-75.72585791,4093
15--14028,2015/12/02,12:22 PM,O'CONNOR ST btwn FIFTH AVE & HOLMWOOD AVE (__3ZA91F),__3ZA91F,04 - At/near private drive,03 - P.D. only,06 - SMV unattended vehicle,02 - Rain,01 - Daylight,02 - Wet,10 - No control,,1,0,0,0,,0,,,,,368745.2116,5029480.012,45.40233718,-75.68317633,4094
15--14029,2015/12/02,2:25 PM,CASTLEFRANK RD @ HAZELDEAN RD (0003608),3608,03 - At intersection,02 - Non-fatal injury,05 - Turning movement,01 - Clear,01 - Daylight,02 - Wet,01 - Traffic signal,01 - Functioning,3,0,0,0,01 - Minimal,1,1,,,,352678.6001,5017676.047,45.29740648,-75.88953727,4095
15--1403,2015/01/22,5:00 PM,ARGYLE AVE btwn ELGIN ST & CARTIER ST (__3ZA9TT),__3ZA9TT,01 - Non intersection,03 - P.D. only,06 - SMV unattended vehicle,01 - Clear,05 - Dusk,01 - Dry,10 - No control,,1,0,0,0,,0,,,,,368530.3847,5030657.067,45.41294752,-75.68576805,4096
15--14030,2015/12/02,3:00 AM,BANK ST @ GILMOUR ST (0007270),7270,02 - Intersection related,03 - P.D. only,04 - Sideswipe,01 - Clear,07 - Dark,01 - Dry,01 - Traffic signal,01 - Functioning,2,0,0,0,,0,,,,,367786.7047,5030776.015,45.41408511,-75.69525331,4097
15--14031,2015/12/02,3:14 PM,CAMPEAU DR @ KNUDSON DR (0011764),11764,02 - Intersection related,03 - P.D. only,03 - Rear end,01 - Clear,01 - Daylight,01 - Dry,01 - Traffic signal,01 - Functioning,2,0,0,0,,0,,,,,351806.8936,5019847.188,45.3170018,-75.90044518,4098
15--14032,2015/12/02,3:40 PM,MARIONVILLE RD btwn 8TH LINE RD & 9TH LINE RD (__3ZA6WJ),__3ZA6WJ,01 - Non intersection,02 - Non-fatal injury,07 - SMV other,01 - Clear,01 - Daylight,01 - Dry,10 - No control,,1,0,0,0,02 - Minor,2,,2,,,389433.8373,5001955.585,45.15249926,-75.42363785,4099
15--14033,2015/12/02,4:16 PM,KELLY AVE @ PINECREST RD (0002744),2744,02 - Intersection related,03 - P.D. only,03 - Rear end,01 - Clear,05 - Dusk,02 - Wet,02 - Stop sign,00 - Unknown,3,0,0,0,,0,,,,,360276.2768,5023953.934,45.35333623,-75.79196876,4100
15--14034,2015/12/02,4:30 PM,RIVERSIDE DR NB btwn RIVERSIDE DR SPLIT & DATA CENTRE RD (__5FDUZU),__5FDUZU,04 - At/near private drive,02 - Non-fatal injury,02 - Angle,01 - Clear,05 - Dusk,01 - Dry,10 - No control,,2,0,0,0,01 - Minimal,2,2,,,,368695.4994,5027484.635,45.38438793,-75.68406969,4101
15--14035,2015/12/02,4:34 PM,LYON ST @ WELLINGTON ST (0002388),2388,02 - Intersection related,03 - P.D. only,03 - Rear end,01 - Clear,05 - Dusk,02 - Wet,01 - Traffic signal,01 - Functioning,2,0,0,0,,0,,,,,366934.549,5031424.722,45.41999817,-75.70605798,4102
15--14036,2015/12/02,4:43 PM,FALLOWFIELD RD btwn CONLEY RD & HUNTLEY RD (__3ZA3ER),__3ZA3ER,01 - Non intersection,03 - P.D. only,07 - SMV other,01 - Clear,05 - Dusk,01 - Dry,10 - No control,,1,0,0,0,,0,,,,,350838.6101,5008205.529,45.21231041,-75.91387361,4103
15--14037,2015/12/02,4:44 PM,RIVER RD btwn BALMORAL DR & JARVIS DR (__3ZA38O),__3ZA38O,01 - Non intersection,03 - P.D. only,03 - Rear end,01 - Clear,05 - Dusk,02 - Wet,10 - No control,,3,0,0,0,,0,,,,,368049.2586,5019619.562,45.31367839,-75.69332711,4104
15--14038,2015/12/02,4:49 PM,INNES RD @ TENTH LINE RD (0004633),4633,02 - Intersection related,03 - P.D. only,03 - Rear end,01 - Clear,05 - Dusk,02 - Wet,01 - Traffic signal,00 - Unknown,2,0,0,0,,0,,,,,383952.4823,5036160.283,45.4608863,-75.48787533,4105
15--14039,2015/12/02,4:58 PM,PRINCE OF WALES DR @ MEADOWLANDS DR/HOG'S BACK (0001629),1629,02 - Intersection related,03 - P.D. only,03 - Rear end,01 - Clear,07 - Dark,02 - Wet,01 - Traffic signal,01 - Functioning,4,0,0,0,,0,,,,,367371.9189,5025694.199,45.36839751,-75.70119669,4106
15--1404,2015/01/22,5:03 PM,DAZE ST @ 200 W OF BANK ST/SOUTHKEYS SC (0012179),12179,03 - At intersection,03 - P.D. only,05 - Turning movement,01 - Clear,05 - Dusk,01 - Dry,01 - Traffic signal,01 - Functioning,2,0,0,0,,0,,,,,371194.5276,5024143.904,45.35409678,-75.65261012,4107
15--14220,2015/12/07,6:12 PM,ABBOTT ST @ STITTSVILLE MAIN ST (0000082),82,03 - At intersection,02 - Non-fatal injury,07 - SMV other,01 - Clear,07 - Dark,01 - Dry,01 - Traffic signal,01 - Functioning,1,0,0,1,01 - Minimal,1,1,,,,350249.3063,5013332.139,45.25847992,-75.92090741,4108
15--14130,2015/12/04,5:43 PM,MERIVALE RD btwn 170 N OF WEST HUNT CLUB RD/COSTCO SC & WEST HUNT CLUB (__3ZA33DB),__3ZA33DB,01 - Non intersection,03 - P.D. only,04 - Sideswipe,01 - Clear,07 - Dark,01 - Dry,10 - No control,,3,0,0,0,,0,,,,,365573.0752,5022037.278,45.3356514,-75.72460834,4109
15--14311,2015/12/10,11:35 AM,JOCKVALE RD @ STRANDHERD DR (0010541),10541,02 - Intersection related,03 - P.D. only,03 - Rear end,01 - Clear,01 - Daylight,01 - Dry,01 - Traffic signal,01 - Functioning,2,0,0,0,,0,,,,,363559.3828,5014577.618,45.26870107,-75.75118257,4110
15--14131,2015/12/04,5:43 PM,INNES RD @ PAGE RD (0012476),12476,02 - Intersection related,02 - Non-fatal injury,03 - Rear end,01 - Clear,07 - Dark,01 - Dry,01 - Traffic signal,01 - Functioning,2,0,0,0,01 - Minimal,2,2,,,,380887.027,5034539.832,45.44664734,-75.52731826,4111
15--14221,2015/12/07,7:01 AM,MONTREAL RD @ SHEFFORD RD (0012423),12423,03 - At intersection,03 - P.D. only,05 - Turning movement,01 - Clear,03 - Dawn,01 - Dry,01 - Traffic signal,01 - Functioning,2,0,0,0,,0,,,,,376125.7305,5034853.575,45.44997228,-75.58813225,4112
15--13682,2015/11/23,9:10 AM,WEST HUNT CLUB RD EB btwn CEDARVIEW RD & GREENBANK RD (__3ZA198),__3ZA198,01 - Non intersection,03 - P.D. only,04 - Sideswipe,01 - Clear,01 - Daylight,01 - Dry,10 - No control,,2,0,0,0,,0,,,,,360792.9903,5020092.349,45.31854865,-75.78581149,4113
15--14222,2015/12/07,7:45 AM,GOSNELL TER btwn DENTON WAY & DENTON WAY (__4TRKR3),__4TRKR3,04 - At/near private drive,03 - P.D. only,02 - Angle,01 - Clear,03 - Dawn,01 - Dry,10 - No control,,2,0,0,0,,0,,,,,385674.1666,5037760.83,45.47508927,-75.4656003,4114
15--13862,2015/11/27,6:16 PM,HERON RD @ FINN CRT (0012186),12186,02 - Intersection related,03 - P.D. only,03 - Rear end,02 - Rain,07 - Dark,02 - Wet,01 - Traffic signal,01 - Functioning,2,0,0,0,,0,,,,,370830.6773,5026945.686,45.37934065,-75.65687898,4115
15--14312,2015/12/10,11:38 AM,CENTREPOINTE DR btwn REC PATH BEN FRANKLIN PL & CONSTELLATION CRES (__6BWNEJA),__6BWNEJA,01 - Non intersection,03 - P.D. only,06 - SMV unattended vehicle,01 - Clear,01 - Daylight,01 - Dry,10 - No control,,1,0,0,0,,0,,,,,362398.8654,5023077.831,45.34528199,-75.76498288,4116
15--14132,2015/12/04,5:53 PM,ALBERT ST btwn BRONSON AVE & BAY ST (__3ZA339),__3ZA339,01 - Non intersection,03 - P.D. only,04 - Sideswipe,01 - Clear,07 - Dark,01 - Dry,10 - No control,,2,0,0,0,,0,,,,,366923.2008,5031130.59,45.41735266,-75.70624005,4117
15--14041,2015/12/02,5:17 PM,HAWTHORNE RD @ HUNT CLUB RD (0007651),7651,02 - Intersection related,03 - P.D. only,03 - Rear end,01 - Clear,07 - Dark,02 - Wet,01 - Traffic signal,01 - Functioning,2,0,0,0,,0,,,,,375507.7499,5026405.807,45.37402667,-75.5972437,4118
15--14401,2015/12/11,9:38 AM,TERON RD @ PARKWAY (THE)/PENFIELD DR S (0003447),3447,03 - At intersection,03 - P.D. only,02 - Angle,01 - Clear,01 - Daylight,01 - Dry,01 - Traffic signal,01 - Functioning,2,0,0,0,,0,,,,,352294.3451,5020788.487,45.32543901,-75.894138,4119
15--13592,2015/11/21,6:45 PM,LEES AVE @ KING EDWARD AVE/MANN AVE (0011413),11413,02 - Intersection related,03 - P.D. only,04 - Sideswipe,01 - Clear,07 - Dark,01 - Dry,01 - Traffic signal,01 - Functioning,2,0,0,0,,0,,,,,369179.4156,5031335.223,45.41898992,-75.67738817,4120
15--13772,2015/11/25,9:33 PM,HUNT CLUB RD @ RIVERSIDE DR (0002237),2237,02 - Intersection related,03 - P.D. only,03 - Rear end,01 - Clear,07 - Dark,01 - Dry,01 - Traffic signal,01 - Functioning,2,0,0,0,,0,,,,,368037.425,5021944.776,45.33460131,-75.69318108,4121
15--13683,2015/11/23,9:15 PM,HIGHWAY 417 btwn HWY417 IC155 RAMP26 & HWY417 IC155 RAMP61 (__3ZA1MY),__3ZA1MY,01 - Non intersection,03 - P.D. only,07 - SMV other,01 - Clear,07 - Dark,01 - Dry,10 - No control,,1,0,0,0,,0,,,,,339845.8916,5019258.114,45.31239997,-76.05303936,4122
15--13773,2015/11/25,9:54 AM,BOOTH ST @ GLADSTONE AVE (0002211),2211,03 - At intersection,03 - P.D. only,02 - Angle,01 - Clear,01 - Daylight,01 - Dry,01 - Traffic signal,01 - Functioning,2,0,0,0,,0,,,,,366768.7054,5029849.84,45.40584254,-75.7083749,4123
15--14133,2015/12/04,6:36 PM,HUNT CLUB RD @ BRIDLE PATH DR/DAZE ST (0008214),8214,02 - Intersection related,03 - P.D. only,03 - Rear end,01 - Clear,07 - Dark,01 - Dry,01 - Traffic signal,01 - Functioning,2,0,0,0,,0,,,,,371291.3679,5023864.323,45.35157202,-75.65141189,4124
15--13593,2015/11/21,6:54 PM,INDUSTRIAL AVE @ RIVERSIDE DR (0011905),11905,02 - Intersection related,03 - P.D. only,03 - Rear end,01 - Clear,07 - Dark,01 - Dry,01 - Traffic signal,01 - Functioning,2,0,0,0,,0,,,,,370685.4406,5030591.109,45.41215448,-75.65824639,4125
15--14042,2015/12/02,5:17 PM,BENNETT ST btwn LILLICO DR & UPLANDS DR (__3ZA9ZG),__3ZA9ZG,04 - At/near private drive,03 - P.D. only,06 - SMV unattended vehicle,01 - Clear,07 - Dark,01 - Dry,10 - No control,,1,0,0,0,,0,,,,,369762.6534,5023246.43,45.34615567,-75.67100101,4126
15--13863,2015/11/27,6:20 PM,TENTH LINE RD @ CHARLEMAGNE BLVD N/TOMPKINS AV (0009222),9222,02 - Intersection related,03 - P.D. only,04 - Sideswipe,02 - Rain,07 - Dark,02 - Wet,01 - Traffic signal,01 - Functioning,2,0,0,0,,0,,,,,383185.3739,5037977.16,45.47731942,-75.49739305,4127
15--14402,2015/12/11,9:49 PM,BESSERER ST @ WALLER ST (0008859),8859,03 - At intersection,03 - P.D. only,02 - Angle,02 - Rain,07 - Dark,02 - Wet,01 - Traffic signal,01 - Functioning,2,0,0,0,,0,,,,,368315.9333,5032190.534,45.42676463,-75.68830997,4128
15--14313,2015/12/10,11:41 AM,BYRON AVE btwn CLARENDON AVE & HARMER AVE N (__3ZA017),__3ZA017,04 - At/near private drive,03 - P.D. only,05 - Turning movement,01 - Clear,01 - Daylight,01 - Dry,10 - No control,,2,0,0,0,,0,,,,,364763.3765,5028840.16,45.39693232,-75.73411258,4129
15--14223,2015/12/07,7:57 AM,KING EDWARD AVE @ STEWART ST (0007754),7754,03 - At intersection,02 - Non-fatal injury,02 - Angle,01 - Clear,01 - Daylight,01 - Dry,01 - Traffic signal,01 - Functioning,2,0,0,0,01 - Minimal,1,1,,,,368633.9924,5032204.857,45.42686455,-75.68424395,4130
15--13684,2015/11/23,9:16 AM,RICHMOND RD @ LYNHAR RD/STAFFORD RD (0000155),155,02 - Intersection related,03 - P.D. only,03 - Rear end,01 - Clear,01 - Daylight,01 - Dry,01 - Traffic signal,01 - Functioning,2,0,0,0,,0,,,,,358137.1512,5021085.392,45.32769092,-75.8195772,4131
15--14134,2015/12/04,7:06 AM,ST. JOSEPH BLVD/OLD MONTREAL RD @ TRIM RD (0004118),4118,03 - At intersection,03 - P.D. only,04 - Sideswipe,03 - Snow,03 - Dawn,02 - Wet,11 - Roundabout,00 - Unknown,2,0,0,0,,0,,,,,384682.032,5039285.582,45.48892171,-75.47803988,4132
15--13594,2015/11/21,7:20 PM,DONNELLY DR btwn MERLYN WILSON RD & MCCORDICK RD (__3ZA30Q),__3ZA30Q,01 - Non intersection,02 - Non-fatal injury,07 - SMV other,01 - Clear,07 - Dark,01 - Dry,10 - No control,,1,0,0,0,02 - Minor,1,,1,,,369812.5926,4991320.165,45.0588796,-75.67452882,4133
15--14043,2015/12/02,5:34 PM,ORLEANS BLVD @ ST. JOSEPH BLVD (0004144),4144,03 - At intersection,03 - P.D. only,02 - Angle,01 - Clear,07 - Dark,01 - Dry,01 - Traffic signal,01 - Functioning,2,0,0,0,,0,,,,,380630.8352,5036980.951,45.46863845,-75.53021645,4134
15--13864,2015/11/27,6:24 AM,BRONSON AVE @ COMMISSIONER ST/SLATER ST (0001679),1679,03 - At intersection,02 - Non-fatal injury,05 - Turning movement,01 - Clear,03 - Dawn,01 - Dry,01 - Traffic signal,01 - Functioning,2,0,0,0,01 - Minimal,1,1,,,,366769.4274,5030948.568,45.41572852,-75.70822755,4135
15--14314,2015/12/10,11:46 AM,RICHMOND RD btwn CHURCHILL AVE N & WINONA AVE (__3ZA4OX),__3ZA4OX,01 - Non intersection,03 - P.D. only,04 - Sideswipe,01 - Clear,01 - Daylight,01 - Dry,10 - No control,,2,0,0,0,,0,,,,,363260.2819,5028314.866,45.39233292,-75.75337157,4136
15--13774,2015/11/26,1:03 PM,BROOKFIELD RD btwn RIVERSIDE DR/HOG'S BACK RD & 200 W OF FLANNERY DR (__3ZA225A),__3ZA225A,01 - Non intersection,03 - P.D. only,04 - Sideswipe,01 - Clear,01 - Daylight,01 - Dry,10 - No control,,2,0,0,0,,0,,,,,368205.9092,5026224.323,45.37309248,-75.69048285,4137
15--14315,2015/12/10,12:53 PM,BARNSDALE RD S @ TWIN ELM RD S (0000844),844,03 - At intersection,02 - Non-fatal injury,07 - SMV other,01 - Clear,01 - Daylight,01 - Dry,02 - Stop sign,01 - Functioning,1,0,0,0,02 - Minor,1,,1,,,360231.1269,5007721.897,45.20728236,-75.79435783,4138