Anom_ID,Accident_Date,Accident_Time,Location,Geo_ID,Accident_Location,Classification_of_Accident,Initial_Impact_Type,Environment_Condition,Light,Road_Surface_Condition,Traffic_Control,Traffic_Control_Condition,No__of_Vehicles,No__of_Bicycles,No__of_Motorcycles,No__of_Pedestrians,Max_Injury,No__of_Injuries,No__of_Minimal,No__of_Minor,No__of_Major,No__of_Fatal,X,Y,Latitude,Longitude,ObjectId
15--14224,2015/12/07,8:11 PM,BANK ST @ RIVERSIDE DR S (0002704),2704,02 - Intersection related,03 - P.D. only,04 - Sideswipe,01 - Clear,07 - Dark,01 - Dry,01 - Traffic signal,01 - Functioning,2,0,0,0,,0,,,,,369304.7171,5027895.275,45.38802691,-75.67623726,4139
15--14135,2015/12/04,7:25 PM,DALY AVE @ KING EDWARD AVE (0007755),7755,03 - At intersection,02 - Non-fatal injury,07 - SMV other,01 - Clear,07 - Dark,01 - Dry,02 - Stop sign,00 - Unknown,1,0,0,1,03 - Major,1,,,1,,368591.8881,5032273.947,45.42749004,-75.68477301,4140
15--13595,2015/11/21,7:30 AM,CARLING AVE btwn BURKE RD & DEFENSE  RESEARCH COMPLEX (__3ZA4Z6A),__3ZA4Z6A,01 - Non intersection,03 - P.D. only,07 - SMV other,01 - Clear,01 - Daylight,01 - Dry,10 - No control,,1,0,0,0,,0,,,,,353161.6683,5022857.455,45.34399672,-75.88287245,4141
15--14044,2015/12/02,5:54 PM,DES EPINETTES AVE @ JEANNE D'ARC BLVD (0004221),4221,03 - At intersection,03 - P.D. only,05 - Turning movement,"07 - Fog, mist, smoke, dust",07 - Dark,02 - Wet,01 - Traffic signal,01 - Functioning,2,0,0,0,,0,,,,,382227.1091,5035958.21,45.45926157,-75.50996619,4142
15--13865,2015/11/27,6:25 PM,BASELINE RD @ LOBLAWS SC (0009097),9097,03 - At intersection,03 - P.D. only,05 - Turning movement,02 - Rain,07 - Dark,02 - Wet,01 - Traffic signal,01 - Functioning,2,0,0,0,,0,,,,,364742.6511,5025130.219,45.36355271,-75.73482769,4143
15--14225,2015/12/07,8:52 AM,BATHGATE DR btwn PLUMBER AVE & BATHGATE DR (__3ZBO1E),__3ZBO1E,04 - At/near private drive,03 - P.D. only,02 - Angle,01 - Clear,01 - Daylight,01 - Dry,10 - No control,,2,0,0,0,,0,,,,,373523.2431,5033654.095,45.43944075,-75.62156741,4144
15--13685,2015/11/23,9:23 AM,SECOND AVE @ BRONSON AVE (0007717),7717,02 - Intersection related,02 - Non-fatal injury,03 - Rear end,01 - Clear,01 - Daylight,01 - Dry,02 - Stop sign,01 - Functioning,3,0,0,0,02 - Minor,1,,1,,,367519.3961,5029162.557,45.39959171,-75.69887347,4145
15--13686,2015/11/23,9:24 AM,HIGHWAY 417 btwn HWY417 IC117 RAMP61 & HWY417 IC115 RAMP36 (__3ZA2RZ),__3ZA2RZ,01 - Non intersection,03 - P.D. only,03 - Rear end,01 - Clear,01 - Daylight,01 - Dry,10 - No control,,2,0,0,0,,0,,,,,371552.616,5031420.816,45.41953765,-75.64705618,4146
15--13596,2015/11/21,7:30 AM,HIGHWAY 417 btwn HWY417 IC119B RAMP57 & HWY417 IC119A RAMP75 (__3ZA1QN),__3ZA1QN,01 - Non intersection,03 - P.D. only,03 - Rear end,01 - Clear,01 - Daylight,01 - Dry,10 - No control,,4,0,0,0,,0,,,,,368447.2239,5030440.15,45.41100334,-75.68685843,4147
15--14403,2015/12/11,9:58 PM,RUSSELL RD btwn RAMSAYVILLE RD & TREADWELL RD (__3ZA2CN),__3ZA2CN,01 - Non intersection,03 - P.D. only,07 - SMV other,01 - Clear,07 - Dark,01 - Dry,10 - No control,,1,0,0,0,,0,,,,,377832.6352,5026814.851,45.37746857,-75.56750428,4148
15--14226,2015/12/07,8:55 AM,DALY AVE @ NICHOLAS ST (0011451),11451,02 - Intersection related,02 - Non-fatal injury,03 - Rear end,01 - Clear,01 - Daylight,01 - Dry,01 - Traffic signal,01 - Functioning,2,0,0,0,01 - Minimal,1,1,,,,368227.701,5032048.018,45.42549033,-75.68945575,4149
15--14045,2015/12/02,6:20 PM,HWY417 IC131 RAMP66 btwn HWY417 IC130 RAMP36 & HWY417 IC131 RAMP63 (__3ZA1SX),__3ZA1SX,01 - Non intersection,03 - P.D. only,03 - Rear end,01 - Clear,07 - Dark,01 - Dry,10 - No control,,2,0,0,0,,0,,,,,358447.2182,5022894.661,45.34394718,-75.81542582,4150
15--13866,2015/11/27,6:30 PM,HIGHWAY 417 btwn HWY417 IC131 RAMP53 & HWY417 IC131 RAMP51 (__3ZA1MU),__3ZA1MU,01 - Non intersection,03 - P.D. only,07 - SMV other,02 - Rain,07 - Dark,02 - Wet,10 - No control,,1,0,0,0,,0,,,,,358017.2527,5022730.138,45.34249954,-75.82092978,4151
15--14316,2015/12/10,2:24 PM,ST. JOSEPH BLVD/OLD MONTREAL RD @ TRIM RD (0004118),4118,03 - At intersection,03 - P.D. only,04 - Sideswipe,01 - Clear,01 - Daylight,01 - Dry,11 - Roundabout,00 - Unknown,2,0,0,0,,0,,,,,384684.198,5039285.582,45.48892146,-75.47801217,4152
15--13597,2015/11/21,7:37 PM,ELGIN ST @ LAURIER AVE (0002232),2232,03 - At intersection,03 - P.D. only,05 - Turning movement,01 - Clear,07 - Dark,01 - Dry,01 - Traffic signal,01 - Functioning,2,0,0,0,,0,,,,,367947.9879,5031550.659,45.42104057,-75.69309361,4153
15--14136,2015/12/04,7:25 PM,KATIMAVIK RD btwn TRANSIT & WHITNEY DR (__3ZBPMC),__3ZBPMC,04 - At/near private drive,03 - P.D. only,02 - Angle,01 - Clear,07 - Dark,01 - Dry,10 - No control,,2,0,0,0,,0,,,,,352307.5197,5019321.613,45.31223886,-75.89411064,4154
15--14137,2015/12/04,7:39 PM,STRANDHERD DR @ LONGFIELDS DR (0010935),10935,02 - Intersection related,03 - P.D. only,04 - Sideswipe,01 - Clear,07 - Dark,01 - Dry,01 - Traffic signal,01 - Functioning,2,0,0,0,,0,,,,,364548.8105,5015172.603,45.27397138,-75.73850302,4155
15--13775,2015/11/26,1:11 PM,ST. LAURENT BLVD btwn MONTREAL RD & CAMIL ST (__3ZA3MQ),__3ZA3MQ,04 - At/near private drive,03 - P.D. only,02 - Angle,01 - Clear,01 - Daylight,01 - Dry,10 - No control,,2,0,0,0,,0,,,,,371560.1433,5033785.826,45.44081622,-75.64663938,4156
15--13598,2015/11/21,9:50 AM,BRONSON AVE @ POWELL AVE (0007212),7212,02 - Intersection related,03 - P.D. only,03 - Rear end,01 - Clear,01 - Daylight,01 - Dry,01 - Traffic signal,01 - Functioning,2,0,0,0,,0,,,,,367387.8789,5029477.214,45.40243467,-75.70051327,4157
15--13867,2015/11/27,6:39 PM,O'CONNOR ST @ SOMERSET ST (0002690),2690,03 - At intersection,02 - Non-fatal injury,05 - Turning movement,02 - Rain,07 - Dark,02 - Wet,01 - Traffic signal,01 - Functioning,2,0,0,0,02 - Minor,1,,1,,,367855.7101,5031013.296,45.41621387,-75.69434139,4158
15--14317,2015/12/10,2:56 PM,BELFAST RD @ COVENTRY RD (0002646),2646,02 - Intersection related,02 - Non-fatal injury,03 - Rear end,01 - Clear,01 - Daylight,01 - Dry,01 - Traffic signal,01 - Functioning,2,0,0,0,02 - Minor,1,,1,,,371524.4431,5031643.009,45.42153953,-75.64738604,4159
15--13687,2015/11/23,9:35 AM,REGIONAL ROAD 174 EB btwn OR174 IC109 RAMP55 & TRANSIT (__3ZA28V),__3ZA28V,01 - Non intersection,03 - P.D. only,03 - Rear end,01 - Clear,01 - Daylight,01 - Dry,10 - No control,,2,0,0,0,,0,,,,,376532.2287,5035118.557,45.45231481,-75.58289738,4160
15--14404,2015/12/12,1:00 PM,OTTAWA RIVER PKWY @ ISLAND PARK DR (0002127),2127,02 - Intersection related,03 - P.D. only,04 - Sideswipe,01 - Clear,01 - Daylight,01 - Dry,01 - Traffic signal,01 - Functioning,2,0,0,0,,0,,,,,363298.1394,5029453.577,45.40257569,-75.75275307,4161
15--14138,2015/12/04,8:25 AM,MER BLEUE RD btwn NAVAN RD & GRANDPRE CRT (__3ZA1OL),__3ZA1OL,04 - At/near private drive,03 - P.D. only,07 - SMV other,01 - Clear,01 - Daylight,02 - Wet,10 - No control,,1,0,0,0,,0,,,,,384164.6046,5032005.749,45.42348342,-75.48583333,4162
15--13868,2015/11/27,6:39 PM,HAWTHORNE AVE btwn COLONEL BY DR & MAIN ST (__3ZA2FX),__3ZA2FX,01 - Non intersection,03 - P.D. only,05 - Turning movement,02 - Rain,07 - Dark,02 - Wet,10 - No control,,2,0,0,0,,0,,,,,368917.9308,5030610.736,45.41249525,-75.68082322,4163
15--14046,2015/12/02,6:23 PM,BASELINE RD btwn MARSON ST & FISHER AVE (__3ZA4JL),__3ZA4JL,01 - Non intersection,03 - P.D. only,03 - Rear end,01 - Clear,07 - Dark,02 - Wet,10 - No control,,3,0,0,0,,0,,,,,366041.0618,5025948.388,45.37080221,-75.71815351,4164
15--13776,2015/11/26,1:15 PM,MCRAE AVE btwn SCOTT ST & RICHMOND RD (__3ZA0Y2),__3ZA0Y2,01 - Non intersection,03 - P.D. only,99 - Other,02 - Rain,01 - Daylight,02 - Wet,10 - No control,,2,0,0,0,,0,,,,,363590.9173,5028574.656,45.39464279,-75.74911825,4165
15--14318,2015/12/10,3:21 PM,EARL GREY DR btwn ROLAND MICHENER DR & 175 S OF KANATA AVE/WALMART SC (__3ZBPJBB),__3ZBPJBB,04 - At/near private drive,03 - P.D. only,05 - Turning movement,01 - Clear,01 - Daylight,01 - Dry,10 - No control,,2,0,0,0,,0,,,,,350861.5196,5019035.102,45.3097571,-75.91257792,4166
15--13599,2015/11/22,1:00 PM,WOODROFFE AVE @ ALGONQUIN COLLEGE/TRANSITWAY S (0004682),4682,02 - Intersection related,03 - P.D. only,03 - Rear end,01 - Clear,01 - Daylight,01 - Dry,01 - Traffic signal,01 - Functioning,2,0,0,0,,0,,,,,362824.4099,5023270.506,45.34698059,-75.75953037,4167
15--13688,2015/11/24,1:20 PM,HUNT CLUB RD/AIRPORT PKWY/HUNT CLUB RD RAMP 53 (0010853),10853,02 - Intersection related,03 - P.D. only,03 - Rear end,01 - Clear,01 - Daylight,01 - Dry,02 - Stop sign,01 - Functioning,2,0,0,0,,0,,,,,370950.8385,5023663.468,45.349797,-75.65578425,4168
15--14227,2015/12/07,9:27 AM,AVIATION PKWY @ OGILVIE RD (0004114),4114,03 - At intersection,03 - P.D. only,05 - Turning movement,01 - Clear,01 - Daylight,01 - Dry,01 - Traffic signal,01 - Functioning,2,0,0,0,,0,,,,,373109.2702,5032376.586,45.42798694,-75.62703551,4169
15--136,2015/01/04,12:00 PM,HIGHWAY 416 btwn HWY416 IC66 RAMP62 & HWY416 IC72 RAMP24 (__3ZAZMZ),__3ZAZMZ,01 - Non intersection,02 - Non-fatal injury,07 - SMV other,02 - Rain,01 - Daylight,06 - Ice,10 - No control,,1,0,0,0,02 - Minor,2,1,1,,,360076.4305,5018615.937,45.3053206,-75.79511519,4170
15--14139,2015/12/04,9:15 AM,ALBION RD @ HUNT CLUB RD (0006974),6974,03 - At intersection,03 - P.D. only,05 - Turning movement,01 - Clear,01 - Daylight,01 - Dry,01 - Traffic signal,01 - Functioning,2,0,0,0,,0,,,,,371868.4557,5024320.518,45.35562176,-75.64398582,4171
15--14405,2015/12/12,1:09 PM,CYRVILLE RD @ ST. LAURENT BLVD (0002647),2647,02 - Intersection related,03 - P.D. only,03 - Rear end,01 - Clear,01 - Daylight,01 - Dry,01 - Traffic signal,01 - Functioning,2,0,0,0,,0,,,,,372242.4428,5032111.58,45.42568667,-75.63814822,4172
15--13869,2015/11/27,6:45 AM,HIGHWAY 417 btwn HWY417 IC155 RAMP25 & RAMP (__3ZAZN1),__3ZAZN1,01 - Non intersection,03 - P.D. only,07 - SMV other,01 - Clear,03 - Dawn,01 - Dry,10 - No control,,1,0,0,0,,0,,,,,342164.511,5017561.997,45.29701803,-76.02359751,4173
15--13777,2015/11/26,1:35 PM,STRANDHERD DR btwn MARAVISTA DR & KENNEVALE DR (__6NF1SR),__6NF1SR,01 - Non intersection,03 - P.D. only,04 - Sideswipe,01 - Clear,01 - Daylight,01 - Dry,10 - No control,,2,0,0,0,,0,,,,,361474.5315,5014139.26,45.26492778,-75.77779934,4174
15--14047,2015/12/02,6:24 PM,ALTA VISTA DR @ MICMAC ST (0008079),8079,03 - At intersection,03 - P.D. only,05 - Turning movement,01 - Clear,07 - Dark,01 - Dry,02 - Stop sign,01 - Functioning,2,0,0,0,,0,,,,,370373.7157,5027669.263,45.38589406,-75.66261701,4175
15--14319,2015/12/10,3:24 PM,KING EDWARD AVE @ LAURIER AVE (0002170),2170,02 - Intersection related,03 - P.D. only,03 - Rear end,01 - Clear,01 - Daylight,01 - Dry,01 - Traffic signal,01 - Functioning,2,0,0,0,,0,,,,,368741.1512,5032034.583,45.4253227,-75.68289677,4176
15--13689,2015/11/24,1:58 PM,TENTH LINE RD @ CHARLEMAGNE BLVD N/TOMPKINS AV (0009222),9222,03 - At intersection,03 - P.D. only,02 - Angle,01 - Clear,01 - Daylight,02 - Wet,01 - Traffic signal,01 - Functioning,2,0,0,0,,0,,,,,383183.2079,5037978.604,45.47733266,-75.49742052,4177
15--14228,2015/12/07,9:30 AM,HAWTHORNE AVE/ISABELLA ST @ QUEEN ELIZABETH DR (0002105),2105,02 - Intersection related,03 - P.D. only,03 - Rear end,01 - Clear,01 - Daylight,01 - Dry,01 - Traffic signal,01 - Functioning,2,0,0,0,,0,,,,,368665.4089,5030478.09,45.41132484,-75.68406632,4178
15--1360,2015/01/21,8:59 PM,BANK ST @ THIRD AVE (0007230),7230,03 - At intersection,03 - P.D. only,04 - Sideswipe,01 - Clear,07 - Dark,01 - Dry,01 - Traffic signal,01 - Functioning,2,0,0,0,,0,,,,,368336.7108,5029552.045,45.4030225,-75.68838463,4179
15--1414,2015/01/22,6:09 PM,FISHER AVE @ PRINCE OF WALES DR (0000572),572,02 - Intersection related,02 - Non-fatal injury,03 - Rear end,01 - Clear,07 - Dark,06 - Ice,01 - Traffic signal,00 - Unknown,2,0,0,0,01 - Minimal,2,2,,,,367162.6687,5023942.993,45.35265919,-75.70408872,4180
15--14406,2015/12/12,1:42 PM,BASELINE RD/HWY 416 RICHMOND IC75R53 @ RICHMON (0000148),148,02 - Intersection related,03 - P.D. only,04 - Sideswipe,01 - Clear,01 - Daylight,01 - Dry,01 - Traffic signal,01 - Functioning,2,0,0,0,,0,,,,,358635.885,5021821.466,45.33427607,-75.81313525,4181
15--1387,2015/01/22,12:13 PM,PAUL ANKA DR btwn UPLANDS DR & SAMPLE RD (__3ZA9BL),__3ZA9BL,01 - Non intersection,03 - P.D. only,04 - Sideswipe,01 - Clear,01 - Daylight,01 - Dry,10 - No control,,2,0,0,0,,0,,,,,369425.0121,5023527.437,45.34871528,-75.67527254,4182
15--13778,2015/11/26,1:52 PM,BLAIR RD @ OGILVIE RD (0004120),4120,02 - Intersection related,02 - Non-fatal injury,03 - Rear end,01 - Clear,01 - Daylight,01 - Dry,01 - Traffic signal,01 - Functioning,2,0,0,0,02 - Minor,4,,4,,,374507.0017,5033197.131,45.43523186,-75.60905906,4183
15--14048,2015/12/02,6:36 PM,BANK ST btwn WILDWOOD AVE & RIDGEMONT AVE (__3ZA364),__3ZA364,04 - At/near private drive,03 - P.D. only,07 - SMV other,01 - Clear,07 - Dark,01 - Dry,10 - No control,,1,0,0,0,,0,,,,,370061.8095,5026671.632,45.37694684,-75.66673153,4184
15--1432,2015/01/22,8:54 AM,BEATRICE DR btwn LETOURNEAU ST & CLARIDGE DR (__3ZA1N8),__3ZA1N8,01 - Non intersection,03 - P.D. only,06 - SMV unattended vehicle,01 - Clear,01 - Daylight,01 - Dry,10 - No control,,1,0,0,0,,0,,,,,365034.2178,5016657.534,45.28729134,-75.73213686,4185
15--1369,2015/01/22,1:00 PM,HIGHWAY 417 btwn HWY417 IC145 RAMP56 & Continuation of HIGHWAY 417 (__3ZA2Q3),__3ZA2Q3,01 - Non intersection,03 - P.D. only,99 - Other,01 - Clear,01 - Daylight,01 - Dry,10 - No control,,2,0,0,0,,0,,,,,346643.9124,5015178.15,45.27531477,-75.96668794,4186
15--14229,2015/12/07,9:40 AM,RUSSELL RD btwn SMYTH RD & ST. LAURENT BLVD (__3ZA3R3),__3ZA3R3,01 - Non intersection,03 - P.D. only,04 - Sideswipe,01 - Clear,01 - Daylight,01 - Dry,10 - No control,,2,0,0,0,,0,,,,,373373.756,5029413.287,45.40129873,-75.6240682,4187
15--1423,2015/01/22,8:10 AM,MARQUETTE AVE @ STE. MONIQUE ST (0009952),9952,03 - At intersection,03 - P.D. only,02 - Angle,01 - Clear,01 - Daylight,06 - Ice,02 - Stop sign,01 - Functioning,2,0,0,0,,0,,,,,369993.7156,5033883.073,45.44183903,-75.66664719,4188
15--14230,2015/12/08,1:21 PM,BLAIR RD btwn BEAVERPOND DR & INNES RD (__3ZA2EZ),__3ZA2EZ,01 - Non intersection,03 - P.D. only,07 - SMV other,01 - Clear,01 - Daylight,01 - Dry,10 - No control,,1,0,0,0,,0,,,,,375572.9587,5031451.107,45.41941506,-75.59568742,4189
15--14231,2015/12/08,11:46 AM,KINBURN SIDE RD btwn LIMESTONE RD & BECKS RD (__3ZA4Q5),__3ZA4Q5,01 - Non intersection,03 - P.D. only,07 - SMV other,01 - Clear,01 - Daylight,01 - Dry,10 - No control,,1,0,0,0,,0,,,,,333349.696,5031707.796,45.4247221,-76.13516777,4190
15--14232,2015/12/08,Unknown,MAITLAND ST btwn ROYAL YORK ST & BURKE ST (__3ZA15C),__3ZA15C,01 - Non intersection,03 - P.D. only,06 - SMV unattended vehicle,01 - Clear,00 - Unknown,01 - Dry,10 - No control,,1,0,0,0,,0,,,,,357032.4966,5005264.301,45.18541246,-75.83533128,4191
15--14233,2015/12/08,Unknown,CODY AVE btwn LEVIS AVE & JEANNE MANCE ST (__3ZA7C6),__3ZA7C6,01 - Non intersection,03 - P.D. only,06 - SMV unattended vehicle,01 - Clear,00 - Unknown,01 - Dry,10 - No control,,1,0,0,0,,0,,,,,370383.518,5032942.977,45.43334399,-75.66179024,4192
15--14234,2015/12/08,12:18 PM,HINES RD @ SOLANDT RD (0011896),11896,03 - At intersection,03 - P.D. only,07 - SMV other,01 - Clear,01 - Daylight,01 - Dry,10 - No control,,1,0,0,0,,0,,,,,350332.8618,5022566.525,45.34156819,-75.91899478,4193
15--14235,2015/12/08,2:05 PM,PRINCE OF WALES DR @ WEST HUNT CLUB RD (0000567),567,02 - Intersection related,03 - P.D. only,03 - Rear end,01 - Clear,01 - Daylight,01 - Dry,01 - Traffic signal,01 - Functioning,2,0,0,0,,0,,,,,367459.4323,5021891.503,45.33417382,-75.70056146,4194
15--14236,2015/12/08,2:25 PM,RIOCAN AVE btwn STRANDHERD DR & MARKETPLACE AVE (__4LZBMJ),__4LZBMJ,04 - At/near private drive,03 - P.D. only,02 - Angle,01 - Clear,01 - Daylight,01 - Dry,10 - No control,,2,0,0,0,,0,,,,,364272.4365,5014781.812,45.27047847,-75.7420719,4195
15--14237,2015/12/08,3:01 PM,BLACKBURN AVE btwn TEMPLETON ST & MANN AVE (__3ZA9VP),__3ZA9VP,04 - At/near private drive,03 - P.D. only,02 - Angle,01 - Clear,01 - Daylight,01 - Dry,10 - No control,,2,0,0,0,,0,,,,,369615.4861,5031608.133,45.4214052,-75.67178093,4196
15--14238,2015/12/08,3:16 PM,ALBERT ST @ COMMISSIONER ST (0002171),2171,03 - At intersection,03 - P.D. only,02 - Angle,02 - Rain,01 - Daylight,02 - Wet,02 - Stop sign,01 - Functioning,2,0,0,0,,0,,,,,366713.6973,5030970.126,45.41592743,-75.70893682,4197
15--14239,2015/12/08,4:00 PM,HERON RD @ HERON RD RAMP 36 (0002387),2387,02 - Intersection related,03 - P.D. only,03 - Rear end,01 - Clear,05 - Dusk,01 - Dry,03 - Yield sign,01 - Functioning,2,0,0,0,,0,,,,,368478.1596,5026691.023,45.37726703,-75.68694714,4198
15--1424,2015/01/22,8:13 AM,CARLING AVE @ SCRIVENS ST (0002720),2720,03 - At intersection,02 - Non-fatal injury,07 - SMV other,01 - Clear,01 - Daylight,01 - Dry,01 - Traffic signal,01 - Functioning,1,0,0,1,01 - Minimal,1,1,,,,359422.7041,5024258.03,45.3561395,-75.8028283,4199
15--14240,2015/12/08,4:00 PM,WOLISTON CRES btwn HEYSHAM LANE & KETTLEWELL WAY (__4OELMF),__4OELMF,04 - At/near private drive,03 - P.D. only,06 - SMV unattended vehicle,01 - Clear,05 - Dusk,01 - Dry,10 - No control,,1,0,0,0,,0,,,,,348868.6636,5023806.899,45.35282289,-75.9375667,4200
15--14241,2015/12/08,5:03 PM,LEGGET DR btwn SOLANDT RD & FARRAR RD (__3A3T25),__3A3T25,01 - Non intersection,03 - P.D. only,07 - SMV other,01 - Clear,07 - Dark,01 - Dry,10 - No control,,1,0,0,0,,0,,,,,350850.7583,5022716.033,45.34287969,-75.91237279,4201
15--14242,2015/12/08,5:06 PM,VANIER PKWY SB btwn DESCHAMPS AVE & MONTREAL RD (__3ZA1YG),__3ZA1YG,01 - Non intersection,02 - Non-fatal injury,03 - Rear end,01 - Clear,07 - Dark,01 - Dry,10 - No control,,2,0,0,0,01 - Minimal,1,1,,,,369922.4707,5033195.389,45.43565818,-75.66764878,4202
15--14243,2015/12/08,5:17 PM,SLATER ST btwn BANK ST & O'CONNOR ST (__3ZA35K),__3ZA35K,01 - Non intersection,02 - Non-fatal injury,07 - SMV other,01 - Clear,07 - Dark,01 - Dry,10 - No control,,1,0,0,1,01 - Minimal,1,1,,,,367436.2548,5031361.075,45.41938075,-75.69965601,4203
15--14244,2015/12/08,5:23 PM,MERIVALE RD btwn SLACK RD & CAPITAL DR (__3ZA3IU),__3ZA3IU,01 - Non intersection,03 - P.D. only,03 - Rear end,01 - Clear,07 - Dark,01 - Dry,10 - No control,,2,0,0,0,,0,,,,,366035.5848,5020918.67,45.3255461,-75.7188462,4204
15--14245,2015/12/08,5:24 PM,RENAUD RD btwn IDA ST & Continuation of RENAUD RD (__3ZA6FE),__3ZA6FE,01 - Non intersection,02 - Non-fatal injury,07 - SMV other,01 - Clear,07 - Dark,01 - Dry,10 - No control,,1,0,0,0,01 - Minimal,1,1,,,,379712.7498,5032011.887,45.42402956,-75.54271254,4205
15--14246,2015/12/08,5:43 PM,GREENBANK RD @ IRIS ST/HWY 417 IC129 RAMP51 (0009073),9073,02 - Intersection related,03 - P.D. only,04 - Sideswipe,01 - Clear,07 - Dark,01 - Dry,01 - Traffic signal,01 - Functioning,2,0,0,0,,0,,,,,360532.031,5023312.494,45.34754429,-75.78877717,4206
15--14247,2015/12/08,5:45 PM,HIGHWAY 417 btwn HWY417 IC117 RAMP25 & HWY417 IC115 RAMP51 (__3ZA2R3),__3ZA2R3,01 - Non intersection,03 - P.D. only,03 - Rear end,01 - Clear,07 - Dark,01 - Dry,10 - No control,,2,0,0,0,,0,,,,,371524.3506,5031392.623,45.41928667,-75.64742113,4207
15--14248,2015/12/08,5:59 PM,RAMSAYVILLE RD @ MITCH OWENS RD (0003575),3575,03 - At intersection,02 - Non-fatal injury,02 - Angle,01 - Clear,07 - Dark,01 - Dry,02 - Stop sign,01 - Functioning,2,0,0,0,01 - Minimal,1,1,,,,381144.0694,5018039.193,45.29815757,-75.52658314,4208
15--14249,2015/12/08,6:06 PM,HIGHWAY 417 btwn HWY417 IC127 RAMP63 & HWY417 IC127 RAMP67 (__3ZA2RF),__3ZA2RF,01 - Non intersection,03 - P.D. only,03 - Rear end,01 - Clear,07 - Dark,01 - Dry,10 - No control,,2,0,0,0,,0,,,,,362171.1675,5024889.242,45.3615996,-75.76767809,4209
15--1425,2015/01/22,8:15 AM,INNES RD @ PORTOBELLO BLVD (0009187),9187,02 - Intersection related,03 - P.D. only,03 - Rear end,01 - Clear,01 - Daylight,01 - Dry,01 - Traffic signal,00 - Unknown,2,0,0,0,,0,,,,,385632.7336,5036891.106,45.46726915,-75.46627322,4210
15--14250,2015/12/08,6:10 AM,DALMENY RD btwn CAMPBELLCROFT RD & BANK ST (__3ZA2AJ),__3ZA2AJ,01 - Non intersection,03 - P.D. only,07 - SMV other,01 - Clear,07 - Dark,01 - Dry,10 - No control,,1,0,0,0,,0,,,,,384258.089,5003404.392,45.16613637,-75.48922126,4211
15--14251,2015/12/08,6:30 PM,OTTAWA RIVER PKWY @ ISLAND PARK DR (0002127),2127,02 - Intersection related,02 - Non-fatal injury,03 - Rear end,01 - Clear,07 - Dark,01 - Dry,01 - Traffic signal,01 - Functioning,2,0,0,0,01 - Minimal,1,1,,,,363300.0569,5029460.241,45.40263549,-75.75272779,4212
15--14252,2015/12/08,6:46 AM,KLONDIKE RD @ MARCH RD (0003096),3096,03 - At intersection,03 - P.D. only,03 - Rear end,01 - Clear,07 - Dark,01 - Dry,01 - Traffic signal,01 - Functioning,2,0,0,0,,0,,,,,349265.0851,5024063.224,45.35510433,-75.9324845,4213
15--14253,2015/12/08,6:55 PM,BANK ST @ KINGSDALE AVE (0009261),9261,03 - At intersection,03 - P.D. only,02 - Angle,01 - Clear,07 - Dark,01 - Dry,02 - Stop sign,01 - Functioning,2,0,0,0,,0,,,,,373267.837,5023500.694,45.34811005,-75.62624069,4214
15--14254,2015/12/08,7:27 PM,BEARBROOK RD btwn ROCKCLIFFE PKWY & Continuation of BEARBROOK RD (__55RXY1),__55RXY1,01 - Non intersection,03 - P.D. only,07 - SMV other,01 - Clear,07 - Dark,01 - Dry,10 - No control,,1,0,0,0,,0,,,,,376947.5086,5034540.87,45.44707442,-75.5776734,4215
15--14255,2015/12/08,7:30 AM,HWY 417 MAITLAND IC126R63 @ MAITLAND AVE (0010889),10889,02 - Intersection related,03 - P.D. only,03 - Rear end,01 - Clear,03 - Dawn,01 - Dry,03 - Yield sign,01 - Functioning,2,0,0,0,,0,,,,,363165.3914,5025928.953,45.37087273,-75.75486544,4216
15--14256,2015/12/08,7:35 AM,KENNEVALE DR @ STRANDHERD DR (0010896),10896,02 - Intersection related,03 - P.D. only,03 - Rear end,01 - Clear,03 - Dawn,01 - Dry,01 - Traffic signal,01 - Functioning,2,0,0,0,,0,,,,,361491.86,5014099.549,45.26456906,-75.77758308,4217
15--14257,2015/12/08,8:00 PM,GLADSTONE AVE @ LYON ST (0002705),2705,02 - Intersection related,03 - P.D. only,04 - Sideswipe,01 - Clear,07 - Dark,01 - Dry,01 - Traffic signal,01 - Functioning,2,0,0,0,,0,,,,,367583.7135,5030362.293,45.41038081,-75.69789926,4218
15--14258,2015/12/08,8:53 PM,JEANNE MANCE ST @ CODY AVE (0009890),9890,02 - Intersection related,02 - Non-fatal injury,07 - SMV other,01 - Clear,07 - Dark,01 - Dry,02 - Stop sign,01 - Functioning,1,0,0,1,01 - Minimal,1,1,,,,370390.6661,5032931.54,45.43324041,-75.66170042,4219
15--14259,2015/12/08,9:09 AM,CARLING AVE @ CLYDE AVE/COLE AVE (0006984),6984,03 - At intersection,03 - P.D. only,05 - Turning movement,01 - Clear,01 - Daylight,01 - Dry,01 - Traffic signal,01 - Functioning,2,0,0,0,,0,,,,,363522.1346,5026850.542,45.37913526,-75.75020181,4220
15--1426,2015/01/22,8:20 AM,MONTREAL RD @ VANIER PKWY (0004630),4630,02 - Intersection related,03 - P.D. only,05 - Turning movement,01 - Clear,01 - Daylight,01 - Dry,01 - Traffic signal,01 - Functioning,2,0,0,0,,0,,,,,370072.7098,5033064.146,45.4344633,-75.66574613,4221