Anom_ID,Accident_Date,Accident_Time,Location,Geo_ID,Accident_Location,Classification_of_Accident,Initial_Impact_Type,Environment_Condition,Light,Road_Surface_Condition,Traffic_Control,Traffic_Control_Condition,No__of_Vehicles,No__of_Bicycles,No__of_Motorcycles,No__of_Pedestrians,Max_Injury,No__of_Injuries,No__of_Minimal,No__of_Minor,No__of_Major,No__of_Fatal,X,Y,Latitude,Longitude,ObjectId
15--14260,2015/12/08,9:35 AM,CAMPEAU DR @ TERON RD/COLCHESTER SQ (0009033),9033,02 - Intersection related,03 - P.D. only,03 - Rear end,01 - Clear,01 - Daylight,01 - Dry,01 - Traffic signal,01 - Functioning,2,0,0,0,,0,,,,,352563.0005,5020467.526,45.3225327,-75.89074205,4222
15--14261,2015/12/08,9:40 AM,AVIATION PKWY @ OGILVIE RD (0004114),4114,02 - Intersection related,03 - P.D. only,03 - Rear end,01 - Clear,01 - Daylight,01 - Dry,01 - Traffic signal,01 - Functioning,2,0,0,0,,0,,,,,373110.2072,5032377.346,45.42799369,-75.62702343,4223
15--14262,2015/12/09,1:15 PM,RICHMOND RD btwn HWY417 IC130 RAMP35 & HWY417 IC130 RAMP26 (__3ZA4LO),__3ZA4LO,01 - Non intersection,03 - P.D. only,04 - Sideswipe,01 - Clear,01 - Daylight,01 - Dry,10 - No control,,2,0,0,0,,0,,,,,359207.0052,5023072.927,45.3454927,-75.80571154,4224
15--14263,2015/12/09,1:58 PM,RAMSAYVILLE RD btwn LOUISEIZE RD & NINTH LINE RD (__3ZBO25),__3ZBO25,04 - At/near private drive,03 - P.D. only,03 - Rear end,01 - Clear,01 - Daylight,01 - Dry,10 - No control,,3,0,0,0,,0,,,,,379839.3324,5021201.098,45.3267473,-75.54273785,4225
15--14264,2015/12/09,10:08 AM,CEDARVIEW RD @ MARAVISTA DR (0000764),764,03 - At intersection,03 - P.D. only,02 - Angle,01 - Clear,01 - Daylight,01 - Dry,02 - Stop sign,01 - Functioning,2,0,0,0,,0,,,,,361667.6727,5014806.429,45.27091543,-75.77526196,4226
15--14265,2015/12/09,10:11 AM,METCALFE ST @ WELLINGTON ST (0002227),2227,02 - Intersection related,03 - P.D. only,04 - Sideswipe,01 - Clear,01 - Daylight,01 - Dry,01 - Traffic signal,01 - Functioning,2,0,0,0,,0,,,,,367566.4212,5031816.86,45.42347009,-75.69793488,4227
15--14266,2015/12/09,10:31 AM,MARCH RD @ SOLANDT RD (0003172),3172,02 - Intersection related,03 - P.D. only,04 - Sideswipe,01 - Clear,01 - Daylight,01 - Dry,01 - Traffic signal,01 - Functioning,2,0,0,0,,0,,,,,350490.3305,5022709.058,45.3428405,-75.9169724,4228
15--14267,2015/12/09,11:15 AM,BENTLEY AVE btwn SUNDERLAND ST & CAMELOT DR (__3ZA53R),__3ZA53R,04 - At/near private drive,03 - P.D. only,02 - Angle,01 - Clear,01 - Daylight,01 - Dry,10 - No control,,2,0,0,0,,0,,,,,365943.3286,5021697.862,45.33256521,-75.71992672,4229
15--14268,2015/12/09,11:20 AM,LAURIER AVE @ NICHOLAS ST (0010711),10711,03 - At intersection,03 - P.D. only,05 - Turning movement,01 - Clear,01 - Daylight,01 - Dry,01 - Traffic signal,01 - Functioning,2,0,0,0,,0,,,,,368373.637,5031798.992,45.42323643,-75.68762316,4230
15--14269,2015/12/09,11:30 AM,ST. PATRICK ST btwn DALHOUSIE ST & CUMBERLAND ST (__3ZA3WU),__3ZA3WU,01 - Non intersection,03 - P.D. only,06 - SMV unattended vehicle,01 - Clear,01 - Daylight,01 - Dry,10 - No control,,1,0,0,0,,0,,,,,367970.697,5032647.801,45.43091023,-75.69266275,4231
15--1427,2015/01/22,8:27 AM,COVENTRY RD @ VANIER PKWY (0002139),2139,02 - Intersection related,02 - Non-fatal injury,03 - Rear end,01 - Clear,01 - Daylight,01 - Dry,01 - Traffic signal,01 - Functioning,2,0,0,0,02 - Minor,1,,1,,,370677.1078,5031611.583,45.42133707,-75.65821642,4232
15--14270,2015/12/09,12:18 AM,MONTREAL RD @ VANIER PKWY (0004630),4630,03 - At intersection,03 - P.D. only,02 - Angle,01 - Clear,07 - Dark,01 - Dry,01 - Traffic signal,01 - Functioning,2,0,0,0,,0,,,,,370071.9878,5033066.314,45.43448287,-75.66575507,4233
15--14271,2015/12/09,2:20 AM,RIDEAU RD btwn POWER RD & HAWTHORNE RD (__3ZA6GY),__3ZA6GY,01 - Non intersection,02 - Non-fatal injury,07 - SMV other,01 - Clear,07 - Dark,01 - Dry,10 - No control,,1,0,0,0,03 - Major,1,,,1,,378495.1799,5018796.551,45.30525477,-75.5602403,4234
15--14272,2015/12/09,2:27 PM,ROCKDALE RD btwn HWY417 IC88 RAMP15 & HWY417 IC88 RAMP16 (__3ZA2E0),__3ZA2E0,01 - Non intersection,02 - Non-fatal injury,01 - Approaching,01 - Clear,01 - Daylight,01 - Dry,10 - No control,,2,0,0,0,02 - Minor,2,1,1,,,395267.3826,5022290.08,45.33472585,-75.34576291,4235
15--14273,2015/12/09,2:28 PM,MCLEOD ST btwn METCALFE ST & METCALFE ST (__3ZA3Q6),__3ZA3Q6,01 - Non intersection,03 - P.D. only,04 - Sideswipe,01 - Clear,01 - Daylight,01 - Dry,10 - No control,,2,0,0,0,,0,,,,,368328.3667,5030719.303,45.41352587,-75.68834079,4236
15--14274,2015/12/09,2:32 PM,RIVERSIDE DR SB btwn Continuation of RIVERSIDE DR & HWY417 IC117 RAMP5 (__3ZA251),__3ZA251,01 - Non intersection,03 - P.D. only,04 - Sideswipe,01 - Clear,01 - Daylight,01 - Dry,10 - No control,,2,0,0,0,,0,,,,,370763.0889,5030898.218,45.41491041,-75.65721336,4237
15--14275,2015/12/09,3:00 PM,PICKFORD DR @ SHATNER GT (0003436),3436,03 - At intersection,03 - P.D. only,02 - Angle,01 - Clear,01 - Daylight,01 - Dry,02 - Stop sign,01 - Functioning,2,0,0,0,,0,,,,,353404.1762,5018726.18,45.30680599,-75.8801836,4238
15--14276,2015/12/09,3:28 PM,MEADOWLANDS DR btwn ASHWOOD CRES & BAYNE AVE (__3ZA4HS),__3ZA4HS,01 - Non intersection,03 - P.D. only,03 - Rear end,01 - Clear,01 - Daylight,01 - Dry,10 - No control,,2,0,0,0,,0,,,,,364734.5122,5023656.918,45.35029685,-75.73511021,4239
15--14277,2015/12/09,3:37 PM,FALLOWFIELD RD @ MERIVALE RD (0000587),587,02 - Intersection related,03 - P.D. only,04 - Sideswipe,01 - Clear,01 - Daylight,01 - Dry,01 - Traffic signal,01 - Functioning,2,0,0,0,,0,,,,,366891.7126,5018844.469,45.30680751,-75.708186,4240
15--14278,2015/12/09,3:56 PM,LEITRIM RD @ LIMEBANK RD (0012318),12318,02 - Intersection related,03 - P.D. only,03 - Rear end,01 - Clear,01 - Daylight,01 - Dry,01 - Traffic signal,01 - Functioning,2,0,0,0,,0,,,,,369321.6356,5017960.099,45.2986311,-75.67731707,4241
15--14279,2015/12/09,4:09 PM,PRINCE OF WALES DR @ MEADOWLANDS DR/HOG'S BACK (0001629),1629,02 - Intersection related,02 - Non-fatal injury,03 - Rear end,01 - Clear,05 - Dusk,01 - Dry,01 - Traffic signal,01 - Functioning,2,0,0,0,01 - Minimal,1,1,,,,367371.1969,5025693.477,45.36839108,-75.701206,4242
15--1428,2015/01/22,8:29 AM,FINDLAY CREEK DR @ BANK ST (0012407),12407,02 - Intersection related,03 - P.D. only,04 - Sideswipe,01 - Clear,01 - Daylight,01 - Dry,01 - Traffic signal,01 - Functioning,2,0,0,0,,0,,,,,375845.2643,5020454.534,45.32044567,-75.59378992,4243
15--14280,2015/12/09,4:18 PM,O'CONNOR ST @ QUEEN ST (0003139),3139,02 - Intersection related,03 - P.D. only,03 - Rear end,01 - Clear,05 - Dusk,01 - Dry,01 - Traffic signal,01 - Functioning,2,0,0,0,,0,,,,,367497.7001,5031587.023,45.42140826,-75.6988422,4244
15--14281,2015/12/09,4:59 PM,BARRAN ST @ FALLOWFIELD RD (0000626),626,03 - At intersection,03 - P.D. only,02 - Angle,01 - Clear,05 - Dusk,01 - Dry,02 - Stop sign,01 - Functioning,2,0,0,0,,0,,,,,362292.6808,5016245.16,45.28381039,-75.76713069,4245
15--14282,2015/12/09,5:00 PM,CONROY RD @ HUNT CLUB RD (0002257),2257,02 - Intersection related,03 - P.D. only,02 - Angle,01 - Clear,07 - Dark,01 - Dry,01 - Traffic signal,02 - Not functioning,2,0,0,0,,0,,,,,373764.462,5025405.245,45.36519777,-75.61963801,4246
15--14283,2015/12/09,5:33 PM,CUMMINGS AVE btwn MONTREAL RD & WILSON ST (__3ZA8IW),__3ZA8IW,04 - At/near private drive,03 - P.D. only,02 - Angle,01 - Clear,07 - Dark,01 - Dry,10 - No control,,2,0,0,0,,0,,,,,372016.372,5034017.482,45.44285683,-75.64077667,4247
15--14284,2015/12/09,5:34 PM,BESSERER ST @ CHARLOTTE ST (0008425),8425,03 - At intersection,03 - P.D. only,05 - Turning movement,01 - Clear,07 - Dark,01 - Dry,02 - Stop sign,00 - Unknown,2,0,0,0,,0,,,,,369293.4295,5032793.03,45.43209621,-75.67574062,4248
15--14285,2015/12/09,5:36 PM,JOHN QUINN RD btwn STONE SCHOOL RD & BANK ST (__3ZA645),__3ZA645,01 - Non intersection,03 - P.D. only,07 - SMV other,01 - Clear,07 - Dark,01 - Dry,10 - No control,,1,0,0,0,,0,,,,,383067.4723,5011744.822,45.24131276,-75.50305471,4249
15--14286,2015/12/09,6:11 PM,OTTAWA RIVER PKWY WB RAMP/CARLING AVE WB btwn CARLING AVE & OTTAWA RIV (__3ZAY0V),__3ZAY0V,01 - Non intersection,03 - P.D. only,03 - Rear end,01 - Clear,07 - Dark,01 - Dry,10 - No control,,2,0,0,0,,0,,,,,360869.4234,5025365.516,45.36599041,-75.78423902,4250
15--14287,2015/12/09,6:47 AM,FALLOWFIELD RD @ VIA PARK PL/275 W OF WOODROFFE AVE (0010154),10154,03 - At intersection,02 - Non-fatal injury,02 - Angle,01 - Clear,07 - Dark,01 - Dry,01 - Traffic signal,01 - Functioning,2,0,0,0,01 - Minimal,1,1,,,,364847.2373,5017766.021,45.29728146,-75.73438607,4251
15--14288,2015/12/09,6:55 PM,CLARENCE ST @ COBOURG ST (0007621),7621,03 - At intersection,03 - P.D. only,02 - Angle,01 - Clear,07 - Dark,01 - Dry,02 - Stop sign,01 - Functioning,2,0,0,0,,0,,,,,368948.9874,5033058.035,45.4345123,-75.68010779,4252
15--14289,2015/12/09,7:09 PM,SOUTHMORE DR @ WALKLEY RD (0006644),6644,02 - Intersection related,03 - P.D. only,04 - Sideswipe,01 - Clear,07 - Dark,01 - Dry,02 - Stop sign,01 - Functioning,2,0,0,0,,0,,,,,369709.6264,5025574.748,45.36711013,-75.67137191,4253
15--1429,2015/01/22,8:47 PM,BELFAST RD @ ST. LAURENT BLVD (0007658),7658,02 - Intersection related,03 - P.D. only,03 - Rear end,01 - Clear,07 - Dark,01 - Dry,01 - Traffic signal,01 - Functioning,2,0,0,0,,0,,,,,372859.7602,5030577.116,45.41182049,-75.63047234,4254
15--14290,2015/12/09,7:40 PM,FAUBERT ST @ REGIONAL RD 174 (0012886),12886,03 - At intersection,03 - P.D. only,05 - Turning movement,01 - Clear,07 - Dark,01 - Dry,02 - Stop sign,00 - Unknown,2,0,0,0,,0,,,,,390281.776,5042682.571,45.51882036,-75.40582106,4255
15--14291,2015/12/09,8:15 PM,CARLING AVE @ MERIVALE RD (0002148),2148,02 - Intersection related,03 - P.D. only,04 - Sideswipe,01 - Clear,07 - Dark,01 - Dry,01 - Traffic signal,01 - Functioning,2,0,0,0,,0,,,,,364895.4258,5027698.378,45.38664748,-75.73256518,4256
15--14292,2015/12/09,8:45 PM,PLACE D'ORLEANS DR @ OR174 IC102 RAMP51/TRANSI (0008777),8777,02 - Intersection related,02 - Non-fatal injury,03 - Rear end,01 - Clear,07 - Dark,01 - Dry,01 - Traffic signal,01 - Functioning,2,0,0,0,01 - Minimal,1,1,,,,381392.4598,5038031.314,45.47800563,-75.52031389,4257
15--14293,2015/12/09,8:46 PM,JEANNE D'ARC BLVD @ OR174 IC105 RAMP52 (0012417),12417,02 - Intersection related,02 - Non-fatal injury,03 - Rear end,01 - Clear,07 - Dark,01 - Dry,01 - Traffic signal,01 - Functioning,2,0,0,0,01 - Minimal,1,1,,,,379455.7683,5036917.523,45.46819436,-75.54525163,4258
15--14294,2015/12/09,9:15 AM,NEPEAN ST @ BANK ST (0006938),6938,03 - At intersection,03 - P.D. only,02 - Angle,01 - Clear,01 - Daylight,01 - Dry,02 - Stop sign,01 - Functioning,2,0,0,0,,0,,,,,367562.7051,5031133.576,45.41732246,-75.69806941,4259
15--14295,2015/12/09,9:31 AM,WOODROFFE AVE @ FIRESTATION (0008642),8642,02 - Intersection related,03 - P.D. only,04 - Sideswipe,01 - Clear,01 - Daylight,01 - Dry,01 - Traffic signal,01 - Functioning,2,0,0,0,,0,,,,,362495.519,5023912.477,45.35278413,-75.76365221,4260
15--14296,2015/12/10,1:00 AM,GREENBANK RD btwn JOCKVALE RD & CAMBRIAN RD (__3ZA2WE),__3ZA2WE,01 - Non intersection,03 - P.D. only,07 - SMV other,02 - Rain,07 - Dark,02 - Wet,10 - No control,,1,0,0,0,,0,,,,,364481.2992,5013496.969,45.25889974,-75.73956472,4261
15--14297,2015/12/10,1:00 PM,CARLING AVE @ RICHMOND RD (0010847),10847,02 - Intersection related,02 - Non-fatal injury,03 - Rear end,01 - Clear,01 - Daylight,01 - Dry,01 - Traffic signal,01 - Functioning,2,0,0,0,01 - Minimal,1,1,,,,360245.679,5024781.512,45.36078518,-75.79226641,4262
15--14298,2015/12/10,1:28 PM,MAITLAND AVE btwn CARLING AVE & DUNCAN PL (__3ZA4JY),__3ZA4JY,01 - Non intersection,03 - P.D. only,04 - Sideswipe,01 - Clear,01 - Daylight,01 - Dry,10 - No control,,2,0,0,0,,0,,,,,362950.4596,5026467.588,45.37573717,-75.75754576,4263
15--14299,2015/12/10,1:33 PM,KITCHENER AVE @ BANK ST (0011963),11963,03 - At intersection,03 - P.D. only,07 - SMV other,01 - Clear,01 - Daylight,01 - Dry,01 - Traffic signal,01 - Functioning,1,0,0,0,,0,,,,,370540.8761,5025499.972,45.36635984,-75.66077137,4264
15--143,2015/01/04,2:02 PM,MANN AVE @ RUSSELL AVE (0006976),6976,03 - At intersection,03 - P.D. only,02 - Angle,04 - Freezing Rain,01 - Daylight,06 - Ice,02 - Stop sign,01 - Functioning,2,0,0,0,,0,,,,,369468.7868,5031504.099,45.42048271,-75.67366893,4265
15--1430,2015/01/22,8:50 AM,FALAISE RD @ FISHER AVE (0003207),3207,02 - Intersection related,03 - P.D. only,03 - Rear end,01 - Clear,01 - Daylight,06 - Ice,02 - Stop sign,00 - Unknown,2,0,0,0,,0,,,,,366774.7443,5024562.003,45.35826331,-75.70896157,4266
15--14300,2015/12/10,1:34 PM,KANATA AVE @ TERRY FOX DR (0012691),12691,02 - Intersection related,03 - P.D. only,03 - Rear end,01 - Clear,01 - Daylight,01 - Dry,01 - Traffic signal,01 - Functioning,3,0,0,0,,0,,,,,349305.8675,5019211.585,45.31144545,-75.93240028,4267
15--14301,2015/12/10,1:51 PM,MEADOWLANDS DR/TALLWOOD DR @ WOODROFFE AVE (0000095),95,02 - Intersection related,03 - P.D. only,03 - Rear end,01 - Clear,01 - Daylight,01 - Dry,01 - Traffic signal,01 - Functioning,2,0,0,0,,0,,,,,363057.4116,5022730.494,45.34210229,-75.7566208,4268
15--14302,2015/12/10,10:00 AM,WEST HUNT CLUB RD @ CLEOPATRA DR/LANCELOT DR (0000114),114,03 - At intersection,02 - Non-fatal injury,05 - Turning movement,01 - Clear,01 - Daylight,01 - Dry,01 - Traffic signal,01 - Functioning,2,0,0,0,02 - Minor,2,1,1,,,365235.7,5021732.494,45.33293813,-75.72894967,4269
15--14303,2015/12/10,10:06 AM,SOMERSET ST    W btwn BANK ST & O'CONNOR ST (__3ZA3AV),__3ZA3AV,01 - Non intersection,03 - P.D. only,07 - SMV other,01 - Clear,01 - Daylight,01 - Dry,10 - No control,,1,0,0,0,,0,,,,,367717.0856,5030930.005,45.41547693,-75.69612304,4270
15--14304,2015/12/10,10:10 AM,CORKSTOWN RD @ MARCH RD (0003153),3153,03 - At intersection,03 - P.D. only,05 - Turning movement,01 - Clear,01 - Daylight,01 - Dry,02 - Stop sign,00 - Unknown,2,0,0,0,,0,,,,,352656.8911,5020883.486,45.3262692,-75.88950426,4271
15--14305,2015/12/10,10:20 AM,GREENBANK RD @ IRIS ST/HWY 417 IC129 RAMP51 (0009073),9073,02 - Intersection related,03 - P.D. only,03 - Rear end,01 - Clear,01 - Daylight,01 - Dry,01 - Traffic signal,01 - Functioning,2,0,0,0,,0,,,,,360531.309,5023312.494,45.34754435,-75.78878638,4272
15--14306,2015/12/10,10:32 AM,MARKETPLACE AVE @ TRANSITWAY SOUTHWEST (0010996),10996,02 - Intersection related,03 - P.D. only,04 - Sideswipe,01 - Clear,01 - Daylight,01 - Dry,01 - Traffic signal,01 - Functioning,2,0,0,0,,0,,,,,364204.5301,5014711.89,45.26985505,-75.7429456,4273
15--14307,2015/12/10,10:42 PM,ROBERTSON RD btwn WESTCLIFFE RD & FITZGERALD RD (__3ZA41Z),__3ZA41Z,01 - Non intersection,03 - P.D. only,07 - SMV other,01 - Clear,07 - Dark,01 - Dry,10 - No control,,1,0,0,0,,0,,,,,356403.4106,5020058.062,45.31857649,-75.84180012,4274
15--14308,2015/12/10,10:59 AM,ROCKDALE RD N @ HIGHWAY 417 (0004640),4640,02 - Intersection related,02 - Non-fatal injury,03 - Rear end,01 - Clear,01 - Daylight,02 - Wet,02 - Stop sign,00 - Unknown,2,0,0,0,01 - Minimal,1,1,,,,395343.7707,5022680.53,45.33822882,-75.34471707,4275
15--14309,2015/12/10,11:27 AM,LYON ST @ WELLINGTON ST (0002388),2388,03 - At intersection,03 - P.D. only,04 - Sideswipe,01 - Clear,01 - Daylight,01 - Dry,01 - Traffic signal,01 - Functioning,2,0,0,0,,0,,,,,366935.271,5031426.166,45.4200111,-75.70604857,4276
15--1431,2015/01/22,8:53 AM,INNES RD btwn INNES RD & PAGE RD (__3ZA3JY),__3ZA3JY,01 - Non intersection,03 - P.D. only,03 - Rear end,01 - Clear,01 - Daylight,01 - Dry,10 - No control,,2,0,0,0,,0,,,,,380879.5677,5034535.876,45.44661256,-75.52741422,4277
15--14140,2015/12/04,9:18 AM,HIGHWAY 417 btwn HWY 417 ANDERSON IC104R61 & HWY 417 BOUNDARY IC96R16 (__3ZA2W5),__3ZA2W5,01 - Non intersection,01 - Fatal injury,07 - SMV other,01 - Clear,01 - Daylight,01 - Dry,10 - No control,,1,0,0,0,04 - Fatal,1,,,,1,385018.7705,5024970.493,45.36008863,-75.47606378,4278
15--13870,2015/11/27,6:46 PM,INNES RD btwn VISENEAU DR & BELCOURT BLVD (__3ZA3JX),__3ZA3JX,01 - Non intersection,03 - P.D. only,03 - Rear end,02 - Rain,07 - Dark,02 - Wet,10 - No control,,5,0,0,0,,0,,,,,382112.9146,5035259.39,45.45298681,-75.511536,4279
15--13600,2015/11/22,1:52 PM,GREENBANK RD @ IRIS ST/HWY 417 IC129 RAMP51 (0009073),9073,02 - Intersection related,02 - Non-fatal injury,03 - Rear end,01 - Clear,01 - Daylight,01 - Dry,01 - Traffic signal,01 - Functioning,3,0,0,0,02 - Minor,1,,1,,,360531.5949,5023313.937,45.34755731,-75.78878257,4280
15--13690,2015/11/24,10:20 AM,CARLING AVE @ KIRKWOOD AVE N (0002358),2358,03 - At intersection,03 - P.D. only,05 - Turning movement,01 - Clear,01 - Daylight,01 - Dry,01 - Traffic signal,01 - Functioning,2,0,0,0,,0,,,,,364276.4142,5027492.09,45.38484417,-75.74049428,4281
15--13779,2015/11/26,10:26 AM,JEANNE D'ARC BLVD  S btwn SAPINIER ST & INNES RD (__3ZA3Y3),__3ZA3Y3,04 - At/near private drive,03 - P.D. only,02 - Angle,01 - Clear,01 - Daylight,01 - Dry,10 - No control,,2,0,0,0,,0,,,,,382624.7572,5035596.435,45.45596244,-75.50493962,4282
15--14407,2015/12/12,1:53 PM,CARP RD @ HAZELDEAN RD (0000086),86,02 - Intersection related,03 - P.D. only,03 - Rear end,01 - Clear,01 - Daylight,01 - Dry,01 - Traffic signal,01 - Functioning,2,0,0,0,,0,,,,,348804.5759,5014360.436,45.26782478,-75.93922346,4283
15--14049,2015/12/02,6:46 AM,SHEFFIELD RD @ WALKLEY RD (0005156),5156,03 - At intersection,02 - Non-fatal injury,05 - Turning movement,02 - Rain,07 - Dark,02 - Wet,01 - Traffic signal,01 - Functioning,2,0,0,0,01 - Minimal,2,2,,,,375258.4571,5028784.539,45.39545444,-75.60008659,4284
15--1378,2015/01/22,11:18 AM,BELFAST RD @ ST. LAURENT BLVD (0007658),7658,03 - At intersection,03 - P.D. only,02 - Angle,01 - Clear,01 - Daylight,01 - Dry,01 - Traffic signal,01 - Functioning,2,0,0,0,,0,,,,,372859.7602,5030578.08,45.41182917,-75.63047221,4285
15--14320,2015/12/10,3:50 PM,HIGHWAY 417 btwn HWY417 IC118 RAMP57 & HWY417 IC118 RAMP35 (__3ZA2YQ),__3ZA2YQ,01 - Non intersection,03 - P.D. only,03 - Rear end,01 - Clear,01 - Daylight,01 - Dry,10 - No control,,3,0,0,0,,0,,,,,369450.0889,5031033.09,45.41624648,-75.67396962,4286
15--13691,2015/11/24,11:00 AM,CHENIER WAY @ WILKIE DR (0005037),5037,02 - Intersection related,03 - P.D. only,02 - Angle,03 - Snow,01 - Daylight,06 - Ice,03 - Yield sign,00 - Unknown,2,0,0,0,,0,,,,,384092.481,5037196.293,45.47019149,-75.48591832,4287
15--1405,2015/01/22,5:06 PM,DONALD ST @ ST. LAURENT BLVD (0008630),8630,02 - Intersection related,03 - P.D. only,02 - Angle,01 - Clear,05 - Dusk,01 - Dry,01 - Traffic signal,01 - Functioning,2,0,0,0,,0,,,,,372094.6768,5032472.103,45.42894471,-75.63998706,4288
15--14141,2015/12/04,9:20 PM,HIGHWAY 417 btwn HWY417 IC155 RAMP26 & HWY417 IC155 RAMP61 (__3ZA1MY),__3ZA1MY,01 - Non intersection,03 - P.D. only,03 - Rear end,01 - Clear,07 - Dark,01 - Dry,10 - No control,,2,0,0,0,,0,,,,,339795.0915,5019279.281,45.31259297,-76.05368573,4289
15--13871,2015/11/27,6:48 PM,ALBION RD btwn RIDEAU RD & TULLAMORE ST (__5RGNIJ),__5RGNIJ,01 - Non intersection,03 - P.D. only,01 - Approaching,02 - Rain,07 - Dark,02 - Wet,10 - No control,,2,0,0,0,,0,,,,,375368.9062,5016049.712,45.28086071,-75.60049226,4290
15--13601,2015/11/22,11:00 AM,PALLADIUM DR btwn SILVER SEVEN RD & TERRY FOX DR (__3ZA2I4),__3ZA2I4,01 - Non intersection,03 - P.D. only,04 - Sideswipe,01 - Clear,01 - Daylight,01 - Dry,10 - No control,,2,0,0,0,,0,,,,,351186.1144,5018005.559,45.30047164,-75.90853493,4291
15--13780,2015/11/26,10:29 AM,KING EDWARD AVE @ SOMERSET ST/MARIE CURIE PRIV (0001696),1696,02 - Intersection related,03 - P.D. only,04 - Sideswipe,01 - Clear,01 - Daylight,02 - Wet,01 - Traffic signal,01 - Functioning,2,0,0,0,,0,,,,,368956.9883,5031672.856,45.42204825,-75.68018599,4292
15--14408,2015/12/12,10:03 PM,FAIRMONT AVE @ SHERWOOD DR (0005574),5574,03 - At intersection,03 - P.D. only,02 - Angle,01 - Clear,07 - Dark,01 - Dry,02 - Stop sign,01 - Functioning,2,0,0,0,,0,,,,,365961.9267,5028832.827,45.39676267,-75.71880632,4293
15--14321,2015/12/10,3:52 PM,ST. LAURENT BLVD btwn SHORE ST & BELFAST RD (__3ZA2GU),__3ZA2GU,01 - Non intersection,03 - P.D. only,03 - Rear end,01 - Clear,01 - Daylight,01 - Dry,10 - No control,,2,0,0,0,,0,,,,,372857.836,5030587.948,45.41191814,-75.63049543,4294
15--13692,2015/11/24,11:15 AM,INNES RD btwn STONEHENGE CRES & BLAIR RD (__3ZA3SK),__3ZA3SK,04 - At/near private drive,03 - P.D. only,02 - Angle,03 - Snow,01 - Daylight,05 - Packed snow,10 - No control,,2,0,0,0,,0,,,,,375560.6187,5031429.782,45.41922443,-75.59584814,4295
15--14050,2015/12/02,7:00 AM,210 W OF MERIVALE RD @ WEST HUNT CLUB RD (0004688),4688,02 - Intersection related,03 - P.D. only,03 - Rear end,02 - Rain,07 - Dark,02 - Wet,01 - Traffic signal,01 - Functioning,2,0,0,0,,0,,,,,365432.8119,5021828.523,45.33378518,-75.72642334,4296
15--14142,2015/12/04,9:37 PM,INNES RD @ TENTH LINE RD (0004633),4633,02 - Intersection related,02 - Non-fatal injury,04 - Sideswipe,01 - Clear,07 - Dark,01 - Dry,01 - Traffic signal,01 - Functioning,2,0,0,0,01 - Minimal,1,1,,,,383951.7603,5036158.839,45.46087339,-75.48788479,4297
15--13872,2015/11/27,6:48 PM,PLACE D'ORLEANS @ CENTRUM BLVD/PLACE D'ORLEANS (0004167),4167,03 - At intersection,02 - Non-fatal injury,05 - Turning movement,02 - Rain,07 - Dark,02 - Wet,01 - Traffic signal,01 - Functioning,2,0,0,0,02 - Minor,1,,1,,,381963.4321,5038137.787,45.47890071,-75.512995,4298
15--13602,2015/11/22,11:03 AM,ST. BERNARD ST btwn BLOOMINGTON ST & SIXTH ST (__3ZA5PM),__3ZA5PM,01 - Non intersection,03 - P.D. only,06 - SMV unattended vehicle,01 - Clear,01 - Daylight,01 - Dry,10 - No control,,1,0,0,0,,0,,,,,373322.1151,5023899.182,45.35169019,-75.62549288,4299
15--13603,2015/11/22,11:11 PM,ALTA VISTA DR @ SMYTH RD (0011353),11353,03 - At intersection,03 - P.D. only,05 - Turning movement,01 - Clear,07 - Dark,01 - Dry,01 - Traffic signal,01 - Functioning,2,0,0,0,,0,,,,,370433.4379,5029081.558,45.39859579,-75.66166657,4300
15--13604,2015/11/22,11:23 AM,ST. JOSEPH BLVD btwn BOYER RD & ORLEANS BLVD (__3ZA2BZ),__3ZA2BZ,01 - Non intersection,03 - P.D. only,04 - Sideswipe,01 - Clear,01 - Daylight,01 - Dry,10 - No control,,2,0,0,0,,0,,,,,380517.8638,5036905.996,45.46797632,-75.53167255,4301
15--13605,2015/11/22,11:28 AM,JEANNE D'ARC BLVD @ ORLEANS BLVD N (0003792),3792,03 - At intersection,02 - Non-fatal injury,05 - Turning movement,01 - Clear,01 - Daylight,01 - Dry,01 - Traffic signal,00 - Unknown,2,0,0,0,01 - Minimal,2,2,,,,380028.4945,5038105.996,45.47882585,-75.53774629,4302
15--13606,2015/11/22,11:55 AM,INNES RD btwn ORCHARDVIEW AVE & PORTOBELLO BLVD (__3ZA1VW),__3ZA1VW,04 - At/near private drive,02 - Non-fatal injury,02 - Angle,01 - Clear,01 - Daylight,01 - Dry,10 - No control,,2,0,0,0,02 - Minor,1,,1,,,385228.822,5036728.92,45.46585658,-75.47146433,4303
15--13607,2015/11/22,Unknown,BELVEDERE CRES btwn LISGAR RD & END (__3ZA8C8),__3ZA8C8,01 - Non intersection,03 - P.D. only,06 - SMV unattended vehicle,01 - Clear,00 - Unknown,01 - Dry,10 - No control,,1,0,0,0,,0,,,,,368818.8339,5034230.095,45.44506997,-75.68161867,4304
15--13608,2015/11/22,12:57 PM,BEAVERPOND DR @ BLAIR RD (0004166),4166,02 - Intersection related,02 - Non-fatal injury,03 - Rear end,01 - Clear,01 - Daylight,01 - Dry,01 - Traffic signal,01 - Functioning,3,0,0,0,01 - Minimal,1,1,,,,375400.4519,5031873.845,45.42323605,-75.5978308,4305