Anom_ID,Accident_Date,Accident_Time,Location,Geo_ID,Accident_Location,Classification_of_Accident,Initial_Impact_Type,Environment_Condition,Light,Road_Surface_Condition,Traffic_Control,Traffic_Control_Condition,No__of_Vehicles,No__of_Bicycles,No__of_Motorcycles,No__of_Pedestrians,Max_Injury,No__of_Injuries,No__of_Minimal,No__of_Minor,No__of_Major,No__of_Fatal,X,Y,Latitude,Longitude,ObjectId
15--13609,2015/11/22,2:12 AM,ALTA VISTA DR @ VALOUR DR (0012073),12073,02 - Intersection related,03 - P.D. only,07 - SMV other,"07 - Fog, mist, smoke, dust",07 - Dark,02 - Wet,02 - Stop sign,00 - Unknown,1,0,0,0,,0,,,,,370437.9033,5029583.107,45.40310813,-75.66154279,4306
15--1361,2015/01/21,9:00 AM,COVENTRY RD @ VANIER PKWY (0002139),2139,02 - Intersection related,03 - P.D. only,03 - Rear end,01 - Clear,01 - Daylight,01 - Dry,01 - Traffic signal,01 - Functioning,2,0,0,0,,0,,,,,370676.3849,5031611.221,45.42133389,-75.6582257,4307
15--13610,2015/11/22,2:25 PM,MOODIE DR @ ROBERTSON RD (0010545),10545,02 - Intersection related,03 - P.D. only,02 - Angle,01 - Clear,01 - Daylight,01 - Dry,01 - Traffic signal,01 - Functioning,2,0,0,0,,0,,,,,357065.9301,5020454.756,45.32209698,-75.83330841,4308
15--13611,2015/11/22,2:28 PM,WEST HUNT CLUB RD @ WOODROFFE AVE (0000576),576,02 - Intersection related,03 - P.D. only,03 - Rear end,01 - Clear,01 - Daylight,01 - Dry,01 - Traffic signal,01 - Functioning,2,0,0,0,,0,,,,,363670.691,5021247.211,45.32870463,-75.74897232,4309
15--13612,2015/11/22,2:49 PM,YORK ST EB btwn BY WARD MARKET SQ & SUSSEX DR (__3ZA8ZZ),__3ZA8ZZ,01 - Non intersection,03 - P.D. only,02 - Angle,01 - Clear,01 - Daylight,01 - Dry,10 - No control,,2,0,0,0,,0,,,,,367891.2716,5032291.046,45.42770744,-75.69372343,4310
15--13613,2015/11/22,2:50 PM,FALLOWFIELD RD @ HWY 416 FALLOWFI IC66R34 (0005504),5504,02 - Intersection related,03 - P.D. only,03 - Rear end,01 - Clear,01 - Daylight,01 - Dry,01 - Traffic signal,01 - Functioning,2,0,0,0,,0,,,,,359822.7843,5014726.509,45.27034307,-75.7987808,4311
15--13614,2015/11/22,2:56 AM,COLONEL BY DR @ HAWTHORNE AVE/PRETORIA BRIDGE (0002122),2122,03 - At intersection,03 - P.D. only,05 - Turning movement,01 - Clear,07 - Dark,01 - Dry,01 - Traffic signal,01 - Functioning,2,0,0,0,,0,,,,,368767.7102,5030527.011,45.41175567,-75.68275312,4312
15--13615,2015/11/22,2:58 AM,MACKENZIE KING BR/WALLER ST @ NICHOLAS ST/WALL (0011251),11251,03 - At intersection,02 - Non-fatal injury,07 - SMV other,02 - Rain,07 - Dark,02 - Wet,01 - Traffic signal,01 - Functioning,1,0,0,1,02 - Minor,1,,1,,,368372.1456,5031993.361,45.42498543,-75.68761713,4313
15--13616,2015/11/22,3:01 PM,HOLLY ACRES RD @ TRANSITWAY - BAYSHORE/278 N O (0009787),9787,03 - At intersection,02 - Non-fatal injury,05 - Turning movement,01 - Clear,01 - Daylight,01 - Dry,01 - Traffic signal,01 - Functioning,2,0,0,0,02 - Minor,1,,1,,,358495.9544,5022986.816,45.34477266,-75.81479396,4314
15--13617,2015/11/22,3:02 PM,WALKLEY RD btwn BANK ST & BANFF AVE (__3ZA375),__3ZA375,01 - Non intersection,03 - P.D. only,07 - SMV other,01 - Clear,01 - Daylight,01 - Dry,10 - No control,,1,0,0,0,,0,,,,,370346.5007,5025956.023,45.37048145,-75.66319193,4315
15--13618,2015/11/22,3:20 PM,HWY417 IC126 RAMP16 btwn HIGHWAY 417 & HWY417 IC126 RAMP26 (__3ZAYA0),__3ZAYA0,01 - Non intersection,03 - P.D. only,03 - Rear end,01 - Clear,01 - Daylight,01 - Dry,10 - No control,,2,0,0,0,,0,,,,,363080.9148,5025799.712,45.36971686,-75.75595908,4316
15--13619,2015/11/22,3:27 PM,BURRIS LANE @ MERIVALE RD (0002014),2014,02 - Intersection related,03 - P.D. only,04 - Sideswipe,01 - Clear,01 - Daylight,01 - Dry,01 - Traffic signal,01 - Functioning,2,0,0,0,,0,,,,,364881.4284,5025067.52,45.36297668,-75.73306397,4317
15--1362,2015/01/21,9:09 AM,CAMPEAU DR/HWY 417 MARCH IC138R63 @ MARCH RD (0009710),9710,03 - At intersection,03 - P.D. only,04 - Sideswipe,01 - Clear,01 - Daylight,01 - Dry,01 - Traffic signal,01 - Functioning,2,0,0,0,,0,,,,,352842.3478,5020476.346,45.32259301,-75.88717808,4318
15--13620,2015/11/22,3:38 PM,LYON ST @ MACLAREN ST (0007281),7281,03 - At intersection,03 - P.D. only,02 - Angle,01 - Clear,01 - Daylight,01 - Dry,02 - Stop sign,01 - Functioning,2,0,0,0,,0,,,,,367409.5868,5030647.263,45.41296048,-75.70008742,4319
15--13621,2015/11/22,3:47 PM,CHARLEMAGNE BLVD @ GARDENWAY DR/BOTTRIELL WAY  (0003748),3748,02 - Intersection related,03 - P.D. only,05 - Turning movement,01 - Clear,01 - Daylight,01 - Dry,01 - Traffic signal,01 - Functioning,2,0,0,0,,0,,,,,384048.4973,5037034.836,45.46874384,-75.48650678,4320
15--13622,2015/11/22,4:45 PM,BRONSON AVE @ SOMERSET ST (0002218),2218,02 - Intersection related,03 - P.D. only,03 - Rear end,01 - Clear,05 - Dusk,01 - Dry,01 - Traffic signal,01 - Functioning,2,0,0,0,,0,,,,,366967.6961,5030477.294,45.41147055,-75.70575399,4321
15--13623,2015/11/22,5:10 PM,TIERNEY DR @ WOODROFFE AVE (0005534),5534,02 - Intersection related,02 - Non-fatal injury,03 - Rear end,01 - Clear,07 - Dark,01 - Dry,02 - Stop sign,00 - Unknown,2,0,0,0,02 - Minor,2,,2,,,365970.067,5015723.608,45.2788071,-75.72032291,4322
15--13624,2015/11/22,6:07 AM,O'KEEFE CRT btwn FOXTAIL AVE & END (__3ZA1I4),__3ZA1I4,01 - Non intersection,03 - P.D. only,07 - SMV other,01 - Clear,07 - Dark,01 - Dry,10 - No control,,1,0,0,0,,0,,,,,360111.1087,5014957.084,45.27239519,-75.79508095,4323
15--13625,2015/11/22,6:11 PM,PLACE D'ORLEANS DR W @ ST. JOSEPH BLVD (0008776),8776,02 - Intersection related,02 - Non-fatal injury,03 - Rear end,01 - Clear,07 - Dark,01 - Dry,01 - Traffic signal,01 - Functioning,2,0,0,0,01 - Minimal,1,1,,,,381601.181,5037685.574,45.47487203,-75.5176986,4324
15--13626,2015/11/22,6:11 PM,RIVERSIDE DR @ UPLANDS DR/KIMBERWICK CRES N (0006890),6890,02 - Intersection related,03 - P.D. only,03 - Rear end,01 - Clear,07 - Dark,01 - Dry,01 - Traffic signal,01 - Functioning,2,0,0,0,,0,,,,,368193.9953,5022793.14,45.34222059,-75.69107498,4325
15--13627,2015/11/22,6:12 PM,CHAMPLAIN ST @ JEANNE D'ARC BLVD (0004106),4106,03 - At intersection,03 - P.D. only,05 - Turning movement,01 - Clear,07 - Dark,01 - Dry,01 - Traffic signal,01 - Functioning,2,0,0,0,,0,,,,,381379.7447,5038722.876,45.48422911,-75.52036867,4326
15--13628,2015/11/22,6:18 PM,BRONSON AVE @ FIFTH AVE/MADAWASKA DR (0006977),6977,02 - Intersection related,02 - Non-fatal injury,03 - Rear end,01 - Clear,07 - Dark,01 - Dry,01 - Traffic signal,00 - Unknown,2,0,0,0,02 - Minor,1,,1,,,367614.0185,5028938.933,45.39757112,-75.69769344,4327
15--13629,2015/11/22,6:22 PM,DIAMONDVIEW RD btwn KINBURN SIDE RD & BAIRD SIDE RD (__3ZACD3),__3ZACD3,01 - Non intersection,03 - P.D. only,07 - SMV other,01 - Clear,07 - Dark,01 - Dry,10 - No control,,1,0,0,0,,0,,,,,333163.3727,5027710.303,45.38875863,-76.13777869,4328
15--1363,2015/01/21,9:15 AM,LEMIEUX ST @ ST. LAURENT BLVD (0002021),2021,02 - Intersection related,03 - P.D. only,03 - Rear end,01 - Clear,01 - Daylight,01 - Dry,01 - Traffic signal,01 - Functioning,2,0,0,0,,0,,,,,372389.797,5031743.046,45.42235655,-75.63631596,4329
15--13630,2015/11/22,8:39 PM,RIVERSIDE DR @ HERON RD (0002236),2236,02 - Intersection related,03 - P.D. only,04 - Sideswipe,01 - Clear,07 - Dark,01 - Dry,01 - Traffic signal,01 - Functioning,2,0,0,0,,0,,,,,368120.3829,5026647.221,45.37690534,-75.69152045,4330
15--13631,2015/11/22,9:25 PM,REGIONAL ROAD 174 btwn OR174 IC101 RAMP63 & OR174 IC101 RAMP45 (__3ZA11Q),__3ZA11Q,01 - Non intersection,02 - Non-fatal injury,07 - SMV other,01 - Clear,07 - Dark,01 - Dry,10 - No control,,1,0,0,0,01 - Minimal,2,2,,,,383188.1813,5039180.592,45.48814648,-75.49716505,4331
15--13632,2015/11/23,1:17 PM,LOMBARDO DR/VICKERS WAY @ PICKFORD DR (0003958),3958,03 - At intersection,02 - Non-fatal injury,07 - SMV other,01 - Clear,01 - Daylight,01 - Dry,02 - Stop sign,01 - Functioning,1,0,0,1,01 - Minimal,1,1,,,,353048.364,5018387.924,45.30378682,-75.88475369,4332
15--13633,2015/11/23,1:21 PM,MAITLAND AVE btwn HWY417 IC126 RAMP25 & WOODWARD DR (__3ZBOCF),__3ZBOCF,01 - Non intersection,03 - P.D. only,03 - Rear end,01 - Clear,01 - Daylight,02 - Wet,10 - No control,,2,0,0,0,,0,,,,,363261.5451,5025694.159,45.36875206,-75.75366576,4333
15--13634,2015/11/23,1:29 PM,DUNROBIN RD btwn CONSTANCE BAY RD & KINBURN SIDE RD (__3ZA3FF),__3ZA3FF,01 - Non intersection,03 - P.D. only,07 - SMV other,01 - Clear,01 - Daylight,01 - Dry,10 - No control,,1,0,0,0,,0,,,,,336808.904,5037187.819,45.47388317,-76.09060757,4334
15--13635,2015/11/23,1:32 PM,HINTON AVE @ RUSKIN ST (0006646),6646,03 - At intersection,03 - P.D. only,02 - Angle,01 - Clear,01 - Daylight,01 - Dry,02 - Stop sign,01 - Functioning,2,0,0,0,,0,,,,,365355.2481,5028383.55,45.39277291,-75.72660959,4335
15--13636,2015/11/23,10:00 AM,COVENTRY RD btwn ARCOLA PRIV & LOLA ST (__3ZA35VB),__3ZA35VB,01 - Non intersection,03 - P.D. only,07 - SMV other,01 - Clear,01 - Daylight,01 - Dry,10 - No control,,1,0,0,0,,0,,,,,371077.5706,5031601.429,45.42120789,-75.6531012,4336
15--13637,2015/11/23,10:05 AM,LOGGERS WAY btwn KINGDON MINE RD & GALETTA SIDE RD (__3ZAC1V),__3ZAC1V,01 - Non intersection,02 - Non-fatal injury,07 - SMV other,01 - Clear,01 - Daylight,01 - Dry,10 - No control,,1,0,0,0,02 - Minor,1,,1,,,324857.3117,5032704.929,45.43398983,-76.24364872,4337
15--13638,2015/11/23,10:06 AM,KANATA AVE/CASTLEFRANK RD @ AIRD PL (0011976),11976,03 - At intersection,02 - Non-fatal injury,02 - Angle,01 - Clear,01 - Daylight,01 - Dry,01 - Traffic signal,01 - Functioning,2,0,0,0,01 - Minimal,1,1,,,,351811.2794,5019069.958,45.31000781,-75.90046299,4338
15--13639,2015/11/23,10:10 AM,CLEGG ST @ COLONEL BY DR (0008785),8785,02 - Intersection related,03 - P.D. only,03 - Rear end,01 - Clear,01 - Daylight,01 - Dry,01 - Traffic signal,01 - Functioning,2,0,0,0,,0,,,,,368968.8582,5029740.417,45.40465975,-75.68028592,4339
15--1364,2015/01/21,9:23 AM,BEATRICE DR @ CLEARBROOK DR/NO NAME (0010984),10984,03 - At intersection,03 - P.D. only,02 - Angle,01 - Clear,01 - Daylight,01 - Dry,02 - Stop sign,01 - Functioning,2,0,0,0,,0,,,,,365481.6251,5015088.697,45.27313652,-75.72662566,4340
15--13640,2015/11/23,10:46 AM,LORRY GREENBERG DR btwn HEARTLEAF PRIV & HUNT CLUB RD (__3ZAZLZ),__3ZAZLZ,04 - At/near private drive,03 - P.D. only,02 - Angle,01 - Clear,01 - Daylight,01 - Dry,10 - No control,,2,0,0,0,,0,,,,,372810.7423,5024839.274,45.36019857,-75.63188914,4341
15--13641,2015/11/23,11:00 AM,O'CONNOR ST btwn FRANK ST & GLADSTONE AVE (__3ZBOE2),__3ZBOE2,04 - At/near private drive,03 - P.D. only,07 - SMV other,01 - Clear,01 - Daylight,01 - Dry,10 - No control,,1,0,0,0,,0,,,,,368069.6571,5030667.956,45.4130873,-75.69165241,4342
15--13642,2015/11/23,11:58 AM,WEST HUNT CLUB RD btwn PRINCE OF WALES DR & HUNT CLUB RD (__3ZA2T4),__3ZA2T4,01 - Non intersection,03 - P.D. only,07 - SMV other,01 - Clear,01 - Daylight,01 - Dry,10 - No control,,1,0,0,0,,0,,,,,367624.6137,5021884.166,45.33409304,-75.69845514,4343
15--13643,2015/11/23,Unknown,ST. JOSEPH BLVD btwn ST. JEAN ST & BELCOURT BLVD (__3ZA2AP),__3ZA2AP,04 - At/near private drive,03 - P.D. only,02 - Angle,01 - Clear,00 - Unknown,01 - Dry,10 - No control,,2,0,0,0,,0,,,,,381178.2118,5037339.599,45.47180562,-75.52316145,4344
15--13644,2015/11/23,12:15 PM,HIGHWAY 416 btwn HWY416 IC72 RAMP62 & HWY416 IC72 RAMP24 (__3ZAZEQ),__3ZAZEQ,01 - Non intersection,02 - Non-fatal injury,07 - SMV other,01 - Clear,01 - Daylight,01 - Dry,10 - No control,,1,0,0,0,03 - Major,1,,,1,,359553.7344,5019493.957,45.31326202,-75.8016831,4345
15--13645,2015/11/23,2:01 AM,REGIONAL ROAD 174 btwn OR174 IC105 RAMP51 & OR174 IC105 RAMP35 (__3ZA2XC),__3ZA2XC,01 - Non intersection,03 - P.D. only,07 - SMV other,01 - Clear,07 - Dark,01 - Dry,10 - No control,,1,0,0,0,,0,,,,,379308.7466,5036945.14,45.46845854,-75.5471274,4346
15--13646,2015/11/23,2:16 PM,BASELINE RD btwn COLLEGE SQUARE SC & WOODROFFE AVE (__3ZAZDQA),__3ZAZDQA,01 - Non intersection,03 - P.D. only,03 - Rear end,01 - Clear,01 - Daylight,01 - Dry,10 - No control,,2,0,0,0,,0,,,,,362661.4019,5023836.451,45.35208638,-75.76154418,4347
15--13647,2015/11/23,2:32 AM,BRONSON AVE @ QUEEN ST (0006358),6358,02 - Intersection related,03 - P.D. only,07 - SMV other,01 - Clear,07 - Dark,01 - Dry,02 - Stop sign,01 - Functioning,1,0,0,0,,0,,,,,366707.2575,5031093.501,45.41703809,-75.7090036,4348
15--13648,2015/11/23,3:08 PM,CARLING AVE @ BROADVIEW AVE (0006707),6707,02 - Intersection related,03 - P.D. only,03 - Rear end,01 - Clear,01 - Daylight,01 - Dry,01 - Traffic signal,01 - Functioning,2,0,0,0,,0,,,,,363182.1306,5026637.82,45.37724963,-75.75456796,4349
15--13649,2015/11/23,3:15 PM,NAVAHO DR @ WOODROFFE AVE/TRANSITWAY N BASELIN (0010359),10359,02 - Intersection related,03 - P.D. only,03 - Rear end,01 - Clear,01 - Daylight,01 - Dry,01 - Traffic signal,01 - Functioning,2,0,0,0,,0,,,,,362705.9984,5023492.889,45.34899136,-75.76101529,4350
15--1365,2015/01/21,9:42 AM,WEST HUNT CLUB RD @ ANTARES DR/LASER ST (0000116),116,02 - Intersection related,03 - P.D. only,03 - Rear end,01 - Clear,01 - Daylight,02 - Wet,01 - Traffic signal,01 - Functioning,2,0,0,0,,0,,,,,367107.7113,5022081.984,45.33591906,-75.70502446,4351
15--13650,2015/11/23,3:20 PM,RIVERSIDE DR @ SMYTH RD SOUTH SIDE RAMP (0011480),11480,02 - Intersection related,03 - P.D. only,03 - Rear end,01 - Clear,01 - Daylight,01 - Dry,01 - Traffic signal,01 - Functioning,2,0,0,0,,0,,,,,369788.6254,5028998.156,45.39790552,-75.66991285,4352
15--13651,2015/11/23,3:42 PM,SCOTT ST btwn HINCHEY AVE & CARRUTHERS AVE (__3ZA313),__3ZA313,04 - At/near private drive,03 - P.D. only,02 - Angle,01 - Clear,01 - Daylight,01 - Dry,10 - No control,,2,0,0,0,,0,,,,,365093.0793,5029812.374,45.40565177,-75.72978295,4353
15--13652,2015/11/23,3:45 PM,REGIONAL ROAD 174 btwn MCTEER RD & CANAAN RD (__3ZA27S),__3ZA27S,01 - Non intersection,03 - P.D. only,05 - Turning movement,01 - Clear,01 - Daylight,01 - Dry,10 - No control,,2,0,0,0,,0,,,,,395679.3972,5043379.616,45.52440873,-75.3366154,4354
15--13653,2015/11/23,4:01 PM,STRANDHERD DR btwn WOODROFFE AVE & 210 W OF WOODROFFE AVE (__3ZACGCA),__3ZACGCA,01 - Non intersection,03 - P.D. only,01 - Approaching,01 - Clear,01 - Daylight,01 - Dry,10 - No control,,2,0,0,0,,0,,,,,366015.3432,5015353.708,45.27547482,-75.71979149,4355
15--13654,2015/11/23,4:01 PM,IBER RD btwn HUNTMAR DR & HARRY DOUGLAS DR (__3ZA4XQ),__3ZA4XQ,04 - At/near private drive,03 - P.D. only,03 - Rear end,01 - Clear,01 - Daylight,01 - Dry,10 - No control,,2,0,0,0,,0,,,,,351081.8817,5015917.042,45.28168543,-75.91005879,4356
15--13655,2015/11/23,4:09 PM,PRINCE OF WALES DR btwn FALLOWFIELD RD & AMBERWOOD CRES (__3ZA27I),__3ZA27I,01 - Non intersection,03 - P.D. only,03 - Rear end,01 - Clear,01 - Daylight,01 - Dry,10 - No control,,2,0,0,0,,0,,,,,367381.6595,5019330.369,45.31113609,-75.70187728,4357
15--13656,2015/11/23,4:17 PM,WOODROFFE AVE btwn KNOXDALE RD/MEDHURST DR & NORICE ST (__3ZA3JO),__3ZA3JO,01 - Non intersection,03 - P.D. only,99 - Other,01 - Clear,05 - Dusk,01 - Dry,10 - No control,,2,0,0,0,,0,,,,,363376.3686,5021936.956,45.33493553,-75.75264512,4358
15--13657,2015/11/23,4:20 PM,LENESTER AVE @ MAITLAND AVE (0010867),10867,02 - Intersection related,03 - P.D. only,99 - Other,01 - Clear,01 - Daylight,01 - Dry,02 - Stop sign,01 - Functioning,2,0,0,0,,0,,,,,363077.9659,5026145.802,45.37283118,-75.75595589,4359
15--13658,2015/11/23,4:28 PM,REGIONAL ROAD 174 EB btwn HWY417 IC113 RAMP65 & OR174 BLAIR IC112 RAMP51 (__3ZAZFJ),__3ZAZFJ,01 - Non intersection,03 - P.D. only,03 - Rear end,01 - Clear,05 - Dusk,01 - Dry,10 - No control,,2,0,0,0,,0,,,,,374700.2924,5032745.917,45.43115279,-75.60665293,4360
15--13659,2015/11/23,4:58 PM,BLAKE BLVD @ JEAN TALON ST (0009313),9313,02 - Intersection related,03 - P.D. only,07 - SMV other,01 - Clear,05 - Dusk,01 - Dry,02 - Stop sign,01 - Functioning,1,0,0,0,,0,,,,,371147.8526,5033058.711,45.43431321,-75.65200691,4361
15--1366,2015/01/21,9:56 AM,BANK ST @ HERON RD (0002155),2155,02 - Intersection related,03 - P.D. only,04 - Sideswipe,01 - Clear,01 - Daylight,01 - Dry,01 - Traffic signal,01 - Functioning,2,0,0,0,,0,,,,,369996.6839,5026850.096,45.37855866,-75.66753941,4362
15--13660,2015/11/23,5:01 PM,CHARLEMAGNE BLVD btwn BOTTRIELL WAY & PRINCESS LOUISE DR (__3ZA608),__3ZA608,01 - Non intersection,03 - P.D. only,04 - Sideswipe,01 - Clear,07 - Dark,01 - Dry,10 - No control,,2,0,0,0,,0,,,,,384071.8562,5038128.715,45.47858289,-75.4860316,4363
15--13661,2015/11/23,5:15 PM,HIGHWAY 417 btwn HWY417 IC117 RAMP51 & HWY417 IC117 RAMP35 (__3ZA2YN),__3ZA2YN,01 - Non intersection,03 - P.D. only,03 - Rear end,01 - Clear,07 - Dark,01 - Dry,10 - No control,,3,0,0,0,,0,,,,,370725.5438,5031174.031,45.4173956,-75.65765611,4364
15--13662,2015/11/23,5:38 PM,CLEGG ST @ COLONEL BY DR (0008785),8785,02 - Intersection related,02 - Non-fatal injury,03 - Rear end,01 - Clear,07 - Dark,01 - Dry,01 - Traffic signal,02 - Not functioning,2,0,0,0,02 - Minor,1,,1,,,368968.1362,5029741.861,45.40467281,-75.68029495,4365
15--13663,2015/11/23,5:39 PM,BLAIR RD @ INNES RD (0004165),4165,02 - Intersection related,03 - P.D. only,03 - Rear end,01 - Clear,07 - Dark,01 - Dry,01 - Traffic signal,01 - Functioning,2,0,0,0,,0,,,,,375578.7349,5031439.555,45.41931053,-75.59561528,4366
15--13664,2015/11/23,5:40 PM,HIGHWAY 416 btwn HWY416 IC42 RAMP34 & HWY416 IC42 RAMP43 (__3ZA1NA),__3ZA1NA,01 - Non intersection,03 - P.D. only,07 - SMV other,01 - Clear,07 - Dark,01 - Dry,10 - No control,,1,0,0,0,,0,,,,,371399.2927,4995266.633,45.09424302,-75.65386057,4367
15--13665,2015/11/23,5:48 PM,MERIVALE RD btwn VIEWMOUNT DR & COLONNADE RD (__3ZA33F),__3ZA33F,01 - Non intersection,03 - P.D. only,04 - Sideswipe,01 - Clear,07 - Dark,01 - Dry,10 - No control,,3,0,0,0,,0,,,,,365281.5328,5022738.01,45.34198169,-75.72824208,4368
15--13666,2015/11/23,6:00 PM,HIGHWAY 417 btwn HWY417 IC119B RAMP57 & HWY417 IC119A RAMP75 (__3ZA1QN),__3ZA1QN,01 - Non intersection,03 - P.D. only,04 - Sideswipe,01 - Clear,07 - Dark,01 - Dry,10 - No control,,2,0,0,0,,0,,,,,368584.4786,5030514.756,45.41166213,-75.68509543,4369
15--13667,2015/11/23,6:16 AM,REGIONAL ROAD 174 btwn OLD MONTREAL RD & MCTEER RD (__3ZA27R),__3ZA27R,01 - Non intersection,03 - P.D. only,07 - SMV other,01 - Clear,03 - Dawn,01 - Dry,10 - No control,,1,0,0,0,,0,,,,,394824.6822,5043086.944,45.52188658,-75.34760849,4370
15--13668,2015/11/23,6:39 AM,PRINCESS LOUISE DR @ BROOKRIDGE CRES W/FALWYN  (0004933),4933,03 - At intersection,03 - P.D. only,02 - Angle,01 - Clear,03 - Dawn,01 - Dry,02 - Stop sign,01 - Functioning,2,0,0,0,,0,,,,,383516.1096,5038678.428,45.48359158,-75.49305096,4371
15--13669,2015/11/23,6:54 PM,INNES RD @ SOUTHPARK DR (0004142),4142,03 - At intersection,03 - P.D. only,05 - Turning movement,01 - Clear,07 - Dark,01 - Dry,01 - Traffic signal,01 - Functioning,2,0,0,0,,0,,,,,377840.4614,5032754.562,45.43090966,-75.56652457,4372
15--1367,2015/01/22,1:00 PM,ROCHESTER ST btwn BALSAM ST & GLADSTONE AVE (__3ZAAJL),__3ZAAJL,01 - Non intersection,03 - P.D. only,06 - SMV unattended vehicle,01 - Clear,01 - Daylight,01 - Dry,10 - No control,,1,0,0,0,,0,,,,,366657.867,5029802.363,45.40542516,-75.70979663,4373
15--13670,2015/11/23,7:03 PM,RIDEAUCREST DR btwn QUEENSBURY DR & ROBLYN WAY (__3ZA4WL),__3ZA4WL,04 - At/near private drive,03 - P.D. only,02 - Angle,01 - Clear,07 - Dark,01 - Dry,10 - No control,,2,0,0,0,,0,,,,,365736.4901,5016332.34,45.28430473,-75.72322508,4374
15--13671,2015/11/23,7:47 AM,BASELINE RD @ CENTREPOINTE DR E/HIGHGATE RD (0011468),11468,02 - Intersection related,03 - P.D. only,03 - Rear end,01 - Clear,01 - Daylight,01 - Dry,01 - Traffic signal,01 - Functioning,2,0,0,0,,0,,,,,362061.6866,5023465.866,45.34880111,-75.76924032,4375
15--13672,2015/11/23,7:54 AM,CHESTERTON DR btwn ASSINIBOINE DR & FOUR SEASONS DR (__3ZA0A6),__3ZA0A6,01 - Non intersection,02 - Non-fatal injury,03 - Rear end,01 - Clear,01 - Daylight,01 - Dry,10 - No control,,2,0,0,0,01 - Minimal,1,1,,,,365866.6435,5023781.564,45.35132073,-75.72064778,4376
15--13673,2015/11/23,8:20 AM,ST. CHARLES ST btwn ALICE ST & LANDRY ST (__3ZA8V0),__3ZA8V0,01 - Non intersection,03 - P.D. only,06 - SMV unattended vehicle,01 - Clear,01 - Daylight,01 - Dry,10 - No control,,1,0,0,0,,0,,,,,369642.8366,5033564.37,45.4390041,-75.67117389,4377
15--13674,2015/11/23,8:28 AM,HIGHWAY 417 btwn HWY417 IC118 RAMP67 & HWY417 IC117 RAMP36 (__3ZA2YO),__3ZA2YO,01 - Non intersection,03 - P.D. only,03 - Rear end,01 - Clear,01 - Daylight,01 - Dry,10 - No control,,2,0,0,0,,0,,,,,369842.1467,5031155.112,45.41730805,-75.66894475,4378
15--13675,2015/11/23,8:31 AM,MERLYN WILSON RD btwn BART'S LANE & END (__3ZAZBR),__3ZAZBR,04 - At/near private drive,02 - Non-fatal injury,05 - Turning movement,01 - Clear,01 - Daylight,01 - Dry,10 - No control,,2,0,0,0,02 - Minor,1,,1,,,369176.0542,4990372.966,45.05041463,-75.68273159,4379
15--13676,2015/11/23,8:31 AM,DYNES RD @ PRINCE OF WALES DR (0003321),3321,02 - Intersection related,02 - Non-fatal injury,02 - Angle,01 - Clear,01 - Daylight,01 - Dry,01 - Traffic signal,01 - Functioning,2,1,0,0,02 - Minor,1,,1,,,367114.7141,5025922.452,45.3704742,-75.7044511,4380
15--13677,2015/11/23,8:31 AM,ISLAND PARK DR @ SCOTT ST (0002126),2126,02 - Intersection related,03 - P.D. only,03 - Rear end,01 - Clear,01 - Daylight,01 - Dry,01 - Traffic signal,01 - Functioning,2,0,0,0,,0,,,,,363834.4115,5029039.831,45.39880786,-75.74595293,4381
15--13678,2015/11/23,8:39 AM,BROADVIEW AVE btwn CARLING AVE & KERR AVE (__3ZA0EL),__3ZA0EL,04 - At/near private drive,03 - P.D. only,02 - Angle,01 - Clear,01 - Daylight,01 - Dry,10 - No control,,2,0,0,0,,0,,,,,363192.1388,5026619.562,45.37708451,-75.75444234,4382
15--13679,2015/11/23,8:48 PM,FROBISHER LANE W @ RIVERSIDE DR (0011961),11961,02 - Intersection related,03 - P.D. only,03 - Rear end,01 - Clear,07 - Dark,01 - Dry,01 - Traffic signal,01 - Functioning,2,0,0,0,,0,,,,,370118.7151,5029600.504,45.40329451,-75.66561735,4383
15--1368,2015/01/22,1:00 PM,SUNNYSIDE AVE btwn SENECA ST & ROSLYN AVE (__3ZA8GC),__3ZA8GC,01 - Non intersection,03 - P.D. only,06 - SMV unattended vehicle,01 - Clear,01 - Daylight,01 - Dry,10 - No control,,1,0,0,0,,0,,,,,368250.6007,5028290.588,45.39168011,-75.68964675,4384
15--13680,2015/11/23,9:00 PM,BASELINE RD @ WOODROFFE AVE (0002225),2225,02 - Intersection related,03 - P.D. only,03 - Rear end,01 - Clear,07 - Dark,01 - Dry,01 - Traffic signal,01 - Functioning,3,0,0,0,,0,,,,,362548.9682,5023769.783,45.35149578,-75.76298678,4385
15--13693,2015/11/24,11:20 PM,HIGHWAY 417 btwn HWY417 IC155 RAMP61 & HWY417 IC145 RAMP56 (__3ZA2Q2),__3ZA2Q2,01 - Non intersection,03 - P.D. only,07 - SMV other,01 - Clear,07 - Dark,01 - Dry,10 - No control,,1,0,0,0,,0,,,,,345992.6949,5014815.261,45.2720878,-75.97501764,4386
15--14143,2015/12/04,9:42 AM,BANK ST @ RIVERSIDE DR N (0010778),10778,02 - Intersection related,03 - P.D. only,03 - Rear end,01 - Clear,01 - Daylight,02 - Wet,01 - Traffic signal,01 - Functioning,2,0,0,0,,0,,,,,369224.9939,5027982.824,45.38882198,-75.67724384,4387