Anom_ID,Accident_Date,Accident_Time,Location,Geo_ID,Accident_Location,Classification_of_Accident,Initial_Impact_Type,Environment_Condition,Light,Road_Surface_Condition,Traffic_Control,Traffic_Control_Condition,No__of_Vehicles,No__of_Bicycles,No__of_Motorcycles,No__of_Pedestrians,Max_Injury,No__of_Injuries,No__of_Minimal,No__of_Minor,No__of_Major,No__of_Fatal,X,Y,Latitude,Longitude,ObjectId
15--14322,2015/12/10,4:00 PM,DUNLIN RIDGE btwn BRAMBLING WAY & RIVER MIST RD (__8OJCQY),__8OJCQY,01 - Non intersection,03 - P.D. only,06 - SMV unattended vehicle,02 - Rain,05 - Dusk,02 - Wet,10 - No control,,1,0,0,0,,0,,,,,364630.995,5012389.066,45.24891809,-75.73779089,4388
15--13781,2015/11/26,10:35 PM,PARKDALE AVE @ SCOTT ST (0002213),2213,02 - Intersection related,03 - P.D. only,04 - Sideswipe,01 - Clear,07 - Dark,02 - Wet,01 - Traffic signal,01 - Functioning,2,0,0,0,,0,,,,,364949.1834,5029726.3,45.40488968,-75.73163149,4389
15--14409,2015/12/12,10:30 AM,ABERDEEN ST btwn PRESTON ST & END (__3ZA1WR),__3ZA1WR,01 - Non intersection,03 - P.D. only,06 - SMV unattended vehicle,01 - Clear,01 - Daylight,01 - Dry,10 - No control,,1,0,0,0,,0,,,,,366562.814,5029302.182,45.40093306,-75.71107342,4390
15--14144,2015/12/04,9:45 AM,OR174 IC109 RAMP65 @ MONTREAL RD (0004119),4119,02 - Intersection related,03 - P.D. only,03 - Rear end,01 - Clear,01 - Daylight,02 - Wet,01 - Traffic signal,01 - Functioning,2,0,0,0,,0,,,,,376402.9868,5034981.373,45.45109377,-75.5845695,4391
15--14323,2015/12/10,4:18 PM,CYRVILLE RD @ INNES RD (0009352),9352,02 - Intersection related,03 - P.D. only,04 - Sideswipe,01 - Clear,05 - Dusk,01 - Dry,01 - Traffic signal,01 - Functioning,2,0,0,0,,0,,,,,375047.7247,5031120.286,45.41649144,-75.60244501,4392
15--13873,2015/11/27,6:51 AM,INNES RD @ 215 W OF CYRVILLE RD/HOME DEPOT W (0012457),12457,03 - At intersection,03 - P.D. only,02 - Angle,01 - Clear,03 - Dawn,01 - Dry,01 - Traffic signal,01 - Functioning,2,0,0,0,,0,,,,,374865.3296,5031000.784,45.41543451,-75.60479217,4393
15--14051,2015/12/02,7:07 PM,OLD PRESCOTT RD btwn ALDERGROVE WAY & MCKEOWN DR (__3ZA7H8),__3ZA7H8,01 - Non intersection,03 - P.D. only,07 - SMV other,01 - Clear,07 - Dark,02 - Wet,10 - No control,,1,0,0,0,,0,,,,,377747.7578,5014001.957,45.262193,-75.57047496,4394
15--14145,2015/12/05,1:59 PM,CRANTHAM CRES btwn DELAMERE DR & DELAMERE DR (__3ZAZXJ),__3ZAZXJ,04 - At/near private drive,03 - P.D. only,06 - SMV unattended vehicle,01 - Clear,01 - Daylight,01 - Dry,10 - No control,,1,0,0,0,,0,,,,,348763.9927,5014022.678,45.26478804,-75.93977051,4395
15--14146,2015/12/05,10:22 PM,JOHNSTON RD btwn MACOUN CIRC & KIWANIS CRT (__3ZBN66),__3ZBN66,01 - Non intersection,02 - Non-fatal injury,01 - Approaching,01 - Clear,07 - Dark,01 - Dry,10 - No control,,2,0,0,0,01 - Minimal,1,1,,,,372236.739,5025663.896,45.36767366,-75.63910253,4396
15--14147,2015/12/05,10:29 PM,BRONSON AVE @ FIFTH AVE/MADAWASKA DR (0006977),6977,03 - At intersection,02 - Non-fatal injury,03 - Rear end,01 - Clear,07 - Dark,01 - Dry,01 - Traffic signal,01 - Functioning,2,0,0,0,02 - Minor,1,,1,,,367615.1567,5028938.554,45.39756761,-75.69767895,4397
15--14148,2015/12/05,10:53 PM,ST. LAURENT BLVD @ COVENTRY RD/OGILVIE RD (0002151),2151,02 - Intersection related,03 - P.D. only,03 - Rear end,01 - Clear,07 - Dark,01 - Dry,01 - Traffic signal,01 - Functioning,2,0,0,0,,0,,,,,372304.2755,5031953.019,45.42425404,-75.63737988,4398
15--14149,2015/12/05,11:12 PM,BASELINE RD @ CLYDE AVE (0002343),2343,02 - Intersection related,03 - P.D. only,03 - Rear end,01 - Clear,07 - Dark,01 - Dry,01 - Traffic signal,01 - Functioning,2,0,0,0,,0,,,,,364358.7033,5024890.513,45.3614286,-75.73975727,4399
15--1415,2015/01/22,7:08 AM,STRANDHERD DR btwn GREENBANK RD & Continuation of STRANDHERD DR (__5U4IBT),__5U4IBT,04 - At/near private drive,03 - P.D. only,02 - Angle,01 - Clear,03 - Dawn,01 - Dry,10 - No control,,2,0,0,0,,0,,,,,363988.4103,5014819.953,45.27084563,-75.74568672,4400
15--14150,2015/12/05,11:49 AM,EARL ARMSTRONG RD @ RIVER RD (0012470),12470,02 - Intersection related,03 - P.D. only,03 - Rear end,01 - Clear,01 - Daylight,01 - Dry,01 - Traffic signal,01 - Functioning,2,0,0,0,,0,,,,,367571.2745,5014682.953,45.26930224,-75.70004738,4401
15--14151,2015/12/05,Unknown,SUNNYBROOKE DR btwn BRIDGESTONE DR & GRASSY PLAINS DR (__3ZBPJD),__3ZBPJD,01 - Non intersection,03 - P.D. only,06 - SMV unattended vehicle,01 - Clear,00 - Unknown,01 - Dry,10 - No control,,1,0,0,0,,0,,,,,355190.6926,5015546.77,45.27807113,-75.85772578,4402
15--14152,2015/12/05,12:01 PM,BANK ST btwn BOYD RD & KENNEDY RD (__3ZA27D),__3ZA27D,01 - Non intersection,03 - P.D. only,07 - SMV other,01 - Clear,01 - Daylight,01 - Dry,10 - No control,,1,0,0,0,,0,,,,,387353.8695,5001826.349,45.15158269,-75.45010745,4403
15--14153,2015/12/05,12:21 PM,CRAIG HENRY DR btwn ALDRIDGE WAY & JACK AARON DR (__3ZAAYZ),__3ZAAYZ,01 - Non intersection,03 - P.D. only,06 - SMV unattended vehicle,01 - Clear,01 - Daylight,01 - Dry,10 - No control,,1,0,0,0,,0,,,,,362027.9925,5021808.143,45.33388774,-75.76986204,4404
15--14154,2015/12/05,12:58 PM,BESSERER ST @ NICHOLAS ST (0007614),7614,02 - Intersection related,03 - P.D. only,04 - Sideswipe,01 - Clear,01 - Daylight,01 - Dry,01 - Traffic signal,01 - Functioning,2,0,0,0,,0,,,,,368186.4309,5032110.858,45.42605948,-75.689975,4405
15--14155,2015/12/05,2:22 PM,INNES RD @ TENTH LINE RD (0004633),4633,02 - Intersection related,03 - P.D. only,03 - Rear end,01 - Clear,01 - Daylight,01 - Dry,01 - Traffic signal,01 - Functioning,2,0,0,0,,0,,,,,383949.5942,5036160.283,45.46088663,-75.48791225,4406
15--14156,2015/12/05,3:30 PM,COBDEN RD btwn ELMIRA DR & IRIS ST (__3ZBN58),__3ZBN58,04 - At/near private drive,03 - P.D. only,06 - SMV unattended vehicle,01 - Clear,01 - Daylight,01 - Dry,10 - No control,,1,0,0,0,,0,,,,,361363.1785,5023880.218,45.35258611,-75.7781064,4407
15--14157,2015/12/05,3:38 PM,BELMEADE RD btwn 6TH LINE RD & BANK ST (__3ZA6WR),__3ZA6WR,01 - Non intersection,02 - Non-fatal injury,07 - SMV other,01 - Clear,01 - Daylight,01 - Dry,10 - No control,,1,0,0,0,03 - Major,1,,,1,,386267.4495,5000223.681,45.13728882,-75.46418309,4408
15--14158,2015/12/05,4:00 PM,RICHARDSON SIDE RD btwn MARCH RD & BREWER HUNT WAY (__3ZACUC),__3ZACUC,01 - Non intersection,03 - P.D. only,05 - Turning movement,01 - Clear,05 - Dusk,01 - Dry,10 - No control,,2,0,0,0,,0,,,,,351426.034,5021817.81,45.3347593,-75.90511706,4409
15--13694,2015/11/24,11:57 AM,ISABELLA ST btwn METCALFE ST & ELGIN ST (__3ZA258),__3ZA258,01 - Non intersection,03 - P.D. only,03 - Rear end,01 - Clear,01 - Daylight,02 - Wet,10 - No control,,2,0,0,0,,0,,,,,368469.6451,5030408.951,45.41072059,-75.68657605,4410
15--14159,2015/12/05,4:13 PM,ELGIN ST @ QUEEN ST (0007144),7144,03 - At intersection,03 - P.D. only,05 - Turning movement,01 - Clear,05 - Dusk,01 - Dry,01 - Traffic signal,01 - Functioning,2,0,0,0,,0,,,,,367804.7025,5031779.578,45.42311322,-75.69489506,4411
15--1416,2015/01/22,7:10 PM,JEANNE D'ARC BLVD @ ORLEANS BLVD N (0003792),3792,02 - Intersection related,03 - P.D. only,03 - Rear end,01 - Clear,07 - Dark,01 - Dry,01 - Traffic signal,01 - Functioning,2,0,0,0,,0,,,,,380027.7639,5038105.117,45.47881802,-75.53775577,4412
15--14160,2015/12/05,5:00 PM,ANDERSON RD btwn RIDGE RD & RUSSELL RD (__3ZA2B4),__3ZA2B4,01 - Non intersection,03 - P.D. only,07 - SMV other,01 - Clear,07 - Dark,01 - Dry,10 - No control,,1,0,0,0,,0,,,,,379065.8585,5028419.002,45.39177211,-75.55151904,4413
15--14161,2015/12/05,5:43 PM,TERRY FOX DR btwn 329 N OF CAMPEAU DR/SIGNATURE CENTRE & CAMPEAU DR (__49GU9G),__49GU9G,04 - At/near private drive,02 - Non-fatal injury,02 - Angle,01 - Clear,07 - Dark,01 - Dry,10 - No control,,2,0,0,0,02 - Minor,2,1,1,,,350280.0459,5019037.235,45.30981419,-75.91999286,4414
15--14162,2015/12/05,5:52 PM,CROYDON AVE @ RICHMOND RD (0002652),2652,02 - Intersection related,03 - P.D. only,03 - Rear end,01 - Clear,07 - Dark,01 - Dry,01 - Traffic signal,01 - Functioning,2,0,0,0,,0,,,,,360544.9648,5025273.242,45.36518601,-75.78839102,4415
15--14163,2015/12/05,6:10 AM,HWY417 IC138 RAMP61 btwn HWY417 IC138 RAMP62 & HIGHWAY 417 (__3ZAYB2),__3ZAYB2,01 - Non intersection,03 - P.D. only,07 - SMV other,01 - Clear,07 - Dark,01 - Dry,10 - No control,,1,0,0,0,,0,,,,,353513.105,5020599.932,45.32365883,-75.87861034,4416
15--14164,2015/12/05,6:18 PM,DONALD ST @ ST. LAURENT BLVD (0008630),8630,03 - At intersection,03 - P.D. only,05 - Turning movement,01 - Clear,07 - Dark,01 - Dry,01 - Traffic signal,01 - Functioning,3,0,0,0,,0,,,,,372093.7129,5032473.307,45.42895564,-75.63999921,4417
15--14165,2015/12/05,6:40 PM,CASTLEFRANK RD @ MCCURDY DR S/TAMBLYN CRES (0002621),2621,03 - At intersection,02 - Non-fatal injury,05 - Turning movement,01 - Clear,07 - Dark,01 - Dry,01 - Traffic signal,01 - Functioning,2,0,0,0,02 - Minor,2,,2,,,352354.491,5018044.421,45.30074321,-75.89363417,4418
15--14166,2015/12/05,7:45 PM,HIGHWAY 416 btwn HWY416 IC42 RAMP42 & HWY416 IC42 RAMP24 (__3ZAZJ5),__3ZAZJ5,01 - Non intersection,03 - P.D. only,07 - SMV other,01 - Clear,07 - Dark,01 - Dry,10 - No control,,1,0,0,0,,0,,,,,371549.8531,4995023.102,45.09203752,-75.65198035,4419
15--14167,2015/12/05,8:06 PM,KIDGROVE GDN btwn BENLEA DR & LANSFIELD WAY (__3ZBO7R),__3ZBO7R,01 - Non intersection,03 - P.D. only,06 - SMV unattended vehicle,01 - Clear,07 - Dark,02 - Wet,10 - No control,,1,0,0,0,,0,,,,,363883.6175,5021687.367,45.33264722,-75.74620367,4420
15--14168,2015/12/05,8:45 AM,BANK ST @ SPRINGHILL RD (0001636),1636,03 - At intersection,03 - P.D. only,03 - Rear end,01 - Clear,01 - Daylight,01 - Dry,02 - Stop sign,00 - Unknown,2,0,0,0,,0,,,,,385126.5068,5006292.099,45.19202024,-75.47771108,4421
15--14169,2015/12/05,9:11 PM,REGIONAL ROAD 174 btwn OR174 IC112 RAMP51 & OR174 IC112 RAMP15 (__3ZA2XE),__3ZA2XE,01 - Non intersection,03 - P.D. only,07 - SMV other,01 - Clear,07 - Dark,01 - Dry,10 - No control,,1,0,0,0,,0,,,,,374950.8339,5032935.809,45.43283624,-75.60342427,4422
15--1417,2015/01/22,7:16 AM,BANK ST @ JOHNSTON RD (0006967),6967,02 - Intersection related,02 - Non-fatal injury,03 - Rear end,01 - Clear,03 - Dawn,01 - Dry,01 - Traffic signal,01 - Functioning,2,0,0,0,02 - Minor,1,,1,,,370851.7305,5024840.01,45.3603925,-75.65689173,4423
15--14170,2015/12/05,9:45 PM,PALLADIUM DR btwn HUNTMAR DR & FRANK FINNIGAN WAY (__3ZA56Z),__3ZA56Z,04 - At/near private drive,03 - P.D. only,02 - Angle,01 - Clear,07 - Dark,01 - Dry,10 - No control,,2,0,0,0,,0,,,,,349762.6994,5017441.659,45.29549004,-75.92673497,4424
15--14171,2015/12/05,9:52 AM,ACACIA AVE @ BEECHWOOD AVE (0005753),5753,02 - Intersection related,03 - P.D. only,99 - Other,01 - Clear,01 - Daylight,01 - Dry,02 - Stop sign,01 - Functioning,2,0,0,0,,0,,,,,369634.7076,5033942.597,45.44240799,-75.67122796,4425
15--14172,2015/12/06,1:38 AM,MACKENZIE AVE btwn 205 N OF RIDEAU ST & RIDEAU ST (__3ZA8H8A),__3ZA8H8A,01 - Non intersection,03 - P.D. only,07 - SMV other,01 - Clear,07 - Dark,01 - Dry,10 - No control,,1,0,0,0,,0,,,,,367815.5476,5032093.335,45.42593533,-75.69471635,4426
15--14173,2015/12/06,10:22 PM,HUNTMAR DR btwn MARCH RD & MARGARET ANNE DR (__3ZAC4M),__3ZAC4M,01 - Non intersection,03 - P.D. only,07 - SMV other,01 - Clear,07 - Dark,01 - Dry,10 - No control,,1,0,0,0,,0,,,,,344214.4757,5023472.762,45.35009326,-75.99699071,4427
15--14174,2015/12/06,10:30 AM,GREENBANK RD @ STRANDHERD DR (0005563),5563,03 - At intersection,02 - Non-fatal injury,05 - Turning movement,01 - Clear,01 - Daylight,01 - Dry,01 - Traffic signal,01 - Functioning,2,0,0,0,01 - Minimal,2,2,,,,363932.9619,5014784.417,45.27053054,-75.74639754,4428
15--14175,2015/12/06,10:57 AM,MOODIE DR @ RICHMOND RD N (0001487),1487,03 - At intersection,03 - P.D. only,05 - Turning movement,01 - Clear,01 - Daylight,01 - Dry,02 - Stop sign,00 - Unknown,2,0,0,0,,0,,,,,357392.9275,5019689.471,45.31518644,-75.82921886,4429
15--14176,2015/12/06,11:21 AM,MORIN ST btwn ST. LAURENT BLVD & COTE ST (__3ZA8UY),__3ZA8UY,01 - Non intersection,03 - P.D. only,06 - SMV unattended vehicle,01 - Clear,01 - Daylight,01 - Dry,10 - No control,,1,0,0,0,,0,,,,,371587.6599,5033484.994,45.43810684,-75.64632851,4430
15--14177,2015/12/06,12:17 PM,ANDERSON RD @ DOLMAN RIDGE RD (0004147),4147,02 - Intersection related,03 - P.D. only,03 - Rear end,01 - Clear,01 - Daylight,01 - Dry,02 - Stop sign,00 - Unknown,2,0,0,0,,0,,,,,378311.0275,5030274.543,45.40854676,-75.56088144,4431
15--14178,2015/12/06,12:31 PM,COLONEL BY DR/SUSSEX DR @ RIDEAU ST (0007647),7647,02 - Intersection related,03 - P.D. only,05 - Turning movement,01 - Clear,01 - Daylight,01 - Dry,01 - Traffic signal,01 - Functioning,2,0,0,0,,0,,,,,367922.6413,5032044.4,45.42548537,-75.69335419,4432
15--14179,2015/12/06,12:36 AM,MONTREAL RD @ 46 E OF HILLSIDE DR/MONTREAL SQU (0008215),8215,02 - Intersection related,03 - P.D. only,07 - SMV other,01 - Clear,07 - Dark,01 - Dry,01 - Traffic signal,01 - Functioning,1,0,0,0,,0,,,,,371750.682,5033916.69,45.44197545,-75.6441863,4433
15--1418,2015/01/22,7:35 AM,STEEPLE CHASE DR btwn MATTAWA CRES & BON ECHO CRES (__3ZAZPL),__3ZAZPL,04 - At/near private drive,03 - P.D. only,02 - Angle,01 - Clear,03 - Dawn,01 - Dry,10 - No control,,2,0,0,0,,0,,,,,355451.2666,5018053.892,45.30061198,-75.85414875,4434
15--14180,2015/12/06,12:45 PM,BANK ST @ DAVIDSON RD/LESTER RD (0008797),8797,02 - Intersection related,03 - P.D. only,03 - Rear end,01 - Clear,01 - Daylight,01 - Dry,01 - Traffic signal,01 - Functioning,2,0,0,0,,0,,,,,373672.7381,5022924.235,45.34288364,-75.62115438,4435
15--14181,2015/12/06,2:40 PM,PORTOBELLO BLVD btwn NESTING WAY & INNES RD (__3ZA19I),__3ZA19I,01 - Non intersection,03 - P.D. only,07 - SMV other,01 - Clear,01 - Daylight,01 - Dry,10 - No control,,1,0,0,0,,0,,,,,385556.6437,5037071.969,45.46890518,-75.46721642,4436
15--14182,2015/12/06,3:13 PM,MERIVALE RD @ SLACK RD (0000110),110,02 - Intersection related,03 - P.D. only,03 - Rear end,01 - Clear,01 - Daylight,01 - Dry,01 - Traffic signal,01 - Functioning,2,0,0,0,,0,,,,,366018.9783,5020955.493,45.32587888,-75.71905347,4437
15--14183,2015/12/06,3:25 PM,ANDERSON RD btwn DOLMAN RIDGE RD & RIDGE RD (__3ZA2B6),__3ZA2B6,04 - At/near private drive,02 - Non-fatal injury,05 - Turning movement,01 - Clear,01 - Daylight,01 - Dry,10 - No control,,2,0,0,0,02 - Minor,2,1,1,,,378387.8827,5030088.101,45.40686119,-75.55992756,4438
15--14184,2015/12/06,4:32 PM,VANIER PKWY SB btwn HWY417 IC117 RAMP36 & TO BE DETERMINED (__3ZA4TI),__3ZA4TI,01 - Non intersection,03 - P.D. only,04 - Sideswipe,01 - Clear,05 - Dusk,01 - Dry,10 - No control,,2,0,0,0,,0,,,,,370770.9697,5031455.746,45.41992607,-75.65703804,4439
15--14185,2015/12/06,5:05 PM,EARL ARMSTRONG RD @ LIMEBANK RD (0004456),4456,03 - At intersection,03 - P.D. only,02 - Angle,01 - Clear,07 - Dark,01 - Dry,01 - Traffic signal,01 - Functioning,2,0,0,0,,0,,,,,370155.7209,5015959.729,45.28055504,-75.66694672,4440
15--14186,2015/12/06,5:30 PM,DALHOUSIE ST @ ST. PATRICK ST (0008242),8242,02 - Intersection related,03 - P.D. only,04 - Sideswipe,01 - Clear,07 - Dark,01 - Dry,01 - Traffic signal,01 - Functioning,2,0,0,0,,0,,,,,367957.7006,5032640.581,45.43084644,-75.69282976,4441
15--14187,2015/12/06,6:00 AM,NUTGROVE AVE btwn BLUE ASTER ST E & BLUE ASTER ST W (__7JQ6BC),__7JQ6BC,04 - At/near private drive,03 - P.D. only,06 - SMV unattended vehicle,01 - Clear,07 - Dark,01 - Dry,10 - No control,,1,0,0,0,,0,,,,,364048.958,5012350.389,45.24861931,-75.74520964,4442
15--14188,2015/12/06,6:10 PM,HAZELDEAN RD btwn GO/KA BOUNDARY & HUNTMAR DR/IBER RD (__3ZA3DJ),__3ZA3DJ,01 - Non intersection,03 - P.D. only,07 - SMV other,01 - Clear,07 - Dark,01 - Dry,10 - No control,,1,0,0,0,,0,,,,,351144.3306,5016266.461,45.2848255,-75.90923018,4443
15--14189,2015/12/06,6:10 PM,BRONSON AVE @ COMMISSIONER ST/SLATER ST (0001679),1679,02 - Intersection related,02 - Non-fatal injury,03 - Rear end,01 - Clear,07 - Dark,01 - Dry,01 - Traffic signal,01 - Functioning,2,0,0,0,01 - Minimal,1,1,,,,366769.2996,5030949.432,45.4157363,-75.70822907,4444
15--1419,2015/01/22,7:45 AM,CARLING AVE @ BAYSHORE DR/BIRCHDALE AVE (0000021),21,02 - Intersection related,03 - P.D. only,03 - Rear end,01 - Clear,03 - Dawn,01 - Dry,01 - Traffic signal,01 - Functioning,2,0,0,0,,0,,,,,359004.997,5023991.603,45.3537746,-75.80818848,4445
15--14190,2015/12/06,6:19 PM,BELCOURT BLVD @ NOTRE DAME ST (0004356),4356,03 - At intersection,03 - P.D. only,02 - Angle,01 - Clear,07 - Dark,01 - Dry,02 - Stop sign,01 - Functioning,2,0,0,0,,0,,,,,381315.024,5037215.583,45.47067485,-75.52143126,4446
15--14191,2015/12/06,8:25 PM,DESCHAMPS AVE @ VANIER PKWY (0009243),9243,03 - At intersection,03 - P.D. only,02 - Angle,01 - Clear,07 - Dark,01 - Dry,01 - Traffic signal,01 - Functioning,2,0,0,0,,0,,,,,369851.5321,5033266.87,45.43630794,-75.66854592,4447
15--14192,2015/12/06,9:04 PM,INNES RD btwn PRESTWICK DR & TENTH LINE RD (__3ZA3Y7),__3ZA3Y7,01 - Non intersection,03 - P.D. only,04 - Sideswipe,01 - Clear,07 - Dark,01 - Dry,10 - No control,,2,0,0,0,,0,,,,,383930.8217,5036153.785,45.46083029,-75.4881533,4448
15--14193,2015/12/06,9:25 PM,COOPER ST @ PERCY ST (0005101),5101,03 - At intersection,02 - Non-fatal injury,02 - Angle,01 - Clear,07 - Dark,01 - Dry,02 - Stop sign,01 - Functioning,2,1,0,0,03 - Major,1,,,1,,367068.259,5030641.568,45.4129397,-75.70444858,4449
15--14194,2015/12/07,10:15 AM,CALDWELL AVE btwn MORISSET AVE & MEDFORD ST (__3ZAA5Y),__3ZAA5Y,04 - At/near private drive,03 - P.D. only,02 - Angle,01 - Clear,01 - Daylight,01 - Dry,10 - No control,,2,0,0,0,,0,,,,,364418.63,5026139.44,45.37266116,-75.73884169,4450
15--14195,2015/12/07,10:19 PM,YORK ST btwn DALHOUSIE ST & SPLIT (__3ZA82N),__3ZA82N,01 - Non intersection,03 - P.D. only,02 - Angle,01 - Clear,07 - Dark,01 - Dry,10 - No control,,2,0,0,0,,0,,,,,368113.0651,5032432.294,45.4289583,-75.69087114,4451
15--14196,2015/12/07,11:40 AM,ROCKY HILL DR @ PRINCE OF WALES DR (0010328),10328,03 - At intersection,02 - Non-fatal injury,02 - Angle,01 - Clear,01 - Daylight,01 - Dry,01 - Traffic signal,01 - Functioning,2,0,0,0,03 - Major,3,,2,1,,366969.6869,5014403.191,45.26683839,-75.70774825,4452
15--14197,2015/12/07,11:40 AM,ST. LAURENT BLVD btwn BELFAST RD & INDUSTRIAL AVE (__3ZA3R8),__3ZA3R8,01 - Non intersection,02 - Non-fatal injury,07 - SMV other,01 - Clear,01 - Daylight,01 - Dry,10 - No control,,1,0,0,1,02 - Minor,1,,1,,,372865.7783,5030567.732,45.41173548,-75.63039676,4453
15--14198,2015/12/07,11:55 AM,JEANNE MANCE ST btwn CODY AVE & OLMSTEAD ST (__3ZA7C7),__3ZA7C7,01 - Non intersection,03 - P.D. only,06 - SMV unattended vehicle,01 - Clear,01 - Daylight,01 - Dry,10 - No control,,1,0,0,0,,0,,,,,370459.492,5032941.147,45.4333204,-75.66081958,4454
15--14199,2015/12/07,11:57 AM,BROMLEY RD @ SHERBOURNE RD (0011219),11219,03 - At intersection,03 - P.D. only,02 - Angle,01 - Clear,01 - Daylight,01 - Dry,02 - Stop sign,01 - Functioning,2,0,0,0,,0,,,,,362923.3676,5026580.848,45.37675851,-75.75787831,4455
15--142,2015/01/04,2:00 PM,HIGHWAY 416 btwn HWY416 IC66 RAMP52 & HWY416 IC66 RAMP24 (__3ZAZMW),__3ZAZMW,01 - Non intersection,03 - P.D. only,07 - SMV other,03 - Snow,01 - Daylight,03 - Loose snow,10 - No control,,1,0,0,0,,0,,,,,360140.7022,5014673.178,45.26983825,-75.79473546,4456
15--1420,2015/01/22,7:56 AM,INNES RD @ TENTH LINE RD (0004633),4633,02 - Intersection related,03 - P.D. only,03 - Rear end,01 - Clear,01 - Daylight,01 - Dry,01 - Traffic signal,01 - Functioning,2,0,0,0,,0,,,,,383950.7964,5036158.115,45.46086699,-75.48789723,4457
15--14200,2015/12/07,12:04 PM,BANK ST @ HERON RD (0002155),2155,03 - At intersection,02 - Non-fatal injury,05 - Turning movement,01 - Clear,01 - Daylight,01 - Dry,01 - Traffic signal,01 - Functioning,2,0,0,0,02 - Minor,1,,1,,,369997.164,5026851.542,45.37857163,-75.66753309,4458
15--14201,2015/12/07,12:10 PM,OGILVIE RD btwn CUMMINGS AVE & BEAULIEU PL (__54PO0D),__54PO0D,04 - At/near private drive,03 - P.D. only,05 - Turning movement,01 - Clear,01 - Daylight,01 - Dry,10 - No control,,2,0,0,0,,0,,,,,372758.1065,5032177.084,45.42622613,-75.63155024,4459
15--14202,2015/12/07,2:17 PM,HAWTHORNE RD btwn AGES DR & STEVENAGE DR (__3ZA2E9),__3ZA2E9,01 - Non intersection,03 - P.D. only,04 - Sideswipe,01 - Clear,01 - Daylight,01 - Dry,10 - No control,,2,0,0,0,,0,,,,,375004.2322,5027643.89,45.38521698,-75.60349549,4460
15--14203,2015/12/07,3:09 PM,BANK ST @ RANDALL AVE (0007207),7207,02 - Intersection related,02 - Non-fatal injury,04 - Sideswipe,01 - Clear,01 - Daylight,01 - Dry,01 - Traffic signal,00 - Unknown,2,0,0,0,02 - Minor,1,,1,,,369739.7252,5027283.988,45.38248655,-75.67076296,4461
15--14204,2015/12/07,3:19 PM,CLARENCE ST btwn WILLIAM ST & DALHOUSIE ST (__3ZA82W),__3ZA82W,04 - At/near private drive,03 - P.D. only,03 - Rear end,01 - Clear,01 - Daylight,01 - Dry,10 - No control,,2,0,0,0,,0,,,,,367989.5699,5032470.444,45.42931272,-75.69244433,4462
15--14205,2015/12/07,3:37 PM,STITTSVILLE MAIN ST/HUNTLEY RD @ FLEWELLYN RD (0004602),4602,02 - Intersection related,03 - P.D. only,02 - Angle,01 - Clear,01 - Daylight,01 - Dry,02 - Stop sign,01 - Functioning,2,0,0,0,,0,,,,,351418.6931,5010740.893,45.23508647,-75.90625142,4463
15--14206,2015/12/07,3:42 PM,MACKENZIE KING BR btwn N.D.H.Q./RIDEAU CENTRE SC & MACKENZIE KING BR/N (__3ZAZP7B),__3ZAZP7B,01 - Non intersection,02 - Non-fatal injury,07 - SMV other,01 - Clear,01 - Daylight,01 - Dry,10 - No control,,1,0,0,1,02 - Minor,1,,1,,,368220.8046,5031902.274,45.4241796,-75.68956264,4464
15--14207,2015/12/07,3:59 PM,MACKENZIE AVE @ MURRAY ST (0011914),11914,02 - Intersection related,03 - P.D. only,03 - Rear end,01 - Clear,01 - Daylight,01 - Dry,01 - Traffic signal,01 - Functioning,2,0,0,0,,0,,,,,367640.4251,5032383.586,45.42856266,-75.69691701,4465
15--14208,2015/12/07,4:20 PM,HAZELDEAN RD @ HUNTMAR DR/IBER RD (0000075),75,02 - Intersection related,03 - P.D. only,03 - Rear end,01 - Clear,05 - Dusk,01 - Dry,01 - Traffic signal,01 - Functioning,2,0,0,0,,0,,,,,350942.5979,5016077.988,45.28314283,-75.91181914,4466
15--14209,2015/12/07,4:30 PM,WEST HUNT CLUB RD WB btwn CEDARVIEW RD & GREENBANK RD (__3ZA199),__3ZA199,01 - Non intersection,03 - P.D. only,03 - Rear end,01 - Clear,05 - Dusk,01 - Dry,10 - No control,,3,0,0,0,,0,,,,,359979.3272,5019711.156,45.31518308,-75.79623141,4467
15--1421,2015/01/22,8:00 AM,RIVERSIDE DR @ BROOKFIELD RD/HOG'S BACK RD (0001627),1627,02 - Intersection related,03 - P.D. only,03 - Rear end,01 - Clear,01 - Daylight,06 - Ice,01 - Traffic signal,01 - Functioning,3,0,0,0,,0,,,,,368168.6749,5026223.003,45.37308397,-75.69095835,4468
15--14210,2015/12/07,4:57 PM,SOUTHPARK DR btwn WOODBURN DR & INNES RD (__3ZA7L5),__3ZA7L5,04 - At/near private drive,03 - P.D. only,02 - Angle,01 - Clear,05 - Dusk,01 - Dry,10 - No control,,2,0,0,0,,0,,,,,377833.9632,5032770.447,45.43105326,-75.56660525,4469
15--14211,2015/12/07,5:05 PM,INNES RD EB btwn ORLEANS BLVD & INNES RD (__3ZA3KL),__3ZA3KL,01 - Non intersection,03 - P.D. only,04 - Sideswipe,01 - Clear,07 - Dark,01 - Dry,10 - No control,,2,0,0,0,,0,,,,,380554.6579,5034336.836,45.44485704,-75.53159785,4470
15--14212,2015/12/07,5:09 PM,MUNSTER RD btwn BILTMORE CRES & MANSFIELD RD (__3ZA3EZ),__3ZA3EZ,01 - Non intersection,03 - P.D. only,07 - SMV other,01 - Clear,07 - Dark,01 - Dry,10 - No control,,1,0,0,0,,0,,,,,347931.4261,5004025.723,45.17488235,-75.95124537,4471