Anom_ID,Accident_Date,Accident_Time,Location,Geo_ID,Accident_Location,Classification_of_Accident,Initial_Impact_Type,Environment_Condition,Light,Road_Surface_Condition,Traffic_Control,Traffic_Control_Condition,No__of_Vehicles,No__of_Bicycles,No__of_Motorcycles,No__of_Pedestrians,Max_Injury,No__of_Injuries,No__of_Minimal,No__of_Minor,No__of_Major,No__of_Fatal,X,Y,Latitude,Longitude,ObjectId
15--14213,2015/12/07,5:10 PM,TERRY FOX DR btwn PALLADIUM DR & MAPLE GROVE RD (__3ZA3DN),__3ZA3DN,01 - Non intersection,03 - P.D. only,03 - Rear end,01 - Clear,07 - Dark,01 - Dry,10 - No control,,2,0,0,0,,0,,,,,351346.3884,5018097.678,45.30128995,-75.90648275,4472
15--14214,2015/12/07,5:44 PM,TERRY FOX DR btwn PALLADIUM DR & MAPLE GROVE RD (__3ZA3DN),__3ZA3DN,01 - Non intersection,02 - Non-fatal injury,03 - Rear end,01 - Clear,07 - Dark,01 - Dry,10 - No control,,4,0,0,0,02 - Minor,1,,1,,,351544.2223,5017876.739,45.29928874,-75.90398112,4473
15--14215,2015/12/07,5:50 PM,FOXLEIGH CRES btwn EQUESTRIAN DR & BLUEGRASS DR (__3ZABGB),__3ZABGB,01 - Non intersection,03 - P.D. only,06 - SMV unattended vehicle,01 - Clear,07 - Dark,01 - Dry,10 - No control,,1,0,0,0,,0,,,,,354660.3225,5016268.796,45.28460589,-75.86441285,4474
15--14216,2015/12/07,5:55 PM,ROGER STEVENS DR btwn DWYER HILL RD & MALAKOFF RD (__3ZA4ZQ),__3ZA4ZQ,01 - Non intersection,03 - P.D. only,07 - SMV other,01 - Clear,07 - Dark,01 - Dry,10 - No control,,1,0,0,0,,0,,,,,354428.259,4989435.704,45.04316689,-75.87003771,4475
15--14217,2015/12/07,6:05 PM,HAWTHORNE AVE/ISABELLA ST @ QUEEN ELIZABETH DR (0002105),2105,03 - At intersection,03 - P.D. only,05 - Turning movement,01 - Clear,07 - Dark,01 - Dry,01 - Traffic signal,01 - Functioning,2,0,0,0,,0,,,,,368665.7611,5030476.753,45.41131278,-75.684062,4476
15--14218,2015/12/07,6:05 PM,HAWTHORNE AVE/ISABELLA ST @ QUEEN ELIZABETH DR (0002105),2105,03 - At intersection,03 - P.D. only,05 - Turning movement,01 - Clear,07 - Dark,01 - Dry,01 - Traffic signal,01 - Functioning,2,0,0,0,,0,,,,,368662.3633,5030483.69,45.4113755,-75.6841045,4477
15--14219,2015/12/07,6:11 PM,ELGIN ST @ LAURIER AVE (0002232),2232,03 - At intersection,03 - P.D. only,05 - Turning movement,01 - Clear,07 - Dark,01 - Dry,01 - Traffic signal,01 - Functioning,2,0,0,0,,0,,,,,367947.9879,5031550.298,45.42103732,-75.69309366,4478
15--1422,2015/01/22,8:00 AM,RIVERSIDE DR btwn RAMP & TURN LANE (2) (__5FDVDR),__5FDVDR,01 - Non intersection,03 - P.D. only,03 - Rear end,01 - Clear,01 - Daylight,06 - Ice,10 - No control,,2,0,0,0,,0,,,,,368462.5601,5027287.498,45.38263536,-75.68706939,4479
15--13782,2015/11/26,10:58 AM,KING EDWARD AVE @ ST. ANDREW ST (0011434),11434,02 - Intersection related,03 - P.D. only,03 - Rear end,01 - Clear,01 - Daylight,01 - Dry,01 - Traffic signal,01 - Functioning,2,0,0,0,,0,,,,,368159.256,5032969.305,45.43378595,-75.69021179,4480
15--13874,2015/11/27,7:00 AM,HIGHWAY 416 btwn HWY416 IC72 RAMP62 & HWY416 IC72 RAMP24 (__3ZAZEQ),__3ZAZEQ,01 - Non intersection,03 - P.D. only,04 - Sideswipe,01 - Clear,03 - Dawn,01 - Dry,10 - No control,,2,0,0,0,,0,,,,,359468.5358,5019644.859,45.31462649,-75.80275297,4481
15--13783,2015/11/26,11:02 AM,ELGIN ST @ LAURIER AVE (0002232),2232,02 - Intersection related,03 - P.D. only,03 - Rear end,01 - Clear,01 - Daylight,01 - Dry,01 - Traffic signal,01 - Functioning,2,0,0,0,,0,,,,,367947.2659,5031550.298,45.42103738,-75.69310288,4482
15--1441,2015/01/23,1:49 PM,LORETTA AVE   N btwn GLADSTONE AVE & END (__3ZA0G8),__3ZA0G8,01 - Non intersection,03 - P.D. only,06 - SMV unattended vehicle,01 - Clear,01 - Daylight,01 - Dry,10 - No control,,1,0,0,0,,0,,,,,366222.3413,5029508.491,45.40281933,-75.71539633,4483
15--14324,2015/12/10,4:30 PM,KENT ST @ SOMERSET ST (0008857),8857,03 - At intersection,02 - Non-fatal injury,07 - SMV other,01 - Clear,05 - Dusk,02 - Wet,01 - Traffic signal,01 - Functioning,1,0,0,1,02 - Minor,1,,1,,,367527.4232,5030814.843,45.41445776,-75.69856074,4484
15--13875,2015/11/27,7:02 AM,STRANDHERD DR btwn ANDORA AVE & JOCKVALE RD (__3ZAZMN),__3ZAZMN,01 - Non intersection,03 - P.D. only,03 - Rear end,01 - Clear,03 - Dawn,01 - Dry,10 - No control,,2,0,0,0,,0,,,,,363543.874,5014568.451,45.26861988,-75.75138127,4485
15--14052,2015/12/02,7:14 PM,CAMPEAU DR btwn COLCHESTER SQ/TERON RD & MARCH RD (__3ZAZVP),__3ZAZVP,01 - Non intersection,03 - P.D. only,07 - SMV other,01 - Clear,07 - Dark,02 - Wet,10 - No control,,1,0,0,0,,0,,,,,352778.087,5020473.579,45.3225725,-75.88799801,4486
15--14410,2015/12/12,10:45 AM,CLAYMOR AVE @ MEADOWLANDS DR (0003184),3184,02 - Intersection related,03 - P.D. only,03 - Rear end,01 - Clear,01 - Daylight,01 - Dry,01 - Traffic signal,01 - Functioning,2,0,0,0,,0,,,,,366919.9834,5025322.525,45.36509347,-75.70701234,4487
15--13784,2015/11/26,11:25 AM,HIGHWAY 416 btwn HWY416 IC42 RAMP43 & END (__3ZAZJE),__3ZAZJE,01 - Non intersection,03 - P.D. only,04 - Sideswipe,01 - Clear,01 - Daylight,01 - Dry,10 - No control,,2,0,0,0,,0,,,,,372451.1329,4994058.865,45.08327565,-75.64066148,4488
15--14325,2015/12/10,4:35 PM,HIGHWAY 417 btwn HWY417 IC119A RAMP75 & HWY417 IC118 RAMP57 (__3ZA2R2),__3ZA2R2,01 - Non intersection,03 - P.D. only,03 - Rear end,01 - Clear,05 - Dusk,01 - Dry,10 - No control,,2,0,0,0,,0,,,,,368715.0709,5030578.217,45.41222121,-75.68341893,4489
15--13695,2015/11/24,12:02 PM,SAUNDERSON DR @ SMYTH RD (0007729),7729,02 - Intersection related,03 - P.D. only,04 - Sideswipe,01 - Clear,01 - Daylight,01 - Dry,01 - Traffic signal,00 - Unknown,2,0,0,0,,0,,,,,372794.4533,5029324.273,45.40055433,-75.63147938,4490
15--13876,2015/11/27,7:13 AM,SHEFFIELD RD @ WALKLEY RD (0005156),5156,03 - At intersection,02 - Non-fatal injury,05 - Turning movement,01 - Clear,01 - Daylight,01 - Dry,01 - Traffic signal,01 - Functioning,2,0,0,0,02 - Minor,1,,1,,,375258.4571,5028783.817,45.39544794,-75.60008669,4491
15--13877,2015/11/27,7:20 PM,BRIAN COBURN BLVD @ TENTH LINE RD (0013966),13966,03 - At intersection,03 - P.D. only,04 - Sideswipe,02 - Rain,07 - Dark,02 - Wet,01 - Traffic signal,01 - Functioning,2,0,0,0,,0,,,,,384428.3389,5035022.308,45.45059377,-75.48197576,4492
15--13878,2015/11/27,7:35 PM,DONALD ST @ VANIER PKWY (0007644),7644,03 - At intersection,03 - P.D. only,05 - Turning movement,02 - Rain,07 - Dark,02 - Wet,01 - Traffic signal,01 - Functioning,2,0,0,0,,0,,,,,370312.3717,5032271.244,45.42730669,-75.66278882,4493
15--13879,2015/11/27,7:46 PM,ST. JOSEPH BLVD @ TENTH LINE RD (0009163),9163,02 - Intersection related,03 - P.D. only,03 - Rear end,02 - Rain,07 - Dark,02 - Wet,01 - Traffic signal,01 - Functioning,2,0,0,0,,0,,,,,382891.5258,5038667.175,45.48356048,-75.50104129,4494
15--1388,2015/01/22,12:56 PM,GLYNN AVE btwn SHARP ST & VERA ST (__3ZA4FR),__3ZA4FR,04 - At/near private drive,03 - P.D. only,06 - SMV unattended vehicle,01 - Clear,01 - Daylight,05 - Packed snow,10 - No control,,1,0,0,0,,0,,,,,370425.8621,5032112.234,45.42586534,-75.66135982,4495
15--13880,2015/11/27,7:51 AM,TRIM RD btwn DELSON DR & MCFADDEN RD (__3ZA5B0),__3ZA5B0,01 - Non intersection,03 - P.D. only,07 - SMV other,01 - Clear,01 - Daylight,01 - Dry,10 - No control,,1,0,0,0,,0,,,,,389210.1159,5030728.001,45.41139696,-75.4215889,4496
15--13881,2015/11/27,8:00 PM,ST. LAURENT BLVD @ COVENTRY RD/OGILVIE RD (0002151),2151,02 - Intersection related,03 - P.D. only,02 - Angle,02 - Rain,07 - Dark,02 - Wet,01 - Traffic signal,01 - Functioning,2,0,0,0,,0,,,,,372305.7195,5031951.575,45.42424091,-75.63736163,4497
15--13882,2015/11/27,8:02 AM,RIVERSIDE DR NB btwn INDUSTRIAL AVE & TREMBLAY RD (__3ZA4SE),__3ZA4SE,01 - Non intersection,03 - P.D. only,04 - Sideswipe,01 - Clear,01 - Daylight,01 - Dry,10 - No control,,2,0,0,0,,0,,,,,370786.9157,5030917.713,45.41508357,-75.65690636,4498
15--13883,2015/11/27,8:14 AM,MONTREAL RD @ SHEFFORD RD (0012423),12423,02 - Intersection related,03 - P.D. only,04 - Sideswipe,01 - Clear,01 - Daylight,01 - Dry,01 - Traffic signal,00 - Unknown,2,0,0,0,,0,,,,,376126.4525,5034852.131,45.44995921,-75.58812323,4499
15--13884,2015/11/27,8:19 PM,ST. JOSEPH BLVD @ JEANNE D'ARC BLVD (0012421),12421,03 - At intersection,03 - P.D. only,04 - Sideswipe,02 - Rain,07 - Dark,02 - Wet,11 - Roundabout,01 - Functioning,2,0,0,0,,0,,,,,379861.7564,5036471.327,45.46413632,-75.54012846,4500
15--13885,2015/11/27,8:30 AM,CUBA AVE @ SMYTH RD (0007728),7728,02 - Intersection related,03 - P.D. only,04 - Sideswipe,01 - Clear,01 - Daylight,01 - Dry,02 - Stop sign,00 - Unknown,2,0,0,0,,0,,,,,373006.2899,5029347.553,45.40074318,-75.6287706,4501
15--13886,2015/11/27,8:52 PM,PRESTON ST btwn ST. ANTHONY ST & YOUNG ST (__3ZA3Z8),__3ZA3Z8,01 - Non intersection,03 - P.D. only,06 - SMV unattended vehicle,01 - Clear,07 - Dark,01 - Dry,10 - No control,,1,0,0,0,,0,,,,,366585.6326,5029493.199,45.40264977,-75.71075804,4502
15--13887,2015/11/27,9:03 AM,ENFIELD AVE @ MCARTHUR AVE (0009218),9218,02 - Intersection related,03 - P.D. only,04 - Sideswipe,02 - Rain,01 - Daylight,02 - Wet,02 - Stop sign,00 - Unknown,2,0,0,0,,0,,,,,370340.7142,5032704.827,45.43120523,-75.66236895,4503
15--13888,2015/11/27,9:07 PM,INNES RD @ TENTH LINE RD (0004633),4633,02 - Intersection related,03 - P.D. only,04 - Sideswipe,02 - Rain,07 - Dark,02 - Wet,01 - Traffic signal,01 - Functioning,2,0,0,0,,0,,,,,383951.7603,5036158.839,45.46087339,-75.48788479,4504
15--13889,2015/11/27,9:32 AM,TERRY FOX DR @ 135 S OF HAZELDEAN RD/SOBEY'S S (0012468),12468,03 - At intersection,03 - P.D. only,05 - Turning movement,01 - Clear,01 - Daylight,01 - Dry,01 - Traffic signal,01 - Functioning,3,0,0,0,,0,,,,,352292.9355,5017138.855,45.29259886,-75.89450575,4505
15--1389,2015/01/22,2:00 PM,REGIONAL ROAD 174 btwn OR174 IC109 RAMP56 & OR174 IC109 RAMP86 (__3ZA28W),__3ZA28W,07 - Overpass or bridge,03 - P.D. only,03 - Rear end,01 - Clear,01 - Daylight,01 - Dry,10 - No control,,2,0,0,0,,0,,,,,376469.8269,5035034.298,45.45156311,-75.58370736,4506
15--13890,2015/11/27,9:56 AM,VANIER PKWY/CRICHTON ST @ BEECHWOOD AVE/ST. PA (0001604),1604,02 - Intersection related,03 - P.D. only,03 - Rear end,01 - Clear,01 - Daylight,02 - Wet,01 - Traffic signal,01 - Functioning,2,0,0,0,,0,,,,,369127.7207,5033486.953,45.43835512,-75.67776757,4507
15--13891,2015/11/28,1:30 PM,UPPER LORNE PL btwn SOMERSET ST W & END (__3ZA4GN),__3ZA4GN,01 - Non intersection,03 - P.D. only,06 - SMV unattended vehicle,01 - Clear,01 - Daylight,01 - Dry,10 - No control,,1,0,0,0,,0,,,,,366609.5911,5030403.737,45.41084042,-75.71033788,4508
15--13892,2015/11/28,1:56 AM,STAGECOACH RD btwn OLD STAGECOACH RD & BLANCHFIELD RD (__30LJDU),__30LJDU,01 - Non intersection,03 - P.D. only,07 - SMV other,01 - Clear,07 - Dark,01 - Dry,10 - No control,,1,0,0,0,,0,,,,,377687.9791,4999969.622,45.13594004,-75.57328855,4509
15--13893,2015/11/28,10:03 AM,RICHMOND RD @ LYNHAR RD/STAFFORD RD (0000155),155,02 - Intersection related,03 - P.D. only,03 - Rear end,01 - Clear,01 - Daylight,01 - Dry,01 - Traffic signal,01 - Functioning,2,0,0,0,,0,,,,,358137.2261,5021087.943,45.32771386,-75.81957597,4510
15--13894,2015/11/28,10:36 AM,ALBION RD btwn RIDEAU RD & TULLAMORE ST (__5RGNIJ),__5RGNIJ,04 - At/near private drive,03 - P.D. only,07 - SMV other,01 - Clear,01 - Daylight,01 - Dry,10 - No control,,1,0,0,0,,0,,,,,375321.0809,5016167.286,45.2819234,-75.60108508,4511
15--13895,2015/11/28,11:00 PM,SMYTH RD btwn MAIN ST & RAMP (__3ZA3OL),__3ZA3OL,07 - Overpass or bridge,03 - P.D. only,07 - SMV other,01 - Clear,07 - Dark,01 - Dry,10 - No control,,1,0,0,0,,0,,,,,369884.6309,5029124.472,45.39903315,-75.66867005,4512
15--13896,2015/11/28,11:36 AM,WALKLEY RD @ GLENHAVEN PRIV (0011424),11424,03 - At intersection,03 - P.D. only,05 - Turning movement,01 - Clear,01 - Daylight,01 - Dry,01 - Traffic signal,01 - Functioning,2,0,0,0,,0,,,,,370213.2034,5025874.28,45.36975841,-75.66490433,4513
15--13897,2015/11/28,11:38 AM,BEARBROOK RD/ROCKCLIFFE PKWY @ ST. JOSEPH BLVD (0012382),12382,03 - At intersection,02 - Non-fatal injury,05 - Turning movement,01 - Clear,01 - Daylight,01 - Dry,01 - Traffic signal,01 - Functioning,2,0,0,0,02 - Minor,2,,2,,,377134.8303,5035232.403,45.45327701,-75.57517733,4514
15--13898,2015/11/28,2:04 AM,REGIONAL ROAD 174 EB btwn HWY417 IC113 RAMP65 & OR174 BLAIR IC112 RAMP51 (__3ZAZFJ),__3ZAZFJ,01 - Non intersection,02 - Non-fatal injury,07 - SMV other,01 - Clear,07 - Dark,01 - Dry,10 - No control,,1,0,0,0,01 - Minimal,1,1,,,,374054.0513,5032225.93,45.42653851,-75.61498421,4515
15--13899,2015/11/28,2:17 PM,BRITTANY DR btwn QUARRY RD & KRISTIN WAY (__3ZA1M0),__3ZA1M0,01 - Non intersection,03 - P.D. only,05 - Turning movement,01 - Clear,01 - Daylight,01 - Dry,10 - No control,,2,0,0,0,,0,,,,,371819.2135,5034212.484,45.44463029,-75.64327009,4516
15--139,2015/01/04,12:25 PM,BLEEKS RD btwn BUTTERFIELD RD & CONLEY RD (__3ZACTQ),__3ZACTQ,04 - At/near private drive,03 - P.D. only,02 - Angle,04 - Freezing Rain,01 - Daylight,06 - Ice,10 - No control,,2,0,0,0,,0,,,,,350136.2106,5003995.455,45.17447176,-75.92319837,4517
15--1390,2015/01/22,2:04 PM,WOODROFFE AVE btwn CARLINGWOOD SC & CARLING AVE (__3ZA4NKB),__3ZA4NKB,04 - At/near private drive,03 - P.D. only,05 - Turning movement,01 - Clear,01 - Daylight,01 - Dry,10 - No control,,2,0,0,0,,0,,,,,361912.5103,5025881.136,45.3705457,-75.77086483,4518
15--13900,2015/11/28,2:30 PM,BLAIR RD @ INNES RD (0004165),4165,02 - Intersection related,03 - P.D. only,03 - Rear end,01 - Clear,01 - Daylight,01 - Dry,01 - Traffic signal,01 - Functioning,2,0,0,0,,0,,,,,375578.0129,5031440.277,45.4193171,-75.5956244,4519
15--13901,2015/11/28,2:44 PM,CRICHTON ST btwn UNION ST & QUEEN VICTORIA ST (__3ZA8YC),__3ZA8YC,01 - Non intersection,03 - P.D. only,07 - SMV other,01 - Clear,01 - Daylight,01 - Dry,10 - No control,,1,0,0,0,,0,,,,,368248.7015,5033821.805,45.44144832,-75.68895883,4520
15--13902,2015/11/28,2:45 PM,ROBERTSON RD btwn FITZGERALD RD & MOODIE DR (__3ZA411),__3ZA411,04 - At/near private drive,03 - P.D. only,02 - Angle,01 - Clear,01 - Daylight,01 - Dry,10 - No control,,2,0,0,0,,0,,,,,356930.19,5020376.056,45.32139892,-75.83504805,4521
15--13903,2015/11/28,2:45 PM,HIGHWAY 417 btwn HWY417 IC129 RAMP76 & HWY417 IC129 RAMP26 (__3ZA2RG),__3ZA2RG,01 - Non intersection,02 - Non-fatal injury,03 - Rear end,01 - Clear,01 - Daylight,01 - Dry,10 - No control,,3,0,0,0,01 - Minimal,1,1,,,,360405.7004,5023515.698,45.34938275,-75.79036636,4522
15--13904,2015/11/28,2:50 AM,CAMBRIAN RD/GOLFLINKS DR W @ LONGFIELDS DR (0009702),9702,03 - At intersection,03 - P.D. only,07 - SMV other,01 - Clear,07 - Dark,01 - Dry,11 - Roundabout,01 - Functioning,1,0,0,0,,0,,,,,365382.3027,5013223.977,45.25636635,-75.72811881,4523
15--13905,2015/11/28,2:59 AM,PAUL ANKA DR @ UPLANDS DR (0007476),7476,02 - Intersection related,03 - P.D. only,04 - Sideswipe,01 - Clear,07 - Dark,01 - Dry,02 - Stop sign,01 - Functioning,2,0,0,0,,0,,,,,369458.4454,5023574.794,45.34913831,-75.67483973,4524
15--13906,2015/11/28,3:03 PM,EARL GREY DR btwn ROLAND MICHENER DR & 175 S OF KANATA AVE/WALMART SC (__3ZBPJBB),__3ZBPJBB,04 - At/near private drive,03 - P.D. only,04 - Sideswipe,01 - Clear,01 - Daylight,01 - Dry,10 - No control,,2,0,0,0,,0,,,,,350776.3449,5018955.895,45.30904996,-75.91367144,4525
15--13907,2015/11/28,3:05 AM,CAMBRIAN RD/GOLFLINKS DR W @ LONGFIELDS DR (0009702),9702,03 - At intersection,03 - P.D. only,07 - SMV other,01 - Clear,07 - Dark,01 - Dry,11 - Roundabout,01 - Functioning,1,0,0,0,,0,,,,,365381.9688,5013223.417,45.25636134,-75.72812313,4526
15--13908,2015/11/28,3:14 PM,GEORGE ST @ DALHOUSIE ST (0008516),8516,02 - Intersection related,03 - P.D. only,04 - Sideswipe,01 - Clear,01 - Daylight,01 - Dry,01 - Traffic signal,01 - Functioning,2,0,0,0,,0,,,,,368157.6976,5032314.146,45.4278912,-75.690316,4527
15--13909,2015/11/28,3:20 PM,RICHARDSON SIDE RD @ TERRY FOX DR (0013651),13651,03 - At intersection,03 - P.D. only,02 - Angle,01 - Clear,01 - Daylight,01 - Dry,01 - Traffic signal,01 - Functioning,2,0,0,0,,0,,,,,348803.086,5019506.072,45.31412702,-75.93878598,4528
15--1391,2015/01/22,2:12 PM,LIMEBANK RD/RIVERSIDE DR @ RIVER RD (0013336),13336,03 - At intersection,03 - P.D. only,02 - Angle,01 - Clear,01 - Daylight,01 - Dry,01 - Traffic signal,01 - Functioning,3,0,0,0,,0,,,,,368404.1447,5020477.754,45.32136819,-75.6886912,4529
15--13910,2015/11/28,3:43 PM,ABACA WAY btwn KITTIWAKE DR & KITTIWAKE DR (__4TYFW7),__4TYFW7,01 - Non intersection,03 - P.D. only,06 - SMV unattended vehicle,01 - Clear,01 - Daylight,01 - Dry,10 - No control,,1,0,0,0,,0,,,,,348277.2965,5014141.353,45.26588618,-75.94596176,4530
15--13911,2015/11/28,3:57 PM,OGILVIE RD btwn CITY PARK DR & BLAIR RD (1) (__3ZA2DOA),__3ZA2DOA,04 - At/near private drive,03 - P.D. only,04 - Sideswipe,01 - Clear,01 - Daylight,01 - Dry,10 - No control,,2,0,0,0,,0,,,,,374265.0589,5033056.964,45.43399479,-75.61217079,4531
15--13912,2015/11/28,4:09 PM,PRINCE OF WALES DR @ MERIVALE RD (0000564),564,02 - Intersection related,03 - P.D. only,03 - Rear end,01 - Clear,01 - Daylight,01 - Dry,01 - Traffic signal,01 - Functioning,2,0,0,0,,0,,,,,367451.8774,5017615.739,45.29570181,-75.70119856,4532
15--13913,2015/11/28,4:13 PM,ORLEANS BLVD @ ST. JOSEPH BLVD (0004144),4144,02 - Intersection related,03 - P.D. only,03 - Rear end,01 - Clear,01 - Daylight,01 - Dry,01 - Traffic signal,01 - Functioning,2,0,0,0,,0,,,,,380631.7377,5036980.59,45.4686351,-75.53020496,4533
15--13914,2015/11/28,4:30 PM,WEST HUNT CLUB RD WB btwn MERIVALE RD & ROYDON PL (__3ZA3JR),__3ZA3JR,04 - At/near private drive,03 - P.D. only,07 - SMV other,01 - Clear,05 - Dusk,01 - Dry,10 - No control,,1,0,0,0,,0,,,,,365789.5992,5022053.373,45.33577743,-75.72184403,4534
15--13915,2015/11/28,4:55 PM,CRAIG HENRY DR btwn ALDRIDGE WAY & JACK AARON DR (__3ZAAYZ),__3ZAAYZ,01 - Non intersection,02 - Non-fatal injury,03 - Rear end,01 - Clear,05 - Dusk,01 - Dry,10 - No control,,2,0,0,0,02 - Minor,1,,1,,,362146.706,5021864.238,45.33438279,-75.76834107,4535
15--13916,2015/11/28,5:10 PM,ROGER STEVENS DR btwn DWYER HILL RD & MALAKOFF RD (__3ZA4ZQ),__3ZA4ZQ,01 - Non intersection,03 - P.D. only,07 - SMV other,01 - Clear,07 - Dark,01 - Dry,10 - No control,,1,0,0,0,,0,,,,,354529.7359,4989547.407,45.04416495,-75.86873863,4536
15--13917,2015/11/28,5:39 PM,KINBURN SIDE RD btwn TORBOLTON RIDGE RD & WOODKILTON RD (__3ZA4Q8),__3ZA4Q8,01 - Non intersection,02 - Non-fatal injury,07 - SMV other,01 - Clear,07 - Dark,01 - Dry,10 - No control,,1,0,0,1,02 - Minor,1,,1,,,336594.3862,5034649.089,45.4510488,-76.09351537,4537
15--13918,2015/11/28,5:42 PM,BESSERER ST @ WALLER ST (0008859),8859,03 - At intersection,03 - P.D. only,05 - Turning movement,01 - Clear,07 - Dark,01 - Dry,01 - Traffic signal,01 - Functioning,2,0,0,0,,0,,,,,368315.2113,5032191.978,45.42677769,-75.688319,4538
15--13919,2015/11/28,6:00 PM,PARENT AVE @ ST. PATRICK ST (0008240),8240,02 - Intersection related,02 - Non-fatal injury,04 - Sideswipe,01 - Clear,07 - Dark,01 - Dry,01 - Traffic signal,01 - Functioning,2,0,0,1,03 - Major,1,,,1,,367822.4243,5032557.315,45.43010944,-75.69456911,4539
15--1392,2015/01/22,2:33 PM,BRONSON AVE @ THIRD AVE (0007716),7716,02 - Intersection related,03 - P.D. only,04 - Sideswipe,01 - Clear,01 - Daylight,01 - Dry,02 - Stop sign,01 - Functioning,2,0,0,0,,0,,,,,367550.712,5029089.968,45.39893577,-75.69848274,4540
15--13920,2015/11/28,6:15 PM,BRONSON AVE RAMP 42A-3 btwn BRONSON AVE & BRONSON AVE RAMP 42A-2/42B (__3ZAYCR),__3ZAYCR,01 - Non intersection,03 - P.D. only,04 - Sideswipe,01 - Clear,07 - Dark,01 - Dry,10 - No control,,2,0,0,0,,0,,,,,368455.7882,5027133.01,45.38124594,-75.68717577,4541
15--13921,2015/11/28,6:30 AM,HWY416 IC75B RAMP25 btwn HWY416 IC75C RAMP24 & HWY417 IC131 RAMP55 (__3ZAY4O),__3ZAY4O,01 - Non intersection,03 - P.D. only,04 - Sideswipe,01 - Clear,07 - Dark,01 - Dry,10 - No control,,2,0,0,0,,0,,,,,358555.8809,5022728.694,45.34244548,-75.81405735,4542
15--13922,2015/11/28,6:58 PM,ELM CRES btwn NORWAY SPRUCE ST & STITTSVILLE MAIN ST (__3ZBNBA),__3ZBNBA,01 - Non intersection,03 - P.D. only,06 - SMV unattended vehicle,01 - Clear,07 - Dark,01 - Dry,10 - No control,,1,0,0,0,,0,,,,,350422.8479,5013085.241,45.25624702,-75.91871901,4543
15--13923,2015/11/28,8:14 PM,BANK ST @ JOHNSTON RD (0006967),6967,03 - At intersection,03 - P.D. only,05 - Turning movement,01 - Clear,07 - Dark,01 - Dry,01 - Traffic signal,01 - Functioning,3,0,0,0,,0,,,,,370852.4525,5024839.528,45.36038809,-75.65688258,4544
15--13924,2015/11/28,8:15 PM,ST. JOVITE RDG btwn FORTUNE DR & FORTUNE DR (__3ZA681),__3ZA681,01 - Non intersection,03 - P.D. only,06 - SMV unattended vehicle,01 - Clear,07 - Dark,01 - Dry,10 - No control,,1,0,0,0,,0,,,,,380035.6254,5037604.883,45.47431646,-75.53773184,4545
15--13925,2015/11/28,8:19 AM,RUSSELL RD S @ ST. LAURENT BLVD (0007734),7734,03 - At intersection,03 - P.D. only,02 - Angle,01 - Clear,01 - Daylight,01 - Dry,01 - Traffic signal,01 - Functioning,2,0,0,0,,0,,,,,373571.1771,5029261.989,45.39991806,-75.62156782,4546
15--13926,2015/11/28,9:30 PM,MEADOWLANDS DR btwn HOGAN ST & NESS ST (__3ZA4IQ),__3ZA4IQ,04 - At/near private drive,02 - Non-fatal injury,03 - Rear end,01 - Clear,07 - Dark,01 - Dry,10 - No control,,2,0,0,0,01 - Minimal,1,1,,,,366252.2106,5024893.443,45.36129154,-75.71558929,4547
15--13927,2015/11/28,9:40 AM,HINCKS LANE @ RIVERSIDE DR (0011354),11354,02 - Intersection related,03 - P.D. only,03 - Rear end,01 - Clear,01 - Daylight,01 - Dry,01 - Traffic signal,01 - Functioning,2,0,0,0,,0,,,,,370165.3382,5030205.336,45.40873221,-75.66494167,4548
15--13928,2015/11/29,11:00 AM,REGIONAL ROAD 174 btwn OR174 IC109 RAMP64 & OR174 IC105 RAMP16 (__3ZA2XD),__3ZA2XD,01 - Non intersection,03 - P.D. only,07 - SMV other,01 - Clear,01 - Daylight,01 - Dry,10 - No control,,1,0,0,0,,0,,,,,376706.1557,5035444.429,45.45522892,-75.58062635,4549
15--13929,2015/11/29,11:58 AM,ANTHONY AVE @ WOODROFFE AVE (0002761),2761,02 - Intersection related,03 - P.D. only,03 - Rear end,01 - Clear,01 - Daylight,01 - Dry,01 - Traffic signal,01 - Functioning,3,0,0,0,,0,,,,,361670.4073,5026449.245,45.37567718,-75.77389001,4550
15--1393,2015/01/22,2:33 PM,PARKDALE AVE @ WELLINGTON ST (0002260),2260,03 - At intersection,03 - P.D. only,05 - Turning movement,01 - Clear,01 - Daylight,01 - Dry,01 - Traffic signal,01 - Functioning,2,0,0,0,,0,,,,,365148.7367,5029271.038,45.40077616,-75.72913826,4551
15--13930,2015/11/29,2:28 PM,CATHERINE ST/HWY 417 O'CONN IC119BR76 @ O'CONN (0001697),1697,03 - At intersection,03 - P.D. only,02 - Angle,01 - Clear,01 - Daylight,01 - Dry,01 - Traffic signal,01 - Functioning,2,0,0,0,,0,,,,,368243.711,5030391.842,45.41058716,-75.68946442,4552
15--13931,2015/11/29,3:00 PM,PRINCE OF WALES DR @ WEST HUNT CLUB RD (0000567),567,02 - Intersection related,03 - P.D. only,04 - Sideswipe,01 - Clear,01 - Daylight,01 - Dry,01 - Traffic signal,01 - Functioning,2,0,0,0,,0,,,,,367458.7103,5021891.503,45.33417389,-75.70057067,4553
15--13932,2015/11/29,3:09 AM,HWY417 IC131 RAMP63 btwn HWY417 IC131 RAMP53 & HWY417 IC131 RAMP66 (__3ZAY4Q),__3ZAY4Q,01 - Non intersection,03 - P.D. only,07 - SMV other,01 - Clear,07 - Dark,01 - Dry,10 - No control,,1,0,0,0,,0,,,,,358441.5053,5022643.747,45.34168988,-75.81552593,4554