Anom_ID,Accident_Date,Accident_Time,Location,Geo_ID,Accident_Location,Classification_of_Accident,Initial_Impact_Type,Environment_Condition,Light,Road_Surface_Condition,Traffic_Control,Traffic_Control_Condition,No__of_Vehicles,No__of_Bicycles,No__of_Motorcycles,No__of_Pedestrians,Max_Injury,No__of_Injuries,No__of_Minimal,No__of_Minor,No__of_Major,No__of_Fatal,X,Y,Latitude,Longitude,ObjectId
15--13933,2015/11/29,3:46 AM,BARNSDALE RD @ TWIN ELM RD N (0000840),840,03 - At intersection,03 - P.D. only,07 - SMV other,01 - Clear,07 - Dark,01 - Dry,02 - Stop sign,01 - Functioning,1,0,0,0,,0,,,,,360186.3615,5007830.922,45.20826691,-75.79491553,4555
15--13934,2015/11/29,4:10 PM,MERIVALE RD @ WOODWARD AVE (0006748),6748,02 - Intersection related,03 - P.D. only,04 - Sideswipe,01 - Clear,01 - Daylight,01 - Dry,02 - Stop sign,01 - Functioning,2,0,0,0,,0,,,,,364854.6994,5027067.543,45.38097483,-75.73316197,4556
15--13935,2015/11/29,4:20 PM,SOUTHMORE DR @ WALKLEY RD (0006644),6644,02 - Intersection related,03 - P.D. only,03 - Rear end,01 - Clear,01 - Daylight,01 - Dry,02 - Stop sign,00 - Unknown,3,0,0,0,,0,,,,,369710.0021,5025575.973,45.36712111,-75.67136695,4557
15--13936,2015/11/29,5:02 PM,PINECREST RD @ RICHMOND RD (0002353),2353,03 - At intersection,03 - P.D. only,05 - Turning movement,01 - Clear,07 - Dark,01 - Dry,01 - Traffic signal,01 - Functioning,2,0,0,0,,0,,,,,360072.6705,5024470.79,45.35800297,-75.79450935,4558
15--13937,2015/11/29,5:09 PM,KINBURN SIDE RD btwn STONECREST RD & TORBOLTON RIDGE RD (__3ZA4Q7),__3ZA4Q7,01 - Non intersection,03 - P.D. only,07 - SMV other,01 - Clear,05 - Dusk,01 - Dry,10 - No control,,1,0,0,0,,0,,,,,334986.9407,5033131.043,45.43746022,-76.11415888,4559
15--13938,2015/11/29,5:09 PM,RICHARDSON SIDE RD btwn CARDEVCO RD & CARP RD (__3ZAC49),__3ZAC49,01 - Non intersection,03 - P.D. only,07 - SMV other,01 - Clear,07 - Dark,01 - Dry,10 - No control,,1,0,0,0,,0,,,,,346194.3933,5017145.294,45.29304251,-75.97225284,4560
15--13939,2015/11/29,5:15 PM,ELGIN ST @ WAVERLEY ST (0006948),6948,02 - Intersection related,03 - P.D. only,02 - Angle,01 - Clear,07 - Dark,01 - Dry,01 - Traffic signal,01 - Functioning,2,0,0,0,,0,,,,,368317.7067,5030952.568,45.41562568,-75.68844691,4561
15--1394,2015/01/22,2:34 PM,TERRY FOX DR btwn HWY417 IC140 RAMP61 & HWY417 IC140 RAMP16 (__3ZA2XO),__3ZA2XO,01 - Non intersection,03 - P.D. only,01 - Approaching,01 - Clear,01 - Daylight,01 - Dry,10 - No control,,2,0,0,0,,0,,,,,350844.5312,5018667.916,45.30645418,-75.91282867,4562
15--13940,2015/11/29,5:30 PM,HIGHWAY 417 btwn HWY417 IC144 RAMP16 & HWY417 IC144 RAMP61 (__3ZA2QU),__3ZA2QU,01 - Non intersection,03 - P.D. only,07 - SMV other,01 - Clear,07 - Dark,01 - Dry,10 - No control,,1,0,0,0,,0,,,,,347456.6632,5015913.208,45.28188026,-75.95626651,4563
15--13941,2015/11/29,8:50 AM,BRONSON AVE/BRONSON/HERON RAMP 35 @ HERON RD (0002386),2386,02 - Intersection related,03 - P.D. only,03 - Rear end,01 - Clear,01 - Daylight,01 - Dry,01 - Traffic signal,01 - Functioning,3,0,0,0,,0,,,,,368640.6144,5026696.8,45.37730423,-75.68487236,4564
15--13942,2015/11/29,9:57 PM,BRONSON AVE @ CATHERINE ST/RAYMOND ST (0007198),7198,02 - Intersection related,03 - P.D. only,02 - Angle,01 - Clear,07 - Dark,01 - Dry,01 - Traffic signal,01 - Functioning,2,0,0,0,,0,,,,,367252.7085,5029795.844,45.40531368,-75.70219939,4565
15--13943,2015/11/30,1:09 PM,CATHERINE ST btwn BANK ST & O'CONNOR ST (__3ZA3PU),__3ZA3PU,04 - At/near private drive,03 - P.D. only,02 - Angle,01 - Clear,01 - Daylight,01 - Dry,10 - No control,,2,0,0,0,,0,,,,,368149.8307,5030334.805,45.41008247,-75.69067101,4566
15--13944,2015/11/30,1:12 PM,NAVAHO DR @ WOODROFFE AVE/TRANSITWAY N BASELIN (0010359),10359,02 - Intersection related,03 - P.D. only,03 - Rear end,01 - Clear,01 - Daylight,01 - Dry,01 - Traffic signal,01 - Functioning,2,0,0,0,,0,,,,,362705.9984,5023492.889,45.34899136,-75.76101529,4567
15--13945,2015/11/30,10:00 PM,HIGHWAY 17 btwn HUNT LINE RD & OLD BARN RD (__3ZA2RM),__3ZA2RM,01 - Non intersection,02 - Non-fatal injury,07 - SMV other,01 - Clear,07 - Dark,01 - Dry,10 - No control,,1,0,0,0,01 - Minimal,1,1,,,,324249.8204,5027235.658,45.38479179,-76.25162875,4568
15--13946,2015/11/30,10:20 AM,DONALD ST @ VANIER PKWY (0007644),7644,02 - Intersection related,03 - P.D. only,04 - Sideswipe,01 - Clear,01 - Daylight,01 - Dry,01 - Traffic signal,01 - Functioning,2,0,0,0,,0,,,,,370311.7131,5032270.585,45.42730082,-75.66279732,4569
15--13947,2015/11/30,10:20 PM,METCALFE ST @ SLATER ST (0002233),2233,03 - At intersection,03 - P.D. only,02 - Angle,01 - Clear,07 - Dark,01 - Dry,01 - Traffic signal,01 - Functioning,2,0,0,0,,0,,,,,367730.9746,5031548.854,45.42104388,-75.69586657,4570
15--13948,2015/11/30,10:30 PM,HIGHWAY 7 btwn HWY 7 HAZELDEAN RD IC RAMP 34 & HAZELDEAN RD IC RAMP 63 (__7JQ7KU),__7JQ7KU,01 - Non intersection,03 - P.D. only,07 - SMV other,01 - Clear,07 - Dark,01 - Dry,10 - No control,,1,0,0,0,,0,,,,,346370.3055,5012461.33,45.2508839,-75.97040234,4571
15--13949,2015/11/30,10:36 PM,RUSSLAND RD btwn ROCKDALE RD & DUNNING RD (__3ZA3KV),__3ZA3KV,01 - Non intersection,03 - P.D. only,07 - SMV other,01 - Clear,07 - Dark,01 - Dry,10 - No control,,1,0,0,0,,0,,,,,395367.7004,5022995.991,45.34106389,-75.34435406,4572
15--1395,2015/01/22,3:06 PM,LENESTER AVE btwn DUBERRY ST & FAIRLAWN AVE (__3ZA4L8),__3ZA4L8,01 - Non intersection,03 - P.D. only,01 - Approaching,01 - Clear,01 - Daylight,02 - Wet,10 - No control,,2,0,0,0,,0,,,,,362050.0862,5025442.588,45.36658846,-75.76915941,4573
15--13950,2015/11/30,10:44 AM,CARLING AVE @ PARKDALE AVE (0008792),8792,02 - Intersection related,03 - P.D. only,03 - Rear end,01 - Clear,01 - Daylight,01 - Dry,01 - Traffic signal,01 - Functioning,2,0,0,0,,0,,,,,365625.98,5028172.148,45.39084729,-75.72317827,4574
15--13785,2015/11/26,11:43 PM,BOOTH ST @ SIR JOHN A. MACDONALD PKWY/WELLINGTON ST (0012252),12252,02 - Intersection related,03 - P.D. only,04 - Sideswipe,01 - Clear,07 - Dark,01 - Dry,01 - Traffic signal,00 - Unknown,2,0,0,0,,0,,,,,366262.813,5031005.966,45.41628965,-75.7146927,4575
15--13696,2015/11/24,12:06 PM,HUNT CLUB RD @ RIVERSIDE DR (0002237),2237,02 - Intersection related,03 - P.D. only,03 - Rear end,01 - Clear,01 - Daylight,01 - Dry,01 - Traffic signal,01 - Functioning,2,0,0,0,,0,,,,,368036.703,5021945.138,45.33460464,-75.69319025,4576
15--14053,2015/12/02,7:15 PM,BELFAST RD btwn TRIOLE ST & MICHAEL ST (__3ZA793),__3ZA793,01 - Non intersection,03 - P.D. only,06 - SMV unattended vehicle,01 - Clear,07 - Dark,01 - Dry,10 - No control,,1,0,0,0,,0,,,,,373123.6034,5030675.773,45.41268245,-75.62708821,4577
15--14054,2015/12/02,7:20 AM,KING EDWARD AVE @ RIDEAU ST (0002121),2121,03 - At intersection,03 - P.D. only,03 - Rear end,01 - Clear,03 - Dawn,02 - Wet,01 - Traffic signal,01 - Functioning,2,0,0,0,,0,,,,,368511.7072,5032412.867,45.4287473,-75.6857796,4578
15--14326,2015/12/10,4:42 PM,BANK ST @ EVENING SHADOW AVE (0013872),13872,02 - Intersection related,02 - Non-fatal injury,03 - Rear end,01 - Clear,05 - Dusk,01 - Dry,02 - Stop sign,01 - Functioning,2,0,0,0,01 - Minimal,2,2,,,,379659.7271,5013716.939,45.25942766,-75.54615829,4579
15--13786,2015/11/26,12:15 PM,HIGHWAY 417 btwn HWY417 IC118 RAMP35 & HWY417 IC117 RAMP51 (__3ZA2YP),__3ZA2YP,01 - Non intersection,03 - P.D. only,07 - SMV other,01 - Clear,01 - Daylight,01 - Dry,10 - No control,,1,0,0,0,,0,,,,,370209.4103,5031098.458,45.41676406,-75.66426018,4580
15--13697,2015/11/24,12:25 PM,HAWTHORNE RD/RUSSELL RD @ WALKLEY RD (0002618),2618,02 - Intersection related,03 - P.D. only,03 - Rear end,03 - Snow,01 - Daylight,04 - Slush,01 - Traffic signal,01 - Functioning,2,0,0,0,,0,,,,,374675.4659,5028497.375,45.3929291,-75.60757246,4581
15--14411,2015/12/12,10:49 AM,NEW ORCHARD AVE @ RICHMOND RD (0011467),11467,03 - At intersection,03 - P.D. only,02 - Angle,01 - Clear,01 - Daylight,01 - Dry,01 - Traffic signal,01 - Functioning,2,0,0,0,,0,,,,,361292.9554,5026218.799,45.37363418,-75.77873522,4582
15--14055,2015/12/02,7:33 AM,BOWESVILLE RD/HIGH RD @ LEITRIM RD (0012439),12439,02 - Intersection related,03 - P.D. only,04 - Sideswipe,02 - Rain,03 - Dawn,02 - Wet,02 - Stop sign,01 - Functioning,2,0,0,0,,0,,,,,371675.4533,5019287.472,45.31035435,-75.64712892,4583
15--14327,2015/12/10,4:46 PM,DALMENY RD btwn CAMPBELLCROFT RD & BANK ST (__3ZA2AJ),__3ZA2AJ,01 - Non intersection,02 - Non-fatal injury,03 - Rear end,01 - Clear,05 - Dusk,01 - Dry,10 - No control,,2,0,0,0,02 - Minor,2,,2,,,385405.4354,5004109.547,45.17235091,-75.47451445,4584
15--13698,2015/11/24,2:15 PM,HIGHWAY 417 btwn HWY417 IC115 RAMP25 & REGIONAL ROAD 174 (__3ZA2RY),__3ZA2RY,01 - Non intersection,03 - P.D. only,03 - Rear end,01 - Clear,01 - Daylight,01 - Dry,10 - No control,,2,0,0,0,,0,,,,,373268.0374,5031691.876,45.42181074,-75.62510194,4585
15--13699,2015/11/24,3:00 PM,NELSON ST @ STEWART ST (0008624),8624,03 - At intersection,03 - P.D. only,02 - Angle,01 - Clear,01 - Daylight,06 - Ice,02 - Stop sign,01 - Functioning,2,0,0,0,,0,,,,,368770.7126,5032291.309,45.42762992,-75.6824857,4586
15--137,2015/01/04,12:15 PM,HIGHWAY 417 btwn HWY417 IC126 RAMP51 & HWY417 IC126 RAMP25 (__3ZA2RD),__3ZA2RD,01 - Non intersection,03 - P.D. only,07 - SMV other,03 - Snow,01 - Daylight,06 - Ice,10 - No control,,1,0,0,0,,0,,,,,363312.3968,5026025.562,45.37172974,-75.75297738,4587
15--1370,2015/01/22,1:32 PM,JEANNE D'ARC BLVD @ ORLEANS BLVD N (0003792),3792,02 - Intersection related,03 - P.D. only,03 - Rear end,01 - Clear,01 - Daylight,01 - Dry,01 - Traffic signal,01 - Functioning,2,0,0,0,,0,,,,,380030.6555,5038105.117,45.4788177,-75.53771878,4588
15--13700,2015/11/24,3:06 PM,BANK ST @ HERON RD (0002155),2155,02 - Intersection related,03 - P.D. only,03 - Rear end,01 - Clear,01 - Daylight,03 - Loose snow,01 - Traffic signal,01 - Functioning,2,0,0,0,,0,,,,,369994.276,5026852.264,45.3785784,-75.66756987,4589
15--13701,2015/11/24,3:23 PM,HAIG DR @ SMYTH RD (0007736),7736,02 - Intersection related,03 - P.D. only,03 - Rear end,01 - Clear,01 - Daylight,02 - Wet,01 - Traffic signal,01 - Functioning,2,0,0,0,,0,,,,,372564.9125,5029297.69,45.4003374,-75.63441471,4590
15--13702,2015/11/24,3:24 PM,BARLYN AVE @ CORAL AVE (0001356),1356,03 - At intersection,03 - P.D. only,02 - Angle,01 - Clear,01 - Daylight,01 - Dry,02 - Stop sign,01 - Functioning,2,0,0,0,,0,,,,,365807.702,5025453.527,45.36636989,-75.72119358,4591
15--13703,2015/11/24,3:45 PM,ST. LAURENT BLVD @ COTE ST (0007705),7705,02 - Intersection related,03 - P.D. only,03 - Rear end,01 - Clear,01 - Daylight,04 - Slush,01 - Traffic signal,01 - Functioning,2,0,0,0,,0,,,,,371786.1319,5033226.263,45.43575992,-75.64382716,4592
15--13704,2015/11/24,4:13 AM,RICHMOND RD @ WEST HUNT CLUB RD (0000598),598,02 - Intersection related,03 - P.D. only,07 - SMV other,03 - Snow,07 - Dark,06 - Ice,01 - Traffic signal,01 - Functioning,1,0,0,0,,0,,,,,357147.0913,5018153.184,45.30138111,-75.83251636,4593
15--13705,2015/11/24,4:27 PM,QUEEN MARY ST btwn LOLA ST & NAUGHTON ST (__3ZA8KI),__3ZA8KI,01 - Non intersection,03 - P.D. only,04 - Sideswipe,01 - Clear,05 - Dusk,01 - Dry,10 - No control,,2,0,0,0,,0,,,,,371230.5877,5032056.872,45.42529125,-75.65108473,4594
15--13706,2015/11/24,4:36 PM,REGIONAL ROAD 174 EB btwn HWY417 IC113 RAMP65 & OR174 BLAIR IC112 RAMP51 (__3ZAZFJ),__3ZAZFJ,01 - Non intersection,03 - P.D. only,03 - Rear end,01 - Clear,05 - Dusk,01 - Dry,10 - No control,,2,0,0,0,,0,,,,,374708.242,5032750.539,45.43119358,-75.60655069,4595
15--13707,2015/11/24,4:40 PM,FLEWELLYN RD btwn STITTSVILLE MAIN ST & FORESTGROVE DR (__3ZA1CW),__3ZA1CW,01 - Non intersection,03 - P.D. only,07 - SMV other,01 - Clear,05 - Dusk,01 - Dry,10 - No control,,1,0,0,0,,0,,,,,351528.8502,5010845.553,45.23602093,-75.90483868,4596
15--13708,2015/11/24,5:10 PM,BANK ST @ MITCH OWENS RD (0001640),1640,02 - Intersection related,03 - P.D. only,03 - Rear end,01 - Clear,07 - Dark,01 - Dry,01 - Traffic signal,01 - Functioning,2,0,0,0,,0,,,,,377758.045,5015946.378,45.27968707,-75.57005821,4597
15--13709,2015/11/24,5:20 PM,LEITRIM RD S @ RAMSAYVILLE RD (0013708),13708,02 - Intersection related,03 - P.D. only,03 - Rear end,01 - Clear,07 - Dark,01 - Dry,02 - Stop sign,01 - Functioning,2,0,0,0,,0,,,,,378785.7671,5023729.505,45.3496084,-75.55579808,4598
15--1371,2015/01/22,1:43 PM,PAULINE CHARRON PL btwn IDA ROCHELEAU PL & END (__3ZA4C3),__3ZA4C3,01 - Non intersection,03 - P.D. only,99 - Other,01 - Clear,01 - Daylight,05 - Packed snow,10 - No control,,2,0,0,0,,0,,,,,370941.2588,5034132.971,45.44399849,-75.65450274,4599
15--13710,2015/11/24,5:32 AM,BRONSON AVE @ POWELL AVE (0007212),7212,03 - At intersection,03 - P.D. only,02 - Angle,03 - Snow,07 - Dark,02 - Wet,01 - Traffic signal,01 - Functioning,2,0,0,0,,0,,,,,367387.1582,5029477.574,45.40243797,-75.70052243,4600
15--13711,2015/11/24,5:34 PM,MARCH RD btwn MARCHURST RD & SECOND LINE RD (__3ZA3FP),__3ZA3FP,01 - Non intersection,03 - P.D. only,07 - SMV other,01 - Clear,07 - Dark,01 - Dry,10 - No control,,1,0,0,0,,0,,,,,346036.4925,5025268.221,45.36614453,-75.97358922,4601
15--13712,2015/11/24,5:34 PM,LEGGET DR @ 386 W OF SCHNEIDER RD/MITEL ACCESS (0011779),11779,02 - Intersection related,02 - Non-fatal injury,03 - Rear end,01 - Clear,07 - Dark,01 - Dry,01 - Traffic signal,01 - Functioning,2,0,0,0,01 - Minimal,1,1,,,,351151.8956,5022463.613,45.34058853,-75.908554,4602
15--13713,2015/11/24,5:53 PM,AIRPORT PKWY btwn RAMP & AIRPORT PKWY (2) (__3ZA22Z),__3ZA22Z,01 - Non intersection,03 - P.D. only,03 - Rear end,01 - Clear,07 - Dark,01 - Dry,10 - No control,,2,0,0,0,,0,,,,,370990.4199,5023771.827,45.35076824,-75.65526466,4603
15--13714,2015/11/24,5:57 PM,MAIN ST @ RIVERDALE AVE (0007229),7229,03 - At intersection,03 - P.D. only,05 - Turning movement,01 - Clear,07 - Dark,01 - Dry,01 - Traffic signal,01 - Functioning,2,0,0,0,,0,,,,,369432.4631,5029531.772,45.40273978,-75.67439164,4604
15--13715,2015/11/24,6:00 AM,HIGHWAY 417 btwn HIGHWAY 417 & HIGHWAY 417 (1) (__3ZA2UX),__3ZA2UX,01 - Non intersection,03 - P.D. only,07 - SMV other,03 - Snow,07 - Dark,03 - Loose snow,10 - No control,,1,0,0,0,,0,,,,,375256.8614,5030446.427,45.4104074,-75.59986953,4605
15--13716,2015/11/24,6:00 AM,HIGHWAY 417 btwn HIGHWAY 417 & HIGHWAY 417 (1) (__3ZA2UX),__3ZA2UX,01 - Non intersection,03 - P.D. only,07 - SMV other,03 - Snow,07 - Dark,03 - Loose snow,10 - No control,,1,0,0,0,,0,,,,,375248.3947,5030457.01,45.41050347,-75.59997617,4606
15--13717,2015/11/24,6:30 AM,TRIM RD @ SPRINGRIDGE DR N (0013165),13165,03 - At intersection,03 - P.D. only,02 - Angle,02 - Rain,03 - Dawn,05 - Packed snow,02 - Stop sign,01 - Functioning,2,0,0,0,,0,,,,,385392.1772,5038359.16,45.48050506,-75.46910826,4607
15--13718,2015/11/24,6:32 PM,ST. JOSEPH BLVD btwn BOYER RD & ORLEANS BLVD (__3ZA2BZ),__3ZA2BZ,04 - At/near private drive,03 - P.D. only,02 - Angle,01 - Clear,07 - Dark,02 - Wet,10 - No control,,2,0,0,0,,0,,,,,380541.0299,5036921.415,45.46811253,-75.53137396,4608
15--13719,2015/11/24,6:35 PM,CAMEO DR @ MAITLAND AVE (0003215),3215,02 - Intersection related,03 - P.D. only,02 - Angle,01 - Clear,07 - Dark,01 - Dry,02 - Stop sign,01 - Functioning,2,0,0,0,,0,,,,,364152.2361,5025146.142,45.36374622,-75.74236181,4609
15--1372,2015/01/22,10:01 AM,CATHERINE ST/HWY 417 O'CONN IC119BR76 @ O'CONN (0001697),1697,02 - Intersection related,03 - P.D. only,04 - Sideswipe,01 - Clear,01 - Daylight,01 - Dry,01 - Traffic signal,00 - Unknown,2,0,0,0,,0,,,,,368244.6749,5030392.082,45.41058924,-75.68945208,4610
15--13720,2015/11/24,6:36 AM,WOODKILTON RD btwn TO BE DETERMINED & KILMAURS SIDE RD (__3ZACDL),__3ZACDL,01 - Non intersection,02 - Non-fatal injury,07 - SMV other,02 - Rain,07 - Dark,03 - Loose snow,10 - No control,,1,0,0,0,02 - Minor,1,,1,,,333785.4783,5038453.033,45.48539997,-76.12920152,4611
15--13721,2015/11/24,6:46 PM,MARIPOSA AVE @ SPRINGFIELD RD (0005912),5912,03 - At intersection,03 - P.D. only,02 - Angle,01 - Clear,07 - Dark,02 - Wet,02 - Stop sign,01 - Functioning,2,0,0,0,,0,,,,,369060.6988,5034593.332,45.44831604,-75.67847968,4612
15--13722,2015/11/24,6:55 AM,BLAIR RD @ INNES RD (0004165),4165,02 - Intersection related,03 - P.D. only,03 - Rear end,03 - Snow,03 - Dawn,03 - Loose snow,01 - Traffic signal,01 - Functioning,2,0,0,0,,0,,,,,375579.4569,5031439.555,45.41931046,-75.59560606,4613
15--13723,2015/11/24,7:55 AM,HIGHWAY 417 btwn HWY417 IC110 RAMP64 & HWY417 IC104 RAMP16 (__3ZA2W9),__3ZA2W9,01 - Non intersection,03 - P.D. only,03 - Rear end,03 - Snow,01 - Daylight,02 - Wet,10 - No control,,2,0,0,0,,0,,,,,378035.2036,5026431.525,45.37399848,-75.56497504,4614
15--13724,2015/11/24,7:56 AM,FALLOWFIELD RD btwn KIMINI DR & SHEA RD (__3ZA42K),__3ZA42K,01 - Non intersection,03 - P.D. only,07 - SMV other,01 - Clear,01 - Daylight,02 - Wet,10 - No control,,1,0,0,0,,0,,,,,353362.9993,5010448.017,45.23231966,-75.88151821,4615
15--13725,2015/11/24,8:00 PM,QUEEN ELIZABETH DRWY @ TORRINGTON PL (0007554),7554,03 - At intersection,03 - P.D. only,02 - Angle,01 - Clear,07 - Dark,02 - Wet,02 - Stop sign,01 - Functioning,2,0,0,0,,0,,,,,367982.9288,5028614.258,45.3946166,-75.6930235,4616
15--13726,2015/11/24,8:03 AM,INNES RD @ 215 W OF CYRVILLE RD/HOME DEPOT W (0012457),12457,02 - Intersection related,03 - P.D. only,02 - Angle,03 - Snow,01 - Daylight,03 - Loose snow,01 - Traffic signal,01 - Functioning,2,0,0,0,,0,,,,,374863.8856,5031000.784,45.41543466,-75.60481062,4617
15--13727,2015/11/24,8:14 AM,KENZIE ST @ LEASIDE AVE (0006778),6778,03 - At intersection,03 - P.D. only,02 - Angle,01 - Clear,01 - Daylight,06 - Ice,02 - Stop sign,01 - Functioning,2,0,0,0,,0,,,,,364556.9802,5027082.266,45.38113277,-75.73696142,4618
15--13728,2015/11/24,8:40 AM,MARIPOSA AVE @ SPRINGFIELD RD (0005912),5912,02 - Intersection related,03 - P.D. only,03 - Rear end,03 - Snow,01 - Daylight,05 - Packed snow,02 - Stop sign,01 - Functioning,2,0,0,0,,0,,,,,369059.2548,5034594.054,45.44832267,-75.67849804,4619
15--13729,2015/11/24,8:41 AM,DONALD ST @ ST. LAURENT BLVD (0008630),8630,02 - Intersection related,02 - Non-fatal injury,03 - Rear end,03 - Snow,01 - Daylight,02 - Wet,01 - Traffic signal,01 - Functioning,2,0,0,0,02 - Minor,1,,1,,,372092.9909,5032471.863,45.42894272,-75.64000864,4620
15--1373,2015/01/22,10:18 PM,BELFAST RD @ ST. LAURENT BLVD (0007658),7658,03 - At intersection,03 - P.D. only,05 - Turning movement,01 - Clear,07 - Dark,01 - Dry,01 - Traffic signal,01 - Functioning,3,0,0,0,,0,,,,,372860.7241,5030578.08,45.41182907,-75.6304599,4621
15--13730,2015/11/24,8:46 AM,HAXBY PRIV btwn HARRIOT PRIV & RUSHFORD PRIV (__3ZBPII),__3ZBPII,04 - At/near private drive,03 - P.D. only,02 - Angle,01 - Clear,01 - Daylight,02 - Wet,10 - No control,,2,0,0,0,,0,,,,,372407.2472,5025664.592,45.3676635,-75.63692598,4622
15--13731,2015/11/24,8:53 AM,BUENA VISTA RD @ CLOVERDALE RD (0005947),5947,02 - Intersection related,03 - P.D. only,01 - Approaching,03 - Snow,01 - Daylight,06 - Ice,02 - Stop sign,01 - Functioning,2,0,0,0,,0,,,,,369395.1572,5034887.378,45.45093091,-75.67416573,4623
15--13732,2015/11/24,9:24 AM,CHAPEL ST @ STEWART ST (0008494),8494,02 - Intersection related,03 - P.D. only,03 - Rear end,03 - Snow,01 - Daylight,03 - Loose snow,02 - Stop sign,01 - Functioning,2,0,0,0,,0,,,,,369013.7081,5032439.314,45.42893935,-75.67936136,4624
15--13733,2015/11/24,9:31 PM,VANCES SIDE RD btwn TORBOLTON RIDGE RD & WOODKILTON RD (__3ZAC8K),__3ZAC8K,01 - Non intersection,03 - P.D. only,07 - SMV other,01 - Clear,07 - Dark,03 - Loose snow,10 - No control,,1,0,0,0,,0,,,,,338426.5932,5032121.897,45.42822267,-76.07026429,4625
15--13734,2015/11/24,9:45 PM,OLD TENTH LINE RD @ TENTH LINE RD (0009223),9223,02 - Intersection related,03 - P.D. only,03 - Rear end,01 - Clear,07 - Dark,01 - Dry,01 - Traffic signal,01 - Functioning,2,0,0,0,,0,,,,,383041.2931,5038358.257,45.48076435,-75.49917496,4626
15--13735,2015/11/24,9:53 PM,LYON ST @ SLATER ST (0002207),2207,03 - At intersection,03 - P.D. only,02 - Angle,01 - Clear,07 - Dark,01 - Dry,01 - Traffic signal,04 - Missing/Damaged,2,0,0,0,,0,,,,,367102.7046,5031153.309,45.41754112,-75.70394385,4627
15--13736,2015/11/25,1:45 PM,HWY417 IC119A RAMP75 btwn METCALFE ST & HIGHWAY 417 (__3ZAY9U),__3ZAY9U,01 - Non intersection,02 - Non-fatal injury,07 - SMV other,01 - Clear,01 - Daylight,01 - Dry,10 - No control,,1,0,0,1,02 - Minor,1,,1,,,368513.7204,5030449.774,45.41108389,-75.68600773,4628
15--13737,2015/11/25,1:48 AM,ST. LAURENT BLVD @ COVENTRY RD/OGILVIE RD (0002151),2151,02 - Intersection related,03 - P.D. only,03 - Rear end,"07 - Fog, mist, smoke, dust",07 - Dark,01 - Dry,01 - Traffic signal,01 - Functioning,2,0,0,0,,0,,,,,372304.9975,5031950.853,45.42423448,-75.63737095,4629
15--13738,2015/11/25,1:51 PM,TERRY FOX DR @ FERNBANK RD (0011863),11863,02 - Intersection related,03 - P.D. only,04 - Sideswipe,01 - Clear,01 - Daylight,01 - Dry,01 - Traffic signal,01 - Functioning,2,0,0,0,,0,,,,,354302.9139,5015129.752,45.27438177,-75.86908219,4630
15--13739,2015/11/25,11:12 AM,RUSSELL RD @ SAUMURE RD/LANGLADE RD (0004091),4091,02 - Intersection related,03 - P.D. only,04 - Sideswipe,01 - Clear,01 - Daylight,01 - Dry,02 - Stop sign,00 - Unknown,2,0,0,0,,0,,,,,399947.8987,5029465.207,45.39865872,-75.28467754,4631
15--1374,2015/01/22,10:26 AM,LYON ST    N btwn GILMOUR ST & JAMES ST (__3ZA3QH),__3ZA3QH,01 - Non intersection,03 - P.D. only,06 - SMV unattended vehicle,01 - Clear,01 - Daylight,06 - Ice,10 - No control,,1,0,0,0,,0,,,,,367492.0045,5030513.369,45.41174837,-75.69905157,4632
15--13740,2015/11/25,11:14 AM,PRINCESS LOUISE DR S @ YORK MILLS DR S (0004938),4938,03 - At intersection,03 - P.D. only,03 - Rear end,01 - Clear,01 - Daylight,06 - Ice,02 - Stop sign,01 - Functioning,2,0,0,0,,0,,,,,383280.8309,5038255.813,45.47981576,-75.49612775,4633
15--13741,2015/11/25,12:39 PM,FERNBANK RD @ SMART CENTRE SC / 235 W OF TERRY FOX DR (0013536),13536,02 - Intersection related,03 - P.D. only,07 - SMV other,01 - Clear,01 - Daylight,01 - Dry,01 - Traffic signal,01 - Functioning,1,0,0,0,,0,,,,,354121.9537,5014963.635,45.27289972,-75.87140491,4634
15--13742,2015/11/25,2:00 AM,HIGHWAY 416 btwn HWY416 IC49 RAMP43 & HWY416 IC42 RAMP34 (__3ZAZJ7),__3ZAZJ7,01 - Non intersection,03 - P.D. only,07 - SMV other,01 - Clear,07 - Dark,01 - Dry,10 - No control,,1,0,0,0,,0,,,,,370406.0054,4996898.167,45.10901654,-75.66626521,4635
15--13743,2015/11/25,2:33 PM,REGIONAL ROAD 174 btwn Continuation of REGIONAL ROAD 174 & OR174 IC112 (__3ZA2YI),__3ZA2YI,01 - Non intersection,02 - Non-fatal injury,07 - SMV other,01 - Clear,01 - Daylight,01 - Dry,10 - No control,,1,0,0,0,01 - Minimal,1,1,,,,373979.8753,5032227.96,45.42656412,-75.61593173,4636
15--13744,2015/11/25,2:36 PM,MONTREAL RD @ OGILVIE RD (0009279),9279,02 - Intersection related,03 - P.D. only,05 - Turning movement,01 - Clear,01 - Daylight,01 - Dry,01 - Traffic signal,01 - Functioning,2,0,0,0,,0,,,,,375654.735,5034556.586,45.44734806,-75.59419573,4637