Anom_ID,Accident_Date,Accident_Time,Location,Geo_ID,Accident_Location,Classification_of_Accident,Initial_Impact_Type,Environment_Condition,Light,Road_Surface_Condition,Traffic_Control,Traffic_Control_Condition,No__of_Vehicles,No__of_Bicycles,No__of_Motorcycles,No__of_Pedestrians,Max_Injury,No__of_Injuries,No__of_Minimal,No__of_Minor,No__of_Major,No__of_Fatal,X,Y,Latitude,Longitude,ObjectId
15--13745,2015/11/25,2:55 PM,BRONSON AVE @ CATHERINE ST/RAYMOND ST (0007198),7198,03 - At intersection,03 - P.D. only,05 - Turning movement,01 - Clear,01 - Daylight,01 - Dry,01 - Traffic signal,01 - Functioning,2,0,0,0,,0,,,,,367253.4305,5029795.844,45.40531362,-75.70219017,4638
15--13746,2015/11/25,3:42 PM,KING EDWARD AVE NB btwn GUIGUES AVE & ST. PATRICK ST (__3ZA3XP),__3ZA3XP,01 - Non intersection,03 - P.D. only,04 - Sideswipe,01 - Clear,01 - Daylight,01 - Dry,10 - No control,,2,0,0,0,,0,,,,,368254.4671,5032852.778,45.43272884,-75.68901005,4639
15--13747,2015/11/25,4:19 AM,YORKS CORNERS RD btwn COOPER HILL RD & PANA RD (__3ZA6V4),__3ZA6V4,01 - Non intersection,03 - P.D. only,07 - SMV other,01 - Clear,07 - Dark,01 - Dry,10 - No control,,1,0,0,0,,0,,,,,387743.5727,5016143.064,45.28034957,-75.44276772,4640
15--13748,2015/11/25,4:53 PM,RUSSELL RD S @ ST. LAURENT BLVD (0007734),7734,03 - At intersection,02 - Non-fatal injury,05 - Turning movement,01 - Clear,07 - Dark,01 - Dry,01 - Traffic signal,01 - Functioning,2,0,0,0,02 - Minor,2,1,1,,,373571.1771,5029260.545,45.39990507,-75.62156802,4641
15--13749,2015/11/25,4:59 PM,LEGGET DR @ 386 W OF SCHNEIDER RD/MITEL ACCESS (0011779),11779,02 - Intersection related,03 - P.D. only,03 - Rear end,01 - Clear,05 - Dusk,01 - Dry,01 - Traffic signal,01 - Functioning,2,0,0,0,,0,,,,,351151.8956,5022465.776,45.34060799,-75.9085538,4642
15--1375,2015/01/22,10:28 AM,BANK ST @ SUNNYSIDE AVE (0007219),7219,02 - Intersection related,03 - P.D. only,03 - Rear end,01 - Clear,01 - Daylight,06 - Ice,01 - Traffic signal,01 - Functioning,2,0,0,0,,0,,,,,368732.781,5028581.067,45.39424989,-75.68345161,4643
15--13750,2015/11/25,5:06 PM,SARSFIELD RD btwn WATSON RD & MAGLADRY RD (__3ZA5GE),__3ZA5GE,01 - Non intersection,03 - P.D. only,04 - Sideswipe,01 - Clear,07 - Dark,01 - Dry,10 - No control,,2,0,0,0,,0,,,,,395930.6268,5032295.88,45.42465987,-75.33545587,4644
15--13751,2015/11/25,5:20 PM,MARCH RD btwn SOLANDT RD & STATION RD (__3ZA3CD),__3ZA3CD,01 - Non intersection,03 - P.D. only,03 - Rear end,01 - Clear,07 - Dark,01 - Dry,10 - No control,,2,0,0,0,,0,,,,,350501.8608,5022695.728,45.3427198,-75.91682651,4645
15--13752,2015/11/25,5:43 AM,MARCH VALLEY RD btwn RIDDELL DR & KLONDIKE RD (__3ZACJC),__3ZACJC,01 - Non intersection,03 - P.D. only,07 - SMV other,01 - Clear,07 - Dark,01 - Dry,10 - No control,,1,0,0,0,,0,,,,,348270.7965,5027188.785,45.38329116,-75.94489913,4646
15--13753,2015/11/25,5:44 PM,RUSSELL AVE @ LAURIER AVE (0007752),7752,03 - At intersection,03 - P.D. only,02 - Angle,01 - Clear,07 - Dark,01 - Dry,02 - Stop sign,01 - Functioning,2,0,0,0,,0,,,,,369037.1529,5032215.847,45.42692652,-75.67909092,4647
15--13754,2015/11/25,6:03 PM,MAYFAIR AVE @ RICHMOND RD (0006518),6518,02 - Intersection related,03 - P.D. only,05 - Turning movement,01 - Clear,07 - Dark,01 - Dry,02 - Stop sign,00 - Unknown,2,0,0,0,,0,,,,,364299.3629,5028957.976,45.39803199,-75.7400245,4648
15--13755,2015/11/25,6:12 PM,KANATA AVE @ TERRY FOX DR (0012691),12691,03 - At intersection,02 - Non-fatal injury,02 - Angle,01 - Clear,07 - Dark,01 - Dry,01 - Traffic signal,01 - Functioning,2,0,0,0,02 - Minor,1,,1,,,349306.5882,5019212.666,45.31145514,-75.932391,4649
15--13756,2015/11/25,6:12 PM,CARLING AVE @ KIRKWOOD AVE N (0002358),2358,02 - Intersection related,03 - P.D. only,03 - Rear end,01 - Clear,07 - Dark,01 - Dry,01 - Traffic signal,01 - Functioning,2,0,0,0,,0,,,,,364274.9702,5027492.812,45.38485079,-75.74051263,4650
15--13757,2015/11/25,6:15 PM,JEANNE D'ARC BLVD @ ORLEANS BLVD S (0004154),4154,03 - At intersection,02 - Non-fatal injury,05 - Turning movement,01 - Clear,07 - Dark,01 - Dry,01 - Traffic signal,01 - Functioning,2,0,0,0,01 - Minimal,2,2,,,,380941.0365,5036250.622,45.46203379,-75.52636306,4651
15--13758,2015/11/25,6:33 PM,ALBION RD @ HUNT CLUB RD (0006974),6974,02 - Intersection related,03 - P.D. only,03 - Rear end,01 - Clear,07 - Dark,01 - Dry,01 - Traffic signal,01 - Functioning,2,0,0,0,,0,,,,,371868.4544,5024321.599,45.35563148,-75.64398569,4652
15--13759,2015/11/25,6:40 PM,HERZBERG RD @ CARLING AVE (0003193),3193,02 - Intersection related,02 - Non-fatal injury,03 - Rear end,01 - Clear,07 - Dark,01 - Dry,01 - Traffic signal,01 - Functioning,2,0,0,0,01 - Minimal,1,1,,,,352037.62,5022299.771,45.33905517,-75.8972685,4653
15--1376,2015/01/22,10:30 PM,BANK ST @ DAVIDSON RD/LESTER RD (0008797),8797,02 - Intersection related,03 - P.D. only,07 - SMV other,01 - Clear,07 - Dark,06 - Ice,01 - Traffic signal,01 - Functioning,1,0,0,0,,0,,,,,373672.9791,5022922.67,45.34286954,-75.62115152,4654
15--13760,2015/11/25,6:48 AM,SNAKE ISLAND RD btwn KEARNS WAY & 5TH LINE RD (__3ZA2CU),__3ZA2CU,01 - Non intersection,03 - P.D. only,07 - SMV other,"07 - Fog, mist, smoke, dust",03 - Dawn,01 - Dry,10 - No control,,1,0,0,0,,0,,,,,378726.9016,5007017.451,45.19924668,-75.55903768,4655
15--13761,2015/11/25,6:55 AM,BLAIR RD @ REGIONAL RD 174 N/OR174 IC112 RAMP61 (0003617),3617,02 - Intersection related,02 - Non-fatal injury,03 - Rear end,"07 - Fog, mist, smoke, dust",03 - Dawn,01 - Dry,01 - Traffic signal,01 - Functioning,2,0,0,0,01 - Minimal,1,1,,,,374634.2016,5032993.103,45.43338343,-75.60746243,4656
15--13762,2015/11/25,6:55 AM,INNES RD @ TENTH LINE RD (0004633),4633,02 - Intersection related,03 - P.D. only,03 - Rear end,01 - Clear,03 - Dawn,06 - Ice,01 - Traffic signal,01 - Functioning,2,0,0,0,,0,,,,,383951.0383,5036160.283,45.46088647,-75.48789379,4657
15--13763,2015/11/25,7:01 PM,FALLOWFIELD RD @ GREENBANK RD (0000549),549,03 - At intersection,03 - P.D. only,05 - Turning movement,01 - Clear,07 - Dark,01 - Dry,01 - Traffic signal,01 - Functioning,2,0,0,0,,0,,,,,363081.3977,5016732.455,45.28813013,-75.75702038,4658
15--13764,2015/11/25,7:04 AM,CONROY RD @ QUEENSDALE AVE (0009365),9365,02 - Intersection related,02 - Non-fatal injury,03 - Rear end,01 - Clear,03 - Dawn,02 - Wet,02 - Stop sign,00 - Unknown,2,0,0,0,01 - Minimal,1,1,,,,374350.2984,5024043.151,45.35288435,-75.61235211,4659
15--13765,2015/11/25,7:54 AM,ALBION RD btwn DEL ZOTTO AVE & HIGH RD (__3ZBOF9),__3ZBOF9,01 - Non intersection,02 - Non-fatal injury,03 - Rear end,01 - Clear,01 - Daylight,01 - Dry,10 - No control,,4,0,0,0,02 - Minor,4,3,1,,,373986.7825,5019279.878,45.31006213,-75.61765676,4660
15--13766,2015/11/25,8:00 AM,ROCKCLIFFE PKWY btwn Continuation of ROCKCLIFFE PKWY & GL/OT BOUNDARY (__3ZA13Y),__3ZA13Y,01 - Non intersection,03 - P.D. only,03 - Rear end,01 - Clear,01 - Daylight,01 - Dry,10 - No control,,2,0,0,0,,0,,,,,372571.0282,5035860.166,45.45938279,-75.63343346,4661
15--13767,2015/11/25,8:07 AM,CLARKE AVE @ CLAUDE ST (0008551),8551,03 - At intersection,03 - P.D. only,02 - Angle,01 - Clear,01 - Daylight,01 - Dry,02 - Stop sign,01 - Functioning,2,0,0,0,,0,,,,,371952.9049,5033491.232,45.43812798,-75.64165967,4662
15--13768,2015/11/25,8:15 AM,HAWTHORNE RD @ HUNT CLUB RD (0007651),7651,02 - Intersection related,03 - P.D. only,04 - Sideswipe,01 - Clear,01 - Daylight,01 - Dry,01 - Traffic signal,01 - Functioning,2,0,0,0,,0,,,,,375509.916,5026406.529,45.37403295,-75.59721594,4663
15--13769,2015/11/25,8:15 AM,CITIPLACE DR @ TIVOLI PRIV (0011216),11216,02 - Intersection related,03 - P.D. only,06 - SMV unattended vehicle,01 - Clear,01 - Daylight,02 - Wet,02 - Stop sign,01 - Functioning,1,0,0,0,,0,,,,,366748.1389,5023479.318,45.34852387,-75.70943678,4664
15--1377,2015/01/22,10:43 AM,CONROY RD @ THURSTON DR (0011389),11389,03 - At intersection,03 - P.D. only,02 - Angle,01 - Clear,01 - Daylight,01 - Dry,01 - Traffic signal,01 - Functioning,2,0,0,0,,0,,,,,373204.5305,5026795.899,45.37776518,-75.62659237,4665
15--13770,2015/11/25,8:53 AM,RICHMOND RD @ LYNHAR RD/STAFFORD RD (0000155),155,02 - Intersection related,03 - P.D. only,99 - Other,01 - Clear,01 - Daylight,01 - Dry,01 - Traffic signal,01 - Functioning,2,0,0,0,,0,,,,,358135.0383,5021089.036,45.32772386,-75.81960376,4666
15--14056,2015/12/02,7:59 AM,GREENBANK RD @ HARRISON ST/ASHGROVE CRES (0000627),627,02 - Intersection related,03 - P.D. only,03 - Rear end,02 - Rain,01 - Daylight,02 - Wet,01 - Traffic signal,01 - Functioning,2,0,0,0,,0,,,,,360839.324,5022009.606,45.33579644,-75.78500355,4667
15--14328,2015/12/10,4:50 PM,COLONEL BY DR @ LEONARD AVE (0006906),6906,02 - Intersection related,03 - P.D. only,03 - Rear end,01 - Clear,05 - Dusk,01 - Dry,02 - Stop sign,00 - Unknown,2,0,0,0,,0,,,,,368233.7969,5028576.628,45.39425533,-75.68982456,4668
15--14057,2015/12/02,8:21 AM,MOODIE DR btwn WEST HUNT CLUB RD & ALTI PL (__3ZBOCW),__3ZBOCW,04 - At/near private drive,03 - P.D. only,05 - Turning movement,02 - Rain,01 - Daylight,02 - Wet,10 - No control,,2,0,0,0,,0,,,,,358497.2247,5017005.307,45.29095048,-75.81542617,4669
15--14058,2015/12/02,8:34 AM,RIVERSIDE DR btwn HERON RD & HOG'S BACK RD (__3ZA379),__3ZA379,01 - Non intersection,03 - P.D. only,04 - Sideswipe,02 - Rain,01 - Daylight,02 - Wet,10 - No control,,3,0,0,0,,0,,,,,368133.3793,5026542.528,45.37596216,-75.69136795,4670
15--14329,2015/12/10,5:01 PM,MILTON RD @ NAVAN RD (0004709),4709,02 - Intersection related,03 - P.D. only,03 - Rear end,01 - Clear,07 - Dark,01 - Dry,02 - Stop sign,00 - Unknown,3,0,0,0,,0,,,,,387269.5108,5031812.521,45.4213858,-75.44619602,4671
15--14059,2015/12/02,8:40 PM,ANDERSON RD btwn LEITRIM RD & EIGHTH LINE RD (__3ZA2B8),__3ZA2B8,01 - Non intersection,03 - P.D. only,07 - SMV other,01 - Clear,07 - Dark,02 - Wet,10 - No control,,1,0,0,0,,0,,,,,381079.7505,5023328.784,45.34575722,-75.52658839,4672
15--1433,2015/01/22,9:00 AM,LORRY GREENBERG DR btwn PIKE ST & FINLAND PRIV (__3ZA1VE),__3ZA1VE,01 - Non intersection,03 - P.D. only,06 - SMV unattended vehicle,01 - Clear,01 - Daylight,01 - Dry,10 - No control,,1,0,0,0,,0,,,,,373139.9153,5025413.297,45.36533139,-75.62760858,4673
15--1406,2015/01/22,5:20 PM,HUNT CLUB RD @ LORRY GREENBERG DR/SABLE RIDGE  (0008203),8203,02 - Intersection related,03 - P.D. only,03 - Rear end,01 - Clear,05 - Dusk,01 - Dry,01 - Traffic signal,01 - Functioning,2,0,0,0,,0,,,,,372822.7748,5024807.023,45.35990722,-75.63174001,4674
15--14330,2015/12/10,5:23 PM,MERIVALE RD btwn COLONNADE RD & WOODFIELD DR/ROYDON PL (__3ZA33E),__3ZA33E,01 - Non intersection,03 - P.D. only,04 - Sideswipe,01 - Clear,07 - Dark,01 - Dry,10 - No control,,2,0,0,0,,0,,,,,365416.4026,5022413.81,45.33905294,-75.72656099,4675
15--14331,2015/12/10,5:34 PM,ELGIN ST @ MACLAREN ST (0006937),6937,02 - Intersection related,03 - P.D. only,04 - Sideswipe,01 - Clear,07 - Dark,01 - Dry,01 - Traffic signal,00 - Unknown,2,0,0,0,,0,,,,,368209.4354,5031126.575,45.41720115,-75.68980774,4676
15--14332,2015/12/10,5:37 PM,WOODROFFE AVE @ ALGONQUIN COLLEGE/TRANSITWAY S (0004682),4682,02 - Intersection related,03 - P.D. only,03 - Rear end,01 - Clear,07 - Dark,01 - Dry,01 - Traffic signal,01 - Functioning,2,0,0,0,,0,,,,,362823.6879,5023270.506,45.34698065,-75.75953958,4677
15--14333,2015/12/10,6:00 PM,CATHERINE ST @ METCALFE ST (0011239),11239,03 - At intersection,03 - P.D. only,05 - Turning movement,01 - Clear,07 - Dark,01 - Dry,01 - Traffic signal,01 - Functioning,2,0,0,0,,0,,,,,368392.9847,5030485.841,45.41141939,-75.68754542,4678
15--14334,2015/12/10,6:06 PM,PLEASANT PARK RD btwn LEMAY CRES & SAUNDERSON DR (__3ZA757),__3ZA757,01 - Non intersection,03 - P.D. only,03 - Rear end,01 - Clear,07 - Dark,01 - Dry,10 - No control,,2,0,0,0,,0,,,,,373134.8249,5028667.38,45.39461076,-75.62722318,4679
15--14335,2015/12/10,6:26 PM,BOUNDARY RD btwn DEVINE RD & PARKWAY RD (__3ZA3X5),__3ZA3X5,01 - Non intersection,03 - P.D. only,07 - SMV other,02 - Rain,07 - Dark,02 - Wet,10 - No control,,1,0,0,0,,0,,,,,388797.6592,5020313.402,45.3177457,-75.42862779,4680
15--14336,2015/12/10,6:30 AM,FALLOWFIELD RD @ GREENBANK RD (0000549),549,03 - At intersection,02 - Non-fatal injury,05 - Turning movement,01 - Clear,07 - Dark,02 - Wet,01 - Traffic signal,01 - Functioning,2,0,0,0,01 - Minimal,1,1,,,,363080.6757,5016731.733,45.28812369,-75.75702967,4681
15--14337,2015/12/10,6:47 PM,RIVERSIDE DR NB btwn BILLINGS BRIDGE SC RAMP SB & BILLINGS BRIDGE SC R (__3ZA1KV),__3ZA1KV,01 - Non intersection,03 - P.D. only,04 - Sideswipe,01 - Clear,07 - Dark,01 - Dry,10 - No control,,2,0,0,0,,0,,,,,369239.0131,5027818.019,45.38733783,-75.67708634,4682
15--14338,2015/12/10,7:52 AM,OR174 IC109 RAMP65 @ MONTREAL RD (0004119),4119,02 - Intersection related,03 - P.D. only,03 - Rear end,02 - Rain,01 - Daylight,02 - Wet,01 - Traffic signal,01 - Functioning,2,0,0,0,,0,,,,,376402.9868,5034982.095,45.45110027,-75.5845694,4683
15--14339,2015/12/10,7:56 PM,WOODROFFE AVE btwn KNOXDALE RD/MEDHURST DR & NORICE ST (__3ZA3JO),__3ZA3JO,01 - Non intersection,03 - P.D. only,03 - Rear end,01 - Clear,07 - Dark,01 - Dry,10 - No control,,2,0,0,0,,0,,,,,363371.3145,5021947.787,45.33503341,-75.75270832,4684
15--1434,2015/01/22,9:07 PM,LAURIER AVE   E btwn LAURIER AVE W & NICHOLAS ST (__3E4JGF),__3E4JGF,01 - Non intersection,03 - P.D. only,05 - Turning movement,01 - Clear,07 - Dark,02 - Wet,10 - No control,,2,0,0,0,,0,,,,,368303.8591,5031755.06,45.42284748,-75.68852039,4685
15--14340,2015/12/10,8:00 AM,ALTA VISTA DR @ KILBORN AVE (0008082),8082,02 - Intersection related,03 - P.D. only,07 - SMV other,01 - Clear,01 - Daylight,02 - Wet,01 - Traffic signal,01 - Functioning,1,0,0,0,,0,,,,,370365.7231,5027751.539,45.3866351,-75.66270813,4686
15--14341,2015/12/10,8:07 AM,JEANNE D'ARC BLVD  S btwn WOODCLIFFE PRIV & HENRI LAUZON ST (__3ZA2BM),__3ZA2BM,01 - Non intersection,03 - P.D. only,03 - Rear end,01 - Clear,01 - Daylight,02 - Wet,10 - No control,,2,0,0,0,,0,,,,,380206.454,5036209.988,45.46174787,-75.53576126,4687
15--14342,2015/12/10,8:31 AM,BAYSHORE DR @ WOODRIDGE CRES N (0001209),1209,03 - At intersection,02 - Non-fatal injury,07 - SMV other,01 - Clear,01 - Daylight,01 - Dry,01 - Traffic signal,01 - Functioning,1,0,0,1,02 - Minor,1,,1,,,359074.315,5023875.8,45.35272724,-75.80731656,4688
15--14343,2015/12/10,8:45 AM,MERIVALE RD @ BONGARD AVE (0000588),588,02 - Intersection related,02 - Non-fatal injury,03 - Rear end,01 - Clear,01 - Daylight,02 - Wet,02 - Stop sign,00 - Unknown,3,0,0,0,01 - Minimal,2,2,,,,365866.9837,5021316.101,45.32913683,-75.72094774,4689
15--14344,2015/12/10,8:50 AM,WOODROFFE AVE btwn GRENFELL CRES & 260 N OF FALLOWFIELD RD/TRANSITWAY  (__3ZA3IO),__3ZA3IO,05 - At railway crossing,03 - P.D. only,03 - Rear end,01 - Clear,01 - Daylight,01 - Dry,10 - No control,,2,0,0,0,,0,,,,,364958.7962,5018212.215,45.30128675,-75.73290966,4690
15--14345,2015/12/10,9:18 AM,MANN AVE btwn GREENFIELD AVE & KING EDWARD AVE (__3ZA3C6),__3ZA3C6,01 - Non intersection,03 - P.D. only,04 - Sideswipe,01 - Clear,01 - Daylight,01 - Dry,10 - No control,,2,0,0,0,,0,,,,,369170.856,5031328.969,45.41893443,-75.67749834,4691
15--14346,2015/12/10,9:31 AM,ELGIN ST @ SLATER ST (0002228),2228,03 - At intersection,03 - P.D. only,02 - Angle,01 - Clear,01 - Daylight,02 - Wet,01 - Traffic signal,01 - Functioning,2,0,0,0,,0,,,,,367889.9857,5031646.575,45.42190882,-75.69382241,4692
15--14347,2015/12/10,9:39 PM,CARLING AVE @ RICHMOND RD (0010847),10847,02 - Intersection related,02 - Non-fatal injury,03 - Rear end,01 - Clear,07 - Dark,01 - Dry,01 - Traffic signal,01 - Functioning,2,0,0,0,01 - Minimal,1,1,,,,360243.5129,5024782.234,45.36079185,-75.79229398,4693
15--14348,2015/12/11,1:15 PM,FAIRWAY DR btwn MARINA DR & BUNKER RD (__3ZA72N),__3ZA72N,04 - At/near private drive,03 - P.D. only,02 - Angle,01 - Clear,01 - Daylight,01 - Dry,10 - No control,,2,0,0,0,,0,,,,,372741.5167,5003644.626,45.16950054,-75.63567165,4694
15--14349,2015/12/11,1:26 PM,ST. JOSEPH BLVD/OLD MONTREAL RD @ TRIM RD (0004118),4118,03 - At intersection,03 - P.D. only,02 - Angle,01 - Clear,01 - Daylight,01 - Dry,11 - Roundabout,01 - Functioning,2,0,0,0,,0,,,,,384682.032,5039285.582,45.48892171,-75.47803988,4695
15--1435,2015/01/22,9:15 AM,CASTLE HILL CRES btwn GREYROCK CRES & BONNIE CRES (__3ZAAQ5),__3ZAAQ5,04 - At/near private drive,03 - P.D. only,02 - Angle,01 - Clear,01 - Daylight,05 - Packed snow,10 - No control,,2,0,0,0,,0,,,,,363641.8274,5025571.648,45.3676179,-75.748826,4696
15--14350,2015/12/11,1:38 PM,BELGREEN DR btwn STEVENAGE DR & RUSSELL RD (__3ZA7PG),__3ZA7PG,01 - Non intersection,03 - P.D. only,06 - SMV unattended vehicle,01 - Clear,01 - Daylight,01 - Dry,10 - No control,,1,0,0,0,,0,,,,,375830.572,5027346.463,45.38245757,-75.59298729,4697
15--14351,2015/12/11,1:45 PM,HWY 417 TERRYFO IC140R61 @ TERRY FOX DR (0011777),11777,03 - At intersection,03 - P.D. only,03 - Rear end,01 - Clear,01 - Daylight,01 - Dry,01 - Traffic signal,01 - Functioning,2,0,0,0,,0,,,,,350808.3462,5018709.573,45.30683139,-75.91328622,4698
15--14352,2015/12/11,1:49 PM,HAWTHORNE RD btwn STEVENAGE DR & HUNT CLUB RD (__3ZA2E8),__3ZA2E8,01 - Non intersection,03 - P.D. only,07 - SMV other,04 - Freezing Rain,01 - Daylight,02 - Wet,10 - No control,,1,0,0,0,,0,,,,,375316.8605,5026873.851,45.37825714,-75.59961373,4699
15--14353,2015/12/11,10:18 AM,PLACE D'ORLEANS DR btwn TO BE DETERMINED & TURN LANE (__6K6QSG),__6K6QSG,01 - Non intersection,03 - P.D. only,07 - SMV other,01 - Clear,01 - Daylight,02 - Wet,10 - No control,,1,0,0,0,,0,,,,,381896.386,5038299.479,45.48036288,-75.51382709,4700
15--14354,2015/12/11,10:24 AM,FRIEL ST @ LAURIER AVE (0007753),7753,03 - At intersection,03 - P.D. only,05 - Turning movement,01 - Clear,01 - Daylight,01 - Dry,02 - Stop sign,00 - Unknown,2,0,0,0,,0,,,,,368998.4284,5032192.3,45.42671821,-75.67958881,4701
15--14355,2015/12/11,10:36 PM,MARCHURST RD btwn RIDGETOP RD & JOHN ASELFORD DRWY (__3ZAC8N),__3ZAC8N,01 - Non intersection,03 - P.D. only,07 - SMV other,01 - Clear,07 - Dark,02 - Wet,10 - No control,,1,0,0,0,,0,,,,,341952.5953,5027717.008,45.38840787,-76.0255367,4702
15--14356,2015/12/11,10:37 AM,INDUSTRIAL AVE btwn NEIGHBORHOOD WAY & TRAINYARDS DR (__6N4VKM),__6N4VKM,04 - At/near private drive,03 - P.D. only,03 - Rear end,01 - Clear,01 - Daylight,01 - Dry,10 - No control,,2,0,0,0,,0,,,,,371378.6588,5030554.522,45.41175968,-75.64939574,4703
15--14357,2015/12/11,10:38 AM,HWY417 IC96 RAMP15 btwn BOUNDARY RD & RAMP (__3ZAY85),__3ZAY85,01 - Non intersection,03 - P.D. only,07 - SMV other,01 - Clear,01 - Daylight,01 - Dry,10 - No control,,1,0,0,0,,0,,,,,387295.6064,5023697.122,45.34836772,-75.4472189,4704
15--14358,2015/12/11,10:52 PM,SHAKESPEARE ST btwn BRADLEY AVE & STE. ANNE ST (__3ZA8WF),__3ZA8WF,01 - Non intersection,03 - P.D. only,06 - SMV unattended vehicle,01 - Clear,07 - Dark,01 - Dry,10 - No control,,1,0,0,0,,0,,,,,370449.5181,5033633.665,45.43955231,-75.66085469,4705
15--14359,2015/12/11,10:56 AM,SNAKE ISLAND RD btwn 5TH LINE RD & GREY'S CREEK RD (__3ZA2CW),__3ZA2CW,01 - Non intersection,03 - P.D. only,07 - SMV other,01 - Clear,01 - Daylight,01 - Dry,10 - No control,,1,0,0,0,,0,,,,,380290.9392,5008011.278,45.20802303,-75.5389824,4706
15--1436,2015/01/22,9:18 AM,LAURIER AVE @ QUEEN ELIZABETH DRWY/LAURIER AVE (0011416),11416,02 - Intersection related,02 - Non-fatal injury,03 - Rear end,01 - Clear,01 - Daylight,01 - Dry,01 - Traffic signal,01 - Functioning,2,0,0,0,02 - Minor,1,,1,,,368073.8553,5031624.041,45.42168946,-75.69147601,4707
15--14360,2015/12/11,11:05 AM,MORRISON DR @ BASELINE RD (0002570),2570,03 - At intersection,02 - Non-fatal injury,02 - Angle,01 - Clear,01 - Daylight,01 - Dry,01 - Traffic signal,01 - Functioning,2,0,0,0,02 - Minor,1,,1,,,360100.3892,5022309.494,45.33855346,-75.79439725,4708
15--14361,2015/12/11,11:22 AM,ST. JEAN ST @ ST. JOSEPH BLVD (0004137),4137,03 - At intersection,03 - P.D. only,02 - Angle,01 - Clear,01 - Daylight,01 - Dry,01 - Traffic signal,01 - Functioning,2,0,0,0,,0,,,,,380968.2933,5037202.313,45.47059336,-75.52586709,4709
15--14362,2015/12/11,11:56 AM,BASELINE RD @ LOBLAWS SC (0009097),9097,02 - Intersection related,02 - Non-fatal injury,03 - Rear end,01 - Clear,01 - Daylight,01 - Dry,01 - Traffic signal,01 - Functioning,3,0,0,0,02 - Minor,1,,1,,,364742.1096,5025129.316,45.36354463,-75.73483472,4710
15--14363,2015/12/11,Unknown,LEPAGE AVE btwn CAVAN ST & KIRKWOOD AVE (__3ZAA6T),__3ZAA6T,01 - Non intersection,03 - P.D. only,06 - SMV unattended vehicle,01 - Clear,00 - Unknown,01 - Dry,10 - No control,,1,0,0,0,,0,,,,,364667.7329,5026561.81,45.37644034,-75.73561045,4711
15--14364,2015/12/11,12:15 PM,PARKDALE AVE btwn RUSKIN ST & INGLEWOOD PL (__3ZBOD1),__3ZBOD1,04 - At/near private drive,03 - P.D. only,06 - SMV unattended vehicle,01 - Clear,01 - Daylight,01 - Dry,10 - No control,,1,0,0,0,,0,,,,,365564.559,5028321.088,45.39219275,-75.72394428,4712
15--14365,2015/12/11,12:16 PM,RIVERSIDE DR @ TREMBLAY RD/HWY417 IC117 RAMP52 (0010790),10790,02 - Intersection related,03 - P.D. only,04 - Sideswipe,01 - Clear,01 - Daylight,01 - Dry,01 - Traffic signal,01 - Functioning,2,0,0,0,,0,,,,,370802.0781,5031015.186,45.41595916,-75.6566996,4713
15--14366,2015/12/11,12:50 PM,HERON RD @ JEFFERSON ST (0007192),7192,03 - At intersection,02 - Non-fatal injury,02 - Angle,01 - Clear,01 - Daylight,01 - Dry,01 - Traffic signal,02 - Not functioning,2,0,0,0,02 - Minor,1,,1,,,371808.4536,5027053.157,45.38021479,-75.64438092,4714
15--14367,2015/12/11,2:00 AM,HUNT CLUB RD @ HWY417 HUNT CLUB IC109 RAMP52 (0017210),17210,02 - Intersection related,03 - P.D. only,07 - SMV other,01 - Clear,07 - Dark,01 - Dry,02 - Stop sign,01 - Functioning,1,0,0,0,,0,,,,,376416.5641,5027444.644,45.38328129,-75.58549128,4715
15--14368,2015/12/11,3:00 PM,BRAMBLEGROVE CRES @ BRIERMOOR CRES W (0008581),8581,03 - At intersection,03 - P.D. only,02 - Angle,01 - Clear,01 - Daylight,02 - Wet,10 - No control,,2,0,0,0,,0,,,,,373456.3224,5025707.785,45.36795015,-75.62352905,4716
15--14369,2015/12/11,3:00 PM,BASELINE RD btwn GREENBANK RD & MCWATTERS RD (__3ZA4MM),__3ZA4MM,01 - Non intersection,03 - P.D. only,03 - Rear end,01 - Clear,01 - Daylight,01 - Dry,10 - No control,,2,0,0,0,,0,,,,,360729.0922,5022662.479,45.34167978,-75.78633607,4717
15--1437,2015/01/22,9:33 AM,PINECREST RD @ RICHMOND RD (0002353),2353,02 - Intersection related,03 - P.D. only,03 - Rear end,01 - Clear,01 - Daylight,03 - Loose snow,01 - Traffic signal,01 - Functioning,2,0,0,0,,0,,,,,360071.7066,5024469.103,45.35798787,-75.79452184,4718
15--14370,2015/12/11,3:07 PM,CITY PARK DR btwn AMBASSADOR AVE & OGILVIE RD (__3ZA4B7),__3ZA4B7,04 - At/near private drive,03 - P.D. only,99 - Other,01 - Clear,01 - Daylight,01 - Dry,10 - No control,,2,0,0,0,,0,,,,,374254.1667,5032877.612,45.43238216,-75.61233528,4719
15--14371,2015/12/11,3:39 PM,QUEENSDALE AVE @ ALBION RD (0009565),9565,03 - At intersection,03 - P.D. only,01 - Approaching,02 - Rain,01 - Daylight,02 - Wet,02 - Stop sign,01 - Functioning,2,0,0,0,,0,,,,,372446.741,5022923.957,45.34300044,-75.63679687,4720
15--14372,2015/12/11,3:43 PM,NINTH LINE RD btwn RAMSAYVILLE RD & ANDERSON RD (__3ZA6G3),__3ZA6G3,01 - Non intersection,03 - P.D. only,99 - Other,02 - Rain,01 - Daylight,02 - Wet,10 - No control,,2,0,0,0,,0,,,,,381800.5384,5020981.706,45.32456093,-75.51775689,4721