Anom_ID,Accident_Date,Accident_Time,Location,Geo_ID,Accident_Location,Classification_of_Accident,Initial_Impact_Type,Environment_Condition,Light,Road_Surface_Condition,Traffic_Control,Traffic_Control_Condition,No__of_Vehicles,No__of_Bicycles,No__of_Motorcycles,No__of_Pedestrians,Max_Injury,No__of_Injuries,No__of_Minimal,No__of_Minor,No__of_Major,No__of_Fatal,X,Y,Latitude,Longitude,ObjectId
15--14373,2015/12/11,4:08 PM,BRONSON AVE btwn BRONSON AVE SB ON RAMP 43 & SUNNYSIDE AVE/UNIVERSITY  (__3ZA3NU),__3ZA3NU,01 - Non intersection,03 - P.D. only,03 - Rear end,02 - Rain,05 - Dusk,02 - Wet,10 - No control,,2,0,0,0,,0,,,,,367916.9339,5028101.655,45.39001029,-75.69393188,4722
15--14374,2015/12/11,4:16 PM,OTTAWA RIVER PKWY @ VIMY PLACE PRIV (0012251),12251,03 - At intersection,03 - P.D. only,05 - Turning movement,02 - Rain,05 - Dusk,02 - Wet,01 - Traffic signal,01 - Functioning,2,0,0,0,,0,,,,,365974.8214,5030797.633,45.41444037,-75.71839787,4723
15--14375,2015/12/11,4:40 PM,REGIONAL ROAD 174 btwn TRANSIT & OR174 IC109 RAMP54 (__3ZAZ6V),__3ZAZ6V,01 - Non intersection,02 - Non-fatal injury,03 - Rear end,02 - Rain,05 - Dusk,02 - Wet,10 - No control,,3,0,0,0,01 - Minimal,1,1,,,,376020.4758,5033992.524,45.44223581,-75.58960235,4724
15--14376,2015/12/11,4:45 PM,WEST HUNT CLUB RD @ ROYDON PL/SUNDERLAND ST (0009775),9775,02 - Intersection related,03 - P.D. only,04 - Sideswipe,02 - Rain,05 - Dusk,02 - Wet,01 - Traffic signal,01 - Functioning,2,0,0,0,,0,,,,,365972.9856,5022170.212,45.33681277,-75.71949001,4725
15--14377,2015/12/11,4:46 PM,RIVERSIDE DR NB btwn INDUSTRIAL AVE & TREMBLAY RD (__3ZA4SE),__3ZA4SE,01 - Non intersection,02 - Non-fatal injury,03 - Rear end,02 - Rain,05 - Dusk,02 - Wet,10 - No control,,2,0,0,0,01 - Minimal,3,3,,,,370717.9316,5030692.192,45.41306092,-75.65781781,4726
15--14378,2015/12/11,4:48 AM,GEORGE ST @ DALHOUSIE ST (0008516),8516,03 - At intersection,03 - P.D. only,02 - Angle,01 - Clear,07 - Dark,02 - Wet,01 - Traffic signal,01 - Functioning,2,0,0,0,,0,,,,,368156.9756,5032316.312,45.42791075,-75.69032495,4727
15--14379,2015/12/11,4:48 PM,PARKDALE AVE btwn GLADSTONE AVE & FOSTER ST (__3ZA4PB),__3ZA4PB,01 - Non intersection,02 - Non-fatal injury,03 - Rear end,02 - Rain,05 - Dusk,02 - Wet,10 - No control,,2,0,0,0,01 - Minimal,1,1,,,,365223.1999,5029107.731,45.39930033,-75.7282072,4728
15--1438,2015/01/22,9:49 AM,ROWALLEN PL btwn SHELLBROOK WAY & SHELLBROOK WAY (__4WKB67),__4WKB67,04 - At/near private drive,03 - P.D. only,02 - Angle,01 - Clear,01 - Daylight,04 - Slush,10 - No control,,2,0,0,0,,0,,,,,372986.2208,5026002.517,45.37064793,-75.62948901,4729
15--14380,2015/12/11,5:02 PM,BRIDGE ST btwn MANOTICK MAIN ST & DICKINSON CIRC (__3ZA388),__3ZA388,01 - Non intersection,03 - P.D. only,03 - Rear end,02 - Rain,07 - Dark,02 - Wet,10 - No control,,2,0,0,0,,0,,,,,368775.9139,5010004.078,45.22709354,-75.68529918,4730
15--14381,2015/12/11,5:05 PM,PRINCE OF WALES DR btwn GREENBANK RD & PRINCE OF WALES DR (__3ZA2UU),__3ZA2UU,01 - Non intersection,03 - P.D. only,03 - Rear end,02 - Rain,07 - Dark,02 - Wet,10 - No control,,2,0,0,0,,0,,,,,366203.8573,5009531.829,45.22307316,-75.71810814,4731
15--14382,2015/12/11,5:40 PM,TERRY FOX DR @ EDGEWATER ST/WALTER BAKER PL (0002699),2699,02 - Intersection related,03 - P.D. only,03 - Rear end,01 - Clear,07 - Dark,02 - Wet,01 - Traffic signal,01 - Functioning,2,0,0,0,,0,,,,,351774.2993,5017617.79,45.29694331,-75.90107218,4732
15--14383,2015/12/11,5:41 PM,OXBOW AVE @ PLEASANT PARK RD (0008008),8008,03 - At intersection,03 - P.D. only,02 - Angle,02 - Rain,07 - Dark,02 - Wet,02 - Stop sign,01 - Functioning,2,0,0,0,,0,,,,,371609.4585,5028605.273,45.39419914,-75.64671147,4733
15--14384,2015/12/11,5:49 PM,WALKLEY RD btwn HALIFAX DR & ST. LAURENT BLVD (__3ZA2EL),__3ZA2EL,04 - At/near private drive,03 - P.D. only,02 - Angle,01 - Clear,07 - Dark,02 - Wet,10 - No control,,2,0,0,0,,0,,,,,373888.3097,5028037.469,45.38886917,-75.61768896,4734
15--14385,2015/12/11,6:00 PM,BASELINE RD @ CLYDE AVE (0002343),2343,02 - Intersection related,03 - P.D. only,03 - Rear end,02 - Rain,07 - Dark,02 - Wet,01 - Traffic signal,01 - Functioning,2,0,0,0,,0,,,,,364357.9813,5024890.513,45.36142866,-75.73976649,4735
15--14386,2015/12/11,6:00 PM,INNES RD @ 260 E OF BELCOURT BLVD/WALMART SC (0012533),12533,03 - At intersection,03 - P.D. only,02 - Angle,02 - Rain,07 - Dark,02 - Wet,01 - Traffic signal,01 - Functioning,2,0,0,0,,0,,,,,382347.4876,5035399.188,45.45421861,-75.50851533,4736
15--14387,2015/12/11,6:01 PM,EARL GREY DR @ ROLAND MICHENER DR (0011836),11836,03 - At intersection,03 - P.D. only,05 - Turning movement,02 - Rain,07 - Dark,02 - Wet,02 - Stop sign,01 - Functioning,2,0,0,0,,0,,,,,350772.9693,5018945.639,45.30895789,-75.91371544,4737
15--14388,2015/12/11,6:02 PM,HAWTHORNE AVE btwn COLONEL BY DR & MAIN ST (__3ZA2FX),__3ZA2FX,01 - Non intersection,03 - P.D. only,05 - Turning movement,01 - Clear,07 - Dark,01 - Dry,10 - No control,,2,0,0,0,,0,,,,,368859.4665,5030577.85,45.41220471,-75.68157437,4738
15--14389,2015/12/11,6:04 PM,CARLING AVE btwn BAYFIELD AVE & BURKE RD (__3ZA4Z2),__3ZA4Z2,01 - Non intersection,03 - P.D. only,07 - SMV other,01 - Clear,07 - Dark,02 - Wet,10 - No control,,1,0,0,0,,0,,,,,352687.4997,5022571.251,45.34145394,-75.88895051,4739
15--1439,2015/01/22,9:55 PM,RIDDELL DR @ SIXTH LINE RD (0003691),3691,02 - Intersection related,03 - P.D. only,07 - SMV other,01 - Clear,07 - Dark,06 - Ice,10 - No control,,1,0,0,0,,0,,,,,350155.6258,5029097.041,45.40034243,-75.92065658,4740
15--14390,2015/12/11,6:15 PM,BASELINE RD @ 207 E OF CLYDE AVE (0008213),8213,02 - Intersection related,03 - P.D. only,03 - Rear end,02 - Rain,07 - Dark,02 - Wet,01 - Traffic signal,01 - Functioning,3,0,0,0,,0,,,,,364535.4807,5025000.253,45.36240098,-75.73748771,4741
15--14391,2015/12/11,6:19 PM,CYR AVE @ MONTREAL RD (0009803),9803,03 - At intersection,03 - P.D. only,05 - Turning movement,01 - Clear,07 - Dark,01 - Dry,02 - Stop sign,00 - Unknown,3,0,0,0,,0,,,,,370220.7094,5033150.034,45.43522225,-75.66384333,4742
15--14392,2015/12/11,6:42 PM,MARCH RD @ TERON RD (0011926),11926,03 - At intersection,02 - Non-fatal injury,07 - SMV other,02 - Rain,07 - Dark,02 - Wet,01 - Traffic signal,01 - Functioning,1,0,0,1,01 - Minimal,1,1,,,,351413.708,5021782.159,45.33443932,-75.90527767,4743
15--14393,2015/12/11,6:51 AM,BANK ST btwn 73 N OF EVANS BLVD & EVANS AVE (__3ZA3BJB),__3ZA3BJB,01 - Non intersection,02 - Non-fatal injury,04 - Sideswipe,01 - Clear,07 - Dark,02 - Wet,10 - No control,,2,0,0,0,01 - Minimal,1,1,,,,369906.4453,5027081.242,45.38064683,-75.66866102,4744
15--14394,2015/12/11,6:52 AM,CENTER ST @ MONTREAL RD (0002691),2691,03 - At intersection,03 - P.D. only,02 - Angle,01 - Clear,03 - Dawn,01 - Dry,02 - Stop sign,01 - Functioning,2,0,0,0,,0,,,,,371821.7081,5033952.31,45.44228913,-75.64327364,4745
15--14395,2015/12/11,6:56 AM,HOLLAND AVE/TUNNEY'S PASTURE @ SCOTT ST (0006494),6494,02 - Intersection related,02 - Non-fatal injury,07 - SMV other,01 - Clear,03 - Dawn,02 - Wet,01 - Traffic signal,01 - Functioning,1,0,0,1,01 - Minimal,1,1,,,,364736.975,5029594.835,45.40372499,-75.73435805,4746
15--14396,2015/12/11,6:57 PM,TERRY FOX DR S @ DIDSBURY RD/CENTRUM KANATA SC (0011820),11820,03 - At intersection,03 - P.D. only,05 - Turning movement,01 - Clear,07 - Dark,01 - Dry,01 - Traffic signal,01 - Functioning,2,0,0,0,,0,,,,,350623.9341,5018918.007,45.30871899,-75.91561851,4747
15--14397,2015/12/11,7:06 AM,ALTA VISTA DR @ SMYTH RD (0011353),11353,02 - Intersection related,03 - P.D. only,05 - Turning movement,01 - Clear,03 - Dawn,01 - Dry,01 - Traffic signal,01 - Functioning,2,0,0,0,,0,,,,,370432.7159,5029082.28,45.39860236,-75.6616757,4748
15--14398,2015/12/11,8:17 PM,MEADOWLANDS DR/TALLWOOD DR @ WOODROFFE AVE (0000095),95,02 - Intersection related,02 - Non-fatal injury,03 - Rear end,01 - Clear,07 - Dark,02 - Wet,01 - Traffic signal,01 - Functioning,2,0,0,0,01 - Minimal,1,1,,,,363055.9676,5022729.772,45.34209591,-75.75663931,4749
15--14399,2015/12/11,8:26 PM,ROGER STEVENS DR btwn DWYER HILL RD & MALAKOFF RD (__3ZA4ZQ),__3ZA4ZQ,01 - Non intersection,03 - P.D. only,07 - SMV other,02 - Rain,07 - Dark,02 - Wet,10 - No control,,1,0,0,0,,0,,,,,359087.7066,4993252.391,45.07716972,-75.81048387,4750
15--144,2015/01/04,2:29 PM,HIGHWAY 416 btwn HWY416 IC66 RAMP62 & HWY416 IC72 RAMP24 (__3ZAZMZ),__3ZAZMZ,01 - Non intersection,03 - P.D. only,07 - SMV other,04 - Freezing Rain,01 - Daylight,04 - Slush,10 - No control,,1,0,0,0,,0,,,,,360308.3754,5017864.517,45.29854099,-75.79224179,4751
15--1440,2015/01/23,1:16 PM,KNUDSON DR btwn GOULDING CRES & WESLOCK WAY (__3ZA5J6),__3ZA5J6,04 - At/near private drive,03 - P.D. only,02 - Angle,01 - Clear,01 - Daylight,01 - Dry,10 - No control,,2,0,0,0,,0,,,,,350834.2518,5020726.538,45.32497885,-75.91276845,4752
15--13787,2015/11/26,2:33 PM,PRESTON ST btwn LOUISA ST & ST. ANTHONY ST (__3ZA2G7),__3ZA2G7,04 - At/near private drive,03 - P.D. only,02 - Angle,02 - Rain,01 - Daylight,02 - Wet,10 - No control,,2,0,0,0,,0,,,,,366536.7012,5029605.065,45.40366062,-75.71136902,4753
15--14412,2015/12/12,11:00 AM,CROSSCUT TER btwn MILLSTREAM WAY & PIMLICO CRES (__3ZAZ3W),__3ZAZ3W,04 - At/near private drive,03 - P.D. only,99 - Other,01 - Clear,01 - Daylight,01 - Dry,10 - No control,,2,0,0,0,,0,,,,,371338.4474,5023689.135,45.34999127,-75.65083468,4754
15--14060,2015/12/02,8:46 AM,BORRISOKANE RD/TARTAN DR @ STRANDHERD DR (0010634),10634,02 - Intersection related,03 - P.D. only,03 - Rear end,02 - Rain,01 - Daylight,02 - Wet,01 - Traffic signal,01 - Functioning,2,0,0,0,,0,,,,,362291.2126,5013546.13,45.25952448,-75.7674619,4755
15--13788,2015/11/26,2:42 PM,REGIONAL ROAD 174 btwn OR174 IC109 RAMP56 & OR174 IC109 RAMP86 (__3ZA28W),__3ZA28W,01 - Non intersection,03 - P.D. only,06 - SMV unattended vehicle,02 - Rain,01 - Daylight,02 - Wet,10 - No control,,1,0,0,0,,0,,,,,376410.9291,5034896.896,45.45033289,-75.58448027,4756
15--14061,2015/12/02,8:47 PM,LAURIER AVE @ NICHOLAS ST (0010711),10711,03 - At intersection,03 - P.D. only,07 - SMV other,01 - Clear,07 - Dark,01 - Dry,01 - Traffic signal,01 - Functioning,1,0,0,0,,0,,,,,368374.359,5031798.992,45.42323637,-75.68761394,4757
15--13789,2015/11/26,2:58 PM,CARLING AVE @ BAYSHORE DR/BIRCHDALE AVE (0000021),21,03 - At intersection,03 - P.D. only,02 - Angle,01 - Clear,01 - Daylight,01 - Dry,01 - Traffic signal,01 - Functioning,2,0,0,0,,0,,,,,359004.149,5023989.89,45.35375925,-75.80819949,4758
15--14062,2015/12/02,9:01 AM,KATIMAVIK RD @ CURRAN ST/DAVIS AVE (0003528),3528,02 - Intersection related,02 - Non-fatal injury,03 - Rear end,02 - Rain,01 - Daylight,02 - Wet,02 - Stop sign,01 - Functioning,2,0,0,0,01 - Minimal,1,1,,,,351461.8451,5018493.711,45.3048459,-75.90497335,4759
15--1379,2015/01/22,11:30 AM,ISABELLA ST btwn O'CONNOR ST & METCALFE ST (__3ZA3PW),__3ZA3PW,01 - Non intersection,03 - P.D. only,03 - Rear end,01 - Clear,01 - Daylight,01 - Dry,10 - No control,,2,0,0,0,,0,,,,,368382.3914,5030362.601,45.41031148,-75.68769664,4760
15--14063,2015/12/02,9:53 AM,BANK ST btwn AYLMER AVE & EUCLID AVE (__3ZA3N7),__3ZA3N7,01 - Non intersection,03 - P.D. only,03 - Rear end,02 - Rain,01 - Daylight,02 - Wet,10 - No control,,2,0,0,0,,0,,,,,368698.1898,5028668.529,45.39504001,-75.68388204,4761
15--13790,2015/11/26,3:02 PM,ELGIN ST @ LISGAR ST (0006935),6935,02 - Intersection related,02 - Non-fatal injury,03 - Rear end,01 - Clear,01 - Daylight,02 - Wet,01 - Traffic signal,01 - Functioning,2,0,0,0,01 - Minimal,1,1,,,,368074.7112,5031344.854,45.41917735,-75.69150093,4762
15--14064,2015/12/03,1:22 PM,BATHGATE DR @ DEN HAAG DR (0008960),8960,03 - At intersection,02 - Non-fatal injury,07 - SMV other,01 - Clear,01 - Daylight,01 - Dry,02 - Stop sign,01 - Functioning,1,0,0,1,02 - Minor,1,,1,,,373407.7196,5033924.853,45.44188824,-75.62300613,4763
15--13791,2015/11/26,3:30 PM,ST. JOSEPH BLVD @ REGIONAL RD 174/TRANSITWAY (0012428),12428,02 - Intersection related,03 - P.D. only,03 - Rear end,02 - Rain,01 - Daylight,02 - Wet,01 - Traffic signal,01 - Functioning,2,0,0,0,,0,,,,,376556.0554,5035055.741,45.45174719,-75.58260195,4764
15--14065,2015/12/03,1:47 PM,CAMPEAU DR @ TERRY FOX DR (0008211),8211,03 - At intersection,03 - P.D. only,05 - Turning movement,01 - Clear,01 - Daylight,01 - Dry,01 - Traffic signal,01 - Functioning,2,0,0,0,,0,,,,,350454.5177,5019009.914,45.30955703,-75.91777046,4765
15--13792,2015/11/26,3:33 PM,RIVER GARDEN PRIV @ WALKLEY RD (0011427),11427,02 - Intersection related,02 - Non-fatal injury,03 - Rear end,01 - Clear,01 - Daylight,01 - Dry,10 - No control,,2,0,0,0,01 - Minimal,1,1,,,,368607.064,5024913.878,45.36126503,-75.68553097,4766
15--14066,2015/12/03,1:52 PM,DUNNING RD btwn FRENCH HILL RD & INNES RD (__3ZBOGY),__3ZBOGY,04 - At/near private drive,03 - P.D. only,07 - SMV other,02 - Rain,01 - Daylight,02 - Wet,10 - No control,,1,0,0,0,,0,,,,,391763.9083,5039088.603,45.48630311,-75.38749023,4767
15--14067,2015/12/03,1:53 PM,FISHER AVE @ MEADOWLANDS DR (0002120),2120,02 - Intersection related,03 - P.D. only,05 - Turning movement,01 - Clear,01 - Daylight,01 - Dry,01 - Traffic signal,01 - Functioning,2,0,0,0,,0,,,,,366574.3429,5025046.168,45.36263741,-75.71145872,4768
15--14068,2015/12/03,10:15 AM,ST. LAURENT BLVD btwn HEMLOCK RD & MEADOW PARK PL (__3ZA3UG),__3ZA3UG,01 - Non intersection,02 - Non-fatal injury,03 - Rear end,02 - Rain,01 - Daylight,02 - Wet,10 - No control,,2,0,0,0,01 - Minimal,1,1,,,,371150.7631,5034771.49,45.44972373,-75.65173879,4769
15--14069,2015/12/03,10:40 PM,HUNTLEY RD btwn MANSFIELD RD & BROWNLEE RD (__3ZA42J),__3ZA42J,01 - Non intersection,03 - P.D. only,07 - SMV other,01 - Clear,07 - Dark,02 - Wet,10 - No control,,1,0,0,0,,0,,,,,353331.1122,5008539.057,45.21514437,-75.8821104,4770
15--1407,2015/01/22,5:20 PM,TRIM RD @ 150 S OF INNES RD (0013490),13490,03 - At intersection,03 - P.D. only,03 - Rear end,01 - Clear,05 - Dusk,01 - Dry,01 - Traffic signal,01 - Functioning,2,0,0,0,,0,,,,,386620.7719,5037139.074,45.46938508,-75.45359855,4771
15--14070,2015/12/03,11:42 AM,BANK ST btwn SUNNYSIDE AVE & HOPEWELL AVE (__3ZA3N4),__3ZA3N4,01 - Non intersection,02 - Non-fatal injury,04 - Sideswipe,01 - Clear,01 - Daylight,01 - Dry,10 - No control,,3,1,0,0,02 - Minor,1,,1,,,368746.2611,5028559.167,45.39405161,-75.6832823,4772
15--14071,2015/12/03,2:18 PM,WALLER ST btwn BESSERER ST & DALY AVE (__3ZBN03),__3ZBN03,01 - Non intersection,03 - P.D. only,06 - SMV unattended vehicle,01 - Clear,01 - Daylight,01 - Dry,10 - No control,,1,0,0,0,,0,,,,,368325.3196,5032160.209,45.42649092,-75.68819394,4773
15--14072,2015/12/03,3:37 PM,HAIG DR @ PLEASANT PARK RD (0008323),8323,02 - Intersection related,03 - P.D. only,03 - Rear end,01 - Clear,01 - Daylight,02 - Wet,02 - Stop sign,00 - Unknown,2,0,0,0,,0,,,,,372401.2922,5028585.828,45.39394819,-75.636602,4774
15--14073,2015/12/03,3:48 PM,EARL ARMSTRONG RD @ LIMEBANK RD (0004456),4456,02 - Intersection related,03 - P.D. only,03 - Rear end,01 - Clear,01 - Daylight,01 - Dry,01 - Traffic signal,01 - Functioning,2,0,0,0,,0,,,,,370156.4429,5015959.007,45.28054848,-75.66693762,4775
15--14074,2015/12/03,3:49 PM,CLYDE AVE @ DOHENY ST (0003079),3079,02 - Intersection related,03 - P.D. only,02 - Angle,01 - Clear,01 - Daylight,01 - Dry,01 - Traffic signal,01 - Functioning,2,0,0,0,,0,,,,,363592.138,5026700.816,45.37778217,-75.74932587,4776
15--14075,2015/12/03,3:58 PM,SUSSEX DR @ 262 N OF KING EDWARD AVE (0008806),8806,02 - Intersection related,03 - P.D. only,03 - Rear end,01 - Clear,01 - Daylight,01 - Dry,01 - Traffic signal,01 - Functioning,3,0,0,0,,0,,,,,367767.988,5033735.374,45.4407141,-75.69511405,4777
15--14076,2015/12/03,3:59 PM,RICHMOND RD btwn BROADVIEW AVE & GOLDEN AVE (__3ZA304),__3ZA304,04 - At/near private drive,03 - P.D. only,02 - Angle,01 - Clear,05 - Dusk,02 - Wet,10 - No control,,2,0,0,0,,0,,,,,362760.7262,5027937.328,45.38897741,-75.75979548,4778
15--14077,2015/12/03,4:08 PM,BELFAST RD @ TRIOLE ST (0008405),8405,02 - Intersection related,03 - P.D. only,02 - Angle,01 - Clear,05 - Dusk,01 - Dry,02 - Stop sign,00 - Unknown,2,0,0,0,,0,,,,,372981.4509,5030625,45.41223949,-75.62891119,4779
15--14078,2015/12/03,4:28 PM,PRINCE OF WALES DR @ MEADOWLANDS DR/HOG'S BACK (0001629),1629,03 - At intersection,03 - P.D. only,02 - Angle,02 - Rain,05 - Dusk,02 - Wet,01 - Traffic signal,01 - Functioning,2,0,0,0,,0,,,,,367371.1969,5025693.477,45.36839108,-75.701206,4780
15--14079,2015/12/03,4:44 PM,HOLLAND AVE/TUNNEY'S PASTURE @ SCOTT ST (0006494),6494,03 - At intersection,03 - P.D. only,05 - Turning movement,01 - Clear,05 - Dusk,01 - Dry,01 - Traffic signal,01 - Functioning,2,0,0,0,,0,,,,,364736.975,5029595.557,45.40373148,-75.73435797,4781
15--14413,2015/12/12,11:14 AM,FIFTH AVE btwn MORRIS ST & RALPH ST (__3ZA91W),__3ZA91W,01 - Non intersection,03 - P.D. only,04 - Sideswipe,01 - Clear,01 - Daylight,01 - Dry,10 - No control,,2,0,0,0,,0,,,,,368114.4117,5029231.951,45.40016254,-75.69126508,4782
15--1408,2015/01/22,5:21 PM,ROBERTSON RD btwn WESTCLIFFE RD & FITZGERALD RD (__3ZA41Z),__3ZA41Z,04 - At/near private drive,03 - P.D. only,02 - Angle,01 - Clear,05 - Dusk,01 - Dry,10 - No control,,2,0,0,0,,0,,,,,356658.1462,5020212.741,45.31994954,-75.838535,4783
15--14080,2015/12/03,4:57 PM,HIGHWAY 417 btwn HWY417 IC118 RAMP35 & HWY417 IC117 RAMP51 (__3ZA2YP),__3ZA2YP,01 - Non intersection,02 - Non-fatal injury,03 - Rear end,"07 - Fog, mist, smoke, dust",07 - Dark,02 - Wet,10 - No control,,3,0,0,0,01 - Minimal,1,1,,,,369816.8759,5031136.339,45.41714149,-75.66927008,4784
15--14081,2015/12/03,5:00 PM,PRINCE OF WALES DR btwn BLAZER AVE & DEAKIN ST (__3ZA29V),__3ZA29V,04 - At/near private drive,03 - P.D. only,05 - Turning movement,01 - Clear,07 - Dark,01 - Dry,10 - No control,,2,0,0,0,,0,,,,,367351.9891,5021124.538,45.32728239,-75.70202905,4785
15--14082,2015/12/03,5:00 PM,MARCH RD btwn DUNROBIN RD & MURPHY CRT (__3ZA3DI),__3ZA3DI,01 - Non intersection,02 - Non-fatal injury,01 - Approaching,01 - Clear,07 - Dark,01 - Dry,10 - No control,,7,0,0,0,02 - Minor,1,,1,,,347541.9333,5025939.651,45.37209603,-75.95431406,4786
15--14083,2015/12/03,5:00 PM,MONTREAL RD btwn BETHAMY LANE & OGILVIE RD (__3ZA2DX),__3ZA2DX,01 - Non intersection,03 - P.D. only,03 - Rear end,01 - Clear,07 - Dark,01 - Dry,10 - No control,,2,0,0,0,,0,,,,,375571.7025,5034503.157,45.44687575,-75.59526477,4787
15--14084,2015/12/03,5:13 PM,JINKINSON RD btwn FERNBANK RD & HAZELDEAN RD (__7JQ7K3),__7JQ7K3,01 - Non intersection,03 - P.D. only,07 - SMV other,01 - Clear,07 - Dark,01 - Dry,10 - No control,,1,0,0,0,,0,,,,,345870.3067,5007686.431,45.20794639,-75.97716603,4788
15--14085,2015/12/03,5:27 PM,TERRY FOX DR btwn HUNTSVILLE DR & OLD SECOND LINE RD (__8IAYIU),__8IAYIU,01 - Non intersection,03 - P.D. only,07 - SMV other,01 - Clear,07 - Dark,01 - Dry,10 - No control,,1,0,0,0,,0,,,,,348057.249,5021739.858,45.33427363,-75.94810277,4789
15--14086,2015/12/03,5:30 PM,RIVERSIDE DR @ HERON RD (0002236),2236,02 - Intersection related,03 - P.D. only,04 - Sideswipe,01 - Clear,07 - Dark,01 - Dry,01 - Traffic signal,01 - Functioning,2,0,0,0,,0,,,,,368119.5125,5026647.731,45.37691,-75.6915315,4790
15--14087,2015/12/03,5:42 PM,RIDEAU RD btwn DOWNEY RD & BOWESVILLE RD (__3ZA6L7),__3ZA6L7,01 - Non intersection,03 - P.D. only,07 - SMV other,01 - Clear,07 - Dark,02 - Wet,10 - No control,,1,0,0,0,,0,,,,,371866.6184,5014602.547,45.26818227,-75.6453246,4791
15--14088,2015/12/03,5:42 PM,INNES RD @ LANTHIER DR/PRESTWICK DR (0004251),4251,02 - Intersection related,03 - P.D. only,03 - Rear end,01 - Clear,07 - Dark,02 - Wet,01 - Traffic signal,01 - Functioning,2,0,0,0,,0,,,,,383540.7631,5035990.008,45.45940084,-75.49316644,4792
15--14089,2015/12/03,5:47 PM,CENTRAL PARK DR N @ MERIVALE RD (0011433),11433,03 - At intersection,02 - Non-fatal injury,05 - Turning movement,01 - Clear,07 - Dark,01 - Dry,01 - Traffic signal,01 - Functioning,2,0,0,0,02 - Minor,1,,1,,,364953.6259,5025873.588,45.37022335,-75.73204432,4793
15--1409,2015/01/22,5:50 PM,BRONSON AVE @ SUNNYSIDE AVE/UNIVERSITY RD - CA (0007209),7209,02 - Intersection related,03 - P.D. only,03 - Rear end,01 - Clear,07 - Dark,01 - Dry,01 - Traffic signal,01 - Functioning,2,0,0,0,,0,,,,,367922.7101,5028091.065,45.38991449,-75.69385947,4794
15--14090,2015/12/03,5:50 PM,GREENBANK RD btwn FALLOWFIELD RD & LARKIN DR (__3ZA3HF),__3ZA3HF,01 - Non intersection,03 - P.D. only,03 - Rear end,01 - Clear,07 - Dark,01 - Dry,10 - No control,,2,0,0,0,,0,,,,,363133.3566,5016611.869,45.28704078,-75.75637224,4795
15--14091,2015/12/03,6:04 PM,PRINCE OF WALES DR @ MEADOWLANDS DR/HOG'S BACK (0001629),1629,02 - Intersection related,03 - P.D. only,03 - Rear end,02 - Rain,07 - Dark,02 - Wet,01 - Traffic signal,01 - Functioning,2,0,0,0,,0,,,,,367371.9189,5025694.199,45.36839751,-75.70119669,4796
15--14092,2015/12/03,6:07 PM,ISIDORE ST @ PRINCE ALBERT ST (0008553),8553,03 - At intersection,03 - P.D. only,02 - Angle,01 - Clear,07 - Dark,02 - Wet,03 - Yield sign,01 - Functioning,2,0,0,0,,0,,,,,371681.7176,5032034.305,45.42504522,-75.64532346,4797
15--14093,2015/12/03,6:10 PM,PRINCE OF WALES DR btwn MAPLEHILL WAY & LODGE RD (__3ZA29Y),__3ZA29Y,04 - At/near private drive,02 - Non-fatal injury,03 - Rear end,01 - Clear,07 - Dark,01 - Dry,10 - No control,,2,0,0,0,02 - Minor,1,,1,,,366809.4484,5012858.034,45.25294928,-75.70998287,4798
15--14094,2015/12/03,6:35 PM,HIGHWAY 417 btwn HWY417 IC121A RAMP16 & HWY417 IC121A RAMP61 (__3ZA2YY),__3ZA2YY,01 - Non intersection,02 - Non-fatal injury,03 - Rear end,01 - Clear,07 - Dark,01 - Dry,10 - No control,,2,0,0,0,01 - Minimal,2,2,,,,366986.5384,5029657.49,45.40409251,-75.70561669,4799
15--14095,2015/12/03,6:45 AM,HIGHWAY 417 btwn HWY 417 ANDERSON IC104R61 & HWY 417 BOUNDARY IC96R16 (__3ZA2W5),__3ZA2W5,01 - Non intersection,03 - P.D. only,03 - Rear end,01 - Clear,07 - Dark,01 - Dry,10 - No control,,3,0,0,0,,0,,,,,381535.6327,5025633.388,45.36644281,-75.52041397,4800
15--14096,2015/12/03,7:15 PM,JOHN QUINN RD btwn STONE SCHOOL RD & BANK ST (__3ZA645),__3ZA645,01 - Non intersection,03 - P.D. only,07 - SMV other,01 - Clear,07 - Dark,02 - Wet,10 - No control,,1,0,0,0,,0,,,,,383379.8813,5010942.13,45.23405576,-75.49920276,4801
15--14097,2015/12/03,7:44 AM,POULIN AVE @ RICHMOND RD (0002748),2748,03 - At intersection,03 - P.D. only,02 - Angle,01 - Clear,03 - Dawn,01 - Dry,01 - Traffic signal,01 - Functioning,2,0,0,0,,0,,,,,360324.9574,5024899.792,45.36184318,-75.79124126,4802
15--14098,2015/12/03,7:55 PM,WILBROD ST btwn RING LANE & KING EDWARD AVE (__3ZA4F7),__3ZA4F7,01 - Non intersection,03 - P.D. only,04 - Sideswipe,01 - Clear,07 - Dark,02 - Wet,10 - No control,,2,0,0,0,,0,,,,,368658.38,5032130.918,45.42619705,-75.68394191,4803
15--14099,2015/12/03,8:40 AM,SLACK RD @ WOODROFFE AVE (0000102),102,03 - At intersection,02 - Non-fatal injury,05 - Turning movement,01 - Clear,01 - Daylight,01 - Dry,01 - Traffic signal,01 - Functioning,3,0,0,0,02 - Minor,2,,2,,,364232.9615,5019973.034,45.31719229,-75.74195285,4804