Anom_ID,Accident_Date,Accident_Time,Location,Geo_ID,Accident_Location,Classification_of_Accident,Initial_Impact_Type,Environment_Condition,Light,Road_Surface_Condition,Traffic_Control,Traffic_Control_Condition,No__of_Vehicles,No__of_Bicycles,No__of_Motorcycles,No__of_Pedestrians,Max_Injury,No__of_Injuries,No__of_Minimal,No__of_Minor,No__of_Major,No__of_Fatal,X,Y,Latitude,Longitude,ObjectId
15--141,2015/01/04,12:48 PM,HIGHWAY 417 btwn HWY417 IC140 RAMP35 & HWY417 IC140 RAMP25 (__3ZA2QP),__3ZA2QP,01 - Non intersection,03 - P.D. only,07 - SMV other,04 - Freezing Rain,01 - Daylight,04 - Slush,10 - No control,,1,0,0,0,,0,,,,,350988.7692,5018586.286,45.30571018,-75.91099702,4805
15--1410,2015/01/22,5:54 PM,CARLING AVE @ KIRKWOOD AVE S (0002209),2209,03 - At intersection,03 - P.D. only,05 - Turning movement,01 - Clear,07 - Dark,01 - Dry,01 - Traffic signal,01 - Functioning,2,0,0,0,,0,,,,,364350.7366,5027338.031,45.38345166,-75.73956387,4806
15--14100,2015/12/03,8:55 AM,ROCKY HILL DR @ PRINCE OF WALES DR (0010328),10328,02 - Intersection related,03 - P.D. only,03 - Rear end,01 - Clear,01 - Daylight,01 - Dry,01 - Traffic signal,01 - Functioning,2,0,0,0,,0,,,,,366968.1098,5014403.201,45.26683862,-75.70776834,4807
15--14101,2015/12/03,9:13 AM,CARLING AVE @ RICHMOND RD (0010847),10847,02 - Intersection related,03 - P.D. only,03 - Rear end,01 - Clear,01 - Daylight,02 - Wet,01 - Traffic signal,01 - Functioning,2,0,0,0,,0,,,,,360245.679,5024782.234,45.36079168,-75.79226633,4808
15--14102,2015/12/03,9:23 AM,VARLEY DR btwn BEAVERBROOK RD & MILNE CRES (__3ZABAC),__3ZABAC,01 - Non intersection,02 - Non-fatal injury,07 - SMV other,01 - Clear,01 - Daylight,01 - Dry,10 - No control,,1,0,0,0,03 - Major,1,,,1,,351435.1823,5021122.294,45.32850029,-75.90506588,4809
15--14103,2015/12/04,1:42 PM,BANK ST @ KILBORN AVE/BELANGER AVE (0007208),7208,02 - Intersection related,03 - P.D. only,03 - Rear end,01 - Clear,01 - Daylight,01 - Dry,01 - Traffic signal,01 - Functioning,2,0,0,0,,0,,,,,369654.4419,5027426.826,45.38377966,-75.67183309,4810
15--14104,2015/12/04,10:05 AM,MOODIE DR @ WEST HUNT CLUB RD (0010414),10414,03 - At intersection,02 - Non-fatal injury,02 - Angle,01 - Clear,01 - Daylight,01 - Dry,01 - Traffic signal,01 - Functioning,3,0,0,0,02 - Minor,2,,2,,,357906.9297,5018499.178,45.30443737,-75.82279119,4811
15--14105,2015/12/04,10:16 AM,DONALD ST @ ST. LAURENT BLVD (0008630),8630,03 - At intersection,03 - P.D. only,05 - Turning movement,01 - Clear,01 - Daylight,01 - Dry,01 - Traffic signal,01 - Functioning,2,0,0,0,,0,,,,,372093.7129,5032471.141,45.42893615,-75.63999951,4812
15--14106,2015/12/04,11:06 AM,INDUSTRIAL AVE @ NEIGHBORHOOD WAY (0002706),2706,03 - At intersection,03 - P.D. only,02 - Angle,01 - Clear,01 - Daylight,02 - Wet,02 - Stop sign,01 - Functioning,2,0,0,0,,0,,,,,371091.9997,5030529.001,45.41155726,-75.65306111,4813
15--14107,2015/12/04,11:13 AM,PINECREST RD btwn CARLING AVE & RICHMOND RD (__3ZA4M9),__3ZA4M9,04 - At/near private drive,03 - P.D. only,02 - Angle,01 - Clear,01 - Daylight,01 - Dry,10 - No control,,2,0,0,0,,0,,,,,360030.0712,5024574.762,45.35894187,-75.79504142,4814
15--14108,2015/12/04,11:25 AM,TERRY FOX DR @ PALLADIUM DR/KATIMAVIK RD (0011858),11858,02 - Intersection related,03 - P.D. only,04 - Sideswipe,01 - Clear,01 - Daylight,01 - Dry,01 - Traffic signal,01 - Functioning,2,0,0,0,,0,,,,,351269.718,5018182.497,45.30205825,-75.90745238,4815
15--14109,2015/12/04,11:37 AM,GREENBANK RD btwn CANFIELD RD & BELLMAN DR (__3ZA4YT),__3ZA4YT,04 - At/near private drive,02 - Non-fatal injury,02 - Angle,01 - Clear,01 - Daylight,01 - Dry,10 - No control,,2,0,0,0,02 - Minor,1,,1,,,361172.2816,5021211.656,45.32858982,-75.78084661,4816
15--1411,2015/01/22,6:05 PM,FALLOWFIELD RD @ VIA PARK PL/275 W OF WOODROFFE AVE (0010154),10154,03 - At intersection,03 - P.D. only,05 - Turning movement,01 - Clear,07 - Dark,06 - Ice,01 - Traffic signal,01 - Functioning,2,0,0,0,,0,,,,,364846.2734,5017765.539,45.29727721,-75.73439841,4817
15--14110,2015/12/04,Unknown,BENLEA DR btwn CARDIGAN DR & BRYDON CRT (__3ZA53O),__3ZA53O,01 - Non intersection,03 - P.D. only,06 - SMV unattended vehicle,01 - Clear,00 - Unknown,01 - Dry,10 - No control,,1,0,0,0,,0,,,,,364275.3844,5021656.813,45.33233921,-75.74120957,4818
15--14111,2015/12/04,12:34 PM,INNES RD @ 298 E OF WILDFLOWER DR/LOBLAWS SC (0012918),12918,02 - Intersection related,03 - P.D. only,03 - Rear end,01 - Clear,01 - Daylight,01 - Dry,01 - Traffic signal,01 - Functioning,2,0,0,0,,0,,,,,383191.3046,5035795.062,45.45768619,-75.49766525,4819
15--14112,2015/12/04,12:42 PM,HIGHWAY 417 btwn HWY417 IC121B RAMP51 & HWY417 IC121A RAMP51 (__3ZA2YW),__3ZA2YW,01 - Non intersection,03 - P.D. only,03 - Rear end,01 - Clear,01 - Daylight,01 - Dry,10 - No control,,2,0,0,0,,0,,,,,366751.1594,5029568.681,45.4033143,-75.70863434,4820
15--14113,2015/12/04,2:07 PM,BANK ST @ HUNT CLUB RD (0002119),2119,02 - Intersection related,03 - P.D. only,04 - Sideswipe,01 - Clear,01 - Daylight,01 - Dry,01 - Traffic signal,01 - Functioning,2,0,0,0,,0,,,,,371608.7365,5024097.228,45.35363746,-75.64733049,4821
15--14114,2015/12/04,3:10 AM,BRIDGESTONE DR btwn EQUESTRIAN DR & WAYMARK CRES (__51OYT4),__51OYT4,01 - Non intersection,03 - P.D. only,06 - SMV unattended vehicle,01 - Clear,07 - Dark,01 - Dry,10 - No control,,1,0,0,0,,0,,,,,355343.5396,5016207.5,45.28400554,-75.85571044,4822
15--14115,2015/12/04,3:36 PM,635 E OF HUNTMAR DR/IBER RD @ HAZELDEAN RD (0013519),13519,03 - At intersection,02 - Non-fatal injury,05 - Turning movement,01 - Clear,01 - Daylight,01 - Dry,01 - Traffic signal,01 - Functioning,3,0,0,0,02 - Minor,1,,1,,,351410.32,5016506.602,45.28696877,-75.90581713,4823
15--14116,2015/12/04,3:46 PM,MONTREAL RD @ OLMSTEAD ST (0009345),9345,03 - At intersection,03 - P.D. only,05 - Turning movement,01 - Clear,01 - Daylight,01 - Dry,01 - Traffic signal,01 - Functioning,2,0,0,0,,0,,,,,370331.9913,5033213.586,45.43578365,-75.6624127,4824
15--14117,2015/12/04,3:51 PM,TALLWOOD DR btwn CENTREPOINTE DR & AVENSHIRE GT (__3ZA00F),__3ZA00F,01 - Non intersection,02 - Non-fatal injury,07 - SMV other,01 - Clear,01 - Daylight,01 - Dry,10 - No control,,1,0,0,0,01 - Minimal,1,1,,,,362688.7435,5022578.666,45.34076667,-75.76134247,4825
15--14118,2015/12/04,4:00 PM,TENTH LINE RD @ LAKEPOINTE DR (0013369),13369,02 - Intersection related,03 - P.D. only,03 - Rear end,01 - Clear,05 - Dusk,01 - Dry,01 - Traffic signal,01 - Functioning,2,0,0,0,,0,,,,,384261.4061,5035422.134,45.45421004,-75.48404502,4826
15--14119,2015/12/04,4:30 PM,TENTH LINE RD btwn LAKEPOINTE DR & BLACKBURN BYPS (__6732GZ),__6732GZ,01 - Non intersection,03 - P.D. only,03 - Rear end,01 - Clear,05 - Dusk,01 - Dry,10 - No control,,2,0,0,0,,0,,,,,384365.3772,5035168.704,45.45191808,-75.4827569,4827
15--1412,2015/01/22,6:06 PM,CARLING AVE @ RICHMOND RD (0010847),10847,02 - Intersection related,02 - Non-fatal injury,03 - Rear end,01 - Clear,07 - Dark,01 - Dry,01 - Traffic signal,01 - Functioning,3,0,0,0,01 - Minimal,1,1,,,,360244.7151,5024781.03,45.36078092,-75.79227877,4828
15--14120,2015/12/04,4:30 PM,REGIONAL ROAD 174 EB btwn HWY417 IC113 RAMP65 & OR174 BLAIR IC112 RAMP51 (__3ZAZFJ),__3ZAZFJ,01 - Non intersection,03 - P.D. only,03 - Rear end,01 - Clear,05 - Dusk,01 - Dry,10 - No control,,2,0,0,0,,0,,,,,374685.13,5032732.921,45.43103737,-75.60684853,4829
15--14121,2015/12/04,4:31 PM,ELGIN ST @ SLATER ST (0002228),2228,03 - At intersection,03 - P.D. only,04 - Sideswipe,01 - Clear,05 - Dusk,01 - Dry,01 - Traffic signal,01 - Functioning,2,0,0,0,,0,,,,,367889.2637,5031645.853,45.42190239,-75.69383173,4830
15--14122,2015/12/04,4:43 PM,REGIONAL ROAD 174 EB btwn HWY417 IC113 RAMP65 & OR174 BLAIR IC112 RAMP51 (__3ZAZFJ),__3ZAZFJ,01 - Non intersection,03 - P.D. only,03 - Rear end,01 - Clear,05 - Dusk,01 - Dry,10 - No control,,2,0,0,0,,0,,,,,374740.7256,5032773.354,45.43139561,-75.60613235,4831
15--14123,2015/12/04,4:57 PM,EARL ARMSTRONG RD @ RIVER RD (0012470),12470,02 - Intersection related,02 - Non-fatal injury,03 - Rear end,01 - Clear,05 - Dusk,01 - Dry,01 - Traffic signal,01 - Functioning,2,0,0,0,01 - Minimal,1,1,,,,367572.7185,5014683.675,45.26930861,-75.70002888,4832
15--14124,2015/12/04,5:17 PM,MAPLE GROVE RD @ TERRY FOX DR (0003177),3177,02 - Intersection related,03 - P.D. only,03 - Rear end,01 - Clear,07 - Dark,01 - Dry,01 - Traffic signal,01 - Functioning,2,0,0,0,,0,,,,,351553.6086,5017864.465,45.29917767,-75.9038626,4833
15--14125,2015/12/04,5:22 PM,FALLOWFIELD RD @ HWY 416 FALLOWFI IC66R24 (0005506),5506,03 - At intersection,02 - Non-fatal injury,02 - Angle,01 - Clear,07 - Dark,01 - Dry,02 - Stop sign,01 - Functioning,2,0,0,0,01 - Minimal,5,5,,,,360278.3542,5014852.045,45.27143687,-75.79296137,4834
15--14126,2015/12/04,5:22 PM,MEADOWLANDS DR/TALLWOOD DR @ WOODROFFE AVE (0000095),95,02 - Intersection related,03 - P.D. only,03 - Rear end,01 - Clear,07 - Dark,02 - Wet,01 - Traffic signal,01 - Functioning,3,0,0,0,,0,,,,,363057.2596,5022730.668,45.34210387,-75.75662272,4835
15--14127,2015/12/04,5:24 PM,CLYDE AVE btwn STARWOOD RD & LOTTA AVE (__3ZA4HC),__3ZA4HC,01 - Non intersection,03 - P.D. only,03 - Rear end,01 - Clear,07 - Dark,02 - Wet,10 - No control,,2,0,0,0,,0,,,,,364481.2651,5024604.277,45.35884266,-75.73822752,4836
15--14128,2015/12/04,5:33 PM,QUEEN ST btwn KENT ST & BANK ST (__3ZA2FR),__3ZA2FR,01 - Non intersection,02 - Non-fatal injury,04 - Sideswipe,01 - Clear,07 - Dark,01 - Dry,10 - No control,,2,0,0,0,01 - Minimal,1,1,,,,367260.0297,5031435.289,45.42006426,-75.70189812,4837
15--14129,2015/12/04,5:43 PM,PRESTON ST @ ELM ST (0005112),5112,03 - At intersection,02 - Non-fatal injury,07 - SMV other,01 - Clear,07 - Dark,01 - Dry,01 - Traffic signal,01 - Functioning,1,0,0,1,03 - Major,1,,,1,,366245.5007,5030273.601,45.40970156,-75.71500518,4838
15--1413,2015/01/22,6:09 AM,MEADOWGLEN DR btwn ORLEANS BLVD & SUMMERFIELDS CRES (__3ZA1VI),__3ZA1VI,01 - Non intersection,03 - P.D. only,06 - SMV unattended vehicle,01 - Clear,07 - Dark,01 - Dry,10 - No control,,1,0,0,0,,0,,,,,380374.9086,5034584.773,45.44710725,-75.53385724,4839
15--13793,2015/11/26,4:10 PM,REGIONAL ROAD 174 btwn Continuation of REGIONAL ROAD 174 & OR174 IC112 (__3ZA2YI),__3ZA2YI,01 - Non intersection,03 - P.D. only,04 - Sideswipe,02 - Rain,01 - Daylight,02 - Wet,10 - No control,,2,0,0,0,,0,,,,,374490.1841,5032608.733,45.42993945,-75.60935726,4840
15--13794,2015/11/26,4:34 PM,MONTREAL RD @ ST. LAURENT BLVD (0002604),2604,02 - Intersection related,03 - P.D. only,03 - Rear end,03 - Snow,05 - Dusk,04 - Slush,01 - Traffic signal,01 - Functioning,2,0,0,0,,0,,,,,371546.4249,5033817.595,45.44110337,-75.64681041,4841
15--13795,2015/11/26,4:57 PM,TENTH LINE RD @ VANGUARD DR (0004632),4632,03 - At intersection,03 - P.D. only,02 - Angle,02 - Rain,07 - Dark,02 - Wet,01 - Traffic signal,01 - Functioning,2,0,0,0,,0,,,,,384072.7632,5035875.285,45.45830851,-75.48638348,4842
15--13796,2015/11/26,5:22 PM,INDUSTRIAL AVE btwn RUSSELL RD & ST. LAURENT BLVD (__3ZA3R7),__3ZA3R7,01 - Non intersection,03 - P.D. only,03 - Rear end,02 - Rain,07 - Dark,02 - Wet,10 - No control,,3,0,0,0,,0,,,,,372555.9813,5030234.066,45.40876336,-75.63440011,4843
15--13797,2015/11/26,5:26 PM,DES EPINETTES AVE @ JEANNE D'ARC BLVD (0004221),4221,02 - Intersection related,03 - P.D. only,03 - Rear end,02 - Rain,07 - Dark,02 - Wet,01 - Traffic signal,01 - Functioning,2,0,0,0,,0,,,,,382228.1921,5035959.293,45.45927119,-75.50995217,4844
15--13798,2015/11/26,5:43 PM,INNES RD @ STAR TOP RD/WINDMILL LANE (0008734),8734,03 - At intersection,02 - Non-fatal injury,05 - Turning movement,01 - Clear,07 - Dark,02 - Wet,01 - Traffic signal,01 - Functioning,2,0,0,0,02 - Minor,2,1,1,,,374148.4478,5030666.561,45.41249876,-75.61399752,4845
15--13799,2015/11/26,5:43 PM,BANK ST btwn RIVERDALE AVE & RIVERSIDE DR (__3ZA3BU),__3ZA3BU,01 - Non intersection,03 - P.D. only,04 - Sideswipe,01 - Clear,07 - Dark,02 - Wet,10 - No control,,2,0,0,0,,0,,,,,369110.9145,5028085.351,45.38975497,-75.67868721,4846
15--138,2015/01/04,12:20 AM,MEADOWLANDS DR @ VIEWMOUNT DR (0001752),1752,03 - At intersection,03 - P.D. only,03 - Rear end,03 - Snow,07 - Dark,03 - Loose snow,01 - Traffic signal,01 - Functioning,2,0,0,0,,0,,,,,363739.6834,5023106.956,45.34543267,-75.74787074,4847
15--1380,2015/01/22,11:40 AM,CLEGG ST @ COLONEL BY DR (0008785),8785,02 - Intersection related,03 - P.D. only,02 - Angle,01 - Clear,01 - Daylight,02 - Wet,02 - Stop sign,01 - Functioning,2,0,0,0,,0,,,,,368968.6432,5029742.115,45.40467505,-75.68028844,4848
15--13800,2015/11/26,6:30 AM,GREY'S CREEK RD btwn MARCELLA DR & STONE SCHOOL RD (__3ZA6G8),__3ZA6G8,01 - Non intersection,03 - P.D. only,07 - SMV other,01 - Clear,03 - Dawn,01 - Dry,10 - No control,,1,0,0,0,,0,,,,,381137.1654,5011100.026,45.23572314,-75.52773768,4849
15--13801,2015/11/26,6:42 AM,REGIONAL ROAD 174 btwn OR174 IC109 RAMP64 & OR174 IC105 RAMP16 (__3ZA2XD),__3ZA2XD,01 - Non intersection,03 - P.D. only,03 - Rear end,01 - Clear,03 - Dawn,01 - Dry,10 - No control,,2,0,0,0,,0,,,,,376642.3771,5035366.772,45.45453678,-75.58145305,4850
15--13802,2015/11/26,6:50 AM,LANCASTER RD @ WALKLEY RD (0003130),3130,02 - Intersection related,03 - P.D. only,03 - Rear end,01 - Clear,03 - Dawn,01 - Dry,01 - Traffic signal,01 - Functioning,2,0,0,0,,0,,,,,374908.7405,5028601.819,45.39384552,-75.60457868,4851
15--13803,2015/11/26,7:00 PM,REGIONAL ROAD 174 btwn HWY417 IC113 RAMP67 & Continuation of REGIONAL  (__3ZA28A),__3ZA28A,01 - Non intersection,03 - P.D. only,04 - Sideswipe,01 - Clear,07 - Dark,02 - Wet,10 - No control,,2,0,0,0,,0,,,,,373839.6426,5032120.646,45.42561242,-75.61773863,4852
15--13804,2015/11/26,7:23 AM,RICHMOND RD @ WEST HUNT CLUB RD (0000598),598,03 - At intersection,03 - P.D. only,05 - Turning movement,01 - Clear,01 - Daylight,01 - Dry,01 - Traffic signal,01 - Functioning,2,0,0,0,,0,,,,,357144.9266,5018152.102,45.30137153,-75.83254408,4853
15--13805,2015/11/26,7:33 PM,GOULBURN AVE @ LAURIER AVE (0007760),7760,03 - At intersection,03 - P.D. only,02 - Angle,01 - Clear,07 - Dark,01 - Dry,02 - Stop sign,01 - Functioning,4,0,0,0,,0,,,,,369252.9875,5032349.305,45.42810747,-75.67631551,4854
15--13806,2015/11/26,7:45 AM,DUNROBIN RD @ MARCH RD (0003175),3175,03 - At intersection,03 - P.D. only,04 - Sideswipe,01 - Clear,01 - Daylight,02 - Wet,01 - Traffic signal,01 - Functioning,2,0,0,0,,0,,,,,347176.0422,5026065.897,45.37325424,-75.95897434,4855
15--13807,2015/11/26,7:50 AM,HWY417 IC131 RAMP51 btwn HIGHWAY 417 & HWY416 IC75C RAMP24 (__3ZAY6A),__3ZAY6A,01 - Non intersection,02 - Non-fatal injury,03 - Rear end,01 - Clear,01 - Daylight,01 - Dry,10 - No control,,2,0,0,0,01 - Minimal,1,1,,,,358415.0867,5022701.257,45.34220938,-75.81585677,4856
15--13808,2015/11/26,7:51 AM,ST. JOSEPH BLVD/OLD MONTREAL RD @ TRIM RD (0004118),4118,03 - At intersection,03 - P.D. only,02 - Angle,01 - Clear,01 - Daylight,01 - Dry,11 - Roundabout,01 - Functioning,2,0,0,0,,0,,,,,384683.476,5039286.304,45.48892804,-75.47802129,4857
15--13809,2015/11/26,8:15 AM,BASELINE RD btwn MORLEY BLVD & PRINCE OF WALES DR (__3ZA4JU),__3ZA4JU,01 - Non intersection,03 - P.D. only,03 - Rear end,01 - Clear,01 - Daylight,01 - Dry,10 - No control,,2,0,0,0,,0,,,,,366760.5187,5026398.259,45.37478681,-75.70891285,4858
15--1381,2015/01/22,11:42 AM,FLOWER AVE @ WOODROFFE AVE (0002757),2757,02 - Intersection related,03 - P.D. only,04 - Sideswipe,01 - Clear,01 - Daylight,01 - Dry,02 - Stop sign,01 - Functioning,2,0,0,0,,0,,,,,361811.6801,5026116.013,45.37266731,-75.77212488,4859
15--13810,2015/11/26,9:01 AM,WOODRIDGE CRES @ 220 W OF BAYSHORE DR/BAYSHORE (0005411),5411,02 - Intersection related,02 - Non-fatal injury,02 - Angle,01 - Clear,01 - Daylight,01 - Dry,01 - Traffic signal,01 - Functioning,2,0,0,0,02 - Minor,1,,1,,,359041.453,5023377.006,45.34824163,-75.80779065,4860
15--13811,2015/11/26,9:10 PM,HWY417 IC104 RAMP61 btwn ANDERSON RD & HIGHWAY 417 (__3ZAY0E),__3ZAY0E,01 - Non intersection,02 - Non-fatal injury,07 - SMV other,01 - Clear,07 - Dark,01 - Dry,10 - No control,,1,0,0,0,02 - Minor,2,,2,,,380054.5793,5026258.393,45.37222679,-75.53922279,4861
15--13812,2015/11/27,1:24 PM,FISHER AVE @ HOLLAND AVE (0002359),2359,02 - Intersection related,03 - P.D. only,03 - Rear end,02 - Rain,01 - Daylight,02 - Wet,02 - Stop sign,01 - Functioning,2,0,0,0,,0,,,,,365401.9793,5027820.824,45.38770557,-75.72608191,4862
15--13813,2015/11/27,1:30 PM,RIOCAN AVE @ STRANDHERD DR (0010997),10997,03 - At intersection,02 - Non-fatal injury,05 - Turning movement,02 - Rain,01 - Daylight,02 - Wet,01 - Traffic signal,01 - Functioning,2,0,0,0,02 - Minor,1,,1,,,364172.2088,5014943.851,45.27194497,-75.74332973,4863
15--13814,2015/11/27,1:31 PM,OGILVIE RD @ BATHGATE DR/CITYPARK DR W (0012430),12430,03 - At intersection,02 - Non-fatal injury,07 - SMV other,02 - Rain,01 - Daylight,02 - Wet,01 - Traffic signal,01 - Functioning,1,0,0,1,02 - Minor,1,,1,,,373828.7221,5032799.854,45.43172465,-75.61778296,4864
15--13815,2015/11/27,10:50 AM,ST. JOSEPH BLVD @ TENTH LINE RD (0009163),9163,02 - Intersection related,03 - P.D. only,03 - Rear end,02 - Rain,01 - Daylight,02 - Wet,01 - Traffic signal,01 - Functioning,2,0,0,0,,0,,,,,382890.8038,5038666.453,45.48355406,-75.50105064,4865
15--13816,2015/11/27,11:07 PM,ANDERSON ST @ BOOTH ST (0003095),3095,02 - Intersection related,03 - P.D. only,06 - SMV unattended vehicle,01 - Clear,07 - Dark,02 - Wet,02 - Stop sign,01 - Functioning,1,0,0,0,,0,,,,,366649.9747,5030125.29,45.40833147,-75.70985693,4866
15--13817,2015/11/27,11:09 PM,FISHER AVE btwn ARNOT RD & DEER PARK RD (__3ZA4IF),__3ZA4IF,01 - Non intersection,02 - Non-fatal injury,03 - Rear end,02 - Rain,07 - Dark,02 - Wet,10 - No control,,2,0,0,0,01 - Minimal,1,1,,,,366402.6554,5025469.246,45.36645929,-75.71359733,4867
15--13818,2015/11/27,11:10 AM,RUSSELL AVE @ LAURIER AVE (0007752),7752,03 - At intersection,03 - P.D. only,02 - Angle,02 - Rain,01 - Daylight,02 - Wet,02 - Stop sign,01 - Functioning,2,0,0,0,,0,,,,,369037.7364,5032219.326,45.42695777,-75.67908301,4868
15--13819,2015/11/27,11:49 AM,EDGE HILL PL @ HERON RD (0007187),7187,02 - Intersection related,03 - P.D. only,05 - Turning movement,02 - Rain,01 - Daylight,02 - Wet,02 - Stop sign,00 - Unknown,2,0,0,0,,0,,,,,370250.1258,5026883.386,45.37883457,-75.66429929,4869
15--1382,2015/01/22,11:48 AM,BANK ST @ CATHERINE ST (0002708),2708,03 - At intersection,02 - Non-fatal injury,02 - Angle,01 - Clear,01 - Daylight,02 - Wet,01 - Traffic signal,01 - Functioning,2,0,0,0,02 - Minor,3,,3,,,368038.7415,5030266.126,45.40947456,-75.69209891,4870
15--13820,2015/11/27,11:55 AM,EARL GREY DR @ 175 S OF KANATA AVE/WALMART SC (0012587),12587,02 - Intersection related,03 - P.D. only,03 - Rear end,02 - Rain,01 - Daylight,02 - Wet,01 - Traffic signal,01 - Functioning,2,0,0,0,,0,,,,,350934.5801,5019115.527,45.31047599,-75.91163874,4871
15--13821,2015/11/27,Unknown,MACASSA CIRC btwn Continuation of MACASSA CIRC & KANATA AVE (__3EXRZY),__3EXRZY,01 - Non intersection,03 - P.D. only,06 - SMV unattended vehicle,01 - Clear,00 - Unknown,01 - Dry,10 - No control,,1,0,0,0,,0,,,,,350434.7715,5019495.242,45.31392542,-75.91797757,4872
15--13822,2015/11/27,12:13 PM,WELLINGTON ST btwn BANK ST & O'CONNOR ST (__3ZA3MF),__3ZA3MF,01 - Non intersection,03 - P.D. only,04 - Sideswipe,02 - Rain,01 - Daylight,02 - Wet,10 - No control,,2,0,0,0,,0,,,,,367269.9814,5031632.906,45.42184147,-75.70174592,4873
15--13823,2015/11/27,12:49 PM,FRANK ST @ METCALFE ST (0007271),7271,03 - At intersection,03 - P.D. only,05 - Turning movement,02 - Rain,01 - Daylight,02 - Wet,02 - Stop sign,01 - Functioning,2,0,0,0,,0,,,,,368203.7067,5030794.295,45.41421193,-75.68992368,4874
15--13824,2015/11/27,12:50 AM,BANK ST @ GILMOUR ST (0007270),7270,02 - Intersection related,03 - P.D. only,03 - Rear end,01 - Clear,07 - Dark,01 - Dry,01 - Traffic signal,01 - Functioning,2,0,0,0,,0,,,,,367786.7047,5030772.405,45.41405263,-75.69525377,4875
15--13825,2015/11/27,12:50 PM,ST. LAURENT BLVD btwn COVENTRY RD & LEMIEUX ST (__3ZA2C9),__3ZA2C9,01 - Non intersection,03 - P.D. only,04 - Sideswipe,02 - Rain,01 - Daylight,02 - Wet,10 - No control,,2,0,0,0,,0,,,,,372312.2177,5031933.524,45.42407787,-75.63728107,4876
15--13826,2015/11/27,2:03 PM,HUNT CLUB RD @ UPLANDS DR (0010844),10844,03 - At intersection,02 - Non-fatal injury,07 - SMV other,02 - Rain,01 - Daylight,02 - Wet,01 - Traffic signal,01 - Functioning,1,0,0,1,02 - Minor,1,,1,,,370158.1712,5023121.492,45.34499476,-75.66597079,4877
15--13827,2015/11/27,3:33 PM,BANK ST btwn LISGAR ST & COOPER ST (__3ZA34T),__3ZA34T,01 - Non intersection,03 - P.D. only,04 - Sideswipe,01 - Clear,01 - Daylight,01 - Dry,10 - No control,,2,0,0,0,,0,,,,,367614.1001,5031049.406,45.41656051,-75.69742352,4878
15--13828,2015/11/27,3:36 PM,REGIONAL ROAD 174 btwn OLD MONTREAL RD & MCTEER RD (__3ZA27R),__3ZA27R,01 - Non intersection,02 - Non-fatal injury,01 - Approaching,02 - Rain,01 - Daylight,02 - Wet,10 - No control,,2,0,0,0,03 - Major,4,,3,1,,394759.9759,5043068.392,45.52172803,-75.34844002,4879
15--13829,2015/11/27,3:38 PM,KANATA AVE @ TERRY FOX DR (0012691),12691,03 - At intersection,03 - P.D. only,05 - Turning movement,02 - Rain,01 - Daylight,02 - Wet,01 - Traffic signal,01 - Functioning,2,0,0,0,,0,,,,,349305.8675,5019211.585,45.31144545,-75.93240028,4880
15--1383,2015/01/22,11:58 AM,RIVERSIDE DR @ SMYTH RD SOUTH SIDE RAMP (0011480),11480,02 - Intersection related,02 - Non-fatal injury,03 - Rear end,01 - Clear,01 - Daylight,01 - Dry,01 - Traffic signal,01 - Functioning,2,0,0,0,01 - Minimal,1,1,,,,369788.3619,5029000.14,45.3979234,-75.66991596,4881
15--13830,2015/11/27,3:45 PM,COLONEL BY DR/SUSSEX DR @ RIDEAU ST (0007647),7647,02 - Intersection related,03 - P.D. only,04 - Sideswipe,01 - Clear,01 - Daylight,01 - Dry,01 - Traffic signal,01 - Functioning,2,0,0,0,,0,,,,,367922.0238,5032045.087,45.42549161,-75.69336199,4882
15--13831,2015/11/27,3:52 PM,GREENLAND RD btwn VENTURI BLVD & PINE VALLEY CRT (__3ZA5QH),__3ZA5QH,01 - Non intersection,03 - P.D. only,07 - SMV other,02 - Rain,01 - Daylight,02 - Wet,10 - No control,,1,0,0,0,,0,,,,,341459.9643,5036711.617,45.46936954,-76.03115813,4883
15--13832,2015/11/27,4:00 PM,SUSSEX DR btwn MACKAY ST & PRINCESS AVE (__3ZBOGD),__3ZBOGD,01 - Non intersection,03 - P.D. only,03 - Rear end,02 - Rain,05 - Dusk,02 - Wet,10 - No control,,3,0,0,0,,0,,,,,367939.0268,5034114.542,45.44411029,-75.69287933,4884
15--13833,2015/11/27,4:10 PM,BRONSON AVE @ BRONSON AVE SB ON RAMP 43 (0011236),11236,02 - Intersection related,02 - Non-fatal injury,03 - Rear end,02 - Rain,01 - Daylight,02 - Wet,03 - Yield sign,01 - Functioning,2,0,0,0,01 - Minimal,1,1,,,,367797.846,5028317.848,45.39196626,-75.695425,4885
15--13834,2015/11/27,4:14 PM,KANATA AVE btwn EARL GREY DR & MARITIME WAY (__3ZBPN5),__3ZBPN5,01 - Non intersection,03 - P.D. only,03 - Rear end,02 - Rain,05 - Dusk,02 - Wet,10 - No control,,3,0,0,0,,0,,,,,350965.6271,5019285.924,45.31200723,-75.91122694,4886
15--13835,2015/11/27,4:15 PM,MAPLE GROVE RD @ TERRY FOX DR (0003177),3177,02 - Intersection related,03 - P.D. only,03 - Rear end,02 - Rain,05 - Dusk,02 - Wet,01 - Traffic signal,01 - Functioning,2,0,0,0,,0,,,,,351552.8866,5017865.187,45.29918422,-75.90387174,4887