Anom_ID,Accident_Date,Accident_Time,Location,Geo_ID,Accident_Location,Classification_of_Accident,Initial_Impact_Type,Environment_Condition,Light,Road_Surface_Condition,Traffic_Control,Traffic_Control_Condition,No__of_Vehicles,No__of_Bicycles,No__of_Motorcycles,No__of_Pedestrians,Max_Injury,No__of_Injuries,No__of_Minimal,No__of_Minor,No__of_Major,No__of_Fatal,X,Y,Latitude,Longitude,ObjectId
15--13836,2015/11/27,4:20 PM,HAWTHORNE RD/RUSSELL RD @ WALKLEY RD (0002618),2618,02 - Intersection related,03 - P.D. only,03 - Rear end,01 - Clear,05 - Dusk,01 - Dry,01 - Traffic signal,01 - Functioning,3,0,0,0,,0,,,,,374674.7439,5028498.097,45.39293566,-75.60758158,4888
15--13837,2015/11/27,4:32 PM,INDUSTRIAL AVE @ ALTA VISTA DR/SANDFORD FLEMIN (0006979),6979,02 - Intersection related,03 - P.D. only,04 - Sideswipe,02 - Rain,05 - Dusk,02 - Wet,01 - Traffic signal,01 - Functioning,2,0,0,0,,0,,,,,370884.7238,5030557.57,45.41183392,-75.65570512,4889
15--13838,2015/11/27,4:32 PM,SMYTH RD btwn MAIN ST & RAMP (__3ZA3OL),__3ZA3OL,07 - Overpass or bridge,03 - P.D. only,03 - Rear end,02 - Rain,05 - Dusk,02 - Wet,10 - No control,,2,0,0,0,,0,,,,,369846.3638,5029138.191,45.39916015,-75.66915698,4890
15--13839,2015/11/27,4:37 PM,DONALD ST @ ST. LAURENT BLVD (0008630),8630,02 - Intersection related,03 - P.D. only,04 - Sideswipe,02 - Rain,05 - Dusk,02 - Wet,01 - Traffic signal,00 - Unknown,2,0,0,0,,0,,,,,372093.7129,5032472.585,45.42894914,-75.63999931,4891
15--1384,2015/01/22,12:00 PM,HIGHWAY 417 btwn HWY417 IC126 RAMP16 & HWY417 IC126 RAMP61 (__3ZA2RC),__3ZA2RC,01 - Non intersection,03 - P.D. only,99 - Other,01 - Clear,01 - Daylight,01 - Dry,10 - No control,,2,0,0,0,,0,,,,,363130.7343,5025821.372,45.36990761,-75.75532056,4892
15--13840,2015/11/27,4:47 PM,SHEFFIELD RD @ WALKLEY RD (0005156),5156,02 - Intersection related,03 - P.D. only,03 - Rear end,02 - Rain,05 - Dusk,02 - Wet,01 - Traffic signal,01 - Functioning,2,0,0,0,,0,,,,,375259.1791,5028784.539,45.39545436,-75.60007737,4893
15--13841,2015/11/27,4:51 PM,MERIVALE RD @ 210 S OF MEADOWLANDS DR (0005419),5419,03 - At intersection,02 - Non-fatal injury,07 - SMV other,02 - Rain,05 - Dusk,02 - Wet,01 - Traffic signal,01 - Functioning,1,0,0,1,02 - Minor,1,,1,,,364943.6804,5023531.257,45.34914827,-75.73245631,4894
15--13842,2015/11/27,4:53 PM,CASTLEFRANK RD @ TERRY FOX DR (0011757),11757,02 - Intersection related,03 - P.D. only,03 - Rear end,02 - Rain,07 - Dark,02 - Wet,01 - Traffic signal,01 - Functioning,2,0,0,0,,0,,,,,352994.009,5016303.727,45.28503644,-75.8856493,4895
15--13843,2015/11/27,5:00 PM,DALMENY RD @ NIXON DR (0005742),5742,03 - At intersection,03 - P.D. only,02 - Angle,02 - Rain,07 - Dark,02 - Wet,02 - Stop sign,01 - Functioning,2,0,0,0,,0,,,,,375590.9958,4997714.021,45.11585754,-75.60026577,4896
15--13844,2015/11/27,5:01 PM,CARLING AVE @ EDGEWORTH AVE (0002718),2718,03 - At intersection,03 - P.D. only,07 - SMV other,02 - Rain,07 - Dark,02 - Wet,01 - Traffic signal,01 - Functioning,1,0,0,1,,0,,,,,361261.9582,5025425.968,45.36650284,-75.77922156,4897
15--13845,2015/11/27,5:08 PM,NORICE ST @ WOODROFFE AVE (0001542),1542,02 - Intersection related,03 - P.D. only,03 - Rear end,01 - Clear,07 - Dark,01 - Dry,01 - Traffic signal,01 - Functioning,2,0,0,0,,0,,,,,363194.684,5022397.492,45.33909455,-75.75490863,4898
15--13846,2015/11/27,5:09 PM,BLAIR RD btwn BEAVERPOND DR & INNES RD (__3ZA2EZ),__3ZA2EZ,04 - At/near private drive,03 - P.D. only,02 - Angle,02 - Rain,07 - Dark,02 - Wet,10 - No control,,2,0,0,0,,0,,,,,375566.4605,5031466.27,45.41955214,-75.59576826,4899
15--13847,2015/11/27,5:13 PM,VANIER PKWY/CRICHTON ST @ BEECHWOOD AVE/ST. PA (0001604),1604,02 - Intersection related,03 - P.D. only,03 - Rear end,02 - Rain,07 - Dark,02 - Wet,01 - Traffic signal,01 - Functioning,2,0,0,0,,0,,,,,369127.8006,5033487.346,45.43835865,-75.6777665,4900
15--13848,2015/11/27,5:14 PM,EARL ARMSTRONG RD btwn RIVER RD & SPRATT RD (__3ZAZR4),__3ZAZR4,01 - Non intersection,02 - Non-fatal injury,07 - SMV other,02 - Rain,07 - Dark,02 - Wet,10 - No control,,1,0,0,1,02 - Minor,1,,1,,,367680.6604,5014651.993,45.26901389,-75.69865743,4901
15--13849,2015/11/27,5:20 PM,INNES RD @ TRIM RD (0012870),12870,03 - At intersection,02 - Non-fatal injury,07 - SMV other,01 - Clear,07 - Dark,02 - Wet,01 - Traffic signal,01 - Functioning,1,0,0,1,02 - Minor,1,,1,,,386566.7721,5037272.834,45.47059484,-75.45426678,4902
15--1385,2015/01/22,12:01 PM,FLOWER AVE @ WOODROFFE AVE (0002757),2757,03 - At intersection,02 - Non-fatal injury,05 - Turning movement,01 - Clear,01 - Daylight,04 - Slush,02 - Stop sign,00 - Unknown,3,0,0,0,01 - Minimal,1,1,,,,361812.644,5026115.049,45.37265856,-75.77211269,4903
15--13850,2015/11/27,5:20 PM,WOODROFFE AVE @ SPORTSPLEX N (0005568),5568,02 - Intersection related,03 - P.D. only,03 - Rear end,02 - Rain,07 - Dark,02 - Wet,01 - Traffic signal,01 - Functioning,2,0,0,0,,0,,,,,363762.9403,5021067.234,45.32707746,-75.74781701,4904
15--13851,2015/11/27,5:28 PM,BASELINE RD @ NAVAHO DR (0003158),3158,02 - Intersection related,02 - Non-fatal injury,03 - Rear end,02 - Rain,07 - Dark,02 - Wet,01 - Traffic signal,01 - Functioning,2,0,0,0,01 - Minimal,2,2,,,,363086.4127,5024097.506,45.35440014,-75.75608966,4905
15--13852,2015/11/27,5:40 PM,LEMIEUX ST @ ST. LAURENT BLVD (0002021),2021,03 - At intersection,03 - P.D. only,05 - Turning movement,02 - Rain,07 - Dark,02 - Wet,01 - Traffic signal,01 - Functioning,2,0,0,0,,0,,,,,372391.7247,5031743.286,45.42235852,-75.63629129,4906
15--13853,2015/11/27,5:40 PM,RIVERSIDE DR @ SMYTH RD SOUTH SIDE RAMP (0011480),11480,02 - Intersection related,03 - P.D. only,07 - SMV other,02 - Rain,07 - Dark,02 - Wet,01 - Traffic signal,01 - Functioning,1,0,0,0,,0,,,,,369788.9381,5028998.194,45.39790583,-75.66990885,4907
15--13854,2015/11/27,5:42 PM,BANTREE ST @ INNES RD (0007684),7684,02 - Intersection related,02 - Non-fatal injury,03 - Rear end,02 - Rain,07 - Dark,02 - Wet,01 - Traffic signal,01 - Functioning,2,0,0,0,02 - Minor,1,,1,,,373705.7232,5030405.833,45.41019659,-75.61968959,4908
15--13855,2015/11/27,5:45 PM,HAZELDEAN RD @ EDGEWATER ST (0003176),3176,03 - At intersection,03 - P.D. only,02 - Angle,02 - Rain,07 - Dark,02 - Wet,01 - Traffic signal,01 - Functioning,2,0,0,0,,0,,,,,352325.1618,5017352.039,45.29451497,-75.89407448,4909
15--13856,2015/11/27,5:46 PM,BYRON AVE @ ISLAND PARK DR (0006365),6365,02 - Intersection related,03 - P.D. only,03 - Rear end,02 - Rain,07 - Dark,02 - Wet,01 - Traffic signal,01 - Functioning,2,0,0,0,,0,,,,,364253.3558,5028610.077,45.39490557,-75.74065402,4910
15--13857,2015/11/27,5:53 PM,ST. JOSEPH BLVD btwn COUSINEAU ST & DUSSERE ST (__3ZA2AL),__3ZA2AL,01 - Non intersection,03 - P.D. only,04 - Sideswipe,02 - Rain,07 - Dark,02 - Wet,10 - No control,,2,0,0,0,,0,,,,,380736.4308,5037047.738,45.46922787,-75.52885588,4911
15--13858,2015/11/27,6:03 AM,VICTORIA ST btwn YORKS CORNERS RD & CARTWRIGHT RD (__3ZA3XA),__3ZA3XA,01 - Non intersection,03 - P.D. only,07 - SMV other,01 - Clear,07 - Dark,01 - Dry,10 - No control,,1,0,0,0,,0,,,,,388906.8604,5013321.006,45.25482067,-75.42842047,4912
15--13859,2015/11/27,6:07 PM,RUSSELL RD btwn SAND RD & FRANK KENNY RD (__3ZA2ZQ),__3ZA2ZQ,01 - Non intersection,03 - P.D. only,07 - SMV other,02 - Rain,07 - Dark,02 - Wet,10 - No control,,1,0,0,0,,0,,,,,392417.7224,5026321.432,45.37135732,-75.38139914,4913
15--1386,2015/01/22,12:13 PM,ALTA VISTA DR @ SMYTH RD (0011353),11353,02 - Intersection related,03 - P.D. only,03 - Rear end,01 - Clear,01 - Daylight,01 - Dry,01 - Traffic signal,01 - Functioning,2,0,0,0,,0,,,,,370432.7159,5029082.039,45.39860019,-75.66167573,4914
15--13860,2015/11/27,6:10 PM,ST. JOSEPH BLVD @ JEANNE D'ARC BLVD (0012421),12421,03 - At intersection,03 - P.D. only,04 - Sideswipe,02 - Rain,07 - Dark,02 - Wet,11 - Roundabout,01 - Functioning,2,0,0,0,,0,,,,,379861.2809,5036470.773,45.46413139,-75.54013462,4915
15--14414,2015/12/12,11:15 AM,WEST HUNT CLUB RD EB btwn CLEOPATRA DR & 210 W OF MERIVALE RD (__3ZA3JDA),__3ZA3JDA,01 - Non intersection,03 - P.D. only,04 - Sideswipe,01 - Clear,01 - Daylight,01 - Dry,10 - No control,,2,0,0,0,,0,,,,,365362.8757,5021772.101,45.33328354,-75.72732244,4916
15--14415,2015/12/12,11:16 AM,AVIATION PKWY @ MONTREAL RD (0008799),8799,02 - Intersection related,03 - P.D. only,04 - Sideswipe,01 - Clear,01 - Daylight,01 - Dry,01 - Traffic signal,01 - Functioning,2,0,0,0,,0,,,,,372146.3556,5034107.861,45.4436575,-75.63910291,4917
15--14416,2015/12/12,11:43 AM,DALHOUSIE ST @ RIDEAU ST (0007646),7646,03 - At intersection,03 - P.D. only,05 - Turning movement,01 - Clear,01 - Daylight,01 - Dry,01 - Traffic signal,01 - Functioning,2,0,0,0,,0,,,,,368207.4311,5032227.581,45.42710781,-75.68969164,4918
15--14417,2015/12/12,Unknown,HUNTERSFIELD DR btwn NEWPORT CRES & NEWPORT CRES (__3ZA458),__3ZA458,01 - Non intersection,03 - P.D. only,06 - SMV unattended vehicle,01 - Clear,00 - Unknown,01 - Dry,10 - No control,,1,0,0,0,,0,,,,,373071.4329,5025120.925,45.36270742,-75.62852308,4919
15--14418,2015/12/12,2:12 AM,WOODFIELD DR btwn BENLEA DR & LANSFIELD WAY (__3ZA0X1),__3ZA0X1,01 - Non intersection,02 - Non-fatal injury,06 - SMV unattended vehicle,01 - Clear,07 - Dark,01 - Dry,10 - No control,,1,0,0,0,02 - Minor,1,,1,,,363907.3525,5021805.348,45.33370681,-75.74588679,4920
15--14419,2015/12/12,2:18 AM,DALHOUSIE ST @ GUIGUES AVE (0008427),8427,03 - At intersection,02 - Non-fatal injury,02 - Angle,01 - Clear,07 - Dark,01 - Dry,02 - Stop sign,01 - Functioning,2,0,0,0,02 - Minor,1,,1,,,367913.4197,5032712.866,45.43150083,-75.69338636,4921
15--1442,2015/01/23,1:50 PM,LEES AVE @  TRANSITWAY/HWY 417 NICHOLAS IC118R (0012210),12210,02 - Intersection related,03 - P.D. only,99 - Other,01 - Clear,01 - Daylight,01 - Dry,01 - Traffic signal,01 - Functioning,2,0,0,0,,0,,,,,369366.3344,5031280.744,45.41848251,-75.67500719,4922
15--14420,2015/12/12,2:30 PM,RIVERSIDE DR @ BROOKFIELD RD/HOG'S BACK RD (0001627),1627,02 - Intersection related,02 - Non-fatal injury,03 - Rear end,01 - Clear,01 - Daylight,01 - Dry,01 - Traffic signal,01 - Functioning,2,0,0,0,02 - Minor,1,,1,,,368166.989,5026223.244,45.37308629,-75.69097984,4923
15--14421,2015/12/12,2:34 PM,BLAIR RD @ INNES RD (0004165),4165,02 - Intersection related,03 - P.D. only,03 - Rear end,01 - Clear,01 - Daylight,01 - Dry,01 - Traffic signal,01 - Functioning,2,0,0,0,,0,,,,,375578.0129,5031439.555,45.41931061,-75.5956245,4924
15--14422,2015/12/12,2:42 AM,GREENBANK RD btwn VIEWBANK RD & PRINCE OF WALES DR (__3ZABLF),__3ZABLF,01 - Non intersection,02 - Non-fatal injury,03 - Rear end,01 - Clear,07 - Dark,01 - Dry,10 - No control,,2,0,0,0,02 - Minor,2,1,1,,,366175.3374,5009547.172,45.2232137,-75.71846938,4925
15--14423,2015/12/12,3:07 PM,LARCH ST btwn PRESTON ST & END (__3ZAAJQ),__3ZAAJQ,01 - Non intersection,03 - P.D. only,06 - SMV unattended vehicle,01 - Clear,01 - Daylight,01 - Dry,10 - No control,,1,0,0,0,,0,,,,,366391.4689,5029812.127,45.40553651,-75.71319819,4926
15--14424,2015/12/12,3:57 PM,CYRVILLE RD @ ST. LAURENT BLVD (0002647),2647,02 - Intersection related,03 - P.D. only,02 - Angle,01 - Clear,05 - Dusk,01 - Dry,01 - Traffic signal,01 - Functioning,2,0,0,0,,0,,,,,372241.1793,5032111.038,45.42568191,-75.63816444,4927
15--14425,2015/12/12,4:00 PM,YORK ST WB btwn CUMBERLAND ST & SPLIT (__3ZA82X),__3ZA82X,01 - Non intersection,03 - P.D. only,06 - SMV unattended vehicle,01 - Clear,05 - Dusk,01 - Dry,10 - No control,,1,0,0,0,,0,,,,,368240.316,5032532.43,45.42984775,-75.68923216,4928
15--14426,2015/12/12,4:19 PM,HILSON AVE @ BYRON AVE (0006298),6298,03 - At intersection,03 - P.D. only,02 - Angle,01 - Clear,05 - Dusk,01 - Dry,02 - Stop sign,01 - Functioning,2,0,0,0,,0,,,,,363970.9529,5028478.752,45.39374785,-75.74427634,4929
15--14427,2015/12/12,5:21 PM,VICTORIA ST btwn 8TH LINE RD & LOUISE ST (__3ZA20E),__3ZA20E,01 - Non intersection,03 - P.D. only,07 - SMV other,01 - Clear,07 - Dark,01 - Dry,10 - No control,,1,0,0,0,,0,,,,,385538.7183,5011218.847,45.23630127,-75.47166718,4930
15--14428,2015/12/12,6:10 PM,CLEARBROOK DR/MARKETPLACE AVE @ LONGFIELDS DR (0011162),11162,03 - At intersection,03 - P.D. only,05 - Turning movement,01 - Clear,07 - Dark,01 - Dry,01 - Traffic signal,01 - Functioning,2,0,0,0,,0,,,,,364631.8301,5014953.584,45.27199359,-75.73747142,4931
15--14429,2015/12/12,6:29 PM,TERRY FOX DR @ WESTPHALIAN AVE (0014366),14366,02 - Intersection related,03 - P.D. only,03 - Rear end,01 - Clear,07 - Dark,01 - Dry,01 - Traffic signal,01 - Functioning,2,0,0,0,,0,,,,,353455.2261,5015759.789,45.28011017,-75.87982363,4932
15--1443,2015/01/23,10:57 AM,ALTA VISTA DR @ BANK ST (0011318),11318,02 - Intersection related,03 - P.D. only,04 - Sideswipe,01 - Clear,01 - Daylight,01 - Dry,01 - Traffic signal,00 - Unknown,2,0,0,0,,0,,,,,370249.033,5026200.257,45.3726881,-75.66440377,4933
15--14430,2015/12/12,6:30 PM,LACASSE AVE @ MONTREAL RD (0009797),9797,02 - Intersection related,03 - P.D. only,05 - Turning movement,01 - Clear,07 - Dark,01 - Dry,01 - Traffic signal,01 - Functioning,2,0,0,0,,0,,,,,370686.631,5033406.731,45.43748815,-75.65785457,4934
15--14431,2015/12/12,7:00 PM,HUNT CLUB RD btwn LORRY GREENBERG DR & PIKE ST (__3ZA3S3),__3ZA3S3,01 - Non intersection,03 - P.D. only,07 - SMV other,01 - Clear,07 - Dark,01 - Dry,10 - No control,,1,0,0,0,,0,,,,,373011.5437,5024920.629,45.36091106,-75.62931512,4935
15--14432,2015/12/12,7:08 PM,JEANNE D'ARC BLVD @ KINGFISHER CRES E/LAWNSBER (0004278),4278,03 - At intersection,03 - P.D. only,02 - Angle,01 - Clear,07 - Dark,01 - Dry,02 - Stop sign,01 - Functioning,2,0,0,0,,0,,,,,382156.2466,5039118.012,45.48769858,-75.51037465,4936
15--14433,2015/12/12,8:55 AM,MCRAE AVE @ RICHMOND RD (0006867),6867,03 - At intersection,03 - P.D. only,02 - Angle,01 - Clear,01 - Daylight,01 - Dry,01 - Traffic signal,01 - Functioning,2,0,0,0,,0,,,,,363608.9679,5028537.111,45.39430345,-75.7488922,4937
15--14434,2015/12/13,1:49 PM,MCARTHUR AVE @ VANIER PKWY (0004626),4626,02 - Intersection related,03 - P.D. only,02 - Angle,01 - Clear,01 - Daylight,01 - Dry,01 - Traffic signal,01 - Functioning,2,0,0,0,,0,,,,,370219.427,5032688.42,45.43106896,-75.66392105,4938
15--14435,2015/12/13,10:34 AM,HUNT CLUB RD @ DOWNPATRICK RD/MCCARTHY RD (0006931),6931,03 - At intersection,03 - P.D. only,05 - Turning movement,01 - Clear,01 - Daylight,01 - Dry,01 - Traffic signal,01 - Functioning,2,0,0,0,,0,,,,,370508.4564,5023399.065,45.34745956,-75.66146444,4939
15--14436,2015/12/13,10:40 AM,VALOUR DR @ SMYTH RD (0011904),11904,03 - At intersection,02 - Non-fatal injury,02 - Angle,01 - Clear,01 - Daylight,01 - Dry,01 - Traffic signal,01 - Functioning,2,0,0,0,02 - Minor,2,1,1,,,370665.7265,5029086.288,45.39861654,-75.65869925,4940
15--14437,2015/12/13,11:49 AM,PAUL METIVIER DR btwn HAILEYBURY ST/ LEAMINGTON WAY & TEMAGAMI DR (__61W6Q2),__61W6Q2,01 - Non intersection,03 - P.D. only,06 - SMV unattended vehicle,01 - Clear,01 - Daylight,01 - Dry,10 - No control,,1,0,0,0,,0,,,,,365440.863,5014462.247,45.26750325,-75.72722161,4941
15--14438,2015/12/13,12:15 AM,RIVERSIDE DR btwn HOG'S BACK RD & RIDGEWOOD AVE (__3ZA372),__3ZA372,01 - Non intersection,03 - P.D. only,07 - SMV other,01 - Clear,07 - Dark,01 - Dry,10 - No control,,1,0,0,0,,0,,,,,368173.4872,5026174.868,45.37265043,-75.69090309,4942
15--14439,2015/12/13,12:35 PM,BANK ST @ CAHILL DR/DAZE ST (0012178),12178,02 - Intersection related,03 - P.D. only,03 - Rear end,01 - Clear,01 - Daylight,01 - Dry,01 - Traffic signal,01 - Functioning,2,0,0,0,,0,,,,,371306.093,5024316.728,45.35564122,-75.65116313,4943
15--1444,2015/01/23,10:57 PM,YORK ST btwn WILLIAM ST & DALHOUSIE ST (__3ZA817),__3ZA817,01 - Non intersection,03 - P.D. only,02 - Angle,01 - Clear,07 - Dark,01 - Dry,10 - No control,,2,0,0,0,,0,,,,,368003.2903,5032362.678,45.42834184,-75.69228284,4944
15--14440,2015/12/13,2:02 AM,RIDEAU RD btwn DOWNEY RD & BOWESVILLE RD (__3ZA6L7),__3ZA6L7,01 - Non intersection,02 - Non-fatal injury,07 - SMV other,01 - Clear,07 - Dark,01 - Dry,10 - No control,,1,0,0,0,03 - Major,1,,,1,,372574.589,5015005.605,45.27174103,-75.63624847,4945
15--14441,2015/12/13,2:15 PM,BASELINE RD @ LOBLAWS SC (0009097),9097,02 - Intersection related,02 - Non-fatal injury,03 - Rear end,01 - Clear,01 - Daylight,01 - Dry,01 - Traffic signal,01 - Functioning,2,0,0,0,01 - Minimal,1,1,,,,364743.3731,5025128.775,45.36353966,-75.73481865,4946
15--14442,2015/12/13,3:22 AM,FLEWELLYN RD btwn WEST HEALEY AVE & STITTSVILLE MAIN ST (__3ZACSM),__3ZACSM,01 - Non intersection,03 - P.D. only,07 - SMV other,01 - Clear,07 - Dark,01 - Dry,10 - No control,,1,0,0,0,,0,,,,,351262.3292,5010606.867,45.23389079,-75.90825533,4947
15--14443,2015/12/13,3:36 PM,CARP RD @ WESTBROOK RD (0001681),1681,02 - Intersection related,03 - P.D. only,03 - Rear end,02 - Rain,01 - Daylight,02 - Wet,01 - Traffic signal,01 - Functioning,2,0,0,0,,0,,,,,347738.2871,5015443.163,45.27763348,-75.95271755,4948
15--14444,2015/12/13,4:30 PM,HWY417 IC124 RAMP67 btwn CARLING AVE & HIGHWAY 417 (__3ZAYA7),__3ZAYA7,01 - Non intersection,03 - P.D. only,03 - Rear end,02 - Rain,05 - Dusk,02 - Wet,10 - No control,,2,0,0,0,,0,,,,,364377.4604,5027555.034,45.38540194,-75.73919645,4949
15--14445,2015/12/13,4:40 AM,HARDING RD btwn CROSS AVE & DUNROBIN AVE (__3ZA7Q9),__3ZA7Q9,01 - Non intersection,03 - P.D. only,06 - SMV unattended vehicle,01 - Clear,07 - Dark,01 - Dry,10 - No control,,1,0,0,0,,0,,,,,372821.5708,5027909.803,45.38782491,-75.63132805,4950
15--14446,2015/12/13,4:53 PM,RICHMOND RD btwn ROBERTSON RD & STINSON AVE (__3ZA4YR),__3ZA4YR,01 - Non intersection,03 - P.D. only,04 - Sideswipe,01 - Clear,05 - Dusk,01 - Dry,10 - No control,,2,0,0,0,,0,,,,,357618.0883,5020773.308,45.32492201,-75.82623173,4951
15--14447,2015/12/13,5:16 PM,OGILVIE RD btwn 240 W OF BLAIR RD & CITY PARK DR (__3ZA2DOB),__3ZA2DOB,04 - At/near private drive,03 - P.D. only,02 - Angle,02 - Rain,07 - Dark,02 - Wet,10 - No control,,2,0,0,0,,0,,,,,374421.8031,5033147.311,45.43479209,-75.61015492,4952
15--14448,2015/12/13,5:23 PM,HALTON TERR/MAXWELL BRIDGE RD @ MARCH RD (0011852),11852,02 - Intersection related,03 - P.D. only,04 - Sideswipe,01 - Clear,07 - Dark,01 - Dry,01 - Traffic signal,01 - Functioning,2,0,0,0,,0,,,,,348935.1608,5024422.807,45.35836079,-75.93666307,4953
15--14449,2015/12/13,6:10 PM,GOULBOURN FORCED RD btwn KANATA ROCKERIES PRIV & KANATA AVE (__3ZA2H6),__3ZA2H6,01 - Non intersection,03 - P.D. only,07 - SMV other,02 - Rain,07 - Dark,02 - Wet,10 - No control,,1,0,0,0,,0,,,,,349618.6035,5020564.903,45.32360309,-75.9282896,4954
15--1445,2015/01/23,11:10 AM,CARLING AVE @ BROADVIEW AVE (0006707),6707,02 - Intersection related,03 - P.D. only,03 - Rear end,01 - Clear,01 - Daylight,01 - Dry,01 - Traffic signal,01 - Functioning,2,0,0,0,,0,,,,,363180.6866,5026637.096,45.37724323,-75.75458648,4955
15--14450,2015/12/13,6:10 PM,BANK ST btwn FOURTH AVE & FIFTH AVE (__3ZA3OW),__3ZA3OW,01 - Non intersection,03 - P.D. only,04 - Sideswipe,01 - Clear,07 - Dark,01 - Dry,10 - No control,,2,0,0,0,,0,,,,,368382.1069,5029435.215,45.40196718,-75.68781986,4956
15--14451,2015/12/13,6:44 PM,LAURIER AVE   E btwn KING EDWARD AVE & HENDERSON AVE (__3ZA3VN),__3ZA3VN,01 - Non intersection,03 - P.D. only,05 - Turning movement,02 - Rain,07 - Dark,02 - Wet,10 - No control,,2,0,0,0,,0,,,,,368798.32,5032069.356,45.42563034,-75.68216177,4957
15--14452,2015/12/13,6:53 PM,CATHERINE ST btwn BANK ST & O'CONNOR ST (__3ZA3PU),__3ZA3PU,04 - At/near private drive,03 - P.D. only,05 - Turning movement,02 - Rain,07 - Dark,02 - Wet,10 - No control,,2,0,0,0,,0,,,,,368182.3392,5030355.019,45.4102614,-75.69025314,4958
15--14453,2015/12/13,7:34 PM,KENT ST @ LISGAR ST (0007733),7733,02 - Intersection related,03 - P.D. only,05 - Turning movement,02 - Rain,07 - Dark,02 - Wet,02 - Stop sign,01 - Functioning,2,0,0,0,,0,,,,,367436.9798,5030962.125,45.41579106,-75.69969746,4959
15--14454,2015/12/13,8:57 AM,GREENBANK RD @ BERRIGAN DR/WESSEX RD (0004726),4726,02 - Intersection related,02 - Non-fatal injury,03 - Rear end,01 - Clear,01 - Daylight,01 - Dry,01 - Traffic signal,01 - Functioning,2,0,0,0,01 - Minimal,1,1,,,,363722.9597,5015277.147,45.27498176,-75.74901514,4960
15--14455,2015/12/13,9:38 PM,BANK ST @ HERON RD (0002155),2155,02 - Intersection related,03 - P.D. only,03 - Rear end,02 - Rain,07 - Dark,02 - Wet,01 - Traffic signal,01 - Functioning,3,0,0,0,,0,,,,,369996.442,5026850.098,45.3785587,-75.6675425,4961
15--14456,2015/12/14,1:00 PM,HWY 417 WALKLEY IC110R57 @ WALKLEY EXTENSION R (0004164),4164,02 - Intersection related,03 - P.D. only,02 - Angle,01 - Clear,01 - Daylight,01 - Dry,02 - Stop sign,00 - Unknown,2,0,0,0,,0,,,,,375656.5117,5028999.094,45.39734472,-75.59497235,4962
15--14457,2015/12/14,1:14 PM,ALBION RD @ BANK ST (0012409),12409,03 - At intersection,02 - Non-fatal injury,02 - Angle,01 - Clear,01 - Daylight,01 - Dry,01 - Traffic signal,01 - Functioning,3,0,0,0,01 - Minimal,2,2,,,,371947.4499,5024129.499,45.35389547,-75.64300365,4963
15--14458,2015/12/14,1:48 PM,PRESTON ST btwn ST. ANTHONY ST & YOUNG ST (__3ZA3Z8),__3ZA3Z8,01 - Non intersection,03 - P.D. only,04 - Sideswipe,01 - Clear,01 - Daylight,02 - Wet,10 - No control,,2,0,0,0,,0,,,,,366562.4105,5029546.865,45.40313469,-75.71104793,4964
15--14459,2015/12/14,10:10 PM,KING EDWARD AVE @ ST. PATRICK ST (0002714),2714,03 - At intersection,03 - P.D. only,02 - Angle,02 - Rain,07 - Dark,02 - Wet,01 - Traffic signal,01 - Functioning,2,0,0,0,,0,,,,,368248.7013,5032822.867,45.43246024,-75.68908759,4965
15--1446,2015/01/23,11:13 PM,CAMPEAU DR @ KANATA AVE (0012003),12003,03 - At intersection,03 - P.D. only,05 - Turning movement,01 - Clear,07 - Dark,01 - Dry,01 - Traffic signal,01 - Functioning,2,0,0,0,,0,,,,,350594.8671,5019403.39,45.31308849,-75.91594432,4966
15--14460,2015/12/14,10:32 AM,LAFONTAINE AVE @ MCARTHUR AVE (0009806),9806,03 - At intersection,02 - Non-fatal injury,05 - Turning movement,01 - Clear,01 - Daylight,02 - Wet,01 - Traffic signal,01 - Functioning,2,0,0,0,02 - Minor,2,1,1,,,370950.4343,5032772.296,45.43175488,-75.65456832,4967
15--14461,2015/12/14,10:52 AM,REGIONAL ROAD 174 btwn REGIONAL ROAD 174 & OR174 IC102 RAMP61 (__3ZA1SZ),__3ZA1SZ,01 - Non intersection,03 - P.D. only,03 - Rear end,02 - Rain,01 - Daylight,02 - Wet,10 - No control,,3,0,0,0,,0,,,,,381648.4955,5038292.119,45.48032399,-75.51699864,4968
15--14462,2015/12/14,11:55 AM,GREENBANK RD @ WEST HUNT CLUB RD (0005167),5167,02 - Intersection related,03 - P.D. only,03 - Rear end,01 - Clear,01 - Daylight,02 - Wet,01 - Traffic signal,01 - Functioning,2,0,0,0,,0,,,,,361480.399,5020502.479,45.32218384,-75.77699738,4969
15--14463,2015/12/14,Unknown,GLENORA ST btwn HERRIDGE ST & CLEGG ST (__3ZA95L),__3ZA95L,01 - Non intersection,03 - P.D. only,06 - SMV unattended vehicle,01 - Clear,00 - Unknown,01 - Dry,10 - No control,,1,0,0,0,,0,,,,,369159.4326,5029986.955,45.40686052,-75.67781953,4970
15--14464,2015/12/14,12:07 PM,CORDOVA ST @ TOWER RD (0001414),1414,03 - At intersection,03 - P.D. only,02 - Angle,02 - Rain,01 - Daylight,02 - Wet,02 - Stop sign,01 - Functioning,2,0,0,0,,0,,,,,363879.9664,5023940.955,45.3529251,-75.74598111,4971