Anom_ID,Accident_Date,Accident_Time,Location,Geo_ID,Accident_Location,Classification_of_Accident,Initial_Impact_Type,Environment_Condition,Light,Road_Surface_Condition,Traffic_Control,Traffic_Control_Condition,No__of_Vehicles,No__of_Bicycles,No__of_Motorcycles,No__of_Pedestrians,Max_Injury,No__of_Injuries,No__of_Minimal,No__of_Minor,No__of_Major,No__of_Fatal,X,Y,Latitude,Longitude,ObjectId
15--14465,2015/12/14,12:26 PM,RIVER RD btwn ROGER STEVENS DR & DOYLE RD (__3ZA3TW),__3ZA3TW,01 - Non intersection,03 - P.D. only,07 - SMV other,01 - Clear,01 - Daylight,01 - Dry,10 - No control,,1,0,0,0,,0,,,,,373234.7175,5002871.674,45.16249792,-75.62950398,4972
15--14466,2015/12/14,2:03 PM,CARLING AVE @ BROADVIEW AVE (0006707),6707,03 - At intersection,03 - P.D. only,05 - Turning movement,01 - Clear,01 - Daylight,01 - Dry,01 - Traffic signal,01 - Functioning,2,0,0,0,,0,,,,,363181.4086,5026638.542,45.37725618,-75.75457709,4973
15--14467,2015/12/14,2:18 PM,INDUSTRIAL AVE @ ALTA VISTA DR/SANDFORD FLEMIN (0006979),6979,02 - Intersection related,03 - P.D. only,04 - Sideswipe,01 - Clear,01 - Daylight,01 - Dry,01 - Traffic signal,01 - Functioning,3,0,0,0,,0,,,,,370884.7238,5030557.57,45.41183392,-75.65570512,4974
15--14468,2015/12/14,2:32 PM,RUSSELL RD btwn SOUTHVALE CRES & TUPPER AVE (__3ZA2EQ),__3ZA2EQ,04 - At/near private drive,03 - P.D. only,02 - Angle,01 - Clear,01 - Daylight,02 - Wet,10 - No control,,2,0,0,0,,0,,,,,374184.5968,5028798.312,45.39568559,-75.61379861,4975
15--14469,2015/12/14,2:52 PM,BASELINE RD/HWY 416 RICHMOND IC75R53 @ RICHMON (0000148),148,03 - At intersection,03 - P.D. only,04 - Sideswipe,01 - Clear,01 - Daylight,02 - Wet,01 - Traffic signal,01 - Functioning,2,0,0,0,,0,,,,,358635.219,5021821.216,45.33427387,-75.81314378,4976
15--1447,2015/01/23,11:20 AM,PORTOBELLO BLVD btwn NESTING WAY & INNES RD (__3ZA19I),__3ZA19I,01 - Non intersection,03 - P.D. only,05 - Turning movement,01 - Clear,01 - Daylight,01 - Dry,10 - No control,,2,0,0,0,,0,,,,,385626.9504,5036905.564,45.4673999,-75.46634479,4977
15--14470,2015/12/14,3:08 PM,BASELINE RD/HERON RD @ PRINCE OF WALES DR (0002345),2345,02 - Intersection related,03 - P.D. only,04 - Sideswipe,01 - Clear,01 - Daylight,01 - Dry,01 - Traffic signal,01 - Functioning,2,0,0,0,,0,,,,,366874.4285,5026439.254,45.37514559,-75.70745349,4978
15--14471,2015/12/14,3:53 PM,GILMOUR ST @ O'CONNOR ST (0007286),7286,02 - Intersection related,03 - P.D. only,03 - Rear end,01 - Clear,01 - Daylight,01 - Dry,01 - Traffic signal,00 - Unknown,2,0,0,0,,0,,,,,367944.4334,5030868.57,45.41490368,-75.69322644,4979
15--14472,2015/12/14,4:00 PM,BREEZEHILL AVE @ SOMERSET ST (0005747),5747,03 - At intersection,02 - Non-fatal injury,02 - Angle,01 - Clear,05 - Dusk,01 - Dry,02 - Stop sign,01 - Functioning,2,0,0,0,01 - Minimal,1,1,,,,365911.705,5029955.294,45.40686674,-75.71930863,4980
15--14473,2015/12/14,4:30 PM,BANK ST @ HERON RD (0002155),2155,02 - Intersection related,03 - P.D. only,03 - Rear end,01 - Clear,05 - Dusk,01 - Dry,01 - Traffic signal,01 - Functioning,2,0,0,0,,0,,,,,369995.72,5026851.542,45.37857176,-75.66755153,4981
15--14474,2015/12/14,5:11 PM,WEST HUNT CLUB RD @ WOODROFFE AVE (0000576),576,02 - Intersection related,03 - P.D. only,03 - Rear end,01 - Clear,07 - Dark,01 - Dry,01 - Traffic signal,01 - Functioning,2,0,0,0,,0,,,,,363670.691,5021247.211,45.32870463,-75.74897232,4982
15--14475,2015/12/14,5:20 PM,MARCH RD @ TERRY FOX DR (0003173),3173,02 - Intersection related,03 - P.D. only,03 - Rear end,01 - Clear,07 - Dark,01 - Dry,01 - Traffic signal,01 - Functioning,2,0,0,0,,0,,,,,349866.0526,5023398.065,45.34908072,-75.92487526,4983
15--14476,2015/12/14,5:26 PM,DONALD ST @ VANIER PKWY (0007644),7644,03 - At intersection,02 - Non-fatal injury,05 - Turning movement,01 - Clear,07 - Dark,01 - Dry,01 - Traffic signal,01 - Functioning,2,1,0,0,02 - Minor,2,1,1,,,370310.9911,5032270.585,45.42730089,-75.66280654,4984
15--14477,2015/12/14,5:30 PM,INNES RD @ TENTH LINE RD (0004633),4633,02 - Intersection related,03 - P.D. only,03 - Rear end,01 - Clear,07 - Dark,01 - Dry,01 - Traffic signal,01 - Functioning,2,0,0,0,,0,,,,,383951.0383,5036158.117,45.46086698,-75.48789414,4985
15--14478,2015/12/14,5:35 PM,ELGIN ST btwn COOPER ST & SOMERSET ST W (__3ZA346),__3ZA346,01 - Non intersection,03 - P.D. only,06 - SMV unattended vehicle,02 - Rain,07 - Dark,02 - Wet,10 - No control,,1,0,0,0,,0,,,,,368140.7241,5031237.446,45.41820496,-75.69067134,4986
15--14479,2015/12/14,5:35 PM,RIVERSIDE DR @ HERON RD (0002236),2236,02 - Intersection related,03 - P.D. only,03 - Rear end,01 - Clear,07 - Dark,01 - Dry,01 - Traffic signal,01 - Functioning,2,0,0,0,,0,,,,,368120.3829,5026647.221,45.37690534,-75.69152045,4987
15--1448,2015/01/23,11:40 AM,HWY 417 WOODROFF IC127R62 @ WOODROFFE AVE (0002349),2349,02 - Intersection related,02 - Non-fatal injury,99 - Other,01 - Clear,01 - Daylight,01 - Dry,03 - Yield sign,01 - Functioning,2,0,0,0,01 - Minimal,1,1,,,,362050.1959,5025019.662,45.362783,-75.76920701,4988
15--14480,2015/12/14,5:58 PM,CEDARVIEW RD @ HWY 416 WESTHUNT IC72R24 (0005514),5514,03 - At intersection,02 - Non-fatal injury,02 - Angle,02 - Rain,07 - Dark,02 - Wet,02 - Stop sign,01 - Functioning,2,0,0,0,02 - Minor,2,1,1,,,359607.886,5019745.22,45.31551868,-75.80096472,4989
15--14481,2015/12/14,6:23 PM,CONROY RD @ HUNT CLUB RD (0002257),2257,02 - Intersection related,03 - P.D. only,03 - Rear end,01 - Clear,07 - Dark,01 - Dry,01 - Traffic signal,01 - Functioning,2,0,0,0,,0,,,,,373764.462,5025404.523,45.36519128,-75.61963811,4990
15--14482,2015/12/14,6:30 AM,STAGECOACH RD btwn CABIN RD & SNAKE ISLAND RD (__3ZBOGH),__3ZBOGH,01 - Non intersection,03 - P.D. only,07 - SMV other,01 - Clear,07 - Dark,01 - Dry,10 - No control,,1,0,0,0,,0,,,,,378080.0801,5005975.955,45.18994311,-75.56742259,4991
15--14483,2015/12/14,6:30 PM,FLODDEN WAY btwn LYDIA WAY & VERSILIA DR (__4CZRQS),__4CZRQS,01 - Non intersection,03 - P.D. only,06 - SMV unattended vehicle,01 - Clear,07 - Dark,02 - Wet,10 - No control,,1,0,0,0,,0,,,,,367291.7071,5016423.132,45.28498512,-75.70339075,4992
15--14484,2015/12/14,6:40 AM,CYRVILLE RD @ INNES RD (0009352),9352,02 - Intersection related,03 - P.D. only,03 - Rear end,02 - Rain,07 - Dark,02 - Wet,01 - Traffic signal,01 - Functioning,2,0,0,0,,0,,,,,375048.4467,5031119.564,45.41648487,-75.60243589,4993
15--14485,2015/12/14,6:40 PM,CARLING AVE @ KIRKWOOD AVE N (0002358),2358,03 - At intersection,03 - P.D. only,05 - Turning movement,01 - Clear,07 - Dark,02 - Wet,01 - Traffic signal,01 - Functioning,2,0,0,0,,0,,,,,364275.6922,5027492.812,45.38485073,-75.74050342,4994
15--14486,2015/12/14,7:00 PM,PRINCE OF WALES DR @ MERIVALE RD (0000564),564,02 - Intersection related,03 - P.D. only,03 - Rear end,02 - Rain,07 - Dark,02 - Wet,01 - Traffic signal,01 - Functioning,2,0,0,0,,0,,,,,367449.7113,5017616.461,45.2957085,-75.70122608,4995
15--14487,2015/12/14,7:08 AM,BANK ST @ LEITRIM RD (0004125),4125,02 - Intersection related,03 - P.D. only,03 - Rear end,02 - Rain,03 - Dawn,02 - Wet,01 - Traffic signal,01 - Functioning,2,0,0,0,,0,,,,,375357.0322,5021618.053,45.33096378,-75.59985094,4996
15--14488,2015/12/14,7:15 AM,PLACE D'ORLEANS DR btwn CENTRUM BLVD & ST. JOSEPH BLVD (__3ZA2FM),__3ZA2FM,04 - At/near private drive,02 - Non-fatal injury,02 - Angle,02 - Rain,03 - Dawn,02 - Wet,10 - No control,,2,0,0,0,01 - Minimal,1,1,,,,381967.6284,5038118.097,45.47872309,-75.51294443,4997
15--14489,2015/12/14,7:20 AM,INDUSTRIAL AVE @ ALTA VISTA DR/SANDFORD FLEMIN (0006979),6979,02 - Intersection related,03 - P.D. only,03 - Rear end,"07 - Fog, mist, smoke, dust",03 - Dawn,02 - Wet,01 - Traffic signal,01 - Functioning,2,0,0,0,,0,,,,,370886.1678,5030557.57,45.41183378,-75.65568667,4998
15--1449,2015/01/23,11:45 AM,BROADVIEW AVE btwn WELLESLEY AVE & CARLING AVE (__3ZA0N7),__3ZA0N7,04 - At/near private drive,03 - P.D. only,03 - Rear end,01 - Clear,01 - Daylight,04 - Slush,10 - No control,,2,0,0,0,,0,,,,,363145.5439,5026717.42,45.3779689,-75.75502566,4999
15--14490,2015/12/14,7:21 PM,FRANKTOWN RD btwn CONLEY RD & JOY'S RD (__3ZA42P),__3ZA42P,01 - Non intersection,03 - P.D. only,07 - SMV other,02 - Rain,07 - Dark,02 - Wet,10 - No control,,1,0,0,0,,0,,,,,353212.4473,5002972.369,45.16506122,-75.88416157,5000
15--1731,2015/01/28,8:11 PM,BRADLEY AVE @ MONTREAL RD (0009343),9343,03 - At intersection,02 - Non-fatal injury,03 - Rear end,01 - Clear,07 - Dark,02 - Wet,02 - Stop sign,00 - Unknown,3,0,0,0,02 - Minor,1,,1,,,370657.6712,5033391.991,45.43735826,-75.65822666,5001
15--1732,2015/01/28,8:15 AM,PAUL METIVIER DR btwn HAILEYBURY ST/ LEAMINGTON WAY & TEMAGAMI DR (__61W6Q2),__61W6Q2,04 - At/near private drive,03 - P.D. only,02 - Angle,01 - Clear,01 - Daylight,01 - Dry,10 - No control,,2,0,0,0,,0,,,,,365371.317,5014432.613,45.2672426,-75.72811141,5002
15--1733,2015/01/28,8:28 AM,CARP RD @ RICHARDSON SIDE RD (0005759),5759,03 - At intersection,02 - Non-fatal injury,02 - Angle,01 - Clear,01 - Daylight,01 - Dry,01 - Traffic signal,01 - Functioning,2,0,0,0,02 - Minor,1,,1,,,346209.5557,5017160.939,45.2931824,-75.97205823,5003
15--1734,2015/01/28,8:39 AM,WOODROFFE AVE btwn HWY417 IC127 RAMP52 & HWY417 IC127 RAMP53 (__3ZA4L3),__3ZA4L3,01 - Non intersection,02 - Non-fatal injury,03 - Rear end,01 - Clear,01 - Daylight,01 - Dry,10 - No control,,3,0,0,0,01 - Minimal,1,1,,,,362191.6026,5024664.337,45.35957425,-75.76744338,5004
15--1735,2015/01/28,8:48 AM,CARTIER ST @ MCLEOD ST N (0007315),7315,03 - At intersection,03 - P.D. only,02 - Angle,01 - Clear,01 - Daylight,01 - Dry,02 - Stop sign,01 - Functioning,2,0,0,0,,0,,,,,368577.7102,5030873.052,45.41488657,-75.68513553,5005
15--1736,2015/01/28,9:01 PM,ST. LAURENT BLVD @ COVENTRY RD/OGILVIE RD (0002151),2151,02 - Intersection related,03 - P.D. only,03 - Rear end,01 - Clear,07 - Dark,01 - Dry,01 - Traffic signal,01 - Functioning,2,0,0,0,,0,,,,,372306.1787,5031951.804,45.42424293,-75.63735573,5006
15--1737,2015/01/28,9:07 AM,MAITLAND AVE @ WOODWARD DR (0003185),3185,02 - Intersection related,03 - P.D. only,03 - Rear end,01 - Clear,01 - Daylight,06 - Ice,01 - Traffic signal,01 - Functioning,2,0,0,0,,0,,,,,363273.6946,5025662.045,45.36846209,-75.75351447,5007
15--1641,2015/01/27,1:19 PM,JEANNE D'ARC BLVD @ FORTUNE DR/VINEYARD DR (0004393),4393,03 - At intersection,03 - P.D. only,02 - Angle,01 - Clear,01 - Daylight,01 - Dry,01 - Traffic signal,01 - Functioning,2,0,0,0,,0,,,,,379239.6925,5037376.08,45.47234317,-75.54794511,5008
15--14851,2015/12/24,10:07 PM,SPRINGWATER DR btwn INWOOD DR & MORESBY DR (__3ZA2WO),__3ZA2WO,04 - At/near private drive,03 - P.D. only,06 - SMV unattended vehicle,01 - Clear,07 - Dark,01 - Dry,10 - No control,,1,0,0,0,,0,,,,,354891.8327,5017979.317,45.29998105,-75.86128915,5009
15--14581,2015/12/17,1:02 PM,BANK ST btwn POWELL AVE & CLEMOW AVE (__3ZA3OC),__3ZA3OC,01 - Non intersection,03 - P.D. only,04 - Sideswipe,02 - Rain,01 - Daylight,02 - Wet,10 - No control,,2,0,0,0,,0,,,,,368177.6787,5029938.16,45.40651106,-75.69036627,5010
15--14491,2015/12/14,7:55 AM,BASELINE RD btwn MORLEY BLVD & PRINCE OF WALES DR (__3ZA4JU),__3ZA4JU,01 - Non intersection,02 - Non-fatal injury,04 - Sideswipe,01 - Clear,01 - Daylight,02 - Wet,10 - No control,,2,0,0,0,02 - Minor,1,,1,,,366735.0783,5026384.381,45.37466418,-75.70923938,5011
15--1738,2015/01/28,9:12 AM,RICHMOND RD btwn HIGH ST & PINECREST RD (__3ZA4M8),__3ZA4M8,01 - Non intersection,03 - P.D. only,03 - Rear end,01 - Clear,01 - Daylight,01 - Dry,10 - No control,,2,0,0,0,,0,,,,,360026.2429,5024396.236,45.3573358,-75.79511023,5012
15--1739,2015/01/28,9:15 PM,LYON ST @ WELLINGTON ST (0002388),2388,03 - At intersection,03 - P.D. only,05 - Turning movement,01 - Clear,07 - Dark,01 - Dry,01 - Traffic signal,01 - Functioning,2,0,0,0,,0,,,,,366935.271,5031426.648,45.42001543,-75.70604851,5013
15--174,2015/01/04,8:30 PM,WOODROFFE AVE btwn EARL MULLIGAN DR & LONGFIELDS DR (__3ZA3II),__3ZA3II,04 - At/near private drive,03 - P.D. only,03 - Rear end,04 - Freezing Rain,07 - Dark,06 - Ice,10 - No control,,2,0,0,0,,0,,,,,365400.7451,5017157.002,45.29175402,-75.72740379,5014
15--1740,2015/01/28,9:44 AM,BEAUSEJOUR DR @ JEANNE D'ARC BLVD (0003636),3636,02 - Intersection related,03 - P.D. only,03 - Rear end,01 - Clear,01 - Daylight,01 - Dry,01 - Traffic signal,01 - Functioning,2,0,0,0,,0,,,,,381422.6748,5036060.089,45.46026687,-75.52023481,5015
15--1741,2015/01/28,9:57 AM,CATHERINE ST @ KENT ST (0002707),2707,03 - At intersection,03 - P.D. only,04 - Sideswipe,01 - Clear,01 - Daylight,01 - Dry,01 - Traffic signal,01 - Functioning,2,0,0,0,,0,,,,,367907.7075,5030190.01,45.40880152,-75.6937825,5016
15--1742,2015/01/29,1:46 PM,ST. LAURENT BLVD @ WALKLEY RD (0007653),7653,02 - Intersection related,03 - P.D. only,02 - Angle,05 - Drifting Snow,01 - Daylight,06 - Ice,01 - Traffic signal,01 - Functioning,2,0,0,0,,0,,,,,373901.7862,5028047.337,45.38895663,-75.61751549,5017
15--1743,2015/01/29,10:00 PM,HUNTMAR DR @ PALLADIUM DR S (0011818),11818,02 - Intersection related,03 - P.D. only,03 - Rear end,03 - Snow,07 - Dark,05 - Packed snow,01 - Traffic signal,01 - Functioning,2,0,0,0,,0,,,,,349675.2853,5017367.311,45.29482662,-75.92785615,5018
15--1744,2015/01/29,10:08 AM,EMMERSON AVE @ PARKDALE AVE (0006324),6324,03 - At intersection,03 - P.D. only,05 - Turning movement,01 - Clear,01 - Daylight,01 - Dry,02 - Stop sign,00 - Unknown,2,0,0,0,,0,,,,,364713.7368,5030271.044,45.40981135,-75.7345727,5019
15--1745,2015/01/29,10:20 AM,BILLINGS BRIDGESC RAMP NB @ RIVERSIDE DR WB (0008841),8841,03 - At intersection,03 - P.D. only,02 - Angle,01 - Clear,01 - Daylight,01 - Dry,03 - Yield sign,00 - Unknown,2,0,0,0,,0,,,,,369021.5359,5027793.245,45.3871349,-75.67986655,5020
15--1746,2015/01/29,10:20 AM,HIGHWAY 417 btwn HWY417 IC119A RAMP75 & HWY417 IC118 RAMP57 (__3ZA2R2),__3ZA2R2,01 - Non intersection,02 - Non-fatal injury,03 - Rear end,01 - Clear,01 - Daylight,06 - Ice,10 - No control,,2,0,0,0,02 - Minor,3,,3,,,368718.7746,5030577.572,45.41221507,-75.6833717,5021
15--1747,2015/01/29,10:21 PM,CARLING AVE btwn DAVIDSON'S SIDE RD & GRANDVIEW RD (__3ZA4Z8),__3ZA4Z8,01 - Non intersection,02 - Non-fatal injury,01 - Approaching,03 - Snow,07 - Dark,03 - Loose snow,10 - No control,,2,0,0,0,02 - Minor,2,1,1,,,355436.8356,5024140.402,45.35538025,-75.85371022,5022
15--1748,2015/01/29,10:23 PM,BREWER RD @ BRONSON AVE (0002240),2240,02 - Intersection related,03 - P.D. only,03 - Rear end,03 - Snow,07 - Dark,05 - Packed snow,01 - Traffic signal,01 - Functioning,2,0,0,0,,0,,,,,368109.0471,5027765.954,45.38697241,-75.69152171,5023
15--1749,2015/01/29,10:30 PM,HUNTMAR DR @ MAPLE GROVE RD (0003119),3119,02 - Intersection related,03 - P.D. only,03 - Rear end,03 - Snow,07 - Dark,05 - Packed snow,02 - Stop sign,01 - Functioning,3,0,0,0,,0,,,,,350267.605,5016713.224,45.28890287,-75.92036463,5024
15--175,2015/01/04,8:40 AM,HIGHWAY 417 btwn HWY417 IC115 RAMP36 & HWY417 IC115 RAMP26 (__3ZA2R4),__3ZA2R4,01 - Non intersection,03 - P.D. only,07 - SMV other,03 - Snow,01 - Daylight,06 - Ice,10 - No control,,1,0,0,0,,0,,,,,372461.7169,5031520.835,45.42035024,-75.63542756,5025
15--1750,2015/01/29,10:40 AM,CARLING AVE @ CORKSTOWN RD (0001127),1127,02 - Intersection related,03 - P.D. only,03 - Rear end,01 - Clear,01 - Daylight,01 - Dry,01 - Traffic signal,01 - Functioning,2,0,0,0,,0,,,,,357998.6978,5023424.029,45.34874462,-75.8210919,5026
15--1751,2015/01/29,10:46 PM,REGIONAL ROAD 174 btwn OR174 IC112 RAMP36 & OR174 IC112 RAMP26 (__3ZAZFK),__3ZAZFK,01 - Non intersection,03 - P.D. only,99 - Other,03 - Snow,07 - Dark,03 - Loose snow,10 - No control,,2,0,0,0,,0,,,,,374709.6265,5032779.048,45.43144995,-75.60652895,5027
15--1752,2015/01/29,11:00 AM,DUSSERE ST @ ST. JOSEPH BLVD (0004136),4136,02 - Intersection related,03 - P.D. only,04 - Sideswipe,01 - Clear,01 - Daylight,01 - Dry,02 - Stop sign,00 - Unknown,2,0,0,0,,0,,,,,380854.7734,5037129.004,45.46994616,-75.52733005,5028
15--1753,2015/01/29,11:01 PM,REGIONAL ROAD 174 btwn OR174 IC101 RAMP26 & OR174 IC101 RAMP61 (__3ZA11T),__3ZA11T,01 - Non intersection,03 - P.D. only,07 - SMV other,03 - Snow,07 - Dark,03 - Loose snow,10 - No control,,1,0,0,0,,0,,,,,383021.07,5039091.53,45.48736393,-75.4993168,5029
15--1754,2015/01/29,11:15 AM,WELLINGTON ST @ LETT ST (0012269),12269,02 - Intersection related,03 - P.D. only,03 - Rear end,01 - Clear,01 - Daylight,01 - Dry,01 - Traffic signal,01 - Functioning,3,0,0,0,,0,,,,,366353.4469,5031110.601,45.41722316,-75.71352171,5030
15--1755,2015/01/29,11:41 AM,DONWEL DR @ STEPHANIE ANNE DR/ASHLEY CARDILL L (0005541),5541,03 - At intersection,03 - P.D. only,07 - SMV other,01 - Clear,01 - Daylight,05 - Packed snow,02 - Stop sign,01 - Functioning,1,0,0,0,,0,,,,,378835.5827,5013128.337,45.25421887,-75.55674556,5031
15--1756,2015/01/29,12:15 PM,JOHNSTON RD @ MACOUN CIRC (0013737),13737,03 - At intersection,03 - P.D. only,02 - Angle,01 - Clear,01 - Daylight,02 - Wet,02 - Stop sign,01 - Functioning,2,0,0,0,,0,,,,,372130.42,5025598.581,45.3670962,-75.64046855,5032
15--1757,2015/01/29,12:15 PM,INNES RD @ LANTHIER DR/PRESTWICK DR (0004251),4251,02 - Intersection related,02 - Non-fatal injury,03 - Rear end,01 - Clear,01 - Daylight,01 - Dry,01 - Traffic signal,01 - Functioning,2,0,0,0,01 - Minimal,1,1,,,,383538.7124,5035989.914,45.45940023,-75.49319267,5033
15--1758,2015/01/29,2:41 PM,FISHER AVE @ NORMANDY CRES N (0003142),3142,03 - At intersection,03 - P.D. only,07 - SMV other,01 - Clear,01 - Daylight,05 - Packed snow,02 - Stop sign,01 - Functioning,1,0,0,0,,0,,,,,366684.7045,5024782.04,45.36025111,-75.71008317,5034
15--1759,2015/01/29,2:44 PM,HINES RD @ SOLANDT RD (0011896),11896,03 - At intersection,03 - P.D. only,02 - Angle,03 - Snow,01 - Daylight,03 - Loose snow,10 - No control,,2,0,0,0,,0,,,,,350334.0675,5022568.451,45.34158545,-75.91897922,5035
15--176,2015/01/04,8:45 AM,FRANK KENNY RD @ ROCKDALE RD (0012907),12907,03 - At intersection,03 - P.D. only,07 - SMV other,03 - Snow,01 - Daylight,06 - Ice,02 - Stop sign,01 - Functioning,1,0,0,0,,0,,,,,395188.6446,5023340.206,45.34418383,-75.34657546,5036
15--1760,2015/01/29,2:44 PM,ROYDON PL btwn WOODFIELD DR & WEST HUNT CLUB RD (__3ZAYGP),__3ZAYGP,01 - Non intersection,03 - P.D. only,01 - Approaching,03 - Snow,01 - Daylight,05 - Packed snow,10 - No control,,2,0,0,0,,0,,,,,365795.8889,5022397.898,45.33887687,-75.72172132,5037
15--1761,2015/01/29,2:50 PM,GOULBOURN FORCED RD btwn TERRY FOX DR & KANATA ROCKERIES PRIV (__5UAEGG),__5UAEGG,01 - Non intersection,03 - P.D. only,07 - SMV other,03 - Snow,01 - Daylight,03 - Loose snow,10 - No control,,1,0,0,0,,0,,,,,349337.3569,5021300.843,45.33024318,-75.93181083,5038
15--1762,2015/01/29,2:55 PM,FISHER AVE @ MEADOWLANDS DR (0002120),2120,02 - Intersection related,03 - P.D. only,03 - Rear end,03 - Snow,01 - Daylight,05 - Packed snow,01 - Traffic signal,01 - Functioning,2,0,0,0,,0,,,,,366576.0288,5025044.964,45.36262643,-75.71143735,5039
15--1763,2015/01/29,3:00 PM,HWY417 IC144 RAMP62 btwn CARP RD & HWY417 IC144 RAMP63 (__3ZAY8Q),__3ZAY8Q,01 - Non intersection,03 - P.D. only,07 - SMV other,03 - Snow,01 - Daylight,03 - Loose snow,10 - No control,,1,0,0,0,,0,,,,,347340.9089,5015988.195,45.28256204,-75.9577355,5040
15--1764,2015/01/29,3:15 PM,PRINCE OF WALES DR @ STRANDHERD DR (0013339),13339,02 - Intersection related,03 - P.D. only,03 - Rear end,03 - Snow,01 - Daylight,03 - Loose snow,01 - Traffic signal,01 - Functioning,2,0,0,0,,0,,,,,367176.2537,5014824.673,45.27061257,-75.7050632,5041
15--1765,2015/01/29,3:27 PM,FLEWELLYN RD @ ORMROD RD (0000410),410,02 - Intersection related,02 - Non-fatal injury,07 - SMV other,03 - Snow,01 - Daylight,05 - Packed snow,02 - Stop sign,00 - Unknown,1,0,0,0,01 - Minimal,1,1,,,,341936.9066,5002316.787,45.1598452,-76.02763704,5042
15--1766,2015/01/29,3:28 PM,ST. PATRICK ST/ST. ANDREW ST @ BEAUSOLEIL DR (0007780),7780,02 - Intersection related,03 - P.D. only,03 - Rear end,03 - Snow,01 - Daylight,06 - Ice,01 - Traffic signal,01 - Functioning,2,0,0,0,,0,,,,,368427.0711,5033075.012,45.43471274,-75.68677556,5043
15--1767,2015/01/29,3:37 PM,BARNSDALE RD @ GREENBANK RD (0001069),1069,02 - Intersection related,03 - P.D. only,02 - Angle,03 - Snow,01 - Daylight,03 - Loose snow,02 - Stop sign,01 - Functioning,2,0,0,0,,0,,,,,365590.6887,5010924.985,45.23566202,-75.72574508,5044
15--1768,2015/01/29,3:40 PM,AQUAVIEW DR @ ESPRIT DR (0012798),12798,03 - At intersection,03 - P.D. only,02 - Angle,03 - Snow,01 - Daylight,05 - Packed snow,02 - Stop sign,01 - Functioning,2,0,0,0,,0,,,,,384966.4284,5035744.915,45.4570336,-75.47497977,5045
15--1769,2015/01/29,3:45 PM,BRONSON AVE @ CARLING AVE/GLEBE AVE (0002134),2134,02 - Intersection related,03 - P.D. only,04 - Sideswipe,03 - Snow,01 - Daylight,03 - Loose snow,01 - Traffic signal,01 - Functioning,2,0,0,0,,0,,,,,367447.707,5029333.152,45.40113309,-75.69976741,5046
15--177,2015/01/04,9:31 AM,QUEEN MARY ST @ VANIER PKWY (0007648),7648,03 - At intersection,03 - P.D. only,02 - Angle,04 - Freezing Rain,01 - Daylight,04 - Slush,01 - Traffic signal,01 - Functioning,2,0,0,0,,0,,,,,370363.7105,5031958.067,45.42448404,-75.66217449,5047
15--1770,2015/01/29,3:45 PM,GREENBANK RD @ HWY 417 GREENBA IC126R35 (0008878),8878,02 - Intersection related,03 - P.D. only,03 - Rear end,03 - Snow,01 - Daylight,03 - Loose snow,10 - No control,,2,0,0,0,,0,,,,,360469.4234,5023475.203,45.34901332,-75.78955776,5048
15--1771,2015/01/29,3:48 PM,ST. LAURENT BLVD btwn THURSTON DR & WALKLEY RD (__3ZA7QN),__3ZA7QN,01 - Non intersection,03 - P.D. only,06 - SMV unattended vehicle,03 - Snow,01 - Daylight,03 - Loose snow,10 - No control,,1,0,0,0,,0,,,,,374013.9772,5027864.962,45.38730463,-75.61610847,5049
15--1772,2015/01/29,3:49 PM,COLONY HEIGHTS RD @ BANKFIELD RD (0000585),585,02 - Intersection related,03 - P.D. only,03 - Rear end,03 - Snow,01 - Daylight,03 - Loose snow,02 - Stop sign,01 - Functioning,2,0,0,0,,0,,,,,368240.0389,5010048.833,45.22754471,-75.69211688,5050
15--1773,2015/01/29,3:50 PM,DALY AVE @ WALLER ST (0008233),8233,02 - Intersection related,03 - P.D. only,03 - Rear end,03 - Snow,01 - Daylight,03 - Loose snow,01 - Traffic signal,01 - Functioning,2,0,0,0,,0,,,,,368342.1439,5032120.931,45.42613599,-75.68798403,5051
15--1774,2015/01/29,4:00 PM,BYRON AVE @ CHURCHILL AVE (0006651),6651,03 - At intersection,03 - P.D. only,02 - Angle,01 - Clear,01 - Daylight,06 - Ice,01 - Traffic signal,01 - Functioning,2,0,0,0,,0,,,,,363275.4134,5028180.19,45.39111987,-75.7531943,5052
15--1775,2015/01/29,4:00 PM,FISHER AVE @ MEADOWLANDS DR (0002120),2120,03 - At intersection,03 - P.D. only,02 - Angle,03 - Snow,01 - Daylight,03 - Loose snow,01 - Traffic signal,01 - Functioning,2,0,0,0,,0,,,,,366576.9926,5025044,45.36261767,-75.71142517,5053
15--1776,2015/01/29,4:07 PM,WOODROFFE AVE btwn PARKGLEN DR & DAVID DR (__3ZA34H),__3ZA34H,01 - Non intersection,03 - P.D. only,03 - Rear end,03 - Snow,05 - Dusk,03 - Loose snow,10 - No control,,2,0,0,0,,0,,,,,362899.8587,5023101.702,45.34545546,-75.75858745,5054