Anom_ID,Accident_Date,Accident_Time,Location,Geo_ID,Accident_Location,Classification_of_Accident,Initial_Impact_Type,Environment_Condition,Light,Road_Surface_Condition,Traffic_Control,Traffic_Control_Condition,No__of_Vehicles,No__of_Bicycles,No__of_Motorcycles,No__of_Pedestrians,Max_Injury,No__of_Injuries,No__of_Minimal,No__of_Minor,No__of_Major,No__of_Fatal,X,Y,Latitude,Longitude,ObjectId
15--1777,2015/01/29,4:07 PM,HWY 417 TERRYFO IC140R61 @ TERRY FOX DR (0011777),11777,02 - Intersection related,03 - P.D. only,07 - SMV other,03 - Snow,01 - Daylight,05 - Packed snow,01 - Traffic signal,01 - Functioning,1,0,0,0,,0,,,,,350809.6409,5018709.973,45.3068349,-75.91326967,5055
15--1778,2015/01/29,4:12 PM,BASSETT LANE @ ISLAND PARK DR (0006377),6377,02 - Intersection related,03 - P.D. only,07 - SMV other,03 - Snow,05 - Dusk,03 - Loose snow,02 - Stop sign,01 - Functioning,1,0,0,0,,0,,,,,364236.1474,5028647.613,45.39524477,-75.74086926,5056
15--1779,2015/01/29,4:14 PM,INNES RD @ TENTH LINE RD (0004633),4633,02 - Intersection related,03 - P.D. only,03 - Rear end,03 - Snow,05 - Dusk,03 - Loose snow,01 - Traffic signal,01 - Functioning,3,0,0,0,,0,,,,,383952.7242,5036159.079,45.46087544,-75.48787243,5057
15--178,2015/01/04,9:32 AM,HIGHWAY 417 btwn HWY417 IC129 RAMP25 & HWY417 IC129 RAMP35 (__3ZAYFR),__3ZAYFR,01 - Non intersection,03 - P.D. only,04 - Sideswipe,03 - Snow,01 - Daylight,03 - Loose snow,10 - No control,,2,0,0,0,,0,,,,,360503.0018,5023560.619,45.34977922,-75.78911965,5058
15--1780,2015/01/29,4:16 PM,MOODIE DR @ HWY 417 MOODIE IC134R63 (0000649),649,02 - Intersection related,03 - P.D. only,03 - Rear end,03 - Snow,01 - Daylight,03 - Loose snow,01 - Traffic signal,01 - Functioning,2,0,0,0,,0,,,,,356388.8276,5022480.034,45.34037073,-75.84173372,5059
15--1781,2015/01/29,4:25 PM,CARLING AVE @ MELROSE AVE (0006992),6992,03 - At intersection,03 - P.D. only,02 - Angle,03 - Snow,01 - Daylight,03 - Loose snow,02 - Stop sign,01 - Functioning,2,0,0,0,,0,,,,,365969.7414,5028392.997,45.3928045,-75.71876105,5060
15--1782,2015/01/29,4:28 PM,QUEEN ST btwn BANK ST & O'CONNOR ST (__3ZA2FQ),__3ZA2FQ,04 - At/near private drive,02 - Non-fatal injury,02 - Angle,03 - Snow,01 - Daylight,03 - Loose snow,10 - No control,,2,0,0,0,01 - Minimal,1,1,,,,367431.6287,5031544.992,45.421036,-75.69969173,5061
15--1783,2015/01/29,4:30 PM,CANAAN RD btwn WILHAVEN DR & Continuation of CANAAN RD (__3ZA5G1),__3ZA5G1,01 - Non intersection,03 - P.D. only,01 - Approaching,03 - Snow,05 - Dusk,03 - Loose snow,10 - No control,,2,0,0,0,,0,,,,,396628.1353,5041615.892,45.50841703,-75.32480315,5062
15--1784,2015/01/29,4:33 PM,HALIFAX DR @ WALKLEY RD (0008803),8803,02 - Intersection related,03 - P.D. only,04 - Sideswipe,01 - Clear,01 - Daylight,01 - Dry,01 - Traffic signal,01 - Functioning,2,0,0,0,,0,,,,,373642.7231,5027899.29,45.38765008,-75.62084419,5063
15--1785,2015/01/29,4:44 PM,ANDERSON RD btwn DOLMAN RIDGE RD & RIDGE RD (__3ZA2B6),__3ZA2B6,01 - Non intersection,03 - P.D. only,01 - Approaching,03 - Snow,05 - Dusk,03 - Loose snow,10 - No control,,2,0,0,0,,0,,,,,378997.1512,5028602.906,45.39343404,-75.55236875,5064
15--1786,2015/01/29,4:53 PM,EAGLESON RD @ KATIMAVIK RD/TIMM DR (0011925),11925,02 - Intersection related,03 - P.D. only,03 - Rear end,03 - Snow,05 - Dusk,05 - Packed snow,01 - Traffic signal,00 - Unknown,2,0,0,0,,0,,,,,353213.6602,5019564.024,45.31435824,-75.88253112,5065
15--1787,2015/01/29,5:00 PM,HWY417 HUNT CLUB IC109 RAMP26 btwn HIGHWAY 417 WB & HUNT CLUB RD EB (e___1GZL),e___1GZL,01 - Non intersection,03 - P.D. only,07 - SMV other,03 - Snow,05 - Dusk,05 - Packed snow,10 - No control,,1,0,0,0,,0,,,,,376530.823,5027753.687,45.38605021,-75.58398753,5066
15--1788,2015/01/29,5:03 PM,JEANNE D'ARC BLVD @ GREY NUNS DR/YOUVILLE DR (0003147),3147,03 - At intersection,03 - P.D. only,05 - Turning movement,03 - Snow,05 - Dusk,03 - Loose snow,01 - Traffic signal,01 - Functioning,2,0,0,0,,0,,,,,379669.7228,5036702.795,45.4662395,-75.54254853,5067
15--1789,2015/01/29,5:03 PM,HIGHWAY 417 btwn HWY417 IC119B RAMP76 & HWY417 IC119A RAMP67 (__3ZA2YT),__3ZA2YT,01 - Non intersection,03 - P.D. only,04 - Sideswipe,03 - Snow,05 - Dusk,03 - Loose snow,10 - No control,,2,0,0,0,,0,,,,,368157.7056,5030268.761,45.40948751,-75.69057891,5068
15--179,2015/01/04,9:34 PM,BANK ST @ RANDALL AVE (0007207),7207,02 - Intersection related,03 - P.D. only,03 - Rear end,03 - Snow,07 - Dark,03 - Loose snow,01 - Traffic signal,01 - Functioning,2,0,0,0,,0,,,,,369740.6891,5027282.062,45.38246913,-75.67075091,5069
15--1790,2015/01/29,5:08 AM,ESSEX ST @ BEAVER AVE (0008075),8075,02 - Intersection related,03 - P.D. only,07 - SMV other,01 - Clear,07 - Dark,06 - Ice,10 - No control,,1,0,0,0,,0,,,,,370014.2039,5027624.317,45.38552322,-75.66721346,5070
15--1791,2015/01/29,5:25 PM,HWY 417 MAITLAND IC126R26/62 @ MAITLAND AVE (0008228),8228,02 - Intersection related,02 - Non-fatal injury,03 - Rear end,03 - Snow,05 - Dusk,06 - Ice,01 - Traffic signal,01 - Functioning,2,0,0,0,02 - Minor,1,,1,,,363145.1543,5025984.154,45.3713711,-75.75511726,5071
15--1792,2015/01/29,5:27 PM,MARCH RD btwn THOMAS ARGUE RD & CARP RD (__3ZA3GI),__3ZA3GI,01 - Non intersection,03 - P.D. only,07 - SMV other,03 - Snow,05 - Dusk,06 - Ice,10 - No control,,1,0,0,0,,0,,,,,341976.2437,5021562.71,45.33302811,-76.02569764,5072
15--1793,2015/01/29,5:29 PM,RIVERSIDE DR @ HERON RD (0002236),2236,02 - Intersection related,03 - P.D. only,03 - Rear end,03 - Snow,05 - Dusk,03 - Loose snow,01 - Traffic signal,00 - Unknown,2,0,0,0,,0,,,,,368121.1049,5026647.703,45.37690961,-75.69151117,5073
15--1794,2015/01/29,5:30 PM,CORKERY RD @ MARCH RD (0010804),10804,02 - Intersection related,03 - P.D. only,03 - Rear end,03 - Snow,05 - Dusk,03 - Loose snow,02 - Stop sign,01 - Functioning,2,0,0,0,,0,,,,,335963.5032,5016152.007,45.28463258,-76.10274767,5074
15--1795,2015/01/29,5:37 PM,ORLEANS BLVD @ ST. JOSEPH BLVD (0004144),4144,02 - Intersection related,02 - Non-fatal injury,03 - Rear end,03 - Snow,05 - Dusk,05 - Packed snow,01 - Traffic signal,01 - Functioning,3,0,0,0,01 - Minimal,1,1,,,,380631.7377,5036979.144,45.46862209,-75.53020519,5075
15--1796,2015/01/29,5:38 PM,WOODROFFE AVE btwn FALLOWFIELD RD & EARL MULLIGAN DR (__3ZA3IL),__3ZA3IL,04 - At/near private drive,03 - P.D. only,05 - Turning movement,03 - Snow,05 - Dusk,05 - Packed snow,10 - No control,,2,0,0,0,,0,,,,,365106.3548,5017860.298,45.29810757,-75.7310711,5076
15--1797,2015/01/29,5:40 PM,BAY ST @ SLATER ST (0005127),5127,02 - Intersection related,03 - P.D. only,03 - Rear end,03 - Snow,07 - Dark,03 - Loose snow,01 - Traffic signal,01 - Functioning,2,0,0,0,,0,,,,,366982.8978,5031079.09,45.41688398,-75.70548387,5077
15--1798,2015/01/29,5:40 PM,BRONSON AVE @ MACLAREN ST (0006338),6338,03 - At intersection,03 - P.D. only,02 - Angle,03 - Snow,07 - Dark,03 - Loose snow,02 - Stop sign,01 - Functioning,2,0,0,0,,0,,,,,366997.7719,5030399.083,45.41076416,-75.70537965,5078
15--1799,2015/01/29,5:48 PM,BANK ST @ RIVERSIDE DR N (0010778),10778,03 - At intersection,03 - P.D. only,02 - Angle,03 - Snow,07 - Dark,03 - Loose snow,01 - Traffic signal,01 - Functioning,2,0,0,0,,0,,,,,369224.752,5027984.028,45.38883284,-75.67724677,5079
15--18,2015/01/01,5:54 PM,PINECREST RD/HWY 417 PINECRE IC129R63 @ TRANSI (0008264),8264,02 - Intersection related,03 - P.D. only,03 - Rear end,01 - Clear,07 - Dark,01 - Dry,01 - Traffic signal,01 - Functioning,2,0,0,0,,0,,,,,360388.1255,5023678.928,45.35085288,-75.79057228,5080
15--180,2015/01/04,9:54 PM,PRINCE OF WALES DR btwn WATERBEND LANE & TURN LANE (__3ZA1H4),__3ZA1H4,01 - Non intersection,03 - P.D. only,05 - Turning movement,04 - Freezing Rain,07 - Dark,04 - Slush,10 - No control,,2,0,0,0,,0,,,,,367432.5893,5021721.098,45.33264295,-75.70092547,5081
15--1800,2015/01/29,5:50 PM,HIGHWAY 417 btwn HWY417 IC122 RAMP15 & HWY417 IC121B RAMP51 (__3ZA2RB),__3ZA2RB,01 - Non intersection,03 - P.D. only,03 - Rear end,03 - Snow,07 - Dark,05 - Packed snow,10 - No control,,2,0,0,0,,0,,,,,365803.5724,5029181.386,45.39991274,-75.72078561,5082
15--1801,2015/01/29,5:52 PM,INNES RD btwn PORTOBELLO BLVD & PROVENCE AVE (__3ZAZNE),__3ZAZNE,01 - Non intersection,02 - Non-fatal injury,07 - SMV other,03 - Snow,07 - Dark,05 - Packed snow,10 - No control,,1,0,0,1,03 - Major,1,,,1,,386095.7309,5037078.659,45.46890283,-75.46032215,5083
15--1802,2015/01/29,5:52 PM,FALLOWFIELD RD btwn O'KEEFE CRT & CEDARVIEW RD (__3ZA4Y8),__3ZA4Y8,01 - Non intersection,03 - P.D. only,07 - SMV other,03 - Snow,07 - Dark,03 - Loose snow,10 - No control,,1,0,0,0,,0,,,,,361281.1732,5015657.575,45.27860526,-75.78009039,5084
15--1803,2015/01/29,5:54 PM,BLACKBURN BYPASS EB btwn 1700 W OF NAVAN RD & NAVAN RD (__3ZA3J6B),__3ZA3J6B,01 - Non intersection,03 - P.D. only,04 - Sideswipe,03 - Snow,07 - Dark,05 - Packed snow,10 - No control,,2,0,0,0,,0,,,,,379385.5581,5033088.96,45.43375527,-75.54672992,5085
15--1804,2015/01/29,5:54 PM,PRINCE OF WALES DR btwn FISHER AVE & NE/OT BOUNDARY (__3ZA2TZ),__3ZA2TZ,04 - At/near private drive,03 - P.D. only,02 - Angle,03 - Snow,07 - Dark,03 - Loose snow,10 - No control,,2,0,0,0,,0,,,,,367164.829,5024030.083,45.35344261,-75.70405016,5086
15--1805,2015/01/29,6:05 PM,PLACE D'ORLEANS DR @ OR174 IC102 RAMP51/TRANSI (0008777),8777,03 - At intersection,03 - P.D. only,02 - Angle,03 - Snow,07 - Dark,03 - Loose snow,01 - Traffic signal,01 - Functioning,2,0,0,0,,0,,,,,381390.7739,5038030.11,45.47799498,-75.52033564,5087
15--1806,2015/01/29,6:07 PM,CAMPEAU DR/HWY 417 MARCH IC138R63 @ MARCH RD (0009710),9710,02 - Intersection related,03 - P.D. only,03 - Rear end,03 - Snow,07 - Dark,03 - Loose snow,01 - Traffic signal,01 - Functioning,2,0,0,0,,0,,,,,352839.8811,5020478.212,45.32260997,-75.88720937,5088
15--1807,2015/01/29,6:11 PM,BRITTANY DR btwn BANGS ST & TRURO ST (__3ZA8DJ),__3ZA8DJ,01 - Non intersection,03 - P.D. only,03 - Rear end,01 - Clear,07 - Dark,01 - Dry,10 - No control,,2,0,0,0,,0,,,,,371681.6101,5034363.142,45.44599902,-75.64500845,5089
15--1808,2015/01/29,6:19 PM,CARLING AVE @ ROSEVIEW AVE (0002644),2644,03 - At intersection,03 - P.D. only,02 - Angle,03 - Snow,07 - Dark,03 - Loose snow,02 - Stop sign,01 - Functioning,2,0,0,0,,0,,,,,359358.6713,5024199.988,45.35562222,-75.80365192,5090
15--1809,2015/01/29,6:20 PM,BASELINE RD @ ROCKWAY CRES (0002187),2187,03 - At intersection,03 - P.D. only,02 - Angle,03 - Snow,07 - Dark,03 - Loose snow,02 - Stop sign,01 - Functioning,2,0,0,0,,0,,,,,361184.6759,5022932.022,45.34406865,-75.78049249,5091
15--181,2015/01/04,9:55 AM,HIGHWAY 417 btwn HWY417 IC131 RAMP66 & HWY417 IC130 RAMP26 (__3ZA29A),__3ZA29A,01 - Non intersection,03 - P.D. only,07 - SMV other,03 - Snow,01 - Daylight,03 - Loose snow,10 - No control,,1,0,0,0,,0,,,,,359187.4075,5023077.804,45.3455381,-75.80596107,5092
15--1810,2015/01/29,6:33 PM,TENTH LINE RD @ VANGUARD DR (0004632),4632,02 - Intersection related,02 - Non-fatal injury,02 - Angle,03 - Snow,07 - Dark,03 - Loose snow,01 - Traffic signal,01 - Functioning,2,0,0,0,01 - Minimal,1,1,,,,384071.7993,5035875.045,45.45830646,-75.48639585,5093
15--1811,2015/01/29,6:34 PM,SUSSEX DR @ 262 N OF KING EDWARD AVE (0008806),8806,03 - At intersection,03 - P.D. only,05 - Turning movement,03 - Snow,07 - Dark,03 - Loose snow,01 - Traffic signal,01 - Functioning,2,0,0,0,,0,,,,,367768.482,5033735.298,45.44071338,-75.69510775,5094
15--1812,2015/01/29,6:37 PM,AVIATION PKWY @ MONTREAL RD (0008799),8799,03 - At intersection,03 - P.D. only,05 - Turning movement,03 - Snow,07 - Dark,03 - Loose snow,01 - Traffic signal,01 - Functioning,2,0,0,0,,0,,,,,372146.7166,5034108.101,45.44365963,-75.63909826,5095
15--1813,2015/01/29,6:38 AM,WOODROFFE AVE/HWY 417 WOODROFF IC127R25 @ HWY  (0002348),2348,03 - At intersection,03 - P.D. only,02 - Angle,01 - Clear,07 - Dark,01 - Dry,01 - Traffic signal,01 - Functioning,2,0,0,0,,0,,,,,362181.0002,5024694.216,45.35984396,-75.76757523,5096
15--1814,2015/01/29,6:45 PM,BASELINE RD @ WOODROFFE AVE (0002225),2225,02 - Intersection related,03 - P.D. only,03 - Rear end,03 - Snow,07 - Dark,03 - Loose snow,01 - Traffic signal,01 - Functioning,2,0,0,0,,0,,,,,362550.6541,5023769.059,45.35148913,-75.76296535,5097
15--1815,2015/01/29,7:00 AM,HIGHWAY 417 btwn REGIONAL ROAD 174 & HWY417 IC113 RAMP62 (__3ZA280),__3ZA280,01 - Non intersection,03 - P.D. only,03 - Rear end,01 - Clear,03 - Dawn,01 - Dry,10 - No control,,3,0,0,0,,0,,,,,373441.4247,5031809.986,45.42285644,-75.62287017,5098
15--1816,2015/01/29,7:01 PM,COLONEL BY DR btwn UNIVERSITY RD & COLONEL BY DR SB ON RAMP 43 (__3ZA213),__3ZA213,04 - At/near private drive,03 - P.D. only,07 - SMV other,03 - Snow,07 - Dark,03 - Loose snow,10 - No control,,1,0,0,0,,0,,,,,367570.2866,5028374.807,45.3924992,-75.69832374,5099
15--1817,2015/01/29,7:15 PM,MCARTHUR AVE @ VANIER PKWY (0004626),4626,02 - Intersection related,02 - Non-fatal injury,04 - Sideswipe,03 - Snow,07 - Dark,03 - Loose snow,01 - Traffic signal,01 - Functioning,3,0,0,0,01 - Minimal,1,1,,,,370217.9843,5032689.505,45.43107886,-75.66393934,5100
15--1818,2015/01/29,7:27 AM,EAGLESON RD @ HWY 417 EAGLESO IC138R51/PARK AN (0009698),9698,03 - At intersection,03 - P.D. only,05 - Turning movement,01 - Clear,03 - Dawn,01 - Dry,01 - Traffic signal,01 - Functioning,2,0,0,0,,0,,,,,353036.6992,5020013.908,45.31841857,-75.88474414,5101
15--1819,2015/01/29,7:29 AM,CARLING AVE btwn MARCH RD & SCHNEIDER RD (__3ZA42E),__3ZA42E,01 - Non intersection,03 - P.D. only,03 - Rear end,01 - Clear,03 - Dawn,06 - Ice,10 - No control,,2,0,0,0,,0,,,,,350948.0987,5022274.941,45.33890426,-75.91117189,5102
15--182,2015/01/05,1:05 PM,PRINCE OF WALES DR @ WEST HUNT CLUB RD (0000567),567,02 - Intersection related,03 - P.D. only,03 - Rear end,01 - Clear,01 - Daylight,01 - Dry,01 - Traffic signal,01 - Functioning,2,0,0,0,,0,,,,,367459.6742,5021889.094,45.33415213,-75.70055868,5103
15--1820,2015/01/29,7:30 PM,CARLING AVE @ BAYSHORE DR/BIRCHDALE AVE (0000021),21,02 - Intersection related,03 - P.D. only,05 - Turning movement,01 - Clear,07 - Dark,03 - Loose snow,01 - Traffic signal,00 - Unknown,2,0,0,0,,0,,,,,359005.8349,5023990.13,45.35376128,-75.80817795,5104
15--1551,2015/01/25,5:27 PM,LISGAR ST btwn O'CONNOR ST & METCALFE ST (__3ZA9UX),__3ZA9UX,01 - Non intersection,03 - P.D. only,06 - SMV unattended vehicle,01 - Clear,05 - Dusk,02 - Wet,10 - No control,,1,0,0,0,,0,,,,,367833.7781,5031202.086,45.41791452,-75.69459744,5105
15--14671,2015/12/19,11:15 AM,CLARENCE ST btwn WILLIAM ST & DALHOUSIE ST (__3ZA82W),__3ZA82W,01 - Non intersection,03 - P.D. only,06 - SMV unattended vehicle,01 - Clear,01 - Daylight,01 - Dry,10 - No control,,1,0,0,0,,0,,,,,367968.2665,5032457.816,45.42920103,-75.69271818,5106
15--15030,2015/12/30,8:28 PM,MEADOWBROOK RD @ TELESAT CRT (0009167),9167,02 - Intersection related,03 - P.D. only,03 - Rear end,01 - Clear,07 - Dark,06 - Ice,02 - Stop sign,01 - Functioning,2,0,0,0,,0,,,,,374991.1868,5032270.205,45.42684346,-75.60300347,5107
15--14941,2015/12/28,1:40 PM,HUNT CLUB RD @ BRIDLE PATH DR/DAZE ST (0008214),8214,02 - Intersection related,03 - P.D. only,03 - Rear end,01 - Clear,01 - Daylight,01 - Dry,01 - Traffic signal,01 - Functioning,2,0,0,0,,0,,,,,371291.7289,5023864.504,45.35157362,-75.65140726,5108
15--15031,2015/12/30,8:34 AM,RIVERSIDE DR @ SAN REMO PRIV (0011379),11379,03 - At intersection,03 - P.D. only,99 - Other,01 - Clear,01 - Daylight,04 - Slush,01 - Traffic signal,01 - Functioning,2,0,0,0,,0,,,,,370385.2177,5030402.195,45.41048291,-75.66210677,5109
15--1642,2015/01/27,1:29 PM,BESSERER ST @ WALLER ST (0008859),8859,03 - At intersection,03 - P.D. only,05 - Turning movement,01 - Clear,01 - Daylight,01 - Dry,01 - Traffic signal,01 - Functioning,2,0,0,0,,0,,,,,368315.9333,5032190.532,45.42676461,-75.68830997,5110
15--14942,2015/12/28,10:26 AM,BRONSON AVE @ CHRISTIE ST (0006349),6349,03 - At intersection,03 - P.D. only,07 - SMV other,01 - Clear,01 - Daylight,06 - Ice,01 - Traffic signal,01 - Functioning,1,0,0,0,,0,,,,,367048.5328,5030280.563,45.40969323,-75.70474618,5111
15--1552,2015/01/25,5:41 AM,AIRPORT PKWY btwn AIRPORT PKWY/WALKLEY RD SOUTHBOUND ON RAMP           (__3ZA1KS),__3ZA1KS,01 - Non intersection,03 - P.D. only,07 - SMV other,01 - Clear,07 - Dark,02 - Wet,10 - No control,,1,0,0,0,,0,,,,,370204.7708,5025298.149,45.36457535,-75.66508824,5112
15--14672,2015/12/19,11:21 AM,JEANNE D'ARC BLVD @ ORLEANS BLVD S (0004154),4154,02 - Intersection related,02 - Non-fatal injury,03 - Rear end,01 - Clear,01 - Daylight,01 - Dry,01 - Traffic signal,01 - Functioning,2,0,0,0,01 - Minimal,1,1,,,,380939.3005,5036252.024,45.4620466,-75.52638504,5113
15--14582,2015/12/17,1:15 PM,MURRAY ST btwn PARENT AVE & DALHOUSIE ST (__3ZA3WK),__3ZA3WK,01 - Non intersection,03 - P.D. only,04 - Sideswipe,01 - Clear,01 - Daylight,02 - Wet,10 - No control,,2,0,0,0,,0,,,,,367917.6666,5032521.609,45.42977958,-75.6933566,5114
15--14492,2015/12/14,8:19 AM,COVENTRY RD btwn ARCOLA PRIV & LOLA ST (__3ZA35VB),__3ZA35VB,01 - Non intersection,02 - Non-fatal injury,03 - Rear end,01 - Clear,01 - Daylight,02 - Wet,10 - No control,,2,0,0,0,02 - Minor,1,,1,,,371110.1558,5031598.62,45.42117953,-75.65268524,5115
15--14493,2015/12/14,8:19 AM,BYRON AVE btwn HARMER AVE N & HOLLAND AVE (__3ZA02Y),__3ZA02Y,04 - At/near private drive,03 - P.D. only,02 - Angle,02 - Rain,01 - Daylight,02 - Wet,10 - No control,,2,0,0,0,,0,,,,,364968.4909,5028936.173,45.39777863,-75.73148127,5116
15--14494,2015/12/14,8:55 PM,ALBERT ST @ BRONSON AVE (0002160),2160,03 - At intersection,02 - Non-fatal injury,02 - Angle,02 - Rain,07 - Dark,02 - Wet,01 - Traffic signal,01 - Functioning,2,0,0,0,02 - Minor,1,,1,,,366738.9823,5031017.296,45.41634961,-75.70860786,5117
15--14495,2015/12/14,8:56 AM,KAKULU RD @ CASTLEFRANK RD (0003540),3540,02 - Intersection related,03 - P.D. only,03 - Rear end,01 - Clear,01 - Daylight,01 - Dry,01 - Traffic signal,01 - Functioning,2,0,0,0,,0,,,,,352181.6017,5018500.214,45.30485623,-75.89579499,5118
15--14496,2015/12/14,9:02 AM,PRINCE OF WALES DR btwn WELLSMERE CRT & TURN LANE (__3ZA2Y6),__3ZA2Y6,01 - Non intersection,03 - P.D. only,03 - Rear end,02 - Rain,01 - Daylight,02 - Wet,10 - No control,,2,0,0,0,,0,,,,,367442.1038,5022073.453,45.33581253,-75.70075949,5119
15--14497,2015/12/14,9:23 AM,INNES RD btwn BANTREE ST & STAR TOP RD (__3ZA2XP),__3ZA2XP,01 - Non intersection,03 - P.D. only,04 - Sideswipe,02 - Rain,01 - Daylight,02 - Wet,10 - No control,,2,0,0,0,,0,,,,,373795.9759,5030458.541,45.41066194,-75.61852932,5120
15--14498,2015/12/14,9:50 AM,TENTH LINE RD @ CHARLEMAGNE BLVD N/TOMPKINS AV (0009222),9222,02 - Intersection related,03 - P.D. only,05 - Turning movement,01 - Clear,01 - Daylight,02 - Wet,01 - Traffic signal,01 - Functioning,2,0,0,0,,0,,,,,383183.9299,5037977.882,45.47732608,-75.4974114,5121
15--14499,2015/12/15,1:18 PM,BANK ST btwn 73 N OF EVANS BLVD & EVANS AVE (__3ZA3BJB),__3ZA3BJB,04 - At/near private drive,03 - P.D. only,02 - Angle,01 - Clear,01 - Daylight,01 - Dry,10 - No control,,2,0,0,0,,0,,,,,369902.8398,5027088.919,45.38071624,-75.66870604,5122
15--14852,2015/12/24,10:24 AM,BANK ST @ HERON RD (0002155),2155,02 - Intersection related,03 - P.D. only,03 - Rear end,01 - Clear,01 - Daylight,01 - Dry,01 - Traffic signal,01 - Functioning,2,0,0,0,,0,,,,,369994.998,5026852.264,45.37857833,-75.66756065,5123
15--145,2015/01/04,2:30 PM,HIGHWAY 417 btwn HWY417 IC124 RAMP76 & HWY417 IC124 RAMP67 (__3ZA2R7),__3ZA2R7,01 - Non intersection,03 - P.D. only,99 - Other,03 - Snow,01 - Daylight,03 - Loose snow,10 - No control,,2,0,0,0,,0,,,,,364482.0777,5027608.692,45.38587584,-75.73785412,5124
15--1450,2015/01/23,11:51 AM,BRENTWOOD AVE @ VICTORIA ST (0001613),1613,02 - Intersection related,03 - P.D. only,03 - Rear end,01 - Clear,01 - Daylight,01 - Dry,02 - Stop sign,01 - Functioning,2,0,0,0,,0,,,,,384705.5692,5010721.195,45.23191872,-75.48235686,5125
15--14500,2015/12/15,1:20 PM,BLAIR RD @ REGIONAL RD 174 N/OR174 IC112 RAMP61 (0003617),3617,03 - At intersection,02 - Non-fatal injury,02 - Angle,01 - Clear,01 - Daylight,01 - Dry,01 - Traffic signal,01 - Functioning,2,0,0,0,02 - Minor,1,,1,,,374634.0093,5032990.853,45.43336321,-75.6074652,5126
15--14501,2015/12/15,1:25 PM,BRONSON AVE @ SUNNYSIDE AVE/UNIVERSITY RD - CA (0007209),7209,02 - Intersection related,03 - P.D. only,03 - Rear end,01 - Clear,01 - Daylight,01 - Dry,01 - Traffic signal,01 - Functioning,2,0,0,0,,0,,,,,367922.7101,5028092.269,45.38992532,-75.69385932,5127
15--14502,2015/12/15,1:38 AM,MACKEY RD btwn VIOLA ST & MCCORDICK RD (__3ZA5RI),__3ZA5RI,01 - Non intersection,03 - P.D. only,07 - SMV other,01 - Clear,07 - Dark,02 - Wet,10 - No control,,1,0,0,0,,0,,,,,365709.7078,4994941.76,45.09183239,-75.72617891,5128
15--14503,2015/12/15,10:07 PM,NINTH LINE RD btwn FARMERS WAY & HALL RD (__3ZA6TK),__3ZA6TK,01 - Non intersection,03 - P.D. only,07 - SMV other,01 - Clear,07 - Dark,01 - Dry,10 - No control,,1,0,0,0,,0,,,,,385437.4801,5023079.02,45.34302261,-75.47102856,5129
15--14504,2015/12/15,10:38 AM,MONTREAL RD @ BETHAMY LANE/FOXBOROUGH PRIV (0012433),12433,02 - Intersection related,02 - Non-fatal injury,03 - Rear end,02 - Rain,01 - Daylight,02 - Wet,01 - Traffic signal,01 - Functioning,2,0,0,0,01 - Minimal,1,1,,,,375321.0036,5034345.576,45.44548327,-75.59849185,5130
15--14505,2015/12/15,11:29 AM,JEANNE D'ARC BLVD @ ORLEANS BLVD S (0004154),4154,02 - Intersection related,03 - P.D. only,03 - Rear end,02 - Rain,01 - Daylight,02 - Wet,01 - Traffic signal,01 - Functioning,2,0,0,0,,0,,,,,380941.4665,5036250.58,45.46203337,-75.52635757,5131
15--14506,2015/12/15,Unknown,PINEHURST AVE btwn BULLMAN ST & OXFORD ST (__3ZAAHL),__3ZAAHL,01 - Non intersection,03 - P.D. only,06 - SMV unattended vehicle,01 - Clear,00 - Unknown,01 - Dry,10 - No control,,1,0,0,0,,0,,,,,365099.3522,5029588.789,45.40363946,-75.72973016,5132
15--14507,2015/12/15,Unknown,NEWBURY AVE btwn TIVERTON DR & BELIVEAU ST (__3ZAAX0),__3ZAAX0,01 - Non intersection,03 - P.D. only,06 - SMV unattended vehicle,01 - Clear,00 - Unknown,02 - Wet,10 - No control,,1,0,0,0,,0,,,,,365471.4248,5024444.74,45.35732219,-75.72560984,5133
15--14508,2015/12/15,12:27 PM,HWY 417 RIVERSID IC117R25 @ RIVERSIDE DR (0011962),11962,02 - Intersection related,03 - P.D. only,04 - Sideswipe,01 - Clear,01 - Daylight,02 - Wet,10 - No control,,2,0,0,0,,0,,,,,370818.6846,5031036.847,45.41615249,-75.65648454,5134
15--14509,2015/12/15,12:30 PM,JEANNE D'ARC BLVD/NORTH SERVICE RD @ TENTH LIN (0009197),9197,02 - Intersection related,03 - P.D. only,03 - Rear end,01 - Clear,01 - Daylight,02 - Wet,02 - Stop sign,01 - Functioning,2,0,0,0,,0,,,,,382569.3598,5039341.145,45.48966022,-75.50505511,5135
15--1451,2015/01/23,Unknown,EDGE HILL PL btwn ANOKA ST & HERON RD (__3ZBOUG),__3ZBOUG,01 - Non intersection,03 - P.D. only,06 - SMV unattended vehicle,01 - Clear,00 - Unknown,04 - Slush,10 - No control,,1,0,0,0,,0,,,,,370251.3215,5026871.136,45.37872423,-75.66428564,5136
15--14510,2015/12/15,12:30 PM,RIVER RD btwn RYEBURN DR & LEITRIM RD (__3ZBOG4),__3ZBOG4,01 - Non intersection,03 - P.D. only,03 - Rear end,01 - Clear,01 - Daylight,01 - Dry,10 - No control,,2,0,0,0,,0,,,,,368024.7574,5017076.375,45.29079737,-75.69396391,5137