Anom_ID,Accident_Date,Accident_Time,Location,Geo_ID,Accident_Location,Classification_of_Accident,Initial_Impact_Type,Environment_Condition,Light,Road_Surface_Condition,Traffic_Control,Traffic_Control_Condition,No__of_Vehicles,No__of_Bicycles,No__of_Motorcycles,No__of_Pedestrians,Max_Injury,No__of_Injuries,No__of_Minimal,No__of_Minor,No__of_Major,No__of_Fatal,X,Y,Latitude,Longitude,ObjectId
15--14511,2015/12/15,12:30 PM,METCALFE ST @ LAURIER AVE (0002231),2231,02 - Intersection related,03 - P.D. only,03 - Rear end,01 - Clear,01 - Daylight,01 - Dry,01 - Traffic signal,01 - Functioning,2,0,0,0,,0,,,,,367792.7094,5031453.02,45.42017604,-75.69509005,5138
15--1643,2015/01/27,10:13 AM,MONTREAL RD @ CARSON'S RD/CODD'S RD (0010801),10801,02 - Intersection related,03 - P.D. only,03 - Rear end,01 - Clear,01 - Daylight,01 - Dry,01 - Traffic signal,01 - Functioning,2,0,0,0,,0,,,,,372770.7184,5034400.027,45.44622583,-75.63108216,5139
15--14673,2015/12/19,Unknown,RIDEOUT CRES btwn RUSTIC DR & RUSTIC DR (__3ZABK2),__3ZABK2,01 - Non intersection,03 - P.D. only,06 - SMV unattended vehicle,01 - Clear,00 - Unknown,01 - Dry,10 - No control,,1,0,0,0,,0,,,,,361937.2483,5023871.067,45.35245723,-75.77078143,5140
15--1553,2015/01/25,5:50 PM,MARCH RD @ UPPER DWYER HILL RD (0010832),10832,02 - Intersection related,03 - P.D. only,07 - SMV other,01 - Clear,07 - Dark,03 - Loose snow,01 - Traffic signal,01 - Functioning,1,0,0,0,,0,,,,,334080.478,5014291.982,45.26797593,-76.12686045,5141
15--15032,2015/12/30,8:55 PM,FISHER AVE @ NORMANDY CRES S (0005079),5079,03 - At intersection,03 - P.D. only,02 - Angle,03 - Snow,07 - Dark,03 - Loose snow,02 - Stop sign,01 - Functioning,2,0,0,0,,0,,,,,366869.43,5024340.52,45.35626207,-75.70778094,5142
15--14583,2015/12/17,10:57 PM,CASTLEFRANK RD @ KATIMAVIK RD (0003228),3228,03 - At intersection,02 - Non-fatal injury,05 - Turning movement,01 - Clear,07 - Dark,02 - Wet,01 - Traffic signal,01 - Functioning,2,0,0,0,01 - Minimal,1,1,,,,351951.1749,5018942.794,45.30885418,-75.8986911,5143
15--14943,2015/12/28,10:50 PM,RUSSELL RD btwn TO BE DETERMINED & SPRING ST (__3ZA1NL),__3ZA1NL,01 - Non intersection,03 - P.D. only,07 - SMV other,01 - Clear,07 - Dark,01 - Dry,10 - No control,,1,0,0,0,,0,,,,,384315.7518,5026863.244,45.37719823,-75.48473126,5144
15--14512,2015/12/15,12:50 PM,ALTA VISTA DR @ SMYTH RD (0011353),11353,02 - Intersection related,03 - P.D. only,03 - Rear end,01 - Clear,01 - Daylight,01 - Dry,01 - Traffic signal,01 - Functioning,2,0,0,0,,0,,,,,370434.1599,5029081.558,45.39859573,-75.66165735,5145
15--14513,2015/12/15,2:07 PM,BANK ST @ RIVERSIDE DR N (0010778),10778,02 - Intersection related,03 - P.D. only,03 - Rear end,02 - Rain,01 - Daylight,02 - Wet,01 - Traffic signal,01 - Functioning,2,0,0,0,,0,,,,,369225.7159,5027984.268,45.38883491,-75.67723443,5146
15--14514,2015/12/15,2:12 PM,GLADSTONE AVE btwn CAMBRIDGE ST N & BRONSON AVE (__3ZBODM),__3ZBODM,04 - At/near private drive,03 - P.D. only,02 - Angle,01 - Clear,01 - Daylight,02 - Wet,10 - No control,,2,0,0,0,,0,,,,,367101.9328,5030061.347,45.40771604,-75.70409174,5147
15--14515,2015/12/15,3:31 PM,APPLEFORD ST @ OGILVIE RD (0009519),9519,02 - Intersection related,03 - P.D. only,03 - Rear end,01 - Clear,01 - Daylight,01 - Dry,01 - Traffic signal,01 - Functioning,2,0,0,0,,0,,,,,375316.5466,5033687.763,45.43956511,-75.59864308,5148
15--14516,2015/12/15,3:38 PM,MURRAY ST @ PARENT AVE (0008231),8231,02 - Intersection related,03 - P.D. only,05 - Turning movement,01 - Clear,01 - Daylight,01 - Dry,01 - Traffic signal,00 - Unknown,2,0,0,0,,0,,,,,367863.4267,5032490.04,45.42950043,-75.69405376,5149
15--14517,2015/12/15,3:52 PM,EARL ARMSTRONG RD @ LIMEBANK RD (0004456),4456,02 - Intersection related,03 - P.D. only,03 - Rear end,01 - Clear,01 - Daylight,01 - Dry,01 - Traffic signal,01 - Functioning,2,0,0,0,,0,,,,,370156.4429,5015960.451,45.28056147,-75.66693743,5150
15--14518,2015/12/15,5:00 PM,REGIONAL ROAD 174 btwn OR174 IC102 RAMP15 & OR174 IC101 RAMP63 (__3ZA11S),__3ZA11S,01 - Non intersection,03 - P.D. only,04 - Sideswipe,01 - Clear,07 - Dark,01 - Dry,10 - No control,,2,0,0,0,,0,,,,,382522.0817,5038762.106,45.48445581,-75.50575154,5151
15--14519,2015/12/15,5:08 PM,OTTAWA RIVER PKWY WB btwn TUNNEY'S PASTURE/REMIC RAPIDS ENT & PARKDALE (__3ZA24KA),__3ZA24KA,01 - Non intersection,03 - P.D. only,03 - Rear end,01 - Clear,07 - Dark,01 - Dry,10 - No control,,2,0,0,0,,0,,,,,364189.2451,5030153.38,45.40879734,-75.74128692,5152
15--1452,2015/01/23,12:26 PM,ST. LAURENT BLVD btwn BOURASSA ST & SMYTH RD (__3ZA3R6),__3ZA3R6,01 - Non intersection,03 - P.D. only,03 - Rear end,01 - Clear,01 - Daylight,02 - Wet,10 - No control,,2,0,0,0,,0,,,,,373244.3373,5029674.756,45.40366397,-75.62568485,5153
15--14520,2015/12/15,5:11 PM,PRINCE OF WALES DR @ FALAISE RD/KOCHAR DR N (0006962),6962,02 - Intersection related,03 - P.D. only,03 - Rear end,01 - Clear,07 - Dark,01 - Dry,01 - Traffic signal,01 - Functioning,4,0,0,0,,0,,,,,367461.4284,5024904.514,45.36128411,-75.70015425,5154
15--14521,2015/12/15,5:18 PM,MILTON RD btwn CANARY ST & SMITH RD (__3ZA3M8),__3ZA3M8,01 - Non intersection,03 - P.D. only,01 - Approaching,01 - Clear,07 - Dark,01 - Dry,10 - No control,,2,0,0,0,,0,,,,,387329.1736,5031653.393,45.41994709,-75.44546043,5155
15--14522,2015/12/15,5:35 PM,CHESTERTON DR @ MEADOWLANDS DR (0001110),1110,03 - At intersection,03 - P.D. only,02 - Angle,01 - Clear,07 - Dark,01 - Dry,01 - Traffic signal,01 - Functioning,2,0,0,0,,0,,,,,365102.4256,5024010.23,45.35344437,-75.7303722,5156
15--14523,2015/12/15,5:57 PM,BASELINE RD @ MERIVALE RD (0002342),2342,02 - Intersection related,03 - P.D. only,03 - Rear end,01 - Clear,07 - Dark,01 - Dry,01 - Traffic signal,01 - Functioning,2,0,0,0,,0,,,,,365054.6964,5025325.515,45.3652832,-75.73082096,5157
15--14524,2015/12/15,6:15 AM,BLAIR RD @ OGILVIE RD (0004120),4120,03 - At intersection,03 - P.D. only,05 - Turning movement,02 - Rain,07 - Dark,02 - Wet,01 - Traffic signal,01 - Functioning,2,0,0,0,,0,,,,,374505.5576,5033198.575,45.43524499,-75.60907731,5158
15--14525,2015/12/15,6:15 PM,BRONSON AVE btwn RENFREW AVE & POWELL AVE (__3ZA3BZ),__3ZA3BZ,04 - At/near private drive,03 - P.D. only,03 - Rear end,01 - Clear,07 - Dark,01 - Dry,10 - No control,,2,0,0,0,,0,,,,,367371.8899,5029513.984,45.40276695,-75.70071283,5159
15--14526,2015/12/15,6:30 AM,OTTAWA RIVER PKWY @ WOODROFFE AVE (0002637),2637,02 - Intersection related,03 - P.D. only,03 - Rear end,02 - Rain,07 - Dark,02 - Wet,02 - Stop sign,00 - Unknown,2,0,0,0,,0,,,,,361426.9082,5026998.946,45.38064306,-75.77693567,5160
15--14527,2015/12/15,6:43 AM,INNES RD btwn BLAIR RD & ANDERSON RD (__3ZA3JZ),__3ZA3JZ,01 - Non intersection,03 - P.D. only,04 - Sideswipe,02 - Rain,07 - Dark,02 - Wet,10 - No control,,2,0,0,0,,0,,,,,376041.2977,5031708.322,45.4216818,-75.58966671,5161
15--14528,2015/12/15,6:49 PM,POULIN AVE @ RICHMOND RD (0002748),2748,03 - At intersection,02 - Non-fatal injury,07 - SMV other,01 - Clear,07 - Dark,01 - Dry,01 - Traffic signal,01 - Functioning,1,0,0,1,02 - Minor,1,,1,,,360324.9574,5024901.236,45.36185618,-75.79124109,5162
15--14529,2015/12/15,7:06 PM,RIVERSIDE DR @ PLEASANT PARK RD (0007296),7296,03 - At intersection,03 - P.D. only,05 - Turning movement,01 - Clear,07 - Dark,02 - Wet,01 - Traffic signal,01 - Functioning,2,0,0,0,,0,,,,,369561.973,5028415.736,45.3926861,-75.67288399,5163
15--1453,2015/01/23,12:35 PM,HUNT CLUB RD btwn MOUNTAIN CRES & TURN LANE (__3ZA3HU),__3ZA3HU,01 - Non intersection,03 - P.D. only,04 - Sideswipe,01 - Clear,01 - Daylight,01 - Dry,10 - No control,,2,0,0,0,,0,,,,,371471.4546,5023977.205,45.3525706,-75.64909859,5164
15--14530,2015/12/15,7:16 AM,INNES RD @ STONEHENGE CRES E (0009355),9355,02 - Intersection related,03 - P.D. only,04 - Sideswipe,02 - Rain,03 - Dawn,02 - Wet,01 - Traffic signal,01 - Functioning,2,0,0,0,,0,,,,,375363.7425,5031313.192,45.41819531,-75.59838013,5165
15--14531,2015/12/15,7:37 AM,KING EDWARD AVE @ GEORGE ST (0008239),8239,03 - At intersection,02 - Non-fatal injury,02 - Angle,02 - Rain,03 - Dawn,02 - Wet,02 - Stop sign,01 - Functioning,2,0,0,0,01 - Minimal,2,2,,,,368462.7122,5032482.318,45.42937665,-75.6863967,5166
15--14532,2015/12/15,8:16 AM,RIVERSIDE DR btwn HOG'S BACK RD & RIDGEWOOD AVE (__3ZA372),__3ZA372,01 - Non intersection,03 - P.D. only,03 - Rear end,02 - Rain,01 - Daylight,02 - Wet,10 - No control,,2,0,0,0,,0,,,,,368216.0865,5025927.937,45.37042475,-75.69039098,5167
15--14533,2015/12/15,8:40 AM,BOOTH ST btwn PROVINCIAL BOUNDARY & 208 N OF MIDDLE ST/E.B. EDDY N (__3ZBPMPA),__3ZBPMPA,01 - Non intersection,03 - P.D. only,03 - Rear end,02 - Rain,01 - Daylight,02 - Wet,10 - No control,,3,0,0,0,,0,,,,,365991.7791,5031517.36,45.42091479,-75.71809185,5168
15--14534,2015/12/15,8:51 AM,REGIONAL ROAD 174 btwn OR174 IC109 RAMP56 & OR174 IC109 RAMP86 (__3ZA28W),__3ZA28W,01 - Non intersection,03 - P.D. only,03 - Rear end,02 - Rain,01 - Daylight,02 - Wet,10 - No control,,2,0,0,0,,0,,,,,376378.4381,5034826.138,45.44969958,-75.5849059,5169
15--14535,2015/12/15,9:11 AM,PRINCE OF WALES DR @ WEST HUNT CLUB RD (0000567),567,02 - Intersection related,03 - P.D. only,03 - Rear end,01 - Clear,01 - Daylight,02 - Wet,01 - Traffic signal,01 - Functioning,2,0,0,0,,0,,,,,367460.1543,5021890.781,45.33416726,-75.70055234,5170
15--14536,2015/12/15,9:18 AM,PRINCE OF WALES DR @ STRANDHERD DR (0013339),13339,02 - Intersection related,03 - P.D. only,02 - Angle,06 - Strong wind,01 - Daylight,02 - Wet,01 - Traffic signal,01 - Functioning,2,0,0,0,,0,,,,,367174.5678,5014824.191,45.27060838,-75.70508475,5171
15--14537,2015/12/15,9:45 AM,BANTING CRES N @ PENFIELD DR N (0003449),3449,03 - At intersection,03 - P.D. only,02 - Angle,01 - Clear,01 - Daylight,01 - Dry,02 - Stop sign,01 - Functioning,2,0,0,0,,0,,,,,352485.2478,5021067.163,45.32793365,-75.89167605,5172
15--14538,2015/12/16,10:33 AM,EAGLESON RD @ HWY 417 EAGLESO IC138R51/PARK AN (0009698),9698,03 - At intersection,03 - P.D. only,02 - Angle,01 - Clear,01 - Daylight,01 - Dry,01 - Traffic signal,01 - Functioning,2,0,0,0,,0,,,,,353037.1811,5020013.066,45.31841096,-75.88473808,5173
15--14539,2015/12/16,10:35 AM,HAMLET RD btwn HALL ST & OTHELLO AVE (__3ZBN71),__3ZBN71,04 - At/near private drive,03 - P.D. only,99 - Other,01 - Clear,01 - Daylight,01 - Dry,10 - No control,,2,0,0,0,,0,,,,,373113.282,5029271.551,45.40004892,-75.62741462,5174
15--1454,2015/01/23,12:50 AM,BLAIR RD @ OGILVIE RD (0004120),4120,02 - Intersection related,03 - P.D. only,04 - Sideswipe,01 - Clear,07 - Dark,01 - Dry,01 - Traffic signal,01 - Functioning,2,0,0,0,,0,,,,,374506.7598,5033198.093,45.43524054,-75.60906202,5175
15--14540,2015/12/16,11:00 PM,MEADOWLANDS DR/TALLWOOD DR @ WOODROFFE AVE (0000095),95,02 - Intersection related,03 - P.D. only,03 - Rear end,01 - Clear,07 - Dark,01 - Dry,01 - Traffic signal,01 - Functioning,2,0,0,0,,0,,,,,363057.4116,5022730.494,45.34210229,-75.7566208,5176
15--14541,2015/12/16,11:30 AM,RIVERSIDE DR btwn HOG'S BACK RD & RIDGEWOOD AVE (__3ZA372),__3ZA372,04 - At/near private drive,02 - Non-fatal injury,03 - Rear end,01 - Clear,01 - Daylight,01 - Dry,10 - No control,,3,0,0,0,01 - Minimal,2,2,,,,368253.2967,5025742.74,45.36875503,-75.68993976,5177
15--14542,2015/12/16,11:40 AM,RIVERSIDE DR btwn HOG'S BACK RD & RIDGEWOOD AVE (__3ZA372),__3ZA372,01 - Non intersection,03 - P.D. only,03 - Rear end,01 - Clear,01 - Daylight,01 - Dry,10 - No control,,2,0,0,0,,0,,,,,368224.2135,5025909.391,45.37025715,-75.69028961,5178
15--14543,2015/12/16,Unknown,COOLSPRING CRES btwn COACH HOUSE GT & VIEWMOUNT DR (__3ZA0AY),__3ZA0AY,01 - Non intersection,03 - P.D. only,06 - SMV unattended vehicle,01 - Clear,00 - Unknown,01 - Dry,10 - No control,,1,0,0,0,,0,,,,,366603.3119,5023676.818,45.35031371,-75.71126016,5179
15--14544,2015/12/16,12:26 AM,KING EDWARD AVE @ RIDEAU ST (0002121),2121,03 - At intersection,03 - P.D. only,05 - Turning movement,01 - Clear,07 - Dark,01 - Dry,01 - Traffic signal,01 - Functioning,2,0,0,0,,0,,,,,368511.7072,5032412.867,45.4287473,-75.6857796,5180
15--14545,2015/12/16,12:39 PM,MEADOWLANDS DR @ MERIVALE RD (0000625),625,02 - Intersection related,03 - P.D. only,03 - Rear end,01 - Clear,01 - Daylight,01 - Dry,01 - Traffic signal,01 - Functioning,3,0,0,0,,0,,,,,364859.4219,5023725.51,45.35090335,-75.73350791,5181
15--14546,2015/12/16,12:48 PM,FAIRMONT AVE @ GLADSTONE AVE (0006154),6154,03 - At intersection,03 - P.D. only,02 - Angle,01 - Clear,01 - Daylight,01 - Dry,01 - Traffic signal,01 - Functioning,2,0,0,0,,0,,,,,365735.7024,5029343.841,45.40138038,-75.72163238,5182
15--14547,2015/12/16,12:57 PM,FOREST VALLEY DR @ ORLEANS BLVD (0003627),3627,02 - Intersection related,02 - Non-fatal injury,07 - SMV other,01 - Clear,01 - Daylight,01 - Dry,01 - Traffic signal,01 - Functioning,1,0,0,1,01 - Minimal,1,1,,,,380258.0267,5034818.849,45.44922591,-75.53531533,5183
15--14548,2015/12/16,2:43 PM,GREENBANK RD btwn CANFIELD RD & BELLMAN DR (__3ZA4YT),__3ZA4YT,01 - Non intersection,03 - P.D. only,03 - Rear end,01 - Clear,01 - Daylight,01 - Dry,10 - No control,,3,0,0,0,,0,,,,,361114.622,5021350.774,45.32984624,-75.7815663,5184
15--14549,2015/12/16,2:50 PM,BANK ST @ HERON RD (0002155),2155,02 - Intersection related,03 - P.D. only,04 - Sideswipe,01 - Clear,01 - Daylight,01 - Dry,01 - Traffic signal,00 - Unknown,2,0,0,0,,0,,,,,369996.442,5026850.82,45.3785652,-75.66754241,5185
15--1455,2015/01/23,12:56 PM,CARLING AVE btwn BURKE RD & DEFENSE  RESEARCH COMPLEX (__3ZA4Z6A),__3ZA4Z6A,01 - Non intersection,03 - P.D. only,07 - SMV other,01 - Clear,01 - Daylight,01 - Dry,10 - No control,,1,0,0,0,,0,,,,,353008.0134,5022768.004,45.3432024,-75.88484179,5186
15--14550,2015/12/16,2:55 PM,LISGAR ST btwn ELGIN ST & CARTIER ST (__3ZA9UF),__3ZA9UF,01 - Non intersection,03 - P.D. only,04 - Sideswipe,01 - Clear,01 - Daylight,01 - Dry,10 - No control,,2,0,0,0,,0,,,,,368208.1663,5031426.33,45.41989836,-75.68978538,5187
15--14551,2015/12/16,3:41 PM,MORRIS ST btwn FIFTH AVE & HOLMWOOD AVE (__3ZA9MR),__3ZA9MR,01 - Non intersection,03 - P.D. only,06 - SMV unattended vehicle,01 - Clear,01 - Daylight,01 - Dry,10 - No control,,1,0,0,0,,0,,,,,368107.3557,5029112.852,45.39909156,-75.69137048,5188
15--14552,2015/12/16,3:42 PM,GREENBANK RD @ LISA AVE (0002753),2753,03 - At intersection,03 - P.D. only,05 - Turning movement,01 - Clear,01 - Daylight,01 - Dry,01 - Traffic signal,01 - Functioning,2,0,0,0,,0,,,,,360554.6751,5022893.492,45.34377232,-75.78853545,5189
15--14553,2015/12/16,4:15 PM,CORONATION AVE @ CHOMLEY CRES (0007820),7820,03 - At intersection,02 - Non-fatal injury,07 - SMV other,01 - Clear,05 - Dusk,01 - Dry,02 - Stop sign,00 - Unknown,1,0,0,1,02 - Minor,1,,1,,,371632.7226,5030423.111,45.41055308,-75.64616802,5190
15--14554,2015/12/16,4:20 PM,KING EDWARD AVE @ OSGOODE ST/THOMAS MORE PRIV (0007750),7750,02 - Intersection related,03 - P.D. only,03 - Rear end,01 - Clear,05 - Dusk,01 - Dry,01 - Traffic signal,01 - Functioning,2,0,0,0,,0,,,,,368848.2628,5031851.853,45.42366876,-75.68155189,5191
15--14555,2015/12/16,4:23 PM,MONTREAL RD btwn ST. LAURENT BLVD & HILLSIDE DR (__3ZA1MC),__3ZA1MC,01 - Non intersection,03 - P.D. only,03 - Rear end,01 - Clear,05 - Dusk,02 - Wet,10 - No control,,2,0,0,0,,0,,,,,371558.6993,5033821.927,45.44114117,-75.64665294,5192
15--14556,2015/12/16,4:36 PM,COOPER ST @ O'CONNOR ST (0006954),6954,02 - Intersection related,03 - P.D. only,05 - Turning movement,01 - Clear,05 - Dusk,01 - Dry,02 - Stop sign,00 - Unknown,2,0,0,0,,0,,,,,367808.7112,5031084.849,45.41686192,-75.69493268,5193
15--14557,2015/12/16,4:48 PM,RIVERSIDE DR NB btwn FROBISHER LANE & HINCKS LANE (__3ZAZR1),__3ZAZR1,01 - Non intersection,03 - P.D. only,03 - Rear end,01 - Clear,05 - Dusk,01 - Dry,10 - No control,,3,0,0,0,,0,,,,,370158.7737,5030114.591,45.40791634,-75.66503756,5194
15--14558,2015/12/16,4:49 PM,MONTREAL RD btwn HOCHELAGA ST & BURMA RD (__3ZA2D5),__3ZA2D5,01 - Non intersection,03 - P.D. only,03 - Rear end,01 - Clear,05 - Dusk,01 - Dry,10 - No control,,2,0,0,0,,0,,,,,373068.7614,5034502.477,45.44711858,-75.6272583,5195
15--14559,2015/12/16,4:50 PM,CONROY RD @ ST. LAURENT BLVD (0011390),11390,03 - At intersection,02 - Non-fatal injury,05 - Turning movement,01 - Clear,07 - Dark,01 - Dry,01 - Traffic signal,01 - Functioning,2,0,0,0,01 - Minimal,2,2,,,,373069.2455,5027159.302,45.38104812,-75.62826927,5196
15--1456,2015/01/23,2:12 PM,BANK ST btwn ARLINGTON AVE & CATHERINE ST (__3ZA3PT),__3ZA3PT,04 - At/near private drive,03 - P.D. only,99 - Other,01 - Clear,01 - Daylight,01 - Dry,10 - No control,,2,0,0,0,,0,,,,,368029.103,5030296.006,45.40974428,-75.6922182,5197
15--14560,2015/12/16,4:52 PM,DALMENY RD @ RIVER RD (0012900),12900,03 - At intersection,03 - P.D. only,02 - Angle,01 - Clear,07 - Dark,01 - Dry,02 - Stop sign,01 - Functioning,2,0,0,0,,0,,,,,374386.9887,4996968.277,45.10926688,-75.61567017,5198
15--14561,2015/12/16,5:00 PM,QUEEN ST btwn KENT ST & BANK ST (__3ZA2FR),__3ZA2FR,01 - Non intersection,03 - P.D. only,04 - Sideswipe,01 - Clear,07 - Dark,02 - Wet,10 - No control,,2,0,0,0,,0,,,,,367327.0975,5031479.472,45.42045582,-75.70103562,5199
15--14562,2015/12/16,5:01 PM,METCALFE ST @ LAURIER AVE (0002231),2231,02 - Intersection related,03 - P.D. only,04 - Sideswipe,01 - Clear,07 - Dark,01 - Dry,01 - Traffic signal,01 - Functioning,2,0,0,0,,0,,,,,367793.4314,5031452.298,45.42016948,-75.69508092,5200
15--14563,2015/12/16,5:01 PM,OTTAWA RIVER PKWY @ ISLAND PARK DR (0002127),2127,02 - Intersection related,03 - P.D. only,04 - Sideswipe,01 - Clear,07 - Dark,01 - Dry,01 - Traffic signal,01 - Functioning,2,0,0,0,,0,,,,,363300.0569,5029454.666,45.40258533,-75.75272845,5201
15--14564,2015/12/16,5:10 PM,REGIONAL ROAD 174 btwn OR174 IC105 RAMP51 & OR174 IC105 RAMP35 (__3ZA2XC),__3ZA2XC,01 - Non intersection,03 - P.D. only,03 - Rear end,01 - Clear,07 - Dark,01 - Dry,10 - No control,,2,0,0,0,,0,,,,,379295.2087,5036937.83,45.46839421,-75.54730161,5202
15--14565,2015/12/16,5:15 PM,STRANDHERD BRIDGE/VIMY MEMORIAL BRIDGE btwn PRINCE OF WALES DR & RIVER RD (e___2H44),e___2H44,07 - Overpass or bridge,02 - Non-fatal injury,03 - Rear end,01 - Clear,07 - Dark,01 - Dry,10 - No control,,2,0,0,0,02 - Minor,1,,1,,,367364.492,5014757.637,45.26999267,-75.70267293,5203
15--14566,2015/12/16,5:17 PM,ST. JOSEPH BLVD @ JEANNE D'ARC BLVD (0012421),12421,03 - At intersection,03 - P.D. only,04 - Sideswipe,01 - Clear,07 - Dark,01 - Dry,11 - Roundabout,01 - Functioning,2,0,0,0,,0,,,,,379861.4645,5036472.303,45.46414513,-75.54013204,5204
15--14567,2015/12/16,5:25 PM,BLAIR RD @ INNES RD (0004165),4165,02 - Intersection related,03 - P.D. only,03 - Rear end,01 - Clear,07 - Dark,01 - Dry,01 - Traffic signal,01 - Functioning,2,0,0,0,,0,,,,,375578.0129,5031439.555,45.41931061,-75.5956245,5205
15--14568,2015/12/16,5:27 PM,FRANK KENNY RD @ RUSSELL RD (0004678),4678,03 - At intersection,02 - Non-fatal injury,02 - Angle,01 - Clear,07 - Dark,01 - Dry,02 - Stop sign,01 - Functioning,3,0,0,0,02 - Minor,2,1,1,,,392562.8487,5026365.475,45.37173542,-75.37953887,5206
15--14569,2015/12/16,5:30 PM,DOWNEY RD btwn RIDEAU RD & MITCH OWENS RD (__3ZA6L3),__3ZA6L3,01 - Non intersection,03 - P.D. only,07 - SMV other,01 - Clear,07 - Dark,01 - Dry,10 - No control,,1,0,0,0,,0,,,,,372595.8453,5012807.68,45.25196252,-75.63627753,5207
15--1457,2015/01/23,3:09 PM,BLAIR RD btwn OGILVIE RD & OR174 IC112 RAMP36 (__3ZA25Q),__3ZA25Q,01 - Non intersection,03 - P.D. only,03 - Rear end,01 - Clear,01 - Daylight,01 - Dry,10 - No control,,2,0,0,0,,0,,,,,374536.6394,5033123.876,45.43456979,-75.60869068,5208
15--14570,2015/12/16,5:30 PM,PRINCE OF WALES DR @ WEST HUNT CLUB RD (0000567),567,02 - Intersection related,03 - P.D. only,04 - Sideswipe,01 - Clear,07 - Dark,01 - Dry,01 - Traffic signal,01 - Functioning,2,0,0,0,,0,,,,,367458.7103,5021891.503,45.33417389,-75.70057067,5209
15--14571,2015/12/16,5:32 PM,CEDARVIEW RD @ WEST HUNT CLUB RD (0010267),10267,02 - Intersection related,02 - Non-fatal injury,03 - Rear end,01 - Clear,07 - Dark,01 - Dry,01 - Traffic signal,00 - Unknown,3,0,0,0,02 - Minor,2,1,1,,,359718.6774,5019553.756,45.31378722,-75.79957298,5210
15--14572,2015/12/16,6:04 AM,GOLDRIDGE DR btwn GATESPARK PRIV & GATESPARK PRIV (__3ZADJ4),__3ZADJ4,01 - Non intersection,03 - P.D. only,06 - SMV unattended vehicle,01 - Clear,07 - Dark,01 - Dry,10 - No control,,1,0,0,0,,0,,,,,349888.7847,5019903.582,45.31763505,-75.92490352,5211
15--14573,2015/12/16,6:10 PM,VANIER PKWY SB btwn MONTREAL RD & MCARTHUR AVE (__3ZA4SR),__3ZA4SR,01 - Non intersection,03 - P.D. only,04 - Sideswipe,01 - Clear,07 - Dark,01 - Dry,10 - No control,,2,0,0,0,,0,,,,,370087.1502,5033007.83,45.43395524,-75.66556905,5212
15--14574,2015/12/16,6:22 PM,PRINCE OF WALES DR btwn BLAZER AVE & DEAKIN ST (__3ZA29V),__3ZA29V,01 - Non intersection,03 - P.D. only,03 - Rear end,03 - Snow,07 - Dark,02 - Wet,10 - No control,,2,0,0,0,,0,,,,,367357.4981,5021374.029,45.32952678,-75.70192726,5213
15--14575,2015/12/16,6:50 AM,HARVEST VALLEY AVE/SWEETVALLEY DR @ TENTH LINE RD (0013489),13489,03 - At intersection,03 - P.D. only,02 - Angle,01 - Clear,07 - Dark,02 - Wet,02 - Stop sign,01 - Functioning,2,0,0,0,,0,,,,,384697.1996,5034388.902,45.44486428,-75.47864187,5214
15--14576,2015/12/16,6:57 AM,DONALD ST @ ST. LAURENT BLVD (0008630),8630,03 - At intersection,02 - Non-fatal injury,07 - SMV other,01 - Clear,07 - Dark,01 - Dry,01 - Traffic signal,01 - Functioning,1,0,0,1,02 - Minor,1,,1,,,372092.9909,5032472.585,45.42894921,-75.64000854,5215
15--14577,2015/12/16,7:38 PM,PRINCE OF WALES DR @ 187 N OF HOG'S BACK RD/CH (0011574),11574,02 - Intersection related,03 - P.D. only,04 - Sideswipe,01 - Clear,07 - Dark,01 - Dry,01 - Traffic signal,01 - Functioning,2,0,0,0,,0,,,,,367287.634,5025857.612,45.36987538,-75.70225191,5216
15--14578,2015/12/16,8:55 AM,KENT ST @ QUEEN ST (0003137),3137,02 - Intersection related,03 - P.D. only,03 - Rear end,01 - Clear,01 - Daylight,01 - Dry,01 - Traffic signal,01 - Functioning,2,0,0,0,,0,,,,,367180.2359,5031386.761,45.41963474,-75.70292376,5217
15--14579,2015/12/16,9:08 AM,MAITLAND AVE/GLENMOUNT AVE @ ERINDALE DR (0002724),2724,02 - Intersection related,03 - P.D. only,04 - Sideswipe,01 - Clear,01 - Daylight,01 - Dry,01 - Traffic signal,01 - Functioning,2,0,0,0,,0,,,,,363698.1277,5025212.043,45.36437749,-75.7481502,5218
15--1458,2015/01/23,4:00 PM,BAYCREST DR @ CEDARWOOD DR (0006999),6999,02 - Intersection related,03 - P.D. only,03 - Rear end,01 - Clear,05 - Dusk,02 - Wet,02 - Stop sign,01 - Functioning,2,0,0,0,,0,,,,,371231.104,5026788.847,45.37789161,-75.65178774,5219
15--14580,2015/12/16,9:45 AM,ST. LAURENT BLVD @ COVENTRY RD/OGILVIE RD (0002151),2151,02 - Intersection related,03 - P.D. only,04 - Sideswipe,01 - Clear,01 - Daylight,01 - Dry,01 - Traffic signal,01 - Functioning,2,0,0,0,,0,,,,,372306.4415,5031952.297,45.42424734,-75.6373523,5220
15--14674,2015/12/19,12:30 PM,HWY417 IC115 RAMP61 btwn RAMP & HIGHWAY 417 (__3ZAYAU),__3ZAYAU,01 - Non intersection,03 - P.D. only,04 - Sideswipe,01 - Clear,01 - Daylight,01 - Dry,10 - No control,,2,0,0,0,,0,,,,,372680.1681,5031560.591,45.42068679,-75.63263107,5221