Anom_ID,Accident_Date,Accident_Time,Location,Geo_ID,Accident_Location,Classification_of_Accident,Initial_Impact_Type,Environment_Condition,Light,Road_Surface_Condition,Traffic_Control,Traffic_Control_Condition,No__of_Vehicles,No__of_Bicycles,No__of_Motorcycles,No__of_Pedestrians,Max_Injury,No__of_Injuries,No__of_Minimal,No__of_Minor,No__of_Major,No__of_Fatal,X,Y,Latitude,Longitude,ObjectId
15--14584,2015/12/17,11:22 AM,CONROY RD @ WALKLEY RD (0002648),2648,02 - Intersection related,03 - P.D. only,03 - Rear end,02 - Rain,01 - Daylight,02 - Wet,01 - Traffic signal,01 - Functioning,2,0,0,0,,0,,,,,372903.9031,5027462.99,45.38379667,-75.63033839,5222
15--14944,2015/12/28,11:19 AM,FINCHLEY DR btwn PALMADEO DR & GLEESON WAY (__37AA0M),__37AA0M,04 - At/near private drive,03 - P.D. only,06 - SMV unattended vehicle,02 - Rain,01 - Daylight,02 - Wet,10 - No control,,1,0,0,0,,0,,,,,365265.9275,5015746.251,45.27907175,-75.72929433,5223
15--15033,2015/12/30,9:00 AM,RICHMOND RD btwn NEW ORCHARD AVE & WOODROFFE AVE (__3ZA4L0),__3ZA4L0,04 - At/near private drive,03 - P.D. only,05 - Turning movement,01 - Clear,01 - Daylight,01 - Dry,10 - No control,,2,0,0,0,,0,,,,,361573.8561,5026638.639,45.37738916,-75.77510088,5224
15--14853,2015/12/24,10:41 AM,GREENBANK RD @ 220 N OF STRANDHERD DR (0010452),10452,03 - At intersection,03 - P.D. only,02 - Angle,01 - Clear,01 - Daylight,01 - Dry,01 - Traffic signal,02 - Not functioning,2,0,0,0,,0,,,,,363846.9485,5014984.37,45.27233695,-75.74746984,5225
15--1644,2015/01/27,11:00 AM,BANK ST btwn OHIO ST & BELANGER AVE (__3ZA3BQ),__3ZA3BQ,04 - At/near private drive,02 - Non-fatal injury,07 - SMV other,01 - Clear,01 - Daylight,01 - Dry,10 - No control,,1,0,0,1,01 - Minimal,1,1,,,,369635.4067,5027459.837,45.38407845,-75.6720718,5226
15--1554,2015/01/25,8:04 AM,WEST HUNT CLUB RD EB btwn KNOXDALE RD & WOODROFFE AVE (__3ZA17C),__3ZA17C,01 - Non intersection,03 - P.D. only,04 - Sideswipe,01 - Clear,01 - Daylight,01 - Dry,10 - No control,,2,0,0,0,,0,,,,,363588.7633,5021180.465,45.32811092,-75.75002533,5227
15--14675,2015/12/19,12:32 PM,RIVERSIDE DR SB btwn SAN REMO PRIV & TERMINAL AVE (__3ZA253),__3ZA253,04 - At/near private drive,03 - P.D. only,05 - Turning movement,01 - Clear,01 - Daylight,01 - Dry,10 - No control,,2,0,0,0,,0,,,,,370643.5634,5030544.9,45.41174265,-75.65878753,5228
15--14585,2015/12/17,11:46 AM,ARLINGTON AVE @ BRONSON AVE (0006759),6759,03 - At intersection,03 - P.D. only,02 - Angle,01 - Clear,01 - Daylight,01 - Dry,01 - Traffic signal,01 - Functioning,2,0,0,0,,0,,,,,367223.4314,5029866.841,45.40595511,-75.70256437,5229
15--1645,2015/01/27,11:59 AM,INNES RD @ ORLEANS BLVD (0003611),3611,02 - Intersection related,03 - P.D. only,03 - Rear end,01 - Clear,01 - Daylight,01 - Dry,01 - Traffic signal,01 - Functioning,2,0,0,0,,0,,,,,380459.8312,5034294.957,45.44449052,-75.53281632,5230
15--1555,2015/01/25,8:25 PM,BASELINE RD @ CLYDE AVE (0002343),2343,02 - Intersection related,03 - P.D. only,03 - Rear end,01 - Clear,07 - Dark,06 - Ice,01 - Traffic signal,01 - Functioning,3,0,0,0,,0,,,,,364358.7033,5024890.995,45.36143293,-75.73975721,5231
15--14945,2015/12/28,11:24 AM,MONTREAL RD @ VANIER PKWY (0004630),4630,02 - Intersection related,03 - P.D. only,03 - Rear end,01 - Clear,01 - Daylight,01 - Dry,01 - Traffic signal,01 - Functioning,2,0,0,0,,0,,,,,370072.5293,5033066.495,45.43448445,-75.66574812,5232
15--14676,2015/12/19,12:41 PM,COMFREY CRES btwn CLUBMOSS AVE N & CLUBMOSS AVE S (__6K4P0M),__6K4P0M,04 - At/near private drive,03 - P.D. only,02 - Angle,01 - Clear,01 - Daylight,02 - Wet,10 - No control,,2,0,0,0,,0,,,,,386311.434,5035749.971,45.45692348,-75.45778433,5233
15--15034,2015/12/30,9:00 AM,BRONSON AVE @ IMPERIAL AVE/PLYMOUTH ST (0010859),10859,03 - At intersection,03 - P.D. only,05 - Turning movement,01 - Clear,01 - Daylight,04 - Slush,10 - No control,,2,0,0,0,,0,,,,,367317.2593,5029643.552,45.40393764,-75.70139418,5234
15--14586,2015/12/17,11:49 AM,WEST HUNT CLUB RD @ ANTARES DR/LASER ST (0000116),116,02 - Intersection related,03 - P.D. only,03 - Rear end,01 - Clear,01 - Daylight,02 - Wet,01 - Traffic signal,01 - Functioning,2,0,0,0,,0,,,,,367106.9893,5022080.78,45.33590829,-75.70503383,5235
15--1646,2015/01/27,12:50 PM,HIGHWAY 417 btwn HWY417 IC121A RAMP16 & HWY417 IC121A RAMP61 (__3ZA2YY),__3ZA2YY,01 - Non intersection,03 - P.D. only,99 - Other,01 - Clear,01 - Daylight,01 - Dry,10 - No control,,2,0,0,0,,0,,,,,367278.6041,5029764.71,45.40503124,-75.70187257,5236
15--1556,2015/01/25,9:58 AM,CEDARWOOD DR @ WALKLEY RD (0002235),2235,03 - At intersection,02 - Non-fatal injury,07 - SMV other,01 - Clear,01 - Daylight,02 - Wet,01 - Traffic signal,01 - Functioning,1,0,0,1,02 - Minor,1,,1,,,371194.7286,5026456.97,45.37490895,-75.65229676,5237
15--14946,2015/12/28,Unknown,HIGH RD btwn EARL ARMSTRONG RD & ALBION RD (__3ZA7Z1),__3ZA7Z1,01 - Non intersection,03 - P.D. only,06 - SMV unattended vehicle,01 - Clear,00 - Unknown,01 - Dry,10 - No control,,1,0,0,0,,0,,,,,374537.2245,5017788.35,45.29658742,-75.61084761,5238
15--14677,2015/12/19,2:00 PM,DWYER HILL RD btwn BLEEKS RD & COPELAND RD (__3ZA3FD),__3ZA3FD,01 - Non intersection,03 - P.D. only,07 - SMV other,05 - Drifting Snow,01 - Daylight,06 - Ice,10 - No control,,1,0,0,0,,0,,,,,347476.8013,4999806.634,45.1369442,-75.95738966,5239
15--15035,2015/12/30,9:00 PM,CRAIG ST btwn ELLA ST & NEWTON ST (__3ZBOS8),__3ZBOS8,01 - Non intersection,03 - P.D. only,06 - SMV unattended vehicle,01 - Clear,07 - Dark,01 - Dry,10 - No control,,1,0,0,0,,0,,,,,368018.1133,5029059.013,45.39861519,-75.69251717,5240
15--14854,2015/12/24,10:48 AM,PRINCE OF WALES DR @ MEADOWLANDS DR/HOG'S BACK (0001629),1629,02 - Intersection related,03 - P.D. only,03 - Rear end,01 - Clear,01 - Daylight,01 - Dry,01 - Traffic signal,01 - Functioning,2,0,0,0,,0,,,,,367371.1969,5025692.033,45.36837809,-75.70120618,5241
15--14587,2015/12/17,12:20 PM,CAMPEAU DR @ TERON RD/COLCHESTER SQ (0009033),9033,02 - Intersection related,02 - Non-fatal injury,03 - Rear end,02 - Rain,01 - Daylight,02 - Wet,01 - Traffic signal,01 - Functioning,2,0,0,0,02 - Minor,1,,1,,,352563.0005,5020468.248,45.3225392,-75.89074198,5242
15--1647,2015/01/27,12:54 PM,SMYTH RD btwn ROGER GUINDON AVE & BOTSFORD ST (__3ZA3BW),__3ZA3BW,01 - Non intersection,02 - Non-fatal injury,07 - SMV other,01 - Clear,01 - Daylight,01 - Dry,10 - No control,,1,0,0,0,02 - Minor,2,1,1,,,372210.9623,5029258.171,45.400016,-75.63894073,5243
15--1557,2015/01/26,1:00 AM,ARLINGTON AVE btwn BAY ST & LYON ST N (__3ZA965),__3ZA965,01 - Non intersection,03 - P.D. only,06 - SMV unattended vehicle,03 - Snow,07 - Dark,05 - Packed snow,10 - No control,,1,0,0,0,,0,,,,,367680.6884,5030145.622,45.40842256,-75.6966881,5244
15--14947,2015/12/28,12:13 PM,MITCH OWENS RD btwn MANOTICK STATION RD & BOWESVILLE RD (__3ZA3TN),__3ZA3TN,01 - Non intersection,03 - P.D. only,07 - SMV other,01 - Clear,01 - Daylight,01 - Dry,10 - No control,,1,0,0,0,,0,,,,,374054.1194,5013624.449,45.2591696,-75.61758742,5245
15--14588,2015/12/17,12:49 PM,TERRY FOX DR @ PALLADIUM DR/KATIMAVIK RD (0011858),11858,02 - Intersection related,03 - P.D. only,03 - Rear end,02 - Rain,01 - Daylight,02 - Wet,01 - Traffic signal,01 - Functioning,2,0,0,0,,0,,,,,351270.44,5018181.053,45.30204521,-75.90744331,5246
15--1648,2015/01/27,2:35 PM,RIVERSIDE DR @ TREMBLAY RD/HWY417 IC117 RAMP52 (0010790),10790,03 - At intersection,02 - Non-fatal injury,02 - Angle,01 - Clear,01 - Daylight,01 - Dry,01 - Traffic signal,01 - Functioning,2,0,0,0,01 - Minimal,1,1,,,,370802.0781,5031015.426,45.41596132,-75.65669957,5247
15--15036,2015/12/30,9:07 PM,ST. JOSEPH BLVD @ JEANNE D'ARC BLVD (0012421),12421,03 - At intersection,03 - P.D. only,02 - Angle,03 - Snow,07 - Dark,03 - Loose snow,11 - Roundabout,01 - Functioning,2,0,0,0,,0,,,,,379860.0205,5036471.581,45.46413879,-75.54015061,5248
15--14678,2015/12/19,2:16 PM,ROGER STEVENS DR btwn HWY416 IC49 RAMP24 & SECOND LINE RD S (__3ZAZFF),__3ZAZFF,01 - Non intersection,03 - P.D. only,07 - SMV other,03 - Snow,01 - Daylight,06 - Ice,10 - No control,,1,0,0,0,,0,,,,,369897.4802,5001423.337,45.14978138,-75.67213813,5249
15--1649,2015/01/27,2:39 PM,MACDONALD-CARTIER BR btwn RAMP & END (1) (__3ZA1QK),__3ZA1QK,07 - Overpass or bridge,03 - P.D. only,03 - Rear end,01 - Clear,01 - Daylight,01 - Dry,10 - No control,,2,0,0,0,,0,,,,,367190.3591,5033310.286,45.43694109,-75.70255073,5250
15--14589,2015/12/17,12:51 PM,FALLOWFIELD RD @ MERIVALE RD (0000587),587,03 - At intersection,03 - P.D. only,05 - Turning movement,01 - Clear,01 - Daylight,02 - Wet,01 - Traffic signal,00 - Unknown,2,0,0,0,,0,,,,,366892.4346,5018844.469,45.30680745,-75.70817679,5251
15--14948,2015/12/28,12:15 PM,BELCOURT BLVD @ INNES RD (0004202),4202,03 - At intersection,03 - P.D. only,03 - Rear end,01 - Clear,01 - Daylight,01 - Dry,01 - Traffic signal,01 - Functioning,2,0,0,0,,0,,,,,382120.8569,5035267.332,45.45305739,-75.51143322,5252
15--15037,2015/12/30,9:10 AM,BANK ST btwn LESTER RD & PARK LANE (__3ZA28G),__3ZA28G,01 - Non intersection,03 - P.D. only,01 - Approaching,04 - Freezing Rain,01 - Daylight,04 - Slush,10 - No control,,2,0,0,0,,0,,,,,373869.4489,5022759.614,45.34138311,-75.61866755,5253
15--1558,2015/01/26,1:16 PM,BANK ST btwn COUNCILLOR'S WAY & ST. BERNARD ST (__3ZA29K),__3ZA29K,04 - At/near private drive,03 - P.D. only,03 - Rear end,01 - Clear,01 - Daylight,01 - Dry,10 - No control,,2,0,0,0,,0,,,,,372933.9604,5023766.595,45.35053504,-75.63046436,5254
15--15038,2015/12/30,9:44 AM,WOODROFFE AVE @ HWY 417 WOODROFF IC127R26/HWY4 (0002355),2355,02 - Intersection related,02 - Non-fatal injury,03 - Rear end,01 - Clear,01 - Daylight,03 - Loose snow,01 - Traffic signal,01 - Functioning,2,0,0,0,01 - Minimal,3,3,,,,362083.4089,5024938.796,45.36205266,-75.76879246,5255
15--14679,2015/12/19,2:21 PM,HAWTHORNE RD @ WHYTE SIDE RD (0009314),9314,02 - Intersection related,03 - P.D. only,07 - SMV other,01 - Clear,01 - Daylight,06 - Ice,02 - Stop sign,01 - Functioning,1,0,0,0,,0,,,,,376248.0967,5024596.159,45.35766926,-75.58805425,5256
15--14855,2015/12/24,10:51 AM,EAGLESON RD @ MICHAEL COWPLAND DR/STONEHAVEN D (0003544),3544,03 - At intersection,03 - P.D. only,02 - Angle,01 - Clear,01 - Daylight,01 - Dry,01 - Traffic signal,02 - Not functioning,2,0,0,0,,0,,,,,354384.07,5016623.444,45.28781664,-75.86789869,5257
15--165,2015/01/04,6:45 AM,REGIONAL ROAD 174 btwn OR174 IC109 RAMP56 & OR174 IC109 RAMP86 (__3ZA28W),__3ZA28W,01 - Non intersection,03 - P.D. only,03 - Rear end,04 - Freezing Rain,07 - Dark,04 - Slush,10 - No control,,2,0,0,0,,0,,,,,376451.329,5034990.393,45.45116998,-75.58395022,5258
15--1459,2015/01/23,4:06 PM,BANK ST @ RIVERSIDE DR N (0010778),10778,03 - At intersection,03 - P.D. only,02 - Angle,01 - Clear,01 - Daylight,01 - Dry,01 - Traffic signal,01 - Functioning,2,0,0,0,,0,,,,,369225.7154,5027983.547,45.38882842,-75.67723453,5259
15--14949,2015/12/28,12:30 PM,INDUSTRIAL AVE btwn RUSSELL RD & ST. LAURENT BLVD (__3ZA3R7),__3ZA3R7,04 - At/near private drive,03 - P.D. only,03 - Rear end,01 - Clear,01 - Daylight,06 - Ice,10 - No control,,2,0,0,0,,0,,,,,372759.9023,5030007.447,45.40670458,-75.63182651,5260
15--1559,2015/01/26,10:05 AM,ALBERT ST @ METCALFE ST (0002117),2117,02 - Intersection related,03 - P.D. only,03 - Rear end,01 - Clear,01 - Daylight,01 - Dry,01 - Traffic signal,00 - Unknown,2,0,0,0,,0,,,,,367692.6644,5031614.064,45.42163406,-75.69634772,5261
15--15039,2015/12/31,1:03 AM,MILTON RD btwn PERRAULT RD & RUSSELL RD (__3ZBOGV),__3ZBOGV,01 - Non intersection,02 - Non-fatal injury,07 - SMV other,03 - Snow,07 - Dark,03 - Loose snow,10 - No control,,1,0,0,0,02 - Minor,1,,1,,,389642.3472,5025626.519,45.36544666,-75.41694476,5262
15--1468,2015/01/23,5:12 PM,CARP RD btwn HWY417 IC144 RAMP25 & WESTBROOK RD (__3ZA3D3),__3ZA3D3,01 - Non intersection,03 - P.D. only,03 - Rear end,01 - Clear,05 - Dusk,02 - Wet,10 - No control,,3,0,0,0,,0,,,,,347654.5392,5015531.332,45.27843197,-75.95377732,5263
15--14856,2015/12/24,11:06 AM,EAGLESON RD @ PALOMINO DR S/ROTHESAY DR (0003134),3134,03 - At intersection,03 - P.D. only,02 - Angle,01 - Clear,01 - Daylight,01 - Dry,01 - Traffic signal,02 - Not functioning,2,0,0,0,,0,,,,,354124.6344,5017288.449,45.29381876,-75.87113966,5264
15--14857,2015/12/24,11:15 AM,EAGLESON RD @ MICHAEL COWPLAND DR/STONEHAVEN D (0003544),3544,03 - At intersection,03 - P.D. only,02 - Angle,01 - Clear,01 - Daylight,01 - Dry,01 - Traffic signal,02 - Not functioning,3,0,0,0,,0,,,,,354382.626,5016623.444,45.28781674,-75.86791709,5265
15--14858,2015/12/24,11:22 AM,HUNT CLUB RD btwn LORRY GREENBERG DR & PIKE ST (__3ZA3S3),__3ZA3S3,01 - Non intersection,03 - P.D. only,04 - Sideswipe,01 - Clear,01 - Daylight,01 - Dry,10 - No control,,2,0,0,0,,0,,,,,372908.9406,5024860.573,45.36038067,-75.63063292,5266
15--14859,2015/12/24,11:30 AM,BRANT ST @ MCARTHUR AVE (0004649),4649,02 - Intersection related,03 - P.D. only,04 - Sideswipe,01 - Clear,01 - Daylight,01 - Dry,01 - Traffic signal,01 - Functioning,2,0,0,0,,0,,,,,371263.4415,5032806.299,45.43203115,-75.6505638,5267
15--1486,2015/01/23,8:03 AM,SCOTT ST btwn CHURCHILL AVE N & WINONA AVE (__3ZA1QU),__3ZA1QU,01 - Non intersection,03 - P.D. only,01 - Approaching,01 - Clear,01 - Daylight,01 - Dry,10 - No control,,2,0,0,0,,0,,,,,363139.1915,5028613.528,45.39503033,-75.75488264,5268
15--14860,2015/12/24,11:30 PM,RENAUD RD @ RENAUD RD S (0004055),4055,02 - Intersection related,03 - P.D. only,07 - SMV other,01 - Clear,07 - Dark,01 - Dry,10 - No control,,1,0,0,0,,0,,,,,379961.4096,5031599.105,45.42028896,-75.53959841,5269
15--14861,2015/12/24,11:32 AM,FAIRMONT AVE @ WOODSTOCK ST (0005590),5590,03 - At intersection,03 - P.D. only,02 - Angle,01 - Clear,01 - Daylight,01 - Dry,02 - Stop sign,01 - Functioning,2,0,0,0,,0,,,,,365936.2597,5028889.281,45.39727287,-75.71912713,5270
15--14862,2015/12/24,11:36 AM,STITTSVILLE MAIN ST @ MULKINS ST S/WINTERGREEN (0009338),9338,02 - Intersection related,03 - P.D. only,03 - Rear end,01 - Clear,01 - Daylight,01 - Dry,01 - Traffic signal,01 - Functioning,2,0,0,0,,0,,,,,350005.8426,5013642.915,45.26129208,-75.92398107,5271
15--14863,2015/12/24,11:50 AM,FAIRLAWN AVE btwn WOODROFFE AVE & FOX CRES (__3ZA4NJ),__3ZA4NJ,04 - At/near private drive,03 - P.D. only,02 - Angle,01 - Clear,01 - Daylight,01 - Dry,10 - No control,,2,0,0,0,,0,,,,,361972.0773,5025734.009,45.369217,-75.77012145,5272
15--14864,2015/12/24,11:51 AM,SWEETNAM DR btwn ORCHARD DR & HARRY DOUGLAS DR (__3ZA2HY),__3ZA2HY,01 - Non intersection,03 - P.D. only,07 - SMV other,01 - Clear,01 - Daylight,01 - Dry,10 - No control,,1,0,0,0,,0,,,,,350712.3037,5015270.581,45.27589261,-75.91482924,5273
15--14865,2015/12/24,11:51 AM,ST. LAURENT BLVD @ MCARTHUR AVE (0008246),8246,02 - Intersection related,03 - P.D. only,03 - Rear end,01 - Clear,01 - Daylight,01 - Dry,01 - Traffic signal,01 - Functioning,2,0,0,0,,0,,,,,371920.275,5032888.297,45.43270619,-75.6421589,5274
15--14866,2015/12/24,12:18 PM,BLAIR RD @ INNES RD (0004165),4165,02 - Intersection related,02 - Non-fatal injury,03 - Rear end,01 - Clear,01 - Daylight,01 - Dry,01 - Traffic signal,01 - Functioning,3,0,0,0,01 - Minimal,1,1,,,,375579.4569,5031439.555,45.41931046,-75.59560606,5275
15--14867,2015/12/24,12:29 PM,ST. JOSEPH BLVD @ JEANNE D'ARC BLVD (0012421),12421,02 - Intersection related,03 - P.D. only,04 - Sideswipe,01 - Clear,01 - Daylight,01 - Dry,11 - Roundabout,01 - Functioning,2,0,0,0,,0,,,,,379859.2216,5036472.341,45.46414572,-75.54016071,5276
15--14868,2015/12/24,12:31 PM,INNES RD EB btwn INNES RD & INNES RD W (__3ZA3HD),__3ZA3HD,04 - At/near private drive,02 - Non-fatal injury,05 - Turning movement,01 - Clear,01 - Daylight,01 - Dry,10 - No control,,2,0,0,0,01 - Minimal,2,2,,,,376935.51,5032180.389,45.42583754,-75.57817266,5277
15--14869,2015/12/24,12:33 PM,REGIONAL ROAD 174 EB btwn HWY417 IC113 RAMP65 & OR174 BLAIR IC112 RAMP51 (__3ZAZFJ),__3ZAZFJ,01 - Non intersection,02 - Non-fatal injury,03 - Rear end,01 - Clear,01 - Daylight,01 - Dry,10 - No control,,2,0,0,0,01 - Minimal,1,1,,,,374812.9278,5032831.116,45.43190809,-75.60520148,5278
15--1487,2015/01/23,8:20 AM,HERON RD @ HERON RD RAMP 26 (0002527),2527,03 - At intersection,03 - P.D. only,03 - Rear end,01 - Clear,01 - Daylight,01 - Dry,10 - No control,,2,0,0,0,,0,,,,,368682.7632,5026711.428,45.377432,-75.68433236,5279
15--14870,2015/12/24,12:40 PM,ST. LAURENT BLVD @ WALKLEY RD (0007653),7653,02 - Intersection related,03 - P.D. only,03 - Rear end,01 - Clear,01 - Daylight,01 - Dry,01 - Traffic signal,01 - Functioning,2,0,0,0,,0,,,,,373903.4721,5028046.855,45.38895213,-75.61749403,5280
15--14871,2015/12/24,2:01 PM,HAZELDEAN RD @ HUNTMAR DR/IBER RD (0000075),75,03 - At intersection,03 - P.D. only,05 - Turning movement,01 - Clear,01 - Daylight,01 - Dry,01 - Traffic signal,01 - Functioning,2,0,0,0,,0,,,,,350942.5979,5016079.432,45.28315583,-75.911819,5281
15--14872,2015/12/24,2:07 PM,JOCKVALE RD/RIDEAU VALLEY DR @ PRINCE OF WALES (0004638),4638,03 - At intersection,03 - P.D. only,02 - Angle,01 - Clear,01 - Daylight,01 - Dry,01 - Traffic signal,02 - Not functioning,2,0,0,0,,0,,,,,366709.5132,5012199.531,45.24703289,-75.71133796,5282
15--14873,2015/12/24,2:12 PM,WOODROFFE AVE btwn CARLINGWOOD SC & CARLING AVE (__3ZA4NKB),__3ZA4NKB,04 - At/near private drive,03 - P.D. only,02 - Angle,01 - Clear,01 - Daylight,01 - Dry,10 - No control,,2,0,0,0,,0,,,,,361916.6285,5025873.133,45.37047335,-75.77081319,5283
15--14874,2015/12/24,2:19 AM,AIRPORT PKWY @ HUNT CLUB RD (0010856),10856,02 - Intersection related,03 - P.D. only,07 - SMV other,01 - Clear,07 - Dark,02 - Wet,01 - Traffic signal,01 - Functioning,1,0,0,0,,0,,,,,371018.528,5023702.998,45.35014629,-75.6549152,5284
15--14875,2015/12/24,2:22 PM,LAJOIE ST @ MONTREAL RD (0009795),9795,02 - Intersection related,03 - P.D. only,03 - Rear end,02 - Rain,01 - Daylight,02 - Wet,01 - Traffic signal,01 - Functioning,2,0,0,0,,0,,,,,370533.2706,5033326.587,45.43678149,-75.65982527,5285
15--14876,2015/12/24,3:00 PM,BRUYERE ST btwn SUSSEX DR & PARENT AVE (__3ZBOXN),__3ZBOXN,01 - Non intersection,03 - P.D. only,06 - SMV unattended vehicle,01 - Clear,01 - Daylight,01 - Dry,10 - No control,,1,0,0,0,,0,,,,,367662.1347,5032744.866,45.43181139,-75.69659347,5286
15--14877,2015/12/24,3:20 PM,ORLEANS BLVD @ ST. JOSEPH BLVD (0004144),4144,03 - At intersection,02 - Non-fatal injury,05 - Turning movement,01 - Clear,01 - Daylight,01 - Dry,01 - Traffic signal,01 - Functioning,2,0,0,0,02 - Minor,1,,1,,,380631.0157,5036981.312,45.46864168,-75.53021408,5287
15--14878,2015/12/24,3:35 PM,BEAVERPOND DR @ BLAIR RD (0004166),4166,03 - At intersection,02 - Non-fatal injury,05 - Turning movement,01 - Clear,01 - Daylight,01 - Dry,01 - Traffic signal,01 - Functioning,2,0,0,0,02 - Minor,1,,1,,,375399.7299,5031874.567,45.42324262,-75.59783992,5288
15--14879,2015/12/24,3:52 PM,BANK ST @ HUNT CLUB RD (0002119),2119,02 - Intersection related,03 - P.D. only,03 - Rear end,01 - Clear,01 - Daylight,02 - Wet,01 - Traffic signal,01 - Functioning,2,0,0,0,,0,,,,,371608.7365,5024096.506,45.35363097,-75.64733059,5289
15--1488,2015/01/23,8:29 PM,TERRY FOX DR btwn PALLADIUM DR & MAPLE GROVE RD (__3ZA3DN),__3ZA3DN,01 - Non intersection,03 - P.D. only,03 - Rear end,01 - Clear,07 - Dark,02 - Wet,10 - No control,,4,0,0,0,,0,,,,,351541.0785,5017881.332,45.29933028,-75.90402077,5290
15--14880,2015/12/24,5:00 PM,CARILLON ST btwn DUROCHER ST & HANNAH ST (__3ZA8UE),__3ZA8UE,01 - Non intersection,03 - P.D. only,06 - SMV unattended vehicle,01 - Clear,07 - Dark,01 - Dry,10 - No control,,1,0,0,0,,0,,,,,370144.1521,5033388.427,45.43737437,-75.66479007,5291
15--14881,2015/12/24,5:03 PM,FALLOWFIELD RD @ VIA PARK PL/275 W OF WOODROFFE AVE (0010154),10154,02 - Intersection related,03 - P.D. only,03 - Rear end,01 - Clear,07 - Dark,01 - Dry,01 - Traffic signal,01 - Functioning,2,0,0,0,,0,,,,,364847.2373,5017766.743,45.29728796,-75.73438598,5292
15--14882,2015/12/24,5:05 PM,AVIATION PKWY @ OGILVIE RD (0004114),4114,03 - At intersection,03 - P.D. only,05 - Turning movement,01 - Clear,07 - Dark,01 - Dry,01 - Traffic signal,01 - Functioning,2,0,0,0,,0,,,,,373108.3041,5032372.402,45.42794939,-75.62704843,5293
15--14883,2015/12/24,5:06 PM,2ND LINE RD btwn GOWAN GT & DALMENY RD (__3ZA728),__3ZA728,01 - Non intersection,03 - P.D. only,07 - SMV other,01 - Clear,07 - Dark,01 - Dry,10 - No control,,1,0,0,0,,0,,,,,377177.7251,4999099.496,45.12816322,-75.57990108,5294
15--14884,2015/12/24,5:10 PM,CAMPEAU DR @ KANATA AVE (0012003),12003,03 - At intersection,02 - Non-fatal injury,05 - Turning movement,01 - Clear,07 - Dark,01 - Dry,01 - Traffic signal,01 - Functioning,2,0,0,0,01 - Minimal,1,1,,,,350595.5891,5019402.666,45.31308193,-75.91593518,5295
15--14885,2015/12/24,5:30 AM,HIGHWAY 416 btwn HWY416 IC72 RAMP62 & HWY416 IC72 RAMP24 (__3ZAZEQ),__3ZAZEQ,01 - Non intersection,03 - P.D. only,07 - SMV other,"07 - Fog, mist, smoke, dust",07 - Dark,02 - Wet,10 - No control,,1,0,0,0,,0,,,,,359441.821,5019692.512,45.31505735,-75.80308842,5296
15--14886,2015/12/24,5:30 PM,LISGAR ST @ METCALFE ST (0006941),6941,02 - Intersection related,03 - P.D. only,04 - Sideswipe,01 - Clear,07 - Dark,01 - Dry,01 - Traffic signal,01 - Functioning,2,0,0,0,,0,,,,,367914.9864,5031250.865,45.4183461,-75.69355367,5297
15--14887,2015/12/24,5:30 PM,LEMAY CRES btwn PLEASANT PARK RD & PLEASANT PARK RD (__3ZBOZ7),__3ZBOZ7,01 - Non intersection,03 - P.D. only,06 - SMV unattended vehicle,01 - Clear,07 - Dark,01 - Dry,10 - No control,,1,0,0,0,,0,,,,,373025.4567,5028521.792,45.39331149,-75.62864001,5298
15--14888,2015/12/24,5:49 PM,BANKFIELD RD @ MANOTICK MAIN ST/RIDEAU VALLEY  (0000070),70,03 - At intersection,03 - P.D. only,05 - Turning movement,01 - Clear,07 - Dark,01 - Dry,01 - Traffic signal,01 - Functioning,2,0,0,0,,0,,,,,368433.1425,5010158.123,45.22851068,-75.68964406,5299
15--14889,2015/12/24,6:17 PM,PATTERSON AVE btwn BANK ST & ALLAN PL (__3ZA95B),__3ZA95B,01 - Non intersection,03 - P.D. only,06 - SMV unattended vehicle,01 - Clear,07 - Dark,01 - Dry,10 - No control,,1,0,0,0,,0,,,,,368278.7884,5030057.344,45.40757428,-75.6890594,5300
15--1489,2015/01/23,8:32 AM,SNAKE ISLAND RD btwn MCGUIRE RD & BLANCHFIELD RD (__3ZA3T4),__3ZA3T4,04 - At/near private drive,02 - Non-fatal injury,02 - Angle,01 - Clear,01 - Daylight,02 - Wet,10 - No control,,2,0,0,0,01 - Minimal,2,2,,,,376383.8258,5005042.539,45.18171865,-75.58914067,5301
15--14890,2015/12/24,6:55 AM,LYON ST @ WELLINGTON ST (0002388),2388,03 - At intersection,03 - P.D. only,05 - Turning movement,01 - Clear,07 - Dark,02 - Wet,01 - Traffic signal,01 - Functioning,2,0,0,0,,0,,,,,366935.271,5031426.888,45.42001759,-75.70604848,5302
15--14891,2015/12/24,7:37 AM,HIGHWAY 417 btwn HWY417 IC123 RAMP62 & HWY417 IC122 RAMP16 (__3ZA2R9),__3ZA2R9,01 - Non intersection,02 - Non-fatal injury,04 - Sideswipe,01 - Clear,03 - Dawn,02 - Wet,10 - No control,,2,0,0,0,02 - Minor,1,,1,,,365129.484,5028712.094,45.39574856,-75.72945253,5303
15--14892,2015/12/24,8:13 PM,ST. JOSEPH BLVD @ TENTH LINE RD (0009163),9163,03 - At intersection,02 - Non-fatal injury,02 - Angle,01 - Clear,07 - Dark,01 - Dry,01 - Traffic signal,01 - Functioning,2,0,0,0,02 - Minor,2,1,1,,,382890.8038,5038667.175,45.48356056,-75.50105053,5304