Anom_ID,Accident_Date,Accident_Time,Location,Geo_ID,Accident_Location,Classification_of_Accident,Initial_Impact_Type,Environment_Condition,Light,Road_Surface_Condition,Traffic_Control,Traffic_Control_Condition,No__of_Vehicles,No__of_Bicycles,No__of_Motorcycles,No__of_Pedestrians,Max_Injury,No__of_Injuries,No__of_Minimal,No__of_Minor,No__of_Major,No__of_Fatal,X,Y,Latitude,Longitude,ObjectId
15--14893,2015/12/24,8:17 PM,RUSSELL RD S @ ST. LAURENT BLVD (0007734),7734,03 - At intersection,02 - Non-fatal injury,05 - Turning movement,01 - Clear,07 - Dark,01 - Dry,01 - Traffic signal,01 - Functioning,2,0,0,0,01 - Minimal,1,1,,,,373569.7331,5029260.545,45.39990521,-75.62158646,5305
15--14894,2015/12/24,9:04 AM,BANNER RD @ GREENBANK RD (0000644),644,03 - At intersection,02 - Non-fatal injury,02 - Angle,01 - Clear,01 - Daylight,01 - Dry,01 - Traffic signal,01 - Functioning,2,0,0,0,02 - Minor,1,,1,,,361020.9506,5021566.492,45.33179478,-75.78273672,5306
15--14895,2015/12/25,1:18 AM,WHITEHILL AVE btwn SULLIVAN AVE & END (__3ZA0FA),__3ZA0FA,01 - Non intersection,03 - P.D. only,06 - SMV unattended vehicle,01 - Clear,07 - Dark,01 - Dry,10 - No control,,1,0,0,0,,0,,,,,363600.9899,5022464.025,45.33965927,-75.74971687,5307
15--14896,2015/12/25,1:18 PM,ANDERSON RD btwn WEIR RD & DOLMAN RIDGE RD (__3ZA2B7),__3ZA2B7,01 - Non intersection,02 - Non-fatal injury,07 - SMV other,01 - Clear,01 - Daylight,01 - Dry,10 - No control,,1,0,0,0,02 - Minor,1,,1,,,378172.7577,5030586.505,45.41136811,-75.5626012,5308
15--14897,2015/12/25,11:44 PM,LYON ST @ WELLINGTON ST (0002388),2388,03 - At intersection,03 - P.D. only,05 - Turning movement,01 - Clear,07 - Dark,01 - Dry,01 - Traffic signal,01 - Functioning,2,0,0,0,,0,,,,,366935.993,5031426.888,45.42001753,-75.70603926,5309
15--14898,2015/12/25,11:51 PM,OLD PRESCOTT RD btwn CHRIS TIERNEY PRIV & BREANNA CARDILL ST (__673W91),__673W91,01 - Non intersection,03 - P.D. only,07 - SMV other,01 - Clear,07 - Dark,01 - Dry,10 - No control,,1,0,0,0,,0,,,,,378555.3792,5009556.289,45.2221083,-75.56084467,5310
15--14899,2015/12/25,Unknown,TESKIWA CRES btwn GOWARD DR & HALTON TER (__49PV0S),__49PV0S,01 - Non intersection,03 - P.D. only,06 - SMV unattended vehicle,01 - Clear,00 - Unknown,01 - Dry,10 - No control,,1,0,0,0,,0,,,,,348241.8234,5023669.295,45.35162381,-75.94557856,5311
15--149,2015/01/04,2:46 PM,BEARBROOK RD @ CENTREPARK DR N (0003624),3624,03 - At intersection,03 - P.D. only,05 - Turning movement,02 - Rain,01 - Daylight,04 - Slush,02 - Stop sign,01 - Functioning,2,0,0,0,,0,,,,,377786.744,5033369.053,45.43644406,-75.56711991,5312
15--1490,2015/01/23,8:37 AM,CROWNHILL ST @ DUNHAM ST (0008640),8640,03 - At intersection,03 - P.D. only,02 - Angle,01 - Clear,01 - Daylight,02 - Wet,10 - No control,,2,0,0,0,,0,,,,,374683.744,5033415.411,45.43717818,-75.60676937,5313
15--14900,2015/12/25,12:09 PM,HERITAGE GLEN DR @ WATTS ST (0005526),5526,03 - At intersection,02 - Non-fatal injury,07 - SMV other,01 - Clear,01 - Daylight,01 - Dry,03 - Yield sign,01 - Functioning,1,0,0,0,01 - Minimal,1,1,,,,365669.4805,5015465.339,45.27650929,-75.72418552,5314
15--14901,2015/12/25,2:00 AM,DONALD ST btwn FRANCES ST & BARNABY PRIV (__3ZA81W),__3ZA81W,01 - Non intersection,03 - P.D. only,06 - SMV unattended vehicle,01 - Clear,07 - Dark,01 - Dry,10 - No control,,1,0,0,0,,0,,,,,371512.1981,5032405.69,45.42840296,-75.64743919,5315
15--14902,2015/12/25,2:08 PM,REGIONAL ROAD 174 btwn HIGHWAY 417 & HWY417 IC113 RAMP65 (__3ZA2YL),__3ZA2YL,01 - Non intersection,02 - Non-fatal injury,07 - SMV other,01 - Clear,01 - Daylight,01 - Dry,10 - No control,,1,0,0,0,01 - Minimal,1,1,,,,373832.9785,5031935.012,45.42394283,-75.6178498,5316
15--14903,2015/12/25,4:12 PM,GREENBANK RD btwn WEST HUNT CLUB RD & FALLOWFIELD RD (__3ZA1NE),__3ZA1NE,01 - Non intersection,01 - Fatal injury,01 - Approaching,01 - Clear,05 - Dusk,01 - Dry,10 - No control,,2,0,0,0,04 - Fatal,3,,,1,2,362289.676,5018557.408,45.3046163,-75.76690096,5317
15--14904,2015/12/25,4:25 PM,FALLOWFIELD RD @ GREENBANK RD (0000549),549,02 - Intersection related,03 - P.D. only,04 - Sideswipe,01 - Clear,05 - Dusk,01 - Dry,01 - Traffic signal,01 - Functioning,2,0,0,0,,0,,,,,363081.3977,5016733.177,45.28813662,-75.7570203,5318
15--14905,2015/12/25,5:16 PM,CEDARVIEW RD @ WEST HUNT CLUB RD (0010267),10267,02 - Intersection related,02 - Non-fatal injury,03 - Rear end,01 - Clear,07 - Dark,01 - Dry,01 - Traffic signal,01 - Functioning,2,0,0,0,01 - Minimal,2,2,,,,359719.3994,5019554.478,45.31379366,-75.7995637,5319
15--14906,2015/12/25,8:03 PM,MCARTHUR AVE @ VANIER PKWY (0004626),4626,02 - Intersection related,03 - P.D. only,04 - Sideswipe,01 - Clear,07 - Dark,01 - Dry,01 - Traffic signal,00 - Unknown,2,0,0,0,,0,,,,,370219.427,5032692.03,45.43110144,-75.66392057,5320
15--14907,2015/12/25,8:22 PM,ST. JOSEPH BLVD @ DUFORD DR/PLACE D'ORLEANS DR (0003629),3629,03 - At intersection,02 - Non-fatal injury,05 - Turning movement,01 - Clear,07 - Dark,01 - Dry,01 - Traffic signal,01 - Functioning,2,0,0,0,02 - Minor,2,,2,,,381996.7355,5037997.31,45.47763314,-75.51259115,5321
15--14908,2015/12/26,1:30 AM,ELGIN ST @ WELLINGTON ST W (0002113),2113,02 - Intersection related,03 - P.D. only,03 - Rear end,01 - Clear,07 - Dark,01 - Dry,01 - Traffic signal,01 - Functioning,2,0,0,0,,0,,,,,367664.7038,5031877.577,45.42400758,-75.69667135,5322
15--14909,2015/12/26,1:41 PM,HOG'S BACK RD btwn COLONEL BY DR & RIVERSIDE DR (__3ZA22W),__3ZA22W,01 - Non intersection,03 - P.D. only,03 - Rear end,01 - Clear,01 - Daylight,01 - Dry,10 - No control,,2,0,0,0,,0,,,,,368061.1247,5026210.622,45.37298229,-75.69233291,5323
15--1491,2015/01/23,8:38 AM,ALBERT ST btwn KENT ST & BANK ST (__3ZA3CA),__3ZA3CA,01 - Non intersection,03 - P.D. only,06 - SMV unattended vehicle,01 - Clear,01 - Daylight,01 - Dry,10 - No control,,1,0,0,0,,0,,,,,367237.2624,5031330.562,45.41912399,-75.70220228,5324
15--14910,2015/12/26,1:47 PM,FINDLAY CREEK DR @ WOODBRIAR WAY (0014172),14172,03 - At intersection,02 - Non-fatal injury,07 - SMV other,01 - Clear,01 - Daylight,01 - Dry,02 - Stop sign,01 - Functioning,1,0,0,0,01 - Minimal,2,2,,,,374477.431,5019491.043,45.31191361,-75.61137056,5325
15--14911,2015/12/26,10:10 AM,STONEHAVEN DR btwn EAGLESON RD & BLUEMEADOW WAY (__3ZACLD),__3ZACLD,04 - At/near private drive,03 - P.D. only,02 - Angle,01 - Clear,01 - Daylight,01 - Dry,10 - No control,,2,0,0,0,,0,,,,,354462.8112,5016656.706,45.28811038,-75.86689162,5326
15--14912,2015/12/26,10:32 AM,RIOCAN AVE @ STRANDHERD DR (0010997),10997,02 - Intersection related,03 - P.D. only,03 - Rear end,01 - Clear,01 - Daylight,01 - Dry,01 - Traffic signal,01 - Functioning,2,0,0,0,,0,,,,,364174.3749,5014943.851,45.27194479,-75.74330213,5327
15--14913,2015/12/26,11:05 AM,CAMPEAU DR @ JOURNEYMAN ST (0016431),16431,02 - Intersection related,03 - P.D. only,04 - Sideswipe,01 - Clear,01 - Daylight,01 - Dry,01 - Traffic signal,01 - Functioning,2,0,0,0,,0,,,,,348792.792,5017828.374,45.29903122,-75.93906618,5328
15--14914,2015/12/26,11:07 AM,HWY 417 WOODROFF IC127R62 @ WOODROFFE AVE (0002349),2349,02 - Intersection related,03 - P.D. only,03 - Rear end,01 - Clear,01 - Daylight,01 - Dry,03 - Yield sign,01 - Functioning,2,0,0,0,,0,,,,,362050.918,5025020.384,45.36278943,-75.76919771,5329
15--14915,2015/12/26,11:45 AM,KENT ST @ MCLEOD ST (0007253),7253,03 - At intersection,03 - P.D. only,05 - Turning movement,01 - Clear,01 - Daylight,01 - Dry,02 - Stop sign,00 - Unknown,2,0,0,0,,0,,,,,367785.9827,5030391.286,45.41062351,-75.69531169,5330
15--14916,2015/12/26,12:41 AM,BASELINE RD @ WOODROFFE AVE (0002225),2225,03 - At intersection,03 - P.D. only,02 - Angle,01 - Clear,07 - Dark,01 - Dry,01 - Traffic signal,01 - Functioning,2,0,0,0,,0,,,,,362549.6902,5023770.505,45.35150222,-75.76297748,5331
15--14917,2015/12/26,3:15 PM,DALY AVE @ NICHOLAS ST (0011451),11451,02 - Intersection related,03 - P.D. only,04 - Sideswipe,01 - Clear,01 - Daylight,01 - Dry,01 - Traffic signal,01 - Functioning,2,0,0,0,,0,,,,,368225.5349,5032046.574,45.42547753,-75.68948362,5332
15--14918,2015/12/26,5:42 PM,INDUSTRIAL AVE btwn TRAINYARDS DR & RUSSELL RD (__3ZA3R9),__3ZA3R9,01 - Non intersection,03 - P.D. only,03 - Rear end,01 - Clear,07 - Dark,01 - Dry,10 - No control,,2,0,0,0,,0,,,,,372191.3604,5030400.131,45.41029275,-75.639035,5333
15--14919,2015/12/26,6:30 PM,FALLOWFIELD RD @ GREENBANK RD (0000549),549,03 - At intersection,03 - P.D. only,05 - Turning movement,01 - Clear,07 - Dark,01 - Dry,01 - Traffic signal,01 - Functioning,2,0,0,0,,0,,,,,363081.3977,5016731.733,45.28812363,-75.75702047,5334
15--1492,2015/01/23,8:50 AM,HIGHWAY 417 btwn HWY417 IC121B RAMP16 & HWY417 IC121A RAMP16 (__3ZA2YX),__3ZA2YX,01 - Non intersection,03 - P.D. only,07 - SMV other,01 - Clear,01 - Daylight,02 - Wet,10 - No control,,1,0,0,0,,0,,,,,366932.7557,5029639.078,45.40393162,-75.70630598,5335
15--14920,2015/12/26,6:38 AM,BRONSON AVE @ CATHERINE ST/RAYMOND ST (0007198),7198,03 - At intersection,02 - Non-fatal injury,02 - Angle,01 - Clear,07 - Dark,01 - Dry,01 - Traffic signal,01 - Functioning,2,0,0,0,02 - Minor,1,,1,,,367253.972,5029796.025,45.4053152,-75.70218323,5336
15--14921,2015/12/26,8:12 PM,ROBERTSON RD btwn HAZELDEAN RD & HAANEL DR (__3ZA41S),__3ZA41S,01 - Non intersection,03 - P.D. only,07 - SMV other,01 - Clear,07 - Dark,01 - Dry,10 - No control,,1,0,0,0,,0,,,,,354858.2616,5019130.505,45.31034205,-75.86160092,5337
15--14922,2015/12/27,1:30 PM,CYRVILLE RD @ MEADOWBROOK RD (0012477),12477,03 - At intersection,03 - P.D. only,02 - Angle,03 - Snow,01 - Daylight,03 - Loose snow,01 - Traffic signal,01 - Functioning,2,0,0,0,,0,,,,,374629.0109,5031241.834,45.41762698,-75.60777703,5338
15--14923,2015/12/27,10:22 AM,RAMSAYVILLE RD btwn RUSSELL RD & RUSSELL RD (__3ZA2CL),__3ZA2CL,06 - Underpass or tunnel,03 - P.D. only,07 - SMV other,03 - Snow,01 - Daylight,04 - Slush,10 - No control,,1,0,0,0,,0,,,,,377932.9962,5026370.086,45.37345636,-75.56628889,5339
15--14924,2015/12/27,2:20 PM,HWY 417 ST.LAURE IC115R51 @ ST. LAURENT BLVD (0002712),2712,02 - Intersection related,02 - Non-fatal injury,03 - Rear end,01 - Clear,01 - Daylight,02 - Wet,01 - Traffic signal,00 - Unknown,2,0,0,0,01 - Minimal,2,2,,,,372530.8739,5031410.696,45.41935257,-75.63455913,5340
15--14925,2015/12/27,2:45 PM,ST. LAURENT BLVD btwn CLAREMONT DR & HEMLOCK RD (__3ZA8PB),__3ZA8PB,01 - Non intersection,03 - P.D. only,06 - SMV unattended vehicle,03 - Snow,01 - Daylight,05 - Packed snow,10 - No control,,1,0,0,0,,0,,,,,371122.6133,5034837.199,45.45031762,-75.65208977,5341
15--14926,2015/12/27,2:54 AM,GREENBANK RD @ BELLMAN DR/BATEMAN DR (0000153),153,03 - At intersection,03 - P.D. only,04 - Sideswipe,03 - Snow,07 - Dark,04 - Slush,01 - Traffic signal,01 - Functioning,2,0,0,0,,0,,,,,361255.9535,5021017.489,45.32683599,-75.77980141,5342
15--14927,2015/12/27,2:56 AM,HUNT CLUB RD btwn TURN LANE & BANK ST (2) (__3ZA3HT),__3ZA3HT,01 - Non intersection,03 - P.D. only,03 - Rear end,03 - Snow,07 - Dark,03 - Loose snow,10 - No control,,2,0,0,0,,0,,,,,371584.1878,5024082.788,45.35350987,-75.64764572,5343
15--14928,2015/12/27,3:09 AM,REGIONAL ROAD 174 btwn TRANSIT & OR174 IC105 RAMP51 (__3ZA28H),__3ZA28H,01 - Non intersection,03 - P.D. only,07 - SMV other,04 - Freezing Rain,07 - Dark,04 - Slush,10 - No control,,1,0,0,0,,0,,,,,376681.1256,5035385.865,45.45470458,-75.5809549,5344
15--14929,2015/12/27,3:28 AM,BOOTH ST @ LOUISA ST (0006503),6503,03 - At intersection,03 - P.D. only,02 - Angle,03 - Snow,07 - Dark,04 - Slush,02 - Stop sign,01 - Functioning,2,0,0,0,,0,,,,,366801.983,5029771.286,45.40513279,-75.70795971,5345
15--1493,2015/01/23,9:00 PM,LUCILLE WAY btwn MARKWICK CRES & MARKWICK CRES (__30LP4P),__30LP4P,01 - Non intersection,03 - P.D. only,06 - SMV unattended vehicle,01 - Clear,07 - Dark,05 - Packed snow,10 - No control,,1,0,0,0,,0,,,,,385830.5437,5036810.428,45.46652037,-75.46375725,5346
15--14930,2015/12/27,3:30 AM,INNES RD @ PEPIN CRT (0012473),12473,02 - Intersection related,03 - P.D. only,07 - SMV other,04 - Freezing Rain,07 - Dark,04 - Slush,02 - Stop sign,00 - Unknown,1,0,0,0,,0,,,,,377206.0167,5032352.275,45.42735611,-75.57469101,5347
15--14931,2015/12/27,5:03 PM,ISABELLA ST/HWY417 IC119AR75 @ METCALFE ST (0011380),11380,02 - Intersection related,03 - P.D. only,04 - Sideswipe,01 - Clear,07 - Dark,02 - Wet,01 - Traffic signal,01 - Functioning,2,0,0,0,,0,,,,,368448.7065,5030399.565,45.41063804,-75.68684474,5348
15--14932,2015/12/27,5:48 PM,CAMPEAU DR @ TERRY FOX DR (0008211),8211,03 - At intersection,03 - P.D. only,01 - Approaching,01 - Clear,07 - Dark,02 - Wet,01 - Traffic signal,01 - Functioning,2,0,0,0,,0,,,,,350455.6007,5019010.455,45.30956183,-75.9177566,5349
15--14933,2015/12/27,5:55 PM,MANOTICK STATION RD btwn GOUGH RD & ELKWOOD DR (__3ZA6M1),__3ZA6M1,01 - Non intersection,02 - Non-fatal injury,07 - SMV other,01 - Clear,07 - Dark,01 - Dry,10 - No control,,1,0,0,0,02 - Minor,1,,1,,,374452.3033,5011206.398,45.23737327,-75.61285327,5350
15--14934,2015/12/27,6:18 PM,KING EDWARD AVE @ RIDEAU ST (0002121),2121,02 - Intersection related,02 - Non-fatal injury,03 - Rear end,04 - Freezing Rain,07 - Dark,06 - Ice,01 - Traffic signal,01 - Functioning,2,0,0,0,02 - Minor,1,,1,,,368511.7072,5032412.867,45.4287473,-75.6857796,5351
15--14935,2015/12/27,6:43 PM,STRANDHERD DR btwn CLARIDGE DR & BEATRICE DR (__3ZAZIB),__3ZAZIB,01 - Non intersection,03 - P.D. only,04 - Sideswipe,04 - Freezing Rain,07 - Dark,02 - Wet,10 - No control,,2,0,0,0,,0,,,,,365430.6261,5015354.695,45.27553436,-75.72724308,5352
15--14936,2015/12/27,7:09 PM,MANOTICK STATION RD btwn DEERMEADOW DR & NICK ADAMS RD (__3ZA6LN),__3ZA6LN,01 - Non intersection,03 - P.D. only,07 - SMV other,01 - Clear,07 - Dark,01 - Dry,10 - No control,,1,0,0,0,,0,,,,,375077.999,5009744.167,45.22415429,-75.6050914,5353
15--14937,2015/12/27,8:45 PM,MCARTHUR AVE btwn BRANT ST & BELISLE ST (__3ZA3WC),__3ZA3WC,01 - Non intersection,03 - P.D. only,07 - SMV other,01 - Clear,07 - Dark,02 - Wet,10 - No control,,1,0,0,0,,0,,,,,371274.9939,5032807.743,45.43204304,-75.65041598,5354
15--14938,2015/12/27,9:37 AM,THAMES ST @ ARCHIBALD ST (0006169),6169,02 - Intersection related,03 - P.D. only,07 - SMV other,02 - Rain,01 - Daylight,03 - Loose snow,02 - Stop sign,01 - Functioning,1,0,0,0,,0,,,,,364716.1878,5027410.592,45.38407339,-75.73488883,5355
15--14939,2015/12/27,9:41 AM,HWY 417 RR 174 IC113R67 @ REGIONAL RD 174 (0012397),12397,02 - Intersection related,02 - Non-fatal injury,07 - SMV other,03 - Snow,01 - Daylight,02 - Wet,10 - No control,,1,0,0,0,02 - Minor,1,,1,,,373479.269,5031864.543,45.42334361,-75.62237903,5356
15--1494,2015/01/23,9:05 PM,PRESTONE DR btwn CENTRUM BLVD & ST. JOSEPH BLVD (__3ZA47G),__3ZA47G,04 - At/near private drive,03 - P.D. only,05 - Turning movement,01 - Clear,07 - Dark,01 - Dry,10 - No control,,2,0,0,0,,0,,,,,382308.4471,5038291.243,45.48024316,-75.50855833,5357
15--14940,2015/12/28,1:18 PM,GREENBANK RD @ BELLMAN DR/BATEMAN DR (0000153),153,02 - Intersection related,03 - P.D. only,03 - Rear end,01 - Clear,01 - Daylight,05 - Packed snow,01 - Traffic signal,01 - Functioning,2,0,0,0,,0,,,,,361255.9535,5021017.489,45.32683599,-75.77980141,5358
15--1650,2015/01/27,3:00 AM,ANDERSON RD btwn RUSSELL RD & HWY417 IC104 RAMP61 (__3ZA2CK),__3ZA2CK,01 - Non intersection,03 - P.D. only,07 - SMV other,01 - Clear,07 - Dark,02 - Wet,10 - No control,,1,0,0,0,,0,,,,,379806.7255,5026560.494,45.37497148,-75.54234082,5359
15--14590,2015/12/17,2:31 PM,GRENON AVE @ RICHMOND RD (0002741),2741,03 - At intersection,03 - P.D. only,05 - Turning movement,01 - Clear,01 - Daylight,01 - Dry,01 - Traffic signal,01 - Functioning,2,0,0,0,,0,,,,,359805.2265,5024032.788,45.35408287,-75.79797144,5360
15--1504,2015/01/24,Unknown,ROLLING MEADOW CRES btwn ESTERBROOK DR S & KNOTRIDGE ST (__67PTLL),__67PTLL,01 - Non intersection,03 - P.D. only,06 - SMV unattended vehicle,03 - Snow,07 - Dark,05 - Packed snow,10 - No control,,1,0,0,0,,0,,,,,381877.0206,5032530.258,45.42845834,-75.51497891,5361
15--1495,2015/01/23,9:10 PM,BRONSON AVE @ GLADSTONE AVE (0002110),2110,02 - Intersection related,03 - P.D. only,04 - Sideswipe,01 - Clear,07 - Dark,02 - Wet,01 - Traffic signal,01 - Functioning,2,0,0,0,,0,,,,,367133.7017,5030081.082,45.40789078,-75.70368343,5362
15--156,2015/01/04,5:20 PM,HIGHWAY 7 btwn HWY 7 HAZELDEAN RD IC RAMP 52 & HAZELDEAN RD IC RAMP 62 (__7JQ7JA),__7JQ7JA,01 - Non intersection,03 - P.D. only,07 - SMV other,04 - Freezing Rain,05 - Dusk,06 - Ice,10 - No control,,1,0,0,0,,0,,,,,346376.7896,5012803.24,45.25396017,-75.97029114,5363
15--1560,2015/01/26,10:16 AM,CAMPEAU DR @ TERRY FOX DR (0008211),8211,03 - At intersection,02 - Non-fatal injury,05 - Turning movement,01 - Clear,01 - Daylight,01 - Dry,01 - Traffic signal,01 - Functioning,2,0,0,0,02 - Minor,1,,1,,,350455.6007,5019010.937,45.30956616,-75.91775655,5364
15--14680,2015/12/19,2:30 PM,LYNHAR RD btwn STAFFORD RD & VIRGIL RD (__3ZABRQ),__3ZABRQ,04 - At/near private drive,03 - P.D. only,02 - Angle,01 - Clear,01 - Daylight,01 - Dry,10 - No control,,2,0,0,0,,0,,,,,358152.4254,5021054.136,45.32740851,-75.81938573,5365
15--14591,2015/12/17,2:43 PM,KING EDWARD AVE @ ST. PATRICK ST (0002714),2714,03 - At intersection,02 - Non-fatal injury,02 - Angle,01 - Clear,01 - Daylight,01 - Dry,01 - Traffic signal,01 - Functioning,2,0,0,0,01 - Minimal,1,1,,,,368249.4233,5032822.145,45.43245368,-75.68907845,5366
15--1651,2015/01/27,3:20 PM,HIGHWAY 417 btwn HWY417 IC119B RAMP57 & HWY417 IC119A RAMP75 (__3ZA1QN),__3ZA1QN,01 - Non intersection,03 - P.D. only,04 - Sideswipe,01 - Clear,01 - Daylight,01 - Dry,10 - No control,,2,0,0,0,,0,,,,,368422.2864,5030422.472,45.41084655,-75.68717928,5367
15--1561,2015/01/26,10:21 AM,EAGLESON RD @ 146 N OF ABBEYHILL DR/HAZELDEAN  (0011577),11577,02 - Intersection related,03 - P.D. only,03 - Rear end,01 - Clear,01 - Daylight,01 - Dry,01 - Traffic signal,01 - Functioning,2,0,0,0,,0,,,,,353774.2554,5018171.573,45.30178981,-75.8755193,5368
15--14950,2015/12/28,2:01 PM,BELLEVIEW DR btwn VANSTONE DR & PINEVIEW RD (__31BXWF),__31BXWF,04 - At/near private drive,03 - P.D. only,06 - SMV unattended vehicle,01 - Clear,01 - Daylight,03 - Loose snow,10 - No control,,1,0,0,0,,0,,,,,352888.2113,5018991.58,45.30922963,-75.88673722,5369
15--14681,2015/12/19,2:36 PM,CEDAROCK DR @ STONEHAVEN DR (0003166),3166,02 - Intersection related,03 - P.D. only,05 - Turning movement,01 - Clear,01 - Daylight,01 - Dry,02 - Stop sign,01 - Functioning,2,0,0,0,,0,,,,,354727.845,5016855.808,45.28988316,-75.8634931,5370
15--15040,2015/12/31,1:11 PM,REGIONAL ROAD 174 btwn OR174 IC109 RAMP54 & OR174 IC109 RAMP55 (__3ZA28X),__3ZA28X,01 - Non intersection,03 - P.D. only,99 - Other,01 - Clear,01 - Daylight,01 - Dry,10 - No control,,2,0,0,0,,0,,,,,376447.0301,5034933.719,45.4506605,-75.58401343,5371
15--14592,2015/12/17,3:00 PM,KING EDWARD AVE @ LAURIER AVE (0002170),2170,02 - Intersection related,03 - P.D. only,04 - Sideswipe,02 - Rain,01 - Daylight,02 - Wet,01 - Traffic signal,01 - Functioning,2,0,0,0,,0,,,,,368739.7072,5032035.305,45.42532933,-75.68291513,5372
15--1652,2015/01/27,3:32 AM,HEMLOCK RD btwn BEECHWOOD AVE & LANSDOWNE RD S (__3ZA1HP),__3ZA1HP,01 - Non intersection,03 - P.D. only,07 - SMV other,01 - Clear,07 - Dark,01 - Dry,10 - No control,,1,0,0,0,,0,,,,,369817.5399,5034462.881,45.4470723,-75.66882234,5373
15--14761,2015/12/21,7:02 PM,DU GRAND BOIS AVE @ INNES RD (0004107),4107,02 - Intersection related,03 - P.D. only,03 - Rear end,02 - Rain,07 - Dark,02 - Wet,02 - Stop sign,01 - Functioning,2,0,0,0,,0,,,,,383109.4341,5035762.554,45.45740289,-75.49871708,5374
15--1562,2015/01/26,10:41 AM,BANK ST @ RIVERSIDE DR N (0010778),10778,02 - Intersection related,03 - P.D. only,03 - Rear end,01 - Clear,01 - Daylight,06 - Ice,01 - Traffic signal,01 - Functioning,2,0,0,0,,0,,,,,369225.7159,5027982.1,45.3888154,-75.67723471,5375
15--1563,2015/01/26,10:51 PM,RAMSAYVILLE RD btwn LEITRIM RD & EIGHTH LINE RD (__3ZBO27),__3ZBO27,01 - Non intersection,03 - P.D. only,07 - SMV other,01 - Clear,07 - Dark,01 - Dry,10 - No control,,1,0,0,0,,0,,,,,379134.6885,5022860.102,45.3417491,-75.55147644,5376
15--1564,2015/01/26,11:02 PM,BELCOURT BLVD btwn BEAUSEJOUR DR & BELVAL CRES (__3ZA6DX),__3ZA6DX,01 - Non intersection,03 - P.D. only,07 - SMV other,04 - Freezing Rain,07 - Dark,06 - Ice,10 - No control,,1,0,0,0,,0,,,,,381758.0812,5036162.433,45.46115081,-75.51593063,5377
15--1565,2015/01/26,11:23 AM,ST. LAURENT BLVD @ COVENTRY RD/OGILVIE RD (0002151),2151,02 - Intersection related,03 - P.D. only,03 - Rear end,01 - Clear,01 - Daylight,06 - Ice,01 - Traffic signal,01 - Functioning,2,0,0,0,,0,,,,,372305.7195,5031949.165,45.42421923,-75.63736196,5378
15--1566,2015/01/26,11:27 AM,FISHER AVE @ MEADOWLANDS DR (0002120),2120,02 - Intersection related,03 - P.D. only,03 - Rear end,01 - Clear,01 - Daylight,01 - Dry,01 - Traffic signal,01 - Functioning,2,0,0,0,,0,,,,,366574.101,5025044,45.36261793,-75.71146207,5379
15--1567,2015/01/26,11:45 AM,ALTA VISTA DR btwn AYERS AVE & RIDGEMONT AVE (__3ZBORT),__3ZBORT,01 - Non intersection,03 - P.D. only,03 - Rear end,01 - Clear,01 - Daylight,02 - Wet,10 - No control,,2,0,0,0,,0,,,,,370524.8859,5026515.923,45.37550254,-75.66084029,5380
15--1568,2015/01/26,11:45 AM,BASELINE RD @ WOODROFFE AVE (0002225),2225,02 - Intersection related,03 - P.D. only,03 - Rear end,01 - Clear,01 - Daylight,01 - Dry,01 - Traffic signal,01 - Functioning,2,0,0,0,,0,,,,,362550.6541,5023769.059,45.35148913,-75.76296535,5381
15--1569,2015/01/26,12:17 PM,BANK ST @ ECHO DR (0007711),7711,02 - Intersection related,03 - P.D. only,03 - Rear end,01 - Clear,01 - Daylight,06 - Ice,02 - Stop sign,01 - Functioning,2,0,0,0,,0,,,,,368661.7111,5028759.064,45.39585794,-75.68433618,5382
15--157,2015/01/04,5:34 PM,CALDWELL AVE @ MERIVALE RD (0011432),11432,03 - At intersection,03 - P.D. only,07 - SMV other,03 - Snow,05 - Dusk,04 - Slush,01 - Traffic signal,01 - Functioning,1,0,0,0,,0,,,,,364906.4341,5026230.894,45.37344238,-75.73260327,5383
15--1570,2015/01/26,12:42 PM,BEECH ST @ PRESTON ST (0006160),6160,02 - Intersection related,03 - P.D. only,99 - Other,01 - Clear,01 - Daylight,01 - Dry,01 - Traffic signal,01 - Functioning,2,0,0,0,,0,,,,,366686.624,5029270.038,45.4006329,-75.70949612,5384
15--1571,2015/01/26,12:49 PM,ELGIN ST @ LAURIER AVE (0002232),2232,02 - Intersection related,03 - P.D. only,04 - Sideswipe,01 - Clear,01 - Daylight,01 - Dry,01 - Traffic signal,00 - Unknown,2,0,0,0,,0,,,,,367949.6738,5031549.094,45.42102633,-75.69307227,5385
15--1572,2015/01/26,2:01 AM,HERON RD @ WALKLEY RD (0011256),11256,02 - Intersection related,03 - P.D. only,03 - Rear end,01 - Clear,07 - Dark,03 - Loose snow,01 - Traffic signal,01 - Functioning,2,0,0,0,,0,,,,,372267.1751,5027082.009,45.38043037,-75.63852031,5386
15--1573,2015/01/26,2:02 PM,CASTLEFRANK RD @ PARSONS RIDGE RD (0003522),3522,02 - Intersection related,03 - P.D. only,03 - Rear end,01 - Clear,01 - Daylight,01 - Dry,02 - Stop sign,00 - Unknown,2,0,0,0,,0,,,,,352228.5757,5018247.943,45.30258306,-75.89522015,5387