Anom_ID,Accident_Date,Accident_Time,Location,Geo_ID,Accident_Location,Classification_of_Accident,Initial_Impact_Type,Environment_Condition,Light,Road_Surface_Condition,Traffic_Control,Traffic_Control_Condition,No__of_Vehicles,No__of_Bicycles,No__of_Motorcycles,No__of_Pedestrians,Max_Injury,No__of_Injuries,No__of_Minimal,No__of_Minor,No__of_Major,No__of_Fatal,X,Y,Latitude,Longitude,ObjectId
15--1574,2015/01/26,2:09 PM,PALLADIUM DR @ SILVER SEVEN RD (0011839),11839,03 - At intersection,03 - P.D. only,05 - Turning movement,01 - Clear,01 - Daylight,01 - Dry,01 - Traffic signal,01 - Functioning,2,0,0,0,,0,,,,,351050.6438,5017887.929,45.2994221,-75.91027318,5388
15--1575,2015/01/26,2:18 PM,ST. LAURENT BLVD btwn JOLIFFE ST & SUSAN ST (__3ZA731),__3ZA731,01 - Non intersection,03 - P.D. only,03 - Rear end,01 - Clear,01 - Daylight,01 - Dry,10 - No control,,2,0,0,0,,0,,,,,373769.2452,5028372.663,45.39189683,-75.61916248,5389
15--1576,2015/01/26,2:27 PM,NELSON ST @ SOMERSET ST (0007312),7312,03 - At intersection,02 - Non-fatal injury,02 - Angle,01 - Clear,01 - Daylight,01 - Dry,02 - Stop sign,01 - Functioning,2,0,0,0,01 - Minimal,1,1,,,,369095.6705,5031762.058,45.42283812,-75.67840241,5390
15--1577,2015/01/26,2:30 AM,HIGHWAY 417 btwn HWY417 IC134 RAMP61 & HWY417 IC131 RAMP66 (__3ZA297),__3ZA297,01 - Non intersection,03 - P.D. only,07 - SMV other,03 - Snow,07 - Dark,02 - Wet,10 - No control,,1,0,0,0,,0,,,,,357337.1754,5022672.849,45.34203532,-75.82961328,5391
15--1578,2015/01/26,2:35 PM,AIRPORT PKWY @ HUNT CLUB RD (0010856),10856,02 - Intersection related,03 - P.D. only,03 - Rear end,01 - Clear,01 - Daylight,01 - Dry,01 - Traffic signal,01 - Functioning,2,0,0,0,,0,,,,,371017.5641,5023702.516,45.35014204,-75.65492756,5392
15--1579,2015/01/26,2:36 PM,HINCHEY AVE @ SCOTT ST (0006481),6481,03 - At intersection,03 - P.D. only,02 - Angle,01 - Clear,01 - Daylight,01 - Dry,02 - Stop sign,01 - Functioning,2,0,0,0,,0,,,,,365087.994,5029807.336,45.40560688,-75.72984852,5393
15--158,2015/01/04,5:34 PM,HOBART CRES btwn ESTELLE CRES & JANSEN RD (2) (__3ZABQU),__3ZABQU,04 - At/near private drive,03 - P.D. only,06 - SMV unattended vehicle,04 - Freezing Rain,05 - Dusk,06 - Ice,10 - No control,,1,0,0,0,,0,,,,,360146.9798,5021006.239,45.32682308,-75.79394856,5394
15--1580,2015/01/26,2:42 PM,HIGHWAY 417 btwn HWY417 IC117 RAMP26 & HWY417 IC117 RAMP61 (__3ZA2YM),__3ZA2YM,01 - Non intersection,03 - P.D. only,03 - Rear end,01 - Clear,01 - Daylight,01 - Dry,10 - No control,,2,0,0,0,,0,,,,,370995.5799,5031303.995,45.41853947,-75.65418872,5395
15--1581,2015/01/26,2:53 PM,CHAPMAN MILLS DR @ LEAMINGTON WAY/MANCINI WAY (0011133),11133,02 - Intersection related,03 - P.D. only,03 - Rear end,01 - Clear,01 - Daylight,01 - Dry,02 - Stop sign,01 - Functioning,2,0,0,0,,0,,,,,365047.2924,5014686.577,45.2695556,-75.73220942,5396
15--1582,2015/01/26,3:04 AM,ELGIN ST @ SLATER ST (0002228),2228,03 - At intersection,03 - P.D. only,07 - SMV other,01 - Clear,07 - Dark,01 - Dry,01 - Traffic signal,01 - Functioning,1,0,0,0,,0,,,,,367889.7438,5031646.093,45.42190451,-75.69382556,5397
15--1583,2015/01/26,3:25 PM,FALLOWFIELD RD @ GREENBANK RD (0000549),549,02 - Intersection related,03 - P.D. only,03 - Rear end,01 - Clear,01 - Daylight,01 - Dry,01 - Traffic signal,01 - Functioning,2,0,0,0,,0,,,,,363080.6757,5016732.937,45.28813452,-75.75702953,5398
15--1584,2015/01/26,3:33 PM,CARLING AVE @ MAITLAND AVE/SHERBOURNE RD (0002641),2641,02 - Intersection related,03 - P.D. only,03 - Rear end,01 - Clear,01 - Daylight,04 - Slush,01 - Traffic signal,01 - Functioning,2,0,0,0,,0,,,,,362943.6618,5026488.045,45.3759218,-75.75763014,5399
15--1585,2015/01/26,4:00 PM,ST. PATRICK ST @ SUSSEX DR (0011910),11910,02 - Intersection related,03 - P.D. only,03 - Rear end,01 - Clear,05 - Dusk,01 - Dry,01 - Traffic signal,01 - Functioning,2,0,0,0,,0,,,,,367667.8782,5032461.882,45.42926468,-75.6965562,5400
15--1586,2015/01/26,4:00 PM,HUNT CLUB RD @ HWY417 HUNT CLUB IC109 RAMP52 (0017210),17210,02 - Intersection related,03 - P.D. only,03 - Rear end,01 - Clear,01 - Daylight,01 - Dry,02 - Stop sign,01 - Functioning,2,0,0,0,,0,,,,,376416.5641,5027444.644,45.38328129,-75.58549128,5401
15--1587,2015/01/26,4:09 PM,DUMAURIER AVE btwn ALENMEDE CRES & RAMSEY CRES (__3ZBOIH),__3ZBOIH,01 - Non intersection,03 - P.D. only,04 - Sideswipe,01 - Clear,01 - Daylight,01 - Dry,10 - No control,,2,0,0,0,,0,,,,,360014.8996,5023269.624,45.34719945,-75.79538081,5402
15--1588,2015/01/26,4:23 PM,GREENBANK RD @ LARKIN DR (0001101),1101,02 - Intersection related,03 - P.D. only,03 - Rear end,01 - Clear,01 - Daylight,06 - Ice,01 - Traffic signal,01 - Functioning,2,0,0,0,,0,,,,,363176.6779,5016506.935,45.28609299,-75.75583237,5403
15--1589,2015/01/26,4:30 PM,HUNT CLUB RD @ HWY417 HUNT CLUB IC109 RAMP52 (0017210),17210,02 - Intersection related,03 - P.D. only,03 - Rear end,01 - Clear,05 - Dusk,01 - Dry,02 - Stop sign,00 - Unknown,2,0,0,0,,0,,,,,376416.5641,5027444.644,45.38328129,-75.58549128,5404
15--159,2015/01/04,5:40 PM,BASELINE RD/HERON RD @ PRINCE OF WALES DR (0002345),2345,03 - At intersection,02 - Non-fatal injury,05 - Turning movement,01 - Clear,07 - Dark,02 - Wet,01 - Traffic signal,01 - Functioning,3,0,0,0,02 - Minor,2,,2,,,366873.7065,5026437.087,45.37512615,-75.70746298,5405
15--1590,2015/01/26,4:42 PM,CATHERINE ST @ LYON ST/HWY 417 LYON IC120BR36 (0002254),2254,03 - At intersection,03 - P.D. only,02 - Angle,01 - Clear,05 - Dusk,01 - Dry,01 - Traffic signal,01 - Functioning,2,0,0,0,,0,,,,,367747.7066,5030091.119,45.40792614,-75.69583898,5406
15--1591,2015/01/26,4:45 PM,HIGHWAY 417 btwn HWY417 IC126 RAMP61 & HWY417 IC124 RAMP76 (__3ZA2Y2),__3ZA2Y2,01 - Non intersection,03 - P.D. only,03 - Rear end,01 - Clear,05 - Dusk,01 - Dry,10 - No control,,3,0,0,0,,0,,,,,364018.992,5027001.706,45.38045358,-75.74384007,5407
15--1592,2015/01/26,5:10 PM,BLAIR RD @ INNES RD (0004165),4165,02 - Intersection related,03 - P.D. only,03 - Rear end,01 - Clear,05 - Dusk,01 - Dry,01 - Traffic signal,00 - Unknown,3,0,0,0,,0,,,,,375578.9759,5031439.435,45.41930943,-75.59561222,5408
15--1593,2015/01/26,5:13 PM,WELLINGTON ST btwn LYON ST N & KENT ST (__3ZA4TE),__3ZA4TE,01 - Non intersection,03 - P.D. only,01 - Approaching,01 - Clear,05 - Dusk,01 - Dry,10 - No control,,2,0,0,0,,0,,,,,367021.7765,5031480.22,45.42048977,-75.7049365,5409
15--1594,2015/01/26,5:15 PM,MARCOUX DR btwn BROCK PL & LOUISBOURG CRES (__3ZA6SO),__3ZA6SO,01 - Non intersection,03 - P.D. only,06 - SMV unattended vehicle,01 - Clear,05 - Dusk,04 - Slush,10 - No control,,1,0,0,0,,0,,,,,382591.1939,5036782.108,45.46663385,-75.50518109,5410
15--1595,2015/01/26,5:15 PM,BILLINGS BRIDGESC RAMP NB @ RIVERSIDE DR WB (0008841),8841,03 - At intersection,03 - P.D. only,02 - Angle,01 - Clear,05 - Dusk,01 - Dry,03 - Yield sign,01 - Functioning,2,0,0,0,,0,,,,,369023.0801,5027794.649,45.38714739,-75.67984665,5411
15--1596,2015/01/26,5:33 PM,PALLADIUM DR @ SILVER SEVEN RD (0011839),11839,02 - Intersection related,03 - P.D. only,03 - Rear end,01 - Clear,05 - Dusk,01 - Dry,01 - Traffic signal,01 - Functioning,2,0,0,0,,0,,,,,351051.6077,5017887.929,45.29942204,-75.91026089,5412
15--1597,2015/01/26,5:40 PM,WEST HUNT CLUB RD @ WOODROFFE AVE (0000576),576,02 - Intersection related,03 - P.D. only,03 - Rear end,01 - Clear,07 - Dark,01 - Dry,01 - Traffic signal,01 - Functioning,2,0,0,0,,0,,,,,363670.691,5021246.007,45.32869379,-75.74897247,5413
15--1598,2015/01/26,5:50 PM,FERNBANK RD @ LIARD ST (0000296),296,02 - Intersection related,03 - P.D. only,03 - Rear end,01 - Clear,07 - Dark,01 - Dry,02 - Stop sign,01 - Functioning,2,0,0,0,,0,,,,,351492.8327,5012637.628,45.25214905,-75.90512911,5414
15--1599,2015/01/26,6:33 PM,BANK ST @ SOMERSET ST (0010858),10858,03 - At intersection,03 - P.D. only,05 - Turning movement,01 - Clear,07 - Dark,01 - Dry,01 - Traffic signal,01 - Functioning,2,0,0,0,,0,,,,,367695.6668,5030917.01,45.41536193,-75.69639834,5415
15--16,2015/01/01,5:25 PM,HIGHWAY 417 btwn RAMP & HWY417 IC88 RAMP51 (__3ZA2W2),__3ZA2W2,01 - Non intersection,03 - P.D. only,07 - SMV other,03 - Snow,05 - Dusk,06 - Ice,10 - No control,,1,0,0,0,,0,,,,,392264.0668,5022897.817,45.34057442,-75.38396616,5416
15--160,2015/01/04,6:18 PM,THORNDALE DR @ WALKLEY RD (0007182),7182,02 - Intersection related,02 - Non-fatal injury,03 - Rear end,03 - Snow,07 - Dark,03 - Loose snow,02 - Stop sign,00 - Unknown,3,0,0,0,02 - Minor,2,,2,,,369464.7603,5025431.043,45.36583974,-75.67451632,5417
15--1600,2015/01/26,6:38 PM,BELGREEN DR @ STEVENAGE DR (0008689),8689,02 - Intersection related,03 - P.D. only,02 - Angle,01 - Clear,07 - Dark,06 - Ice,02 - Stop sign,01 - Functioning,2,0,0,0,,0,,,,,375619.7538,5027234.084,45.38146779,-75.59569508,5418
15--1601,2015/01/26,6:50 AM,HIGHWAY 417 btwn HWY417 IC127 RAMP25 & HWY417 IC126 RAMP51 (__3ZA2XA),__3ZA2XA,01 - Non intersection,03 - P.D. only,03 - Rear end,01 - Clear,07 - Dark,01 - Dry,10 - No control,,3,0,0,0,,0,,,,,363153.117,5025807.654,45.36978232,-75.75503646,5419
15--1602,2015/01/26,6:54 AM,LONGFIELDS DR @ WOODROFFE AVE (0000096),96,02 - Intersection related,03 - P.D. only,03 - Rear end,01 - Clear,07 - Dark,06 - Ice,01 - Traffic signal,01 - Functioning,2,0,0,0,,0,,,,,365421.1699,5017106.463,45.29129751,-75.7271496,5420
15--1603,2015/01/26,7:00 PM,INDUSTRIAL AVE @ RUSSELL RD (0007732),7732,03 - At intersection,03 - P.D. only,05 - Turning movement,01 - Clear,07 - Dark,01 - Dry,01 - Traffic signal,01 - Functioning,2,0,0,0,,0,,,,,372467.8668,5030283.946,45.40922069,-75.63551882,5421
15--1604,2015/01/26,7:15 PM,WOODROFFE AVE @ QUEENSBURY DR/RIDEAUCREST DR (0000043),43,03 - At intersection,02 - Non-fatal injury,05 - Turning movement,01 - Clear,07 - Dark,01 - Dry,01 - Traffic signal,01 - Functioning,2,0,0,0,02 - Minor,3,,3,,,365727.7015,5016328.928,45.28427479,-75.72333752,5422
15--1605,2015/01/26,7:19 AM,INDUSTRIAL AVE @ ALTA VISTA DR/SANDFORD FLEMIN (0006979),6979,02 - Intersection related,03 - P.D. only,03 - Rear end,01 - Clear,03 - Dawn,06 - Ice,01 - Traffic signal,01 - Functioning,2,0,0,0,,0,,,,,370885.6877,5030557.088,45.41182949,-75.65569287,5423
15--1606,2015/01/26,7:40 AM,OTTAWA RIVER PKWY @ WOODROFFE AVE (0002637),2637,02 - Intersection related,03 - P.D. only,03 - Rear end,01 - Clear,03 - Dawn,01 - Dry,02 - Stop sign,01 - Functioning,2,0,0,0,,0,,,,,361427.6455,5027001.091,45.3806623,-75.77692601,5424
15--1607,2015/01/26,7:44 AM,COLONNADE RD @ MERIVALE RD (0004569),4569,02 - Intersection related,03 - P.D. only,03 - Rear end,01 - Clear,03 - Dawn,01 - Dry,01 - Traffic signal,01 - Functioning,2,0,0,0,,0,,,,,365361.7673,5022544.978,45.34023789,-75.72724199,5425
15--1608,2015/01/26,7:53 AM,CARLING AVE @ ROSEVIEW AVE (0002644),2644,03 - At intersection,03 - P.D. only,02 - Angle,01 - Clear,03 - Dawn,01 - Dry,02 - Stop sign,01 - Functioning,2,0,0,0,,0,,,,,359357.3831,5024199.423,45.35561724,-75.80366842,5426
15--1609,2015/01/26,8:03 AM,PRESTON ST @ ELM ST (0005112),5112,02 - Intersection related,03 - P.D. only,03 - Rear end,01 - Clear,01 - Daylight,06 - Ice,01 - Traffic signal,01 - Functioning,2,0,0,0,,0,,,,,366245.7042,5030274.045,45.40970553,-75.71500252,5427
15--161,2015/01/04,6:28 PM,GREENBANK RD btwn WEST HUNT CLUB RD & FALLOWFIELD RD (__3ZA1NE),__3ZA1NE,01 - Non intersection,03 - P.D. only,99 - Other,01 - Clear,07 - Dark,02 - Wet,10 - No control,,2,0,0,0,,0,,,,,362253.71,5018601.542,45.30501636,-75.76735444,5428
15--1610,2015/01/26,8:20 AM,GREENBANK RD @ IRIS ST/HWY 417 IC129 RAMP51 (0009073),9073,02 - Intersection related,03 - P.D. only,03 - Rear end,01 - Clear,01 - Daylight,06 - Ice,01 - Traffic signal,01 - Functioning,2,0,0,0,,0,,,,,360530.3451,5023312.976,45.34754876,-75.78879863,5429
15--1611,2015/01/26,8:20 AM,EAGLESON RD btwn PALOMINO DR & ROTHESAY DR (__3ZA41K),__3ZA41K,01 - Non intersection,03 - P.D. only,03 - Rear end,01 - Clear,01 - Daylight,01 - Dry,10 - No control,,2,0,0,0,,0,,,,,354043.363,5017489.254,45.29563134,-75.87215582,5430
15--1612,2015/01/26,8:29 AM,EAGLE LANE btwn BEAVER RDG & MEADOWLANDS DR E (__3ZAA0M),__3ZAA0M,01 - Non intersection,03 - P.D. only,06 - SMV unattended vehicle,01 - Clear,01 - Daylight,01 - Dry,10 - No control,,1,0,0,0,,0,,,,,365271.8755,5024431.292,45.35721843,-75.72815824,5431
15--1613,2015/01/26,8:30 AM,WOODCLIFFE PRIV @ JEANNE D'ARC BLVD (0012420),12420,02 - Intersection related,03 - P.D. only,03 - Rear end,01 - Clear,01 - Daylight,01 - Dry,02 - Stop sign,00 - Unknown,3,0,0,0,,0,,,,,380105.1579,5036225.845,45.46190147,-75.53705394,5432
15--1614,2015/01/26,8:30 AM,COSTELLO AVE @ MONTEREY DR (0001178),1178,02 - Intersection related,03 - P.D. only,02 - Angle,01 - Clear,01 - Daylight,01 - Dry,02 - Stop sign,01 - Functioning,2,0,0,0,,0,,,,,360007.7079,5022095.011,45.33663084,-75.79560366,5433
15--1615,2015/01/26,8:40 AM,CHARLOTTE ST @ RIDEAU ST (0002622),2622,03 - At intersection,03 - P.D. only,05 - Turning movement,01 - Clear,01 - Daylight,01 - Dry,01 - Traffic signal,01 - Functioning,2,0,0,0,,0,,,,,369248.7451,5032861.038,45.43271224,-75.67630275,5434
15--1616,2015/01/26,8:42 AM,WINDHURST DR btwn STONEWAY DR & STONEPOINTE AVE (__3ZA1A5),__3ZA1A5,01 - Non intersection,02 - Non-fatal injury,01 - Approaching,01 - Clear,01 - Daylight,01 - Dry,10 - No control,,2,0,0,0,02 - Minor,1,,1,,,366412.3972,5016133.059,45.28245269,-75.71463465,5435
15--1617,2015/01/26,8:42 AM,IRIS ST @ PINECREST SC (0011628),11628,03 - At intersection,03 - P.D. only,02 - Angle,01 - Clear,01 - Daylight,01 - Dry,01 - Traffic signal,01 - Functioning,2,0,0,0,,0,,,,,360639.5543,5023382.382,45.34816459,-75.78739723,5436
15--1618,2015/01/26,8:45 AM,PRINCE OF WALES DR @ FALAISE RD/KOCHAR DR N (0006962),6962,02 - Intersection related,03 - P.D. only,03 - Rear end,01 - Clear,01 - Daylight,01 - Dry,01 - Traffic signal,01 - Functioning,2,0,0,0,,0,,,,,367460.203,5024905.172,45.36129014,-75.70016981,5437
15--1619,2015/01/26,8:50 AM,MCNEELY RD @ RUSSELL RD (0004680),4680,02 - Intersection related,03 - P.D. only,03 - Rear end,05 - Drifting Snow,01 - Daylight,03 - Loose snow,02 - Stop sign,01 - Functioning,2,0,0,0,,0,,,,,394435.8181,5027230.023,45.37927656,-75.35547465,5438
15--162,2015/01/04,6:43 AM,HIGHWAY 417 btwn HWY417 IC122 RAMP51 & HWY417 IC122 RAMP15 (__3ZA2R0),__3ZA2R0,01 - Non intersection,03 - P.D. only,07 - SMV other,04 - Freezing Rain,07 - Dark,05 - Packed snow,10 - No control,,1,0,0,0,,0,,,,,365312.8629,5028861.922,45.39708086,-75.72709219,5439
15--1620,2015/01/26,8:50 AM,NEPEAN ST @ BANK ST (0006938),6938,02 - Intersection related,02 - Non-fatal injury,03 - Rear end,01 - Clear,01 - Daylight,02 - Wet,02 - Stop sign,01 - Functioning,2,0,0,0,01 - Minimal,2,2,,,,367563.669,5031131.166,45.41730069,-75.6980574,5440
15--1621,2015/01/26,8:50 AM,CARLING AVE @ PARKDALE AVE (0008792),8792,02 - Intersection related,03 - P.D. only,03 - Rear end,01 - Clear,01 - Daylight,01 - Dry,01 - Traffic signal,01 - Functioning,3,0,0,0,,0,,,,,365625.0161,5028171.424,45.39084086,-75.72319067,5441
15--1622,2015/01/26,8:52 AM,OTTAWA RIVER PKWY @ RIVER ST/SLIDELL ST (0005099),5099,02 - Intersection related,03 - P.D. only,03 - Rear end,01 - Clear,01 - Daylight,01 - Dry,01 - Traffic signal,01 - Functioning,2,0,0,0,,0,,,,,365157.6673,5030377.091,45.4107274,-75.7288888,5442
15--1623,2015/01/26,8:54 AM,TENTH LINE RD @ TENTH LINE RD (0009412),9412,02 - Intersection related,03 - P.D. only,03 - Rear end,01 - Clear,01 - Daylight,06 - Ice,01 - Traffic signal,01 - Functioning,2,0,0,0,,0,,,,,383531.0956,5037156.36,45.46989572,-75.49310322,5443
15--1624,2015/01/26,8:55 AM,WELLINGTON ST btwn LYON ST N & KENT ST (__3ZA4TE),__3ZA4TE,01 - Non intersection,03 - P.D. only,03 - Rear end,01 - Clear,01 - Daylight,01 - Dry,10 - No control,,2,0,0,0,,0,,,,,367013.3118,5031477.142,45.42046283,-75.70504504,5444
15--1625,2015/01/26,8:56 AM,AVIATION PKWY @ MONTREAL RD (0008799),8799,02 - Intersection related,03 - P.D. only,03 - Rear end,01 - Clear,01 - Daylight,01 - Dry,01 - Traffic signal,01 - Functioning,2,0,0,0,,0,,,,,372146.7166,5034107.137,45.44365095,-75.6390984,5445
15--1626,2015/01/26,9:00 AM,WESTERN AVE @ WELLINGTON ST (0005641),5641,03 - At intersection,03 - P.D. only,03 - Rear end,01 - Clear,01 - Daylight,01 - Dry,01 - Traffic signal,01 - Functioning,2,0,0,0,,0,,,,,364337.6948,5028968.075,45.3981196,-75.73953372,5446
15--1627,2015/01/26,9:05 AM,WOODCLIFFE PRIV @ JEANNE D'ARC BLVD (0012420),12420,02 - Intersection related,03 - P.D. only,03 - Rear end,01 - Clear,01 - Daylight,01 - Dry,02 - Stop sign,00 - Unknown,3,0,0,0,,0,,,,,380107.0857,5036226.809,45.46190994,-75.53702915,5447
15--1628,2015/01/26,9:05 AM,HIGHWAY 417 btwn HWY417 IC117 RAMP36 & HWY417 IC117 RAMP26 (__3ZAZE0),__3ZAZE0,01 - Non intersection,03 - P.D. only,03 - Rear end,01 - Clear,01 - Daylight,01 - Dry,10 - No control,,2,0,0,0,,0,,,,,370449.0095,5031150.926,45.41721371,-75.66119214,5448
15--1629,2015/01/26,9:06 AM,CARLING AVE @ BROADVIEW AVE (0006707),6707,03 - At intersection,03 - P.D. only,02 - Angle,01 - Clear,01 - Daylight,01 - Dry,01 - Traffic signal,01 - Functioning,2,0,0,0,,0,,,,,363181.6505,5026638.421,45.37725507,-75.75457401,5449
15--163,2015/01/04,6:43 AM,HIGHWAY 417 btwn Continuation of HIGHWAY 417 & HWY417 IC134 RAMP51 (__3ZA29B),__3ZA29B,01 - Non intersection,03 - P.D. only,07 - SMV other,04 - Freezing Rain,07 - Dark,05 - Packed snow,10 - No control,,1,0,0,0,,0,,,,,353379.719,5020465.954,45.32246251,-75.88032487,5450
15--1630,2015/01/26,9:10 AM,MONTREAL RD @ DEN HAAG DR/LANG'S RD (0010798),10798,02 - Intersection related,03 - P.D. only,04 - Sideswipe,01 - Clear,01 - Daylight,06 - Ice,01 - Traffic signal,00 - Unknown,2,0,0,0,,0,,,,,372386.718,5034220.138,45.44464452,-75.63601526,5451
15--1631,2015/01/26,9:12 AM,HIGHWAY 417 btwn HIGHWAY 417 & HWY417 IC115 RAMP61 (__3ZA2YH),__3ZA2YH,01 - Non intersection,03 - P.D. only,03 - Rear end,01 - Clear,01 - Daylight,01 - Dry,10 - No control,,2,0,0,0,,0,,,,,372759.7049,5031554.573,45.42062492,-75.6316157,5452
15--1632,2015/01/26,9:13 AM,TENTH LINE RD btwn 275 N OF DES EPINETTES AVE/FALLINGBROOK SC & DES EP (__3ZA3YNB),__3ZA3YNB,01 - Non intersection,03 - P.D. only,03 - Rear end,01 - Clear,01 - Daylight,06 - Ice,10 - No control,,3,0,0,0,,0,,,,,383582.1578,5037039.672,45.46884011,-75.49246899,5453
15--1633,2015/01/26,9:19 AM,TENTH LINE RD btwn 275 N OF DES EPINETTES AVE/FALLINGBROOK SC & DES EP (__3ZA3YNB),__3ZA3YNB,01 - Non intersection,03 - P.D. only,03 - Rear end,01 - Clear,01 - Daylight,01 - Dry,10 - No control,,3,0,0,0,,0,,,,,383634.2281,5036915.396,45.46771611,-75.49182312,5454
15--1634,2015/01/26,9:22 AM,TENTH LINE RD btwn TOMPKINS AVE & CANOTIA PL (__3ZA1TD),__3ZA1TD,01 - Non intersection,03 - P.D. only,03 - Rear end,01 - Clear,01 - Daylight,06 - Ice,10 - No control,,2,0,0,0,,0,,,,,383233.0865,5037838.605,45.47606747,-75.49680498,5455
15--1635,2015/01/26,9:22 PM,SOMERSET ST    W btwn BRONSON AVE & PERCY ST (__3ZA33M),__3ZA33M,04 - At/near private drive,03 - P.D. only,07 - SMV other,01 - Clear,07 - Dark,01 - Dry,10 - No control,,1,0,0,0,,0,,,,,367044.6735,5030524.426,45.41188779,-75.70476468,5456
15--1636,2015/01/26,9:30 AM,AVIATION PKWY @ MONTREAL RD (0008799),8799,03 - At intersection,03 - P.D. only,05 - Turning movement,01 - Clear,01 - Daylight,01 - Dry,01 - Traffic signal,01 - Functioning,2,0,0,0,,0,,,,,372146.7166,5034108.101,45.44365963,-75.63909826,5457
15--1637,2015/01/26,9:40 AM,WOODROFFE AVE btwn FIRESTATION & BASELINE RD (__3ZA34KB),__3ZA34KB,01 - Non intersection,02 - Non-fatal injury,03 - Rear end,01 - Clear,01 - Daylight,01 - Dry,10 - No control,,2,0,0,0,01 - Minimal,1,1,,,,362540.0517,5023789.3,45.35167213,-75.76309829,5458
15--1638,2015/01/26,9:45 AM,HIGHWAY 417 btwn HWY417 IC117 RAMP36 & HWY417 IC117 RAMP26 (__3ZAZE0),__3ZAZE0,01 - Non intersection,03 - P.D. only,03 - Rear end,01 - Clear,01 - Daylight,01 - Dry,10 - No control,,2,0,0,0,,0,,,,,370653.3416,5031175.475,45.41741539,-75.65857836,5459
15--1639,2015/01/27,1:13 PM,MEADOWLANDS DR @ MERIVALE RD (0000625),625,03 - At intersection,02 - Non-fatal injury,05 - Turning movement,01 - Clear,01 - Daylight,01 - Dry,01 - Traffic signal,01 - Functioning,2,0,0,0,01 - Minimal,1,1,,,,364858.6999,5023725.992,45.35090775,-75.73351707,5460
15--164,2015/01/04,6:43 PM,CATHERINE ST/HWY 417 O'CONN IC119BR76 @ O'CONN (0001697),1697,03 - At intersection,03 - P.D. only,02 - Angle,01 - Clear,07 - Dark,04 - Slush,01 - Traffic signal,01 - Functioning,2,0,0,0,,0,,,,,368243.2822,5030392.891,45.41059664,-75.68946976,5461
15--1640,2015/01/27,1:19 PM,EAGLE LANE btwn BEAVER RDG & MEADOWLANDS DR E (__3ZAA0M),__3ZAA0M,01 - Non intersection,03 - P.D. only,06 - SMV unattended vehicle,01 - Clear,01 - Daylight,06 - Ice,10 - No control,,1,0,0,0,,0,,,,,365265.2778,5024442.457,45.35731946,-75.72824107,5462
15--15041,2015/12/31,1:54 PM,TERRY FOX DR btwn PALLADIUM DR & MAPLE GROVE RD (__3ZA3DN),__3ZA3DN,01 - Non intersection,03 - P.D. only,03 - Rear end,01 - Clear,01 - Daylight,02 - Wet,10 - No control,,3,0,0,0,,0,,,,,351546.3884,5017873.129,45.29925612,-75.90395384,5463
15--1653,2015/01/27,3:35 AM,HIGHWAY 416 btwn HWY416 IC49 RAMP43 & HWY416 IC42 RAMP34 (__3ZAZJ7),__3ZAZJ7,01 - Non intersection,03 - P.D. only,07 - SMV other,01 - Clear,07 - Dark,01 - Dry,10 - No control,,1,0,0,0,,0,,,,,369964.5417,4997415.454,45.11371196,-75.67180751,5464
15--14593,2015/12/17,3:03 PM,RICHMOND RD @ LYNHAR RD/STAFFORD RD (0000155),155,02 - Intersection related,03 - P.D. only,03 - Rear end,02 - Rain,01 - Daylight,02 - Wet,01 - Traffic signal,01 - Functioning,3,0,0,0,,0,,,,,358137.276,5021086.249,45.32769862,-75.81957552,5465
15--14762,2015/12/21,7:20 AM,ALBERT ST @ PRESTON ST (0002217),2217,03 - At intersection,03 - P.D. only,01 - Approaching,01 - Clear,03 - Dawn,01 - Dry,01 - Traffic signal,01 - Functioning,2,0,0,0,,0,,,,,366160.697,5030463.849,45.4114208,-75.7160648,5466
15--15042,2015/12/31,10:14 AM,CATHCART ST btwn SUSSEX DR & PARENT AVE (__3ZA7BD),__3ZA7BD,01 - Non intersection,03 - P.D. only,06 - SMV unattended vehicle,01 - Clear,01 - Daylight,03 - Loose snow,10 - No control,,1,0,0,0,,0,,,,,367627.7048,5032842.371,45.4326918,-75.69702102,5467
15--14682,2015/12/19,2:51 AM,MERIVALE RD btwn AMBERWOOD CRES & FALLOWFIELD RD (__3ZA3I9),__3ZA3I9,01 - Non intersection,03 - P.D. only,07 - SMV other,03 - Snow,07 - Dark,02 - Wet,10 - No control,,1,0,0,0,,0,,,,,366849.694,5018937.757,45.30765062,-75.7087101,5468
15--14951,2015/12/28,2:33 PM,ST. JOSEPH BLVD/OLD MONTREAL RD @ TRIM RD (0004118),4118,03 - At intersection,03 - P.D. only,04 - Sideswipe,01 - Clear,01 - Daylight,01 - Dry,11 - Roundabout,01 - Functioning,2,0,0,0,,0,,,,,384682.032,5039287.026,45.4889347,-75.47803965,5469
15--15043,2015/12/31,10:43 AM,BENTLEY AVE btwn GIFFORD ST & END (__3ZAAYU),__3ZAAYU,04 - At/near private drive,03 - P.D. only,02 - Angle,01 - Clear,01 - Daylight,02 - Wet,10 - No control,,2,0,0,0,,0,,,,,366521.6681,5022066.628,45.33583268,-75.71250291,5470
15--15044,2015/12/31,11:36 AM,KING EDWARD AVE @ RIDEAU ST (0002121),2121,02 - Intersection related,03 - P.D. only,04 - Sideswipe,01 - Clear,01 - Daylight,02 - Wet,01 - Traffic signal,01 - Functioning,2,0,0,0,,0,,,,,368510.9852,5032412.145,45.42874087,-75.68578892,5471