Anom_ID,Accident_Date,Accident_Time,Location,Geo_ID,Accident_Location,Classification_of_Accident,Initial_Impact_Type,Environment_Condition,Light,Road_Surface_Condition,Traffic_Control,Traffic_Control_Condition,No__of_Vehicles,No__of_Bicycles,No__of_Motorcycles,No__of_Pedestrians,Max_Injury,No__of_Injuries,No__of_Minimal,No__of_Minor,No__of_Major,No__of_Fatal,X,Y,Latitude,Longitude,ObjectId
15--15045,2015/12/31,12:23 PM,ATHLONE AVE @ BYRON AVE (0006656),6656,03 - At intersection,02 - Non-fatal injury,02 - Angle,01 - Clear,01 - Daylight,02 - Wet,02 - Stop sign,01 - Functioning,2,0,0,0,02 - Minor,2,,2,,,363523.4169,5028272.827,45.39193265,-75.75001622,5472
15--15046,2015/12/31,12:28 AM,COLONEL BY DR @ HAWTHORNE AVE/PRETORIA BRIDGE (0002122),2122,03 - At intersection,03 - P.D. only,02 - Angle,03 - Snow,07 - Dark,04 - Slush,01 - Traffic signal,01 - Functioning,2,0,0,0,,0,,,,,368767.7102,5030525.567,45.41174268,-75.68275331,5473
15--15047,2015/12/31,12:37 PM,WELLINGTON ST    W btwn ROSEMOUNT AVE & STIRLING AVE (__3ZBN9N),__3ZBN9N,01 - Non intersection,03 - P.D. only,04 - Sideswipe,01 - Clear,01 - Daylight,01 - Dry,10 - No control,,2,0,0,0,,0,,,,,365374.2812,5029444.596,45.40231831,-75.72623623,5474
15--15048,2015/12/31,12:43 PM,JOLIFFE ST @ TAWNEY RD (0008317),8317,03 - At intersection,03 - P.D. only,02 - Angle,01 - Clear,01 - Daylight,05 - Packed snow,02 - Stop sign,01 - Functioning,2,0,0,0,,0,,,,,374002.0231,5028512.543,45.39313244,-75.6161703,5475
15--15049,2015/12/31,2:01 PM,PARKDALE AVE btwn FOSTER ST & TYNDALL ST (__3ZA4P5),__3ZA4P5,01 - Non intersection,03 - P.D. only,04 - Sideswipe,03 - Snow,01 - Daylight,03 - Loose snow,10 - No control,,2,0,0,0,,0,,,,,365255.0363,5029032.333,45.39861917,-75.72780983,5476
15--1505,2015/01/24,12:15 PM,EAGLE LANE btwn BEAVER RDG & MEADOWLANDS DR E (__3ZAA0M),__3ZAA0M,04 - At/near private drive,03 - P.D. only,06 - SMV unattended vehicle,01 - Clear,01 - Daylight,01 - Dry,10 - No control,,1,0,0,0,,0,,,,,365255.1275,5024458.19,45.35746189,-75.72836869,5477
15--15050,2015/12/31,2:18 AM,PALOMINO DR btwn CHICKASAW CRES S & ROTHESAY DR (__3ZAB12),__3ZAB12,01 - Non intersection,03 - P.D. only,07 - SMV other,01 - Clear,07 - Dark,05 - Packed snow,10 - No control,,1,0,0,0,,0,,,,,354335.5869,5017403.469,45.29483889,-75.86843882,5478
15--15051,2015/12/31,2:45 PM,ST. JOSEPH BLVD btwn BELCOURT BLVD & ST. PIERRE ST (__3ZA2AR),__3ZA2AR,04 - At/near private drive,02 - Non-fatal injury,02 - Angle,01 - Clear,01 - Daylight,04 - Slush,10 - No control,,2,0,0,0,01 - Minimal,1,1,,,,381279.8305,5037430.799,45.47261504,-75.52184779,5479
15--15052,2015/12/31,3:00 PM,ST. LAURENT BLVD btwn HWY417 IC115 RAMP51 & HWY417 IC115 RAMP25 (__3ZA3SL),__3ZA3SL,01 - Non intersection,03 - P.D. only,04 - Sideswipe,03 - Snow,01 - Daylight,06 - Ice,10 - No control,,2,0,0,0,,0,,,,,372555.2026,5031342.059,45.41873265,-75.63425774,5480
15--15053,2015/12/31,3:22 PM,AMIENS ST @ TENTH LINE RD (0004168),4168,02 - Intersection related,02 - Non-fatal injury,03 - Rear end,01 - Clear,01 - Daylight,01 - Dry,01 - Traffic signal,01 - Functioning,2,0,0,0,01 - Minimal,2,2,,,,383351.7878,5037568.46,45.47362361,-75.49533017,5481
15--15054,2015/12/31,3:25 PM,MCARTHUR AVE @ VANIER PKWY (0004626),4626,02 - Intersection related,03 - P.D. only,03 - Rear end,01 - Clear,01 - Daylight,01 - Dry,01 - Traffic signal,01 - Functioning,2,0,0,0,,0,,,,,370217.983,5032689.864,45.43108209,-75.66393931,5482
15--15055,2015/12/31,3:58 PM,ISLAND PARK DR @ HELENA ST (0006915),6915,02 - Intersection related,03 - P.D. only,05 - Turning movement,01 - Clear,05 - Dusk,01 - Dry,02 - Stop sign,01 - Functioning,2,0,0,0,,0,,,,,364412.239,5028239.35,45.39155633,-75.73866971,5483
15--15056,2015/12/31,4:34 PM,TRIM RD @ WATTERS RD (0012847),12847,03 - At intersection,03 - P.D. only,05 - Turning movement,01 - Clear,05 - Dusk,02 - Wet,01 - Traffic signal,01 - Functioning,2,0,0,0,,0,,,,,384963.9301,5038716.854,45.48377254,-75.47452689,5484
15--15057,2015/12/31,4:38 PM,NATIONAL CAPITAL COMM DRWY btwn MAPLE DR & BIRCH DR (__3ZBPM7),__3ZBPM7,01 - Non intersection,03 - P.D. only,07 - SMV other,04 - Freezing Rain,05 - Dusk,04 - Slush,10 - No control,,1,0,0,0,,0,,,,,366722.3399,5028039.712,45.38955959,-75.70919437,5485
15--15058,2015/12/31,4:43 PM,BASELINE RD @ FISHER AVE (0002346),2346,02 - Intersection related,03 - P.D. only,03 - Rear end,03 - Snow,05 - Dusk,03 - Loose snow,01 - Traffic signal,01 - Functioning,2,0,0,0,,0,,,,,366165.9716,5026027.811,45.37150591,-75.7165491,5486
15--15059,2015/12/31,5:13 PM,FLEWELLYN RD btwn DWYER HILL RD & MUNSTER RD (__3ZAC6O),__3ZAC6O,01 - Non intersection,03 - P.D. only,07 - SMV other,03 - Snow,07 - Dark,02 - Wet,10 - No control,,1,0,0,0,,0,,,,,344210.4672,5004343.405,45.17795869,-75.99855957,5487
15--1506,2015/01/24,12:21 PM,NAUGHTON ST @ PRINCE ALBERT ST (0008555),8555,03 - At intersection,03 - P.D. only,02 - Angle,01 - Clear,01 - Daylight,04 - Slush,02 - Stop sign,01 - Functioning,2,0,0,0,,0,,,,,371340.758,5031997.061,45.42474263,-75.6496851,5488
15--15060,2015/12/31,5:17 PM,BASELINE RD @ CENTREPOINTE DR W/COBDEN RD (0002108),2108,02 - Intersection related,03 - P.D. only,03 - Rear end,03 - Snow,07 - Dark,05 - Packed snow,01 - Traffic signal,01 - Functioning,2,0,0,0,,0,,,,,361633.6814,5023207.51,45.34651125,-75.77473167,5489
15--15061,2015/12/31,5:22 PM,MITCH OWENS RD btwn SALE BARN RD & HAWTHORNE RD (__3ZA2CT),__3ZA2CT,01 - Non intersection,03 - P.D. only,07 - SMV other,01 - Clear,07 - Dark,03 - Loose snow,10 - No control,,1,0,0,0,,0,,,,,379128.5168,5016811.099,45.28732388,-75.55246269,5490
15--15062,2015/12/31,5:30 PM,KITCHENER AVE @ BANK ST (0011963),11963,03 - At intersection,03 - P.D. only,05 - Turning movement,03 - Snow,07 - Dark,02 - Wet,01 - Traffic signal,01 - Functioning,3,0,0,0,,0,,,,,370540.8761,5025499.25,45.36635335,-75.66077146,5491
15--15063,2015/12/31,5:45 PM,PARKDALE AVE @ SHERWOOD DR (0006383),6383,03 - At intersection,03 - P.D. only,02 - Angle,03 - Snow,07 - Dark,04 - Slush,01 - Traffic signal,01 - Functioning,2,0,0,0,,0,,,,,365380.2122,5028745.3,45.39602569,-75.72624636,5492
15--15064,2015/12/31,5:45 PM,BLAIR RD @ OGILVIE RD (0004120),4120,02 - Intersection related,02 - Non-fatal injury,03 - Rear end,01 - Clear,07 - Dark,02 - Wet,01 - Traffic signal,01 - Functioning,2,0,0,0,02 - Minor,1,,1,,,374506.7421,5033199.802,45.43525591,-75.609062,5493
15--15065,2015/12/31,6:05 PM,PARKDALE AVE @ SHERWOOD DR (0006383),6383,03 - At intersection,03 - P.D. only,02 - Angle,01 - Clear,07 - Dark,03 - Loose snow,01 - Traffic signal,01 - Functioning,2,0,0,0,,0,,,,,365379.981,5028747.711,45.39604741,-75.72624902,5494
15--15066,2015/12/31,6:20 PM,DORSET DR btwn BEAUMONT RD & DELMAR DR (__3ZA9TH),__3ZA9TH,01 - Non intersection,03 - P.D. only,06 - SMV unattended vehicle,01 - Clear,07 - Dark,02 - Wet,10 - No control,,1,0,0,0,,0,,,,,371974.6135,5028012.122,45.38882727,-75.64212899,5495
15--15067,2015/12/31,6:29 PM,MERIVALE RD @ BASIL MACDONALD WAY/MERIVALE MAL (0010301),10301,02 - Intersection related,03 - P.D. only,07 - SMV other,03 - Snow,07 - Dark,03 - Loose snow,01 - Traffic signal,01 - Functioning,1,0,0,0,,0,,,,,365096.5605,5023172.681,45.34590872,-75.73054917,5496
15--15068,2015/12/31,6:50 PM,BEECHWOOD AVE @ MARIER AVE/PUTMAN AVE (0007195),7195,02 - Intersection related,03 - P.D. only,03 - Rear end,03 - Snow,07 - Dark,04 - Slush,01 - Traffic signal,00 - Unknown,2,0,0,0,,0,,,,,369605.7065,5033907.853,45.44209807,-75.67160321,5497
15--15069,2015/12/31,7:09 PM,AIRPORT PKWY btwn BROOKFIELD RAMP 34 & BROOKFIELD RAMP 52B (__3ZA228),__3ZA228,07 - Overpass or bridge,03 - P.D. only,04 - Sideswipe,01 - Clear,07 - Dark,06 - Ice,10 - No control,,2,0,0,0,,0,,,,,368797.9862,5026413.858,45.37474404,-75.68289988,5498
15--1507,2015/01/24,12:38 AM,STRATHCONA AVE btwn BANK ST & O'CONNOR ST (__3ZA96M),__3ZA96M,01 - Non intersection,03 - P.D. only,07 - SMV other,03 - Snow,07 - Dark,03 - Loose snow,10 - No control,,1,0,0,0,,0,,,,,368163.7384,5030042.035,45.40744696,-75.69053098,5499
15--15070,2015/12/31,7:15 PM,CARLING AVE @ BROADVIEW AVE (0006707),6707,03 - At intersection,03 - P.D. only,05 - Turning movement,03 - Snow,07 - Dark,04 - Slush,01 - Traffic signal,01 - Functioning,2,0,0,0,,0,,,,,363180.6866,5026639.264,45.37726274,-75.75458622,5500
15--15071,2015/12/31,7:57 AM,CARLING AVE btwn MARCH RD & SCHNEIDER RD (__3ZA42E),__3ZA42E,01 - Non intersection,03 - P.D. only,07 - SMV other,01 - Clear,01 - Daylight,04 - Slush,10 - No control,,1,0,0,0,,0,,,,,350992.9387,5022270.364,45.33886012,-75.91060021,5501
15--15072,2015/12/31,8:00 PM,LAVAL ST btwn ST. CHARLES ST & MARIER AVE (__3ZA8X4),__3ZA8X4,04 - At/near private drive,03 - P.D. only,06 - SMV unattended vehicle,01 - Clear,07 - Dark,04 - Slush,10 - No control,,1,0,0,0,,0,,,,,369641.2749,5033789.165,45.44102686,-75.67116423,5502
15--15073,2015/12/31,8:16 AM,STRANDHERD DR @ WOODROFFE AVE (0009688),9688,02 - Intersection related,03 - P.D. only,03 - Rear end,01 - Clear,01 - Daylight,02 - Wet,01 - Traffic signal,01 - Functioning,2,0,0,0,,0,,,,,366106.154,5015395.871,45.27584629,-75.71862898,5503
15--15074,2015/12/31,8:34 PM,MOODIE DR @ ROBERTSON RD (0010545),10545,02 - Intersection related,03 - P.D. only,04 - Sideswipe,01 - Clear,07 - Dark,02 - Wet,01 - Traffic signal,01 - Functioning,2,0,0,0,,0,,,,,357066.6521,5020456.2,45.32210992,-75.83329905,5504
15--15075,2015/12/31,8:37 PM,RIVERSIDE DR @ QUESNEL DR (0006966),6966,03 - At intersection,02 - Non-fatal injury,02 - Angle,01 - Clear,07 - Dark,04 - Slush,02 - Stop sign,01 - Functioning,2,0,0,0,01 - Minimal,2,2,,,,368059.9836,5024097.784,45.35397159,-75.69261795,5505
15--15076,2015/12/31,9:47 AM,RICHMOND RD btwn ROOSEVELT AVE & WINSTON AVE (__3ZA26V),__3ZA26V,01 - Non intersection,03 - P.D. only,01 - Approaching,01 - Clear,01 - Daylight,02 - Wet,10 - No control,,2,0,0,0,,0,,,,,362993.1339,5028129.829,45.39069024,-75.756805,5506
15--15077,2015/12/31,9:53 AM,BASELINE RD @ ROCKWAY CRES (0002187),2187,03 - At intersection,03 - P.D. only,02 - Angle,01 - Clear,01 - Daylight,04 - Slush,02 - Stop sign,01 - Functioning,2,0,0,0,,0,,,,,361183.9539,5022932.504,45.34407305,-75.78050164,5507
15--1508,2015/01/24,12:48 PM,NOTRE DAME ST btwn ST. JEAN ST & BELCOURT BLVD (__3ZA67N),__3ZA67N,04 - At/near private drive,03 - P.D. only,02 - Angle,01 - Clear,01 - Daylight,02 - Wet,10 - No control,,2,0,0,0,,0,,,,,381194.165,5037143.726,45.47004157,-75.5229879,5508
15--1509,2015/01/24,12:53 PM,REGIONAL ROAD 174 btwn OR174 IC112 RAMP61 & TRANSIT (__3ZA2W0),__3ZA2W0,01 - Non intersection,03 - P.D. only,04 - Sideswipe,01 - Clear,01 - Daylight,01 - Dry,10 - No control,,2,0,0,0,,0,,,,,375299.506,5033226.277,45.43541464,-75.59892696,5509
15--151,2015/01/04,3:14 AM,AIRPORT PKWY @ HUNT CLUB RD (0010856),10856,03 - At intersection,03 - P.D. only,04 - Sideswipe,04 - Freezing Rain,07 - Dark,04 - Slush,01 - Traffic signal,01 - Functioning,2,0,0,0,,0,,,,,371019.4919,5023701.552,45.35013318,-75.65490309,5510
15--1510,2015/01/24,2:00 AM,COLONEL BY DR btwn UNIVERSITY RD & COLONEL BY DR SB ON RAMP 43 (__3ZA213),__3ZA213,01 - Non intersection,02 - Non-fatal injury,01 - Approaching,00 - Unknown,07 - Dark,02 - Wet,10 - No control,,2,0,0,0,02 - Minor,1,,1,,,367437.2575,5028186.945,45.39082078,-75.70004641,5511
15--1511,2015/01/24,2:30 AM,GEORGE ST btwn DALHOUSIE ST & CUMBERLAND ST (__3ZA81O),__3ZA81O,01 - Non intersection,03 - P.D. only,99 - Other,01 - Clear,07 - Dark,05 - Packed snow,10 - No control,,2,0,0,0,,0,,,,,368242.5473,5032369.878,45.42838496,-75.68922459,5512
15--1512,2015/01/24,3:15 PM,AVIATION PKWY @ MONTREAL RD (0008799),8799,02 - Intersection related,03 - P.D. only,03 - Rear end,01 - Clear,01 - Daylight,01 - Dry,01 - Traffic signal,01 - Functioning,2,0,0,0,,0,,,,,372147.6805,5034108.101,45.44365954,-75.63908594,5513
15--1513,2015/01/24,3:28 PM,PINECREST RD @ BASELINE RD (0002657),2657,03 - At intersection,03 - P.D. only,05 - Turning movement,01 - Clear,01 - Daylight,02 - Wet,02 - Stop sign,00 - Unknown,2,0,0,0,,0,,,,,360782.6858,5022693.055,45.34195063,-75.7856488,5514
15--1514,2015/01/24,3:45 PM,HIGHWAY 7 btwn ASHTON STATION RD & OVERPASS RD (__3ZA2QE),__3ZA2QE,01 - Non intersection,03 - P.D. only,07 - SMV other,01 - Clear,01 - Daylight,02 - Wet,10 - No control,,1,0,0,0,,0,,,,,340303.8324,5004022.256,45.17527619,-76.04828699,5515
15--1515,2015/01/24,5:32 PM,CARLING AVE @ HOLLAND AVE (0002146),2146,03 - At intersection,03 - P.D. only,05 - Turning movement,01 - Clear,05 - Dusk,02 - Wet,01 - Traffic signal,01 - Functioning,2,0,0,0,,0,,,,,365416.6987,5028038.065,45.38965899,-75.72586727,5516
15--1516,2015/01/24,6:00 PM,OSGOODE MAIN ST btwn CORBET ST & OLD GEORGE ST (__3ZA3UH),__3ZA3UH,01 - Non intersection,03 - P.D. only,06 - SMV unattended vehicle,03 - Snow,07 - Dark,02 - Wet,10 - No control,,1,0,0,0,,0,,,,,374629.667,5000742.816,45.14320605,-75.61205973,5517
15--1517,2015/01/24,6:42 AM,NIXON DR btwn DALMENY RD & GABERT RD (__3ZA724),__3ZA724,01 - Non intersection,02 - Non-fatal injury,07 - SMV other,01 - Clear,07 - Dark,02 - Wet,10 - No control,,1,0,0,0,01 - Minimal,1,1,,,,375665.0191,4997530.429,45.11419818,-75.59935106,5518
15--1518,2015/01/24,7:15 PM,METCALFE ST @ SLATER ST (0002233),2233,03 - At intersection,03 - P.D. only,05 - Turning movement,01 - Clear,07 - Dark,01 - Dry,01 - Traffic signal,01 - Functioning,2,0,0,0,,0,,,,,367730.7327,5031548.13,45.42103739,-75.69586975,5519
15--1519,2015/01/24,7:30 PM,ALBION RD @ LESTER RD (0004175),4175,03 - At intersection,03 - P.D. only,01 - Approaching,03 - Snow,07 - Dark,05 - Packed snow,01 - Traffic signal,01 - Functioning,2,0,0,0,,0,,,,,372694.7432,5022332.978,45.33765905,-75.63371371,5520
15--152,2015/01/04,3:27 AM,INDUSTRIAL AVE btwn RIVERSIDE DR & SANDFORD FLEMING AVE (__3ZA3PG),__3ZA3PG,01 - Non intersection,03 - P.D. only,03 - Rear end,04 - Freezing Rain,07 - Dark,06 - Ice,10 - No control,,2,0,0,0,,0,,,,,370708.815,5030587.252,45.41211757,-75.65794831,5521
15--1520,2015/01/24,7:30 PM,GOLFLINKS DR btwn LOCKHAVEN PRIV & RUSTWOOD PRIV (__4BRMGZ),__4BRMGZ,01 - Non intersection,03 - P.D. only,06 - SMV unattended vehicle,03 - Snow,07 - Dark,03 - Loose snow,10 - No control,,1,0,0,0,,0,,,,,366189.3189,5013390.803,45.2577975,-75.71781694,5522
15--1521,2015/01/24,7:35 PM,O'CONNOR ST @ SLATER ST (0002230),2230,02 - Intersection related,03 - P.D. only,04 - Sideswipe,03 - Snow,07 - Dark,02 - Wet,01 - Traffic signal,01 - Functioning,2,0,0,0,,0,,,,,367578.741,5031450.094,45.42016895,-75.69782421,5523
15--1522,2015/01/24,7:41 PM,HUNT CLUB RD btwn MALAK ST & ESSON ST (__3ZA3S7),__3ZA3S7,01 - Non intersection,03 - P.D. only,04 - Sideswipe,03 - Snow,07 - Dark,05 - Packed snow,10 - No control,,2,0,0,0,,0,,,,,374573.2321,5025870.413,45.36930311,-75.60924926,5524
15--1523,2015/01/24,8:25 PM,BANK ST @ FOURTH AVE (0007249),7249,03 - At intersection,03 - P.D. only,02 - Angle,03 - Snow,07 - Dark,02 - Wet,02 - Stop sign,01 - Functioning,2,0,0,0,,0,,,,,368367.2093,5029476.312,45.40233831,-75.68800484,5525
15--1524,2015/01/24,9:11 PM,PAUL METIVIER DR btwn TAPESTRY DR & CLEARBROOK DR (__5A5DGX),__5A5DGX,01 - Non intersection,03 - P.D. only,01 - Approaching,03 - Snow,07 - Dark,04 - Slush,10 - No control,,2,0,0,0,,0,,,,,366024.7124,5014756.862,45.27010361,-75.71974568,5526
15--1525,2015/01/25,1:15 PM,WOODROFFE AVE btwn PARKGLEN DR & DAVID DR (__3ZA34H),__3ZA34H,01 - Non intersection,03 - P.D. only,03 - Rear end,01 - Clear,01 - Daylight,01 - Dry,10 - No control,,2,0,0,0,,0,,,,,362927.2421,5023037.356,45.34487421,-75.7582456,5527
15--1526,2015/01/25,1:20 PM,BANK ST btwn ALTA VISTA DR & WALKLEY RD (__3ZA4TX),__3ZA4TX,01 - Non intersection,03 - P.D. only,04 - Sideswipe,01 - Clear,01 - Daylight,01 - Dry,10 - No control,,2,0,0,0,,0,,,,,370254.8161,5026181.944,45.37252278,-75.66433237,5528
15--1527,2015/01/25,10:13 AM,HUNT CLUB RD @ UPLANDS DR (0010844),10844,02 - Intersection related,03 - P.D. only,03 - Rear end,01 - Clear,01 - Daylight,01 - Dry,01 - Traffic signal,01 - Functioning,2,0,0,0,,0,,,,,370156.7272,5023121.974,45.34499924,-75.66598915,5529
15--1528,2015/01/25,10:26 AM,TERRY FOX DR @ WESTPHALIAN AVE (0014366),14366,02 - Intersection related,03 - P.D. only,03 - Rear end,01 - Clear,01 - Daylight,01 - Dry,01 - Traffic signal,01 - Functioning,2,0,0,0,,0,,,,,353455.2261,5015759.789,45.28011017,-75.87982363,5530
15--1529,2015/01/25,10:32 AM,HAZELDEAN RD @ TERRY FOX DR (0003682),3682,03 - At intersection,02 - Non-fatal injury,02 - Angle,06 - Strong wind,01 - Daylight,06 - Ice,01 - Traffic signal,01 - Functioning,2,0,0,0,01 - Minimal,1,1,,,,352208.5749,5017241.005,45.29352373,-75.89557145,5531
15--153,2015/01/04,4:10 PM,HIGHWAY 416 btwn HWY417 IC131 RAMP53 & HWY416 IC75A RAMP43 (__3ZAYG8),__3ZAYG8,01 - Non intersection,03 - P.D. only,07 - SMV other,03 - Snow,05 - Dusk,03 - Loose snow,10 - No control,,1,0,0,0,,0,,,,,358681.9924,5021983.219,45.33572799,-75.81252942,5532
15--1530,2015/01/25,10:35 AM,BOURASSA ST @ ST. LAURENT BLVD (0007731),7731,03 - At intersection,02 - Non-fatal injury,99 - Other,01 - Clear,01 - Daylight,06 - Ice,01 - Traffic signal,01 - Functioning,2,0,0,0,01 - Minimal,1,1,,,,373236.732,5029693.075,45.40382954,-75.62577945,5533
15--1531,2015/01/25,10:44 PM,ALTA VISTA DR btwn BANK ST & EDGE HILL PL (__3ZA0TQ),__3ZA0TQ,04 - At/near private drive,03 - P.D. only,03 - Rear end,01 - Clear,07 - Dark,06 - Ice,10 - No control,,2,0,0,0,,0,,,,,370331.9245,5026259.053,45.37320938,-75.6633378,5534
15--1532,2015/01/25,10:50 PM,DONALD ST @ ST. LAURENT BLVD (0008630),8630,03 - At intersection,03 - P.D. only,05 - Turning movement,01 - Clear,07 - Dark,01 - Dry,01 - Traffic signal,01 - Functioning,2,0,0,0,,0,,,,,372092.749,5032474.031,45.42896225,-75.64001143,5535
15--1533,2015/01/25,11:50 AM,RIVERSIDE DR @ TREMBLAY RD/HWY417 IC117 RAMP52 (0010790),10790,03 - At intersection,03 - P.D. only,03 - Rear end,01 - Clear,01 - Daylight,01 - Dry,01 - Traffic signal,01 - Functioning,2,0,0,0,,0,,,,,370801.1142,5031015.426,45.41596141,-75.65671188,5536
15--1534,2015/01/25,2:02 PM,CHURCHILL AVE @ RICHMOND RD (0002361),2361,02 - Intersection related,02 - Non-fatal injury,03 - Rear end,01 - Clear,01 - Daylight,01 - Dry,01 - Traffic signal,01 - Functioning,3,0,0,0,01 - Minimal,1,1,,,,363227.6938,5028293.997,45.39214787,-75.75379021,5537
15--1535,2015/01/25,2:11 PM,BANK ST btwn LESTER RD & PARK LANE (__3ZA28G),__3ZA28G,01 - Non intersection,03 - P.D. only,99 - Other,01 - Clear,01 - Daylight,01 - Dry,10 - No control,,2,0,0,0,,0,,,,,373700.6899,5022890.26,45.3425752,-75.62080248,5538
15--1536,2015/01/25,2:19 PM,ST. JOSEPH BLVD btwn JEANNE D'ARC BLVD S & NOTRE DAME ST (__3ZA2BU),__3ZA2BU,04 - At/near private drive,03 - P.D. only,02 - Angle,01 - Clear,01 - Daylight,01 - Dry,10 - No control,,2,0,0,0,,0,,,,,379987.9714,5036556.882,45.46489251,-75.53850159,5539
15--1537,2015/01/25,2:29 AM,DALHOUSIE ST btwn CLARENCE ST & YORK ST (__3ZA82M),__3ZA82M,01 - Non intersection,03 - P.D. only,03 - Rear end,01 - Clear,07 - Dark,01 - Dry,10 - No control,,2,0,0,0,,0,,,,,368085.0324,5032433.566,45.42897228,-75.69122919,5540
15--1538,2015/01/25,2:30 PM,NORTH RIVER RD btwn MARK AVE & MONTREAL RD (__3ZA7CY),__3ZA7CY,04 - At/near private drive,03 - P.D. only,02 - Angle,01 - Clear,01 - Daylight,01 - Dry,10 - No control,,2,0,0,0,,0,,,,,369735.8533,5032902.525,45.43304046,-75.67007237,5541
15--1539,2015/01/25,2:32 AM,CARLING AVE EB btwn EDGEWORTH AVE & FOX CRES (__3ZA4V0),__3ZA4V0,04 - At/near private drive,03 - P.D. only,02 - Angle,03 - Snow,07 - Dark,02 - Wet,10 - No control,,2,0,0,0,,0,,,,,361393.244,5025492.869,45.36709422,-75.77753807,5542
15--154,2015/01/04,4:15 PM,HWY417 IC155 RAMP25 btwn MARCH RD & HIGHWAY 417 (__3ZAY48),__3ZAY48,01 - Non intersection,03 - P.D. only,99 - Other,01 - Clear,05 - Dusk,04 - Slush,10 - No control,,2,0,0,0,,0,,,,,339413.2235,5019161.993,45.31155649,-76.05856398,5543
15--1540,2015/01/25,3:10 PM,HIGHWAY 417 btwn HWY417 IC119A RAMP67 & HWY417 IC118 RAMP76 (__3ZA2YS),__3ZA2YS,01 - Non intersection,03 - P.D. only,04 - Sideswipe,01 - Clear,01 - Daylight,01 - Dry,10 - No control,,2,0,0,0,,0,,,,,369200.2554,5030886.33,45.41494902,-75.67718058,5544
15--1541,2015/01/25,3:27 PM,TERRY FOX DR @ PALLADIUM DR/KATIMAVIK RD (0011858),11858,02 - Intersection related,03 - P.D. only,03 - Rear end,01 - Clear,01 - Daylight,01 - Dry,01 - Traffic signal,01 - Functioning,3,0,0,0,,0,,,,,351270.6819,5018181.293,45.30204735,-75.9074402,5545
15--1542,2015/01/25,3:34 PM,BANK ST @ RIVERSIDE DR N (0010778),10778,03 - At intersection,03 - P.D. only,03 - Rear end,01 - Clear,01 - Daylight,01 - Dry,01 - Traffic signal,01 - Functioning,2,0,0,0,,0,,,,,369226.6798,5027982.1,45.38881531,-75.6772224,5546
15--1543,2015/01/25,3:41 PM,DALHOUSIE ST btwn CLARENCE ST & YORK ST (__3ZA82M),__3ZA82M,01 - Non intersection,03 - P.D. only,06 - SMV unattended vehicle,01 - Clear,01 - Daylight,02 - Wet,10 - No control,,1,0,0,0,,0,,,,,368048.7725,5032494.074,45.42951999,-75.69168477,5547
15--1544,2015/01/25,4:24 PM,CATHERINE ST @ METCALFE ST (0011239),11239,02 - Intersection related,03 - P.D. only,04 - Sideswipe,01 - Clear,05 - Dusk,01 - Dry,01 - Traffic signal,01 - Functioning,2,0,0,0,,0,,,,,368393.67,5030486.87,45.41142858,-75.68753653,5548
15--1545,2015/01/25,4:32 PM,250 W OF STITTSVILLE MAIN ST @ HAZELDEAN RD (0013521),13521,02 - Intersection related,03 - P.D. only,03 - Rear end,01 - Clear,01 - Daylight,01 - Dry,01 - Traffic signal,01 - Functioning,2,0,0,0,,0,,,,,349335.7492,5014747.452,45.27127385,-75.93242002,5549
15--1546,2015/01/25,4:40 PM,CARLING AVE @ MAITLAND AVE/SHERBOURNE RD (0002641),2641,02 - Intersection related,03 - P.D. only,03 - Rear end,01 - Clear,05 - Dusk,01 - Dry,01 - Traffic signal,01 - Functioning,2,0,0,0,,0,,,,,362943.4186,5026488.887,45.3759294,-75.75763315,5550
15--1547,2015/01/25,4:43 PM,CAMBRIAN RD @ CEDARVIEW RD (0001571),1571,03 - At intersection,03 - P.D. only,07 - SMV other,01 - Clear,05 - Dusk,06 - Ice,02 - Stop sign,01 - Functioning,1,0,0,0,,0,,,,,363001.7075,5011832.957,45.2440508,-75.75861032,5551
15--1548,2015/01/25,4:50 PM,COLONEL BY DR @ HAWTHORNE AVE/PRETORIA BRIDGE (0002122),2122,03 - At intersection,03 - P.D. only,05 - Turning movement,01 - Clear,05 - Dusk,01 - Dry,01 - Traffic signal,01 - Functioning,2,0,0,0,,0,,,,,368766.9265,5030526.921,45.41175493,-75.68276315,5552
15--1549,2015/01/25,5:10 PM,CHAMPNEUF DR btwn CEDAR MILLS RD & WESTPORT CRES (__3ZA6EK),__3ZA6EK,04 - At/near private drive,03 - P.D. only,02 - Angle,01 - Clear,05 - Dusk,01 - Dry,10 - No control,,2,0,0,0,,0,,,,,381324.1019,5036461.759,45.46389157,-75.52143254,5553
15--155,2015/01/04,4:42 PM,HIGHWAY 416 btwn HWY416 IC75A RAMP26 & HWY416 IC72 RAMP62 (__3ZAZLF),__3ZAZLF,01 - Non intersection,03 - P.D. only,07 - SMV other,03 - Snow,05 - Dusk,06 - Ice,10 - No control,,1,0,0,0,,0,,,,,358913.7613,5021584.663,45.33212393,-75.80961612,5554
15--1550,2015/01/25,5:11 AM,PRINCE OF WALES DR btwn RIDEAUVIEW TER & FAIRCHILD PRIV (__3ZBN96),__3ZBN96,01 - Non intersection,03 - P.D. only,07 - SMV other,05 - Drifting Snow,07 - Dark,03 - Loose snow,10 - No control,,1,0,0,0,,0,,,,,367071.9928,5026848.058,45.37880638,-75.70487974,5555