Anom_ID,Accident_Date,Accident_Time,Location,Geo_ID,Accident_Location,Classification_of_Accident,Initial_Impact_Type,Environment_Condition,Light,Road_Surface_Condition,Traffic_Control,Traffic_Control_Condition,No__of_Vehicles,No__of_Bicycles,No__of_Motorcycles,No__of_Pedestrians,Max_Injury,No__of_Injuries,No__of_Minimal,No__of_Minor,No__of_Major,No__of_Fatal,X,Y,Latitude,Longitude,ObjectId
15--1654,2015/01/27,3:45 PM,HIGHWAY 417 btwn HWY417 IC122 RAMP51 & HWY417 IC122 RAMP15 (__3ZA2R0),__3ZA2R0,01 - Non intersection,03 - P.D. only,03 - Rear end,01 - Clear,01 - Daylight,01 - Dry,10 - No control,,2,0,0,0,,0,,,,,365495.543,5028984.905,45.39817162,-75.72474397,5556
15--14763,2015/12/21,7:29 PM,ST. LAURENT BLVD btwn COVENTRY RD & LEMIEUX ST (__3ZA2C9),__3ZA2C9,01 - Non intersection,03 - P.D. only,04 - Sideswipe,01 - Clear,07 - Dark,01 - Dry,10 - No control,,2,0,0,0,,0,,,,,372340.7991,5031864.05,45.42345002,-75.63692541,5557
15--14952,2015/12/28,3:09 PM,TRIM RD btwn WALL RD & NAVAN RD (__3ZA1D8),__3ZA1D8,04 - At/near private drive,02 - Non-fatal injury,05 - Turning movement,01 - Clear,01 - Daylight,01 - Dry,10 - No control,,2,0,0,0,02 - Minor,1,,1,,,387994.9144,5033721.286,45.43847306,-75.43660587,5558
15--14594,2015/12/17,3:20 PM,WEST HUNT CLUB RD WB btwn ROYDON PL/SUNDERLAND ST & 545 E OF ROYDON PL (__3ZA3JSA),__3ZA3JSA,01 - Non intersection,03 - P.D. only,04 - Sideswipe,02 - Rain,01 - Daylight,02 - Wet,10 - No control,,2,0,0,0,,0,,,,,366038.6896,5022212.812,45.33719035,-75.71864649,5559
15--1655,2015/01/27,4:00 PM,HUNTMAR DR @ PALLADIUM DR S (0011818),11818,02 - Intersection related,03 - P.D. only,03 - Rear end,01 - Clear,01 - Daylight,01 - Dry,01 - Traffic signal,01 - Functioning,2,0,0,0,,0,,,,,349675.6066,5017364.954,45.29480539,-75.92785227,5560
15--14764,2015/12/21,7:32 PM,FISHER AVE @ MEADOWLANDS DR (0002120),2120,03 - At intersection,02 - Non-fatal injury,07 - SMV other,02 - Rain,07 - Dark,02 - Wet,01 - Traffic signal,01 - Functioning,1,0,0,1,02 - Minor,1,,1,,,366575.0649,5025046.168,45.36263735,-75.7114495,5561
15--14683,2015/12/19,3:01 PM,FRANKTOWN RD btwn MUNSTER RD & GREEN'S RD (__3ZA3EU),__3ZA3EU,01 - Non intersection,03 - P.D. only,07 - SMV other,03 - Snow,01 - Daylight,06 - Ice,10 - No control,,1,0,0,0,,0,,,,,351123.1171,5001131.676,45.14863796,-75.91090848,5562
15--14953,2015/12/28,3:25 PM,HIGHWAY 417 btwn HWY417 IC118 RAMP35 & HWY417 IC117 RAMP51 (__3ZA2YP),__3ZA2YP,01 - Non intersection,03 - P.D. only,07 - SMV other,01 - Clear,01 - Daylight,01 - Dry,10 - No control,,1,0,0,0,,0,,,,,370113.2694,5031096.774,45.41675789,-75.66548867,5563
15--1656,2015/01/27,4:15 PM,OGILVIE RD @ 125 E OF ELMLEA GT  (0012536),12536,02 - Intersection related,03 - P.D. only,03 - Rear end,01 - Clear,01 - Daylight,01 - Dry,01 - Traffic signal,01 - Functioning,2,0,0,0,,0,,,,,375091.9661,5033552.11,45.43836719,-75.60153273,5564
15--1657,2015/01/27,4:49 PM,FITZGERALD RD/MENTEN PL @ MOODIE DR (0009818),9818,02 - Intersection related,03 - P.D. only,03 - Rear end,01 - Clear,05 - Dusk,01 - Dry,01 - Traffic signal,01 - Functioning,2,0,0,0,,0,,,,,356917.7239,5020812.987,45.3253314,-75.83516107,5565
15--1658,2015/01/27,4:55 PM,MERIVALE RD @ WEST HUNT CLUB RD (0000584),584,02 - Intersection related,03 - P.D. only,03 - Rear end,01 - Clear,05 - Dusk,01 - Dry,01 - Traffic signal,01 - Functioning,2,0,0,0,,0,,,,,365612.6952,5021940.089,45.33477347,-75.72411483,5566
15--1659,2015/01/27,5:10 PM,ANDERSON RD @ HWY 417 ANDERSON IC104R51 (0004150),4150,02 - Intersection related,02 - Non-fatal injury,07 - SMV other,01 - Clear,05 - Dusk,01 - Dry,02 - Stop sign,01 - Functioning,1,0,0,0,01 - Minimal,1,1,,,,380169.5524,5025655.568,45.3667906,-75.5378471,5567
15--166,2015/01/04,6:45 AM,HIGHWAY 417 btwn HWY417 IC134 RAMP51 & HWY417 IC134 RAMP35 (__3ZAZET),__3ZAZET,01 - Non intersection,03 - P.D. only,07 - SMV other,03 - Snow,07 - Dark,06 - Ice,10 - No control,,1,0,0,0,,0,,,,,356248.0574,5022144.23,45.33735947,-75.84356472,5568
15--1660,2015/01/27,5:30 PM,MONAGHAN LANE btwn SECOND LINE RD & TO BE DETERMINED (__3ZA5JG),__3ZA5JG,04 - At/near private drive,03 - P.D. only,06 - SMV unattended vehicle,01 - Clear,05 - Dusk,01 - Dry,10 - No control,,1,0,0,0,,0,,,,,346708.4771,5025624.592,45.36931139,-75.96498104,5569
15--1661,2015/01/27,5:30 PM,HIGHWAY 417 btwn HWY417 IC118 RAMP57 & HWY417 IC118 RAMP35 (__3ZA2YQ),__3ZA2YQ,01 - Non intersection,03 - P.D. only,03 - Rear end,01 - Clear,05 - Dusk,01 - Dry,10 - No control,,2,0,0,0,,0,,,,,369292.7469,5030927.826,45.41531387,-75.67599354,5570
15--1662,2015/01/27,5:39 PM,ELGIN ST @ LAURIER AVE (0002232),2232,03 - At intersection,03 - P.D. only,05 - Turning movement,01 - Clear,00 - Unknown,01 - Dry,01 - Traffic signal,01 - Functioning,2,0,0,0,,0,,,,,367947.6122,5031548.917,45.42102493,-75.69309864,5571
15--1663,2015/01/27,5:48 PM,PRINCE OF WALES DR @ STRANDHERD DR (0013339),13339,02 - Intersection related,03 - P.D. only,03 - Rear end,01 - Clear,07 - Dark,08 - Loose sand or gravel,01 - Traffic signal,01 - Functioning,2,0,0,0,,0,,,,,367175.2898,5014823.709,45.27060398,-75.70507561,5572
15--1664,2015/01/27,5:50 PM,PINECREST RD @ RICHMOND RD (0002353),2353,02 - Intersection related,03 - P.D. only,03 - Rear end,01 - Clear,07 - Dark,01 - Dry,01 - Traffic signal,01 - Functioning,2,0,0,0,,0,,,,,360071.7066,5024471.994,45.35801388,-75.79452152,5573
15--1665,2015/01/27,6:00 PM,MASON ST btwn LAKES PARK DR & ESTHER ST (__3ZA710),__3ZA710,01 - Non intersection,03 - P.D. only,06 - SMV unattended vehicle,01 - Clear,07 - Dark,01 - Dry,10 - No control,,1,0,0,0,,0,,,,,377402.1433,5015327.508,45.27415556,-75.57468454,5574
15--1666,2015/01/27,6:02 PM,GREENBANK RD btwn WEST HUNT CLUB RD & FALLOWFIELD RD (__3ZA1NE),__3ZA1NE,01 - Non intersection,03 - P.D. only,04 - Sideswipe,01 - Clear,07 - Dark,01 - Dry,10 - No control,,3,0,0,0,,0,,,,,361519.1951,5020409.467,45.32134378,-75.7765132,5575
15--1667,2015/01/27,6:02 PM,WOODROFFE AVE btwn FALLOWFIELD RD & EARL MULLIGAN DR (__3ZA3IL),__3ZA3IL,04 - At/near private drive,03 - P.D. only,05 - Turning movement,01 - Clear,07 - Dark,01 - Dry,10 - No control,,2,0,0,0,,0,,,,,365101.5355,5017871.865,45.29821206,-75.73113114,5576
15--1668,2015/01/27,6:06 PM,KANATA AVE btwn HWY417 IC139 RAMP61 & Continuation of KANATA AVE (__4BCL8K),__4BCL8K,07 - Overpass or bridge,03 - P.D. only,03 - Rear end,01 - Clear,07 - Dark,01 - Dry,10 - No control,,2,0,0,0,,0,,,,,351656.2998,5019192.177,45.31111792,-75.90242779,5577
15--1669,2015/01/27,6:47 PM,MOODIE DR @ RICHMOND RD S (0001129),1129,02 - Intersection related,02 - Non-fatal injury,03 - Rear end,01 - Clear,07 - Dark,01 - Dry,02 - Stop sign,01 - Functioning,2,0,0,0,01 - Minimal,1,1,,,,357433.6456,5019539.031,45.31382971,-75.82871555,5578
15--167,2015/01/04,7:01 PM,DONALD ST @ OKEE ST (0007823),7823,02 - Intersection related,03 - P.D. only,07 - SMV other,01 - Clear,07 - Dark,06 - Ice,02 - Stop sign,00 - Unknown,1,0,0,0,,0,,,,,371885.7233,5032446.137,45.42873116,-75.64266068,5579
15--1670,2015/01/27,6:50 PM,RIVERSIDE DR NB btwn BANK ST & RIVERSIDE DR NB RAMP FROM EB TO WB (__3ZBOEF),__3ZBOEF,01 - Non intersection,03 - P.D. only,07 - SMV other,01 - Clear,07 - Dark,01 - Dry,10 - No control,,1,0,0,0,,0,,,,,369358.4437,5027972.63,45.38871797,-75.67554109,5580
15--1671,2015/01/27,7:32 PM,VALOUR DR @ SMYTH RD (0011904),11904,02 - Intersection related,03 - P.D. only,03 - Rear end,01 - Clear,07 - Dark,02 - Wet,01 - Traffic signal,01 - Functioning,2,0,0,0,,0,,,,,370668.3762,5029087.554,45.39862768,-75.65866524,5581
15--1672,2015/01/27,7:40 AM,WOODROFFE AVE @ KNOXDALE RD/MEDHURST DR (0000519),519,02 - Intersection related,03 - P.D. only,03 - Rear end,01 - Clear,03 - Dawn,01 - Dry,01 - Traffic signal,01 - Functioning,2,0,0,0,,0,,,,,363419.9094,5021826.267,45.33393592,-75.75210276,5582
15--1673,2015/01/27,7:51 AM,MAITLAND AVE btwn TARA DR & ERINDALE DR (__3ZA4I7),__3ZA4I7,01 - Non intersection,03 - P.D. only,03 - Rear end,01 - Clear,03 - Dawn,06 - Ice,10 - No control,,3,0,0,0,,0,,,,,363642.4954,5025249.268,45.36471711,-75.74885586,5583
15--1674,2015/01/27,8:05 AM,CARLING AVE EB btwn HWY417 IC124 RAMP57 & KIRKWOOD AVE (__3ZA30Y),__3ZA30Y,01 - Non intersection,03 - P.D. only,04 - Sideswipe,01 - Clear,01 - Daylight,01 - Dry,10 - No control,,2,0,0,0,,0,,,,,364302.5434,5027267.124,45.38281774,-75.74018776,5584
15--1675,2015/01/27,8:10 AM,CATHERINE ST/HWY 417 O'CONN IC119BR76 @ O'CONN (0001697),1697,02 - Intersection related,03 - P.D. only,03 - Rear end,01 - Clear,01 - Daylight,06 - Ice,01 - Traffic signal,01 - Functioning,2,0,0,0,,0,,,,,368244.6749,5030391.118,45.41058056,-75.6894522,5585
15--1676,2015/01/27,8:12 AM,ST. JOSEPH BLVD @ TENTH LINE RD (0009163),9163,02 - Intersection related,03 - P.D. only,03 - Rear end,01 - Clear,01 - Daylight,01 - Dry,01 - Traffic signal,00 - Unknown,6,0,0,0,,0,,,,,382889.8399,5038668.862,45.48357585,-75.50106259,5586
15--1677,2015/01/27,8:19 AM,BASELINE RD @ CENTREPOINTE DR E/HIGHGATE RD (0011468),11468,02 - Intersection related,03 - P.D. only,03 - Rear end,01 - Clear,01 - Daylight,01 - Dry,01 - Traffic signal,00 - Unknown,4,0,0,0,,0,,,,,362058.795,5023466.951,45.34881111,-75.7692771,5587
15--1678,2015/01/27,8:28 AM,TRIM RD @ DAIRY DR/TAYLOR CREEK DR (0012921),12921,02 - Intersection related,03 - P.D. only,03 - Rear end,01 - Clear,01 - Daylight,01 - Dry,11 - Roundabout,01 - Functioning,2,0,0,0,,0,,,,,384534.1728,5039596.269,45.49173388,-75.47988073,5588
15--1679,2015/01/27,8:30 AM,RICHMOND RD btwn WEST HUNT CLUB RD & STONEHAVEN DR (__3ZA41H),__3ZA41H,01 - Non intersection,03 - P.D. only,03 - Rear end,01 - Clear,01 - Daylight,06 - Ice,10 - No control,,2,0,0,0,,0,,,,,356775.858,5015907.341,45.28120021,-75.83748501,5589
15--168,2015/01/04,7:29 AM,HIGHWAY 417 btwn HWY417 IC118 RAMP67 & HWY417 IC117 RAMP36 (__3ZA2YO),__3ZA2YO,01 - Non intersection,03 - P.D. only,04 - Sideswipe,04 - Freezing Rain,03 - Dawn,06 - Ice,10 - No control,,2,0,0,0,,0,,,,,369788.0386,5031156.908,45.41732924,-75.66963579,5590
15--1680,2015/01/27,8:30 AM,MONTREAL RD @ OLMSTEAD ST (0009345),9345,03 - At intersection,03 - P.D. only,03 - Rear end,01 - Clear,01 - Daylight,06 - Ice,01 - Traffic signal,01 - Functioning,2,0,0,0,,0,,,,,370332.7133,5033211.177,45.4357619,-75.6624038,5591
15--1681,2015/01/27,8:39 AM,PLEASANT PARK RD @ ALTA VISTA DR (0008005),8005,03 - At intersection,02 - Non-fatal injury,02 - Angle,01 - Clear,01 - Daylight,01 - Dry,01 - Traffic signal,01 - Functioning,3,0,0,0,02 - Minor,1,,1,,,370366.687,5028466.102,45.3930644,-75.66260089,5592
15--1682,2015/01/27,8:52 AM,TENTH LINE RD btwn 275 N OF DES EPINETTES AVE/FALLINGBROOK SC & DES EP (__3ZA3YNB),__3ZA3YNB,01 - Non intersection,02 - Non-fatal injury,03 - Rear end,01 - Clear,01 - Daylight,01 - Dry,10 - No control,,4,0,0,0,01 - Minimal,1,1,,,,383560.9995,5037092.337,45.46931633,-75.4927311,5593
15--1683,2015/01/27,9:00 AM,KENMARE PL btwn CHATHAM GDN & END (__3ZA1R9),__3ZA1R9,04 - At/near private drive,03 - P.D. only,99 - Other,01 - Clear,01 - Daylight,01 - Dry,10 - No control,,2,0,0,0,,0,,,,,361856.3584,5014960.645,45.2722878,-75.77283977,5594
15--1684,2015/01/27,9:16 AM,WOODROFFE AVE btwn PARKGLEN DR & DAVID DR (__3ZA34H),__3ZA34H,01 - Non intersection,03 - P.D. only,03 - Rear end,01 - Clear,01 - Daylight,01 - Dry,10 - No control,,2,0,0,0,,0,,,,,362906.1913,5023084.288,45.34529824,-75.75850869,5595
15--1685,2015/01/27,9:30 AM,CATHERINE ST btwn PERCY ST & BAY ST (__3ZBOEA),__3ZBOEA,04 - At/near private drive,03 - P.D. only,05 - Turning movement,01 - Clear,01 - Daylight,01 - Dry,10 - No control,,2,0,0,0,,0,,,,,367539.3665,5029965.724,45.40681658,-75.69851623,5596
15--1686,2015/01/27,9:54 AM,WALKLEY RD btwn SPRINGLAND DR & MCCARTHY RD (__3ZA37W),__3ZA37W,01 - Non intersection,02 - Non-fatal injury,07 - SMV other,01 - Clear,01 - Daylight,01 - Dry,10 - No control,,1,0,0,0,02 - Minor,1,,1,,,368988.3931,5025126.807,45.3631461,-75.68063632,5597
15--1687,2015/01/28,1:45 PM,BASELINE RD @ CLYDE AVE (0002343),2343,02 - Intersection related,03 - P.D. only,04 - Sideswipe,01 - Clear,01 - Daylight,01 - Dry,01 - Traffic signal,00 - Unknown,2,0,0,0,,0,,,,,364358.7033,5024888.103,45.36140691,-75.73975756,5598
15--1688,2015/01/28,10:07 AM,BOOTH ST @ SIR JOHN A. MACDONALD PKWY/WELLINGTON ST (0012252),12252,03 - At intersection,03 - P.D. only,04 - Sideswipe,01 - Clear,01 - Daylight,01 - Dry,01 - Traffic signal,01 - Functioning,2,0,0,0,,0,,,,,366262.9437,5031007.62,45.41630453,-75.71469082,5599
15--1689,2015/01/28,10:09 AM,RICHMOND RD @ HOLLY ACRES RD/NANAIMO DR (0001068),1068,02 - Intersection related,03 - P.D. only,02 - Angle,01 - Clear,01 - Daylight,02 - Wet,01 - Traffic signal,01 - Functioning,2,0,0,0,,0,,,,,359059.6355,5022748.014,45.34258054,-75.80762763,5600
15--169,2015/01/04,7:45 AM,HIGHWAY 417 btwn HWY417 IC118 RAMP57 & HWY417 IC118 RAMP35 (__3ZA2YQ),__3ZA2YQ,01 - Non intersection,03 - P.D. only,07 - SMV other,03 - Snow,03 - Dawn,02 - Wet,10 - No control,,1,0,0,0,,0,,,,,369126.0828,5030819.334,45.41435304,-75.6781369,5601
15--1690,2015/01/28,10:12 AM,SOLEIL AVE btwn SERRA RIDGE & SOLSTICE WAY (__8XI260),__8XI260,04 - At/near private drive,03 - P.D. only,02 - Angle,01 - Clear,01 - Daylight,01 - Dry,10 - No control,,2,0,0,0,,0,,,,,386237.963,5035168.289,45.45169865,-75.4588199,5602
15--1691,2015/01/28,10:15 AM,OTTAWA RIVER PKWY btwn VIMY PLACE PRIV & BOOTH ST (__5VHJ2QB),__5VHJ2QB,01 - Non intersection,02 - Non-fatal injury,03 - Rear end,01 - Clear,01 - Daylight,01 - Dry,10 - No control,,2,0,0,0,01 - Minimal,1,1,,,,366254.0745,5030999.497,45.41623222,-75.71480514,5603
15--1692,2015/01/28,10:18 AM,TERMINAL AVE btwn RAILMARKET PRIV & STEAMLINE ST (__6N4T9G),__6N4T9G,01 - Non intersection,03 - P.D. only,04 - Sideswipe,01 - Clear,01 - Daylight,01 - Dry,10 - No control,,2,0,0,0,,0,,,,,371342.1988,5030889.367,45.41477594,-75.64981629,5604
15--1693,2015/01/28,11:54 AM,BELFAST RD btwn ST. LAURENT BLVD & TRIOLE ST (__3ZA791),__3ZA791,04 - At/near private drive,03 - P.D. only,02 - Angle,01 - Clear,01 - Daylight,01 - Dry,10 - No control,,2,0,0,0,,0,,,,,372963.2945,5030617.177,45.41217087,-75.62914421,5605
15--1694,2015/01/28,12:00 PM,MAIN ST @ RIVERDALE AVE (0007229),7229,03 - At intersection,03 - P.D. only,05 - Turning movement,01 - Clear,01 - Daylight,01 - Dry,01 - Traffic signal,01 - Functioning,2,0,0,0,,0,,,,,369431.7411,5029531.048,45.40273334,-75.67440096,5606
15--1695,2015/01/28,12:04 PM,RIVERSIDE DR S @ TERMINAL AVE S (0007137),7137,03 - At intersection,03 - P.D. only,05 - Turning movement,01 - Clear,01 - Daylight,01 - Dry,10 - No control,,2,0,0,0,,0,,,,,370585.7539,5030623.425,45.41245462,-75.65951554,5607
15--1696,2015/01/28,12:06 PM,CYRVILLE RD @ INNES RD (0009352),9352,03 - At intersection,03 - P.D. only,02 - Angle,01 - Clear,01 - Daylight,01 - Dry,01 - Traffic signal,01 - Functioning,2,0,0,0,,0,,,,,375046.7608,5031118.118,45.41647203,-75.60245763,5608
15--1697,2015/01/28,12:10 PM,PETER MORAND CRES btwn ROGER GUINDON AVE & ROGER GUINDON AVE (__3ZAZAK),__3ZAZAK,04 - At/near private drive,03 - P.D. only,06 - SMV unattended vehicle,01 - Clear,01 - Daylight,01 - Dry,10 - No control,,1,0,0,0,,0,,,,,372037.8521,5029669.647,45.40373493,-75.64109556,5609
15--1698,2015/01/28,12:10 PM,ST. LAURENT BLVD @ COVENTRY RD/OGILVIE RD (0002151),2151,02 - Intersection related,03 - P.D. only,04 - Sideswipe,01 - Clear,01 - Daylight,01 - Dry,01 - Traffic signal,01 - Functioning,2,0,0,0,,0,,,,,372304.7556,5031952.057,45.42424534,-75.63737388,5610
15--1699,2015/01/28,12:18 PM,MERIVALE RD @ WEST HUNT CLUB RD (0000584),584,02 - Intersection related,02 - Non-fatal injury,03 - Rear end,01 - Clear,01 - Daylight,02 - Wet,01 - Traffic signal,01 - Functioning,2,0,0,0,01 - Minimal,1,1,,,,365613.6591,5021942.016,45.33479073,-75.72410229,5611
15--17,2015/01/01,5:30 PM,OLD TENTH LINE RD @ TENTH LINE RD (0009223),9223,02 - Intersection related,03 - P.D. only,03 - Rear end,03 - Snow,05 - Dusk,02 - Wet,01 - Traffic signal,01 - Functioning,2,0,0,0,,0,,,,,383042.979,5038359.461,45.48077499,-75.4991532,5612
15--170,2015/01/04,7:50 AM,HIGHWAY 417 btwn HWY417 IC117 RAMP26 & HWY417 IC117 RAMP61 (__3ZA2YM),__3ZA2YM,01 - Non intersection,03 - P.D. only,07 - SMV other,03 - Snow,03 - Dawn,03 - Loose snow,10 - No control,,1,0,0,0,,0,,,,,370901.3296,5031251.597,45.41807692,-75.6553999,5613
15--1700,2015/01/28,12:48 PM,RIVERSIDE DR @ SMYTH RD NORTH SIDE RAMP (0011479),11479,02 - Intersection related,03 - P.D. only,04 - Sideswipe,01 - Clear,01 - Daylight,02 - Wet,01 - Traffic signal,01 - Functioning,3,0,0,0,,0,,,,,369937.566,5029317.826,45.40076796,-75.66796845,5614
15--1701,2015/01/28,12:54 PM,BASELINE RD/HERON RD @ PRINCE OF WALES DR (0002345),2345,02 - Intersection related,03 - P.D. only,03 - Rear end,01 - Clear,01 - Daylight,01 - Dry,01 - Traffic signal,01 - Functioning,2,0,0,0,,0,,,,,366872.7426,5026436.123,45.37511757,-75.7074754,5615
15--1702,2015/01/28,12:55 PM,BOTELER ST @ SUSSEX DR (0011436),11436,03 - At intersection,03 - P.D. only,02 - Angle,01 - Clear,01 - Daylight,01 - Dry,01 - Traffic signal,01 - Functioning,2,0,0,0,,0,,,,,367452.2754,5032952.453,45.43369802,-75.69924889,5616
15--1703,2015/01/28,2:21 PM,FROBISHER LANE W @ RIVERSIDE DR (0011961),11961,02 - Intersection related,02 - Non-fatal injury,03 - Rear end,01 - Clear,01 - Daylight,01 - Dry,01 - Traffic signal,01 - Functioning,2,0,0,0,01 - Minimal,2,2,,,,370118.7151,5029601.708,45.40330535,-75.6656172,5617
15--1704,2015/01/28,2:30 PM,BLAIR RD @ OGILVIE RD (0004120),4120,02 - Intersection related,03 - P.D. only,03 - Rear end,01 - Clear,01 - Daylight,01 - Dry,01 - Traffic signal,01 - Functioning,2,0,0,0,,0,,,,,374506.7598,5033196.165,45.43522319,-75.60906229,5618
15--1705,2015/01/28,3:35 PM,PLACE D'ORLEANS @ CENTRUM BLVD/PLACE D'ORLEANS (0004167),4167,02 - Intersection related,03 - P.D. only,02 - Angle,01 - Clear,01 - Daylight,01 - Dry,01 - Traffic signal,01 - Functioning,2,0,0,0,,0,,,,,381964.0049,5038140.33,45.47892353,-75.51298728,5619
15--1706,2015/01/28,4:15 PM,AIRPORT PKWY PRIV WB @ AIRPORT PKWY PRIV RAMP (0013153),13153,03 - At intersection,03 - P.D. only,02 - Angle,01 - Clear,01 - Daylight,01 - Dry,02 - Stop sign,01 - Functioning,2,0,0,0,,0,,,,,370430.8383,5020753.627,45.32366388,-75.66280569,5620
15--1707,2015/01/28,4:17 PM,DEVINE RD btwn ROCKDALE RD & TRUDEAU AVE (__3ZA5FZ),__3ZA5FZ,04 - At/near private drive,02 - Non-fatal injury,05 - Turning movement,01 - Clear,01 - Daylight,01 - Dry,10 - No control,,2,0,0,0,02 - Minor,1,,1,,,395146.4421,5024203.289,45.3519543,-75.34695622,5621
15--1708,2015/01/28,4:27 PM,MCCARTHY RD @ SOUTHMORE DR (0007491),7491,03 - At intersection,02 - Non-fatal injury,07 - SMV other,01 - Clear,05 - Dusk,01 - Dry,02 - Stop sign,01 - Functioning,1,0,0,1,02 - Minor,1,,1,,,369449.7225,5024836.082,45.36048784,-75.6747861,5622
15--1709,2015/01/28,4:36 PM,BAYVIEW DR btwn RITCHIE AVE & DORIS CURRIE RD (__3ZACC9),__3ZACC9,04 - At/near private drive,03 - P.D. only,06 - SMV unattended vehicle,01 - Clear,01 - Daylight,01 - Dry,10 - No control,,1,0,0,0,,0,,,,,335412.8337,5040372.461,45.50260196,-76.10826423,5623
15--171,2015/01/04,7:50 PM,BASELINE RD @ FISHER AVE (0002346),2346,02 - Intersection related,03 - P.D. only,99 - Other,04 - Freezing Rain,07 - Dark,06 - Ice,01 - Traffic signal,01 - Functioning,2,0,0,0,,0,,,,,366167.6575,5026027.087,45.37149925,-75.71652767,5624
15--1710,2015/01/28,4:37 PM,DATA CENTRE RD @ HERON RD (0007176),7176,02 - Intersection related,03 - P.D. only,03 - Rear end,01 - Clear,01 - Daylight,01 - Dry,02 - Stop sign,01 - Functioning,2,0,0,0,,0,,,,,368942.2069,5026733.384,45.37760585,-75.68101722,5625
15--1711,2015/01/28,4:51 PM,OGILVIE RD @ CITY PARK DR E/CSIS HQ ACCESS (0003696),3696,02 - Intersection related,02 - Non-fatal injury,07 - SMV other,01 - Clear,05 - Dusk,01 - Dry,01 - Traffic signal,01 - Functioning,1,0,0,1,02 - Minor,1,,1,,,374188.7282,5033011.059,45.43358934,-75.61315272,5626
15--1712,2015/01/28,4:55 PM,CYRVILLE RD btwn STAR TOP RD & MEADOWBROOK RD (__3ZA3SN),__3ZA3SN,04 - At/near private drive,03 - P.D. only,02 - Angle,01 - Clear,05 - Dusk,01 - Dry,10 - No control,,2,0,0,0,,0,,,,,374294.5952,5031333.943,45.41848902,-75.61203644,5627
15--1713,2015/01/28,5:10 PM,BRONSON AVE btwn SECOND AVE & THIRD AVE (__3ZA3OM),__3ZA3OM,01 - Non intersection,03 - P.D. only,04 - Sideswipe,01 - Clear,05 - Dusk,01 - Dry,10 - No control,,2,0,0,0,,0,,,,,367542.2677,5029105.464,45.39907595,-75.69858862,5628
15--1714,2015/01/28,5:23 PM,RIDEAU ST @ WALLER ST (0011913),11913,03 - At intersection,03 - P.D. only,03 - Rear end,01 - Clear,05 - Dusk,01 - Dry,01 - Traffic signal,01 - Functioning,2,0,0,0,,0,,,,,368283.7118,5032274.102,45.42751947,-75.68871092,5629
15--1715,2015/01/28,5:30 PM,CARLING AVE @ KIRKWOOD AVE N (0002358),2358,03 - At intersection,03 - P.D. only,05 - Turning movement,01 - Clear,05 - Dusk,01 - Dry,01 - Traffic signal,01 - Functioning,2,0,0,0,,0,,,,,364274.7283,5027491.125,45.38483563,-75.74051593,5630
15--1716,2015/01/28,5:53 PM,KANATA AVE @ EARL GREY DR (0012608),12608,02 - Intersection related,03 - P.D. only,03 - Rear end,01 - Clear,07 - Dark,01 - Dry,01 - Traffic signal,01 - Functioning,2,0,0,0,,0,,,,,350951.9952,5019284.776,45.31199779,-75.91140089,5631
15--1717,2015/01/28,6:19 PM,WIGGINS PRIV btwn CHAPEL CRES & GOULBURN CRES (2) (__3ZBO9Z),__3ZBO9Z,01 - Non intersection,03 - P.D. only,01 - Approaching,01 - Clear,07 - Dark,02 - Wet,10 - No control,,2,0,0,0,,0,,,,,369803.5255,5031448.22,45.41994891,-75.6693995,5632
15--1718,2015/01/28,6:20 AM,GREENBANK RD btwn WEST HUNT CLUB RD & FALLOWFIELD RD (__3ZA1NE),__3ZA1NE,01 - Non intersection,03 - P.D. only,03 - Rear end,01 - Clear,07 - Dark,04 - Slush,10 - No control,,2,0,0,0,,0,,,,,361508.5927,5020435.491,45.3215788,-75.77664545,5633
15--1719,2015/01/28,6:22 PM,GREENBANK RD @ WEST HUNT CLUB RD (0005167),5167,02 - Intersection related,03 - P.D. only,03 - Rear end,01 - Clear,07 - Dark,01 - Dry,01 - Traffic signal,01 - Functioning,2,0,0,0,,0,,,,,361480.6409,5020501.997,45.32217948,-75.77699435,5634
15--172,2015/01/04,8:18 PM,KLONDIKE RD @ MARCH VALLEY RD (0012141),12141,02 - Intersection related,02 - Non-fatal injury,07 - SMV other,03 - Snow,07 - Dark,03 - Loose snow,02 - Stop sign,01 - Functioning,1,0,0,0,01 - Minimal,2,2,,,,350279.5804,5024992.041,45.36339694,-75.91945152,5635
15--1720,2015/01/28,6:30 PM,VANIER PKWY/CRICHTON ST @ BEECHWOOD AVE/ST. PA (0001604),1604,02 - Intersection related,02 - Non-fatal injury,03 - Rear end,01 - Clear,07 - Dark,01 - Dry,01 - Traffic signal,01 - Functioning,2,0,0,0,01 - Minimal,1,1,,,,369127.6735,5033487.211,45.43835745,-75.67776814,5636
15--1721,2015/01/28,6:42 PM,ALTA VISTA DR @ SMYTH RD (0011353),11353,02 - Intersection related,02 - Non-fatal injury,03 - Rear end,01 - Clear,07 - Dark,01 - Dry,01 - Traffic signal,01 - Functioning,2,0,0,0,02 - Minor,1,,1,,,370432.7159,5029083.003,45.39860886,-75.6616756,5637