Anom_ID,Accident_Date,Accident_Time,Location,Geo_ID,Accident_Location,Classification_of_Accident,Initial_Impact_Type,Environment_Condition,Light,Road_Surface_Condition,Traffic_Control,Traffic_Control_Condition,No__of_Vehicles,No__of_Bicycles,No__of_Motorcycles,No__of_Pedestrians,Max_Injury,No__of_Injuries,No__of_Minimal,No__of_Minor,No__of_Major,No__of_Fatal,X,Y,Latitude,Longitude,ObjectId
15--1722,2015/01/28,6:49 PM,BURRIS LANE @ MERIVALE RD (0002014),2014,03 - At intersection,03 - P.D. only,02 - Angle,01 - Clear,07 - Dark,01 - Dry,01 - Traffic signal,01 - Functioning,2,0,0,0,,0,,,,,364880.7064,5025067.038,45.3629724,-75.73307325,5638
15--1723,2015/01/28,6:59 AM,LYON ST @ WELLINGTON ST (0002388),2388,03 - At intersection,03 - P.D. only,05 - Turning movement,01 - Clear,03 - Dawn,01 - Dry,01 - Traffic signal,01 - Functioning,2,0,0,0,,0,,,,,366936.2349,5031426.648,45.42001535,-75.7060362,5639
15--1724,2015/01/28,7:05 PM,RIDGEWOOD AVE @ RIVERSIDE DR (0007180),7180,02 - Intersection related,03 - P.D. only,04 - Sideswipe,01 - Clear,07 - Dark,02 - Wet,01 - Traffic signal,01 - Functioning,2,0,0,0,,0,,,,,368282.6324,5025610.014,45.36755814,-75.68958235,5640
15--1725,2015/01/28,7:15 AM,MONTREAL RD btwn BETHAMY LANE & OGILVIE RD (__3ZA2DX),__3ZA2DX,01 - Non intersection,03 - P.D. only,03 - Rear end,01 - Clear,03 - Dawn,01 - Dry,10 - No control,,3,0,0,0,,0,,,,,375571.8521,5034503.613,45.44687984,-75.59526279,5641
15--1726,2015/01/28,7:15 PM,BANK ST btwn TURN LANE & MITCH OWENS RD (__3ZA28S),__3ZA28S,01 - Non intersection,03 - P.D. only,07 - SMV other,01 - Clear,07 - Dark,02 - Wet,10 - No control,,1,0,0,0,,0,,,,,377714.6384,5016040.324,45.28053686,-75.57059761,5642
15--1727,2015/01/28,7:45 PM,QUEEN ELIZABETH DRWY @ TORRINGTON PL (0007554),7554,03 - At intersection,03 - P.D. only,02 - Angle,01 - Clear,07 - Dark,01 - Dry,02 - Stop sign,01 - Functioning,2,0,0,0,,0,,,,,367984.1405,5028614.267,45.39461657,-75.69300803,5643
15--1728,2015/01/28,7:47 AM,RIVERSIDE DR NB btwn RIVERSIDE DR SPLIT & DATA CENTRE RD (__5FDUZU),__5FDUZU,01 - Non intersection,03 - P.D. only,03 - Rear end,01 - Clear,03 - Dawn,01 - Dry,10 - No control,,3,0,0,0,,0,,,,,368753.8345,5027540.341,45.38488384,-75.68331762,5644
15--1729,2015/01/28,8:00 AM,HAWTHORNE RD @ HUNT CLUB RD (0007651),7651,02 - Intersection related,03 - P.D. only,03 - Rear end,01 - Clear,01 - Daylight,01 - Dry,01 - Traffic signal,01 - Functioning,2,0,0,0,,0,,,,,375509.6776,5026405.083,45.37401996,-75.59721919,5645
15--173,2015/01/04,8:27 PM,STRANDHERD DR @ WOODROFFE AVE (0009688),9688,03 - At intersection,03 - P.D. only,07 - SMV other,04 - Freezing Rain,07 - Dark,06 - Ice,01 - Traffic signal,01 - Functioning,1,0,0,0,,0,,,,,366104.2263,5015393.703,45.27582695,-75.71865381,5646
15--1730,2015/01/28,8:09 AM,WOODROFFE AVE btwn MEADOWLANDS DR/TALLWOOD DR & NORICE ST (__3ZBOCG),__3ZBOCG,04 - At/near private drive,03 - P.D. only,05 - Turning movement,01 - Clear,01 - Daylight,02 - Wet,10 - No control,,2,0,0,0,,0,,,,,363129.4528,5022545.059,45.34042777,-75.75572348,5647
15--14954,2015/12/28,3:42 PM,BESSERER ST @ WALLER ST (0008859),8859,02 - Intersection related,03 - P.D. only,04 - Sideswipe,01 - Clear,01 - Daylight,01 - Dry,01 - Traffic signal,01 - Functioning,2,0,0,0,,0,,,,,368315.9333,5032190.534,45.42676463,-75.68830997,5648
15--14595,2015/12/17,3:49 PM,HOLLAND AVE @ KENILWORTH ST (0006299),6299,02 - Intersection related,02 - Non-fatal injury,03 - Rear end,02 - Rain,01 - Daylight,02 - Wet,01 - Traffic signal,01 - Functioning,2,0,0,0,01 - Minimal,1,1,,,,365214.6973,5028496.551,45.3938018,-75.72839065,5649
15--14684,2015/12/19,3:25 PM,NIXON DR btwn SNAKE ISLAND RD & CABIN RD (__3ZA72K),__3ZA72K,01 - Non intersection,03 - P.D. only,01 - Approaching,03 - Snow,01 - Daylight,06 - Ice,10 - No control,,2,0,0,0,,0,,,,,373464.8661,5002690.232,45.16084297,-75.62660176,5650
15--14765,2015/12/21,7:35 AM,MEADOWBROOK RD @ BORTOLOTTI CRES N/CEDARCROFT  (0009443),9443,03 - At intersection,02 - Non-fatal injury,07 - SMV other,02 - Rain,03 - Dawn,02 - Wet,02 - Stop sign,01 - Functioning,1,0,0,1,01 - Minimal,1,1,,,,374423.9304,5031988.31,45.42436381,-75.61029159,5651
15--14596,2015/12/17,4:11 PM,OGILVIE RD @ CITY PARK DR E/CSIS HQ ACCESS (0003696),3696,02 - Intersection related,03 - P.D. only,03 - Rear end,02 - Rain,05 - Dusk,02 - Wet,01 - Traffic signal,01 - Functioning,3,0,0,0,,0,,,,,374189.4502,5033010.577,45.43358493,-75.61314356,5652
15--14955,2015/12/28,3:59 PM,AIRPORT PKWY @ HUNT CLUB RD (0010856),10856,03 - At intersection,03 - P.D. only,03 - Rear end,01 - Clear,01 - Daylight,01 - Dry,01 - Traffic signal,01 - Functioning,2,0,0,0,,0,,,,,371018.528,5023703.72,45.35015278,-75.6549151,5653
15--14685,2015/12/19,3:30 AM,HIGHWAY 417 btwn HWY417 IC126 RAMP61 & HWY417 IC124 RAMP76 (__3ZA2Y2),__3ZA2Y2,01 - Non intersection,03 - P.D. only,07 - SMV other,01 - Clear,07 - Dark,06 - Ice,10 - No control,,1,0,0,0,,0,,,,,363676.6146,5026538.361,45.37631333,-75.74826671,5654
15--14766,2015/12/21,7:54 AM,ROBERTSON RD @ HAANEL DR (0000600),600,02 - Intersection related,03 - P.D. only,03 - Rear end,01 - Clear,01 - Daylight,01 - Dry,02 - Stop sign,00 - Unknown,2,0,0,0,,0,,,,,354997.5409,5019203.627,45.31099007,-75.85981738,5655
15--14597,2015/12/17,4:15 PM,FISHER AVE btwn BASELINE RD & MALIBU TER (__3ZA4JK),__3ZA4JK,01 - Non intersection,03 - P.D. only,05 - Turning movement,02 - Rain,05 - Dusk,02 - Wet,10 - No control,,3,0,0,0,,0,,,,,366206.4048,5025933.226,45.37065131,-75.71604471,5656
15--14956,2015/12/28,4:58 PM,VIEWMOUNT DR btwn CHESTERTON DR & COACH HOUSE GT (__3ZA0A3),__3ZA0A3,01 - Non intersection,03 - P.D. only,06 - SMV unattended vehicle,01 - Clear,07 - Dark,01 - Dry,10 - No control,,1,0,0,0,,0,,,,,366358.4331,5023601.899,45.34966114,-75.71439436,5657
15--14957,2015/12/28,6:54 PM,MARCH RD btwn DUNROBIN RD & MURPHY CRT (__3ZA3DI),__3ZA3DI,01 - Non intersection,03 - P.D. only,07 - SMV other,01 - Clear,07 - Dark,01 - Dry,10 - No control,,1,0,0,0,,0,,,,,347379.7962,5026040.218,45.37301083,-75.9563753,5658
15--14958,2015/12/28,7:00 PM,MEADOWLILLY RD btwn BUCKNELL DR & CACHE BAY (2) (__4BR1TP),__4BR1TP,01 - Non intersection,03 - P.D. only,06 - SMV unattended vehicle,03 - Snow,07 - Dark,03 - Loose snow,10 - No control,,1,0,0,0,,0,,,,,375633.4576,5020622.435,45.32197777,-75.59646725,5659
15--14959,2015/12/28,7:13 PM,GREENBANK RD @ MARKETPLACE AVE (0010406),10406,02 - Intersection related,03 - P.D. only,04 - Sideswipe,01 - Clear,07 - Dark,01 - Dry,01 - Traffic signal,01 - Functioning,2,0,0,0,,0,,,,,364006.9119,5014601.468,45.26887814,-75.745477,5660
15--1496,2015/01/23,9:15 AM,BOOTH ST @ NORMAN ST (0006159),6159,02 - Intersection related,03 - P.D. only,03 - Rear end,01 - Clear,01 - Daylight,02 - Wet,01 - Traffic signal,01 - Functioning,2,0,0,0,,0,,,,,366999.4751,5029321.127,45.40106486,-75.70549388,5661
15--14960,2015/12/28,7:57 PM,FALLOWFIELD RD @ MERIVALE RD (0000587),587,03 - At intersection,03 - P.D. only,05 - Turning movement,01 - Clear,07 - Dark,01 - Dry,01 - Traffic signal,01 - Functioning,2,0,0,0,,0,,,,,366891.7126,5018843.025,45.30679452,-75.70818618,5662
15--14961,2015/12/28,8:50 AM,BANK ST @ CATHERINE ST (0002708),2708,03 - At intersection,03 - P.D. only,02 - Angle,01 - Clear,01 - Daylight,01 - Dry,01 - Traffic signal,01 - Functioning,2,0,0,0,,0,,,,,368038.2614,5030267.572,45.40948762,-75.69210486,5663
15--14962,2015/12/28,9:43 PM,HIGHWAY 416 btwn HWY416 IC75A RAMP26 & HWY416 IC72 RAMP62 (__3ZAZLF),__3ZAZLF,01 - Non intersection,03 - P.D. only,07 - SMV other,01 - Clear,07 - Dark,01 - Dry,10 - No control,,1,0,0,0,,0,,,,,359348.6802,5019847.747,45.31646141,-75.80425917,5664
15--14963,2015/12/28,9:50 AM,CARP RD @ STITTSVILLE MAIN ST (0005253),5253,03 - At intersection,03 - P.D. only,05 - Turning movement,01 - Clear,01 - Daylight,01 - Dry,01 - Traffic signal,01 - Functioning,2,0,0,0,,0,,,,,349524.7861,5014330.925,45.2675138,-75.9300485,5665
15--14964,2015/12/29,1:31 AM,MONTREAL RD @ STE. ANNE ST (0009798),9798,03 - At intersection,03 - P.D. only,02 - Angle,01 - Clear,07 - Dark,01 - Dry,02 - Stop sign,01 - Functioning,2,0,0,0,,0,,,,,370705.8061,5033416.777,45.43757674,-75.65760816,5666
15--14965,2015/12/29,1:31 PM,OLD SECOND LINE RD @ TERRY FOX DR (0013616),13616,03 - At intersection,03 - P.D. only,05 - Turning movement,03 - Snow,01 - Daylight,03 - Loose snow,01 - Traffic signal,01 - Functioning,2,0,0,0,,0,,,,,348795.2,5022408.413,45.34024358,-75.93862864,5667
15--14966,2015/12/29,1:34 AM,HUNT CLUB RD btwn BLOHM DR & HAWTHORNE RD (__3ZA2F2),__3ZA2F2,01 - Non intersection,03 - P.D. only,04 - Sideswipe,05 - Drifting Snow,07 - Dark,03 - Loose snow,10 - No control,,2,0,0,0,,0,,,,,375140.5763,5026196.016,45.37217602,-75.60196086,5668
15--14967,2015/12/29,1:51 PM,CONROY RD @ KINGSDALE AVE (0009357),9357,03 - At intersection,03 - P.D. only,02 - Angle,03 - Snow,01 - Daylight,05 - Packed snow,02 - Stop sign,01 - Functioning,2,0,0,0,,0,,,,,374318.0245,5024120.509,45.35358358,-75.61275308,5669
15--14968,2015/12/29,10:23 PM,GLADECREST CRT btwn VALLEY STREAM DR & VALLEY STREAM DR (__3ZAA2S),__3ZAA2S,01 - Non intersection,03 - P.D. only,06 - SMV unattended vehicle,03 - Snow,07 - Dark,03 - Loose snow,10 - No control,,1,0,0,0,,0,,,,,359918.8874,5021880.393,45.33470669,-75.79676074,5670
15--14969,2015/12/29,10:37 AM,OGILVIE RD btwn CITY PARK DR & BLAIR RD (1) (__3ZA2DOA),__3ZA2DOA,01 - Non intersection,03 - P.D. only,07 - SMV other,02 - Rain,01 - Daylight,06 - Ice,10 - No control,,1,0,0,0,,0,,,,,374293.4213,5033071.227,45.4341203,-75.61180632,5671
15--1497,2015/01/23,9:41 AM,BASELINE RD @ WOODROFFE AVE (0002225),2225,02 - Intersection related,03 - P.D. only,03 - Rear end,01 - Clear,01 - Daylight,01 - Dry,01 - Traffic signal,01 - Functioning,2,0,0,0,,0,,,,,362550.6541,5023771.95,45.35151514,-75.76296501,5672
15--14970,2015/12/29,11:00 PM,RAMP btwn AIRPORT PKWY & Continuation of RAMP (__3ZAY8U),__3ZAY8U,01 - Non intersection,03 - P.D. only,07 - SMV other,01 - Clear,07 - Dark,04 - Slush,10 - No control,,1,0,0,0,,0,,,,,371111.6688,5023627.186,45.34945535,-75.65373683,5673
15--14971,2015/12/29,11:21 PM,REGIONAL ROAD 174 btwn OR174 IC109 RAMP64 & OR174 IC105 RAMP16 (__3ZA2XD),__3ZA2XD,01 - Non intersection,03 - P.D. only,07 - SMV other,03 - Snow,07 - Dark,03 - Loose snow,10 - No control,,1,0,0,0,,0,,,,,377627.5461,5036030.607,45.46040753,-75.56876043,5674
15--14972,2015/12/29,11:50 AM,HWY 416 ACRES IC75R24 @ HOLLY ACRES RD (0005257),5257,03 - At intersection,02 - Non-fatal injury,03 - Rear end,03 - Snow,01 - Daylight,03 - Loose snow,01 - Traffic signal,01 - Functioning,2,0,0,0,01 - Minimal,1,1,,,,358758.6864,5022869.896,45.34370045,-75.81145427,5675
15--14973,2015/12/29,11:57 AM,REVELSTOKE DR @ RIVERSIDE DR (0006918),6918,03 - At intersection,03 - P.D. only,05 - Turning movement,05 - Drifting Snow,01 - Daylight,03 - Loose snow,01 - Traffic signal,01 - Functioning,2,0,0,0,,0,,,,,368216.9903,5024423.518,45.35688828,-75.69057251,5676
15--14974,2015/12/29,12:37 PM,UPLANDS DR @ AIRPORT PKWY RAMP 35 (0009397),9397,02 - Intersection related,03 - P.D. only,03 - Rear end,03 - Snow,01 - Daylight,06 - Ice,01 - Traffic signal,01 - Functioning,2,0,0,0,,0,,,,,371123.5454,5021374.845,45.32918833,-75.65388719,5677
15--14975,2015/12/29,2:07 AM,RICHMOND RD btwn WEST HUNT CLUB RD & STONEHAVEN DR (__3ZA41H),__3ZA41H,01 - Non intersection,03 - P.D. only,03 - Rear end,03 - Snow,07 - Dark,03 - Loose snow,10 - No control,,2,0,0,0,,0,,,,,357103.77,5017956.794,45.29961719,-75.83308944,5678
15--14976,2015/12/29,2:10 PM,DUNROBIN RD btwn KINBURN SIDE RD & VANCES SIDE RD (__3ZA3FG),__3ZA3FG,04 - At/near private drive,03 - P.D. only,05 - Turning movement,03 - Snow,01 - Daylight,03 - Loose snow,10 - No control,,2,0,0,0,,0,,,,,338983.9407,5034841.171,45.45266441,-76.06295293,5679
15--14977,2015/12/29,2:25 PM,RIVERBREEZE ST btwn KING'S CREEK LANE & RIVER MIST RD (__61W6W6),__61W6W6,01 - Non intersection,03 - P.D. only,06 - SMV unattended vehicle,03 - Snow,01 - Daylight,06 - Ice,10 - No control,,1,0,0,0,,0,,,,,364241.3155,5012798.995,45.25263967,-75.74270571,5680
15--14978,2015/12/29,2:30 PM,KNUDSON DR @ SHERK CRES N (0003267),3267,02 - Intersection related,03 - P.D. only,99 - Other,03 - Snow,01 - Daylight,03 - Loose snow,02 - Stop sign,00 - Unknown,2,0,0,0,,0,,,,,351300.3319,5020373.477,45.32177121,-75.90685642,5681
15--14979,2015/12/29,2:54 PM,ALBERT ST btwn SCOTT ST & CITY CENTRE AVE (2) (__3ZA32WB),__3ZA32WB,01 - Non intersection,03 - P.D. only,07 - SMV other,03 - Snow,01 - Daylight,03 - Loose snow,10 - No control,,1,0,0,0,,0,,,,,365862.9613,5030304.112,45.41000957,-75.71988806,5682
15--1498,2015/01/24,1:55 PM,STAFFORD RD btwn BEXLEY PL & RICHMOND RD (__3ZBNFY),__3ZBNFY,04 - At/near private drive,03 - P.D. only,05 - Turning movement,01 - Clear,01 - Daylight,02 - Wet,10 - No control,,2,0,0,0,,0,,,,,358092.3546,5021191.991,45.3286535,-75.82013716,5683
15--14980,2015/12/29,3:30 PM,BANK ST @ SUNNYSIDE AVE (0007219),7219,02 - Intersection related,03 - P.D. only,04 - Sideswipe,03 - Snow,01 - Daylight,03 - Loose snow,01 - Traffic signal,01 - Functioning,2,0,0,0,,0,,,,,368733.9867,5028581.549,45.39425412,-75.68343615,5684
15--14981,2015/12/29,4:47 PM,FIRST AVE btwn CHRYSLER ST & PERCY ST (__3ZA91G),__3ZA91G,04 - At/near private drive,03 - P.D. only,02 - Angle,03 - Snow,05 - Dusk,03 - Loose snow,10 - No control,,2,0,0,0,,0,,,,,367720.2219,5029373.059,45.40146772,-75.69628169,5685
15--14982,2015/12/29,4:48 AM,EAGLESON RD btwn EAGLESON BUSINESS CENTRE & MICHAEL COWPLAND DR/STONEH (__3ZA41JB),__3ZA41JB,04 - At/near private drive,03 - P.D. only,02 - Angle,03 - Snow,07 - Dark,03 - Loose snow,10 - No control,,2,0,0,0,,0,,,,,354327.9231,5016763.469,45.28908057,-75.86860043,5686
15--14983,2015/12/29,5:43 AM,REGIONAL ROAD 174 btwn OR174 IC109 RAMP86 & OR174 IC109 RAMP64 (__3ZA28U),__3ZA28U,01 - Non intersection,03 - P.D. only,04 - Sideswipe,03 - Snow,07 - Dark,03 - Loose snow,10 - No control,,2,0,0,0,,0,,,,,376525.0085,5035153.214,45.45262738,-75.58298462,5687
15--14984,2015/12/29,6:03 PM,COLONEL BY DR btwn LEONARD AVE & ROSEDALE AVE (__3ZA21J),__3ZA21J,01 - Non intersection,03 - P.D. only,01 - Approaching,03 - Snow,07 - Dark,03 - Loose snow,10 - No control,,2,0,0,0,,0,,,,,368270.0334,5028604.502,45.39450285,-75.68935821,5688
15--14985,2015/12/29,6:25 AM,MONTREAL RD @ ST. LAURENT BLVD (0002604),2604,03 - At intersection,03 - P.D. only,05 - Turning movement,03 - Snow,07 - Dark,03 - Loose snow,01 - Traffic signal,01 - Functioning,2,0,0,0,,0,,,,,371545.7029,5033818.317,45.44110993,-75.64681954,5689
15--14986,2015/12/29,7:23 PM,DALY AVE @ NICHOLAS ST (0011451),11451,02 - Intersection related,03 - P.D. only,03 - Rear end,02 - Rain,07 - Dark,05 - Packed snow,01 - Traffic signal,01 - Functioning,2,0,0,0,,0,,,,,368228.423,5032045.852,45.42547077,-75.68944681,5690
15--14987,2015/12/29,7:28 PM,LESTER RD btwn ALBION RD & UPLANDS DR (__3ZA2SC),__3ZA2SC,01 - Non intersection,02 - Non-fatal injury,01 - Approaching,03 - Snow,07 - Dark,03 - Loose snow,10 - No control,,2,0,0,0,02 - Minor,3,,3,,,371836.4218,5021880.242,45.33366801,-75.64472534,5691
15--14988,2015/12/29,7:49 PM,PARKDALE AVE @ GLADSTONE AVE (0002362),2362,02 - Intersection related,02 - Non-fatal injury,03 - Rear end,03 - Snow,07 - Dark,03 - Loose snow,01 - Traffic signal,01 - Functioning,2,0,0,0,02 - Minor,1,,1,,,365216.5759,5029118.271,45.39939574,-75.72829052,5692
15--14989,2015/12/29,8:22 AM,BERRIGAN DR @ TRANSITWAY SW (0010679),10679,03 - At intersection,03 - P.D. only,02 - Angle,03 - Snow,01 - Daylight,03 - Loose snow,01 - Traffic signal,01 - Functioning,2,0,0,0,,0,,,,,363894.8143,5015346.843,45.27559446,-75.74681672,5693
15--1499,2015/01/24,10:14 PM,GREENBANK RD btwn MALVERN DR & HIGHBURY PARK DR (__3ZAZK0),__3ZAZK0,01 - Non intersection,03 - P.D. only,03 - Rear end,03 - Snow,07 - Dark,03 - Loose snow,10 - No control,,3,0,0,0,,0,,,,,363317.4695,5016180.457,45.28314363,-75.75407626,5694
15--14990,2015/12/29,8:23 PM,CHARLEMAGNE BLVD btwn BOTTRIELL WAY & PRINCESS LOUISE DR (__3ZA608),__3ZA608,01 - Non intersection,03 - P.D. only,07 - SMV other,01 - Clear,07 - Dark,05 - Packed snow,10 - No control,,1,0,0,0,,0,,,,,383770.4982,5037989.052,45.47736048,-75.48990813,5695
15--14991,2015/12/29,8:29 PM,MARCH RD @ SOLANDT RD (0003172),3172,02 - Intersection related,03 - P.D. only,04 - Sideswipe,03 - Snow,07 - Dark,03 - Loose snow,01 - Traffic signal,01 - Functioning,2,0,0,0,,0,,,,,350490.3305,5022709.78,45.34284699,-75.91697233,5696
15--14992,2015/12/29,9:04 AM,TRIOLE ST btwn TRIOLE ST & END (__4VCMRB),__4VCMRB,01 - Non intersection,03 - P.D. only,07 - SMV other,03 - Snow,01 - Daylight,03 - Loose snow,10 - No control,,1,0,0,0,,0,,,,,372818.5524,5031008.448,45.41570542,-75.63093922,5697
15--14993,2015/12/29,9:05 PM,SHEARWATER PRIV @ UPLANDS DR (0007306),7306,02 - Intersection related,03 - P.D. only,02 - Angle,03 - Snow,07 - Dark,03 - Loose snow,10 - No control,,2,0,0,0,,0,,,,,369706.7236,5023333.259,45.34694211,-75.67170327,5698
15--14994,2015/12/29,9:30 PM,THIRD AVE btwn PERCY ST & LYON ST S (__3ZA918),__3ZA918,01 - Non intersection,03 - P.D. only,06 - SMV unattended vehicle,03 - Snow,07 - Dark,05 - Packed snow,10 - No control,,1,0,0,0,,0,,,,,368009.2711,5029357.774,45.40130415,-75.69259181,5699
15--14995,2015/12/29,9:44 PM,MERIVALE RD btwn RAVEN AVE & LAROSE AVE (__3ZA30G),__3ZA30G,01 - Non intersection,03 - P.D. only,07 - SMV other,03 - Snow,07 - Dark,03 - Loose snow,10 - No control,,1,0,0,0,,0,,,,,364844.6685,5026912.283,45.37957869,-75.73330892,5700
15--14996,2015/12/29,9:51 PM,HIGHWAY 417 btwn HWY417 IC124 RAMP57 & HWY417 IC124 RAMP55 (__3ZA2Y1),__3ZA2Y1,01 - Non intersection,03 - P.D. only,07 - SMV other,01 - Clear,07 - Dark,03 - Loose snow,10 - No control,,1,0,0,0,,0,,,,,364118.1787,5027100.388,45.38133312,-75.74256182,5701
15--14997,2015/12/30,1:09 PM,GOULBOURN FORCED RD btwn TERRY FOX DR & KANATA ROCKERIES PRIV (__5UAEGG),__5UAEGG,01 - Non intersection,03 - P.D. only,07 - SMV other,01 - Clear,01 - Daylight,05 - Packed snow,10 - No control,,1,0,0,0,,0,,,,,349304.5584,5021823.908,45.33495193,-75.9321822,5702
15--14998,2015/12/30,1:15 PM,CYRVILLE RD @ INNES RD (0009352),9352,02 - Intersection related,03 - P.D. only,04 - Sideswipe,04 - Freezing Rain,01 - Daylight,02 - Wet,01 - Traffic signal,01 - Functioning,2,0,0,0,,0,,,,,375047.0027,5031118.842,45.41647852,-75.60245444,5703
15--14999,2015/12/30,10:06 PM,OTTAWA RIVER PKWY @ PORTAGE BRIDGE (0009072),9072,02 - Intersection related,02 - Non-fatal injury,03 - Rear end,03 - Snow,07 - Dark,04 - Slush,01 - Traffic signal,01 - Functioning,2,0,0,0,01 - Minimal,2,2,,,,366516.2175,5031314.514,45.41904358,-75.71141662,5704
15--15,2015/01/01,4:51 AM,HUNT CLUB RD btwn MALAK ST & ESSON ST (__3ZA3S7),__3ZA3S7,01 - Non intersection,03 - P.D. only,07 - SMV other,01 - Clear,07 - Dark,01 - Dry,10 - No control,,1,0,0,0,,0,,,,,374210.1205,5025666.529,45.36750471,-75.61391296,5705
15--150,2015/01/04,3:10 PM,ST. LAURENT BLVD btwn TO BE DETERMINED & DWELLINGHAM PRIV (__3ZA1L3),__3ZA1L3,01 - Non intersection,03 - P.D. only,04 - Sideswipe,03 - Snow,01 - Daylight,04 - Slush,10 - No control,,2,0,0,0,,0,,,,,373498.043,5029048.705,45.39800621,-75.62253158,5706
15--1500,2015/01/24,10:24 AM,BAY ST @ SOMERSET ST (0007204),7204,03 - At intersection,03 - P.D. only,02 - Angle,01 - Clear,01 - Daylight,01 - Dry,02 - Stop sign,01 - Functioning,2,0,0,0,,0,,,,,367244.2505,5030645.086,45.41295567,-75.70219986,5707
15--15000,2015/12/30,10:15 AM,KEYROCK DR btwn TORBEC AVE & BRUNSKILL WAY (__54M2NK),__54M2NK,01 - Non intersection,03 - P.D. only,06 - SMV unattended vehicle,02 - Rain,01 - Daylight,05 - Packed snow,10 - No control,,1,0,0,0,,0,,,,,349463.5804,5020172.693,45.32008376,-75.93030236,5708
15--15001,2015/12/30,10:56 AM,CATHERINE ST btwn HWY417 IC120B RAMP36 & KENT ST (__3ZBOE0),__3ZBOE0,04 - At/near private drive,03 - P.D. only,02 - Angle,01 - Clear,01 - Daylight,02 - Wet,10 - No control,,2,0,0,0,,0,,,,,367815.7504,5030131.208,45.40828072,-75.69496467,5709
15--15002,2015/12/30,11:20 AM,BANK ST btwn ALTA VISTA DR & WALKLEY RD (__3ZA4TX),__3ZA4TX,01 - Non intersection,03 - P.D. only,03 - Rear end,01 - Clear,01 - Daylight,04 - Slush,10 - No control,,2,0,0,0,,0,,,,,370334.9639,5025957.121,45.37049241,-75.66333906,5710
15--15003,2015/12/30,11:30 AM,WALKLEY RD btwn COLLISTON CRES & CEDARWOOD DR (__3ZA370),__3ZA370,01 - Non intersection,03 - P.D. only,99 - Other,01 - Clear,01 - Daylight,04 - Slush,10 - No control,,2,0,0,0,,0,,,,,371121.4694,5026409.989,45.37449317,-75.65323832,5711
15--15004,2015/12/30,11:36 PM,DUNROBIN RD btwn PORCUPINE TR & THOMAS A. DOLAN PKWY (__3ZA3EC),__3ZA3EC,01 - Non intersection,03 - P.D. only,07 - SMV other,03 - Snow,07 - Dark,05 - Packed snow,10 - No control,,1,0,0,0,,0,,,,,341959.5981,5031862.313,45.42570809,-76.02513484,5712
15--15005,2015/12/30,11:37 AM,BARNSDALE RD @ PRINCE OF WALES DR (0001082),1082,03 - At intersection,03 - P.D. only,02 - Angle,01 - Clear,01 - Daylight,02 - Wet,02 - Stop sign,01 - Functioning,2,0,0,0,,0,,,,,366645.9742,5011532.413,45.24103575,-75.71223028,5713
15--15006,2015/12/30,Unknown,ROCHESTER ST btwn SPRUCE ST & SOMERSET ST W (__3ZA0WN),__3ZA0WN,01 - Non intersection,03 - P.D. only,06 - SMV unattended vehicle,03 - Snow,00 - Unknown,02 - Wet,10 - No control,,1,0,0,0,,0,,,,,366466.0029,5030236.762,45.40935069,-75.71219303,5714
15--15007,2015/12/30,2:00 PM,GREENBANK RD @ STRANDHERD DR (0005563),5563,02 - Intersection related,03 - P.D. only,03 - Rear end,01 - Clear,01 - Daylight,02 - Wet,01 - Traffic signal,01 - Functioning,2,0,0,0,,0,,,,,363932.9619,5014783.695,45.27052404,-75.74639762,5715
15--15008,2015/12/30,2:18 PM,WOODROFFE AVE btwn TO BE DETERMINED & END (__3ZAA6F),__3ZAA6F,04 - At/near private drive,03 - P.D. only,02 - Angle,01 - Clear,01 - Daylight,01 - Dry,10 - No control,,2,0,0,0,,0,,,,,366693.1102,5013959.985,45.26287484,-75.71132766,5716
15--15009,2015/12/30,2:27 PM,FISHER AVE @ NORMANDY CRES N (0003142),3142,02 - Intersection related,03 - P.D. only,03 - Rear end,01 - Clear,01 - Daylight,03 - Loose snow,02 - Stop sign,00 - Unknown,3,0,0,0,,0,,,,,366684.7045,5024783.244,45.36026194,-75.71008302,5717
15--1501,2015/01/24,10:40 PM,GREENBANK RD btwn MALVERN DR & HIGHBURY PARK DR (__3ZAZK0),__3ZAZK0,01 - Non intersection,03 - P.D. only,07 - SMV other,03 - Snow,07 - Dark,03 - Loose snow,10 - No control,,1,0,0,0,,0,,,,,363321.325,5016173.71,45.2830826,-75.75402791,5718
15--15010,2015/12/30,2:31 PM,BILLINGS BRIDGESC RAMP SB @ RIVERSIDE DR EB (0010763),10763,03 - At intersection,02 - Non-fatal injury,02 - Angle,01 - Clear,01 - Daylight,04 - Slush,02 - Stop sign,01 - Functioning,2,0,0,0,02 - Minor,2,,2,,,369177.3174,5027785.715,45.38705284,-75.67787835,5719
15--15011,2015/12/30,3:14 PM,BLAIR RD btwn MONTREAL RD & SEGUIN ST (__3ZA2E2),__3ZA2E2,01 - Non intersection,03 - P.D. only,04 - Sideswipe,01 - Clear,01 - Daylight,04 - Slush,10 - No control,,2,0,0,0,,0,,,,,374033.4386,5034407.094,45.44616549,-75.61494084,5720
15--15012,2015/12/30,3:33 PM,MONTREAL RD btwn MARIER AVE & BEGIN ST (__3ZA3L4),__3ZA3L4,04 - At/near private drive,03 - P.D. only,02 - Angle,03 - Snow,01 - Daylight,02 - Wet,10 - No control,,2,0,0,0,,0,,,,,370446.628,5033278.212,45.43635437,-75.66093903,5721