Anom_ID,Accident_Date,Accident_Time,Location,Geo_ID,Accident_Location,Classification_of_Accident,Initial_Impact_Type,Environment_Condition,Light,Road_Surface_Condition,Traffic_Control,Traffic_Control_Condition,No__of_Vehicles,No__of_Bicycles,No__of_Motorcycles,No__of_Pedestrians,Max_Injury,No__of_Injuries,No__of_Minimal,No__of_Minor,No__of_Major,No__of_Fatal,X,Y,Latitude,Longitude,ObjectId
15--15013,2015/12/30,4:15 PM,DEAKIN ST @ PRINCE OF WALES DR (0001073),1073,02 - Intersection related,02 - Non-fatal injury,03 - Rear end,01 - Clear,05 - Dusk,06 - Ice,01 - Traffic signal,01 - Functioning,2,0,0,0,01 - Minimal,1,1,,,,367392.1551,5021523.488,45.33086849,-75.70146627,5722
15--15014,2015/12/30,4:15 PM,HWY417 IC118 RAMP52 btwn HWY417 IC118 RAMP57 & HWY417 IC118 RAMP62 (__6KCF0O),__6KCF0O,01 - Non intersection,03 - P.D. only,03 - Rear end,01 - Clear,05 - Dusk,02 - Wet,10 - No control,,2,0,0,0,,0,,,,,369455.5647,5031080.035,45.41666837,-75.67389351,5723
15--15015,2015/12/30,4:25 PM,BEATRICE DR btwn BLACKPOOL LANE & BURNTWOOD AVE (__3ZBO7B),__3ZBO7B,04 - At/near private drive,03 - P.D. only,05 - Turning movement,01 - Clear,05 - Dusk,05 - Packed snow,10 - No control,,2,0,0,0,,0,,,,,365085.5,5016347.256,45.28449507,-75.73152087,5724
15--15016,2015/12/30,4:58 PM,BASELINE RD @ WOODROFFE AVE (0002225),2225,02 - Intersection related,03 - P.D. only,04 - Sideswipe,02 - Rain,07 - Dark,02 - Wet,01 - Traffic signal,01 - Functioning,5,0,0,0,,0,,,,,362550.4122,5023770.505,45.35150216,-75.76296827,5725
15--15017,2015/12/30,5:18 PM,RIVERSIDE DR NB btwn BANK ST & RIVERSIDE DR NB RAMP FROM EB TO WB (__3ZBOEF),__3ZBOEF,01 - Non intersection,02 - Non-fatal injury,04 - Sideswipe,03 - Snow,07 - Dark,02 - Wet,10 - No control,,2,0,0,0,02 - Minor,1,,1,,,369328.7367,5027921.588,45.38826145,-75.67592711,5726
15--15018,2015/12/30,6:00 AM,PRINCE OF WALES DR @ MEADOWLANDS DR/HOG'S BACK (0001629),1629,02 - Intersection related,03 - P.D. only,07 - SMV other,03 - Snow,07 - Dark,03 - Loose snow,01 - Traffic signal,01 - Functioning,1,0,0,0,,0,,,,,367371.9189,5025692.755,45.36838452,-75.70119687,5727
15--15019,2015/12/30,6:00 PM,LAURIER AVE   W btwn BRONSON AVE & PERCY ST (__3ZA33Z),__3ZA33Z,01 - Non intersection,03 - P.D. only,06 - SMV unattended vehicle,03 - Snow,07 - Dark,04 - Slush,10 - No control,,1,0,0,0,,0,,,,,366839.0717,5030881.747,45.41512111,-75.70734621,5728
15--1502,2015/01/24,11:15 AM,OTTAWA RIVER PKWY @ ISLAND PARK DR (0002127),2127,03 - At intersection,02 - Non-fatal injury,05 - Turning movement,01 - Clear,01 - Daylight,02 - Wet,01 - Traffic signal,01 - Functioning,3,0,0,0,02 - Minor,2,,2,,,363297.7314,5029453.081,45.40257126,-75.75275834,5729
15--15020,2015/12/30,6:01 AM,WOODROFFE AVE @ KNOXDALE RD/MEDHURST DR (0000519),519,02 - Intersection related,02 - Non-fatal injury,03 - Rear end,04 - Freezing Rain,07 - Dark,03 - Loose snow,01 - Traffic signal,01 - Functioning,2,0,0,0,01 - Minimal,2,2,,,,363418.9679,5021826.487,45.33393798,-75.75211474,5730
15--15021,2015/12/30,6:06 PM,HUNT CLUB RD @ DOWNPATRICK RD/MCCARTHY RD (0006931),6931,03 - At intersection,02 - Non-fatal injury,05 - Turning movement,01 - Clear,07 - Dark,04 - Slush,01 - Traffic signal,01 - Functioning,2,0,0,0,02 - Minor,1,,1,,,370508.4564,5023400.509,45.34747255,-75.66146425,5731
15--15022,2015/12/30,6:11 AM,CARP RD btwn RICHARDSON SIDE RD & HWY417 IC144 RAMP62 (__3ZA3FS),__3ZA3FS,01 - Non intersection,03 - P.D. only,03 - Rear end,04 - Freezing Rain,07 - Dark,06 - Ice,10 - No control,,2,0,0,0,,0,,,,,346668.8468,5016618.885,45.28827758,-75.96624861,5732
15--15023,2015/12/30,6:16 PM,HUNT CLUB RD @ DOWNPATRICK RD/MCCARTHY RD (0006931),6931,03 - At intersection,03 - P.D. only,05 - Turning movement,03 - Snow,07 - Dark,04 - Slush,01 - Traffic signal,01 - Functioning,2,0,0,0,,0,,,,,370507.7344,5023400.509,45.34747262,-75.66147346,5733
15--15024,2015/12/30,6:23 PM,DALHOUSIE ST btwn ST. ANDREW ST & GUIGUES AVE (__3ZA7BY),__3ZA7BY,01 - Non intersection,03 - P.D. only,06 - SMV unattended vehicle,03 - Snow,07 - Dark,03 - Loose snow,10 - No control,,1,0,0,0,,0,,,,,367902.827,5032726.502,45.43162448,-75.69351997,5734
15--15025,2015/12/30,7:12 AM,WALKLEY EXTENSION RD btwn HWY417 IC110 RAMP65 & HWY417 IC110 RAMP56 (__3ZAZE6),__3ZAZE6,01 - Non intersection,03 - P.D. only,04 - Sideswipe,04 - Freezing Rain,03 - Dawn,06 - Ice,10 - No control,,2,0,0,0,,0,,,,,375816.0691,5029085.089,45.3981023,-75.59292225,5735
15--15026,2015/12/30,7:25 PM,"MONTREAL RD btwn MONTREAL RD & EGLISE, RUE DE L (__3ZA3MI)",__3ZA3MI,01 - Non intersection,03 - P.D. only,04 - Sideswipe,03 - Snow,07 - Dark,03 - Loose snow,10 - No control,,2,0,0,0,,0,,,,,371109.4,5033611.8,45.43929331,-75.65242381,5736
15--15027,2015/12/30,7:30 PM,YORK ST EB btwn CUMBERLAND ST & KING EDWARD AVE (__3ZA7AQ),__3ZA7AQ,01 - Non intersection,03 - P.D. only,06 - SMV unattended vehicle,01 - Clear,07 - Dark,01 - Dry,10 - No control,,1,0,0,0,,0,,,,,368290.5076,5032539.264,45.42990469,-75.6885899,5737
15--15028,2015/12/30,8:01 PM,BRONSON AVE @ FIFTH AVE/MADAWASKA DR (0006977),6977,02 - Intersection related,03 - P.D. only,03 - Rear end,02 - Rain,07 - Dark,03 - Loose snow,01 - Traffic signal,01 - Functioning,2,0,0,0,,0,,,,,367614.4347,5028938.554,45.39756767,-75.69768817,5738
15--15029,2015/12/30,8:06 AM,MCARTHUR AVE @ VANIER PKWY (0004626),4626,02 - Intersection related,03 - P.D. only,02 - Angle,05 - Drifting Snow,03 - Dawn,02 - Wet,01 - Traffic signal,01 - Functioning,2,0,0,0,,0,,,,,370218.705,5032691.308,45.43109502,-75.66392989,5739
15--1503,2015/01/24,11:45 AM,POOLER AVE btwn DESCHENES ST & END (__3ZAAZF),__3ZAAZF,04 - At/near private drive,03 - P.D. only,06 - SMV unattended vehicle,01 - Clear,01 - Daylight,04 - Slush,10 - No control,,1,0,0,0,,0,,,,,361389.6841,5026688.702,45.37785452,-75.7774465,5740
15--14767,2015/12/21,8:38 PM,240 S OF CHARLEMAGNE BLVD/DES EPINETTES AVE @ TENTH LINE RD (0014362),14362,03 - At intersection,03 - P.D. only,05 - Turning movement,02 - Rain,07 - Dark,02 - Wet,01 - Traffic signal,01 - Functioning,2,0,0,0,,0,,,,,383736.1826,5036677.455,45.46556382,-75.49055768,5741
15--14686,2015/12/19,3:39 PM,CARTIER ST @ SOMERSET ST (0007073),7073,02 - Intersection related,03 - P.D. only,04 - Sideswipe,01 - Clear,01 - Daylight,01 - Dry,02 - Stop sign,00 - Unknown,2,0,0,0,,0,,,,,368313.5363,5031291.025,45.41867138,-75.68845657,5742
15--14598,2015/12/17,4:20 PM,WOODROFFE AVE @ CLARIDGE DR/STONEWAY DR N (0009791),9791,02 - Intersection related,03 - P.D. only,03 - Rear end,01 - Clear,05 - Dusk,02 - Wet,01 - Traffic signal,01 - Functioning,3,0,0,0,,0,,,,,365577.4216,5016708.165,45.28770015,-75.72520655,5743
15--14687,2015/12/19,3:49 AM,HIGHWAY 417 btwn HWY417 IC126 RAMP61 & HWY417 IC124 RAMP76 (__3ZA2Y2),__3ZA2Y2,01 - Non intersection,02 - Non-fatal injury,07 - SMV other,03 - Snow,07 - Dark,06 - Ice,10 - No control,,1,0,0,0,02 - Minor,1,,1,,,363670.1164,5026533.307,45.3762684,-75.74835027,5744
15--14768,2015/12/21,9:07 PM,FRANK BENDER ST @ JEANNE D'ARC BLVD (0003635),3635,02 - Intersection related,03 - P.D. only,07 - SMV other,02 - Rain,07 - Dark,02 - Wet,01 - Traffic signal,01 - Functioning,1,0,0,0,,0,,,,,381871.042,5035883.474,45.45862852,-75.51453013,5745
15--14599,2015/12/17,4:30 PM,BANK ST @ CAHILL DR/DAZE ST (0012178),12178,02 - Intersection related,03 - P.D. only,04 - Sideswipe,01 - Clear,05 - Dusk,01 - Dry,01 - Traffic signal,01 - Functioning,2,0,0,0,,0,,,,,371306.815,5024317.45,45.35564765,-75.65115382,5746
15--14688,2015/12/19,3:51 PM,HERON RD @ HERON RD RAMP 26 (0002527),2527,03 - At intersection,03 - P.D. only,04 - Sideswipe,01 - Clear,01 - Daylight,03 - Loose snow,10 - No control,,2,0,0,0,,0,,,,,368682.9457,5026711.732,45.37743472,-75.68432999,5747
15--14689,2015/12/19,4:00 AM,UPLANDS DR btwn TO BE DETERMINED & RAMP (__3ZA0U8),__3ZA0U8,01 - Non intersection,02 - Non-fatal injury,01 - Approaching,04 - Freezing Rain,07 - Dark,06 - Ice,10 - No control,,2,0,0,0,03 - Major,3,1,1,1,,370913.833,5021433.971,45.32974011,-75.65655437,5748
15--1469,2015/01/23,5:13 PM,MERIVALE RD/LOTTA AVE @ CLYDE AVE (0001112),1112,02 - Intersection related,03 - P.D. only,03 - Rear end,01 - Clear,05 - Dusk,02 - Wet,01 - Traffic signal,01 - Functioning,2,0,0,0,,0,,,,,364519.7706,5024508.008,45.35797317,-75.73774771,5749
15--14690,2015/12/19,4:10 PM,DALHOUSIE ST @ MURRAY ST (0008241),8241,02 - Intersection related,03 - P.D. only,04 - Sideswipe,01 - Clear,05 - Dusk,01 - Dry,01 - Traffic signal,01 - Functioning,2,0,0,0,,0,,,,,368001.4211,5032572.873,45.43023327,-75.69227975,5750
15--14691,2015/12/19,4:18 AM,HIGHWAY 417 btwn HWY417 IC121B RAMP51 & HWY417 IC121A RAMP51 (__3ZA2YW),__3ZA2YW,01 - Non intersection,03 - P.D. only,03 - Rear end,01 - Clear,07 - Dark,06 - Ice,10 - No control,,2,0,0,0,,0,,,,,367041.781,5029655.685,45.40407136,-75.70491131,5751
15--14692,2015/12/19,4:34 PM,ELGIN ST @ LAURIER AVE (0002232),2232,02 - Intersection related,03 - P.D. only,04 - Sideswipe,01 - Clear,05 - Dusk,01 - Dry,01 - Traffic signal,01 - Functioning,2,0,0,0,,0,,,,,367949.4319,5031548.854,45.4210242,-75.69307539,5752
15--14693,2015/12/19,4:43 AM,AIRPORT PKWY btwn BROOKFIELD RAMP 34 & BROOKFIELD RAMP 52B (__3ZA228),__3ZA228,01 - Non intersection,03 - P.D. only,07 - SMV other,01 - Clear,07 - Dark,06 - Ice,10 - No control,,1,0,0,0,,0,,,,,368780.0981,5026458.306,45.3751456,-75.68312249,5753
15--14694,2015/12/19,5:17 PM,LEMIEUX ST @ ST. LAURENT BLVD (0002021),2021,03 - At intersection,03 - P.D. only,05 - Turning movement,01 - Clear,07 - Dark,01 - Dry,01 - Traffic signal,01 - Functioning,2,0,0,0,,0,,,,,372391.7247,5031742.564,45.42235202,-75.63629139,5754
15--14695,2015/12/19,5:37 PM,FISHER AVE @ MEADOWLANDS DR (0002120),2120,03 - At intersection,03 - P.D. only,05 - Turning movement,01 - Clear,07 - Dark,01 - Dry,01 - Traffic signal,01 - Functioning,3,0,0,0,,0,,,,,366575.0649,5025046.168,45.36263735,-75.7114495,5755
15--14696,2015/12/19,5:38 PM,ROGER STEVENS DR btwn MONTAGUE BOUNDARY RD & MCKENNA RD (__3ZA427),__3ZA427,01 - Non intersection,03 - P.D. only,07 - SMV other,03 - Snow,07 - Dark,03 - Loose snow,10 - No control,,1,0,0,0,,0,,,,,352515.415,4987766.631,45.02827881,-75.89447566,5756
15--14697,2015/12/19,6:07 PM,GRANT CARMAN DR @ FAMILY BROWN LANE (0010458),10458,02 - Intersection related,03 - P.D. only,07 - SMV other,01 - Clear,07 - Dark,01 - Dry,02 - Stop sign,01 - Functioning,1,0,0,0,,0,,,,,365219.5914,5023514.549,45.34897422,-75.72893754,5757
15--14698,2015/12/19,6:15 AM,HIGHWAY 417 btwn HWY417 IC104 RAMP15 & HWY417 IC96 RAMP51 (__3ZA2W4),__3ZA2W4,01 - Non intersection,03 - P.D. only,07 - SMV other,06 - Strong wind,07 - Dark,06 - Ice,10 - No control,,1,0,0,0,,0,,,,,381427.6825,5025601.638,45.36616896,-75.52179676,5758
15--14699,2015/12/19,6:30 PM,CARLING AVE @ PINECREST  RD/GREENVIEW AVE (0001630),1630,03 - At intersection,03 - P.D. only,02 - Angle,01 - Clear,07 - Dark,01 - Dry,01 - Traffic signal,01 - Functioning,2,0,0,0,,0,,,,,360006.6757,5024633.25,45.35946998,-75.79533349,5759
15--147,2015/01/04,2:35 PM,CARP RD btwn BAIRD SIDE RD & THOMAS A. DOLAN PKWY (__3ZBOB2),__3ZBOB2,01 - Non intersection,02 - Non-fatal injury,07 - SMV other,04 - Freezing Rain,01 - Daylight,04 - Slush,10 - No control,,1,0,0,0,01 - Minimal,1,1,,,,335242.2539,5027185.761,45.38395131,-76.11126278,5760
15--1470,2015/01/23,5:21 PM,SLADEN AVE btwn MALARTIC AVE & NORANDA AVE (__3ZA2K7),__3ZA2K7,04 - At/near private drive,03 - P.D. only,02 - Angle,01 - Clear,05 - Dusk,01 - Dry,10 - No control,,2,0,0,0,,0,,,,,371801.9677,5033709.836,45.44010936,-75.64355896,5761
15--14700,2015/12/19,7:01 AM,RIVERSIDE DR SB btwn SMYTH RD SOUTH SIDE RAMP & SMYTH RD NORTH SIDE RA (__3ZAZQI),__3ZAZQI,01 - Non intersection,03 - P.D. only,07 - SMV other,03 - Snow,03 - Dawn,06 - Ice,10 - No control,,1,0,0,0,,0,,,,,369824.9306,5029186.781,45.39959933,-75.66942432,5762
15--14701,2015/12/19,7:15 PM,CONROY RD @ HUNT CLUB RD (0002257),2257,03 - At intersection,03 - P.D. only,05 - Turning movement,01 - Clear,07 - Dark,02 - Wet,01 - Traffic signal,01 - Functioning,2,0,0,0,,0,,,,,373765.9061,5025403.801,45.36518464,-75.61961978,5763
15--14702,2015/12/19,7:20 AM,CAMBRIAN RD/GOLFLINKS DR W @ LONGFIELDS DR (0009702),9702,02 - Intersection related,03 - P.D. only,07 - SMV other,01 - Clear,03 - Dawn,06 - Ice,11 - Roundabout,01 - Functioning,1,0,0,0,,0,,,,,365382.6908,5013224.139,45.25636778,-75.72811385,5764
15--14703,2015/12/19,8:08 AM,HUNT CLUB RD btwn GIBFORD DR & UPLANDS DR (__3ZA36J),__3ZA36J,01 - Non intersection,03 - P.D. only,07 - SMV other,01 - Clear,01 - Daylight,06 - Ice,10 - No control,,1,0,0,0,,0,,,,,369982.72,5023021.131,45.34410807,-75.6682227,5765
15--14704,2015/12/19,8:34 AM,DES PRAIRIES AVE btwn PRESTWICK DR & CLOVERHEATH CRES (__3ZA6R5),__3ZA6R5,04 - At/near private drive,03 - P.D. only,06 - SMV unattended vehicle,02 - Rain,01 - Daylight,02 - Wet,10 - No control,,1,0,0,0,,0,,,,,383599.1578,5036528.667,45.46424063,-75.49233354,5766
15--14705,2015/12/19,8:45 AM,HIGHWAY 416 btwn HWY416 IC49 RAMP43 & HWY416 IC42 RAMP34 (__3ZAZJ7),__3ZAZJ7,01 - Non intersection,03 - P.D. only,07 - SMV other,01 - Clear,01 - Daylight,01 - Dry,10 - No control,,1,0,0,0,,0,,,,,369673.3204,4998828.291,45.12645159,-75.67532521,5767
15--14706,2015/12/19,8:51 AM,CYRVILLE RD @ OGILVIE RD (0003554),3554,03 - At intersection,03 - P.D. only,02 - Angle,01 - Clear,01 - Daylight,06 - Ice,01 - Traffic signal,01 - Functioning,2,0,0,0,,0,,,,,372452.2751,5032004.848,45.42470608,-75.63548173,5768
15--14707,2015/12/19,8:52 PM,O'CONNOR ST @ WELLINGTON ST (0002234),2234,02 - Intersection related,03 - P.D. only,04 - Sideswipe,03 - Snow,07 - Dark,03 - Loose snow,01 - Traffic signal,01 - Functioning,2,0,0,0,,0,,,,,367413.6992,5031724.027,45.4226485,-75.69989806,5769
15--14708,2015/12/19,9:15 AM,SLATER ST btwn KENT ST & BANK ST (__3ZA349),__3ZA349,01 - Non intersection,03 - P.D. only,06 - SMV unattended vehicle,01 - Clear,01 - Daylight,01 - Dry,10 - No control,,1,0,0,0,,0,,,,,367298.3486,5031275.877,45.4186265,-75.70142876,5770
15--14709,2015/12/19,9:17 AM,DALMENY RD btwn STAGECOACH RD & 4TH LINE RD (__3ZA2C7),__3ZA2C7,01 - Non intersection,03 - P.D. only,07 - SMV other,01 - Clear,01 - Daylight,01 - Dry,10 - No control,,1,0,0,0,,0,,,,,378692.1748,4999737.173,45.1337442,-75.56055707,5771
15--1471,2015/01/23,5:24 PM,BANK ST btwn BILLINGS TRANSIT & OHIO ST (__3ZA3NMB),__3ZA3NMB,01 - Non intersection,03 - P.D. only,03 - Rear end,01 - Clear,05 - Dusk,02 - Wet,10 - No control,,3,0,0,0,,0,,,,,369474.3557,5027709.011,45.38633532,-75.67409551,5772
15--14710,2015/12/19,9:40 AM,RICHMOND RD @ FRASER AVE (0006238),6238,02 - Intersection related,03 - P.D. only,03 - Rear end,03 - Snow,01 - Daylight,06 - Ice,01 - Traffic signal,01 - Functioning,2,0,0,0,,0,,,,,362488.9699,5027692.265,45.38679481,-75.76329438,5773
15--14711,2015/12/20,1:25 PM,BERRIGAN DR btwn PLUMAS GT & WANSTEAD GT (__4O3JOK),__4O3JOK,04 - At/near private drive,03 - P.D. only,06 - SMV unattended vehicle,01 - Clear,01 - Daylight,01 - Dry,10 - No control,,1,0,0,0,,0,,,,,364888.3682,5015908.876,45.28056742,-75.73408663,5774
15--14712,2015/12/20,1:30 PM,WAVERLEY ST btwn ELGIN ST & CARTIER ST (__3ZA9TF),__3ZA9TF,04 - At/near private drive,03 - P.D. only,06 - SMV unattended vehicle,01 - Clear,01 - Daylight,01 - Dry,10 - No control,,1,0,0,0,,0,,,,,368389.9344,5030996.806,45.41601716,-75.68751846,5775
15--14713,2015/12/20,10:32 PM,CORLISS ST btwn DUNHAM ST & APPLEFORD ST (__3ZA7WK),__3ZA7WK,04 - At/near private drive,03 - P.D. only,06 - SMV unattended vehicle,01 - Clear,07 - Dark,02 - Wet,10 - No control,,1,0,0,0,,0,,,,,374533.5101,5033675.812,45.43953612,-75.60865248,5776
15--14714,2015/12/20,11:24 AM,QUEENSDALE AVE btwn BANNON WAY & BANK ST (__3ZA8OA),__3ZA8OA,04 - At/near private drive,02 - Non-fatal injury,05 - Turning movement,01 - Clear,01 - Daylight,01 - Dry,10 - No control,,2,0,0,0,01 - Minimal,1,1,,,,373322.3025,5023437.571,45.34753677,-75.62555445,5777
15--14715,2015/12/20,11:57 AM,BREWER RD @ BRONSON AVE (0002240),2240,03 - At intersection,02 - Non-fatal injury,05 - Turning movement,01 - Clear,01 - Daylight,01 - Dry,01 - Traffic signal,01 - Functioning,2,0,0,0,02 - Minor,1,,1,,,368108.3251,5027764.992,45.38696382,-75.69153105,5778
15--14716,2015/12/20,11:59 AM,KITCHENER AVE @ BANK ST (0011963),11963,02 - Intersection related,03 - P.D. only,03 - Rear end,01 - Clear,01 - Daylight,01 - Dry,01 - Traffic signal,01 - Functioning,2,0,0,0,,0,,,,,370539.8746,5025499.658,45.36635711,-75.66078419,5779
15--14717,2015/12/20,2:40 PM,BANK ST btwn CAMERON AVE & CHESLEY ST (__3ZA3NV),__3ZA3NV,01 - Non intersection,03 - P.D. only,06 - SMV unattended vehicle,01 - Clear,01 - Daylight,01 - Dry,10 - No control,,1,0,0,0,,0,,,,,368990.5657,5028212.862,45.39091332,-75.68020743,5780
15--14718,2015/12/20,2:41 AM,DUNROBIN RD @ MARCH RD (0003175),3175,02 - Intersection related,03 - P.D. only,07 - SMV other,01 - Clear,07 - Dark,06 - Ice,01 - Traffic signal,01 - Functioning,1,0,0,0,,0,,,,,347173.8788,5026066.98,45.37326412,-75.95900187,5781
15--14719,2015/12/20,5:03 PM,BELCOURT BLVD @ INNES RD (0004202),4202,02 - Intersection related,02 - Non-fatal injury,03 - Rear end,01 - Clear,07 - Dark,01 - Dry,01 - Traffic signal,01 - Functioning,2,0,0,0,01 - Minimal,4,4,,,,382121.5789,5035265.888,45.45304432,-75.51142422,5782
15--1472,2015/01/23,5:39 PM,GREENBANK RD @ IRIS ST/HWY 417 IC129 RAMP51 (0009073),9073,02 - Intersection related,03 - P.D. only,03 - Rear end,01 - Clear,00 - Unknown,01 - Dry,01 - Traffic signal,01 - Functioning,2,0,0,0,,0,,,,,360531.3096,5023312.493,45.34754434,-75.78878637,5783
15--14720,2015/12/20,5:20 PM,ROSS AVE @ WELLINGTON ST (0005638),5638,02 - Intersection related,03 - P.D. only,03 - Rear end,01 - Clear,07 - Dark,01 - Dry,02 - Stop sign,00 - Unknown,2,0,0,0,,0,,,,,364505.4205,5029018.005,45.39855458,-75.73738553,5784
15--14721,2015/12/20,5:41 AM,PERTH ST btwn FRANKTOWN RD & ROCHELLE DR (__3ZA42R),__3ZA42R,01 - Non intersection,02 - Non-fatal injury,07 - SMV other,03 - Snow,07 - Dark,06 - Ice,10 - No control,,1,0,0,0,01 - Minimal,2,2,,,,356071.2583,5005641.877,45.18888055,-75.84752361,5785
15--14722,2015/12/20,5:55 PM,GREENBANK RD @ WEST HUNT CLUB RD (0005167),5167,03 - At intersection,03 - P.D. only,05 - Turning movement,01 - Clear,07 - Dark,01 - Dry,01 - Traffic signal,01 - Functioning,2,0,0,0,,0,,,,,361480.399,5020502.479,45.32218384,-75.77699738,5786
15--14723,2015/12/20,6:04 PM,SUNNYSIDE AVE btwn WILLARD ST & FAIRBAIRN ST (__3ZA9JW),__3ZA9JW,01 - Non intersection,02 - Non-fatal injury,07 - SMV other,01 - Clear,07 - Dark,01 - Dry,10 - No control,,1,0,0,1,02 - Minor,1,,1,,,368864.9097,5028657.703,45.39492736,-75.68175429,5787
15--14724,2015/12/20,6:43 PM,ALBION RD @ HUNT CLUB RD (0006974),6974,03 - At intersection,03 - P.D. only,03 - Rear end,01 - Clear,07 - Dark,01 - Dry,01 - Traffic signal,01 - Functioning,2,0,0,0,,0,,,,,371867.7337,5024321.24,45.35562832,-75.64399493,5788
15--14725,2015/12/20,7:07 PM,SOMERSET ST    W btwn CAMBRIDGE ST N & BRONSON AVE (__3ZA33K),__3ZA33K,01 - Non intersection,03 - P.D. only,07 - SMV other,01 - Clear,07 - Dark,01 - Dry,10 - No control,,1,0,0,0,,0,,,,,366959.0318,5030470.074,45.41140635,-75.70586558,5789
15--14726,2015/12/20,9:59 AM,INNES RD @ PORTOBELLO BLVD (0009187),9187,03 - At intersection,02 - Non-fatal injury,02 - Angle,01 - Clear,01 - Daylight,01 - Dry,01 - Traffic signal,01 - Functioning,2,1,0,0,01 - Minimal,1,1,,,,385632.4917,5036891.83,45.46727569,-75.4662762,5790
15--14727,2015/12/21,1:17 AM,GOLDRIDGE DR btwn HEMLO CRES & AFTON PL (__3ZA47Q),__3ZA47Q,01 - Non intersection,02 - Non-fatal injury,07 - SMV other,01 - Clear,07 - Dark,01 - Dry,10 - No control,,1,0,0,0,02 - Minor,1,,1,,,350016.646,5019458.667,45.31362336,-75.92331337,5791
15--14728,2015/12/21,1:23 PM,BORRISOKANE RD/TARTAN DR @ STRANDHERD DR (0010634),10634,02 - Intersection related,03 - P.D. only,03 - Rear end,02 - Rain,01 - Daylight,02 - Wet,01 - Traffic signal,01 - Functioning,2,0,0,0,,0,,,,,362289.6837,5013547.387,45.25953591,-75.76748124,5792
15--14729,2015/12/21,1:47 PM,INNES RD @ O'TOOLE RD (0004713),4713,03 - At intersection,03 - P.D. only,05 - Turning movement,04 - Freezing Rain,01 - Daylight,02 - Wet,02 - Stop sign,01 - Functioning,2,0,0,0,,0,,,,,389108.5066,5038304.27,45.47957234,-75.42158868,5793
15--1473,2015/01/23,5:52 PM,SNAKE ISLAND RD btwn 5TH LINE RD & GREY'S CREEK RD (__3ZA2CW),__3ZA2CW,01 - Non intersection,03 - P.D. only,07 - SMV other,01 - Clear,07 - Dark,01 - Dry,10 - No control,,1,0,0,0,,0,,,,,380355.4552,5008054.835,45.20840803,-75.53815461,5794
15--14730,2015/12/21,10:09 PM,ORLEANS BLVD @ ST. JOSEPH BLVD (0004144),4144,02 - Intersection related,03 - P.D. only,04 - Sideswipe,02 - Rain,07 - Dark,02 - Wet,01 - Traffic signal,01 - Functioning,2,0,0,0,,0,,,,,380629.5716,5036980.59,45.46863534,-75.53023266,5795
15--14731,2015/12/21,10:51 AM,PARENT AVE btwn MURRAY ST & CLARENCE ST (__3ZA82Q),__3ZA82Q,01 - Non intersection,03 - P.D. only,06 - SMV unattended vehicle,01 - Clear,01 - Daylight,01 - Dry,10 - No control,,1,0,0,0,,0,,,,,367899.205,5032428.42,45.42894277,-75.69360446,5796
15--14732,2015/12/21,11:07 AM,INNES RD btwn GREENVALE LANE & VISENEAU DR (__3ZA2L4),__3ZA2L4,01 - Non intersection,03 - P.D. only,04 - Sideswipe,04 - Freezing Rain,01 - Daylight,06 - Ice,10 - No control,,2,0,0,0,,0,,,,,381786.4767,5035067.78,45.4512989,-75.51573895,5797
15--14733,2015/12/21,11:08 AM,SECOND LINE RD    S btwn CENTURY RD E & CARSONBY RD E (__3ZBPI3),__3ZBPI3,01 - Non intersection,02 - Non-fatal injury,07 - SMV other,02 - Rain,01 - Daylight,02 - Wet,10 - No control,,1,0,0,0,02 - Minor,1,,1,,,365983.6834,5006278.937,45.19382259,-75.72131098,5798
15--14734,2015/12/21,11:24 AM,CARLING AVE @ KIRKWOOD AVE N (0002358),2358,02 - Intersection related,03 - P.D. only,04 - Sideswipe,04 - Freezing Rain,01 - Daylight,04 - Slush,01 - Traffic signal,00 - Unknown,2,0,0,0,,0,,,,,364275.1662,5027494.228,45.38486351,-75.74050996,5799
15--14735,2015/12/21,11:30 AM,MARKETPLACE AVE @ RIOCAN AVE (0010995),10995,03 - At intersection,02 - Non-fatal injury,02 - Angle,02 - Rain,01 - Daylight,02 - Wet,02 - Stop sign,01 - Functioning,2,0,0,0,02 - Minor,1,,1,,,364286.1549,5014762.317,45.2703019,-75.74189942,5800
15--14736,2015/12/21,11:30 PM,FIFTH LINE RD btwn BERRY SIDE RD & KERWIN RD (__30G2UO),__30G2UO,01 - Non intersection,02 - Non-fatal injury,07 - SMV other,04 - Freezing Rain,07 - Dark,06 - Ice,10 - No control,,1,0,0,0,02 - Minor,1,,1,,,347239.0641,5030298.081,45.41133248,-75.95780574,5801
15--14737,2015/12/21,12:10 PM,MAITLAND AVE @ WOODWARD DR (0003185),3185,03 - At intersection,03 - P.D. only,03 - Rear end,02 - Rain,01 - Daylight,02 - Wet,01 - Traffic signal,01 - Functioning,2,0,0,0,,0,,,,,363272.2506,5025662.527,45.36846655,-75.75353285,5802
15--14738,2015/12/21,12:20 AM,AIRPORT PKWY @ HUNT CLUB RD (0010856),10856,03 - At intersection,03 - P.D. only,02 - Angle,01 - Clear,07 - Dark,01 - Dry,01 - Traffic signal,01 - Functioning,2,0,0,0,,0,,,,,371019.972,5023702.998,45.35014615,-75.65489677,5803