Anom_ID,Accident_Date,Accident_Time,Location,Geo_ID,Accident_Location,Classification_of_Accident,Initial_Impact_Type,Environment_Condition,Light,Road_Surface_Condition,Traffic_Control,Traffic_Control_Condition,No__of_Vehicles,No__of_Bicycles,No__of_Motorcycles,No__of_Pedestrians,Max_Injury,No__of_Injuries,No__of_Minimal,No__of_Minor,No__of_Major,No__of_Fatal,X,Y,Latitude,Longitude,ObjectId
15--14739,2015/12/21,12:20 PM,CARLING AVE/STATION RD @ MARCH RD (0002681),2681,02 - Intersection related,03 - P.D. only,04 - Sideswipe,02 - Rain,01 - Daylight,02 - Wet,01 - Traffic signal,01 - Functioning,3,0,0,0,,0,,,,,350907.8063,5022243.724,45.33862601,-75.91168888,5804
15--1474,2015/01/23,6:05 AM,HIGHWAY 417 btwn HWY417 IC124 RAMP67 & HWY417 IC123 RAMP62 (__3ZA2YZ),__3ZA2YZ,01 - Non intersection,03 - P.D. only,04 - Sideswipe,01 - Clear,07 - Dark,01 - Dry,10 - No control,,2,0,0,0,,0,,,,,364726.7337,5027975.152,45.38915229,-75.73468563,5805
15--14740,2015/12/21,12:52 PM,BELFAST RD @ ST. LAURENT BLVD (0007658),7658,03 - At intersection,03 - P.D. only,02 - Angle,02 - Rain,01 - Daylight,02 - Wet,01 - Traffic signal,01 - Functioning,2,0,0,0,,0,,,,,372860.7241,5030578.562,45.41183341,-75.63045983,5806
15--14741,2015/12/21,2:14 PM,COBOURG ST @ HENEY ST (0008435),8435,03 - At intersection,03 - P.D. only,02 - Angle,02 - Rain,01 - Daylight,02 - Wet,02 - Stop sign,01 - Functioning,2,0,0,0,,0,,,,,368991.7098,5032991.585,45.43391049,-75.67957047,5807
15--14742,2015/12/21,3:10 PM,ROCKCLIFFE PKWY btwn Continuation of ROCKCLIFFE PKWY & GL/OT BOUNDARY (__3ZA13Y),__3ZA13Y,01 - Non intersection,03 - P.D. only,07 - SMV other,02 - Rain,01 - Daylight,06 - Ice,10 - No control,,1,0,0,0,,0,,,,,372423.2948,5035823.929,45.45907107,-75.63532725,5808
15--14743,2015/12/21,3:18 PM,FALLOWFIELD RD btwn MERIVALE RD & WOODROFFE AVE (__3ZA3IN),__3ZA3IN,01 - Non intersection,03 - P.D. only,03 - Rear end,02 - Rain,01 - Daylight,02 - Wet,10 - No control,,2,0,0,0,,0,,,,,366797.1278,5018807.646,45.30648454,-75.70939666,5809
15--14744,2015/12/21,4:10 PM,VANIER PKWY/CRICHTON ST @ BEECHWOOD AVE/ST. PA (0001604),1604,02 - Intersection related,03 - P.D. only,04 - Sideswipe,02 - Rain,05 - Dusk,02 - Wet,01 - Traffic signal,00 - Unknown,2,0,0,0,,0,,,,,369127.7165,5033487.12,45.43835662,-75.6777676,5810
15--14745,2015/12/21,4:11 PM,RIVERSIDE DR SB btwn SAN REMO PRIV & TERMINAL AVE (__3ZA253),__3ZA253,01 - Non intersection,03 - P.D. only,03 - Rear end,01 - Clear,05 - Dusk,01 - Dry,10 - No control,,2,0,0,0,,0,,,,,370537.4262,5030435.153,45.41076517,-75.66015802,5811
15--14746,2015/12/21,4:13 PM,KIRKWOOD AVE @ LAPERRIERE AVE (0006742),6742,02 - Intersection related,03 - P.D. only,03 - Rear end,01 - Clear,05 - Dusk,01 - Dry,01 - Traffic signal,01 - Functioning,2,0,0,0,,0,,,,,364520.448,5026958.686,45.38002393,-75.73744281,5812
15--14747,2015/12/21,4:19 PM,MAITLAND AVE/HWY 417 MAITLAND IC126R53 @ HWY 4 (0008229),8229,03 - At intersection,02 - Non-fatal injury,05 - Turning movement,02 - Rain,05 - Dusk,02 - Wet,01 - Traffic signal,01 - Functioning,2,0,0,0,01 - Minimal,1,1,,,,363229.0084,5025774.098,45.36947406,-75.75407164,5813
15--14748,2015/12/21,4:39 PM,KINBURN SIDE RD btwn TIMMINS RD & DOMINION SPRINGS RD (__3ZA4SJ),__3ZA4SJ,01 - Non intersection,03 - P.D. only,07 - SMV other,02 - Rain,05 - Dusk,02 - Wet,10 - No control,,1,0,0,0,,0,,,,,323512.848,5023028.833,45.34695646,-76.26119902,5814
15--14749,2015/12/21,4:40 PM,BASELINE RD btwn NAVAHO DR & COLLEGE SQUARE SC (__3ZAZDQB),__3ZAZDQB,04 - At/near private drive,03 - P.D. only,02 - Angle,02 - Rain,05 - Dusk,02 - Wet,10 - No control,,2,0,0,0,,0,,,,,363059.6979,5024080.178,45.35424644,-75.75643264,5815
15--1475,2015/01/23,6:11 PM,WOODROFFE AVE @ KNOXDALE RD/MEDHURST DR (0000519),519,02 - Intersection related,03 - P.D. only,04 - Sideswipe,01 - Clear,07 - Dark,01 - Dry,01 - Traffic signal,01 - Functioning,2,0,0,0,,0,,,,,363419.6899,5021826.969,45.33394226,-75.75210547,5816
15--14750,2015/12/21,4:43 PM,CASTLEFRANK RD @ TERRY FOX DR (0011757),11757,03 - At intersection,03 - P.D. only,05 - Turning movement,02 - Rain,05 - Dusk,02 - Wet,01 - Traffic signal,01 - Functioning,2,0,0,0,,0,,,,,352992.565,5016304.086,45.28503977,-75.88566767,5817
15--14751,2015/12/21,4:46 PM,HERON RD EB btwn RIVERSIDE DR & BRONSON AVE RAMP 35 (__5FD4WD),__5FD4WD,01 - Non intersection,03 - P.D. only,03 - Rear end,02 - Rain,05 - Dusk,02 - Wet,10 - No control,,3,0,0,0,,0,,,,,368231.3549,5026643.759,45.37686415,-75.69010414,5818
15--14752,2015/12/21,5:00 PM,BLAIR RD @ REGIONAL RD 174 S/OR174 IC112 RAMP15 (0012435),12435,03 - At intersection,03 - P.D. only,05 - Turning movement,04 - Freezing Rain,07 - Dark,06 - Ice,01 - Traffic signal,01 - Functioning,2,0,0,0,,0,,,,,374908.612,5032662.262,45.43037925,-75.60400278,5819
15--14753,2015/12/21,5:10 PM,MAITLAND AVE @ TERREBONNE DR (0003212),3212,03 - At intersection,03 - P.D. only,05 - Turning movement,02 - Rain,07 - Dark,02 - Wet,02 - Stop sign,01 - Functioning,2,0,0,0,,0,,,,,364009.96,5025135.517,45.36366265,-75.74417909,5820
15--14754,2015/12/21,5:46 PM,INNES RD @ PROVENCE AVE (0009244),9244,02 - Intersection related,03 - P.D. only,03 - Rear end,04 - Freezing Rain,07 - Dark,06 - Ice,01 - Traffic signal,01 - Functioning,2,0,0,0,,0,,,,,386110.1887,5037083.238,45.46894235,-75.46013652,5821
15--14755,2015/12/21,5:46 PM,EDGEWOOD AVE @ RICHMOND RD (0002305),2305,03 - At intersection,03 - P.D. only,02 - Angle,02 - Rain,07 - Dark,02 - Wet,02 - Stop sign,01 - Functioning,2,0,0,0,,0,,,,,363395.6873,5028401.108,45.3930976,-75.75163214,5822
15--14756,2015/12/21,5:51 PM,WOODROFFE AVE @ KNOXDALE RD/MEDHURST DR (0000519),519,03 - At intersection,03 - P.D. only,03 - Rear end,01 - Clear,07 - Dark,01 - Dry,01 - Traffic signal,01 - Functioning,2,0,0,0,,0,,,,,363420.4119,5021827.209,45.33394436,-75.75209623,5823
15--14757,2015/12/21,6:12 PM,WOODROFFE AVE btwn PARKGLEN DR & DAVID DR (__3ZA34H),__3ZA34H,01 - Non intersection,03 - P.D. only,04 - Sideswipe,02 - Rain,07 - Dark,02 - Wet,10 - No control,,2,0,0,0,,0,,,,,362974.9134,5022919.776,45.34381228,-75.75765115,5824
15--14758,2015/12/21,6:30 PM,BALBAIR RD btwn BRACO ST & ABBEYHILL DR (__3ZAB3N),__3ZAB3N,04 - At/near private drive,03 - P.D. only,06 - SMV unattended vehicle,02 - Rain,07 - Dark,02 - Wet,10 - No control,,1,0,0,0,,0,,,,,353473.0961,5017874.496,45.29913757,-75.87938838,5825
15--14759,2015/12/21,6:46 PM,MERIVALE RD btwn CLYDE AVE & GILBEY DR (__3ZA4HD),__3ZA4HD,01 - Non intersection,03 - P.D. only,07 - SMV other,02 - Rain,07 - Dark,02 - Wet,10 - No control,,1,0,0,0,,0,,,,,364628.1016,5024626.146,45.35902692,-75.73635082,5826
15--1476,2015/01/23,6:12 AM,LEITRIM RD btwn LIMEBANK RD & HIGH RD (__3ZBOEL),__3ZBOEL,01 - Non intersection,02 - Non-fatal injury,07 - SMV other,01 - Clear,07 - Dark,02 - Wet,10 - No control,,1,0,0,0,01 - Minimal,1,1,,,,369487.4131,5017959.608,45.29861143,-75.67520361,5827
15--14760,2015/12/21,6:47 PM,RAMSAYVILLE RD @ WALKLEY EXTENSION RD (0004172),4172,02 - Intersection related,03 - P.D. only,07 - SMV other,03 - Snow,07 - Dark,03 - Loose snow,10 - No control,,1,0,0,0,,0,,,,,376462.6438,5029422.556,45.40107276,-75.58461568,5828
15--14769,2015/12/21,9:31 AM,GREENBANK RD @ JOCKVALE RD (0010360),10360,02 - Intersection related,03 - P.D. only,03 - Rear end,02 - Rain,01 - Daylight,02 - Wet,01 - Traffic signal,01 - Functioning,2,0,0,0,,0,,,,,364122.4098,5014330.413,45.26642945,-75.74403762,5829
15--1477,2015/01/23,6:27 AM,COLONIAL RD @ DESSAINT ST (0004697),4697,03 - At intersection,03 - P.D. only,05 - Turning movement,01 - Clear,07 - Dark,01 - Dry,02 - Stop sign,01 - Functioning,2,0,0,0,,0,,,,,394886.7459,5034064.289,45.44070497,-75.34846919,5830
15--146,2015/01/04,2:34 PM,RIVER RD btwn LOWEN DR & BALMORAL DR (__3ZA38M),__3ZA38M,01 - Non intersection,03 - P.D. only,07 - SMV other,04 - Freezing Rain,01 - Daylight,06 - Ice,10 - No control,,1,0,0,0,,0,,,,,368015.6921,5019326.144,45.31104129,-75.69379261,5831
15--14770,2015/12/21,9:42 AM,BANK ST @ CATHERINE ST (0002708),2708,03 - At intersection,03 - P.D. only,02 - Angle,02 - Rain,01 - Daylight,02 - Wet,01 - Traffic signal,01 - Functioning,3,0,0,0,,0,,,,,368039.7054,5030267.572,45.40948749,-75.69208641,5832
15--1460,2015/01/23,4:06 PM,RICHMOND RD btwn WEST HUNT CLUB RD & SEYTON DR (__3ZA41P),__3ZA41P,04 - At/near private drive,03 - P.D. only,02 - Angle,01 - Clear,01 - Daylight,01 - Dry,10 - No control,,2,0,0,0,,0,,,,,357255.3498,5018737.662,45.30663224,-75.83107419,5833
15--14771,2015/12/22,1:10 PM,CAMPEAU DR/HWY 417 MARCH IC138R63 @ MARCH RD (0009710),9710,02 - Intersection related,03 - P.D. only,03 - Rear end,02 - Rain,01 - Daylight,02 - Wet,01 - Traffic signal,01 - Functioning,2,0,0,0,,0,,,,,352841.6249,5020475.745,45.32258765,-75.88718736,5834
15--14600,2015/12/17,4:32 PM,HAWTHORNE RD btwn DAVIDSON RD & LEITRIM RD (__3ZBPIY),__3ZBPIY,01 - Non intersection,03 - P.D. only,07 - SMV other,02 - Rain,05 - Dusk,02 - Wet,10 - No control,,1,0,0,0,,0,,,,,376926.6612,5022979.458,45.3430535,-75.57963014,5835
15--14772,2015/12/22,1:12 PM,JEANNE D'ARC BLVD @ GREY NUNS DR/YOUVILLE DR (0003147),3147,02 - Intersection related,02 - Non-fatal injury,07 - SMV other,02 - Rain,01 - Daylight,02 - Wet,01 - Traffic signal,01 - Functioning,1,0,0,1,02 - Minor,1,,1,,,379670.201,5036700.403,45.46621793,-75.54254278,5836
15--14601,2015/12/17,4:39 PM,DONALD ST @ 110 E OF ST. LAURENT BLVD  (0013077),13077,03 - At intersection,03 - P.D. only,05 - Turning movement,01 - Clear,05 - Dusk,01 - Dry,01 - Traffic signal,01 - Functioning,2,0,0,0,,0,,,,,372203.9134,5032483.103,45.42903317,-75.63858969,5837
15--14773,2015/12/22,1:16 PM,MONTREAL RD @ GRANVILLE ST/LAFONTAINE AVE (0009348),9348,03 - At intersection,02 - Non-fatal injury,07 - SMV other,01 - Clear,01 - Daylight,01 - Dry,01 - Traffic signal,01 - Functioning,1,0,0,1,02 - Minor,1,,1,,,370826.7134,5033473.689,45.4380774,-75.65605529,5838
15--14774,2015/12/22,10:30 AM,GREENBANK RD @ IRIS ST/HWY 417 IC129 RAMP51 (0009073),9073,02 - Intersection related,03 - P.D. only,03 - Rear end,01 - Clear,01 - Daylight,02 - Wet,01 - Traffic signal,01 - Functioning,2,0,0,0,,0,,,,,360531.309,5023311.772,45.34753785,-75.78878646,5839
15--14775,2015/12/22,11:30 AM,WOODROFFE AVE btwn HWY417 IC127 RAMP36 & HWY417 IC127 RAMP62 (__3ZA4L5),__3ZA4L5,01 - Non intersection,03 - P.D. only,03 - Rear end,01 - Clear,01 - Daylight,02 - Wet,10 - No control,,2,0,0,0,,0,,,,,362045.8638,5025035.546,45.36292627,-75.76926047,5840
15--14776,2015/12/22,11:39 AM,HAZELDEAN RD btwn 246 E OF CASTLEFRANK RD & IRWIN GT (__3ZA41NB),__3ZA41NB,04 - At/near private drive,03 - P.D. only,05 - Turning movement,01 - Clear,01 - Daylight,02 - Wet,10 - No control,,2,0,0,0,,0,,,,,353290.11,5018175.028,45.30185448,-75.88169204,5841
15--14777,2015/12/22,11:52 AM,BRONSON AVE btwn PLYMOUTH ST & RENFREW AVE (__3ZA3B1),__3ZA3B1,04 - At/near private drive,03 - P.D. only,02 - Angle,02 - Rain,01 - Daylight,02 - Wet,10 - No control,,2,0,0,0,,0,,,,,367345.2796,5029576.853,45.403335,-75.70104474,5842
15--14778,2015/12/22,12:05 PM,GLOUCESTER ST @ O'CONNOR ST (0006943),6943,03 - At intersection,02 - Non-fatal injury,07 - SMV other,02 - Rain,01 - Daylight,02 - Wet,01 - Traffic signal,01 - Functioning,1,0,0,1,01 - Minimal,1,1,,,,367678.7094,5031292.581,45.41874272,-75.69656705,5843
15--14779,2015/12/22,12:14 PM,ROCKDALE RD N @ HIGHWAY 417 (0004640),4640,03 - At intersection,03 - P.D. only,06 - SMV unattended vehicle,02 - Rain,01 - Daylight,02 - Wet,02 - Stop sign,00 - Unknown,1,0,0,0,,0,,,,,395343.7707,5022680.53,45.33822882,-75.34471707,5844
15--1478,2015/01/23,6:32 PM,CARLING AVE/STATION RD @ MARCH RD (0002681),2681,02 - Intersection related,03 - P.D. only,03 - Rear end,01 - Clear,07 - Dark,04 - Slush,01 - Traffic signal,01 - Functioning,2,0,0,0,,0,,,,,350906.6529,5022246.026,45.3386468,-75.91170339,5845
15--14780,2015/12/22,12:27 PM,BANK ST @ COLLINS AVE/WILDWOOD AVE (0006959),6959,02 - Intersection related,03 - P.D. only,04 - Sideswipe,01 - Clear,01 - Daylight,02 - Wet,02 - Stop sign,00 - Unknown,2,0,0,0,,0,,,,,370049.9978,5026698.259,45.37718752,-75.66687881,5846
15--14781,2015/12/22,2:04 PM,SCOTT ST @ WESTERN AVE (0006132),6132,03 - At intersection,02 - Non-fatal injury,02 - Angle,02 - Rain,01 - Daylight,02 - Wet,02 - Stop sign,01 - Functioning,2,0,0,0,02 - Minor,1,,1,,,364204.2245,5029269.383,45.40084205,-75.74120207,5847
15--14782,2015/12/22,2:15 PM,MARKETPLACE AVE @ RIOCAN AVE (0010995),10995,03 - At intersection,02 - Non-fatal injury,07 - SMV other,01 - Clear,01 - Daylight,02 - Wet,02 - Stop sign,01 - Functioning,1,0,0,1,02 - Minor,1,,1,,,364287.5989,5014762.317,45.27030177,-75.74188102,5848
15--14783,2015/12/22,3:02 PM,WOODROFFE AVE @ GEORGINA DR/LENESTER AVE (0002351),2351,03 - At intersection,02 - Non-fatal injury,02 - Angle,01 - Clear,01 - Daylight,01 - Dry,01 - Traffic signal,01 - Functioning,2,0,0,0,01 - Minimal,2,2,,,,361909.6866,5025370.519,45.36595144,-75.7709599,5849
15--14784,2015/12/22,3:07 AM,JEANNE D'ARC BLVD  S btwn BOYER RD & ORLEANS BLVD (__3ZA2BO),__3ZA2BO,01 - Non intersection,03 - P.D. only,07 - SMV other,02 - Rain,07 - Dark,02 - Wet,10 - No control,,1,0,0,0,,0,,,,,380701.7856,5036196.916,45.46157662,-75.52943028,5850
15--14785,2015/12/22,3:43 PM,BANK ST btwn ALTA VISTA DR & ERIE AVE (__3ZA36X),__3ZA36X,01 - Non intersection,02 - Non-fatal injury,03 - Rear end,02 - Rain,01 - Daylight,02 - Wet,10 - No control,,3,0,0,0,02 - Minor,1,,1,,,370194.4165,5026334.095,45.37389743,-75.66508327,5851
15--14786,2015/12/22,4:00 PM,HUNT CLUB RD @ UPLANDS DR (0010844),10844,03 - At intersection,03 - P.D. only,04 - Sideswipe,01 - Clear,05 - Dusk,01 - Dry,01 - Traffic signal,01 - Functioning,2,0,0,0,,0,,,,,370155.2832,5023120.77,45.34498854,-75.66600774,5852
15--14787,2015/12/22,4:13 PM,HAWTHORNE RD/RUSSELL RD @ WALKLEY RD (0002618),2618,02 - Intersection related,02 - Non-fatal injury,03 - Rear end,02 - Rain,05 - Dusk,02 - Wet,01 - Traffic signal,00 - Unknown,2,0,0,0,01 - Minimal,1,1,,,,374674.7439,5028498.097,45.39293566,-75.60758158,5853
15--14788,2015/12/22,4:21 PM,BROOKFIELD RD @ 200 W OF FLANNERY DR (0008784),8784,03 - At intersection,02 - Non-fatal injury,07 - SMV other,02 - Rain,05 - Dusk,02 - Wet,01 - Traffic signal,01 - Functioning,1,0,0,0,02 - Minor,2,,2,,,368510.0161,5026257.463,45.37336308,-75.68659637,5854
15--14789,2015/12/22,4:33 PM,REGIONAL ROAD 174 btwn OR174 IC101 RAMP45 & RAMP (__3ZA1ZF),__3ZA1ZF,01 - Non intersection,03 - P.D. only,07 - SMV other,02 - Rain,05 - Dusk,02 - Wet,10 - No control,,1,0,0,0,,0,,,,,384073.768,5039775.232,45.49339646,-75.48574132,5855
15--1479,2015/01/23,6:35 AM,GILMOUR ST @ KENT ST (0007283),7283,03 - At intersection,03 - P.D. only,05 - Turning movement,01 - Clear,07 - Dark,02 - Wet,01 - Traffic signal,00 - Unknown,2,0,0,0,,0,,,,,367614.7449,5030671.125,45.4131568,-75.69746349,5856
15--14790,2015/12/22,4:41 PM,MEADOWLANDS DR/TALLWOOD DR @ WOODROFFE AVE (0000095),95,02 - Intersection related,02 - Non-fatal injury,03 - Rear end,02 - Rain,05 - Dusk,02 - Wet,01 - Traffic signal,01 - Functioning,2,0,0,0,01 - Minimal,1,1,,,,363056.6896,5022728.328,45.34208286,-75.75663027,5857
15--14791,2015/12/22,4:44 PM,METCALFE ST @ WAVERLEY ST (0007285),7285,03 - At intersection,02 - Non-fatal injury,07 - SMV other,02 - Rain,05 - Dusk,02 - Wet,02 - Stop sign,01 - Functioning,1,0,0,1,01 - Minimal,1,1,,,,368160.9925,5030858.569,45.41479411,-75.6904611,5858
15--14792,2015/12/22,4:45 PM,MCLEOD ST @ O'CONNOR ST (0007282),7282,03 - At intersection,03 - P.D. only,04 - Sideswipe,02 - Rain,05 - Dusk,02 - Wet,01 - Traffic signal,01 - Functioning,3,0,0,0,,0,,,,,368118.4317,5030592.573,45.41240462,-75.691039,5859
15--14793,2015/12/22,4:45 PM,OTTAWA RIVER PKWY @ VIMY PLACE PRIV (0012251),12251,02 - Intersection related,03 - P.D. only,03 - Rear end,02 - Rain,05 - Dusk,02 - Wet,01 - Traffic signal,00 - Unknown,2,0,0,0,,0,,,,,365975.1374,5030798.145,45.41444495,-75.71839377,5860
15--14794,2015/12/22,4:49 PM,BANK ST btwn QUEENSDALE AVE & LESTER RD (__3ZA2LF),__3ZA2LF,01 - Non intersection,03 - P.D. only,04 - Sideswipe,02 - Rain,05 - Dusk,02 - Wet,10 - No control,,2,0,0,0,,0,,,,,373411.8332,5023368.979,45.34691085,-75.62442156,5861
15--14795,2015/12/22,4:52 PM,AMBLER LANE btwn KINGSVIEW LANE & TALLGRASS LANE (__6N4HUF),__6N4HUF,01 - Non intersection,02 - Non-fatal injury,06 - SMV unattended vehicle,01 - Clear,05 - Dusk,01 - Dry,10 - No control,,1,0,0,0,02 - Minor,1,,1,,,363160.0302,5014149.263,45.26487996,-75.75632173,5862
15--14796,2015/12/22,4:53 PM,AMBLER LANE btwn KINGSVIEW LANE & TALLGRASS LANE (__6N4HUF),__6N4HUF,01 - Non intersection,02 - Non-fatal injury,06 - SMV unattended vehicle,01 - Clear,05 - Dusk,01 - Dry,10 - No control,,1,0,0,0,02 - Minor,1,,1,,,363135.1111,5014122.92,45.26464499,-75.75664234,5863
15--14797,2015/12/22,4:54 PM,MADRID AVE btwn KENTON AVE & TALLGRASS LANE (__6N4HUK),__6N4HUK,01 - Non intersection,02 - Non-fatal injury,06 - SMV unattended vehicle,01 - Clear,05 - Dusk,01 - Dry,10 - No control,,1,0,0,0,02 - Minor,1,,1,,,363235.4994,5014184.15,45.26518761,-75.75535601,5864
15--14798,2015/12/22,4:55 PM,ANDORA AVE btwn STRANDHERD DR & MADRID AVE (__6N4HXO),__6N4HXO,01 - Non intersection,02 - Non-fatal injury,06 - SMV unattended vehicle,01 - Clear,05 - Dusk,01 - Dry,10 - No control,,1,0,0,0,02 - Minor,1,,1,,,363247.603,5014285.962,45.26610272,-75.75518981,5865
15--14799,2015/12/22,4:58 PM,CRERAR AVE @ FISHER AVE (0006253),6253,02 - Intersection related,03 - P.D. only,03 - Rear end,02 - Rain,07 - Dark,02 - Wet,02 - Stop sign,01 - Functioning,2,0,0,0,,0,,,,,365452.7026,5027698.988,45.38660493,-75.72544918,5866
15--148,2015/01/04,2:38 PM,HIGHWAY 417 btwn HWY417 IC134 RAMP35 & HWY417 IC134 RAMP25 (__3ZA29D),__3ZA29D,01 - Non intersection,03 - P.D. only,07 - SMV other,04 - Freezing Rain,01 - Daylight,04 - Slush,10 - No control,,1,0,0,0,,0,,,,,356513.7729,5022294.058,45.3386881,-75.84015898,5867
15--1480,2015/01/23,6:40 PM,ABBOTT ST    E btwn GRANITE RIDGE DR & TALLTREE CRES (__54PPHJ),__54PPHJ,01 - Non intersection,03 - P.D. only,06 - SMV unattended vehicle,01 - Clear,07 - Dark,04 - Slush,10 - No control,,1,0,0,0,,0,,,,,351540.5465,5014483.295,45.2687538,-75.90434763,5868
15--14800,2015/12/22,5:02 PM,RIVERSIDE DR NB btwn RIVERSIDE DR SPLIT & DATA CENTRE RD (__5FDUZU),__5FDUZU,01 - Non intersection,03 - P.D. only,03 - Rear end,02 - Rain,07 - Dark,02 - Wet,10 - No control,,2,0,0,0,,0,,,,,368801.2396,5027581.654,45.38525123,-75.68270697,5869
15--14801,2015/12/22,5:52 PM,BANK ST @ LEITRIM RD (0004125),4125,03 - At intersection,03 - P.D. only,05 - Turning movement,02 - Rain,07 - Dark,02 - Wet,01 - Traffic signal,01 - Functioning,2,0,0,0,,0,,,,,375357.7542,5021618.775,45.3309702,-75.59984163,5870
15--14802,2015/12/22,6:27 PM,BELFAST RD @ TRAINYARDS (0007799),7799,02 - Intersection related,03 - P.D. only,05 - Turning movement,02 - Rain,07 - Dark,02 - Wet,01 - Traffic signal,00 - Unknown,2,0,0,0,,0,,,,,371884.1649,5030912.852,45.4149355,-75.64288938,5871
15--14803,2015/12/22,6:34 PM,AVIATION PKWY @ MONTREAL RD (0008799),8799,03 - At intersection,03 - P.D. only,05 - Turning movement,02 - Rain,07 - Dark,02 - Wet,01 - Traffic signal,01 - Functioning,2,0,0,0,,0,,,,,372145.9946,5034108.583,45.44366403,-75.63910743,5872
15--14804,2015/12/22,7:02 AM,HOGAN ST @ MEADOWLANDS DR (0001120),1120,02 - Intersection related,03 - P.D. only,02 - Angle,02 - Rain,07 - Dark,02 - Wet,02 - Stop sign,00 - Unknown,2,0,0,0,,0,,,,,366122.697,5024893.791,45.36130601,-75.71724228,5873
15--14805,2015/12/22,7:06 PM,PERCY ST @ THIRD AVE (0007384),7384,03 - At intersection,03 - P.D. only,02 - Angle,01 - Clear,07 - Dark,02 - Wet,02 - Stop sign,01 - Functioning,2,0,0,0,,0,,,,,367882.4308,5029282.557,45.40063882,-75.69422148,5874
15--14806,2015/12/22,8:45 PM,BRANT ST @ MCARTHUR AVE (0004649),4649,02 - Intersection related,03 - P.D. only,04 - Sideswipe,02 - Rain,07 - Dark,02 - Wet,01 - Traffic signal,00 - Unknown,2,0,0,0,,0,,,,,371262.7195,5032805.577,45.43202472,-75.65057312,5875
15--14807,2015/12/22,9:00 AM,RIDDELL DR @ SIXTH LINE RD (0003691),3691,02 - Intersection related,03 - P.D. only,07 - SMV other,02 - Rain,01 - Daylight,02 - Wet,10 - No control,,1,0,0,0,,0,,,,,350155.6258,5029096.559,45.40033809,-75.92065663,5876
15--14808,2015/12/23,1:12 PM,CATHERINE ST @ KENT ST (0002707),2707,02 - Intersection related,03 - P.D. only,04 - Sideswipe,01 - Clear,01 - Daylight,02 - Wet,01 - Traffic signal,01 - Functioning,2,0,0,0,,0,,,,,367906.2635,5030190.008,45.40880163,-75.69380094,5877
15--14809,2015/12/23,1:45 PM,MARCH RD btwn 280 S OF CARLING AVE/STATION RD & RICHARDSON SIDE RD (__3ZA42DB),__3ZA42DB,01 - Non intersection,03 - P.D. only,04 - Sideswipe,"07 - Fog, mist, smoke, dust",01 - Daylight,01 - Dry,10 - No control,,2,0,0,0,,0,,,,,351231.535,5021897.99,45.33549367,-75.90759094,5878
15--1481,2015/01/23,6:49 PM,SECOND LINE RD btwn GOWARD DR & KLONDIKE RD (__3ZACVS),__3ZACVS,01 - Non intersection,03 - P.D. only,07 - SMV other,01 - Clear,07 - Dark,02 - Wet,10 - No control,,1,0,0,0,,0,,,,,348021.6785,5023259.003,45.3479455,-75.94842386,5879
15--14810,2015/12/23,1:51 PM,BRITANNIA RD @ HOWE ST (0002889),2889,03 - At intersection,02 - Non-fatal injury,02 - Angle,01 - Clear,01 - Daylight,01 - Dry,02 - Stop sign,01 - Functioning,2,1,0,0,02 - Minor,1,,1,,,359921.3925,5025321.236,45.36566717,-75.79634523,5880
15--14811,2015/12/23,10:05 AM,BANK ST @ HERON RD (0002155),2155,02 - Intersection related,03 - P.D. only,03 - Rear end,01 - Clear,01 - Daylight,01 - Dry,01 - Traffic signal,01 - Functioning,2,0,0,0,,0,,,,,369995.72,5026851.542,45.37857176,-75.66755153,5881
15--14812,2015/12/23,10:27 PM,CARLING AVE @ RICHMOND RD (0010847),10847,03 - At intersection,03 - P.D. only,02 - Angle,02 - Rain,07 - Dark,02 - Wet,01 - Traffic signal,01 - Functioning,2,0,0,0,,0,,,,,360243.5129,5024782.956,45.36079834,-75.7922939,5882
15--14813,2015/12/23,10:30 AM,BESSERER ST @ DALHOUSIE ST (0011452),11452,03 - At intersection,03 - P.D. only,05 - Turning movement,01 - Clear,01 - Daylight,01 - Dry,01 - Traffic signal,01 - Functioning,2,0,0,0,,0,,,,,368252.7017,5032157.575,45.42647382,-75.68912219,5883
15--14814,2015/12/23,10:30 PM,SILVER SEVEN RD btwn FRANK NIGHBOR PL & 280 N OF PALLADIUM DR/COSTCO S (__3ZAZH2A),__3ZAZH2A,01 - Non intersection,03 - P.D. only,07 - SMV other,02 - Rain,07 - Dark,02 - Wet,10 - No control,,1,0,0,0,,0,,,,,350772.5481,5018206.338,45.30230549,-75.91378938,5884
15--14815,2015/12/23,10:46 AM,TENTH LINE RD @ VANGUARD DR (0004632),4632,03 - At intersection,03 - P.D. only,05 - Turning movement,01 - Clear,01 - Daylight,01 - Dry,01 - Traffic signal,01 - Functioning,2,0,0,0,,0,,,,,384073.4852,5035874.563,45.45830193,-75.48637437,5885
15--14816,2015/12/23,10:56 AM,BARNSDALE RD @ PRINCE OF WALES DR (0001082),1082,03 - At intersection,03 - P.D. only,02 - Angle,"07 - Fog, mist, smoke, dust",01 - Daylight,02 - Wet,02 - Stop sign,01 - Functioning,2,0,0,0,,0,,,,,366645.9742,5011531.691,45.24102926,-75.71223037,5886