Anom_ID,Accident_Date,Accident_Time,Location,Geo_ID,Accident_Location,Classification_of_Accident,Initial_Impact_Type,Environment_Condition,Light,Road_Surface_Condition,Traffic_Control,Traffic_Control_Condition,No__of_Vehicles,No__of_Bicycles,No__of_Motorcycles,No__of_Pedestrians,Max_Injury,No__of_Injuries,No__of_Minimal,No__of_Minor,No__of_Major,No__of_Fatal,X,Y,Latitude,Longitude,ObjectId
15--14817,2015/12/23,12:03 PM,GREENFIELD AVE @ HWY 417 NICHOLAS IC118R43 (0002658),2658,03 - At intersection,03 - P.D. only,05 - Turning movement,01 - Clear,01 - Daylight,02 - Wet,01 - Traffic signal,01 - Functioning,2,0,0,0,,0,,,,,369099.9496,5031195.796,45.41774271,-75.67842164,5887
15--14818,2015/12/23,12:05 PM,METCALFE ST @ SOMERSET ST (0002689),2689,03 - At intersection,03 - P.D. only,05 - Turning movement,01 - Clear,01 - Daylight,01 - Dry,01 - Traffic signal,01 - Functioning,2,0,0,0,,0,,,,,368010.7043,5031104.573,45.41702117,-75.69234953,5888
15--14819,2015/12/23,12:34 AM,BARNSDALE RD S @ MOODIE DR (0010279),10279,03 - At intersection,02 - Non-fatal injury,07 - SMV other,"07 - Fog, mist, smoke, dust",07 - Dark,02 - Wet,02 - Stop sign,01 - Functioning,1,0,0,0,01 - Minimal,1,1,,,,361951.1021,5008825.095,45.21707174,-75.77233758,5889
15--1482,2015/01/23,7:02 PM,CATHERINE ST @ KENT ST (0002707),2707,02 - Intersection related,03 - P.D. only,04 - Sideswipe,01 - Clear,07 - Dark,01 - Dry,01 - Traffic signal,01 - Functioning,2,0,0,0,,0,,,,,367906.6936,5030188.818,45.40879089,-75.6937956,5890
15--14820,2015/12/23,12:43 PM,METCALFE ST btwn QUEEN ST & ALBERT ST (__3ZA1XP),__3ZA1XP,04 - At/near private drive,03 - P.D. only,07 - SMV other,01 - Clear,01 - Daylight,01 - Dry,10 - No control,,1,0,0,0,,0,,,,,367668.7528,5031648.893,45.42194959,-75.6966488,5891
15--14821,2015/12/23,12:43 PM,GLENCOE ST btwn BELLMAN DR & MIDLAND CRES (__3ZABP2),__3ZABP2,04 - At/near private drive,03 - P.D. only,02 - Angle,"07 - Fog, mist, smoke, dust",01 - Daylight,02 - Wet,10 - No control,,2,0,0,0,,0,,,,,361126.3315,5020792.367,45.32482075,-75.78148046,5892
15--14822,2015/12/23,2:13 AM,HAZELDEAN RD @ CARBROOKE ST/IRWIN GATE (0003187),3187,02 - Intersection related,03 - P.D. only,07 - SMV other,01 - Clear,07 - Dark,02 - Wet,01 - Traffic signal,01 - Functioning,1,0,0,0,,0,,,,,353417.6215,5018265.463,45.30265942,-75.88005734,5893
15--14823,2015/12/23,2:18 PM,BANK ST btwn RANDALL AVE & 73 N OF EVANS BLVD (__3ZA3BJA),__3ZA3BJA,01 - Non intersection,03 - P.D. only,03 - Rear end,01 - Clear,01 - Daylight,02 - Wet,10 - No control,,3,0,0,0,,0,,,,,369751.2776,5027266.659,45.38232956,-75.67061774,5894
15--14824,2015/12/23,2:40 PM,HWY417 IC134 RAMP61 btwn HWY417 IC134 RAMP63 & HIGHWAY 417 (__3ZAYBY),__3ZAYBY,01 - Non intersection,03 - P.D. only,03 - Rear end,"07 - Fog, mist, smoke, dust",01 - Daylight,01 - Dry,10 - No control,,2,0,0,0,,0,,,,,356718.1059,5022506.858,45.34058781,-75.83752964,5895
15--14825,2015/12/23,2:47 PM,BOYER RD @ ST. JOSEPH BLVD (0003643),3643,03 - At intersection,02 - Non-fatal injury,03 - Rear end,01 - Clear,01 - Daylight,02 - Wet,02 - Stop sign,01 - Functioning,2,0,0,0,01 - Minimal,1,1,,,,380405.02,5036834.308,45.46734355,-75.53312649,5896
15--14826,2015/12/23,3:11 PM,HOLLAND AVE @ INGLEWOOD PL (0006647),6647,03 - At intersection,03 - P.D. only,02 - Angle,01 - Clear,01 - Daylight,01 - Dry,02 - Stop sign,01 - Functioning,2,0,0,0,,0,,,,,365343.1407,5028208.553,45.39119937,-75.72678568,5897
15--14827,2015/12/23,3:23 PM,AIRPORT PKWY @ HUNT CLUB RD (0010856),10856,03 - At intersection,03 - P.D. only,03 - Rear end,01 - Clear,01 - Daylight,01 - Dry,01 - Traffic signal,01 - Functioning,2,0,0,0,,0,,,,,371018.528,5023703.72,45.35015278,-75.6549151,5898
15--14828,2015/12/23,3:41 PM,FAIRLAWN AVE btwn WOODROFFE AVE & FOX CRES (__3ZA4NJ),__3ZA4NJ,04 - At/near private drive,03 - P.D. only,07 - SMV other,04 - Freezing Rain,01 - Daylight,02 - Wet,10 - No control,,1,0,0,0,,0,,,,,361947.3935,5025800.34,45.36981586,-75.77042887,5899
15--14829,2015/12/23,4:10 PM,WOODROFFE AVE @ CLARIDGE DR/STONEWAY DR N (0009791),9791,03 - At intersection,02 - Non-fatal injury,05 - Turning movement,02 - Rain,05 - Dusk,02 - Wet,01 - Traffic signal,01 - Functioning,2,0,0,0,02 - Minor,1,,1,,,365576.6621,5016707.424,45.28769355,-75.72521632,5900
15--1483,2015/01/23,7:19 AM,BEARBROOK RD/ROCKCLIFFE PKWY @ ST. JOSEPH BLVD (0012382),12382,03 - At intersection,03 - P.D. only,05 - Turning movement,01 - Clear,03 - Dawn,01 - Dry,01 - Traffic signal,01 - Functioning,2,0,0,0,,0,,,,,377127.7704,5035240.074,45.45334676,-75.57526645,5901
15--14830,2015/12/23,4:15 PM,STRANDHERD DR btwn LONGFIELDS DR & CLARIDGE DR (__4BRV9S),__4BRV9S,04 - At/near private drive,02 - Non-fatal injury,05 - Turning movement,01 - Clear,05 - Dusk,02 - Wet,10 - No control,,2,0,0,0,01 - Minimal,1,1,,,,364642.6733,5015231.808,45.27449613,-75.73729971,5902
15--14831,2015/12/23,4:18 PM,BEATRICE DR @ HOLLOWBROOK DR (0010982),10982,03 - At intersection,03 - P.D. only,03 - Rear end,02 - Rain,05 - Dusk,02 - Wet,02 - Stop sign,01 - Functioning,2,0,0,0,,0,,,,,365499.0941,5015221.936,45.27433389,-75.72638675,5903
15--14832,2015/12/23,4:18 PM,KLONDIKE RD @ MARCH RD (0003096),3096,03 - At intersection,03 - P.D. only,05 - Turning movement,02 - Rain,05 - Dusk,02 - Wet,01 - Traffic signal,01 - Functioning,2,0,0,0,,0,,,,,349262.249,5024061.621,45.35509009,-75.93252084,5904
15--14833,2015/12/23,5:26 AM,CHATELAIN AVE btwn MCBRIDE ST & LARKIN ST (__3ZA1UA),__3ZA1UA,01 - Non intersection,03 - P.D. only,06 - SMV unattended vehicle,"07 - Fog, mist, smoke, dust",07 - Dark,02 - Wet,10 - No control,,1,0,0,0,,0,,,,,364325.3218,5026445.367,45.37542178,-75.73999599,5905
15--14834,2015/12/23,5:39 PM,RIVERSIDE DR @ UPLANDS DR/KIMBERWICK CRES N (0006890),6890,02 - Intersection related,03 - P.D. only,05 - Turning movement,02 - Rain,07 - Dark,02 - Wet,01 - Traffic signal,01 - Functioning,2,0,0,0,,0,,,,,368193.994,5022793.5,45.34222383,-75.69107495,5906
15--14835,2015/12/23,5:41 PM,MONTGOMERY ST @ MONTREAL RD (0009342),9342,03 - At intersection,02 - Non-fatal injury,07 - SMV other,02 - Rain,07 - Dark,02 - Wet,01 - Traffic signal,01 - Functioning,1,0,0,1,01 - Minimal,1,1,,,,369814.4346,5032919.866,45.43318919,-75.66906586,5907
15--14836,2015/12/23,5:56 PM,HUNT CLUB RD @ LORRY GREENBERG DR/SABLE RIDGE  (0008203),8203,03 - At intersection,02 - Non-fatal injury,05 - Turning movement,02 - Rain,07 - Dark,02 - Wet,01 - Traffic signal,01 - Functioning,2,0,0,0,02 - Minor,1,,1,,,372824.4607,5024807.505,45.35991139,-75.63171843,5908
15--14837,2015/12/23,6:09 PM,CATHERINE ST/HWY 417 O'CONN IC119BR76 @ O'CONN (0001697),1697,03 - At intersection,02 - Non-fatal injury,02 - Angle,02 - Rain,07 - Dark,02 - Wet,01 - Traffic signal,01 - Functioning,2,0,0,0,02 - Minor,1,,1,,,368243.4741,5030392.544,45.4105935,-75.68946736,5909
15--14838,2015/12/23,6:30 PM,COLONNADE RD @ MERIVALE RD (0004569),4569,02 - Intersection related,03 - P.D. only,03 - Rear end,02 - Rain,07 - Dark,02 - Wet,01 - Traffic signal,01 - Functioning,2,0,0,0,,0,,,,,365364.417,5022544.496,45.34023332,-75.72720824,5910
15--14839,2015/12/23,6:41 PM,ST. JOSEPH BLVD @ TENTH LINE RD (0009163),9163,02 - Intersection related,03 - P.D. only,03 - Rear end,02 - Rain,07 - Dark,02 - Wet,01 - Traffic signal,01 - Functioning,2,0,0,0,,0,,,,,382892.2478,5038667.175,45.4835604,-75.50103206,5911
15--1484,2015/01/23,7:30 PM,HIGHWAY 417 btwn HWY417 IC118 RAMP76 & HWY417 IC118 RAMP67 (__3ZA2YR),__3ZA2YR,01 - Non intersection,03 - P.D. only,04 - Sideswipe,01 - Clear,07 - Dark,01 - Dry,10 - No control,,2,0,0,0,,0,,,,,369555.5041,5031108.903,45.41691887,-75.67261292,5912
15--14840,2015/12/23,6:43 PM,WOLFGANG DR btwn MERKEL DR & FIELDGATE DR (__3ZA6M8),__3ZA6M8,04 - At/near private drive,03 - P.D. only,06 - SMV unattended vehicle,01 - Clear,07 - Dark,01 - Dry,10 - No control,,1,0,0,0,,0,,,,,363492.8032,5016777.015,45.28849684,-75.7517709,5913
15--14841,2015/12/23,6:45 PM,CARLING AVE/STATION RD @ MARCH RD (0002681),2681,02 - Intersection related,03 - P.D. only,03 - Rear end,01 - Clear,07 - Dark,01 - Dry,01 - Traffic signal,01 - Functioning,2,0,0,0,,0,,,,,350908.3388,5022246.508,45.33865102,-75.91168183,5914
15--14842,2015/12/23,7:02 PM,CAMPEAU DR @ HERLIHEY WAY (0012766),12766,02 - Intersection related,03 - P.D. only,02 - Angle,02 - Rain,07 - Dark,02 - Wet,01 - Traffic signal,01 - Functioning,2,0,0,0,,0,,,,,350507.8629,5019176.943,45.31105653,-75.91707478,5915
15--14843,2015/12/23,7:20 PM,WELLINGTON ST    W btwn HURON AVE N & HOLLAND AVE (__3ZA4QO),__3ZA4QO,01 - Non intersection,03 - P.D. only,04 - Sideswipe,01 - Clear,07 - Dark,01 - Dry,10 - No control,,2,0,0,0,,0,,,,,364867.511,5029131.464,45.39954449,-75.73274716,5916
15--14844,2015/12/23,7:57 PM,CARLING AVE @ KIRKWOOD AVE S (0002209),2209,02 - Intersection related,03 - P.D. only,03 - Rear end,02 - Rain,07 - Dark,02 - Wet,01 - Traffic signal,01 - Functioning,3,0,0,0,,0,,,,,364351.7005,5027337.549,45.38344724,-75.73955162,5917
15--14845,2015/12/23,9:57 PM,HUNTMAR DR btwn OLD CARP RD & BRADLEY SIDE RD (__3ZACWD),__3ZACWD,01 - Non intersection,03 - P.D. only,07 - SMV other,02 - Rain,07 - Dark,02 - Wet,10 - No control,,1,0,0,0,,0,,,,,345303.0989,5022274.744,45.33925109,-75.98319631,5918
15--14846,2015/12/24,1:01 PM,ELGIN ST @ MACLAREN ST (0006937),6937,02 - Intersection related,03 - P.D. only,05 - Turning movement,01 - Clear,01 - Daylight,01 - Dry,01 - Traffic signal,01 - Functioning,2,0,0,0,,0,,,,,368208.7134,5031127.297,45.41720772,-75.68981687,5919
15--14847,2015/12/24,1:23 AM,FALLOWFIELD RD btwn STEEPLE HILL CRES & MOODIE DR (__3ZA4Y5),__3ZA4Y5,01 - Non intersection,03 - P.D. only,07 - SMV other,02 - Rain,07 - Dark,02 - Wet,10 - No control,,1,0,0,0,,0,,,,,358408.7577,5014004.641,45.2639568,-75.816878,5920
15--14848,2015/12/24,1:23 PM,RICHMOND RD btwn CROYDON AVE & ASSALY RD (__3ZA2XS),__3ZA2XS,01 - Non intersection,03 - P.D. only,03 - Rear end,01 - Clear,01 - Daylight,01 - Dry,10 - No control,,3,0,0,0,,0,,,,,360627.9735,5025411.614,45.36642447,-75.78731583,5921
15--14849,2015/12/24,1:29 PM,REGIONAL ROAD 174 EB btwn HWY417 IC113 RAMP65 & OR174 BLAIR IC112 RAMP51 (__3ZAZFJ),__3ZAZFJ,01 - Non intersection,02 - Non-fatal injury,03 - Rear end,01 - Clear,01 - Daylight,01 - Dry,10 - No control,,3,0,0,0,01 - Minimal,2,2,,,,374805.7076,5032826.061,45.43186333,-75.60529446,5922
15--1485,2015/01/23,7:40 PM,HIGHWAY 417 btwn HWY417 IC112 RAMP55 & HIGHWAY 417 (__3ZAZPP),__3ZAZPP,01 - Non intersection,03 - P.D. only,07 - SMV other,01 - Clear,07 - Dark,06 - Ice,10 - No control,,1,0,0,0,,0,,,,,374914.5128,5030674.503,45.41249388,-75.60421027,5923
15--14850,2015/12/24,10:02 AM,HUNTER'S RUN DR @ JEANNE D'ARC BLVD (0012419),12419,02 - Intersection related,03 - P.D. only,03 - Rear end,01 - Clear,01 - Daylight,02 - Wet,01 - Traffic signal,01 - Functioning,2,0,0,0,,0,,,,,380567.7472,5036174.572,45.46139014,-75.53114745,5924
15--14602,2015/12/17,4:52 PM,ST. JOSEPH BLVD btwn GREY NUNS DR & BOYER RD (__3ZA2BW),__3ZA2BW,04 - At/near private drive,03 - P.D. only,02 - Angle,02 - Rain,07 - Dark,02 - Wet,10 - No control,,3,0,0,0,,0,,,,,380264.4625,5036738.329,45.46649521,-75.53493849,5925
15--14603,2015/12/17,4:55 PM,ALPINE AVE @ CARLING AVE (0011382),11382,03 - At intersection,03 - P.D. only,05 - Turning movement,02 - Rain,07 - Dark,02 - Wet,01 - Traffic signal,01 - Functioning,3,0,0,0,,0,,,,,360495.955,5024943.241,45.36222057,-75.7890538,5926
15--14604,2015/12/17,4:59 PM,CASTLEFRANK RD @ HAZELDEAN RD (0003608),3608,02 - Intersection related,03 - P.D. only,03 - Rear end,02 - Rain,05 - Dusk,02 - Wet,01 - Traffic signal,01 - Functioning,3,0,0,0,,0,,,,,352678.6001,5017676.769,45.29741297,-75.8895372,5927
15--14605,2015/12/17,5:08 PM,KLONDIKE RD @ LAXFORD DR/PENRITH ST (0011769),11769,02 - Intersection related,03 - P.D. only,03 - Rear end,02 - Rain,07 - Dark,02 - Wet,02 - Stop sign,01 - Functioning,2,0,0,0,,0,,,,,348839.9228,5023664.836,45.35154638,-75.93794614,5928
15--14606,2015/12/17,5:10 PM,GREENLAND RD btwn ROCK FOREST RD & MAST LANE (__3ZAC65),__3ZAC65,01 - Non intersection,03 - P.D. only,07 - SMV other,"07 - Fog, mist, smoke, dust",07 - Dark,01 - Dry,10 - No control,,1,0,0,0,,0,,,,,340443.0374,5037912.942,45.48023193,-76.04407596,5929
15--14607,2015/12/17,5:30 PM,CARLING AVE @ KIRKWOOD AVE N (0002358),2358,02 - Intersection related,03 - P.D. only,04 - Sideswipe,01 - Clear,07 - Dark,01 - Dry,01 - Traffic signal,01 - Functioning,2,0,0,0,,0,,,,,364274.9702,5027494.256,45.38486378,-75.74051246,5930
15--14608,2015/12/17,5:31 PM,DUNROBIN RD @ KINBURN SIDE RD (0001688),1688,02 - Intersection related,03 - P.D. only,02 - Angle,01 - Clear,07 - Dark,01 - Dry,02 - Stop sign,00 - Unknown,2,0,0,0,,0,,,,,338031.0428,5035929.629,45.46250459,-76.07506197,5931
15--14609,2015/12/17,5:41 PM,MARCH RD btwn 280 S OF CARLING AVE/STATION RD & RICHARDSON SIDE RD (__3ZA42DB),__3ZA42DB,04 - At/near private drive,03 - P.D. only,02 - Angle,01 - Clear,07 - Dark,02 - Wet,10 - No control,,2,0,0,0,,0,,,,,351214.0954,5021914.088,45.33563968,-75.90781193,5932
15--1461,2015/01/23,4:12 PM,RICHARDSON SIDE RD @ TERRY FOX DR (0013651),13651,02 - Intersection related,03 - P.D. only,03 - Rear end,01 - Clear,01 - Daylight,01 - Dry,01 - Traffic signal,01 - Functioning,2,0,0,0,,0,,,,,348803.086,5019506.072,45.31412702,-75.93878598,5933
15--14610,2015/12/17,5:57 PM,ALTA VISTA DR @ BANK ST (0011318),11318,03 - At intersection,03 - P.D. only,05 - Turning movement,01 - Clear,07 - Dark,02 - Wet,01 - Traffic signal,01 - Functioning,2,0,0,0,,0,,,,,370247.3471,5026201.461,45.37269909,-75.66442513,5934
15--14611,2015/12/17,6:00 PM,MONTREAL RD @ GRANVILLE ST/LAFONTAINE AVE (0009348),9348,03 - At intersection,02 - Non-fatal injury,07 - SMV other,01 - Clear,07 - Dark,02 - Wet,01 - Traffic signal,01 - Functioning,1,0,0,1,02 - Minor,1,,1,,,370826.8435,5033475.508,45.43809375,-75.65605338,5935
15--14612,2015/12/17,6:40 AM,ANDERSON RD/WEIR RD @ RENAUD RD (0003583),3583,03 - At intersection,03 - P.D. only,02 - Angle,02 - Rain,07 - Dark,02 - Wet,11 - Roundabout,01 - Functioning,2,0,0,0,,0,,,,,377767.7481,5031502.117,45.41964856,-75.56763928,5936
15--14613,2015/12/17,7:06 AM,REGIONAL ROAD 174 EB btwn HWY417 IC113 RAMP65 & OR174 BLAIR IC112 RAMP51 (__3ZAZFJ),__3ZAZFJ,01 - Non intersection,03 - P.D. only,07 - SMV other,02 - Rain,03 - Dawn,02 - Wet,10 - No control,,1,0,0,0,,0,,,,,374706.0759,5032751.261,45.43120029,-75.60657826,5937
15--14614,2015/12/17,7:29 PM,GRANDVIEW RD btwn JAY ST & NESBITT ST (__3ZACLR),__3ZACLR,04 - At/near private drive,03 - P.D. only,99 - Other,01 - Clear,07 - Dark,01 - Dry,10 - No control,,2,0,0,0,,0,,,,,355564.4421,5024514.518,45.35873735,-75.85204323,5938
15--14615,2015/12/17,7:40 AM,ST. JOSEPH BLVD @ TENTH LINE RD (0009163),9163,02 - Intersection related,03 - P.D. only,03 - Rear end,02 - Rain,03 - Dawn,02 - Wet,01 - Traffic signal,01 - Functioning,2,0,0,0,,0,,,,,382891.5258,5038666.453,45.48355398,-75.50104141,5939
15--14616,2015/12/17,7:42 AM,CARLING AVE @ KIRKWOOD AVE S (0002209),2209,02 - Intersection related,03 - P.D. only,03 - Rear end,02 - Rain,03 - Dawn,02 - Wet,01 - Traffic signal,01 - Functioning,2,0,0,0,,0,,,,,364351.7005,5027336.827,45.38344074,-75.7395517,5940
15--14617,2015/12/17,7:59 AM,WOODROFFE AVE btwn ADIRONDACK DR & FIRESTATION (__3ZA34KA),__3ZA34KA,01 - Non intersection,03 - P.D. only,03 - Rear end,02 - Rain,01 - Daylight,02 - Wet,10 - No control,,3,0,0,0,,0,,,,,362472.8485,5023969.411,45.35329828,-75.76393488,5941
15--14618,2015/12/17,8:00 AM,TENTH LINE RD @ CHARLEMAGNE BLVD N/TOMPKINS AV (0009222),9222,02 - Intersection related,03 - P.D. only,03 - Rear end,02 - Rain,01 - Daylight,02 - Wet,01 - Traffic signal,01 - Functioning,2,0,0,0,,0,,,,,383183.2079,5037978.604,45.47733266,-75.49742052,5942
15--14619,2015/12/17,8:00 AM,CARRIERE ST btwn ORLEANS BLVD & MICHAELSEM ST (__3ZA6E0),__3ZA6E0,01 - Non intersection,03 - P.D. only,05 - Turning movement,01 - Clear,01 - Daylight,01 - Dry,10 - No control,,2,0,0,0,,0,,,,,381004.7767,5036680.592,45.46589536,-75.52548146,5943
15--1462,2015/01/23,4:19 PM,MAPLE GROVE RD @ TERRY FOX DR (0003177),3177,03 - At intersection,03 - P.D. only,02 - Angle,01 - Clear,01 - Daylight,01 - Dry,01 - Traffic signal,01 - Functioning,2,0,0,0,,0,,,,,351554.5725,5017863.019,45.2991646,-75.90385045,5944
15--14620,2015/12/17,8:20 PM,DONDALE ST @ MEADOWBROOK RD (0012488),12488,03 - At intersection,03 - P.D. only,05 - Turning movement,"07 - Fog, mist, smoke, dust",07 - Dark,02 - Wet,02 - Stop sign,01 - Functioning,2,0,0,0,,0,,,,,374573.8146,5031410.241,45.41914772,-75.60845836,5945
15--14621,2015/12/17,8:21 AM,INNES RD btwn 298 E OF WILDFLOWER DR & LANTHIER DR/PRESTWICK DR (__3ZA3Y4B),__3ZA3Y4B,01 - Non intersection,03 - P.D. only,04 - Sideswipe,02 - Rain,01 - Daylight,02 - Wet,10 - No control,,2,0,0,0,,0,,,,,383489.6664,5035968.947,45.45921711,-75.49382307,5946
15--14622,2015/12/17,8:29 AM,LAURIER AVE   W btwn QUEEN ELIZABETH DRWY/LAURIER AVE WB ON RAMP & QUE (__3ZA351),__3ZA351,04 - At/near private drive,03 - P.D. only,99 - Other,01 - Clear,01 - Daylight,02 - Wet,10 - No control,,2,0,0,0,,0,,,,,368114.7642,5031646.851,45.421891,-75.69095039,5947
15--14623,2015/12/17,8:30 AM,LAURIER AVE   W btwn BANK ST & O'CONNOR ST (__3ZA34B),__3ZA34B,01 - Non intersection,03 - P.D. only,06 - SMV unattended vehicle,02 - Rain,01 - Daylight,02 - Wet,10 - No control,,1,0,0,0,,0,,,,,367545.6102,5031306.536,45.41888023,-75.69826578,5948
15--14624,2015/12/18,1:00 AM,BANK ST @ CATHERINE ST (0002708),2708,03 - At intersection,03 - P.D. only,02 - Angle,01 - Clear,07 - Dark,01 - Dry,01 - Traffic signal,01 - Functioning,2,0,0,0,,0,,,,,368040.4274,5030266.85,45.40948092,-75.69207728,5949
15--14625,2015/12/18,1:03 PM,CONROY RD @ HUNT CLUB RD (0002257),2257,02 - Intersection related,03 - P.D. only,03 - Rear end,01 - Clear,01 - Daylight,01 - Dry,01 - Traffic signal,01 - Functioning,2,0,0,0,,0,,,,,373764.462,5025404.523,45.36519128,-75.61963811,5950
15--14626,2015/12/18,10:34 PM,RIDGEFIELD CRES @ STINSON AVE (0000894),894,03 - At intersection,03 - P.D. only,02 - Angle,01 - Clear,07 - Dark,01 - Dry,02 - Stop sign,00 - Unknown,2,0,0,0,,0,,,,,357971.1066,5020701.756,45.32425153,-75.82173649,5951
15--14627,2015/12/18,11:30 AM,CLEOPATRA DR btwn WEST HUNT CLUB RD & CAMELOT DR (__3ZA57Q),__3ZA57Q,01 - Non intersection,03 - P.D. only,06 - SMV unattended vehicle,01 - Clear,01 - Daylight,01 - Dry,10 - No control,,1,0,0,0,,0,,,,,365382.9601,5021352.754,45.32950857,-75.72711755,5952
15--14628,2015/12/18,12:10 PM,INNES RD @ 260 E OF BELCOURT BLVD/WALMART SC (0012533),12533,02 - Intersection related,03 - P.D. only,03 - Rear end,01 - Clear,01 - Daylight,01 - Dry,01 - Traffic signal,01 - Functioning,3,0,0,0,,0,,,,,382346.8278,5035400.328,45.45422894,-75.50852359,5953
15--14629,2015/12/18,12:16 PM,WOODROFFE AVE btwn Continuation of WOODROFFE AVE & PARKGLEN DR (__3ZA34I),__3ZA34I,01 - Non intersection,03 - P.D. only,03 - Rear end,01 - Clear,01 - Daylight,01 - Dry,10 - No control,,2,0,0,0,,0,,,,,362854.7529,5023199.437,45.3463386,-75.75915152,5954
15--1463,2015/01/23,4:45 PM,INDUSTRIAL AVE @ RIVERSIDE DR (0011905),11905,02 - Intersection related,03 - P.D. only,03 - Rear end,01 - Clear,05 - Dusk,02 - Wet,01 - Traffic signal,01 - Functioning,2,0,0,0,,0,,,,,370684.7186,5030593.035,45.41217188,-75.65825536,5955
15--14630,2015/12/18,12:17 PM,INDUSTRIAL AVE/INNES RD @ ST. LAURENT BLVD (0002203),2203,02 - Intersection related,03 - P.D. only,04 - Sideswipe,01 - Clear,01 - Daylight,01 - Dry,01 - Traffic signal,01 - Functioning,2,0,0,0,,0,,,,,373102.2639,5030003.643,45.40663703,-75.62745394,5956
15--14631,2015/12/18,12:30 PM,WOODROFFE AVE @ SPORTSPLEX N (0005568),5568,02 - Intersection related,03 - P.D. only,03 - Rear end,01 - Clear,01 - Daylight,01 - Dry,01 - Traffic signal,01 - Functioning,2,0,0,0,,0,,,,,363765.1063,5021067.956,45.32708378,-75.7477893,5957
15--14632,2015/12/18,12:37 PM,RIVERSIDE CRES btwn LONG ISLAND RD & NORTH RIVERSIDE DR (__3ZBOP0),__3ZBOP0,01 - Non intersection,03 - P.D. only,06 - SMV unattended vehicle,01 - Clear,01 - Daylight,01 - Dry,10 - No control,,1,0,0,0,,0,,,,,368585.9305,5010825.887,45.23450537,-75.68761293,5958
15--14633,2015/12/18,12:46 AM,GOULBOURN FORCED RD btwn TERRY FOX DR & KANATA ROCKERIES PRIV (__5UAEGG),__5UAEGG,01 - Non intersection,03 - P.D. only,07 - SMV other,01 - Clear,07 - Dark,02 - Wet,10 - No control,,1,0,0,0,,0,,,,,349355.533,5022426.787,45.34037355,-75.93147758,5959
15--14634,2015/12/18,2:45 PM,HIGHWAY 417 btwn HWY417 IC121B RAMP51 & HWY417 IC121A RAMP51 (__3ZA2YW),__3ZA2YW,01 - Non intersection,03 - P.D. only,03 - Rear end,01 - Clear,01 - Daylight,01 - Dry,10 - No control,,3,0,0,0,,0,,,,,367036.7268,5029652.796,45.40404582,-75.70497623,5960
15--14635,2015/12/18,3:23 PM,TRAINYARDS DR btwn INDUSTRIAL AVE & Continuation of TRAINYARDS DR (__6N4UKO),__6N4UKO,04 - At/near private drive,03 - P.D. only,02 - Angle,01 - Clear,01 - Daylight,01 - Dry,10 - No control,,2,0,0,0,,0,,,,,371701.654,5030640.886,45.41250594,-75.64525792,5961
15--14636,2015/12/18,3:32 PM,FLEWELLYN RD btwn MUNSTER RD & CONLEY RD (__3ZACRD),__3ZACRD,04 - At/near private drive,02 - Non-fatal injury,02 - Angle,01 - Clear,01 - Daylight,01 - Dry,10 - No control,,2,0,0,0,01 - Minimal,1,1,,,,347248.9641,5007062.849,45.2022534,-75.95966932,5962
15--14637,2015/12/18,3:42 PM,BANK ST @ CHAMBERLAIN AVE N/ISABELLA ST (0002132),2132,02 - Intersection related,03 - P.D. only,04 - Sideswipe,01 - Clear,01 - Daylight,01 - Dry,01 - Traffic signal,01 - Functioning,2,0,0,0,,0,,,,,368082.7121,5030167.284,45.40858124,-75.69154991,5963
15--14638,2015/12/18,4:15 PM,780 W OF TERRY FOX DR @ HAZELDEAN RD (0013520),13520,03 - At intersection,02 - Non-fatal injury,05 - Turning movement,01 - Clear,05 - Dusk,01 - Dry,01 - Traffic signal,01 - Functioning,3,0,0,0,01 - Minimal,2,2,,,,351618.5658,5016697.734,45.28867479,-75.90314454,5964
15--14639,2015/12/18,4:24 PM,DALY AVE @ WALLER ST (0008233),8233,03 - At intersection,02 - Non-fatal injury,05 - Turning movement,01 - Clear,05 - Dusk,01 - Dry,01 - Traffic signal,01 - Functioning,2,1,0,0,01 - Minimal,1,1,,,,368342.624,5032120.449,45.42613161,-75.68797795,5965
15--1464,2015/01/23,4:58 PM,MERIVALE RD/LOTTA AVE @ CLYDE AVE (0001112),1112,02 - Intersection related,03 - P.D. only,02 - Angle,01 - Clear,05 - Dusk,01 - Dry,01 - Traffic signal,01 - Functioning,2,0,0,0,,0,,,,,364521.6983,5024506.08,45.35795566,-75.73772334,5966
15--14640,2015/12/18,4:32 PM,AVIATION PKWY @ MONTREAL RD (0008799),8799,02 - Intersection related,03 - P.D. only,03 - Rear end,01 - Clear,05 - Dusk,02 - Wet,01 - Traffic signal,01 - Functioning,2,0,0,0,,0,,,,,372145.9946,5034107.861,45.44365754,-75.63910753,5967
15--14641,2015/12/18,4:33 PM,RICHMOND RD @ STONEHAVEN DR (0010370),10370,03 - At intersection,02 - Non-fatal injury,05 - Turning movement,01 - Clear,05 - Dusk,01 - Dry,01 - Traffic signal,01 - Functioning,3,0,0,0,02 - Minor,3,2,1,,,356782.3631,5015891.437,45.28105662,-75.83740376,5968
15--14642,2015/12/18,4:48 PM,INDUSTRIAL AVE btwn RUSSELL RD & ST. LAURENT BLVD (__3ZA3R7),__3ZA3R7,04 - At/near private drive,03 - P.D. only,03 - Rear end,01 - Clear,05 - Dusk,01 - Dry,10 - No control,,2,0,0,0,,0,,,,,372944.3972,5029940.877,45.40608767,-75.6294791,5969