Anom_ID,Accident_Date,Accident_Time,Location,Geo_ID,Accident_Location,Classification_of_Accident,Initial_Impact_Type,Environment_Condition,Light,Road_Surface_Condition,Traffic_Control,Traffic_Control_Condition,No__of_Vehicles,No__of_Bicycles,No__of_Motorcycles,No__of_Pedestrians,Max_Injury,No__of_Injuries,No__of_Minimal,No__of_Minor,No__of_Major,No__of_Fatal,X,Y,Latitude,Longitude,ObjectId
15--14643,2015/12/18,4:59 PM,CARLING AVE @ CONNAUGHT AVE (0002143),2143,03 - At intersection,03 - P.D. only,05 - Turning movement,01 - Clear,07 - Dark,01 - Dry,01 - Traffic signal,01 - Functioning,2,0,0,0,,0,,,,,360770.6762,5025118.959,45.36377979,-75.78552742,5970
15--14644,2015/12/18,5:00 PM,MERIVALE RD @ WOODFIELD DR/ROYDON PL (0009776),9776,02 - Intersection related,03 - P.D. only,03 - Rear end,01 - Clear,07 - Dark,01 - Dry,01 - Traffic signal,01 - Functioning,3,0,0,0,,0,,,,,365461.2571,5022298.499,45.33801151,-75.72600285,5971
15--14645,2015/12/18,5:23 PM,SLATER ST btwn METCALFE ST & ELGIN ST (__3ZA35Y),__3ZA35Y,01 - Non intersection,03 - P.D. only,03 - Rear end,03 - Snow,07 - Dark,02 - Wet,10 - No control,,2,0,0,0,,0,,,,,367861.8268,5031627.081,45.42173596,-75.69418469,5972
15--14646,2015/12/18,5:30 PM,400 E OF TRAINYARDS DR @ INDUSTRIAL AVE (0014364),14364,03 - At intersection,03 - P.D. only,05 - Turning movement,01 - Clear,07 - Dark,01 - Dry,01 - Traffic signal,01 - Functioning,2,0,0,0,,0,,,,,372091.6332,5030434.623,45.41061269,-75.64030422,5973
15--14647,2015/12/18,5:36 PM,RICHMOND RD @ LYNHAR RD/STAFFORD RD (0000155),155,02 - Intersection related,03 - P.D. only,03 - Rear end,01 - Clear,07 - Dark,01 - Dry,01 - Traffic signal,01 - Functioning,2,0,0,0,,0,,,,,358138.3863,5021085.032,45.32768758,-75.81956149,5974
15--14648,2015/12/18,5:38 PM,COVENTRY RD @ VANIER PKWY (0002139),2139,02 - Intersection related,03 - P.D. only,03 - Rear end,01 - Clear,07 - Dark,01 - Dry,01 - Traffic signal,01 - Functioning,2,0,0,0,,0,,,,,370676.3849,5031612.425,45.42134472,-75.65822554,5975
15--14649,2015/12/18,5:45 PM,TERRY FOX DR btwn HWY417 IC140 RAMP35 & HWY417 IC140 RAMP52 (__3ZAZEZ),__3ZAZEZ,01 - Non intersection,02 - Non-fatal injury,03 - Rear end,01 - Clear,07 - Dark,01 - Dry,10 - No control,,3,0,0,0,02 - Minor,1,,1,,,351044.6931,5018442.409,45.30441185,-75.91029733,5976
15--1465,2015/01/23,5:00 PM,WALLER ST btwn DALY AVE & STEWART ST (__3ZA3VP),__3ZA3VP,01 - Non intersection,03 - P.D. only,04 - Sideswipe,01 - Clear,05 - Dusk,02 - Wet,10 - No control,,2,0,0,0,,0,,,,,368356.9671,5032085.102,45.42581226,-75.68779924,5977
15--14650,2015/12/18,6:04 PM,CONROY RD btwn LYNCH ST & BRADDISH ST (__3ZA3SV),__3ZA3SV,01 - Non intersection,03 - P.D. only,07 - SMV other,01 - Clear,07 - Dark,01 - Dry,10 - No control,,1,0,0,0,,0,,,,,374965.2453,5022580.451,45.33966233,-75.6047122,5978
15--14651,2015/12/18,6:21 PM,BASELINE RD @ WOODROFFE AVE (0002225),2225,02 - Intersection related,03 - P.D. only,03 - Rear end,01 - Clear,07 - Dark,01 - Dry,01 - Traffic signal,01 - Functioning,2,0,0,0,,0,,,,,362550.4122,5023770.505,45.35150216,-75.76296827,5979
15--14652,2015/12/18,6:30 AM,ELGIN ST btwn COOPER ST & SOMERSET ST W (__3ZA346),__3ZA346,01 - Non intersection,03 - P.D. only,06 - SMV unattended vehicle,01 - Clear,07 - Dark,01 - Dry,10 - No control,,1,0,0,0,,0,,,,,368126.9342,5031261.481,45.41842247,-75.69084443,5980
15--14653,2015/12/18,6:39 PM,VANIER PKWY SB btwn MONTREAL RD & MCARTHUR AVE (__3ZA4SR),__3ZA4SR,01 - Non intersection,03 - P.D. only,04 - Sideswipe,01 - Clear,07 - Dark,01 - Dry,10 - No control,,2,0,0,0,,0,,,,,370186.9361,5032790.947,45.4319945,-75.66432263,5981
15--14654,2015/12/18,6:50 AM,DONNELLY DR btwn MERLYN WILSON RD & MCCORDICK RD (__3ZA30Q),__3ZA30Q,01 - Non intersection,03 - P.D. only,07 - SMV other,01 - Clear,07 - Dark,01 - Dry,10 - No control,,1,0,0,0,,0,,,,,370404.6467,4991811.449,45.06324568,-75.66694804,5982
15--14655,2015/12/18,6:58 PM,LEES AVE btwn TURN LANE & TRANSIT (__4LN2VF),__4LN2VF,01 - Non intersection,03 - P.D. only,03 - Rear end,01 - Clear,07 - Dark,01 - Dry,10 - No control,,2,0,0,0,,0,,,,,369290.5609,5031301.851,45.41867941,-75.67597252,5983
15--14656,2015/12/18,7:05 PM,HWY 416 WESTHUNT IC72R34 @ WEST HUNT CLUB RD (0005218),5218,03 - At intersection,03 - P.D. only,02 - Angle,01 - Clear,07 - Dark,01 - Dry,01 - Traffic signal,01 - Functioning,2,0,0,0,,0,,,,,359370.1733,5019359.995,45.31207091,-75.80403878,5984
15--14657,2015/12/18,7:10 AM,KENT ST @ LAURIER AVE (0002222),2222,02 - Intersection related,03 - P.D. only,04 - Sideswipe,01 - Clear,03 - Dawn,01 - Dry,01 - Traffic signal,01 - Functioning,2,0,0,0,,0,,,,,367316.9185,5031164.808,45.41762548,-75.7012056,5985
15--14658,2015/12/18,8:00 AM,CARLING AVE EB btwn CARLING AVE EB OFF RAMP/OTTAWA RIVER PKWY & TRANSI (__3ZGKXW),__3ZGKXW,01 - Non intersection,03 - P.D. only,04 - Sideswipe,01 - Clear,01 - Daylight,01 - Dry,10 - No control,,2,0,0,0,,0,,,,,361009.3964,5025245.39,45.36489831,-75.78246598,5986
15--14659,2015/12/18,8:29 PM,WOODCLIFFE PRIV @ JEANNE D'ARC BLVD (0012420),12420,03 - At intersection,03 - P.D. only,02 - Angle,01 - Clear,07 - Dark,01 - Dry,02 - Stop sign,01 - Functioning,2,0,0,0,,0,,,,,380107.028,5036229.056,45.46193016,-75.53702954,5987
15--1466,2015/01/23,5:06 PM,CARP RD btwn KITTIWAKE DR & HAZELDEAN RD (__3ZA3DY),__3ZA3DY,04 - At/near private drive,03 - P.D. only,02 - Angle,01 - Clear,05 - Dusk,01 - Dry,10 - No control,,2,0,0,0,,0,,,,,348663.2825,5014498.507,45.26907602,-75.94101176,5988
15--14660,2015/12/18,9:11 AM,RICHARDSON SIDE RD @ SPRUCE RIDGE RD (0011499),11499,03 - At intersection,03 - P.D. only,02 - Angle,01 - Clear,01 - Daylight,01 - Dry,02 - Stop sign,01 - Functioning,2,0,0,0,,0,,,,,343201.3062,5014397.669,45.26848808,-76.01062358,5989
15--14661,2015/12/18,9:15 AM,HERZBERG RD btwn BAYFIELD AVE & MARCH RD (__3ZACUJ),__3ZACUJ,01 - Non intersection,03 - P.D. only,03 - Rear end,01 - Clear,01 - Daylight,01 - Dry,10 - No control,,2,0,0,0,,0,,,,,352163.9999,5022011.318,45.33645109,-75.89568365,5990
15--14662,2015/12/18,9:53 AM,JAMIE AVE @ SUNDERLAND ST (0004576),4576,03 - At intersection,03 - P.D. only,07 - SMV other,01 - Clear,01 - Daylight,01 - Dry,02 - Stop sign,01 - Functioning,1,0,0,0,,0,,,,,366066.1471,5022021.784,45.33546911,-75.71831984,5991
15--14663,2015/12/19,1:01 AM,ELGIN ST @ WAVERLEY ST (0006948),6948,02 - Intersection related,02 - Non-fatal injury,07 - SMV other,01 - Clear,07 - Dark,01 - Dry,01 - Traffic signal,01 - Functioning,1,0,0,1,03 - Major,1,,,1,,368318.4287,5030952.568,45.41562561,-75.68843769,5992
15--14664,2015/12/19,1:17 PM,MCCARTHY RD btwn PLANTE DR & PAUL ANKA DR (__3ZA9C9),__3ZA9C9,01 - Non intersection,03 - P.D. only,06 - SMV unattended vehicle,01 - Clear,01 - Daylight,01 - Dry,10 - No control,,1,0,0,0,,0,,,,,369594.1624,5024109.029,45.35393269,-75.67303791,5993
15--14665,2015/12/19,10:32 AM,INNES RD btwn PRESTWICK DR & TENTH LINE RD (__3ZA3Y7),__3ZA3Y7,01 - Non intersection,03 - P.D. only,03 - Rear end,01 - Clear,01 - Daylight,01 - Dry,10 - No control,,2,0,0,0,,0,,,,,383766.3812,5036083.388,45.46021553,-75.49026699,5994
15--14666,2015/12/19,10:40 PM,REGIONAL RD 174 EB btwn REGIONAL RD 174 & TRIM RD (__3ZA1L6),__3ZA1L6,01 - Non intersection,03 - P.D. only,01 - Approaching,03 - Snow,07 - Dark,03 - Loose snow,10 - No control,,2,0,0,0,,0,,,,,384691.3372,5040333.354,45.49834746,-75.4777503,5995
15--14667,2015/12/19,10:40 PM,REGIONAL ROAD 174 btwn QUIGLEY HILL RD & CAMERON ST (__3ZA27U),__3ZA27U,01 - Non intersection,03 - P.D. only,04 - Sideswipe,03 - Snow,07 - Dark,02 - Wet,10 - No control,,2,0,0,0,,0,,,,,389791.4595,5042604.568,45.51817852,-75.41210957,5996
15--14668,2015/12/19,10:42 AM,WOODROFFE AVE @ GEORGINA DR/LENESTER AVE (0002351),2351,03 - At intersection,02 - Non-fatal injury,02 - Angle,01 - Clear,01 - Daylight,02 - Wet,01 - Traffic signal,01 - Functioning,2,0,0,0,01 - Minimal,1,1,,,,361909.6866,5025371.241,45.36595794,-75.77095982,5997
15--14669,2015/12/19,10:43 AM,COLONNADE RD    N btwn COLONNADE RD & CORINTH PRIV (__6XF94A),__6XF94A,01 - Non intersection,03 - P.D. only,99 - Other,01 - Clear,01 - Daylight,01 - Dry,10 - No control,,2,0,0,0,,0,,,,,366525.1329,5023222.32,45.34623111,-75.71231452,5998
15--1467,2015/01/23,5:10 PM,RUSSELL RD btwn HAIG DR & CUBA AVE (__3ZA786),__3ZA786,04 - At/near private drive,03 - P.D. only,05 - Turning movement,01 - Clear,05 - Dusk,02 - Wet,10 - No control,,2,0,0,0,,0,,,,,372953.1449,5029520.829,45.40230742,-75.62942542,5999
15--14670,2015/12/19,10:52 AM,TENTH LINE RD @ CHARLEMAGNE BLVD N/TOMPKINS AV (0009222),9222,02 - Intersection related,03 - P.D. only,03 - Rear end,01 - Clear,01 - Daylight,01 - Dry,01 - Traffic signal,01 - Functioning,3,0,0,0,,0,,,,,383183.2079,5037978.604,45.47733266,-75.49742052,6000
15--1821,2015/01/29,7:31 PM,STRANDHERD DR btwn FALLOWFIELD RD & MARAVISTA DR (__6NFZTL),__6NFZTL,01 - Non intersection,02 - Non-fatal injury,01 - Approaching,03 - Snow,07 - Dark,06 - Ice,10 - No control,,2,0,0,0,01 - Minimal,1,1,,,,360946.7097,5014913.991,45.27194122,-75.78443723,6001
15--1822,2015/01/29,7:32 PM,JAMES ST @ KENT ST (0007277),7277,03 - At intersection,03 - P.D. only,02 - Angle,03 - Snow,07 - Dark,03 - Loose snow,02 - Stop sign,01 - Functioning,2,0,0,0,,0,,,,,367658.7496,5030598.092,45.41249572,-75.69691065,6002
15--1823,2015/01/29,7:33 AM,WEST HUNT CLUB RD btwn MOODIE DR & RICHMOND RD (__3ZA4YH),__3ZA4YH,01 - Non intersection,03 - P.D. only,03 - Rear end,01 - Clear,03 - Dawn,01 - Dry,10 - No control,,3,0,0,0,,0,,,,,357629.0975,5018387.13,45.3034501,-75.82634574,6003
15--1824,2015/01/29,7:36 PM,WOODWARD DR btwn COURTWOOD CRES & COURTWOOD CRES (__3ZAA4E),__3ZAA4E,01 - Non intersection,03 - P.D. only,01 - Approaching,03 - Snow,07 - Dark,06 - Ice,10 - No control,,2,0,0,0,,0,,,,,363427.9947,5026011.234,45.37159116,-75.75150338,6004
15--1825,2015/01/29,7:40 PM,PALLADIUM DR @ SILVER SEVEN RD (0011839),11839,03 - At intersection,03 - P.D. only,05 - Turning movement,03 - Snow,07 - Dark,03 - Loose snow,01 - Traffic signal,01 - Functioning,2,0,0,0,,0,,,,,351051.6077,5017888.893,45.29943071,-75.9102608,6005
15--1826,2015/01/29,7:53 PM,BLACKBURN BYPASS EB btwn 1700 W OF NAVAN RD & INNES RD (__3ZA3J6A),__3ZA3J6A,01 - Non intersection,03 - P.D. only,04 - Sideswipe,03 - Snow,07 - Dark,05 - Packed snow,10 - No control,,2,0,0,0,,0,,,,,377210.3261,5032155.799,45.4255879,-75.57466483,6006
15--1827,2015/01/29,8:07 PM,HIGHWAY 417 btwn HWY417 IC113 RAMP62 & HWY417 IC113 RAMP65 (__3ZA288),__3ZA288,01 - Non intersection,03 - P.D. only,03 - Rear end,03 - Snow,07 - Dark,03 - Loose snow,10 - No control,,2,0,0,0,,0,,,,,373990.8832,5031768.83,45.42243201,-75.61585557,6007
15--1828,2015/01/29,8:15 PM,KING EDWARD AVE @ RIDEAU ST (0002121),2121,03 - At intersection,03 - P.D. only,05 - Turning movement,03 - Snow,07 - Dark,03 - Loose snow,01 - Traffic signal,01 - Functioning,2,0,0,0,,0,,,,,368510.2632,5032413.589,45.42875393,-75.68579796,6008
15--1829,2015/01/29,8:20 AM,KING EDWARD AVE @ LAURIER AVE (0002170),2170,02 - Intersection related,03 - P.D. only,03 - Rear end,01 - Clear,01 - Daylight,01 - Dry,01 - Traffic signal,01 - Functioning,2,0,0,0,,0,,,,,368741.6349,5032033.137,45.42530964,-75.68289078,6009
15--183,2015/01/05,1:25 PM,RUSSELL RD btwn ST. LAURENT BLVD & ST. LAURENT BLVD (__3ZBOFC),__3ZBOFC,04 - At/near private drive,03 - P.D. only,02 - Angle,01 - Clear,01 - Daylight,01 - Dry,10 - No control,,2,0,0,0,,0,,,,,373441.4032,5029349.434,45.40071758,-75.62321309,6010
15--1830,2015/01/29,8:20 PM,HIGHWAY 417 btwn HWY417 IC140 RAMP61 & HWY417 IC139 RAMP61 (__4BCL0Z),__4BCL0Z,01 - Non intersection,03 - P.D. only,07 - SMV other,03 - Snow,07 - Dark,03 - Loose snow,10 - No control,,1,0,0,0,,0,,,,,351949.7309,5019459.039,45.31349957,-75.89866039,6011
15--1831,2015/01/29,8:26 AM,RIVERSIDE DR NB btwn BANK ST & RIVERSIDE DR NB RAMP FROM EB TO WB (__3ZBOEF),__3ZBOEF,01 - Non intersection,02 - Non-fatal injury,03 - Rear end,01 - Clear,01 - Daylight,01 - Dry,10 - No control,,2,0,0,0,02 - Minor,1,,1,,,369363.5123,5027988.529,45.38886056,-75.67547429,6012
15--1832,2015/01/29,8:26 AM,GREENBANK RD btwn HIGHBURY PARK DR & WESSEX RD (__3ZA4JG),__3ZA4JG,01 - Non intersection,03 - P.D. only,03 - Rear end,01 - Clear,01 - Daylight,01 - Dry,10 - No control,,2,0,0,0,,0,,,,,363647.5371,5015460.039,45.27663374,-75.74995466,6013
15--1833,2015/01/29,8:28 PM,DAVIDSON RD btwn CONROY RD & HAWTHORNE RD (__3ZA8PL),__3ZA8PL,01 - Non intersection,02 - Non-fatal injury,07 - SMV other,03 - Snow,07 - Dark,03 - Loose snow,10 - No control,,1,0,0,0,03 - Major,1,,,1,,374674.7853,5023590.04,45.34877519,-75.60827532,6014
15--1834,2015/01/29,8:30 AM,ELGIN ST @ SOMERSET ST (0006936),6936,03 - At intersection,03 - P.D. only,05 - Turning movement,01 - Clear,01 - Daylight,01 - Dry,01 - Traffic signal,01 - Functioning,2,0,0,0,,0,,,,,368164.4676,5031197.969,45.41784761,-75.69037306,6015
15--2452,2015/02/05,6:40 PM,RIDDELL DR btwn MARCH VALLEY RD & SIXTH LINE RD (__3ZA42B),__3ZA42B,01 - Non intersection,03 - P.D. only,07 - SMV other,01 - Clear,07 - Dark,01 - Dry,10 - No control,,1,0,0,0,,0,,,,,349244.8028,5028253.847,45.39281365,-75.93236624,6016
15--2542,2015/02/06,9:40 AM,HIGHWAY 416 btwn HWY416 IC66 RAMP24 & HWY416 IC57 RAMP62 (__3ZA1OI),__3ZA1OI,01 - Non intersection,03 - P.D. only,07 - SMV other,01 - Clear,01 - Daylight,06 - Ice,10 - No control,,1,0,0,0,,0,,,,,362779.7222,5011773.486,45.243534,-75.76144473,6017
15--2182,2015/02/02,6:14 PM,BRITTANY DR btwn TRURO ST & QUARRY RD (__3ZA1M9),__3ZA1M9,01 - Non intersection,03 - P.D. only,01 - Approaching,06 - Strong wind,05 - Dusk,05 - Packed snow,10 - No control,,2,0,0,0,,0,,,,,371766.9593,5034330.542,45.44569753,-75.64392193,6018
15--1835,2015/01/29,8:31 PM,CAMPEAU DR @ TERRY FOX DR (0008211),8211,02 - Intersection related,03 - P.D. only,03 - Rear end,03 - Snow,07 - Dark,03 - Loose snow,01 - Traffic signal,01 - Functioning,2,0,0,0,,0,,,,,350456.5646,5019009.009,45.30954875,-75.91774444,6019
15--1836,2015/01/29,8:31 PM,HENNEPIN ST @ KENNEVALE DR (0000665),665,02 - Intersection related,02 - Non-fatal injury,03 - Rear end,03 - Snow,07 - Dark,03 - Loose snow,02 - Stop sign,01 - Functioning,2,0,0,0,01 - Minimal,3,3,,,,362269.1292,5014467.289,45.26781494,-75.76763669,6020
15--1837,2015/01/29,8:32 AM,INDUSTRIAL AVE btwn TRAINYARDS DR & RUSSELL RD (__3ZA3R9),__3ZA3R9,01 - Non intersection,03 - P.D. only,07 - SMV other,01 - Clear,01 - Daylight,01 - Dry,10 - No control,,1,0,0,0,,0,,,,,371790.0515,5030523.575,45.41144197,-75.64414461,6021
15--1838,2015/01/29,8:43 AM,CRESTWAY DR @ PRINCE OF WALES DR (0010323),10323,02 - Intersection related,03 - P.D. only,03 - Rear end,01 - Clear,01 - Daylight,01 - Dry,01 - Traffic signal,01 - Functioning,2,0,0,0,,0,,,,,367369.5621,5016577.391,45.2863662,-75.70237894,6022
15--1839,2015/01/29,8:50 AM,NEIL WAY @ RIVERSIDE DR (0011903),11903,02 - Intersection related,02 - Non-fatal injury,03 - Rear end,01 - Clear,01 - Daylight,01 - Dry,02 - Stop sign,00 - Unknown,2,0,0,0,02 - Minor,1,,1,,,369466.1836,5028289.396,45.39155819,-75.67412381,6023
15--184,2015/01/05,1:39 PM,PRINCE OF WALES DR @ WEST HUNT CLUB RD (0000567),567,02 - Intersection related,02 - Non-fatal injury,03 - Rear end,03 - Snow,01 - Daylight,06 - Ice,01 - Traffic signal,01 - Functioning,2,0,0,0,02 - Minor,1,,1,,,367458.7103,5021891.985,45.33417823,-75.70057061,6024
15--1840,2015/01/29,8:55 AM,ALBERT ST @ PRESTON ST (0002217),2217,02 - Intersection related,03 - P.D. only,03 - Rear end,01 - Clear,01 - Daylight,06 - Ice,01 - Traffic signal,01 - Functioning,2,0,0,0,,0,,,,,366160.374,5030465.697,45.41143745,-75.71606869,6025
15--1841,2015/01/29,8:55 PM,CHAMBERLAIN AVE @ PERCY ST (0007715),7715,02 - Intersection related,03 - P.D. only,07 - SMV other,03 - Snow,07 - Dark,03 - Loose snow,01 - Traffic signal,01 - Functioning,1,0,0,0,,0,,,,,367557.881,5029825.924,45.40555704,-75.69829753,6026
15--1842,2015/01/29,9:08 PM,INDUSTRIAL AVE btwn RUSSELL RD & ST. LAURENT BLVD (__3ZA3R7),__3ZA3R7,04 - At/near private drive,02 - Non-fatal injury,02 - Angle,03 - Snow,07 - Dark,03 - Loose snow,10 - No control,,2,0,0,0,02 - Minor,1,,1,,,373031.8896,5029964.652,45.40629307,-75.62835825,6027
15--1843,2015/01/29,9:10 PM,KIRKWOOD AVE @ MERIVALE RD (0002243),2243,02 - Intersection related,03 - P.D. only,04 - Sideswipe,03 - Snow,07 - Dark,03 - Loose snow,01 - Traffic signal,01 - Functioning,2,0,0,0,,0,,,,,364855.6291,5026646.06,45.37718233,-75.73320136,6028
15--1844,2015/01/29,9:13 PM,QUEEN MARY ST @ VANIER PKWY (0007648),7648,03 - At intersection,03 - P.D. only,05 - Turning movement,03 - Snow,07 - Dark,03 - Loose snow,01 - Traffic signal,01 - Functioning,2,0,0,0,,0,,,,,370363.7105,5031955.175,45.42445802,-75.66217488,6029
15--1845,2015/01/29,9:20 AM,ST. LAURENT BLVD @ COVENTRY RD/OGILVIE RD (0002151),2151,02 - Intersection related,02 - Non-fatal injury,03 - Rear end,01 - Clear,01 - Daylight,02 - Wet,01 - Traffic signal,01 - Functioning,3,0,0,0,02 - Minor,1,,1,,,372307.6472,5031950.129,45.42422771,-75.63733719,6030
15--1846,2015/01/29,9:20 AM,ALTA VISTA DR btwn SMYTH RD & VALOUR DR (__4O00NK),__4O00NK,01 - Non intersection,03 - P.D. only,07 - SMV other,01 - Clear,01 - Daylight,01 - Dry,10 - No control,,1,0,0,0,,0,,,,,370404.7641,5029230.473,45.39993836,-75.66201297,6031
15--1847,2015/01/30,1:08 PM,KING EDWARD AVE @ LAURIER AVE (0002170),2170,03 - At intersection,03 - P.D. only,05 - Turning movement,01 - Clear,01 - Daylight,01 - Dry,01 - Traffic signal,01 - Functioning,2,0,0,0,,0,,,,,368737.7795,5032034.101,45.42531867,-75.68293992,6032
15--1848,2015/01/30,1:18 AM,CHAMPLAIN ST @ OR174 IC102 RAMP61 (0008676),8676,03 - At intersection,03 - P.D. only,07 - SMV other,03 - Snow,07 - Dark,03 - Loose snow,01 - Traffic signal,01 - Functioning,1,0,0,0,,0,,,,,381519.7352,5038374.113,45.48107587,-75.51863262,6033
15--1849,2015/01/30,1:20 PM,HIGHWAY 417 btwn HWY417 IC129 RAMP26 & HWY417 IC129 RAMP61 (__3ZA2UO),__3ZA2UO,01 - Non intersection,03 - P.D. only,07 - SMV other,01 - Clear,01 - Daylight,01 - Dry,10 - No control,,1,0,0,0,,0,,,,,360692.5281,5023739.463,45.35137338,-75.78668089,6034
15--185,2015/01/05,1:41 PM,BUENA VISTA RD @ MANOR AVE (0005795),5795,03 - At intersection,03 - P.D. only,02 - Angle,01 - Clear,01 - Daylight,05 - Packed snow,02 - Stop sign,01 - Functioning,2,0,0,0,,0,,,,,368788.7022,5034876.099,45.45088522,-75.68191979,6035
15--1850,2015/01/30,1:30 PM,EAGLESON RD @ 146 N OF ABBEYHILL DR/HAZELDEAN  (0011577),11577,02 - Intersection related,03 - P.D. only,03 - Rear end,01 - Clear,01 - Daylight,02 - Wet,01 - Traffic signal,01 - Functioning,2,0,0,0,,0,,,,,353775.2192,5018171.573,45.30178974,-75.87550701,6036
15--1851,2015/01/30,1:38 PM,COLONEL BY DR/MACKENZIE AVE @ DALY AVE (0008541),8541,02 - Intersection related,03 - P.D. only,04 - Sideswipe,05 - Drifting Snow,01 - Daylight,03 - Loose snow,01 - Traffic signal,01 - Functioning,2,0,0,0,,0,,,,,368002.4831,5031904.942,45.42422337,-75.69235189,6037
15--1852,2015/01/30,10:00 AM,BEECHWOOD AVE btwn CHAPLEAU AVE & PUTMAN AVE (__3ZA3AY),__3ZA3AY,01 - Non intersection,03 - P.D. only,06 - SMV unattended vehicle,01 - Clear,01 - Daylight,04 - Slush,10 - No control,,1,0,0,0,,0,,,,,369563.5654,5033878.246,45.44183558,-75.67214573,6038
15--1853,2015/01/30,10:10 AM,SHEFFIELD RD @ WALKLEY RD (0005156),5156,02 - Intersection related,03 - P.D. only,03 - Rear end,01 - Clear,01 - Daylight,04 - Slush,01 - Traffic signal,01 - Functioning,2,0,0,0,,0,,,,,375257.7351,5028785.985,45.39546752,-75.6000956,6039
15--1854,2015/01/30,10:16 AM,LEITRIM RD btwn LIMEBANK RD & HIGH RD (__3ZBOEL),__3ZBOEL,01 - Non intersection,02 - Non-fatal injury,01 - Approaching,01 - Clear,01 - Daylight,06 - Ice,10 - No control,,2,0,0,0,02 - Minor,1,,1,,,371102.8142,5018952.652,45.30739602,-75.65447585,6040
15--1855,2015/01/30,10:45 AM,KENT ST @ QUEEN ST (0003137),3137,03 - At intersection,03 - P.D. only,05 - Turning movement,03 - Snow,01 - Daylight,03 - Loose snow,01 - Traffic signal,01 - Functioning,2,0,0,0,,0,,,,,367178.9737,5031387.661,45.41964295,-75.70293977,6041
15--1856,2015/01/30,10:56 AM,HIGHWAY 417 btwn HWY417 IC155 RAMP35 & HWY417 IC155 RAMP25 (__3ZAZNU),__3ZAZNU,01 - Non intersection,02 - Non-fatal injury,07 - SMV other,01 - Clear,01 - Daylight,06 - Ice,10 - No control,,1,0,0,0,02 - Minor,1,,1,,,339556.974,5019306.474,45.3128495,-76.05672059,6042
15--1857,2015/01/30,10:59 AM,HARDING RD @ WALKLEY RD (0007652),7652,02 - Intersection related,03 - P.D. only,03 - Rear end,01 - Clear,01 - Daylight,03 - Loose snow,01 - Traffic signal,01 - Functioning,2,0,0,0,,0,,,,,373147.8968,5027612.311,45.38511643,-75.62720237,6043
15--1858,2015/01/30,11:00 PM,KARENDALE ST btwn WOODSON ST & HATHAWAY DR (__30LKE6),__30LKE6,04 - At/near private drive,03 - P.D. only,06 - SMV unattended vehicle,03 - Snow,07 - Dark,03 - Loose snow,10 - No control,,1,0,0,0,,0,,,,,366704.046,5015713.355,45.2786506,-75.71096974,6044
15--1859,2015/01/30,11:05 AM,COOPER ST btwn CARTIER ST & DRIVEWAY (THE) (__3ZA9VI),__3ZA9VI,01 - Non intersection,03 - P.D. only,99 - Other,01 - Clear,01 - Daylight,05 - Packed snow,10 - No control,,2,0,0,0,,0,,,,,368305.3225,5031383.862,45.41950744,-75.68854954,6045
15--186,2015/01/05,1:50 PM,AVIATION PKWY btwn MONTREAL RD & LA CITE PRIV (2) (__3ZBPNZ),__3ZBPNZ,01 - Non intersection,03 - P.D. only,07 - SMV other,01 - Clear,01 - Daylight,01 - Dry,10 - No control,,1,0,0,0,,0,,,,,372322.1383,5033765.932,45.44056404,-75.63690303,6046
15--1860,2015/01/30,11:07 PM,BANK ST @ SLATER ST (0002223),2223,03 - At intersection,03 - P.D. only,02 - Angle,01 - Clear,07 - Dark,05 - Packed snow,01 - Traffic signal,01 - Functioning,2,0,0,0,,0,,,,,367423.7385,5031356.023,45.41933642,-75.69981656,6047
15--1861,2015/01/30,11:10 AM,CUMBERLAND ST @ RIDEAU ST (0007759),7759,02 - Intersection related,03 - P.D. only,03 - Rear end,01 - Clear,01 - Daylight,03 - Loose snow,01 - Traffic signal,01 - Functioning,2,0,0,0,,0,,,,,368374.6257,5032330.225,45.42801619,-75.68754196,6048
15--1862,2015/01/30,11:31 AM,BOTTRIELL WAY N @ CHARLEMAGNE BLVD (0004324),4324,03 - At intersection,02 - Non-fatal injury,02 - Angle,01 - Clear,01 - Daylight,02 - Wet,01 - Traffic signal,01 - Functioning,2,0,0,0,02 - Minor,2,,2,,,383694.8144,5037955.549,45.47706761,-75.49088141,6049
15--1863,2015/01/30,11:34 AM,BRONSON AVE @ SUNNYSIDE AVE/UNIVERSITY RD - CA (0007209),7209,03 - At intersection,03 - P.D. only,02 - Angle,03 - Snow,01 - Daylight,04 - Slush,01 - Traffic signal,01 - Functioning,2,0,0,0,,0,,,,,367921.7462,5028091.065,45.38991457,-75.69387178,6050
15--1864,2015/01/30,11:35 AM,SMYTH RD btwn VALOUR DR & BARNHART PL (__3ZA3OH),__3ZA3OH,01 - Non intersection,03 - P.D. only,04 - Sideswipe,01 - Clear,01 - Daylight,05 - Packed snow,10 - No control,,2,0,0,0,,0,,,,,370799.9881,5029102.783,45.39875231,-75.65698231,6051
15--1865,2015/01/30,11:40 AM,WOODROFFE AVE btwn CARLING AVE & FOX CRES (__3ZA4NI),__3ZA4NI,04 - At/near private drive,03 - P.D. only,02 - Angle,01 - Clear,01 - Daylight,02 - Wet,10 - No control,,2,0,0,0,,0,,,,,361778.286,5025702.863,45.36895254,-75.77259885,6052