Anom_ID,Accident_Date,Accident_Time,Location,Geo_ID,Accident_Location,Classification_of_Accident,Initial_Impact_Type,Environment_Condition,Light,Road_Surface_Condition,Traffic_Control,Traffic_Control_Condition,No__of_Vehicles,No__of_Bicycles,No__of_Motorcycles,No__of_Pedestrians,Max_Injury,No__of_Injuries,No__of_Minimal,No__of_Minor,No__of_Major,No__of_Fatal,X,Y,Latitude,Longitude,ObjectId
15--1866,2015/01/30,11:44 AM,PALLADIUM DR btwn HUNTMAR DR & HWY417 IC142 RAMP25 (__3ZAZW2),__3ZAZW2,04 - At/near private drive,03 - P.D. only,02 - Angle,03 - Snow,01 - Daylight,05 - Packed snow,10 - No control,,2,0,0,0,,0,,,,,349542.0924,5017119.15,45.29260208,-75.92957662,6053
15--1867,2015/01/30,11:46 AM,SMYTH RD E/LANCASTER RD @ ST. LAURENT BLVD N/R (0002256),2256,02 - Intersection related,03 - P.D. only,03 - Rear end,03 - Snow,01 - Daylight,03 - Loose snow,01 - Traffic signal,01 - Functioning,2,0,0,0,,0,,,,,373364.902,5029423.904,45.40139513,-75.62417981,6054
15--1868,2015/01/30,11:49 AM,HIGHWAY 417 btwn HWY417 IC134 RAMP36 & HWY417 IC134 RAMP26 (__3ZA29C),__3ZA29C,06 - Underpass or tunnel,03 - P.D. only,99 - Other,01 - Clear,01 - Daylight,01 - Dry,10 - No control,,2,0,0,0,,0,,,,,356422.799,5022293.862,45.33869304,-75.8413197,6055
15--1869,2015/01/30,11:55 AM,SENECA ST btwn HOPEWELL AVE & GLEN AVE (__3ZA889),__3ZA889,04 - At/near private drive,03 - P.D. only,02 - Angle,01 - Clear,01 - Daylight,03 - Loose snow,10 - No control,,2,0,0,0,,0,,,,,368283.784,5028172.495,45.39061453,-75.68923818,6056
15--187,2015/01/05,1:58 PM,RICHMOND RD btwn HIGHFIELD CRES & GRENON AVE (__3ZA4LZ),__3ZA4LZ,04 - At/near private drive,03 - P.D. only,02 - Angle,01 - Clear,01 - Daylight,02 - Wet,10 - No control,,2,0,0,0,,0,,,,,359796.2754,5024016.205,45.35393436,-75.79808751,6057
15--1870,2015/01/30,11:57 AM,HIGHWAY 417 btwn HWY417 IC117 RAMP26 & HWY417 IC117 RAMP61 (__3ZA2YM),__3ZA2YM,01 - Non intersection,02 - Non-fatal injury,03 - Rear end,01 - Clear,01 - Daylight,02 - Wet,10 - No control,,4,0,0,0,02 - Minor,2,1,1,,,370951.894,5031280.744,45.41833439,-75.65474998,6058
15--1871,2015/01/30,11:59 AM,RICHMOND RD btwn WEST HUNT CLUB RD & STONEHAVEN DR (__3ZA41H),__3ZA41H,01 - Non intersection,03 - P.D. only,04 - Sideswipe,05 - Drifting Snow,01 - Daylight,03 - Loose snow,10 - No control,,2,0,0,0,,0,,,,,356723.3276,5016215.262,45.28397482,-75.83812233,6059
15--1872,2015/01/30,Unknown,LEWIS ST btwn ELGIN ST & CARTIER ST (__3ZA9UJ),__3ZA9UJ,01 - Non intersection,03 - P.D. only,06 - SMV unattended vehicle,01 - Clear,00 - Unknown,01 - Dry,10 - No control,,1,0,0,0,,0,,,,,368299.366,5031030.433,45.41632795,-75.68867119,6060
15--1873,2015/01/30,Unknown,VICK AVE btwn CARLING AVE & END (__3ZABV1),__3ZABV1,01 - Non intersection,03 - P.D. only,06 - SMV unattended vehicle,01 - Clear,00 - Unknown,05 - Packed snow,10 - No control,,1,0,0,0,,0,,,,,359874.4994,5024471.948,45.35802899,-75.79703845,6061
15--1874,2015/01/30,12:00 PM,ST. LAURENT BLVD @ COVENTRY RD/OGILVIE RD (0002151),2151,02 - Intersection related,03 - P.D. only,03 - Rear end,01 - Clear,01 - Daylight,02 - Wet,01 - Traffic signal,01 - Functioning,2,0,0,0,,0,,,,,372304.7556,5031950.129,45.42422799,-75.63737414,6062
15--1875,2015/01/30,12:02 AM,HIGHWAY 417 btwn HWY417 IC118 RAMP67 & HWY417 IC117 RAMP36 (__3ZA2YO),__3ZA2YO,01 - Non intersection,03 - P.D. only,07 - SMV other,03 - Snow,07 - Dark,03 - Loose snow,10 - No control,,1,0,0,0,,0,,,,,369918.681,5031145.004,45.41720998,-75.6679683,6063
15--1876,2015/01/30,12:05 AM,HIGHWAY 416 btwn HWY416 IC42 RAMP24 & END (__3ZAZJ6),__3ZAZJ6,01 - Non intersection,02 - Non-fatal injury,04 - Sideswipe,03 - Snow,07 - Dark,03 - Loose snow,10 - No control,,2,0,0,0,02 - Minor,1,,1,,,371701.8197,4994705.622,45.08916646,-75.65009228,6064
15--1877,2015/01/30,12:34 PM,MONTREAL RD/HANNAH ST @ CODY AVE (0009349),9349,02 - Intersection related,03 - P.D. only,04 - Sideswipe,01 - Clear,01 - Daylight,05 - Packed snow,01 - Traffic signal,01 - Functioning,2,0,0,0,,0,,,,,370254.6932,5033169.622,45.43539532,-75.66340641,6065
15--1878,2015/01/30,12:45 PM,HOLLAND AVE @ TYNDALL ST (0006087),6087,02 - Intersection related,03 - P.D. only,02 - Angle,01 - Clear,01 - Daylight,04 - Slush,01 - Traffic signal,01 - Functioning,2,0,0,0,,0,,,,,365031.697,5028918.977,45.39761847,-75.73067612,6066
15--1879,2015/01/30,12:52 PM,BASELINE RD @ MERIVALE RD (0002342),2342,02 - Intersection related,03 - P.D. only,03 - Rear end,01 - Clear,01 - Daylight,04 - Slush,01 - Traffic signal,01 - Functioning,2,0,0,0,,0,,,,,365053.7325,5025326.961,45.36529629,-75.73083309,6067
15--188,2015/01/05,10:00 AM,HERRIDGE ST btwn GLENORA ST & MAIN ST (__3ZA95G),__3ZA95G,01 - Non intersection,03 - P.D. only,06 - SMV unattended vehicle,01 - Clear,01 - Daylight,01 - Dry,10 - No control,,1,0,0,0,,0,,,,,369203.2901,5030042.286,45.40735433,-75.67725209,6068
15--1880,2015/01/30,12:55 PM,HIGHWAY 417 btwn HWY417 IC117 RAMP26 & HWY417 IC117 RAMP61 (__3ZA2YM),__3ZA2YM,01 - Non intersection,03 - P.D. only,04 - Sideswipe,01 - Clear,01 - Daylight,02 - Wet,10 - No control,,2,0,0,0,,0,,,,,370895.9409,5031244.548,45.41801401,-75.65546969,6069
15--1881,2015/01/30,2:30 PM,AVIATION PKWY @ MONTREAL RD (0008799),8799,02 - Intersection related,03 - P.D. only,03 - Rear end,01 - Clear,01 - Daylight,03 - Loose snow,01 - Traffic signal,01 - Functioning,2,0,0,0,,0,,,,,372145.7527,5034108.101,45.44365972,-75.63911058,6070
15--1882,2015/01/30,3:00 PM,HIGHWAY 417 btwn HWY417 IC117 RAMP26 & HWY417 IC117 RAMP61 (__3ZA2YM),__3ZA2YM,01 - Non intersection,03 - P.D. only,04 - Sideswipe,01 - Clear,01 - Daylight,01 - Dry,10 - No control,,2,0,0,0,,0,,,,,370906.7712,5031253.453,45.41809311,-75.65533013,6071
15--1883,2015/01/30,3:15 PM,HIGHWAY 417 btwn HWY417 IC124 RAMP76 & HWY417 IC124 RAMP67 (__3ZA2R7),__3ZA2R7,01 - Non intersection,03 - P.D. only,04 - Sideswipe,01 - Clear,01 - Daylight,03 - Loose snow,10 - No control,,2,0,0,0,,0,,,,,364464.7491,5027578.367,45.38560446,-75.73807906,6072
15--1884,2015/01/30,3:30 AM,HIGHWAY 417 btwn HWY417 IC163 RAMP61 & HWY417 IC155 RAMP36 (__3ZA2QB),__3ZA2QB,01 - Non intersection,03 - P.D. only,07 - SMV other,03 - Snow,07 - Dark,03 - Loose snow,10 - No control,,1,0,0,0,,0,,,,,337622.301,5019852.609,45.31785698,-76.08135793,6073
15--1885,2015/01/30,3:34 PM,RIVERSIDE DR @ PLEASANT PARK RD (0007296),7296,03 - At intersection,03 - P.D. only,03 - Rear end,01 - Clear,01 - Daylight,06 - Ice,01 - Traffic signal,01 - Functioning,4,0,0,0,,0,,,,,369561.251,5028413.568,45.39266666,-75.6728935,6074
15--1886,2015/01/30,3:45 PM,BANK ST @ WILTON CRES (0007712),7712,02 - Intersection related,02 - Non-fatal injury,03 - Rear end,01 - Clear,01 - Daylight,01 - Dry,02 - Stop sign,00 - Unknown,2,0,0,0,02 - Minor,1,,1,,,368579.6379,5028967.028,45.39773662,-75.68535746,6075
15--1887,2015/01/30,3:45 PM,CAHILL DR @ VERDON PRIV (0007040),7040,02 - Intersection related,03 - P.D. only,03 - Rear end,01 - Clear,01 - Daylight,04 - Slush,02 - Stop sign,01 - Functioning,2,0,0,0,,0,,,,,372013.222,5024844.782,45.36032504,-75.64206704,6076
15--1888,2015/01/30,3:59 PM,RIVERSIDE DR @ PLEASANT PARK RD (0007296),7296,02 - Intersection related,03 - P.D. only,04 - Sideswipe,01 - Clear,01 - Daylight,01 - Dry,01 - Traffic signal,01 - Functioning,2,0,0,0,,0,,,,,369560.2871,5028415.496,45.3926841,-75.67290555,6077
15--1889,2015/01/30,4:05 PM,STRANDHERD DR btwn JOCKVALE RD & 215 W OF GREENBANK RD/BARRHAVEN MALL  (__3ZAZMMA),__3ZAZMMA,01 - Non intersection,02 - Non-fatal injury,03 - Rear end,01 - Clear,01 - Daylight,06 - Ice,10 - No control,,3,0,0,0,01 - Minimal,1,1,,,,363734.2172,5014672.125,45.26953682,-75.74894349,6078
15--189,2015/01/05,10:19 AM,INDUSTRIAL AVE/INNES RD @ ST. LAURENT BLVD (0002203),2203,02 - Intersection related,03 - P.D. only,03 - Rear end,01 - Clear,01 - Daylight,04 - Slush,01 - Traffic signal,01 - Functioning,2,0,0,0,,0,,,,,373099.7274,5030005.085,45.40665025,-75.62748614,6079
15--1890,2015/01/30,4:09 PM,CAMPEAU DR @ TERRY FOX DR (0008211),8211,02 - Intersection related,03 - P.D. only,04 - Sideswipe,01 - Clear,01 - Daylight,03 - Loose snow,01 - Traffic signal,00 - Unknown,2,0,0,0,,0,,,,,350456.5646,5019009.009,45.30954875,-75.91774444,6080
15--1891,2015/01/30,4:14 PM,RIVERSIDE DR @ PLEASANT PARK RD (0007296),7296,02 - Intersection related,03 - P.D. only,03 - Rear end,06 - Strong wind,05 - Dusk,02 - Wet,01 - Traffic signal,01 - Functioning,2,0,0,0,,0,,,,,369560.2871,5028415.496,45.3926841,-75.67290555,6081
15--1892,2015/01/30,4:15 PM,BANK ST @ SOMERSET ST (0010858),10858,03 - At intersection,03 - P.D. only,05 - Turning movement,01 - Clear,01 - Daylight,02 - Wet,01 - Traffic signal,01 - Functioning,2,0,0,0,,0,,,,,367695.6668,5030915.083,45.41534459,-75.69639858,6082
15--1893,2015/01/30,4:21 PM,RUSSELL RD @ SOUTHVALE CRES S (0002649),2649,03 - At intersection,03 - P.D. only,05 - Turning movement,05 - Drifting Snow,01 - Daylight,06 - Ice,01 - Traffic signal,01 - Functioning,2,0,0,0,,0,,,,,374459.6666,5028633.062,45.39417144,-75.61030909,6083
15--1894,2015/01/30,4:25 PM,BOWESVILLE RD @ RIDEAU RD (0009410),9410,03 - At intersection,02 - Non-fatal injury,02 - Angle,01 - Clear,01 - Daylight,01 - Dry,02 - Stop sign,01 - Functioning,2,0,0,0,02 - Minor,1,,1,,,373361.7353,5015565.971,45.27670676,-75.62614048,6084
15--1895,2015/01/30,4:25 PM,HWY417 IC127 RAMP51 btwn HIGHWAY 417 & HWY417 IC127 RAMP53 (__3ZAYBM),__3ZAYBM,01 - Non intersection,03 - P.D. only,07 - SMV other,01 - Clear,01 - Daylight,02 - Wet,10 - No control,,1,0,0,0,,0,,,,,362014.0948,5024668.759,45.35962854,-75.76970843,6085
15--1896,2015/01/30,4:48 PM,MAPLE GROVE RD @ SILVER SEVEN RD (0011834),11834,03 - At intersection,03 - P.D. only,02 - Angle,01 - Clear,05 - Dusk,02 - Wet,02 - Stop sign,01 - Functioning,2,0,0,0,,0,,,,,351284.1585,5017621.321,45.29700768,-75.90732087,6086
15--1897,2015/01/30,4:50 PM,HIGHWAY 417 btwn HWY417 IC88 RAMP15 & END (__3ZA27T),__3ZA27T,01 - Non intersection,03 - P.D. only,99 - Other,01 - Clear,05 - Dusk,05 - Packed snow,10 - No control,,2,0,0,0,,0,,,,,395262.1238,5022446.263,45.33613168,-75.34580144,6087
15--1898,2015/01/30,5:00 PM,TAWNEY RD btwn HEATON AVE & SUSAN ST (__3ZA74H),__3ZA74H,01 - Non intersection,03 - P.D. only,06 - SMV unattended vehicle,03 - Snow,05 - Dusk,05 - Packed snow,10 - No control,,1,0,0,0,,0,,,,,374024.6326,5028414.75,45.39225031,-75.61589529,6088
15--1899,2015/01/30,5:00 PM,RICHMOND RD @ STINSON AVE (0001130),1130,02 - Intersection related,03 - P.D. only,03 - Rear end,01 - Clear,05 - Dusk,01 - Dry,01 - Traffic signal,01 - Functioning,2,0,0,0,,0,,,,,357874.6243,5020927.998,45.32629457,-75.8229429,6089
15--19,2015/01/01,7:00 PM,HIGHWAY 417 btwn HWY417 IC88 RAMP15 & END (__3ZA27T),__3ZA27T,01 - Non intersection,03 - P.D. only,07 - SMV other,05 - Drifting Snow,07 - Dark,06 - Ice,10 - No control,,1,0,0,0,,0,,,,,395274.6297,5022447.179,45.33613831,-75.34564175,6090
15--190,2015/01/05,10:33 PM,RAVEN AVE btwn CHURCHILL AVE S & MCBRIDE ST (__3ZAA5D),__3ZAA5D,04 - At/near private drive,03 - P.D. only,06 - SMV unattended vehicle,01 - Clear,07 - Dark,06 - Ice,10 - No control,,1,0,0,0,,0,,,,,364136.1507,5026426.818,45.37527092,-75.7424133,6091
15--1900,2015/01/30,5:01 PM,BOWESVILLE RD/EMERALD LINKS DR W @ MITCH OWENS (0005296),5296,02 - Intersection related,03 - P.D. only,07 - SMV other,03 - Snow,05 - Dusk,06 - Ice,02 - Stop sign,01 - Functioning,1,0,0,0,,0,,,,,374181.776,5013708.925,45.25991712,-75.61594926,6092
15--1901,2015/01/30,5:12 PM,REGIONAL ROAD 174 btwn TRANSIT & OR174 IC109 RAMP54 (__3ZAZ6V),__3ZAZ6V,01 - Non intersection,03 - P.D. only,03 - Rear end,01 - Clear,05 - Dusk,01 - Dry,10 - No control,,2,0,0,0,,0,,,,,376293.6584,5034584.626,45.44753529,-75.58602472,6093
15--1902,2015/01/30,6:09 AM,GREENBANK RD btwn CAMBRIAN RD & DUNDONALD DR (__5DCY38),__5DCY38,01 - Non intersection,03 - P.D. only,07 - SMV other,05 - Drifting Snow,07 - Dark,06 - Ice,10 - No control,,1,0,0,0,,0,,,,,364849.1661,5012673.004,45.25145439,-75.73497748,6094
15--1903,2015/01/30,6:11 PM,ST. LAURENT BLVD @ WALKLEY RD (0007653),7653,02 - Intersection related,03 - P.D. only,04 - Sideswipe,01 - Clear,07 - Dark,01 - Dry,01 - Traffic signal,01 - Functioning,2,0,0,0,,0,,,,,373902.7501,5028045.409,45.38893919,-75.61750345,6095
15--1904,2015/01/30,6:15 PM,HIGHWAY 417 btwn HWY417 IC124 RAMP67 & HWY417 IC123 RAMP62 (__3ZA2YZ),__3ZA2YZ,01 - Non intersection,03 - P.D. only,03 - Rear end,01 - Clear,07 - Dark,01 - Dry,10 - No control,,2,0,0,0,,0,,,,,364681.8632,5027898.636,45.38846765,-75.73526789,6096
15--1905,2015/01/30,6:19 AM,TERMINAL AVE btwn TRANSIT & SANDFORD FLEMING AVE (__7M1A4X),__7M1A4X,04 - At/near private drive,03 - P.D. only,05 - Turning movement,05 - Drifting Snow,07 - Dark,06 - Ice,10 - No control,,2,0,0,0,,0,,,,,370748.2306,5030818.852,45.4141977,-75.6574138,6097
15--1906,2015/01/30,6:20 PM,LAURIER AVE @ NICHOLAS ST (0010711),10711,02 - Intersection related,03 - P.D. only,04 - Sideswipe,01 - Clear,07 - Dark,01 - Dry,01 - Traffic signal,01 - Functioning,2,0,0,0,,0,,,,,368373.637,5031796.824,45.42321692,-75.68762344,6098
15--1907,2015/01/30,6:27 PM,MONTREAL RD btwn DUROCHER ST & SAVARD AVE (__3ZA3LQ),__3ZA3LQ,04 - At/near private drive,03 - P.D. only,05 - Turning movement,03 - Snow,07 - Dark,06 - Ice,10 - No control,,2,0,0,0,,0,,,,,370150.5757,5033108.554,45.43485559,-75.66474513,6099
15--1908,2015/01/30,6:30 AM,HWY417 IC118 RAMP35 btwn HWY417 IC118 RAMP45 & HIGHWAY 417 (__3ZAY9Q),__3ZAY9Q,01 - Non intersection,03 - P.D. only,03 - Rear end,02 - Rain,07 - Dark,03 - Loose snow,10 - No control,,3,0,0,0,,0,,,,,369754.0601,5031131.285,45.41710185,-75.67007327,6100
15--1909,2015/01/30,6:32 PM,RUSSELL RD S @ ST. LAURENT BLVD (0007734),7734,03 - At intersection,02 - Non-fatal injury,07 - SMV other,01 - Clear,07 - Dark,04 - Slush,01 - Traffic signal,01 - Functioning,1,0,0,1,02 - Minor,1,,1,,,373570.183,5029261.879,45.39991717,-75.62158053,6101
15--191,2015/01/05,10:52 PM,HIGHWAY 417 btwn HWY417 IC110 RAMP55 & HWY417 IC104 RAMP51 (__3ZA2W8),__3ZA2W8,01 - Non intersection,03 - P.D. only,07 - SMV other,01 - Clear,07 - Dark,01 - Dry,10 - No control,,1,0,0,0,,0,,,,,375928.5161,5028110.798,45.38932473,-75.59162663,6102
15--1910,2015/01/30,6:45 AM,HIGHWAY 417 btwn HWY417 IC144 RAMP25 & HWY417 IC142 RAMP51 (__3ZA20J),__3ZA20J,01 - Non intersection,03 - P.D. only,03 - Rear end,01 - Clear,07 - Dark,05 - Packed snow,10 - No control,,2,0,0,0,,0,,,,,348207.6624,5016539.013,45.28746551,-75.94663941,6103
15--2453,2015/02/05,6:47 PM,CORKERY RD btwn MARCH RD & MANION RD (__3ZACCH),__3ZACCH,01 - Non intersection,03 - P.D. only,07 - SMV other,01 - Clear,07 - Dark,03 - Loose snow,10 - No control,,1,0,0,0,,0,,,,,338519.655,5013488.56,45.26054746,-76.07034526,6104
15--1911,2015/01/30,6:45 PM,BRONSON AVE RAMP 34B btwn BRONSON AVE & BRONSON AVE RAMP 34A (__3ZAYCP),__3ZAYCP,01 - Non intersection,03 - P.D. only,04 - Sideswipe,05 - Drifting Snow,07 - Dark,03 - Loose snow,10 - No control,,2,0,0,0,,0,,,,,368419.2691,5027174.98,45.38162689,-75.68763663,6105
15--2183,2015/02/02,6:20 PM,MOODIE DR btwn BARNSDALE RD & BROPHY DR (__3ZA4KM),__3ZA4KM,01 - Non intersection,03 - P.D. only,07 - SMV other,05 - Drifting Snow,07 - Dark,03 - Loose snow,10 - No control,,1,0,0,0,,0,,,,,361953.2171,5008815.821,45.21698812,-75.77231172,6106
15--2454,2015/02/05,7:20 AM,BANK ST btwn LESTER RD & PARK LANE (__3ZA28G),__3ZA28G,01 - Non intersection,03 - P.D. only,01 - Approaching,01 - Clear,03 - Dawn,01 - Dry,10 - No control,,2,0,0,0,,0,,,,,373688.1598,5022908.573,45.34274121,-75.6209598,6107
15--2543,2015/02/06,9:41 AM,LANCASTER RD @ WALKLEY RD (0003130),3130,02 - Intersection related,03 - P.D. only,03 - Rear end,03 - Snow,01 - Daylight,03 - Loose snow,01 - Traffic signal,01 - Functioning,2,0,0,0,,0,,,,,374908.7405,5028602.059,45.39384767,-75.60457864,6108
15--2272,2015/02/03,7:10 AM,FALLOWFIELD RD btwn MERIVALE RD & WOODROFFE AVE (__3ZA3IN),__3ZA3IN,01 - Non intersection,03 - P.D. only,03 - Rear end,01 - Clear,03 - Dawn,06 - Ice,10 - No control,,2,0,0,0,,0,,,,,365655.7524,5018312.597,45.30212995,-75.7240112,6109
15--2184,2015/02/02,6:44 PM,TERRY FOX DR @ WESTPHALIAN AVE (0014366),14366,02 - Intersection related,03 - P.D. only,02 - Angle,01 - Clear,07 - Dark,03 - Loose snow,01 - Traffic signal,01 - Functioning,2,0,0,0,,0,,,,,353455.2261,5015759.789,45.28011017,-75.87982363,6110
15--1912,2015/01/30,6:45 PM,WHITEWATER ST btwn GROVEMONT DR & ASHMORE DR (__44Z953),__44Z953,04 - At/near private drive,03 - P.D. only,06 - SMV unattended vehicle,01 - Clear,07 - Dark,01 - Dry,10 - No control,,1,0,0,0,,0,,,,,366757.775,5014653.335,45.26910787,-75.71041726,6111
15--2455,2015/02/05,7:20 AM,RIVERSIDE DR @ BROOKFIELD RD/HOG'S BACK RD (0001627),1627,02 - Intersection related,03 - P.D. only,03 - Rear end,01 - Clear,01 - Daylight,02 - Wet,01 - Traffic signal,01 - Functioning,2,0,0,0,,0,,,,,368167.711,5026221.076,45.37306672,-75.6909709,6112
15--2092,2015/02/02,10:02 AM,ST. PATRICK ST/ST. ANDREW ST @ BEAUSOLEIL DR (0007780),7780,02 - Intersection related,03 - P.D. only,03 - Rear end,03 - Snow,01 - Daylight,03 - Loose snow,01 - Traffic signal,01 - Functioning,2,0,0,0,,0,,,,,368428.339,5033070.974,45.43467629,-75.68675988,6113
15--2544,2015/02/06,9:41 AM,O'CONNOR ST @ WELLINGTON ST (0002234),2234,02 - Intersection related,03 - P.D. only,04 - Sideswipe,03 - Snow,01 - Daylight,03 - Loose snow,01 - Traffic signal,01 - Functioning,3,0,0,0,,0,,,,,367412.7353,5031723.064,45.42263992,-75.6999105,6114
15--2545,2015/02/06,9:50 AM,MEADOWLANDS DR @ MERIVALE RD (0000625),625,02 - Intersection related,03 - P.D. only,03 - Rear end,01 - Clear,01 - Daylight,04 - Slush,01 - Traffic signal,01 - Functioning,2,0,0,0,,0,,,,,364858.6999,5023725.028,45.35089907,-75.73351718,6115
15--2546,2015/02/06,9:51 AM,CHARLEMAGNE BLVD @ GARDENWAY DR/BOTTRIELL WAY  (0003748),3748,02 - Intersection related,02 - Non-fatal injury,03 - Rear end,01 - Clear,01 - Daylight,02 - Wet,01 - Traffic signal,01 - Functioning,2,0,0,0,01 - Minimal,1,1,,,,384048.7947,5037035.047,45.46874571,-75.48650294,6116
15--2547,2015/02/07,1:40 PM,MONTREAL RD @ SHEFFORD RD (0012423),12423,03 - At intersection,03 - P.D. only,04 - Sideswipe,01 - Clear,01 - Daylight,01 - Dry,01 - Traffic signal,01 - Functioning,2,0,0,0,,0,,,,,376125.7305,5034854.057,45.44997662,-75.58813218,6117
15--2548,2015/02/07,10:12 AM,HIGHWAY 417 btwn HWY417 IC124 RAMP67 & HWY417 IC123 RAMP62 (__3ZA2YZ),__3ZA2YZ,01 - Non intersection,03 - P.D. only,07 - SMV other,01 - Clear,01 - Daylight,02 - Wet,10 - No control,,1,0,0,0,,0,,,,,364790.1665,5028095.025,45.39022545,-75.73386104,6118
15--2549,2015/02/07,10:18 PM,CLAYMOR AVE @ DYNES RD (0002907),2907,03 - At intersection,03 - P.D. only,05 - Turning movement,03 - Snow,07 - Dark,05 - Packed snow,01 - Traffic signal,01 - Functioning,2,0,0,0,,0,,,,,366743.713,5025671.01,45.36824467,-75.7092186,6119
15--255,2015/01/05,9:55 AM,BRONSON AVE btwn UNIVERSITY RD & BREWER WAY (__3ZA3BT),__3ZA3BT,01 - Non intersection,02 - Non-fatal injury,03 - Rear end,05 - Drifting Snow,01 - Daylight,04 - Slush,10 - No control,,2,0,0,0,02 - Minor,2,,2,,,368102.3001,5027781.376,45.38711178,-75.69160588,6120
15--2550,2015/02/07,11:09 AM,HAZELDEAN RD @ HUNTMAR DR/IBER RD (0000075),75,02 - Intersection related,02 - Non-fatal injury,03 - Rear end,03 - Snow,01 - Daylight,02 - Wet,01 - Traffic signal,01 - Functioning,2,0,0,0,01 - Minimal,1,1,,,,350945.3304,5016081.548,45.28317469,-75.91178398,6121
15--2551,2015/02/07,11:25 AM,BANK ST btwn CHESLEY ST & RIVERDALE AVE (__3ZA3BV),__3ZA3BV,04 - At/near private drive,03 - P.D. only,02 - Angle,01 - Clear,01 - Daylight,03 - Loose snow,10 - No control,,2,0,0,0,,0,,,,,369008.3335,5028193.054,45.39073346,-75.67998312,6122
15--2552,2015/02/07,11:40 AM,HAWTHORNE RD/RUSSELL RD @ WALKLEY RD (0002618),2618,03 - At intersection,03 - P.D. only,02 - Angle,01 - Clear,01 - Daylight,04 - Slush,01 - Traffic signal,01 - Functioning,2,0,0,0,,0,,,,,374674.3428,5028501.831,45.3929693,-75.60758617,6123
15--2553,2015/02/07,11:40 PM,DEWBERRY CRES btwn MOUNTSHANNON DR & TO BE DETERMINED (__3ZA1BP),__3ZA1BP,01 - Non intersection,03 - P.D. only,99 - Other,03 - Snow,07 - Dark,05 - Packed snow,10 - No control,,2,0,0,0,,0,,,,,364400.1116,5016762.176,45.28828696,-75.74020712,6124
15--2554,2015/02/07,12:10 PM,SUSSEX DR/PRINCESS AVE @ RIDEAU GATE (0007141),7141,03 - At intersection,03 - P.D. only,07 - SMV other,03 - Snow,01 - Daylight,03 - Loose snow,11 - Roundabout,00 - Unknown,1,0,0,0,,0,,,,,367956.4901,5034164.413,45.44455744,-75.69264971,6125
15--2555,2015/02/07,12:25 PM,GREENBANK RD @ BERRIGAN DR/WESSEX RD (0004726),4726,02 - Intersection related,03 - P.D. only,04 - Sideswipe,01 - Clear,01 - Daylight,02 - Wet,01 - Traffic signal,01 - Functioning,2,0,0,0,,0,,,,,363723.6817,5015275.943,45.27497087,-75.74900609,6126
15--2556,2015/02/07,12:37 PM,COLONEL BY DR btwn CLEGG ST & ECHO DR S (__3ZBPHH),__3ZBPHH,01 - Non intersection,03 - P.D. only,03 - Rear end,01 - Clear,01 - Daylight,02 - Wet,10 - No control,,2,0,0,0,,0,,,,,368681.5078,5028786.487,45.39610288,-75.68407981,6127
15--2557,2015/02/07,12:45 PM,DUNDAS ST @ MCARTHUR AVE (0009192),9192,03 - At intersection,02 - Non-fatal injury,02 - Angle,01 - Clear,01 - Daylight,01 - Dry,02 - Stop sign,01 - Functioning,2,0,0,0,01 - Minimal,1,1,,,,369975.4322,5032664.944,45.43088052,-75.66704215,6128
15--2632,2015/02/08,7:11 AM,OTTAWA RIVER PKWY EB btwn RAMP & RAMP (__3ZA24Q),__3ZA24Q,01 - Non intersection,03 - P.D. only,07 - SMV other,03 - Snow,03 - Dawn,03 - Loose snow,10 - No control,,1,0,0,0,,0,,,,,364664.2353,5030421.15,45.41116621,-75.73518682,6129
15--2558,2015/02/07,12:50 AM,HIGHWAY 417 btwn HWY417 IC123 RAMP62 & HWY417 IC122 RAMP16 (__3ZA2R9),__3ZA2R9,01 - Non intersection,03 - P.D. only,07 - SMV other,01 - Clear,07 - Dark,02 - Wet,10 - No control,,1,0,0,0,,0,,,,,365015.6779,5028511.391,45.39395247,-75.73093046,6130
15--2559,2015/02/07,2:22 PM,BLAIR PL @ OGILVIE RD (0004162),4162,02 - Intersection related,03 - P.D. only,03 - Rear end,01 - Clear,01 - Daylight,01 - Dry,01 - Traffic signal,01 - Functioning,2,0,0,0,,0,,,,,374800.6864,5033371.1,45.43676779,-75.60528113,6131
15--256,2015/01/06,1:13 PM,BEECH ST btwn PRESTON ST & ROCHESTER ST (__3ZA05Q),__3ZA05Q,01 - Non intersection,03 - P.D. only,99 - Other,01 - Clear,01 - Daylight,02 - Wet,10 - No control,,2,0,0,0,,0,,,,,366718.4312,5029284.495,45.40076017,-75.70908805,6132
15--2560,2015/02/07,2:42 AM,NELSON ST btwn YORK ST & RIDEAU ST (__3ZA82D),__3ZA82D,04 - At/near private drive,03 - P.D. only,06 - SMV unattended vehicle,01 - Clear,07 - Dark,05 - Packed snow,10 - No control,,1,0,0,0,,0,,,,,368571.945,5032627.626,45.43067413,-75.68498204,6133
15--2561,2015/02/07,3:14 AM,MACKAY ST btwn QUEEN VICTORIA ST & KEEFER ST (__3ZA8AZ),__3ZA8AZ,01 - Non intersection,03 - P.D. only,06 - SMV unattended vehicle,01 - Clear,07 - Dark,02 - Wet,10 - No control,,1,0,0,0,,0,,,,,368438.7019,5033871.243,45.44187587,-75.68652398,6134
15--2562,2015/02/07,3:32 PM,RIVERSIDE DR @ TREMBLAY RD/HWY417 IC117 RAMP52 (0010790),10790,02 - Intersection related,03 - P.D. only,03 - Rear end,01 - Clear,01 - Daylight,02 - Wet,01 - Traffic signal,01 - Functioning,2,0,0,0,,0,,,,,370801.1142,5031017.354,45.41597876,-75.65671162,6135