Anom_ID,Accident_Date,Accident_Time,Location,Geo_ID,Accident_Location,Classification_of_Accident,Initial_Impact_Type,Environment_Condition,Light,Road_Surface_Condition,Traffic_Control,Traffic_Control_Condition,No__of_Vehicles,No__of_Bicycles,No__of_Motorcycles,No__of_Pedestrians,Max_Injury,No__of_Injuries,No__of_Minimal,No__of_Minor,No__of_Major,No__of_Fatal,X,Y,Latitude,Longitude,ObjectId
15--2563,2015/02/07,3:50 PM,JEANNE D'ARC BLVD @ FORTUNE DR/VINEYARD DR (0004393),4393,03 - At intersection,03 - P.D. only,05 - Turning movement,01 - Clear,01 - Daylight,03 - Loose snow,01 - Traffic signal,01 - Functioning,2,0,0,0,,0,,,,,379239.6925,5037373.189,45.47231716,-75.54794555,6136
15--2564,2015/02/07,4:00 PM,PRESTON ST btwn GLADSTONE AVE & LOUISA ST (__3ZA31P),__3ZA31P,01 - Non intersection,03 - P.D. only,05 - Turning movement,01 - Clear,01 - Daylight,01 - Dry,10 - No control,,2,0,0,0,,0,,,,,366496.8263,5029695.347,45.40447647,-75.71186704,6137
15--2565,2015/02/07,4:38 AM,PERTH ST @ QUEEN CHARLOTTE ST/ROCHELLE DR (0009772),9772,02 - Intersection related,03 - P.D. only,07 - SMV other,01 - Clear,07 - Dark,02 - Wet,02 - Stop sign,00 - Unknown,1,0,0,0,,0,,,,,356182.6065,5005738.934,45.1897458,-75.84609669,6138
15--2566,2015/02/07,4:46 PM,CHARLEMAGNE BLVD btwn TENTH LINE RD & VALADE CRES (__3ZA1V1),__3ZA1V1,01 - Non intersection,03 - P.D. only,04 - Sideswipe,01 - Clear,01 - Daylight,01 - Dry,10 - No control,,2,0,0,0,,0,,,,,383281.398,5038014.775,45.47764706,-75.49615901,6139
15--2567,2015/02/07,5:08 PM,KILBORN AVE btwn BEAVER AVE & NIAGARA DR (__3ZA9RF),__3ZA9RF,01 - Non intersection,03 - P.D. only,06 - SMV unattended vehicle,01 - Clear,01 - Daylight,04 - Slush,10 - No control,,1,0,0,0,,0,,,,,370067.1141,5027715.09,45.38633504,-75.66652586,6140
15--2568,2015/02/07,6:17 PM,EARL GREY DR @ ROLAND MICHENER DR (0011836),11836,03 - At intersection,03 - P.D. only,02 - Angle,04 - Freezing Rain,07 - Dark,02 - Wet,02 - Stop sign,01 - Functioning,2,0,0,0,,0,,,,,350772.6083,5018946.905,45.30896931,-75.91371992,6141
15--2569,2015/02/07,8:01 PM,BYRON AVE btwn CLARENDON AVE & HARMER AVE N (__3ZA017),__3ZA017,01 - Non intersection,03 - P.D. only,07 - SMV other,03 - Snow,07 - Dark,05 - Packed snow,10 - No control,,1,0,0,0,,0,,,,,364754.3181,5028840.099,45.39693255,-75.73422828,6142
15--257,2015/01/06,1:20 PM,RANGE RD btwn TEMPLETON ST & MANN AVE (__3ZA2KI),__3ZA2KI,01 - Non intersection,03 - P.D. only,06 - SMV unattended vehicle,01 - Clear,01 - Daylight,05 - Packed snow,10 - No control,,1,0,0,0,,0,,,,,369775.5839,5031798.103,45.42309962,-75.66971035,6143
15--2570,2015/02/07,8:40 AM,HWY416 IC57 RAMP24 btwn BANKFIELD RD & HIGHWAY 416 (__3ZAY6G),__3ZAY6G,01 - Non intersection,03 - P.D. only,07 - SMV other,03 - Snow,01 - Daylight,06 - Ice,10 - No control,,1,0,0,0,,0,,,,,364958.6102,5007924.203,45.20871506,-75.73415738,6144
15--2571,2015/02/07,9:04 PM,BRIDGE ST @ LONG ISLAND RD (0008838),8838,03 - At intersection,02 - Non-fatal injury,05 - Turning movement,03 - Snow,07 - Dark,03 - Loose snow,01 - Traffic signal,01 - Functioning,2,0,0,0,02 - Minor,1,,1,,,369059.709,5010344.917,45.23013455,-75.68164155,6145
15--2572,2015/02/07,9:10 PM,HIGHWAY 417 btwn HWY417 IC134 RAMP36 & HWY417 IC134 RAMP26 (__3ZA29C),__3ZA29C,01 - Non intersection,03 - P.D. only,04 - Sideswipe,03 - Snow,07 - Dark,03 - Loose snow,10 - No control,,2,0,0,0,,0,,,,,356076.3089,5022088.166,45.33686758,-75.84576176,6146
15--2573,2015/02/07,9:13 PM,OGILVIE RD btwn CUMMINGS AVE & BEAULIEU PL (__54PO0D),__54PO0D,04 - At/near private drive,03 - P.D. only,02 - Angle,03 - Snow,07 - Dark,04 - Slush,10 - No control,,2,0,0,0,,0,,,,,372777.2545,5032184.723,45.426293,-75.63130452,6147
15--2574,2015/02/07,9:14 PM,AIRPORT PKWY @ HUNT CLUB RD (0010856),10856,03 - At intersection,03 - P.D. only,05 - Turning movement,03 - Snow,07 - Dark,03 - Loose snow,01 - Traffic signal,01 - Functioning,2,0,0,0,,0,,,,,371020.4557,5023701.552,45.35013309,-75.65489079,6148
15--2575,2015/02/07,9:15 AM,HWY417 IC144 RAMP16 btwn CARP RD & HIGHWAY 417 (__3ZAY8V),__3ZAY8V,01 - Non intersection,03 - P.D. only,07 - SMV other,03 - Snow,01 - Daylight,04 - Slush,10 - No control,,1,0,0,0,,0,,,,,347439.3346,5015985.411,45.28253102,-75.95648118,6149
15--2576,2015/02/08,1:00 PM,NAVAHO DR @ WOODROFFE AVE/TRANSITWAY N BASELIN (0010359),10359,02 - Intersection related,03 - P.D. only,05 - Turning movement,03 - Snow,01 - Daylight,03 - Loose snow,01 - Traffic signal,01 - Functioning,2,0,0,0,,0,,,,,362705.278,5023493.283,45.34899496,-75.76102444,6150
15--2577,2015/02/08,1:00 PM,PAUL ANKA DR @ UPLANDS DR (0007476),7476,03 - At intersection,03 - P.D. only,02 - Angle,01 - Clear,01 - Daylight,03 - Loose snow,02 - Stop sign,01 - Functioning,2,0,0,0,,0,,,,,369456.7595,5023575.034,45.34914062,-75.67486121,6151
15--2578,2015/02/08,1:06 PM,BASELINE RD @ CLYDE AVE (0002343),2343,02 - Intersection related,03 - P.D. only,03 - Rear end,01 - Clear,01 - Daylight,06 - Ice,01 - Traffic signal,01 - Functioning,2,0,0,0,,0,,,,,364359.6672,5024890.031,45.36142418,-75.73974503,6152
15--2579,2015/02/08,1:26 PM,RIVERSIDE DR @ TREMBLAY RD/HWY417 IC117 RAMP52 (0010790),10790,03 - At intersection,02 - Non-fatal injury,05 - Turning movement,05 - Drifting Snow,01 - Daylight,04 - Slush,01 - Traffic signal,01 - Functioning,3,0,0,0,01 - Minimal,1,1,,,,370804.0058,5031015.426,45.41596114,-75.65667494,6153
15--258,2015/01/06,1:43 PM,FINDLAY CREEK DR @ BANK ST (0012407),12407,02 - Intersection related,03 - P.D. only,03 - Rear end,01 - Clear,01 - Daylight,02 - Wet,01 - Traffic signal,01 - Functioning,2,0,0,0,,0,,,,,375846.5095,5020459.483,45.32049007,-75.59377333,6154
15--2580,2015/02/08,1:40 PM,PRESTON ST @ SOMERSET ST (0002215),2215,02 - Intersection related,03 - P.D. only,03 - Rear end,03 - Snow,01 - Daylight,04 - Slush,01 - Traffic signal,00 - Unknown,2,0,0,0,,0,,,,,366307.6986,5030127.087,45.4083778,-75.71422892,6155
15--2581,2015/02/08,1:41 AM,ST. JOSEPH BLVD @ JEANNE D'ARC BLVD (0012421),12421,03 - At intersection,02 - Non-fatal injury,07 - SMV other,03 - Snow,07 - Dark,06 - Ice,11 - Roundabout,01 - Functioning,1,0,0,0,01 - Minimal,1,1,,,,379860.7425,5036470.135,45.46412571,-75.5401416,6156
15--2582,2015/02/08,1:48 PM,BLAIR RD btwn MEADOWBROOK RD & LAURA PRIV (__5J9N74),__5J9N74,01 - Non intersection,03 - P.D. only,04 - Sideswipe,03 - Snow,01 - Daylight,04 - Slush,10 - No control,,2,0,0,0,,0,,,,,375262.2044,5032207.955,45.42625612,-75.59954938,6157
15--2583,2015/02/08,1:59 PM,LONGFIELDS DR @ WOODROFFE AVE (0000096),96,02 - Intersection related,02 - Non-fatal injury,07 - SMV other,03 - Snow,01 - Daylight,03 - Loose snow,01 - Traffic signal,01 - Functioning,1,0,0,0,02 - Minor,1,,1,,,365422.1338,5017107.427,45.2913061,-75.72713719,6158
15--2584,2015/02/08,10:01 AM,KING EDWARD AVE NB btwn RAMP & CATHCART ST (__7TR60M),__7TR60M,01 - Non intersection,03 - P.D. only,04 - Sideswipe,03 - Snow,01 - Daylight,05 - Packed snow,10 - No control,,2,0,0,0,,0,,,,,368088.658,5033131.043,45.4352476,-75.69109321,6159
15--2585,2015/02/08,10:19 AM,INDUSTRIAL AVE btwn RUSSELL RD & ST. LAURENT BLVD (__3ZA3R7),__3ZA3R7,01 - Non intersection,03 - P.D. only,01 - Approaching,03 - Snow,01 - Daylight,05 - Packed snow,10 - No control,,2,0,0,0,,0,,,,,372997.9876,5029962.66,45.40627845,-75.62879156,6160
15--2586,2015/02/08,10:20 AM,GREENBANK RD @ STRANDHERD DR (0005563),5563,02 - Intersection related,03 - P.D. only,03 - Rear end,03 - Snow,01 - Daylight,03 - Loose snow,01 - Traffic signal,01 - Functioning,2,0,0,0,,0,,,,,363934.6478,5014783.935,45.27052606,-75.74637611,6161
15--2587,2015/02/08,10:22 AM,PINECREST RD @ ST. STEPHEN'S ST (0002745),2745,02 - Intersection related,03 - P.D. only,02 - Angle,03 - Snow,01 - Daylight,03 - Loose snow,02 - Stop sign,01 - Functioning,2,0,0,0,,0,,,,,360226.6407,5024076.059,45.35443904,-75.79258851,6162
15--2588,2015/02/08,10:30 AM,POMMEL CRES btwn EQUESTRIAN DR & EQUESTRIAN DR (__3ZACLY),__3ZACLY,04 - At/near private drive,03 - P.D. only,02 - Angle,03 - Snow,01 - Daylight,03 - Loose snow,10 - No control,,2,0,0,0,,0,,,,,354531.0622,5016504.407,45.28673513,-75.86603687,6163
15--2589,2015/02/08,10:30 AM,EARL ARMSTRONG RD @ RIVER RD (0012470),12470,02 - Intersection related,03 - P.D. only,03 - Rear end,03 - Snow,01 - Daylight,05 - Packed snow,01 - Traffic signal,01 - Functioning,2,0,0,0,,0,,,,,367573.6824,5014684.879,45.26931935,-75.70001645,6164
15--259,2015/01/06,1:45 PM,DALHOUSIE ST @ ST. PATRICK ST (0008242),8242,03 - At intersection,02 - Non-fatal injury,02 - Angle,01 - Clear,01 - Daylight,03 - Loose snow,01 - Traffic signal,01 - Functioning,2,0,0,0,01 - Minimal,1,1,,,,367958.2076,5032641.342,45.43085324,-75.69282318,6165
15--2590,2015/02/08,10:48 AM,SLACK RD @ WOODROFFE AVE (0000102),102,02 - Intersection related,03 - P.D. only,07 - SMV other,03 - Snow,01 - Daylight,06 - Ice,01 - Traffic signal,01 - Functioning,1,0,0,0,,0,,,,,364233.6835,5019974.96,45.31720955,-75.74194341,6166
15--2591,2015/02/08,10:48 AM,"MONTREAL RD btwn EGLISE, RUE DE L & ST. LAURENT BLVD (__3ZA3ML)",__3ZA3ML,01 - Non intersection,03 - P.D. only,03 - Rear end,03 - Snow,01 - Daylight,05 - Packed snow,10 - No control,,2,0,0,0,,0,,,,,371517.7511,5033800.727,45.44095433,-75.64717918,6167
15--2592,2015/02/08,10:53 AM,MER BLEUE RD btwn 210 S OF INNES RD & RENAUD RD (__3ZA2S1B),__3ZA2S1B,01 - Non intersection,03 - P.D. only,99 - Other,03 - Snow,01 - Daylight,03 - Loose snow,10 - No control,,2,0,0,0,,0,,,,,382843.8045,5035112.882,45.45158742,-75.50221606,6168
15--2593,2015/02/08,10:57 AM,QUEEN MARY ST @ VANIER PKWY (0007648),7648,03 - At intersection,03 - P.D. only,02 - Angle,03 - Snow,01 - Daylight,06 - Ice,01 - Traffic signal,01 - Functioning,2,0,0,0,,0,,,,,370361.7828,5031957.103,45.42447554,-75.66219925,6169
15--2594,2015/02/08,11:05 AM,OLD MAPLE LANE @ STRODE AVE (0010777),10777,03 - At intersection,03 - P.D. only,99 - Other,03 - Snow,01 - Daylight,04 - Slush,02 - Stop sign,01 - Functioning,2,0,0,0,,0,,,,,346135.2042,5035769.593,45.46063205,-75.97144843,6170
15--2595,2015/02/08,11:22 AM,PINECREST RD btwn RICHMOND RD & FALLIS AVE (__3ZA4M7),__3ZA4M7,01 - Non intersection,03 - P.D. only,04 - Sideswipe,03 - Snow,01 - Daylight,02 - Wet,10 - No control,,2,0,0,0,,0,,,,,360086.1645,5024427.657,45.3576138,-75.79434195,6171
15--2596,2015/02/08,11:23 AM,FALLOWFIELD RD btwn EAGLESON RD & RICHMOND RD (__3ZA4Y2),__3ZA4Y2,01 - Non intersection,03 - P.D. only,01 - Approaching,03 - Snow,01 - Daylight,03 - Loose snow,10 - No control,,2,0,0,0,,0,,,,,357591.5151,5013456.324,45.25908475,-75.82734944,6172
15--2597,2015/02/08,11:23 AM,DALHOUSIE ST btwn RIDEAU ST & BESSERER ST (__3ZBOX9),__3ZBOX9,01 - Non intersection,03 - P.D. only,04 - Sideswipe,03 - Snow,01 - Daylight,03 - Loose snow,10 - No control,,2,0,0,0,,0,,,,,368213.9795,5032216.784,45.42701007,-75.68960935,6173
15--2598,2015/02/08,11:28 AM,HIGHWAY 417 btwn HWY417 IC130 RAMP26 & HIGHWAY 417 (__3ZA2UV),__3ZA2UV,01 - Non intersection,02 - Non-fatal injury,07 - SMV other,03 - Snow,01 - Daylight,03 - Loose snow,10 - No control,,1,0,0,0,02 - Minor,1,,1,,,359369.8629,5023101.565,45.34573774,-75.8036303,6174
15--2599,2015/02/08,11:30 AM,BASELINE RD @ GREENBANK RD (0002357),2357,03 - At intersection,03 - P.D. only,02 - Angle,03 - Snow,01 - Daylight,03 - Loose snow,01 - Traffic signal,01 - Functioning,2,0,0,0,,0,,,,,360599.3711,5022585.344,45.34099605,-75.7879999,6175
15--26,2015/01/02,10:30 AM,BASELINE RD @ CLYDE AVE (0002343),2343,02 - Intersection related,03 - P.D. only,04 - Sideswipe,01 - Clear,01 - Daylight,01 - Dry,01 - Traffic signal,01 - Functioning,2,0,0,0,,0,,,,,364359.6672,5024890.995,45.36143285,-75.73974491,6176
15--260,2015/01/06,1:56 PM,TRIM RD @ DAIRY DR/TAYLOR CREEK DR (0012921),12921,03 - At intersection,03 - P.D. only,07 - SMV other,01 - Clear,01 - Daylight,06 - Ice,11 - Roundabout,01 - Functioning,1,0,0,0,,0,,,,,384535.051,5039594.669,45.49171938,-75.47986976,6177
15--2600,2015/02/08,11:30 AM,RIVERSIDE DR NB btwn BILLINGS BRIDGE SC RAMP SB & BANK ST (__3ZA3NN),__3ZA3NN,01 - Non intersection,03 - P.D. only,03 - Rear end,03 - Snow,01 - Daylight,05 - Packed snow,10 - No control,,2,0,0,0,,0,,,,,369284.4761,5027877.685,45.3878705,-75.67649802,6178
15--2601,2015/02/08,11:30 AM,STITTSVILLE MAIN ST btwn MANCHESTER ST & ABBOTT ST W (__3ZA3DD),__3ZA3DD,01 - Non intersection,03 - P.D. only,03 - Rear end,03 - Snow,01 - Daylight,03 - Loose snow,10 - No control,,2,0,0,0,,0,,,,,350244.7289,5013348.284,45.2586255,-75.92096425,6179
15--2602,2015/02/08,11:30 AM,HWY417 IC110 RAMP54 btwn HWY417 IC110 RAMP58 & HIGHWAY 417 (__3ZAYAO),__3ZAYAO,01 - Non intersection,03 - P.D. only,07 - SMV other,03 - Snow,01 - Daylight,03 - Loose snow,10 - No control,,1,0,0,0,,0,,,,,375608.2089,5029606.224,45.40281224,-75.59550207,6180
15--2603,2015/02/08,11:44 AM,BRONSON AVE @ CATHERINE ST/RAYMOND ST (0007198),7198,03 - At intersection,03 - P.D. only,02 - Angle,03 - Snow,01 - Daylight,03 - Loose snow,01 - Traffic signal,01 - Functioning,2,0,0,0,,0,,,,,367253.4305,5029795.844,45.40531362,-75.70219017,6181
15--2604,2015/02/08,Unknown,FLAMBOROUGH WAY btwn WOLISTON CRES & WOLISTON CRES (__4OELN0),__4OELN0,01 - Non intersection,03 - P.D. only,06 - SMV unattended vehicle,03 - Snow,00 - Unknown,03 - Loose snow,10 - No control,,1,0,0,0,,0,,,,,348947.5617,5024025.955,45.35478904,-75.93654024,6182
15--2605,2015/02/08,12:00 PM,BASELINE RD @ JOHN SUTHERLAND DR/VALLEY STREAM (0000011),11,02 - Intersection related,03 - P.D. only,02 - Angle,03 - Snow,01 - Daylight,03 - Loose snow,01 - Traffic signal,01 - Functioning,2,0,0,0,,0,,,,,359311.631,5021788.045,45.33392318,-75.80451807,6183
15--2606,2015/02/08,12:07 AM,TERRY FOX DR btwn COPE DR & TRANS CANADA TRAIL (__355BDZB),__355BDZB,01 - Non intersection,02 - Non-fatal injury,07 - SMV other,03 - Snow,07 - Dark,03 - Loose snow,10 - No control,,1,0,0,0,01 - Minimal,1,1,,,,353687.3155,5015481.053,45.27758593,-75.87689297,6184
15--2607,2015/02/08,12:14 PM,EAGLESON RD btwn OTTAWA ST & BROPHY DR (__3ZA4ZN),__3ZA4ZN,01 - Non intersection,03 - P.D. only,04 - Sideswipe,01 - Clear,01 - Daylight,06 - Ice,10 - No control,,2,0,0,0,,0,,,,,358990.6882,5004974.852,45.18266019,-75.81044614,6185
15--2608,2015/02/08,12:17 PM,RIVERSIDE DR RAMP 42A @ RIVERSIDE DR (0010862),10862,02 - Intersection related,03 - P.D. only,07 - SMV other,03 - Snow,01 - Daylight,03 - Loose snow,03 - Yield sign,01 - Functioning,1,0,0,0,,0,,,,,368440.4168,5027268.237,45.38246407,-75.6873546,6186
15--2609,2015/02/08,12:30 PM,CARLING AVE @ MAPLECREST AVE (0002763),2763,03 - At intersection,03 - P.D. only,07 - SMV other,00 - Unknown,01 - Daylight,06 - Ice,02 - Stop sign,01 - Functioning,1,0,0,0,,0,,,,,362600.6896,5026252.042,45.37382665,-75.76203641,6187
15--261,2015/01/06,1:58 PM,WELLINGTON ST    W btwn MERTON ST & FAIRMONT AVE (__3ZA31M),__3ZA31M,01 - Non intersection,03 - P.D. only,04 - Sideswipe,01 - Clear,01 - Daylight,05 - Packed snow,10 - No control,,2,0,0,0,,0,,,,,365527.3232,5029654.816,45.40419656,-75.72425559,6188
15--2610,2015/02/08,12:47 AM,HWY417 IC117 RAMP36 btwn HIGHWAY 417 & VANIER PKWY (__3ZAYAX),__3ZAYAX,01 - Non intersection,03 - P.D. only,07 - SMV other,03 - Snow,07 - Dark,03 - Loose snow,10 - No control,,1,0,0,0,,0,,,,,370746.4824,5031272.226,45.41827714,-75.65737546,6189
15--2611,2015/02/08,12:49 PM,ST. JOSEPH BLVD @ TENTH LINE RD (0009163),9163,03 - At intersection,03 - P.D. only,02 - Angle,03 - Snow,01 - Daylight,06 - Ice,01 - Traffic signal,01 - Functioning,2,0,0,0,,0,,,,,382887.5398,5038669.745,45.48358405,-75.50109187,6190
15--2612,2015/02/08,12:50 PM,PRESTON ST btwn SOMERSET ST W & ECCLES ST (__3ZA32V),__3ZA32V,01 - Non intersection,03 - P.D. only,06 - SMV unattended vehicle,03 - Snow,01 - Daylight,05 - Packed snow,10 - No control,,1,0,0,0,,0,,,,,366320.3552,5030099.447,45.40812799,-75.7140707,6191
15--2613,2015/02/08,2:04 PM,BANK ST btwn CLAREY AVE & HOLMWOOD AVE (__3ZA3OP),__3ZA3OP,04 - At/near private drive,03 - P.D. only,02 - Angle,03 - Snow,01 - Daylight,03 - Loose snow,10 - No control,,2,0,0,0,,0,,,,,368475.9249,5029215.39,45.39998074,-75.68664996,6192
15--2614,2015/02/08,2:08 PM,BANK ST @ HUNT CLUB RD (0002119),2119,03 - At intersection,03 - P.D. only,02 - Angle,03 - Snow,01 - Daylight,03 - Loose snow,01 - Traffic signal,01 - Functioning,3,0,0,0,,0,,,,,371607.7726,5024096.024,45.35362672,-75.64734295,6193
15--2615,2015/02/08,2:13 PM,REGIONAL ROAD 174 btwn OR174 IC101 RAMP26 & OR174 IC101 RAMP61 (__3ZA11T),__3ZA11T,01 - Non intersection,02 - Non-fatal injury,07 - SMV other,03 - Snow,01 - Daylight,03 - Loose snow,10 - No control,,1,0,0,0,02 - Minor,1,,1,,,382896.8008,5039005.802,45.48660655,-75.50091997,6194
15--2616,2015/02/08,2:15 AM,BESSERER ST @ DALHOUSIE ST (0011452),11452,02 - Intersection related,03 - P.D. only,03 - Rear end,03 - Snow,07 - Dark,05 - Packed snow,01 - Traffic signal,01 - Functioning,2,0,0,0,,0,,,,,368252.7017,5032159.02,45.42648682,-75.689122,6195
15--2617,2015/02/08,2:28 PM,KLONDIKE RD @ MARCH VALLEY RD (0012141),12141,03 - At intersection,03 - P.D. only,07 - SMV other,01 - Clear,01 - Daylight,05 - Packed snow,02 - Stop sign,02 - Not functioning,1,0,0,0,,0,,,,,350278.6165,5024993.005,45.36340568,-75.91946373,6196
15--2618,2015/02/08,2:48 PM,GREENBANK RD @ PRINCE OF WALES DR (0001083),1083,02 - Intersection related,03 - P.D. only,03 - Rear end,03 - Snow,01 - Daylight,03 - Loose snow,02 - Stop sign,01 - Functioning,2,0,0,0,,0,,,,,366202.6551,5009543.863,45.22318155,-75.71812197,6197
15--2619,2015/02/08,3:00 AM,GREENBANK RD btwn WEST HUNT CLUB RD & FALLOWFIELD RD (__3ZA1NE),__3ZA1NE,01 - Non intersection,03 - P.D. only,07 - SMV other,05 - Drifting Snow,07 - Dark,05 - Packed snow,10 - No control,,1,0,0,0,,0,,,,,362673.9563,5017673.124,45.29662795,-75.76210431,6198
15--262,2015/01/06,10:07 PM,BERRIGAN DR @ LONGFIELDS DR (0010453),10453,03 - At intersection,02 - Non-fatal injury,03 - Rear end,01 - Clear,07 - Dark,06 - Ice,11 - Roundabout,01 - Functioning,3,0,0,0,01 - Minimal,1,1,,,,364305.2377,5015645.868,45.27825048,-75.74155035,6199
15--2620,2015/02/08,3:20 AM,COLONEL BY DR btwn OTTAWA UNIV. PED. XING & MAIN ST (__3ZA8HKC),__3ZA8HKC,01 - Non intersection,03 - P.D. only,07 - SMV other,03 - Snow,07 - Dark,03 - Loose snow,10 - No control,,1,0,0,0,,0,,,,,368762.4786,5031467.034,45.42021415,-75.68269795,6200
15--2621,2015/02/08,3:26 AM,HWY417 IC104 RAMP16 btwn ANDERSON RD & HIGHWAY 417 (__3ZAY0F),__3ZAY0F,01 - Non intersection,03 - P.D. only,07 - SMV other,03 - Snow,07 - Dark,03 - Loose snow,10 - No control,,1,0,0,0,,0,,,,,380111.3934,5025974.697,45.36966817,-75.53854079,6201
15--2622,2015/02/08,3:34 AM,KIRKWOOD AVE btwn CARLING AVE & COLDREY AVE (__3ZA30X),__3ZA30X,01 - Non intersection,03 - P.D. only,03 - Rear end,03 - Snow,07 - Dark,03 - Loose snow,10 - No control,,2,0,0,0,,0,,,,,364362.3029,5027315.862,45.3832512,-75.73941886,6202
15--2623,2015/02/08,3:35 PM,RUSSLAND RD btwn DUNNING RD & Continuation of RUSSLAND RD (__3ZA3KX),__3ZA3KX,01 - Non intersection,03 - P.D. only,07 - SMV other,03 - Snow,01 - Daylight,05 - Packed snow,10 - No control,,1,0,0,0,,0,,,,,398926.8868,5023729.423,45.34719386,-75.29880904,6203
15--2624,2015/02/08,3:45 PM,CEDARVIEW RD @ WEST HUNT CLUB RD (0010267),10267,02 - Intersection related,03 - P.D. only,03 - Rear end,01 - Clear,01 - Daylight,04 - Slush,01 - Traffic signal,01 - Functioning,2,0,0,0,,0,,,,,359719.6413,5019553.032,45.31378063,-75.79956077,6204
15--2625,2015/02/08,3:52 PM,INNES RD @ STONEHENGE CRES W (0009354),9354,03 - At intersection,03 - P.D. only,02 - Angle,03 - Snow,01 - Daylight,03 - Loose snow,01 - Traffic signal,01 - Functioning,2,0,0,0,,0,,,,,375200.7051,5031216.082,45.41733799,-75.60047693,6205
15--2626,2015/02/08,4:50 PM,FLEWELLYN RD btwn MUNSTER RD & CONLEY RD (__3ZACRD),__3ZACRD,01 - Non intersection,02 - Non-fatal injury,07 - SMV other,01 - Clear,05 - Dusk,04 - Slush,10 - No control,,1,0,0,0,02 - Minor,1,,1,,,347704.6985,5007451.593,45.20572391,-75.95383509,6206
15--2627,2015/02/08,4:59 PM,CYRVILLE RD @ INNES RD (0009352),9352,02 - Intersection related,03 - P.D. only,02 - Angle,03 - Snow,05 - Dusk,05 - Packed snow,01 - Traffic signal,01 - Functioning,2,0,0,0,,0,,,,,375047.7247,5031120.046,45.41648928,-75.60244504,6207
15--2628,2015/02/08,5:02 PM,MOODIE DR @ 340 S OF CARLING AVE/NORTEL NORTH  (0005063),5063,02 - Intersection related,03 - P.D. only,02 - Angle,03 - Snow,05 - Dusk,03 - Loose snow,01 - Traffic signal,01 - Functioning,2,0,0,0,,0,,,,,356002.7218,5023615.956,45.35062015,-75.84654246,6208
15--2629,2015/02/08,6:00 PM,PARADISE CRES btwn GARDENWAY DR & GARDENWAY DR (__3ZA1U3),__3ZA1U3,04 - At/near private drive,03 - P.D. only,06 - SMV unattended vehicle,03 - Snow,07 - Dark,03 - Loose snow,10 - No control,,1,0,0,0,,0,,,,,385291.798,5037117.044,45.46934129,-75.47059555,6209
15--263,2015/01/06,10:11 PM,BEARBROOK RD/ROCKCLIFFE PKWY @ ST. JOSEPH BLVD (0012382),12382,02 - Intersection related,03 - P.D. only,07 - SMV other,03 - Snow,07 - Dark,05 - Packed snow,01 - Traffic signal,01 - Functioning,1,0,0,0,,0,,,,,377128.7343,5035237.182,45.45332064,-75.57525455,6210
15--2630,2015/02/08,6:54 PM,MADELEINE MEILLEUR PRIV @ VANIER PKWY (0013514),13514,03 - At intersection,03 - P.D. only,02 - Angle,01 - Clear,07 - Dark,01 - Dry,01 - Traffic signal,01 - Functioning,2,0,0,0,,0,,,,,369654.8152,5033359.306,45.43715791,-75.67104781,6211
15--2631,2015/02/08,6:55 PM,LANARK AVE/WEST VILLAGE PRIV @ SCOTT ST (0011272),11272,02 - Intersection related,03 - P.D. only,07 - SMV other,01 - Clear,07 - Dark,05 - Packed snow,01 - Traffic signal,01 - Functioning,1,0,0,0,,0,,,,,363624.5004,5028914.142,45.3976946,-75.74864888,6212
15--2001,2015/01/31,4:23 PM,LORRY GREENBERG DR @ MARGRAVE AVE (0008864),8864,02 - Intersection related,03 - P.D. only,03 - Rear end,01 - Clear,01 - Daylight,01 - Dry,02 - Stop sign,01 - Functioning,2,0,0,0,,0,,,,,372619.1968,5025289.173,45.36426514,-75.63427207,6213
15--2185,2015/02/02,6:48 AM,OTTAWA RIVER PKWY WB btwn TRANSIT & TURN LANE (__3ZA23O),__3ZA23O,01 - Non intersection,03 - P.D. only,07 - SMV other,03 - Snow,07 - Dark,03 - Loose snow,10 - No control,,1,0,0,0,,0,,,,,363149.2977,5029302.72,45.40123073,-75.75467204,6214
15--2002,2015/01/31,4:30 PM,AVIATION PKWY @ MONTREAL RD (0008799),8799,02 - Intersection related,03 - P.D. only,03 - Rear end,01 - Clear,01 - Daylight,01 - Dry,01 - Traffic signal,01 - Functioning,2,0,0,0,,0,,,,,372146.7166,5034108.101,45.44365963,-75.63909826,6215
15--1913,2015/01/30,6:58 AM,RIVERSIDE DR @ WALKLEY RD (0002158),2158,03 - At intersection,03 - P.D. only,05 - Turning movement,03 - Snow,03 - Dawn,03 - Loose snow,01 - Traffic signal,01 - Functioning,2,0,0,0,,0,,,,,368419.6878,5024854.975,45.36075207,-75.68793009,6216
15--2003,2015/01/31,4:32 PM,RIVER RD btwn OSGOODE MAIN ST & DALMENY RD (__3ZA3TA),__3ZA3TA,01 - Non intersection,03 - P.D. only,07 - SMV other,05 - Drifting Snow,01 - Daylight,03 - Loose snow,10 - No control,,1,0,0,0,,0,,,,,374112.8711,4997536.855,45.11440986,-75.61907461,6217