Anom_ID,Accident_Date,Accident_Time,Location,Geo_ID,Accident_Location,Classification_of_Accident,Initial_Impact_Type,Environment_Condition,Light,Road_Surface_Condition,Traffic_Control,Traffic_Control_Condition,No__of_Vehicles,No__of_Bicycles,No__of_Motorcycles,No__of_Pedestrians,Max_Injury,No__of_Injuries,No__of_Minimal,No__of_Minor,No__of_Major,No__of_Fatal,X,Y,Latitude,Longitude,ObjectId
15--2186,2015/02/02,6:55 AM,DALHOUSIE ST @ MURRAY ST (0008241),8241,03 - At intersection,03 - P.D. only,04 - Sideswipe,03 - Snow,03 - Dawn,05 - Packed snow,01 - Traffic signal,01 - Functioning,3,0,0,0,,0,,,,,368000.6991,5032573.113,45.4302355,-75.69228894,6218
15--2093,2015/02/02,10:04 AM,CATHERINE ST/HWY 417 O'CONN IC119BR76 @ O'CONN (0001697),1697,03 - At intersection,03 - P.D. only,07 - SMV other,03 - Snow,01 - Daylight,05 - Packed snow,01 - Traffic signal,01 - Functioning,1,0,0,0,,0,,,,,368244.6749,5030391.118,45.41058056,-75.6894522,6219
15--2456,2015/02/05,7:25 AM,AIRPORT PKWY btwn RAMP & RAMP (1) (__3ZA223),__3ZA223,01 - Non intersection,03 - P.D. only,03 - Rear end,01 - Clear,01 - Daylight,02 - Wet,10 - No control,,2,0,0,0,,0,,,,,368952.6753,5026202.466,45.37282785,-75.68095253,6220
15--2273,2015/02/03,7:10 AM,HIGHWAY 416 btwn HWY416 IC75A RAMP43 & HWY416 IC72 RAMP34 (__3ZAZLD),__3ZAZLD,01 - Non intersection,02 - Non-fatal injury,07 - SMV other,01 - Clear,03 - Dawn,06 - Ice,10 - No control,,1,0,0,0,02 - Minor,1,,1,,,359147.2362,5020944.498,45.32634566,-75.80670794,6221
15--2457,2015/02/05,7:37 PM,GLADSTONE AVE @ ROCHESTER ST (0006496),6496,03 - At intersection,03 - P.D. only,02 - Angle,01 - Clear,07 - Dark,02 - Wet,01 - Traffic signal,01 - Functioning,2,0,0,0,,0,,,,,366664.6257,5029788.048,45.40529576,-75.7097121,6222
15--2633,2015/02/08,7:15 AM,CARLING AVE btwn BURKE RD & DEFENSE  RESEARCH COMPLEX (__3ZA4Z6A),__3ZA4Z6A,06 - Underpass or tunnel,02 - Non-fatal injury,01 - Approaching,06 - Strong wind,01 - Daylight,05 - Packed snow,10 - No control,,2,0,0,0,02 - Minor,1,,1,,,353169.013,5022871.529,45.34412285,-75.88277735,6223
15--1914,2015/01/30,6:58 PM,BANTREE ST @ INNES RD (0007684),7684,03 - At intersection,02 - Non-fatal injury,05 - Turning movement,01 - Clear,07 - Dark,02 - Wet,01 - Traffic signal,01 - Functioning,2,0,0,0,01 - Minimal,1,1,,,,373705.7232,5030406.073,45.41019875,-75.61968955,6224
15--2004,2015/01/31,4:32 PM,MONTREAL RD btwn PALACE ST & VANIER PKWY (__3ZA3LL),__3ZA3LL,04 - At/near private drive,03 - P.D. only,05 - Turning movement,01 - Clear,05 - Dusk,06 - Ice,10 - No control,,2,0,0,0,,0,,,,,370043.3122,5033049.327,45.43433271,-75.66612378,6225
15--2187,2015/02/02,7:10 AM,HIGHWAY 417 btwn HWY417 IC138 RAMP61 & HWY417 IC134 RAMP36 (__3ZA20I),__3ZA20I,01 - Non intersection,03 - P.D. only,04 - Sideswipe,03 - Snow,03 - Dawn,06 - Ice,10 - No control,,2,0,0,0,,0,,,,,355448.6113,5021720.035,45.33360068,-75.85380776,6226
15--2005,2015/01/31,4:38 PM,RICHMOND RD @ HOLLY ACRES RD/NANAIMO DR (0001068),1068,03 - At intersection,02 - Non-fatal injury,05 - Turning movement,01 - Clear,01 - Daylight,01 - Dry,01 - Traffic signal,01 - Functioning,3,0,0,0,02 - Minor,1,,1,,,359059.6355,5022748.978,45.34258922,-75.80762752,6227
15--2634,2015/02/08,7:15 PM,HIGHWAY 417 btwn HWY417 IC112 RAMP66 & HWY417 IC112 RAMP56 (__3ZA283),__3ZA283,01 - Non intersection,02 - Non-fatal injury,07 - SMV other,04 - Freezing Rain,07 - Dark,05 - Packed snow,10 - No control,,1,0,0,0,02 - Minor,1,,1,,,374489.9641,5030840.568,45.41403046,-75.6096102,6228
15--2458,2015/02/05,7:50 AM,OTTAWA RIVER PKWY @ ISLAND PARK DR (0002127),2127,02 - Intersection related,03 - P.D. only,03 - Rear end,01 - Clear,01 - Daylight,03 - Loose snow,01 - Traffic signal,01 - Functioning,2,0,0,0,,0,,,,,363297.7314,5029452.118,45.4025626,-75.75275846,6229
15--2094,2015/02/02,10:10 AM,HAWTHORNE AVE btwn ISABELLA ST & COLONEL BY DR (__3ZA2FY),__3ZA2FY,01 - Non intersection,03 - P.D. only,03 - Rear end,03 - Snow,01 - Daylight,03 - Loose snow,10 - No control,,2,0,0,0,,0,,,,,368751.9364,5030515.802,45.41165626,-75.68295608,6230
15--1915,2015/01/30,7:00 PM,CAHILL DR btwn SANDHAMN PRIV & SANDHAMN PRIV (__3ZA9EX),__3ZA9EX,01 - Non intersection,03 - P.D. only,06 - SMV unattended vehicle,01 - Clear,07 - Dark,04 - Slush,10 - No control,,1,0,0,0,,0,,,,,371810.0688,5024724.858,45.35926545,-75.64467613,6231
15--2188,2015/02/02,7:12 PM,LAURIER AVE   E btwn CUMBERLAND ST & COPERNICUS ST (__3ZA3VI),__3ZA3VI,01 - Non intersection,03 - P.D. only,06 - SMV unattended vehicle,03 - Snow,07 - Dark,05 - Packed snow,10 - No control,,1,0,0,0,,0,,,,,368608.6193,5031954.436,45.42461367,-75.6846006,6232
15--2635,2015/02/08,7:20 AM,INDUSTRIAL AVE/INNES RD @ ST. LAURENT BLVD (0002203),2203,03 - At intersection,02 - Non-fatal injury,02 - Angle,03 - Snow,01 - Daylight,03 - Loose snow,01 - Traffic signal,01 - Functioning,2,0,0,0,02 - Minor,1,,1,,,373098.7635,5030004.121,45.40664167,-75.62749859,6233
15--2459,2015/02/05,7:51 PM,MONTREAL RD btwn MONTGOMERY ST & PALACE ST (__3ZA3KD),__3ZA3KD,01 - Non intersection,03 - P.D. only,05 - Turning movement,01 - Clear,07 - Dark,04 - Slush,10 - No control,,2,0,0,0,,0,,,,,369940.0228,5032985.431,45.43376743,-75.66745224,6234
15--2006,2015/01/31,5:16 AM,REGIONAL ROAD 174 btwn HIGHWAY 417 & HWY417 IC113 RAMP65 (__3ZA2YL),__3ZA2YL,01 - Non intersection,03 - P.D. only,07 - SMV other,01 - Clear,07 - Dark,01 - Dry,10 - No control,,1,0,0,0,,0,,,,,373347.0702,5031738.869,45.42222582,-75.62408562,6235
15--2274,2015/02/03,7:10 PM,BERRIGAN DR @ LONGFIELDS DR (0010453),10453,02 - Intersection related,03 - P.D. only,03 - Rear end,01 - Clear,07 - Dark,01 - Dry,11 - Roundabout,01 - Functioning,2,0,0,0,,0,,,,,364303.31,5015645.868,45.27825064,-75.74157491,6236
15--2636,2015/02/08,7:40 AM,HWY417 IC138 RAMP25 btwn EAGLESON RD & EAGLESON RD (__3ZAY5H),__3ZAY5H,01 - Non intersection,03 - P.D. only,07 - SMV other,03 - Snow,01 - Daylight,06 - Ice,10 - No control,,1,0,0,0,,0,,,,,353067.2257,5020249.7,45.32053817,-75.88433183,6237
15--246,2015/01/05,8:40 AM,BRIAN COBURN BLVD @ ESPRIT DR (0013113),13113,03 - At intersection,03 - P.D. only,02 - Angle,01 - Clear,01 - Daylight,06 - Ice,02 - Stop sign,01 - Functioning,2,0,0,0,,0,,,,,385141.5803,5035343.07,45.45339806,-75.47280626,6238
15--2007,2015/01/31,5:28 PM,EDGEWOOD AVE @ RICHMOND RD (0002305),2305,03 - At intersection,03 - P.D. only,02 - Angle,01 - Clear,05 - Dusk,02 - Wet,02 - Stop sign,01 - Functioning,2,0,0,0,,0,,,,,363396.6512,5028402.07,45.39310617,-75.75161972,6239
15--2095,2015/02/02,10:19 AM,CYRVILLE RD @ INNES RD (0009352),9352,02 - Intersection related,02 - Non-fatal injury,03 - Rear end,03 - Snow,01 - Daylight,03 - Loose snow,01 - Traffic signal,01 - Functioning,2,0,0,0,02 - Minor,3,1,2,,,375048.4454,5031119.925,45.41648812,-75.60243585,6240
15--1916,2015/01/30,7:01 AM,COLDREY AVE @ KIRKWOOD AVE (0006736),6736,02 - Intersection related,03 - P.D. only,03 - Rear end,03 - Snow,03 - Dawn,03 - Loose snow,01 - Traffic signal,01 - Functioning,2,0,0,0,,0,,,,,364438.6955,5027135.094,45.38161818,-75.73846529,6241
15--2275,2015/02/03,7:13 PM,CHARLEMAGNE BLVD btwn TENTH LINE RD & VALADE CRES (__3ZA1V1),__3ZA1V1,01 - Non intersection,03 - P.D. only,05 - Turning movement,01 - Clear,07 - Dark,04 - Slush,10 - No control,,2,0,0,0,,0,,,,,383283.5246,5038016.902,45.47766596,-75.49613147,6242
15--2096,2015/02/02,10:19 AM,ST. LAURENT BLVD btwn COVENTRY RD & LEMIEUX ST (__3ZA2C9),__3ZA2C9,04 - At/near private drive,03 - P.D. only,05 - Turning movement,03 - Snow,01 - Daylight,03 - Loose snow,10 - No control,,2,0,0,0,,0,,,,,372341.1672,5031868.98,45.42349434,-75.63692003,6243
15--2189,2015/02/02,7:18 AM,GLADSTONE AVE @ LEBRETON ST (0005746),5746,03 - At intersection,02 - Non-fatal injury,05 - Turning movement,03 - Snow,01 - Daylight,03 - Loose snow,02 - Stop sign,00 - Unknown,2,0,0,0,01 - Minimal,1,1,,,,366855.7004,5029924.014,45.40650223,-75.70725434,6244
15--2637,2015/02/08,8:01 AM,CARLING AVE @ KIRKWOOD AVE S (0002209),2209,03 - At intersection,03 - P.D. only,07 - SMV other,03 - Snow,01 - Daylight,06 - Ice,01 - Traffic signal,01 - Functioning,1,0,0,0,,0,,,,,364351.7005,5027336.103,45.38343423,-75.73955179,6245
15--2460,2015/02/05,7:55 AM,DWYER HILL RD btwn FERNBANK RD & FLEWELLYN RD (__3ZA3F0),__3ZA3F0,01 - Non intersection,03 - P.D. only,01 - Approaching,01 - Clear,01 - Daylight,05 - Packed snow,10 - No control,,2,0,0,0,,0,,,,,342940.6699,5005036.011,45.18426097,-76.01466234,6246
15--219,2015/01/05,4:00 PM,BLAIR RD @ MONTREAL RD (0009277),9277,02 - Intersection related,03 - P.D. only,07 - SMV other,01 - Clear,01 - Daylight,01 - Dry,01 - Traffic signal,01 - Functioning,1,0,0,0,,0,,,,,374020.6841,5034438.139,45.44644608,-75.6150995,6247
15--1917,2015/01/30,7:02 AM,REGIONAL ROAD 174 btwn OR174 IC105 RAMP26 & OR174 IC105 RAMP63 (__3ZA2XB),__3ZA2XB,01 - Non intersection,02 - Non-fatal injury,03 - Rear end,03 - Snow,03 - Dawn,04 - Slush,10 - No control,,2,0,0,0,01 - Minimal,1,1,,,,379522.4067,5037104.255,45.4698673,-75.54437114,6248
15--2276,2015/02/03,7:15 AM,BRONSON AVE @ GILMOUR ST (0006761),6761,02 - Intersection related,03 - P.D. only,05 - Turning movement,03 - Snow,01 - Daylight,03 - Loose snow,10 - No control,,2,0,0,0,,0,,,,,367030.7391,5030320.121,45.41005075,-75.70496848,6249
15--2097,2015/02/02,10:30 AM,MCARTHUR AVE @ VANIER PKWY (0004626),4626,02 - Intersection related,03 - P.D. only,03 - Rear end,03 - Snow,01 - Daylight,05 - Packed snow,01 - Traffic signal,01 - Functioning,2,0,0,0,,0,,,,,370217.9843,5032691.667,45.43109831,-75.66393906,6250
15--2008,2015/01/31,5:28 PM,STEEPLE CHASE DR btwn SPRINGWATER DR & INWOOD DR (__3ZBPHT),__3ZBPHT,04 - At/near private drive,03 - P.D. only,06 - SMV unattended vehicle,01 - Clear,05 - Dusk,05 - Packed snow,10 - No control,,1,0,0,0,,0,,,,,355012.3361,5017709.2,45.29754188,-75.85978009,6251
15--2277,2015/02/03,7:25 AM,HIGHWAY 417 btwn HWY417 IC134 RAMP35 & HWY417 IC134 RAMP25 (__3ZA29D),__3ZA29D,01 - Non intersection,03 - P.D. only,99 - Other,01 - Clear,01 - Daylight,06 - Ice,10 - No control,,3,0,0,0,,0,,,,,356774.4236,5022442.598,45.34000542,-75.83681783,6252
15--2461,2015/02/05,8:20 PM,COLONEL BY DR btwn BRONSON PL & SENECA ST (__3ZA21L),__3ZA21L,01 - Non intersection,03 - P.D. only,07 - SMV other,01 - Clear,07 - Dark,01 - Dry,10 - No control,,1,0,0,0,,0,,,,,368058.3681,5028517.144,45.39373598,-75.69207253,6253
15--1918,2015/01/30,7:07 PM,HIGHWAY 417 btwn HWY417 IC126 RAMP61 & HWY417 IC124 RAMP76 (__3ZA2Y2),__3ZA2Y2,01 - Non intersection,02 - Non-fatal injury,03 - Rear end,01 - Clear,07 - Dark,01 - Dry,10 - No control,,2,0,0,0,01 - Minimal,1,1,,,,363192.1062,5025909.459,45.3706951,-75.75452671,6254
15--2190,2015/02/02,7:19 AM,ABBEYHILL DR @ EAGLESON RD (0003404),3404,02 - Intersection related,03 - P.D. only,03 - Rear end,03 - Snow,01 - Daylight,03 - Loose snow,01 - Traffic signal,01 - Functioning,2,0,0,0,,0,,,,,353827.6249,5018033.974,45.30054794,-75.87485242,6255
15--2098,2015/02/02,10:30 AM,HIGHWAY 417 btwn HWY417 IC96 RAMP61 & HIGHWAY 417 (__3ZA271),__3ZA271,01 - Non intersection,02 - Non-fatal injury,04 - Sideswipe,03 - Snow,01 - Daylight,05 - Packed snow,10 - No control,,2,0,0,0,01 - Minimal,1,1,,,,387475.2733,5023868.161,45.34988543,-75.44489785,6256
15--2009,2015/01/31,5:33 PM,GLADSTONE AVE @ KENT ST (0002251),2251,02 - Intersection related,03 - P.D. only,04 - Sideswipe,01 - Clear,05 - Dusk,01 - Dry,01 - Traffic signal,01 - Functioning,2,0,0,0,,0,,,,,367745.6681,5030459.089,45.4112372,-75.69581803,6257
15--2638,2015/02/08,8:31 AM,ORLEANS BLVD btwn JEANNE D'ARC BLVD S & BEAUSEJOUR DR (__3ZA2BJ),__3ZA2BJ,04 - At/near private drive,03 - P.D. only,02 - Angle,03 - Snow,01 - Daylight,02 - Wet,10 - No control,,2,0,0,0,,0,,,,,380998.246,5036071.793,45.4604186,-75.52565933,6258
15--1919,2015/01/30,7:10 AM,MICHAEL ST @ BELFAST RD (0007616),7616,02 - Intersection related,03 - P.D. only,03 - Rear end,01 - Clear,03 - Dawn,05 - Packed snow,02 - Stop sign,01 - Functioning,2,0,0,0,,0,,,,,373133.6928,5030677.116,45.41269355,-75.62695914,6259
15--2462,2015/02/05,8:21 AM,HUNT CLUB RD @ RIVERSIDE DR (0002237),2237,02 - Intersection related,03 - P.D. only,03 - Rear end,03 - Snow,01 - Daylight,06 - Ice,01 - Traffic signal,01 - Functioning,2,0,0,0,,0,,,,,368035.7391,5021945.017,45.33460363,-75.69320256,6260
15--201,2015/01/05,Unknown,MOJAVE CRES btwn HORSESHOE CRES & CHEROKEE WAY (1) (__6NEAK1),__6NEAK1,01 - Non intersection,03 - P.D. only,06 - SMV unattended vehicle,03 - Snow,00 - Unknown,03 - Loose snow,10 - No control,,1,0,0,0,,0,,,,,349596.1659,5015296.552,45.2761983,-75.9290518,6261
15--2099,2015/02/02,10:30 AM,HIGHWAY 417 btwn HWY417 IC121B RAMP16 & HWY417 IC121A RAMP16 (__3ZA2YX),__3ZA2YX,01 - Non intersection,03 - P.D. only,04 - Sideswipe,03 - Snow,01 - Daylight,05 - Packed snow,10 - No control,,2,0,0,0,,0,,,,,366761.8495,5029588.847,45.4034948,-75.70849526,6262
15--2191,2015/02/02,7:28 AM,CENTREPOINTE DR @ CHRYSALIS WAY/PLUNKETT CRT (0009777),9777,02 - Intersection related,03 - P.D. only,05 - Turning movement,03 - Snow,01 - Daylight,03 - Loose snow,02 - Stop sign,00 - Unknown,3,0,0,0,,0,,,,,362633.2765,5022686.035,45.34173734,-75.76203762,6263
15--2278,2015/02/03,7:35 AM,KNOXDALE RD @ WEST HUNT CLUB RD (0005165),5165,02 - Intersection related,03 - P.D. only,03 - Rear end,01 - Clear,01 - Daylight,06 - Ice,01 - Traffic signal,01 - Functioning,2,0,0,0,,0,,,,,361862.7218,5020584.959,45.32289502,-75.77211145,6264
15--192,2015/01/05,10:56 AM,CANARY ST @ NAVAN RD (0004214),4214,03 - At intersection,03 - P.D. only,02 - Angle,04 - Freezing Rain,01 - Daylight,04 - Slush,02 - Stop sign,01 - Functioning,2,0,0,0,,0,,,,,386692.9261,5031803.464,45.42137205,-75.45356394,6265
15--2639,2015/02/08,8:39 PM,WALKLEY RD btwn MELFORT ST & RUSSELL RD (__3ZA2EO),__3ZA2EO,01 - Non intersection,03 - P.D. only,07 - SMV other,01 - Clear,07 - Dark,01 - Dry,10 - No control,,1,0,0,0,,0,,,,,374651.6114,5028487.493,45.39284256,-75.60787849,6266
15--2463,2015/02/05,8:27 AM,KIRKWOOD AVE @ MERIVALE RD (0002243),2243,03 - At intersection,03 - P.D. only,04 - Sideswipe,01 - Clear,01 - Daylight,04 - Slush,01 - Traffic signal,01 - Functioning,2,0,0,0,,0,,,,,364854.6653,5026645.097,45.37717374,-75.73321379,6267
15--21,2015/01/01,8:14 PM,CUMBERLAND ST @ RIDEAU ST (0007759),7759,03 - At intersection,03 - P.D. only,02 - Angle,01 - Clear,07 - Dark,01 - Dry,01 - Traffic signal,01 - Functioning,2,0,0,0,,0,,,,,368373.5471,5032329.492,45.42800969,-75.68755584,6268
15--210,2015/01/05,2:33 AM,WOODROFFE AVE btwn 260 N OF FALLOWFIELD RD/TRANSITWAY & FALLOWFIELD RD (__3ZA3IOB),__3ZA3IOB,01 - Non intersection,03 - P.D. only,04 - Sideswipe,04 - Freezing Rain,07 - Dark,06 - Ice,10 - No control,,2,0,0,0,,0,,,,,365012.6575,5018092.187,45.30020213,-75.73223751,6269
15--2100,2015/02/02,10:32 PM,MERIVALE RD btwn VIEWMOUNT DR & COLONNADE RD (__3ZA33F),__3ZA33F,01 - Non intersection,03 - P.D. only,05 - Turning movement,01 - Clear,07 - Dark,03 - Loose snow,10 - No control,,2,0,0,0,,0,,,,,365250.5646,5022812.11,45.3426511,-75.72862815,6270
15--2101,2015/02/02,10:42 AM,GREENBANK RD btwn KILBIRNIE DR & BARNSDALE RD (__3ZA1CB),__3ZA1CB,01 - Non intersection,02 - Non-fatal injury,01 - Approaching,03 - Snow,01 - Daylight,03 - Loose snow,10 - No control,,2,0,0,0,02 - Minor,1,,1,,,365398.3196,5011378.138,45.23975609,-75.72813975,6271
15--2102,2015/02/02,10:48 AM,LADY ELLEN PL @ LAPERRIERE AVE (0011290),11290,03 - At intersection,03 - P.D. only,02 - Angle,03 - Snow,01 - Daylight,03 - Loose snow,02 - Stop sign,01 - Functioning,2,0,0,0,,0,,,,,364170.4012,5026738.707,45.37807435,-75.74193854,6272
15--2103,2015/02/02,10:51 AM,HIGHWAY 417 btwn HWY417 IC121A RAMP61 & HWY417 IC120B RAMP36 (__3ZA2YV),__3ZA2YV,01 - Non intersection,03 - P.D. only,03 - Rear end,03 - Snow,01 - Daylight,03 - Loose snow,10 - No control,,2,0,0,0,,0,,,,,367538.7485,5029884.723,45.40608781,-75.69853443,6273
15--2104,2015/02/02,11:00 AM,CARP RD btwn BAIRD SIDE RD & THOMAS A. DOLAN PKWY (__3ZBOB2),__3ZBOB2,01 - Non intersection,03 - P.D. only,07 - SMV other,03 - Snow,01 - Daylight,06 - Ice,10 - No control,,1,0,0,0,,0,,,,,336353.514,5026005.339,45.37328022,-76.09714815,6274
15--2105,2015/02/02,11:05 AM,SHORE ST @ ST. LAURENT BLVD (0002168),2168,03 - At intersection,03 - P.D. only,03 - Rear end,03 - Snow,01 - Daylight,03 - Loose snow,02 - Stop sign,00 - Unknown,2,0,0,0,,0,,,,,372804.6921,5030719.11,45.41310344,-75.63115622,6275
15--2106,2015/02/02,11:05 AM,INNES RD @ JEANNE D'ARC BLVD/MER BLEUE RD (0012475),12475,02 - Intersection related,03 - P.D. only,07 - SMV other,03 - Snow,01 - Daylight,03 - Loose snow,01 - Traffic signal,01 - Functioning,1,0,0,0,,0,,,,,382636.7897,5035568.999,45.45571426,-75.50479014,6276
15--2107,2015/02/02,11:15 AM,HIGHWAY 416 btwn HWY416 IC75A RAMP26 & HWY416 IC72 RAMP62 (__3ZAZLF),__3ZAZLF,01 - Non intersection,02 - Non-fatal injury,07 - SMV other,03 - Snow,01 - Daylight,03 - Loose snow,10 - No control,,1,0,0,0,02 - Minor,1,,1,,,358925.3438,5021557.53,45.3318789,-75.80947133,6277
15--2108,2015/02/02,11:16 AM,BLACKBURN BYPASS WB btwn NAVAN RD & 1700 W OF NAVAN RD (__3ZA3J5B),__3ZA3J5B,01 - Non intersection,03 - P.D. only,07 - SMV other,03 - Snow,01 - Daylight,03 - Loose snow,10 - No control,,1,0,0,0,,0,,,,,379372.2389,5033105.906,45.43390916,-75.54689756,6278
15--2109,2015/02/02,11:20 AM,ALBION RD @ HUNT CLUB RD (0006974),6974,02 - Intersection related,03 - P.D. only,03 - Rear end,03 - Snow,01 - Daylight,03 - Loose snow,01 - Traffic signal,01 - Functioning,2,0,0,0,,0,,,,,371866.7698,5024320.036,45.35561758,-75.6440074,6279
15--211,2015/01/05,2:40 PM,EARL ARMSTRONG RD @ BOWESVILLE RD (0009411),9411,03 - At intersection,03 - P.D. only,02 - Angle,01 - Clear,01 - Daylight,06 - Ice,02 - Stop sign,01 - Functioning,2,0,0,0,,0,,,,,372561.7049,5017440.946,45.29365487,-75.63608012,6280
15--2110,2015/02/02,11:23 AM,FALLOWFIELD RD @ VIA PARK PL/275 W OF WOODROFFE AVE (0010154),10154,03 - At intersection,03 - P.D. only,05 - Turning movement,03 - Snow,01 - Daylight,03 - Loose snow,01 - Traffic signal,01 - Functioning,2,0,0,0,,0,,,,,364847.2373,5017765.539,45.29727712,-75.73438612,6281
15--2111,2015/02/02,11:26 AM,CATHERINE ST btwn BANK ST & O'CONNOR ST (__3ZA3PU),__3ZA3PU,04 - At/near private drive,03 - P.D. only,05 - Turning movement,03 - Snow,01 - Daylight,03 - Loose snow,10 - No control,,2,0,0,0,,0,,,,,368079.6809,5030295.435,45.40973457,-75.69157218,6282
15--2112,2015/02/02,11:30 AM,WOODROFFE AVE @ HWY 417 WOODROFF IC127R26/HWY4 (0002355),2355,02 - Intersection related,03 - P.D. only,03 - Rear end,03 - Snow,01 - Daylight,02 - Wet,01 - Traffic signal,01 - Functioning,2,0,0,0,,0,,,,,362082.6869,5024940.361,45.3620668,-75.76880149,6283
15--2113,2015/02/02,11:34 AM,PRINCE OF WALES DR @ WEST HUNT CLUB RD (0000567),567,02 - Intersection related,03 - P.D. only,03 - Rear end,03 - Snow,01 - Daylight,06 - Ice,01 - Traffic signal,01 - Functioning,3,0,0,0,,0,,,,,367458.7103,5021891.021,45.33416955,-75.70057073,6284
15--2114,2015/02/02,11:45 PM,COLONNADE RD @ PRINCE OF WALES DR (0005249),5249,02 - Intersection related,03 - P.D. only,07 - SMV other,01 - Clear,07 - Dark,03 - Loose snow,01 - Traffic signal,01 - Functioning,1,0,0,0,,0,,,,,367394.7116,5023267.962,45.34656472,-75.70121297,6285
15--2115,2015/02/02,11:48 AM,CARLING AVE @ CHAMPAGNE AVE (0002024),2024,03 - At intersection,03 - P.D. only,02 - Angle,03 - Snow,01 - Daylight,05 - Packed snow,01 - Traffic signal,01 - Functioning,2,0,0,0,,0,,,,,366627.7004,5028811.023,45.39650801,-75.71030624,6286
15--2116,2015/02/02,11:50 AM,HIGHWAY 417 btwn HWY417 IC142 RAMP25 & HIGHWAY 417 (__3ZA1ZP),__3ZA1ZP,01 - Non intersection,03 - P.D. only,07 - SMV other,03 - Snow,01 - Daylight,03 - Loose snow,10 - No control,,1,0,0,0,,0,,,,,349411.1745,5017637.627,45.29727583,-75.93119899,6287
15--2117,2015/02/02,Unknown,55 S OF RIDEAU ST @ COLONEL BY DR (0016433),16433,02 - Intersection related,03 - P.D. only,03 - Rear end,03 - Snow,00 - Unknown,03 - Loose snow,01 - Traffic signal,01 - Functioning,2,0,0,0,,0,,,,,367938.6397,5031987.914,45.42497568,-75.69315701,6288
15--2118,2015/02/02,12:00 PM,MONTREAL RD @ ST. LAURENT BLVD (0002604),2604,02 - Intersection related,03 - P.D. only,03 - Rear end,01 - Clear,01 - Daylight,06 - Ice,01 - Traffic signal,01 - Functioning,2,0,0,0,,0,,,,,371545.7029,5033817.113,45.4410991,-75.64681971,6289
15--2119,2015/02/02,12:00 PM,CUMMINGS AVE @ MONTREAL RD (0007748),7748,02 - Intersection related,03 - P.D. only,03 - Rear end,03 - Snow,01 - Daylight,04 - Slush,01 - Traffic signal,01 - Functioning,2,0,0,0,,0,,,,,372006.7438,5034041.068,45.44306997,-75.64089651,6290
15--212,2015/01/05,3:15 PM,DES SOLDATS-RIENDEAU ST btwn ANDRE AUDET AVE & WHIMBREL WAY (__8A9OLG),__8A9OLG,01 - Non intersection,03 - P.D. only,06 - SMV unattended vehicle,01 - Clear,01 - Daylight,06 - Ice,10 - No control,,1,0,0,0,,0,,,,,364981.492,5011809.114,45.24366978,-75.73339638,6291
15--2120,2015/02/02,12:00 PM,LETT ST btwn Continuation of LETT ST & END (__6UQV14),__6UQV14,01 - Non intersection,03 - P.D. only,06 - SMV unattended vehicle,03 - Snow,01 - Daylight,06 - Ice,10 - No control,,1,0,0,0,,0,,,,,366420.1954,5031024.941,45.41644654,-75.71267965,6292
15--2121,2015/02/02,12:04 PM,MONTY DR @ MYRTLE LANE (0006008),6008,03 - At intersection,03 - P.D. only,02 - Angle,03 - Snow,01 - Daylight,05 - Packed snow,03 - Yield sign,01 - Functioning,2,0,0,0,,0,,,,,338013.6312,5037880.165,45.4800568,-76.07515277,6293
15--2122,2015/02/02,12:12 PM,ST. LAURENT BLVD btwn BELFAST RD & INDUSTRIAL AVE (__3ZA3R8),__3ZA3R8,01 - Non intersection,03 - P.D. only,03 - Rear end,03 - Snow,01 - Daylight,04 - Slush,10 - No control,,2,0,0,0,,0,,,,,372870.3627,5030559.767,45.41166336,-75.6303393,6294
15--2123,2015/02/02,12:13 PM,HIGHWAY 417 btwn HWY417 IC112 RAMP66 & HWY417 IC113 RAMP65 (__3ZA284),__3ZA284,01 - Non intersection,02 - Non-fatal injury,03 - Rear end,03 - Snow,01 - Daylight,03 - Loose snow,10 - No control,,2,0,0,0,01 - Minimal,1,1,,,,374123.1771,5031609.521,45.42098554,-75.61418769,6295
15--2124,2015/02/02,12:15 PM,BRONSON AVE @ SUNNYSIDE AVE/UNIVERSITY RD - CA (0007209),7209,02 - Intersection related,03 - P.D. only,07 - SMV other,03 - Snow,01 - Daylight,03 - Loose snow,01 - Traffic signal,01 - Functioning,1,0,0,0,,0,,,,,367924.6378,5028091.065,45.38991431,-75.69383486,6296
15--2125,2015/02/02,12:15 PM,HIGHWAY 417 btwn HWY417 IC127 RAMP63 & HWY417 IC127 RAMP67 (__3ZA2RF),__3ZA2RF,01 - Non intersection,03 - P.D. only,07 - SMV other,01 - Clear,01 - Daylight,06 - Ice,10 - No control,,1,0,0,0,,0,,,,,362155.6111,5024879.59,45.36151402,-75.76787777,6297
15--2126,2015/02/02,12:15 PM,HIGHWAY 416 btwn HWY416 IC66 RAMP62 & HWY416 IC72 RAMP24 (__3ZAZMZ),__3ZAZMZ,01 - Non intersection,03 - P.D. only,07 - SMV other,03 - Snow,01 - Daylight,03 - Loose snow,10 - No control,,1,0,0,0,,0,,,,,360073.1621,5018611.539,45.30528128,-75.79515736,6298
15--2127,2015/02/02,12:19 PM,BASELINE RD btwn CLYDE AVE & 207 E OF CLYDE AVE (__3ZA4ISA),__3ZA4ISA,01 - Non intersection,03 - P.D. only,03 - Rear end,03 - Snow,01 - Daylight,05 - Packed snow,10 - No control,,2,0,0,0,,0,,,,,364377.9804,5024903.525,45.36154404,-75.73950966,6299