Anom_ID,Accident_Date,Accident_Time,Location,Geo_ID,Accident_Location,Classification_of_Accident,Initial_Impact_Type,Environment_Condition,Light,Road_Surface_Condition,Traffic_Control,Traffic_Control_Condition,No__of_Vehicles,No__of_Bicycles,No__of_Motorcycles,No__of_Pedestrians,Max_Injury,No__of_Injuries,No__of_Minimal,No__of_Minor,No__of_Major,No__of_Fatal,X,Y,Latitude,Longitude,ObjectId
15--2128,2015/02/02,12:22 PM,FALLOWFIELD RD @ MOODIE DR (0010412),10412,02 - Intersection related,03 - P.D. only,03 - Rear end,05 - Drifting Snow,01 - Daylight,05 - Packed snow,01 - Traffic signal,01 - Functioning,2,0,0,0,,0,,,,,359501.6559,5014636.895,45.26956176,-75.80288288,6300
15--2129,2015/02/02,12:27 PM,EAGLESON RD btwn HWY417 IC138 RAMP51 & KATIMAVIK RD (__3ZA41W),__3ZA41W,01 - Non intersection,02 - Non-fatal injury,07 - SMV other,01 - Clear,01 - Daylight,01 - Dry,10 - No control,,1,0,0,1,01 - Minimal,1,1,,,,353103.4328,5019847.058,45.31691263,-75.88390928,6301
15--213,2015/01/05,3:15 PM,INDUSTRIAL AVE @ ALTA VISTA DR/SANDFORD FLEMIN (0006979),6979,02 - Intersection related,03 - P.D. only,04 - Sideswipe,01 - Clear,01 - Daylight,01 - Dry,01 - Traffic signal,01 - Functioning,2,0,0,0,,0,,,,,370884.7238,5030558.052,45.41183826,-75.65570506,6302
15--2130,2015/02/02,12:30 PM,HIGHWAY 417 btwn HWY417 IC120A RAMP52 & HWY417 IC119B RAMP57 (__3ZA2R1),__3ZA2R1,01 - Non intersection,03 - P.D. only,03 - Rear end,03 - Snow,01 - Daylight,05 - Packed snow,10 - No control,,2,0,0,0,,0,,,,,367917.3149,5030081.991,45.40782873,-75.6936736,6303
15--2131,2015/02/02,12:35 PM,MONTREAL RD btwn ST. LAURENT BLVD & HILLSIDE DR (__3ZA1MC),__3ZA1MC,01 - Non intersection,03 - P.D. only,04 - Sideswipe,03 - Snow,01 - Daylight,04 - Slush,10 - No control,,2,0,0,0,,0,,,,,371582.3294,5033837.354,45.44127772,-75.64634883,6304
15--2132,2015/02/02,12:35 PM,HIGHWAY 417 btwn HIGHWAY 417 & HIGHWAY 417 (2) (__3ZA2UZ),__3ZA2UZ,01 - Non intersection,03 - P.D. only,07 - SMV other,03 - Snow,01 - Daylight,03 - Loose snow,10 - No control,,1,0,0,0,,0,,,,,375411.2218,5030159.396,45.40780929,-75.59793884,6305
15--2133,2015/02/02,12:35 PM,HIGHWAY 417 btwn HWY417 IC127 RAMP67 & HWY417 IC126 RAMP16 (__3ZA2X0),__3ZA2X0,01 - Non intersection,03 - P.D. only,07 - SMV other,01 - Clear,01 - Daylight,06 - Ice,10 - No control,,1,0,0,0,,0,,,,,362916.6552,5025513.135,45.36715191,-75.75808963,6306
15--2134,2015/02/02,12:36 PM,HWY 417 VANIER IC117R36 @ VANIER PKWY (0002385),2385,02 - Intersection related,03 - P.D. only,03 - Rear end,03 - Snow,01 - Daylight,05 - Packed snow,10 - No control,,3,0,0,0,,0,,,,,370765.6661,5031471.314,45.42006665,-75.65710372,6307
15--2135,2015/02/02,12:38 AM,CARRUTHERS AVE @ SCOTT ST (0006480),6480,03 - At intersection,02 - Non-fatal injury,07 - SMV other,01 - Clear,07 - Dark,02 - Wet,01 - Traffic signal,01 - Functioning,1,0,0,0,03 - Major,4,,3,1,,365153.4893,5029848.934,45.40597552,-75.72900683,6308
15--2136,2015/02/02,12:39 AM,MONTREAL RD @ MONTFORT HOSPITAL (0011388),11388,03 - At intersection,03 - P.D. only,05 - Turning movement,01 - Clear,07 - Dark,01 - Dry,01 - Traffic signal,01 - Functioning,2,0,0,0,,0,,,,,372223.3888,5034142.798,45.44396442,-75.63811351,6309
15--2137,2015/02/02,12:47 PM,CANOTEK RD @ SHEFFORD RD (0009369),9369,03 - At intersection,03 - P.D. only,02 - Angle,03 - Snow,01 - Daylight,04 - Slush,01 - Traffic signal,01 - Functioning,2,0,0,0,,0,,,,,376029.2213,5035093.851,45.45214398,-75.58933113,6310
15--2138,2015/02/02,12:47 PM,RIVER RD btwn EARL ARMSTRONG RD & NICOLLS ISLAND RD (__3ZA3H6),__3ZA3H6,01 - Non intersection,03 - P.D. only,03 - Rear end,01 - Clear,01 - Daylight,03 - Loose snow,10 - No control,,2,0,0,0,,0,,,,,367607.1882,5013701.855,45.26047118,-75.69971379,6311
15--2139,2015/02/02,2:19 PM,BRIAN COBURN BLVD @ STRASBOURG ST (0013501),13501,02 - Intersection related,03 - P.D. only,03 - Rear end,01 - Clear,01 - Daylight,03 - Loose snow,02 - Stop sign,01 - Functioning,2,0,0,0,,0,,,,,384046.5521,5034850.028,45.44908715,-75.48688377,6312
15--214,2015/01/05,3:30 PM,HARDING RD @ WALKLEY RD (0007652),7652,02 - Intersection related,03 - P.D. only,03 - Rear end,01 - Clear,01 - Daylight,06 - Ice,01 - Traffic signal,01 - Functioning,2,0,0,0,,0,,,,,373148.0721,5027607.877,45.38507652,-75.62720075,6313
15--2140,2015/02/02,2:20 PM,HWY417 IC131 RAMP66 btwn HWY417 IC130 RAMP36 & HWY417 IC131 RAMP63 (__3ZA1SX),__3ZA1SX,01 - Non intersection,03 - P.D. only,07 - SMV other,01 - Clear,01 - Daylight,03 - Loose snow,10 - No control,,1,0,0,0,,0,,,,,358556.6029,5022929.416,45.34425153,-75.81402633,6314
15--2141,2015/02/02,2:24 PM,CHAMPLAIN ST @ OR174 IC102 RAMP61 (0008676),8676,03 - At intersection,03 - P.D. only,07 - SMV other,03 - Snow,01 - Daylight,03 - Loose snow,01 - Traffic signal,01 - Functioning,1,0,0,0,,0,,,,,381518.4002,5038375.725,45.48109052,-75.51864944,6315
15--2142,2015/02/02,2:29 PM,CLEGG ST @ MAIN ST (0007200),7200,02 - Intersection related,03 - P.D. only,02 - Angle,03 - Snow,01 - Daylight,03 - Loose snow,01 - Traffic signal,01 - Functioning,2,0,0,0,,0,,,,,369271.667,5029921.723,45.40626326,-75.67639443,6316
15--2143,2015/02/02,2:30 PM,HAWTHORNE RD @ RIDEAU RD (0009409),9409,02 - Intersection related,03 - P.D. only,03 - Rear end,03 - Snow,01 - Daylight,03 - Loose snow,02 - Stop sign,01 - Functioning,2,0,0,0,,0,,,,,378619.7406,5018939.033,45.30652367,-75.5586309,6317
15--2144,2015/02/02,2:30 PM,BANTREE ST @ INNES RD (0007684),7684,02 - Intersection related,03 - P.D. only,03 - Rear end,03 - Snow,01 - Daylight,05 - Packed snow,01 - Traffic signal,01 - Functioning,2,0,0,0,,0,,,,,373705.7232,5030408.001,45.4102161,-75.61968928,6318
15--2145,2015/02/02,2:30 PM,OSGOODE MAIN ST btwn CORBET ST & OLD GEORGE ST (__3ZA3UH),__3ZA3UH,01 - Non intersection,03 - P.D. only,03 - Rear end,03 - Snow,01 - Daylight,03 - Loose snow,10 - No control,,2,0,0,0,,0,,,,,374630.2887,5000744.06,45.14321719,-75.61205166,6319
15--2146,2015/02/02,2:45 PM,HIGHWAY 417 btwn Continuation of HIGHWAY 417 & HWY417 IC134 RAMP51 (__3ZA29B),__3ZA29B,01 - Non intersection,03 - P.D. only,07 - SMV other,03 - Snow,01 - Daylight,03 - Loose snow,10 - No control,,1,0,0,0,,0,,,,,355491.3663,5021681.892,45.33325438,-75.85326622,6320
15--2147,2015/02/02,2:47 PM,HOLLY ACRES RD @ TRANSITWAY - BAYSHORE/278 N O (0009787),9787,03 - At intersection,02 - Non-fatal injury,02 - Angle,03 - Snow,01 - Daylight,05 - Packed snow,01 - Traffic signal,01 - Functioning,2,0,0,0,02 - Minor,1,,1,,,358497.639,5022986.938,45.34477363,-75.81477245,6321
15--2148,2015/02/02,3:12 PM,CONROY RD @ HUNT CLUB RD (0002257),2257,02 - Intersection related,03 - P.D. only,03 - Rear end,03 - Snow,01 - Daylight,03 - Loose snow,01 - Traffic signal,01 - Functioning,2,0,0,0,,0,,,,,373764.2219,5025406.089,45.36520539,-75.61964096,6322
15--2149,2015/02/02,3:14 PM,PRINCE OF WALES DR @ MEADOWLANDS DR/HOG'S BACK (0001629),1629,02 - Intersection related,03 - P.D. only,03 - Rear end,01 - Clear,01 - Daylight,03 - Loose snow,01 - Traffic signal,01 - Functioning,2,0,0,0,,0,,,,,367370.955,5025692.031,45.36837809,-75.70120927,6323
15--215,2015/01/05,3:30 PM,HIGHWAY 417 btwn HWY417 IC127 RAMP25 & HWY417 IC126 RAMP51 (__3ZA2XA),__3ZA2XA,01 - Non intersection,02 - Non-fatal injury,03 - Rear end,01 - Clear,01 - Daylight,01 - Dry,10 - No control,,2,0,0,0,02 - Minor,1,,1,,,363179.1098,5025845.199,45.37011798,-75.75470021,6324
15--2150,2015/02/02,3:15 PM,BYRON AVE @ ISLAND PARK DR (0006365),6365,03 - At intersection,03 - P.D. only,07 - SMV other,01 - Clear,01 - Daylight,03 - Loose snow,01 - Traffic signal,01 - Functioning,1,0,0,0,,0,,,,,364254.7261,5028603.069,45.3948424,-75.74063736,6325
15--2151,2015/02/02,3:27 PM,PINNACLE ST @ TRIM RD (0013575),13575,02 - Intersection related,03 - P.D. only,02 - Angle,03 - Snow,01 - Daylight,04 - Slush,02 - Stop sign,01 - Functioning,2,0,0,0,,0,,,,,387033.3981,5036135.421,45.46030678,-75.44849029,6326
15--2152,2015/02/02,3:29 PM,TENTH LINE RD @ LAKEPOINTE DR (0013369),13369,02 - Intersection related,03 - P.D. only,02 - Angle,01 - Clear,01 - Daylight,03 - Loose snow,01 - Traffic signal,01 - Functioning,2,0,0,0,,0,,,,,384258.8368,5035424.528,45.45423188,-75.48407747,6327
15--2153,2015/02/02,3:30 PM,KNUDSON DR btwn SHAUGHNESSY CRES & GOULDING CRES (__3ZA5JA),__3ZA5JA,04 - At/near private drive,03 - P.D. only,02 - Angle,03 - Snow,01 - Daylight,05 - Packed snow,10 - No control,,2,0,0,0,,0,,,,,350742.0799,5020620.117,45.32402729,-75.91395405,6328
15--2154,2015/02/02,3:39 PM,STONEHAVEN DR @ HARNESS LANE/BLUEMEADOW WAY (0004046),4046,03 - At intersection,03 - P.D. only,02 - Angle,01 - Clear,01 - Daylight,03 - Loose snow,01 - Traffic signal,01 - Functioning,2,0,0,0,,0,,,,,354573.6896,5016742.864,45.2888778,-75.86546957,6329
15--2155,2015/02/02,3:42 PM,ELGIN ST @ FRANK ST (0007287),7287,03 - At intersection,03 - P.D. only,05 - Turning movement,01 - Clear,01 - Daylight,04 - Slush,02 - Stop sign,00 - Unknown,2,0,0,0,,0,,,,,368356.7472,5030887.126,45.41503331,-75.68795659,6330
15--2156,2015/02/02,3:46 PM,EARL ARMSTRONG RD @ SHORELINE DR (0013041),13041,02 - Intersection related,02 - Non-fatal injury,99 - Other,03 - Snow,01 - Daylight,03 - Loose snow,01 - Traffic signal,01 - Functioning,2,0,0,0,01 - Minimal,1,1,,,,368839.5806,5015287.527,45.27462778,-75.68380783,6331
15--2157,2015/02/02,3:49 PM,EAGLESON RD btwn HAZELDEAN RD & 146 N OF ABBEYHILL DR/HAZELDEAN MALL S (__3ZA41OA),__3ZA41OA,04 - At/near private drive,03 - P.D. only,03 - Rear end,03 - Snow,01 - Daylight,03 - Loose snow,10 - No control,,2,0,0,0,,0,,,,,353690.0104,5018380.605,45.30367659,-75.87657285,6332
15--2158,2015/02/02,3:49 PM,RIVERSIDE DR btwn HUNT CLUB RD & KIMBERWICK CRES (__3ZBOEN),__3ZBOEN,01 - Non intersection,03 - P.D. only,03 - Rear end,01 - Clear,01 - Daylight,03 - Loose snow,10 - No control,,2,0,0,0,,0,,,,,368040.5584,5022063.571,45.33566993,-75.69312593,6333
15--2159,2015/02/02,3:50 PM,HWY417 IC127 RAMP35 btwn HIGHWAY 417 & WOODROFFE AVE (__3ZAYBQ),__3ZAYBQ,01 - Non intersection,03 - P.D. only,07 - SMV other,01 - Clear,01 - Daylight,06 - Ice,10 - No control,,1,0,0,0,,0,,,,,362151.279,5024742.406,45.36028001,-75.76794898,6334
15--216,2015/01/05,3:50 PM,DONALD ST @ ST. LAURENT BLVD (0008630),8630,02 - Intersection related,03 - P.D. only,03 - Rear end,03 - Snow,01 - Daylight,04 - Slush,01 - Traffic signal,01 - Functioning,2,0,0,0,,0,,,,,372094.6768,5032471.139,45.42893604,-75.63998719,6335
15--2160,2015/02/02,4:00 PM,SLACK RD btwn GRENFELL CRES & MERIVALE RD (__3ZA5EN),__3ZA5EN,04 - At/near private drive,03 - P.D. only,05 - Turning movement,03 - Snow,01 - Daylight,03 - Loose snow,10 - No control,,2,0,0,0,,0,,,,,365931.5511,5020906.945,45.32544967,-75.72017463,6336
15--2161,2015/02/02,4:04 PM,WEST HUNT CLUB RD @ CLEOPATRA DR/LANCELOT DR (0000114),114,02 - Intersection related,03 - P.D. only,03 - Rear end,03 - Snow,01 - Daylight,03 - Loose snow,01 - Traffic signal,01 - Functioning,3,0,0,0,,0,,,,,365235.6121,5021732.793,45.33294083,-75.72895075,6337
15--2162,2015/02/02,4:06 PM,RICHMOND RD btwn WEST HUNT CLUB RD & STONEHAVEN DR (__3ZA41H),__3ZA41H,04 - At/near private drive,03 - P.D. only,02 - Angle,01 - Clear,01 - Daylight,04 - Slush,10 - No control,,2,0,0,0,,0,,,,,356772.9664,5015912.16,45.28124379,-75.83752136,6338
15--2163,2015/02/02,4:20 PM,BRONSON AVE btwn FINDLAY AVE & BRONSON AVE SB OFF RAMP 34 (__3ZA3N5),__3ZA3N5,01 - Non intersection,03 - P.D. only,04 - Sideswipe,01 - Clear,01 - Daylight,03 - Loose snow,10 - No control,,2,0,0,0,,0,,,,,367747.2884,5028495.884,45.39357272,-75.69604792,6339
15--2164,2015/02/02,4:36 PM,PARENT AVE @ ST. ANDREW ST (0008413),8413,03 - At intersection,02 - Non-fatal injury,02 - Angle,01 - Clear,01 - Daylight,04 - Slush,02 - Stop sign,01 - Functioning,2,0,0,0,01 - Minimal,1,1,,,,367732.6947,5032694.502,45.43135188,-75.69569821,6340
15--2165,2015/02/02,4:43 PM,CORKSTOWN RD btwn MOODIE DR & CRYSTAL BEACH DR (__3ZABA2),__3ZABA2,01 - Non intersection,03 - P.D. only,03 - Rear end,01 - Clear,01 - Daylight,05 - Packed snow,10 - No control,,2,0,0,0,,0,,,,,356760.0591,5022600.646,45.34142861,-75.8369845,6341
15--2166,2015/02/02,4:51 PM,MONTREAL RD btwn THOMSON ST & AVIATION PKWY (__3ZA3UF),__3ZA3UF,04 - At/near private drive,03 - P.D. only,02 - Angle,01 - Clear,01 - Daylight,04 - Slush,10 - No control,,2,0,0,0,,0,,,,,372127.4395,5034100.39,45.44359211,-75.63934571,6342
15--2167,2015/02/02,4:55 PM,CAMBRIAN RD @ TWIN ELM RD N (0000847),847,03 - At intersection,03 - P.D. only,02 - Angle,03 - Snow,01 - Daylight,03 - Loose snow,02 - Stop sign,01 - Functioning,2,0,0,0,,0,,,,,359362.6387,5009762.9,45.22571552,-75.80518929,6343
15--2168,2015/02/02,4:57 PM,VIEWMOUNT DR btwn GLENMANOR DR & MERIVALE RD (__3ZAASQ),__3ZAASQ,01 - Non intersection,02 - Non-fatal injury,01 - Approaching,05 - Drifting Snow,05 - Dusk,05 - Packed snow,10 - No control,,3,0,0,0,02 - Minor,1,,1,,,365161.8804,5022931.955,45.34373708,-75.72974507,6344
15--2169,2015/02/02,5:00 PM,RIDEAU ST btwn CUMBERLAND ST & KING EDWARD AVE (__3ZBOFX),__3ZBOFX,04 - At/near private drive,03 - P.D. only,02 - Angle,01 - Clear,01 - Daylight,04 - Slush,10 - No control,,2,0,0,0,,0,,,,,368483.7554,5032396.722,45.42860458,-75.68613887,6345
15--217,2015/01/05,3:53 PM,BELCOURT BLVD @ ST. JOSEPH BLVD (0004138),4138,02 - Intersection related,02 - Non-fatal injury,03 - Rear end,01 - Clear,01 - Daylight,06 - Ice,01 - Traffic signal,01 - Functioning,2,0,0,0,01 - Minimal,1,1,,,,381205.7041,5037359.079,45.47197788,-75.52280686,6346
15--2170,2015/02/02,5:00 PM,PRINCE OF WALES DR @ MEADOWLANDS DR/HOG'S BACK (0001629),1629,03 - At intersection,03 - P.D. only,05 - Turning movement,03 - Snow,05 - Dusk,03 - Loose snow,01 - Traffic signal,01 - Functioning,2,0,0,0,,0,,,,,367370.955,5025692.031,45.36837809,-75.70120927,6347
15--2171,2015/02/02,5:10 PM,HIGHWAY 417 btwn HWY417 IC96 RAMP61 & HWY417 IC88 RAMP16 (__3ZA27Z),__3ZA27Z,01 - Non intersection,03 - P.D. only,07 - SMV other,01 - Clear,07 - Dark,03 - Loose snow,10 - No control,,1,0,0,0,,0,,,,,391970.9227,5023000.483,45.34153459,-75.38768786,6348
15--2172,2015/02/02,5:24 PM,INNES RD btwn INDUSTRIAL AVE & BANTREE ST (__3ZA2XQ),__3ZA2XQ,01 - Non intersection,03 - P.D. only,04 - Sideswipe,01 - Clear,05 - Dusk,06 - Ice,10 - No control,,2,0,0,0,,0,,,,,373533.1931,5030303.905,45.40929646,-75.62190771,6349
15--2173,2015/02/02,5:30 PM,BRONSON AVE btwn FINDLAY AVE & BRONSON AVE SB OFF RAMP 34 (__3ZA3N5),__3ZA3N5,01 - Non intersection,03 - P.D. only,04 - Sideswipe,01 - Clear,07 - Dark,03 - Loose snow,10 - No control,,2,0,0,0,,0,,,,,367747.2884,5028500.704,45.39361609,-75.69604731,6350
15--2174,2015/02/02,5:30 PM,MCCARTHY RD btwn PLANTE DR & PAUL ANKA DR (__3ZA9C9),__3ZA9C9,01 - Non intersection,03 - P.D. only,06 - SMV unattended vehicle,01 - Clear,07 - Dark,05 - Packed snow,10 - No control,,1,0,0,0,,0,,,,,369610.5562,5024015.536,45.35308995,-75.67284095,6351
15--2175,2015/02/02,5:44 AM,ALBION RD btwn 210 S OF HIGH RD/EARL ARMSTRONG RD/RIDEAU CARLETON RACE (__3ZA3S0B),__3ZA3S0B,04 - At/near private drive,02 - Non-fatal injury,05 - Turning movement,03 - Snow,07 - Dark,03 - Loose snow,10 - No control,,2,0,0,0,03 - Major,1,,,1,,374902.7507,5017133.576,45.29065961,-75.60628026,6352
15--2176,2015/02/02,5:45 PM,HIGHWAY 417 btwn HWY417 IC127 RAMP63 & HWY417 IC127 RAMP67 (__3ZA2RF),__3ZA2RF,01 - Non intersection,03 - P.D. only,03 - Rear end,03 - Snow,05 - Dusk,03 - Loose snow,10 - No control,,2,0,0,0,,0,,,,,362108.6797,5024842.045,45.36118003,-75.76848113,6353
15--2177,2015/02/02,5:50 PM,HIGHWAY 417 btwn HWY417 IC127 RAMP35 & HWY417 IC127 RAMP25 (__3ZA2RE),__3ZA2RE,01 - Non intersection,03 - P.D. only,04 - Sideswipe,01 - Clear,07 - Dark,03 - Loose snow,10 - No control,,2,0,0,0,,0,,,,,362141.1707,5024842.767,45.36118387,-75.76806635,6354
15--2178,2015/02/02,5:51 PM,CONROY RD @ ST. LAURENT BLVD (0011390),11390,02 - Intersection related,03 - P.D. only,03 - Rear end,03 - Snow,07 - Dark,03 - Loose snow,01 - Traffic signal,01 - Functioning,2,0,0,0,,0,,,,,373069.2468,5027158.942,45.38104488,-75.62826931,6355
15--2179,2015/02/02,5:51 PM,ISLAND PARK DR @ SUNNYMEDE AVE (0006460),6460,03 - At intersection,03 - P.D. only,02 - Angle,01 - Clear,07 - Dark,03 - Loose snow,02 - Stop sign,01 - Functioning,2,0,0,0,,0,,,,,363664.6897,5029248.154,45.40069661,-75.74809574,6356
15--218,2015/01/05,3:59 PM,PINEGLADE CRES btwn ORLEANS BLVD & LONGLEAF DR (__3ZA5UZ),__3ZA5UZ,01 - Non intersection,03 - P.D. only,01 - Approaching,01 - Clear,01 - Daylight,06 - Ice,10 - No control,,2,0,0,0,,0,,,,,380657.2509,5034041.313,45.44218703,-75.5303321,6357
15--2180,2015/02/02,6:00 PM,ST. LAURENT BLVD @ COVENTRY RD/OGILVIE RD (0002151),2151,02 - Intersection related,03 - P.D. only,02 - Angle,01 - Clear,07 - Dark,04 - Slush,01 - Traffic signal,01 - Functioning,2,0,0,0,,0,,,,,372303.4076,5031951.098,45.42423684,-75.63739123,6358
15--2181,2015/02/02,6:11 AM,WEST HUNT CLUB RD @ ROYDON PL/SUNDERLAND ST (0009775),9775,03 - At intersection,02 - Non-fatal injury,05 - Turning movement,03 - Snow,07 - Dark,03 - Loose snow,01 - Traffic signal,01 - Functioning,2,0,0,0,02 - Minor,2,,2,,,365973.7076,5022169.008,45.33680187,-75.71948094,6359
15--2192,2015/02/02,7:30 AM,MAIN ST @ TORONTO ST (0007688),7688,02 - Intersection related,03 - P.D. only,03 - Rear end,03 - Snow,01 - Daylight,03 - Loose snow,02 - Stop sign,00 - Unknown,2,0,0,0,,0,,,,,369511.7935,5029343.008,45.40103402,-75.67340316,6360
15--1920,2015/01/30,7:13 PM,AVIATION PKWY @ MONTREAL RD (0008799),8799,02 - Intersection related,02 - Non-fatal injury,05 - Turning movement,01 - Clear,07 - Dark,02 - Wet,01 - Traffic signal,01 - Functioning,2,0,0,0,02 - Minor,1,,1,,,372147.6805,5034108.101,45.44365954,-75.63908594,6361
15--2193,2015/02/02,7:30 AM,HWY417 IC127 RAMP25 btwn WOODROFFE AVE & HIGHWAY 417 (__3ZAY8A),__3ZAY8A,01 - Non intersection,03 - P.D. only,07 - SMV other,03 - Snow,01 - Daylight,03 - Loose snow,10 - No control,,1,0,0,0,,0,,,,,362330.3403,5024969.12,45.36230529,-75.76563718,6362
15--2194,2015/02/02,7:30 AM,HIGHWAY 417 btwn HWY 417 ANDERSON IC104R61 & HWY 417 BOUNDARY IC96R16 (__3ZA2W5),__3ZA2W5,01 - Non intersection,03 - P.D. only,03 - Rear end,03 - Snow,01 - Daylight,05 - Packed snow,10 - No control,,2,0,0,0,,0,,,,,386897.1479,5023955.125,45.35073577,-75.45226021,6363
15--2010,2015/01/31,5:40 AM,BLAIR RD @ REGIONAL RD 174 S/OR174 IC112 RAMP15 (0012435),12435,03 - At intersection,03 - P.D. only,04 - Sideswipe,01 - Clear,07 - Dark,01 - Dry,01 - Traffic signal,01 - Functioning,2,0,0,0,,0,,,,,374907.2342,5032662.135,45.43037825,-75.6040204,6364
15--1921,2015/01/30,7:14 AM,JEANNE D'ARC BLVD  S btwn BEAUSEJOUR DR & BELCOURT BLVD (__3ZA2BI),__3ZA2BI,01 - Non intersection,03 - P.D. only,03 - Rear end,01 - Clear,03 - Dawn,03 - Loose snow,10 - No control,,3,0,0,0,,0,,,,,381717.2372,5035845.016,45.45829946,-75.51650248,6365
15--2464,2015/02/05,8:27 PM,FINDLAY CREEK DR @ BANK ST (0012407),12407,02 - Intersection related,02 - Non-fatal injury,99 - Other,01 - Clear,07 - Dark,03 - Loose snow,01 - Traffic signal,01 - Functioning,3,0,0,0,02 - Minor,2,,2,,,375846.5095,5020458.519,45.3204814,-75.59377347,6366
15--2195,2015/02/02,7:30 PM,ST. JOSEPH BLVD @ FOREST VALLEY DR/YOUVILLE DR (0004440),4440,03 - At intersection,03 - P.D. only,07 - SMV other,01 - Clear,07 - Dark,05 - Packed snow,01 - Traffic signal,01 - Functioning,1,0,0,0,,0,,,,,379165.8388,5036156.371,45.46137701,-75.54907409,6367
15--1922,2015/01/30,7:18 PM,ST. JOSEPH BLVD @ FOREST VALLEY DR/YOUVILLE DR (0004440),4440,03 - At intersection,02 - Non-fatal injury,05 - Turning movement,01 - Clear,07 - Dark,06 - Ice,01 - Traffic signal,01 - Functioning,2,0,0,0,02 - Minor,1,,1,,,379165.705,5036156.109,45.46137467,-75.54907584,6368
15--2279,2015/02/03,7:40 AM,HWY417 IC131 RAMP63 btwn HWY417 IC131 RAMP53 & HWY417 IC131 RAMP66 (__3ZAY4Q),__3ZAY4Q,01 - Non intersection,03 - P.D. only,07 - SMV other,01 - Clear,01 - Daylight,06 - Ice,10 - No control,,1,0,0,0,,0,,,,,358438.9329,5022636.195,45.34162213,-75.81555957,6369
15--2011,2015/01/31,6:00 PM,CATHERINE ST btwn METCALFE ST & ELGIN ST (__3ZA3PE),__3ZA3PE,01 - Non intersection,03 - P.D. only,06 - SMV unattended vehicle,03 - Snow,07 - Dark,02 - Wet,10 - No control,,1,0,0,0,,0,,,,,368429.3694,5030507.286,45.41160903,-75.68707785,6370
15--264,2015/01/06,10:15 AM,RIVERSIDE DR @ HERON RD (0002236),2236,02 - Intersection related,03 - P.D. only,03 - Rear end,01 - Clear,01 - Daylight,01 - Dry,01 - Traffic signal,01 - Functioning,2,0,0,0,,0,,,,,368121.3459,5026648.064,45.37691283,-75.69150805,6371
15--2465,2015/02/05,8:37 PM,COVENTRY RD @ VANIER PKWY (0002139),2139,02 - Intersection related,03 - P.D. only,04 - Sideswipe,01 - Clear,07 - Dark,01 - Dry,01 - Traffic signal,01 - Functioning,2,0,0,0,,0,,,,,370678.3126,5031610.257,45.42132503,-75.6582012,6372
15--2012,2015/01/31,6:06 PM,BASELINE RD @ NAVAHO DR (0003158),3158,02 - Intersection related,03 - P.D. only,03 - Rear end,01 - Clear,07 - Dark,06 - Ice,01 - Traffic signal,01 - Functioning,2,0,0,0,,0,,,,,363085.6907,5024096.061,45.35438719,-75.75609905,6373
15--2196,2015/02/02,7:45 PM,DONALD ST @ VANIER PKWY (0007644),7644,02 - Intersection related,03 - P.D. only,03 - Rear end,03 - Snow,07 - Dark,03 - Loose snow,01 - Traffic signal,01 - Functioning,2,0,0,0,,0,,,,,370312.677,5032269.14,45.42728773,-75.66278519,6374
15--2013,2015/01/31,6:30 PM,INNES RD @ JEANNE D'ARC BLVD/MER BLEUE RD (0012475),12475,02 - Intersection related,03 - P.D. only,03 - Rear end,01 - Clear,07 - Dark,01 - Dry,01 - Traffic signal,01 - Functioning,2,0,0,0,,0,,,,,382638.7175,5035565.144,45.45567936,-75.50476611,6375
15--1923,2015/01/30,7:20 PM,TRIM RD @ VALIN ST (0013092),13092,03 - At intersection,03 - P.D. only,05 - Turning movement,01 - Clear,07 - Dark,04 - Slush,01 - Traffic signal,01 - Functioning,2,0,0,0,,0,,,,,386438.014,5037557.043,45.47316692,-75.455866,6376
15--2466,2015/02/05,8:48 AM,HOLLAND AVE @ WELLINGTON ST (0002364),2364,02 - Intersection related,03 - P.D. only,04 - Sideswipe,01 - Clear,01 - Daylight,01 - Dry,01 - Traffic signal,01 - Functioning,2,0,0,0,,0,,,,,364928.7375,5029153.072,45.39973365,-75.73196254,6377
15--2640,2015/02/08,8:43 AM,RIVERSIDE DR @ TREMBLAY RD/HWY417 IC117 RAMP52 (0010790),10790,03 - At intersection,03 - P.D. only,99 - Other,03 - Snow,01 - Daylight,03 - Loose snow,01 - Traffic signal,01 - Functioning,5,0,0,0,,0,,,,,370804.0058,5031015.426,45.41596114,-75.65667494,6378
15--2014,2015/01/31,6:35 PM,CEDARVIEW RD @ HWY 416 WESTHUNT IC72R42 (0005515),5515,02 - Intersection related,03 - P.D. only,03 - Rear end,01 - Clear,07 - Dark,06 - Ice,10 - No control,,3,0,0,0,,0,,,,,359596.3197,5019762.571,45.31567571,-75.80111031,6379
15--2197,2015/02/02,7:45 PM,BANK ST @ HUNT CLUB RD (0002119),2119,02 - Intersection related,02 - Non-fatal injury,03 - Rear end,03 - Snow,07 - Dark,05 - Packed snow,01 - Traffic signal,01 - Functioning,2,0,0,0,01 - Minimal,1,1,,,,371607.7726,5024096.988,45.35363539,-75.64734282,6380
15--1924,2015/01/30,7:23 PM,RIDEAU ST btwn CUMBERLAND ST & KING EDWARD AVE (__3ZBOFX),__3ZBOFX,04 - At/near private drive,03 - P.D. only,05 - Turning movement,01 - Clear,07 - Dark,04 - Slush,10 - No control,,2,0,0,0,,0,,,,,368405.5653,5032351.27,45.42820273,-75.68714389,6381