Anom_ID,Accident_Date,Accident_Time,Location,Geo_ID,Accident_Location,Classification_of_Accident,Initial_Impact_Type,Environment_Condition,Light,Road_Surface_Condition,Traffic_Control,Traffic_Control_Condition,No__of_Vehicles,No__of_Bicycles,No__of_Motorcycles,No__of_Pedestrians,Max_Injury,No__of_Injuries,No__of_Minimal,No__of_Minor,No__of_Major,No__of_Fatal,X,Y,Latitude,Longitude,ObjectId
15--228,2015/01/05,5:23 PM,COLONNADE RD    S btwn CONCOURSE GT & COLONNADE RD N (__3ZA0AK),__3ZA0AK,01 - Non intersection,03 - P.D. only,06 - SMV unattended vehicle,01 - Clear,05 - Dusk,06 - Ice,10 - No control,,1,0,0,0,,0,,,,,367003.0218,5022883.035,45.34313606,-75.70625935,6382
15--2641,2015/02/08,8:45 AM,STRANDHERD DR btwn CEDARVIEW RD & MCKENNA CASEY DR (__30IZPQ),__30IZPQ,01 - Non intersection,02 - Non-fatal injury,01 - Approaching,03 - Snow,01 - Daylight,03 - Loose snow,10 - No control,,2,0,0,0,02 - Minor,2,,2,,,362085.9114,5013560.347,45.25966915,-75.77007595,6383
15--1925,2015/01/30,7:25 AM,GREENBANK RD btwn JOCKVALE RD & CAMBRIAN RD (__3ZA2WE),__3ZA2WE,01 - Non intersection,02 - Non-fatal injury,07 - SMV other,03 - Snow,03 - Dawn,05 - Packed snow,10 - No control,,1,0,0,0,02 - Minor,1,,1,,,364327.2482,5013849.108,45.26208135,-75.74148521,6384
15--2467,2015/02/05,9:05 AM,LACASSE AVE @ MCARTHUR AVE (0009810),9810,02 - Intersection related,03 - P.D. only,02 - Angle,01 - Clear,01 - Daylight,02 - Wet,02 - Stop sign,02 - Not functioning,2,0,0,0,,0,,,,,370823.711,5032755.127,45.43161238,-75.65619002,6385
15--2015,2015/01/31,7:01 PM,FALLOWFIELD RD @ WOODROFFE AVE (0010372),10372,02 - Intersection related,03 - P.D. only,03 - Rear end,01 - Clear,07 - Dark,01 - Dry,01 - Traffic signal,01 - Functioning,2,0,0,0,,0,,,,,365084.1861,5017903.672,45.29849975,-75.73134846,6386
15--2280,2015/02/03,7:45 AM,WOODROFFE AVE/HWY 417 WOODROFF IC127R25 @ HWY  (0002348),2348,02 - Intersection related,03 - P.D. only,03 - Rear end,01 - Clear,01 - Daylight,06 - Ice,01 - Traffic signal,01 - Functioning,3,0,0,0,,0,,,,,362180.0363,5024695.18,45.35985272,-75.76758742,6387
15--2642,2015/02/08,8:48 AM,BANK ST @ CHAMBERLAIN AVE N/ISABELLA ST (0002132),2132,02 - Intersection related,03 - P.D. only,03 - Rear end,03 - Snow,01 - Daylight,03 - Loose snow,01 - Traffic signal,01 - Functioning,2,0,0,0,,0,,,,,368082.7121,5030166.08,45.40857041,-75.69155006,6388
15--2016,2015/01/31,7:08 PM,GLADSTONE AVE btwn BANK ST & O'CONNOR ST (__3ZA3QP),__3ZA3QP,04 - At/near private drive,03 - P.D. only,05 - Turning movement,03 - Snow,07 - Dark,04 - Slush,10 - No control,,2,0,0,0,,0,,,,,367935.9835,5030572.691,45.41224221,-75.69337229,6389
15--2468,2015/02/05,9:30 AM,MURRAY ST btwn SUSSEX DR & PARENT AVE (__3ZA3VF),__3ZA3VF,01 - Non intersection,03 - P.D. only,04 - Sideswipe,01 - Clear,01 - Daylight,02 - Wet,10 - No control,,2,0,0,0,,0,,,,,367784.3281,5032439.576,45.4290535,-75.69507099,6390
15--1926,2015/01/30,7:30 AM,HIGHWAY 417 btwn HWY417 IC138 RAMP61 & HWY417 IC134 RAMP36 (__3ZA20I),__3ZA20I,01 - Non intersection,03 - P.D. only,07 - SMV other,01 - Clear,03 - Dawn,05 - Packed snow,10 - No control,,1,0,0,0,,0,,,,,355101.1042,5021514.521,45.33177643,-75.85826198,6391
15--2281,2015/02/03,7:45 AM,HWY417 IC131 RAMP63 btwn HWY417 IC131 RAMP53 & HWY417 IC131 RAMP66 (__3ZAY4Q),__3ZAY4Q,01 - Non intersection,03 - P.D. only,07 - SMV other,01 - Clear,01 - Daylight,06 - Ice,10 - No control,,1,0,0,0,,0,,,,,358436.7669,5022635.473,45.34161579,-75.81558728,6392
15--2643,2015/02/08,9:02 AM,JOCKVALE RD/RIDEAU VALLEY DR @ PRINCE OF WALES (0004638),4638,02 - Intersection related,03 - P.D. only,03 - Rear end,03 - Snow,01 - Daylight,03 - Loose snow,01 - Traffic signal,01 - Functioning,2,0,0,0,,0,,,,,366707.7692,5012195.879,45.24700018,-75.71136063,6393
15--2017,2015/01/31,7:31 PM,SOMERSET ST    W btwn PRESTON ST & ROCHESTER ST (__3ZA321),__3ZA321,01 - Non intersection,03 - P.D. only,07 - SMV other,03 - Snow,07 - Dark,02 - Wet,10 - No control,,1,0,0,0,,0,,,,,366409.6914,5030173.443,45.40878593,-75.71292028,6394
15--2198,2015/02/02,8:01 PM,GLADSTONE AVE @ CAMBRIDGE ST (0006328),6328,02 - Intersection related,03 - P.D. only,03 - Rear end,03 - Snow,07 - Dark,03 - Loose snow,02 - Stop sign,00 - Unknown,2,0,0,0,,0,,,,,367065.6685,5030038.015,45.40750933,-75.70455791,6395
15--1927,2015/01/30,7:30 AM,HIGHWAY 417 btwn HWY417 IC169 RAMP25 & HWY417 IC163 RAMP51 (__5SPOUW),__5SPOUW,01 - Non intersection,03 - P.D. only,07 - SMV other,03 - Snow,03 - Dawn,06 - Ice,10 - No control,,1,0,0,0,,0,,,,,329822.4729,5021890.613,45.33651741,-76.18073843,6396
15--2644,2015/02/08,9:35 AM,CAMPEAU DR/HWY 417 MARCH IC138R63 @ MARCH RD (0009710),9710,02 - Intersection related,03 - P.D. only,03 - Rear end,03 - Snow,01 - Daylight,03 - Loose snow,01 - Traffic signal,01 - Functioning,2,0,0,0,,0,,,,,352840.661,5020475.021,45.3225812,-75.88719973,6397
15--2469,2015/02/05,9:44 AM,LYON ST    N btwn SPARKS ST & WELLINGTON ST (__5D2JZR),__5D2JZR,01 - Non intersection,02 - Non-fatal injury,07 - SMV other,01 - Clear,01 - Daylight,01 - Dry,10 - No control,,1,0,0,1,01 - Minimal,1,1,,,,366961.2951,5031408.335,45.41984835,-75.70571832,6398
15--2282,2015/02/03,7:51 PM,ST. LAURENT BLVD/DUNBARTON CRT @ BRITTANY DR (0007139),7139,03 - At intersection,03 - P.D. only,05 - Turning movement,01 - Clear,07 - Dark,03 - Loose snow,01 - Traffic signal,01 - Functioning,2,0,0,0,,0,,,,,371331.7167,5034337.077,45.44579789,-75.64948439,6399
15--2018,2015/01/31,8:06 AM,NIXON DR @ SNAKE ISLAND RD (0001699),1699,03 - At intersection,03 - P.D. only,02 - Angle,01 - Clear,01 - Daylight,01 - Dry,02 - Stop sign,01 - Functioning,2,0,0,0,,0,,,,,373449.7036,5002700.822,45.16093974,-75.62679314,6400
15--2199,2015/02/02,8:05 AM,HWY417 IC140 RAMP25 btwn TERRY FOX DR & HIGHWAY 417 (__3ZAYB5),__3ZAYB5,01 - Non intersection,03 - P.D. only,07 - SMV other,03 - Snow,01 - Daylight,06 - Ice,10 - No control,,1,0,0,0,,0,,,,,351061.7758,5018555.782,45.30543089,-75.91006893,6401
15--1928,2015/01/30,7:30 PM,BRONSON AVE @ GLADSTONE AVE (0002110),2110,02 - Intersection related,03 - P.D. only,03 - Rear end,03 - Snow,07 - Dark,03 - Loose snow,01 - Traffic signal,01 - Functioning,2,0,0,0,,0,,,,,367134.6656,5030080.118,45.40788202,-75.70367124,6402
15--1929,2015/01/30,7:35 PM,INNES RD @ VISENEAU DR (0012442),12442,02 - Intersection related,03 - P.D. only,03 - Rear end,01 - Clear,07 - Dark,02 - Wet,01 - Traffic signal,01 - Functioning,2,0,0,0,,0,,,,,381798.7511,5035075.002,45.45136253,-75.51558092,6403
15--193,2015/01/05,11:09 AM,CASTLEFRANK RD @ HAZELDEAN RD (0003608),3608,02 - Intersection related,03 - P.D. only,04 - Sideswipe,01 - Clear,01 - Daylight,02 - Wet,01 - Traffic signal,00 - Unknown,2,0,0,0,,0,,,,,352677.8781,5017676.287,45.29740869,-75.88954645,6404
15--1930,2015/01/30,7:36 AM,WEST HUNT CLUB RD @ CLEOPATRA DR/LANCELOT DR (0000114),114,03 - At intersection,02 - Non-fatal injury,05 - Turning movement,03 - Snow,03 - Dawn,04 - Slush,01 - Traffic signal,01 - Functioning,2,0,0,0,02 - Minor,1,,1,,,365233.7723,5021732.012,45.33293396,-75.72897432,6405
15--1931,2015/01/30,7:38 AM,MARCH RD @ MORGAN'S GRANT WAY/SHIRLEY'S BROOK  (0002651),2651,02 - Intersection related,03 - P.D. only,03 - Rear end,03 - Snow,03 - Dawn,05 - Packed snow,01 - Traffic signal,01 - Functioning,2,0,0,0,,0,,,,,349661.6092,5023616.064,45.35105543,-75.92746442,6406
15--1932,2015/01/30,7:39 PM,MEADOWLANDS DR @ MERIVALE RD (0000625),625,03 - At intersection,02 - Non-fatal injury,05 - Turning movement,01 - Clear,07 - Dark,01 - Dry,01 - Traffic signal,01 - Functioning,2,0,0,0,02 - Minor,2,,2,,,364855.7943,5023725.026,45.35089931,-75.73355426,6407
15--1933,2015/01/30,8:02 PM,TENTH LINE RD @ CHARLEMAGNE BLVD S/DES EPINETT (0003686),3686,03 - At intersection,02 - Non-fatal injury,05 - Turning movement,01 - Clear,07 - Dark,01 - Dry,01 - Traffic signal,01 - Functioning,2,0,0,0,02 - Minor,2,1,1,,,383640.9751,5036900.456,45.46758093,-75.49173924,6408
15--1934,2015/01/30,8:05 AM,LEITRIM RD btwn RIVER RD & LIMEBANK RD (__3ZA38L),__3ZA38L,01 - Non intersection,03 - P.D. only,07 - SMV other,03 - Snow,01 - Daylight,05 - Packed snow,10 - No control,,1,0,0,0,,0,,,,,369248.377,5017911.415,45.29819977,-75.67825738,6409
15--1935,2015/01/30,8:10 AM,ABBEYHILL DR btwn SURREY LANE & EAGLESON RD (__3ZAB3W),__3ZAB3W,01 - Non intersection,03 - P.D. only,03 - Rear end,03 - Snow,01 - Daylight,03 - Loose snow,10 - No control,,2,0,0,0,,0,,,,,353786.4792,5018009.128,45.30032724,-75.87537949,6410
15--1936,2015/01/30,8:15 PM,KING EDWARD AVE btwn WILBROD ST & LAURIER AVE E (__3ZA3VM),__3ZA3VM,01 - Non intersection,03 - P.D. only,03 - Rear end,03 - Snow,07 - Dark,04 - Slush,10 - No control,,2,0,0,0,,0,,,,,368683.4193,5032127.535,45.42616432,-75.6836224,6411
15--1937,2015/01/30,8:19 PM,COVEHEAD CRES btwn SHORELINE DR & SHORELINE DR (__3ZA1J9),__3ZA1J9,04 - At/near private drive,03 - P.D. only,02 - Angle,01 - Clear,07 - Dark,03 - Loose snow,10 - No control,,2,0,0,0,,0,,,,,368275.3391,5015555.305,45.27708838,-75.6909642,6412
15--1938,2015/01/30,8:20 PM,RIVERSIDE DR @ BROOKFIELD RD/HOG'S BACK RD (0001627),1627,03 - At intersection,03 - P.D. only,05 - Turning movement,01 - Clear,07 - Dark,01 - Dry,01 - Traffic signal,01 - Functioning,2,0,0,0,,0,,,,,368166.7471,5026221.076,45.37306681,-75.6909832,6413
15--1939,2015/01/30,8:27 AM,JEANNE D'ARC BLVD  S btwn BOYER RD & ORLEANS BLVD (__3ZA2BO),__3ZA2BO,01 - Non intersection,03 - P.D. only,03 - Rear end,01 - Clear,01 - Daylight,04 - Slush,10 - No control,,2,0,0,0,,0,,,,,380914.4339,5036246.602,45.46200052,-75.52670381,6414
15--194,2015/01/05,11:19 AM,REGIONAL ROAD 174 btwn OR174 IC102 RAMP36 & OR174 IC102 RAMP26 (__6K3NTG),__6K3NTG,01 - Non intersection,03 - P.D. only,03 - Rear end,02 - Rain,01 - Daylight,06 - Ice,10 - No control,,2,0,0,0,,0,,,,,381490.2675,5038205.81,45.47956486,-75.51903578,6415
15--1940,2015/01/30,8:30 AM,EXETER DR btwn CHESTER CRES & BARTLEY CRES (__3ZAAAY),__3ZAAAY,04 - At/near private drive,03 - P.D. only,02 - Angle,01 - Clear,01 - Daylight,03 - Loose snow,10 - No control,,2,0,0,0,,0,,,,,363633.0983,5015109.478,45.2734806,-75.75018022,6416
15--1941,2015/01/30,8:40 AM,BANK ST @ CATHERINE ST (0002708),2708,02 - Intersection related,03 - P.D. only,03 - Rear end,03 - Snow,01 - Daylight,03 - Loose snow,01 - Traffic signal,01 - Functioning,2,0,0,0,,0,,,,,368040.6693,5030268.054,45.40949174,-75.69207403,6417
15--1942,2015/01/30,8:47 AM,BOWESVILLE RD/EMERALD LINKS DR W @ MITCH OWENS (0005296),5296,03 - At intersection,03 - P.D. only,02 - Angle,03 - Snow,01 - Daylight,03 - Loose snow,02 - Stop sign,01 - Functioning,2,0,0,0,,0,,,,,374182.7399,5013708.804,45.25991593,-75.615937,6418
15--1943,2015/01/30,8:47 PM,GOTH AVE btwn GOTHWOOD PL & SUGAR CANE LANE (__3ZA5NN),__3ZA5NN,01 - Non intersection,03 - P.D. only,06 - SMV unattended vehicle,02 - Rain,07 - Dark,03 - Loose snow,10 - No control,,1,0,0,0,,0,,,,,372695.2365,5023407.612,45.34732819,-75.63355993,6419
15--1944,2015/01/30,8:55 AM,MONTREAL RD btwn OLMSTEAD ST & Continuation of MONTREAL RD (__3ZA3L2),__3ZA3L2,01 - Non intersection,02 - Non-fatal injury,07 - SMV other,05 - Drifting Snow,01 - Daylight,03 - Loose snow,10 - No control,,1,0,0,1,02 - Minor,1,,1,,,370379.1347,5033238.981,45.43600772,-75.66180683,6420
15--1945,2015/01/30,8:55 AM,BANK ST btwn CAMERON AVE & CHESLEY ST (__3ZA3NV),__3ZA3NV,04 - At/near private drive,03 - P.D. only,02 - Angle,03 - Snow,01 - Daylight,02 - Wet,10 - No control,,3,0,0,0,,0,,,,,368963.7791,5028241.441,45.39117292,-75.68054578,6421
15--1946,2015/01/30,8:58 AM,PRINCE OF WALES DR btwn RIDEAU GLEN DR & FALLOWFIELD RD (__3ZA2X1),__3ZA2X1,01 - Non intersection,02 - Non-fatal injury,07 - SMV other,03 - Snow,01 - Daylight,06 - Ice,10 - No control,,1,0,0,0,02 - Minor,1,,1,,,367455.1465,5018596.624,45.3045274,-75.70103293,6422
15--1947,2015/01/30,9:00 AM,MARCH RD @ MORGAN'S GRANT WAY/SHIRLEY'S BROOK  (0002651),2651,02 - Intersection related,03 - P.D. only,03 - Rear end,03 - Snow,01 - Daylight,04 - Slush,01 - Traffic signal,01 - Functioning,2,0,0,0,,0,,,,,349659.6815,5023616.064,45.35105556,-75.92748902,6423
15--1948,2015/01/30,9:00 AM,NASKAPI DR @ OGILVIE RD (0009538),9538,03 - At intersection,03 - P.D. only,05 - Turning movement,01 - Clear,01 - Daylight,04 - Slush,02 - Stop sign,01 - Functioning,2,0,0,0,,0,,,,,375601.6889,5034689.107,45.44854578,-75.59485471,6424
15--1949,2015/01/30,9:00 AM,HIGHWAY 417 btwn HWY417 IC140 RAMP51 & HWY417 IC140 RAMP35 (__3ZAZEY),__3ZAZEY,01 - Non intersection,03 - P.D. only,07 - SMV other,01 - Clear,01 - Daylight,06 - Ice,10 - No control,,1,0,0,0,,0,,,,,350511.4348,5018302.433,45.30318722,-75.91710988,6425
15--195,2015/01/05,11:19 PM,HIGHWAY 417 btwn HWY417 IC123 RAMP62 & HWY417 IC122 RAMP16 (__3ZA2R9),__3ZA2R9,01 - Non intersection,03 - P.D. only,03 - Rear end,01 - Clear,07 - Dark,01 - Dry,10 - No control,,2,0,0,0,,0,,,,,364820.987,5028155.668,45.39076846,-75.73346008,6426
15--1950,2015/01/30,9:03 PM,CRESTHAVEN DR btwn VILLANDRY ST & BARNSTONE DR (__4N786J),__4N786J,01 - Non intersection,03 - P.D. only,06 - SMV unattended vehicle,01 - Clear,07 - Dark,01 - Dry,10 - No control,,1,0,0,0,,0,,,,,366919.1773,5015172.23,45.27376262,-75.70829565,6427
15--1951,2015/01/30,9:08 AM,HIGHWAY 417 btwn HWY417 IC142 RAMP35 & HWY417 IC142 RAMP25 (__3ZA1ZO),__3ZA1ZO,01 - Non intersection,03 - P.D. only,07 - SMV other,05 - Drifting Snow,01 - Daylight,06 - Ice,10 - No control,,1,0,0,0,,0,,,,,349006.3075,5017270.412,45.2939971,-75.9363936,6428
15--1952,2015/01/30,9:08 PM,O'CONNOR ST btwn NEPEAN ST & LISGAR ST (__3ZBOEU),__3ZBOEU,01 - Non intersection,03 - P.D. only,06 - SMV unattended vehicle,01 - Clear,07 - Dark,01 - Dry,10 - No control,,1,0,0,0,,0,,,,,367758.423,5031168.311,45.41761741,-75.69556449,6429
15--1953,2015/01/30,9:11 AM,PRINCE OF WALES DR btwn FALLOWFIELD RD & AMBERWOOD CRES (__3ZA27I),__3ZA27I,01 - Non intersection,03 - P.D. only,01 - Approaching,03 - Snow,01 - Daylight,06 - Ice,10 - No control,,3,0,0,0,,0,,,,,367372.9005,5019485.822,45.31253561,-75.70196934,6430
15--1954,2015/01/30,9:20 AM,HIGHWAY 417 btwn HWY417 IC140 RAMP51 & HWY417 IC140 RAMP35 (__3ZAZEY),__3ZAZEY,01 - Non intersection,03 - P.D. only,07 - SMV other,01 - Clear,01 - Daylight,06 - Ice,10 - No control,,1,0,0,0,,0,,,,,350488.6664,5018287.397,45.3030534,-75.91740159,6431
15--1955,2015/01/30,9:26 AM,MONTREAL RD @ OGILVIE RD (0009279),9279,02 - Intersection related,03 - P.D. only,03 - Rear end,05 - Drifting Snow,01 - Daylight,06 - Ice,01 - Traffic signal,01 - Functioning,2,0,0,0,,0,,,,,375654.735,5034556.104,45.44734373,-75.5941958,6432
15--1956,2015/01/30,9:28 AM,CAMPEAU DR @ TERRY FOX DR (0008211),8211,02 - Intersection related,03 - P.D. only,03 - Rear end,06 - Strong wind,01 - Daylight,06 - Ice,01 - Traffic signal,01 - Functioning,2,0,0,0,,0,,,,,350455.6007,5019010.937,45.30956616,-75.91775655,6433
15--1957,2015/01/30,9:30 AM,HIGHWAY 417 btwn HWY417 IC140 RAMP25 & HWY417 IC139 RAMP15 (__4BCLBK),__4BCLBK,01 - Non intersection,03 - P.D. only,07 - SMV other,01 - Clear,01 - Daylight,05 - Packed snow,10 - No control,,1,0,0,0,,0,,,,,352061.6442,5019505.971,45.31391435,-75.89722867,6434
15--1958,2015/01/30,9:55 AM,CLYDE AVE btwn CLYDE AVE & STARWOOD RD (__3ZA2TX),__3ZA2TX,01 - Non intersection,03 - P.D. only,07 - SMV other,03 - Snow,01 - Daylight,03 - Loose snow,10 - No control,,1,0,0,0,,0,,,,,364387.0121,5024826.261,45.36084806,-75.7394037,6435
15--1959,2015/01/31,1:36 PM,MEADOWLANDS DR @ MERIVALE RD (0000625),625,02 - Intersection related,02 - Non-fatal injury,03 - Rear end,01 - Clear,01 - Daylight,01 - Dry,01 - Traffic signal,01 - Functioning,2,0,0,0,01 - Minimal,2,2,,,,364856.7722,5023725.028,45.35089924,-75.73354178,6436
15--196,2015/01/05,11:23 PM,BRONSON AVE @ GLOUCESTER ST (0005124),5124,03 - At intersection,03 - P.D. only,02 - Angle,01 - Clear,07 - Dark,01 - Dry,01 - Traffic signal,01 - Functioning,2,0,0,0,,0,,,,,366834.0668,5030792.555,45.41431903,-75.70742138,6437
15--1960,2015/01/31,1:36 PM,MERIVALE RD @ WOODFIELD DR/ROYDON PL (0009776),9776,02 - Intersection related,03 - P.D. only,03 - Rear end,01 - Clear,01 - Daylight,01 - Dry,01 - Traffic signal,01 - Functioning,2,0,0,0,,0,,,,,365461.7372,5022298.017,45.33800713,-75.72599679,6438
15--1961,2015/01/31,1:38 PM,LEMIEUX ST @ ST. LAURENT BLVD (0002021),2021,02 - Intersection related,03 - P.D. only,03 - Rear end,01 - Clear,01 - Daylight,01 - Dry,01 - Traffic signal,01 - Functioning,2,0,0,0,,0,,,,,372390.7608,5031743.046,45.42235645,-75.63630364,6439
15--1962,2015/01/31,10:10 AM,CASTLEFRANK RD @ MCCURDY DR S/TAMBLYN CRES (0002621),2621,03 - At intersection,03 - P.D. only,02 - Angle,01 - Clear,01 - Daylight,01 - Dry,01 - Traffic signal,01 - Functioning,2,0,0,0,,0,,,,,352354.7329,5018044.661,45.30074535,-75.89363106,6440
15--1963,2015/01/31,10:15 AM,MONTREAL RD @ SHEFFORD RD (0012423),12423,02 - Intersection related,03 - P.D. only,99 - Other,01 - Clear,01 - Daylight,01 - Dry,01 - Traffic signal,01 - Functioning,2,0,0,0,,0,,,,,376126.7444,5034855.096,45.44998586,-75.58811907,6441
15--1964,2015/01/31,10:17 AM,ST. JOSEPH BLVD/OLD MONTREAL RD @ TRIM RD (0004118),4118,03 - At intersection,03 - P.D. only,02 - Angle,01 - Clear,01 - Daylight,01 - Dry,11 - Roundabout,01 - Functioning,2,0,0,0,,0,,,,,384680.8263,5039285.1,45.48891751,-75.47805538,6442
15--1965,2015/01/31,10:17 PM,COPPERFIELD CRES btwn COBBLE HILL DR & COBBLE HILL DR (__6NDG6H),__6NDG6H,04 - At/near private drive,03 - P.D. only,06 - SMV unattended vehicle,03 - Snow,07 - Dark,05 - Packed snow,10 - No control,,1,0,0,0,,0,,,,,361445.9182,5014425.524,45.26750592,-75.77813128,6443
15--1966,2015/01/31,10:20 AM,CARLING AVE @ WOODROFFE AVE W (0011470),11470,02 - Intersection related,03 - P.D. only,03 - Rear end,01 - Clear,01 - Daylight,02 - Wet,01 - Traffic signal,01 - Functioning,2,0,0,0,,0,,,,,361767.6836,5025725.995,45.36916154,-75.77273152,6444
15--1967,2015/01/31,10:40 AM,KIRKWOOD AVE @ RICHMOND RD (0002080),2080,03 - At intersection,03 - P.D. only,05 - Turning movement,01 - Clear,01 - Daylight,02 - Wet,01 - Traffic signal,01 - Functioning,2,0,0,0,,0,,,,,363778.6897,5028642.037,45.39523328,-75.74671216,6445
15--1968,2015/01/31,10:45 AM,KING EDWARD AVE @ MURRAY ST (0002713),2713,02 - Intersection related,03 - P.D. only,03 - Rear end,01 - Clear,01 - Daylight,02 - Wet,01 - Traffic signal,01 - Functioning,2,0,0,0,,0,,,,,368291.6998,5032752.136,45.43181993,-75.68854721,6446
15--1969,2015/01/31,10:50 AM,WALKLEY RD btwn DON REID DR/RYDER ST & 160 W OF CONROY RD (__3ZA2EHA),__3ZA2EHA,01 - Non intersection,03 - P.D. only,03 - Rear end,01 - Clear,01 - Daylight,01 - Dry,10 - No control,,2,0,0,0,,0,,,,,372725.9634,5027360.86,45.38289502,-75.63262441,6447
15--197,2015/01/05,11:28 AM,FALLOWFIELD RD @ GREENBANK RD (0000549),549,02 - Intersection related,03 - P.D. only,03 - Rear end,04 - Freezing Rain,01 - Daylight,06 - Ice,01 - Traffic signal,01 - Functioning,2,0,0,0,,0,,,,,363081.6396,5016731.01,45.2881171,-75.75701747,6448
15--1970,2015/01/31,10:59 PM,WOODROFFE AVE @ KNOXDALE RD/MEDHURST DR (0000519),519,03 - At intersection,03 - P.D. only,05 - Turning movement,03 - Snow,07 - Dark,03 - Loose snow,01 - Traffic signal,01 - Functioning,2,0,0,0,,0,,,,,363419.6899,5021825.041,45.33392491,-75.7521057,6449
15--1971,2015/01/31,11:16 AM,ALBERT ST @ ELGIN ST/MACKENZIE KING BRIDGE (0002226),2226,03 - At intersection,03 - P.D. only,05 - Turning movement,01 - Clear,01 - Daylight,04 - Slush,01 - Traffic signal,01 - Functioning,2,0,0,0,,0,,,,,367851.6755,5031710.136,45.42248418,-75.69430376,6450
15--1972,2015/01/31,11:30 PM,WILLOW CREEK CIRC btwn CASTLESTONE WAY & END (__44Z9DM),__44Z9DM,04 - At/near private drive,03 - P.D. only,06 - SMV unattended vehicle,03 - Snow,07 - Dark,05 - Packed snow,10 - No control,,1,0,0,0,,0,,,,,366789.518,5014100.521,45.26413089,-75.71008176,6451
15--1973,2015/01/31,11:56 AM,REMBRANDT RD btwn MOUNTAINVIEW AVE & WINNINGTON AVE (__3ZABWA),__3ZABWA,01 - Non intersection,03 - P.D. only,01 - Approaching,03 - Snow,01 - Daylight,05 - Packed snow,10 - No control,,2,0,0,0,,0,,,,,361880.5991,5024925.36,45.3619483,-75.77138262,6452
15--1974,2015/01/31,12:00 PM,BANK ST btwn SOUTHKEYS SC & CAHILL DR/DAZE ST (__3ZA37TB),__3ZA37TB,01 - Non intersection,03 - P.D. only,03 - Rear end,01 - Clear,01 - Daylight,01 - Dry,10 - No control,,2,0,0,0,,0,,,,,371226.815,5024386.607,45.35627748,-75.65216548,6453
15--1975,2015/01/31,12:17 PM,CARP RD/HWY 417 CARP IC144R63 @ HWY 417 CARP I (0001100),1100,02 - Intersection related,03 - P.D. only,02 - Angle,01 - Clear,01 - Daylight,01 - Dry,01 - Traffic signal,01 - Functioning,2,0,0,0,,0,,,,,347298.1994,5015925.373,45.28199933,-75.95828527,6454
15--1976,2015/01/31,12:18 PM,TERRY FOX DR @ EDGEWATER ST/WALTER BAKER PL (0002699),2699,03 - At intersection,02 - Non-fatal injury,05 - Turning movement,01 - Clear,01 - Daylight,01 - Dry,01 - Traffic signal,01 - Functioning,2,0,0,0,02 - Minor,2,,2,,,351778.5721,5017612.005,45.29689097,-75.90101826,6455
15--1977,2015/01/31,12:21 PM,NAVAHO DR @ WOODROFFE AVE/TRANSITWAY N BASELIN (0010359),10359,02 - Intersection related,03 - P.D. only,03 - Rear end,01 - Clear,01 - Daylight,01 - Dry,01 - Traffic signal,01 - Functioning,2,0,0,0,,0,,,,,362704.3142,5023493.283,45.34899504,-75.76103674,6456
15--1978,2015/01/31,12:54 PM,ISLAND PARK DR @ SCOTT ST (0002126),2126,02 - Intersection related,03 - P.D. only,04 - Sideswipe,01 - Clear,01 - Daylight,01 - Dry,01 - Traffic signal,01 - Functioning,2,0,0,0,,0,,,,,363834.0435,5029041.726,45.39882495,-75.7459574,6457
15--1979,2015/01/31,2:05 PM,BILBERRY DR btwn DU BOIS AVE S & JEANNE D'ARC BLVD N (__3ZA6AD),__3ZA6AD,04 - At/near private drive,03 - P.D. only,06 - SMV unattended vehicle,01 - Clear,01 - Daylight,01 - Dry,10 - No control,,1,0,0,0,,0,,,,,380891.6798,5038008.256,45.47785292,-75.52672195,6458
15--198,2015/01/05,11:32 AM,EAGLESON RD @ PALOMINO DR S/ROTHESAY DR (0003134),3134,02 - Intersection related,03 - P.D. only,02 - Angle,01 - Clear,01 - Daylight,06 - Ice,01 - Traffic signal,01 - Functioning,2,0,0,0,,0,,,,,354124.6344,5017288.931,45.29382309,-75.87113961,6459
15--1980,2015/01/31,2:16 PM,RIDEAU ST btwn 88 W OF WILLIAM ST & WILLIAM ST (__3ZA25UB),__3ZA25UB,01 - Non intersection,03 - P.D. only,04 - Sideswipe,01 - Clear,01 - Daylight,01 - Dry,10 - No control,,3,0,0,0,,0,,,,,368079.971,5032144.575,45.42637249,-75.691331,6460
15--1981,2015/01/31,2:20 PM,KANATA AVE btwn EARL GREY DR & MARITIME WAY (__3ZBPN5),__3ZBPN5,01 - Non intersection,03 - P.D. only,03 - Rear end,01 - Clear,01 - Daylight,06 - Ice,10 - No control,,3,0,0,0,,0,,,,,350966.212,5019287.066,45.31201746,-75.91121937,6461
15--1982,2015/01/31,2:29 PM,HUNT CLUB RD @ LORRY GREENBERG DR/SABLE RIDGE  (0008203),8203,03 - At intersection,03 - P.D. only,05 - Turning movement,01 - Clear,01 - Daylight,01 - Dry,01 - Traffic signal,01 - Functioning,2,0,0,0,,0,,,,,372824.7026,5024806.059,45.35989836,-75.63171554,6462