Anom_ID,Accident_Date,Accident_Time,Location,Geo_ID,Accident_Location,Classification_of_Accident,Initial_Impact_Type,Environment_Condition,Light,Road_Surface_Condition,Traffic_Control,Traffic_Control_Condition,No__of_Vehicles,No__of_Bicycles,No__of_Motorcycles,No__of_Pedestrians,Max_Injury,No__of_Injuries,No__of_Minimal,No__of_Minor,No__of_Major,No__of_Fatal,X,Y,Latitude,Longitude,ObjectId
15--1983,2015/01/31,2:30 PM,ST. JOSEPH BLVD @ DUFORD DR/PLACE D'ORLEANS DR (0003629),3629,03 - At intersection,02 - Non-fatal injury,05 - Turning movement,01 - Clear,01 - Daylight,02 - Wet,01 - Traffic signal,01 - Functioning,2,0,0,0,02 - Minor,1,,1,,,381995.7716,5037997.07,45.47763109,-75.51260352,6463
15--1984,2015/01/31,2:30 PM,PALLADIUM DR btwn SILVER SEVEN RD & TERRY FOX DR (__3ZA2I4),__3ZA2I4,04 - At/near private drive,02 - Non-fatal injury,02 - Angle,01 - Clear,01 - Daylight,01 - Dry,10 - No control,,2,0,0,0,02 - Minor,1,,1,,,351252.1483,5018169.719,45.30194443,-75.9076776,6464
15--1985,2015/01/31,2:30 PM,INNES RD @ ORLEANS BLVD (0003611),3611,02 - Intersection related,03 - P.D. only,03 - Rear end,01 - Clear,01 - Daylight,01 - Dry,01 - Traffic signal,01 - Functioning,2,0,0,0,,0,,,,,380460.7951,5034295.921,45.44449908,-75.53280385,6465
15--1986,2015/01/31,2:32 PM,LEMIEUX ST @ ST. LAURENT BLVD (0002021),2021,02 - Intersection related,03 - P.D. only,03 - Rear end,01 - Clear,01 - Daylight,01 - Dry,01 - Traffic signal,01 - Functioning,2,0,0,0,,0,,,,,372389.797,5031742.082,45.42234787,-75.63631609,6466
15--1987,2015/01/31,2:35 PM,HIGHWAY 417 btwn HWY417 IC121B RAMP51 & HWY417 IC121A RAMP51 (__3ZA2YW),__3ZA2YW,01 - Non intersection,02 - Non-fatal injury,03 - Rear end,01 - Clear,01 - Daylight,02 - Wet,10 - No control,,5,0,0,0,02 - Minor,4,3,1,,,367036.7268,5029654.963,45.40406531,-75.70497596,6467
15--1988,2015/01/31,3:09 AM,REGIONAL ROAD 174 btwn QUIGLEY HILL RD & REGIONAL ROAD 174 DIVIDED (__3ZA2Y5),__3ZA2Y5,01 - Non intersection,03 - P.D. only,07 - SMV other,01 - Clear,07 - Dark,01 - Dry,10 - No control,,1,0,0,0,,0,,,,,386711.7382,5042173.232,45.51466643,-75.45159529,6468
15--1989,2015/01/31,3:09 PM,HIGHWAY 417 btwn HWY417 IC124 RAMP55 & HWY417 IC124 RAMP65 (__3ZAZPV),__3ZAZPV,01 - Non intersection,03 - P.D. only,03 - Rear end,01 - Clear,01 - Daylight,01 - Dry,10 - No control,,2,0,0,0,,0,,,,,364477.0235,5027566.092,45.38549296,-75.73792381,6469
15--199,2015/01/05,11:37 PM,OLD PRESCOTT RD @ PARKWAY RD (0005817),5817,03 - At intersection,02 - Non-fatal injury,05 - Turning movement,03 - Snow,07 - Dark,05 - Packed snow,01 - Traffic signal,01 - Functioning,2,0,0,0,01 - Minimal,1,1,,,,377890.4779,5013683.081,45.25930906,-75.56870352,6470
15--1990,2015/01/31,3:15 PM,HIGHWAY 417 btwn HWY417 IC124 RAMP55 & HWY417 IC124 RAMP65 (__3ZAZPV),__3ZAZPV,01 - Non intersection,03 - P.D. only,03 - Rear end,01 - Clear,01 - Daylight,01 - Dry,10 - No control,,2,0,0,0,,0,,,,,364482.0777,5027576.923,45.38558999,-75.73785796,6471
15--1991,2015/01/31,3:37 PM,TENTH LINE RD btwn ST. JOSEPH BLVD & OLD TENTH LINE RD (__3ZA1TE),__3ZA1TE,01 - Non intersection,03 - P.D. only,03 - Rear end,01 - Clear,01 - Daylight,01 - Dry,10 - No control,,2,0,0,0,,0,,,,,383026.4251,5038396.024,45.48110581,-75.4993591,6472
15--1992,2015/01/31,3:42 PM,WOODROFFE AVE btwn HWY417 IC127 RAMP63 & HWY417 IC127 RAMP35 (__3ZA25N),__3ZA25N,07 - Overpass or bridge,03 - P.D. only,04 - Sideswipe,01 - Clear,01 - Daylight,01 - Dry,10 - No control,,2,0,0,0,,0,,,,,362124.0507,5024840.727,45.36116692,-75.7682851,6473
15--1993,2015/01/31,3:52 PM,KANATA AVE btwn CAMPEAU DR & EARL GREY DR (__3ZAZO5),__3ZAZO5,01 - Non intersection,03 - P.D. only,03 - Rear end,01 - Clear,01 - Daylight,04 - Slush,10 - No control,,2,0,0,0,,0,,,,,350851.5865,5019278.142,45.31194469,-75.912682,6474
15--1994,2015/01/31,4:00 PM,HAWTHORNE RD @ HUNT CLUB RD (0007651),7651,02 - Intersection related,03 - P.D. only,03 - Rear end,01 - Clear,01 - Daylight,01 - Dry,01 - Traffic signal,01 - Functioning,2,0,0,0,,0,,,,,375507.7499,5026406.047,45.37402883,-75.59724366,6475
15--1995,2015/01/31,4:00 PM,HUNT CLUB RD @ HWY417 HUNT CLUB IC109 RAMP52 (0017210),17210,02 - Intersection related,03 - P.D. only,03 - Rear end,01 - Clear,01 - Daylight,04 - Slush,02 - Stop sign,01 - Functioning,2,0,0,0,,0,,,,,376416.5641,5027444.644,45.38328129,-75.58549128,6476
15--1996,2015/01/31,4:02 PM,PLACE D'ORLEANS DR @ PLACE D'ORLEANS SC N (0009234),9234,03 - At intersection,03 - P.D. only,02 - Angle,01 - Clear,01 - Daylight,01 - Dry,01 - Traffic signal,01 - Functioning,2,0,0,0,,0,,,,,381412.0935,5037941.497,45.47719538,-75.5200768,6477
15--1997,2015/01/31,4:07 PM,INNES RD @ STONEHENGE CRES E (0009355),9355,02 - Intersection related,02 - Non-fatal injury,03 - Rear end,01 - Clear,01 - Daylight,01 - Dry,01 - Traffic signal,01 - Functioning,2,0,0,0,02 - Minor,1,,1,,,375364.7064,5031312.107,45.41818545,-75.59836797,6478
15--1998,2015/01/31,4:10 PM,BANK ST @ THIRD AVE (0007230),7230,02 - Intersection related,02 - Non-fatal injury,03 - Rear end,03 - Snow,05 - Dusk,03 - Loose snow,01 - Traffic signal,01 - Functioning,2,0,0,0,01 - Minimal,2,2,,,,368334.6211,5029553.862,45.40303904,-75.68841109,6479
15--1999,2015/01/31,4:13 PM,RIVERSIDE DR @ TREMBLAY RD/HWY417 IC117 RAMP52 (0010790),10790,02 - Intersection related,03 - P.D. only,03 - Rear end,01 - Clear,01 - Daylight,06 - Ice,01 - Traffic signal,01 - Functioning,2,0,0,0,,0,,,,,370800.1504,5031015.426,45.4159615,-75.65672419,6480
15--20,2015/01/01,7:58 PM,DALHOUSIE ST btwn CLARENCE ST & YORK ST (__3ZA82M),__3ZA82M,01 - Non intersection,03 - P.D. only,06 - SMV unattended vehicle,01 - Clear,07 - Dark,03 - Loose snow,10 - No control,,1,0,0,0,,0,,,,,368087.924,5032427.782,45.42891997,-75.69119299,6481
15--200,2015/01/05,11:55 AM,BOAKE ST btwn LEJEUNE DR & LEJEUNE DR (__3ZAYGH),__3ZAYGH,01 - Non intersection,03 - P.D. only,07 - SMV other,03 - Snow,01 - Daylight,06 - Ice,10 - No control,,1,0,0,0,,0,,,,,385065.832,5036880.31,45.46723739,-75.47352361,6482
15--2000,2015/01/31,4:16 PM,CONROY RD @ WALKLEY RD (0002648),2648,02 - Intersection related,03 - P.D. only,03 - Rear end,01 - Clear,01 - Daylight,01 - Dry,01 - Traffic signal,01 - Functioning,2,0,0,0,,0,,,,,372903.7226,5027464.013,45.38380589,-75.63034056,6483
15--247,2015/01/05,8:41 AM,BASELINE RD btwn MERIVALE RD & TURN LANE (__3ZA4IC),__3ZA4IC,01 - Non intersection,03 - P.D. only,04 - Sideswipe,01 - Clear,01 - Daylight,05 - Packed snow,10 - No control,,2,0,0,0,,0,,,,,365070.1181,5025331.78,45.36533825,-75.73062335,6484
15--2645,2015/02/08,9:45 AM,WOODROFFE AVE @ SPORTSPLEX S (0010592),10592,02 - Intersection related,03 - P.D. only,03 - Rear end,03 - Snow,01 - Daylight,04 - Slush,01 - Traffic signal,01 - Functioning,3,0,0,0,,0,,,,,363831.1689,5020898.967,45.32555767,-75.74696677,6485
15--2019,2015/01/31,8:21 PM,CHURCHILL AVE @ RICHMOND RD (0002361),2361,03 - At intersection,03 - P.D. only,05 - Turning movement,03 - Snow,07 - Dark,03 - Loose snow,01 - Traffic signal,01 - Functioning,2,0,0,0,,0,,,,,363229.6309,5028294.973,45.39215649,-75.75376536,6486
15--2283,2015/02/03,8:00 AM,HIGHWAY 417 btwn Continuation of HIGHWAY 417 & HWY417 IC134 RAMP51 (__3ZA29B),__3ZA29B,01 - Non intersection,02 - Non-fatal injury,03 - Rear end,01 - Clear,01 - Daylight,02 - Wet,10 - No control,,4,0,0,0,01 - Minimal,1,1,,,,355504.4476,5021702.366,45.33343766,-75.85309724,6487
15--22,2015/01/01,8:44 AM,IRIS ST btwn TO BE DETERMINED & SOUTHWOOD DR (__3ZABJZ),__3ZABJZ,01 - Non intersection,02 - Non-fatal injury,07 - SMV other,01 - Clear,01 - Daylight,01 - Dry,10 - No control,,1,0,0,0,02 - Minor,1,,1,,,360768.6171,5023405.22,45.3483598,-75.78574772,6488
15--2646,2015/02/08,9:46 AM,SLATER ST btwn BANK ST & O'CONNOR ST (__3ZA35K),__3ZA35K,01 - Non intersection,02 - Non-fatal injury,03 - Rear end,03 - Snow,01 - Daylight,05 - Packed snow,10 - No control,,2,0,0,0,01 - Minimal,3,3,,,,367559.5247,5031438.684,45.42006801,-75.69807118,6489
15--202,2015/01/05,12:14 PM,ASHTON STATION RD btwn MALLOCH LANE & COPELAND RD (__3ZAC6S),__3ZAC6S,01 - Non intersection,02 - Non-fatal injury,07 - SMV other,01 - Clear,01 - Daylight,06 - Ice,10 - No control,,1,0,0,0,02 - Minor,1,,1,,,344737.994,4998249.145,45.12308901,-75.99233491,6490
15--2470,2015/02/05,9:55 AM,BRONSON AVE btwn SLATER ST & LAURIER AVE W (__3ZA33Y),__3ZA33Y,01 - Non intersection,03 - P.D. only,01 - Approaching,01 - Clear,01 - Daylight,01 - Dry,10 - No control,,2,0,0,0,,0,,,,,366786.2053,5030906.274,45.41534648,-75.70801852,6491
15--220,2015/01/05,4:07 PM,BLACKLEAF DR @ JOCKVALE RD (0013602),13602,03 - At intersection,03 - P.D. only,02 - Angle,01 - Clear,01 - Daylight,06 - Ice,02 - Stop sign,01 - Functioning,2,0,0,0,,0,,,,,365567.3359,5012899.706,45.25343261,-75.72580116,6492
15--2284,2015/02/03,8:03 PM,TERRY FOX DR S @ DIDSBURY RD/CENTRUM KANATA SC (0011820),11820,03 - At intersection,03 - P.D. only,05 - Turning movement,01 - Clear,07 - Dark,01 - Dry,01 - Traffic signal,01 - Functioning,2,0,0,0,,0,,,,,350625.801,5018916.101,45.30870172,-75.91559488,6493
15--2647,2015/02/08,9:53 AM,BLAIR RD btwn APPLEFORD ST & DUNHAM ST (__3ZA2E4),__3ZA2E4,04 - At/near private drive,03 - P.D. only,02 - Angle,03 - Snow,01 - Daylight,03 - Loose snow,10 - No control,,2,0,0,0,,0,,,,,374251.5332,5033852.587,45.44115471,-75.61223138,6494
15--2285,2015/02/03,8:30 PM,SUMMITVIEW DR btwn STONEHAVEN DR & END (__3ZAZLQ),__3ZAZLQ,04 - At/near private drive,03 - P.D. only,06 - SMV unattended vehicle,01 - Clear,07 - Dark,03 - Loose snow,10 - No control,,1,0,0,0,,0,,,,,356565.2385,5015791.334,45.2801719,-75.84018161,6495
15--2200,2015/02/02,8:15 AM,MONTREAL RD @ PARK ST (0009794),9794,03 - At intersection,02 - Non-fatal injury,05 - Turning movement,03 - Snow,01 - Daylight,03 - Loose snow,02 - Stop sign,01 - Functioning,2,0,0,0,02 - Minor,1,,1,,,370512.4714,5033315.704,45.43668552,-75.66009254,6496
15--2020,2015/01/31,8:30 PM,HIGHWAY 417 btwn HWY417 IC96 RAMP61 & HWY417 IC88 RAMP16 (__3ZA27Z),__3ZA27Z,01 - Non intersection,03 - P.D. only,07 - SMV other,01 - Clear,07 - Dark,01 - Dry,10 - No control,,1,0,0,0,,0,,,,,391387.6836,5023129.96,45.34277172,-75.39510601,6497
15--2471,2015/02/05,9:55 PM,BANK ST @ MITCH OWENS RD (0001640),1640,03 - At intersection,03 - P.D. only,05 - Turning movement,01 - Clear,07 - Dark,01 - Dry,01 - Traffic signal,01 - Functioning,2,0,0,0,,0,,,,,377758.7657,5015945.05,45.27967505,-75.57004922,6498
15--2021,2015/01/31,8:49 AM,MARIER AVE btwn STE. MONIQUE ST & DES PERES BLANCS AVE (__3ZA8XV),__3ZA8XV,01 - Non intersection,03 - P.D. only,06 - SMV unattended vehicle,01 - Clear,01 - Daylight,01 - Dry,10 - No control,,1,0,0,0,,0,,,,,369936.234,5033734.342,45.44050617,-75.66740156,6499
15--2648,2015/02/09,1:26 PM,TEAKDALE AVE btwn CUMORAH DR & TO BE DETERMINED (__3ZA622),__3ZA622,01 - Non intersection,03 - P.D. only,01 - Approaching,03 - Snow,01 - Daylight,06 - Ice,10 - No control,,2,0,0,0,,0,,,,,380871.002,5035268.226,45.45320261,-75.52741046,6500
15--2286,2015/02/03,8:45 AM,BRONSON AVE btwn PLYMOUTH ST & RENFREW AVE (__3ZA3B1),__3ZA3B1,04 - At/near private drive,03 - P.D. only,02 - Angle,03 - Snow,01 - Daylight,03 - Loose snow,10 - No control,,2,0,0,0,,0,,,,,367327.352,5029625.894,45.40377786,-75.7012675,6501
15--2472,2015/02/06,1:11 AM,INNES RD btwn 298 E OF WILDFLOWER DR & LANTHIER DR/PRESTWICK DR (__3ZA3Y4B),__3ZA3Y4B,01 - Non intersection,03 - P.D. only,07 - SMV other,01 - Clear,07 - Dark,01 - Dry,10 - No control,,1,0,0,0,,0,,,,,383443.4137,5035951.456,45.45906495,-75.49441719,6502
15--2649,2015/02/09,10:00 PM,COOPER ST @ LYON ST (0010861),10861,03 - At intersection,03 - P.D. only,05 - Turning movement,01 - Clear,07 - Dark,03 - Loose snow,02 - Stop sign,00 - Unknown,2,0,0,0,,0,,,,,367320.985,5030792.202,45.41427252,-75.70120091,6503
15--2022,2015/01/31,9:03 PM,HERON RD @ 155 W OF BANK ST/CANADIAN TIRE SC (0008219),8219,03 - At intersection,03 - P.D. only,02 - Angle,03 - Snow,07 - Dark,03 - Loose snow,01 - Traffic signal,01 - Functioning,2,0,0,0,,0,,,,,369850.7154,5026830.051,45.37839187,-75.66940565,6504
15--2287,2015/02/03,8:56 PM,HAIG DR @ SMYTH RD (0007736),7736,03 - At intersection,02 - Non-fatal injury,05 - Turning movement,01 - Clear,07 - Dark,02 - Wet,01 - Traffic signal,01 - Functioning,2,0,0,0,01 - Minimal,1,1,,,,372561.8333,5029299.994,45.40035843,-75.63445372,6505
15--2201,2015/02/02,8:16 AM,MURRAY ST @ PARENT AVE (0008231),8231,03 - At intersection,03 - P.D. only,05 - Turning movement,03 - Snow,01 - Daylight,05 - Packed snow,01 - Traffic signal,01 - Functioning,2,0,0,0,,0,,,,,367862.7047,5032489.078,45.42949184,-75.69406311,6506
15--2473,2015/02/06,1:14 PM,STONECREST RD btwn AYLWIN RD & GALETTA SIDE RD (__3ZBN0D),__3ZBN0D,01 - Non intersection,02 - Non-fatal injury,07 - SMV other,03 - Snow,01 - Daylight,05 - Packed snow,10 - No control,,1,0,0,0,02 - Minor,1,,1,,,330094.0687,5038848.192,45.48909926,-76.17640293,6507
15--2023,2015/01/31,9:31 AM,HOLLAND AVE/TUNNEY'S PASTURE @ SCOTT ST (0006494),6494,02 - Intersection related,03 - P.D. only,03 - Rear end,01 - Clear,01 - Daylight,03 - Loose snow,01 - Traffic signal,01 - Functioning,2,0,0,0,,0,,,,,364737.697,5029594.111,45.40371841,-75.73434892,6508
15--265,2015/01/06,10:18 AM,HIGHWAY 417 btwn HWY417 IC122 RAMP51 & HWY417 IC122 RAMP15 (__3ZA2R0),__3ZA2R0,01 - Non intersection,03 - P.D. only,03 - Rear end,01 - Clear,01 - Daylight,01 - Dry,10 - No control,,3,0,0,0,,0,,,,,365346.0845,5028883.1,45.39726854,-75.7266653,6509
15--2202,2015/02/02,8:22 AM,JOCKVALE RD/RIDEAU VALLEY DR @ PRINCE OF WALES (0004638),4638,02 - Intersection related,03 - P.D. only,03 - Rear end,03 - Snow,01 - Daylight,03 - Loose snow,01 - Traffic signal,01 - Functioning,3,0,0,0,,0,,,,,366709.6969,5012195.879,45.24700001,-75.71133608,6510
15--2288,2015/02/03,9:07 PM,OTTAWA RIVER PKWY EB btwn TRANSIT & TURN LANE (2) (__3ZA24U),__3ZA24U,01 - Non intersection,03 - P.D. only,07 - SMV other,01 - Clear,07 - Dark,04 - Slush,10 - No control,,1,0,0,0,,0,,,,,361383.3081,5026910.489,45.37985066,-75.77750249,6511
15--2474,2015/02/06,1:36 PM,LABELLE ST/RAMP @ LEMIEUX ST/HWY417 IC115 RAMP (0012538),12538,03 - At intersection,03 - P.D. only,02 - Angle,01 - Clear,01 - Daylight,03 - Loose snow,02 - Stop sign,01 - Functioning,2,0,0,0,,0,,,,,372541.7204,5031689.051,45.42185603,-75.63438228,6512
15--2024,2015/01/31,9:36 AM,WEST HUNT CLUB RD WB btwn 545 E OF ROYDON PL/SUNDERLAND ST & ANTARES D (__3ZA3JSB),__3ZA3JSB,01 - Non intersection,03 - P.D. only,07 - SMV other,01 - Clear,01 - Daylight,06 - Ice,10 - No control,,1,0,0,0,,0,,,,,366632.5306,5022543.67,45.34011527,-75.71102896,6513
15--2650,2015/02/09,10:10 AM,DALHOUSIE ST @ MURRAY ST (0008241),8241,02 - Intersection related,03 - P.D. only,04 - Sideswipe,01 - Clear,01 - Daylight,02 - Wet,01 - Traffic signal,01 - Functioning,2,0,0,0,,0,,,,,367998.7714,5032573.113,45.43023567,-75.69231357,6514
15--2203,2015/02/02,8:23 AM,CONROY RD S @ DAVIDSON RD (0013695),13695,02 - Intersection related,03 - P.D. only,07 - SMV other,03 - Snow,01 - Daylight,05 - Packed snow,02 - Stop sign,01 - Functioning,1,0,0,0,,0,,,,,374593.746,5023467.508,45.34768076,-75.60932669,6515
15--2289,2015/02/03,9:12 AM,CARLING AVE/STATION RD @ MARCH RD (0002681),2681,02 - Intersection related,03 - P.D. only,07 - SMV other,03 - Snow,01 - Daylight,04 - Slush,01 - Traffic signal,01 - Functioning,1,0,0,0,,0,,,,,350906.6529,5022246.026,45.3386468,-75.91170339,6516
15--2475,2015/02/06,1:50 PM,DON ST btwn POULIN AVE & REGINA ST (__3ZABXA),__3ZABXA,04 - At/near private drive,03 - P.D. only,02 - Angle,03 - Snow,01 - Daylight,05 - Packed snow,10 - No control,,2,0,0,0,,0,,,,,360320.2883,5025305.901,45.36549771,-75.79125522,6517
15--2476,2015/02/06,1:52 PM,GLOUCESTER ST btwn METCALFE ST & ELGIN ST (__3ZA9VJ),__3ZA9VJ,01 - Non intersection,03 - P.D. only,06 - SMV unattended vehicle,01 - Clear,01 - Daylight,03 - Loose snow,10 - No control,,1,0,0,0,,0,,,,,367859.1019,5031404.377,45.41973239,-75.69424801,6518
15--2477,2015/02/06,10:00 AM,BANK ST btwn SPRINGHILL RD & DALMENY RD (__3ZA27C),__3ZA27C,04 - At/near private drive,02 - Non-fatal injury,05 - Turning movement,01 - Clear,01 - Daylight,02 - Wet,10 - No control,,2,0,0,0,02 - Minor,5,3,2,,,385491.1813,5005295.116,45.18300827,-75.47323203,6519
15--2478,2015/02/06,10:00 AM,HIGHWAY 417 btwn HWY417 IC96 RAMP61 & HWY417 IC88 RAMP16 (__3ZA27Z),__3ZA27Z,01 - Non intersection,02 - Non-fatal injury,07 - SMV other,03 - Snow,01 - Daylight,02 - Wet,10 - No control,,1,0,0,0,01 - Minimal,1,1,,,,391376.755,5023144.059,45.34289992,-75.39524297,6520
15--2479,2015/02/06,10:03 AM,HIGHWAY 417 btwn HWY417 IC121A RAMP51 & HWY417 IC120A RAMP52 (__3ZA2R6),__3ZA2R6,01 - Non intersection,02 - Non-fatal injury,99 - Other,03 - Snow,01 - Daylight,03 - Loose snow,10 - No control,,2,0,0,0,02 - Minor,1,,1,,,367270.6619,5029737.273,45.40478508,-75.70197749,6521
15--248,2015/01/05,8:43 AM,EAGLESON RD @ HAZELDEAN RD/ROBERTSON RD (0002715),2715,02 - Intersection related,03 - P.D. only,03 - Rear end,01 - Clear,01 - Daylight,06 - Ice,01 - Traffic signal,01 - Functioning,2,0,0,0,,0,,,,,353674.5888,5018423.978,45.30406794,-75.87676521,6522
15--2480,2015/02/06,10:04 AM,COVENTRY RD btwn BELFAST RD & ST. LAURENT SC WEST (__3ZA2CAA),__3ZA2CAA,01 - Non intersection,03 - P.D. only,99 - Other,03 - Snow,01 - Daylight,04 - Slush,10 - No control,,2,0,0,0,,0,,,,,371923.7586,5031699.841,45.42201268,-75.64227636,6523
15--2481,2015/02/06,10:15 AM,CYRVILLE RD btwn OGILVIE RD & JOSEPH CYR ST (__3ZA2CC),__3ZA2CC,01 - Non intersection,03 - P.D. only,07 - SMV other,01 - Clear,01 - Daylight,04 - Slush,10 - No control,,1,0,0,0,,0,,,,,372507.438,5031984.104,45.4245141,-75.63477974,6524
15--2482,2015/02/06,10:15 AM,ST. LAURENT BLVD @ COVENTRY RD/OGILVIE RD (0002151),2151,02 - Intersection related,03 - P.D. only,03 - Rear end,03 - Snow,01 - Daylight,03 - Loose snow,01 - Traffic signal,01 - Functioning,2,0,0,0,,0,,,,,372306.6834,5031950.129,45.42422781,-75.63734951,6525
15--2483,2015/02/06,10:25 AM,MCARTHUR AVE @ VANIER PKWY (0004626),4626,03 - At intersection,03 - P.D. only,02 - Angle,01 - Clear,01 - Daylight,04 - Slush,01 - Traffic signal,01 - Functioning,2,0,0,0,,0,,,,,370219.6689,5032689.14,45.43107542,-75.66391786,6526
15--2484,2015/02/06,10:32 PM,ALBION RD btwn BANK ST & DES MESANGES DR (__3ZBORZ),__3ZBORZ,04 - At/near private drive,03 - P.D. only,02 - Angle,01 - Clear,07 - Dark,02 - Wet,10 - No control,,2,0,0,0,,0,,,,,371954.97,5024107.217,45.35369427,-75.64291071,6527
15--2485,2015/02/06,10:38 PM,HWY417 IC118 RAMP52 btwn HWY417 IC118 RAMP57 & HWY417 IC118 RAMP62 (__6KCF0O),__6KCF0O,01 - Non intersection,03 - P.D. only,07 - SMV other,01 - Clear,07 - Dark,03 - Loose snow,10 - No control,,1,0,0,0,,0,,,,,369338.8976,5030884.354,45.41491847,-75.67540964,6528
15--2486,2015/02/06,10:50 AM,HIGHWAY 417 btwn HWY417 IC124 RAMP76 & HWY417 IC124 RAMP67 (__3ZA2R7),__3ZA2R7,01 - Non intersection,02 - Non-fatal injury,07 - SMV other,01 - Clear,01 - Daylight,02 - Wet,10 - No control,,1,0,0,0,02 - Minor,1,,1,,,364339.329,5027415.425,45.38414901,-75.73970019,6529
15--2487,2015/02/06,11:16 AM,HIGHWAY 417 btwn HWY417 IC123 RAMP62 & HWY417 IC122 RAMP16 (__3ZA2R9),__3ZA2R9,01 - Non intersection,03 - P.D. only,03 - Rear end,01 - Clear,01 - Daylight,04 - Slush,10 - No control,,2,0,0,0,,0,,,,,364828.4336,5028169.394,45.39089133,-75.73336332,6530
15--2488,2015/02/06,11:19 AM,BANK ST @ QUEENSDALE AVE (0009260),9260,02 - Intersection related,03 - P.D. only,04 - Sideswipe,01 - Clear,01 - Daylight,02 - Wet,01 - Traffic signal,01 - Functioning,2,0,0,0,,0,,,,,373337.7068,5023445.995,45.34761106,-75.62535673,6531
15--2489,2015/02/06,11:20 AM,RIDEAU ST btwn KING EDWARD AVE & NELSON ST (__3ZA3VG),__3ZA3VG,01 - Non intersection,03 - P.D. only,04 - Sideswipe,03 - Snow,01 - Daylight,04 - Slush,10 - No control,,2,0,0,0,,0,,,,,368521.3458,5032420.818,45.42881796,-75.68565541,6532
15--249,2015/01/05,8:53 PM,PERCY ST @ GLOUCESTER ST (0005123),5123,03 - At intersection,03 - P.D. only,02 - Angle,03 - Snow,07 - Dark,05 - Packed snow,02 - Stop sign,01 - Functioning,2,0,0,0,,0,,,,,366941.6974,5030856.087,45.41488113,-75.70603836,6533
15--2490,2015/02/06,11:20 AM,HIGHWAY 417 btwn HWY417 IC121B RAMP16 & HWY417 IC121A RAMP16 (__3ZA2YX),__3ZA2YX,01 - Non intersection,02 - Non-fatal injury,03 - Rear end,01 - Clear,01 - Daylight,03 - Loose snow,10 - No control,,3,0,0,0,02 - Minor,2,,2,,,366770.5138,5029589.569,45.40350053,-75.70838451,6534
15--2491,2015/02/06,11:49 AM,BRADBURY CRT @ MARCHURST RD (0014978),14978,03 - At intersection,02 - Non-fatal injury,02 - Angle,01 - Clear,01 - Daylight,03 - Loose snow,02 - Stop sign,01 - Functioning,2,0,0,0,01 - Minimal,1,1,,,,344332.8549,5025250.727,45.36608528,-75.99533781,6535
15--2492,2015/02/06,Unknown,PAUL METIVIER DR btwn HAILEYBURY ST/ LEAMINGTON WAY & TEMAGAMI DR (__61W6Q2),__61W6Q2,01 - Non intersection,03 - P.D. only,06 - SMV unattended vehicle,03 - Snow,00 - Unknown,03 - Loose snow,10 - No control,,1,0,0,0,,0,,,,,365234.359,5014371.888,45.26670798,-75.72986396,6536
15--2493,2015/02/06,12:25 PM,HUNTMAR DR btwn CORIOLIS CRT & HAZELDEAN RD (__5UA3M7),__5UA3M7,04 - At/near private drive,03 - P.D. only,02 - Angle,01 - Clear,01 - Daylight,01 - Dry,10 - No control,,2,0,0,0,,0,,,,,350873.7092,5016156.882,45.28385726,-75.91268989,6537
15--2494,2015/02/06,12:55 PM,ST. LAURENT BLVD @ COVENTRY RD/OGILVIE RD (0002151),2151,02 - Intersection related,03 - P.D. only,03 - Rear end,01 - Clear,01 - Daylight,03 - Loose snow,01 - Traffic signal,01 - Functioning,2,0,0,0,,0,,,,,372306.6834,5031950.129,45.42422781,-75.63734951,6538
15--2495,2015/02/06,2:50 PM,SILVER ST @ TRENTON AVE (0003059),3059,03 - At intersection,03 - P.D. only,02 - Angle,03 - Snow,01 - Daylight,04 - Slush,02 - Stop sign,01 - Functioning,2,0,0,0,,0,,,,,365251.2515,5026586.862,45.37661565,-75.72815771,6539
15--2496,2015/02/06,3:30 PM,O'CONNOR ST btwn NEPEAN ST & LISGAR ST (__3ZBOEU),__3ZBOEU,01 - Non intersection,03 - P.D. only,06 - SMV unattended vehicle,01 - Clear,01 - Daylight,01 - Dry,10 - No control,,1,0,0,0,,0,,,,,367735.1677,5031203.934,45.41794003,-75.69585705,6540
15--2497,2015/02/06,4:06 PM,ROBERTSON RD btwn MOODIE DR & VANIER RD (__3ZBOCN),__3ZBOCN,01 - Non intersection,03 - P.D. only,03 - Rear end,01 - Clear,01 - Daylight,02 - Wet,10 - No control,,3,0,0,0,,0,,,,,357325.9292,5020607.285,45.32345004,-75.82997598,6541
15--2498,2015/02/06,4:08 PM,CARP RD btwn HWY417 IC144 RAMP25 & WESTBROOK RD (__3ZA3D3),__3ZA3D3,01 - Non intersection,02 - Non-fatal injury,03 - Rear end,03 - Snow,01 - Daylight,02 - Wet,10 - No control,,2,0,0,0,01 - Minimal,2,2,,,,347657.0549,5015530.074,45.27842049,-75.95374537,6542
15--2499,2015/02/06,4:08 PM,CHECKERS RD btwn CALDER AVE & FIELD ST (__3ZBOMJ),__3ZBOMJ,01 - Non intersection,03 - P.D. only,06 - SMV unattended vehicle,03 - Snow,01 - Daylight,05 - Packed snow,10 - No control,,1,0,0,0,,0,,,,,362507.082,5024146.618,45.35488996,-75.76347732,6543
15--25,2015/01/02,10:30 AM,MITCH OWENS RD @ STAGECOACH RD (0003576),3576,02 - Intersection related,03 - P.D. only,03 - Rear end,01 - Clear,01 - Daylight,01 - Dry,01 - Traffic signal,01 - Functioning,2,0,0,0,,0,,,,,375399.9957,5014485.302,45.26678153,-75.60031848,6544