Anom_ID,Accident_Date,Accident_Time,Location,Geo_ID,Accident_Location,Classification_of_Accident,Initial_Impact_Type,Environment_Condition,Light,Road_Surface_Condition,Traffic_Control,Traffic_Control_Condition,No__of_Vehicles,No__of_Bicycles,No__of_Motorcycles,No__of_Pedestrians,Max_Injury,No__of_Injuries,No__of_Minimal,No__of_Minor,No__of_Major,No__of_Fatal,X,Y,Latitude,Longitude,ObjectId
15--250,2015/01/05,9:00 AM,HIGHWAY 416 btwn HWY416 IC57 RAMP53 & HWY416 IC49 RAMP34 (__3ZAZJC),__3ZAZJC,01 - Non intersection,03 - P.D. only,03 - Rear end,01 - Clear,01 - Daylight,02 - Wet,10 - No control,,2,0,0,0,,0,,,,,368813.5966,5002327.767,45.15801859,-75.68580487,6545
15--2500,2015/02/06,4:23 PM,MALOJA WAY btwn GALES LANE & MILBANK LANE (__7JQ6EW),__7JQ6EW,04 - At/near private drive,03 - P.D. only,06 - SMV unattended vehicle,01 - Clear,01 - Daylight,04 - Slush,10 - No control,,1,0,0,0,,0,,,,,349682.357,5016563.703,45.28759505,-75.92783871,6546
15--2501,2015/02/06,4:35 PM,HIGHWAY 417 btwn HWY417 IC124 RAMP76 & HWY417 IC124 RAMP67 (__3ZA2R7),__3ZA2R7,01 - Non intersection,03 - P.D. only,03 - Rear end,03 - Snow,01 - Daylight,02 - Wet,10 - No control,,2,0,0,0,,0,,,,,364134.9968,5027155.497,45.38182755,-75.74234046,6547
15--2502,2015/02/06,4:45 PM,HAWTHORNE AVE @ MAIN ST (0006919),6919,03 - At intersection,03 - P.D. only,05 - Turning movement,01 - Clear,01 - Daylight,04 - Slush,01 - Traffic signal,01 - Functioning,2,0,0,0,,0,,,,,368971.2688,5030633.137,45.41269192,-75.68013893,6548
15--2503,2015/02/06,5:00 PM,BAY ST @ SLATER ST (0005127),5127,02 - Intersection related,03 - P.D. only,05 - Turning movement,01 - Clear,01 - Daylight,04 - Slush,01 - Traffic signal,01 - Functioning,2,0,0,0,,0,,,,,366983.5029,5031080.053,45.41689259,-75.70547601,6549
15--2504,2015/02/06,5:00 PM,LOSINO CRES btwn WESTPHALIAN AVE E & WESTPHALIAN AVE W (e___1GEK),e___1GEK,01 - Non intersection,03 - P.D. only,06 - SMV unattended vehicle,03 - Snow,05 - Dusk,03 - Loose snow,10 - No control,,1,0,0,0,,0,,,,,353292.397,5015686.634,45.27946315,-75.88190614,6550
15--2505,2015/02/06,5:18 PM,ST. LAURENT BLVD btwn FOLEY AVE & WALKLEY RD (__3ZA73H),__3ZA73H,04 - At/near private drive,03 - P.D. only,02 - Angle,03 - Snow,01 - Daylight,04 - Slush,10 - No control,,2,0,0,0,,0,,,,,373892.1477,5028064.686,45.38911368,-75.61763614,6551
15--2506,2015/02/06,5:25 PM,BLAIR RD @ INNES RD (0004165),4165,02 - Intersection related,03 - P.D. only,03 - Rear end,01 - Clear,07 - Dark,01 - Dry,01 - Traffic signal,01 - Functioning,2,0,0,0,,0,,,,,375578.7349,5031441.001,45.41932354,-75.59561507,6552
15--2507,2015/02/06,5:35 PM,HIGHWAY 417 btwn TRANSIT & HWY417 IC127 RAMP16 (__3ZA2SJ),__3ZA2SJ,01 - Non intersection,03 - P.D. only,03 - Rear end,03 - Snow,07 - Dark,02 - Wet,10 - No control,,2,0,0,0,,0,,,,,361802.5425,5024605.944,45.35908057,-75.77241574,6553
15--2508,2015/02/06,5:49 PM,BANK ST @ FIFTH AVE (0007247),7247,02 - Intersection related,03 - P.D. only,04 - Sideswipe,01 - Clear,05 - Dusk,04 - Slush,01 - Traffic signal,01 - Functioning,2,0,0,0,,0,,,,,368398.7134,5029399.113,45.40164084,-75.68761241,6554
15--2509,2015/02/06,6:00 PM,RIDEAU VALLEY DR    S btwn KARS RECTORY ST & WASHINGTON ST (__3ZBODE),__3ZBODE,01 - Non intersection,03 - P.D. only,06 - SMV unattended vehicle,01 - Clear,07 - Dark,02 - Wet,10 - No control,,1,0,0,0,,0,,,,,371840.5445,5001519.97,45.1504691,-75.6474174,6555
15--251,2015/01/05,9:12 AM,BANK ST @ THORNTON AVE (0007244),7244,02 - Intersection related,03 - P.D. only,04 - Sideswipe,01 - Clear,01 - Daylight,03 - Loose snow,02 - Stop sign,01 - Functioning,2,0,0,0,,0,,,,,368432.6789,5029322.006,45.40094397,-75.68718854,6556
15--2510,2015/02/06,6:18 PM,GREENBANK RD @ BERRIGAN DR/WESSEX RD (0004726),4726,02 - Intersection related,03 - P.D. only,03 - Rear end,01 - Clear,07 - Dark,02 - Wet,01 - Traffic signal,01 - Functioning,2,0,0,0,,0,,,,,363724.6456,5015274.979,45.27496211,-75.74899392,6557
15--2511,2015/02/06,6:49 PM,BOOTH ST @ WILLOW ST (0005748),5748,03 - At intersection,03 - P.D. only,02 - Angle,01 - Clear,07 - Dark,04 - Slush,01 - Traffic signal,01 - Functioning,2,0,0,0,,0,,,,,366710.695,5029982.093,45.40703765,-75.70909928,6558
15--2512,2015/02/06,6:50 AM,FINDLAY CREEK DR @ BANK ST (0012407),12407,02 - Intersection related,03 - P.D. only,03 - Rear end,03 - Snow,03 - Dawn,03 - Loose snow,01 - Traffic signal,01 - Functioning,2,0,0,0,,0,,,,,375846.5095,5020459.483,45.32049007,-75.59377333,6559
15--2513,2015/02/06,6:50 AM,HWY417 IC117 RAMP26 btwn HIGHWAY 417 & VANIER PKWY (__3ZAY6W),__3ZAY6W,01 - Non intersection,03 - P.D. only,07 - SMV other,03 - Snow,03 - Dawn,03 - Loose snow,10 - No control,,1,0,0,0,,0,,,,,370847.5655,5031234.68,45.41792979,-75.65608906,6560
15--2514,2015/02/06,6:55 AM,MONTREAL RD @ DUCHARME BLVD/CANTIN ST (0009319),9319,02 - Intersection related,03 - P.D. only,03 - Rear end,03 - Snow,03 - Dawn,03 - Loose snow,01 - Traffic signal,01 - Functioning,2,0,0,0,,0,,,,,371016.7393,5033565.108,45.43888197,-75.65361437,6561
15--2515,2015/02/06,7:06 PM,WOODROFFE AVE btwn HWY417 IC127 RAMP53 & IRIS ST (__3ZA4L2),__3ZA4L2,04 - At/near private drive,03 - P.D. only,03 - Rear end,01 - Clear,07 - Dark,02 - Wet,10 - No control,,2,0,0,0,,0,,,,,362212.9342,5024611.642,45.35909836,-75.76717724,6562
15--2516,2015/02/06,7:15 AM,LAVERENDRYE DR @ OGILVIE RD (0009436),9436,02 - Intersection related,03 - P.D. only,04 - Sideswipe,01 - Clear,01 - Daylight,05 - Packed snow,02 - Stop sign,01 - Functioning,2,0,0,0,,0,,,,,375411.1522,5035189.932,45.45307118,-75.59721838,6563
15--2517,2015/02/06,7:27 AM,CONOVER ST @ KNOXDALE RD (0000532),532,03 - At intersection,03 - P.D. only,02 - Angle,01 - Clear,01 - Daylight,03 - Loose snow,02 - Stop sign,01 - Functioning,2,0,0,0,,0,,,,,361983.6823,5021004.042,45.32665608,-75.77052021,6564
15--2518,2015/02/06,7:27 PM,HAZELDEAN RD btwn ROWAN RD & BRADLEY GREEN CRT (__3ZA3EP),__3ZA3EP,01 - Non intersection,03 - P.D. only,03 - Rear end,03 - Snow,07 - Dark,03 - Loose snow,10 - No control,,2,0,0,0,,0,,,,,350375.7882,5015569.497,45.27860425,-75.91909059,6565
15--2519,2015/02/06,7:29 AM,BANK ST @ JOHNSTON RD (0006967),6967,03 - At intersection,03 - P.D. only,02 - Angle,03 - Snow,01 - Daylight,05 - Packed snow,01 - Traffic signal,01 - Functioning,2,0,0,0,,0,,,,,370851.7305,5024839.046,45.36038382,-75.65689186,6566
15--252,2015/01/05,9:20 AM,FALLOWFIELD RD @ MOODIE DR (0010412),10412,02 - Intersection related,03 - P.D. only,05 - Turning movement,01 - Clear,01 - Daylight,02 - Wet,01 - Traffic signal,01 - Functioning,2,0,0,0,,0,,,,,359501.6559,5014634.967,45.26954442,-75.8028831,6567
15--2520,2015/02/06,7:40 AM,KING EDWARD AVE @ OSGOODE ST/THOMAS MORE PRIV (0007750),7750,02 - Intersection related,03 - P.D. only,03 - Rear end,03 - Snow,01 - Daylight,03 - Loose snow,01 - Traffic signal,01 - Functioning,2,0,0,0,,0,,,,,368848.7429,5031852.093,45.42367088,-75.68154573,6568
15--2521,2015/02/06,7:44 AM,HIGHWAY 417 btwn HWY417 IC118 RAMP57 & HWY417 IC118 RAMP35 (__3ZA2YQ),__3ZA2YQ,01 - Non intersection,03 - P.D. only,07 - SMV other,03 - Snow,01 - Daylight,03 - Loose snow,10 - No control,,1,0,0,0,,0,,,,,369369.2225,5030981.105,45.4157862,-75.67500955,6569
15--2522,2015/02/06,8:01 AM,STITTSVILLE MAIN ST btwn BEVERLY ST & WARNER COLPITTS LANE (__3ZA3DG),__3ZA3DG,01 - Non intersection,03 - P.D. only,03 - Rear end,03 - Snow,01 - Daylight,03 - Loose snow,10 - No control,,3,0,0,0,,0,,,,,349893.123,5013770.24,45.26244504,-75.92540573,6570
15--2523,2015/02/06,8:12 AM,IRIS ST @ PINECREST SC (0011628),11628,02 - Intersection related,03 - P.D. only,03 - Rear end,03 - Snow,01 - Daylight,05 - Packed snow,01 - Traffic signal,01 - Functioning,2,0,0,0,,0,,,,,360638.7391,5023381.563,45.34815729,-75.78740772,6571
15--2524,2015/02/06,8:20 AM,THORNDALE DR @ WALKLEY RD (0007182),7182,03 - At intersection,02 - Non-fatal injury,02 - Angle,03 - Snow,01 - Daylight,03 - Loose snow,02 - Stop sign,01 - Functioning,2,0,0,0,02 - Minor,1,,1,,,369466.6881,5025430.079,45.36583089,-75.67449184,6572
15--2525,2015/02/06,8:21 PM,AIRPORT PKWY btwn AIRPORT PKWY/HUNT CLUB RAMP 42 & WALKLEY RD NB RAMP (__3ZAZP9),__3ZAZP9,01 - Non intersection,02 - Non-fatal injury,01 - Approaching,01 - Clear,07 - Dark,01 - Dry,10 - No control,,2,0,0,0,02 - Minor,1,,1,,,370467.2027,5024535.394,45.35768778,-75.66183993,6573
15--2526,2015/02/06,8:24 AM,RIVERSIDE DR btwn 175 S OF HUNT CLUB  RD & GL/OT BOUNDARY (__7JIWK3A),__7JIWK3A,01 - Non intersection,03 - P.D. only,03 - Rear end,01 - Clear,01 - Daylight,02 - Wet,10 - No control,,2,0,0,0,,0,,,,,368004.5745,5021645.9,45.33191505,-75.69363833,6574
15--2527,2015/02/06,8:28 AM,ROCHESTER ST btwn ADELINE ST & CARLING AVE (__3ZA4P6),__3ZA4P6,04 - At/near private drive,03 - P.D. only,05 - Turning movement,03 - Snow,01 - Daylight,06 - Ice,10 - No control,,2,0,0,0,,0,,,,,366971.0832,5029087.111,45.39896177,-75.70588601,6575
15--2528,2015/02/06,8:30 AM,BANK ST btwn QUEENSDALE AVE & LESTER RD (__3ZA2LF),__3ZA2LF,04 - At/near private drive,03 - P.D. only,03 - Rear end,01 - Clear,01 - Daylight,03 - Loose snow,10 - No control,,2,0,0,0,,0,,,,,373359.8754,5023425.754,45.34742677,-75.62507666,6576
15--2529,2015/02/06,8:38 AM,MERIVALE RD btwn CALDWELL AVE & CENTRAL PARK DR (__3ZA3GW),__3ZA3GW,04 - At/near private drive,02 - Non-fatal injury,02 - Angle,03 - Snow,01 - Daylight,03 - Loose snow,10 - No control,,2,0,0,0,01 - Minimal,1,1,,,,364937.8907,5026024.919,45.37158635,-75.73222677,6577
15--253,2015/01/05,9:34 AM,INSMILL CRES btwn CHELTONIA WAY & GOLDRIDGE DR S (__3ZA47T),__3ZA47T,04 - At/near private drive,03 - P.D. only,06 - SMV unattended vehicle,01 - Clear,01 - Daylight,04 - Slush,10 - No control,,1,0,0,0,,0,,,,,350002.709,5019246.501,45.31171513,-75.92351047,6578
15--2530,2015/02/06,8:38 PM,STRANDHERD DR btwn KENNEVALE DR & Continuation of STRANDHERD DR (__3ZAZYY),__3ZAZYY,01 - Non intersection,03 - P.D. only,07 - SMV other,05 - Drifting Snow,07 - Dark,06 - Ice,10 - No control,,1,0,0,0,,0,,,,,361508.2455,5014067.26,45.2642772,-75.77737798,6579
15--2531,2015/02/06,8:45 AM,LEGGET DR @ SCHNEIDER RD (0002531),2531,03 - At intersection,02 - Non-fatal injury,02 - Angle,03 - Snow,01 - Daylight,05 - Packed snow,02 - Stop sign,01 - Functioning,2,0,0,0,02 - Minor,1,,1,,,351492.3364,5022500.881,45.3409013,-75.90420672,6580
15--2532,2015/02/06,8:47 AM,SCOTT ST btwn TUNNEY'S PASTURE DRWY & PARKDALE AVE (__3ZA31N),__3ZA31N,04 - At/near private drive,03 - P.D. only,05 - Turning movement,01 - Clear,01 - Daylight,03 - Loose snow,10 - No control,,2,0,0,0,,0,,,,,364922.3162,5029708.181,45.40472895,-75.73197688,6581
15--2533,2015/02/06,8:50 AM,HIGHWAY 417 btwn HWY417 IC122 RAMP16 & HWY417 IC122 RAMP61 (__3ZA2RA),__3ZA2RA,01 - Non intersection,03 - P.D. only,07 - SMV other,03 - Snow,01 - Daylight,06 - Ice,10 - No control,,1,0,0,0,,0,,,,,365171.3552,5028758.912,45.39616621,-75.72891205,6582
15--2534,2015/02/06,9:00 AM,HIGHWAY 417 btwn HIGHWAY 417 & HIGHWAY 417 (2) (__3ZA2UZ),__3ZA2UZ,01 - Non intersection,03 - P.D. only,04 - Sideswipe,03 - Snow,01 - Daylight,03 - Loose snow,10 - No control,,2,0,0,0,,0,,,,,375450.5586,5030033.292,45.4066707,-75.59745444,6583
15--2535,2015/02/06,9:21 AM,PRINCE OF WALES DR btwn FOREST HILL AVE & BASELINE RD/HERON RD (__3ZA3G6),__3ZA3G6,01 - Non intersection,03 - P.D. only,03 - Rear end,03 - Snow,01 - Daylight,03 - Loose snow,10 - No control,,2,0,0,0,,0,,,,,366847.4296,5026336.289,45.37422152,-75.7078111,6584
15--2536,2015/02/06,9:23 AM,LEES AVE / GRAHAM AVE @ MAIN ST (0002252),2252,02 - Intersection related,03 - P.D. only,04 - Sideswipe,03 - Snow,01 - Daylight,04 - Slush,01 - Traffic signal,01 - Functioning,2,0,0,0,,0,,,,,369001.5303,5030560.537,45.41203591,-75.6797618,6585
15--2537,2015/02/06,9:26 AM,TREMBLAY RD btwn AVENUE O & AVENUE P (__3ZA3CZ),__3ZA3CZ,01 - Non intersection,03 - P.D. only,06 - SMV unattended vehicle,01 - Clear,01 - Daylight,04 - Slush,10 - No control,,1,0,0,0,,0,,,,,371732.1778,5031339.046,45.41878476,-75.64477316,6586
15--2538,2015/02/06,9:30 AM,BANK ST @ CATHERINE ST (0002708),2708,02 - Intersection related,03 - P.D. only,03 - Rear end,01 - Clear,01 - Daylight,01 - Dry,01 - Traffic signal,01 - Functioning,2,0,0,0,,0,,,,,368041.6331,5030266.126,45.4094743,-75.69206197,6587
15--2539,2015/02/06,9:32 AM,PRESTON ST @ TRANSITWAY (0016447),16447,02 - Intersection related,02 - Non-fatal injury,03 - Rear end,03 - Snow,01 - Daylight,06 - Ice,01 - Traffic signal,01 - Functioning,2,0,0,0,02 - Minor,1,,1,,,366119.46,5030624.848,45.41287304,-75.71657156,6588
15--254,2015/01/05,9:47 PM,SLATER ST btwn BANK ST & O'CONNOR ST (__3ZA35K),__3ZA35K,01 - Non intersection,03 - P.D. only,04 - Sideswipe,03 - Snow,07 - Dark,02 - Wet,10 - No control,,2,0,0,0,,0,,,,,367441.7227,5031365.267,45.41941798,-75.69958561,6589
15--2540,2015/02/06,9:35 AM,BASELINE RD @ CLYDE AVE (0002343),2343,03 - At intersection,03 - P.D. only,02 - Angle,01 - Clear,01 - Daylight,03 - Loose snow,01 - Traffic signal,01 - Functioning,2,0,0,0,,0,,,,,364359.6672,5024890.031,45.36142418,-75.73974503,6590
15--2541,2015/02/06,9:35 AM,BRONSON AVE @ POWELL AVE (0007212),7212,03 - At intersection,03 - P.D. only,02 - Angle,03 - Snow,01 - Daylight,03 - Loose snow,01 - Traffic signal,01 - Functioning,2,0,0,0,,0,,,,,367387.8789,5029477.214,45.40243467,-75.70051327,6591
15--2025,2015/01/31,9:38 AM,SWEETNAM DR btwn ORCHARD DR & HARRY DOUGLAS DR (__3ZA2HY),__3ZA2HY,04 - At/near private drive,02 - Non-fatal injury,02 - Angle,01 - Clear,01 - Daylight,01 - Dry,10 - No control,,2,0,0,0,01 - Minimal,2,2,,,,350726.7933,5015203.375,45.27528692,-75.91465079,6592
15--2204,2015/02/02,8:27 AM,DRAPER AVE @ LISA AVE (0002913),2913,02 - Intersection related,03 - P.D. only,02 - Angle,03 - Snow,01 - Daylight,05 - Packed snow,02 - Stop sign,01 - Functioning,2,0,0,0,,0,,,,,360435.7474,5022883.017,45.34368751,-75.7900541,6593
15--229,2015/01/05,5:40 PM,WHITECLIFFS AVE btwn COOKS MILL CRES E & COOKS MILL CRES W (__78TO3Y),__78TO3Y,01 - Non intersection,03 - P.D. only,06 - SMV unattended vehicle,01 - Clear,07 - Dark,06 - Ice,10 - No control,,1,0,0,0,,0,,,,,370084.777,5016380.027,45.2843434,-75.66779562,6594
15--2651,2015/02/09,11:02 AM,GRAY CRES btwn BELLROCK DR & DRYSDALE ST (__4TZIM9),__4TZIM9,01 - Non intersection,03 - P.D. only,06 - SMV unattended vehicle,03 - Snow,01 - Daylight,03 - Loose snow,10 - No control,,1,0,0,0,,0,,,,,352073.7831,5019740.148,45.31602071,-75.89705151,6595
15--2026,2015/01/31,9:56 AM,IRIS ST @ PINECREST SC (0011628),11628,02 - Intersection related,03 - P.D. only,03 - Rear end,01 - Clear,01 - Daylight,04 - Slush,01 - Traffic signal,01 - Functioning,2,0,0,0,,0,,,,,360638.7391,5023382.527,45.34816596,-75.78740761,6596
15--2290,2015/02/03,9:27 PM,RUSSELL RD S @ ST. LAURENT BLVD (0007734),7734,03 - At intersection,02 - Non-fatal injury,02 - Angle,01 - Clear,07 - Dark,01 - Dry,01 - Traffic signal,01 - Functioning,2,0,0,0,02 - Minor,3,,3,,,373569.1583,5029261.335,45.39991237,-75.62159369,6597
15--2205,2015/02/02,8:27 AM,MERIVALE RD @ WEST HUNT CLUB RD (0000584),584,02 - Intersection related,03 - P.D. only,03 - Rear end,03 - Snow,01 - Daylight,03 - Loose snow,01 - Traffic signal,01 - Functioning,2,0,0,0,,0,,,,,365614.6229,5021942.98,45.33479932,-75.72408988,6598
15--2652,2015/02/09,11:06 AM,PETER MORAND CRES btwn ROGER GUINDON AVE & ROGER GUINDON AVE (__3ZAZAK),__3ZAZAK,01 - Non intersection,03 - P.D. only,06 - SMV unattended vehicle,03 - Snow,01 - Daylight,04 - Slush,10 - No control,,1,0,0,0,,0,,,,,372137.4108,5029587.578,45.40298694,-75.63983514,6599
15--2291,2015/02/03,9:39 AM,FALLOWFIELD RD btwn MERIVALE RD & WOODROFFE AVE (__3ZA3IN),__3ZA3IN,01 - Non intersection,02 - Non-fatal injury,01 - Approaching,01 - Clear,01 - Daylight,06 - Ice,10 - No control,,2,0,0,0,02 - Minor,1,,1,,,365656.4783,5018308.602,45.30209394,-75.72400243,6600
15--2027,2015/02/01,1:00 PM,TENTH LINE RD @ CHARLEMAGNE BLVD N/TOMPKINS AV (0009222),9222,02 - Intersection related,03 - P.D. only,03 - Rear end,01 - Clear,01 - Daylight,03 - Loose snow,01 - Traffic signal,01 - Functioning,2,0,0,0,,0,,,,,383182.966,5037976.436,45.47731318,-75.49742396,6601
15--2206,2015/02/02,8:30 AM,GLADSTONE AVE btwn PERCY ST & BAY ST (__3ZA3PR),__3ZA3PR,01 - Non intersection,03 - P.D. only,06 - SMV unattended vehicle,03 - Snow,01 - Daylight,03 - Loose snow,10 - No control,,1,0,0,0,,0,,,,,367399.7792,5030251.98,45.40940472,-75.70026291,6602
15--2653,2015/02/09,11:29 AM,CARLING AVE @ MELROSE AVE (0006992),6992,03 - At intersection,02 - Non-fatal injury,02 - Angle,03 - Snow,01 - Daylight,03 - Loose snow,02 - Stop sign,01 - Functioning,2,0,0,0,03 - Major,2,,1,1,,365970.4643,5028392.394,45.39279901,-75.71875189,6603
15--2292,2015/02/03,9:55 AM,COLONEL BY DR @ HOG'S BACK RD (0002635),2635,02 - Intersection related,03 - P.D. only,03 - Rear end,01 - Clear,01 - Daylight,02 - Wet,01 - Traffic signal,01 - Functioning,2,0,0,0,,0,,,,,367603.4301,5025873.177,45.36998721,-75.69821872,6604
15--2028,2015/02/01,1:01 PM,WOODROFFE AVE btwn ANTHONY AVE & SAVILLE ROW (__3ZA4NP),__3ZA4NP,01 - Non intersection,03 - P.D. only,99 - Other,01 - Clear,01 - Daylight,04 - Slush,10 - No control,,2,0,0,0,,0,,,,,361702.5682,5026373.962,45.37499718,-75.77348809,6605
15--2207,2015/02/02,8:30 AM,LEONARD AVE btwn AYLMER AVE & WOODBINE PL (__3ZBPMW),__3ZBPMW,04 - At/near private drive,03 - P.D. only,06 - SMV unattended vehicle,03 - Snow,01 - Daylight,03 - Loose snow,10 - No control,,1,0,0,0,,0,,,,,368301.596,5028448.832,45.39309932,-75.68897516,6606
15--2654,2015/02/09,11:55 AM,FOURTH AVE btwn LYON ST S & BANK ST (__3ZA92L),__3ZA92L,04 - At/near private drive,03 - P.D. only,02 - Angle,03 - Snow,01 - Daylight,03 - Loose snow,10 - No control,,2,0,0,0,,0,,,,,368345.1205,5029464.254,45.40223182,-75.68828853,6607
15--2293,2015/02/04,1:10 PM,CARSON'S RD @ DEN HAAG DR (0011527),11527,02 - Intersection related,03 - P.D. only,07 - SMV other,01 - Clear,01 - Daylight,03 - Loose snow,02 - Stop sign,01 - Functioning,1,0,0,0,,0,,,,,373029.7157,5033806.092,45.44085668,-75.62785395,6608
15--2029,2015/02/01,1:05 AM,GLADSTONE AVE @ METCALFE ST (0002709),2709,02 - Intersection related,03 - P.D. only,03 - Rear end,01 - Clear,07 - Dark,02 - Wet,01 - Traffic signal,01 - Functioning,2,0,0,0,,0,,,,,368231.4324,5030750.208,45.41381274,-75.68957515,6609
15--203,2015/01/05,12:19 PM,BANK ST btwn ALTA VISTA DR & ERIE AVE (__3ZA36X),__3ZA36X,04 - At/near private drive,02 - Non-fatal injury,03 - Rear end,01 - Clear,01 - Daylight,01 - Dry,10 - No control,,2,0,0,0,01 - Minimal,1,1,,,,370242.286,5026217.607,45.37284484,-75.6644876,6610
15--2030,2015/02/01,1:06 PM,ALBION RD @ WYLDEWOOD ST (0009604),9604,03 - At intersection,03 - P.D. only,02 - Angle,01 - Clear,01 - Daylight,01 - Dry,02 - Stop sign,01 - Functioning,2,0,0,0,,0,,,,,372292.7366,5023293.991,45.34634471,-75.63871132,6611
15--2031,2015/02/01,1:09 PM,MERIVALE RD @ WOODFIELD DR/ROYDON PL (0009776),9776,03 - At intersection,03 - P.D. only,02 - Angle,01 - Clear,01 - Daylight,02 - Wet,01 - Traffic signal,01 - Functioning,2,0,0,0,,0,,,,,365464.6288,5022297.053,45.3379982,-75.72596001,6612
15--2032,2015/02/01,1:26 PM,OLD TENTH LINE RD @ TENTH LINE RD (0009223),9223,02 - Intersection related,03 - P.D. only,03 - Rear end,01 - Clear,01 - Daylight,01 - Dry,01 - Traffic signal,01 - Functioning,2,0,0,0,,0,,,,,383042.0151,5038358.497,45.48076643,-75.49916569,6613
15--2033,2015/02/01,1:27 PM,YORK ST EB btwn CUMBERLAND ST & SPLIT (__3ZA82Y),__3ZA82Y,01 - Non intersection,02 - Non-fatal injury,03 - Rear end,01 - Clear,01 - Daylight,01 - Dry,10 - No control,,2,0,0,0,01 - Minimal,1,1,,,,368256.9661,5032518.076,45.42971709,-75.68902125,6614
15--2034,2015/02/01,1:31 PM,ISABELLA ST/HWY417 IC119AR75 @ METCALFE ST (0011380),11380,02 - Intersection related,03 - P.D. only,04 - Sideswipe,01 - Clear,01 - Daylight,01 - Dry,01 - Traffic signal,01 - Functioning,2,0,0,0,,0,,,,,368447.7426,5030399.083,45.41063379,-75.68685711,6615
15--2035,2015/02/01,1:32 PM,DON ST @ GREENVIEW AVE (0003027),3027,03 - At intersection,03 - P.D. only,02 - Angle,01 - Clear,01 - Daylight,01 - Dry,10 - No control,,2,0,0,0,,0,,,,,359812.5878,5025004.551,45.3628262,-75.79776934,6616
15--2036,2015/02/01,1:33 PM,ST. JOSEPH BLVD/OLD MONTREAL RD @ TRIM RD (0004118),4118,03 - At intersection,03 - P.D. only,02 - Angle,01 - Clear,01 - Daylight,06 - Ice,11 - Roundabout,01 - Functioning,2,0,0,0,,0,,,,,384679.9907,5039282.845,45.48889732,-75.47806644,6617
15--2037,2015/02/01,1:45 PM,FIFTH AVE btwn MORRIS ST & RALPH ST (__3ZA91W),__3ZA91W,01 - Non intersection,03 - P.D. only,06 - SMV unattended vehicle,01 - Clear,01 - Daylight,05 - Packed snow,10 - No control,,1,0,0,0,,0,,,,,368141.433,5029245.545,45.40028241,-75.69091822,6618
15--2038,2015/02/01,1:50 AM,COURTNEY RD N @ OLD COLONY RD N (0003923),3923,02 - Intersection related,03 - P.D. only,07 - SMV other,03 - Snow,07 - Dark,03 - Loose snow,02 - Stop sign,01 - Functioning,1,0,0,0,,0,,,,,353808.6248,5017202.995,45.29307193,-75.8751768,6619
15--2039,2015/02/01,1:54 PM,RIDEAU ST btwn KING EDWARD AVE & NELSON ST (__3ZA3VG),__3ZA3VG,04 - At/near private drive,03 - P.D. only,02 - Angle,01 - Clear,01 - Daylight,02 - Wet,10 - No control,,2,0,0,0,,0,,,,,368579.932,5032454.503,45.4291157,-75.6849024,6620
15--204,2015/01/05,12:49 PM,WALKLEY RD btwn SHEFFIELD RD & WALKLEY EXTENSION RD (__3ZA12T),__3ZA12T,01 - Non intersection,03 - P.D. only,07 - SMV other,03 - Snow,01 - Daylight,03 - Loose snow,10 - No control,,1,0,0,0,,0,,,,,375346.4098,5028835.141,45.39590087,-75.59895614,6621
15--2040,2015/02/01,10:13 PM,STONEHAVEN DR @ HARNESS LANE/BLUEMEADOW WAY (0004046),4046,02 - Intersection related,03 - P.D. only,02 - Angle,01 - Clear,07 - Dark,03 - Loose snow,01 - Traffic signal,01 - Functioning,2,0,0,0,,0,,,,,354570.4867,5016745.297,45.28889992,-75.86551015,6622
15--2041,2015/02/01,10:20 PM,BRONSON AVE @ CATHERINE ST/RAYMOND ST (0007198),7198,03 - At intersection,03 - P.D. only,05 - Turning movement,01 - Clear,07 - Dark,02 - Wet,01 - Traffic signal,01 - Functioning,2,0,0,0,,0,,,,,367252.7085,5029796.085,45.40531585,-75.70219936,6623
15--2042,2015/02/01,11:00 AM,BYRON AVE btwn BRIERWOOD AVE & GOLDEN AVE (__3ZA00J),__3ZA00J,01 - Non intersection,03 - P.D. only,04 - Sideswipe,01 - Clear,01 - Daylight,04 - Slush,10 - No control,,2,0,0,0,,0,,,,,362869.2657,5027968.431,45.38924828,-75.7584058,6624
15--2043,2015/02/01,11:14 AM,AVIATION PKWY @ MONTREAL RD (0008799),8799,02 - Intersection related,03 - P.D. only,03 - Rear end,01 - Clear,01 - Daylight,06 - Ice,01 - Traffic signal,01 - Functioning,2,0,0,0,,0,,,,,372146.7166,5034107.137,45.44365095,-75.6390984,6625
15--2044,2015/02/01,12:00 PM,BLAIR RD @ CLAVER ST (0009248),9248,02 - Intersection related,03 - P.D. only,03 - Rear end,01 - Clear,01 - Daylight,01 - Dry,02 - Stop sign,00 - Unknown,2,0,0,0,,0,,,,,374416.7283,5033436.023,45.43739027,-75.61017894,6626
15--2045,2015/02/01,12:30 PM,AVONMORE CRES btwn VERMONT AVE & VERMONT AVE (__3ZAZU6),__3ZAZU6,04 - At/near private drive,03 - P.D. only,06 - SMV unattended vehicle,01 - Clear,01 - Daylight,05 - Packed snow,10 - No control,,1,0,0,0,,0,,,,,366570.2624,5016480.568,45.2855657,-75.71257929,6627