Anom_ID,Accident_Date,Accident_Time,Location,Geo_ID,Accident_Location,Classification_of_Accident,Initial_Impact_Type,Environment_Condition,Light,Road_Surface_Condition,Traffic_Control,Traffic_Control_Condition,No__of_Vehicles,No__of_Bicycles,No__of_Motorcycles,No__of_Pedestrians,Max_Injury,No__of_Injuries,No__of_Minimal,No__of_Minor,No__of_Major,No__of_Fatal,X,Y,Latitude,Longitude,ObjectId
15--2046,2015/02/01,12:30 PM,TIMBERMILL ST btwn D'AOUST AVE & CHILLIWACK WAY (__3ZA8PK),__3ZA8PK,04 - At/near private drive,03 - P.D. only,02 - Angle,01 - Clear,01 - Daylight,04 - Slush,10 - No control,,2,0,0,0,,0,,,,,372468.3029,5023526.562,45.34842039,-75.63643932,6628
15--2047,2015/02/01,12:40 AM,EAGLESON RD @ HAZELDEAN RD/ROBERTSON RD (0002715),2715,02 - Intersection related,03 - P.D. only,03 - Rear end,01 - Clear,07 - Dark,02 - Wet,01 - Traffic signal,01 - Functioning,2,0,0,0,,0,,,,,353672.661,5018423.014,45.3040594,-75.87678989,6629
15--2048,2015/02/01,12:45 AM,WOODROFFE AVE btwn FIRESTATION & BASELINE RD (__3ZA34KB),__3ZA34KB,01 - Non intersection,03 - P.D. only,03 - Rear end,03 - Snow,07 - Dark,02 - Wet,10 - No control,,2,0,0,0,,0,,,,,362508.2444,5023871.228,45.35241193,-75.76349463,6630
15--2049,2015/02/01,2:00 PM,CHOMLEY CRES btwn MIMOSA AVE & PENHILL AVE (__3ZA969),__3ZA969,04 - At/near private drive,03 - P.D. only,02 - Angle,01 - Clear,01 - Daylight,05 - Packed snow,10 - No control,,2,0,0,0,,0,,,,,371495.0355,5030162.961,45.40822549,-75.64796206,6631
15--205,2015/01/05,2:02 PM,REGIONAL ROAD 174 btwn QUIGLEY HILL RD & REGIONAL ROAD 174 DIVIDED (__3ZA2Y5),__3ZA2Y5,01 - Non intersection,03 - P.D. only,99 - Other,01 - Clear,01 - Daylight,01 - Dry,10 - No control,,2,0,0,0,,0,,,,,384798.7653,5040753.993,45.50211964,-75.47630734,6632
15--2050,2015/02/01,2:05 PM,QUEEN MARY ST @ VANIER PKWY (0007648),7648,02 - Intersection related,03 - P.D. only,03 - Rear end,03 - Snow,01 - Daylight,04 - Slush,01 - Traffic signal,00 - Unknown,2,0,0,0,,0,,,,,370361.7828,5031957.103,45.42447554,-75.66219925,6633
15--2051,2015/02/01,2:30 PM,OTTAWA RIVER PKWY @ ISLAND PARK DR (0002127),2127,02 - Intersection related,03 - P.D. only,03 - Rear end,01 - Clear,01 - Daylight,00 - Unknown,01 - Traffic signal,01 - Functioning,2,0,0,0,,0,,,,,363297.7314,5029452.118,45.4025626,-75.75275846,6634
15--2052,2015/02/01,2:38 PM,CARLING AVE @ BROADVIEW AVE (0006707),6707,03 - At intersection,03 - P.D. only,02 - Angle,01 - Clear,01 - Daylight,01 - Dry,01 - Traffic signal,01 - Functioning,2,0,0,0,,0,,,,,363179.7227,5026636.132,45.37723464,-75.7545989,6635
15--2053,2015/02/01,3:45 PM,SPUR AVE btwn BRIDGESTONE DR & EQUESTRIAN DR (__3ZA1CM),__3ZA1CM,01 - Non intersection,03 - P.D. only,06 - SMV unattended vehicle,01 - Clear,01 - Daylight,04 - Slush,10 - No control,,1,0,0,0,,0,,,,,355212.9255,5015986.4,45.28202542,-75.85739776,6636
15--2054,2015/02/01,4:00 PM,PRINCE OF WALES DR @ MEADOWLANDS DR/HOG'S BACK (0001629),1629,02 - Intersection related,03 - P.D. only,03 - Rear end,01 - Clear,01 - Daylight,04 - Slush,01 - Traffic signal,00 - Unknown,2,0,0,0,,0,,,,,367370.955,5025692.995,45.36838677,-75.70120914,6637
15--2055,2015/02/01,4:05 PM,ALTA VISTA DR btwn CLONTARF AVE & RANDALL AVE (__3ZBOTF),__3ZBOTF,01 - Non intersection,03 - P.D. only,04 - Sideswipe,01 - Clear,01 - Daylight,01 - Dry,10 - No control,,2,0,0,0,,0,,,,,370405.83,5027386.301,45.38334506,-75.66224456,6638
15--2056,2015/02/01,4:20 PM,WOODPARK WAY btwn WOODFORD WAY & MASONBROOK ST (__3ZA5AR),__3ZA5AR,01 - Non intersection,03 - P.D. only,01 - Approaching,03 - Snow,01 - Daylight,06 - Ice,10 - No control,,2,0,0,0,,0,,,,,364928.6468,5016916.722,45.28963254,-75.73345113,6639
15--2057,2015/02/01,4:23 PM,WELLINGTON ST    W btwn HOLLAND AVE & HINTON AVE N (__3ZA4QR),__3ZA4QR,01 - Non intersection,03 - P.D. only,04 - Sideswipe,01 - Clear,01 - Daylight,05 - Packed snow,10 - No control,,2,0,0,0,,0,,,,,364986.2499,5029185.612,45.4000215,-75.73122402,6640
15--2058,2015/02/01,4:45 PM,ISLAND PARK DR @ RICHMOND RD (0002125),2125,02 - Intersection related,03 - P.D. only,03 - Rear end,01 - Clear,01 - Daylight,01 - Dry,01 - Traffic signal,01 - Functioning,2,0,0,0,,0,,,,,364130.1062,5028868.587,45.39724205,-75.74219695,6641
15--2059,2015/02/01,4:52 PM,CAMPEAU DR @ HERLIHEY WAY (0012766),12766,02 - Intersection related,03 - P.D. only,04 - Sideswipe,01 - Clear,05 - Dusk,01 - Dry,01 - Traffic signal,01 - Functioning,2,0,0,0,,0,,,,,350507.621,5019177.002,45.31105708,-75.91707786,6642
15--206,2015/01/05,2:06 PM,BASELINE RD @ MERIVALE RD (0002342),2342,02 - Intersection related,03 - P.D. only,07 - SMV other,03 - Snow,01 - Daylight,06 - Ice,01 - Traffic signal,01 - Functioning,1,0,0,0,,0,,,,,365054.6964,5025326.596,45.36529293,-75.73082083,6643
15--2060,2015/02/01,5:08 PM,ALBION RD @ HUNT CLUB RD (0006974),6974,03 - At intersection,02 - Non-fatal injury,05 - Turning movement,01 - Clear,07 - Dark,02 - Wet,01 - Traffic signal,01 - Functioning,2,0,0,0,01 - Minimal,1,1,,,,371867.7337,5024320.036,45.35561749,-75.6439951,6644
15--2061,2015/02/01,5:09 PM,WOODROFFE AVE btwn HWY417 IC127 RAMP63 & HWY417 IC127 RAMP35 (__3ZA25N),__3ZA25N,07 - Overpass or bridge,03 - P.D. only,03 - Rear end,01 - Clear,01 - Daylight,02 - Wet,10 - No control,,2,0,0,0,,0,,,,,362133.7712,5024816.626,45.36094926,-75.76816383,6645
15--2062,2015/02/01,5:48 PM,MARCH RD @ TERRY FOX DR (0003173),3173,03 - At intersection,03 - P.D. only,05 - Turning movement,01 - Clear,07 - Dark,01 - Dry,01 - Traffic signal,01 - Functioning,2,0,0,0,,0,,,,,349865.5725,5023399.991,45.34909808,-75.92488121,6646
15--2063,2015/02/01,5:53 PM,JEANNE D'ARC BLVD @ ORLEANS BLVD N (0003792),3792,02 - Intersection related,03 - P.D. only,03 - Rear end,01 - Clear,07 - Dark,01 - Dry,01 - Traffic signal,01 - Functioning,2,0,0,0,,0,,,,,380027.6935,5038106.992,45.47883489,-75.53775638,6647
15--2064,2015/02/01,6:07 PM,CARLING AVE @ ISLAND PARK DR (0010785),10785,03 - At intersection,03 - P.D. only,05 - Turning movement,01 - Clear,07 - Dark,01 - Dry,01 - Traffic signal,01 - Functioning,2,0,0,0,,0,,,,,365348.6995,5027998.989,45.38931327,-75.7267404,6648
15--2065,2015/02/01,6:17 PM,HUNT CLUB RD btwn NORTH BOWESVILLE RD & BILLY BISHOP PRIV (__5G43Y1),__5G43Y1,04 - At/near private drive,02 - Non-fatal injury,02 - Angle,01 - Clear,07 - Dark,02 - Wet,10 - No control,,2,0,0,0,03 - Major,4,2,,2,,368735.4913,5022355.616,45.33823471,-75.68422258,6649
15--2066,2015/02/01,6:50 PM,FALLOWFIELD RD @ WOODROFFE AVE (0010372),10372,02 - Intersection related,03 - P.D. only,03 - Rear end,01 - Clear,07 - Dark,01 - Dry,01 - Traffic signal,01 - Functioning,2,0,0,0,,0,,,,,365085.15,5017901.744,45.29848231,-75.73133641,6650
15--2067,2015/02/01,7:19 AM,KING EDWARD AVE @ MURRAY ST (0002713),2713,02 - Intersection related,03 - P.D. only,04 - Sideswipe,01 - Clear,01 - Daylight,01 - Dry,01 - Traffic signal,00 - Unknown,2,0,0,0,,0,,,,,368291.6998,5032751.172,45.43181125,-75.68854734,6651
15--2068,2015/02/01,8:05 PM,BASELINE RD btwn CLYDE AVE & 207 E OF CLYDE AVE (__3ZA4ISA),__3ZA4ISA,01 - Non intersection,03 - P.D. only,03 - Rear end,01 - Clear,07 - Dark,02 - Wet,10 - No control,,2,0,0,0,,0,,,,,364373.1611,5024899.67,45.36150976,-75.73957164,6652
15--2069,2015/02/01,9:06 AM,BANK ST @ RIVERSIDE DR N (0010778),10778,03 - At intersection,02 - Non-fatal injury,02 - Angle,01 - Clear,01 - Daylight,02 - Wet,01 - Traffic signal,01 - Functioning,2,0,0,0,02 - Minor,2,1,1,,,369227.6436,5027983.064,45.3888239,-75.67720997,6653
15--207,2015/01/05,2:08 PM,BOOTH ST @ SIR JOHN A. MACDONALD PKWY/WELLINGTON ST (0012252),12252,02 - Intersection related,03 - P.D. only,03 - Rear end,01 - Clear,01 - Daylight,02 - Wet,01 - Traffic signal,01 - Functioning,2,0,0,0,,0,,,,,366264.257,5031006.206,45.41629169,-75.71467422,6654
15--2070,2015/02/01,9:10 AM,EAGLESON RD @ KAKULU RD (0003188),3188,03 - At intersection,02 - Non-fatal injury,02 - Angle,01 - Clear,01 - Daylight,02 - Wet,01 - Traffic signal,01 - Functioning,2,0,0,0,02 - Minor,3,2,1,,,353381.6176,5019150.023,45.31062138,-75.8804297,6655
15--2071,2015/02/01,9:15 PM,MERIVALE RD/LOTTA AVE @ CLYDE AVE (0001112),1112,02 - Intersection related,03 - P.D. only,07 - SMV other,01 - Clear,07 - Dark,05 - Packed snow,01 - Traffic signal,01 - Functioning,1,0,0,0,,0,,,,,364522.6622,5024507.044,45.35796425,-75.73771092,6656
15--2072,2015/02/01,9:30 PM,UPPER DWYER HILL RD btwn HAMILTON SIDE RD & MCARTON RD (__3ZA4E9),__3ZA4E9,01 - Non intersection,03 - P.D. only,07 - SMV other,01 - Clear,07 - Dark,05 - Packed snow,10 - No control,,1,0,0,0,,0,,,,,338460.6513,5009425.588,45.22398927,-76.07137207,6657
15--2073,2015/02/01,9:35 AM,CHAPEL ST btwn RIDEAU ST & END (__3ZA7AF),__3ZA7AF,01 - Non intersection,03 - P.D. only,06 - SMV unattended vehicle,01 - Clear,01 - Daylight,05 - Packed snow,10 - No control,,1,0,0,0,,0,,,,,368866.6063,5032690.143,45.4312097,-75.68120847,6658
15--2074,2015/02/01,9:51 PM,MACLAREN ST btwn BRONSON AVE & PERCY ST (__3ZA0W6),__3ZA0W6,01 - Non intersection,03 - P.D. only,06 - SMV unattended vehicle,01 - Clear,07 - Dark,05 - Packed snow,10 - No control,,1,0,0,0,,0,,,,,367135.5699,5030482.516,45.4115026,-75.70360881,6659
15--2075,2015/02/01,9:58 AM,OLD TENTH LINE RD @ TENTH LINE RD (0009223),9223,03 - At intersection,03 - P.D. only,05 - Turning movement,01 - Clear,01 - Daylight,02 - Wet,01 - Traffic signal,01 - Functioning,2,0,0,0,,0,,,,,383039.7613,5038358.238,45.48076435,-75.49919455,6660
15--2076,2015/02/02,1:00 PM,BAYSHORE DR @ WOODRIDGE CRES S (0000360),360,02 - Intersection related,03 - P.D. only,03 - Rear end,03 - Snow,01 - Daylight,06 - Ice,01 - Traffic signal,01 - Functioning,2,0,0,0,,0,,,,,359236.5606,5023509.024,45.34941441,-75.80528641,6661
15--2077,2015/02/02,1:00 PM,BANK ST @ RIVERSIDE DR S (0002704),2704,03 - At intersection,03 - P.D. only,04 - Sideswipe,03 - Snow,01 - Daylight,03 - Loose snow,01 - Traffic signal,01 - Functioning,2,0,0,0,,0,,,,,369305.681,5027894.071,45.38801599,-75.67622511,6662
15--2078,2015/02/02,1:11 PM,BANNING RD btwn BRADLEY FARM CRT & DESMOND AVE (__3ZAB2D),__3ZAB2D,01 - Non intersection,03 - P.D. only,01 - Approaching,03 - Snow,01 - Daylight,02 - Wet,10 - No control,,2,0,0,0,,0,,,,,353129.8255,5017912.593,45.29950408,-75.88376132,6663
15--2079,2015/02/02,1:12 PM,ST. LAURENT BLVD btwn TO BE DETERMINED & DWELLINGHAM PRIV (__3ZA1L3),__3ZA1L3,04 - At/near private drive,03 - P.D. only,02 - Angle,03 - Snow,01 - Daylight,03 - Loose snow,10 - No control,,2,0,0,0,,0,,,,,373503.711,5029039.631,45.39792401,-75.62246045,6664
15--208,2015/01/05,2:09 PM,CARLING AVE @ MERIVALE RD (0002148),2148,02 - Intersection related,03 - P.D. only,03 - Rear end,01 - Clear,01 - Daylight,01 - Dry,01 - Traffic signal,01 - Functioning,2,0,0,0,,0,,,,,364893.7399,5027699.098,45.3866541,-75.73258662,6665
15--2080,2015/02/02,1:15 PM,PARKDALE AVE btwn INGLEWOOD PL & CARLING AVE (__3ZA4OR),__3ZA4OR,01 - Non intersection,03 - P.D. only,99 - Other,03 - Snow,01 - Daylight,05 - Packed snow,10 - No control,,2,0,0,0,,0,,,,,365578.3373,5028290.758,45.39191866,-75.72377206,6666
15--2081,2015/02/02,1:15 PM,HIGHWAY 416 btwn HWY416 IC66 RAMP62 & HWY416 IC72 RAMP24 (__3ZAZMZ),__3ZAZMZ,01 - Non intersection,03 - P.D. only,07 - SMV other,03 - Snow,01 - Daylight,03 - Loose snow,10 - No control,,1,0,0,0,,0,,,,,360213.1214,5017636.05,45.29649274,-75.79348177,6667
15--2082,2015/02/02,1:16 PM,PARKDALE AVE @ HWY 417 PARKDAL IC122R15/HWY 41 (0002363),2363,02 - Intersection related,03 - P.D. only,03 - Rear end,03 - Snow,01 - Daylight,06 - Ice,01 - Traffic signal,01 - Functioning,2,0,0,0,,0,,,,,365337.6621,5028845.073,45.39692711,-75.72677753,6668
15--2083,2015/02/02,1:16 PM,BANK ST btwn HERON RD & ANOKA ST (__3ZA360),__3ZA360,04 - At/near private drive,03 - P.D. only,02 - Angle,03 - Snow,01 - Daylight,06 - Ice,10 - No control,,2,0,0,0,,0,,,,,370004.3947,5026825.036,45.37833246,-75.66744428,6669
15--2084,2015/02/02,1:23 PM,RUSSELL RD S @ ST. LAURENT BLVD (0007734),7734,02 - Intersection related,03 - P.D. only,03 - Rear end,03 - Snow,01 - Daylight,03 - Loose snow,01 - Traffic signal,01 - Functioning,2,0,0,0,,0,,,,,373572.0933,5029262.433,45.39992196,-75.62155606,6670
15--2085,2015/02/02,1:30 PM,CYRVILLE RD btwn LABRIE AVE & STAR TOP RD (__3ZA3SO),__3ZA3SO,04 - At/near private drive,03 - P.D. only,05 - Turning movement,03 - Snow,01 - Daylight,05 - Packed snow,10 - No control,,2,0,0,0,,0,,,,,373587.8138,5031618.319,45.42111754,-75.62102653,6671
15--2086,2015/02/02,1:30 PM,RIVERSIDE DR @ HERON RD (0002236),2236,02 - Intersection related,03 - P.D. only,03 - Rear end,01 - Clear,01 - Daylight,06 - Ice,01 - Traffic signal,01 - Functioning,2,0,0,0,,0,,,,,368122.0688,5026644.811,45.3768835,-75.69149923,6672
15--2087,2015/02/02,1:50 PM,ST. LAURENT BLVD btwn COVENTRY RD & LEMIEUX ST (__3ZA2C9),__3ZA2C9,01 - Non intersection,03 - P.D. only,03 - Rear end,03 - Snow,01 - Daylight,06 - Ice,10 - No control,,2,0,0,0,,0,,,,,372328.852,5031892.297,45.42370532,-75.63707418,6673
15--2088,2015/02/02,1:50 PM,HIGHWAY 417 btwn HWY417 IC134 RAMP61 & HWY417 IC131 RAMP66 (__3ZA297),__3ZA297,01 - Non intersection,03 - P.D. only,07 - SMV other,01 - Clear,01 - Daylight,06 - Ice,10 - No control,,1,0,0,0,,0,,,,,357424.2032,5022695.474,45.34223238,-75.82850045,6674
15--2089,2015/02/02,1:54 PM,HARDING RD btwn CANTERBURY AVE & CROSS AVE (__3ZA7QE),__3ZA7QE,04 - At/near private drive,03 - P.D. only,03 - Rear end,03 - Snow,01 - Daylight,04 - Slush,10 - No control,,2,0,0,0,,0,,,,,372726.9406,5028032.614,45.38893909,-75.63251948,6675
15--209,2015/01/05,2:10 PM,INDUSTRIAL AVE @ RIVERSIDE DR (0011905),11905,02 - Intersection related,03 - P.D. only,04 - Sideswipe,01 - Clear,01 - Daylight,01 - Dry,01 - Traffic signal,00 - Unknown,2,0,0,0,,0,,,,,370684.7186,5030593.035,45.41217188,-75.65825536,6676
15--2090,2015/02/02,10:00 AM,HERON RD @ ALTA VISTA DR (0007188),7188,02 - Intersection related,02 - Non-fatal injury,03 - Rear end,03 - Snow,01 - Daylight,05 - Packed snow,01 - Traffic signal,01 - Functioning,2,0,0,0,01 - Minimal,2,2,,,,370491.7585,5026901.091,45.37897126,-75.66121197,6677
15--2091,2015/02/02,10:00 AM,HIGHWAY 417 btwn HWY417 IC122 RAMP16 & HWY417 IC122 RAMP61 (__3ZA2RA),__3ZA2RA,01 - Non intersection,03 - P.D. only,04 - Sideswipe,03 - Snow,01 - Daylight,03 - Loose snow,10 - No control,,2,0,0,0,,0,,,,,365329.478,5028893.208,45.39736092,-75.72687615,6678
15--2655,2015/02/09,12:26 PM,BARNSDALE RD W @ CEDARVIEW RD W (0001066),1066,02 - Intersection related,03 - P.D. only,03 - Rear end,01 - Clear,01 - Daylight,03 - Loose snow,02 - Stop sign,01 - Functioning,2,0,0,0,,0,,,,,363536.2011,5009760.301,45.22535647,-75.75204707,6679
15--2208,2015/02/02,8:50 AM,HIGHWAY 417 btwn HWY417 IC112 RAMP64 & HIGHWAY 417 (__3ZA2U1),__3ZA2U1,01 - Non intersection,02 - Non-fatal injury,07 - SMV other,03 - Snow,01 - Daylight,03 - Loose snow,10 - No control,,1,0,0,0,01 - Minimal,1,1,,,,374999.7114,5030696.163,45.41268023,-75.60311881,6680
15--2294,2015/02/04,1:15 PM,ALBION RD @ RIDEAU RD (0009356),9356,03 - At intersection,02 - Non-fatal injury,02 - Angle,03 - Snow,01 - Daylight,05 - Packed snow,01 - Traffic signal,02 - Not functioning,3,0,0,0,01 - Minimal,1,1,,,,375091.7883,5016675.905,45.28652276,-75.60393541,6681
15--2656,2015/02/09,12:30 PM,INNES RD btwn BANTREE ST & STAR TOP RD (__3ZA2XP),__3ZA2XP,01 - Non intersection,03 - P.D. only,04 - Sideswipe,01 - Clear,01 - Daylight,02 - Wet,10 - No control,,2,0,0,0,,0,,,,,374062.9065,5030614.03,45.41203458,-75.61509765,6682
15--2295,2015/02/04,1:20 PM,JARVIS DR @ RIVER RD (0008665),8665,02 - Intersection related,03 - P.D. only,03 - Rear end,03 - Snow,01 - Daylight,03 - Loose snow,02 - Stop sign,01 - Functioning,2,0,0,0,,0,,,,,368185.7595,5020112.036,45.31809728,-75.69152336,6683
15--2657,2015/02/09,2:25 PM,OTTAWA RIVER PKWY @ WOODROFFE AVE (0002637),2637,03 - At intersection,03 - P.D. only,05 - Turning movement,01 - Clear,01 - Daylight,02 - Wet,02 - Stop sign,01 - Functioning,3,0,0,0,,0,,,,,361424.7539,5027003.019,45.38067988,-75.77696271,6684
15--2296,2015/02/04,1:27 PM,HOLLAND AVE @ ISLAND PARK DR/N.C.C. DRIVEWAY (0010787),10787,02 - Intersection related,03 - P.D. only,03 - Rear end,01 - Clear,01 - Daylight,03 - Loose snow,01 - Traffic signal,01 - Functioning,2,0,0,0,,0,,,,,365425.6976,5027918.017,45.38857804,-75.72576711,6685
15--2209,2015/02/02,8:50 AM,HIGHWAY 417 btwn HWY417 IC124 RAMP76 & HWY417 IC124 RAMP67 (__3ZA2R7),__3ZA2R7,01 - Non intersection,03 - P.D. only,07 - SMV other,03 - Snow,01 - Daylight,03 - Loose snow,10 - No control,,1,0,0,0,,0,,,,,364344.8935,5027426.742,45.38425036,-75.73962777,6686
15--2658,2015/02/09,2:31 PM,CATHERINE ST @ KENT ST (0002707),2707,03 - At intersection,03 - P.D. only,05 - Turning movement,01 - Clear,01 - Daylight,02 - Wet,01 - Traffic signal,01 - Functioning,2,0,0,0,,0,,,,,367907.7075,5030188.082,45.40878417,-75.69378275,6687
15--221,2015/01/05,4:11 PM,BOURCIER DR W @ TOMPKINS AVE (0004397),4397,02 - Intersection related,03 - P.D. only,03 - Rear end,01 - Clear,05 - Dusk,02 - Wet,02 - Stop sign,01 - Functioning,2,0,0,0,,0,,,,,382407.9371,5037671.353,45.47465488,-75.50738384,6688
15--2297,2015/02/04,1:47 PM,RIVERSIDE DR @ BROOKFIELD RD/HOG'S BACK RD (0001627),1627,02 - Intersection related,03 - P.D. only,03 - Rear end,03 - Snow,01 - Daylight,06 - Ice,01 - Traffic signal,01 - Functioning,2,0,0,0,,0,,,,,368167.711,5026222.04,45.37307539,-75.69097078,6689
15--2659,2015/02/09,2:58 PM,RIVERSIDE DR @ PLEASANT PARK RD (0007296),7296,02 - Intersection related,02 - Non-fatal injury,99 - Other,03 - Snow,01 - Daylight,04 - Slush,01 - Traffic signal,01 - Functioning,2,0,0,0,01 - Minimal,1,1,,,,369561.251,5028414.532,45.39267534,-75.67289337,6690
15--2298,2015/02/04,10:00 AM,ALBERT ST @ PRESTON ST (0002217),2217,02 - Intersection related,02 - Non-fatal injury,03 - Rear end,03 - Snow,01 - Daylight,06 - Ice,01 - Traffic signal,01 - Functioning,2,0,0,0,01 - Minimal,1,1,,,,366158.6819,5030466.543,45.41144521,-75.71609021,6691
15--266,2015/01/06,10:20 AM,HIGHWAY 417 btwn HWY417 IC117 RAMP51 & HWY417 IC117 RAMP35 (__3ZA2YN),__3ZA2YN,01 - Non intersection,03 - P.D. only,07 - SMV other,01 - Clear,01 - Daylight,06 - Ice,10 - No control,,1,0,0,0,,0,,,,,370700.2731,5031170.421,45.4173655,-75.65797945,6692
15--2210,2015/02/02,8:54 AM,HIGHWAY 417 btwn HWY417 IC126 RAMP16 & HWY417 IC126 RAMP61 (__3ZA2RC),__3ZA2RC,01 - Non intersection,03 - P.D. only,04 - Sideswipe,03 - Snow,01 - Daylight,03 - Loose snow,10 - No control,,3,0,0,0,,0,,,,,363121.348,5025814.152,45.36984343,-75.75544123,6693
15--2299,2015/02/04,10:00 AM,GOULBOURN FORCED RD btwn TERRY FOX DR & KANATA ROCKERIES PRIV (__5UAEGG),__5UAEGG,01 - Non intersection,03 - P.D. only,07 - SMV other,03 - Snow,01 - Daylight,03 - Loose snow,10 - No control,,1,0,0,0,,0,,,,,349353.026,5022612.303,45.34204303,-75.93149287,6694
15--2660,2015/02/09,3:00 PM,WHITEWATER ST btwn GROVEMONT DR & ASHMORE DR (__44Z953),__44Z953,01 - Non intersection,03 - P.D. only,07 - SMV other,01 - Clear,01 - Daylight,05 - Packed snow,10 - No control,,1,0,0,0,,0,,,,,366865.3675,5014648.05,45.26905083,-75.7090469,6695
15--23,2015/01/02,1:57 PM,WOODROFFE AVE @ DEERFOX DR/STONEWAY DR (0004601),4601,03 - At intersection,03 - P.D. only,02 - Angle,01 - Clear,01 - Daylight,01 - Dry,01 - Traffic signal,01 - Functioning,2,0,0,0,,0,,,,,365886.662,5015939.957,45.28076105,-75.72135927,6696
15--2211,2015/02/02,8:55 AM,FALLOWFIELD RD btwn MERIVALE RD & WOODROFFE AVE (__3ZA3IN),__3ZA3IN,01 - Non intersection,03 - P.D. only,03 - Rear end,03 - Snow,01 - Daylight,03 - Loose snow,10 - No control,,2,0,0,0,,0,,,,,365659.0129,5018318.185,45.30217994,-75.72396894,6697
15--2661,2015/02/09,3:22 PM,INNES RD @ BEARBROOK RD/GLEN PARK DR E (0003630),3630,02 - Intersection related,03 - P.D. only,04 - Sideswipe,01 - Clear,01 - Daylight,04 - Slush,01 - Traffic signal,00 - Unknown,2,0,0,0,,0,,,,,377993.7697,5032841.125,45.43167247,-75.56455265,6698
15--230,2015/01/05,5:49 PM,PLACE D'ORLEANS DR btwn OR174 IC102 RAMP51 & ST. JOSEPH BLVD (3) (__3ZA1V5C),__3ZA1V5C,01 - Non intersection,03 - P.D. only,04 - Sideswipe,01 - Clear,07 - Dark,06 - Ice,10 - No control,,2,0,0,0,,0,,,,,381517.1537,5037794.991,45.4758657,-75.51875608,6699
15--2212,2015/02/02,8:55 AM,HIGHWAY 417 btwn HWY417 IC134 RAMP26 & HWY417 IC134 RAMP61 (__3ZAZEU),__3ZAZEU,01 - Non intersection,03 - P.D. only,07 - SMV other,03 - Snow,01 - Daylight,03 - Loose snow,10 - No control,,1,0,0,0,,0,,,,,356580.1998,5022385.559,45.33950654,-75.83930188,6700
15--2662,2015/02/09,3:23 PM,RICHMOND RD btwn ASSALY RD & REGINA LANE (__5DCTF8),__5DCTF8,04 - At/near private drive,03 - P.D. only,06 - SMV unattended vehicle,01 - Clear,01 - Daylight,02 - Wet,10 - No control,,1,0,0,0,,0,,,,,360775.4999,5025576.86,45.36789958,-75.78541397,6701
15--2300,2015/02/04,10:00 PM,QUINLAN RD btwn HAIG DR & RUTH ST (__3ZA77Z),__3ZA77Z,04 - At/near private drive,03 - P.D. only,06 - SMV unattended vehicle,03 - Snow,07 - Dark,04 - Slush,10 - No control,,1,0,0,0,,0,,,,,372513.2701,5029094.529,45.39851444,-75.63510217,6702
15--2301,2015/02/04,10:09 AM,RIVERSIDE DR @ HERON RD (0002236),2236,02 - Intersection related,03 - P.D. only,03 - Rear end,01 - Clear,01 - Daylight,02 - Wet,01 - Traffic signal,01 - Functioning,2,0,0,0,,0,,,,,368121.1049,5026647.703,45.37690961,-75.69151117,6703
15--2302,2015/02/04,10:11 AM,GOULBOURN FORCED RD btwn TERRY FOX DR & KANATA ROCKERIES PRIV (__5UAEGG),__5UAEGG,01 - Non intersection,03 - P.D. only,07 - SMV other,03 - Snow,01 - Daylight,04 - Slush,10 - No control,,1,0,0,0,,0,,,,,349355.3374,5022745.97,45.34324565,-75.93145133,6704
15--2303,2015/02/04,10:13 AM,LEES AVE btwn ROBINSON AVE & CHAPEL CRES (__3ZA5XC),__3ZA5XC,01 - Non intersection,03 - P.D. only,07 - SMV other,03 - Snow,01 - Daylight,03 - Loose snow,10 - No control,,1,0,0,0,,0,,,,,369591.0088,5031239.678,45.41809224,-75.67214213,6705
15--2304,2015/02/04,10:15 AM,BASELINE RD @ FISHER AVE (0002346),2346,02 - Intersection related,03 - P.D. only,03 - Rear end,03 - Snow,01 - Daylight,03 - Loose snow,01 - Traffic signal,01 - Functioning,2,0,0,0,,0,,,,,366167.6575,5026029.015,45.3715166,-75.71652743,6706
15--2305,2015/02/04,10:23 AM,RIDEAU RD btwn BANK ST & DONCASTER RD (__3ZBO26),__3ZBO26,01 - Non intersection,03 - P.D. only,07 - SMV other,03 - Snow,01 - Daylight,04 - Slush,10 - No control,,1,0,0,0,,0,,,,,377001.0176,5017868.087,45.29705601,-75.57942655,6707
15--2306,2015/02/04,10:30 PM,HWY417 IC139 RAMP61 btwn KANATA AVE & HIGHWAY 417 (__4BCL4G),__4BCL4G,01 - Non intersection,03 - P.D. only,07 - SMV other,01 - Clear,07 - Dark,02 - Wet,10 - No control,,1,0,0,0,,0,,,,,351975.7237,5019495.862,45.31382917,-75.89832539,6708
15--2307,2015/02/04,10:31 PM,WOODROFFE AVE btwn HWY417 IC127 RAMP63 & HWY417 IC127 RAMP35 (__3ZA25N),__3ZA25N,01 - Non intersection,03 - P.D. only,99 - Other,03 - Snow,07 - Dark,04 - Slush,10 - No control,,2,0,0,0,,0,,,,,362116.4218,5024857.108,45.36131494,-75.76838057,6709
15--2308,2015/02/04,10:33 AM,BEECHWOOD AVE @ CHARLEVOIX ST/MACKAY ST (0002248),2248,02 - Intersection related,03 - P.D. only,03 - Rear end,03 - Snow,01 - Daylight,03 - Loose snow,01 - Traffic signal,01 - Functioning,2,0,0,0,,0,,,,,369185.871,5033591.869,45.43929376,-75.67701065,6710