Anom_ID,Accident_Date,Accident_Time,Location,Geo_ID,Accident_Location,Classification_of_Accident,Initial_Impact_Type,Environment_Condition,Light,Road_Surface_Condition,Traffic_Control,Traffic_Control_Condition,No__of_Vehicles,No__of_Bicycles,No__of_Motorcycles,No__of_Pedestrians,Max_Injury,No__of_Injuries,No__of_Minimal,No__of_Minor,No__of_Major,No__of_Fatal,X,Y,Latitude,Longitude,ObjectId
15--2309,2015/02/04,10:34 AM,SPRINGLAND DR btwn RIDGEWOOD AVE & HOBSON RD (__3ZBOQV),__3ZBOQV,04 - At/near private drive,03 - P.D. only,05 - Turning movement,03 - Snow,01 - Daylight,03 - Loose snow,10 - No control,,2,0,0,0,,0,,,,,368568.7126,5025729.564,45.36860785,-75.6859152,6711
15--231,2015/01/05,5:51 PM,CARLING AVE @ CLYDE AVE/COLE AVE (0006984),6984,02 - Intersection related,03 - P.D. only,04 - Sideswipe,01 - Clear,07 - Dark,02 - Wet,01 - Traffic signal,00 - Unknown,3,0,0,0,,0,,,,,363520.6906,5026850.06,45.37913104,-75.7502203,6712
15--2310,2015/02/04,10:37 AM,RENAUD RD @ NAVAN RD (0003685),3685,02 - Intersection related,03 - P.D. only,07 - SMV other,03 - Snow,01 - Daylight,03 - Loose snow,01 - Traffic signal,01 - Functioning,1,0,0,0,,0,,,,,381816.7611,5032737.031,45.43032535,-75.51571655,6713
15--2311,2015/02/04,10:45 AM,HIGHWAY 417 btwn HWY417 IC112 RAMP56 & HWY417 IC112 RAMP64 (__3ZAZE7),__3ZAZE7,01 - Non intersection,03 - P.D. only,04 - Sideswipe,03 - Snow,01 - Daylight,04 - Slush,10 - No control,,2,0,0,0,,0,,,,,374629.1475,5030773.733,45.41341524,-75.60784162,6714
15--2312,2015/02/04,11:14 AM,TYRRELL PL @ MOODIE DR (0010386),10386,02 - Intersection related,03 - P.D. only,03 - Rear end,03 - Snow,01 - Daylight,04 - Slush,01 - Traffic signal,01 - Functioning,2,0,0,0,,0,,,,,357328.5761,5019853.995,45.31667166,-75.83002211,6715
15--2313,2015/02/04,11:25 AM,HWY417 IC131 RAMP53 btwn HIGHWAY 417 & HWY417 IC131 RAMP63 (__3ZAY4R),__3ZAY4R,01 - Non intersection,03 - P.D. only,07 - SMV other,03 - Snow,01 - Daylight,04 - Slush,10 - No control,,1,0,0,0,,0,,,,,358034.6008,5022698.289,45.34221165,-75.82071185,6716
15--2314,2015/02/04,11:28 AM,FRASER FIELDS WAY @ STRANDHERD DR (0013567),13567,03 - At intersection,03 - P.D. only,02 - Angle,01 - Clear,01 - Daylight,04 - Slush,02 - Stop sign,01 - Functioning,2,0,0,0,,0,,,,,362949.5871,5013991.964,45.26348201,-75.75902158,6717
15--2315,2015/02/04,11:37 AM,LAPERRIERE AVE btwn CHURCHILL AVE S & MCBRIDE ST (__3ZA0ES),__3ZA0ES,01 - Non intersection,03 - P.D. only,06 - SMV unattended vehicle,03 - Snow,01 - Daylight,03 - Loose snow,10 - No control,,1,0,0,0,,0,,,,,363993.5345,5026628.022,45.37709339,-75.7442099,6718
15--2316,2015/02/04,11:43 AM,STONEWAY DR btwn MOUNTAIN ASH DR & REDPATH DR (__3ZACG7),__3ZACG7,01 - Non intersection,03 - P.D. only,04 - Sideswipe,03 - Snow,01 - Daylight,03 - Loose snow,10 - No control,,2,0,0,0,,0,,,,,366377.0029,5016719.052,45.28772851,-75.71501305,6719
15--2317,2015/02/04,11:47 AM,BANK ST btwn RIVERSIDE DR & BILLINGS TRANSIT (__3ZA3NMA),__3ZA3NMA,04 - At/near private drive,03 - P.D. only,04 - Sideswipe,03 - Snow,01 - Daylight,03 - Loose snow,10 - No control,,2,0,0,0,,0,,,,,369403.0574,5027788.058,45.38705314,-75.67499556,6720
15--2318,2015/02/04,11:50 AM,HINES RD btwn INNOVATION DR & SOLANDT RD (__3ZA1CU),__3ZA1CU,04 - At/near private drive,02 - Non-fatal injury,03 - Rear end,03 - Snow,01 - Daylight,03 - Loose snow,10 - No control,,3,0,0,0,02 - Minor,1,,1,,,350113.9345,5022798.601,45.34367064,-75.92176692,6721
15--2319,2015/02/04,Unknown,RIVERDALE AVE btwn ECHO DR & GLENVIEW AVE (__3ZA9MY),__3ZA9MY,01 - Non intersection,03 - P.D. only,06 - SMV unattended vehicle,03 - Snow,00 - Unknown,03 - Loose snow,10 - No control,,1,0,0,0,,0,,,,,369231.7491,5029260.08,45.40031369,-75.67699077,6722
15--232,2015/01/05,5:56 PM,HIGHWAY 417 btwn HWY417 IC117 RAMP26 & HWY417 IC117 RAMP61 (__3ZA2YM),__3ZA2YM,01 - Non intersection,03 - P.D. only,03 - Rear end,01 - Clear,07 - Dark,01 - Dry,10 - No control,,2,0,0,0,,0,,,,,370869.2261,5031235.402,45.41793424,-75.65581223,6723
15--2320,2015/02/04,Unknown,BERRIGAN DR btwn CROXLEY WAY & CLARIDGE DR (__4O3JPX),__4O3JPX,01 - Non intersection,03 - P.D. only,06 - SMV unattended vehicle,03 - Snow,00 - Unknown,03 - Loose snow,10 - No control,,1,0,0,0,,0,,,,,364541.0044,5015782.417,45.27945915,-75.73852911,6724
15--2321,2015/02/04,12:10 PM,PRESTWICK DR btwn SUMMERLANDS CRES & SUMMERLANDS CRES (__3ZA6RK),__3ZA6RK,04 - At/near private drive,03 - P.D. only,99 - Other,03 - Snow,01 - Daylight,08 - Loose sand or gravel,10 - No control,,2,0,0,0,,0,,,,,383588.6307,5036310.701,45.46228076,-75.49250308,6725
15--2322,2015/02/04,12:25 PM,INNES RD @ LANTHIER DR/PRESTWICK DR (0004251),4251,02 - Intersection related,03 - P.D. only,03 - Rear end,03 - Snow,01 - Daylight,03 - Loose snow,01 - Traffic signal,01 - Functioning,2,0,0,0,,0,,,,,383539.4886,5035989.328,45.45939487,-75.49318284,6726
15--2323,2015/02/04,12:30 PM,DONALD B. MUNRO DR/OLD CARP RD W @ MARCH RD (0010866),10866,03 - At intersection,03 - P.D. only,02 - Angle,03 - Snow,01 - Daylight,03 - Loose snow,02 - Stop sign,01 - Functioning,2,0,0,0,,0,,,,,343091.3242,5022593.903,45.3422472,-76.01139192,6727
15--2324,2015/02/04,12:37 PM,HUNT CLUB RD @ DOWNPATRICK RD/MCCARTHY RD (0006931),6931,02 - Intersection related,03 - P.D. only,03 - Rear end,03 - Snow,01 - Daylight,02 - Wet,01 - Traffic signal,01 - Functioning,2,0,0,0,,0,,,,,370508.6983,5023400.027,45.34746819,-75.66146123,6728
15--2325,2015/02/04,12:45 PM,KILBORN AVE @ UTAH ST (0008087),8087,03 - At intersection,03 - P.D. only,02 - Angle,03 - Snow,01 - Daylight,03 - Loose snow,02 - Stop sign,01 - Functioning,2,0,0,0,,0,,,,,369795.5035,5027684.435,45.38608447,-75.66999806,6729
15--2326,2015/02/04,12:53 PM,BAY ST @ QUEEN ST (0006360),6360,03 - At intersection,03 - P.D. only,04 - Sideswipe,03 - Snow,01 - Daylight,05 - Packed snow,01 - Traffic signal,01 - Functioning,2,0,0,0,,0,,,,,366898.733,5031213.065,45.41809692,-75.70654226,6730
15--2327,2015/02/04,12:53 PM,HUNTMAR DR btwn CAMPEAU DR & RICHARDSON SIDE RD (__3ZBN0Y),__3ZBN0Y,01 - Non intersection,03 - P.D. only,04 - Sideswipe,03 - Snow,01 - Daylight,04 - Slush,10 - No control,,2,0,0,0,,0,,,,,349044.0809,5018067.207,45.30116454,-75.93584094,6731
15--2328,2015/02/04,2:00 PM,ELGIN ST @ WELLINGTON ST W (0002113),2113,02 - Intersection related,03 - P.D. only,03 - Rear end,03 - Snow,01 - Daylight,03 - Loose snow,01 - Traffic signal,01 - Functioning,2,0,0,0,,0,,,,,367665.8696,5031878.073,45.42401194,-75.69665639,6732
15--2329,2015/02/04,2:12 PM,BANK ST @ HUNT CLUB RD (0002119),2119,02 - Intersection related,02 - Non-fatal injury,03 - Rear end,01 - Clear,01 - Daylight,04 - Slush,01 - Traffic signal,01 - Functioning,2,0,0,0,02 - Minor,1,,1,,,371608.2295,5024096.76,45.3536333,-75.64733702,6733
15--233,2015/01/05,6:15 PM,RICHMOND RD @ NORTHSIDE RD E (0010417),10417,02 - Intersection related,02 - Non-fatal injury,02 - Angle,01 - Clear,07 - Dark,06 - Ice,01 - Traffic signal,01 - Functioning,2,0,0,0,01 - Minimal,2,2,,,,358329.712,5021227.274,45.32895292,-75.81710554,6734
15--2330,2015/02/04,2:15 PM,COLONEL BY DR btwn CLEGG ST & ECHO DR S (__3ZBPHH),__3ZBPHH,01 - Non intersection,03 - P.D. only,03 - Rear end,03 - Snow,01 - Daylight,03 - Loose snow,10 - No control,,2,0,0,0,,0,,,,,369086.2176,5029083.879,45.39874167,-75.67887247,6735
15--2331,2015/02/04,2:16 PM,MALVERN DR btwn VENTNOR WAY & GREENBANK RD (__3ZABLI),__3ZABLI,01 - Non intersection,03 - P.D. only,99 - Other,03 - Snow,01 - Daylight,04 - Slush,10 - No control,,2,0,0,0,,0,,,,,363290.4816,5016183.349,45.28317189,-75.7544199,6736
15--2332,2015/02/04,2:16 PM,ARGYLE AVE @ O'CONNOR ST (0007254),7254,02 - Intersection related,03 - P.D. only,03 - Rear end,03 - Snow,01 - Daylight,03 - Loose snow,01 - Traffic signal,01 - Functioning,2,0,0,0,,0,,,,,368184.6269,5030485.792,45.41143785,-75.6902071,6737
15--2333,2015/02/04,2:17 PM,FALLOWFIELD RD btwn ORR ST & GREENBANK RD (__3ZA3HG),__3ZA3HG,04 - At/near private drive,03 - P.D. only,03 - Rear end,03 - Snow,01 - Daylight,02 - Wet,10 - No control,,2,0,0,0,,0,,,,,363044.0492,5016701.13,45.28785136,-75.75750014,6738
15--2334,2015/02/04,2:19 PM,AMIENS ST @ TENTH LINE RD (0004168),4168,02 - Intersection related,03 - P.D. only,03 - Rear end,03 - Snow,01 - Daylight,04 - Slush,01 - Traffic signal,01 - Functioning,2,0,0,0,,0,,,,,383354.6556,5037565.815,45.47359949,-75.49529392,6739
15--2335,2015/02/04,2:23 PM,ORANGEVILLE ST/HWY 417 ROCHEST IC121BR51 @ ROC (0006465),6465,02 - Intersection related,03 - P.D. only,03 - Rear end,03 - Snow,01 - Daylight,03 - Loose snow,01 - Traffic signal,01 - Functioning,2,0,0,0,,0,,,,,366778.0387,5029521.326,45.40288584,-75.70829697,6740
15--2336,2015/02/04,2:30 PM,MARCH RD @ SOLANDT RD (0003172),3172,02 - Intersection related,03 - P.D. only,03 - Rear end,03 - Snow,01 - Daylight,03 - Loose snow,01 - Traffic signal,01 - Functioning,2,0,0,0,,0,,,,,350488.6446,5022710.02,45.34284926,-75.91699382,6741
15--2337,2015/02/04,2:34 PM,VANIER PKWY NB btwn PRESLAND RD & COVENTRY RD (__3ZA4TMB),__3ZA4TMB,01 - Non intersection,03 - P.D. only,03 - Rear end,03 - Snow,01 - Daylight,03 - Loose snow,10 - No control,,2,0,0,0,,0,,,,,370661.9271,5031617.968,45.42139595,-75.65840953,6742
15--2338,2015/02/04,2:34 PM,BRONSON AVE @ FOURTH AVE (0007224),7224,03 - At intersection,03 - P.D. only,02 - Angle,03 - Snow,01 - Daylight,03 - Loose snow,02 - Stop sign,01 - Functioning,2,0,0,0,,0,,,,,367583.7135,5029008.115,45.39819632,-75.69807167,6743
15--2339,2015/02/04,2:40 PM,ALBERT ST btwn BRONSON AVE & BAY ST (__3ZA339),__3ZA339,01 - Non intersection,02 - Non-fatal injury,03 - Rear end,03 - Snow,01 - Daylight,03 - Loose snow,10 - No control,,2,0,0,0,01 - Minimal,1,1,,,,366920.5267,5031128.647,45.41733542,-75.70627446,6744
15--234,2015/01/05,6:30 PM,PRINCE OF WALES DR @ WEST HUNT CLUB RD (0000567),567,02 - Intersection related,03 - P.D. only,03 - Rear end,01 - Clear,07 - Dark,05 - Packed snow,01 - Traffic signal,01 - Functioning,2,0,0,0,,0,,,,,367459.6742,5021889.094,45.33415213,-75.70055868,6745
15--2340,2015/02/04,2:40 PM,MONTREAL RD btwn STE. ANNE ST & MONA AVE (__3ZA3LD),__3ZA3LD,01 - Non intersection,03 - P.D. only,03 - Rear end,03 - Snow,01 - Daylight,03 - Loose snow,10 - No control,,2,0,0,0,,0,,,,,370732.4685,5033430.395,45.43769675,-75.65726558,6746
15--2341,2015/02/04,2:45 PM,EAGLESON RD @ HAZELDEAN RD/ROBERTSON RD (0002715),2715,02 - Intersection related,03 - P.D. only,04 - Sideswipe,03 - Snow,01 - Daylight,06 - Ice,01 - Traffic signal,01 - Functioning,2,0,0,0,,0,,,,,353673.6249,5018423.014,45.30405934,-75.87677759,6747
15--2342,2015/02/04,2:57 PM,BEATRICE DR @ STRANDHERD DR (0005447),5447,02 - Intersection related,03 - P.D. only,04 - Sideswipe,03 - Snow,01 - Daylight,03 - Loose snow,01 - Traffic signal,01 - Functioning,2,0,0,0,,0,,,,,365525.196,5015322.24,45.27523417,-75.72604184,6748
15--2343,2015/02/04,2:57 PM,CATHERINE ST @ ELGIN ST (0002638),2638,02 - Intersection related,02 - Non-fatal injury,03 - Rear end,03 - Snow,01 - Daylight,03 - Loose snow,01 - Traffic signal,01 - Functioning,2,0,0,0,01 - Minimal,1,1,,,,368551.7457,5030577.09,45.41222597,-75.68550551,6749
15--2344,2015/02/04,3:00 PM,HERON RD @ BRIAR HILL DR/SANDALWOOD DR (0007190),7190,02 - Intersection related,03 - P.D. only,03 - Rear end,03 - Snow,01 - Daylight,04 - Slush,01 - Traffic signal,01 - Functioning,2,0,0,0,,0,,,,,371452.7278,5027011.092,45.37987024,-75.6489283,6750
15--2345,2015/02/04,3:06 PM,CAMPEAU DR @ HAWKSTONE GT (0008754),8754,03 - At intersection,03 - P.D. only,02 - Angle,02 - Rain,01 - Daylight,03 - Loose snow,01 - Traffic signal,01 - Functioning,2,0,0,0,,0,,,,,352308.6957,5020329.376,45.32130686,-75.89399899,6751
15--2346,2015/02/04,3:10 PM,RICHMOND RD btwn HIGHFIELD CRES & GRENON AVE (__3ZA4LZ),__3ZA4LZ,01 - Non intersection,03 - P.D. only,03 - Rear end,03 - Snow,01 - Daylight,04 - Slush,10 - No control,,2,0,0,0,,0,,,,,359797.9958,5024023.39,45.35399887,-75.79806476,6752
15--2347,2015/02/04,3:15 PM,CARLING AVE @ WESTGATE SC E (0008795),8795,03 - At intersection,03 - P.D. only,02 - Angle,03 - Snow,01 - Daylight,03 - Loose snow,01 - Traffic signal,01 - Functioning,2,0,0,0,,0,,,,,364801.2805,5027658.776,45.38629922,-75.73377215,6753
15--2348,2015/02/04,3:16 PM,OTTAWA RIVER PKWY @ PORTAGE BRIDGE (0009072),9072,02 - Intersection related,03 - P.D. only,03 - Rear end,03 - Snow,01 - Daylight,03 - Loose snow,01 - Traffic signal,01 - Functioning,2,0,0,0,,0,,,,,366515.2249,5031315.023,45.41904824,-75.71142924,6754
15--2349,2015/02/04,3:26 PM,ALBION RD btwn LESTER RD & LEITRIM RD (__3ZA3SQ),__3ZA3SQ,01 - Non intersection,03 - P.D. only,01 - Approaching,03 - Snow,01 - Daylight,04 - Slush,10 - No control,,2,0,0,0,,0,,,,,373091.7972,5021357.337,45.32884204,-75.6287828,6755
15--235,2015/01/05,6:49 PM,BASELINE RD @ LOBLAWS SC (0009097),9097,03 - At intersection,03 - P.D. only,05 - Turning movement,01 - Clear,07 - Dark,01 - Dry,01 - Traffic signal,01 - Functioning,3,0,0,0,,0,,,,,364744.5788,5025128.051,45.36353304,-75.73480335,6756
15--2350,2015/02/04,3:30 AM,COLONEL BY DR btwn HAWTHORNE AVE & MAIN ST (__3ZA218),__3ZA218,01 - Non intersection,03 - P.D. only,07 - SMV other,01 - Clear,07 - Dark,02 - Wet,10 - No control,,1,0,0,0,,0,,,,,368761.9271,5030551.109,45.41197302,-75.68282387,6757
15--2351,2015/02/04,3:30 PM,ELMSMERE RD @ MONTREAL RD (0012320),12320,02 - Intersection related,03 - P.D. only,03 - Rear end,03 - Snow,01 - Daylight,03 - Loose snow,01 - Traffic signal,01 - Functioning,2,0,0,0,,0,,,,,374929.6558,5034314.091,45.44523936,-75.60349853,6758
15--2352,2015/02/04,3:37 PM,GOLDEN AVE @ RICHMOND RD (0006932),6932,02 - Intersection related,03 - P.D. only,03 - Rear end,03 - Snow,01 - Daylight,03 - Loose snow,01 - Traffic signal,01 - Functioning,2,0,0,0,,0,,,,,362862.3282,5028026.365,45.38977014,-75.75848758,6759
15--2353,2015/02/04,3:55 PM,BRIDGE ST @ LONG ISLAND RD (0008838),8838,02 - Intersection related,03 - P.D. only,03 - Rear end,03 - Snow,01 - Daylight,03 - Loose snow,01 - Traffic signal,00 - Unknown,2,0,0,0,,0,,,,,369059.709,5010345.881,45.23014323,-75.68164142,6760
15--2354,2015/02/04,3:55 PM,DUNROBIN RD @ KERWIN RD (0008846),8846,02 - Intersection related,02 - Non-fatal injury,05 - Turning movement,03 - Snow,01 - Daylight,04 - Slush,02 - Stop sign,00 - Unknown,2,0,0,0,02 - Minor,2,,2,,,346290.6037,5027174.061,45.38327876,-75.97018535,6761
15--2355,2015/02/04,4:07 PM,ELGIN ST btwn MCLEOD ST & PARK AVE (__3ZBOEZ),__3ZBOEZ,01 - Non intersection,03 - P.D. only,04 - Sideswipe,03 - Snow,01 - Daylight,03 - Loose snow,10 - No control,,2,0,0,0,,0,,,,,368448.6458,5030745.828,45.4137536,-75.6868008,6762
15--2356,2015/02/04,4:10 PM,PADEN RD btwn HARNETT RD & MALAKOFF RD (__3ZAAZ4),__3ZAAZ4,04 - At/near private drive,03 - P.D. only,07 - SMV other,03 - Snow,01 - Daylight,05 - Packed snow,10 - No control,,1,0,0,0,,0,,,,,365429.2196,4989991.737,45.04731467,-75.73034007,6763
15--2357,2015/02/04,4:14 PM,MERIVALE RD @ CAPILANO DR/WITHROW AVE (0009820),9820,03 - At intersection,03 - P.D. only,07 - SMV other,01 - Clear,01 - Daylight,03 - Loose snow,01 - Traffic signal,01 - Functioning,1,0,0,0,,0,,,,,364640.5013,5024226.323,45.35542831,-75.73624096,6764
15--2358,2015/02/04,4:15 PM,PRINCE OF WALES DR btwn HARTWELL LOCKS/548 N OF RIDEAUVIEW TER & FAIRC (__3ZA30ZB),__3ZA30ZB,04 - At/near private drive,03 - P.D. only,02 - Angle,03 - Snow,01 - Daylight,04 - Slush,10 - No control,,2,0,0,0,,0,,,,,367109.2041,5027089.455,45.3809751,-75.70437419,6765
15--2359,2015/02/04,4:15 PM,PORTRUSH AVE btwn HORNCHURCH LANE & LONGFIELDS DR (__4VGUMJ),__4VGUMJ,04 - At/near private drive,03 - P.D. only,02 - Angle,01 - Clear,01 - Daylight,05 - Packed snow,10 - No control,,2,0,0,0,,0,,,,,364349.8378,5015307.205,45.27519941,-75.74102255,6766
15--236,2015/01/05,7:15 PM,ISABELLA ST btwn CHAMBERLAIN AVE & O'CONNOR ST (__3ZA3PM),__3ZA3PM,01 - Non intersection,03 - P.D. only,04 - Sideswipe,01 - Clear,07 - Dark,02 - Wet,10 - No control,,2,0,0,0,,0,,,,,368103.0458,5030193.939,45.40881923,-75.69128675,6767
15--2360,2015/02/04,4:21 PM,CONROY RD S @ DAVIDSON RD (0013695),13695,03 - At intersection,02 - Non-fatal injury,02 - Angle,03 - Snow,01 - Daylight,03 - Loose snow,02 - Stop sign,01 - Functioning,2,0,0,0,01 - Minimal,1,1,,,,374593.746,5023467.508,45.34768076,-75.60932669,6768
15--2361,2015/02/04,4:21 PM,HIGHWAY 7 btwn UPPER DWYER HILL RD & HIGHWAY 7 (__7JQ7LM),__7JQ7LM,01 - Non intersection,03 - P.D. only,07 - SMV other,03 - Snow,01 - Daylight,06 - Ice,10 - No control,,1,0,0,0,,0,,,,,341367.4212,5007540.765,45.20688362,-76.03449743,6769
15--2663,2015/02/09,3:40 PM,HIGHWAY 417 btwn HWY417 IC180 RAMP61 & HWY417 IC169 RAMP36 (__5DVYB1),__5DVYB1,01 - Non intersection,02 - Non-fatal injury,07 - SMV other,05 - Drifting Snow,01 - Daylight,05 - Packed snow,10 - No control,,1,0,0,0,02 - Minor,1,,1,,,321287.0454,5029405.557,45.40439372,-76.28939014,6770
15--2664,2015/02/09,3:51 PM,GEORGE ST @ DALHOUSIE ST (0008516),8516,03 - At intersection,02 - Non-fatal injury,07 - SMV other,01 - Clear,01 - Daylight,02 - Wet,01 - Traffic signal,01 - Functioning,1,0,0,1,02 - Minor,1,,1,,,368157.0167,5032317.076,45.42791762,-75.69032433,6771
15--2665,2015/02/09,4:02 PM,ALTA VISTA DR @ VALOUR DR (0012073),12073,02 - Intersection related,03 - P.D. only,03 - Rear end,01 - Clear,01 - Daylight,05 - Packed snow,02 - Stop sign,01 - Functioning,2,0,0,0,,0,,,,,370439.2923,5029582.591,45.40310335,-75.66152512,6772
15--2666,2015/02/09,4:11 PM,CARP RD @ REIS RD (0001691),1691,03 - At intersection,03 - P.D. only,02 - Angle,01 - Clear,01 - Daylight,02 - Wet,02 - Stop sign,01 - Functioning,2,0,0,0,,0,,,,,345276.5636,5018222.023,45.30278481,-75.9838661,6773
15--2667,2015/02/09,4:13 PM,MEADOWLANDS DR btwn DEER PARK RD & HOGAN ST (__3ZA4IP),__3ZA4IP,01 - Non intersection,03 - P.D. only,03 - Rear end,03 - Snow,01 - Daylight,06 - Ice,10 - No control,,2,0,0,0,,0,,,,,366109.3753,5024894.13,45.36131022,-75.71741227,6774
15--2668,2015/02/09,4:16 PM,CRICHTON ST @ ELECTRIC ST (0007778),7778,03 - At intersection,03 - P.D. only,05 - Turning movement,01 - Clear,01 - Daylight,05 - Packed snow,02 - Stop sign,00 - Unknown,2,0,0,0,,0,,,,,368940.7022,5033559.118,45.43902162,-75.68014838,6775
15--2669,2015/02/09,4:18 PM,BESSERER ST @ KING EDWARD AVE (0007758),7758,02 - Intersection related,03 - P.D. only,03 - Rear end,03 - Snow,01 - Daylight,04 - Slush,01 - Traffic signal,01 - Functioning,2,0,0,0,,0,,,,,368550.8638,5032340.746,45.42809481,-75.68528858,6776
15--267,2015/01/06,10:25 AM,HIGHWAY 417 btwn HWY417 IC122 RAMP51 & HWY417 IC122 RAMP15 (__3ZA2R0),__3ZA2R0,01 - Non intersection,03 - P.D. only,03 - Rear end,01 - Clear,01 - Daylight,01 - Dry,10 - No control,,2,0,0,0,,0,,,,,365340.4647,5028877.947,45.39722266,-75.72673771,6777
15--2670,2015/02/09,5:12 PM,LYON ST @ WELLINGTON ST (0002388),2388,03 - At intersection,03 - P.D. only,04 - Sideswipe,03 - Snow,01 - Daylight,02 - Wet,01 - Traffic signal,01 - Functioning,2,0,0,0,,0,,,,,366936.2349,5031427.612,45.42002402,-75.70603607,6778
15--2671,2015/02/09,5:18 PM,MONTREAL RD btwn OR174 IC109 RAMP56 & OR174 IC109 RAMP66 (__3ZA2DH),__3ZA2DH,01 - Non intersection,03 - P.D. only,03 - Rear end,01 - Clear,07 - Dark,04 - Slush,10 - No control,,3,0,0,0,,0,,,,,376218.9032,5034901.928,45.45039781,-75.58693421,6779
15--2672,2015/02/09,5:22 PM,SOLANDT RD btwn HINES RD & MARCH RD (__3ZACVJ),__3ZACVJ,04 - At/near private drive,03 - P.D. only,05 - Turning movement,01 - Clear,05 - Dusk,04 - Slush,10 - No control,,2,0,0,0,,0,,,,,350465.485,5022688.175,45.34265421,-75.91729135,6780
15--2673,2015/02/09,5:30 PM,STRANDHERD DR @ WOODROFFE AVE (0009688),9688,02 - Intersection related,03 - P.D. only,03 - Rear end,01 - Clear,07 - Dark,01 - Dry,01 - Traffic signal,01 - Functioning,2,0,0,0,,0,,,,,366108.0817,5015394.667,45.27583528,-75.71860456,6781
15--2674,2015/02/09,5:35 AM,HWY417 IC155 RAMP36 btwn HIGHWAY 417 & MARCH RD (__3ZAY6B),__3ZAY6B,01 - Non intersection,03 - P.D. only,07 - SMV other,03 - Snow,07 - Dark,06 - Ice,10 - No control,,1,0,0,0,,0,,,,,339238.0193,5019438.305,45.31405149,-76.06077916,6782
15--2213,2015/02/02,8:55 AM,HIGHWAY 417 btwn HWY417 IC129 RAMP26 & HWY417 IC129 RAMP61 (__3ZA2UO),__3ZA2UO,01 - Non intersection,03 - P.D. only,03 - Rear end,03 - Snow,01 - Daylight,03 - Loose snow,10 - No control,,2,0,0,0,,0,,,,,360658.6198,5023708.523,45.35109768,-75.7871171,6783
15--2675,2015/02/09,6:05 AM,SHEA RD btwn BROWNLEE RD & GARVIN RD (__3ZACH2),__3ZACH2,01 - Non intersection,03 - P.D. only,07 - SMV other,01 - Clear,07 - Dark,05 - Packed snow,10 - No control,,1,0,0,0,,0,,,,,355903.8852,5008867.409,45.21791708,-75.84932267,6784
15--2676,2015/02/09,6:50 AM,HIGHWAY 417 btwn HWY417 IC117 RAMP61 & HWY417 IC115 RAMP36 (__3ZA2RZ),__3ZA2RZ,01 - Non intersection,03 - P.D. only,07 - SMV other,01 - Clear,07 - Dark,06 - Ice,10 - No control,,1,0,0,0,,0,,,,,371194.8579,5031379.085,45.41919621,-75.65163262,6785
15--2677,2015/02/09,7:10 PM,WEST HUNT CLUB RD WB btwn WOODROFFE AVE & 354 E OF WOODROFFE AVE/REC P (__3ZA3JEA),__3ZA3JEA,01 - Non intersection,03 - P.D. only,03 - Rear end,01 - Clear,07 - Dark,02 - Wet,10 - No control,,2,0,0,0,,0,,,,,363710.2091,5021296.128,45.32914146,-75.7484624,6786
15--2678,2015/02/09,7:15 AM,HIGHWAY 417 btwn HIGHWAY 417 & HIGHWAY 417 (2) (__3ZA2UZ),__3ZA2UZ,01 - Non intersection,03 - P.D. only,04 - Sideswipe,01 - Clear,03 - Dawn,02 - Wet,10 - No control,,2,0,0,0,,0,,,,,375382.1689,5030260.704,45.40872373,-75.59829544,6787
15--2679,2015/02/09,7:28 AM,BASELINE RD @ GREENBANK RD (0002357),2357,02 - Intersection related,03 - P.D. only,03 - Rear end,03 - Snow,01 - Daylight,04 - Slush,01 - Traffic signal,01 - Functioning,3,0,0,0,,0,,,,,360597.6843,5022583.054,45.34097558,-75.78802168,6788
15--268,2015/01/06,10:39 PM,BANK ST @ KILBORN AVE/BELANGER AVE (0007208),7208,02 - Intersection related,02 - Non-fatal injury,03 - Rear end,03 - Snow,07 - Dark,03 - Loose snow,01 - Traffic signal,01 - Functioning,2,0,0,0,01 - Minimal,1,1,,,,369654.0357,5027429.808,45.38380653,-75.67183789,6789
15--2680,2015/02/09,7:40 AM,DALY AVE @ NICHOLAS ST (0011451),11451,02 - Intersection related,03 - P.D. only,05 - Turning movement,03 - Snow,01 - Daylight,03 - Loose snow,01 - Traffic signal,00 - Unknown,2,0,0,0,,0,,,,,368228.9952,5032044.651,45.42545992,-75.68943965,6790
15--2681,2015/02/09,7:43 AM,OGILVIE RD btwn OGILVIE RD & CYRVILLE RD (__3ZA2CB),__3ZA2CB,01 - Non intersection,03 - P.D. only,04 - Sideswipe,01 - Clear,01 - Daylight,04 - Slush,10 - No control,,2,0,0,0,,0,,,,,372401.6944,5031980.358,45.42449062,-75.63613138,6791
15--2682,2015/02/09,7:56 AM,BANK ST btwn SIEVERIGHT AVE & ATHANS AVE (__3ZAYF2),__3ZAYF2,04 - At/near private drive,03 - P.D. only,03 - Rear end,03 - Snow,01 - Daylight,03 - Loose snow,10 - No control,,2,0,0,0,,0,,,,,372292.2621,5024100.171,45.35359849,-75.63860734,6792
15--2683,2015/02/09,8:00 AM,BANK ST @ SPARKS ST (0003128),3128,02 - Intersection related,03 - P.D. only,04 - Sideswipe,01 - Clear,01 - Daylight,01 - Dry,01 - Traffic signal,01 - Functioning,2,0,0,0,,0,,,,,367301.7035,5031557.058,45.42115618,-75.70135023,6793