Anom_ID,Accident_Date,Accident_Time,Location,Geo_ID,Accident_Location,Classification_of_Accident,Initial_Impact_Type,Environment_Condition,Light,Road_Surface_Condition,Traffic_Control,Traffic_Control_Condition,No__of_Vehicles,No__of_Bicycles,No__of_Motorcycles,No__of_Pedestrians,Max_Injury,No__of_Injuries,No__of_Minimal,No__of_Minor,No__of_Major,No__of_Fatal,X,Y,Latitude,Longitude,ObjectId
15--2684,2015/02/09,8:04 AM,BRITTANY DR btwn KRISTIN WAY & MONTREAL RD (__3ZA8IX),__3ZA8IX,01 - Non intersection,03 - P.D. only,04 - Sideswipe,03 - Snow,01 - Daylight,03 - Loose snow,10 - No control,,2,0,0,0,,0,,,,,371903.271,5034017.861,45.4428711,-75.64222221,6794
15--2685,2015/02/09,8:05 AM,BLAIR RD @ REGIONAL RD 174 N/OR174 IC112 RAMP61 (0003617),3617,02 - Intersection related,02 - Non-fatal injury,03 - Rear end,01 - Clear,01 - Daylight,03 - Loose snow,01 - Traffic signal,01 - Functioning,2,0,0,0,02 - Minor,1,,1,,,374633.7903,5032992.115,45.43337458,-75.60746782,6795
15--2686,2015/02/09,8:10 PM,INDUSTRIAL AVE @ RIVERSIDE DR (0011905),11905,02 - Intersection related,03 - P.D. only,04 - Sideswipe,01 - Clear,07 - Dark,02 - Wet,01 - Traffic signal,01 - Functioning,2,0,0,0,,0,,,,,370686.6463,5030593.035,45.4121717,-75.65823073,6796
15--2687,2015/02/09,8:25 AM,MERIVALE RD @ SLACK RD (0000110),110,02 - Intersection related,03 - P.D. only,02 - Angle,01 - Clear,01 - Daylight,04 - Slush,01 - Traffic signal,01 - Functioning,2,0,0,0,,0,,,,,366020.6642,5020955.011,45.3258744,-75.71903202,6797
15--2688,2015/02/09,8:40 AM,TAPADERO AVE btwn LIVERY ST & OXER PL (__828HHI),__828HHI,01 - Non intersection,03 - P.D. only,04 - Sideswipe,03 - Snow,01 - Daylight,03 - Loose snow,10 - No control,,2,0,0,0,,0,,,,,352888.846,5015348.868,45.27645156,-75.8870823,6798
15--2689,2015/02/09,8:43 AM,ST. LAURENT BLVD btwn CLARKE AVE & COTE ST (__3ZA3LZ),__3ZA3LZ,01 - Non intersection,03 - P.D. only,07 - SMV other,01 - Clear,01 - Daylight,04 - Slush,10 - No control,,1,0,0,0,,0,,,,,371781.6753,5033234.107,45.43583092,-75.64388305,6799
15--269,2015/01/06,10:59 AM,DUNROBIN RD @ KINBURN SIDE RD (0001688),1688,03 - At intersection,03 - P.D. only,02 - Angle,03 - Snow,01 - Daylight,04 - Slush,02 - Stop sign,00 - Unknown,2,0,0,0,,0,,,,,338030.5627,5035929.147,45.46250028,-76.07506815,6800
15--2690,2015/02/09,8:50 AM,BARNSDALE RD @ GREENBANK RD (0001069),1069,03 - At intersection,03 - P.D. only,02 - Angle,03 - Snow,01 - Daylight,04 - Slush,02 - Stop sign,01 - Functioning,2,0,0,0,,0,,,,,365590.6887,5010925.949,45.23567069,-75.72574496,6801
15--2691,2015/02/09,9:10 AM,HIGHWAY 416 btwn HWY416 IC66 RAMP62 & HWY416 IC72 RAMP24 (__3ZAZMZ),__3ZAZMZ,01 - Non intersection,03 - P.D. only,99 - Other,01 - Clear,01 - Daylight,01 - Dry,10 - No control,,2,0,0,0,,0,,,,,359618.7134,5019389.67,45.31231857,-75.80086597,6802
15--2692,2015/02/09,9:21 AM,PRESTON ST btwn GEORGE ST W & ABERDEEN ST (__3ZA3ZV),__3ZA3ZV,04 - At/near private drive,03 - P.D. only,05 - Turning movement,01 - Clear,01 - Daylight,04 - Slush,10 - No control,,2,0,0,0,,0,,,,,366633.5765,5029382.584,45.40165025,-75.71015954,6803
15--2693,2015/02/09,9:23 AM,MOODIE DR @ ROBERTSON RD (0010545),10545,02 - Intersection related,03 - P.D. only,07 - SMV other,03 - Snow,01 - Daylight,03 - Loose snow,01 - Traffic signal,01 - Functioning,1,0,0,0,,0,,,,,357066.1702,5020455.84,45.32210671,-75.83330524,6804
15--2694,2015/02/09,9:25 AM,MACDONALD-CARTIER BR btwn RAMP & END (1) (__3ZA1QK),__3ZA1QK,07 - Overpass or bridge,03 - P.D. only,03 - Rear end,01 - Clear,01 - Daylight,03 - Loose snow,10 - No control,,2,0,0,0,,0,,,,,367431.4124,5033223.075,45.43613485,-75.69948108,6805
15--2695,2015/02/09,9:45 AM,COLONNADE RD @ PRINCE OF WALES DR (0005249),5249,03 - At intersection,03 - P.D. only,05 - Turning movement,03 - Snow,01 - Daylight,02 - Wet,01 - Traffic signal,01 - Functioning,2,0,0,0,,0,,,,,367394.7116,5023266.034,45.34654737,-75.70121322,6806
15--2696,2015/02/09,9:59 AM,RUSSELL RD btwn TO BE DETERMINED & SPRING ST (__3ZA1NL),__3ZA1NL,01 - Non intersection,03 - P.D. only,07 - SMV other,03 - Snow,01 - Daylight,03 - Loose snow,10 - No control,,1,0,0,0,,0,,,,,385047.6586,5026588.625,45.37464399,-75.47543228,6807
15--2697,2015/02/10,1:35 PM,FALLOWFIELD RD @ VIA PARK PL/275 W OF WOODROFFE AVE (0010154),10154,03 - At intersection,03 - P.D. only,05 - Turning movement,01 - Clear,01 - Daylight,02 - Wet,01 - Traffic signal,01 - Functioning,2,0,0,0,,0,,,,,364848.2012,5017765.539,45.29727704,-75.73437384,6808
15--2698,2015/02/10,10:05 AM,HINTON AVE @ WELLINGTON ST (0006520),6520,03 - At intersection,03 - P.D. only,02 - Angle,01 - Clear,01 - Daylight,02 - Wet,02 - Stop sign,01 - Functioning,2,0,0,0,,0,,,,,365005.659,5029193.076,45.40008699,-75.73097521,6809
15--2699,2015/02/10,11:01 AM,LAFONTAINE AVE @ MCARTHUR AVE (0009806),9806,03 - At intersection,02 - Non-fatal injury,07 - SMV other,01 - Clear,01 - Daylight,02 - Wet,01 - Traffic signal,01 - Functioning,1,0,0,1,02 - Minor,1,,1,,,370950.6762,5032771.092,45.43174402,-75.65456539,6810
15--27,2015/01/02,10:38 AM,INDUSTRIAL AVE btwn TRAINYARDS DR & RUSSELL RD (__3ZA3R9),__3ZA3R9,04 - At/near private drive,03 - P.D. only,02 - Angle,01 - Clear,01 - Daylight,01 - Dry,10 - No control,,2,0,0,0,,0,,,,,371710.6271,5030539.051,45.41158881,-75.64515711,6811
15--270,2015/01/06,11:00 AM,MONTREAL RD @ OGILVIE RD (0009279),9279,02 - Intersection related,03 - P.D. only,03 - Rear end,01 - Clear,01 - Daylight,01 - Dry,01 - Traffic signal,01 - Functioning,2,0,0,0,,0,,,,,375655.4579,5034556.707,45.44734908,-75.59418647,6812
15--2700,2015/02/10,11:44 AM,INDUSTRIAL AVE @ ALTA VISTA DR/SANDFORD FLEMIN (0006979),6979,02 - Intersection related,03 - P.D. only,03 - Rear end,01 - Clear,01 - Daylight,01 - Dry,01 - Traffic signal,01 - Functioning,2,0,0,0,,0,,,,,370885.6877,5030559.016,45.41184684,-75.65569261,6813
15--2701,2015/02/10,Unknown,BISHOPS MILLS WAY btwn CAMBRAY LANE & KETTLEBY ST (__3ZA1PS),__3ZA1PS,01 - Non intersection,03 - P.D. only,06 - SMV unattended vehicle,01 - Clear,00 - Unknown,01 - Dry,10 - No control,,1,0,0,0,,0,,,,,352415.8443,5019971.624,45.31808047,-75.89266672,6814
15--2702,2015/02/10,12:56 PM,INDUSTRIAL AVE btwn RIVERSIDE DR & SANDFORD FLEMING AVE (__3ZA3PG),__3ZA3PG,01 - Non intersection,02 - Non-fatal injury,03 - Rear end,01 - Clear,01 - Daylight,02 - Wet,10 - No control,,3,0,0,0,01 - Minimal,2,2,,,,370766.1696,5030580.221,45.41204891,-75.65721657,6815
15--2703,2015/02/10,2:20 PM,LEES AVE / GRAHAM AVE @ MAIN ST (0002252),2252,02 - Intersection related,03 - P.D. only,05 - Turning movement,03 - Snow,01 - Daylight,03 - Loose snow,01 - Traffic signal,01 - Functioning,2,0,0,0,,0,,,,,369000.7429,5030560.088,45.41203195,-75.67977191,6816
15--2704,2015/02/10,2:36 PM,CALDWELL AVE @ MERIVALE RD (0011432),11432,02 - Intersection related,03 - P.D. only,03 - Rear end,01 - Clear,01 - Daylight,01 - Dry,01 - Traffic signal,00 - Unknown,2,0,0,0,,0,,,,,364912.0966,5026233.851,45.3734685,-75.73253062,6817
15--2705,2015/02/10,3:37 PM,ROSSBURN CRES btwn DALKENA PL & KILBIRNIE DR N (__7N1IUM),__7N1IUM,04 - At/near private drive,03 - P.D. only,02 - Angle,01 - Clear,01 - Daylight,05 - Packed snow,10 - No control,,2,0,0,0,,0,,,,,365542.862,5012711.411,45.25174044,-75.72613595,6818
15--2706,2015/02/10,3:40 PM,DEERCROFT AVE @ LONGFIELDS DR (0011042),11042,03 - At intersection,03 - P.D. only,02 - Angle,01 - Clear,01 - Daylight,01 - Dry,02 - Stop sign,01 - Functioning,2,0,0,0,,0,,,,,364479.6248,5015292.771,45.27505853,-75.73937027,6819
15--2707,2015/02/10,3:45 PM,BANK ST @ HUNT CLUB RD (0002119),2119,02 - Intersection related,03 - P.D. only,04 - Sideswipe,01 - Clear,01 - Daylight,02 - Wet,01 - Traffic signal,01 - Functioning,2,0,0,0,,0,,,,,371610.6642,5024094.097,45.35360911,-75.64730631,6820
15--2708,2015/02/10,3:55 PM,JOCKVALE RD/RIDEAU VALLEY DR @ PRINCE OF WALES (0004638),4638,03 - At intersection,03 - P.D. only,05 - Turning movement,01 - Clear,01 - Daylight,01 - Dry,01 - Traffic signal,01 - Functioning,2,0,0,0,,0,,,,,366707.1311,5012192.27,45.24696776,-75.71136921,6821
15--2709,2015/02/10,3:55 PM,CROWSNEST AVE @ TATTERSALL WAY (0010769),10769,03 - At intersection,03 - P.D. only,99 - Other,01 - Clear,01 - Daylight,01 - Dry,02 - Stop sign,01 - Functioning,2,0,0,0,,0,,,,,368079.7312,5022901.289,45.34320401,-75.69251904,6822
15--271,2015/01/06,11:12 AM,OR174 IC112 RAMP15 btwn BLAIR RD & REGIONAL ROAD 174 (__3ZAYAH),__3ZAYAH,01 - Non intersection,03 - P.D. only,07 - SMV other,01 - Clear,01 - Daylight,06 - Ice,10 - No control,,1,0,0,0,,0,,,,,375072.0361,5033012.301,45.43351231,-75.6018645,6823
15--2710,2015/02/10,3:57 PM,VICTORIA ST btwn DOW ST & BOWEN ST (__3ZA20B),__3ZA20B,04 - At/near private drive,02 - Non-fatal injury,02 - Angle,01 - Clear,01 - Daylight,01 - Dry,10 - No control,,2,0,0,0,01 - Minimal,1,1,,,,385320.2043,5011085.946,45.23513053,-75.47447136,6824
15--2711,2015/02/10,3:58 PM,BASELINE RD btwn BASSANO ST & ERINDALE DR (__3ZA4HF),__3ZA4HF,01 - Non intersection,02 - Non-fatal injury,03 - Rear end,01 - Clear,01 - Daylight,01 - Dry,10 - No control,,5,0,0,0,02 - Minor,2,1,1,,,363853.2556,5024572.34,45.35860848,-75.74624656,6825
15--2712,2015/02/10,4:00 PM,SOMERSET ST    W btwn CARTIER ST & MACDONALD ST (__3ZA9U0),__3ZA9U0,04 - At/near private drive,03 - P.D. only,02 - Angle,01 - Clear,01 - Daylight,04 - Slush,10 - No control,,2,0,0,0,,0,,,,,368393.4571,5031337.451,45.41908184,-75.68742949,6826
15--2713,2015/02/10,4:04 PM,CHURCHILL AVE @ WHITBY AVE (0006688),6688,02 - Intersection related,03 - P.D. only,05 - Turning movement,01 - Clear,01 - Daylight,02 - Wet,02 - Stop sign,00 - Unknown,2,0,0,0,,0,,,,,363161.6907,5028443.001,45.39349408,-75.75461547,6827
15--2714,2015/02/10,4:05 PM,COLONNADE RD    S btwn COLONNADE RD & CONCOURSE GT (__3ZA00D),__3ZA00D,04 - At/near private drive,03 - P.D. only,05 - Turning movement,01 - Clear,01 - Daylight,02 - Wet,10 - No control,,2,0,0,0,,0,,,,,366312.9755,5022706.965,45.34161266,-75.71508573,6828
15--2715,2015/02/10,4:06 PM,BASIL MACDONALD WAY btwn MERIVALE RD & GRANT CARMAN DR (__4BBEMB),__4BBEMB,04 - At/near private drive,03 - P.D. only,02 - Angle,01 - Clear,01 - Daylight,02 - Wet,10 - No control,,2,0,0,0,,0,,,,,365158.4015,5023208.584,45.34622645,-75.7297557,6829
15--2716,2015/02/10,4:15 PM,JOCKVALE RD/RIDEAU VALLEY DR @ PRINCE OF WALES (0004638),4638,02 - Intersection related,03 - P.D. only,04 - Sideswipe,01 - Clear,01 - Daylight,01 - Dry,01 - Traffic signal,01 - Functioning,2,0,0,0,,0,,,,,366708.733,5012194.915,45.24699142,-75.71134848,6830
15--2717,2015/02/10,4:21 PM,TELESAT CRT btwn JAMES NAISMITH DR & MEADOWBROOK RD (__3ZAZOK),__3ZAZOK,01 - Non intersection,03 - P.D. only,04 - Sideswipe,01 - Clear,01 - Daylight,02 - Wet,10 - No control,,2,0,0,0,,0,,,,,374969.8588,5032281.013,45.42694284,-75.60327445,6831
15--2718,2015/02/10,4:36 PM,BANK ST @ RIDEAU RD (0009263),9263,02 - Intersection related,03 - P.D. only,03 - Rear end,01 - Clear,01 - Daylight,01 - Dry,01 - Traffic signal,01 - Functioning,2,0,0,0,,0,,,,,376946.8692,5017856.469,45.29695704,-75.58011855,6832
15--2719,2015/02/10,4:56 PM,CLEGG ST @ COLONEL BY DR (0008785),8785,02 - Intersection related,03 - P.D. only,03 - Rear end,01 - Clear,01 - Daylight,02 - Wet,02 - Stop sign,01 - Functioning,2,0,0,0,,0,,,,,368966.6153,5029743.129,45.40468436,-75.68031421,6833
15--272,2015/01/06,11:35 AM,WEST HUNT CLUB RD @ CLEOPATRA DR/LANCELOT DR (0000114),114,03 - At intersection,03 - P.D. only,05 - Turning movement,01 - Clear,01 - Daylight,02 - Wet,01 - Traffic signal,01 - Functioning,2,0,0,0,,0,,,,,365235.7,5021731.048,45.33292512,-75.72894985,6834
15--2720,2015/02/10,5:15 PM,BRONSON AVE @ CARLING AVE/GLEBE AVE (0002134),2134,02 - Intersection related,03 - P.D. only,03 - Rear end,01 - Clear,01 - Daylight,01 - Dry,01 - Traffic signal,01 - Functioning,2,0,0,0,,0,,,,,367446.7431,5029334.116,45.40114185,-75.6997796,6835
15--2721,2015/02/10,5:15 PM,HIGHWAY 417 btwn HWY417 IC104 RAMP16 & HWY417 IC104 RAMP61 (__3ZA2W6),__3ZA2W6,01 - Non intersection,03 - P.D. only,07 - SMV other,01 - Clear,01 - Daylight,01 - Dry,10 - No control,,1,0,0,0,,0,,,,,380178.9318,5025919.606,45.36916524,-75.5376871,6836
15--2362,2015/02/04,4:22 PM,TERRY FOX DR @ WESTPHALIAN AVE (0014366),14366,02 - Intersection related,03 - P.D. only,03 - Rear end,03 - Snow,01 - Daylight,03 - Loose snow,01 - Traffic signal,01 - Functioning,2,0,0,0,,0,,,,,353455.2261,5015759.789,45.28011017,-75.87982363,6837
15--2214,2015/02/02,8:56 AM,ALBERT ST btwn METCALFE ST & ELGIN ST (__3ZA353),__3ZA353,01 - Non intersection,03 - P.D. only,03 - Rear end,03 - Snow,01 - Daylight,03 - Loose snow,10 - No control,,2,0,0,0,,0,,,,,367707.1222,5031621.775,45.42170215,-75.69616201,6838
15--2215,2015/02/02,8:57 AM,KING EDWARD AVE @ YORK ST S (0011919),11919,02 - Intersection related,03 - P.D. only,03 - Rear end,03 - Snow,01 - Daylight,03 - Loose snow,02 - Stop sign,01 - Functioning,2,0,0,0,,0,,,,,368389.7053,5032597.587,45.43042044,-75.68731475,6839
15--2216,2015/02/02,9:00 AM,MILTON RD btwn PERRAULT RD & RUSSELL RD (__3ZBOGV),__3ZBOGV,01 - Non intersection,03 - P.D. only,07 - SMV other,03 - Snow,01 - Daylight,05 - Packed snow,10 - No control,,1,0,0,0,,0,,,,,389277.3475,5026659.453,45.37478409,-75.42142669,6840
15--2217,2015/02/02,9:00 AM,HIGHWAY 417 btwn HWY417 IC124 RAMP76 & HWY417 IC124 RAMP67 (__3ZA2R7),__3ZA2R7,01 - Non intersection,03 - P.D. only,99 - Other,03 - Snow,01 - Daylight,03 - Loose snow,10 - No control,,4,0,0,0,,0,,,,,364377.3845,5027468.62,45.38462441,-75.73920785,6841
15--2218,2015/02/02,9:04 AM,MCARTHUR AVE @ NORTH RIVER RD (0009202),9202,02 - Intersection related,03 - P.D. only,03 - Rear end,03 - Snow,01 - Daylight,05 - Packed snow,01 - Traffic signal,01 - Functioning,2,0,0,0,,0,,,,,369820.7072,5032645.136,45.43071669,-75.66902198,6842
15--2219,2015/02/02,9:05 AM,MONTREAL RD @ OLMSTEAD ST (0009345),9345,03 - At intersection,03 - P.D. only,05 - Turning movement,03 - Snow,01 - Daylight,05 - Packed snow,01 - Traffic signal,01 - Functioning,2,0,0,0,,0,,,,,370333.6772,5033213.104,45.43577915,-75.66239122,6843
15--222,2015/01/05,4:20 PM,REGIONAL ROAD 174 EB btwn HWY417 IC113 RAMP65 & OR174 BLAIR IC112 RAMP51 (__3ZAZFJ),__3ZAZFJ,01 - Non intersection,02 - Non-fatal injury,03 - Rear end,01 - Clear,01 - Daylight,01 - Dry,10 - No control,,3,0,0,0,02 - Minor,1,,1,,,374187.89,5032361.76,45.42774737,-75.61325492,6844
15--2220,2015/02/02,9:05 AM,BANK ST @ JOHNSTON RD (0006967),6967,02 - Intersection related,02 - Non-fatal injury,03 - Rear end,03 - Snow,01 - Daylight,03 - Loose snow,01 - Traffic signal,01 - Functioning,2,0,0,0,02 - Minor,1,,1,,,370852.6944,5024839.046,45.36038373,-75.65687956,6845
15--2221,2015/02/02,9:05 PM,INNES RD @ TENTH LINE RD (0004633),4633,02 - Intersection related,02 - Non-fatal injury,03 - Rear end,03 - Snow,07 - Dark,02 - Wet,01 - Traffic signal,01 - Functioning,2,0,0,0,01 - Minimal,1,1,,,,383949.8326,5036160.043,45.46088444,-75.48790924,6846
15--2222,2015/02/02,9:10 AM,HIGHWAY 417 btwn HWY417 IC123 RAMP62 & HWY417 IC122 RAMP16 (__3ZA2R9),__3ZA2R9,01 - Non intersection,03 - P.D. only,04 - Sideswipe,03 - Snow,01 - Daylight,06 - Ice,10 - No control,,3,0,0,0,,0,,,,,365130.206,5028710.65,45.39573551,-75.72944348,6847
15--2223,2015/02/02,9:14 AM,HIGHWAY 417 btwn HWY417 IC124 RAMP67 & HWY417 IC123 RAMP62 (__3ZA2YZ),__3ZA2YZ,01 - Non intersection,03 - P.D. only,03 - Rear end,03 - Snow,01 - Daylight,03 - Loose snow,10 - No control,,4,0,0,0,,0,,,,,364773.3881,5028063.702,45.38994505,-75.7340791,6848
15--2224,2015/02/02,9:15 AM,HIGHWAY 417 btwn HWY417 IC134 RAMP61 & HWY417 IC131 RAMP66 (__3ZA297),__3ZA297,01 - Non intersection,03 - P.D. only,07 - SMV other,03 - Snow,01 - Daylight,06 - Ice,10 - No control,,1,0,0,0,,0,,,,,357144.8809,5022609.867,45.34148298,-75.8320735,6849
15--2225,2015/02/02,9:18 AM,RIVERSIDE DR btwn HUNT CLUB RD & TURN LANE (__3ZA37J),__3ZA37J,01 - Non intersection,03 - P.D. only,03 - Rear end,03 - Snow,01 - Daylight,05 - Packed snow,10 - No control,,3,0,0,0,,0,,,,,368037.6669,5021984.535,45.33495904,-75.69317291,6850
15--2226,2015/02/02,9:19 AM,ALBERT ST btwn METCALFE ST & ELGIN ST (__3ZA353),__3ZA353,01 - Non intersection,02 - Non-fatal injury,03 - Rear end,03 - Snow,01 - Daylight,05 - Packed snow,10 - No control,,2,0,0,0,02 - Minor,4,,4,,,367700.6004,5031619.285,45.42168033,-75.69624566,6851
15--2227,2015/02/02,9:19 AM,HWY417 IC131 RAMP66 btwn TRANSIT & HWY417 IC130 RAMP36 (__6KES9I),__6KES9I,01 - Non intersection,03 - P.D. only,99 - Other,03 - Snow,01 - Daylight,06 - Ice,10 - No control,,2,0,0,0,,0,,,,,358128.2034,5022833.949,45.34342522,-75.81950292,6852
15--2228,2015/02/02,9:30 AM,HIGHWAY 417 btwn HWY417 IC96 RAMP61 & HIGHWAY 417 (__3ZA271),__3ZA271,01 - Non intersection,03 - P.D. only,07 - SMV other,03 - Snow,01 - Daylight,05 - Packed snow,10 - No control,,1,0,0,0,,0,,,,,387477.0543,5023869.29,45.34989537,-75.44487494,6853
15--2229,2015/02/02,9:36 AM,OR174 IC105 RAMP36 btwn JEANNE D'ARC BLVD N & OR174 IC105 RAMP16 (__3ZAY09),__3ZAY09,01 - Non intersection,03 - P.D. only,03 - Rear end,03 - Snow,01 - Daylight,03 - Loose snow,10 - No control,,2,0,0,0,,0,,,,,379310.3183,5037086.812,45.46973302,-75.54708582,6854
15--223,2015/01/05,4:29 PM,HAIG DR @ PLEASANT PARK RD (0008323),8323,03 - At intersection,03 - P.D. only,02 - Angle,01 - Clear,01 - Daylight,06 - Ice,02 - Stop sign,01 - Functioning,2,0,0,0,,0,,,,,372402.5894,5028587.015,45.39395874,-75.63658528,6855
15--2230,2015/02/02,9:37 AM,TERRY FOX DR btwn HWY417 IC140 RAMP25 & PALLADIUM DR (__3ZA3DO),__3ZA3DO,01 - Non intersection,03 - P.D. only,07 - SMV other,03 - Snow,01 - Daylight,03 - Loose snow,10 - No control,,1,0,0,0,,0,,,,,351235.0192,5018229.486,45.30248336,-75.90789041,6856
15--2231,2015/02/02,9:40 AM,HUNT CLUB RD @ TRANSITWAY OFFRAMP (0010854),10854,02 - Intersection related,03 - P.D. only,03 - Rear end,03 - Snow,01 - Daylight,05 - Packed snow,02 - Stop sign,01 - Functioning,2,0,0,0,,0,,,,,371092.7449,5023748.781,45.35055122,-75.653962,6857
15--2232,2015/02/02,9:40 AM,HIGHWAY 417 btwn HWY417 IC122 RAMP16 & HWY417 IC122 RAMP61 (__3ZA2RA),__3ZA2RA,01 - Non intersection,03 - P.D. only,04 - Sideswipe,03 - Snow,01 - Daylight,03 - Loose snow,10 - No control,,2,0,0,0,,0,,,,,365334.4936,5028895.003,45.39737664,-75.72681187,6858
15--2233,2015/02/02,9:50 AM,ESPRIT DR btwn ESPRIT DR N & STORMWIND AVE (__8XI214),__8XI214,01 - Non intersection,03 - P.D. only,06 - SMV unattended vehicle,03 - Snow,01 - Daylight,03 - Loose snow,10 - No control,,1,0,0,0,,0,,,,,385525.368,5035037.953,45.45060868,-75.46795028,6859
15--2234,2015/02/02,9:50 AM,HIGHWAY 417 btwn HWY417 IC134 RAMP36 & HWY417 IC134 RAMP26 (__3ZA29C),__3ZA29C,01 - Non intersection,03 - P.D. only,07 - SMV other,03 - Snow,01 - Daylight,06 - Ice,10 - No control,,1,0,0,0,,0,,,,,356080.4538,5022088.808,45.33687305,-75.84570881,6860
15--2235,2015/02/02,9:54 AM,INNES RD @ JEANNE D'ARC BLVD/MER BLEUE RD (0012475),12475,02 - Intersection related,03 - P.D. only,07 - SMV other,03 - Snow,01 - Daylight,03 - Loose snow,01 - Traffic signal,01 - Functioning,1,0,0,0,,0,,,,,382637.7536,5035567.072,45.45569681,-75.50477813,6861
15--2236,2015/02/03,1:00 PM,IRIS ST @ PINECREST SC (0011628),11628,03 - At intersection,03 - P.D. only,03 - Rear end,01 - Clear,01 - Daylight,04 - Slush,01 - Traffic signal,01 - Functioning,3,0,0,0,,0,,,,,360639.703,5023381.563,45.34815721,-75.78739542,6862
15--2237,2015/02/03,1:44 PM,HARDING RD @ WALKLEY RD (0007652),7652,03 - At intersection,03 - P.D. only,07 - SMV other,01 - Clear,01 - Daylight,03 - Loose snow,01 - Traffic signal,01 - Functioning,1,0,0,0,,0,,,,,373150.6584,5027609.017,45.38508653,-75.62716757,6863
15--2238,2015/02/03,10:10 AM,TALLWOOD DR btwn AVENSHIRE GT & WOODROFFE AVE (__3ZAZVK),__3ZAZVK,01 - Non intersection,03 - P.D. only,04 - Sideswipe,01 - Clear,01 - Daylight,04 - Slush,10 - No control,,2,0,0,0,,0,,,,,362837.6032,5022628.494,45.34120272,-75.75943734,6864
15--2239,2015/02/03,11:03 AM,BANK ST btwn VANCOUVER AVE & FOXBAR AVE (__3ZA4TT),__3ZA4TT,01 - Non intersection,02 - Non-fatal injury,05 - Turning movement,01 - Clear,01 - Daylight,02 - Wet,10 - No control,,2,0,0,0,01 - Minimal,1,1,,,,370458.1431,5025652.66,45.36774144,-75.66180711,6865
15--224,2015/01/05,4:30 PM,INDUSTRIAL AVE @ RIVERSIDE DR (0011905),11905,02 - Intersection related,02 - Non-fatal injury,03 - Rear end,04 - Freezing Rain,05 - Dusk,06 - Ice,01 - Traffic signal,01 - Functioning,2,0,0,0,01 - Minimal,1,1,,,,370683.7547,5030592.071,45.41216329,-75.6582678,6866
15--2240,2015/02/03,11:50 AM,LYON ST @ SLATER ST (0002207),2207,03 - At intersection,03 - P.D. only,02 - Angle,03 - Snow,01 - Daylight,06 - Ice,01 - Traffic signal,01 - Functioning,2,0,0,0,,0,,,,,367102.7046,5031151.506,45.4175249,-75.70394408,6867
15--2241,2015/02/03,Unknown,HOGAN ST btwn MEADOWLANDS DR E & WIGAN DR (__3ZAALA),__3ZAALA,01 - Non intersection,03 - P.D. only,06 - SMV unattended vehicle,03 - Snow,00 - Unknown,05 - Packed snow,10 - No control,,1,0,0,0,,0,,,,,366122.697,5024849.694,45.36090923,-75.71724775,6868
15--2242,2015/02/03,12:14 PM,INDUSTRIAL AVE @ ALTA VISTA DR/SANDFORD FLEMIN (0006979),6979,02 - Intersection related,03 - P.D. only,03 - Rear end,03 - Snow,01 - Daylight,04 - Slush,01 - Traffic signal,01 - Functioning,2,0,0,0,,0,,,,,370884.7238,5030556.124,45.41182091,-75.65570531,6869
15--2243,2015/02/03,12:22 PM,GREENBANK RD btwn WEST HUNT CLUB RD & FALLOWFIELD RD (__3ZA1NE),__3ZA1NE,01 - Non intersection,03 - P.D. only,07 - SMV other,01 - Clear,01 - Daylight,06 - Ice,10 - No control,,1,0,0,0,,0,,,,,361537.5083,5020376.696,45.32104743,-75.77628338,6870
15--2244,2015/02/03,12:24 AM,RIVERSIDE DR btwn MOONEY'S BAY PL & WALKLEY RD (__3ZA36Q),__3ZA36Q,01 - Non intersection,03 - P.D. only,07 - SMV other,05 - Drifting Snow,07 - Dark,03 - Loose snow,10 - No control,,1,0,0,0,,0,,,,,368427.3986,5024966.782,45.36175738,-75.68781728,6871
15--2245,2015/02/03,12:42 PM,WESTERN AVE @ WELLINGTON ST (0005641),5641,02 - Intersection related,03 - P.D. only,03 - Rear end,01 - Clear,01 - Daylight,04 - Slush,01 - Traffic signal,01 - Functioning,2,0,0,0,,0,,,,,364338.4168,5028968.557,45.39812388,-75.73952444,6872
15--2246,2015/02/03,12:48 PM,GLADSTONE AVE btwn KENT ST & BANK ST (__3ZA3PA),__3ZA3PA,01 - Non intersection,03 - P.D. only,04 - Sideswipe,01 - Clear,01 - Daylight,02 - Wet,10 - No control,,2,0,0,0,,0,,,,,367891.0783,5030549.932,45.41204149,-75.69394885,6873
15--2247,2015/02/03,2:34 PM,BANK ST @ THORNTON AVE (0007244),7244,02 - Intersection related,03 - P.D. only,02 - Angle,01 - Clear,01 - Daylight,04 - Slush,02 - Stop sign,01 - Functioning,2,0,0,0,,0,,,,,368431.715,5029319.115,45.40091804,-75.68720123,6874
15--2248,2015/02/03,2:45 PM,BECKENHAM LANE @ MONTREAL RD (0012434),12434,03 - At intersection,03 - P.D. only,05 - Turning movement,01 - Clear,01 - Daylight,01 - Dry,02 - Stop sign,01 - Functioning,2,0,0,0,,0,,,,,374501.7956,5034383.061,45.44590271,-75.60895764,6875