Anom_ID,Accident_Date,Accident_Time,Location,Geo_ID,Accident_Location,Classification_of_Accident,Initial_Impact_Type,Environment_Condition,Light,Road_Surface_Condition,Traffic_Control,Traffic_Control_Condition,No__of_Vehicles,No__of_Bicycles,No__of_Motorcycles,No__of_Pedestrians,Max_Injury,No__of_Injuries,No__of_Minimal,No__of_Minor,No__of_Major,No__of_Fatal,X,Y,Latitude,Longitude,ObjectId
15--2249,2015/02/03,2:56 PM,BUCKLAND RD btwn DEVINE RD & FARWEL ST (__3ZA6HF),__3ZA6HF,04 - At/near private drive,03 - P.D. only,06 - SMV unattended vehicle,01 - Clear,01 - Daylight,02 - Wet,10 - No control,,1,0,0,0,,0,,,,,394532.3063,5024125.627,45.35133443,-75.35480662,6876
15--225,2015/01/05,4:30 PM,VALLEY STREAM DR btwn BASELINE RD & SHADOW CRT (__3ZAA2T),__3ZAA2T,01 - Non intersection,03 - P.D. only,06 - SMV unattended vehicle,03 - Snow,01 - Daylight,04 - Slush,10 - No control,,1,0,0,0,,0,,,,,359317.767,5021775.002,45.33380534,-75.80444122,6877
15--2250,2015/02/03,3:11 PM,BANK ST @ HERON RD (0002155),2155,02 - Intersection related,03 - P.D. only,04 - Sideswipe,01 - Clear,01 - Daylight,02 - Wet,01 - Traffic signal,00 - Unknown,2,0,0,0,,0,,,,,369997.6477,5026851.06,45.37856725,-75.66752698,6878
15--2251,2015/02/03,3:17 PM,AIRPORT PKWY btwn BROOKFIELD RAMP 34 & BROOKFIELD RAMP 52B (__3ZA228),__3ZA228,07 - Overpass or bridge,03 - P.D. only,07 - SMV other,03 - Snow,01 - Daylight,06 - Ice,10 - No control,,1,0,0,0,,0,,,,,368809.1148,5026388.799,45.37451755,-75.68276106,6879
15--2252,2015/02/03,3:40 PM,ACACIA AVE btwn ACACIA LANE & COLTRIN RD (__3ZA86H),__3ZA86H,01 - Non intersection,02 - Non-fatal injury,03 - Rear end,01 - Clear,01 - Daylight,03 - Loose snow,10 - No control,,2,0,0,0,01 - Minimal,1,1,,,,369002.884,5035304.474,45.45471991,-75.67912589,6880
15--2253,2015/02/03,3:45 PM,LETT ST btwn Continuation of LETT ST & END (__6UQV14),__6UQV14,04 - At/near private drive,03 - P.D. only,02 - Angle,03 - Snow,01 - Daylight,03 - Loose snow,10 - No control,,2,0,0,0,,0,,,,,366408.685,5031056.212,45.41672893,-75.71282279,6881
15--2254,2015/02/03,4:03 PM,SMYTH RD E/LANCASTER RD @ ST. LAURENT BLVD N/R (0002256),2256,03 - At intersection,02 - Non-fatal injury,05 - Turning movement,01 - Clear,01 - Daylight,02 - Wet,01 - Traffic signal,01 - Functioning,2,0,0,0,01 - Minimal,1,1,,,,373364.3628,5029424.737,45.40140267,-75.62418658,6882
15--2255,2015/02/03,4:12 PM,ST. LAURENT BLVD @ TREMBLAY RD (0002573),2573,02 - Intersection related,02 - Non-fatal injury,03 - Rear end,03 - Snow,01 - Daylight,05 - Packed snow,01 - Traffic signal,01 - Functioning,2,0,0,0,02 - Minor,1,,1,,,372594.75,5031240.13,45.41781171,-75.6337665,6883
15--2256,2015/02/03,4:12 PM,CARLING AVE @ MERIVALE RD (0002148),2148,03 - At intersection,03 - P.D. only,02 - Angle,03 - Snow,01 - Daylight,03 - Loose snow,01 - Traffic signal,01 - Functioning,2,0,0,0,,0,,,,,364893.3261,5027700.315,45.38666508,-75.73259176,6884
15--2257,2015/02/03,4:24 PM,MONTREAL RD btwn PALACE ST & VANIER PKWY (__3ZA3LL),__3ZA3LL,01 - Non intersection,03 - P.D. only,04 - Sideswipe,03 - Snow,01 - Daylight,04 - Slush,10 - No control,,2,0,0,0,,0,,,,,370029.3363,5033043.905,45.43428523,-75.66630311,6885
15--2258,2015/02/03,4:36 PM,ORLEANS BLVD btwn JEANNE D'ARC BLVD S & BEAUSEJOUR DR (__3ZA2BJ),__3ZA2BJ,04 - At/near private drive,03 - P.D. only,02 - Angle,03 - Snow,01 - Daylight,04 - Slush,10 - No control,,2,0,0,0,,0,,,,,380946.7458,5036225.254,45.46180493,-75.52629399,6886
15--2259,2015/02/03,4:40 PM,HIGHWAY 417 btwn HWY417 IC118 RAMP35 & HWY417 IC117 RAMP51 (__3ZA2YP),__3ZA2YP,01 - Non intersection,03 - P.D. only,03 - Rear end,03 - Snow,01 - Daylight,02 - Wet,10 - No control,,3,0,0,0,,0,,,,,370302.0745,5031113.957,45.41689485,-75.66307427,6887
15--226,2015/01/05,4:46 PM,BLAIR RD @ REGIONAL RD 174 N/OR174 IC112 RAMP61 (0003617),3617,02 - Intersection related,03 - P.D. only,03 - Rear end,01 - Clear,05 - Dusk,06 - Ice,01 - Traffic signal,01 - Functioning,2,0,0,0,,0,,,,,374633.4819,5032992.06,45.43337412,-75.60747177,6888
15--2260,2015/02/03,4:41 PM,MICHAEL ST btwn BELFAST RD & NEWMARKET ST (__3ZA1DR),__3ZA1DR,01 - Non intersection,03 - P.D. only,04 - Sideswipe,03 - Snow,01 - Daylight,03 - Loose snow,10 - No control,,2,0,0,0,,0,,,,,373208.9809,5030481.934,45.41093004,-75.62602445,6889
15--2261,2015/02/03,4:51 AM,OTTAWA RIVER PKWY WB btwn OTTAWA RIVER PKWY WB RAMP/CARLING AVE WB & W (__3ZA24V),__3ZA24V,01 - Non intersection,03 - P.D. only,07 - SMV other,01 - Clear,07 - Dark,06 - Ice,10 - No control,,1,0,0,0,,0,,,,,361385.2358,5026961.573,45.38031015,-75.77747202,6890
15--2262,2015/02/03,5:20 AM,HIGHWAY 417 btwn HWY417 IC96 RAMP61 & HWY417 IC88 RAMP16 (__3ZA27Z),__3ZA27Z,01 - Non intersection,03 - P.D. only,07 - SMV other,01 - Clear,07 - Dark,06 - Ice,10 - No control,,1,0,0,0,,0,,,,,390429.0297,5023338.923,45.34476944,-75.4073004,6891
15--2263,2015/02/03,5:36 PM,BANK ST @ LAURIER AVE (0002221),2221,02 - Intersection related,03 - P.D. only,03 - Rear end,03 - Snow,07 - Dark,03 - Loose snow,01 - Traffic signal,01 - Functioning,2,0,0,0,,0,,,,,367480.7003,5031267.034,45.41853062,-75.69910012,6892
15--2264,2015/02/03,5:52 AM,REGIONAL ROAD 174 btwn OR174 IC109 RAMP56 & OR174 IC109 RAMP86 (__3ZA28W),__3ZA28W,01 - Non intersection,03 - P.D. only,07 - SMV other,03 - Snow,07 - Dark,02 - Wet,10 - No control,,1,0,0,0,,0,,,,,376453.4413,5034988.996,45.45115719,-75.58392342,6893
15--2265,2015/02/03,6:02 PM,DES PERES BLANCS AVE @ MARIER AVE (0010058),10058,03 - At intersection,03 - P.D. only,05 - Turning movement,01 - Clear,07 - Dark,05 - Packed snow,02 - Stop sign,01 - Functioning,2,0,0,0,,0,,,,,370063.7109,5033671.072,45.439925,-75.66578066,6894
15--2266,2015/02/03,6:30 AM,BRONSON AVE @ SUNNYSIDE AVE/UNIVERSITY RD - CA (0007209),7209,02 - Intersection related,03 - P.D. only,04 - Sideswipe,03 - Snow,03 - Dawn,06 - Ice,01 - Traffic signal,01 - Functioning,2,0,0,0,,0,,,,,367921.7462,5028092.029,45.38992325,-75.69387166,6895
15--2267,2015/02/03,6:50 AM,LEEDS AVE @ SHEFFIELD RD (0007680),7680,02 - Intersection related,03 - P.D. only,05 - Turning movement,01 - Clear,03 - Dawn,01 - Dry,03 - Yield sign,00 - Unknown,2,0,0,0,,0,,,,,374861.9009,5029551.69,45.40239666,-75.60504192,6896
15--2268,2015/02/03,6:54 AM,BRONSON AVE btwn RIVERSIDE DR RAMPS 34B & 42A-3 & BRONSON AVE RAMP 34 (__3ZA3BK),__3ZA3BK,01 - Non intersection,03 - P.D. only,03 - Rear end,03 - Snow,03 - Dawn,06 - Ice,10 - No control,,2,0,0,0,,0,,,,,368467.2489,5027086.92,45.38083019,-75.68703539,6897
15--2269,2015/02/03,7:00 AM,HIGHWAY 417 btwn HWY417 IC134 RAMP36 & HWY417 IC134 RAMP26 (__3ZA29C),__3ZA29C,01 - Non intersection,03 - P.D. only,07 - SMV other,03 - Snow,03 - Dawn,06 - Ice,10 - No control,,1,0,0,0,,0,,,,,356385.9759,5022274.367,45.33852033,-75.84179154,6898
15--227,2015/01/05,5:10 PM,RIVERSIDE DR btwn OLD RIVERSIDE DR & RIVERGATE WAY (__3ZA36N),__3ZA36N,01 - Non intersection,03 - P.D. only,03 - Rear end,01 - Clear,05 - Dusk,06 - Ice,10 - No control,,3,0,0,0,,0,,,,,368112.0503,5023301.685,45.34680377,-75.69205542,6899
15--2270,2015/02/03,7:02 AM,WEST HUNT CLUB RD EB btwn 354 E OF WOODROFFE AVE/REC PATH & CLEOPATRA  (__3ZBOG1B),__3ZBOG1B,01 - Non intersection,03 - P.D. only,04 - Sideswipe,01 - Clear,03 - Dawn,06 - Ice,10 - No control,,2,0,0,0,,0,,,,,365092.0855,5021686.711,45.33253853,-75.73078734,6900
15--2271,2015/02/03,7:07 AM,OR174 IC109 RAMP56 @ REGIONAL RD 174 (0012404),12404,02 - Intersection related,03 - P.D. only,03 - Rear end,01 - Clear,03 - Dawn,06 - Ice,10 - No control,,2,0,0,0,,0,,,,,376310.7907,5034669.96,45.44830132,-75.58579333,6901
15--2363,2015/02/04,4:34 PM,MEADOWLANDS DR btwn CHESTERTON DR & TIVERTON DR (__3ZA4H3),__3ZA4H3,01 - Non intersection,03 - P.D. only,03 - Rear end,01 - Clear,01 - Daylight,01 - Dry,10 - No control,,2,0,0,0,,0,,,,,365114.6294,5024047.392,45.3537777,-75.73021193,6902
15--2364,2015/02/04,5:00 PM,RIVER RD btwn KILBY LANE & WATERFRONT CRT (__3ZA38T),__3ZA38T,01 - Non intersection,03 - P.D. only,01 - Approaching,03 - Snow,07 - Dark,06 - Ice,10 - No control,,2,0,0,0,,0,,,,,372274.6377,5007465.508,45.20392532,-75.64109354,6903
15--2365,2015/02/04,5:07 PM,OLD PRESCOTT RD @ THUNDERBIRD DR (0005230),5230,02 - Intersection related,03 - P.D. only,03 - Rear end,03 - Snow,01 - Daylight,03 - Loose snow,02 - Stop sign,01 - Functioning,2,0,0,0,,0,,,,,377315.9845,5015015.791,45.27135974,-75.57582802,6904
15--2366,2015/02/04,5:10 PM,AIRPORT PKWY @ HUNT CLUB RD (0010856),10856,02 - Intersection related,03 - P.D. only,03 - Rear end,03 - Snow,01 - Daylight,04 - Slush,01 - Traffic signal,01 - Functioning,2,0,0,0,,0,,,,,371019.4919,5023700.589,45.35012452,-75.65490322,6905
15--2367,2015/02/04,5:15 PM,CARP RD btwn FALLDOWN LANE & DONALD B. MUNRO DR (__3ZA2GM),__3ZA2GM,01 - Non intersection,03 - P.D. only,05 - Turning movement,03 - Snow,05 - Dusk,03 - Loose snow,10 - No control,,2,0,0,0,,0,,,,,341051.2165,5022982.129,45.345849,-76.03739494,6906
15--2368,2015/02/04,5:20 AM,DONNELLY DR btwn Continuation of DONNELLY DR & MILL POND LANE (__3ZACJA),__3ZACJA,01 - Non intersection,03 - P.D. only,07 - SMV other,01 - Clear,07 - Dark,03 - Loose snow,10 - No control,,1,0,0,0,,0,,,,,359226.6983,4982446.603,44.97992289,-75.8098881,6907
15--2369,2015/02/04,5:30 PM,RUSSELL RD btwn CUBA AVE & SMYTH RD (__3ZA78S),__3ZA78S,01 - Non intersection,03 - P.D. only,01 - Approaching,01 - Clear,07 - Dark,04 - Slush,10 - No control,,2,0,0,0,,0,,,,,373222.0533,5029432.697,45.40148822,-75.62600306,6908
15--237,2015/01/05,7:20 AM,BELANGER AVE @ CLEMENTINE BLVD (0012002),12002,02 - Intersection related,02 - Non-fatal injury,03 - Rear end,01 - Clear,03 - Dawn,06 - Ice,02 - Stop sign,01 - Functioning,2,0,0,0,02 - Minor,1,,1,,,369464.7521,5027401.09,45.38356563,-75.67425848,6909
15--2370,2015/02/04,5:30 PM,BEAVERBROOK RD @ LEACOCK DR E (0003408),3408,02 - Intersection related,03 - P.D. only,03 - Rear end,03 - Snow,07 - Dark,03 - Loose snow,02 - Stop sign,01 - Functioning,2,0,0,0,,0,,,,,351795.6143,5021136.936,45.328608,-75.90046664,6910
15--2371,2015/02/04,5:35 AM,LYON ST @ WELLINGTON ST (0002388),2388,03 - At intersection,03 - P.D. only,05 - Turning movement,03 - Snow,07 - Dark,03 - Loose snow,01 - Traffic signal,01 - Functioning,2,0,0,0,,0,,,,,366934.3071,5031424.72,45.41999817,-75.70606107,6911
15--2372,2015/02/04,5:50 PM,HAZELDEAN RD/HAZELDEAN RD IC RAMP 62 @ HAZELDE (0005570),5570,02 - Intersection related,02 - Non-fatal injury,03 - Rear end,05 - Drifting Snow,07 - Dark,04 - Slush,02 - Stop sign,00 - Unknown,2,0,0,0,02 - Minor,1,,1,,,346896.8603,5012419.756,45.2504785,-75.96369795,6912
15--2373,2015/02/04,6:00 PM,JEANNE D'ARC BLVD @ VORLAGE DR W/VOYAGEUR WAY (0004394),4394,02 - Intersection related,03 - P.D. only,03 - Rear end,03 - Snow,05 - Dusk,03 - Loose snow,01 - Traffic signal,01 - Functioning,2,0,0,0,,0,,,,,379265.802,5037740.148,45.47561599,-75.54755604,6913
15--2374,2015/02/04,6:01 PM,ASHLEY ST @ HWY 417 GREENBA IC126R51 (0003039),3039,02 - Intersection related,03 - P.D. only,03 - Rear end,01 - Clear,05 - Dusk,04 - Slush,10 - No control,,2,0,0,0,,0,,,,,360377.7266,5023311.304,45.34754583,-75.7907463,6914
15--2375,2015/02/04,6:05 PM,INNES RD @ ORCHARDVIEW AVE/ESPRIT DR (0012279),12279,02 - Intersection related,03 - P.D. only,03 - Rear end,03 - Snow,07 - Dark,03 - Loose snow,01 - Traffic signal,01 - Functioning,2,0,0,0,,0,,,,,384843.8007,5036560.078,45.46438173,-75.47641474,6915
15--2376,2015/02/04,6:19 PM,HAWTHORNE RD btwn DAVIDSON RD & LEITRIM RD (__3ZBPIY),__3ZBPIY,01 - Non intersection,03 - P.D. only,03 - Rear end,03 - Snow,07 - Dark,06 - Ice,10 - No control,,2,0,0,0,,0,,,,,376634.7316,5023629.025,45.34892795,-75.58326048,6916
15--2377,2015/02/04,6:45 PM,SLACK RD @ WOODROFFE AVE (0000102),102,02 - Intersection related,03 - P.D. only,03 - Rear end,01 - Clear,07 - Dark,04 - Slush,01 - Traffic signal,01 - Functioning,2,0,0,0,,0,,,,,364233.6835,5019973.996,45.31720088,-75.74194353,6917
15--2378,2015/02/04,6:51 PM,ALBION RD btwn RIDEAU RD & TULLAMORE ST (__5RGNIJ),__5RGNIJ,01 - Non intersection,03 - P.D. only,01 - Approaching,03 - Snow,07 - Dark,06 - Ice,10 - No control,,2,0,0,0,,0,,,,,375350.8085,5016107.067,45.28137859,-75.60071476,6918
15--2379,2015/02/04,7:14 AM,CHAMPLAIN BRIDGE/ISLAND PARK DR btwn BATE ISLAND & PROVINCIAL BOUNDARY (__3ZA2ZEA),__3ZA2ZEA,07 - Overpass or bridge,03 - P.D. only,03 - Rear end,03 - Snow,01 - Daylight,05 - Packed snow,10 - No control,,2,0,0,0,,0,,,,,362758.3656,5030244.056,45.40973318,-75.75955457,6919
15--238,2015/01/05,7:25 PM,BANK ST @ HOLMWOOD AVE (0007225),7225,02 - Intersection related,02 - Non-fatal injury,03 - Rear end,01 - Clear,07 - Dark,04 - Slush,01 - Traffic signal,01 - Functioning,2,0,0,0,01 - Minimal,1,1,,,,368482.6719,5029196.113,45.39980668,-75.68656628,6920
15--2380,2015/02/04,7:17 PM,EARL MULLIGAN DR @ WOODROFFE AVE (0000591),591,03 - At intersection,02 - Non-fatal injury,05 - Turning movement,03 - Snow,07 - Dark,04 - Slush,01 - Traffic signal,01 - Functioning,2,0,0,0,02 - Minor,3,1,2,,,365248.7735,5017505.978,45.29490718,-75.72929856,6921
15--2381,2015/02/04,7:20 AM,JOHN SHAW RD btwn GALETTA SIDE RD & LILLIE SIDE RD (__3ZACBN),__3ZACBN,01 - Non intersection,03 - P.D. only,07 - SMV other,03 - Snow,01 - Daylight,05 - Packed snow,10 - No control,,1,0,0,0,,0,,,,,326212.2002,5033325.74,45.43953598,-76.22630516,6922
15--2382,2015/02/04,7:25 PM,HWY417 IC140 RAMP36 btwn TERRY FOX DR & HIGHWAY 417 (__3ZAYB4),__3ZAYB4,01 - Non intersection,03 - P.D. only,07 - SMV other,01 - Clear,07 - Dark,04 - Slush,10 - No control,,1,0,0,0,,0,,,,,350447.3353,5018321.125,45.30335958,-75.91792549,6923
15--2383,2015/02/04,7:29 AM,STAGECOACH RD btwn CABIN RD & SNAKE ISLAND RD (__3ZBOGH),__3ZBOGH,01 - Non intersection,03 - P.D. only,01 - Approaching,03 - Snow,01 - Daylight,03 - Loose snow,10 - No control,,2,0,0,0,,0,,,,,378123.4147,5005543.058,45.18604352,-75.56693483,6924
15--2384,2015/02/04,7:30 AM,CAHILL DR btwn ALBION RD S & SANDHAMN PRIV (__3ZA9XL),__3ZA9XL,01 - Non intersection,03 - P.D. only,06 - SMV unattended vehicle,01 - Clear,03 - Dawn,01 - Dry,10 - No control,,1,0,0,0,,0,,,,,371732.7671,5024675.012,45.35882434,-75.64566946,6925
15--2385,2015/02/04,7:30 PM,MERIVALE RD @ CAPILANO DR/WITHROW AVE (0009820),9820,02 - Intersection related,03 - P.D. only,03 - Rear end,03 - Snow,07 - Dark,04 - Slush,01 - Traffic signal,00 - Unknown,2,0,0,0,,0,,,,,364642.429,5024227.287,45.35543682,-75.73621624,6926
15--2386,2015/02/04,7:39 PM,MCWATTERS RD btwn LISA AVE & STANTON RD (__3ZA161),__3ZA161,01 - Non intersection,03 - P.D. only,06 - SMV unattended vehicle,03 - Snow,07 - Dark,03 - Loose snow,10 - No control,,1,0,0,0,,0,,,,,360637.1754,5023061.909,45.34528117,-75.78746376,6927
15--2387,2015/02/04,7:54 AM,HUNT CLUB RD @ RIVERSIDE DR (0002237),2237,02 - Intersection related,02 - Non-fatal injury,03 - Rear end,01 - Clear,03 - Dawn,04 - Slush,01 - Traffic signal,01 - Functioning,2,0,0,0,01 - Minimal,1,1,,,,368037.6669,5021945.017,45.33460346,-75.69317796,6928
15--2388,2015/02/04,8:10 PM,MERIVALE RD @ ANNA AVE/LAPERRIERE AVE (0006316),6316,02 - Intersection related,03 - P.D. only,04 - Sideswipe,03 - Snow,07 - Dark,04 - Slush,01 - Traffic signal,01 - Functioning,2,0,0,0,,0,,,,,364859.5865,5027165.348,45.38185445,-75.73308767,6929
15--2389,2015/02/04,8:20 AM,LISGAR ST btwn O'CONNOR ST & METCALFE ST (__3ZA9UX),__3ZA9UX,04 - At/near private drive,03 - P.D. only,99 - Other,03 - Snow,01 - Daylight,04 - Slush,10 - No control,,2,0,0,0,,0,,,,,367838.7797,5031204.936,45.41793971,-75.69453317,6930
15--239,2015/01/05,7:29 PM,MONTREAL RD @ VANIER PKWY (0004630),4630,02 - Intersection related,03 - P.D. only,04 - Sideswipe,01 - Clear,07 - Dark,01 - Dry,01 - Traffic signal,01 - Functioning,2,0,0,0,,0,,,,,370072.7098,5033066.074,45.43448065,-75.66574587,6931
15--2390,2015/02/04,8:45 AM,MCARTHUR AVE @ NORTH RIVER RD (0009202),9202,02 - Intersection related,03 - P.D. only,03 - Rear end,03 - Snow,01 - Daylight,03 - Loose snow,01 - Traffic signal,01 - Functioning,2,0,0,0,,0,,,,,369820.8786,5032647.269,45.43073587,-75.66901951,6932
15--2391,2015/02/04,8:45 AM,HERITAGE PARK CRES btwn OAK MEADOWS DR & OAK MEADOWS DR (__3ZA194),__3ZA194,04 - At/near private drive,03 - P.D. only,02 - Angle,03 - Snow,01 - Daylight,02 - Wet,10 - No control,,2,0,0,0,,0,,,,,380447.3123,5035133.185,45.4520336,-75.53284744,6933
15--2392,2015/02/04,8:45 PM,STITTSVILLE MAIN ST @ HAZELDEAN RD (0000050),50,03 - At intersection,03 - P.D. only,05 - Turning movement,02 - Rain,07 - Dark,04 - Slush,01 - Traffic signal,01 - Functioning,2,0,0,0,,0,,,,,349560.3258,5014878.235,45.27243642,-75.92954629,6934
15--2393,2015/02/04,8:55 PM,COLONIAL RD @ FRANK KENNY RD (0012888),12888,03 - At intersection,03 - P.D. only,02 - Angle,01 - Clear,07 - Dark,06 - Ice,02 - Stop sign,01 - Functioning,2,0,0,0,,0,,,,,390199.8466,5032045.094,45.42312668,-75.40871828,6935
15--2394,2015/02/04,9:00 AM,DELMAR DR @ KILBORN AVE (0007813),7813,03 - At intersection,03 - P.D. only,05 - Turning movement,03 - Snow,01 - Daylight,03 - Loose snow,02 - Stop sign,00 - Unknown,2,0,0,0,,0,,,,,372097.6532,5027943.056,45.38819403,-75.64056728,6936
15--2395,2015/02/04,9:00 AM,POULIN AVE @ RICHMOND RD (0002748),2748,02 - Intersection related,03 - P.D. only,02 - Angle,03 - Snow,01 - Daylight,04 - Slush,01 - Traffic signal,01 - Functioning,2,0,0,0,,0,,,,,360325.6794,5024900.996,45.36185396,-75.79123191,6937
15--2396,2015/02/04,9:04 PM,HUNTER'S RUN DR @ JEANNE D'ARC BLVD (0012419),12419,02 - Intersection related,03 - P.D. only,03 - Rear end,03 - Snow,07 - Dark,05 - Packed snow,01 - Traffic signal,01 - Functioning,2,0,0,0,,0,,,,,380566.8024,5036173.369,45.46137942,-75.53115971,6938
15--2397,2015/02/04,9:05 AM,FLANNERY DR btwn BROOKFIELD RD & CONFEDERATION PRIV (__3ZA0TR),__3ZA0TR,01 - Non intersection,03 - P.D. only,03 - Rear end,03 - Snow,01 - Daylight,05 - Packed snow,10 - No control,,2,0,0,0,,0,,,,,368769.8085,5026227.768,45.37307223,-75.68328371,6939
15--2398,2015/02/04,9:05 AM,TERRACE DR @ WESTCLIFFE RD (0000677),677,03 - At intersection,03 - P.D. only,02 - Angle,03 - Snow,01 - Daylight,03 - Loose snow,02 - Stop sign,01 - Functioning,2,0,0,0,,0,,,,,356429.8793,5019992.857,45.31798782,-75.84146933,6940
15--2399,2015/02/04,9:15 AM,BASELINE RD @ WOODROFFE AVE (0002225),2225,02 - Intersection related,03 - P.D. only,03 - Rear end,03 - Snow,01 - Daylight,03 - Loose snow,01 - Traffic signal,01 - Functioning,2,0,0,0,,0,,,,,362550.6541,5023771.95,45.35151514,-75.76296501,6941
15--24,2015/01/02,10:25 AM,REGIONAL ROAD 174 btwn HIGHWAY 417 & HWY417 IC113 RAMP65 (__3ZA2YL),__3ZA2YL,01 - Non intersection,03 - P.D. only,07 - SMV other,01 - Clear,01 - Daylight,01 - Dry,10 - No control,,1,0,0,0,,0,,,,,373366.48,5031749.334,45.42231808,-75.62383617,6942
15--240,2015/01/05,7:35 PM,DONALD ST @ VANIER PKWY (0007644),7644,03 - At intersection,03 - P.D. only,05 - Turning movement,01 - Clear,07 - Dark,05 - Packed snow,01 - Traffic signal,01 - Functioning,2,0,0,0,,0,,,,,370310.7492,5032270.103,45.42729657,-75.6628097,6943
15--2400,2015/02/04,9:15 AM,BANK ST @ GLEBE AVE (0007713),7713,02 - Intersection related,03 - P.D. only,04 - Sideswipe,03 - Snow,01 - Daylight,04 - Slush,01 - Traffic signal,00 - Unknown,2,0,0,0,,0,,,,,368240.6745,5029786.12,45.40513735,-75.68958116,6944
15--2401,2015/02/04,9:16 AM,BANK ST btwn GLADSTONE AVE & MCLEOD ST (__3ZA3PF),__3ZA3PF,04 - At/near private drive,03 - P.D. only,03 - Rear end,03 - Snow,01 - Daylight,04 - Slush,10 - No control,,2,0,0,0,,0,,,,,367919.9322,5030556.657,45.41209939,-75.69357939,6945
15--2402,2015/02/04,9:19 AM,ST. LAURENT BLVD btwn CONROY RD & THURSTON DR (__3ZA49E),__3ZA49E,04 - At/near private drive,03 - P.D. only,02 - Angle,03 - Snow,01 - Daylight,03 - Loose snow,10 - No control,,2,0,0,0,,0,,,,,373288.7627,5027288.94,45.38219312,-75.6254486,6946
15--2403,2015/02/04,9:20 AM,POULIN AVE @ RICHMOND RD (0002748),2748,02 - Intersection related,03 - P.D. only,03 - Rear end,03 - Snow,01 - Daylight,03 - Loose snow,01 - Traffic signal,01 - Functioning,2,0,0,0,,0,,,,,360325.6794,5024900.996,45.36185396,-75.79123191,6947
15--2404,2015/02/05,1:00 PM,RUSSELL RD btwn SMYTH RD & ST. LAURENT BLVD (__3ZA3R3),__3ZA3R3,01 - Non intersection,03 - P.D. only,04 - Sideswipe,01 - Clear,01 - Daylight,01 - Dry,10 - No control,,2,0,0,0,,0,,,,,373396.0155,5029392.79,45.40111213,-75.62378675,6948
15--2405,2015/02/05,1:01 PM,CROYDON AVE @ RICHMOND RD (0002652),2652,03 - At intersection,03 - P.D. only,05 - Turning movement,01 - Clear,01 - Daylight,01 - Dry,01 - Traffic signal,01 - Functioning,2,0,0,0,,0,,,,,360545.6868,5025271.074,45.36516645,-75.78838205,6949
15--2406,2015/02/05,1:15 PM,MCRAE AVE @ SCOTT ST (0006868),6868,02 - Intersection related,03 - P.D. only,02 - Angle,01 - Clear,01 - Daylight,02 - Wet,02 - Stop sign,00 - Unknown,2,0,0,0,,0,,,,,363455.941,5028813.212,45.39680059,-75.75081367,6950
15--2407,2015/02/05,1:25 PM,INDUSTRIAL AVE/INNES RD @ ST. LAURENT BLVD (0002203),2203,02 - Intersection related,03 - P.D. only,03 - Rear end,03 - Snow,01 - Daylight,05 - Packed snow,01 - Traffic signal,01 - Functioning,2,0,0,0,,0,,,,,373097.7997,5030006.049,45.40665911,-75.62751063,6951
15--2408,2015/02/05,1:51 PM,MONTREAL RD @ ST. LAURENT BLVD (0002604),2604,02 - Intersection related,03 - P.D. only,03 - Rear end,01 - Clear,01 - Daylight,04 - Slush,01 - Traffic signal,01 - Functioning,3,0,0,0,,0,,,,,371545.7029,5033818.077,45.44110777,-75.64681957,6952
15--2409,2015/02/05,1:56 PM,TAYLOR CREEK DR btwn VIMONT CRT & LACOLLE WAY (__3ZA498),__3ZA498,01 - Non intersection,03 - P.D. only,06 - SMV unattended vehicle,01 - Clear,01 - Daylight,02 - Wet,10 - No control,,1,0,0,0,,0,,,,,384407.5426,5039580.687,45.49160814,-75.48150311,6953
15--241,2015/01/05,7:40 AM,LANCASTER RD @ WALKLEY RD (0003130),3130,02 - Intersection related,03 - P.D. only,03 - Rear end,01 - Clear,03 - Dawn,06 - Ice,01 - Traffic signal,01 - Functioning,2,0,0,0,,0,,,,,374909.7044,5028601.095,45.3938389,-75.60456647,6954
15--2410,2015/02/05,10:12 AM,ALTA VISTA DR @ SMYTH RD (0011353),11353,02 - Intersection related,03 - P.D. only,03 - Rear end,01 - Clear,01 - Daylight,02 - Wet,01 - Traffic signal,01 - Functioning,2,0,0,0,,0,,,,,370432.7159,5029083.003,45.39860886,-75.6616756,6955
15--2411,2015/02/05,10:34 PM,PRINCE OF WALES DR @ FALLOWFIELD RD (0000566),566,02 - Intersection related,03 - P.D. only,05 - Turning movement,01 - Clear,07 - Dark,01 - Dry,01 - Traffic signal,01 - Functioning,2,0,0,0,,0,,,,,367400.6739,5019165.988,45.30965532,-75.70165557,6956
15--2412,2015/02/05,11:21 PM,OLD ALMONTE RD btwn HOWIE RD & BEAVERTAIL RD (__3ZBNAR),__3ZBNAR,01 - Non intersection,03 - P.D. only,07 - SMV other,01 - Clear,07 - Dark,01 - Dry,10 - No control,,1,0,0,0,,0,,,,,341148.7332,5014431.71,45.26890348,-76.03677767,6957
15--2413,2015/02/05,11:53 AM,RICHMOND RD @ NORTHSIDE RD E (0010417),10417,03 - At intersection,02 - Non-fatal injury,07 - SMV other,01 - Clear,01 - Daylight,02 - Wet,01 - Traffic signal,01 - Functioning,1,0,0,1,02 - Minor,1,,1,,,358329.4129,5021227.494,45.32895492,-75.81710933,6958