Anom_ID,Accident_Date,Accident_Time,Location,Geo_ID,Accident_Location,Classification_of_Accident,Initial_Impact_Type,Environment_Condition,Light,Road_Surface_Condition,Traffic_Control,Traffic_Control_Condition,No__of_Vehicles,No__of_Bicycles,No__of_Motorcycles,No__of_Pedestrians,Max_Injury,No__of_Injuries,No__of_Minimal,No__of_Minor,No__of_Major,No__of_Fatal,X,Y,Latitude,Longitude,ObjectId
15--2414,2015/02/05,Unknown,TEMPLEFORD AVE btwn PEPPERVILLE CRES & REGIMENT AVE (__7IFXPG),__7IFXPG,01 - Non intersection,03 - P.D. only,06 - SMV unattended vehicle,03 - Snow,00 - Unknown,03 - Loose snow,10 - No control,,1,0,0,0,,0,,,,,354266.7962,5015491.722,45.2776414,-75.86950642,6959
15--2415,2015/02/05,Unknown,LEPAGE AVE btwn CAVAN ST & KIRKWOOD AVE (__3ZAA6T),__3ZAA6T,01 - Non intersection,03 - P.D. only,06 - SMV unattended vehicle,03 - Snow,07 - Dark,05 - Packed snow,10 - No control,,1,0,0,0,,0,,,,,364705.3982,5026586.297,45.37665745,-75.73512661,6960
15--2416,2015/02/05,Unknown,JOHN ST btwn THOMAS ST & CHARLES ST (__3ZA8A7),__3ZA8A7,01 - Non intersection,03 - P.D. only,06 - SMV unattended vehicle,03 - Snow,00 - Unknown,04 - Slush,10 - No control,,1,0,0,0,,0,,,,,367978.1549,5033895.255,45.44213369,-75.69240735,6961
15--2417,2015/02/05,12:05 PM,RICHMOND RD btwn WOODROFFE AVE & LOCKHART AVE (__3ZBPOH),__3ZBPOH,01 - Non intersection,02 - Non-fatal injury,03 - Rear end,01 - Clear,01 - Daylight,06 - Ice,10 - No control,,2,0,0,0,01 - Minimal,2,2,,,,361593.3611,5026671.391,45.37768228,-75.77484809,6962
15--2418,2015/02/05,12:11 PM,GREENBANK RD @ 220 N OF STRANDHERD DR (0010452),10452,02 - Intersection related,03 - P.D. only,03 - Rear end,01 - Clear,01 - Daylight,02 - Wet,01 - Traffic signal,01 - Functioning,2,0,0,0,,0,,,,,363848.3925,5014985.816,45.27234984,-75.74745126,6963
15--2419,2015/02/05,12:20 AM,GREENBANK RD btwn WEST HUNT CLUB RD & FALLOWFIELD RD (__3ZA1NE),__3ZA1NE,01 - Non intersection,03 - P.D. only,07 - SMV other,03 - Snow,07 - Dark,04 - Slush,10 - No control,,1,0,0,0,,0,,,,,361592.3584,5020281.385,45.32018539,-75.77559472,6964
15--242,2015/01/05,7:45 AM,BYRON AVE @ ISLAND PARK DR (0006365),6365,02 - Intersection related,03 - P.D. only,03 - Rear end,01 - Clear,03 - Dawn,01 - Dry,01 - Traffic signal,01 - Functioning,2,0,0,0,,0,,,,,364254.7261,5028604.033,45.39485107,-75.74063724,6965
15--2420,2015/02/05,12:20 PM,KAKULU RD @ CASTLEFRANK RD (0003540),3540,02 - Intersection related,03 - P.D. only,03 - Rear end,01 - Clear,01 - Daylight,02 - Wet,01 - Traffic signal,01 - Functioning,2,0,0,0,,0,,,,,352179.4391,5018500.206,45.3048563,-75.89582256,6966
15--2421,2015/02/05,12:40 PM,ELGIN ST @ WELLINGTON ST W (0002113),2113,03 - At intersection,03 - P.D. only,04 - Sideswipe,01 - Clear,01 - Daylight,05 - Packed snow,01 - Traffic signal,01 - Functioning,2,0,0,0,,0,,,,,367662.7761,5031877.095,45.42400342,-75.69669604,6967
15--2422,2015/02/05,12:46 PM,CLYDE AVE btwn BONNIE CRES & MAITLAND AVE (__3ZAAO0),__3ZAAO0,01 - Non intersection,03 - P.D. only,06 - SMV unattended vehicle,01 - Clear,01 - Daylight,04 - Slush,10 - No control,,1,0,0,0,,0,,,,,364181.7433,5025308.083,45.36520085,-75.74196572,6968
15--2423,2015/02/05,12:53 AM,MONTEREY DR btwn GUTHRIE ST & HARRISON ST (__3ZAAGP),__3ZAAGP,01 - Non intersection,03 - P.D. only,06 - SMV unattended vehicle,03 - Snow,07 - Dark,04 - Slush,10 - No control,,1,0,0,0,,0,,,,,360438.0052,5022313.1,45.33855922,-75.79008939,6969
15--2424,2015/02/05,12:54 PM,BAYSWATER AVE @ GLADSTONE AVE (0006164),6164,03 - At intersection,02 - Non-fatal injury,02 - Angle,01 - Clear,01 - Daylight,02 - Wet,01 - Traffic signal,01 - Functioning,2,0,0,0,02 - Minor,1,,1,,,366000.7044,5029480.048,45.40258282,-75.71823077,6970
15--2425,2015/02/05,2:49 PM,WOODRIDGE CRES btwn BAYSHORE DR & BAYSHORE PS (__6KE4J1A),__6KE4J1A,04 - At/near private drive,03 - P.D. only,05 - Turning movement,01 - Clear,01 - Daylight,02 - Wet,10 - No control,,2,0,0,0,,0,,,,,358905.4348,5023765.251,45.35174557,-75.80948386,6971
15--2426,2015/02/05,2:53 PM,OTHELLO AVE @ WINGATE DR (0008376),8376,02 - Intersection related,03 - P.D. only,02 - Angle,03 - Snow,01 - Daylight,05 - Packed snow,02 - Stop sign,01 - Functioning,2,0,0,0,,0,,,,,373270.9337,5029211.07,45.39948934,-75.62540952,6972
15--2427,2015/02/05,3:15 AM,HIGHWAY 417 btwn HWY417 IC118 RAMP67 & HWY417 IC117 RAMP36 (__3ZA2YO),__3ZA2YO,01 - Non intersection,03 - P.D. only,07 - SMV other,01 - Clear,07 - Dark,02 - Wet,10 - No control,,1,0,0,0,,0,,,,,370190.2851,5031114.584,45.41691095,-75.66450237,6973
15--2428,2015/02/05,3:15 PM,CHURCHILL AVE   N btwn WILMONT AVE & WHITBY AVE (__3ZBODY),__3ZBODY,01 - Non intersection,03 - P.D. only,06 - SMV unattended vehicle,01 - Clear,01 - Daylight,02 - Wet,10 - No control,,1,0,0,0,,0,,,,,363137.7624,5028495.432,45.39396784,-75.75491485,6974
15--2429,2015/02/05,3:16 PM,BRITTANY DR @ MONTREAL RD (0007685),7685,02 - Intersection related,03 - P.D. only,03 - Rear end,01 - Clear,01 - Daylight,01 - Dry,01 - Traffic signal,00 - Unknown,2,0,0,0,,0,,,,,371912.8154,5033994.872,45.44266334,-75.64210336,6975
15--243,2015/01/05,7:52 AM,EARL ARMSTRONG RD @ SHORELINE DR (0013041),13041,03 - At intersection,03 - P.D. only,02 - Angle,01 - Clear,03 - Dawn,04 - Slush,02 - Stop sign,01 - Functioning,2,0,0,0,,0,,,,,368841.9769,5015288.7,45.27463811,-75.68377714,6976
15--2430,2015/02/05,3:20 PM,HIGHWAY 417 btwn HWY417 IC121A RAMP51 & HWY417 IC120A RAMP52 (__3ZA2R6),__3ZA2R6,01 - Non intersection,03 - P.D. only,03 - Rear end,01 - Clear,01 - Daylight,01 - Dry,10 - No control,,2,0,0,0,,0,,,,,367253.3333,5029728.609,45.40470867,-75.70219993,6977
15--2431,2015/02/05,3:32 PM,BRONSON AVE @ CATHERINE ST/RAYMOND ST (0007198),7198,02 - Intersection related,03 - P.D. only,04 - Sideswipe,01 - Clear,01 - Daylight,01 - Dry,01 - Traffic signal,01 - Functioning,2,0,0,0,,0,,,,,367251.7446,5029796.085,45.40531594,-75.70221167,6978
15--2432,2015/02/05,3:34 PM,RIVERSIDE DR @ TREMBLAY RD/HWY417 IC117 RAMP52 (0010790),10790,02 - Intersection related,02 - Non-fatal injury,03 - Rear end,01 - Clear,01 - Daylight,01 - Dry,01 - Traffic signal,01 - Functioning,2,0,0,0,02 - Minor,1,,1,,,370801.1142,5031014.462,45.41595274,-75.65671201,6979
15--2433,2015/02/05,3:36 PM,CARLING AVE @ KIRKWOOD AVE S (0002209),2209,02 - Intersection related,03 - P.D. only,99 - Other,01 - Clear,01 - Daylight,01 - Dry,01 - Traffic signal,01 - Functioning,2,0,0,0,,0,,,,,364349.7728,5027338.031,45.38345174,-75.73957617,6980
15--2434,2015/02/05,3:44 AM,ALBION RD btwn RIDEAU RD & TULLAMORE ST (__5RGNIJ),__5RGNIJ,01 - Non intersection,03 - P.D. only,07 - SMV other,01 - Clear,07 - Dark,06 - Ice,10 - No control,,1,0,0,0,,0,,,,,375498.2222,5015754.142,45.27818828,-75.59888623,6981
15--2435,2015/02/05,3:50 PM,SMYTH RD btwn CUBA AVE & RUSSELL RD (__3ZA3R2),__3ZA3R2,01 - Non intersection,03 - P.D. only,03 - Rear end,01 - Clear,01 - Daylight,01 - Dry,10 - No control,,2,0,0,0,,0,,,,,373022.869,5029347.193,45.40073833,-75.6285589,6982
15--2436,2015/02/05,3:56 AM,ST. PATRICK ST btwn SUSSEX DR & PARENT AVE (__3ZA3WI),__3ZA3WI,01 - Non intersection,03 - P.D. only,04 - Sideswipe,01 - Clear,07 - Dark,03 - Loose snow,10 - No control,,2,0,0,0,,0,,,,,367807.0003,5032545.175,45.4300016,-75.69476776,6983
15--2437,2015/02/05,3:57 PM,BASELINE RD @ WOODROFFE AVE (0002225),2225,02 - Intersection related,03 - P.D. only,03 - Rear end,01 - Clear,01 - Daylight,06 - Ice,01 - Traffic signal,01 - Functioning,3,0,0,0,,0,,,,,362548.7263,5023770.023,45.35149796,-75.76298984,6984
15--2438,2015/02/05,4:12 PM,COVENTRY RD @ 230 W OF ST. LAURENT BLVD/ST. LA (0008535),8535,03 - At intersection,02 - Non-fatal injury,07 - SMV other,01 - Clear,01 - Daylight,01 - Dry,01 - Traffic signal,01 - Functioning,1,0,0,1,02 - Minor,1,,1,,,372079.2523,5031934.936,45.42411302,-75.64025754,6985
15--2439,2015/02/05,4:48 PM,BASELINE RD btwn MCWATTERS RD & ROCKWAY CRES (__3ZA2LT),__3ZA2LT,04 - At/near private drive,03 - P.D. only,02 - Angle,01 - Clear,01 - Daylight,02 - Wet,10 - No control,,2,0,0,0,,0,,,,,360896.0788,5022763.59,45.34257624,-75.78419399,6986
15--244,2015/01/05,7:52 PM,YORK ST WB btwn BYWARD MARKE SQ & SUSSEX DR (__3ZA1B0),__3ZA1B0,01 - Non intersection,03 - P.D. only,02 - Angle,01 - Clear,07 - Dark,02 - Wet,10 - No control,,2,0,0,0,,0,,,,,367865.2002,5032302.333,45.42781134,-75.69405513,6987
15--2440,2015/02/05,4:49 PM,BEARBROOK RD/ROCKCLIFFE PKWY @ ST. JOSEPH BLVD (0012382),12382,02 - Intersection related,03 - P.D. only,03 - Rear end,01 - Clear,01 - Daylight,04 - Slush,01 - Traffic signal,01 - Functioning,2,0,0,0,,0,,,,,377128.5853,5035244.069,45.45338262,-75.57525544,6988
15--2441,2015/02/05,4:59 PM,INNES RD btwn 260 E OF BELCOURT BLVD/WALMART SC & JEANNE D'ARC BLVD/ME (__3ZA3JWB),__3ZA3JWB,01 - Non intersection,02 - Non-fatal injury,03 - Rear end,01 - Clear,01 - Daylight,02 - Wet,10 - No control,,2,0,0,0,02 - Minor,1,,1,,,382625.2235,5035560.325,45.45563751,-75.50493938,6989
15--2442,2015/02/05,5:00 PM,CARLING AVE @ CIVIC HOSPITAL (0008793),8793,03 - At intersection,03 - P.D. only,05 - Turning movement,01 - Clear,07 - Dark,01 - Dry,01 - Traffic signal,01 - Functioning,2,0,0,0,,0,,,,,365791.6095,5028278.538,45.39179016,-75.72105003,6990
15--2443,2015/02/05,5:00 PM,OTTAWA RIVER PKWY WB btwn TRANSIT & TURN LANE (__3ZA23O),__3ZA23O,01 - Non intersection,03 - P.D. only,03 - Rear end,01 - Clear,05 - Dusk,02 - Wet,10 - No control,,2,0,0,0,,0,,,,,363226.4061,5029367.298,45.40180536,-75.75367953,6991
15--2444,2015/02/05,5:44 PM,HIGHWAY 417 btwn HWY417 IC115 RAMP35 & HIGHWAY 417 (__3ZA2US),__3ZA2US,01 - Non intersection,02 - Non-fatal injury,03 - Rear end,01 - Clear,07 - Dark,01 - Dry,10 - No control,,3,0,0,0,01 - Minimal,5,5,,,,372518.3682,5031508.419,45.42023305,-75.63470547,6992
15--2445,2015/02/05,5:52 PM,HIGHWAY 417 btwn HWY417 IC126 RAMP16 & HWY417 IC126 RAMP61 (__3ZA2RC),__3ZA2RC,01 - Non intersection,03 - P.D. only,03 - Rear end,01 - Clear,07 - Dark,01 - Dry,10 - No control,,2,0,0,0,,0,,,,,363114.8498,5025800.434,45.36972054,-75.75552581,6993
15--2446,2015/02/05,5:54 PM,FOREST VALLEY DR @ ORLEANS BLVD (0003627),3627,03 - At intersection,03 - P.D. only,02 - Angle,01 - Clear,05 - Dusk,01 - Dry,01 - Traffic signal,01 - Functioning,2,0,0,0,,0,,,,,380258.7487,5034819.09,45.449228,-75.53530607,6994
15--2447,2015/02/05,6:04 PM,BRONSON AVE @ GLADSTONE AVE (0002110),2110,02 - Intersection related,03 - P.D. only,04 - Sideswipe,01 - Clear,05 - Dusk,01 - Dry,01 - Traffic signal,00 - Unknown,2,0,0,0,,0,,,,,367133.7017,5030082.046,45.40789946,-75.70368331,6995
15--2448,2015/02/05,6:13 PM,CEDARVIEW RD btwn WEST HUNT CLUB RD & LYTLE AVE (__3ZA1XV),__3ZA1XV,01 - Non intersection,03 - P.D. only,01 - Approaching,01 - Clear,07 - Dark,04 - Slush,10 - No control,,3,0,0,0,,0,,,,,359791.3609,5019366.03,45.31209236,-75.79866689,6996
15--2449,2015/02/05,6:20 AM,CARP RD btwn MCGEE SIDE RD & ARBOURBROOK BLVD (__5RGDMI),__5RGDMI,01 - Non intersection,03 - P.D. only,01 - Approaching,03 - Snow,07 - Dark,06 - Ice,10 - No control,,2,0,0,0,,0,,,,,344809.359,5018738.877,45.30746243,-75.98978167,6997
15--245,2015/01/05,8:33 AM,ALBERT ST @ EMPRESS AVE (0010851),10851,02 - Intersection related,02 - Non-fatal injury,03 - Rear end,06 - Strong wind,01 - Daylight,06 - Ice,01 - Traffic signal,01 - Functioning,2,0,0,0,02 - Minor,1,,1,,,366577.1364,5030722.157,45.41370834,-75.71071256,6998
15--2450,2015/02/05,6:21 PM,FALLOWFIELD RD @ GREENBANK RD (0000549),549,02 - Intersection related,03 - P.D. only,03 - Rear end,01 - Clear,07 - Dark,01 - Dry,01 - Traffic signal,01 - Functioning,2,0,0,0,,0,,,,,363080.6757,5016730.046,45.28810851,-75.75702987,6999
15--2451,2015/02/05,6:25 AM,HIGHWAY 7 btwn OVERPASS RD & RAMP (__7JQ7LY),__7JQ7LY,01 - Non intersection,03 - P.D. only,04 - Sideswipe,01 - Clear,07 - Dark,06 - Ice,10 - No control,,2,0,0,0,,0,,,,,340455.5064,5005107.467,45.18503399,-76.04627975,7000
15--3173,2015/02/17,5:37 PM,OGILVIE RD @ CITY PARK DR E/CSIS HQ ACCESS (0003696),3696,02 - Intersection related,03 - P.D. only,03 - Rear end,01 - Clear,05 - Dusk,01 - Dry,01 - Traffic signal,01 - Functioning,2,0,0,0,,0,,,,,374188.7282,5033009.131,45.43357199,-75.61315299,7001
15--3174,2015/02/17,5:44 PM,BILLINGS BRIDGESC RAMP NB @ RIVERSIDE DR EB (0008853),8853,02 - Intersection related,03 - P.D. only,02 - Angle,01 - Clear,07 - Dark,06 - Ice,02 - Stop sign,01 - Functioning,2,0,0,0,,0,,,,,369081.5105,5027764.172,45.38686781,-75.67910452,7002
15--3263,2015/02/18,8:53 AM,CAMPEAU DR/HWY 417 MARCH IC138R63 @ MARCH RD (0009710),9710,02 - Intersection related,02 - Non-fatal injury,03 - Rear end,01 - Clear,01 - Daylight,01 - Dry,01 - Traffic signal,01 - Functioning,2,0,0,0,01 - Minimal,1,1,,,,352842.7727,5020475.321,45.32258375,-75.88717276,7003
15--3175,2015/02/17,5:54 AM,ST. JOSEPH BLVD @ TENTH LINE RD (0009163),9163,02 - Intersection related,03 - P.D. only,03 - Rear end,01 - Clear,07 - Dark,06 - Ice,01 - Traffic signal,00 - Unknown,2,0,0,0,,0,,,,,382890.0831,5038666.183,45.48355172,-75.5010599,7004
15--3083,2015/02/15,11:47 AM,WESLOCK WAY btwn BEAVERBROOK RD & CATHERWOOD CRT (__3ZAZC0),__3ZAZC0,04 - At/near private drive,03 - P.D. only,99 - Other,01 - Clear,01 - Daylight,05 - Packed snow,10 - No control,,2,0,0,0,,0,,,,,350934.518,5020871.671,45.32627821,-75.91147596,7005
15--2993,2015/02/14,11:07 AM,MACKENZIE AVE @ RIDEAU ST (0002136),2136,03 - At intersection,03 - P.D. only,02 - Angle,03 - Snow,01 - Daylight,03 - Loose snow,01 - Traffic signal,01 - Functioning,3,0,0,0,,0,,,,,367869.6992,5032009.098,45.42517251,-75.69403519,7006
15--2722,2015/02/10,5:22 PM,CYRVILLE RD btwn LABRIE AVE & STAR TOP RD (__3ZA3SO),__3ZA3SO,01 - Non intersection,02 - Non-fatal injury,03 - Rear end,01 - Clear,07 - Dark,02 - Wet,10 - No control,,3,0,0,0,02 - Minor,2,1,1,,,373596.2066,5031609.828,45.42104032,-75.62092048,7007
15--3353,2015/02/20,12:24 PM,PICCADILLY AVE @ RICHMOND RD (0006517),6517,02 - Intersection related,03 - P.D. only,03 - Rear end,01 - Clear,01 - Daylight,04 - Slush,02 - Stop sign,00 - Unknown,2,0,0,0,,0,,,,,364217.5515,5028918.732,45.39768583,-75.7410741,7008
15--3264,2015/02/18,8:59 PM,BASELINE RD/HWY 416 RICHMOND IC75R53 @ RICHMON (0000148),148,02 - Intersection related,03 - P.D. only,99 - Other,01 - Clear,07 - Dark,02 - Wet,01 - Traffic signal,01 - Functioning,2,0,0,0,,0,,,,,358637.5926,5021821.005,45.33427179,-75.81311352,7009
15--3265,2015/02/18,9:00 AM,RIVERSIDE DR NB btwn BANK ST & RIVERSIDE DR NB RAMP FROM EB TO WB (__3ZBOEF),__3ZBOEF,04 - At/near private drive,03 - P.D. only,05 - Turning movement,01 - Clear,01 - Daylight,02 - Wet,10 - No control,,2,0,0,0,,0,,,,,369356.9112,5027967.266,45.38866985,-75.67556136,7010
15--3266,2015/02/18,9:00 PM,HWY417 IC119B RAMP57 btwn HIGHWAY 417 & O'CONNOR ST (__3ZAY7Q),__3ZAY7Q,01 - Non intersection,02 - Non-fatal injury,07 - SMV other,03 - Snow,07 - Dark,02 - Wet,10 - No control,,1,0,0,0,02 - Minor,1,,1,,,368139.5989,5030228.739,45.40912905,-75.69081535,7011
15--3267,2015/02/18,9:30 AM,SPRUCE MEADOWS DR btwn TAMARA WAY & STEEPLE CHASE DR (__3ZA438),__3ZA438,04 - At/near private drive,03 - P.D. only,06 - SMV unattended vehicle,01 - Clear,01 - Daylight,05 - Packed snow,10 - No control,,1,0,0,0,,0,,,,,355012.9213,5017197.318,45.29293583,-75.85982445,7012
15--3268,2015/02/18,9:30 AM,BASELINE RD @ WOODROFFE AVE (0002225),2225,02 - Intersection related,03 - P.D. only,03 - Rear end,01 - Clear,01 - Daylight,01 - Dry,01 - Traffic signal,01 - Functioning,2,0,0,0,,0,,,,,362548.7263,5023769.059,45.35148928,-75.76298995,7013
15--3269,2015/02/18,9:30 PM,RIDEAU ST btwn CHAPEL ST & AUGUSTA ST (__3ZA3WS),__3ZA3WS,01 - Non intersection,03 - P.D. only,06 - SMV unattended vehicle,01 - Clear,07 - Dark,02 - Wet,10 - No control,,1,0,0,0,,0,,,,,368948.3808,5032676.941,45.43108342,-75.68016519,7014
15--327,2015/01/06,9:45 AM,HIGHWAY 417 btwn HWY417 IC118 RAMP57 & HWY417 IC118 RAMP35 (__3ZA2YQ),__3ZA2YQ,01 - Non intersection,02 - Non-fatal injury,03 - Rear end,01 - Clear,01 - Daylight,01 - Dry,10 - No control,,2,0,0,0,02 - Minor,1,,1,,,369557.6702,5031093.74,45.41678224,-75.67258724,7015
15--3270,2015/02/18,9:31 AM,BUFFLEHEAD WAY btwn SPARTINA ST & FINDLAY CREEK DR (__67PTO8),__67PTO8,04 - At/near private drive,03 - P.D. only,02 - Angle,03 - Snow,01 - Daylight,05 - Packed snow,10 - No control,,2,0,0,0,,0,,,,,374730.3892,5019838.977,45.31501905,-75.60809574,7016
15--3271,2015/02/18,9:35 AM,HIGHWAY 417 btwn HWY417 IC117 RAMP26 & HWY417 IC117 RAMP61 (__3ZA2YM),__3ZA2YM,01 - Non intersection,03 - P.D. only,03 - Rear end,01 - Clear,01 - Daylight,01 - Dry,10 - No control,,2,0,0,0,,0,,,,,370949.029,5031276.973,45.41830074,-75.65478709,7017
15--3272,2015/02/19,1:10 PM,BASELINE RD @ FISHER AVE (0002346),2346,02 - Intersection related,03 - P.D. only,03 - Rear end,01 - Clear,01 - Daylight,02 - Wet,01 - Traffic signal,01 - Functioning,2,0,0,0,,0,,,,,366167.6575,5026028.051,45.37150792,-75.71652755,7018
15--3273,2015/02/19,1:29 PM,BASELINE RD @ FISHER AVE (0002346),2346,02 - Intersection related,03 - P.D. only,03 - Rear end,05 - Drifting Snow,01 - Daylight,03 - Loose snow,01 - Traffic signal,01 - Functioning,3,0,0,0,,0,,,,,366166.6936,5026029.015,45.37151668,-75.71653974,7019
15--3274,2015/02/19,1:49 PM,BANK ST btwn BOYD RD & KENNEDY RD (__3ZA27D),__3ZA27D,01 - Non intersection,03 - P.D. only,07 - SMV other,05 - Drifting Snow,01 - Daylight,03 - Loose snow,10 - No control,,1,0,0,0,,0,,,,,387304.6886,5001938.602,45.15259843,-75.45071428,7020
15--3275,2015/02/19,1:57 PM,MER BLEUE RD @ 210 S OF INNES RD (0012453),12453,02 - Intersection related,03 - P.D. only,05 - Turning movement,01 - Clear,01 - Daylight,01 - Dry,01 - Traffic signal,01 - Functioning,2,0,0,0,,0,,,,,382729.7148,5035375.31,45.45396125,-75.50363289,7021
15--3276,2015/02/19,10:00 AM,FALLOWFIELD RD btwn HWY416 IC66 RAMP34 & HWY416 IC66 RAMP63 (__3ZAZM3),__3ZAZM3,01 - Non intersection,03 - P.D. only,07 - SMV other,01 - Clear,01 - Daylight,01 - Dry,10 - No control,,1,0,0,0,,0,,,,,359987.1595,5014772.265,45.27074191,-75.79668105,7022
15--3277,2015/02/19,10:04 PM,PRINCE OF WALES DR @ STRANDHERD DR (0013339),13339,02 - Intersection related,03 - P.D. only,03 - Rear end,01 - Clear,07 - Dark,06 - Ice,01 - Traffic signal,01 - Functioning,2,0,0,0,,0,,,,,367176.2537,5014823.709,45.2706039,-75.70506332,7023
15--3533,2015/02/21,9:58 AM,WEST HUNT CLUB RD @ ANTARES DR/LASER ST (0000116),116,02 - Intersection related,03 - P.D. only,07 - SMV other,01 - Clear,01 - Daylight,01 - Dry,01 - Traffic signal,00 - Unknown,1,0,0,0,,0,,,,,367107.7113,5022080.056,45.33590171,-75.70502471,7024
15--3278,2015/02/19,10:18 AM,DALHOUSIE ST @ ST. PATRICK ST (0008242),8242,03 - At intersection,03 - P.D. only,04 - Sideswipe,01 - Clear,01 - Daylight,04 - Slush,01 - Traffic signal,01 - Functioning,2,0,0,0,,0,,,,,367958.1825,5032640.702,45.43084748,-75.69282358,7025
15--3279,2015/02/19,10:31 AM,HUNTMAR DR btwn PALLADIUM DR & MAPLE GROVE RD (__3ZA1EH),__3ZA1EH,01 - Non intersection,02 - Non-fatal injury,03 - Rear end,01 - Clear,01 - Daylight,06 - Ice,10 - No control,,2,0,0,0,02 - Minor,1,,1,,,349750.1145,5017272.77,45.29397113,-75.92691072,7026
15--328,2015/01/06,9:47 AM,WOODROFFE AVE btwn KNOXDALE RD/MEDHURST DR & NORICE ST (__3ZA3JO),__3ZA3JO,01 - Non intersection,03 - P.D. only,07 - SMV other,01 - Clear,01 - Daylight,06 - Ice,10 - No control,,1,0,0,0,,0,,,,,363245.8533,5022265.909,45.33790631,-75.75427132,7027
15--3280,2015/02/19,11:06 AM,MERIVALE RD btwn WITHROW AVE & ROSSLAND AVE (__3ZA4H5),__3ZA4H5,01 - Non intersection,03 - P.D. only,03 - Rear end,01 - Clear,01 - Daylight,02 - Wet,10 - No control,,3,0,0,0,,0,,,,,364647.2483,5024211.865,45.35529765,-75.73615661,7028
15--3281,2015/02/19,11:25 AM,BRONSON AVE @ CATHERINE ST/RAYMOND ST (0007198),7198,02 - Intersection related,03 - P.D. only,03 - Rear end,01 - Clear,01 - Daylight,01 - Dry,01 - Traffic signal,01 - Functioning,2,0,0,0,,0,,,,,367252.7085,5029795.121,45.40530718,-75.70219948,7029
15--3282,2015/02/19,11:43 AM,GREENBANK RD @ BERRIGAN DR/WESSEX RD (0004726),4726,03 - At intersection,02 - Non-fatal injury,02 - Angle,01 - Clear,01 - Daylight,02 - Wet,01 - Traffic signal,01 - Functioning,2,0,0,0,03 - Major,3,,2,1,,363721.754,5015275.943,45.27497103,-75.74903065,7030
15--3283,2015/02/19,11:54 AM,RICHMOND RD btwn TURN LANE & JOHN SUTHERLAND DR (__3ZA4LM),__3ZA4LM,01 - Non intersection,02 - Non-fatal injury,01 - Approaching,01 - Clear,01 - Daylight,04 - Slush,10 - No control,,2,0,0,0,02 - Minor,3,,3,,,358737.7077,5022044.4,45.33627422,-75.81181195,7031
15--3284,2015/02/19,11:56 AM,MEADOWLANDS DR/TALLWOOD DR @ WOODROFFE AVE (0000095),95,02 - Intersection related,03 - P.D. only,03 - Rear end,01 - Clear,01 - Daylight,03 - Loose snow,01 - Traffic signal,01 - Functioning,2,0,0,0,,0,,,,,363058.6173,5022730.012,45.34209785,-75.75660548,7032
15--3285,2015/02/19,11:57 AM,KING EDWARD AVE @ LAURIER AVE (0002170),2170,03 - At intersection,02 - Non-fatal injury,02 - Angle,03 - Snow,01 - Daylight,02 - Wet,01 - Traffic signal,01 - Functioning,2,0,0,0,02 - Minor,4,,4,,,368739.7072,5032035.065,45.42532717,-75.68291516,7033
15--3286,2015/02/19,12:03 PM,LAURIER AVE @ WALLER ST/TRANSITWAY (0002020),2020,03 - At intersection,02 - Non-fatal injury,02 - Angle,01 - Clear,01 - Daylight,01 - Dry,01 - Traffic signal,01 - Functioning,2,0,0,0,03 - Major,3,,1,2,,368453.309,5031859.433,45.42377301,-75.68659736,7034
15--3287,2015/02/19,12:30 PM,WEST HUNT CLUB RD @ WOODROFFE AVE (0000576),576,02 - Intersection related,03 - P.D. only,03 - Rear end,01 - Clear,01 - Daylight,01 - Dry,01 - Traffic signal,01 - Functioning,2,0,0,0,,0,,,,,363669.7271,5021246.007,45.32869387,-75.74898476,7035
15--3288,2015/02/19,12:48 PM,PRINCE OF WALES DR @ WEST HUNT CLUB RD (0000567),567,02 - Intersection related,02 - Non-fatal injury,03 - Rear end,01 - Clear,01 - Daylight,01 - Dry,01 - Traffic signal,01 - Functioning,2,0,0,0,01 - Minimal,1,1,,,,367459.6742,5021891.021,45.33416947,-75.70055843,7036
15--3289,2015/02/19,12:51 PM,MEADOWGLEN DR btwn WINDFLOWER WAY & ORLEANS BLVD (__3ZA611),__3ZA611,04 - At/near private drive,03 - P.D. only,02 - Angle,01 - Clear,01 - Daylight,01 - Dry,10 - No control,,2,0,0,0,,0,,,,,380237.373,5034527.512,45.44660691,-75.53562401,7037
15--329,2015/01/07,10:00 AM,KLONDIKE RD @ MARCH RD (0003096),3096,03 - At intersection,03 - P.D. only,07 - SMV other,01 - Clear,01 - Daylight,06 - Ice,01 - Traffic signal,01 - Functioning,1,0,0,0,,0,,,,,349262.971,5024062.103,45.35509438,-75.93251158,7038
15--3290,2015/02/19,12:51 PM,HIGHWAY 417 btwn HWY417 IC117 RAMP36 & HWY417 IC117 RAMP26 (__3ZAZE0),__3ZAZE0,01 - Non intersection,03 - P.D. only,03 - Rear end,01 - Clear,01 - Daylight,01 - Dry,10 - No control,,2,0,0,0,,0,,,,,370734.2081,5031190.637,45.4175442,-75.6575432,7039
15--3291,2015/02/19,2:17 PM,MEADOWLANDS DR @ MERIVALE RD (0000625),625,02 - Intersection related,03 - P.D. only,03 - Rear end,01 - Clear,01 - Daylight,01 - Dry,01 - Traffic signal,01 - Functioning,3,0,0,0,,0,,,,,364859.6638,5023724.065,45.35089033,-75.733505,7040
15--3292,2015/02/19,2:34 PM,RIVERSIDE DR NB btwn FROBISHER LANE & HINCKS LANE (__3ZAZR1),__3ZAZR1,01 - Non intersection,03 - P.D. only,04 - Sideswipe,01 - Clear,01 - Daylight,01 - Dry,10 - No control,,2,0,0,0,,0,,,,,370160.1609,5029750.142,45.40463703,-75.66506815,7041