Anom_ID,Accident_Date,Accident_Time,Location,Geo_ID,Accident_Location,Classification_of_Accident,Initial_Impact_Type,Environment_Condition,Light,Road_Surface_Condition,Traffic_Control,Traffic_Control_Condition,No__of_Vehicles,No__of_Bicycles,No__of_Motorcycles,No__of_Pedestrians,Max_Injury,No__of_Injuries,No__of_Minimal,No__of_Minor,No__of_Major,No__of_Fatal,X,Y,Latitude,Longitude,ObjectId
15--3293,2015/02/19,3:02 PM,UPLANDS DR @ GILLESPIE CRES S/FOXRUN LANE (0006878),6878,02 - Intersection related,03 - P.D. only,03 - Rear end,01 - Clear,01 - Daylight,06 - Ice,03 - Yield sign,01 - Functioning,2,0,0,0,,0,,,,,368484.346,5022917.657,45.34331467,-75.68735437,7042
15--3294,2015/02/19,3:15 PM,HIGHWAY 417 btwn HWY417 IC115 RAMP36 & HWY417 IC115 RAMP26 (__3ZA2R4),__3ZA2R4,01 - Non intersection,03 - P.D. only,03 - Rear end,01 - Clear,01 - Daylight,01 - Dry,10 - No control,,3,0,0,0,,0,,,,,372436.7798,5031519.249,45.42033838,-75.63574639,7043
15--3295,2015/02/19,3:24 PM,AGINCOURT RD @ MAITLAND AVE (0003375),3375,02 - Intersection related,03 - P.D. only,04 - Sideswipe,01 - Clear,01 - Daylight,04 - Slush,02 - Stop sign,01 - Functioning,2,0,0,0,,0,,,,,363447.6505,5025449.081,45.36653134,-75.75131919,7044
15--3296,2015/02/19,3:41 PM,IRIS ST @ WOODROFFE AVE (0002736),2736,03 - At intersection,03 - P.D. only,02 - Angle,01 - Clear,01 - Daylight,03 - Loose snow,01 - Traffic signal,01 - Functioning,2,0,0,0,,0,,,,,362281.7282,5024440.074,45.35754896,-75.76631918,7045
15--3297,2015/02/19,3:42 PM,INDUSTRIAL AVE/INNES RD @ ST. LAURENT BLVD (0002203),2203,02 - Intersection related,03 - P.D. only,03 - Rear end,01 - Clear,01 - Daylight,01 - Dry,01 - Traffic signal,01 - Functioning,2,0,0,0,,0,,,,,373100.6913,5030003.157,45.40663281,-75.6274741,7046
15--3298,2015/02/19,4:01 PM,WOODROFFE AVE btwn HWY417 IC127 RAMP53 & IRIS ST (__3ZA4L2),__3ZA4L2,04 - At/near private drive,03 - P.D. only,02 - Angle,01 - Clear,01 - Daylight,01 - Dry,10 - No control,,2,0,0,0,,0,,,,,362241.2463,5024540.315,45.35845424,-75.76682419,7047
15--2902,2015/02/13,3:30 PM,BILLINGS BRIDGESC RAMP SB @ RIVERSIDE DR SB (0010864),10864,02 - Intersection related,03 - P.D. only,03 - Rear end,01 - Clear,01 - Daylight,01 - Dry,10 - No control,,2,0,0,0,,0,,,,,369147.1382,5027918.437,45.38824981,-75.67824641,7048
15--3299,2015/02/19,4:10 PM,CARLING AVE @ CLYDE AVE/COLE AVE (0006984),6984,02 - Intersection related,03 - P.D. only,03 - Rear end,03 - Snow,01 - Daylight,03 - Loose snow,01 - Traffic signal,01 - Functioning,4,0,0,0,,0,,,,,363520.6906,5026851.024,45.37913971,-75.75022019,7049
15--33,2015/01/02,Unknown,CAVAN ST btwn CHATELAIN AVE & LEPAGE AVE (__3ZAA6S),__3ZAA6S,01 - Non intersection,03 - P.D. only,06 - SMV unattended vehicle,01 - Clear,00 - Unknown,01 - Dry,10 - No control,,1,0,0,0,,0,,,,,364584.9507,5026569.603,45.37651753,-75.73666637,7050
15--330,2015/01/07,10:10 PM,WELLINGTON ST btwn ELGIN ST & ELGIN ST (__3ZA1XK),__3ZA1XK,04 - At/near private drive,03 - P.D. only,05 - Turning movement,03 - Snow,07 - Dark,02 - Wet,10 - No control,,2,0,0,0,,0,,,,,367791.9327,5031959.987,45.42473763,-75.69503515,7051
15--3300,2015/02/19,4:11 PM,TENTH LINE RD @ CHARLEMAGNE BLVD S/DES EPINETT (0003686),3686,02 - Intersection related,03 - P.D. only,03 - Rear end,01 - Clear,01 - Daylight,01 - Dry,01 - Traffic signal,01 - Functioning,2,0,0,0,,0,,,,,383640.9751,5036900.456,45.46758093,-75.49173924,7052
15--3301,2015/02/19,4:17 PM,OGILVIE RD @ ELMRIDGE DR/JASMINE CRES N (0008801),8801,02 - Intersection related,03 - P.D. only,03 - Rear end,03 - Snow,01 - Daylight,03 - Loose snow,01 - Traffic signal,01 - Functioning,2,0,0,0,,0,,,,,375420.8149,5034060.667,45.44290975,-75.59725696,7053
15--3443,2015/02/21,10:13 AM,CHESTERTON DR @ MEADOWLANDS DR (0001110),1110,02 - Intersection related,03 - P.D. only,04 - Sideswipe,03 - Snow,01 - Daylight,06 - Ice,01 - Traffic signal,01 - Functioning,2,0,0,0,,0,,,,,365101.7036,5024009.99,45.35344227,-75.73038144,7054
15--3302,2015/02/19,4:22 PM,COLONEL BY DR @ HOG'S BACK RD (0002635),2635,02 - Intersection related,03 - P.D. only,03 - Rear end,01 - Clear,01 - Daylight,01 - Dry,01 - Traffic signal,01 - Functioning,2,0,0,0,,0,,,,,367602.7094,5025871.128,45.36996883,-75.69822818,7055
15--3303,2015/02/19,4:30 AM,CEDARVIEW RD btwn BASELINE RD & BRUIN RD (__3ZAZMH),__3ZAZMH,04 - At/near private drive,03 - P.D. only,03 - Rear end,01 - Clear,07 - Dark,01 - Dry,10 - No control,,2,0,0,0,,0,,,,,359165.3218,5021100.521,45.32774816,-75.80646011,7056
15--3304,2015/02/19,4:42 PM,BANK ST btwn ARENA PL & WHITE ALDER AVE (__3ZA29N),__3ZA29N,04 - At/near private drive,02 - Non-fatal injury,05 - Turning movement,01 - Clear,01 - Daylight,01 - Dry,10 - No control,,2,0,0,0,01 - Minimal,2,2,,,,375688.1114,5020837.104,45.32390376,-75.59573946,7057
15--3305,2015/02/19,4:42 PM,CLARIDGE DR @ OAKFIELD CRES (0011039),11039,02 - Intersection related,03 - P.D. only,05 - Turning movement,01 - Clear,01 - Daylight,04 - Slush,02 - Stop sign,00 - Unknown,2,0,0,0,,0,,,,,364909.3187,5015453.284,45.27646622,-75.73387478,7058
15--3306,2015/02/19,4:45 PM,ISLAND PARK DR @ SCOTT ST (0002126),2126,02 - Intersection related,03 - P.D. only,03 - Rear end,01 - Clear,01 - Daylight,06 - Ice,01 - Traffic signal,01 - Functioning,2,0,0,0,,0,,,,,363832.9688,5029040.193,45.39881124,-75.74597131,7059
15--3307,2015/02/19,4:48 PM,MACKENZIE KING BR/WALLER ST @ NICHOLAS ST/WALL (0011251),11251,02 - Intersection related,03 - P.D. only,03 - Rear end,01 - Clear,01 - Daylight,02 - Wet,01 - Traffic signal,01 - Functioning,2,0,0,0,,0,,,,,368371.6373,5031993.373,45.42498559,-75.68762363,7060
15--3308,2015/02/19,4:57 PM,EARL MULLIGAN DR @ WOODROFFE AVE (0000591),591,02 - Intersection related,02 - Non-fatal injury,03 - Rear end,01 - Clear,01 - Daylight,01 - Dry,01 - Traffic signal,00 - Unknown,2,0,0,0,02 - Minor,1,,1,,,365249.7373,5017505.014,45.29489842,-75.72928639,7061
15--3309,2015/02/19,4:59 PM,ST. LAURENT BLVD @ WALKLEY RD (0007653),7653,02 - Intersection related,03 - P.D. only,03 - Rear end,01 - Clear,01 - Daylight,01 - Dry,01 - Traffic signal,01 - Functioning,3,0,0,0,,0,,,,,373902.7501,5028048.301,45.38896521,-75.61750305,7062
15--331,2015/01/07,10:15 AM,BANNER RD @ GREENBANK RD (0000644),644,03 - At intersection,03 - P.D. only,05 - Turning movement,06 - Strong wind,01 - Daylight,04 - Slush,01 - Traffic signal,01 - Functioning,2,0,0,0,,0,,,,,361020.3693,5021566.977,45.33179919,-75.78274408,7063
15--3310,2015/02/19,5:10 PM,OR174 IC105 RAMP25 btwn JEANNE D'ARC BLVD S & REGIONAL ROAD 174 (__3ZAY08),__3ZAY08,01 - Non intersection,03 - P.D. only,07 - SMV other,01 - Clear,01 - Daylight,02 - Wet,10 - No control,,1,0,0,0,,0,,,,,379474.4147,5036949.824,45.46848299,-75.5450083,7064
15--3311,2015/02/19,5:44 PM,IONA ST @ ISLAND PARK DR (0006683),6683,03 - At intersection,03 - P.D. only,02 - Angle,01 - Clear,05 - Dusk,02 - Wet,01 - Traffic signal,01 - Functioning,2,0,0,0,,0,,,,,364350.6683,5028384.105,45.39286405,-75.73943851,7065
15--3312,2015/02/19,5:52 PM,STRATHBURY ST btwn SADDLEBROOK ST & CASTLETON ST (__3ZA5QC),__3ZA5QC,01 - Non intersection,03 - P.D. only,06 - SMV unattended vehicle,01 - Clear,07 - Dark,01 - Dry,10 - No control,,1,0,0,0,,0,,,,,361926.1698,5022195.05,45.33737742,-75.77111637,7066
15--3313,2015/02/19,5:58 PM,RAMSAYVILLE RD btwn WHYTE SIDE RD & LEITRIM RD (__3ZA6GH),__3ZA6GH,01 - Non intersection,03 - P.D. only,01 - Approaching,03 - Snow,05 - Dusk,05 - Packed snow,10 - No control,,2,0,0,0,,0,,,,,378690.1454,5023970.372,45.35178567,-75.55698224,7067
15--3314,2015/02/19,6:00 PM,TERRY FOX DR btwn HWY417 IC140 RAMP61 & HWY417 IC140 RAMP16 (__3ZA2XO),__3ZA2XO,01 - Non intersection,02 - Non-fatal injury,03 - Rear end,06 - Strong wind,07 - Dark,02 - Wet,10 - No control,,3,0,0,0,01 - Minimal,1,1,,,,350821.1077,5018694.982,45.30669926,-75.91312485,7068
15--3315,2015/02/19,6:15 PM,INNES RD btwn VISENEAU DR & BELCOURT BLVD (__3ZA3JX),__3ZA3JX,01 - Non intersection,03 - P.D. only,04 - Sideswipe,01 - Clear,07 - Dark,01 - Dry,10 - No control,,2,0,0,0,,0,,,,,382074.7947,5035240.54,45.45282143,-75.51202626,7069
15--3316,2015/02/19,6:26 PM,TYRRELL PL @ MOODIE DR (0010386),10386,03 - At intersection,02 - Non-fatal injury,05 - Turning movement,01 - Clear,07 - Dark,02 - Wet,01 - Traffic signal,01 - Functioning,2,0,0,0,01 - Minimal,2,2,,,,357326.8679,5019854.696,45.3166781,-75.83004382,7070
15--3317,2015/02/19,6:30 PM,NICHOLAS ST NB btwn LAURIER AVE E & WALLER ST (__5D2DO8),__5D2DO8,01 - Non intersection,03 - P.D. only,03 - Rear end,01 - Clear,07 - Dark,02 - Wet,10 - No control,,2,0,0,0,,0,,,,,368456.2633,5031733.673,45.4226412,-75.68657587,7071
15--3318,2015/02/19,6:43 PM,RAMSAYVILLE RD btwn WALKLEY EXTENSION RD & RIDGE RD (__3ZA2ER),__3ZA2ER,01 - Non intersection,03 - P.D. only,04 - Sideswipe,03 - Snow,07 - Dark,05 - Packed snow,10 - No control,,2,0,0,0,,0,,,,,376539.3542,5029238.221,45.39940636,-75.58366275,7072
15--3319,2015/02/19,6:53 PM,HIGHWAY 417 btwn HWY417 IC121A RAMP16 & HWY417 IC121A RAMP61 (__3ZA2YY),__3ZA2YY,01 - Non intersection,03 - P.D. only,07 - SMV other,01 - Clear,07 - Dark,01 - Dry,10 - No control,,1,0,0,0,,0,,,,,367276.438,5029766.876,45.40505092,-75.70189996,7073
15--332,2015/01/07,10:16 AM,GUTHRIE ST @ MONTEREY DR (0001319),1319,03 - At intersection,02 - Non-fatal injury,07 - SMV other,03 - Snow,01 - Daylight,04 - Slush,02 - Stop sign,01 - Functioning,1,0,0,1,01 - Minimal,1,1,,,,360319.3165,5022250.013,45.33800096,-75.79161075,7074
15--3320,2015/02/19,7:15 AM,FALLOWFIELD RD btwn KOLO DR & BILTMORE CRES (__4LVLON),__4LVLON,01 - Non intersection,03 - P.D. only,07 - SMV other,01 - Clear,01 - Daylight,05 - Packed snow,10 - No control,,1,0,0,0,,0,,,,,346220.9552,5004256.483,45.17706134,-75.97298733,7075
15--3321,2015/02/19,7:18 AM,LONGFIELDS DR @ MOUNTSHANNON DR W (0010533),10533,02 - Intersection related,03 - P.D. only,03 - Rear end,01 - Clear,01 - Daylight,02 - Wet,02 - Stop sign,00 - Unknown,2,0,0,0,,0,,,,,364265.0754,5016433.211,45.28533838,-75.74196787,7076
15--3322,2015/02/19,7:20 AM,COLONNADE RD @ COLONNADE RD E (0004588),4588,02 - Intersection related,03 - P.D. only,99 - Other,01 - Clear,01 - Daylight,03 - Loose snow,01 - Traffic signal,01 - Functioning,2,0,0,0,,0,,,,,367231.3,5023194.564,45.34591886,-75.70330737,7077
15--3323,2015/02/19,7:40 PM,BESSERER ST @ NICHOLAS ST (0007614),7614,03 - At intersection,03 - P.D. only,05 - Turning movement,01 - Clear,07 - Dark,01 - Dry,01 - Traffic signal,01 - Functioning,2,0,0,0,,0,,,,,368186.6728,5032110.134,45.42605295,-75.68997201,7078
15--3324,2015/02/19,7:45 PM,INDUSTRIAL AVE @ TRAINYARDS DR (0011906),11906,02 - Intersection related,03 - P.D. only,04 - Sideswipe,01 - Clear,07 - Dark,05 - Packed snow,01 - Traffic signal,01 - Functioning,2,0,0,0,,0,,,,,371684.0274,5030537.069,45.41157352,-75.64549718,7079
15--3325,2015/02/19,7:47 PM,ALBERT ST btwn METCALFE ST & ELGIN ST (__3ZA353),__3ZA353,01 - Non intersection,03 - P.D. only,04 - Sideswipe,03 - Snow,07 - Dark,05 - Packed snow,10 - No control,,2,0,0,0,,0,,,,,367700.1377,5031618.36,45.42167205,-75.69625169,7080
15--3326,2015/02/19,7:52 AM,BLACKBURN BYPASS WB btwn NAVAN RD & 1700 W OF NAVAN RD (__3ZA3J5B),__3ZA3J5B,01 - Non intersection,03 - P.D. only,04 - Sideswipe,01 - Clear,01 - Daylight,04 - Slush,10 - No control,,2,0,0,0,,0,,,,,379543.5397,5033208.051,45.43480989,-75.54469297,7081
15--3327,2015/02/19,8:00 PM,HWY417 IC117 RAMP61 btwn HWY417 IC117 RAMP63 & HIGHWAY 417 (__3ZAY0Y),__3ZAY0Y,01 - Non intersection,03 - P.D. only,07 - SMV other,01 - Clear,07 - Dark,06 - Ice,10 - No control,,1,0,0,0,,0,,,,,371170.3092,5031378.363,45.41919204,-75.65194636,7082
15--3328,2015/02/19,8:28 PM,DATA CENTRE RD @ RIVERSIDE DR (0010863),10863,03 - At intersection,03 - P.D. only,02 - Angle,01 - Clear,07 - Dark,01 - Dry,01 - Traffic signal,01 - Functioning,2,0,0,0,,0,,,,,368896.4851,5027672.389,45.38605893,-75.68147903,7083
15--3329,2015/02/19,8:32 AM,HERRIDGE ST @ MAIN ST (0007201),7201,02 - Intersection related,03 - P.D. only,03 - Rear end,01 - Clear,01 - Daylight,01 - Dry,02 - Stop sign,01 - Functioning,3,0,0,0,,0,,,,,369217.7479,5030047.105,45.40739636,-75.67706678,7084
15--333,2015/01/07,10:22 AM,CHATELAIN AVE @ LARKIN ST (0002617),2617,03 - At intersection,03 - P.D. only,02 - Angle,01 - Clear,01 - Daylight,03 - Loose snow,02 - Stop sign,01 - Functioning,2,0,0,0,,0,,,,,364407.9131,5026498.208,45.37589021,-75.7389352,7085
15--3330,2015/02/19,8:40 AM,FRASER AVE @ BYRON AVE (0006220),6220,03 - At intersection,03 - P.D. only,02 - Angle,01 - Clear,01 - Daylight,02 - Wet,02 - Stop sign,01 - Functioning,2,0,0,0,,0,,,,,362506.2217,5027654.709,45.38645546,-75.76307848,7086
15--3331,2015/02/19,8:44 AM,HIGHWAY 417 btwn HWY417 IC129 RAMP26 & HWY417 IC129 RAMP61 (__3ZA2UO),__3ZA2UO,01 - Non intersection,03 - P.D. only,03 - Rear end,01 - Clear,01 - Daylight,01 - Dry,10 - No control,,2,0,0,0,,0,,,,,360564.7302,5023636.214,45.35045452,-75.78832341,7087
15--3332,2015/02/19,8:45 AM,BRONSON AVE @ CARLING AVE/GLEBE AVE (0002134),2134,02 - Intersection related,03 - P.D. only,04 - Sideswipe,03 - Snow,01 - Daylight,04 - Slush,01 - Traffic signal,01 - Functioning,2,0,0,0,,0,,,,,367447.707,5029335.08,45.40115044,-75.69976717,7088
15--3333,2015/02/19,8:49 AM,RIVERSIDE DR @ BROOKFIELD RD/HOG'S BACK RD (0001627),1627,02 - Intersection related,03 - P.D. only,03 - Rear end,01 - Clear,01 - Daylight,02 - Wet,01 - Traffic signal,01 - Functioning,2,0,0,0,,0,,,,,368166.7471,5026221.076,45.37306681,-75.6909832,7089
15--3334,2015/02/19,9:12 AM,BASELINE RD @ WOODROFFE AVE (0002225),2225,02 - Intersection related,03 - P.D. only,03 - Rear end,01 - Clear,01 - Daylight,01 - Dry,01 - Traffic signal,01 - Functioning,2,0,0,0,,0,,,,,362550.6541,5023770.023,45.3514978,-75.76296524,7090
15--3335,2015/02/19,9:18 AM,JASMINE CRES btwn OGILVIE RD & ARROWSMITH DR (__3ZA7WI),__3ZA7WI,01 - Non intersection,02 - Non-fatal injury,06 - SMV unattended vehicle,01 - Clear,01 - Daylight,04 - Slush,10 - No control,,1,0,0,0,02 - Minor,3,1,2,,,375442.5562,5033673.941,45.43942802,-75.59703458,7091
15--3336,2015/02/19,9:30 AM,FIELD ST @ WOODROFFE AVE (0005077),5077,02 - Intersection related,03 - P.D. only,03 - Rear end,01 - Clear,01 - Daylight,02 - Wet,02 - Stop sign,00 - Unknown,2,0,0,0,,0,,,,,362417.6923,5024106.025,45.35453206,-75.76462285,7092
15--3337,2015/02/19,9:35 PM,CARRUTHERS AVE @ SCOTT ST (0006480),6480,03 - At intersection,02 - Non-fatal injury,07 - SMV other,01 - Clear,07 - Dark,03 - Loose snow,01 - Traffic signal,01 - Functioning,1,0,0,1,01 - Minimal,1,1,,,,365152.3271,5029849.264,45.40597859,-75.72902164,7093
15--3338,2015/02/19,9:54 AM,WOODROFFE AVE @ KNOXDALE RD/MEDHURST DR (0000519),519,02 - Intersection related,03 - P.D. only,03 - Rear end,01 - Clear,01 - Daylight,02 - Wet,01 - Traffic signal,01 - Functioning,2,0,0,0,,0,,,,,363418.726,5021826.005,45.33393367,-75.75211788,7094
15--3339,2015/02/19,9:55 AM,ISABELLA ST/HWY 417 O'CONN IC119BR57 @ O'CONNO (0001698),1698,03 - At intersection,03 - P.D. only,04 - Sideswipe,01 - Clear,01 - Daylight,02 - Wet,01 - Traffic signal,01 - Functioning,2,0,0,0,,0,,,,,368296.968,5030310.747,45.40985267,-75.68879454,7095
15--334,2015/01/07,10:30 PM,HIGHWAY 417 btwn HWY417 IC112 RAMP55 & HIGHWAY 417 (__3ZAZPP),__3ZAZPP,01 - Non intersection,03 - P.D. only,07 - SMV other,01 - Clear,07 - Dark,06 - Ice,10 - No control,,1,0,0,0,,0,,,,,374993.9352,5030654.286,45.41230402,-75.60319856,7096
15--3340,2015/02/20,1:24 PM,CARLING AVE @ MERIVALE RD (0002148),2148,02 - Intersection related,03 - P.D. only,04 - Sideswipe,01 - Clear,01 - Daylight,01 - Dry,01 - Traffic signal,01 - Functioning,2,0,0,0,,0,,,,,364892.7761,5027701.026,45.38667153,-75.73259869,7097
15--3341,2015/02/20,1:39 PM,CYRVILLE RD btwn STAR TOP RD & MEADOWBROOK RD (__3ZA3SN),__3ZA3SN,01 - Non intersection,03 - P.D. only,03 - Rear end,01 - Clear,01 - Daylight,02 - Wet,10 - No control,,2,0,0,0,,0,,,,,373911.1698,5031487.211,45.41990603,-75.61691355,7098
15--3342,2015/02/20,10:07 AM,HOLLAND AVE @ SHERWOOD DR (0006392),6392,03 - At intersection,02 - Non-fatal injury,02 - Angle,01 - Clear,01 - Daylight,06 - Ice,02 - Stop sign,01 - Functioning,2,0,0,0,01 - Minimal,1,1,,,,365148.7367,5028649.038,45.39517954,-75.72921436,7099
15--3343,2015/02/20,10:16 AM,RIVERSIDE DR @ PLEASANT PARK RD (0007296),7296,02 - Intersection related,03 - P.D. only,03 - Rear end,01 - Clear,01 - Daylight,02 - Wet,01 - Traffic signal,01 - Functioning,2,0,0,0,,0,,,,,369560.2871,5028415.496,45.3926841,-75.67290555,7100
15--3344,2015/02/20,10:37 AM,BRIAN COBURN BLVD @ GERRY LALONDE DR/JEROME JODOIN DR (0014327),14327,03 - At intersection,03 - P.D. only,05 - Turning movement,01 - Clear,01 - Daylight,01 - Dry,02 - Stop sign,00 - Unknown,2,0,0,0,,0,,,,,383523.5359,5034614.313,45.44702549,-75.49360687,7101
15--3345,2015/02/20,10:50 PM,WOODROFFE AVE btwn HWY417 IC127 RAMP53 & IRIS ST (__3ZA4L2),__3ZA4L2,01 - Non intersection,02 - Non-fatal injury,03 - Rear end,01 - Clear,07 - Dark,01 - Dry,10 - No control,,2,0,0,0,02 - Minor,1,,1,,,362242.0102,5024545.384,45.35849979,-75.76681385,7102
15--3346,2015/02/20,10:56 AM,CLARE ST @ TWEEDSMUIR AVE (0006244),6244,02 - Intersection related,03 - P.D. only,99 - Other,01 - Clear,01 - Daylight,03 - Loose snow,02 - Stop sign,01 - Functioning,2,0,0,0,,0,,,,,363776.7278,5027849.067,45.38809844,-75.746832,7103
15--3347,2015/02/20,11:34 AM,HOBART CRES btwn ESTELLE CRES & JANSEN RD (2) (__3ZABQU),__3ZABQU,04 - At/near private drive,03 - P.D. only,06 - SMV unattended vehicle,01 - Clear,01 - Daylight,03 - Loose snow,10 - No control,,1,0,0,0,,0,,,,,360125.6471,5020893.011,45.32580594,-75.79423333,7104
15--3348,2015/02/20,11:54 AM,GIBFORD DR btwn GIBFORD DR & DEAN MARTIN CRES (__3ZAZ06),__3ZAZ06,01 - Non intersection,03 - P.D. only,01 - Approaching,01 - Clear,01 - Daylight,05 - Packed snow,10 - No control,,2,0,0,0,,0,,,,,370007.3392,5022922.641,45.34321959,-75.66792155,7105
15--3349,2015/02/20,11:55 AM,LAVERENDRYE DR @ OGILVIE RD (0009436),9436,03 - At intersection,03 - P.D. only,02 - Angle,01 - Clear,01 - Daylight,01 - Dry,02 - Stop sign,01 - Functioning,2,0,0,0,,0,,,,,375412.2894,5035187.983,45.45305353,-75.59720413,7106
15--335,2015/01/07,10:39 AM,PALLADIUM DR @ SILVER SEVEN RD (0011839),11839,02 - Intersection related,03 - P.D. only,02 - Angle,05 - Drifting Snow,01 - Daylight,05 - Packed snow,01 - Traffic signal,01 - Functioning,2,0,0,0,,0,,,,,351052.5086,5017889.249,45.29943386,-75.91024928,7107
15--3350,2015/02/20,12:03 PM,CYR AVE @ MONTREAL RD (0009803),9803,03 - At intersection,03 - P.D. only,02 - Angle,01 - Clear,01 - Daylight,02 - Wet,02 - Stop sign,01 - Functioning,2,0,0,0,,0,,,,,370219.7455,5033148.108,45.43520501,-75.6638559,7108
15--3351,2015/02/20,12:15 PM,MERIVALE RD btwn WITHROW AVE & ROSSLAND AVE (__3ZA4H5),__3ZA4H5,01 - Non intersection,03 - P.D. only,03 - Rear end,01 - Clear,01 - Daylight,01 - Dry,10 - No control,,3,0,0,0,,0,,,,,364650.1398,5024212.829,45.35530607,-75.73611959,7109
15--3352,2015/02/20,12:18 AM,PRINCE OF WALES DR btwn NORMANDY CRES & FALAISE RD (1) (__3ZA36P),__3ZA36P,01 - Non intersection,03 - P.D. only,07 - SMV other,03 - Snow,07 - Dark,02 - Wet,10 - No control,,1,0,0,0,,0,,,,,367484.8028,5024707.406,45.35950849,-75.69988091,7110
15--3176,2015/02/17,6:15 PM,HIGHWAY 417 btwn HWY417 IC117 RAMP26 & HWY417 IC117 RAMP61 (__3ZA2YM),__3ZA2YM,01 - Non intersection,03 - P.D. only,03 - Rear end,01 - Clear,07 - Dark,01 - Dry,10 - No control,,4,0,0,0,,0,,,,,370833.5055,5031218.489,45.41778543,-75.65627086,7111
15--2723,2015/02/10,5:23 PM,ALTA VISTA DR @ KILBORN AVE (0008082),8082,02 - Intersection related,03 - P.D. only,04 - Sideswipe,01 - Clear,07 - Dark,02 - Wet,01 - Traffic signal,00 - Unknown,2,0,0,0,,0,,,,,370364.7592,5027751.057,45.38663086,-75.66272051,7112
15--3354,2015/02/20,12:31 PM,COVENTRY RD @ VANIER PKWY (0002139),2139,02 - Intersection related,02 - Non-fatal injury,03 - Rear end,01 - Clear,01 - Daylight,06 - Ice,01 - Traffic signal,01 - Functioning,2,0,0,0,01 - Minimal,1,1,,,,370676.3849,5031610.257,45.42132521,-75.65822583,7113
15--2994,2015/02/14,11:07 AM,CALAVERAS AVE @ PALMADEO DR (0010203),10203,03 - At intersection,03 - P.D. only,02 - Angle,03 - Snow,01 - Daylight,03 - Loose snow,02 - Stop sign,01 - Functioning,2,0,0,0,,0,,,,,365047.3401,5015907.03,45.2805372,-75.73206071,7114
15--3084,2015/02/15,12:15 PM,ALTA VISTA DR btwn PALEN AVE & WESMAR DR (__3ZBOUL),__3ZBOUL,01 - Non intersection,03 - P.D. only,06 - SMV unattended vehicle,01 - Clear,01 - Daylight,01 - Dry,10 - No control,,1,0,0,0,,0,,,,,370454.0015,5027126.909,45.38100663,-75.66166399,7115
15--2724,2015/02/10,5:31 PM,BANK ST @ HERON RD (0002155),2155,02 - Intersection related,03 - P.D. only,03 - Rear end,01 - Clear,05 - Dusk,02 - Wet,01 - Traffic signal,01 - Functioning,2,0,0,0,,0,,,,,369994.7561,5026851.06,45.37856752,-75.6675639,7116
15--3355,2015/02/20,12:56 PM,REGINA ST btwn LINCOLN HEIGHTS RD & ASSALY RD (__3ZABY3),__3ZABY3,01 - Non intersection,02 - Non-fatal injury,04 - Sideswipe,01 - Clear,01 - Daylight,01 - Dry,10 - No control,,2,0,0,0,01 - Minimal,2,2,,,,360649.3546,5025582.226,45.36795792,-75.78702362,7117
15--3177,2015/02/17,6:30 AM,HIGHWAY 417 btwn HWY417 IC118 RAMP57 & HWY417 IC118 RAMP35 (__3ZA2YQ),__3ZA2YQ,01 - Non intersection,03 - P.D. only,03 - Rear end,01 - Clear,03 - Dawn,06 - Ice,10 - No control,,2,0,0,0,,0,,,,,369438.5366,5031026.592,45.41618908,-75.67411806,7118
15--3444,2015/02/21,10:19 AM,GRANT CARMAN DR @ MEADOWLANDS DR (0001111),1111,02 - Intersection related,03 - P.D. only,03 - Rear end,03 - Snow,01 - Daylight,03 - Loose snow,01 - Traffic signal,01 - Functioning,2,0,0,0,,0,,,,,365050.7302,5023901.989,45.35247487,-75.73104511,7119
15--3534,2015/02/22,10:30 PM,LEITRIM RD btwn FENTON RD & BANK ST (__3ZA3SF),__3ZA3SF,01 - Non intersection,03 - P.D. only,07 - SMV other,05 - Drifting Snow,07 - Dark,06 - Ice,10 - No control,,1,0,0,0,,0,,,,,374926.3484,5021325.37,45.3283735,-75.60538628,7120
15--2903,2015/02/13,3:35 PM,CASTLEFRANK RD @ KATIMAVIK RD (0003228),3228,03 - At intersection,03 - P.D. only,05 - Turning movement,01 - Clear,01 - Daylight,01 - Dry,01 - Traffic signal,01 - Functioning,2,0,0,0,,0,,,,,351951.4168,5018941.106,45.30883897,-75.89868817,7121
15--2995,2015/02/14,11:09 AM,RIVERSIDE DR @ TREMBLAY RD/HWY417 IC117 RAMP52 (0010790),10790,02 - Intersection related,03 - P.D. only,03 - Rear end,05 - Drifting Snow,01 - Daylight,06 - Ice,01 - Traffic signal,01 - Functioning,2,0,0,0,,0,,,,,370801.1142,5031016.39,45.41597009,-75.65671175,7122
15--2904,2015/02/13,3:37 PM,INDUSTRIAL AVE @ RIVERSIDE DR (0011905),11905,02 - Intersection related,03 - P.D. only,03 - Rear end,01 - Clear,01 - Daylight,02 - Wet,01 - Traffic signal,01 - Functioning,2,0,0,0,,0,,,,,370683.9852,5030593.642,45.41217741,-75.65826465,7123
15--3085,2015/02/15,12:26 AM,FIRST (1ST) ST @ PARKIN CIRC (0013128),13128,03 - At intersection,03 - P.D. only,07 - SMV other,03 - Snow,07 - Dark,03 - Loose snow,02 - Stop sign,00 - Unknown,1,0,0,0,,0,,,,,372707.2447,5023015.37,45.34379777,-75.63346055,7124