Anom_ID,Accident_Date,Accident_Time,Location,Geo_ID,Accident_Location,Classification_of_Accident,Initial_Impact_Type,Environment_Condition,Light,Road_Surface_Condition,Traffic_Control,Traffic_Control_Condition,No__of_Vehicles,No__of_Bicycles,No__of_Motorcycles,No__of_Pedestrians,Max_Injury,No__of_Injuries,No__of_Minimal,No__of_Minor,No__of_Major,No__of_Fatal,X,Y,Latitude,Longitude,ObjectId
15--3535,2015/02/22,11:06 AM,BANK ST @ DAVIDSON RD/LESTER RD (0008797),8797,03 - At intersection,03 - P.D. only,02 - Angle,01 - Clear,01 - Daylight,02 - Wet,01 - Traffic signal,01 - Functioning,2,0,0,0,,0,,,,,373673.702,5022922.067,45.34286404,-75.62114238,7125
15--2725,2015/02/10,5:34 PM,CARLING AVE @ CLYDE AVE/COLE AVE (0006984),6984,03 - At intersection,03 - P.D. only,05 - Turning movement,01 - Clear,07 - Dark,01 - Dry,01 - Traffic signal,01 - Functioning,2,0,0,0,,0,,,,,363519.7267,5026851.024,45.37913979,-75.75023249,7126
15--3445,2015/02/21,10:20 PM,WELLINGTON ST btwn TURN LANE & Continuation of WELLINGTON ST (__3ZBPOI),__3ZBPOI,01 - Non intersection,03 - P.D. only,07 - SMV other,03 - Snow,07 - Dark,03 - Loose snow,10 - No control,,1,0,0,0,,0,,,,,366605.0657,5031307.889,45.41897612,-75.7102823,7127
15--3356,2015/02/20,2:00 PM,COLONNADE RD    S btwn COLONNADE RD & CONCOURSE GT (__3ZA00D),__3ZA00D,04 - At/near private drive,03 - P.D. only,02 - Angle,01 - Clear,01 - Daylight,01 - Dry,10 - No control,,2,0,0,0,,0,,,,,366807.7717,5022809.709,45.34249358,-75.70875979,7128
15--2996,2015/02/14,11:10 AM,BANK ST @ ROSEBELLA AVE (0009238),9238,03 - At intersection,02 - Non-fatal injury,02 - Angle,03 - Snow,01 - Daylight,03 - Loose snow,01 - Traffic signal,01 - Functioning,2,0,0,0,02 - Minor,1,,1,,,373207.6708,5023550.032,45.34855984,-75.6270016,7129
15--2905,2015/02/13,3:55 PM,RIVERSIDE DR @ SMYTH RD NORTH SIDE RAMP (0011479),11479,02 - Intersection related,03 - P.D. only,03 - Rear end,01 - Clear,01 - Daylight,01 - Dry,01 - Traffic signal,01 - Functioning,2,0,0,0,,0,,,,,369939.4937,5029315.299,45.40074504,-75.66794416,7130
15--3086,2015/02/15,12:52 PM,BANFF AVE btwn KITCHENER AVE & LEDBURY AVE (__3ZBOQZ),__3ZBOQZ,01 - Non intersection,03 - P.D. only,06 - SMV unattended vehicle,03 - Snow,01 - Daylight,03 - Loose snow,10 - No control,,1,0,0,0,,0,,,,,370768.1615,5025502.691,45.36636295,-75.65786986,7131
15--3446,2015/02/21,10:22 AM,CLOVER ST @ HERON RD (0006837),6837,02 - Intersection related,02 - Non-fatal injury,03 - Rear end,03 - Snow,01 - Daylight,04 - Slush,01 - Traffic signal,01 - Functioning,2,0,0,0,01 - Minimal,1,1,,,,369293.1749,5026763.855,45.37784781,-75.67653246,7132
15--3357,2015/02/20,2:17 PM,MITCH OWENS RD btwn SALE BARN RD & HAWTHORNE RD (__3ZA2CT),__3ZA2CT,01 - Non intersection,03 - P.D. only,07 - SMV other,01 - Clear,01 - Daylight,01 - Dry,10 - No control,,1,0,0,0,,0,,,,,378832.3614,5016630.15,45.28572704,-75.55626455,7133
15--3536,2015/02/22,11:43 AM,LONE MEADOW TR btwn TRAILWAY CIRC & HOLLY RDG (2) (__3ZBNB1),__3ZBNB1,04 - At/near private drive,03 - P.D. only,06 - SMV unattended vehicle,03 - Snow,01 - Daylight,05 - Packed snow,10 - No control,,1,0,0,0,,0,,,,,350932.8683,5014220.803,45.26643193,-75.91211573,7134
15--3178,2015/02/17,6:37 AM,ST. JOSEPH BLVD @ TENTH LINE RD (0009163),9163,02 - Intersection related,03 - P.D. only,04 - Sideswipe,01 - Clear,03 - Dawn,06 - Ice,01 - Traffic signal,01 - Functioning,2,0,0,0,,0,,,,,382890.8038,5038665.971,45.48354973,-75.50105072,7135
15--2726,2015/02/10,5:36 PM,INNES RD btwn BANTREE ST & STAR TOP RD (__3ZA2XP),__3ZA2XP,01 - Non intersection,03 - P.D. only,03 - Rear end,01 - Clear,07 - Dark,02 - Wet,10 - No control,,2,0,0,0,,0,,,,,374084.1564,5030628.123,45.41215928,-75.61482422,7136
15--2997,2015/02/14,11:23 AM,ALBION RD @ LESTER RD (0004175),4175,02 - Intersection related,03 - P.D. only,04 - Sideswipe,03 - Snow,01 - Daylight,03 - Loose snow,01 - Traffic signal,01 - Functioning,3,0,0,0,,0,,,,,372681.2426,5022337.111,45.33769755,-75.63388538,7137
15--2906,2015/02/13,4:16 PM,CARLING AVE @ ISLAND PARK DR (0010785),10785,03 - At intersection,03 - P.D. only,02 - Angle,01 - Clear,01 - Daylight,01 - Dry,01 - Traffic signal,01 - Functioning,2,0,0,0,,0,,,,,365349.6634,5027995.133,45.38927849,-75.72672857,7138
15--3087,2015/02/15,2:20 PM,HWY417 IC122 RAMP16 btwn HIGHWAY 417 & WESTMOUNT AVE (__3ZAY94),__3ZAY94,01 - Non intersection,03 - P.D. only,03 - Rear end,06 - Strong wind,01 - Daylight,02 - Wet,10 - No control,,3,0,0,0,,0,,,,,365173.5213,5028779.129,45.39634793,-75.72888192,7139
15--3447,2015/02/21,10:24 AM,OGILVIE RD btwn LASSITER TER & LASSITER TER (__3ZA70K),__3ZA70K,01 - Non intersection,03 - P.D. only,07 - SMV other,03 - Snow,01 - Daylight,05 - Packed snow,10 - No control,,1,0,0,0,,0,,,,,375492.0182,5034927.868,45.45070511,-75.59622228,7140
15--3358,2015/02/20,2:55 PM,CONROY RD @ WALKLEY RD (0002648),2648,02 - Intersection related,03 - P.D. only,03 - Rear end,01 - Clear,01 - Daylight,01 - Dry,01 - Traffic signal,01 - Functioning,3,0,0,0,,0,,,,,372903.7226,5027463.049,45.38379722,-75.63034069,7141
15--3537,2015/02/22,Unknown,VALLEYWOOD PL btwn LONGLEAF DR & RAINTREE DR (__3ZAZWH),__3ZAZWH,01 - Non intersection,03 - P.D. only,06 - SMV unattended vehicle,01 - Clear,00 - Unknown,01 - Dry,10 - No control,,1,0,0,0,,0,,,,,380700.9684,5033674.978,45.43888628,-75.52982985,7142
15--3538,2015/02/22,12:14 PM,CAMERON ST @ REGIONAL RD 174 (0012883),12883,02 - Intersection related,02 - Non-fatal injury,03 - Rear end,01 - Clear,01 - Daylight,02 - Wet,01 - Traffic signal,01 - Functioning,2,0,0,0,01 - Minimal,1,1,,,,389861.7375,5042617.082,45.51828254,-75.411208,7143
15--3539,2015/02/22,12:16 PM,HIGHWAY 416 btwn HWY416 IC57 RAMP53 & HWY416 IC49 RAMP34 (__3ZAZJC),__3ZAZJC,01 - Non intersection,03 - P.D. only,07 - SMV other,03 - Snow,01 - Daylight,03 - Loose snow,10 - No control,,1,0,0,0,,0,,,,,365240.1987,5007163.531,45.20184638,-75.73066524,7144
15--354,2015/01/07,2:30 PM,MACASSA CIRC btwn Continuation of MACASSA CIRC & KANATA AVE (__3EXRZY),__3EXRZY,04 - At/near private drive,03 - P.D. only,06 - SMV unattended vehicle,01 - Clear,01 - Daylight,05 - Packed snow,10 - No control,,1,0,0,0,,0,,,,,350393.1503,5019408.92,45.31315138,-75.91851632,7145
15--3540,2015/02/22,12:28 AM,BASELINE RD @ FARLANE BLVD (0002725),2725,03 - At intersection,03 - P.D. only,07 - SMV other,03 - Snow,07 - Dark,03 - Loose snow,01 - Traffic signal,01 - Functioning,1,0,0,0,,0,,,,,365356.6921,5025516.088,45.36697192,-75.72694284,7146
15--3541,2015/02/22,12:29 PM,BLACKTHORNE AVE btwn FAIRHAVEN WAY & CODD'S RD (__3ZA7SH),__3ZA7SH,04 - At/near private drive,03 - P.D. only,06 - SMV unattended vehicle,01 - Clear,01 - Daylight,02 - Wet,10 - No control,,1,0,0,0,,0,,,,,372678.1858,5034469.476,45.44685969,-75.63225535,7147
15--3542,2015/02/22,12:30 PM,PLACE D'ORLEANS DR btwn CENTRUM BLVD & ST. JOSEPH BLVD (__3ZA2FM),__3ZA2FM,04 - At/near private drive,03 - P.D. only,05 - Turning movement,01 - Clear,01 - Daylight,02 - Wet,10 - No control,,2,0,0,0,,0,,,,,381968.2381,5038089.931,45.47846961,-75.51294105,7148
15--3543,2015/02/22,2:30 AM,OLD TENTH LINE RD @ TENTH LINE RD (0009223),9223,03 - At intersection,03 - P.D. only,04 - Sideswipe,03 - Snow,07 - Dark,03 - Loose snow,01 - Traffic signal,01 - Functioning,2,0,0,0,,0,,,,,383042.979,5038359.461,45.48077499,-75.4991532,7149
15--3544,2015/02/22,2:44 PM,BLAIR RD @ OGILVIE RD (0004120),4120,02 - Intersection related,03 - P.D. only,03 - Rear end,01 - Clear,01 - Daylight,06 - Ice,01 - Traffic signal,01 - Functioning,2,0,0,0,,0,,,,,374507.7237,5033197.129,45.43523177,-75.60904983,7150
15--3545,2015/02/22,2:45 PM,HIGHWAY 417 btwn HWY417 IC124 RAMP57 & HWY417 IC124 RAMP55 (__3ZA2Y1),__3ZA2Y1,01 - Non intersection,03 - P.D. only,99 - Other,01 - Clear,01 - Daylight,02 - Wet,10 - No control,,3,0,0,0,,0,,,,,364370.3759,5027430.587,45.38428279,-75.73930193,7151
15--3546,2015/02/22,2:54 PM,ORLEANS BLVD @ ST. JOSEPH BLVD (0004144),4144,03 - At intersection,03 - P.D. only,05 - Turning movement,01 - Clear,01 - Daylight,02 - Wet,01 - Traffic signal,01 - Functioning,2,0,0,0,,0,,,,,380631.7377,5036980.108,45.46863076,-75.53020504,7152
15--3547,2015/02/22,3:08 AM,OLMSTEAD ST btwn MONTREAL RD & LEVIS AVE (__3ZA8RF),__3ZA8RF,01 - Non intersection,03 - P.D. only,06 - SMV unattended vehicle,01 - Clear,07 - Dark,03 - Loose snow,10 - No control,,1,0,0,0,,0,,,,,370353.6869,5033170.018,45.43538961,-75.66214123,7153
15--3548,2015/02/22,4:51 PM,AMBERCREST ST btwn MEADOWCROFT CRES & MATHESON RD (__3ZA50K),__3ZA50K,01 - Non intersection,03 - P.D. only,01 - Approaching,03 - Snow,01 - Daylight,03 - Loose snow,10 - No control,,2,0,0,0,,0,,,,,373072.33,5033201.057,45.43540873,-75.62739322,7154
15--3549,2015/02/22,5:17 PM,REGIONAL ROAD 174 btwn OR174 IC109 RAMP64 & OR174 IC105 RAMP16 (__3ZA2XD),__3ZA2XD,01 - Non intersection,03 - P.D. only,99 - Other,01 - Clear,01 - Daylight,01 - Dry,10 - No control,,3,0,0,0,,0,,,,,377172.9178,5035763.865,45.45805481,-75.57461222,7155
15--355,2015/01/07,2:30 PM,UPPER DWYER HILL RD btwn GALETTA SIDE RD & RITCHIE SIDE RD (__3ZAC10),__3ZAC10,01 - Non intersection,03 - P.D. only,07 - SMV other,03 - Snow,01 - Daylight,03 - Loose snow,10 - No control,,1,0,0,0,,0,,,,,320932.6213,5028754.028,45.39853917,-76.29393893,7156
15--3550,2015/02/22,5:20 AM,WOODROFFE AVE @ SPORTSPLEX N (0005568),5568,02 - Intersection related,03 - P.D. only,07 - SMV other,03 - Snow,07 - Dark,05 - Packed snow,01 - Traffic signal,01 - Functioning,1,0,0,0,,0,,,,,363763.6623,5021066.752,45.32707306,-75.74780786,7157
15--3551,2015/02/22,5:30 PM,HIGHWAY 417 btwn HWY 417 ANDERSON IC104R61 & HWY 417 BOUNDARY IC96R16 (__3ZA2W5),__3ZA2W5,01 - Non intersection,03 - P.D. only,07 - SMV other,01 - Clear,05 - Dusk,01 - Dry,10 - No control,,1,0,0,0,,0,,,,,382883.6606,5025441.837,45.3645705,-75.50323828,7158
15--3552,2015/02/22,5:50 PM,GOWAN GT btwn OSGOODE RIDGE RD & 2ND LINE RD (__3ZA7F7),__3ZA7F7,04 - At/near private drive,03 - P.D. only,06 - SMV unattended vehicle,01 - Clear,07 - Dark,01 - Dry,10 - No control,,1,0,0,0,,0,,,,,376304.6606,5000965.863,45.14504543,-75.5907316,7159
15--3553,2015/02/22,6:00 AM,HIGHWAY 417 btwn HWY417 IC163 RAMP15 & HWY417 IC155 RAMP51 (__3ZAZNS),__3ZAZNS,01 - Non intersection,03 - P.D. only,07 - SMV other,01 - Clear,07 - Dark,02 - Wet,10 - No control,,1,0,0,0,,0,,,,,337573.701,5019823.728,45.31759936,-76.08197971,7160
15--3554,2015/02/22,6:14 PM,BEARBROOK RD/ROCKCLIFFE PKWY @ ST. JOSEPH BLVD (0012382),12382,03 - At intersection,02 - Non-fatal injury,05 - Turning movement,01 - Clear,07 - Dark,02 - Wet,01 - Traffic signal,01 - Functioning,2,0,0,0,01 - Minimal,1,1,,,,377128.5079,5035247.637,45.45341473,-75.57525591,7161
15--3555,2015/02/22,6:24 PM,TERRY FOX DR S @ DIDSBURY RD/CENTRUM KANATA SC (0011820),11820,03 - At intersection,03 - P.D. only,02 - Angle,01 - Clear,07 - Dark,01 - Dry,01 - Traffic signal,01 - Functioning,2,0,0,0,,0,,,,,350620.2588,5018916.477,45.30870546,-75.91566552,7162
15--3556,2015/02/22,6:56 PM,GRASSY PLAINS DR btwn FARMFIELD CRES & SHEPPARD'S GLEN AVE (__3ZA55T),__3ZA55T,01 - Non intersection,03 - P.D. only,03 - Rear end,04 - Freezing Rain,07 - Dark,02 - Wet,10 - No control,,2,0,0,0,,0,,,,,356007.1224,5015570.047,45.27822159,-75.84731792,7163
15--3557,2015/02/22,7:00 PM,GLEN PARK DR btwn INNES RD & BEDDOE LANE (__3ZA57V),__3ZA57V,01 - Non intersection,03 - P.D. only,06 - SMV unattended vehicle,01 - Clear,07 - Dark,01 - Dry,10 - No control,,1,0,0,0,,0,,,,,377477.3293,5032445.649,45.42816809,-75.57121047,7164
15--3558,2015/02/22,7:32 AM,MER BLEUE RD @ 210 S OF INNES RD (0012453),12453,02 - Intersection related,03 - P.D. only,07 - SMV other,01 - Clear,01 - Daylight,06 - Ice,01 - Traffic signal,01 - Functioning,1,0,0,0,,0,,,,,382729.7148,5035377.237,45.45397859,-75.50363258,7165
15--3559,2015/02/22,8:00 AM,HIGHWAY 416 btwn HWY416 IC75A RAMP26 & HWY416 IC72 RAMP62 (__3ZAZLF),__3ZAZLF,01 - Non intersection,03 - P.D. only,07 - SMV other,01 - Clear,01 - Daylight,01 - Dry,10 - No control,,1,0,0,0,,0,,,,,359184.316,5020909.594,45.32602872,-75.80623879,7166
15--356,2015/01/07,2:44 PM,CARP RD btwn BAIRD SIDE RD & THOMAS A. DOLAN PKWY (__3ZBOB2),__3ZBOB2,01 - Non intersection,03 - P.D. only,07 - SMV other,05 - Drifting Snow,01 - Daylight,03 - Loose snow,10 - No control,,1,0,0,0,,0,,,,,334547.0494,5028037.387,45.39164447,-76.12008877,7167
15--3560,2015/02/22,8:34 PM,MEADOWLANDS DR/TALLWOOD DR @ WOODROFFE AVE (0000095),95,02 - Intersection related,02 - Non-fatal injury,03 - Rear end,01 - Clear,07 - Dark,01 - Dry,01 - Traffic signal,01 - Functioning,2,0,0,0,01 - Minimal,1,1,,,,363054.7619,5022730.976,45.34210684,-75.75665455,7168
15--3561,2015/02/22,8:45 AM,CLAYMOR AVE btwn NORMANDY CRES & FALAISE RD (__3ZAAM8),__3ZAAM8,04 - At/near private drive,03 - P.D. only,02 - Angle,03 - Snow,01 - Daylight,04 - Slush,10 - No control,,2,0,0,0,,0,,,,,367195.2204,5024942.689,45.36165135,-75.70354713,7169
15--3562,2015/02/22,9:00 PM,MCLEOD ST btwn CARTIER ST & QUEEN ELIZABETH DRWY (__3ZA80F),__3ZA80F,01 - Non intersection,03 - P.D. only,06 - SMV unattended vehicle,01 - Clear,07 - Dark,04 - Slush,10 - No control,,1,0,0,0,,0,,,,,368640.8441,5030874.003,45.41488937,-75.68432885,7170
15--3563,2015/02/22,9:28 AM,PARKDALE AVE btwn KENILWORTH ST & HUTCHISON AVE (__3ZA4O0),__3ZA4O0,01 - Non intersection,03 - P.D. only,06 - SMV unattended vehicle,03 - Snow,01 - Daylight,03 - Loose snow,10 - No control,,1,0,0,0,,0,,,,,365450.5783,5028584.083,45.39456901,-75.72536752,7171
15--3564,2015/02/22,9:54 AM,RIVERSIDE DR @ UPLANDS DR/KIMBERWICK CRES N (0006890),6890,02 - Intersection related,02 - Non-fatal injury,03 - Rear end,01 - Clear,01 - Daylight,05 - Packed snow,01 - Traffic signal,01 - Functioning,2,0,0,0,01 - Minimal,1,1,,,,368195.6799,5022792.055,45.34221068,-75.69105362,7172
15--3565,2015/02/23,1:04 PM,BESSERER ST @ WALLER ST (0008859),8859,02 - Intersection related,03 - P.D. only,04 - Sideswipe,01 - Clear,01 - Daylight,01 - Dry,01 - Traffic signal,01 - Functioning,2,0,0,0,,0,,,,,368314.9694,5032191.496,45.42677337,-75.68832216,7173
15--3566,2015/02/23,1:14 PM,TENTH LINE RD @ CHARLEMAGNE BLVD N/TOMPKINS AV (0009222),9222,02 - Intersection related,03 - P.D. only,03 - Rear end,01 - Clear,01 - Daylight,01 - Dry,01 - Traffic signal,01 - Functioning,2,0,0,0,,0,,,,,383182.966,5037978.364,45.47733052,-75.49742365,7174
15--3567,2015/02/23,10:15 AM,FITZGERALD RD @ ROBERTSON RD (0005301),5301,03 - At intersection,03 - P.D. only,07 - SMV other,05 - Drifting Snow,01 - Daylight,04 - Slush,01 - Traffic signal,01 - Functioning,1,0,0,0,,0,,,,,356787.6479,5020290.744,45.32064184,-75.83687509,7175
15--3568,2015/02/23,10:25 AM,HIGHWAY 417 btwn HWY417 IC118 RAMP76 & HWY417 IC118 RAMP67 (__3ZA2YR),__3ZA2YR,01 - Non intersection,03 - P.D. only,99 - Other,01 - Clear,01 - Daylight,03 - Loose snow,10 - No control,,3,0,0,0,,0,,,,,369504.9626,5031087.242,45.41672864,-75.67326147,7176
15--3569,2015/02/23,10:30 AM,PARKDALE AVE @ HWY 417 PARKDAL IC122R15/HWY 41 (0002363),2363,02 - Intersection related,03 - P.D. only,03 - Rear end,01 - Clear,01 - Daylight,02 - Wet,01 - Traffic signal,01 - Functioning,2,0,0,0,,0,,,,,365335.7343,5028844.109,45.3969186,-75.72680227,7177
15--357,2015/01/07,2:46 PM,HIGHWAY 417 btwn HWY417 IC124 RAMP57 & HWY417 IC124 RAMP55 (__3ZA2Y1),__3ZA2Y1,01 - Non intersection,03 - P.D. only,03 - Rear end,01 - Clear,01 - Daylight,02 - Wet,10 - No control,,2,0,0,0,,0,,,,,364391.3145,5027459.468,45.38454088,-75.73903109,7178
15--3570,2015/02/23,10:45 AM,WOODROFFE AVE/HWY 417 WOODROFF IC127R25 @ HWY  (0002348),2348,02 - Intersection related,03 - P.D. only,03 - Rear end,01 - Clear,01 - Daylight,01 - Dry,01 - Traffic signal,01 - Functioning,2,0,0,0,,0,,,,,362179.0724,5024694.216,45.35984412,-75.76759984,7179
15--3571,2015/02/23,10:50 AM,CARLING AVE @ KIRKWOOD AVE S (0002209),2209,02 - Intersection related,03 - P.D. only,03 - Rear end,01 - Clear,01 - Daylight,02 - Wet,01 - Traffic signal,03 - Obscured,2,0,0,0,,0,,,,,364352.6644,5027337.067,45.38344282,-75.73953937,7180
15--3572,2015/02/23,10:58 AM,BATHGATE DR @ PLUMBER AVE (0012015),12015,03 - At intersection,02 - Non-fatal injury,02 - Angle,01 - Clear,01 - Daylight,01 - Dry,02 - Stop sign,01 - Functioning,2,0,0,0,02 - Minor,3,,3,,,373500.651,5033713.093,45.43997381,-75.62184791,7181
15--3573,2015/02/23,11:20 AM,QUEEN ST btwn O'CONNOR ST & METCALFE ST (__3ZA2FP),__3ZA2FP,01 - Non intersection,03 - P.D. only,04 - Sideswipe,01 - Clear,01 - Daylight,02 - Wet,10 - No control,,2,0,0,0,,0,,,,,367625.7476,5031667.862,45.42212413,-75.69719585,7182
15--3574,2015/02/23,11:34 PM,BOOTH ST btwn VIMY PLACE PRIV & OTTAWA RIVER PKWY (__5VHJ2X),__5VHJ2X,01 - Non intersection,03 - P.D. only,03 - Rear end,01 - Clear,07 - Dark,06 - Ice,10 - No control,,3,0,0,0,,0,,,,,366249.4497,5031044.246,45.41663526,-75.71485865,7183
15--3575,2015/02/23,11:51 AM,CYR AVE @ MONTREAL RD (0009803),9803,03 - At intersection,03 - P.D. only,05 - Turning movement,01 - Clear,01 - Daylight,01 - Dry,02 - Stop sign,01 - Functioning,2,0,0,0,,0,,,,,370220.7094,5033148.108,45.43520492,-75.66384358,7184
15--3576,2015/02/23,11:57 AM,MERIVALE RD @ 170 N OF HUNTCLUB RD/COSTCO/CANA (0004681),4681,02 - Intersection related,03 - P.D. only,03 - Rear end,01 - Clear,01 - Daylight,04 - Slush,01 - Traffic signal,01 - Functioning,2,0,0,0,,0,,,,,365549.4904,5022100.576,45.33622299,-75.72490146,7185
15--3577,2015/02/23,12:00 PM,MERIVALE RD @ 170 N OF HUNTCLUB RD/COSTCO/CANA (0004681),4681,02 - Intersection related,02 - Non-fatal injury,03 - Rear end,01 - Clear,01 - Daylight,01 - Dry,01 - Traffic signal,01 - Functioning,2,0,0,0,01 - Minimal,1,1,,,,365548.5265,5022099.612,45.3362144,-75.72491387,7186
15--3578,2015/02/23,12:04 AM,BRONSON AVE @ CATHERINE ST/RAYMOND ST (0007198),7198,03 - At intersection,02 - Non-fatal injury,02 - Angle,01 - Clear,07 - Dark,02 - Wet,01 - Traffic signal,01 - Functioning,2,0,0,0,02 - Minor,1,,1,,,367251.7446,5029796.085,45.40531594,-75.70221167,7187
15--3579,2015/02/23,12:20 PM,CYRVILLE RD @ INNES RD (0009352),9352,02 - Intersection related,03 - P.D. only,03 - Rear end,01 - Clear,01 - Daylight,01 - Dry,01 - Traffic signal,01 - Functioning,2,0,0,0,,0,,,,,375046.7608,5031118.118,45.41647203,-75.60245763,7188
15--358,2015/01/07,3:07 PM,D'AOUST AVE btwn ALBION RD & CHILLIWACK WAY (__3ZA9W3),__3ZA9W3,01 - Non intersection,03 - P.D. only,04 - Sideswipe,01 - Clear,01 - Daylight,05 - Packed snow,10 - No control,,2,0,0,0,,0,,,,,372227.4198,5023475.768,45.34798656,-75.63951996,7189
15--3580,2015/02/23,12:30 PM,ADIRONDACK DR @ WOODROFFE AVE (0005644),5644,02 - Intersection related,03 - P.D. only,03 - Rear end,01 - Clear,01 - Daylight,01 - Dry,02 - Stop sign,00 - Unknown,2,0,0,0,,0,,,,,362458.6499,5024006.958,45.35363729,-75.7641117,7190
15--3581,2015/02/23,12:40 PM,ST. LAURENT BLVD btwn HEMLOCK RD & MEADOW PARK PL (__3ZA3UG),__3ZA3UG,01 - Non intersection,03 - P.D. only,04 - Sideswipe,01 - Clear,01 - Daylight,02 - Wet,10 - No control,,2,0,0,0,,0,,,,,371153.4197,5034765.694,45.44967133,-75.65170561,7191
15--3582,2015/02/23,12:56 PM,JEANNE D'ARC BLVD @ VORLAGE DR W/VOYAGEUR WAY (0004394),4394,03 - At intersection,03 - P.D. only,02 - Angle,01 - Clear,01 - Daylight,01 - Dry,01 - Traffic signal,01 - Functioning,3,0,0,0,,0,,,,,379267.8537,5037741.619,45.475629,-75.54752958,7192
15--3583,2015/02/23,2:10 PM,BASELINE RD @ SANDCASTLE DR (0001122),1122,03 - At intersection,03 - P.D. only,05 - Turning movement,01 - Clear,01 - Daylight,01 - Dry,01 - Traffic signal,01 - Functioning,3,0,0,0,,0,,,,,359630.6329,5021987.011,45.33568863,-75.80042637,7193
15--3584,2015/02/23,3:16 PM,RIVER RD btwn RIDEAU RD & KNOTT CRES (__3ZBOG5),__3ZBOG5,01 - Non intersection,03 - P.D. only,99 - Other,01 - Clear,01 - Daylight,01 - Dry,10 - No control,,2,0,0,0,,0,,,,,368056.4151,5012358.366,45.24834231,-75.69416133,7194
15--3585,2015/02/23,3:30 PM,BLAIR RD btwn BEAVERPOND DR & INNES RD (__3ZA2EZ),__3ZA2EZ,01 - Non intersection,03 - P.D. only,03 - Rear end,01 - Clear,01 - Daylight,01 - Dry,10 - No control,,3,0,0,0,,0,,,,,375551.747,5031499.796,45.41985528,-75.59595143,7195
15--3586,2015/02/23,3:38 PM,VIEWMOUNT DR @ MERIVALE RD (0001528),1528,02 - Intersection related,03 - P.D. only,03 - Rear end,01 - Clear,01 - Daylight,01 - Dry,01 - Traffic signal,01 - Functioning,2,0,0,0,,0,,,,,365193.6971,5022948.013,45.34387883,-75.72933714,7196
15--3587,2015/02/23,3:43 PM,WEST HUNT CLUB RD @ ANTARES DR/LASER ST (0000116),116,02 - Intersection related,03 - P.D. only,02 - Angle,01 - Clear,01 - Daylight,01 - Dry,01 - Traffic signal,01 - Functioning,2,0,0,0,,0,,,,,367108.6752,5022081.984,45.33591897,-75.70501217,7197
15--3588,2015/02/23,3:50 PM,HUNT CLUB RD @ DOWNPATRICK RD/MCCARTHY RD (0006931),6931,03 - At intersection,02 - Non-fatal injury,07 - SMV other,01 - Clear,01 - Daylight,01 - Dry,01 - Traffic signal,01 - Functioning,1,0,0,1,02 - Minor,1,,1,,,370506.7705,5023399.063,45.3474597,-75.66148595,7198
15--3589,2015/02/23,3:52 PM,AIRPORT PKWY/BROOKFIELD RD @ FLANNERY DR/AIRPORT PKWY RAMPS 52A/53 (0006850),6850,03 - At intersection,03 - P.D. only,03 - Rear end,01 - Clear,01 - Daylight,01 - Dry,03 - Yield sign,01 - Functioning,2,0,0,0,,0,,,,,368695.1657,5026295.709,45.37369035,-75.6842278,7199
15--359,2015/01/07,3:16 PM,MONTREAL RD btwn OGILVIE RD & LAPORTE ST (__3ZA2D7),__3ZA2D7,04 - At/near private drive,03 - P.D. only,05 - Turning movement,01 - Clear,01 - Daylight,02 - Wet,10 - No control,,2,0,0,0,,0,,,,,375677.7356,5034571.804,45.44748265,-75.59389954,7200
15--3590,2015/02/23,3:55 PM,ANDERSON RD @ INNES RD (0004200),4200,02 - Intersection related,03 - P.D. only,03 - Rear end,01 - Clear,01 - Daylight,01 - Dry,01 - Traffic signal,01 - Functioning,2,0,0,0,,0,,,,,376281.705,5031843.974,45.42287779,-75.58657545,7201
15--3591,2015/02/23,3:58 PM,DONALD B. MUNRO DR/OLD CARP RD W @ MARCH RD (0010866),10866,03 - At intersection,02 - Non-fatal injury,03 - Rear end,01 - Clear,01 - Daylight,01 - Dry,02 - Stop sign,00 - Unknown,2,0,0,0,01 - Minimal,3,3,,,,343090.5953,5022591.055,45.34222161,-76.01140145,7202
15--3592,2015/02/23,4:00 PM,METCALFE ST @ SLATER ST (0002233),2233,02 - Intersection related,03 - P.D. only,03 - Rear end,01 - Clear,01 - Daylight,01 - Dry,01 - Traffic signal,01 - Functioning,2,0,0,0,,0,,,,,367730.7327,5031548.13,45.42103739,-75.69586975,7203
15--3593,2015/02/23,4:06 PM,RALPH ST btwn MELGUND AVE & HOLMWOOD AVE (__3ZA9M2),__3ZA9M2,01 - Non intersection,03 - P.D. only,01 - Approaching,01 - Clear,01 - Daylight,03 - Loose snow,10 - No control,,2,0,0,0,,0,,,,,368241.2409,5029064.885,45.39864785,-75.6896667,7204
15--3594,2015/02/23,4:06 PM,GULF PL btwn HOCHELAGA ST & THE ROCKERY PRIV (__3ZBOBR),__3ZBOBR,01 - Non intersection,03 - P.D. only,06 - SMV unattended vehicle,01 - Clear,01 - Daylight,05 - Packed snow,10 - No control,,1,0,0,0,,0,,,,,373135.0056,5034408.291,45.44626467,-75.62642462,7205
15--3595,2015/02/23,4:14 PM,FAIRGREEN AVE btwn TRIM RD & COLONIAL RD (__3ZA6UG),__3ZA6UG,01 - Non intersection,03 - P.D. only,03 - Rear end,01 - Clear,01 - Daylight,05 - Packed snow,10 - No control,,2,0,0,0,,0,,,,,389086.9645,5031840.3,45.42141913,-75.42297174,7206