Anom_ID,Accident_Date,Accident_Time,Location,Geo_ID,Accident_Location,Classification_of_Accident,Initial_Impact_Type,Environment_Condition,Light,Road_Surface_Condition,Traffic_Control,Traffic_Control_Condition,No__of_Vehicles,No__of_Bicycles,No__of_Motorcycles,No__of_Pedestrians,Max_Injury,No__of_Injuries,No__of_Minimal,No__of_Minor,No__of_Major,No__of_Fatal,X,Y,Latitude,Longitude,ObjectId
15--3596,2015/02/23,4:19 PM,BENSINGER WAY btwn MYKONOS CRES E & MYKONOS CRES W (e___1G7O),e___1G7O,01 - Non intersection,03 - P.D. only,06 - SMV unattended vehicle,01 - Clear,01 - Daylight,01 - Dry,10 - No control,,1,0,0,0,,0,,,,,349650.533,5016276.548,45.28501317,-75.92827034,7207
15--3597,2015/02/23,4:26 PM,BASELINE RD @ 207 E OF CLYDE AVE (0008213),8213,03 - At intersection,03 - P.D. only,02 - Angle,01 - Clear,01 - Daylight,02 - Wet,01 - Traffic signal,01 - Functioning,2,0,0,0,,0,,,,,364535.4807,5024999.53,45.36239448,-75.7374878,7208
15--3598,2015/02/23,4:27 PM,CHAMPLAIN BRIDGE/ISLAND PARK DR btwn BATE ISLAND & OTTAWA RIVER PKWY (__3ZA2ZEB),__3ZA2ZEB,01 - Non intersection,03 - P.D. only,03 - Rear end,01 - Clear,01 - Daylight,01 - Dry,10 - No control,,2,0,0,0,,0,,,,,363026.0717,5029990.705,45.40743136,-75.75616471,7209
15--3599,2015/02/23,4:30 PM,LYNDA LANE @ SMYTH RD (0002250),2250,03 - At intersection,03 - P.D. only,02 - Angle,01 - Clear,01 - Daylight,01 - Dry,02 - Stop sign,01 - Functioning,2,0,0,0,,0,,,,,371612.6863,5029192.03,45.39947824,-75.64659078,7210
15--36,2015/01/02,12:30 PM,FALLOWFIELD RD @ WOODROFFE AVE (0010372),10372,02 - Intersection related,03 - P.D. only,03 - Rear end,01 - Clear,01 - Daylight,01 - Dry,01 - Traffic signal,00 - Unknown,2,0,0,0,,0,,,,,365085.15,5017901.744,45.29848231,-75.73133641,7211
15--360,2015/01/07,3:31 PM,BANK ST @ ROCKINGHAM AVE (0007880),7880,02 - Intersection related,03 - P.D. only,99 - Other,03 - Snow,01 - Daylight,06 - Ice,02 - Stop sign,01 - Functioning,3,0,0,0,,0,,,,,369713.8165,5027323.416,45.38284371,-75.67108858,7212
15--3600,2015/02/23,4:57 PM,HUNT CLUB RD @ RIVERSIDE DR (0002237),2237,02 - Intersection related,02 - Non-fatal injury,04 - Sideswipe,01 - Clear,01 - Daylight,01 - Dry,01 - Traffic signal,01 - Functioning,2,0,0,0,01 - Minimal,1,1,,,,368035.7391,5021946.944,45.33462097,-75.69320231,7213
15--3601,2015/02/23,4:57 PM,BANK ST @ HUNT CLUB RD (0002119),2119,03 - At intersection,03 - P.D. only,05 - Turning movement,01 - Clear,01 - Daylight,01 - Dry,01 - Traffic signal,01 - Functioning,2,0,0,0,,0,,,,,371609.7004,5024096.988,45.35363521,-75.64731822,7214
15--3602,2015/02/23,5:30 PM,BRUYERE ST @ SUSSEX DR (0007744),7744,02 - Intersection related,03 - P.D. only,03 - Rear end,01 - Clear,07 - Dark,01 - Dry,01 - Traffic signal,01 - Functioning,2,0,0,0,,0,,,,,367537.9694,5032668.531,45.4311357,-75.69818993,7215
15--3603,2015/02/23,5:40 PM,INNES RD btwn HWY417 IC112 RAMP65 & HWY417 IC112 RAMP56 (__3ZA3RA),__3ZA3RA,01 - Non intersection,03 - P.D. only,03 - Rear end,01 - Clear,05 - Dusk,02 - Wet,10 - No control,,2,0,0,0,,0,,,,,374480.8169,5030860.491,45.41421063,-75.60972424,7216
15--3604,2015/02/23,5:50 PM,GREENBANK RD @ LARKIN DR (0001101),1101,03 - At intersection,03 - P.D. only,05 - Turning movement,01 - Clear,07 - Dark,01 - Dry,01 - Traffic signal,01 - Functioning,2,0,0,0,,0,,,,,363177.6418,5016507.899,45.28610158,-75.75581997,7217
15--3605,2015/02/23,5:55 PM,AGINCOURT RD @ MAITLAND AVE (0003375),3375,02 - Intersection related,03 - P.D. only,03 - Rear end,01 - Clear,05 - Dusk,01 - Dry,02 - Stop sign,01 - Functioning,2,0,0,0,,0,,,,,363446.6556,5025450.933,45.36654808,-75.75133167,7218
15--3606,2015/02/23,6:10 PM,ST. LAURENT BLVD @ COVENTRY RD/OGILVIE RD (0002151),2151,02 - Intersection related,03 - P.D. only,03 - Rear end,01 - Clear,07 - Dark,06 - Ice,01 - Traffic signal,01 - Functioning,2,0,0,0,,0,,,,,372305.7195,5031952.057,45.42424525,-75.63736156,7219
15--3607,2015/02/23,6:21 PM,MARIER AVE @ MONTREAL RD (0009346),9346,02 - Intersection related,03 - P.D. only,05 - Turning movement,01 - Clear,07 - Dark,01 - Dry,01 - Traffic signal,01 - Functioning,2,0,0,0,,0,,,,,370418.7444,5033260.145,45.43619443,-75.66129779,7220
15--3608,2015/02/23,6:21 PM,INNOVATION DR btwn FLAMBOROUGH WAY & FLAMBOROUGH WAY (__3G5TW2),__3G5TW2,01 - Non intersection,03 - P.D. only,06 - SMV unattended vehicle,01 - Clear,07 - Dark,01 - Dry,10 - No control,,1,0,0,0,,0,,,,,349563.0776,5022453.02,45.34059639,-75.9288271,7221
15--3609,2015/02/23,6:43 PM,RICHMOND RD btwn ROBERTSON RD & STINSON AVE (__3ZA4YR),__3ZA4YR,04 - At/near private drive,03 - P.D. only,02 - Angle,01 - Clear,07 - Dark,02 - Wet,10 - No control,,2,0,0,0,,0,,,,,357705.5013,5020830.438,45.32542949,-75.82511063,7222
15--361,2015/01/07,3:31 PM,LEIKIN DR btwn HOLITZNER WAY & CRESTWAY DR (__3ZA40I),__3ZA40I,01 - Non intersection,03 - P.D. only,99 - Other,03 - Snow,01 - Daylight,05 - Packed snow,10 - No control,,2,0,0,0,,0,,,,,366795.2113,5017336.918,45.29325125,-75.709605,7223
15--3610,2015/02/23,7:15 AM,HIGHWAY 417 btwn HWY417 IC117 RAMP61 & HWY417 IC115 RAMP36 (__3ZA2RZ),__3ZA2RZ,01 - Non intersection,03 - P.D. only,04 - Sideswipe,01 - Clear,01 - Daylight,01 - Dry,10 - No control,,2,0,0,0,,0,,,,,372011.8218,5031471.358,45.41994844,-75.64118236,7224
15--3611,2015/02/23,7:34 AM,QUEEN ST btwn BANK ST & O'CONNOR ST (__3ZA2FQ),__3ZA2FQ,04 - At/near private drive,03 - P.D. only,99 - Other,01 - Clear,01 - Daylight,02 - Wet,10 - No control,,2,0,0,0,,0,,,,,367426.8836,5031540.283,45.42099405,-75.69975296,7225
15--3612,2015/02/23,7:37 AM,LEES AVE @ KING EDWARD AVE/MANN AVE (0011413),11413,02 - Intersection related,03 - P.D. only,03 - Rear end,01 - Clear,01 - Daylight,01 - Dry,01 - Traffic signal,01 - Functioning,2,0,0,0,,0,,,,,369178.0219,5031336.279,45.41899955,-75.67740584,7226
15--3613,2015/02/23,7:48 AM,ST. JOSEPH BLVD btwn ROCKCLIFFE PKWY & HART RD (__3ZA2AF),__3ZA2AF,01 - Non intersection,03 - P.D. only,03 - Rear end,01 - Clear,01 - Daylight,06 - Ice,10 - No control,,2,0,0,0,,0,,,,,377135.3249,5035245.676,45.45339638,-75.57516905,7227
15--3614,2015/02/23,7:50 AM,RIOCAN AVE btwn STRANDHERD DR & MARKETPLACE AVE (__4LZBMJ),__4LZBMJ,01 - Non intersection,03 - P.D. only,05 - Turning movement,01 - Clear,01 - Daylight,02 - Wet,10 - No control,,2,0,0,0,,0,,,,,364189.8626,5014922.527,45.27175161,-75.74310731,7228
15--3615,2015/02/23,7:52 AM,ELVASTON AVE btwn BAINBRIDGE AVE & SHOREHAM AVE (__3ZABSH),__3ZABSH,01 - Non intersection,03 - P.D. only,06 - SMV unattended vehicle,01 - Clear,01 - Daylight,05 - Packed snow,10 - No control,,1,0,0,0,,0,,,,,361329.281,5021181.303,45.32830408,-75.77884736,7229
15--3616,2015/02/23,7:55 AM,ALTA VISTA DR @ SMYTH RD (0011353),11353,02 - Intersection related,03 - P.D. only,03 - Rear end,01 - Clear,01 - Daylight,05 - Packed snow,01 - Traffic signal,01 - Functioning,2,0,0,0,,0,,,,,370431.702,5029082.825,45.39860736,-75.66168857,7230
15--3617,2015/02/23,7:57 AM,UPLANDS DR btwn TO BE DETERMINED & RAMP (__3ZA0U8),__3ZA0U8,01 - Non intersection,03 - P.D. only,05 - Turning movement,01 - Clear,01 - Daylight,01 - Dry,10 - No control,,2,0,0,0,,0,,,,,371061.6167,5021388.102,45.32931346,-75.65467537,7231
15--3618,2015/02/23,8:00 AM,VALIN ST @ FRENETTE ST (0013216),13216,03 - At intersection,03 - P.D. only,05 - Turning movement,01 - Clear,01 - Daylight,06 - Ice,02 - Stop sign,00 - Unknown,2,0,0,0,,0,,,,,385490.6245,5037660.171,45.47420488,-75.467964,7232
15--3619,2015/02/23,8:00 AM,OR174 IC109 RAMP66 @ MONTREAL RD (0012426),12426,02 - Intersection related,03 - P.D. only,03 - Rear end,01 - Clear,01 - Daylight,01 - Dry,03 - Yield sign,01 - Functioning,2,0,0,0,,0,,,,,376296.7403,5034936.172,45.45069796,-75.58593424,7233
15--362,2015/01/07,3:35 AM,HIGHWAY 417 btwn HWY417 IC163 RAMP15 & HWY417 IC155 RAMP51 (__3ZAZNS),__3ZAZNS,01 - Non intersection,03 - P.D. only,07 - SMV other,03 - Snow,07 - Dark,03 - Loose snow,10 - No control,,1,0,0,0,,0,,,,,338537.68,5019571.244,45.31528173,-76.06970194,7234
15--3620,2015/02/23,8:10 AM,FINDLAY CREEK DR @ BANK ST (0012407),12407,02 - Intersection related,02 - Non-fatal injury,03 - Rear end,01 - Clear,01 - Daylight,01 - Dry,01 - Traffic signal,01 - Functioning,2,0,0,0,01 - Minimal,1,1,,,,375847.4734,5020459.483,45.32048997,-75.59376104,7235
15--3621,2015/02/23,8:10 PM,CARLING AVE @ RICHMOND RD (0010847),10847,02 - Intersection related,02 - Non-fatal injury,03 - Rear end,01 - Clear,07 - Dark,01 - Dry,01 - Traffic signal,01 - Functioning,2,0,0,0,01 - Minimal,1,1,,,,360245.679,5024781.03,45.36078084,-75.79226647,7236
15--3622,2015/02/23,8:15 AM,MAITLAND AVE/GLENMOUNT AVE @ ERINDALE DR (0002724),2724,02 - Intersection related,03 - P.D. only,03 - Rear end,01 - Clear,01 - Daylight,01 - Dry,01 - Traffic signal,01 - Functioning,2,0,0,0,,0,,,,,363697.7875,5025211.837,45.36437567,-75.74815456,7237
15--2998,2015/02/14,11:25 AM,MERIVALE RD @ WEST HUNT CLUB RD (0000584),584,02 - Intersection related,03 - P.D. only,04 - Sideswipe,03 - Snow,01 - Daylight,03 - Loose snow,01 - Traffic signal,00 - Unknown,2,0,0,0,,0,,,,,365614.6229,5021942.98,45.33479932,-75.72408988,7238
15--2727,2015/02/10,5:50 AM,BERKELEY AVE @ TAY ST (0006751),6751,03 - At intersection,03 - P.D. only,07 - SMV other,01 - Clear,07 - Dark,05 - Packed snow,03 - Yield sign,01 - Functioning,1,0,0,0,,0,,,,,362871.7742,5028160.766,45.39097868,-75.75835113,7239
15--3359,2015/02/20,3:03 PM,HWY 417 TERRYFO IC140R52 @ TERRY FOX DR (0003180),3180,02 - Intersection related,03 - P.D. only,03 - Rear end,01 - Clear,01 - Daylight,01 - Dry,01 - Traffic signal,01 - Functioning,2,0,0,0,,0,,,,,351052.8313,5018435.299,45.30434734,-75.91019423,7240
15--3088,2015/02/15,2:27 AM,HIGHWAY 416 btwn HWY416 IC66 RAMP62 & HWY416 IC72 RAMP24 (__3ZAZMZ),__3ZAZMZ,01 - Non intersection,02 - Non-fatal injury,07 - SMV other,03 - Snow,07 - Dark,03 - Loose snow,10 - No control,,1,0,0,0,02 - Minor,1,,1,,,359312.5408,5016093.581,45.28268389,-75.80513283,7241
15--3448,2015/02/21,10:30 AM,210 W OF MERIVALE RD @ WEST HUNT CLUB RD (0004688),4688,03 - At intersection,03 - P.D. only,05 - Turning movement,03 - Snow,01 - Daylight,03 - Loose snow,01 - Traffic signal,01 - Functioning,2,0,0,0,,0,,,,,365429.3366,5021830.635,45.33380449,-75.72646742,7242
15--2907,2015/02/13,4:25 PM,BRONSON AVE @ THIRD AVE (0007716),7716,03 - At intersection,03 - P.D. only,03 - Rear end,01 - Clear,01 - Daylight,01 - Dry,02 - Stop sign,00 - Unknown,2,0,0,0,,0,,,,,367550.712,5029088.04,45.39891842,-75.69848299,7243
15--3089,2015/02/15,2:40 PM,KING EDWARD AVE @ RIDEAU ST (0002121),2121,02 - Intersection related,03 - P.D. only,04 - Sideswipe,01 - Clear,01 - Daylight,01 - Dry,01 - Traffic signal,01 - Functioning,2,0,0,0,,0,,,,,368512.6711,5032413.107,45.42874937,-75.68576725,7244
15--3179,2015/02/17,6:37 PM,HIGHWAY 417 btwn HWY417 IC117 RAMP61 & HWY417 IC115 RAMP36 (__3ZA2RZ),__3ZA2RZ,01 - Non intersection,03 - P.D. only,03 - Rear end,01 - Clear,07 - Dark,01 - Dry,10 - No control,,2,0,0,0,,0,,,,,371377.1878,5031401.882,45.419384,-75.64930006,7245
15--2908,2015/02/13,4:26 PM,WEST HUNT CLUB RD WB btwn MERIVALE RD & ROYDON PL (__3ZA3JR),__3ZA3JR,01 - Non intersection,03 - P.D. only,03 - Rear end,01 - Clear,01 - Daylight,01 - Dry,10 - No control,,2,0,0,0,,0,,,,,365783.2976,5022051.896,45.33576469,-75.7219246,7246
15--2999,2015/02/14,11:35 AM,REGIONAL ROAD 174 btwn QUIGLEY HILL RD & REGIONAL ROAD 174 DIVIDED (__3ZA2Y5),__3ZA2Y5,01 - Non intersection,03 - P.D. only,01 - Approaching,03 - Snow,01 - Daylight,03 - Loose snow,10 - No control,,2,0,0,0,,0,,,,,388175.9302,5042392.142,45.51646241,-75.43282082,7247
15--336,2015/01/07,10:48 PM,WEST HUNT CLUB RD EB btwn 545 E OF ROYDON PL/SUNDERLAND ST & ANTARES D (__3ZA3JPB),__3ZA3JPB,01 - Non intersection,03 - P.D. only,07 - SMV other,01 - Clear,07 - Dark,05 - Packed snow,10 - No control,,1,0,0,0,,0,,,,,367022.892,5022209.213,45.33707137,-75.70609056,7248
15--3449,2015/02/21,10:42 AM,RENAUD RD btwn WHITE ST & MER BLEUE RD (__3ZA6P1),__3ZA6P1,01 - Non intersection,03 - P.D. only,07 - SMV other,03 - Snow,01 - Daylight,03 - Loose snow,10 - No control,,1,0,0,0,,0,,,,,383017.4049,5033475.571,45.43683688,-75.50025719,7249
15--2728,2015/02/10,5:58 AM,KIRKWOOD AVE @ LAPERRIERE AVE (0006742),6742,03 - At intersection,02 - Non-fatal injury,07 - SMV other,01 - Clear,07 - Dark,04 - Slush,01 - Traffic signal,01 - Functioning,1,0,0,1,01 - Minimal,1,1,,,,364518.7301,5026958.061,45.38001845,-75.73746482,7250
15--309,2015/01/06,7:30 AM,DOWNSVIEW CRES E @ WOODFIELD DR E (0001520),1520,02 - Intersection related,03 - P.D. only,03 - Rear end,01 - Clear,03 - Dawn,06 - Ice,02 - Stop sign,01 - Functioning,2,0,0,0,,0,,,,,364890.3224,5022111.061,45.33637409,-75.7333097,7251
15--318,2015/01/06,8:29 AM,OR174 IC112 RAMP61 btwn OR174 IC112 RAMP36 & REGIONAL ROAD 174 (__3ZAY87),__3ZAY87,01 - Non intersection,03 - P.D. only,03 - Rear end,01 - Clear,01 - Daylight,06 - Ice,10 - No control,,2,0,0,0,,0,,,,,374736.3237,5033037.926,45.43377652,-75.60615102,7252
15--30,2015/01/02,11:27 AM,ROXDALE AVE btwn PAYETTE DR & AMIENS ST (__3ZA6X9),__3ZA6X9,01 - Non intersection,03 - P.D. only,06 - SMV unattended vehicle,02 - Rain,01 - Daylight,06 - Ice,10 - No control,,1,0,0,0,,0,,,,,383303.9067,5037502.21,45.47303294,-75.49595305,7253
15--2729,2015/02/10,6:25 AM,INNES RD EB btwn INNES RD & INNES RD W (__3ZA3HD),__3ZA3HD,01 - Non intersection,02 - Non-fatal injury,03 - Rear end,01 - Clear,03 - Dawn,02 - Wet,10 - No control,,2,0,0,0,02 - Minor,1,,1,,,376735.5738,5032098.717,45.42512329,-75.58073926,7254
15--345,2015/01/07,11:31 AM,CRICHTON ST btwn UNION ST & QUEEN VICTORIA ST (__3ZA8YC),__3ZA8YC,01 - Non intersection,03 - P.D. only,06 - SMV unattended vehicle,01 - Clear,01 - Daylight,03 - Loose snow,10 - No control,,1,0,0,0,,0,,,,,368198.0857,5033842.379,45.44163803,-75.68960311,7255
15--3360,2015/02/20,3:04 PM,DONALD B. MUNRO DR/OLD CARP RD W @ MARCH RD (0010866),10866,03 - At intersection,03 - P.D. only,02 - Angle,01 - Clear,01 - Daylight,01 - Dry,02 - Stop sign,01 - Functioning,2,0,0,0,,0,,,,,343090.6604,5022594.077,45.3422488,-76.01140038,7256
15--2909,2015/02/13,4:30 PM,RIVERSIDE DR @ 175 S OF HUNT CLUB  RD/RUNWAY C (0011890),11890,03 - At intersection,02 - Non-fatal injury,05 - Turning movement,01 - Clear,01 - Daylight,01 - Dry,01 - Traffic signal,01 - Functioning,2,0,0,0,02 - Minor,2,1,1,,,368028.5,5021764.854,45.33298322,-75.69331792,7257
15--3090,2015/02/15,2:40 PM,FISHER AVE @ MEADOWLANDS DR (0002120),2120,02 - Intersection related,03 - P.D. only,03 - Rear end,01 - Clear,01 - Daylight,01 - Dry,01 - Traffic signal,01 - Functioning,2,0,0,0,,0,,,,,366573.1372,5025044,45.36261801,-75.71147438,7258
15--3361,2015/02/20,3:10 PM,WEST HUNT CLUB RD @ WOODROFFE AVE (0000576),576,03 - At intersection,03 - P.D. only,03 - Rear end,01 - Clear,01 - Daylight,06 - Ice,01 - Traffic signal,01 - Functioning,2,0,0,0,,0,,,,,363672.6187,5021245.043,45.32868496,-75.74894799,7259
15--273,2015/01/06,12:17 PM,MACDONALD ST btwn WAVERLEY ST & FRANK ST (__3ZA9N1),__3ZA9N1,04 - At/near private drive,02 - Non-fatal injury,99 - Other,01 - Clear,01 - Daylight,04 - Slush,10 - No control,,2,0,0,0,01 - Minimal,1,1,,,,368621.194,5031127.501,45.41717205,-75.68454705,7260
15--300,2015/01/06,6:18 PM,ROCKDALE RD btwn COLONIAL RD & HUISMANS RD (__3ZBO67),__3ZBO67,01 - Non intersection,02 - Non-fatal injury,01 - Approaching,03 - Snow,07 - Dark,03 - Loose snow,10 - No control,,2,0,0,0,01 - Minimal,2,2,,,,391716.1228,5031944.127,45.42203155,-75.38936399,7261
15--291,2015/01/06,5:08 PM,HUNT CLUB RD @ BRIDLE PATH DR/DAZE ST (0008214),8214,03 - At intersection,03 - P.D. only,05 - Turning movement,03 - Snow,05 - Dusk,03 - Loose snow,01 - Traffic signal,01 - Functioning,2,0,0,0,,0,,,,,371290.765,5023864.022,45.35156937,-75.65141962,7262
15--3450,2015/02/21,10:45 AM,TRIM RD btwn SPRINGRIDGE DR & PORTOBELLO BLVD (__4NCHX7),__4NCHX7,04 - At/near private drive,03 - P.D. only,03 - Rear end,03 - Snow,01 - Daylight,03 - Loose snow,10 - No control,,2,0,0,0,,0,,,,,385622.5974,5038148.545,45.47858352,-75.46619599,7263
15--3091,2015/02/15,2:48 PM,WURTEMBURG ST btwn LAFRAMBOISE PL & CLARENCE ST E (__3ZA8T5),__3ZA8T5,01 - Non intersection,03 - P.D. only,06 - SMV unattended vehicle,03 - Snow,01 - Daylight,03 - Loose snow,10 - No control,,1,0,0,0,,0,,,,,369156.5254,5033252.657,45.43624437,-75.67743006,7264
15--2730,2015/02/10,6:30 PM,CHARTRAND AVE @ KENNEDY LANE (0004873),4873,03 - At intersection,02 - Non-fatal injury,07 - SMV other,01 - Clear,07 - Dark,02 - Wet,02 - Stop sign,01 - Functioning,1,0,0,1,01 - Minimal,1,1,,,,382012.2835,5037756.879,45.47546823,-75.5124301,7265
15--3451,2015/02/21,10:45 AM,WALLER ST btwn NICHOLAS ST & STEWART ST (__3ZA3VL),__3ZA3VL,01 - Non intersection,03 - P.D. only,03 - Rear end,03 - Snow,01 - Daylight,03 - Loose snow,10 - No control,,2,0,0,0,,0,,,,,368372.5103,5032000.305,45.42504788,-75.68761158,7266
15--3092,2015/02/15,2:52 PM,WEST HUNT CLUB RD @ CLEOPATRA DR/LANCELOT DR (0000114),114,02 - Intersection related,03 - P.D. only,03 - Rear end,01 - Clear,01 - Daylight,02 - Wet,01 - Traffic signal,01 - Functioning,2,0,0,0,,0,,,,,365236.6639,5021731.048,45.33292503,-75.72893755,7267
15--2731,2015/02/10,6:31 PM,INNES RD @ TENTH LINE RD (0004633),4633,02 - Intersection related,03 - P.D. only,03 - Rear end,01 - Clear,07 - Dark,01 - Dry,01 - Traffic signal,01 - Functioning,2,0,0,0,,0,,,,,383950.7964,5036160.043,45.46088433,-75.48789692,7268
15--3180,2015/02/17,6:38 AM,TENTH LINE RD btwn ST. JOSEPH BLVD & OR174 IC101 RAMP26 (__3ZA11V),__3ZA11V,01 - Non intersection,03 - P.D. only,04 - Sideswipe,01 - Clear,03 - Dawn,01 - Dry,10 - No control,,2,0,0,0,,0,,,,,382838.1536,5038776.419,45.48454933,-75.50170657,7269
15--3000,2015/02/14,11:47 AM,BLAIR RD @ REGIONAL RD 174 N/OR174 IC112 RAMP61 (0003617),3617,02 - Intersection related,03 - P.D. only,03 - Rear end,05 - Drifting Snow,01 - Daylight,05 - Packed snow,01 - Traffic signal,01 - Functioning,2,0,0,0,,0,,,,,374633.1912,5032991.66,45.43337055,-75.60747554,7270
15--3181,2015/02/17,6:40 AM,HIGHWAY 417 btwn HWY417 IC118 RAMP57 & HWY417 IC118 RAMP35 (__3ZA2YQ),__3ZA2YQ,01 - Non intersection,03 - P.D. only,03 - Rear end,01 - Clear,03 - Dawn,01 - Dry,10 - No control,,2,0,0,0,,0,,,,,369422.6752,5031016.323,45.41609815,-75.67432205,7271
15--3093,2015/02/15,3:04 PM,BASELINE RD @ LOBLAWS SC (0009097),9097,03 - At intersection,03 - P.D. only,02 - Angle,01 - Clear,01 - Daylight,02 - Wet,01 - Traffic signal,01 - Functioning,2,0,0,0,,0,,,,,364743.615,5025130.942,45.36355913,-75.7348153,7272
15--3452,2015/02/21,11:00 PM,HWY417 IC118 RAMP35 btwn HWY417 IC118 RAMP45 & HIGHWAY 417 (__3ZAY9Q),__3ZAY9Q,01 - Non intersection,03 - P.D. only,03 - Rear end,03 - Snow,07 - Dark,03 - Loose snow,10 - No control,,3,0,0,0,,0,,,,,369626.9842,5031103.849,45.41686677,-75.67170037,7273
15--2732,2015/02/10,6:40 PM,MACLAREN ST btwn METCALFE ST & ELGIN ST (__3ZA9UK),__3ZA9UK,04 - At/near private drive,02 - Non-fatal injury,03 - Rear end,01 - Clear,07 - Dark,04 - Slush,10 - No control,,2,0,0,0,01 - Minimal,1,1,,,,368149.3013,5031091.905,45.41689465,-75.69058046,7274
15--2910,2015/02/13,4:41 PM,MONTREAL RD @ SHEFFORD RD (0012423),12423,02 - Intersection related,03 - P.D. only,03 - Rear end,01 - Clear,01 - Daylight,01 - Dry,01 - Traffic signal,01 - Functioning,2,0,0,0,,0,,,,,376124.7666,5034853.093,45.44996804,-75.58814464,7275
15--2911,2015/02/13,4:46 PM,ISABELLA ST/HWY 417 O'CONN IC119BR57 @ O'CONNO (0001698),1698,03 - At intersection,03 - P.D. only,04 - Sideswipe,03 - Snow,05 - Dusk,04 - Slush,01 - Traffic signal,01 - Functioning,2,0,0,0,,0,,,,,368297.3812,5030310.408,45.40984958,-75.68878931,7276
15--3362,2015/02/20,3:13 PM,ALBERT ST @ LYON ST (0002208),2208,02 - Intersection related,03 - P.D. only,04 - Sideswipe,01 - Clear,01 - Daylight,02 - Wet,01 - Traffic signal,01 - Functioning,2,0,0,0,,0,,,,,367062.36,5031219.737,45.41814241,-75.7044509,7277
15--3094,2015/02/15,3:09 PM,RIVER RD btwn RIDEAU FOREST DR & KILBY LANE (__3ZA38V),__3ZA38V,01 - Non intersection,03 - P.D. only,07 - SMV other,03 - Snow,01 - Daylight,04 - Slush,10 - No control,,1,0,0,0,,0,,,,,370835.7687,5008783.4,45.21591988,-75.65923267,7278
15--3001,2015/02/14,11:53 AM,CRESTWAY DR @ STRANDHERD DR (0010538),10538,02 - Intersection related,03 - P.D. only,04 - Sideswipe,03 - Snow,01 - Daylight,04 - Slush,01 - Traffic signal,01 - Functioning,2,0,0,0,,0,,,,,366346.9028,5015470.652,45.27649813,-75.71555156,7279
15--2733,2015/02/10,6:52 PM,REGIONAL RD 174 EB btwn REGIONAL RD 174 & TRIM RD (__3ZA1L6),__3ZA1L6,01 - Non intersection,03 - P.D. only,04 - Sideswipe,01 - Clear,07 - Dark,01 - Dry,10 - No control,,2,0,0,0,,0,,,,,384389.4437,5039988.895,45.49528286,-75.48166843,7280
15--3182,2015/02/17,6:45 AM,BRONSON AVE btwn BRONSON AVE RAMP 34 & AIRPORT PKWY/BRONSON AVE RAMP 2 (__3ZA3AA),__3ZA3AA,07 - Overpass or bridge,02 - Non-fatal injury,01 - Approaching,04 - Freezing Rain,03 - Dawn,06 - Ice,10 - No control,,3,0,0,0,02 - Minor,2,,2,,,368654.0336,5026838.323,45.37857639,-75.68468273,7281
15--2912,2015/02/13,4:49 PM,INDUSTRIAL AVE btwn SANDFORD FLEMING AVE & NEIGHBORHOOD WAY (__3ZA3PC),__3ZA3PC,01 - Non intersection,03 - P.D. only,05 - Turning movement,01 - Clear,01 - Daylight,02 - Wet,10 - No control,,2,0,0,0,,0,,,,,371076.531,5030527.209,45.4115426,-75.65325895,7282
15--3453,2015/02/21,11:02 PM,FALLOWFIELD RD btwn STEEPLE HILL CRES & MOODIE DR (__3ZA4Y5),__3ZA4Y5,01 - Non intersection,02 - Non-fatal injury,07 - SMV other,03 - Snow,07 - Dark,06 - Ice,10 - No control,,1,0,0,0,02 - Minor,1,,1,,,358425.6374,5014019.108,45.26408569,-75.81666136,7283
15--3363,2015/02/20,3:23 PM,LORD NELSON ST @ WASHINGTON ST (0008169),8169,03 - At intersection,03 - P.D. only,07 - SMV other,01 - Clear,01 - Daylight,03 - Loose snow,02 - Stop sign,01 - Functioning,1,0,0,0,,0,,,,,371913.5968,5001530.91,45.1505606,-75.646487,7284
15--3095,2015/02/15,3:10 PM,O'CONNOR ST @ WELLINGTON ST (0002234),2234,02 - Intersection related,03 - P.D. only,03 - Rear end,03 - Snow,01 - Daylight,06 - Ice,01 - Traffic signal,01 - Functioning,2,0,0,0,,0,,,,,367414.6631,5031721.137,45.42262241,-75.69988611,7285
15--3002,2015/02/14,Unknown,SANDHILL RD btwn BILLINGHAM CRES & BILLINGHAM CRES (__3ZA59C),__3ZA59C,01 - Non intersection,03 - P.D. only,06 - SMV unattended vehicle,03 - Snow,00 - Unknown,03 - Loose snow,10 - No control,,1,0,0,0,,0,,,,,349864.4598,5023950.022,45.35404745,-75.92484528,7286
15--2734,2015/02/10,6:53 AM,INDUSTRIAL AVE btwn NEIGHBORHOOD WAY & TRAINYARDS DR (__6N4VKM),__6N4VKM,04 - At/near private drive,03 - P.D. only,04 - Sideswipe,01 - Clear,03 - Dawn,02 - Wet,10 - No control,,2,0,0,0,,0,,,,,371618.4852,5030546.708,45.41166651,-75.64633314,7287
15--3183,2015/02/17,6:45 AM,AIRPORT PKWY btwn BROOKFIELD RAMP 34 & BRONSON AVE RAMP 24C (__3ZA229),__3ZA229,07 - Overpass or bridge,03 - P.D. only,03 - Rear end,06 - Strong wind,03 - Dawn,06 - Ice,10 - No control,,2,0,0,0,,0,,,,,368695.4794,5026721.696,45.37752323,-75.68416868,7288