Anom_ID,Accident_Date,Accident_Time,Location,Geo_ID,Accident_Location,Classification_of_Accident,Initial_Impact_Type,Environment_Condition,Light,Road_Surface_Condition,Traffic_Control,Traffic_Control_Condition,No__of_Vehicles,No__of_Bicycles,No__of_Motorcycles,No__of_Pedestrians,Max_Injury,No__of_Injuries,No__of_Minimal,No__of_Minor,No__of_Major,No__of_Fatal,X,Y,Latitude,Longitude,ObjectId
15--3364,2015/02/20,3:27 PM,BRONSON AVE @ CATHERINE ST/RAYMOND ST (0007198),7198,03 - At intersection,03 - P.D. only,05 - Turning movement,01 - Clear,01 - Daylight,01 - Dry,01 - Traffic signal,01 - Functioning,2,0,0,0,,0,,,,,367252.7085,5029796.085,45.40531585,-75.70219936,7289
15--2913,2015/02/13,5:00 PM,KIWANIS CRT btwn JOHNSTON RD & END (__6A6MIV),__6A6MIV,04 - At/near private drive,03 - P.D. only,06 - SMV unattended vehicle,01 - Clear,01 - Daylight,05 - Packed snow,10 - No control,,1,0,0,0,,0,,,,,372231.5202,5025796.614,45.36886831,-75.63915103,7290
15--3003,2015/02/14,Unknown,STRATHBURY ST btwn SADDLEBROOK ST & CENTREPOINTE DR (__3ZA5QD),__3ZA5QD,01 - Non intersection,03 - P.D. only,06 - SMV unattended vehicle,03 - Snow,00 - Unknown,02 - Wet,10 - No control,,1,0,0,0,,0,,,,,361976.6825,5022308.152,45.33839099,-75.77045885,7291
15--2735,2015/02/10,7:06 PM,CLARE ST @ KIRKWOOD AVE (0006079),6079,02 - Intersection related,03 - P.D. only,04 - Sideswipe,01 - Clear,07 - Dark,02 - Wet,01 - Traffic signal,01 - Functioning,2,0,0,0,,0,,,,,364068.624,5027972.105,45.38918087,-75.74308986,7292
15--3365,2015/02/20,3:30 PM,BASELINE RD btwn COLLEGE SQUARE SC & WOODROFFE AVE (__3ZAZDQA),__3ZAZDQA,01 - Non intersection,03 - P.D. only,04 - Sideswipe,01 - Clear,01 - Daylight,01 - Dry,10 - No control,,2,0,0,0,,0,,,,,362596.9191,5023797.011,45.35173682,-75.76237168,7293
15--3184,2015/02/17,6:45 AM,HIGHWAY 417 btwn HWY417 IC129 RAMP25 & HWY417 IC129 RAMP35 (__3ZAYFR),__3ZAYFR,01 - Non intersection,03 - P.D. only,03 - Rear end,01 - Clear,03 - Dawn,01 - Dry,10 - No control,,3,0,0,0,,0,,,,,360617.4378,5023650.654,45.35058026,-75.78764917,7294
15--3096,2015/02/15,3:11 PM,CARLING AVE @ PINECREST  RD/GREENVIEW AVE (0001630),1630,02 - Intersection related,03 - P.D. only,03 - Rear end,03 - Snow,01 - Daylight,04 - Slush,01 - Traffic signal,01 - Functioning,4,0,0,0,,0,,,,,360006.6757,5024633.01,45.35946782,-75.79533351,7295
15--3004,2015/02/14,Unknown,KELLY AVE btwn MONCTON RD & NEVILLE ST (__3ZA16W),__3ZA16W,01 - Non intersection,03 - P.D. only,06 - SMV unattended vehicle,01 - Clear,00 - Unknown,01 - Dry,10 - No control,,1,0,0,0,,0,,,,,360496.2198,5024046.477,45.3541515,-75.78915146,7296
15--2914,2015/02/13,5:13 PM,RIDEAU ST @ WALLER ST (0011913),11913,02 - Intersection related,03 - P.D. only,04 - Sideswipe,01 - Clear,05 - Dusk,03 - Loose snow,01 - Traffic signal,01 - Functioning,2,0,0,0,,0,,,,,368283.4708,5032274.705,45.42752492,-75.68871392,7297
15--2736,2015/02/10,7:27 PM,DEAKIN ST @ PRINCE OF WALES DR (0001073),1073,02 - Intersection related,03 - P.D. only,03 - Rear end,01 - Clear,07 - Dark,01 - Dry,01 - Traffic signal,01 - Functioning,2,0,0,0,,0,,,,,367390.7111,5021522.042,45.33085561,-75.70148487,7298
15--3454,2015/02/21,11:09 AM,MCARTHUR AVE btwn CARMEN AVE & LAFONTAINE AVE (__3ZA3W9),__3ZA3W9,04 - At/near private drive,03 - P.D. only,02 - Angle,01 - Clear,01 - Daylight,03 - Loose snow,10 - No control,,2,0,0,0,,0,,,,,370925.0336,5032768.582,45.43172387,-75.65489341,7299
15--3097,2015/02/15,3:20 PM,BOUNDARY RD @ HWY 417 BOUNDARY IC96R61 (0004222),4222,02 - Intersection related,03 - P.D. only,03 - Rear end,01 - Clear,01 - Daylight,01 - Dry,02 - Stop sign,01 - Functioning,2,0,0,0,,0,,,,,387305.7147,5024118.061,45.35215378,-75.4470197,7300
15--3185,2015/02/17,6:50 AM,REGIONAL ROAD 174 btwn OR174 IC112 RAMP36 & OR174 IC112 RAMP26 (__3ZAZFK),__3ZAZFK,01 - Non intersection,03 - P.D. only,07 - SMV other,01 - Clear,03 - Dawn,06 - Ice,10 - No control,,1,0,0,0,,0,,,,,374753,5032809.892,45.43172313,-75.6059703,7301
15--2737,2015/02/10,7:43 AM,SMYTH RD @ GENERAL HOSPITAL E (0008855),8855,03 - At intersection,03 - P.D. only,05 - Turning movement,01 - Clear,01 - Daylight,01 - Dry,01 - Traffic signal,01 - Functioning,2,0,0,0,,0,,,,,371517.6814,5029181.07,45.39938868,-75.64780564,7302
15--3186,2015/02/17,6:50 AM,HWY 417 VANIER IC117R36 @ VANIER PKWY (0002385),2385,02 - Intersection related,03 - P.D. only,03 - Rear end,01 - Clear,03 - Dawn,06 - Ice,10 - No control,,2,0,0,0,,0,,,,,370765.5295,5031470.732,45.42006142,-75.65710554,7303
15--3366,2015/02/20,3:30 PM,BEAUREGARD CRES btwn MONTCREST DR & MONTCREST DR (__3ZA5TS),__3ZA5TS,04 - At/near private drive,03 - P.D. only,02 - Angle,01 - Clear,01 - Daylight,03 - Loose snow,10 - No control,,2,0,0,0,,0,,,,,384700.4021,5038605.329,45.48279936,-75.4779156,7304
15--3455,2015/02/21,11:17 AM,COOPER ST @ ELGIN ST (0006934),6934,03 - At intersection,03 - P.D. only,02 - Angle,03 - Snow,01 - Daylight,03 - Loose snow,01 - Traffic signal,01 - Functioning,2,0,0,0,,0,,,,,368119.714,5031271.107,45.41850973,-75.69093544,7305
15--2915,2015/02/13,5:15 PM,LYON ST @ WELLINGTON ST (0002388),2388,03 - At intersection,03 - P.D. only,04 - Sideswipe,01 - Clear,01 - Daylight,01 - Dry,01 - Traffic signal,01 - Functioning,2,0,0,0,,0,,,,,366934.3071,5031424.72,45.41999817,-75.70606107,7306
15--3005,2015/02/14,12:03 PM,BATHGATE DR btwn MONTREAL RD & GULF PL (__3ZA7Y9),__3ZA7Y9,04 - At/near private drive,02 - Non-fatal injury,02 - Angle,03 - Snow,01 - Daylight,03 - Loose snow,10 - No control,,2,0,0,0,01 - Minimal,1,1,,,,373229.8615,5034469.199,45.44680341,-75.62520368,7307
15--3098,2015/02/15,3:44 PM,EAGLESON RD btwn FAULKNER TR & FALLOWFIELD RD (__3ZA410),__3ZA410,01 - Non intersection,03 - P.D. only,07 - SMV other,05 - Drifting Snow,01 - Daylight,05 - Packed snow,10 - No control,,1,0,0,0,,0,,,,,355808.2842,5012954.242,45.25469844,-75.85012078,7308
15--2916,2015/02/13,5:16 PM,DES EPINETTES AVE @ JEANNE D'ARC BLVD (0004221),4221,03 - At intersection,03 - P.D. only,02 - Angle,01 - Clear,01 - Daylight,01 - Dry,01 - Traffic signal,02 - Not functioning,2,0,0,0,,0,,,,,382227.712,5035959.053,45.45926908,-75.50995835,7309
15--3367,2015/02/20,3:30 PM,ALERT RD/AIRPORT PKWY/UPLANDS DR RAMP 62 @ LES (0003652),3652,02 - Intersection related,03 - P.D. only,03 - Rear end,01 - Clear,01 - Daylight,03 - Loose snow,01 - Traffic signal,01 - Functioning,2,0,0,0,,0,,,,,371306.7406,5021353.448,45.32897847,-75.65155323,7310
15--3187,2015/02/17,6:50 PM,BLAIR RD @ REGIONAL RD 174 N/OR174 IC112 RAMP61 (0003617),3617,02 - Intersection related,03 - P.D. only,03 - Rear end,01 - Clear,07 - Dark,01 - Dry,01 - Traffic signal,00 - Unknown,2,0,0,0,,0,,,,,374634.7313,5032990.131,45.43335664,-75.60745608,7311
15--3456,2015/02/21,11:27 AM,PARENT AVE @ ST. PATRICK ST (0008240),8240,03 - At intersection,03 - P.D. only,05 - Turning movement,03 - Snow,01 - Daylight,04 - Slush,01 - Traffic signal,01 - Functioning,2,0,0,0,,0,,,,,367822.6662,5032556.111,45.43009859,-75.69456617,7312
15--3006,2015/02/14,12:07 AM,BANK ST @ GLADSTONE AVE (0002253),2253,02 - Intersection related,03 - P.D. only,03 - Rear end,01 - Clear,07 - Dark,03 - Loose snow,01 - Traffic signal,01 - Functioning,2,0,0,0,,0,,,,,367916.7064,5030562.089,45.41214856,-75.69361991,7313
15--2917,2015/02/13,5:29 PM,MEADOWLANDS DR btwn TURN LANE & SULLIVAN AVE (__3ZA3GE),__3ZA3GE,04 - At/near private drive,03 - P.D. only,05 - Turning movement,01 - Clear,07 - Dark,02 - Wet,10 - No control,,2,0,0,0,,0,,,,,363102.9547,5022756.036,45.34232833,-75.7560367,7314
15--3099,2015/02/15,3:46 AM,BOUNDARY RD btwn COOPER HILL RD & Continuation of BOUNDARY RD (__3ZBOGT),__3ZBOGT,01 - Non intersection,03 - P.D. only,07 - SMV other,03 - Snow,07 - Dark,03 - Loose snow,10 - No control,,1,0,0,0,,0,,,,,389522.7143,5018318.8,45.29971288,-75.41972249,7315
15--2738,2015/02/10,8:11 PM,BAYCREST DR @ SANDALWOOD DR (0007085),7085,02 - Intersection related,03 - P.D. only,99 - Other,01 - Clear,07 - Dark,01 - Dry,03 - Yield sign,01 - Functioning,2,0,0,0,,0,,,,,371355.0255,5026707.014,45.37714355,-75.65021668,7316
15--3188,2015/02/17,6:56 AM,HWY 417 INNES IC112R58 @ INNES RD (0012295),12295,02 - Intersection related,03 - P.D. only,03 - Rear end,01 - Clear,03 - Dawn,01 - Dry,03 - Yield sign,01 - Functioning,2,0,0,0,,0,,,,,374225.4215,5030710.98,45.41289079,-75.61300796,7317
15--3007,2015/02/14,12:15 PM,MACKENZIE AVE @ MURRAY ST (0011914),11914,02 - Intersection related,03 - P.D. only,03 - Rear end,03 - Snow,01 - Daylight,03 - Loose snow,01 - Traffic signal,01 - Functioning,2,0,0,0,,0,,,,,367638.7392,5032384.068,45.42856715,-75.69693849,7318
15--31,2015/01/02,11:41 AM,CARLING AVE @ CONNAUGHT AVE (0002143),2143,02 - Intersection related,03 - P.D. only,03 - Rear end,01 - Clear,01 - Daylight,01 - Dry,01 - Traffic signal,01 - Functioning,2,0,0,0,,0,,,,,360770.6762,5025117.033,45.36376246,-75.78552763,7319
15--3457,2015/02/21,11:47 PM,CAHILL DR @ UPLANDS DR (0007392),7392,03 - At intersection,03 - P.D. only,02 - Angle,03 - Snow,07 - Dark,04 - Slush,03 - Yield sign,01 - Functioning,2,0,0,0,,0,,,,,370088.4424,5023246.154,45.34612293,-75.66684405,7320
15--3368,2015/02/20,3:42 PM,KENT ST btwn SPARKS ST & QUEEN ST (__3ZA1Z0),__3ZA1Z0,01 - Non intersection,03 - P.D. only,04 - Sideswipe,03 - Snow,01 - Daylight,03 - Loose snow,10 - No control,,2,0,0,0,,0,,,,,367174.8751,5031396.7,45.41972465,-75.70299099,7321
15--2918,2015/02/13,5:30 PM,FLEMING AVE @ HAIG DR (0008299),8299,03 - At intersection,03 - P.D. only,99 - Other,01 - Clear,05 - Dusk,02 - Wet,02 - Stop sign,00 - Unknown,2,0,0,0,,0,,,,,372483.2913,5028253.898,45.3909537,-75.63560037,7322
15--2739,2015/02/10,8:17 AM,CONROY RD btwn THURSTON DR & JOHNSTON RD (__3ZA3S9),__3ZA3S9,01 - Non intersection,03 - P.D. only,03 - Rear end,01 - Clear,01 - Daylight,03 - Loose snow,10 - No control,,3,0,0,0,,0,,,,,373277.7835,5026612.766,45.37611027,-75.62568256,7323
15--3008,2015/02/14,12:24 PM,KING EDWARD AVE NB btwn RAMP & CATHCART ST (__7TR60M),__7TR60M,01 - Non intersection,03 - P.D. only,03 - Rear end,03 - Snow,01 - Daylight,03 - Loose snow,10 - No control,,3,0,0,0,,0,,,,,368079.0009,5033148.729,45.43540761,-75.69121436,7324
15--310,2015/01/06,7:30 AM,HIGHWAY 417 btwn Continuation of HIGHWAY 417 & HWY417 IC134 RAMP51 (__3ZA29B),__3ZA29B,01 - Non intersection,03 - P.D. only,04 - Sideswipe,01 - Clear,03 - Dawn,06 - Ice,10 - No control,,2,0,0,0,,0,,,,,355947.7088,5021966.064,45.33577828,-75.84741509,7325
15--3458,2015/02/21,11:50 AM,CUMBERLAND ST @ GEORGE ST (0008508),8508,03 - At intersection,03 - P.D. only,07 - SMV other,03 - Snow,01 - Daylight,03 - Loose snow,01 - Traffic signal,01 - Functioning,1,0,0,0,,0,,,,,368325.7076,5032417.071,45.42880204,-75.68815585,7326
15--3369,2015/02/20,3:48 PM,REGIONAL ROAD 174 EB btwn HWY417 IC113 RAMP65 & OR174 BLAIR IC112 RAMP51 (__3ZAZFJ),__3ZAZFJ,01 - Non intersection,03 - P.D. only,03 - Rear end,01 - Clear,01 - Daylight,01 - Dry,10 - No control,,2,0,0,0,,0,,,,,374384.016,5032512.921,45.42908795,-75.61072747,7327
15--2919,2015/02/13,5:33 PM,PRINCE OF WALES DR @ WEST HUNT CLUB RD (0000567),567,02 - Intersection related,03 - P.D. only,04 - Sideswipe,01 - Clear,07 - Dark,01 - Dry,01 - Traffic signal,00 - Unknown,2,0,0,0,,0,,,,,367460.638,5021891.021,45.33416938,-75.70054614,7328
15--3189,2015/02/17,6:56 AM,DATA CENTRE RD @ HERON RD (0007176),7176,02 - Intersection related,03 - P.D. only,03 - Rear end,01 - Clear,03 - Dawn,06 - Ice,02 - Stop sign,01 - Functioning,2,0,0,0,,0,,,,,368942.6889,5026732.059,45.37759389,-75.68101123,7329
15--3459,2015/02/21,11:56 AM,NOTRE DAME ST btwn ST. JOSEPH BLVD & HENRI LAUZON ST (__3ZA6EX),__3ZA6EX,01 - Non intersection,03 - P.D. only,01 - Approaching,03 - Snow,01 - Daylight,05 - Packed snow,10 - No control,,2,0,0,0,,0,,,,,380048.7471,5036508.194,45.4644479,-75.53773196,7330
15--337,2015/01/07,11:00 PM,HIGHWAY 417 btwn HWY417 IC122 RAMP16 & HWY417 IC122 RAMP61 (__3ZA2RA),__3ZA2RA,01 - Non intersection,03 - P.D. only,07 - SMV other,00 - Unknown,07 - Dark,00 - Unknown,10 - No control,,1,0,0,0,,0,,,,,365487.6007,5029000.789,45.39831523,-75.72484345,7331
15--3370,2015/02/20,4:00 PM,BELFAST RD @ ST. LAURENT BLVD (0007658),7658,02 - Intersection related,03 - P.D. only,03 - Rear end,01 - Clear,01 - Daylight,01 - Dry,01 - Traffic signal,01 - Functioning,5,0,0,0,,0,,,,,372859.7602,5030578.08,45.41182917,-75.63047221,7332
15--3371,2015/02/20,4:00 PM,REGIONAL ROAD 174 EB btwn HWY417 IC113 RAMP65 & OR174 BLAIR IC112 RAMP51 (__3ZAZFJ),__3ZAZFJ,01 - Non intersection,03 - P.D. only,03 - Rear end,01 - Clear,01 - Daylight,02 - Wet,10 - No control,,2,0,0,0,,0,,,,,374468.8353,5032574.608,45.42963454,-75.6096349,7333
15--3372,2015/02/20,4:07 PM,BROADVIEW AVE @ BYRON AVE (0006231),6231,03 - At intersection,03 - P.D. only,02 - Angle,01 - Clear,01 - Daylight,01 - Dry,02 - Stop sign,01 - Functioning,2,0,0,0,,0,,,,,362696.8469,5027832.805,45.38804221,-75.76062346,7334
15--3373,2015/02/20,4:09 PM,MEADOWBROOK RD @ TELESAT CRT (0009167),9167,02 - Intersection related,03 - P.D. only,03 - Rear end,01 - Clear,01 - Daylight,01 - Dry,02 - Stop sign,00 - Unknown,2,0,0,0,,0,,,,,374990.4648,5032269.723,45.4268392,-75.60301276,7335
15--3374,2015/02/20,4:20 PM,ATHANS AVE @ COUNCILLOR'S WAY/LEVADIA AVE (0009572),9572,03 - At intersection,03 - P.D. only,02 - Angle,01 - Clear,01 - Daylight,03 - Loose snow,02 - Stop sign,01 - Functioning,2,0,0,0,,0,,,,,373139.002,5024071.712,45.35326042,-75.62780573,7336
15--3375,2015/02/20,4:23 PM,MONTREAL RD @ DUCHARME BLVD/CANTIN ST (0009319),9319,03 - At intersection,03 - P.D. only,02 - Angle,01 - Clear,01 - Daylight,01 - Dry,01 - Traffic signal,01 - Functioning,2,0,0,0,,0,,,,,371018.6671,5033567.036,45.43889914,-75.65358947,7337
15--3376,2015/02/20,4:56 PM,VANIER PKWY SB btwn RIVERSIDE DR & TO BE DETERMINED (__3ZA1Q9),__3ZA1Q9,01 - Non intersection,03 - P.D. only,03 - Rear end,01 - Clear,01 - Daylight,01 - Dry,10 - No control,,2,0,0,0,,0,,,,,370793.6967,5031320.868,45.41871035,-75.65676574,7338
15--3377,2015/02/20,4:57 PM,ST. JOSEPH BLVD btwn GABRIEL ST & PLACE D'ORLEANS DR (__3ZA1U9),__3ZA1U9,01 - Non intersection,03 - P.D. only,04 - Sideswipe,01 - Clear,01 - Daylight,01 - Dry,10 - No control,,2,0,0,0,,0,,,,,381570.7934,5037661.823,45.47466168,-75.51809092,7339
15--3378,2015/02/20,4:59 PM,ANDERSON RD @ INNES RD (0004200),4200,03 - At intersection,02 - Non-fatal injury,05 - Turning movement,01 - Clear,01 - Daylight,01 - Dry,01 - Traffic signal,01 - Functioning,2,0,0,0,03 - Major,2,,,2,,376280.9606,5031841.344,45.4228542,-75.58658534,7340
15--3379,2015/02/20,5:00 PM,MACDONALD-CARTIER BR btwn RAMP & END (1) (__3ZA1QK),__3ZA1QK,07 - Overpass or bridge,03 - P.D. only,03 - Rear end,01 - Clear,07 - Dark,06 - Ice,10 - No control,,3,0,0,0,,0,,,,,367215.6144,5033300.161,45.43684774,-75.70222925,7341
15--338,2015/01/07,11:04 PM,HUNTLEY RD btwn GARVIN RD & MOORE ST (__4QEXEK),__4QEXEK,01 - Non intersection,03 - P.D. only,07 - SMV other,03 - Snow,07 - Dark,06 - Ice,10 - No control,,1,0,0,0,,0,,,,,356311.6143,5007020.601,45.20126924,-75.84432259,7342
15--3380,2015/02/20,5:03 PM,LOYOLA AVE @ SHEFFORD RD (0009494),9494,02 - Intersection related,03 - P.D. only,03 - Rear end,01 - Clear,01 - Daylight,06 - Ice,02 - Stop sign,01 - Functioning,2,0,0,0,,0,,,,,376000.2486,5035168.304,45.45281681,-75.58969072,7343
15--3381,2015/02/20,5:22 PM,HIGHWAY 417 btwn HWY417 IC119B RAMP76 & HWY417 IC119A RAMP67 (__3ZA2YT),__3ZA2YT,01 - Non intersection,03 - P.D. only,03 - Rear end,01 - Clear,05 - Dusk,01 - Dry,10 - No control,,2,0,0,0,,0,,,,,368430.6174,5030443.038,45.41103084,-75.6870702,7344
15--3382,2015/02/20,5:39 PM,CLEARBROOK DR @ CHAPMAN MILLS DR (0010970),10970,02 - Intersection related,03 - P.D. only,03 - Rear end,01 - Clear,05 - Dusk,03 - Loose snow,01 - Traffic signal,00 - Unknown,2,0,0,0,,0,,,,,365923.1313,5015086.103,45.27307494,-75.72099959,7345
15--274,2015/01/06,12:28 PM,KIRKWOOD AVE btwn COLDREY AVE & LAPERRIERE AVE (__3ZA3AI),__3ZA3AI,01 - Non intersection,03 - P.D. only,04 - Sideswipe,03 - Snow,01 - Daylight,04 - Slush,10 - No control,,2,0,0,0,,0,,,,,364455.1157,5027097.82,45.3812814,-75.73826014,7346
15--3009,2015/02/14,12:30 PM,CUMBERLAND ST @ RIDEAU ST (0007759),7759,02 - Intersection related,03 - P.D. only,03 - Rear end,03 - Snow,01 - Daylight,03 - Loose snow,01 - Traffic signal,01 - Functioning,2,0,0,0,,0,,,,,368374.511,5032329.492,45.4280096,-75.68754352,7347
15--3100,2015/02/15,3:58 PM,HIGHWAY 417 btwn HWY417 IC126 RAMP61 & HWY417 IC124 RAMP76 (__3ZA2Y2),__3ZA2Y2,01 - Non intersection,03 - P.D. only,07 - SMV other,01 - Clear,01 - Daylight,04 - Slush,10 - No control,,1,0,0,0,,0,,,,,363484.5249,5026284.188,45.37404243,-75.75074929,7348
15--3383,2015/02/20,5:42 PM,ST. JOSEPH BLVD/OLD MONTREAL RD @ TRIM RD (0004118),4118,02 - Intersection related,03 - P.D. only,03 - Rear end,01 - Clear,07 - Dark,01 - Dry,11 - Roundabout,01 - Functioning,2,0,0,0,,0,,,,,384682.754,5039287.028,45.48893464,-75.47803041,7349
15--3384,2015/02/20,5:43 PM,MCARTHUR AVE btwn LACASSE AVE & CARMEN AVE (__3ZA3W8),__3ZA3W8,04 - At/near private drive,03 - P.D. only,02 - Angle,01 - Clear,05 - Dusk,02 - Wet,10 - No control,,2,0,0,0,,0,,,,,370865.0344,5032761.789,45.43166842,-75.65566106,7350
15--3385,2015/02/20,5:55 PM,ALGOMA RD btwn KENASTON ST & COMSTOCK RD (__3ZA1HA),__3ZA1HA,04 - At/near private drive,03 - P.D. only,02 - Angle,01 - Clear,07 - Dark,05 - Packed snow,10 - No control,,2,0,0,0,,0,,,,,373641.4856,5031100.334,45.41645169,-75.62041316,7351
15--3386,2015/02/20,6:01 PM,TERRY FOX DR btwn HWY417 IC140 RAMP25 & PALLADIUM DR (__3ZA3DO),__3ZA3DO,01 - Non intersection,03 - P.D. only,03 - Rear end,01 - Clear,07 - Dark,01 - Dry,10 - No control,,3,0,0,0,,0,,,,,351141.032,5018336.074,45.30344868,-75.90907885,7352
15--3387,2015/02/20,6:05 PM,HIGHWAY 417 btwn HWY417 IC118 RAMP57 & HWY417 IC118 RAMP35 (__3ZA2YQ),__3ZA2YQ,01 - Non intersection,03 - P.D. only,03 - Rear end,01 - Clear,07 - Dark,01 - Dry,10 - No control,,2,0,0,0,,0,,,,,369454.0637,5031038.291,45.41629291,-75.67391816,7353
15--3388,2015/02/20,6:15 PM,BOOTH ST btwn 148 N OF MIDDLE ST/E.B. EDDY S & MIDDLE ST (__3ZBPMPC),__3ZBPMPC,07 - Overpass or bridge,03 - P.D. only,07 - SMV other,01 - Clear,07 - Dark,02 - Wet,10 - No control,,1,0,0,0,,0,,,,,366078.2562,5031346.604,45.41937081,-75.71700819,7354
15--3389,2015/02/20,6:16 AM,ALBERT ST @ EMPRESS AVE (0010851),10851,03 - At intersection,03 - P.D. only,07 - SMV other,01 - Clear,07 - Dark,02 - Wet,01 - Traffic signal,01 - Functioning,1,0,0,0,,0,,,,,366573.8094,5030720.084,45.41368998,-75.71075532,7355
15--339,2015/01/07,11:07 PM,HIGHWAY 417 btwn HWY417 IC120B RAMP36 & HWY417 IC119B RAMP76 (__3ZA2YU),__3ZA2YU,01 - Non intersection,03 - P.D. only,07 - SMV other,01 - Clear,07 - Dark,06 - Ice,10 - No control,,1,0,0,0,,0,,,,,368054.8679,5030201.868,45.40889493,-75.69190115,7356
15--3390,2015/02/20,6:19 PM,GLADSTONE AVE @ KENT ST (0002251),2251,03 - At intersection,03 - P.D. only,02 - Angle,01 - Clear,07 - Dark,02 - Wet,01 - Traffic signal,01 - Functioning,2,0,0,0,,0,,,,,367744.7042,5030461.016,45.41125463,-75.6958301,7357
15--3391,2015/02/20,6:33 AM,OTTAWA RIVER PKWY WB btwn WOODROFFE AVE & TRANSIT (__3ZA23K),__3ZA23K,01 - Non intersection,03 - P.D. only,07 - SMV other,01 - Clear,03 - Dawn,03 - Loose snow,10 - No control,,1,0,0,0,,0,,,,,362385.8846,5027964.528,45.38925308,-75.76457893,7358
15--3392,2015/02/20,6:40 AM,HWY417 IC138 RAMP36 btwn HIGHWAY 417 & MARCH RD (__3ZAY8W),__3ZAY8W,01 - Non intersection,03 - P.D. only,07 - SMV other,01 - Clear,03 - Dawn,03 - Loose snow,10 - No control,,1,0,0,0,,0,,,,,352574.4769,5020011.485,45.31842837,-75.89063966,7359
15--3393,2015/02/20,6:50 AM,HIGHWAY 417 btwn HWY417 IC127 RAMP35 & HWY417 IC127 RAMP25 (__3ZA2RE),__3ZA2RE,01 - Non intersection,03 - P.D. only,03 - Rear end,01 - Clear,03 - Dawn,02 - Wet,10 - No control,,3,0,0,0,,0,,,,,362145.5028,5024843.489,45.36119001,-75.76801097,7360
15--3394,2015/02/20,6:52 PM,BANK ST @ RIVERSIDE DR S (0002704),2704,02 - Intersection related,03 - P.D. only,03 - Rear end,01 - Clear,07 - Dark,01 - Dry,01 - Traffic signal,01 - Functioning,2,0,0,0,,0,,,,,369305.681,5027894.071,45.38801599,-75.67622511,7361
15--3395,2015/02/20,6:53 PM,BANK ST btwn HOPEWELL AVE & GLEN AVE (__3ZA3N3),__3ZA3N3,01 - Non intersection,02 - Non-fatal injury,03 - Rear end,"07 - Fog, mist, smoke, dust",07 - Dark,01 - Dry,10 - No control,,2,0,0,0,02 - Minor,2,1,1,,,368802.3759,5028438.813,45.39296358,-75.68258129,7362
15--3396,2015/02/20,7:03 PM,WOODFIELD DR btwn DOWNSVIEW CRES & MERIVALE RD (__3ZA00W),__3ZA00W,04 - At/near private drive,03 - P.D. only,02 - Angle,01 - Clear,07 - Dark,01 - Dry,10 - No control,,2,0,0,0,,0,,,,,365428.9425,5022281.178,45.33785845,-75.72641725,7363
15--3397,2015/02/20,7:04 PM,KIRKWOOD AVE btwn RICHMOND RD & LYMAN ST (__3ZA4OC),__3ZA4OC,01 - Non intersection,03 - P.D. only,07 - SMV other,01 - Clear,07 - Dark,01 - Dry,10 - No control,,1,0,0,0,,0,,,,,363784.4728,5028618.904,45.39502465,-75.74664107,7364
15--3398,2015/02/20,7:06 PM,BANK ST @ HUNT CLUB RD (0002119),2119,02 - Intersection related,03 - P.D. only,03 - Rear end,03 - Snow,07 - Dark,03 - Loose snow,01 - Traffic signal,01 - Functioning,2,0,0,0,,0,,,,,371609.7004,5024096.024,45.35362654,-75.64731835,7365
15--3399,2015/02/20,7:10 AM,HIGHWAY 417 btwn HWY417 IC117 RAMP61 & HWY417 IC115 RAMP36 (__3ZA2RZ),__3ZA2RZ,01 - Non intersection,03 - P.D. only,03 - Rear end,01 - Clear,03 - Dawn,01 - Dry,10 - No control,,2,0,0,0,,0,,,,,371557.6561,5031421.348,45.41954195,-75.64699172,7366
15--34,2015/01/02,12:15 PM,TENTH LINE RD btwn OLD TENTH LINE RD & TOMPKINS AVE (__3ZBPKU),__3ZBPKU,01 - Non intersection,02 - Non-fatal injury,03 - Rear end,01 - Clear,01 - Daylight,01 - Dry,10 - No control,,2,0,0,0,01 - Minimal,1,1,,,,383180.0745,5037989.93,45.47743491,-75.49745878,7367
15--340,2015/01/07,11:09 AM,BLACKBURN BYPASS EB btwn 1700 W OF NAVAN RD & NAVAN RD (__3ZA3J6B),__3ZA3J6B,01 - Non intersection,03 - P.D. only,07 - SMV other,03 - Snow,01 - Daylight,03 - Loose snow,10 - No control,,1,0,0,0,,0,,,,,379629.8614,5033259.638,45.43526481,-75.543582,7368
15--3400,2015/02/20,7:10 AM,HIGHWAY 417 btwn HWY417 IC117 RAMP51 & HWY417 IC117 RAMP35 (__3ZA2YN),__3ZA2YN,01 - Non intersection,03 - P.D. only,07 - SMV other,01 - Clear,03 - Dawn,01 - Dry,10 - No control,,1,0,0,0,,0,,,,,370841.7893,5031205.078,45.41766398,-75.65616682,7369
15--3401,2015/02/20,7:11 PM,TERRY FOX DR btwn HWY417 IC140 RAMP35 & HWY417 IC140 RAMP52 (__3ZAZEZ),__3ZAZEZ,07 - Overpass or bridge,03 - P.D. only,03 - Rear end,01 - Clear,07 - Dark,05 - Packed snow,10 - No control,,2,0,0,0,,0,,,,,351012.0857,5018480.763,45.30475912,-75.91070954,7370
15--3402,2015/02/20,7:15 AM,INNES RD @ PAGE RD (0012476),12476,02 - Intersection related,03 - P.D. only,03 - Rear end,01 - Clear,01 - Daylight,03 - Loose snow,01 - Traffic signal,01 - Functioning,2,0,0,0,,0,,,,,380887.749,5034539.109,45.44664076,-75.52730915,7371
15--3403,2015/02/20,7:24 PM,GREENBANK RD @ BELLMAN DR/BATEMAN DR (0000153),153,03 - At intersection,03 - P.D. only,07 - SMV other,01 - Clear,07 - Dark,01 - Dry,01 - Traffic signal,01 - Functioning,1,0,0,0,,0,,,,,361255.7116,5021017.971,45.32684034,-75.77980444,7372