Anom_ID,Accident_Date,Accident_Time,Location,Geo_ID,Accident_Location,Classification_of_Accident,Initial_Impact_Type,Environment_Condition,Light,Road_Surface_Condition,Traffic_Control,Traffic_Control_Condition,No__of_Vehicles,No__of_Bicycles,No__of_Motorcycles,No__of_Pedestrians,Max_Injury,No__of_Injuries,No__of_Minimal,No__of_Minor,No__of_Major,No__of_Fatal,X,Y,Latitude,Longitude,ObjectId
15--3404,2015/02/20,7:25 AM,HIGHWAY 417 btwn HWY417 IC117 RAMP61 & HWY417 IC115 RAMP36 (__3ZA2RZ),__3ZA2RZ,01 - Non intersection,03 - P.D. only,03 - Rear end,01 - Clear,01 - Daylight,01 - Dry,10 - No control,,2,0,0,0,,0,,,,,371204.2442,5031379.807,45.41920182,-75.6515126,7373
15--3405,2015/02/20,7:25 PM,WOODROFFE AVE @ DEERFOX DR/STONEWAY DR (0004601),4601,02 - Intersection related,02 - Non-fatal injury,03 - Rear end,01 - Clear,07 - Dark,01 - Dry,01 - Traffic signal,01 - Functioning,2,0,0,0,02 - Minor,1,,1,,,365885.6981,5015940.078,45.28076222,-75.72137154,7374
15--3406,2015/02/20,7:30 PM,ROYDON PL btwn WOODFIELD DR & WEST HUNT CLUB RD (__3ZAYGP),__3ZAYGP,04 - At/near private drive,03 - P.D. only,04 - Sideswipe,01 - Clear,07 - Dark,01 - Dry,10 - No control,,2,0,0,0,,0,,,,,365630.1582,5022372.003,45.33865826,-75.72383895,7375
15--3407,2015/02/20,8:00 AM,REMNOR AVE/FLETCHER CIRC @ KEYROCK DR (0012712),12712,02 - Intersection related,03 - P.D. only,03 - Rear end,01 - Clear,01 - Daylight,05 - Packed snow,02 - Stop sign,01 - Functioning,2,0,0,0,,0,,,,,349634.6398,5020225.516,45.32054817,-75.92811577,7376
15--3408,2015/02/20,8:04 PM,TERRY FOX DR btwn CAMPEAU DR & DIDSBURY RD (__3ZA1EJ),__3ZA1EJ,01 - Non intersection,03 - P.D. only,04 - Sideswipe,01 - Clear,07 - Dark,05 - Packed snow,10 - No control,,2,0,0,0,,0,,,,,350469.0947,5019008.046,45.30953927,-75.91758474,7377
15--3409,2015/02/20,8:15 AM,CARLING AVE @ CROYDON AVE (0002642),2642,03 - At intersection,03 - P.D. only,03 - Rear end,01 - Clear,01 - Daylight,06 - Ice,01 - Traffic signal,01 - Functioning,2,0,0,0,,0,,,,,360659.6445,5025042.999,45.36310517,-75.78695322,7378
15--341,2015/01/07,11:12 AM,KING EDWARD AVE @ SOMERSET ST/MARIE CURIE PRIV (0001696),1696,02 - Intersection related,02 - Non-fatal injury,03 - Rear end,01 - Clear,01 - Daylight,02 - Wet,01 - Traffic signal,01 - Functioning,2,0,0,0,01 - Minimal,1,1,,,,368956.7464,5031673.096,45.42205043,-75.68018905,7379
15--3410,2015/02/20,8:15 AM,HWY417 IC144 RAMP35 btwn HIGHWAY 417 & CARP RD (__3ZAY8O),__3ZAY8O,01 - Non intersection,03 - P.D. only,07 - SMV other,01 - Clear,01 - Daylight,01 - Dry,10 - No control,,1,0,0,0,,0,,,,,347426.6231,5015623.228,45.27927274,-75.95667431,7380
15--3411,2015/02/20,8:19 AM,BERRIGAN DR btwn CROXLEY WAY & CLARIDGE DR (__4O3JPX),__4O3JPX,01 - Non intersection,03 - P.D. only,04 - Sideswipe,01 - Clear,01 - Daylight,05 - Packed snow,10 - No control,,2,0,0,0,,0,,,,,364526.8078,5015776.459,45.27940674,-75.73871076,7381
15--3412,2015/02/20,8:20 AM,SUSSEX DR @ 151 S OF KING EDWARD AVE (0008807),8807,02 - Intersection related,03 - P.D. only,03 - Rear end,01 - Clear,01 - Daylight,02 - Wet,01 - Traffic signal,01 - Functioning,2,0,0,0,,0,,,,,367601.0509,5033360.907,45.4373598,-75.69729549,7382
15--3413,2015/02/20,8:30 AM,COLONEL BY DR btwn N.D.H.Q. & OTTAWA UNIV. PED. XING (__3ZA8HKB),__3ZA8HKB,01 - Non intersection,03 - P.D. only,07 - SMV other,03 - Snow,01 - Daylight,03 - Loose snow,10 - No control,,1,0,0,0,,0,,,,,368436.6845,5031674.354,45.42210925,-75.68683369,7383
15--3414,2015/02/20,8:40 AM,HIGHWAY 417 btwn HWY417 IC117 RAMP26 & HWY417 IC117 RAMP61 (__3ZA2YM),__3ZA2YM,01 - Non intersection,03 - P.D. only,07 - SMV other,01 - Clear,01 - Daylight,99 - Other,10 - No control,,1,0,0,0,,0,,,,,370834.1904,5031217.738,45.41777861,-75.65626221,7384
15--3415,2015/02/20,9:00 AM,DUNDONALD DR btwn BLACKLEAF DR & RAVENDALE WAY (__54YLJD),__54YLJD,04 - At/near private drive,03 - P.D. only,99 - Other,01 - Clear,01 - Daylight,06 - Ice,10 - No control,,2,0,0,0,,0,,,,,365412.3202,5012203.08,45.24717773,-75.72786088,7385
15--3416,2015/02/20,9:04 PM,CONROY RD @ HUNT CLUB RD (0002257),2257,03 - At intersection,03 - P.D. only,05 - Turning movement,03 - Snow,07 - Dark,03 - Loose snow,01 - Traffic signal,01 - Functioning,2,0,0,0,,0,,,,,373763.74,5025404.041,45.36518701,-75.61964739,7386
15--3417,2015/02/20,9:08 AM,QUEEN MARY ST @ VANIER PKWY (0007648),7648,02 - Intersection related,03 - P.D. only,03 - Rear end,01 - Clear,01 - Daylight,04 - Slush,01 - Traffic signal,01 - Functioning,2,0,0,0,,0,,,,,370363.7105,5031957.103,45.42447536,-75.66217462,7387
15--3418,2015/02/20,9:50 AM,HIGHWAY 417 btwn HWY417 IC117 RAMP26 & HWY417 IC117 RAMP61 (__3ZA2YM),__3ZA2YM,01 - Non intersection,03 - P.D. only,03 - Rear end,01 - Clear,01 - Daylight,06 - Ice,10 - No control,,2,0,0,0,,0,,,,,370887.9987,5031246.233,45.41802992,-75.65557094,7388
15--3419,2015/02/20,9:59 PM,GREENBANK RD @ 207 S OF BELLMAN DR/GREENBANK S (0004604),4604,02 - Intersection related,03 - P.D. only,03 - Rear end,01 - Clear,07 - Dark,01 - Dry,01 - Traffic signal,01 - Functioning,2,0,0,0,,0,,,,,361337.6796,5020826.998,45.32511537,-75.77878068,7389
15--342,2015/01/07,11:19 PM,HIGHWAY 417 btwn HWY417 IC121A RAMP16 & HWY417 IC121A RAMP61 (__3ZA2YY),__3ZA2YY,01 - Non intersection,03 - P.D. only,07 - SMV other,01 - Clear,07 - Dark,06 - Ice,10 - No control,,1,0,0,0,,0,,,,,367286.5463,5029769.042,45.40506951,-75.70177057,7390
15--3420,2015/02/21,1:00 PM,MARCH RD btwn TALL FOREST DR & TALL FOREST DR (__3ZA3FM),__3ZA3FM,01 - Non intersection,02 - Non-fatal injury,07 - SMV other,03 - Snow,01 - Daylight,03 - Loose snow,10 - No control,,1,0,0,0,01 - Minimal,1,1,,,,343781.5524,5023229.056,45.34792451,-76.00253469,7391
15--3421,2015/02/21,1:00 PM,SOMERSET ST @ SPADINA AVE (0006484),6484,03 - At intersection,03 - P.D. only,01 - Approaching,03 - Snow,01 - Daylight,03 - Loose snow,02 - Stop sign,01 - Functioning,2,0,0,0,,0,,,,,365711.53,5029870.55,45.40612168,-75.72187606,7392
15--3422,2015/02/21,1:00 PM,GALETTA SIDE RD @ UPPER DWYER HILL RD (0001655),1655,03 - At intersection,03 - P.D. only,02 - Angle,03 - Snow,01 - Daylight,05 - Packed snow,02 - Stop sign,01 - Functioning,2,0,0,0,,0,,,,,320846.4696,5028845.127,45.39936091,-76.29503637,7393
15--3423,2015/02/21,1:04 PM,CARLING AVE WB btwn DOANE ST & RITCHIE ST (__3ZA2GJ),__3ZA2GJ,01 - Non intersection,03 - P.D. only,03 - Rear end,03 - Snow,01 - Daylight,03 - Loose snow,10 - No control,,2,0,0,0,,0,,,,,359571.318,5024357.356,45.35702164,-75.80092061,7394
15--3424,2015/02/21,1:05 PM,SLACK RD btwn TURN LANE & VAAN DR (__3ZA543),__3ZA543,01 - Non intersection,02 - Non-fatal injury,01 - Approaching,03 - Snow,01 - Daylight,03 - Loose snow,10 - No control,,2,0,0,0,02 - Minor,1,,1,,,364455.1293,5020095.804,45.31827812,-75.73910464,7395
15--3425,2015/02/21,1:08 PM,HURON AVE @ WELLINGTON ST (0005625),5625,03 - At intersection,03 - P.D. only,02 - Angle,03 - Snow,01 - Daylight,03 - Loose snow,02 - Stop sign,01 - Functioning,2,0,0,0,,0,,,,,364850.8951,5029124.606,45.3994842,-75.73296021,7396
15--3426,2015/02/21,1:09 PM,ALBION RD btwn LESTER RD & LEITRIM RD (__3ZA3SQ),__3ZA3SQ,01 - Non intersection,03 - P.D. only,99 - Other,03 - Snow,01 - Daylight,03 - Loose snow,10 - No control,,2,0,0,0,,0,,,,,372705.554,5022308.352,45.33743643,-75.63357916,7397
15--3427,2015/02/21,1:10 PM,PALLADIUM DR @ SILVER SEVEN RD (0011839),11839,02 - Intersection related,03 - P.D. only,03 - Rear end,03 - Snow,01 - Daylight,03 - Loose snow,01 - Traffic signal,01 - Functioning,2,0,0,0,,0,,,,,351051.6077,5017887.807,45.29942094,-75.91026091,7398
15--3428,2015/02/21,1:12 PM,ST. LAURENT BLVD @ COTE ST (0007705),7705,02 - Intersection related,03 - P.D. only,03 - Rear end,03 - Snow,01 - Daylight,03 - Loose snow,01 - Traffic signal,01 - Functioning,2,0,0,0,,0,,,,,371785.8898,5033226.652,45.43576344,-75.6438302,7399
15--3429,2015/02/21,1:15 PM,ELGIN ST @ MACLAREN ST (0006937),6937,02 - Intersection related,03 - P.D. only,99 - Other,03 - Snow,01 - Daylight,05 - Packed snow,01 - Traffic signal,01 - Functioning,2,0,0,0,,0,,,,,368208.7134,5031127.057,45.41720556,-75.6898169,7400
15--343,2015/01/07,11:26 AM,BANK ST @ JOHNSTON RD (0006967),6967,02 - Intersection related,03 - P.D. only,03 - Rear end,03 - Snow,01 - Daylight,05 - Packed snow,01 - Traffic signal,01 - Functioning,2,0,0,0,,0,,,,,370854.6221,5024840.01,45.36039222,-75.65685483,7401
15--3430,2015/02/21,1:15 PM,HIGHWAY 417 btwn HWY417 IC140 RAMP35 & HWY417 IC140 RAMP25 (__3ZA2QP),__3ZA2QP,01 - Non intersection,03 - P.D. only,07 - SMV other,03 - Snow,01 - Daylight,03 - Loose snow,10 - No control,,1,0,0,0,,0,,,,,350962.808,5018565.425,45.30552417,-75.91133,7402
15--3431,2015/02/21,1:16 PM,RIVER RD btwn EARL ARMSTRONG RD & 175 N OF EARL ARMSTRONG/LOBLAWS SC (__5DXOUQA),__5DXOUQA,01 - Non intersection,03 - P.D. only,07 - SMV other,03 - Snow,01 - Daylight,04 - Slush,10 - No control,,1,0,0,0,,0,,,,,367579.4655,5014701.265,45.26946628,-75.69994069,7403
15--3432,2015/02/21,1:17 PM,MCARTHUR AVE btwn LAROUCHE ST & OLMSTEAD ST (__3ZA3WY),__3ZA3WY,04 - At/near private drive,03 - P.D. only,02 - Angle,03 - Snow,01 - Daylight,05 - Packed snow,10 - No control,,2,0,0,0,,0,,,,,370433.5524,5032715.396,45.43129162,-75.66118117,7404
15--3433,2015/02/21,1:26 PM,OTTAWA RIVER PKWY @ RIVER ST/SLIDELL ST (0005099),5099,03 - At intersection,03 - P.D. only,02 - Angle,00 - Unknown,01 - Daylight,03 - Loose snow,01 - Traffic signal,01 - Functioning,2,0,0,0,,0,,,,,365157.6312,5030376.109,45.41071856,-75.72888939,7405
15--3434,2015/02/21,1:34 PM,SUNNYSIDE AVE btwn CARRAWAY PRIV & SENECA ST (__3ZA888),__3ZA888,01 - Non intersection,02 - Non-fatal injury,04 - Sideswipe,03 - Snow,01 - Daylight,05 - Packed snow,10 - No control,,2,0,0,0,01 - Minimal,1,1,,,,368116.24,5028214.496,45.39100761,-75.69137231,7406
15--3435,2015/02/21,1:36 PM,CLAYMOR AVE @ MEADOWLANDS DR (0003184),3184,02 - Intersection related,03 - P.D. only,03 - Rear end,03 - Snow,01 - Daylight,03 - Loose snow,01 - Traffic signal,01 - Functioning,2,0,0,0,,0,,,,,366916.1412,5025322.241,45.36509126,-75.70706142,7407
15--3436,2015/02/21,1:39 PM,MERIVALE RD btwn KIMWAY CRES & LOBLAWS SC (__3ZA4IOB),__3ZA4IOB,01 - Non intersection,03 - P.D. only,03 - Rear end,03 - Snow,01 - Daylight,03 - Loose snow,10 - No control,,2,0,0,0,,0,,,,,364760.6245,5024861.84,45.36113634,-75.73463085,7408
15--3437,2015/02/21,1:59 PM,BRONSON AVE btwn BREWER WAY & RIVERSIDE DR RAMPS 34B & 42A-3 (__3ZA3BR),__3ZA3BR,01 - Non intersection,03 - P.D. only,03 - Rear end,03 - Snow,01 - Daylight,03 - Loose snow,10 - No control,,2,0,0,0,,0,,,,,368120.6134,5027745.713,45.38678924,-75.69137661,7409
15--3438,2015/02/21,10:00 AM,COLONEL BY DR/MACKENZIE AVE @ DALY AVE (0008541),8541,02 - Intersection related,03 - P.D. only,03 - Rear end,03 - Snow,01 - Daylight,04 - Slush,01 - Traffic signal,01 - Functioning,2,0,0,0,,0,,,,,368002.7116,5031902.778,45.42420387,-75.69234925,7410
15--3439,2015/02/21,10:00 AM,FINDLAY CREEK DR @ BANK ST (0012407),12407,02 - Intersection related,03 - P.D. only,03 - Rear end,03 - Snow,01 - Daylight,05 - Packed snow,01 - Traffic signal,01 - Functioning,2,0,0,0,,0,,,,,375849.4011,5020458.519,45.3204811,-75.59373659,7411
15--344,2015/01/07,11:30 AM,HERON RD @ BAYCREST DR (0007191),7191,02 - Intersection related,03 - P.D. only,03 - Rear end,01 - Clear,01 - Daylight,06 - Ice,01 - Traffic signal,01 - Functioning,2,0,0,0,,0,,,,,371143.7293,5026980.026,45.37962005,-75.65287756,7412
15--3440,2015/02/21,10:07 AM,BELGATE WAY @ DONALD ST (0009368),9368,03 - At intersection,03 - P.D. only,02 - Angle,03 - Snow,01 - Daylight,05 - Packed snow,02 - Stop sign,01 - Functioning,2,0,0,0,,0,,,,,372583.6091,5032404.384,45.4282882,-75.63374864,7413
15--3441,2015/02/21,10:09 AM,HUNT CLUB RD @ LORRY GREENBERG DR/SABLE RIDGE  (0008203),8203,02 - Intersection related,02 - Non-fatal injury,03 - Rear end,03 - Snow,01 - Daylight,03 - Loose snow,01 - Traffic signal,01 - Functioning,2,0,0,0,01 - Minimal,2,2,,,,372824.2179,5024808.338,45.35991891,-75.63172141,7414
15--3442,2015/02/21,10:10 AM,HIGHWAY 417 btwn HWY417 IC124 RAMP67 & HWY417 IC123 RAMP62 (__3ZA2YZ),__3ZA2YZ,01 - Non intersection,03 - P.D. only,04 - Sideswipe,01 - Clear,01 - Daylight,01 - Dry,10 - No control,,2,0,0,0,,0,,,,,364771.3939,5028059.646,45.38990873,-75.73410506,7415
15--2812,2015/02/12,10:01 AM,HOG'S BACK RD btwn PRINCE OF WALES DR & COLONEL BY DR (__3ZA22U),__3ZA22U,01 - Non intersection,03 - P.D. only,03 - Rear end,03 - Snow,01 - Daylight,05 - Packed snow,10 - No control,,2,0,0,0,,0,,,,,367386.3767,5025699.742,45.3684461,-75.70101143,7416
15--319,2015/01/06,8:37 AM,CARLING AVE EB btwn ANNA AVE & STEVENSON AVE (__3ZA4UJ),__3ZA4UJ,01 - Non intersection,03 - P.D. only,04 - Sideswipe,01 - Clear,01 - Daylight,02 - Wet,10 - No control,,2,0,0,0,,0,,,,,365207.3361,5027899.782,45.38843284,-75.72855771,7417
15--2813,2015/02/12,10:10 AM,BOOTH ST @ SIR JOHN A. MACDONALD PKWY/WELLINGTON ST (0012252),12252,02 - Intersection related,03 - P.D. only,03 - Rear end,01 - Clear,01 - Daylight,04 - Slush,01 - Traffic signal,01 - Functioning,2,0,0,0,,0,,,,,366263.9075,5031007.62,45.41630444,-75.71467851,7418
15--2740,2015/02/10,8:18 AM,ELGIN ST @ GLADSTONE AVE (0007272),7272,02 - Intersection related,03 - P.D. only,03 - Rear end,01 - Clear,01 - Daylight,04 - Slush,01 - Traffic signal,01 - Functioning,2,0,0,0,,0,,,,,368383.7521,5030844.086,45.4146436,-75.68761714,7419
15--3190,2015/02/17,6:57 PM,LAURIER AVE @ NICHOLAS ST (0010711),10711,03 - At intersection,02 - Non-fatal injury,05 - Turning movement,01 - Clear,07 - Dark,01 - Dry,01 - Traffic signal,01 - Functioning,2,0,0,0,01 - Minimal,1,1,,,,368373.637,5031796.824,45.42321692,-75.68762344,7420
15--346,2015/01/07,11:35 PM,HIGHWAY 417 btwn HWY417 IC122 RAMP61 & HWY417 IC121B RAMP16 (__3ZA2Y4),__3ZA2Y4,01 - Non intersection,03 - P.D. only,07 - SMV other,01 - Clear,07 - Dark,06 - Ice,10 - No control,,1,0,0,0,,0,,,,,366051.9643,5029335.28,45.40127575,-75.71759402,7421
15--2814,2015/02/12,10:14 AM,QUEENSVIEW DR btwn PINECREST RD & END (__3ZABK9),__3ZABK9,01 - Non intersection,03 - P.D. only,01 - Approaching,01 - Clear,01 - Daylight,04 - Slush,10 - No control,,2,0,0,0,,0,,,,,360613.9368,5023901.465,45.35283733,-75.78766553,7422
15--292,2015/01/06,5:09 PM,STITTSVILLE MAIN ST @ HAZELDEAN RD (0000050),50,02 - Intersection related,03 - P.D. only,03 - Rear end,03 - Snow,05 - Dusk,06 - Ice,01 - Traffic signal,01 - Functioning,2,0,0,0,,0,,,,,349557.4342,5014879.199,45.27244528,-75.92958305,7423
15--2741,2015/02/10,8:36 PM,HAZELDEAN RD @ TERRY FOX DR (0003682),3682,03 - At intersection,02 - Non-fatal injury,05 - Turning movement,01 - Clear,07 - Dark,02 - Wet,01 - Traffic signal,01 - Functioning,2,0,0,0,01 - Minimal,1,1,,,,352206.1696,5017242.811,45.29354014,-75.89560194,7424
15--3191,2015/02/17,6:58 PM,SOUTHMORE DR @ WALKLEY RD (0006644),6644,03 - At intersection,03 - P.D. only,03 - Rear end,01 - Clear,07 - Dark,02 - Wet,02 - Stop sign,00 - Unknown,2,0,0,0,,0,,,,,369711.688,5025572.119,45.36708628,-75.67134594,7425
15--3460,2015/02/21,Unknown,ST. PATRICK ST/ST. ANDREW ST @ BEAUSOLEIL DR (0007780),7780,02 - Intersection related,03 - P.D. only,03 - Rear end,03 - Snow,00 - Unknown,03 - Loose snow,01 - Traffic signal,01 - Functioning,2,0,0,0,,0,,,,,368426.7069,5033068.722,45.43465618,-75.68678103,7426
15--301,2015/01/06,6:20 AM,BASELINE RD btwn 207 E OF CLYDE AVE & LOBLAWS SC (__3ZA4ISB),__3ZA4ISB,01 - Non intersection,02 - Non-fatal injury,03 - Rear end,01 - Clear,07 - Dark,06 - Ice,10 - No control,,2,0,0,0,01 - Minimal,1,1,,,,364635.9164,5025061.562,45.36294407,-75.73619836,7427
15--3101,2015/02/15,4:14 PM,MARIER AVE @ MONTREAL RD (0009346),9346,02 - Intersection related,03 - P.D. only,04 - Sideswipe,01 - Clear,01 - Daylight,01 - Dry,01 - Traffic signal,01 - Functioning,2,0,0,0,,0,,,,,370418.7444,5033260.145,45.43619443,-75.66129779,7428
15--3192,2015/02/17,7:00 AM,TENTH LINE RD @ CHARLEMAGNE BLVD N/TOMPKINS AV (0009222),9222,02 - Intersection related,03 - P.D. only,03 - Rear end,01 - Clear,03 - Dawn,04 - Slush,01 - Traffic signal,01 - Functioning,2,0,0,0,,0,,,,,383182.966,5037977.4,45.47732185,-75.4974238,7429
15--3010,2015/02/14,12:41 PM,HWY417 IC104 RAMP51 btwn HIGHWAY 417 & ANDERSON RD (__3ZAY0C),__3ZAY0C,01 - Non intersection,03 - P.D. only,07 - SMV other,03 - Snow,01 - Daylight,03 - Loose snow,10 - No control,,1,0,0,0,,0,,,,,379847.7441,5025891.886,45.36895137,-75.54191877,7430
15--3011,2015/02/14,12:45 PM,PRINCE OF WALES DR @ WEST HUNT CLUB RD (0000567),567,02 - Intersection related,03 - P.D. only,03 - Rear end,03 - Snow,01 - Daylight,03 - Loose snow,01 - Traffic signal,01 - Functioning,2,0,0,0,,0,,,,,367459.6742,5021890.058,45.3341608,-75.70055856,7431
15--3012,2015/02/14,12:45 PM,HAWTHORNE RD/RUSSELL RD @ WALKLEY RD (0002618),2618,02 - Intersection related,03 - P.D. only,04 - Sideswipe,03 - Snow,01 - Daylight,03 - Loose snow,01 - Traffic signal,01 - Functioning,2,0,0,0,,0,,,,,374673.78,5028499.059,45.39294442,-75.60759375,7432
15--3013,2015/02/14,12:58 PM,LONGFIELDS DR btwn CHAPMAN MILLS DR & GLENROY GILBERT DR (__8O98ZF),__8O98ZF,01 - Non intersection,03 - P.D. only,07 - SMV other,01 - Clear,01 - Daylight,03 - Loose snow,10 - No control,,1,0,0,0,,0,,,,,364817.071,5014626.562,45.26903526,-75.73515035,7433
15--3014,2015/02/14,2:00 PM,ST. PATRICK ST btwn SUSSEX DR & SUSSEX DR (__3ZA3U3),__3ZA3U3,01 - Non intersection,03 - P.D. only,04 - Sideswipe,03 - Snow,01 - Daylight,03 - Loose snow,10 - No control,,2,0,0,0,,0,,,,,367637.6547,5032438.646,45.42905832,-75.69694538,7434
15--3015,2015/02/14,2:00 PM,PRINCE OF WALES DR @ MEADOWLANDS DR/HOG'S BACK (0001629),1629,02 - Intersection related,03 - P.D. only,03 - Rear end,03 - Snow,01 - Daylight,04 - Slush,01 - Traffic signal,01 - Functioning,2,0,0,0,,0,,,,,367372.8828,5025692.995,45.36838659,-75.70118454,7435
15--3016,2015/02/14,2:00 PM,ISLAND PARK DR @ RICHMOND RD (0002125),2125,02 - Intersection related,03 - P.D. only,99 - Other,03 - Snow,01 - Daylight,04 - Slush,01 - Traffic signal,01 - Functioning,2,0,0,0,,0,,,,,364131.6506,5028867.075,45.39722831,-75.7421774,7436
15--3017,2015/02/14,2:03 PM,CLYDE AVE btwn STARWOOD RD & LOTTA AVE (__3ZA4HC),__3ZA4HC,01 - Non intersection,03 - P.D. only,03 - Rear end,03 - Snow,01 - Daylight,05 - Packed snow,10 - No control,,2,0,0,0,,0,,,,,364510.132,5024534.032,45.35820815,-75.73786758,7437
15--3018,2015/02/14,2:25 AM,MEADOWLANDS DR @ MERIVALE RD (0000625),625,03 - At intersection,03 - P.D. only,07 - SMV other,03 - Snow,07 - Dark,03 - Loose snow,01 - Traffic signal,01 - Functioning,1,0,0,0,,0,,,,,364858.6999,5023725.992,45.35090775,-75.73351707,7438
15--3019,2015/02/14,2:25 AM,WEST HUNT CLUB RD WB btwn 210 W OF MERIVALE RD & MERIVALE RD (__3ZA3JCB),__3ZA3JCB,01 - Non intersection,03 - P.D. only,04 - Sideswipe,03 - Snow,07 - Dark,05 - Packed snow,10 - No control,,2,0,0,0,,0,,,,,365587.635,5021929.486,45.33468024,-75.72443583,7439
15--302,2015/01/06,6:24 PM,ASSALY RD @ RICHMOND RD (0002682),2682,02 - Intersection related,03 - P.D. only,03 - Rear end,03 - Snow,07 - Dark,06 - Ice,01 - Traffic signal,01 - Functioning,2,0,0,0,,0,,,,,360731.6016,5025528.053,45.36746392,-75.78597986,7440
15--3020,2015/02/14,2:40 PM,RENAUD RD btwn WHITE ST & MER BLEUE RD (__3ZA6P1),__3ZA6P1,04 - At/near private drive,02 - Non-fatal injury,02 - Angle,01 - Clear,01 - Daylight,03 - Loose snow,10 - No control,,2,0,0,0,01 - Minimal,1,1,,,,383363.1813,5033683.932,45.43867277,-75.49580504,7441
15--3021,2015/02/14,2:47 PM,DAZE ST @ 200 W OF BANK ST/SOUTHKEYS SC (0012179),12179,02 - Intersection related,03 - P.D. only,03 - Rear end,03 - Snow,01 - Daylight,04 - Slush,01 - Traffic signal,01 - Functioning,2,0,0,0,,0,,,,,371194.5276,5024143.904,45.35409678,-75.65261012,7442
15--3022,2015/02/14,2:59 AM,MAGWOOD AVE @ RICHMOND RD (0005154),5154,03 - At intersection,02 - Non-fatal injury,05 - Turning movement,03 - Snow,07 - Dark,03 - Loose snow,02 - Stop sign,01 - Functioning,2,0,0,0,01 - Minimal,1,1,,,,359425.1338,5023437.674,45.34875774,-75.80288792,7443
15--3023,2015/02/14,3:00 PM,ELGIN ST @ SLATER ST (0002228),2228,02 - Intersection related,03 - P.D. only,03 - Rear end,03 - Snow,01 - Daylight,05 - Packed snow,01 - Traffic signal,01 - Functioning,2,0,0,0,,0,,,,,367890.7077,5031646.093,45.42190442,-75.69381325,7444
15--2815,2015/02/12,10:28 AM,TERRY FOX DR btwn LEGGET DR & HELMSDALE DR (__3ZAZO8),__3ZAZO8,01 - Non intersection,03 - P.D. only,07 - SMV other,03 - Snow,01 - Daylight,03 - Loose snow,10 - No control,,1,0,0,0,,0,,,,,350529.7277,5023764.411,45.35233422,-75.91637212,7445
15--2742,2015/02/10,8:40 PM,RUSSELL RD btwn SMYTH RD & ST. LAURENT BLVD (__3ZA3R3),__3ZA3R3,01 - Non intersection,03 - P.D. only,03 - Rear end,01 - Clear,07 - Dark,99 - Other,10 - No control,,2,0,0,0,,0,,,,,373396.0155,5029394.735,45.40112963,-75.62378648,7446
15--2920,2015/02/13,5:35 PM,BANK ST @ RIVERSIDE DR N (0010778),10778,02 - Intersection related,03 - P.D. only,04 - Sideswipe,01 - Clear,05 - Dusk,01 - Dry,01 - Traffic signal,01 - Functioning,2,0,0,0,,0,,,,,369225.7159,5027983.064,45.38882408,-75.67723459,7447
15--3024,2015/02/14,3:09 PM,LYON ST @ SLATER ST (0002207),2207,03 - At intersection,02 - Non-fatal injury,02 - Angle,03 - Snow,01 - Daylight,03 - Loose snow,01 - Traffic signal,01 - Functioning,2,0,0,0,01 - Minimal,1,1,,,,367102.7046,5031152.105,45.41753029,-75.703944,7448
15--3025,2015/02/14,3:10 PM,MONTREAL RD @ ST. LAURENT BLVD (0002604),2604,02 - Intersection related,03 - P.D. only,03 - Rear end,03 - Snow,01 - Daylight,03 - Loose snow,01 - Traffic signal,01 - Functioning,2,0,0,0,,0,,,,,371544.739,5033816.149,45.44109052,-75.64683216,7449
15--3026,2015/02/14,3:45 AM,COLONEL BY DR btwn CLEGG ST & ECHO DR S (__3ZBPHH),__3ZBPHH,01 - Non intersection,03 - P.D. only,07 - SMV other,03 - Snow,07 - Dark,05 - Packed snow,10 - No control,,1,0,0,0,,0,,,,,368978.7386,5029707.644,45.40436396,-75.68016398,7450
15--3027,2015/02/14,3:50 PM,BREADNER BLVD @ UPLANDS DR (0009323),9323,02 - Intersection related,02 - Non-fatal injury,07 - SMV other,03 - Snow,01 - Daylight,06 - Ice,02 - Stop sign,01 - Functioning,1,0,0,0,02 - Minor,1,,1,,,370656.732,5021963.271,45.33452679,-75.65976356,7451
15--3028,2015/02/14,3:54 PM,LANCASTER RD btwn BARBERRY LANE & WALKLEY RD (__3ZA5L8),__3ZA5L8,04 - At/near private drive,03 - P.D. only,02 - Angle,03 - Snow,01 - Daylight,06 - Ice,10 - No control,,2,0,0,0,,0,,,,,374902.9574,5028628.083,45.3940824,-75.6046488,7452
15--3029,2015/02/14,4:31 PM,BROADVIEW AVE @ BYRON AVE (0006231),6231,03 - At intersection,03 - P.D. only,02 - Angle,03 - Snow,01 - Daylight,03 - Loose snow,02 - Stop sign,01 - Functioning,2,0,0,0,,0,,,,,362695.883,5027833.769,45.38805097,-75.76063566,7453
15--303,2015/01/06,6:29 PM,BLAIR RD @ OGILVIE RD (0004120),4120,02 - Intersection related,03 - P.D. only,03 - Rear end,02 - Rain,07 - Dark,04 - Slush,01 - Traffic signal,01 - Functioning,2,0,0,0,,0,,,,,374507.7237,5033198.093,45.43524044,-75.6090497,7454
15--3030,2015/02/14,4:45 PM,WEST HUNT CLUB RD EB btwn CEDARVIEW RD & GREENBANK RD (__3ZA198),__3ZA198,01 - Non intersection,03 - P.D. only,07 - SMV other,03 - Snow,01 - Daylight,04 - Slush,10 - No control,,1,0,0,0,,0,,,,,360606.1269,5019998.33,45.31771754,-75.78820534,7455