Anom_ID,Accident_Date,Accident_Time,Location,Geo_ID,Accident_Location,Classification_of_Accident,Initial_Impact_Type,Environment_Condition,Light,Road_Surface_Condition,Traffic_Control,Traffic_Control_Condition,No__of_Vehicles,No__of_Bicycles,No__of_Motorcycles,No__of_Pedestrians,Max_Injury,No__of_Injuries,No__of_Minimal,No__of_Minor,No__of_Major,No__of_Fatal,X,Y,Latitude,Longitude,ObjectId
15--3031,2015/02/14,4:45 PM,MONTREAL RD @ VANIER PKWY (0004630),4630,02 - Intersection related,03 - P.D. only,03 - Rear end,03 - Snow,01 - Daylight,04 - Slush,01 - Traffic signal,01 - Functioning,2,0,0,0,,0,,,,,370073.1917,5033065.713,45.43447735,-75.66573976,7456
15--3032,2015/02/14,5:12 PM,TERRY FOX DR @ 240 S OF EDGEWATER ST (0012249),12249,03 - At intersection,03 - P.D. only,02 - Angle,03 - Snow,07 - Dark,03 - Loose snow,01 - Traffic signal,01 - Functioning,2,0,0,0,,0,,,,,351970.9183,5017474.714,45.2956427,-75.89857902,7457
15--3033,2015/02/14,5:18 AM,VIEWMOUNT DR @ MERIVALE RD (0001528),1528,02 - Intersection related,03 - P.D. only,01 - Approaching,03 - Snow,07 - Dark,03 - Loose snow,01 - Traffic signal,01 - Functioning,2,0,0,0,,0,,,,,365194.661,5022947.05,45.34387008,-75.72932496,7458
15--3034,2015/02/14,5:20 PM,PAGE RD btwn MEADOWGLEN DR & INNES RD (__3ZA612),__3ZA612,04 - At/near private drive,03 - P.D. only,02 - Angle,01 - Clear,05 - Dusk,04 - Slush,10 - No control,,2,0,0,0,,0,,,,,380870.5242,5034581.093,45.44702037,-75.52752282,7459
15--3035,2015/02/14,5:52 PM,WALKLEY RD btwn 152 E OF HEATHERINGTON RD & HOLLY LANE (__3ZA2LVB),__3ZA2LVB,01 - Non intersection,03 - P.D. only,04 - Sideswipe,03 - Snow,07 - Dark,04 - Slush,10 - No control,,2,0,0,0,,0,,,,,372096.5727,5026987.551,45.37959688,-75.64071134,7460
15--3036,2015/02/14,6:08 AM,HAZELDEAN RD btwn FRINGEWOOD DR & HUNTMAR DR (__3ZA3D7),__3ZA3D7,01 - Non intersection,03 - P.D. only,07 - SMV other,03 - Snow,07 - Dark,06 - Ice,10 - No control,,1,0,0,0,,0,,,,,350851.9955,5015998.95,45.28243757,-75.91298132,7461
15--3037,2015/02/14,6:15 AM,DALHOUSIE ST @ MURRAY ST (0008241),8241,03 - At intersection,02 - Non-fatal injury,02 - Angle,03 - Snow,03 - Dawn,03 - Loose snow,01 - Traffic signal,01 - Functioning,2,0,0,0,01 - Minimal,2,2,,,,368000.6991,5032572.149,45.43022682,-75.69228906,7462
15--3038,2015/02/14,6:30 PM,HIGHWAY 417 btwn HWY417 IC120A RAMP52 & HWY417 IC119B RAMP57 (__3ZA2R1),__3ZA2R1,01 - Non intersection,03 - P.D. only,07 - SMV other,01 - Clear,07 - Dark,03 - Loose snow,10 - No control,,1,0,0,0,,0,,,,,368107.1517,5030211.991,45.40898129,-75.69123198,7463
15--3039,2015/02/14,6:36 AM,PRINCE OF WALES DR btwn RIDEAU GLEN DR & FALLOWFIELD RD (__3ZA2X1),__3ZA2X1,01 - Non intersection,03 - P.D. only,07 - SMV other,03 - Snow,07 - Dark,03 - Loose snow,10 - No control,,1,0,0,0,,0,,,,,367454.5306,5018015.979,45.29930289,-75.70111416,7464
15--304,2015/01/06,6:39 AM,HIGHWAY 417 btwn HWY417 IC127 RAMP25 & HWY417 IC126 RAMP51 (__3ZA2XA),__3ZA2XA,01 - Non intersection,03 - P.D. only,07 - SMV other,01 - Clear,07 - Dark,02 - Wet,10 - No control,,1,0,0,0,,0,,,,,363200.0484,5025873.358,45.3703696,-75.75442959,7465
15--3040,2015/02/14,6:47 AM,INDUSTRIAL AVE/INNES RD @ ST. LAURENT BLVD (0002203),2203,02 - Intersection related,03 - P.D. only,07 - SMV other,03 - Snow,07 - Dark,03 - Loose snow,01 - Traffic signal,01 - Functioning,1,0,0,0,,0,,,,,373098.7635,5030006.049,45.40665901,-75.62749832,7466
15--3041,2015/02/14,6:50 AM,HIGHWAY 417 btwn HWY417 IC138 RAMP36 & HIGHWAY 417 (__3ZA29F),__3ZA29F,01 - Non intersection,03 - P.D. only,07 - SMV other,03 - Snow,03 - Dawn,03 - Loose snow,10 - No control,,1,0,0,0,,0,,,,,352905.8848,5020236.756,45.32043278,-75.88639093,7467
15--3042,2015/02/14,6:50 PM,HIGHWAY 417 btwn HWY417 IC134 RAMP51 & HWY417 IC134 RAMP35 (__3ZAZET),__3ZAZET,01 - Non intersection,03 - P.D. only,04 - Sideswipe,03 - Snow,07 - Dark,04 - Slush,10 - No control,,2,0,0,0,,0,,,,,356332.5463,5022194.945,45.33780961,-75.8424815,7468
15--3043,2015/02/14,7:00 AM,LAURIER AVE @ NICHOLAS ST (0010711),10711,02 - Intersection related,03 - P.D. only,03 - Rear end,03 - Snow,03 - Dawn,03 - Loose snow,01 - Traffic signal,01 - Functioning,2,0,0,0,,0,,,,,368372.6731,5031798.752,45.42323436,-75.68763551,7469
15--3044,2015/02/14,7:00 AM,GOLDENBROOK WAY btwn HARVEST VALLEY AVE & ALLEGRO WAY (__6REWRI),__6REWRI,01 - Non intersection,03 - P.D. only,06 - SMV unattended vehicle,01 - Clear,03 - Dawn,03 - Loose snow,10 - No control,,1,0,0,0,,0,,,,,384903.6205,5034578.052,45.44654245,-75.47597274,7470
15--3045,2015/02/14,7:18 AM,HIGHWAY 417 btwn HWY417 IC118 RAMP76 & HWY417 IC118 RAMP67 (__3ZA2YR),__3ZA2YR,01 - Non intersection,02 - Non-fatal injury,07 - SMV other,03 - Snow,01 - Daylight,03 - Loose snow,10 - No control,,1,0,0,0,02 - Minor,1,,1,,,369479.6918,5031074.246,45.41661405,-75.67358603,7471
15--3046,2015/02/14,7:34 PM,QUEEN MARY ST @ VERA ST (0008258),8258,03 - At intersection,03 - P.D. only,02 - Angle,03 - Snow,07 - Dark,03 - Loose snow,02 - Stop sign,01 - Functioning,2,0,0,0,,0,,,,,370523.6772,5031974.059,45.42461292,-75.6601284,7472
15--3047,2015/02/14,7:35 PM,DONNELLY DR btwn REDDICK LANE & HARNETT RD (__3ZAZAY),__3ZAZAY,01 - Non intersection,03 - P.D. only,07 - SMV other,03 - Snow,07 - Dark,03 - Loose snow,10 - No control,,1,0,0,0,,0,,,,,365348.9139,4987417.254,45.02415542,-75.73166951,7473
15--3048,2015/02/14,7:39 AM,OR174 IC112 RAMP15 @ REGIONAL RD 174 (0012461),12461,02 - Intersection related,03 - P.D. only,07 - SMV other,05 - Drifting Snow,01 - Daylight,03 - Loose snow,10 - No control,,1,0,0,0,,0,,,,,375114.4458,5033065.313,45.43398501,-75.60131496,7474
15--3049,2015/02/14,8:06 AM,HIGHWAY 417 btwn HWY417 IC117 RAMP51 & HWY417 IC117 RAMP35 (__3ZA2YN),__3ZA2YN,01 - Non intersection,03 - P.D. only,07 - SMV other,03 - Snow,01 - Daylight,03 - Loose snow,10 - No control,,1,0,0,0,,0,,,,,370778.9734,5031188.471,45.41752049,-75.65697157,7475
15--305,2015/01/06,6:45 AM,HIGHWAY 417 btwn HWY417 IC117 RAMP36 & HWY417 IC117 RAMP26 (__3ZAZE0),__3ZAZE0,01 - Non intersection,03 - P.D. only,03 - Rear end,01 - Clear,07 - Dark,06 - Ice,10 - No control,,3,0,0,0,,0,,,,,370731.6774,5031191.935,45.41755611,-75.65757535,7476
15--3050,2015/02/14,8:14 AM,REGIONAL ROAD 174 btwn OR174 IC112 RAMP51 & OR174 IC112 RAMP15 (__3ZA2XE),__3ZA2XE,01 - Non intersection,03 - P.D. only,04 - Sideswipe,05 - Drifting Snow,01 - Daylight,06 - Ice,10 - No control,,2,0,0,0,,0,,,,,374948.0201,5032932.944,45.43281075,-75.60346064,7477
15--3051,2015/02/14,8:15 AM,BELCOURT BLVD @ INNES RD (0004202),4202,02 - Intersection related,03 - P.D. only,02 - Angle,03 - Snow,01 - Daylight,03 - Loose snow,01 - Traffic signal,01 - Functioning,2,0,0,0,,0,,,,,382122.3411,5035269.332,45.45307522,-75.51141393,7478
15--3052,2015/02/14,8:15 PM,PRETORIA AVE btwn ELGIN ST & QUEEN ELIZABETH DRWY (__3ZA1QO),__3ZA1QO,01 - Non intersection,03 - P.D. only,99 - Other,01 - Clear,07 - Dark,04 - Slush,10 - No control,,2,0,0,0,,0,,,,,368652.3683,5030423.107,45.41083131,-75.68424003,7479
15--3053,2015/02/14,8:35 AM,HIGHWAY 417 btwn HWY417 IC127 RAMP63 & HWY417 IC127 RAMP67 (__3ZA2RF),__3ZA2RF,01 - Non intersection,03 - P.D. only,04 - Sideswipe,03 - Snow,01 - Daylight,04 - Slush,10 - No control,,2,0,0,0,,0,,,,,362157.7772,5024878.146,45.36150085,-75.76785029,7480
15--3054,2015/02/14,8:36 AM,HIGHWAY 417 btwn HWY417 IC122 RAMP16 & HWY417 IC122 RAMP61 (__3ZA2RA),__3ZA2RA,01 - Non intersection,03 - P.D. only,04 - Sideswipe,03 - Snow,01 - Daylight,03 - Loose snow,10 - No control,,2,0,0,0,,0,,,,,365330.2,5028893.208,45.39736086,-75.72686693,7481
15--3055,2015/02/14,8:39 PM,FISHER AVE @ MALIBU TER (0003121),3121,03 - At intersection,03 - P.D. only,05 - Turning movement,03 - Snow,07 - Dark,05 - Packed snow,02 - Stop sign,01 - Functioning,2,0,0,0,,0,,,,,366260.7338,5025797.121,45.36942191,-75.7153681,7482
15--3056,2015/02/14,8:42 PM,AVIATION PKWY btwn OGILVIE RD & TO BE DETERMINED (__3ZA21W),__3ZA21W,01 - Non intersection,03 - P.D. only,07 - SMV other,03 - Snow,07 - Dark,05 - Packed snow,10 - No control,,1,0,0,0,,0,,,,,373147.3407,5032290.321,45.42720706,-75.62656101,7483
15--3057,2015/02/14,8:45 AM,TENTH LINE RD @ OR174 IC101 RAMP61 (0009217),9217,02 - Intersection related,03 - P.D. only,07 - SMV other,05 - Drifting Snow,01 - Daylight,06 - Ice,02 - Stop sign,00 - Unknown,1,0,0,0,,0,,,,,382702.9977,5039061.651,45.48713068,-75.50339002,7484
15--3058,2015/02/14,8:45 AM,HIGHWAY 417 btwn HWY417 IC129 RAMP25 & HWY417 IC129 RAMP35 (__3ZAYFR),__3ZAYFR,01 - Non intersection,03 - P.D. only,03 - Rear end,03 - Snow,01 - Daylight,03 - Loose snow,10 - No control,,2,0,0,0,,0,,,,,360827.5461,5023815.275,45.35204476,-75.78494929,7485
15--3059,2015/02/14,8:45 PM,MEADOWLANDS DR @ MERIVALE RD (0000625),625,02 - Intersection related,03 - P.D. only,03 - Rear end,01 - Clear,07 - Dark,03 - Loose snow,01 - Traffic signal,01 - Functioning,2,0,0,0,,0,,,,,364858.6999,5023725.992,45.35090775,-75.73351707,7486
15--306,2015/01/06,6:50 AM,HIGHWAY 417 btwn HWY417 IC117 RAMP61 & HWY417 IC115 RAMP36 (__3ZA2RZ),__3ZA2RZ,01 - Non intersection,03 - P.D. only,03 - Rear end,01 - Clear,07 - Dark,02 - Wet,10 - No control,,3,0,0,0,,0,,,,,371557.6561,5031422.07,45.41954845,-75.64699162,7487
15--3060,2015/02/14,8:59 AM,HIGHWAY 417 btwn REGIONAL ROAD 174 & HWY417 IC113 RAMP85 (__3ZA289),__3ZA289,01 - Non intersection,03 - P.D. only,07 - SMV other,03 - Snow,01 - Daylight,03 - Loose snow,10 - No control,,1,0,0,0,,0,,,,,373454.7857,5031772.587,45.42251864,-75.62270467,7488
15--3061,2015/02/14,9:00 AM,KING EDWARD AVE @ ST. PATRICK ST (0002714),2714,02 - Intersection related,03 - P.D. only,03 - Rear end,03 - Snow,01 - Daylight,05 - Packed snow,01 - Traffic signal,01 - Functioning,2,0,0,0,,0,,,,,368249.6652,5032821.179,45.43244496,-75.68907549,7489
15--3062,2015/02/14,9:06 PM,BLAIR RD @ REGIONAL RD 174 N/OR174 IC112 RAMP61 (0003617),3617,03 - At intersection,03 - P.D. only,02 - Angle,03 - Snow,07 - Dark,03 - Loose snow,01 - Traffic signal,01 - Functioning,2,0,0,0,,0,,,,,374632.6907,5032992.921,45.43338195,-75.60748176,7490
15--3063,2015/02/14,9:08 AM,HIGHWAY 417 btwn HWY417 IC127 RAMP63 & HWY417 IC127 RAMP67 (__3ZA2RF),__3ZA2RF,01 - Non intersection,03 - P.D. only,06 - SMV unattended vehicle,03 - Snow,01 - Daylight,04 - Slush,10 - No control,,1,0,0,0,,0,,,,,362152.001,5024872.37,45.36144935,-75.76792468,7491
15--3064,2015/02/14,9:15 AM,OTTAWA RIVER PKWY btwn TRANSITWAY - TIME POINT & VIMY PLACE PRIV (__5VHJ2QA),__5VHJ2QA,01 - Non intersection,03 - P.D. only,99 - Other,03 - Snow,01 - Daylight,03 - Loose snow,10 - No control,,2,0,0,0,,0,,,,,365907.0801,5030729.397,45.41383232,-75.71927175,7492
15--3065,2015/02/14,9:23 AM,CARLING AVE @ KIRKWOOD AVE S (0002209),2209,02 - Intersection related,03 - P.D. only,03 - Rear end,03 - Snow,01 - Daylight,03 - Loose snow,01 - Traffic signal,01 - Functioning,2,0,0,0,,0,,,,,364351.9464,5027338.647,45.3834571,-75.73954834,7493
15--3066,2015/02/14,9:30 AM,HIGHWAY 417 btwn HWY417 IC127 RAMP63 & HWY417 IC127 RAMP67 (__3ZA2RF),__3ZA2RF,01 - Non intersection,03 - P.D. only,04 - Sideswipe,05 - Drifting Snow,01 - Daylight,03 - Loose snow,10 - No control,,2,0,0,0,,0,,,,,362201.8205,5024912.081,45.36180259,-75.7672842,7494
15--3067,2015/02/14,9:39 AM,BRONSON AVE @ SUNNYSIDE AVE/UNIVERSITY RD - CA (0007209),7209,02 - Intersection related,02 - Non-fatal injury,03 - Rear end,03 - Snow,01 - Daylight,03 - Loose snow,01 - Traffic signal,01 - Functioning,2,0,0,0,01 - Minimal,2,2,,,,367921.7462,5028091.065,45.38991457,-75.69387178,7495
15--3068,2015/02/14,9:53 AM,STAGECOACH RD btwn APPLE ORCHARD RD & WELLWOOD ST (__3ZBOF8),__3ZBOF8,01 - Non intersection,03 - P.D. only,07 - SMV other,03 - Snow,01 - Daylight,03 - Loose snow,10 - No control,,1,0,0,0,,0,,,,,376285.2834,5012495.996,45.24879297,-75.58932454,7496
15--3069,2015/02/14,9:58 AM,BREWER RD @ BRONSON AVE (0002240),2240,02 - Intersection related,03 - P.D. only,03 - Rear end,03 - Snow,01 - Daylight,06 - Ice,01 - Traffic signal,01 - Functioning,2,0,0,0,,0,,,,,368110.9748,5027767.882,45.38698959,-75.69149684,7497
15--307,2015/01/06,7:00 AM,CAMPEAU DR/HWY 417 MARCH IC138R63 @ MARCH RD (0009710),9710,02 - Intersection related,02 - Non-fatal injury,03 - Rear end,01 - Clear,03 - Dawn,06 - Ice,01 - Traffic signal,01 - Functioning,2,0,0,0,02 - Minor,2,1,1,,,352841.6249,5020476.949,45.32259848,-75.88718725,7498
15--3070,2015/02/15,1:04 PM,FALLOWFIELD RD @ MERIVALE RD (0000587),587,02 - Intersection related,03 - P.D. only,02 - Angle,01 - Clear,01 - Daylight,03 - Loose snow,01 - Traffic signal,01 - Functioning,2,0,0,0,,0,,,,,366891.7126,5018843.987,45.30680317,-75.70818606,7499
15--3071,2015/02/15,1:11 PM,KENT ST @ LISGAR ST (0007733),7733,02 - Intersection related,03 - P.D. only,04 - Sideswipe,01 - Clear,01 - Daylight,02 - Wet,02 - Stop sign,00 - Unknown,2,0,0,0,,0,,,,,367437.7018,5030962.123,45.41579098,-75.69968823,7500
15--3072,2015/02/15,1:15 PM,SMYTH RD btwn CUBA AVE & RUSSELL RD (__3ZA3R2),__3ZA3R2,01 - Non intersection,03 - P.D. only,04 - Sideswipe,01 - Clear,01 - Daylight,01 - Dry,10 - No control,,2,0,0,0,,0,,,,,373220.9741,5029370.083,45.40092495,-75.62602553,7501
15--3073,2015/02/15,1:18 PM,HELMSDALE DR @ TERRY FOX DR (0009117),9117,03 - At intersection,02 - Non-fatal injury,02 - Angle,01 - Clear,01 - Daylight,03 - Loose snow,02 - Stop sign,00 - Unknown,2,0,0,0,02 - Minor,1,,1,,,350580.8855,5023787.232,45.35253623,-75.91571714,7502
15--3074,2015/02/15,1:31 PM,COBOURG ST @ STEWART ST (0008411),8411,03 - At intersection,03 - P.D. only,02 - Angle,01 - Clear,01 - Daylight,05 - Packed snow,02 - Stop sign,01 - Functioning,2,0,0,0,,0,,,,,369253.7436,5032584.114,45.43022012,-75.67627512,7503
15--3075,2015/02/15,1:36 PM,HIGHWAY 417 btwn HWY417 IC124 RAMP76 & HWY417 IC124 RAMP67 (__3ZA2R7),__3ZA2R7,01 - Non intersection,03 - P.D. only,03 - Rear end,01 - Clear,01 - Daylight,01 - Dry,10 - No control,,4,0,0,0,,0,,,,,364338.6069,5027415.425,45.38414907,-75.73970941,7504
15--3076,2015/02/15,1:46 PM,BANK ST btwn FIRST AVE & SECOND AVE (__3ZA3O4),__3ZA3O4,01 - Non intersection,03 - P.D. only,04 - Sideswipe,01 - Clear,01 - Daylight,03 - Loose snow,10 - No control,,2,0,0,0,,0,,,,,368283.3488,5029676.098,45.40414353,-75.68905023,7505
15--3077,2015/02/15,1:50 PM,HIGHWAY 417 btwn HWY417 IC124 RAMP57 & HWY417 IC124 RAMP55 (__3ZA2Y1),__3ZA2Y1,01 - Non intersection,03 - P.D. only,03 - Rear end,01 - Clear,01 - Daylight,01 - Dry,10 - No control,,2,0,0,0,,0,,,,,364358.1015,5027419.035,45.38417989,-75.73946005,7506
15--3078,2015/02/15,10:12 AM,OTTAWA RIVER PKWY EB btwn TUNNEY'S PASTURE/REMIC RAPIDS ENT & ISLAND P (__3ZA24JB),__3ZA24JB,01 - Non intersection,03 - P.D. only,07 - SMV other,01 - Clear,01 - Daylight,03 - Loose snow,10 - No control,,1,0,0,0,,0,,,,,364375.3991,5030322.6,45.41030413,-75.73888852,7507
15--3079,2015/02/15,10:30 AM,BANKFIELD RD btwn KILREEN LANE & PRINCE OF WALES DR (__3ZA4KO),__3ZA4KO,01 - Non intersection,03 - P.D. only,07 - SMV other,05 - Drifting Snow,01 - Daylight,05 - Packed snow,10 - No control,,1,0,0,0,,0,,,,,366117.5212,5008828.398,45.21675118,-75.71929404,7508
15--308,2015/01/06,7:02 AM,REGIONAL ROAD 174 btwn REGIONAL ROAD 174 & OR174 IC102 RAMP61 (__3ZA1SZ),__3ZA1SZ,01 - Non intersection,03 - P.D. only,03 - Rear end,01 - Clear,03 - Dawn,01 - Dry,10 - No control,,2,0,0,0,,0,,,,,381891.2619,5038431.124,45.48154788,-75.51387196,7509
15--3080,2015/02/15,10:48 AM,APPLEFORD ST @ OGILVIE RD (0009519),9519,02 - Intersection related,03 - P.D. only,03 - Rear end,01 - Clear,01 - Daylight,01 - Dry,01 - Traffic signal,01 - Functioning,2,0,0,0,,0,,,,,375316.7271,5033685.173,45.43954179,-75.59864114,7510
15--3081,2015/02/15,11:10 AM,SILVER SEVEN RD @ 280 N OF PALLADIUM DR/COSTCO (0012579),12579,02 - Intersection related,03 - P.D. only,03 - Rear end,01 - Clear,01 - Daylight,04 - Slush,01 - Traffic signal,01 - Functioning,2,0,0,0,,0,,,,,350865.6638,5018095.288,45.30130013,-75.91261241,7511
15--3082,2015/02/15,11:37 AM,BANK ST @ RIVERSIDE DR N (0010778),10778,03 - At intersection,03 - P.D. only,02 - Angle,01 - Clear,01 - Daylight,02 - Wet,01 - Traffic signal,01 - Functioning,2,0,0,0,,0,,,,,369225.7159,5027983.064,45.38882408,-75.67723459,7512
15--3102,2015/02/15,4:21 AM,ROBERTSON RD btwn HAANEL DR & MILL HILL RD (__3ZA41V),__3ZA41V,01 - Non intersection,03 - P.D. only,07 - SMV other,03 - Snow,07 - Dark,03 - Loose snow,10 - No control,,1,0,0,0,,0,,,,,355942.4335,5019777.298,45.31608387,-75.84770847,7513
15--3193,2015/02/17,7:00 AM,RIVERSIDE DR NB btwn HWY417 IC117 RAMP25 & VANIER PKWY (__3ZA4SG),__3ZA4SG,07 - Overpass or bridge,03 - P.D. only,03 - Rear end,01 - Clear,03 - Dawn,03 - Loose snow,10 - No control,,2,0,0,0,,0,,,,,370816.5359,5031167.715,45.41733019,-75.65649446,7514
15--3103,2015/02/15,4:44 PM,HALIFAX DR btwn BINGHAM ST & DAKOTA AVE (__3ZA7QC),__3ZA7QC,04 - At/near private drive,03 - P.D. only,03 - Rear end,03 - Snow,01 - Daylight,03 - Loose snow,10 - No control,,2,0,0,0,,0,,,,,373437.7774,5028019.361,45.38875054,-75.62344444,7515
15--2921,2015/02/13,5:40 PM,MCARTHUR AVE @ VANIER PKWY (0004626),4626,02 - Intersection related,03 - P.D. only,04 - Sideswipe,01 - Clear,05 - Dusk,01 - Dry,01 - Traffic signal,01 - Functioning,2,0,0,0,,0,,,,,370219.6689,5032689.14,45.43107542,-75.66391786,7516
15--3194,2015/02/17,7:00 PM,EARL ARMSTRONG RD @ LIMEBANK RD (0004456),4456,02 - Intersection related,03 - P.D. only,04 - Sideswipe,01 - Clear,07 - Dark,06 - Ice,01 - Traffic signal,00 - Unknown,2,0,0,0,,0,,,,,370156.6848,5015959.969,45.28055711,-75.66693441,7517
15--3461,2015/02/21,12:05 PM,APPLEFORD ST @ OGILVIE RD (0009519),9519,02 - Intersection related,03 - P.D. only,03 - Rear end,03 - Snow,01 - Daylight,05 - Packed snow,01 - Traffic signal,01 - Functioning,2,0,0,0,,0,,,,,375316.7271,5033687.943,45.43956671,-75.59864075,7518
15--2816,2015/02/12,10:30 PM,TERRY FOX DR @ PALLADIUM DR/KATIMAVIK RD (0011858),11858,02 - Intersection related,03 - P.D. only,03 - Rear end,01 - Clear,07 - Dark,01 - Dry,01 - Traffic signal,01 - Functioning,2,0,0,0,,0,,,,,351269.718,5018183.221,45.30206476,-75.90745231,7519
15--2817,2015/02/12,10:36 PM,HIGHWAY 417 btwn HWY417 IC122 RAMP51 & HWY417 IC122 RAMP15 (__3ZA2R0),__3ZA2R0,01 - Non intersection,02 - Non-fatal injury,04 - Sideswipe,01 - Clear,07 - Dark,01 - Dry,10 - No control,,2,0,0,0,02 - Minor,1,,1,,,365409.6224,5028927.143,45.39765933,-75.72584842,7520
15--2743,2015/02/10,8:59 AM,HAMILTON AVE @ TYNDALL ST (0005623),5623,03 - At intersection,03 - P.D. only,02 - Angle,01 - Clear,01 - Daylight,05 - Packed snow,02 - Stop sign,01 - Functioning,2,0,0,0,,0,,,,,365184.7748,5028981.076,45.39816404,-75.72871347,7521
15--3195,2015/02/17,7:20 AM,LEMIEUX ST @ ST. LAURENT BLVD (0002021),2021,02 - Intersection related,03 - P.D. only,99 - Other,01 - Clear,01 - Daylight,01 - Dry,01 - Traffic signal,01 - Functioning,2,0,0,0,,0,,,,,372390.7608,5031742.082,45.42234778,-75.63630377,7522
15--3104,2015/02/15,5:24 PM,QUEEN MARY ST btwn NAUGHTON ST & FRANCES ST (__3ZA8KM),__3ZA8KM,01 - Non intersection,03 - P.D. only,06 - SMV unattended vehicle,01 - Clear,07 - Dark,03 - Loose snow,10 - No control,,1,0,0,0,,0,,,,,371506.1134,5032088.098,45.42554599,-75.64755996,7523
15--2922,2015/02/13,5:54 PM,FIRST AVE btwn LYON ST S & BANK ST (__3ZA93N),__3ZA93N,01 - Non intersection,03 - P.D. only,06 - SMV unattended vehicle,01 - Clear,07 - Dark,05 - Packed snow,10 - No control,,1,0,0,0,,0,,,,,368099.0806,5029596.179,45.40344113,-75.69141414,7524
15--2818,2015/02/12,11:02 PM,CHURCHILL AVE @ DOVERCOURT AVE (0006184),6184,03 - At intersection,03 - P.D. only,04 - Sideswipe,01 - Clear,07 - Dark,02 - Wet,01 - Traffic signal,01 - Functioning,2,0,0,0,,0,,,,,363604.6573,5027424.029,45.38428848,-75.74907989,7525
15--3462,2015/02/21,12:10 PM,GREENBANK RD @ BERRIGAN DR/WESSEX RD (0004726),4726,02 - Intersection related,03 - P.D. only,01 - Approaching,03 - Snow,01 - Daylight,03 - Loose snow,01 - Traffic signal,01 - Functioning,2,0,0,0,,0,,,,,363723.6817,5015275.943,45.27497087,-75.74900609,7526
15--2744,2015/02/10,9:10 AM,RICHMOND RD btwn BROADVIEW AVE & GOLDEN AVE (__3ZA304),__3ZA304,04 - At/near private drive,03 - P.D. only,02 - Angle,01 - Clear,01 - Daylight,04 - Slush,10 - No control,,2,0,0,0,,0,,,,,362760.7136,5027938.482,45.3889878,-75.75979551,7527
15--3196,2015/02/17,7:23 AM,MARAVISTA DR @ STRANDHERD DR (0013565),13565,02 - Intersection related,03 - P.D. only,02 - Angle,01 - Clear,01 - Daylight,06 - Ice,01 - Traffic signal,01 - Functioning,2,0,0,0,,0,,,,,361288.4381,5014584.958,45.26895318,-75.78011984,7528
15--3197,2015/02/17,7:23 AM,WALKLEY EXTENSION RD btwn WALKLEY RD & HWY417 IC110 RAMP55 (__3ZA1UK),__3ZA1UK,01 - Non intersection,03 - P.D. only,04 - Sideswipe,01 - Clear,01 - Daylight,06 - Ice,10 - No control,,2,0,0,0,,0,,,,,375396.5303,5028861.165,45.39612997,-75.59831234,7529
15--3198,2015/02/17,7:29 AM,COLONEL BY DR @ HOG'S BACK RD (0002635),2635,02 - Intersection related,03 - P.D. only,03 - Rear end,01 - Clear,01 - Daylight,06 - Ice,01 - Traffic signal,01 - Functioning,2,0,0,0,,0,,,,,367606.6447,5025875.212,45.37000523,-75.69817742,7530
15--3199,2015/02/17,7:30 AM,TENTH LINE RD @ CHARLEMAGNE BLVD N/TOMPKINS AV (0009222),9222,02 - Intersection related,03 - P.D. only,07 - SMV other,01 - Clear,01 - Daylight,06 - Ice,01 - Traffic signal,01 - Functioning,1,0,0,0,,0,,,,,383182.966,5037977.4,45.47732185,-75.4974238,7531
15--32,2015/01/02,Unknown,HEMLOCK RD btwn BRAEMAR ST & ST. LAURENT BLVD (__3ZA3A0),__3ZA3A0,01 - Non intersection,03 - P.D. only,06 - SMV unattended vehicle,01 - Clear,00 - Unknown,01 - Dry,10 - No control,,1,0,0,0,,0,,,,,371021.2828,5034772.821,45.44974799,-75.65339377,7532
15--320,2015/01/06,8:40 AM,MOODIE DR @ WEST HUNT CLUB RD (0010414),10414,02 - Intersection related,03 - P.D. only,03 - Rear end,01 - Clear,01 - Daylight,05 - Packed snow,01 - Traffic signal,00 - Unknown,2,0,0,0,,0,,,,,357907.6517,5018497.974,45.30442648,-75.82278211,7533
15--3200,2015/02/17,7:32 AM,BANK ST btwn BANK ST & ALBION RD (__3ZA3HX),__3ZA3HX,01 - Non intersection,03 - P.D. only,03 - Rear end,01 - Clear,01 - Daylight,01 - Dry,10 - No control,,3,0,0,0,,0,,,,,371931.3062,5024127.09,45.35387534,-75.64320999,7534
15--3201,2015/02/17,7:44 AM,AIRPORT PKWY btwn AIRPORT PKWY/WALKLEY RD SOUTHBOUND ON RAMP           (__3ZA1KS),__3ZA1KS,01 - Non intersection,03 - P.D. only,03 - Rear end,01 - Clear,01 - Daylight,06 - Ice,10 - No control,,2,0,0,0,,0,,,,,370207.1371,5025289.825,45.36450023,-75.66505914,7535
15--3202,2015/02/17,7:45 AM,HIGHWAY 417 btwn HWY417 IC117 RAMP26 & HWY417 IC117 RAMP61 (__3ZA2YM),__3ZA2YM,01 - Non intersection,03 - P.D. only,03 - Rear end,01 - Clear,01 - Daylight,02 - Wet,10 - No control,,2,0,0,0,,0,,,,,370842.1698,5031222.821,45.41782359,-75.65615958,7536
15--3203,2015/02/17,7:49 AM,BANTREE ST @ INNES RD (0007684),7684,02 - Intersection related,03 - P.D. only,03 - Rear end,01 - Clear,01 - Daylight,06 - Ice,01 - Traffic signal,01 - Functioning,2,0,0,0,,0,,,,,373706.6871,5030406.073,45.41019865,-75.61967724,7537