Anom_ID,Accident_Date,Accident_Time,Location,Geo_ID,Accident_Location,Classification_of_Accident,Initial_Impact_Type,Environment_Condition,Light,Road_Surface_Condition,Traffic_Control,Traffic_Control_Condition,No__of_Vehicles,No__of_Bicycles,No__of_Motorcycles,No__of_Pedestrians,Max_Injury,No__of_Injuries,No__of_Minimal,No__of_Minor,No__of_Major,No__of_Fatal,X,Y,Latitude,Longitude,ObjectId
15--3204,2015/02/17,7:55 AM,BANTREE ST @ INNES RD (0007684),7684,02 - Intersection related,03 - P.D. only,03 - Rear end,01 - Clear,01 - Daylight,06 - Ice,01 - Traffic signal,01 - Functioning,2,0,0,0,,0,,,,,373706.7371,5030406.302,45.41020071,-75.61967657,7538
15--3205,2015/02/17,7:56 AM,CYRVILLE RD @ INNES RD (0009352),9352,02 - Intersection related,03 - P.D. only,03 - Rear end,01 - Clear,01 - Daylight,06 - Ice,01 - Traffic signal,01 - Functioning,2,0,0,0,,0,,,,,375047.7247,5031119.082,45.41648061,-75.60244518,7539
15--3206,2015/02/17,8:00 AM,OGILVIE RD @ CITY PARK DR E/CSIS HQ ACCESS (0003696),3696,02 - Intersection related,03 - P.D. only,03 - Rear end,03 - Snow,01 - Daylight,03 - Loose snow,01 - Traffic signal,01 - Functioning,2,0,0,0,,0,,,,,374190.6559,5033009.131,45.4335718,-75.61312836,7540
15--3207,2015/02/17,8:00 AM,EAGLESON RD @ HWY 417 EAGLESO IC138R51/PARK AN (0009698),9698,02 - Intersection related,03 - P.D. only,03 - Rear end,01 - Clear,01 - Daylight,06 - Ice,01 - Traffic signal,01 - Functioning,2,0,0,0,,0,,,,,353034.7872,5020016.439,45.31844147,-75.88476828,7541
15--3208,2015/02/17,8:00 AM,LABELLE ST/RAMP @ LEMIEUX ST/HWY417 IC115 RAMP (0012538),12538,02 - Intersection related,02 - Non-fatal injury,03 - Rear end,01 - Clear,01 - Daylight,06 - Ice,02 - Stop sign,01 - Functioning,4,0,0,0,01 - Minimal,1,1,,,,372541.7544,5031689.486,45.42185994,-75.63438178,7542
15--3209,2015/02/17,8:01 AM,AIRPORT PKWY btwn RAMP & RAMP (2) (__3ZA224),__3ZA224,01 - Non intersection,03 - P.D. only,03 - Rear end,01 - Clear,01 - Daylight,06 - Ice,10 - No control,,2,0,0,0,,0,,,,,368849.4588,5026316.545,45.37386374,-75.68225539,7543
15--321,2015/01/06,8:50 AM,CARLING AVE @ MOODIE DR/JAMES CUMMINGS AVE W (0000158),158,02 - Intersection related,03 - P.D. only,03 - Rear end,01 - Clear,01 - Daylight,01 - Dry,01 - Traffic signal,01 - Functioning,2,0,0,0,,0,,,,,356000.691,5023937.993,45.35351802,-75.84653503,7544
15--3210,2015/02/17,8:07 AM,KING EDWARD AVE @ SUSSEX DR (0002653),2653,02 - Intersection related,03 - P.D. only,03 - Rear end,03 - Snow,01 - Daylight,06 - Ice,01 - Traffic signal,01 - Functioning,2,0,0,0,,0,,,,,367665.0777,5033504.286,45.43864412,-75.69645889,7545
15--3211,2015/02/17,8:18 AM,INDUSTRIAL AVE @ RIVERSIDE DR (0011905),11905,02 - Intersection related,03 - P.D. only,03 - Rear end,01 - Clear,01 - Daylight,01 - Dry,01 - Traffic signal,00 - Unknown,2,0,0,0,,0,,,,,370685.6825,5030591.108,45.41215445,-75.6582433,7546
15--3212,2015/02/17,8:22 AM,DALHOUSIE ST @ GUIGUES AVE (0008427),8427,02 - Intersection related,03 - P.D. only,03 - Rear end,03 - Snow,01 - Daylight,05 - Packed snow,02 - Stop sign,01 - Functioning,2,0,0,0,,0,,,,,367913.7116,5032713.842,45.43150958,-75.6933825,7547
15--3213,2015/02/17,8:34 AM,BRONSON AVE btwn UNIVERSITY RD & BREWER WAY (__3ZA3BT),__3ZA3BT,01 - Non intersection,03 - P.D. only,03 - Rear end,01 - Clear,01 - Daylight,06 - Ice,10 - No control,,2,0,0,0,,0,,,,,368079.1676,5027824.749,45.38750413,-75.6918957,7548
15--3214,2015/02/17,8:40 AM,TRIM RD @ MILLENNIUM BLVD (0013370),13370,02 - Intersection related,03 - P.D. only,03 - Rear end,01 - Clear,01 - Daylight,02 - Wet,11 - Roundabout,01 - Functioning,2,0,0,0,,0,,,,,386796.5554,5036715.533,45.46555387,-75.45142151,7549
15--3215,2015/02/17,8:40 AM,HIGHWAY 417 btwn HWY417 IC127 RAMP25 & HWY417 IC126 RAMP51 (__3ZA2XA),__3ZA2XA,01 - Non intersection,03 - P.D. only,04 - Sideswipe,01 - Clear,01 - Daylight,01 - Dry,10 - No control,,2,0,0,0,,0,,,,,363179.1098,5025845.921,45.37012447,-75.75470013,7550
15--3216,2015/02/17,8:43 AM,BANK ST @ CONROY RD (0012398),12398,02 - Intersection related,03 - P.D. only,03 - Rear end,01 - Clear,01 - Daylight,01 - Dry,01 - Traffic signal,01 - Functioning,2,0,0,0,,0,,,,,375044.2326,5022237.723,45.3365707,-75.60375312,7551
15--3217,2015/02/17,8:48 AM,BASELINE RD/HERON RD @ PRINCE OF WALES DR (0002345),2345,02 - Intersection related,03 - P.D. only,04 - Sideswipe,01 - Clear,01 - Daylight,06 - Ice,01 - Traffic signal,00 - Unknown,2,0,0,0,,0,,,,,366873.4147,5026439.353,45.37514657,-75.70746642,7552
15--3218,2015/02/17,8:50 AM,ARLINGTON AVE @ KENT ST (0007259),7259,02 - Intersection related,03 - P.D. only,03 - Rear end,01 - Clear,01 - Daylight,06 - Ice,01 - Traffic signal,01 - Functioning,2,0,0,0,,0,,,,,367868.192,5030256.795,45.40940599,-75.69427873,7553
15--3219,2015/02/17,8:52 AM,ALBERT ST @ PRESTON ST (0002217),2217,02 - Intersection related,03 - P.D. only,03 - Rear end,01 - Clear,01 - Daylight,06 - Ice,01 - Traffic signal,01 - Functioning,2,0,0,0,,0,,,,,366160.374,5030465.697,45.41143745,-75.71606869,7554
15--322,2015/01/06,8:51 AM,INNES RD @ ORLEANS BLVD (0003611),3611,02 - Intersection related,02 - Non-fatal injury,03 - Rear end,01 - Clear,01 - Daylight,01 - Dry,01 - Traffic signal,01 - Functioning,2,0,0,0,01 - Minimal,1,1,,,,380458.8674,5034296.885,45.44450797,-75.53282834,7555
15--3220,2015/02/17,8:53 AM,HIGHWAY 417 btwn HWY 417 ANDERSON IC104R61 & HWY 417 BOUNDARY IC96R16 (__3ZA2W5),__3ZA2W5,01 - Non intersection,03 - P.D. only,07 - SMV other,01 - Clear,01 - Daylight,01 - Dry,10 - No control,,1,0,0,0,,0,,,,,386387.0077,5024075.201,45.35187565,-75.45874982,7556
15--3221,2015/02/17,8:59 AM,CHAPMAN BLVD @ DORVAL AVE (0007795),7795,03 - At intersection,03 - P.D. only,05 - Turning movement,01 - Clear,01 - Daylight,03 - Loose snow,10 - No control,,2,0,0,0,,0,,,,,372088.7227,5028845.774,45.39631718,-75.64055821,7557
15--3222,2015/02/17,9:00 AM,ARTHUR ST @ SOMERSET ST (0005109),5109,03 - At intersection,03 - P.D. only,02 - Angle,03 - Snow,01 - Daylight,06 - Ice,01 - Traffic signal,01 - Functioning,2,0,0,0,,0,,,,,366830.6656,5030391.082,45.410707,-75.70751535,7558
15--3223,2015/02/17,9:11 AM,LIMEBANK RD @ RIDEAU RD (0004455),4455,02 - Intersection related,03 - P.D. only,03 - Rear end,01 - Clear,01 - Daylight,02 - Wet,02 - Stop sign,01 - Functioning,3,0,0,0,,0,,,,,370881.7138,5014020.701,45.26304015,-75.65795194,7559
15--3224,2015/02/17,9:21 AM,MCBRIEN ST btwn PENRITH ST & HALTON TER (__49PV81),__49PV81,01 - Non intersection,03 - P.D. only,06 - SMV unattended vehicle,01 - Clear,01 - Daylight,05 - Packed snow,10 - No control,,1,0,0,0,,0,,,,,348615.5848,5023949.689,45.3541236,-75.94078385,7560
15--3225,2015/02/17,9:24 PM,MURRAY ST btwn DALHOUSIE ST & CUMBERLAND ST (__3ZA3WO),__3ZA3WO,01 - Non intersection,03 - P.D. only,04 - Sideswipe,01 - Clear,07 - Dark,03 - Loose snow,10 - No control,,2,0,0,0,,0,,,,,368006.6693,5032576.58,45.43026615,-75.6922122,7561
15--3226,2015/02/17,9:36 AM,DUNDONALD DR btwn ANDRE AUDET AVE & RIVER MIST RD (__8UZZ38),__8UZZ38,04 - At/near private drive,03 - P.D. only,06 - SMV unattended vehicle,01 - Clear,01 - Daylight,01 - Dry,10 - No control,,1,0,0,0,,0,,,,,364868.187,5011993.078,45.24533477,-75.73481733,7562
15--3227,2015/02/17,9:44 AM,COVENTRY RD btwn ST. LAURENT SC WEST & ST. LAURENT SC EAST (__3ZA2CAB),__3ZA2CAB,01 - Non intersection,03 - P.D. only,03 - Rear end,01 - Clear,01 - Daylight,06 - Ice,10 - No control,,2,0,0,0,,0,,,,,372003.5381,5031932.975,45.42410265,-75.64122523,7563
15--3228,2015/02/17,9:48 AM,SMYTH RD E/LANCASTER RD @ ST. LAURENT BLVD N/R (0002256),2256,02 - Intersection related,03 - P.D. only,03 - Rear end,01 - Clear,01 - Daylight,01 - Dry,01 - Traffic signal,00 - Unknown,2,0,0,0,,0,,,,,373365.6933,5029425.033,45.40140521,-75.62416954,7564
15--3229,2015/02/18,1:00 PM,CATHERINE ST @ ELGIN ST (0002638),2638,02 - Intersection related,02 - Non-fatal injury,02 - Angle,01 - Clear,01 - Daylight,02 - Wet,01 - Traffic signal,01 - Functioning,2,0,0,0,01 - Minimal,1,1,,,,368552.7096,5030579.018,45.41224323,-75.68549295,7565
15--323,2015/01/06,8:54 AM,HILLIARD AVE @ SUNNYCREST DR (0001071),1071,03 - At intersection,03 - P.D. only,02 - Angle,01 - Clear,01 - Daylight,06 - Ice,10 - No control,,2,0,0,0,,0,,,,,366124.0926,5025888.104,45.37025252,-75.71710106,7566
15--3230,2015/02/18,10:00 PM,ADAMSON CRES btwn WEST RIDGE DR N & WEST RIDGE DR S (__77AXZG),__77AXZG,01 - Non intersection,03 - P.D. only,06 - SMV unattended vehicle,01 - Clear,07 - Dark,08 - Loose sand or gravel,10 - No control,,1,0,0,0,,0,,,,,349777.153,5012225.828,45.24855527,-75.92702316,7567
15--3231,2015/02/18,10:15 AM,COLONEL BY DR @ ECHO DR S (0011370),11370,02 - Intersection related,03 - P.D. only,03 - Rear end,01 - Clear,01 - Daylight,04 - Slush,10 - No control,,2,0,0,0,,0,,,,,368543.1265,5028771.8,45.39598334,-75.68584899,7568
15--3232,2015/02/18,10:30 AM,L'ALLEMAND ST btwn PARK ST & MONTREAL RD (__3ZA8U8),__3ZA8U8,01 - Non intersection,03 - P.D. only,06 - SMV unattended vehicle,01 - Clear,01 - Daylight,05 - Packed snow,10 - No control,,1,0,0,0,,0,,,,,370555.3229,5033378.951,45.43725056,-75.65953644,7569
15--3233,2015/02/18,10:31 AM,RENAUD RD btwn NAVAN RD & WHITE ST (__3ZBN8V),__3ZBN8V,04 - At/near private drive,02 - Non-fatal injury,02 - Angle,01 - Clear,01 - Daylight,02 - Wet,10 - No control,,2,0,0,0,01 - Minimal,1,1,,,,382359.9334,5033071.998,45.43327909,-75.50872303,7570
15--3234,2015/02/18,11:08 PM,KING EDWARD AVE @ ST. PATRICK ST (0002714),2714,02 - Intersection related,03 - P.D. only,03 - Rear end,01 - Clear,07 - Dark,02 - Wet,01 - Traffic signal,01 - Functioning,2,0,0,0,,0,,,,,368248.7013,5032823.107,45.4324624,-75.68908755,7571
15--3235,2015/02/18,11:16 AM,AQUAVIEW DR btwn Continuation of AQUAVIEW DR & Continuation of AQUAVIE (__5UW2CX),__5UW2CX,01 - Non intersection,03 - P.D. only,06 - SMV unattended vehicle,05 - Drifting Snow,01 - Daylight,06 - Ice,10 - No control,,1,0,0,0,,0,,,,,385548.9057,5035984.784,45.45912464,-75.46749395,7572
15--3236,2015/02/18,Unknown,"BLAKE BLVD btwn BLAKE BLVD & EGLISE, RUE DE L (__3ZA7D5)",__3ZA7D5,01 - Non intersection,03 - P.D. only,06 - SMV unattended vehicle,03 - Snow,00 - Unknown,03 - Loose snow,10 - No control,,1,0,0,0,,0,,,,,371327.0961,5033068.797,45.43438693,-75.64971488,7573
15--3237,2015/02/18,12:00 PM,RICHMOND RD btwn STAFFORD RD & NORTHSIDE RD (__3ZA4YV),__3ZA4YV,01 - Non intersection,03 - P.D. only,04 - Sideswipe,01 - Clear,01 - Daylight,01 - Dry,10 - No control,,2,0,0,0,,0,,,,,358161.3704,5021096.219,45.3277865,-75.8192671,7574
15--3238,2015/02/18,12:29 PM,DOVER CRES @ MERIVALE RD (0011310),11310,02 - Intersection related,03 - P.D. only,03 - Rear end,01 - Clear,01 - Daylight,01 - Dry,02 - Stop sign,01 - Functioning,2,0,0,0,,0,,,,,364848.9002,5026996.114,45.38033263,-75.7332447,7575
15--3239,2015/02/18,12:45 PM,WILLIAM ST @ YORK ST (0008518),8518,02 - Intersection related,03 - P.D. only,03 - Rear end,03 - Snow,01 - Daylight,03 - Loose snow,02 - Stop sign,01 - Functioning,2,0,0,0,,0,,,,,367979.733,5032351.039,45.42823925,-75.69258535,7576
15--324,2015/01/06,9:23 PM,BATHGATE DR btwn LEIGH CRES & LEIGH CRES (__3ZA7U7),__3ZA7U7,01 - Non intersection,03 - P.D. only,01 - Approaching,03 - Snow,07 - Dark,04 - Slush,10 - No control,,2,0,0,0,,0,,,,,373803.6873,5032993.766,45.43347184,-75.61807571,7577
15--3240,2015/02/18,2:55 PM,HOBBLEBUSH ST @ LONGFIELDS DR (0015264),15264,02 - Intersection related,03 - P.D. only,03 - Rear end,01 - Clear,01 - Daylight,01 - Dry,02 - Stop sign,01 - Functioning,2,0,0,0,,0,,,,,364622.6797,5016649.887,45.28725768,-75.73738358,7578
15--3241,2015/02/18,3:00 PM,DUMAURIER AVE @ PINECREST RD (0002743),2743,02 - Intersection related,03 - P.D. only,04 - Sideswipe,01 - Clear,01 - Daylight,01 - Dry,01 - Traffic signal,01 - Functioning,2,0,0,0,,0,,,,,360322.6429,5023834.029,45.35225366,-75.79139051,7579
15--3242,2015/02/18,3:13 PM,RICHMOND RD btwn MCRAE AVE & CLIFTON RD (__3ZA4OB),__3ZA4OB,01 - Non intersection,03 - P.D. only,04 - Sideswipe,01 - Clear,01 - Daylight,02 - Wet,10 - No control,,2,0,0,0,,0,,,,,363693.2232,5028589.842,45.39477083,-75.7478099,7580
15--3243,2015/02/18,3:25 PM,COLONEL BY DR @ ECHO DR S (0011370),11370,02 - Intersection related,03 - P.D. only,03 - Rear end,01 - Clear,01 - Daylight,02 - Wet,10 - No control,,2,0,0,0,,0,,,,,368540.7849,5028770.102,45.39596828,-75.68587911,7581
15--3244,2015/02/18,4:07 PM,BRONSON AVE @ CATHERINE ST/RAYMOND ST (0007198),7198,02 - Intersection related,03 - P.D. only,04 - Sideswipe,01 - Clear,01 - Daylight,01 - Dry,01 - Traffic signal,01 - Functioning,2,0,0,0,,0,,,,,367252.7085,5029796.085,45.40531585,-75.70219936,7582
15--3245,2015/02/18,4:19 PM,CARLING AVE @ PINECREST  RD/GREENVIEW AVE (0001630),1630,03 - At intersection,03 - P.D. only,02 - Angle,01 - Clear,01 - Daylight,01 - Dry,01 - Traffic signal,01 - Functioning,2,0,0,0,,0,,,,,360008.0922,5024633.922,45.35947592,-75.79531533,7583
15--3246,2015/02/18,4:30 PM,AVIATION PKWY @ OGILVIE RD (0004114),4114,03 - At intersection,02 - Non-fatal injury,02 - Angle,01 - Clear,01 - Daylight,02 - Wet,01 - Traffic signal,01 - Functioning,2,0,0,0,01 - Minimal,1,1,,,,373110.7142,5032375.14,45.42797379,-75.62701726,7584
15--3247,2015/02/18,5:00 PM,MONA AVE btwn MONTREAL RD & PATTON ST (__3ZA8U5),__3ZA8U5,01 - Non intersection,03 - P.D. only,06 - SMV unattended vehicle,01 - Clear,01 - Daylight,03 - Loose snow,10 - No control,,1,0,0,0,,0,,,,,370757.7921,5033430.326,45.43769374,-75.65694194,7585
15--3248,2015/02/18,5:18 PM,ST. JOSEPH BLVD @ TENTH LINE RD (0009163),9163,02 - Intersection related,02 - Non-fatal injury,03 - Rear end,01 - Clear,01 - Daylight,02 - Wet,01 - Traffic signal,01 - Functioning,5,0,0,0,02 - Minor,1,,1,,,382889.8399,5038666.935,45.48355851,-75.50106289,7586
15--3249,2015/02/18,5:21 PM,PRINCE OF WALES DR @ MEADOWLANDS DR/HOG'S BACK (0001629),1629,02 - Intersection related,03 - P.D. only,03 - Rear end,03 - Snow,05 - Dusk,04 - Slush,01 - Traffic signal,01 - Functioning,2,0,0,0,,0,,,,,367370.955,5025692.995,45.36838677,-75.70120914,7587
15--325,2015/01/06,9:25 PM,APPLEFORD ST @ OGILVIE RD (0009519),9519,03 - At intersection,03 - P.D. only,02 - Angle,03 - Snow,07 - Dark,05 - Packed snow,01 - Traffic signal,01 - Functioning,2,0,0,0,,0,,,,,375315.7632,5033685.173,45.43954188,-75.59865346,7588
15--3250,2015/02/18,5:43 PM,TRIM RD @ VALIN ST (0013092),13092,03 - At intersection,03 - P.D. only,02 - Angle,01 - Clear,07 - Dark,01 - Dry,01 - Traffic signal,01 - Functioning,2,0,0,0,,0,,,,,386438.014,5037556.079,45.47315825,-75.45586616,7589
15--3251,2015/02/18,5:56 PM,INNES RD @ TENTH LINE RD (0004633),4633,02 - Intersection related,03 - P.D. only,03 - Rear end,01 - Clear,07 - Dark,01 - Dry,01 - Traffic signal,01 - Functioning,2,0,0,0,,0,,,,,383952.7242,5036160.043,45.46088412,-75.48787227,7590
15--3252,2015/02/18,6:08 PM,DONALD ST btwn 110 E OF ST. LAURENT BLVD & ELAINE DR (__3ZA7RWB),__3ZA7RWB,04 - At/near private drive,03 - P.D. only,99 - Other,01 - Clear,07 - Dark,01 - Dry,10 - No control,,2,0,0,0,,0,,,,,372246.6758,5032487.661,45.42907006,-75.63804263,7591
15--3253,2015/02/18,6:09 AM,DONALD ST btwn ELAINE DR & FINDON GT (__3ZA7RV),__3ZA7RV,04 - At/near private drive,03 - P.D. only,02 - Angle,01 - Clear,07 - Dark,03 - Loose snow,10 - No control,,2,0,0,0,,0,,,,,372363.5929,5032469.655,45.42889676,-75.63655109,7592
15--3254,2015/02/18,6:20 PM,HIGHWAY 417 btwn HWY417 IC126 RAMP16 & HWY417 IC126 RAMP61 (__3ZA2RC),__3ZA2RC,01 - Non intersection,03 - P.D. only,03 - Rear end,01 - Clear,07 - Dark,01 - Dry,10 - No control,,4,0,0,0,,0,,,,,363158.8932,5025858.195,45.3702366,-75.75495675,7593
15--3255,2015/02/18,6:41 PM,RUSSELL RD S @ ST. LAURENT BLVD (0007734),7734,02 - Intersection related,03 - P.D. only,03 - Rear end,03 - Snow,07 - Dark,03 - Loose snow,01 - Traffic signal,01 - Functioning,2,0,0,0,,0,,,,,373567.6604,5029262.899,45.39992659,-75.62161261,7594
15--3256,2015/02/18,7:00 PM,MERIVALE RD @ CAPILANO DR/WITHROW AVE (0009820),9820,02 - Intersection related,03 - P.D. only,03 - Rear end,01 - Clear,07 - Dark,01 - Dry,01 - Traffic signal,01 - Functioning,2,0,0,0,,0,,,,,364641.7639,5024227.605,45.35543974,-75.73622469,7595
15--3257,2015/02/18,7:17 AM,BANK ST @ DAVIDSON RD/LESTER RD (0008797),8797,02 - Intersection related,03 - P.D. only,03 - Rear end,01 - Clear,01 - Daylight,06 - Ice,01 - Traffic signal,01 - Functioning,2,0,0,0,,0,,,,,373672.7381,5022922.067,45.34286414,-75.62115468,7596
15--3258,2015/02/18,7:30 AM,MONTREAL RD btwn CLOVELLY RD & ELWOOD ST (__3ZA2DZ),__3ZA2DZ,01 - Non intersection,03 - P.D. only,03 - Rear end,03 - Snow,01 - Daylight,06 - Ice,10 - No control,,2,0,0,0,,0,,,,,374251.0455,5034416.934,45.44623244,-75.61215797,7597
15--3259,2015/02/18,7:30 AM,RIVER RD btwn HONEY GABLES DR & RYEBURN DR (__3ZA3H8),__3ZA3H8,01 - Non intersection,02 - Non-fatal injury,03 - Rear end,03 - Snow,01 - Daylight,05 - Packed snow,10 - No control,,2,0,0,0,01 - Minimal,1,1,,,,368033.6224,5016141.102,45.2823811,-75.6939701,7598
15--326,2015/01/06,9:28 PM,HEMLOCK RD btwn LANSDOWNE RD S & WHITEMARL DR (__3ZA3A7),__3ZA3A7,01 - Non intersection,03 - P.D. only,03 - Rear end,03 - Snow,07 - Dark,06 - Ice,10 - No control,,2,0,0,0,,0,,,,,369856.4042,5034519.29,45.44757623,-75.6683181,7599
15--3260,2015/02/18,8:15 AM,ROSEMOUNT AVE btwn WELLINGTON ST W & GLADSTONE AVE (__3ZA05K),__3ZA05K,01 - Non intersection,03 - P.D. only,01 - Approaching,01 - Clear,01 - Daylight,04 - Slush,10 - No control,,2,0,0,0,,0,,,,,365448.0083,5029243.355,45.40050121,-75.72531929,7600
15--3261,2015/02/18,8:37 AM,BANK ST @ LEITRIM RD (0004125),4125,02 - Intersection related,03 - P.D. only,03 - Rear end,06 - Strong wind,01 - Daylight,02 - Wet,01 - Traffic signal,01 - Functioning,2,0,0,0,,0,,,,,375358.7181,5021617.087,45.33095492,-75.59982957,7601
15--3262,2015/02/18,8:40 AM,RUSSELL RD @ SOUTHVALE CRES N (0002650),2650,02 - Intersection related,03 - P.D. only,03 - Rear end,01 - Clear,01 - Daylight,02 - Wet,01 - Traffic signal,01 - Functioning,2,0,0,0,,0,,,,,373799.2382,5029097.802,45.39841834,-75.61867805,7602
15--3105,2015/02/15,5:29 AM,CARP RD @ RIVINGTON ST (0010751),10751,02 - Intersection related,02 - Non-fatal injury,07 - SMV other,05 - Drifting Snow,07 - Dark,06 - Ice,02 - Stop sign,01 - Functioning,1,0,0,0,02 - Minor,1,,1,,,341349.8853,5022642.394,45.34277644,-76.03360883,7603
15--2745,2015/02/10,9:15 AM,RIVERSIDE DR @ SMYTH RD SOUTH SIDE RAMP (0011480),11480,02 - Intersection related,03 - P.D. only,03 - Rear end,01 - Clear,01 - Daylight,03 - Loose snow,01 - Traffic signal,01 - Functioning,2,0,0,0,,0,,,,,369788.4449,5028997.494,45.39789958,-75.66991524,7604
15--2819,2015/02/12,11:31 AM,BURGUNDY LANE W @ VINEYARD DR W (0003827),3827,03 - At intersection,03 - P.D. only,99 - Other,01 - Clear,01 - Daylight,05 - Packed snow,02 - Stop sign,01 - Functioning,2,0,0,0,,0,,,,,378810.2464,5036945.618,45.46851584,-75.55350163,7605
15--2923,2015/02/13,6:03 PM,PRESTONE DR btwn LAURIN CRES & LAURIN CRES (__3ZBO5T),__3ZBO5T,01 - Non intersection,02 - Non-fatal injury,03 - Rear end,01 - Clear,07 - Dark,01 - Dry,10 - No control,,3,0,0,0,02 - Minor,3,2,1,,,382915.8746,5038038.472,45.47790125,-75.50082986,7606
15--3463,2015/02/21,12:10 PM,BANK ST btwn WALKLEY RD & SURREY AVE (__3ZA4TW),__3ZA4TW,04 - At/near private drive,03 - P.D. only,02 - Angle,03 - Snow,01 - Daylight,06 - Ice,10 - No control,,2,0,0,0,,0,,,,,370364.5374,5025869.592,45.36970208,-75.66297316,7607
15--282,2015/01/06,3:29 PM,ASSALY RD @ RICHMOND RD (0002682),2682,02 - Intersection related,03 - P.D. only,03 - Rear end,03 - Snow,01 - Daylight,06 - Ice,01 - Traffic signal,01 - Functioning,2,0,0,0,,0,,,,,360731.6016,5025528.053,45.36746392,-75.78597986,7608
15--3106,2015/02/15,5:45 PM,MURRAY ST btwn DALHOUSIE ST & CUMBERLAND ST (__3ZA3WO),__3ZA3WO,01 - Non intersection,03 - P.D. only,06 - SMV unattended vehicle,01 - Clear,07 - Dark,01 - Dry,10 - No control,,1,0,0,0,,0,,,,,368034.014,5032594.282,45.43042296,-75.6918605,7609
15--2746,2015/02/11,1:00 PM,PETER MORAND CRES btwn ROGER GUINDON AVE & ROGER GUINDON AVE (__3ZAZAK),__3ZAZAK,01 - Non intersection,03 - P.D. only,06 - SMV unattended vehicle,03 - Snow,01 - Daylight,05 - Packed snow,10 - No control,,1,0,0,0,,0,,,,,372141.447,5029623.904,45.4033134,-75.63977862,7610
15--3464,2015/02/21,12:25 PM,HIGHWAY 417 btwn RAMP & HWY417 IC129 RAMP76 (__3ZA2X8),__3ZA2X8,01 - Non intersection,03 - P.D. only,07 - SMV other,03 - Snow,01 - Daylight,04 - Slush,10 - No control,,1,0,0,0,,0,,,,,359850.4102,5023169.306,45.34630972,-75.79749093,7611
15--2820,2015/02/12,11:46 AM,AMIENS ST @ TENTH LINE RD (0004168),4168,02 - Intersection related,03 - P.D. only,03 - Rear end,01 - Clear,01 - Daylight,04 - Slush,01 - Traffic signal,01 - Functioning,3,0,0,0,,0,,,,,383352.0921,5037572.208,45.4736573,-75.49532568,7612
15--2924,2015/02/13,6:23 PM,BANKFIELD RD @ MANOTICK MAIN ST/RIDEAU VALLEY  (0000070),70,02 - Intersection related,03 - P.D. only,03 - Rear end,01 - Clear,07 - Dark,01 - Dry,01 - Traffic signal,01 - Functioning,2,0,0,0,,0,,,,,368430.7346,5010156.919,45.22850006,-75.68967488,7613
15--3107,2015/02/15,5:50 PM,ARCH ST btwn FLEMING AVE & CANTERBURY AVE (__3ZA73L),__3ZA73L,04 - At/near private drive,03 - P.D. only,05 - Turning movement,01 - Clear,07 - Dark,01 - Dry,10 - No control,,2,0,0,0,,0,,,,,372873.8343,5028080.117,45.38935224,-75.6306372,7614
15--2747,2015/02/11,1:12 PM,GLOUCESTER ST @ LYON ST (0006765),6765,03 - At intersection,03 - P.D. only,07 - SMV other,01 - Clear,01 - Daylight,02 - Wet,01 - Traffic signal,01 - Functioning,1,0,0,0,,0,,,,,367196.6258,5031001.091,45.41616314,-75.70276319,7615
15--3465,2015/02/21,12:28 PM,DONALD ST btwn MARGUERITE AVE & VANIER PKWY (__3ZA8ZQ),__3ZA8ZQ,01 - Non intersection,02 - Non-fatal injury,03 - Rear end,03 - Snow,01 - Daylight,03 - Loose snow,10 - No control,,2,0,0,0,01 - Minimal,1,1,,,,370270.2673,5032265.284,45.427257,-75.66332762,7616
15--2821,2015/02/12,12:20 AM,HUNT CLUB RD @ RIVERSIDE DR (0002237),2237,02 - Intersection related,03 - P.D. only,03 - Rear end,03 - Snow,07 - Dark,03 - Loose snow,01 - Traffic signal,01 - Functioning,2,0,0,0,,0,,,,,368037.6669,5021944.053,45.33459479,-75.69317809,7617
15--2925,2015/02/13,6:25 AM,HWY417 IC144 RAMP25 btwn CARP RD & HIGHWAY 417 (__3ZAY7G),__3ZAY7G,01 - Non intersection,03 - P.D. only,07 - SMV other,01 - Clear,03 - Dawn,06 - Ice,10 - No control,,1,0,0,0,,0,,,,,347858.1072,5016220.068,45.28461703,-75.95112301,7618
15--3108,2015/02/15,6:09 PM,BASELINE RD/HERON RD @ PRINCE OF WALES DR (0002345),2345,02 - Intersection related,02 - Non-fatal injury,03 - Rear end,01 - Clear,05 - Dusk,06 - Ice,01 - Traffic signal,01 - Functioning,2,0,0,0,01 - Minimal,1,1,,,,366872.9858,5026437.451,45.37512949,-75.70747213,7619
15--2748,2015/02/11,1:43 PM,RIVERSIDE DR NB btwn BANK ST & RIVERSIDE DR NB RAMP FROM EB TO WB (__3ZBOEF),__3ZBOEF,04 - At/near private drive,03 - P.D. only,05 - Turning movement,03 - Snow,01 - Daylight,04 - Slush,10 - No control,,2,0,0,0,,0,,,,,369361.5846,5027980.818,45.38879136,-75.67549991,7620
15--3466,2015/02/21,12:30 PM,LAFONTAINE AVE @ RICHELIEU AVE (0009977),9977,03 - At intersection,03 - P.D. only,07 - SMV other,03 - Snow,01 - Daylight,05 - Packed snow,02 - Stop sign,01 - Functioning,1,0,0,0,,0,,,,,370927.7058,5033171.074,45.43534506,-75.65480521,7621