Anom_ID,Accident_Date,Accident_Time,Location,Geo_ID,Accident_Location,Classification_of_Accident,Initial_Impact_Type,Environment_Condition,Light,Road_Surface_Condition,Traffic_Control,Traffic_Control_Condition,No__of_Vehicles,No__of_Bicycles,No__of_Motorcycles,No__of_Pedestrians,Max_Injury,No__of_Injuries,No__of_Minimal,No__of_Minor,No__of_Major,No__of_Fatal,X,Y,Latitude,Longitude,ObjectId
15--2822,2015/02/12,12:30 AM,HIGHWAY 417 btwn HWY417 IC155 RAMP61 & HWY417 IC145 RAMP56 (__3ZA2Q2),__3ZA2Q2,01 - Non intersection,03 - P.D. only,07 - SMV other,03 - Snow,07 - Dark,03 - Loose snow,10 - No control,,1,0,0,0,,0,,,,,344278.6394,5015545.889,45.27876063,-75.99680354,7622
15--2823,2015/02/12,12:42 PM,RICHARDSON SIDE RD btwn OAK CREEK RD & HUNTMAR DR (__3ZACYD),__3ZACYD,01 - Non intersection,02 - Non-fatal injury,06 - SMV unattended vehicle,05 - Drifting Snow,01 - Daylight,04 - Slush,10 - No control,,1,0,0,0,02 - Minor,2,,2,,,348054.8463,5018844.463,45.30822014,-75.94838631,7623
15--2824,2015/02/12,12:43 PM,BAY ST @ GLADSTONE AVE (0007724),7724,02 - Intersection related,03 - P.D. only,03 - Rear end,01 - Clear,01 - Daylight,02 - Wet,02 - Stop sign,01 - Functioning,2,0,0,0,,0,,,,,367463.6746,5030288.082,45.40972384,-75.69944211,7624
15--2825,2015/02/12,12:45 AM,HIGHWAY 416 btwn HWY416 IC72 RAMP63 & HWY416 IC72 RAMP53 (__3ZA1NF),__3ZA1NF,01 - Non intersection,03 - P.D. only,07 - SMV other,03 - Snow,07 - Dark,03 - Loose snow,10 - No control,,1,0,0,0,,0,,,,,359722.6874,5019146.664,45.31012387,-75.79956697,7625
15--2826,2015/02/12,12:53 PM,EARL ARMSTRONG RD @ RIVER RD (0012470),12470,02 - Intersection related,03 - P.D. only,03 - Rear end,03 - Snow,01 - Daylight,03 - Loose snow,01 - Traffic signal,01 - Functioning,2,0,0,0,,0,,,,,367572.7185,5014683.316,45.26930538,-75.70002893,7626
15--2827,2015/02/12,2:05 PM,NANAIMO DR @ QUEENSLINE DR (0001185),1185,02 - Intersection related,03 - P.D. only,99 - Other,01 - Clear,01 - Daylight,05 - Packed snow,02 - Stop sign,01 - Functioning,2,0,0,0,,0,,,,,359504.7089,5022696.019,45.34207812,-75.8019545,7627
15--2828,2015/02/12,2:18 PM,MEADOWLANDS DR/TALLWOOD DR @ WOODROFFE AVE (0000095),95,02 - Intersection related,02 - Non-fatal injury,03 - Rear end,01 - Clear,01 - Daylight,02 - Wet,01 - Traffic signal,01 - Functioning,2,0,0,0,01 - Minimal,1,1,,,,363057.6535,5022730.976,45.3421066,-75.75661766,7628
15--2829,2015/02/12,2:21 PM,BRITTANY DR @ MONTREAL RD (0007685),7685,02 - Intersection related,03 - P.D. only,02 - Angle,01 - Clear,01 - Daylight,01 - Dry,01 - Traffic signal,01 - Functioning,2,0,0,0,,0,,,,,371910.8206,5033994.109,45.44265667,-75.64212896,7629
15--283,2015/01/06,3:30 PM,ST. JOSEPH BLVD btwn ST. JEAN ST & BELCOURT BLVD (__3ZA2AP),__3ZA2AP,04 - At/near private drive,03 - P.D. only,02 - Angle,01 - Clear,01 - Daylight,04 - Slush,10 - No control,,2,0,0,0,,0,,,,,381119.0737,5037298.36,45.47144105,-75.52392409,7630
15--2830,2015/02/12,2:31 PM,RIDEAU ST btwn WALLER ST & CUMBERLAND ST (__3ZA3V7),__3ZA3V7,04 - At/near private drive,03 - P.D. only,05 - Turning movement,01 - Clear,01 - Daylight,02 - Wet,10 - No control,,2,0,0,0,,0,,,,,368292.838,5032279.99,45.42757162,-75.68859355,7631
15--2831,2015/02/12,2:43 PM,COWELL RD btwn TURN LANE & MCCORDICK RD (__3ZA0NL),__3ZA0NL,01 - Non intersection,03 - P.D. only,07 - SMV other,01 - Clear,01 - Daylight,06 - Ice,10 - No control,,1,0,0,0,,0,,,,,367291.242,4993995.753,45.08318211,-75.7062063,7632
15--2832,2015/02/12,3:23 PM,YOUNG ST @ PRESTON ST (0006268),6268,02 - Intersection related,02 - Non-fatal injury,03 - Rear end,01 - Clear,01 - Daylight,04 - Slush,02 - Stop sign,00 - Unknown,2,0,0,0,01 - Minimal,1,1,,,,366589.6662,5029487.075,45.40259431,-75.71070729,7633
15--2833,2015/02/12,3:26 PM,CARLING AVE WB btwn MAPLEHURST AVE & BIRCHDALE AVE (__3ZA4VI),__3ZA4VI,01 - Non intersection,02 - Non-fatal injury,07 - SMV other,01 - Clear,01 - Daylight,01 - Dry,10 - No control,,1,0,0,1,01 - Minimal,1,1,,,,358994.2686,5023984.347,45.35371014,-75.80832619,7634
15--2834,2015/02/12,3:39 PM,NICHOLAS ST btwn BESSERER ST & DALY AVE (__3ZA3VO),__3ZA3VO,04 - At/near private drive,03 - P.D. only,03 - Rear end,01 - Clear,01 - Daylight,01 - Dry,10 - No control,,2,0,0,0,,0,,,,,368190.7287,5032103.752,45.42599515,-75.689921,7635
15--2835,2015/02/12,3:46 PM,ELGIN ST @ SPARKS ST W (0006451),6451,02 - Intersection related,03 - P.D. only,03 - Rear end,03 - Snow,01 - Daylight,03 - Loose snow,01 - Traffic signal,01 - Functioning,2,0,0,0,,0,,,,,367739.6975,5031830.065,45.42357334,-75.69571919,7636
15--2836,2015/02/12,4:00 PM,GLADSTONE AVE @ O'CONNOR ST (0002710),2710,02 - Intersection related,03 - P.D. only,03 - Rear end,01 - Clear,01 - Daylight,05 - Packed snow,01 - Traffic signal,01 - Functioning,2,0,0,0,,0,,,,,368074.7112,5030659.052,45.41300673,-75.69158899,7637
15--2837,2015/02/12,4:07 PM,SPRINGFIELD RD btwn RIDEAU TER & PUTMAN AVE (__3ZA8AF),__3ZA8AF,01 - Non intersection,03 - P.D. only,06 - SMV unattended vehicle,03 - Snow,01 - Daylight,06 - Ice,10 - No control,,1,0,0,0,,0,,,,,369168.645,5034001.298,45.44297922,-75.67717727,7638
15--2838,2015/02/12,4:11 PM,PHELAN RD    W btwn FOURTH LINE RD & THIRD LINE RD S (__3ZABMO),__3ZABMO,01 - Non intersection,03 - P.D. only,07 - SMV other,01 - Clear,01 - Daylight,01 - Dry,10 - No control,,1,0,0,0,,0,,,,,365205.8777,5001009.681,45.14647612,-75.73184689,7639
15--2839,2015/02/12,4:30 PM,BARNES CRES btwn HARRISON ST & HARRISON ST (__3ZAAF0),__3ZAAF0,01 - Non intersection,03 - P.D. only,03 - Rear end,01 - Clear,01 - Daylight,05 - Packed snow,10 - No control,,2,0,0,0,,0,,,,,360375.7145,5022186.194,45.33742226,-75.79089837,7640
15--284,2015/01/06,3:31 PM,MCARTHUR AVE btwn MAY ST & ST. LAURENT BLVD (__3ZA3XL),__3ZA3XL,04 - At/near private drive,03 - P.D. only,02 - Angle,01 - Clear,01 - Daylight,02 - Wet,10 - No control,,2,0,0,0,,0,,,,,371877.4073,5032875.12,45.43259175,-75.64270851,7641
15--2840,2015/02/12,4:30 PM,CRAIG HENRY DR @ SHOREHAM AVE (0000705),705,02 - Intersection related,03 - P.D. only,03 - Rear end,01 - Clear,01 - Daylight,01 - Dry,02 - Stop sign,01 - Functioning,2,0,0,0,,0,,,,,361574.6388,5021688.048,45.33284396,-75.77565942,7642
15--2841,2015/02/12,4:40 AM,HIGHWAY 417 btwn HWY417 IC169 RAMP25 & HWY417 IC163 RAMP51 (__5SPOUW),__5SPOUW,01 - Non intersection,03 - P.D. only,07 - SMV other,03 - Snow,07 - Dark,03 - Loose snow,10 - No control,,1,0,0,0,,0,,,,,329655.2198,5021967.989,45.33721963,-76.18286849,7643
15--2842,2015/02/12,4:52 AM,WEST HUNT CLUB RD WB btwn 545 E OF ROYDON PL/SUNDERLAND ST & ANTARES D (__3ZA3JSB),__3ZA3JSB,01 - Non intersection,03 - P.D. only,07 - SMV other,03 - Snow,07 - Dark,03 - Loose snow,10 - No control,,1,0,0,0,,0,,,,,366758.407,5022542.449,45.34009318,-75.70942311,7644
15--2843,2015/02/12,4:55 AM,HIGHWAY 416 btwn HWY416 IC66 RAMP24 & HWY416 IC57 RAMP62 (__3ZA1OI),__3ZA1OI,01 - Non intersection,03 - P.D. only,07 - SMV other,03 - Snow,07 - Dark,05 - Packed snow,10 - No control,,1,0,0,0,,0,,,,,360391.5555,5014264.419,45.2661404,-75.79158457,7645
15--2844,2015/02/12,5:19 AM,GARFIELD AVE @ MAITLAND AVE (0002031),2031,02 - Intersection related,03 - P.D. only,07 - SMV other,03 - Snow,07 - Dark,03 - Loose snow,01 - Traffic signal,01 - Functioning,1,0,0,0,,0,,,,,363341.7279,5025561.082,45.36754796,-75.75265799,7646
15--2845,2015/02/12,5:43 PM,LEES AVE @ KING EDWARD AVE/MANN AVE (0011413),11413,03 - At intersection,02 - Non-fatal injury,05 - Turning movement,03 - Snow,07 - Dark,03 - Loose snow,01 - Traffic signal,01 - Functioning,2,0,0,0,01 - Minimal,1,1,,,,369178.5692,5031334.344,45.41898209,-75.6773991,7647
15--2846,2015/02/12,5:56 PM,FALLOWFIELD RD btwn MERIVALE RD & WOODROFFE AVE (__3ZA3IN),__3ZA3IN,01 - Non intersection,03 - P.D. only,03 - Rear end,03 - Snow,05 - Dusk,03 - Loose snow,10 - No control,,2,0,0,0,,0,,,,,365575.1098,5018263.511,45.30169526,-75.72504542,7648
15--2847,2015/02/12,6:07 PM,FALLOWFIELD RD btwn HOLITMAN DR & 482 E OF HOLITMAN DR/BARRHAVEN CROSS (__5UXZZVA),__5UXZZVA,01 - Non intersection,03 - P.D. only,03 - Rear end,03 - Snow,07 - Dark,06 - Ice,10 - No control,,2,0,0,0,,0,,,,,364133.9853,5017361.158,45.29369911,-75.74352781,7649
15--2848,2015/02/12,6:18 PM,BLAIR RD @ REGIONAL RD 174 S/OR174 IC112 RAMP15 (0012435),12435,02 - Intersection related,02 - Non-fatal injury,03 - Rear end,01 - Clear,07 - Dark,03 - Loose snow,01 - Traffic signal,01 - Functioning,2,0,0,0,01 - Minimal,1,1,,,,374907.3895,5032662.319,45.43037989,-75.60401839,7650
15--2849,2015/02/12,6:20 AM,AGES DR @ HAWTHORNE RD (0006397),6397,02 - Intersection related,03 - P.D. only,02 - Angle,03 - Snow,03 - Dawn,03 - Loose snow,01 - Traffic signal,01 - Functioning,2,0,0,0,,0,,,,,374970.7773,5027715.126,45.38586128,-75.60391253,7651
15--285,2015/01/06,3:40 PM,BLAIR RD @ REGIONAL RD 174 N/OR174 IC112 RAMP61 (0003617),3617,02 - Intersection related,03 - P.D. only,03 - Rear end,01 - Clear,01 - Daylight,06 - Ice,01 - Traffic signal,01 - Functioning,2,0,0,0,,0,,,,,374633.7674,5032991.093,45.43336539,-75.60746826,7652
15--2850,2015/02/12,6:23 PM,HIGHWAY 417 btwn HWY417 IC124 RAMP76 & HWY417 IC124 RAMP67 (__3ZA2R7),__3ZA2R7,01 - Non intersection,03 - P.D. only,03 - Rear end,01 - Clear,07 - Dark,01 - Dry,10 - No control,,2,0,0,0,,0,,,,,364133.5528,5027154.775,45.38182118,-75.74235899,7653
15--2851,2015/02/12,6:31 AM,OTTAWA RIVER PKWY OFFR-EB @ PARKDALE AVE (0011241),11241,02 - Intersection related,03 - P.D. only,03 - Rear end,03 - Snow,03 - Dawn,02 - Wet,03 - Yield sign,01 - Functioning,2,0,0,0,,0,,,,,364683.5124,5030331.512,45.41035802,-75.73495145,7654
15--2852,2015/02/12,6:31 PM,BRONSON AVE @ CATHERINE ST/RAYMOND ST (0007198),7198,03 - At intersection,03 - P.D. only,05 - Turning movement,03 - Snow,07 - Dark,03 - Loose snow,01 - Traffic signal,01 - Functioning,2,0,0,0,,0,,,,,367250.7808,5029795.121,45.40530735,-75.70222411,7655
15--2853,2015/02/12,6:40 AM,CARLING AVE @ MOODIE DR/JAMES CUMMINGS AVE W (0000158),158,02 - Intersection related,03 - P.D. only,07 - SMV other,03 - Snow,03 - Dawn,04 - Slush,01 - Traffic signal,01 - Functioning,1,0,0,0,,0,,,,,356002.5181,5023939.944,45.35353544,-75.84651151,7656
15--2854,2015/02/12,6:40 AM,TRIM RD @ VALIN ST (0013092),13092,02 - Intersection related,03 - P.D. only,06 - SMV unattended vehicle,03 - Snow,03 - Dawn,05 - Packed snow,01 - Traffic signal,01 - Functioning,1,0,0,0,,0,,,,,386438.014,5037556.921,45.47316582,-75.45586602,7657
15--2855,2015/02/12,6:48 AM,LESTER RD btwn ALBION RD & UPLANDS DR (__3ZA2SC),__3ZA2SC,01 - Non intersection,02 - Non-fatal injury,01 - Approaching,03 - Snow,03 - Dawn,04 - Slush,10 - No control,,3,0,0,0,02 - Minor,2,,2,,,372545.4989,5022221.658,45.33667186,-75.63563297,7658
15--2856,2015/02/12,6:50 AM,BANK ST @ LEITRIM RD (0004125),4125,03 - At intersection,03 - P.D. only,07 - SMV other,03 - Snow,03 - Dawn,03 - Loose snow,01 - Traffic signal,01 - Functioning,1,0,0,0,,0,,,,,375357.7542,5021618.051,45.33096369,-75.59984173,7659
15--2857,2015/02/12,7:15 AM,EAGLESON RD @ HAZELDEAN RD/ROBERTSON RD (0002715),2715,02 - Intersection related,02 - Non-fatal injury,03 - Rear end,03 - Snow,01 - Daylight,06 - Ice,01 - Traffic signal,01 - Functioning,2,0,0,0,01 - Minimal,2,2,,,,353673.6249,5018423.978,45.30406801,-75.8767775,7660
15--2858,2015/02/12,7:39 AM,MONTREAL RD @ SHEFFORD RD (0012423),12423,02 - Intersection related,03 - P.D. only,01 - Approaching,03 - Snow,01 - Daylight,03 - Loose snow,01 - Traffic signal,00 - Unknown,2,0,0,0,,0,,,,,376125.7305,5034853.093,45.44996794,-75.58813232,7661
15--2859,2015/02/12,7:42 PM,ST. JOSEPH BLVD btwn OR174 IC101 RAMP45 & SECOND AVE (__3ZA3YR),__3ZA3YR,01 - Non intersection,03 - P.D. only,04 - Sideswipe,01 - Clear,07 - Dark,02 - Wet,10 - No control,,2,0,0,0,,0,,,,,383552.868,5039036.583,45.48680977,-75.49252337,7662
15--286,2015/01/06,4:24 PM,HERZBERG RD @ MARCH RD (0003170),3170,02 - Intersection related,03 - P.D. only,04 - Sideswipe,01 - Clear,05 - Dusk,02 - Wet,01 - Traffic signal,00 - Unknown,2,0,0,0,,0,,,,,352322.6583,5021528.006,45.33209143,-75.89370585,7663
15--2860,2015/02/12,7:47 AM,GREENBANK RD btwn WEST HUNT CLUB RD & FALLOWFIELD RD (__3ZA1NE),__3ZA1NE,01 - Non intersection,03 - P.D. only,07 - SMV other,01 - Clear,01 - Daylight,05 - Packed snow,10 - No control,,1,0,0,0,,0,,,,,362239.0161,5018727.598,45.30615181,-75.76752719,7664
15--2861,2015/02/12,7:48 AM,CENTURY RD S @ MCCORDICK RD S (0003724),3724,02 - Intersection related,02 - Non-fatal injury,07 - SMV other,01 - Clear,01 - Daylight,04 - Slush,02 - Stop sign,00 - Unknown,1,0,0,0,02 - Minor,1,,1,,,360468.129,5003125.484,45.16590404,-75.79185402,7665
15--2862,2015/02/12,7:55 AM,HIGHWAY 417 btwn Continuation of HIGHWAY 417 & HWY417 IC134 RAMP51 (__3ZA29B),__3ZA29B,01 - Non intersection,02 - Non-fatal injury,03 - Rear end,01 - Clear,01 - Daylight,04 - Slush,10 - No control,,2,0,0,0,01 - Minimal,2,2,,,,355555.8458,5021732.608,45.33370607,-75.85243842,7666
15--2863,2015/02/12,7:57 AM,REGIONAL ROAD 174 btwn OR174 IC105 RAMP16 & OR174 IC105 RAMP26 (__3ZA1PU),__3ZA1PU,01 - Non intersection,03 - P.D. only,03 - Rear end,01 - Clear,01 - Daylight,04 - Slush,10 - No control,,2,0,0,0,,0,,,,,379300.3151,5036976.919,45.46874536,-75.54723039,7667
15--2864,2015/02/12,8:10 AM,OLD MONTREAL RD btwn TED KELLY LANE & MEADOW LANE RD (__3ZA3YW),__3ZA3YW,01 - Non intersection,03 - P.D. only,07 - SMV other,03 - Snow,01 - Daylight,05 - Packed snow,10 - No control,,1,0,0,0,,0,,,,,386478.2273,5040921.078,45.50342829,-75.45479209,7668
15--2865,2015/02/12,8:10 AM,IRIS ST @ WOODROFFE AVE (0002736),2736,02 - Intersection related,03 - P.D. only,03 - Rear end,03 - Snow,01 - Daylight,04 - Slush,01 - Traffic signal,01 - Functioning,2,0,0,0,,0,,,,,362283.4128,5024442.601,45.35757156,-75.76629738,7669
15--2866,2015/02/12,8:15 PM,HIGHWAY 417 btwn HWY417 IC104 RAMP15 & HWY417 IC96 RAMP51 (__3ZA2W4),__3ZA2W4,01 - Non intersection,03 - P.D. only,99 - Other,01 - Clear,07 - Dark,01 - Dry,10 - No control,,2,0,0,0,,0,,,,,381390.3039,5025602.932,45.36618468,-75.52227365,7670
15--2867,2015/02/12,8:30 AM,OGILVIE RD @ 240 W OF BLAIR RD (0012431),12431,02 - Intersection related,03 - P.D. only,03 - Rear end,01 - Clear,01 - Daylight,04 - Slush,01 - Traffic signal,01 - Functioning,2,0,0,0,,0,,,,,374298.8229,5033077.292,45.43417433,-75.61173644,7671
15--2868,2015/02/12,8:30 PM,EARL ARMSTRONG RD @ SPRATT RD (0013063),13063,02 - Intersection related,03 - P.D. only,02 - Angle,01 - Clear,07 - Dark,03 - Loose snow,01 - Traffic signal,01 - Functioning,2,0,0,0,,0,,,,,368395.7452,5015010.947,45.27217942,-75.68949942,7672
15--2869,2015/02/12,8:44 AM,MONTREAL RD @ BATHGATE DR/BURMA RD (0007650),7650,02 - Intersection related,03 - P.D. only,03 - Rear end,03 - Snow,01 - Daylight,04 - Slush,01 - Traffic signal,00 - Unknown,2,0,0,0,,0,,,,,373224.0017,5034516.953,45.44723365,-75.62527194,7673
15--287,2015/01/06,4:34 PM,BEECHWOOD AVE btwn ST. PATRICK ST & MACKAY ST (__3ZBOFT),__3ZBOFT,01 - Non intersection,02 - Non-fatal injury,04 - Sideswipe,01 - Clear,05 - Dusk,04 - Slush,10 - No control,,2,1,0,0,02 - Minor,1,,1,,,369143.4614,5033509.941,45.43856051,-75.67756339,7674
15--2870,2015/02/12,8:50 AM,BASELINE RD @ GREENBANK RD (0002357),2357,02 - Intersection related,03 - P.D. only,03 - Rear end,01 - Clear,01 - Daylight,04 - Slush,01 - Traffic signal,01 - Functioning,2,0,0,0,,0,,,,,360597.6843,5022584.018,45.34098426,-75.78802157,7675
15--2871,2015/02/12,8:53 AM,PAUL METIVIER DR @ BEATRICE DR (0011190),11190,03 - At intersection,03 - P.D. only,02 - Angle,01 - Clear,01 - Daylight,03 - Loose snow,02 - Stop sign,01 - Functioning,2,0,0,0,,0,,,,,365704.3214,5014603.879,45.26875489,-75.72384716,7676
15--2872,2015/02/12,8:55 AM,HIGHWAY 417 btwn HWY417 IC118 RAMP35 & HWY417 IC117 RAMP51 (__3ZA2YP),__3ZA2YP,01 - Non intersection,03 - P.D. only,99 - Other,03 - Snow,01 - Daylight,03 - Loose snow,10 - No control,,2,0,0,0,,0,,,,,369815.4319,5031134.895,45.41712863,-75.66928872,7677
15--2873,2015/02/12,9:00 AM,MALVERN DR @ THISTLEDOWN CRT N (0001252),1252,02 - Intersection related,03 - P.D. only,03 - Rear end,03 - Snow,01 - Daylight,04 - Slush,02 - Stop sign,01 - Functioning,2,0,0,0,,0,,,,,363184.1544,5016124.003,45.28264674,-75.75578213,7678
15--2874,2015/02/12,9:10 AM,SUSSEX DR btwn 151 W OF KING EDWARD AVE/L.B. PEARSON BUILDING & RAMP (__3ZBOFZB),__3ZBOFZB,01 - Non intersection,03 - P.D. only,07 - SMV other,03 - Snow,01 - Daylight,03 - Loose snow,10 - No control,,1,0,0,0,,0,,,,,367645.736,5033461.953,45.43826496,-75.69671149,7679
15--2875,2015/02/12,9:21 PM,GREENBANK RD btwn WEST HUNT CLUB RD & FALLOWFIELD RD (__3ZA1NE),__3ZA1NE,01 - Non intersection,03 - P.D. only,01 - Approaching,01 - Clear,07 - Dark,06 - Ice,10 - No control,,2,0,0,0,,0,,,,,362893.7128,5017159.42,45.2919875,-75.75936281,7680
15--2876,2015/02/12,9:25 AM,CRESTHAVEN DR @ STRANDHERD DR (0010929),10929,03 - At intersection,03 - P.D. only,02 - Angle,03 - Snow,01 - Daylight,03 - Loose snow,01 - Traffic signal,01 - Functioning,2,0,0,0,,0,,,,,366812.9423,5015029.516,45.27248787,-75.7096673,7681
15--2877,2015/02/12,9:33 PM,MITCH OWENS RD/BRIDGE ST @ RIVER RD (0003573),3573,03 - At intersection,03 - P.D. only,05 - Turning movement,01 - Clear,07 - Dark,05 - Packed snow,01 - Traffic signal,01 - Functioning,2,0,0,0,,0,,,,,369499.7073,5010769.918,45.23391839,-75.67598341,7682
15--2878,2015/02/12,9:58 AM,ALBERT ST btwn BAY ST & LYON ST N (__3ZA33B),__3ZA33B,04 - At/near private drive,03 - P.D. only,05 - Turning movement,03 - Snow,01 - Daylight,03 - Loose snow,10 - No control,,2,0,0,0,,0,,,,,366972.9046,5031162.42,45.41763465,-75.70560102,7683
15--2879,2015/02/13,1:13 PM,BOOTH ST @ SIR JOHN A. MACDONALD PKWY/WELLINGTON ST (0012252),12252,02 - Intersection related,03 - P.D. only,03 - Rear end,01 - Clear,01 - Daylight,01 - Dry,01 - Traffic signal,01 - Functioning,2,0,0,0,,0,,,,,366265.2209,5031006.206,45.4162916,-75.7146619,7684
15--288,2015/01/06,4:43 PM,AGINCOURT RD @ MAITLAND AVE (0003375),3375,02 - Intersection related,03 - P.D. only,07 - SMV other,01 - Clear,05 - Dusk,04 - Slush,02 - Stop sign,01 - Functioning,1,0,0,0,,0,,,,,363447.6505,5025449.081,45.36653134,-75.75131919,7685
15--2880,2015/02/13,1:42 PM,BEECHWOOD AVE btwn ST. PATRICK ST & MACKAY ST (__3ZBOFT),__3ZBOFT,01 - Non intersection,03 - P.D. only,06 - SMV unattended vehicle,01 - Clear,01 - Daylight,01 - Dry,10 - No control,,1,0,0,0,,0,,,,,369140.8613,5033511.22,45.43857226,-75.67759646,7686
15--2881,2015/02/13,10:37 AM,COVENTRY RD @ VANIER PKWY (0002139),2139,02 - Intersection related,03 - P.D. only,03 - Rear end,01 - Clear,01 - Daylight,06 - Ice,01 - Traffic signal,01 - Functioning,2,0,0,0,,0,,,,,370676.3849,5031611.221,45.42133389,-75.6582257,7687
15--2882,2015/02/13,11:06 AM,CLEMOW AVE btwn CAMBRIDGE ST S & BRONSON AVE (__3ZA92H),__3ZA92H,01 - Non intersection,03 - P.D. only,06 - SMV unattended vehicle,01 - Clear,01 - Daylight,05 - Packed snow,10 - No control,,1,0,0,0,,0,,,,,367336.6182,5029346.673,45.40126468,-75.70118456,7688
15--2883,2015/02/13,11:17 AM,RICHMOND RD @ HOLLY ACRES RD/NANAIMO DR (0001068),1068,02 - Intersection related,03 - P.D. only,03 - Rear end,01 - Clear,01 - Daylight,06 - Ice,01 - Traffic signal,01 - Functioning,2,0,0,0,,0,,,,,359060.5993,5022748.014,45.34258047,-75.80761533,7689
15--2884,2015/02/13,11:44 PM,GOUGH RD @ LORDS MANOR LANE (0010434),10434,03 - At intersection,03 - P.D. only,07 - SMV other,01 - Clear,07 - Dark,03 - Loose snow,02 - Stop sign,01 - Functioning,1,0,0,0,,0,,,,,373567.737,5010803.957,45.23383914,-75.62417411,7690
15--2885,2015/02/13,11:53 AM,HUNT CLUB RD @ RIVERSIDE DR (0002237),2237,02 - Intersection related,03 - P.D. only,03 - Rear end,01 - Clear,01 - Daylight,01 - Dry,01 - Traffic signal,01 - Functioning,2,0,0,0,,0,,,,,368035.7391,5021945.98,45.3346123,-75.69320243,7691
15--2886,2015/02/13,Unknown,BLACK FOREST LANE btwn RICHMOND RD & END (__3ZABNL),__3ZABNL,01 - Non intersection,03 - P.D. only,06 - SMV unattended vehicle,03 - Snow,00 - Unknown,03 - Loose snow,10 - No control,,1,0,0,0,,0,,,,,357467.7104,5019609.741,45.31446342,-75.8282736,7692
15--2887,2015/02/13,12:01 PM,RIDEAU ST btwn KING EDWARD AVE & NELSON ST (__3ZA3VG),__3ZA3VG,04 - At/near private drive,03 - P.D. only,02 - Angle,01 - Clear,01 - Daylight,01 - Dry,10 - No control,,2,0,0,0,,0,,,,,368632.6679,5032489.794,45.42942843,-75.68422394,7693
15--2888,2015/02/13,12:35 PM,JOHNSTON RD @ ROWALLEN PL (0011260),11260,03 - At intersection,03 - P.D. only,05 - Turning movement,01 - Clear,01 - Daylight,06 - Ice,02 - Stop sign,01 - Functioning,2,0,0,0,,0,,,,,373107.9262,5026042.238,45.37099347,-75.62792993,7694
15--2889,2015/02/13,12:36 PM,MARCH RD @ 280 S OF CARLING AVE/GATEWAY MALL S (0011492),11492,03 - At intersection,03 - P.D. only,02 - Angle,01 - Clear,01 - Daylight,01 - Dry,01 - Traffic signal,01 - Functioning,4,0,0,0,,0,,,,,351108.684,5022027.583,45.3366679,-75.90914616,7695
15--289,2015/01/06,5:02 PM,REGIONAL ROAD 174 EB btwn HWY417 IC113 RAMP65 & OR174 BLAIR IC112 RAMP51 (__3ZAZFJ),__3ZAZFJ,01 - Non intersection,03 - P.D. only,03 - Rear end,03 - Snow,05 - Dusk,04 - Slush,10 - No control,,2,0,0,0,,0,,,,,374379.3454,5032506.866,45.42903394,-75.61078801,7696
15--2890,2015/02/13,12:53 PM,LAURIER AVE   W btwn LYON ST N & KENT ST (__3ZA3CQ),__3ZA3CQ,04 - At/near private drive,02 - Non-fatal injury,02 - Angle,01 - Clear,01 - Daylight,02 - Wet,10 - No control,,2,0,0,0,02 - Minor,1,,1,,,367175.3936,5031082.326,45.41689596,-75.70302416,7697
15--2891,2015/02/13,12:59 PM,ALTA VISTA DR @ SMYTH RD (0011353),11353,02 - Intersection related,03 - P.D. only,03 - Rear end,01 - Clear,01 - Daylight,01 - Dry,01 - Traffic signal,01 - Functioning,2,0,0,0,,0,,,,,370434.6436,5029082.039,45.39860001,-75.66165111,7698
15--2892,2015/02/13,2:09 PM,ANOKA ST @ EDGE HILL PL (0007083),7083,03 - At intersection,03 - P.D. only,02 - Angle,01 - Clear,01 - Daylight,05 - Packed snow,02 - Stop sign,02 - Not functioning,2,0,0,0,,0,,,,,370256.7215,5026800.055,45.37808417,-75.66422612,7699
15--2893,2015/02/13,2:12 PM,MOODIE DR btwn WEST HUNT CLUB RD & ALTI PL (__3ZBOCW),__3ZBOCW,01 - Non intersection,03 - P.D. only,07 - SMV other,01 - Clear,01 - Daylight,06 - Ice,10 - No control,,1,0,0,0,,0,,,,,358283.7909,5017575.603,45.29609834,-75.8180855,7700
15--2894,2015/02/13,2:20 PM,HUNT CLUB RD btwn LORRY GREENBERG DR & PIKE ST (__3ZA3S3),__3ZA3S3,04 - At/near private drive,02 - Non-fatal injury,02 - Angle,01 - Clear,01 - Daylight,06 - Ice,10 - No control,,2,0,0,0,02 - Minor,1,,1,,,372851.1261,5024825.162,45.36006767,-75.63137567,7701
15--2895,2015/02/13,2:29 PM,MERIVALE RD/LOTTA AVE @ CLYDE AVE (0001112),1112,03 - At intersection,03 - P.D. only,05 - Turning movement,01 - Clear,01 - Daylight,01 - Dry,01 - Traffic signal,01 - Functioning,3,0,0,0,,0,,,,,364520.7344,5024507.044,45.35796441,-75.73773553,7702
15--2896,2015/02/13,2:32 PM,CUMMINGS AVE @ MONTREAL RD (0007748),7748,03 - At intersection,02 - Non-fatal injury,02 - Angle,01 - Clear,01 - Daylight,01 - Dry,01 - Traffic signal,01 - Functioning,2,0,0,0,02 - Minor,1,,1,,,372007.7077,5034039.14,45.44305253,-75.64088445,7703