Anom_ID,Accident_Date,Accident_Time,Location,Geo_ID,Accident_Location,Classification_of_Accident,Initial_Impact_Type,Environment_Condition,Light,Road_Surface_Condition,Traffic_Control,Traffic_Control_Condition,No__of_Vehicles,No__of_Bicycles,No__of_Motorcycles,No__of_Pedestrians,Max_Injury,No__of_Injuries,No__of_Minimal,No__of_Minor,No__of_Major,No__of_Fatal,X,Y,Latitude,Longitude,ObjectId
15--2897,2015/02/13,2:52 PM,BANK ST @ HERON RD (0002155),2155,02 - Intersection related,03 - P.D. only,03 - Rear end,01 - Clear,01 - Daylight,01 - Dry,01 - Traffic signal,01 - Functioning,2,0,0,0,,0,,,,,369996.6839,5026851.06,45.37856734,-75.66753929,7704
15--2898,2015/02/13,3:14 PM,BYRON AVE @ KIRKWOOD AVE (0006296),6296,02 - Intersection related,03 - P.D. only,04 - Sideswipe,01 - Clear,01 - Daylight,01 - Dry,01 - Traffic signal,01 - Functioning,2,0,0,0,,0,,,,,363866.691,5028431.073,45.39332765,-75.74561355,7705
15--2899,2015/02/13,3:15 PM,DUCLOS AVE/BARRINGTON ST @ VISENEAU DR (0003298),3298,03 - At intersection,03 - P.D. only,01 - Approaching,03 - Snow,01 - Daylight,03 - Loose snow,02 - Stop sign,01 - Functioning,2,0,0,0,,0,,,,,381526.3312,5035524.923,45.45544051,-75.51899307,7706
15--29,2015/01/02,11:05 AM,LABELLE ST/RAMP @ LEMIEUX ST/HWY417 IC115 RAMP (0012538),12538,02 - Intersection related,03 - P.D. only,04 - Sideswipe,01 - Clear,01 - Daylight,01 - Dry,02 - Stop sign,01 - Functioning,2,0,0,0,,0,,,,,372539.7927,5031690.015,45.42186489,-75.63440678,7707
15--290,2015/01/06,5:03 PM,FALLOWFIELD RD btwn EAGLESON RD & RICHMOND RD (__3ZA4Y2),__3ZA4Y2,01 - Non intersection,03 - P.D. only,99 - Other,01 - Clear,05 - Dusk,01 - Dry,10 - No control,,2,0,0,0,,0,,,,,357610.7922,5013463.392,45.2591469,-75.82710309,7708
15--2900,2015/02/13,3:18 PM,HUNT CLUB RD btwn CAHILL DR & LORRY GREENBERG DR (__3ZA3S4),__3ZA3S4,01 - Non intersection,03 - P.D. only,03 - Rear end,01 - Clear,01 - Daylight,01 - Dry,10 - No control,,2,0,0,0,,0,,,,,372656.9917,5024693.288,45.35889994,-75.63387148,7709
15--2901,2015/02/13,3:24 PM,ROCKINGHAM AVE btwn CLEMENTINE BLVD & BANK ST (__3ZA873),__3ZA873,04 - At/near private drive,03 - P.D. only,03 - Rear end,01 - Clear,01 - Daylight,01 - Dry,10 - No control,,2,0,0,0,,0,,,,,369604.882,5027302.947,45.38266962,-75.67248215,7710
15--2926,2015/02/13,6:30 PM,OTTAWA RIVER PKWY @ WOODROFFE AVE (0002637),2637,02 - Intersection related,03 - P.D. only,03 - Rear end,03 - Snow,07 - Dark,03 - Loose snow,02 - Stop sign,01 - Functioning,2,0,0,0,,0,,,,,361428.6093,5027002.055,45.3806709,-75.77691359,7711
15--2749,2015/02/11,1:54 PM,WINNEGREEN CRT btwn MAURYA CRT & MAURYA CRT (__3ZA46S),__3ZA46S,01 - Non intersection,03 - P.D. only,06 - SMV unattended vehicle,01 - Clear,01 - Daylight,01 - Dry,10 - No control,,1,0,0,0,,0,,,,,374945.4279,5026402.845,45.37405653,-75.60442264,7712
15--275,2015/01/06,12:30 PM,CARLING AVE @ KIRKWOOD AVE N (0002358),2358,02 - Intersection related,03 - P.D. only,03 - Rear end,01 - Clear,01 - Daylight,01 - Dry,01 - Traffic signal,01 - Functioning,2,0,0,0,,0,,,,,364274.5921,5027494.176,45.38486309,-75.7405173,7713
15--3109,2015/02/15,7:30 PM,OAKFIELD CRES btwn DEERCROFT AVE & CLARIDGE DR (__4VGUN3),__4VGUN3,01 - Non intersection,03 - P.D. only,06 - SMV unattended vehicle,01 - Clear,07 - Dark,05 - Packed snow,10 - No control,,1,0,0,0,,0,,,,,364691.8442,5015397.337,45.27598137,-75.73665311,7714
15--3467,2015/02/21,12:31 PM,MERIVALE RD btwn BURRIS LANE & OT/NE BOUNDARY (__3ZAZ7D),__3ZAZ7D,01 - Non intersection,03 - P.D. only,04 - Sideswipe,03 - Snow,01 - Daylight,04 - Slush,10 - No control,,2,0,0,0,,0,,,,,364968.9133,5025208.406,45.36423684,-75.73193018,7715
15--2927,2015/02/13,6:35 AM,CONROY RD @ JOHNSTON RD (0011908),11908,02 - Intersection related,03 - P.D. only,03 - Rear end,01 - Clear,03 - Dawn,06 - Ice,01 - Traffic signal,01 - Functioning,2,0,0,0,,0,,,,,373396.8071,5026308.942,45.37336494,-75.62420525,7716
15--2750,2015/02/11,10:01 AM,ROGER GUINDON AVE @ SMYTH RD (0006971),6971,02 - Intersection related,02 - Non-fatal injury,03 - Rear end,01 - Clear,01 - Daylight,01 - Dry,01 - Traffic signal,01 - Functioning,2,0,0,0,02 - Minor,2,,2,,,371935.8377,5029223.752,45.39973275,-75.64245926,7717
15--311,2015/01/06,7:33 AM,TARTAN DR btwn HOULAHAN ST & STRANDHERD DR (__308IMW),__308IMW,01 - Non intersection,03 - P.D. only,06 - SMV unattended vehicle,01 - Clear,03 - Dawn,02 - Wet,10 - No control,,1,0,0,0,,0,,,,,362292.6566,5013563.458,45.25968028,-75.7674415,7718
15--3468,2015/02/21,12:38 PM,JOCKVALE RD @ STRANDHERD DR (0010541),10541,02 - Intersection related,03 - P.D. only,03 - Rear end,01 - Clear,01 - Daylight,06 - Ice,01 - Traffic signal,01 - Functioning,2,0,0,0,,0,,,,,363561.4444,5014577.355,45.26869853,-75.75115633,7719
15--2928,2015/02/13,6:43 AM,OTTAWA RIVER PKWY btwn VIMY PLACE PRIV & BOOTH ST (__5VHJ2QB),__5VHJ2QB,01 - Non intersection,03 - P.D. only,07 - SMV other,03 - Snow,03 - Dawn,06 - Ice,10 - No control,,1,0,0,0,,0,,,,,366177.4422,5030945.054,45.41574908,-75.71579096,7720
15--2751,2015/02/11,10:05 AM,MONTREAL RD @ ST. LAURENT BLVD (0002604),2604,03 - At intersection,02 - Non-fatal injury,02 - Angle,01 - Clear,01 - Daylight,01 - Dry,01 - Traffic signal,01 - Functioning,2,1,0,0,02 - Minor,1,,1,,,371544.739,5033818.077,45.44110787,-75.64683189,7721
15--3110,2015/02/15,7:48 PM,CRESTHAVEN DR @ STRANDHERD DR (0010929),10929,02 - Intersection related,03 - P.D. only,03 - Rear end,01 - Clear,07 - Dark,01 - Dry,01 - Traffic signal,01 - Functioning,2,0,0,0,,0,,,,,366812.9423,5015027.589,45.27247053,-75.70966754,7722
15--3469,2015/02/21,12:41 PM,"EGLISE, RUE DE L btwn MONTREAL RD & COLLEGE CIRC (__3ZAZWS)",__3ZAZWS,01 - Non intersection,03 - P.D. only,05 - Turning movement,03 - Snow,01 - Daylight,04 - Slush,10 - No control,,2,0,0,0,,0,,,,,371258.8858,5033418.664,45.43754136,-75.65053935,7723
15--2929,2015/02/13,6:44 PM,FRIEL ST @ STEWART ST (0008495),8495,03 - At intersection,02 - Non-fatal injury,07 - SMV other,01 - Clear,07 - Dark,01 - Dry,02 - Stop sign,01 - Functioning,1,0,0,1,02 - Minor,1,,1,,,368892.5027,5032364.601,45.42827823,-75.68091991,7724
15--2752,2015/02/11,10:08 PM,BANK ST @ SUNNYSIDE AVE (0007219),7219,03 - At intersection,03 - P.D. only,02 - Angle,03 - Snow,07 - Dark,03 - Loose snow,01 - Traffic signal,01 - Functioning,2,0,0,0,,0,,,,,368733.7448,5028582.995,45.39426715,-75.68343906,7725
15--3111,2015/02/15,8:01 AM,ALBION RD @ HUNT CLUB RD (0006974),6974,02 - Intersection related,03 - P.D. only,03 - Rear end,01 - Clear,01 - Daylight,06 - Ice,01 - Traffic signal,01 - Functioning,2,0,0,0,,0,,,,,371867.7337,5024320.036,45.35561749,-75.6439951,7726
15--347,2015/01/07,11:49 PM,HIGHWAY 417 btwn HWY417 IC124 RAMP55 & HWY417 IC124 RAMP65 (__3ZAZPV),__3ZAZPV,01 - Non intersection,03 - P.D. only,07 - SMV other,01 - Clear,07 - Dark,06 - Ice,10 - No control,,1,0,0,0,,0,,,,,364476.0484,5027563.966,45.38547392,-75.73793652,7727
15--293,2015/01/06,5:15 PM,HIGHWAY 417 btwn HWY417 IC118 RAMP35 & HWY417 IC117 RAMP51 (__3ZA2YP),__3ZA2YP,01 - Non intersection,03 - P.D. only,03 - Rear end,01 - Clear,05 - Dusk,02 - Wet,10 - No control,,2,0,0,0,,0,,,,,370162.7036,5031097.331,45.41675829,-75.66485704,7728
15--2753,2015/02/11,10:10 PM,RIVERSIDE DR NB btwn SMYTH RD SOUTH SIDE RAMP & SMYTH RD NORTH SIDE RA (__3ZA4S0),__3ZA4S0,01 - Non intersection,03 - P.D. only,04 - Sideswipe,03 - Snow,07 - Dark,03 - Loose snow,10 - No control,,2,0,0,0,,0,,,,,369863.3491,5029242.046,45.40009302,-75.66892635,7729
15--2754,2015/02/11,10:15 PM,HIGHWAY 417 btwn HWY417 IC117 RAMP26 & HWY417 IC117 RAMP61 (__3ZA2YM),__3ZA2YM,01 - Non intersection,03 - P.D. only,07 - SMV other,03 - Snow,07 - Dark,03 - Loose snow,10 - No control,,1,0,0,0,,0,,,,,370906.7712,5031252.731,45.41808661,-75.65533023,7730
15--2755,2015/02/11,10:22 AM,BRONSON AVE @ BRONSON AVE NB ON RAMP 42 (0011234),11234,02 - Intersection related,02 - Non-fatal injury,03 - Rear end,01 - Clear,01 - Daylight,01 - Dry,03 - Yield sign,01 - Functioning,2,0,0,0,01 - Minimal,1,1,,,,367752.4382,5028445.972,45.39312317,-75.69598852,7731
15--2756,2015/02/11,10:53 PM,BILLINGS BRIDGESC RAMP NB @ RIVERSIDE DR EB (0008853),8853,02 - Intersection related,03 - P.D. only,07 - SMV other,03 - Snow,07 - Dark,06 - Ice,02 - Stop sign,00 - Unknown,1,0,0,0,,0,,,,,369081.3553,5027764.607,45.38687173,-75.67910644,7732
15--2757,2015/02/11,11:00 AM,RICHMOND RD @ WOODROFFE AVE (0011466),11466,02 - Intersection related,03 - P.D. only,03 - Rear end,01 - Clear,01 - Daylight,01 - Dry,01 - Traffic signal,01 - Functioning,2,0,0,0,,0,,,,,361584.6864,5026653.077,45.37751819,-75.77496095,7733
15--2758,2015/02/11,11:17 AM,SMYTH RD E/LANCASTER RD @ ST. LAURENT BLVD N/R (0002256),2256,03 - At intersection,03 - P.D. only,03 - Rear end,01 - Clear,01 - Daylight,02 - Wet,01 - Traffic signal,01 - Functioning,2,0,0,0,,0,,,,,373364.6218,5029424.666,45.40140201,-75.62418328,7734
15--2759,2015/02/11,11:22 PM,HIGHWAY 417 btwn HWY417 IC115 RAMP36 & HWY417 IC115 RAMP26 (__3ZA2R4),__3ZA2R4,01 - Non intersection,03 - P.D. only,07 - SMV other,03 - Snow,07 - Dark,03 - Loose snow,10 - No control,,1,0,0,0,,0,,,,,372444,5031521.415,45.42035717,-75.63565384,7735
15--276,2015/01/06,12:30 PM,RAMP btwn Continuation of RAMP & END (2) (__7JQ7IZ),__7JQ7IZ,01 - Non intersection,03 - P.D. only,07 - SMV other,01 - Clear,01 - Daylight,02 - Wet,10 - No control,,1,0,0,0,,0,,,,,346755.0547,5015311.508,45.27650815,-75.9652602,7736
15--2760,2015/02/11,11:24 AM,BOYER RD @ ST. JOSEPH BLVD (0003643),3643,03 - At intersection,02 - Non-fatal injury,01 - Approaching,01 - Clear,01 - Daylight,99 - Other,02 - Stop sign,01 - Functioning,4,0,0,0,02 - Minor,2,,2,,,380405.742,5036832.14,45.46732397,-75.53311759,7737
15--2761,2015/02/11,11:24 PM,BANK ST btwn RIDEAU RD & TURN LANE (__3ZBPH9),__3ZBPH9,01 - Non intersection,03 - P.D. only,07 - SMV other,03 - Snow,07 - Dark,03 - Loose snow,10 - No control,,1,0,0,0,,0,,,,,377287.2544,5017109.502,45.2902011,-75.57588833,7738
15--2762,2015/02/11,11:56 AM,MADAWASKA DR btwn DOW'S LAKE RD & BRONSON AVE (__3ZA9LE),__3ZA9LE,04 - At/near private drive,03 - P.D. only,02 - Angle,01 - Clear,01 - Daylight,01 - Dry,10 - No control,,2,0,0,0,,0,,,,,367599.2549,5028930.361,45.39749532,-75.69788309,7739
15--2763,2015/02/11,12:06 PM,ARGYLE AVE @ O'CONNOR ST (0007254),7254,03 - At intersection,03 - P.D. only,02 - Angle,01 - Clear,01 - Daylight,02 - Wet,01 - Traffic signal,01 - Functioning,2,0,0,0,,0,,,,,368183.7469,5030485.091,45.41143162,-75.69021844,7740
15--2764,2015/02/11,12:12 PM,RUSSELL RD btwn ST. LAURENT BLVD & SOUTHVALE CRES (__3ZA3RV),__3ZA3RV,01 - Non intersection,03 - P.D. only,04 - Sideswipe,01 - Clear,01 - Daylight,01 - Dry,10 - No control,,2,0,0,0,,0,,,,,373624.5357,5029223.169,45.39956353,-75.62089175,7741
15--2765,2015/02/11,2:00 AM,LEITRIM RD btwn LIMEBANK RD & HIGH RD (__3ZBOEL),__3ZBOEL,01 - Non intersection,03 - P.D. only,07 - SMV other,01 - Clear,07 - Dark,01 - Dry,10 - No control,,1,0,0,0,,0,,,,,369444.0396,5017930.21,45.29835091,-75.67576041,7742
15--2766,2015/02/11,2:00 PM,BELCOURT BLVD @ ST. JOSEPH BLVD (0004138),4138,02 - Intersection related,03 - P.D. only,03 - Rear end,01 - Clear,01 - Daylight,01 - Dry,01 - Traffic signal,01 - Functioning,2,0,0,0,,0,,,,,381204.2332,5037358.85,45.47197598,-75.5228257,7743
15--2767,2015/02/11,2:10 PM,INDUSTRIAL AVE @ RIVERSIDE DR (0011905),11905,02 - Intersection related,03 - P.D. only,03 - Rear end,01 - Clear,01 - Daylight,01 - Dry,01 - Traffic signal,01 - Functioning,2,0,0,0,,0,,,,,370683.7547,5030593.035,45.41217197,-75.65826767,7744
15--2768,2015/02/11,3:14 PM,BATHGATE DR @ PLUMBER AVE (0012015),12015,02 - Intersection related,03 - P.D. only,05 - Turning movement,01 - Clear,01 - Daylight,01 - Dry,02 - Stop sign,01 - Functioning,2,0,0,0,,0,,,,,373498.7233,5033714.057,45.43998267,-75.62187242,7745
15--2769,2015/02/11,3:15 PM,BELFAST RD @ ST. LAURENT BLVD (0007658),7658,03 - At intersection,03 - P.D. only,05 - Turning movement,01 - Clear,01 - Daylight,01 - Dry,01 - Traffic signal,01 - Functioning,2,0,0,0,,0,,,,,372860.7241,5030577.116,45.4118204,-75.63046003,7746
15--277,2015/01/06,12:35 PM,HIGHWAY 417 btwn HWY417 IC119B RAMP57 & HWY417 IC119A RAMP75 (__3ZA1QN),__3ZA1QN,01 - Non intersection,03 - P.D. only,03 - Rear end,01 - Clear,01 - Daylight,01 - Dry,10 - No control,,2,0,0,0,,0,,,,,368279.6711,5030334.154,45.41006484,-75.68901248,7747
15--2770,2015/02/11,3:41 PM,JEANNE D'ARC BLVD  S btwn DES EPINETTES AVE & SAPINIER ST (__3ZA3Y5),__3ZA3Y5,01 - Non intersection,03 - P.D. only,05 - Turning movement,01 - Clear,01 - Daylight,01 - Dry,10 - No control,,2,0,0,0,,0,,,,,382337.9023,5035944.929,45.45912979,-75.50855182,7748
15--2771,2015/02/11,4:00 PM,WISTERIA CRES btwn VINTAGE LANE & MOSSWOOD CRT (1) (__4CZOFY),__4CZOFY,04 - At/near private drive,03 - P.D. only,02 - Angle,01 - Clear,01 - Daylight,05 - Packed snow,10 - No control,,2,0,0,0,,0,,,,,369850.4625,5022501.641,45.33944611,-75.66997852,7749
15--2772,2015/02/11,4:10 PM,ROTHWELL DR btwn NASKAPI DR & ROTHWELL CIRC (__3ZBO16),__3ZBO16,01 - Non intersection,03 - P.D. only,06 - SMV unattended vehicle,03 - Snow,01 - Daylight,03 - Loose snow,10 - No control,,1,0,0,0,,0,,,,,374817.2236,5034655.446,45.44832195,-75.60488705,7750
15--2773,2015/02/11,4:19 PM,CYRVILLE RD btwn STAR TOP RD & MEADOWBROOK RD (__3ZA3SN),__3ZA3SN,04 - At/near private drive,03 - P.D. only,02 - Angle,05 - Drifting Snow,01 - Daylight,03 - Loose snow,10 - No control,,2,0,0,0,,0,,,,,374612.3835,5031248.821,45.4176915,-75.60798847,7751
15--2774,2015/02/11,4:32 PM,WEST HUNT CLUB RD btwn HWY416 IC72 RAMP63 & CEDARVIEW RD (__3ZA190),__3ZA190,01 - Non intersection,03 - P.D. only,99 - Other,01 - Clear,01 - Daylight,01 - Dry,10 - No control,,2,0,0,0,,0,,,,,359699.4003,5019543.393,45.31369548,-75.79981997,7752
15--2775,2015/02/11,5:00 PM,BANK ST @ WELLINGTON ST (0002039),2039,02 - Intersection related,03 - P.D. only,03 - Rear end,01 - Clear,01 - Daylight,01 - Dry,01 - Traffic signal,01 - Functioning,2,0,0,0,,0,,,,,367256.7431,5031627.128,45.42179066,-75.70191579,7753
15--2776,2015/02/11,5:00 PM,KING EDWARD AVE NB btwn YORK ST & RIDEAU ST (__3ZA1ZH),__3ZA1ZH,01 - Non intersection,03 - P.D. only,03 - Rear end,01 - Clear,01 - Daylight,01 - Dry,10 - No control,,2,0,0,0,,0,,,,,368450.9843,5032530.698,45.42981303,-75.68654032,7754
15--2777,2015/02/11,5:30 PM,OTTAWA RIVER PKWY @ ISLAND PARK DR (0002127),2127,02 - Intersection related,03 - P.D. only,03 - Rear end,01 - Clear,05 - Dusk,05 - Packed snow,01 - Traffic signal,01 - Functioning,2,0,0,0,,0,,,,,363299.6592,5029452.118,45.40256244,-75.75273384,7755
15--2778,2015/02/11,5:44 PM,LONGFIELDS DR @ WOODROFFE AVE (0000096),96,02 - Intersection related,03 - P.D. only,03 - Rear end,03 - Snow,07 - Dark,03 - Loose snow,01 - Traffic signal,01 - Functioning,2,0,0,0,,0,,,,,365420.206,5017105.499,45.29128892,-75.727162,7756
15--2779,2015/02/11,5:45 PM,INNES RD btwn 240 E OF TENTH LINE RD/HOME DEPOT E & DORIMA ST (__3ZBOGOB),__3ZBOGOB,01 - Non intersection,03 - P.D. only,03 - Rear end,01 - Clear,07 - Dark,01 - Dry,10 - No control,,2,0,0,0,,0,,,,,384225.4952,5036284.38,45.46197183,-75.48436481,7757
15--278,2015/01/06,12:45 PM,BANK ST btwn CHAMBERLAIN AVE & ROSEBERY AVE (__3ZA3PI),__3ZA3PI,01 - Non intersection,03 - P.D. only,06 - SMV unattended vehicle,01 - Clear,01 - Daylight,01 - Dry,10 - No control,,1,0,0,0,,0,,,,,368115.3645,5030086.659,45.40785285,-75.69114316,7758
15--2780,2015/02/11,6:00 PM,RIVERSIDE DR @ TREMBLAY RD/HWY417 IC117 RAMP52 (0010790),10790,02 - Intersection related,03 - P.D. only,03 - Rear end,01 - Clear,07 - Dark,01 - Dry,01 - Traffic signal,01 - Functioning,2,0,0,0,,0,,,,,370802.0781,5031016.39,45.41596999,-75.65669944,7759
15--2781,2015/02/11,7:04 PM,BASELINE RD btwn ST. HELEN'S PL & CLYDE AVE (__3ZA4IN),__3ZA4IN,04 - At/near private drive,03 - P.D. only,02 - Angle,03 - Snow,07 - Dark,04 - Slush,10 - No control,,2,0,0,0,,0,,,,,364230.9129,5024810.378,45.3607184,-75.74139796,7760
15--2782,2015/02/11,7:15 AM,HIGHWAY 417 btwn HWY417 IC117 RAMP61 & HWY417 IC115 RAMP36 (__3ZA2RZ),__3ZA2RZ,01 - Non intersection,03 - P.D. only,03 - Rear end,01 - Clear,01 - Daylight,01 - Dry,10 - No control,,4,0,0,0,,0,,,,,371686.3586,5031436.939,45.41966994,-75.64534526,7761
15--2783,2015/02/11,7:19 PM,ROBLYN WAY btwn MARKLAND CRES & MARKLAND CRES (__3ZA6KQ),__3ZA6KQ,04 - At/near private drive,03 - P.D. only,06 - SMV unattended vehicle,03 - Snow,07 - Dark,06 - Ice,10 - No control,,1,0,0,0,,0,,,,,365921.4917,5016152.878,45.28267387,-75.72088913,7762
15--2784,2015/02/11,7:25 AM,ST. JOSEPH BLVD btwn YOUVILLE DR & NOTRE DAME ST W (__3ZA2BN),__3ZA2BN,01 - Non intersection,03 - P.D. only,03 - Rear end,01 - Clear,01 - Daylight,06 - Ice,10 - No control,,2,0,0,0,,0,,,,,379263.0544,5036180.205,45.4615811,-75.54782754,7763
15--2785,2015/02/11,7:30 AM,INDUSTRIAL AVE/INNES RD @ ST. LAURENT BLVD (0002203),2203,02 - Intersection related,02 - Non-fatal injury,03 - Rear end,01 - Clear,01 - Daylight,03 - Loose snow,01 - Traffic signal,01 - Functioning,2,0,0,0,01 - Minimal,1,1,,,,373098.7635,5030004.121,45.40664167,-75.62749859,7764
15--2786,2015/02/11,7:35 AM,ST. JOSEPH BLVD btwn YOUVILLE DR & NOTRE DAME ST W (__3ZA2BN),__3ZA2BN,01 - Non intersection,03 - P.D. only,04 - Sideswipe,01 - Clear,01 - Daylight,01 - Dry,10 - No control,,2,0,0,0,,0,,,,,379214.8616,5036172.494,45.46151686,-75.54844487,7765
15--2787,2015/02/11,7:49 AM,INDUSTRIAL AVE btwn TRAINYARDS DR & RUSSELL RD (__3ZA3R9),__3ZA3R9,04 - At/near private drive,03 - P.D. only,02 - Angle,01 - Clear,01 - Daylight,01 - Dry,10 - No control,,2,0,0,0,,0,,,,,372326.2009,5030352.797,45.40985386,-75.63731901,7766
15--2788,2015/02/11,8:11 PM,ROGER STEVENS DR btwn DORACK DR & FIRST LINE RD (__3ZA39X),__3ZA39X,01 - Non intersection,03 - P.D. only,01 - Approaching,03 - Snow,07 - Dark,03 - Loose snow,10 - No control,,2,0,0,0,,0,,,,,371356.0301,5002333.231,45.15783265,-75.65347016,7767
15--2789,2015/02/11,8:18 AM,CARP RD @ HAZELDEAN RD (0000086),86,02 - Intersection related,02 - Non-fatal injury,03 - Rear end,01 - Clear,01 - Daylight,01 - Dry,01 - Traffic signal,01 - Functioning,3,0,0,0,01 - Minimal,1,1,,,,348804.5759,5014359.954,45.26782044,-75.9392235,7768
15--279,2015/01/06,2:20 PM,WOODWARD DR btwn COURTWOOD CRES & CLYDE AVE (__3ZAA54),__3ZAA54,04 - At/near private drive,03 - P.D. only,02 - Angle,02 - Rain,01 - Daylight,02 - Wet,10 - No control,,2,0,0,0,,0,,,,,363590.8307,5026149.82,45.3728245,-75.74940815,7769
15--2790,2015/02/11,8:18 PM,CENTRAL PARK DR S @ MERIVALE RD (0009113),9113,03 - At intersection,03 - P.D. only,04 - Sideswipe,03 - Snow,07 - Dark,03 - Loose snow,01 - Traffic signal,01 - Functioning,3,0,0,0,,0,,,,,364988.2456,5025599.525,45.36775441,-75.73163578,7770
15--2791,2015/02/11,8:23 PM,INDUSTRIAL AVE btwn TRAINYARDS DR & RUSSELL RD (__3ZA3R9),__3ZA3R9,01 - Non intersection,02 - Non-fatal injury,03 - Rear end,03 - Snow,07 - Dark,03 - Loose snow,10 - No control,,2,0,0,0,01 - Minimal,1,1,,,,371724.5093,5030535.142,45.41155232,-75.6449803,7771
15--2792,2015/02/11,8:25 AM,ARGYLE AVE N @ ELGIN ST (0007262),7262,03 - At intersection,03 - P.D. only,04 - Sideswipe,01 - Clear,01 - Daylight,05 - Packed snow,01 - Traffic signal,01 - Functioning,2,0,0,0,,0,,,,,368493.8306,5030671.731,45.41308279,-75.68623313,7772
15--2793,2015/02/11,8:30 AM,DONALD ST @ VANIER PKWY (0007644),7644,03 - At intersection,02 - Non-fatal injury,05 - Turning movement,01 - Clear,01 - Daylight,01 - Dry,01 - Traffic signal,01 - Functioning,2,0,0,0,01 - Minimal,1,1,,,,370310.7492,5032270.103,45.42729657,-75.6628097,7773
15--2794,2015/02/11,8:30 PM,DECARIE DR btwn GRENOBLE CRES & CHAMPLAIN ST (__3ZBO3A),__3ZBO3A,04 - At/near private drive,03 - P.D. only,06 - SMV unattended vehicle,03 - Snow,07 - Dark,05 - Packed snow,10 - No control,,1,0,0,0,,0,,,,,381204.8139,5038917.235,45.48599695,-75.52257586,7774
15--2795,2015/02/11,8:43 AM,WEST HUNT CLUB RD @ WOODROFFE AVE (0000576),576,02 - Intersection related,02 - Non-fatal injury,03 - Rear end,01 - Clear,01 - Daylight,01 - Dry,01 - Traffic signal,01 - Functioning,2,0,0,0,02 - Minor,1,,1,,,363671.6549,5021244.079,45.32867636,-75.7489604,7775
15--2796,2015/02/11,8:43 PM,TENTH LINE RD @ LAKEPOINTE DR (0013369),13369,02 - Intersection related,03 - P.D. only,04 - Sideswipe,03 - Snow,07 - Dark,02 - Wet,01 - Traffic signal,01 - Functioning,2,0,0,0,,0,,,,,384261.4933,5035420.786,45.45419791,-75.48404412,7776
15--2797,2015/02/11,8:47 AM,FISHER AVE btwn CRERAR AVE & TUNIS AVE (__3ZA4N5),__3ZA4N5,01 - Non intersection,03 - P.D. only,03 - Rear end,01 - Clear,01 - Daylight,02 - Wet,10 - No control,,3,0,0,0,,0,,,,,365492.8437,5027608.582,45.385788,-75.72494774,7777
15--2798,2015/02/11,8:56 PM,BYRON AVE @ KIRKWOOD AVE (0006296),6296,03 - At intersection,03 - P.D. only,02 - Angle,03 - Snow,07 - Dark,05 - Packed snow,01 - Traffic signal,01 - Functioning,2,0,0,0,,0,,,,,363863.7994,5028433,45.39334523,-75.74565025,7778
15--2799,2015/02/11,8:58 AM,MARCH RD @ 280 S OF CARLING AVE/GATEWAY MALL S (0011492),11492,02 - Intersection related,03 - P.D. only,03 - Rear end,01 - Clear,01 - Daylight,01 - Dry,01 - Traffic signal,01 - Functioning,2,0,0,0,,0,,,,,351107.4792,5022026.74,45.33666039,-75.90916161,7779
15--28,2015/01/02,10:47 AM,CASTLEFRANK RD btwn HAZELDEAN RD & TO BE DETERMINED (__3ZA1Z2),__3ZA1Z2,04 - At/near private drive,03 - P.D. only,03 - Rear end,01 - Clear,01 - Daylight,01 - Dry,10 - No control,,2,0,0,0,,0,,,,,352701.0106,5017652.191,45.29719029,-75.88925385,7780
15--280,2015/01/06,3:15 PM,KING EDWARD AVE @ ST. PATRICK ST (0002714),2714,02 - Intersection related,03 - P.D. only,04 - Sideswipe,01 - Clear,01 - Daylight,01 - Dry,01 - Traffic signal,01 - Functioning,2,0,0,0,,0,,,,,368247.7374,5032822.143,45.43245381,-75.6891,7781
15--2800,2015/02/11,8:58 PM,CEDARVIEW RD @ HWY 416 WESTHUNT IC72R42 (0005515),5515,03 - At intersection,03 - P.D. only,01 - Approaching,03 - Snow,07 - Dark,03 - Loose snow,10 - No control,,2,0,0,0,,0,,,,,359597.2836,5019762.571,45.31567563,-75.80109802,7782
15--2801,2015/02/11,9:02 PM,ST. LAURENT BLVD btwn MCARTHUR AVE & DONALD ST (__3ZBOF4),__3ZBOF4,04 - At/near private drive,03 - P.D. only,02 - Angle,03 - Snow,07 - Dark,05 - Packed snow,10 - No control,,2,0,0,0,,0,,,,,372022.7179,5032657.581,45.43062048,-75.64088126,7783
15--2802,2015/02/11,9:21 PM,REGIONAL ROAD 174 btwn TRANSIT & OR174 IC109 RAMP56 (__3ZAZ6U),__3ZAZ6U,01 - Non intersection,03 - P.D. only,07 - SMV other,03 - Snow,07 - Dark,03 - Loose snow,10 - No control,,1,0,0,0,,0,,,,,375571.5274,5033436.719,45.4372806,-75.59542037,7784
15--2803,2015/02/11,9:23 AM,REID AVE @ SHERWOOD DR (0005585),5585,03 - At intersection,03 - P.D. only,02 - Angle,01 - Clear,01 - Daylight,04 - Slush,02 - Stop sign,01 - Functioning,2,0,0,0,,0,,,,,365695.865,5028870.37,45.39712366,-75.72219966,7785
15--2804,2015/02/11,9:30 AM,WEST HUNT CLUB RD EB btwn WOODROFFE AVE & 354 E OF WOODROFFE AVE/REC P (__3ZBOG1A),__3ZBOG1A,01 - Non intersection,03 - P.D. only,03 - Rear end,01 - Clear,01 - Daylight,05 - Packed snow,10 - No control,,2,0,0,0,,0,,,,,363792.1368,5021338.537,45.32951617,-75.74741226,7786