Anom_ID,Accident_Date,Accident_Time,Location,Geo_ID,Accident_Location,Classification_of_Accident,Initial_Impact_Type,Environment_Condition,Light,Road_Surface_Condition,Traffic_Control,Traffic_Control_Condition,No__of_Vehicles,No__of_Bicycles,No__of_Motorcycles,No__of_Pedestrians,Max_Injury,No__of_Injuries,No__of_Minimal,No__of_Minor,No__of_Major,No__of_Fatal,X,Y,Latitude,Longitude,ObjectId
15--2805,2015/02/11,9:38 AM,STRANDHERD DR @ LONGFIELDS DR (0010935),10935,02 - Intersection related,03 - P.D. only,03 - Rear end,01 - Clear,01 - Daylight,01 - Dry,01 - Traffic signal,01 - Functioning,3,0,0,0,,0,,,,,364547.8466,5015171.879,45.27396495,-75.73851539,7787
15--2806,2015/02/11,9:44 AM,ELGIN ST @ MCLEOD ST (0007274),7274,03 - At intersection,02 - Non-fatal injury,05 - Turning movement,01 - Clear,01 - Daylight,02 - Wet,02 - Stop sign,00 - Unknown,2,0,0,0,02 - Minor,2,,2,,,368424.7121,5030778.126,45.41404639,-75.68710238,7788
15--2807,2015/02/11,9:50 AM,ST. JOSEPH BLVD btwn TENTH LINE RD & OR174 IC101 RAMP63 (__3ZA3YX),__3ZA3YX,01 - Non intersection,03 - P.D. only,07 - SMV other,01 - Clear,01 - Daylight,03 - Loose snow,10 - No control,,1,0,0,0,,0,,,,,382938.0327,5038678.501,45.48365718,-75.50044466,7789
15--2808,2015/02/12,1:36 PM,BANK ST @ PORTLAND AVE (0006964),6964,02 - Intersection related,03 - P.D. only,03 - Rear end,01 - Clear,01 - Daylight,02 - Wet,02 - Stop sign,00 - Unknown,2,0,0,0,,0,,,,,370105.9969,5026551.442,45.37586129,-75.6661833,7790
15--2809,2015/02/12,1:37 PM,TERRY FOX DR btwn LEGGET DR & HELMSDALE DR (__3ZAZO8),__3ZAZO8,01 - Non intersection,03 - P.D. only,06 - SMV unattended vehicle,03 - Snow,01 - Daylight,03 - Loose snow,10 - No control,,1,0,0,0,,0,,,,,350263.2764,5023468.354,45.34968756,-75.91979976,7791
15--281,2015/01/06,3:22 PM,MCINTOSH PL @ MCCURDY DR (0003532),3532,02 - Intersection related,03 - P.D. only,02 - Angle,01 - Clear,01 - Daylight,04 - Slush,02 - Stop sign,01 - Functioning,2,0,0,0,,0,,,,,351639.6139,5018061.909,45.3009486,-75.90274739,7792
15--2810,2015/02/12,1:45 PM,HWY 7 HAZELDEAN RD IC RAMP 24 btwn HIGHWAY 7 & HAZELDEAN RD (__7JQ7J5),__7JQ7J5,01 - Non intersection,03 - P.D. only,07 - SMV other,05 - Drifting Snow,01 - Daylight,03 - Loose snow,10 - No control,,1,0,0,0,,0,,,,,346363.4426,5012026.855,45.2469747,-75.97052609,7793
15--2811,2015/02/12,1:56 PM,BANK ST @ GLOUCESTER ST (0006939),6939,03 - At intersection,02 - Non-fatal injury,07 - SMV other,03 - Snow,01 - Daylight,02 - Wet,01 - Traffic signal,01 - Functioning,1,0,0,1,02 - Minor,1,,1,,,367523.707,5031199.064,45.4179152,-75.69855931,7794
15--3112,2015/02/15,8:13 PM,CARLING AVE EB btwn HOLLY ACRES RD & BAYSHORE DR (__3ZA4VH),__3ZA4VH,01 - Non intersection,03 - P.D. only,07 - SMV other,06 - Strong wind,07 - Dark,06 - Ice,10 - No control,,1,0,0,0,,0,,,,,358489.6626,5023655.947,45.35079401,-75.8148016,7795
15--3470,2015/02/21,12:42 PM,ARMSTRONG ST @ BAYVIEW RD (0005751),5751,02 - Intersection related,02 - Non-fatal injury,01 - Approaching,03 - Snow,01 - Daylight,03 - Loose snow,02 - Stop sign,00 - Unknown,2,0,0,0,01 - Minimal,1,1,,,,365687.6288,5030022.05,45.40748692,-75.72216265,7796
15--2930,2015/02/13,6:47 PM,HIGHWAY 417 btwn HWY417 IC121A RAMP51 & HWY417 IC120A RAMP52 (__3ZA2R6),__3ZA2R6,01 - Non intersection,03 - P.D. only,03 - Rear end,01 - Clear,07 - Dark,03 - Loose snow,10 - No control,,2,0,0,0,,0,,,,,367269.2178,5029733.663,45.40475272,-75.70199639,7797
15--3113,2015/02/15,8:55 PM,HIGHWAY 417 btwn HWY417 IC169 RAMP51 & HWY417 IC169 RAMP35 (__6KCNER),__6KCNER,01 - Non intersection,03 - P.D. only,07 - SMV other,01 - Clear,07 - Dark,03 - Loose snow,10 - No control,,1,0,0,0,,0,,,,,325414.2438,5024928.041,45.36399331,-76.23685571,7798
15--2931,2015/02/13,6:53 PM,BOWESVILLE RD @ RIDEAU RD (0009410),9410,03 - At intersection,03 - P.D. only,02 - Angle,01 - Clear,07 - Dark,01 - Dry,02 - Stop sign,01 - Functioning,2,0,0,0,,0,,,,,373356.6352,5015573.332,45.27677349,-75.62620446,7799
15--3114,2015/02/15,9:50 PM,HWY417 IC142 RAMP61 btwn HWY417 IC142 RAMP63 & HIGHWAY 417 (__3ZAY78),__3ZAY78,01 - Non intersection,03 - P.D. only,07 - SMV other,01 - Clear,07 - Dark,02 - Wet,10 - No control,,1,0,0,0,,0,,,,,349123.4764,5017475.795,45.29583782,-75.93488148,7800
15--2932,2015/02/13,6:58 PM,BAY ST @ SLATER ST (0005127),5127,02 - Intersection related,02 - Non-fatal injury,04 - Sideswipe,01 - Clear,07 - Dark,04 - Slush,01 - Traffic signal,01 - Functioning,2,0,0,0,02 - Minor,1,,1,,,366983.5009,5031077.884,45.41687307,-75.70547631,7801
15--3115,2015/02/16,1:17 PM,BAYSHORE DR btwn WOODRIDGE CRES S & BAYSHORE CS (__3ZAA4OB),__3ZAA4OB,01 - Non intersection,03 - P.D. only,04 - Sideswipe,01 - Clear,01 - Daylight,02 - Wet,10 - No control,,2,0,0,0,,0,,,,,359219.2112,5023531.193,45.34961524,-75.80550536,7802
15--2933,2015/02/13,7:01 AM,WOODROFFE AVE/HWY 417 WOODROFF IC127R25 @ HWY  (0002348),2348,02 - Intersection related,02 - Non-fatal injury,03 - Rear end,01 - Clear,03 - Dawn,06 - Ice,01 - Traffic signal,01 - Functioning,3,0,0,0,01 - Minimal,1,1,,,,362180.0363,5024696.144,45.35986139,-75.76758731,7803
15--3116,2015/02/16,1:33 PM,HIGHWAY 416 btwn HWY416 IC49 RAMP43 & HWY416 IC42 RAMP34 (__3ZAZJ7),__3ZAZJ7,01 - Non intersection,03 - P.D. only,07 - SMV other,01 - Clear,01 - Daylight,01 - Dry,10 - No control,,1,0,0,0,,0,,,,,370286.3365,4997038.022,45.11028606,-75.66776754,7804
15--2934,2015/02/13,7:03 PM,CARLING AVE @ MAITLAND AVE/SHERBOURNE RD (0002641),2641,02 - Intersection related,03 - P.D. only,03 - Rear end,01 - Clear,07 - Dark,01 - Dry,01 - Traffic signal,01 - Functioning,2,0,0,0,,0,,,,,362942.6979,5026487.081,45.37591321,-75.75764256,7805
15--3117,2015/02/16,10:44 AM,MOZART CRT @ TRAPPER'S RD (0009611),9611,03 - At intersection,03 - P.D. only,02 - Angle,01 - Clear,01 - Daylight,05 - Packed snow,02 - Stop sign,01 - Functioning,2,0,0,0,,0,,,,,371785.7292,5023514.509,45.34837747,-75.64515075,7806
15--3118,2015/02/16,11:33 AM,CLEGG ST @ COLONEL BY DR (0008785),8785,02 - Intersection related,02 - Non-fatal injury,03 - Rear end,01 - Clear,01 - Daylight,06 - Ice,02 - Stop sign,01 - Functioning,2,0,0,0,02 - Minor,2,,2,,,368967.6292,5029742.875,45.40468198,-75.6803013,7807
15--3119,2015/02/16,12:10 AM,BRONSON AVE btwn FLORENCE ST & GLADSTONE AVE (__3ZA1WP),__3ZA1WP,01 - Non intersection,03 - P.D. only,07 - SMV other,01 - Clear,07 - Dark,01 - Dry,10 - No control,,1,0,0,0,,0,,,,,367126.9547,5030099.395,45.40805616,-75.7037673,7808
15--312,2015/01/06,7:41 AM,COLOMBINE DRWY @ PARKDALE AVE (0014553),14553,03 - At intersection,02 - Non-fatal injury,02 - Angle,01 - Clear,03 - Dawn,06 - Ice,02 - Stop sign,01 - Functioning,2,0,0,0,01 - Minimal,2,2,,,,364754.6951,5030178.567,45.40897576,-75.73406073,7809
15--3120,2015/02/16,12:30 PM,HIGHWAY 416 btwn HWY416 IC42 RAMP34 & HWY416 IC42 RAMP43 (__3ZA1NA),__3ZA1NA,01 - Non intersection,03 - P.D. only,07 - SMV other,01 - Clear,01 - Daylight,01 - Dry,10 - No control,,1,0,0,0,,0,,,,,371412.2891,4995244.25,45.09404039,-75.65369844,7810
15--3121,2015/02/16,2:48 PM,ALBION RD @ MAPLE KEY PRIV (0013579),13579,02 - Intersection related,02 - Non-fatal injury,03 - Rear end,01 - Clear,01 - Daylight,02 - Wet,02 - Stop sign,01 - Functioning,2,0,0,0,02 - Minor,2,,2,,,372626.749,5022492.3,45.33909915,-75.63455932,7811
15--3122,2015/02/16,4:45 PM,DORIMA ST btwn INNES RD & RENAISSANCE DR (__3ZA6RH),__3ZA6RH,01 - Non intersection,03 - P.D. only,01 - Approaching,01 - Clear,05 - Dusk,06 - Ice,10 - No control,,2,0,0,0,,0,,,,,384360.79,5036218.409,45.46136289,-75.48264571,7812
15--3123,2015/02/16,4:50 PM,MUTCHMOR RD btwn MCGILLIVRAY ST & BOWER ST (__3ZA93R),__3ZA93R,01 - Non intersection,03 - P.D. only,06 - SMV unattended vehicle,01 - Clear,05 - Dusk,05 - Packed snow,10 - No control,,1,0,0,0,,0,,,,,369193.2282,5029605.376,45.40342409,-75.67743767,7813
15--3124,2015/02/16,5:34 PM,CARLING AVE @ KIRKWOOD AVE N (0002358),2358,03 - At intersection,02 - Non-fatal injury,02 - Angle,01 - Clear,07 - Dark,02 - Wet,01 - Traffic signal,01 - Functioning,2,0,0,0,02 - Minor,2,,2,,,364274.5921,5027492.248,45.38484575,-75.74051753,7814
15--3125,2015/02/16,5:36 PM,JEANNE D'ARC BLVD @ CEDAR MILLS RD/CHAMPNEUF D (0003567),3567,03 - At intersection,02 - Non-fatal injury,02 - Angle,01 - Clear,07 - Dark,03 - Loose snow,02 - Stop sign,01 - Functioning,2,0,0,0,02 - Minor,1,,1,,,381216.7156,5036277.137,45.46224225,-75.52283427,7815
15--3126,2015/02/16,6:06 AM,MARITIME WAY btwn CANADIAN SHIELD AVE & GREAT LAKES AVE (__6REWQM),__6REWQM,01 - Non intersection,03 - P.D. only,07 - SMV other,01 - Clear,07 - Dark,06 - Ice,10 - No control,,1,0,0,0,,0,,,,,351814.882,5019555.235,45.31437421,-75.900371,7816
15--3127,2015/02/16,6:15 PM,BRONSON AVE @ SUNNYSIDE AVE/UNIVERSITY RD - CA (0007209),7209,03 - At intersection,03 - P.D. only,02 - Angle,01 - Clear,07 - Dark,02 - Wet,01 - Traffic signal,01 - Functioning,2,0,0,0,,0,,,,,367923.674,5028092.029,45.38992307,-75.69384704,7817
15--3128,2015/02/16,6:40 PM,BANK ST @ DALMENY RD/MARVELVILLE RD (0001081),1081,03 - At intersection,03 - P.D. only,07 - SMV other,01 - Clear,07 - Dark,01 - Dry,02 - Stop sign,01 - Functioning,1,0,0,0,,0,,,,,385829.7447,5004366.906,45.17461791,-75.46907536,7818
15--3129,2015/02/16,7:15 PM,HWY 416 WESTHUNT IC72R34 @ WEST HUNT CLUB RD (0005218),5218,02 - Intersection related,03 - P.D. only,03 - Rear end,01 - Clear,07 - Dark,02 - Wet,01 - Traffic signal,01 - Functioning,2,0,0,0,,0,,,,,359371.3552,5019361.092,45.31208069,-75.80402359,7819
15--313,2015/01/06,7:41 PM,TOTTERIDGE AVE @ FAIRLOP WAY (0010932),10932,02 - Intersection related,03 - P.D. only,07 - SMV other,04 - Freezing Rain,07 - Dark,06 - Ice,03 - Yield sign,01 - Functioning,1,0,0,0,,0,,,,,364690.3147,5016226.382,45.28344123,-75.73657256,7820
15--3471,2015/02/21,12:54 PM,AIRPORT PKWY btwn RAMP & TO BE DETERMINED (__3ZA222),__3ZA222,06 - Underpass or tunnel,02 - Non-fatal injury,07 - SMV other,03 - Snow,01 - Daylight,03 - Loose snow,10 - No control,,1,0,0,0,02 - Minor,1,,1,,,369928.7971,5025696.84,45.36818834,-75.6685582,7821
15--3130,2015/02/16,7:17 PM,YORKWOOD PL btwn GROVEMONT DR & HARBOUR VIEW ST (__44Z94M),__44Z94M,01 - Non intersection,03 - P.D. only,06 - SMV unattended vehicle,01 - Clear,07 - Dark,03 - Loose snow,10 - No control,,1,0,0,0,,0,,,,,366643.9891,5014838.095,45.27078035,-75.71184418,7822
15--3131,2015/02/16,7:27 AM,CONROY RD btwn WALKLEY RD & ST. LAURENT BLVD (__3ZA2DG),__3ZA2DG,01 - Non intersection,03 - P.D. only,03 - Rear end,01 - Clear,01 - Daylight,06 - Ice,10 - No control,,2,0,0,0,,0,,,,,372949.9877,5027393.652,45.38316831,-75.62975955,7823
15--3132,2015/02/16,7:28 AM,BRONSON AVE RAMP 24A btwn BRONSON AVE RAMP 42A-1/42A-2 & BRONSON AVE R (__3ZAYCO),__3ZAYCO,01 - Non intersection,03 - P.D. only,07 - SMV other,01 - Clear,01 - Daylight,06 - Ice,10 - No control,,1,0,0,0,,0,,,,,368552.522,5027100.882,45.38094806,-75.68594485,7824
15--3133,2015/02/16,8:30 AM,HWY417 IC115 RAMP36 btwn HIGHWAY 417 & TRANSIT (__3ZAY67),__3ZAY67,01 - Non intersection,03 - P.D. only,07 - SMV other,01 - Clear,01 - Daylight,06 - Ice,10 - No control,,1,0,0,0,,0,,,,,372069.9928,5031485.314,45.42006842,-75.64043724,7825
15--3134,2015/02/16,8:31 AM,GREENBANK RD @ IRIS ST/HWY 417 IC129 RAMP51 (0009073),9073,02 - Intersection related,02 - Non-fatal injury,03 - Rear end,01 - Clear,01 - Daylight,06 - Ice,01 - Traffic signal,01 - Functioning,2,0,0,0,02 - Minor,3,2,1,,,360531.0168,5023312.332,45.34754292,-75.78879013,7826
15--3135,2015/02/16,9:34 AM,HUNTER'S RUN DR @ JEANNE D'ARC BLVD (0012419),12419,02 - Intersection related,03 - P.D. only,03 - Rear end,01 - Clear,01 - Daylight,06 - Ice,01 - Traffic signal,01 - Functioning,2,0,0,0,,0,,,,,380564.8556,5036176.018,45.46140346,-75.53118419,7827
15--3136,2015/02/17,1:03 AM,REGIONAL ROAD 174 EB btwn HWY417 IC113 RAMP65 & OR174 BLAIR IC112 RAMP51 (__3ZAZFJ),__3ZAZFJ,01 - Non intersection,02 - Non-fatal injury,07 - SMV other,01 - Clear,07 - Dark,01 - Dry,10 - No control,,1,0,0,0,01 - Minimal,1,1,,,,374030.7808,5032203.559,45.42633953,-75.6152847,7828
15--3137,2015/02/17,1:36 PM,CARLING AVE @ MERIVALE RD (0002148),2148,02 - Intersection related,02 - Non-fatal injury,04 - Sideswipe,01 - Clear,01 - Daylight,01 - Dry,01 - Traffic signal,01 - Functioning,3,0,0,0,02 - Minor,2,1,1,,,364894.7038,5027700.062,45.38666269,-75.7325742,7829
15--3138,2015/02/17,10:30 AM,HIGHWAY 417 btwn HWY417 IC115 RAMP35 & HIGHWAY 417 (__3ZA2US),__3ZA2US,01 - Non intersection,02 - Non-fatal injury,07 - SMV other,01 - Clear,01 - Daylight,01 - Dry,10 - No control,,1,0,0,0,02 - Minor,1,,1,,,372509.704,5031505.531,45.4202079,-75.63481657,7830
15--3139,2015/02/17,10:35 AM,CARP RD @ HAZELDEAN RD (0000086),86,02 - Intersection related,03 - P.D. only,03 - Rear end,01 - Clear,01 - Daylight,01 - Dry,01 - Traffic signal,01 - Functioning,2,0,0,0,,0,,,,,348805.5398,5014359.954,45.26782038,-75.93921122,7831
15--314,2015/01/06,7:46 PM,BELCOURT BLVD @ INNES RD (0004202),4202,02 - Intersection related,03 - P.D. only,03 - Rear end,01 - Clear,07 - Dark,02 - Wet,01 - Traffic signal,01 - Functioning,2,0,0,0,,0,,,,,382122.6211,5035265.472,45.45304046,-75.51141096,7832
15--3140,2015/02/17,11:12 AM,BLAIR RD @ REGIONAL RD 174 N/OR174 IC112 RAMP61 (0003617),3617,02 - Intersection related,02 - Non-fatal injury,04 - Sideswipe,01 - Clear,01 - Daylight,02 - Wet,01 - Traffic signal,01 - Functioning,2,0,0,0,01 - Minimal,1,1,,,,374633.4819,5032991.096,45.43336545,-75.60747191,7833
15--3141,2015/02/17,11:15 AM,HIGHWAY 417 btwn HWY417 IC119B RAMP76 & HWY417 IC119A RAMP67 (__3ZA2YT),__3ZA2YT,01 - Non intersection,03 - P.D. only,07 - SMV other,01 - Clear,01 - Daylight,01 - Dry,10 - No control,,1,0,0,0,,0,,,,,368408.9568,5030431.485,45.41092886,-75.68734839,7834
15--3142,2015/02/17,11:17 PM,ST. LAURENT BLVD btwn DONALD ST & 125 N OF QUEEN MARY ST (__3ZA2CFA),__3ZA2CFA,01 - Non intersection,03 - P.D. only,04 - Sideswipe,01 - Clear,07 - Dark,01 - Dry,10 - No control,,2,0,0,0,,0,,,,,372139.978,5032365.115,45.42797773,-75.63942282,7835
15--3143,2015/02/17,11:30 PM,MITCH OWENS RD btwn TURN LANE & SALE BARN RD (__3ZA2CS),__3ZA2CS,01 - Non intersection,03 - P.D. only,07 - SMV other,01 - Clear,07 - Dark,02 - Wet,10 - No control,,1,0,0,0,,0,,,,,378324.0657,5016313.067,45.28292742,-75.56279021,7836
15--3144,2015/02/17,11:47 AM,CUMMINGS AVE/LABELLE ST @ CYRVILLE RD (0008791),8791,02 - Intersection related,03 - P.D. only,03 - Rear end,01 - Clear,01 - Daylight,01 - Dry,01 - Traffic signal,01 - Functioning,2,0,0,0,,0,,,,,372861.745,5031872.993,45.42347999,-75.630268,7837
15--3145,2015/02/17,12:28 PM,FALLOWFIELD RD btwn MERIVALE RD & WOODROFFE AVE (__3ZA3IN),__3ZA3IN,01 - Non intersection,03 - P.D. only,03 - Rear end,01 - Clear,01 - Daylight,06 - Ice,10 - No control,,2,0,0,0,,0,,,,,366095.2705,5018565.46,45.30436697,-75.71837604,7838
15--3146,2015/02/17,12:30 PM,MERIVALE RD btwn MEADOWLANDS DR & 210 S OF MEADOWLANDS DR/MERIVALE PL  (__3ZBPLPA),__3ZBPLPA,01 - Non intersection,03 - P.D. only,04 - Sideswipe,01 - Clear,01 - Daylight,02 - Wet,10 - No control,,2,0,0,0,,0,,,,,364896.2903,5023635.39,45.3500893,-75.73304838,7839
15--3147,2015/02/17,12:31 PM,BANK ST btwn RANDALL AVE & 73 N OF EVANS BLVD (__3ZA3BJA),__3ZA3BJA,04 - At/near private drive,03 - P.D. only,05 - Turning movement,01 - Clear,01 - Daylight,02 - Wet,10 - No control,,2,0,0,0,,0,,,,,369767.0908,5027251.127,45.38218834,-75.67041788,7840
15--3148,2015/02/17,12:40 PM,SHAKESPEARE ST btwn BRADLEY AVE & STE. ANNE ST (__3ZA8WF),__3ZA8WF,01 - Non intersection,03 - P.D. only,06 - SMV unattended vehicle,01 - Clear,01 - Daylight,03 - Loose snow,10 - No control,,1,0,0,0,,0,,,,,370471.583,5033636.924,45.43957956,-75.66057224,7841
15--3149,2015/02/17,12:46 PM,WALKLEY RD btwn HARDING RD & HALIFAX DR (__3ZA2EK),__3ZA2EK,01 - Non intersection,02 - Non-fatal injury,04 - Sideswipe,01 - Clear,01 - Daylight,02 - Wet,10 - No control,,2,0,0,0,01 - Minimal,1,1,,,,373616.7491,5027883.64,45.38751183,-75.62117804,7842
15--315,2015/01/06,8:15 AM,CLARIDGE DR @ RODEO DR (0010210),10210,03 - At intersection,03 - P.D. only,03 - Rear end,01 - Clear,01 - Daylight,06 - Ice,02 - Stop sign,01 - Functioning,2,0,0,0,,0,,,,,364766.4521,5015636.548,45.27812743,-75.73567339,7843
15--3150,2015/02/17,12:49 PM,COVENTRY RD @ VANIER PKWY (0002139),2139,02 - Intersection related,03 - P.D. only,03 - Rear end,03 - Snow,01 - Daylight,03 - Loose snow,01 - Traffic signal,01 - Functioning,2,0,0,0,,0,,,,,370676.3849,5031610.257,45.42132521,-75.65822583,7844
15--3151,2015/02/17,12:55 PM,BENLEA DR btwn CARDIGAN DR & BRYDON CRT (__3ZA53O),__3ZA53O,04 - At/near private drive,03 - P.D. only,07 - SMV other,01 - Clear,01 - Daylight,06 - Ice,10 - No control,,1,0,0,0,,0,,,,,364287.3815,5021663.924,45.33240217,-75.74105567,7845
15--3152,2015/02/17,2:29 PM,EAGLESON RD @ 146 N OF ABBEYHILL DR/HAZELDEAN  (0011577),11577,02 - Intersection related,03 - P.D. only,05 - Turning movement,01 - Clear,01 - Daylight,04 - Slush,01 - Traffic signal,01 - Functioning,2,0,0,0,,0,,,,,353774.2554,5018169.645,45.30177246,-75.87551949,7846
15--3153,2015/02/17,2:30 PM,BRASSEUR CRES btwn WINSOME TER & DESTINY PRIV (__6R2LAO),__6R2LAO,01 - Non intersection,03 - P.D. only,06 - SMV unattended vehicle,01 - Clear,01 - Daylight,05 - Packed snow,10 - No control,,1,0,0,0,,0,,,,,386202.9476,5037556.382,45.47318842,-75.45887206,7847
15--3154,2015/02/17,2:58 PM,BRONSON AVE @ POWELL AVE (0007212),7212,02 - Intersection related,03 - P.D. only,05 - Turning movement,01 - Clear,01 - Daylight,02 - Wet,01 - Traffic signal,01 - Functioning,2,0,0,0,,0,,,,,367386.915,5029477.696,45.40243909,-75.70052552,7848
15--3155,2015/02/17,3:35 PM,HIGHWAY 417 btwn HWY417 IC119A RAMP75 & HWY417 IC118 RAMP57 (__3ZA2R2),__3ZA2R2,01 - Non intersection,03 - P.D. only,03 - Rear end,01 - Clear,01 - Daylight,02 - Wet,10 - No control,,2,0,0,0,,0,,,,,368786.5741,5030610.547,45.41250557,-75.6825013,7849
15--3156,2015/02/17,3:37 PM,MARCH VALLEY RD @ TERRY FOX DR (0011772),11772,03 - At intersection,03 - P.D. only,02 - Angle,01 - Clear,01 - Daylight,01 - Dry,02 - Stop sign,01 - Functioning,2,0,0,0,,0,,,,,350755.5331,5023782.56,45.35248276,-75.91348873,7850
15--3157,2015/02/17,3:49 PM,CHESAPEAKE CRES/LAMPLIGHTERS DR @ COBBLE HILL DR (0014043),14043,02 - Intersection related,03 - P.D. only,07 - SMV other,01 - Clear,01 - Daylight,05 - Packed snow,02 - Stop sign,01 - Functioning,1,0,0,0,,0,,,,,361433.8981,5014585.097,45.26894274,-75.77826625,7851
15--3158,2015/02/17,3:53 AM,VANIER PKWY/CRICHTON ST @ BEECHWOOD AVE/ST. PA (0001604),1604,02 - Intersection related,03 - P.D. only,07 - SMV other,01 - Clear,07 - Dark,01 - Dry,01 - Traffic signal,01 - Functioning,1,0,0,0,,0,,,,,369127.931,5033488.402,45.43836814,-75.6777647,7852
15--3159,2015/02/17,4:00 PM,STRANDHERD DR btwn CEDARVIEW RD & MADRID AVE (__6O5O8S),__6O5O8S,01 - Non intersection,02 - Non-fatal injury,05 - Turning movement,01 - Clear,01 - Daylight,01 - Dry,10 - No control,,2,0,0,0,01 - Minimal,1,1,,,,362324.9475,5013554.564,45.25959761,-75.76703112,7853
15--316,2015/01/06,8:21 AM,CHAPMAN MILLS DR @ LEAMINGTON WAY/MANCINI WAY (0011133),11133,02 - Intersection related,03 - P.D. only,03 - Rear end,01 - Clear,01 - Daylight,06 - Ice,02 - Stop sign,01 - Functioning,2,0,0,0,,0,,,,,365046.8534,5014687.455,45.26956353,-75.73221491,7854
15--3160,2015/02/17,4:08 AM,BRONSON AVE btwn COOPER ST & SOMERSET ST W (__3ZA33L),__3ZA33L,04 - At/near private drive,03 - P.D. only,05 - Turning movement,01 - Clear,07 - Dark,01 - Dry,10 - No control,,2,0,0,0,,0,,,,,366933.2114,5030557.484,45.41219514,-75.70618441,7855
15--3161,2015/02/17,4:11 PM,BANK ST @ FLORA ST (0007252),7252,02 - Intersection related,02 - Non-fatal injury,07 - SMV other,01 - Clear,01 - Daylight,02 - Wet,01 - Traffic signal,01 - Functioning,1,0,0,1,02 - Minor,1,,1,,,367976.7047,5030418.012,45.41084679,-75.69287191,7856
15--3162,2015/02/17,4:13 PM,BOURASSA ST @ ST. LAURENT BLVD (0007731),7731,02 - Intersection related,03 - P.D. only,03 - Rear end,01 - Clear,01 - Daylight,04 - Slush,01 - Traffic signal,01 - Functioning,2,0,0,0,,0,,,,,373236.732,5029694.039,45.40383822,-75.62577932,7857
15--3163,2015/02/17,4:15 PM,WOODWARD DR btwn MAITLAND AVE & COURTWOOD CRES (__3ZAARJ),__3ZAARJ,04 - At/near private drive,03 - P.D. only,02 - Angle,01 - Clear,01 - Daylight,01 - Dry,10 - No control,,2,0,0,0,,0,,,,,363309.4915,5025677.371,45.36859701,-75.75305571,7858
15--3164,2015/02/17,4:22 PM,ST. JOSEPH BLVD @ TENTH LINE RD (0009163),9163,02 - Intersection related,03 - P.D. only,03 - Rear end,01 - Clear,01 - Daylight,01 - Dry,01 - Traffic signal,01 - Functioning,2,0,0,0,,0,,,,,382890.8038,5038666.199,45.48355178,-75.50105068,7859
15--3165,2015/02/17,4:31 PM,PRINCE OF WALES DR btwn DEAKIN ST & WATERBEND LANE (__3ZA1H3),__3ZA1H3,01 - Non intersection,03 - P.D. only,03 - Rear end,01 - Clear,01 - Daylight,01 - Dry,10 - No control,,2,0,0,0,,0,,,,,367393.6027,5021540.355,45.33102013,-75.70144567,7860
15--3166,2015/02/17,4:42 PM,CYRVILLE RD btwn STAR TOP RD & MEADOWBROOK RD (__3ZA3SN),__3ZA3SN,04 - At/near private drive,02 - Non-fatal injury,02 - Angle,06 - Strong wind,01 - Daylight,01 - Dry,10 - No control,,2,0,0,0,01 - Minimal,1,1,,,,374587.3349,5031257.13,45.41776876,-75.60830731,7861
15--3167,2015/02/17,4:50 PM,HUNT CLUB RD @ LORRY GREENBERG DR/SABLE RIDGE  (0008203),8203,02 - Intersection related,03 - P.D. only,03 - Rear end,01 - Clear,01 - Daylight,02 - Wet,01 - Traffic signal,01 - Functioning,2,0,0,0,,0,,,,,372823.7387,5024807.987,45.3599158,-75.63172758,7862
15--3168,2015/02/17,4:55 PM,WOODROFFE AVE btwn EARL MULLIGAN DR & LONGFIELDS DR (__3ZA3II),__3ZA3II,01 - Non intersection,03 - P.D. only,03 - Rear end,01 - Clear,01 - Daylight,01 - Dry,10 - No control,,3,0,0,0,,0,,,,,365328.5475,5017318.725,45.29321542,-75.72830442,7863
15--3169,2015/02/17,4:56 PM,MONTGOMERY ST @ MONTREAL RD (0009342),9342,03 - At intersection,03 - P.D. only,05 - Turning movement,01 - Clear,01 - Daylight,02 - Wet,01 - Traffic signal,01 - Functioning,2,0,0,0,,0,,,,,369813.7126,5032919.142,45.43318274,-75.66907518,7864
15--317,2015/01/06,8:22 AM,BEATRICE DR @ STRANDHERD DR (0005447),5447,03 - At intersection,03 - P.D. only,05 - Turning movement,01 - Clear,01 - Daylight,02 - Wet,01 - Traffic signal,01 - Functioning,2,0,0,0,,0,,,,,365527.377,5015321.964,45.2752315,-75.72601408,7865
15--3170,2015/02/17,5:03 PM,BANK ST @ BLAIS RD (0009264),9264,02 - Intersection related,03 - P.D. only,03 - Rear end,01 - Clear,05 - Dusk,01 - Dry,02 - Stop sign,00 - Unknown,3,0,0,0,,0,,,,,376154.7563,5019726.992,45.31386816,-75.58994753,7866
15--3171,2015/02/17,5:06 PM,CYRVILLE RD btwn STAR TOP RD & MEADOWBROOK RD (__3ZA3SN),__3ZA3SN,04 - At/near private drive,03 - P.D. only,05 - Turning movement,06 - Strong wind,01 - Daylight,01 - Dry,10 - No control,,2,0,0,0,,0,,,,,374404.0552,5031325.835,45.41840519,-75.61063914,7867
15--3172,2015/02/17,5:19 PM,AIRPORT PKWY @ HUNT CLUB RD (0010856),10856,03 - At intersection,03 - P.D. only,07 - SMV other,01 - Clear,07 - Dark,01 - Dry,01 - Traffic signal,01 - Functioning,1,0,0,0,,0,,,,,371018.528,5023702.516,45.35014195,-75.65491526,7868