Anom_ID,Accident_Date,Accident_Time,Location,Geo_ID,Accident_Location,Classification_of_Accident,Initial_Impact_Type,Environment_Condition,Light,Road_Surface_Condition,Traffic_Control,Traffic_Control_Condition,No__of_Vehicles,No__of_Bicycles,No__of_Motorcycles,No__of_Pedestrians,Max_Injury,No__of_Injuries,No__of_Minimal,No__of_Minor,No__of_Major,No__of_Fatal,X,Y,Latitude,Longitude,ObjectId
15--2935,2015/02/13,7:09 AM,RUSSELL RD btwn RUSSELL RD & WALKLEY RD (__3ZBPKX),__3ZBPKX,01 - Non intersection,02 - Non-fatal injury,07 - SMV other,05 - Drifting Snow,03 - Dawn,06 - Ice,10 - No control,,1,0,0,0,01 - Minimal,1,1,,,,374792.3343,5028289.903,45.39105069,-75.60610947,7869
15--2936,2015/02/13,7:15 PM,TENTH LINE RD @ CHARLEMAGNE BLVD N/TOMPKINS AV (0009222),9222,02 - Intersection related,03 - P.D. only,03 - Rear end,01 - Clear,07 - Dark,01 - Dry,01 - Traffic signal,01 - Functioning,2,0,0,0,,0,,,,,383183.9299,5037977.4,45.47732174,-75.49741148,7870
15--2937,2015/02/13,7:30 AM,EARL ARMSTRONG RD @ RIVER RD (0012470),12470,02 - Intersection related,03 - P.D. only,03 - Rear end,01 - Clear,01 - Daylight,01 - Dry,01 - Traffic signal,01 - Functioning,2,0,0,0,,0,,,,,367572.7185,5014684.879,45.26931944,-75.70002873,7871
15--2938,2015/02/13,7:35 AM,HIGHWAY 417 btwn HWY417 IC118 RAMP57 & HWY417 IC118 RAMP35 (__3ZA2YQ),__3ZA2YQ,01 - Non intersection,03 - P.D. only,07 - SMV other,01 - Clear,01 - Daylight,06 - Ice,10 - No control,,1,0,0,0,,0,,,,,369295.5763,5030928.397,45.41531875,-75.67595732,7872
15--2939,2015/02/13,7:37 PM,DWYER HILL RD btwn O'NEIL RD & ROGER STEVENS DR (__3ZA429),__3ZA429,01 - Non intersection,03 - P.D. only,07 - SMV other,01 - Clear,07 - Dark,05 - Packed snow,10 - No control,,1,0,0,0,,0,,,,,352403.8503,4992388.605,45.06987782,-75.8954534,7873
15--294,2015/01/06,5:40 AM,HIGHWAY 417 btwn HWY417 IC112 RAMP54 & HWY417 IC112 RAMP65 (__3ZAZE8),__3ZAZE8,01 - Non intersection,03 - P.D. only,04 - Sideswipe,03 - Snow,07 - Dark,03 - Loose snow,10 - No control,,2,0,0,0,,0,,,,,374352.0579,5030900.496,45.41458338,-75.61136348,7874
15--2940,2015/02/13,7:40 AM,HIGHWAY 417 btwn HWY417 IC119B RAMP57 & HWY417 IC119A RAMP75 (__3ZA1QN),__3ZA1QN,01 - Non intersection,03 - P.D. only,03 - Rear end,01 - Clear,01 - Daylight,06 - Ice,10 - No control,,2,0,0,0,,0,,,,,368454.4442,5030442.316,45.41102218,-75.68676592,7875
15--2941,2015/02/13,7:46 AM,RICHMOND RD @ LYNHAR RD/STAFFORD RD (0000155),155,02 - Intersection related,03 - P.D. only,03 - Rear end,01 - Clear,01 - Daylight,01 - Dry,01 - Traffic signal,01 - Functioning,2,0,0,0,,0,,,,,358137.2369,5021087.15,45.32770673,-75.81957592,7876
15--2942,2015/02/13,7:57 AM,BRONSON AVE/BRONSON/HERON RAMP 35 @ HERON RD (0002386),2386,02 - Intersection related,03 - P.D. only,03 - Rear end,01 - Clear,01 - Daylight,06 - Ice,01 - Traffic signal,01 - Functioning,2,0,0,0,,0,,,,,368639.5504,5026699.099,45.37732501,-75.68488564,7877
15--2943,2015/02/13,7:59 AM,BRONSON AVE btwn BREWER WAY & RIVERSIDE DR RAMPS 34B & 42A-3 (__3ZA3BR),__3ZA3BR,07 - Overpass or bridge,03 - P.D. only,04 - Sideswipe,01 - Clear,01 - Daylight,06 - Ice,10 - No control,,2,0,0,0,,0,,,,,368387.9841,5027241.749,45.3822305,-75.68802747,7878
15--2944,2015/02/13,8:00 AM,LEIKIN DR btwn BECKSTEAD RD & BILL LEATHEM DR (__3ZA105),__3ZA105,01 - Non intersection,03 - P.D. only,07 - SMV other,01 - Clear,01 - Daylight,05 - Packed snow,10 - No control,,1,0,0,0,,0,,,,,367086.3703,5017876.449,45.29808015,-75.70582552,7879
15--2945,2015/02/13,8:00 AM,LYNDA LANE @ SMYTH RD (0002250),2250,02 - Intersection related,03 - P.D. only,03 - Rear end,03 - Snow,01 - Daylight,03 - Loose snow,02 - Stop sign,01 - Functioning,2,0,0,0,,0,,,,,371612.6863,5029191.066,45.39946956,-75.64659091,7880
15--2946,2015/02/13,8:00 AM,HWY417 IC124 RAMP76 btwn HIGHWAY 417 & CARLING AVE (__3ZAYA5),__3ZAYA5,01 - Non intersection,03 - P.D. only,07 - SMV other,01 - Clear,01 - Daylight,06 - Ice,10 - No control,,1,0,0,0,,0,,,,,364126.121,5027153.096,45.3818067,-75.74245408,7881
15--2947,2015/02/13,8:01 AM,HUNT CLUB RD WB btwn 275 E OF HAWTHORNE RD/OC TRANSPO TURNAROUND & HWY417 HUNT CLUB IC109 RAMP53 (e___1GZMB),e___1GZMB,01 - Non intersection,02 - Non-fatal injury,04 - Sideswipe,01 - Clear,01 - Daylight,03 - Loose snow,10 - No control,,2,0,0,0,02 - Minor,1,,1,,,376317.82,5027077.501,45.37998802,-75.58680522,7882
15--2948,2015/02/13,8:02 PM,GALLAGHER RD btwn HARNETT RD & MACKEY RD (__3ZBOIX),__3ZBOIX,01 - Non intersection,03 - P.D. only,07 - SMV other,01 - Clear,07 - Dark,01 - Dry,10 - No control,,1,0,0,0,,0,,,,,362601.237,4990911.139,45.05582411,-75.76613118,7883
15--2949,2015/02/13,8:03 AM,COLONNADE RD @ MERIVALE RD (0004569),4569,02 - Intersection related,03 - P.D. only,04 - Sideswipe,01 - Clear,01 - Daylight,01 - Dry,01 - Traffic signal,01 - Functioning,2,0,0,0,,0,,,,,365363.695,5022544.978,45.34023772,-75.7272174,7884
15--295,2015/01/06,5:46 AM,BANK ST @ LEITRIM RD (0004125),4125,03 - At intersection,02 - Non-fatal injury,05 - Turning movement,99 - Other,07 - Dark,02 - Wet,01 - Traffic signal,01 - Functioning,2,0,0,0,01 - Minimal,1,1,,,,375358.7181,5021619.015,45.33097227,-75.5998293,7885
15--2950,2015/02/13,8:05 PM,INDUSTRIAL AVE btwn TRAINYARDS DR & RUSSELL RD (__3ZA3R9),__3ZA3R9,04 - At/near private drive,03 - P.D. only,05 - Turning movement,01 - Clear,07 - Dark,05 - Packed snow,10 - No control,,2,0,0,0,,0,,,,,372267.6634,5030375.599,45.41006467,-75.63806365,7886
15--2951,2015/02/13,8:08 AM,SWEETNAM DR btwn ORCHARD DR & HARRY DOUGLAS DR (__3ZA2HY),__3ZA2HY,01 - Non intersection,03 - P.D. only,07 - SMV other,01 - Clear,01 - Daylight,06 - Ice,10 - No control,,1,0,0,0,,0,,,,,350726.7933,5015212.339,45.27536758,-75.91464996,7887
15--2952,2015/02/13,8:16 AM,LONGFIELDS DR @ WOODROFFE AVE (0000096),96,02 - Intersection related,03 - P.D. only,04 - Sideswipe,01 - Clear,01 - Daylight,01 - Dry,01 - Traffic signal,01 - Functioning,2,0,0,0,,0,,,,,365421.1699,5017106.463,45.29129751,-75.7271496,7888
15--2953,2015/02/13,8:19 AM,SAUNDERSON DR @ SMYTH RD (0007729),7729,02 - Intersection related,03 - P.D. only,05 - Turning movement,01 - Clear,01 - Daylight,06 - Ice,01 - Traffic signal,01 - Functioning,2,0,0,0,,0,,,,,372794.6952,5029323.069,45.40054347,-75.63147645,7889
15--2954,2015/02/13,8:23 AM,FOREST HILL AVE @ PRINCE OF WALES DR (0006264),6264,02 - Intersection related,03 - P.D. only,05 - Turning movement,01 - Clear,01 - Daylight,03 - Loose snow,02 - Stop sign,00 - Unknown,2,0,0,0,,0,,,,,366818.7996,5026290.833,45.37381506,-75.70818231,7890
15--2955,2015/02/13,8:28 AM,REGIONAL ROAD 174 btwn OR174 IC109 RAMP86 & OR174 IC109 RAMP64 (__3ZA28U),__3ZA28U,01 - Non intersection,03 - P.D. only,07 - SMV other,01 - Clear,01 - Daylight,06 - Ice,10 - No control,,1,0,0,0,,0,,,,,376546.9353,5035196.225,45.45301211,-75.58269805,7891
15--2956,2015/02/13,8:30 PM,CONROY RD @ THURSTON DR (0011389),11389,03 - At intersection,03 - P.D. only,05 - Turning movement,01 - Clear,07 - Dark,04 - Slush,01 - Traffic signal,01 - Functioning,2,0,0,0,,0,,,,,373204.5305,5026793.971,45.37774783,-75.62659263,7892
15--2957,2015/02/13,8:32 AM,CARP RD @ ROTHBOURNE RD (0002007),2007,02 - Intersection related,03 - P.D. only,03 - Rear end,01 - Clear,01 - Daylight,01 - Dry,02 - Stop sign,01 - Functioning,2,0,0,0,,0,,,,,348253.2504,5014875.597,45.27249467,-75.94620392,7893
15--2958,2015/02/13,8:32 PM,ABBEYHILL DR @ EAGLESON RD (0003404),3404,02 - Intersection related,03 - P.D. only,99 - Other,03 - Snow,07 - Dark,03 - Loose snow,01 - Traffic signal,01 - Functioning,3,0,0,0,,0,,,,,353830.8293,5018040.754,45.30060873,-75.8748109,7894
15--2959,2015/02/13,8:40 PM,SPROULE ST btwn SHILLINGTON AVE & END (__3ZA0RK),__3ZA0RK,01 - Non intersection,03 - P.D. only,07 - SMV other,01 - Clear,07 - Dark,01 - Dry,10 - No control,,1,0,0,0,,0,,,,,365334.8481,5027127.901,45.3814766,-75.72702411,7895
15--296,2015/01/06,6:00 PM,BANK ST @ LEITRIM RD (0004125),4125,02 - Intersection related,02 - Non-fatal injury,03 - Rear end,01 - Clear,07 - Dark,02 - Wet,01 - Traffic signal,01 - Functioning,2,0,0,0,02 - Minor,2,1,1,,,375358.7181,5021618.051,45.33096359,-75.59982943,7896
15--2960,2015/02/13,8:41 AM,SAVILLE ROW @ WOODROFFE AVE (0002760),2760,02 - Intersection related,03 - P.D. only,03 - Rear end,01 - Clear,01 - Daylight,02 - Wet,01 - Traffic signal,01 - Functioning,2,0,0,0,,0,,,,,361779.6766,5026185.046,45.37329107,-75.77252548,7897
15--2961,2015/02/13,8:42 AM,BLAIR RD @ OGILVIE RD (0004120),4120,02 - Intersection related,03 - P.D. only,03 - Rear end,01 - Clear,01 - Daylight,01 - Dry,01 - Traffic signal,01 - Functioning,2,0,0,0,,0,,,,,374506.7598,5033197.129,45.43523186,-75.60906215,7898
15--2962,2015/02/13,8:54 AM,INDUSTRIAL AVE/INNES RD @ ST. LAURENT BLVD (0002203),2203,02 - Intersection related,03 - P.D. only,03 - Rear end,01 - Clear,01 - Daylight,06 - Ice,01 - Traffic signal,01 - Functioning,2,0,0,0,,0,,,,,373101.6551,5030003.157,45.40663271,-75.62746179,7899
15--2963,2015/02/13,8:55 AM,BY WARD MARKET SQ btwn YORK ST & GEORGE ST (__3ZBOX6),__3ZBOX6,01 - Non intersection,03 - P.D. only,07 - SMV other,01 - Clear,01 - Daylight,05 - Packed snow,10 - No control,,1,0,0,0,,0,,,,,367977.3306,5032279.536,45.42759611,-75.69262523,7900
15--2964,2015/02/13,9:00 AM,REGIONAL ROAD 174 btwn OR174 IC109 RAMP56 & OR174 IC109 RAMP86 (__3ZA28W),__3ZA28W,07 - Overpass or bridge,03 - P.D. only,03 - Rear end,01 - Clear,01 - Daylight,01 - Dry,10 - No control,,2,0,0,0,,0,,,,,376454.4052,5034996.707,45.45122647,-75.58390998,7901
15--2965,2015/02/13,9:25 AM,BAYVIEW RD @ SCOTT ST/ALBERT ST (0005646),5646,02 - Intersection related,03 - P.D. only,04 - Sideswipe,01 - Clear,01 - Daylight,02 - Wet,01 - Traffic signal,01 - Functioning,2,0,0,0,,0,,,,,365520.0009,5030071.082,45.40794266,-75.72429786,7902
15--2966,2015/02/13,9:25 PM,HUNT CLUB RD btwn NORTH BOWESVILLE RD & BILLY BISHOP PRIV (__5G43Y1),__5G43Y1,01 - Non intersection,03 - P.D. only,07 - SMV other,01 - Clear,07 - Dark,06 - Ice,10 - No control,,1,0,0,0,,0,,,,,368750.4282,5022364.988,45.33831767,-75.6840308,7903
15--2967,2015/02/13,9:40 AM,WYLIE AVE btwn OAKLEY AVE & CARLING AVE (__3ZBPI7),__3ZBPI7,01 - Non intersection,02 - Non-fatal injury,07 - SMV other,01 - Clear,01 - Daylight,05 - Packed snow,10 - No control,,1,0,0,1,02 - Minor,1,,1,,,359103.5787,5024158.524,45.35526893,-75.80691205,7904
15--2968,2015/02/13,9:52 AM,CARNEGIE ST @ GOREN AVE (0008916),8916,03 - At intersection,03 - P.D. only,05 - Turning movement,01 - Clear,01 - Daylight,05 - Packed snow,10 - No control,,2,0,0,0,,0,,,,,373317.4544,5028311.821,45.39139375,-75.62494027,7905
15--2969,2015/02/14,1:11 AM,MCKINLEY DR @ SHIRLEY'S BROOK DR (0011809),11809,02 - Intersection related,03 - P.D. only,07 - SMV other,03 - Snow,07 - Dark,03 - Loose snow,02 - Stop sign,01 - Functioning,1,0,0,0,,0,,,,,349835.6158,5023729.029,45.35206076,-75.92523353,7906
15--297,2015/01/06,6:11 PM,AVIATION PKWY @ MONTREAL RD (0008799),8799,02 - Intersection related,03 - P.D. only,03 - Rear end,01 - Clear,07 - Dark,02 - Wet,01 - Traffic signal,01 - Functioning,2,0,0,0,,0,,,,,372145.7527,5034109.065,45.44366839,-75.63911045,7907
15--2970,2015/02/14,1:15 AM,BRONSON AVE @ SOMERSET ST (0002218),2218,02 - Intersection related,03 - P.D. only,03 - Rear end,01 - Clear,07 - Dark,02 - Wet,01 - Traffic signal,01 - Functioning,2,0,0,0,,0,,,,,366965.7684,5030476.09,45.41145989,-75.70577877,7908
15--2971,2015/02/14,1:40 AM,EAGLESON RD @ HAZELDEAN RD/ROBERTSON RD (0002715),2715,02 - Intersection related,03 - P.D. only,04 - Sideswipe,03 - Snow,07 - Dark,03 - Loose snow,01 - Traffic signal,00 - Unknown,2,0,0,0,,0,,,,,353673.6249,5018425.906,45.30408536,-75.87677731,7909
15--2972,2015/02/14,1:40 PM,EAGLESON RD @ FERNBANK RD (0011846),11846,02 - Intersection related,03 - P.D. only,02 - Angle,01 - Clear,01 - Daylight,02 - Wet,01 - Traffic signal,00 - Unknown,2,0,0,0,,0,,,,,354797.6654,5015587.907,45.27846935,-75.8627308,7910
15--2973,2015/02/14,1:41 PM,DES EPINETTES AVE @ JEANNE D'ARC BLVD (0004221),4221,02 - Intersection related,03 - P.D. only,02 - Angle,03 - Snow,01 - Daylight,03 - Loose snow,01 - Traffic signal,01 - Functioning,2,0,0,0,,0,,,,,382226.7481,5035956.162,45.45924318,-75.50997112,7911
15--2974,2015/02/14,1:45 PM,COLONEL BY DR/MACKENZIE AVE @ DALY AVE (0008541),8541,02 - Intersection related,03 - P.D. only,03 - Rear end,03 - Snow,01 - Daylight,03 - Loose snow,01 - Traffic signal,01 - Functioning,2,0,0,0,,0,,,,,368003.6755,5031902.17,45.42419832,-75.69233701,7912
15--2975,2015/02/14,1:49 PM,BANK ST @ HUNT CLUB RD (0002119),2119,02 - Intersection related,03 - P.D. only,03 - Rear end,01 - Clear,01 - Daylight,06 - Ice,01 - Traffic signal,01 - Functioning,2,0,0,0,,0,,,,,371609.7004,5024096.988,45.35363521,-75.64731822,7913
15--2976,2015/02/14,10:00 AM,EAGLESON RD btwn HWY417 IC138 RAMP51 & KATIMAVIK RD (__3ZA41W),__3ZA41W,01 - Non intersection,03 - P.D. only,03 - Rear end,03 - Snow,01 - Daylight,04 - Slush,10 - No control,,2,0,0,0,,0,,,,,353138.4795,5019751.333,45.31604887,-75.88347164,7914
15--2977,2015/02/14,10:02 AM,BOTELER ST @ KING EDWARD AVE (0006594),6594,02 - Intersection related,03 - P.D. only,04 - Sideswipe,03 - Snow,01 - Daylight,04 - Slush,03 - Yield sign,00 - Unknown,2,0,0,0,,0,,,,,367977.6428,5033245.908,45.43629115,-75.69249724,7915
15--2978,2015/02/14,10:03 AM,MARCH RD btwn SOLANDT RD & STATION RD (__3ZA3CD),__3ZA3CD,01 - Non intersection,02 - Non-fatal injury,99 - Other,01 - Clear,01 - Daylight,06 - Ice,10 - No control,,2,0,0,0,02 - Minor,2,,2,,,350879.1543,5022281.895,45.33897136,-75.91205089,7916
15--2979,2015/02/14,10:09 PM,KING EDWARD AVE NB @ MACDONALD-CARTIER BR RAMP (0011750),11750,02 - Intersection related,03 - P.D. only,07 - SMV other,03 - Snow,07 - Dark,03 - Loose snow,10 - No control,,1,0,0,0,,0,,,,,368027.1243,5033249.521,45.43631919,-75.6918644,7917
15--298,2015/01/06,6:14 PM,BANK ST @ CAHILL DR/DAZE ST (0012178),12178,03 - At intersection,02 - Non-fatal injury,05 - Turning movement,01 - Clear,07 - Dark,02 - Wet,01 - Traffic signal,01 - Functioning,2,0,0,0,02 - Minor,1,,1,,,371306.815,5024317.209,45.35564548,-75.65115385,7918
15--2980,2015/02/14,10:10 AM,HAZELDEAN RD btwn KINCARDINE DR & TERRY FOX DR (__3ZAZ88),__3ZAZ88,01 - Non intersection,03 - P.D. only,03 - Rear end,03 - Snow,01 - Daylight,04 - Slush,10 - No control,,2,0,0,0,,0,,,,,352197.9725,5017234.258,45.29346373,-75.89570726,7919
15--2981,2015/02/14,10:23 AM,EAGLESON RD @ KAKULU RD (0003188),3188,02 - Intersection related,03 - P.D. only,07 - SMV other,01 - Clear,01 - Daylight,03 - Loose snow,01 - Traffic signal,01 - Functioning,1,0,0,0,,0,,,,,353382.5815,5019151.951,45.31063866,-75.88041722,7920
15--2982,2015/02/14,10:30 AM,OTTAWA RIVER PKWY @ REMIC RAPIDS ENT/TUNNEY'S  (0011322),11322,02 - Intersection related,03 - P.D. only,03 - Rear end,03 - Snow,01 - Daylight,03 - Loose snow,01 - Traffic signal,01 - Functioning,2,0,0,0,,0,,,,,364262.3075,5030245.729,45.40962208,-75.74034247,7921
15--2983,2015/02/14,10:30 AM,HIGHWAY 417 btwn HWY417 IC163 RAMP61 & HWY417 IC155 RAMP36 (__3ZA2QB),__3ZA2QB,01 - Non intersection,03 - P.D. only,07 - SMV other,03 - Snow,01 - Daylight,03 - Loose snow,10 - No control,,1,0,0,0,,0,,,,,332321.2543,5021248.57,45.33064641,-76.14889277,7922
15--2984,2015/02/14,10:30 AM,HIGHWAY 417 btwn HWY417 IC142 RAMP35 & HWY417 IC142 RAMP25 (__3ZA1ZO),__3ZA1ZO,01 - Non intersection,03 - P.D. only,07 - SMV other,03 - Snow,01 - Daylight,03 - Loose snow,10 - No control,,1,0,0,0,,0,,,,,348964.6442,5017239.232,45.29371915,-75.93692754,7923
15--2985,2015/02/14,10:32 AM,BASELINE RD @ NAVAHO DR (0003158),3158,02 - Intersection related,03 - P.D. only,07 - SMV other,03 - Snow,01 - Daylight,04 - Slush,01 - Traffic signal,01 - Functioning,1,0,0,0,,0,,,,,363086.6546,5024097.988,45.35440445,-75.75608652,7924
15--2986,2015/02/14,10:38 AM,INDUSTRIAL AVE btwn RUSSELL RD & ST. LAURENT BLVD (__3ZA3R7),__3ZA3R7,01 - Non intersection,02 - Non-fatal injury,99 - Other,03 - Snow,01 - Daylight,03 - Loose snow,10 - No control,,2,0,0,0,02 - Minor,3,1,2,,,373073.7033,5029991.591,45.40653137,-75.62782043,7925
15--2987,2015/02/14,10:42 AM,RIDEAU ST btwn DALHOUSIE ST & WALLER ST (__3ZA3V4),__3ZA3V4,01 - Non intersection,02 - Non-fatal injury,03 - Rear end,03 - Snow,01 - Daylight,03 - Loose snow,10 - No control,,2,0,0,0,02 - Minor,1,,1,,,368216.3477,5032233.846,45.42716337,-75.6895769,7926
15--2988,2015/02/14,10:45 PM,TENTH LINE RD btwn CANOTIA PL & AMIENS ST (__3ZA2GB),__3ZA2GB,01 - Non intersection,03 - P.D. only,04 - Sideswipe,01 - Clear,07 - Dark,03 - Loose snow,10 - No control,,2,0,0,0,,0,,,,,383332.792,5037612.099,45.47401837,-75.49556611,7927
15--2989,2015/02/14,10:50 AM,KELLY LANE @ RIVER RD (0001650),1650,03 - At intersection,03 - P.D. only,02 - Angle,03 - Snow,01 - Daylight,02 - Wet,02 - Stop sign,01 - Functioning,2,0,0,0,,0,,,,,372992.6878,5006077.885,45.19137055,-75.63214413,7928
15--299,2015/01/06,6:18 AM,HWY 417 INNES IC112R68 @ INNES RD (0012300),12300,03 - At intersection,03 - P.D. only,04 - Sideswipe,01 - Clear,07 - Dark,04 - Slush,01 - Traffic signal,01 - Functioning,2,0,0,0,,0,,,,,374641.8752,5030922.282,45.41475053,-75.60765797,7929
15--2990,2015/02/14,10:50 AM,HWY417 IC113 RAMP85 btwn HWY417 IC113 RAMP35 & HIGHWAY 417 (__3ZAYAV),__3ZAYAV,01 - Non intersection,03 - P.D. only,07 - SMV other,03 - Snow,01 - Daylight,03 - Loose snow,10 - No control,,1,0,0,0,,0,,,,,373968.1877,5031668.708,45.42153341,-75.6161596,7930
15--2991,2015/02/14,11:00 AM,GREENBANK RD @ STRANDHERD DR (0005563),5563,02 - Intersection related,03 - P.D. only,03 - Rear end,03 - Snow,01 - Daylight,03 - Loose snow,01 - Traffic signal,01 - Functioning,2,0,0,0,,0,,,,,363932.72,5014782.971,45.27051755,-75.74640079,7931
15--2992,2015/02/14,11:04 AM,EAGLESON RD @ FERNBANK RD (0011846),11846,02 - Intersection related,03 - P.D. only,03 - Rear end,03 - Snow,01 - Daylight,04 - Slush,01 - Traffic signal,01 - Functioning,2,0,0,0,,0,,,,,354799.5932,5015585.979,45.27845186,-75.86270642,7932
15--3472,2015/02/21,2:00 PM,COLONEL BY DR @ HOG'S BACK RD (0002635),2635,03 - At intersection,03 - P.D. only,05 - Turning movement,03 - Snow,01 - Daylight,03 - Loose snow,01 - Traffic signal,01 - Functioning,2,0,0,0,,0,,,,,367601.7455,5025874.02,45.36999494,-75.69824011,7933
15--3473,2015/02/21,2:00 PM,HIGHWAY 417 btwn HWY417 IC118 RAMP67 & HWY417 IC117 RAMP36 (__3ZA2YO),__3ZA2YO,01 - Non intersection,03 - P.D. only,99 - Other,03 - Snow,01 - Daylight,03 - Loose snow,10 - No control,,2,0,0,0,,0,,,,,370005.6882,5031129.025,45.41705811,-75.66685882,7934
15--3474,2015/02/21,2:03 PM,FESSENDEN WAY @ MCCURDY DR (0003535),3535,03 - At intersection,03 - P.D. only,01 - Approaching,03 - Snow,01 - Daylight,03 - Loose snow,02 - Stop sign,01 - Functioning,2,0,0,0,,0,,,,,351561.4163,5018127.326,45.30154245,-75.90373826,7935
15--3475,2015/02/21,2:04 PM,55 S OF RIDEAU ST @ COLONEL BY DR (0016433),16433,02 - Intersection related,03 - P.D. only,03 - Rear end,03 - Snow,01 - Daylight,03 - Loose snow,01 - Traffic signal,01 - Functioning,2,0,0,0,,0,,,,,367938.6397,5031987.914,45.42497568,-75.69315701,7936
15--3476,2015/02/21,2:09 PM,HWY417 HUNT CLUB IC109 RAMP26 btwn HIGHWAY 417 WB & HUNT CLUB RD EB (e___1GZL),e___1GZL,01 - Non intersection,03 - P.D. only,07 - SMV other,03 - Snow,01 - Daylight,03 - Loose snow,10 - No control,,1,0,0,0,,0,,,,,376522.9,5027752.985,45.3860447,-75.58408879,7937
15--3477,2015/02/21,2:10 PM,EAGLESON RD @ HAZELDEAN RD/ROBERTSON RD (0002715),2715,02 - Intersection related,03 - P.D. only,03 - Rear end,03 - Snow,01 - Daylight,03 - Loose snow,01 - Traffic signal,01 - Functioning,2,0,0,0,,0,,,,,353672.661,5018423.014,45.3040594,-75.87678989,7938
15--3478,2015/02/21,2:12 PM,CYRVILLE RD @ INNES RD (0009352),9352,02 - Intersection related,03 - P.D. only,03 - Rear end,03 - Snow,01 - Daylight,03 - Loose snow,01 - Traffic signal,01 - Functioning,2,0,0,0,,0,,,,,375046.7608,5031118.118,45.41647203,-75.60245763,7939
15--3479,2015/02/21,2:13 PM,ANDERSON RD btwn RUSSELL RD & HWY417 IC104 RAMP61 (__3ZA2CK),__3ZA2CK,01 - Non intersection,02 - Non-fatal injury,01 - Approaching,03 - Snow,01 - Daylight,03 - Loose snow,10 - No control,,2,0,0,0,01 - Minimal,2,2,,,,379777.6796,5026671.563,45.37597392,-75.54269475,7940
15--348,2015/01/07,11:49 PM,HIGHWAY 417 btwn HWY417 IC124 RAMP55 & HWY417 IC124 RAMP65 (__3ZAZPV),__3ZAZPV,01 - Non intersection,03 - P.D. only,07 - SMV other,01 - Clear,07 - Dark,06 - Ice,10 - No control,,1,0,0,0,,0,,,,,364499.4062,5027599.305,45.3857899,-75.73763399,7941
15--3480,2015/02/21,2:19 PM,BANK ST @ LEITRIM RD (0004125),4125,02 - Intersection related,03 - P.D. only,03 - Rear end,03 - Snow,01 - Daylight,03 - Loose snow,01 - Traffic signal,01 - Functioning,2,0,0,0,,0,,,,,375357.7542,5021619.015,45.33097236,-75.59984159,7942
15--3481,2015/02/21,2:20 PM,NELSON ST @ RIDEAU ST (0007626),7626,02 - Intersection related,03 - P.D. only,03 - Rear end,03 - Snow,01 - Daylight,04 - Slush,01 - Traffic signal,01 - Functioning,2,0,0,0,,0,,,,,368651.945,5032500.397,45.42952207,-75.68397623,7943
15--3482,2015/02/21,2:23 PM,TERRY FOX DR btwn HWY417 IC140 RAMP25 & PALLADIUM DR (__3ZA3DO),__3ZA3DO,01 - Non intersection,03 - P.D. only,03 - Rear end,03 - Snow,01 - Daylight,03 - Loose snow,10 - No control,,2,0,0,0,,0,,,,,351145.7271,5018328.918,45.30338397,-75.90901965,7944
15--3483,2015/02/21,2:25 AM,BAYSHORE DR @ WOODRIDGE CRES N (0001209),1209,03 - At intersection,02 - Non-fatal injury,07 - SMV other,01 - Clear,07 - Dark,01 - Dry,01 - Traffic signal,01 - Functioning,1,0,0,1,02 - Minor,1,,1,,,359073.8349,5023874.596,45.35271645,-75.80732282,7945
15--3484,2015/02/21,2:26 PM,REGIONAL ROAD 174 btwn TRANSIT & OR174 IC109 RAMP54 (__3ZAZ6V),__3ZAZ6V,01 - Non intersection,03 - P.D. only,07 - SMV other,03 - Snow,01 - Daylight,03 - Loose snow,10 - No control,,1,0,0,0,,0,,,,,376330.4152,5034667.268,45.44827509,-75.58554287,7946
15--3485,2015/02/21,2:30 PM,INDUSTRIAL AVE @ RIVERSIDE DR (0011905),11905,02 - Intersection related,03 - P.D. only,03 - Rear end,03 - Snow,01 - Daylight,03 - Loose snow,01 - Traffic signal,01 - Functioning,2,0,0,0,,0,,,,,370685.3436,5030593.997,45.41218047,-75.65824724,7947
15--3486,2015/02/21,2:38 PM,CONROY RD @ WALKLEY RD (0002648),2648,02 - Intersection related,03 - P.D. only,04 - Sideswipe,03 - Snow,01 - Daylight,04 - Slush,01 - Traffic signal,00 - Unknown,2,0,0,0,,0,,,,,372903.7226,5027464.013,45.38380589,-75.63034056,7948
15--3487,2015/02/21,2:39 PM,HIGHWAY 417 btwn HWY417 IC142 RAMP51 & HWY417 IC142 RAMP35 (__3ZAZE1),__3ZAZE1,01 - Non intersection,03 - P.D. only,07 - SMV other,03 - Snow,01 - Daylight,03 - Loose snow,10 - No control,,1,0,0,0,,0,,,,,348551.2556,5016859.288,45.29032615,-75.94223125,7949
15--3488,2015/02/21,2:54 PM,DESCHAMPS AVE @ VANIER PKWY (0009243),9243,02 - Intersection related,02 - Non-fatal injury,03 - Rear end,03 - Snow,01 - Daylight,04 - Slush,01 - Traffic signal,01 - Functioning,2,0,0,0,01 - Minimal,1,1,,,,369850.7487,5033269.037,45.43632751,-75.66855565,7950