Anom_ID,Accident_Date,Accident_Time,Location,Geo_ID,Accident_Location,Classification_of_Accident,Initial_Impact_Type,Environment_Condition,Light,Road_Surface_Condition,Traffic_Control,Traffic_Control_Condition,No__of_Vehicles,No__of_Bicycles,No__of_Motorcycles,No__of_Pedestrians,Max_Injury,No__of_Injuries,No__of_Minimal,No__of_Minor,No__of_Major,No__of_Fatal,X,Y,Latitude,Longitude,ObjectId
15--3489,2015/02/21,2:59 PM,INDUSTRIAL AVE btwn TRAINYARDS DR & RUSSELL RD (__3ZA3R9),__3ZA3R9,01 - Non intersection,03 - P.D. only,03 - Rear end,03 - Snow,01 - Daylight,03 - Loose snow,10 - No control,,2,0,0,0,,0,,,,,371784.2329,5030524.094,45.4114472,-75.64421887,7951
15--349,2015/01/07,11:50 PM,HIGHWAY 417 btwn HWY417 IC124 RAMP76 & HWY417 IC124 RAMP67 (__3ZA2R7),__3ZA2R7,01 - Non intersection,03 - P.D. only,07 - SMV other,01 - Clear,07 - Dark,06 - Ice,10 - No control,,1,0,0,0,,0,,,,,364449.7232,5027564.71,45.38548285,-75.73827257,7952
15--3490,2015/02/21,3:00 PM,GREENBANK RD @ JOCKVALE RD (0010360),10360,02 - Intersection related,03 - P.D. only,03 - Rear end,03 - Snow,01 - Daylight,03 - Loose snow,01 - Traffic signal,01 - Functioning,2,0,0,0,,0,,,,,364119.7601,5014330.895,45.26643401,-75.74407132,7953
15--3491,2015/02/21,3:00 PM,HIGHWAY 417 btwn HWY417 IC118 RAMP67 & HWY417 IC117 RAMP36 (__3ZA2YO),__3ZA2YO,01 - Non intersection,03 - P.D. only,99 - Other,03 - Snow,01 - Daylight,03 - Loose snow,10 - No control,,2,0,0,0,,0,,,,,369842.1467,5031155.834,45.41731455,-75.66894465,7954
15--3492,2015/02/21,3:03 PM,REGIONAL ROAD 174 btwn OR174 IC109 RAMP64 & OR174 IC105 RAMP16 (__3ZA2XD),__3ZA2XD,01 - Non intersection,02 - Non-fatal injury,07 - SMV other,03 - Snow,01 - Daylight,03 - Loose snow,10 - No control,,1,0,0,0,02 - Minor,1,,1,,,377297.3402,5035847.807,45.45879716,-75.57300914,7955
15--3493,2015/02/21,3:08 PM,INNES RD EB btwn INNES RD & INNES RD W (__3ZA3HD),__3ZA3HD,01 - Non intersection,03 - P.D. only,03 - Rear end,03 - Snow,01 - Daylight,05 - Packed snow,10 - No control,,2,0,0,0,,0,,,,,377000.0257,5032183.706,45.42586072,-75.57734783,7956
15--3494,2015/02/21,3:29 PM,BASELINE RD @ CORDOVA ST (0003208),3208,02 - Intersection related,03 - P.D. only,03 - Rear end,03 - Snow,01 - Daylight,03 - Loose snow,01 - Traffic signal,01 - Functioning,2,0,0,0,,0,,,,,363592.7243,5024410.972,45.3571784,-75.74959087,7957
15--3495,2015/02/21,3:29 PM,SOMERSET ST    W btwn BELL ST N & ARTHUR ST (__3ZA33H),__3ZA33H,01 - Non intersection,03 - P.D. only,04 - Sideswipe,03 - Snow,01 - Daylight,03 - Loose snow,10 - No control,,2,0,0,0,,0,,,,,366779.2281,5030368.252,45.41050614,-75.70817531,7958
15--3496,2015/02/21,3:45 PM,ROCKCLIFFE PKWY btwn PRINCESS AVE & BUENA VISTA RD (__3ZA8D1),__3ZA8D1,01 - Non intersection,03 - P.D. only,01 - Approaching,03 - Snow,01 - Daylight,05 - Packed snow,10 - No control,,2,0,0,0,,0,,,,,368483.7778,5034751.886,45.44979545,-75.68583386,7959
15--3497,2015/02/21,3:50 PM,CLEMENTINE BLVD @ HERON RD (0006858),6858,03 - At intersection,02 - Non-fatal injury,02 - Angle,02 - Rain,01 - Daylight,03 - Loose snow,01 - Traffic signal,01 - Functioning,2,0,0,0,02 - Minor,2,1,1,,,369546.7569,5026787.861,45.37804042,-75.67329184,7960
15--3498,2015/02/21,3:50 PM,BANK ST @ HUNT CLUB RD (0002119),2119,02 - Intersection related,03 - P.D. only,03 - Rear end,03 - Snow,01 - Daylight,03 - Loose snow,01 - Traffic signal,01 - Functioning,2,0,0,0,,0,,,,,371608.0158,5024095.425,45.35362131,-75.64733993,7961
15--3499,2015/02/21,4:03 PM,EAGLESON RD btwn AKINS RD & RUSHMORE RD (__3ZA42M),__3ZA42M,01 - Non intersection,03 - P.D. only,01 - Approaching,03 - Snow,01 - Daylight,03 - Loose snow,10 - No control,,2,0,0,0,,0,,,,,356736.8854,5010562.229,45.23310661,-75.8385404,7962
15--35,2015/01/02,12:29 PM,RICHMOND RD @ BELLFIELD ST/RIDGEVALLEY DR (0000521),521,03 - At intersection,03 - P.D. only,02 - Angle,01 - Clear,01 - Daylight,01 - Dry,02 - Stop sign,01 - Functioning,2,0,0,0,,0,,,,,359492.5922,5023528.635,45.34957096,-75.80201704,7963
15--350,2015/01/07,12:34 AM,TERMINAL AVE @ TRAINYARDS DR (0012245),12245,02 - Intersection related,03 - P.D. only,02 - Angle,03 - Snow,07 - Dark,03 - Loose snow,01 - Traffic signal,01 - Functioning,2,0,0,0,,0,,,,,371845.334,5030815.443,45.41406278,-75.64339871,7964
15--3500,2015/02/21,4:13 PM,HWY417 IC117 RAMP61 btwn HWY417 IC117 RAMP63 & HIGHWAY 417 (__3ZAY0Y),__3ZAY0Y,01 - Non intersection,03 - P.D. only,03 - Rear end,03 - Snow,01 - Daylight,03 - Loose snow,10 - No control,,2,0,0,0,,0,,,,,370909.6593,5031407.244,45.41947658,-75.6552726,7965
15--3501,2015/02/21,4:20 PM,HUNT CLUB RD @ RIVERSIDE DR (0002237),2237,02 - Intersection related,02 - Non-fatal injury,03 - Rear end,03 - Snow,01 - Daylight,03 - Loose snow,01 - Traffic signal,01 - Functioning,3,0,0,0,02 - Minor,2,,2,,,368036.703,5021945.017,45.33460355,-75.69319026,7966
15--3502,2015/02/21,4:26 PM,RIVERSIDE DR NB btwn RIVERSIDE DR SPLIT & DATA CENTRE RD (__5FDUZU),__5FDUZU,04 - At/near private drive,03 - P.D. only,03 - Rear end,03 - Snow,01 - Daylight,03 - Loose snow,10 - No control,,2,0,0,0,,0,,,,,368697.9372,5027483.626,45.38437863,-75.68403869,7967
15--3503,2015/02/21,4:40 PM,ST. JOSEPH BLVD btwn PLACE D'ORLEANS DR & ST. JOSEPH BLVD (__3ZA1U8),__3ZA1U8,01 - Non intersection,03 - P.D. only,03 - Rear end,03 - Snow,01 - Daylight,03 - Loose snow,10 - No control,,2,0,0,0,,0,,,,,381676.8677,5037740.032,45.47535366,-75.51672218,7968
15--3504,2015/02/21,4:40 PM,HIGHWAY 417 btwn HWY417 IC126 RAMP25 & HWY417 IC124 RAMP57 (__3ZA2R5),__3ZA2R5,01 - Non intersection,03 - P.D. only,07 - SMV other,03 - Snow,01 - Daylight,03 - Loose snow,10 - No control,,1,0,0,0,,0,,,,,363485.247,5026256.029,45.373789,-75.75074342,7969
15--3505,2015/02/21,4:48 PM,CARLING AVE @ ROCHESTER ST (0002145),2145,03 - At intersection,03 - P.D. only,02 - Angle,03 - Snow,01 - Daylight,03 - Loose snow,02 - Stop sign,01 - Functioning,2,0,0,0,,0,,,,,366992.7132,5029043.999,45.39857194,-75.70561519,7970
15--3506,2015/02/21,5:00 PM,HIGHWAY 416 btwn HWY416 IC66 RAMP62 & HWY416 IC72 RAMP24 (__3ZAZMZ),__3ZAZMZ,01 - Non intersection,03 - P.D. only,03 - Rear end,03 - Snow,01 - Daylight,05 - Packed snow,10 - No control,,2,0,0,0,,0,,,,,359340.5156,5016600.779,45.28724555,-75.80472051,7971
15--3507,2015/02/21,5:05 PM,HIGHWAY 416 btwn HWY416 IC66 RAMP62 & HWY416 IC66 RAMP52 (__3ZAZMX),__3ZAZMX,01 - Non intersection,03 - P.D. only,07 - SMV other,03 - Snow,01 - Daylight,03 - Loose snow,10 - No control,,1,0,0,0,,0,,,,,360017.9471,5014873.052,45.27164639,-75.79627751,7972
15--3508,2015/02/21,5:07 PM,ALBION RD btwn DEL ZOTTO AVE & HIGH RD (__3ZBOF9),__3ZBOF9,01 - Non intersection,03 - P.D. only,07 - SMV other,03 - Snow,01 - Daylight,03 - Loose snow,10 - No control,,1,0,0,0,,0,,,,,374566.9962,5017883.823,45.2974435,-75.61045464,7973
15--3509,2015/02/21,5:20 PM,CARLING AVE @ RICHMOND RD (0010847),10847,02 - Intersection related,03 - P.D. only,99 - Other,03 - Snow,07 - Dark,03 - Loose snow,01 - Traffic signal,01 - Functioning,2,0,0,0,,0,,,,,360245.679,5024781.03,45.36078084,-75.79226647,7974
15--351,2015/01/07,12:59 PM,ELGIN ST @ LISGAR ST (0006935),6935,02 - Intersection related,03 - P.D. only,04 - Sideswipe,01 - Clear,01 - Daylight,03 - Loose snow,01 - Traffic signal,00 - Unknown,2,0,0,0,,0,,,,,368075.6751,5031344.13,45.41917075,-75.69148871,7975
15--3510,2015/02/21,5:25 PM,CARLING AVE EB btwn CROYDON AVE & TAVISTOCK RD (__3ZA269),__3ZA269,01 - Non intersection,03 - P.D. only,04 - Sideswipe,03 - Snow,05 - Dusk,03 - Loose snow,10 - No control,,2,0,0,0,,0,,,,,360682.777,5025037.216,45.36305129,-75.78665862,7976
15--3511,2015/02/21,5:56 PM,ST. LAURENT BLVD @ WALKLEY RD (0007653),7653,03 - At intersection,03 - P.D. only,07 - SMV other,03 - Snow,07 - Dark,05 - Packed snow,01 - Traffic signal,01 - Functioning,1,0,0,0,,0,,,,,373900.8224,5028045.409,45.38893938,-75.61752807,7977
15--3512,2015/02/21,6:00 PM,BELMONT AVE btwn RIVERDALE AVE & BRISTOL AVE (__3ZBO0S),__3ZBO0S,01 - Non intersection,03 - P.D. only,06 - SMV unattended vehicle,03 - Snow,07 - Dark,03 - Loose snow,10 - No control,,1,0,0,0,,0,,,,,369225.4943,5028641.385,45.39474746,-75.67715146,7978
15--3513,2015/02/21,6:08 PM,IVANHOE AVE btwn CARLING AVE & ELMHURST ST (__3ZABWP),__3ZABWP,04 - At/near private drive,03 - P.D. only,06 - SMV unattended vehicle,03 - Snow,05 - Dusk,03 - Loose snow,10 - No control,,1,0,0,0,,0,,,,,360477.0138,5024770.675,45.36066933,-75.789315,7979
15--3514,2015/02/21,6:22 PM,PERTH ST btwn LUNDY'S LANE & EVELYN DR (__3ZA41E),__3ZA41E,01 - Non intersection,03 - P.D. only,01 - Approaching,03 - Snow,07 - Dark,03 - Loose snow,10 - No control,,2,0,0,0,,0,,,,,357295.77,5006759.426,45.19884651,-75.8318239,7980
15--3515,2015/02/21,6:30 PM,WEST HUNT CLUB RD WB btwn 354 E OF WOODROFFE AVE/REC PATH & CLEOPATRA DR/LANCELOT DR (__3ZA3JEB),__3ZA3JEB,01 - Non intersection,03 - P.D. only,04 - Sideswipe,03 - Snow,07 - Dark,03 - Loose snow,10 - No control,,2,0,0,0,,0,,,,,364026.3537,5021436.85,45.33038106,-75.74441276,7981
15--3516,2015/02/21,6:31 PM,BLAIR RD @ REGIONAL RD 174 N/OR174 IC112 RAMP61 (0003617),3617,02 - Intersection related,03 - P.D. only,03 - Rear end,03 - Snow,07 - Dark,03 - Loose snow,01 - Traffic signal,01 - Functioning,2,0,0,0,,0,,,,,374634.6184,5032991.957,45.43337308,-75.60745726,7982
15--3517,2015/02/21,7:09 PM,LAURIER AVE   W btwn METCALFE ST & ELGIN ST (__3ZA35P),__3ZA35P,04 - At/near private drive,03 - P.D. only,02 - Angle,03 - Snow,07 - Dark,03 - Loose snow,10 - No control,,2,0,0,0,,0,,,,,367932.5952,5031538.103,45.42092898,-75.69329189,7983
15--3518,2015/02/21,7:30 AM,FAIRMONT AVE btwn LAURENTIAN PL & CARLING AVE (__3ZA0KA),__3ZA0KA,04 - At/near private drive,03 - P.D. only,06 - SMV unattended vehicle,01 - Clear,01 - Daylight,01 - Dry,10 - No control,,1,0,0,0,,0,,,,,366053.9991,5028624.156,45.39487705,-75.71765634,7984
15--3519,2015/02/21,7:45 PM,HWY417 IC118 RAMP35 btwn HWY417 IC118 RAMP45 & HIGHWAY 417 (__3ZAY9Q),__3ZAY9Q,01 - Non intersection,03 - P.D. only,03 - Rear end,03 - Snow,07 - Dark,03 - Loose snow,10 - No control,,2,0,0,0,,0,,,,,369578.4319,5031085.222,45.41670367,-75.67232311,7985
15--352,2015/01/07,2:02 PM,INDUSTRIAL AVE/INNES RD @ ST. LAURENT BLVD (0002203),2203,02 - Intersection related,03 - P.D. only,03 - Rear end,01 - Clear,01 - Daylight,04 - Slush,01 - Traffic signal,01 - Functioning,2,0,0,0,,0,,,,,373099.7274,5030006.049,45.40665892,-75.62748601,7986
15--3520,2015/02/21,7:50 AM,CHARLEMAGNE BLVD @ GARDENWAY DR/BOTTRIELL WAY  (0003748),3748,02 - Intersection related,03 - P.D. only,07 - SMV other,01 - Clear,01 - Daylight,05 - Packed snow,01 - Traffic signal,01 - Functioning,1,0,0,0,,0,,,,,384050.3653,5037040.525,45.46879481,-75.48648197,7987
15--3521,2015/02/21,8:17 PM,HIGHWAY 417 btwn HWY417 IC169 RAMP25 & HWY417 IC163 RAMP51 (__5SPOUW),__5SPOUW,01 - Non intersection,03 - P.D. only,07 - SMV other,03 - Snow,07 - Dark,03 - Loose snow,10 - No control,,1,0,0,0,,0,,,,,329397.3046,5022089.231,45.33831972,-76.18615319,7988
15--3522,2015/02/21,8:19 PM,CAMPEAU DR @ TERON RD/COLCHESTER SQ (0009033),9033,03 - At intersection,03 - P.D. only,05 - Turning movement,03 - Snow,07 - Dark,03 - Loose snow,01 - Traffic signal,01 - Functioning,2,0,0,0,,0,,,,,352560.4689,5020469.887,45.32255412,-75.89077411,7989
15--3523,2015/02/21,8:35 AM,BOTELER ST @ SUSSEX DR (0011436),11436,02 - Intersection related,03 - P.D. only,07 - SMV other,03 - Snow,01 - Daylight,05 - Packed snow,01 - Traffic signal,01 - Functioning,1,0,0,0,,0,,,,,367452.5654,5032953.689,45.43370911,-75.69924503,7990
15--3524,2015/02/21,8:53 PM,UPPER DWYER HILL RD btwn HIGHWAY 7 & MCARTON RD (__7JQ7LQ),__7JQ7LQ,01 - Non intersection,03 - P.D. only,07 - SMV other,03 - Snow,07 - Dark,03 - Loose snow,10 - No control,,1,0,0,0,,0,,,,,340774.6823,5007282.064,45.20458617,-76.04206142,7991
15--3525,2015/02/21,9:09 PM,HUNT CLUB RD @ UPLANDS DR (0010844),10844,03 - At intersection,03 - P.D. only,05 - Turning movement,03 - Snow,07 - Dark,03 - Loose snow,01 - Traffic signal,01 - Functioning,2,0,0,0,,0,,,,,370156.7272,5023121.01,45.34499056,-75.66598928,7992
15--3526,2015/02/21,9:23 PM,CATHERINE ST @ METCALFE ST (0011239),11239,02 - Intersection related,03 - P.D. only,03 - Rear end,03 - Snow,07 - Dark,05 - Packed snow,01 - Traffic signal,01 - Functioning,2,0,0,0,,0,,,,,368392.7428,5030485.117,45.41141289,-75.6875486,7993
15--3527,2015/02/21,9:24 PM,REGIONAL ROAD 174 btwn OR174 IC112 RAMP26 & OR174 IC112 RAMP61 (__3ZA2XF),__3ZA2XF,01 - Non intersection,03 - P.D. only,04 - Sideswipe,03 - Snow,07 - Dark,03 - Loose snow,10 - No control,,2,0,0,0,,0,,,,,375013.9141,5033010.938,45.43350588,-75.60260745,7994
15--3528,2015/02/21,9:29 AM,CYRVILLE RD @ INNES RD (0009352),9352,02 - Intersection related,03 - P.D. only,07 - SMV other,03 - Snow,01 - Daylight,04 - Slush,01 - Traffic signal,00 - Unknown,1,0,0,0,,0,,,,,375048.4454,5031119.204,45.41648163,-75.60243596,7995
15--3529,2015/02/21,9:35 AM,PRESLAND RD @ VANIER PKWY (0012076),12076,02 - Intersection related,03 - P.D. only,03 - Rear end,03 - Snow,01 - Daylight,03 - Loose snow,01 - Traffic signal,01 - Functioning,2,0,0,0,,0,,,,,370431.2133,5031753.243,45.42263479,-75.66133927,7996
15--353,2015/01/07,2:16 PM,BRONSON AVE/BRONSON/HERON RAMP 35 @ HERON RD (0002386),2386,03 - At intersection,03 - P.D. only,02 - Angle,01 - Clear,01 - Daylight,02 - Wet,01 - Traffic signal,01 - Functioning,2,0,0,0,,0,,,,,368641.4781,5026698.135,45.37731616,-75.68486116,7997
15--3530,2015/02/21,9:36 PM,RIVER RD btwn WATERFRONT CRT & KELLY LANE (__3ZA2F5),__3ZA2F5,01 - Non intersection,02 - Non-fatal injury,07 - SMV other,03 - Snow,07 - Dark,06 - Ice,10 - No control,,1,0,0,0,02 - Minor,1,,1,,,372971.1329,5006123.177,45.19178017,-75.63241222,7998
15--3531,2015/02/21,9:49 AM,ROCKCLIFFE PKWY btwn GL/OT BOUNDARY & ST. JOSEPH BLVD (__3ZA21V),__3ZA21V,01 - Non intersection,03 - P.D. only,07 - SMV other,01 - Clear,01 - Daylight,03 - Loose snow,10 - No control,,1,0,0,0,,0,,,,,377190.294,5037172.296,45.4707251,-75.57418265,7999
15--3532,2015/02/21,9:53 PM,BRONSON AVE @ CARLING AVE/GLEBE AVE (0002134),2134,02 - Intersection related,03 - P.D. only,02 - Angle,03 - Snow,07 - Dark,03 - Loose snow,01 - Traffic signal,01 - Functioning,2,0,0,0,,0,,,,,367448.6709,5029336.044,45.40115903,-75.69975473,8000
15--4164,2015/03/07,11:21 AM,TENTH LINE RD btwn INNES RD & VANGUARD DR (__3ZA249),__3ZA249,04 - At/near private drive,03 - P.D. only,03 - Rear end,01 - Clear,01 - Daylight,01 - Dry,10 - No control,,2,0,0,0,,0,,,,,383979.7121,5036091.609,45.46026535,-75.48753825,8001
15--4165,2015/03/07,11:34 AM,FIFTH AVE btwn BANK ST & HOWICK PL (__3ZA92S),__3ZA92S,01 - Non intersection,03 - P.D. only,06 - SMV unattended vehicle,01 - Clear,01 - Daylight,01 - Dry,10 - No control,,1,0,0,0,,0,,,,,368431.4845,5029418.39,45.40181131,-75.68719136,8002
15--4166,2015/03/07,12:22 PM,MARCH RD btwn HALTON TERR/MAXWELL BRIDGE RD & KLONDIKE RD (__3ZA3CG),__3ZA3CG,04 - At/near private drive,02 - Non-fatal injury,03 - Rear end,01 - Clear,01 - Daylight,01 - Dry,10 - No control,,4,0,0,0,02 - Minor,1,,1,,,349115.1884,5024224.615,45.35656605,-75.9343831,8003
15--4167,2015/03/07,12:33 AM,DONALD B. MUNRO DR btwn CRAIG'S SIDE RD & FARMLAND RD (__3ZAC9V),__3ZAC9V,01 - Non intersection,03 - P.D. only,07 - SMV other,01 - Clear,07 - Dark,06 - Ice,10 - No control,,1,0,0,0,,0,,,,,339085.3802,5023000.854,45.34611635,-76.06247911,8004
15--4168,2015/03/07,12:33 AM,ESSON ST @ HUNT CLUB RD (0002152),2152,03 - At intersection,03 - P.D. only,02 - Angle,01 - Clear,07 - Dark,01 - Dry,02 - Stop sign,01 - Functioning,2,0,0,0,,0,,,,,374638.7742,5025907.039,45.36962613,-75.60840745,8005
15--4169,2015/03/07,12:40 PM,HIGHWAY 416 btwn HWY416 IC72 RAMP63 & HWY416 IC72 RAMP53 (__3ZA1NF),__3ZA1NF,01 - Non intersection,03 - P.D. only,04 - Sideswipe,01 - Clear,01 - Daylight,01 - Dry,10 - No control,,2,0,0,0,,0,,,,,359573.229,5019403.704,45.3124484,-75.80144447,8006
15--417,2015/01/07,9:11 AM,BANK ST @ HERON RD (0002155),2155,02 - Intersection related,03 - P.D. only,03 - Rear end,01 - Clear,01 - Daylight,06 - Ice,01 - Traffic signal,01 - Functioning,2,0,0,0,,0,,,,,369996.6839,5026852.024,45.37857601,-75.66753916,8007
15--4170,2015/03/07,2:00 PM,KNUDSON DR btwn NELFORD CRT & SHERK CRES (__3ZA5JV),__3ZA5JV,04 - At/near private drive,03 - P.D. only,99 - Other,01 - Clear,01 - Daylight,01 - Dry,10 - No control,,2,0,0,0,,0,,,,,351279.5273,5020407.818,45.32208159,-75.90711856,8008
15--4344,2015/03/12,9:44 PM,KING EDWARD AVE @ MURRAY ST (0002713),2713,03 - At intersection,03 - P.D. only,02 - Angle,01 - Clear,07 - Dark,01 - Dry,01 - Traffic signal,01 - Functioning,2,0,0,0,,0,,,,,368292.6637,5032753.1,45.43182851,-75.68853477,8009
15--4171,2015/03/07,2:32 PM,ROCKDALE RD @ RUSSELL RD (0004677),4677,02 - Intersection related,02 - Non-fatal injury,02 - Angle,01 - Clear,01 - Daylight,01 - Dry,02 - Stop sign,01 - Functioning,2,0,0,0,01 - Minimal,1,1,,,,393759.8612,5026971.992,45.37704124,-75.36415046,8010
15--4254,2015/03/10,3:44 PM,YORK ST WB btwn BYWARD MARKE SQ & SUSSEX DR (__3ZA1B0),__3ZA1B0,01 - Non intersection,02 - Non-fatal injury,05 - Turning movement,01 - Clear,01 - Daylight,01 - Dry,10 - No control,,2,0,0,0,01 - Minimal,1,1,,,,367853.3958,5032296.085,45.42775619,-75.69420677,8011
15--4172,2015/03/07,3:00 PM,MARETH WAY btwn ARDMORE ST & BORBRIDGE AVE (__86L626),__86L626,01 - Non intersection,03 - P.D. only,06 - SMV unattended vehicle,01 - Clear,01 - Daylight,05 - Packed snow,10 - No control,,1,0,0,0,,0,,,,,367870.958,5014095.349,45.26398821,-75.69630323,8012
15--4345,2015/03/13,1:51 PM,MEADOWLANDS DR @ MERIVALE RD (0000625),625,02 - Intersection related,03 - P.D. only,03 - Rear end,01 - Clear,01 - Daylight,02 - Wet,01 - Traffic signal,01 - Functioning,2,0,0,0,,0,,,,,364857.736,5023725.028,45.35089916,-75.73352948,8013
15--4173,2015/03/07,3:04 PM,GRACEWOOD CRES btwn WILLOWBURN ST & WILLOWBURN ST (__8JUUSG),__8JUUSG,01 - Non intersection,02 - Non-fatal injury,07 - SMV other,01 - Clear,01 - Daylight,05 - Packed snow,10 - No control,,1,0,0,1,02 - Minor,1,,1,,,374238.17,5019904.42,45.31565673,-75.61436366,8014
15--3984,2015/03/02,9:30 PM,MERIVALE RD @ WEST HUNT CLUB RD (0000584),584,03 - At intersection,02 - Non-fatal injury,02 - Angle,01 - Clear,07 - Dark,01 - Dry,01 - Traffic signal,01 - Functioning,2,0,0,0,01 - Minimal,1,1,,,,365612.6952,5021943.944,45.33480816,-75.72411435,8015
15--4255,2015/03/10,3:55 PM,HIGHWAY 417 btwn HWY417 IC120A RAMP52 & HWY417 IC119B RAMP57 (__3ZA2R1),__3ZA2R1,01 - Non intersection,02 - Non-fatal injury,03 - Rear end,01 - Clear,01 - Daylight,01 - Dry,10 - No control,,3,0,0,0,01 - Minimal,1,1,,,,367907.8507,5030072.802,45.40774691,-75.69379567,8016
15--4434,2015/03/15,12:50 AM,HIGHWAY 417 btwn HWY417 IC127 RAMP25 & HWY417 IC126 RAMP51 (__3ZA2XA),__3ZA2XA,01 - Non intersection,03 - P.D. only,07 - SMV other,03 - Snow,07 - Dark,04 - Slush,10 - No control,,1,0,0,0,,0,,,,,363166.8354,5025827.87,45.36996307,-75.75485895,8017
15--4346,2015/03/13,10:22 AM,LAFONTAINE AVE @ RICHELIEU AVE (0009977),9977,03 - At intersection,03 - P.D. only,02 - Angle,03 - Snow,01 - Daylight,02 - Wet,02 - Stop sign,01 - Functioning,2,0,0,0,,0,,,,,370927.1912,5033170.979,45.43534425,-75.6548118,8018
15--4174,2015/03/07,3:11 AM,LONGFIELDS DR @ MOUNTSHANNON DR E (0000028),28,03 - At intersection,03 - P.D. only,07 - SMV other,01 - Clear,07 - Dark,01 - Dry,11 - Roundabout,01 - Functioning,1,0,0,0,,0,,,,,364885.9727,5016801.452,45.288599,-75.73400908,8019
15--4074,2015/03/04,5:20 PM,INNES RD @ TENTH LINE RD (0004633),4633,02 - Intersection related,03 - P.D. only,03 - Rear end,01 - Clear,05 - Dusk,02 - Wet,01 - Traffic signal,01 - Functioning,2,0,0,0,,0,,,,,383952.7242,5036160.043,45.46088412,-75.48787227,8020
15--3985,2015/03/02,9:43 AM,DONALD ST @ ELAINE DR (0009928),9928,03 - At intersection,03 - P.D. only,02 - Angle,01 - Clear,01 - Daylight,02 - Wet,01 - Traffic signal,01 - Functioning,2,0,0,0,,0,,,,,372334.9977,5032480.451,45.42899666,-75.63691501,8021
15--3986,2015/03/02,9:45 AM,WOODROFFE AVE @ HWY 417 WOODROFF IC127R26/HWY4 (0002355),2355,02 - Intersection related,03 - P.D. only,03 - Rear end,01 - Clear,01 - Daylight,02 - Wet,01 - Traffic signal,01 - Functioning,2,0,0,0,,0,,,,,362081.723,5024939.036,45.36205495,-75.76881395,8022
15--3987,2015/03/03,1:09 PM,INNES RD @ STAR TOP RD/WINDMILL LANE (0008734),8734,02 - Intersection related,03 - P.D. only,99 - Other,01 - Clear,01 - Daylight,01 - Dry,01 - Traffic signal,01 - Functioning,2,0,0,0,,0,,,,,374145.7981,5030667.042,45.41250335,-75.6140313,8023
15--3988,2015/03/03,1:21 AM,INNES RD @ LANTHIER DR/PRESTWICK DR (0004251),4251,02 - Intersection related,03 - P.D. only,07 - SMV other,01 - Clear,07 - Dark,01 - Dry,01 - Traffic signal,01 - Functioning,1,0,0,0,,0,,,,,383542.1474,5035991.793,45.45941675,-75.49314846,8024
15--3989,2015/03/03,10:09 AM,WELLINGTON ST btwn BAY ST & LYON ST N (__5D2JK9),__5D2JK9,01 - Non intersection,03 - P.D. only,05 - Turning movement,01 - Clear,01 - Daylight,01 - Dry,10 - No control,,2,0,0,0,,0,,,,,366890.7824,5031397.378,45.41975602,-75.70662061,8025
15--399,2015/01/07,8:12 AM,WOODROFFE AVE @ SPORTSPLEX N (0005568),5568,03 - At intersection,02 - Non-fatal injury,05 - Turning movement,03 - Snow,01 - Daylight,05 - Packed snow,01 - Traffic signal,01 - Functioning,3,0,0,0,02 - Minor,1,,1,,,363764.6262,5021067.716,45.32708166,-75.74779545,8026
15--3990,2015/03/03,10:09 PM,REGIONAL ROAD 174 btwn OR174 IC101 RAMP63 & OR174 IC101 RAMP45 (__3ZA11Q),__3ZA11Q,01 - Non intersection,03 - P.D. only,07 - SMV other,03 - Snow,07 - Dark,04 - Slush,10 - No control,,1,0,0,0,,0,,,,,382762.8249,5038899.778,45.48566762,-75.50265047,8027
15--3991,2015/03/03,10:14 AM,MONTREAL RD @ OLMSTEAD ST (0009345),9345,02 - Intersection related,03 - P.D. only,03 - Rear end,01 - Clear,01 - Daylight,01 - Dry,01 - Traffic signal,01 - Functioning,3,0,0,0,,0,,,,,370331.5865,5033214.316,45.43579025,-75.66241778,8028
15--3992,2015/03/03,10:15 AM,BANTREE ST @ INNES RD (0007684),7684,03 - At intersection,03 - P.D. only,02 - Angle,01 - Clear,01 - Daylight,02 - Wet,01 - Traffic signal,01 - Functioning,2,0,0,0,,0,,,,,373704.7593,5030407.037,45.41020752,-75.61970173,8029
15--3993,2015/03/03,10:17 AM,BOURASSA ST @ ST. LAURENT BLVD (0007731),7731,02 - Intersection related,02 - Non-fatal injury,03 - Rear end,01 - Clear,01 - Daylight,02 - Wet,01 - Traffic signal,01 - Functioning,3,0,0,0,01 - Minimal,3,3,,,,373236.0113,5029693.917,45.40383719,-75.62578854,8030
15--3994,2015/03/03,10:18 AM,JEANNE D'ARC BLVD @ OR174 IC105 RAMP52 (0012417),12417,02 - Intersection related,03 - P.D. only,04 - Sideswipe,01 - Clear,01 - Daylight,01 - Dry,01 - Traffic signal,01 - Functioning,2,0,0,0,,0,,,,,379455.1609,5036917.778,45.46819672,-75.54525936,8031
15--3713,2015/02/25,4:05 PM,HERON RD @ WALKLEY RD (0011256),11256,03 - At intersection,02 - Non-fatal injury,02 - Angle,01 - Clear,01 - Daylight,01 - Dry,01 - Traffic signal,01 - Functioning,2,0,0,0,02 - Minor,1,,1,,,372265.2474,5027084.9,45.38045657,-75.63854453,8032
15--3995,2015/03/03,10:25 PM,HIGHWAY 417 btwn HWY417 IC129 RAMP61 & TRANSIT (__3ZA2SI),__3ZA2SI,01 - Non intersection,03 - P.D. only,04 - Sideswipe,03 - Snow,07 - Dark,03 - Loose snow,10 - No control,,2,0,0,0,,0,,,,,361231.2632,5024166.391,45.35517171,-75.77975719,8033