Anom_ID,Accident_Date,Accident_Time,Location,Geo_ID,Accident_Location,Classification_of_Accident,Initial_Impact_Type,Environment_Condition,Light,Road_Surface_Condition,Traffic_Control,Traffic_Control_Condition,No__of_Vehicles,No__of_Bicycles,No__of_Motorcycles,No__of_Pedestrians,Max_Injury,No__of_Injuries,No__of_Minimal,No__of_Minor,No__of_Major,No__of_Fatal,X,Y,Latitude,Longitude,ObjectId
15--3774,2015/02/26,3:07 PM,INDUSTRIAL AVE/INNES RD @ ST. LAURENT BLVD (0002203),2203,02 - Intersection related,03 - P.D. only,04 - Sideswipe,01 - Clear,01 - Daylight,01 - Dry,01 - Traffic signal,01 - Functioning,2,0,0,0,,0,,,,,373099.7274,5030005.085,45.40665025,-75.62748614,8200
15--3775,2015/02/26,3:30 PM,EARL ARMSTRONG RD @ RIVER RD (0012470),12470,02 - Intersection related,03 - P.D. only,03 - Rear end,01 - Clear,01 - Daylight,01 - Dry,01 - Traffic signal,01 - Functioning,2,0,0,0,,0,,,,,367570.7908,5014684.879,45.26931961,-75.7000533,8201
15--3776,2015/02/26,3:50 PM,MARGUERITE AVE @ MCARTHUR AVE (0009201),9201,03 - At intersection,03 - P.D. only,02 - Angle,01 - Clear,01 - Daylight,01 - Dry,01 - Traffic signal,01 - Functioning,2,0,0,0,,0,,,,,370031.6733,5032672.03,45.43093903,-75.66632251,8202
15--3777,2015/02/26,3:58 PM,STAGECOACH RD btwn OSGOODE MAIN ST & FOREST RD (__3ZA2CZ),__3ZA2CZ,01 - Non intersection,03 - P.D. only,03 - Rear end,01 - Clear,01 - Daylight,01 - Dry,10 - No control,,2,0,0,0,,0,,,,,378095.8265,5003542.692,45.16804759,-75.56757966,8203
15--3778,2015/02/26,4:16 PM,ELLENDALE CRES @ LANARK AVE (0011274),11274,03 - At intersection,03 - P.D. only,02 - Angle,01 - Clear,01 - Daylight,01 - Dry,02 - Stop sign,01 - Functioning,2,0,0,0,,0,,,,,363462.8647,5029089.454,45.39928559,-75.75069239,8204
15--3779,2015/02/26,4:35 PM,MERIVALE RD @ CAPILANO DR/WITHROW AVE (0009820),9820,02 - Intersection related,03 - P.D. only,03 - Rear end,01 - Clear,01 - Daylight,01 - Dry,01 - Traffic signal,01 - Functioning,2,0,0,0,,0,,,,,364643.3929,5024229.215,45.35545409,-75.73620371,8205
15--378,2015/01/07,5:51 PM,CARLING AVE WB @ SAIGON CRT (0002102),2102,02 - Intersection related,02 - Non-fatal injury,03 - Rear end,01 - Clear,07 - Dark,06 - Ice,01 - Traffic signal,01 - Functioning,2,0,0,0,02 - Minor,1,,1,,,364062.093,5027196.913,45.38220638,-75.74326633,8206
15--3780,2015/02/26,5:00 PM,L'ALLEMAND ST @ MONTREAL RD (0009796),9796,03 - At intersection,03 - P.D. only,02 - Angle,01 - Clear,01 - Daylight,01 - Dry,02 - Stop sign,01 - Functioning,2,0,0,0,,0,,,,,370570.7445,5033348.107,45.43697159,-75.65934347,8207
15--3781,2015/02/26,5:03 PM,CHURCHILL AVE @ RICHMOND RD (0002361),2361,03 - At intersection,03 - P.D. only,02 - Angle,01 - Clear,01 - Daylight,02 - Wet,01 - Traffic signal,01 - Functioning,2,0,0,0,,0,,,,,363227.6938,5028293.997,45.39214787,-75.75379021,8208
15--3782,2015/02/26,5:06 PM,MER BLEUE RD btwn 210 S OF INNES RD & RENAUD RD (__3ZA2S1B),__3ZA2S1B,01 - Non intersection,03 - P.D. only,04 - Sideswipe,01 - Clear,01 - Daylight,01 - Dry,10 - No control,,2,0,0,0,,0,,,,,383073.1101,5034610.973,45.44704603,-75.49936471,8209
15--3783,2015/02/26,5:19 PM,OTTAWA RIVER PKWY WB btwn TUNNEY'S PASTURE/REMIC RAPIDS ENT & PARKDALE (__3ZA24KA),__3ZA24KA,01 - Non intersection,03 - P.D. only,03 - Rear end,01 - Clear,07 - Dark,02 - Wet,10 - No control,,2,0,0,0,,0,,,,,363578.4291,5029876.988,45.40636198,-75.74912253,8210
15--3784,2015/02/26,5:41 PM,BANK ST btwn ARENA PL & WHITE ALDER AVE (__3ZA29N),__3ZA29N,01 - Non intersection,03 - P.D. only,03 - Rear end,01 - Clear,05 - Dusk,01 - Dry,10 - No control,,2,0,0,0,,0,,,,,375538.9168,5021201.325,45.32719592,-75.59759034,8211
15--3785,2015/02/26,6:00 PM,TENTH LINE RD btwn 275 N OF DES EPINETTES AVE/FALLINGBROOK SC & DES EP (__3ZA3YNB),__3ZA3YNB,01 - Non intersection,03 - P.D. only,03 - Rear end,01 - Clear,05 - Dusk,01 - Dry,10 - No control,,3,0,0,0,,0,,,,,383585.8375,5037030.472,45.46875692,-75.49242342,8212
15--3786,2015/02/26,6:18 PM,AMIENS ST @ TENTH LINE RD (0004168),4168,02 - Intersection related,03 - P.D. only,03 - Rear end,01 - Clear,07 - Dark,01 - Dry,01 - Traffic signal,01 - Functioning,2,0,0,0,,0,,,,,383353.6918,5037568.707,45.47362562,-75.49530578,8213
15--3787,2015/02/26,6:23 PM,WESLEY AVE @ KIRKWOOD AVE (0006685),6685,02 - Intersection related,02 - Non-fatal injury,03 - Rear end,01 - Clear,07 - Dark,02 - Wet,02 - Stop sign,00 - Unknown,2,0,0,0,01 - Minimal,1,1,,,,363901.6545,5028348.111,45.39257822,-75.74517698,8214
15--3788,2015/02/26,6:25 AM,HUNT CLUB RD @ RIVERSIDE DR (0002237),2237,02 - Intersection related,03 - P.D. only,03 - Rear end,01 - Clear,03 - Dawn,01 - Dry,01 - Traffic signal,00 - Unknown,2,0,0,0,,0,,,,,368037.6669,5021945.98,45.33461213,-75.69317784,8215
15--3789,2015/02/26,6:25 PM,CAMPEAU DR @ CONACHER GT (0011761),11761,03 - At intersection,03 - P.D. only,02 - Angle,01 - Clear,07 - Dark,01 - Dry,02 - Stop sign,01 - Functioning,2,0,0,0,,0,,,,,351580.1457,5019754.418,45.31618218,-75.90334586,8216
15--379,2015/01/07,6:00 PM,ROBERTSON RD btwn MOODIE DR & VANIER RD (__3ZBOCN),__3ZBOCN,01 - Non intersection,03 - P.D. only,04 - Sideswipe,03 - Snow,07 - Dark,02 - Wet,10 - No control,,2,0,0,0,,0,,,,,357211.4808,5020538.145,45.32283647,-75.83144311,8217
15--3790,2015/02/26,6:34 PM,MOODIE DR @ WEST HUNT CLUB RD (0010414),10414,03 - At intersection,03 - P.D. only,05 - Turning movement,01 - Clear,07 - Dark,01 - Dry,01 - Traffic signal,01 - Functioning,2,0,0,0,,0,,,,,357906.6878,5018497.01,45.30441788,-75.8227945,8218
15--3791,2015/02/26,6:35 PM,CAMPEAU DR/HWY 417 MARCH IC138R63 @ MARCH RD (0009710),9710,03 - At intersection,03 - P.D. only,05 - Turning movement,01 - Clear,07 - Dark,01 - Dry,01 - Traffic signal,01 - Functioning,2,0,0,0,,0,,,,,352843.5526,5020474.057,45.32257233,-75.88716294,8219
15--3792,2015/02/26,6:45 PM,COLONEL BY DR btwn UNIVERSITY RD & COLONEL BY DR SB ON RAMP 43 (__3ZA213),__3ZA213,04 - At/near private drive,02 - Non-fatal injury,02 - Angle,01 - Clear,07 - Dark,01 - Dry,10 - No control,,2,0,0,0,02 - Minor,2,,2,,,367497.2893,5028315.124,45.39196872,-75.69926352,8220
15--3793,2015/02/26,6:52 PM,STRANDHERD DR btwn 215 W OF GREENBANK RD/BARRHAVEN MALL SC & GREENBANK (__3ZAZMMB),__3ZAZMMB,01 - Non intersection,03 - P.D. only,03 - Rear end,01 - Clear,07 - Dark,02 - Wet,10 - No control,,2,0,0,0,,0,,,,,363906.5968,5014773.203,45.27043185,-75.74673485,8221
15--3794,2015/02/26,7:00 AM,FLORENCE ST btwn BAY ST & LYON ST N (__3ZBOSH),__3ZBOSH,04 - At/near private drive,03 - P.D. only,02 - Angle,01 - Clear,03 - Dawn,01 - Dry,10 - No control,,2,0,0,0,,0,,,,,367486.6681,5030395.906,45.41069195,-75.69913467,8222
15--3795,2015/02/26,7:00 PM,SOMERSET ST    W btwn ROCHESTER ST & BOOTH ST (__3ZA323),__3ZA323,01 - Non intersection,03 - P.D. only,07 - SMV other,01 - Clear,07 - Dark,02 - Wet,10 - No control,,1,0,0,0,,0,,,,,366532.7019,5030224.911,45.40923818,-75.71134249,8223
15--3796,2015/02/26,7:05 PM,BLAIR RD @ OGILVIE RD (0004120),4120,02 - Intersection related,03 - P.D. only,03 - Rear end,01 - Clear,07 - Dark,02 - Wet,01 - Traffic signal,01 - Functioning,2,0,0,0,,0,,,,,374505.796,5033196.165,45.43522328,-75.60907461,8224
15--3797,2015/02/26,7:10 PM,SIXTH LINE RD btwn BERRY SIDE RD & RIDDELL DR (__3ZBPHD),__3ZBPHD,01 - Non intersection,03 - P.D. only,07 - SMV other,01 - Clear,07 - Dark,01 - Dry,10 - No control,,1,0,0,0,,0,,,,,350065.0234,5029222.342,45.40147577,-75.92180232,8225
15--3798,2015/02/26,7:15 AM,BOTTRIELL WAY N @ CHARLEMAGNE BLVD (0004324),4324,03 - At intersection,03 - P.D. only,02 - Angle,01 - Clear,01 - Daylight,01 - Dry,01 - Traffic signal,01 - Functioning,2,0,0,0,,0,,,,,383694.7851,5037954.092,45.4770545,-75.49088202,8226
15--3799,2015/02/26,7:29 PM,HUNT CLUB RD @ DOWNPATRICK RD/MCCARTHY RD (0006931),6931,03 - At intersection,03 - P.D. only,03 - Rear end,01 - Clear,07 - Dark,01 - Dry,01 - Traffic signal,01 - Functioning,2,0,0,0,,0,,,,,370506.7705,5023400.027,45.34746837,-75.66148583,8227
15--38,2015/01/02,2:49 PM,FRASER AVE @ BYRON AVE (0006220),6220,03 - At intersection,03 - P.D. only,02 - Angle,01 - Clear,01 - Daylight,01 - Dry,02 - Stop sign,01 - Functioning,2,0,0,0,,0,,,,,362503.3301,5027654.709,45.3864557,-75.7631154,8228
15--380,2015/01/07,6:00 PM,HIGHWAY 417 btwn HWY417 IC124 RAMP76 & HWY417 IC124 RAMP67 (__3ZA2R7),__3ZA2R7,01 - Non intersection,03 - P.D. only,03 - Rear end,01 - Clear,07 - Dark,01 - Dry,10 - No control,,2,0,0,0,,0,,,,,364453.4084,5027564.883,45.3854841,-75.73822549,8229
15--3800,2015/02/26,7:30 PM,CHAPEL ST @ RIDEAU ST (0011918),11918,02 - Intersection related,03 - P.D. only,03 - Rear end,01 - Clear,07 - Dark,02 - Wet,01 - Traffic signal,01 - Functioning,2,0,0,0,,0,,,,,368893.3722,5032641.826,45.43077251,-75.68087271,8230
15--3801,2015/02/26,7:30 PM,ST. LAURENT BLVD btwn INDUSTRIAL AVE & BOURASSA ST (__3ZBOFB),__3ZBOFB,01 - Non intersection,03 - P.D. only,04 - Sideswipe,01 - Clear,07 - Dark,02 - Wet,10 - No control,,2,0,0,0,,0,,,,,373136.3539,5029920.266,45.40588351,-75.62703006,8231
15--3802,2015/02/26,7:40 AM,GREENBANK RD @ HARRISON ST/ASHGROVE CRES (0000627),627,02 - Intersection related,03 - P.D. only,03 - Rear end,01 - Clear,01 - Daylight,01 - Dry,01 - Traffic signal,01 - Functioning,2,0,0,0,,0,,,,,360840.6456,5022006.049,45.33576433,-75.78498709,8232
15--4176,2015/03/07,7:10 PM,HWY417 IC126 RAMP51 btwn HIGHWAY 417 & HWY417 IC126 RAMP52 (__3ZAYAE),__3ZAYAE,01 - Non intersection,02 - Non-fatal injury,07 - SMV other,01 - Clear,07 - Dark,01 - Dry,10 - No control,,1,0,0,0,02 - Minor,1,,1,,,363308.676,5025819.965,45.36988012,-75.75304923,8233
15--3805,2015/02/26,7:45 AM,SUNLAND DR btwn LAUZON ST & LAUZON ST (__3ZA5U7),__3ZA5U7,04 - At/near private drive,03 - P.D. only,06 - SMV unattended vehicle,01 - Clear,01 - Daylight,01 - Dry,10 - No control,,1,0,0,0,,0,,,,,384812.3529,5036977.262,45.46813876,-75.47674891,8234
15--4437,2015/03/15,2:44 PM,BALSAM ST @ BOOTH ST (0006482),6482,03 - At intersection,03 - P.D. only,02 - Angle,01 - Clear,01 - Daylight,02 - Wet,02 - Stop sign,01 - Functioning,2,0,0,0,,0,,,,,366742.4738,5029910.98,45.40639498,-75.70870228,8235
15--4258,2015/03/10,4:25 PM,BANK ST @ WALKLEY RD (0011423),11423,02 - Intersection related,03 - P.D. only,03 - Rear end,01 - Clear,01 - Daylight,01 - Dry,01 - Traffic signal,01 - Functioning,2,0,0,0,,0,,,,,370338.8159,5025947.253,45.37040326,-75.66329119,8236
15--435,2015/01/08,12:04 PM,HAWTHORNE RD @ HUNT CLUB RD (0007651),7651,02 - Intersection related,03 - P.D. only,03 - Rear end,03 - Snow,01 - Daylight,06 - Ice,01 - Traffic signal,01 - Functioning,2,0,0,0,,0,,,,,375507.7499,5026407.011,45.3740375,-75.59724353,8237
15--4076,2015/03/04,6:10 AM,LESTER RD btwn ALBION RD & UPLANDS DR (__3ZA2SC),__3ZA2SC,01 - Non intersection,03 - P.D. only,01 - Approaching,01 - Clear,03 - Dawn,03 - Loose snow,10 - No control,,2,0,0,0,,0,,,,,371491.4488,5021433.785,45.32968379,-75.64918629,8238
15--3896,2015/02/28,1:25 PM,ST. JOSEPH BLVD btwn ORLEANS BLVD & COUSINEAU ST (__3ZA2B2),__3ZA2B2,01 - Non intersection,03 - P.D. only,04 - Sideswipe,01 - Clear,01 - Daylight,01 - Dry,10 - No control,,2,0,0,0,,0,,,,,380662.7411,5037000.649,45.46881221,-75.52980543,8239
15--3806,2015/02/26,7:47 AM,CAMPEAU DR @ KANATA AVE (0012003),12003,03 - At intersection,03 - P.D. only,02 - Angle,01 - Clear,01 - Daylight,01 - Dry,01 - Traffic signal,01 - Functioning,2,0,0,0,,0,,,,,350590.6895,5019406.877,45.31312014,-75.91599727,8240
15--3623,2015/02/23,8:18 AM,INNES RD btwn STONEHENGE CRES & BLAIR RD (__3ZA3SK),__3ZA3SK,01 - Non intersection,03 - P.D. only,07 - SMV other,01 - Clear,01 - Daylight,06 - Ice,10 - No control,,1,0,0,0,,0,,,,,375416.8768,5031353.443,45.4185521,-75.59769553,8241
15--4077,2015/03/04,6:22 AM,MEADOWLANDS DR btwn ORTONA AVE & ORKNEY PRIV (__3ZA4IW),__3ZA4IW,01 - Non intersection,02 - Non-fatal injury,07 - SMV other,01 - Clear,01 - Daylight,02 - Wet,10 - No control,,1,0,0,0,02 - Minor,1,,1,,,366702.3146,5025126.815,45.36335177,-75.70981523,8242
15--4177,2015/03/07,8:37 PM,BANK ST @ WALKLEY RD (0011423),11423,02 - Intersection related,03 - P.D. only,07 - SMV other,01 - Clear,07 - Dark,01 - Dry,01 - Traffic signal,00 - Unknown,1,0,0,0,,0,,,,,370336.8881,5025945.325,45.37038609,-75.66331606,8243
15--4438,2015/03/15,2:45 AM,GREENBANK RD btwn WEST HUNT CLUB RD & FALLOWFIELD RD (__3ZA1NE),__3ZA1NE,01 - Non intersection,03 - P.D. only,07 - SMV other,04 - Freezing Rain,07 - Dark,04 - Slush,10 - No control,,1,0,0,0,,0,,,,,362268.5667,5018679.752,45.30571887,-75.76715594,8244
15--4259,2015/03/10,4:30 PM,HIGHWAY 417 btwn HWY417 IC134 RAMP36 & HWY417 IC134 RAMP26 (__3ZA29C),__3ZA29C,01 - Non intersection,03 - P.D. only,03 - Rear end,01 - Clear,01 - Daylight,01 - Dry,10 - No control,,3,0,0,0,,0,,,,,356404.0265,5022283.754,45.33860347,-75.84156027,8245
15--4350,2015/03/13,11:57 AM,MAIN ST @ RIVERDALE AVE (0007229),7229,03 - At intersection,02 - Non-fatal injury,05 - Turning movement,05 - Drifting Snow,01 - Daylight,02 - Wet,01 - Traffic signal,01 - Functioning,2,0,0,0,02 - Minor,1,,1,,,369430.7772,5029531.048,45.40273342,-75.67441327,8246
15--3897,2015/02/28,10:13 AM,CLEOPATRA DR btwn WEST HUNT CLUB RD & CAMELOT DR (__3ZA57Q),__3ZA57Q,01 - Non intersection,03 - P.D. only,06 - SMV unattended vehicle,01 - Clear,01 - Daylight,01 - Dry,10 - No control,,1,0,0,0,,0,,,,,365309.1771,5021516.066,45.3309844,-75.72803878,8247
15--3624,2015/02/23,8:19 PM,FISHER AVE @ NORMANDY CRES N (0003142),3142,03 - At intersection,03 - P.D. only,02 - Angle,01 - Clear,07 - Dark,01 - Dry,02 - Stop sign,01 - Functioning,2,0,0,0,,0,,,,,366684.7045,5024783.968,45.36026846,-75.71008293,8248
15--3807,2015/02/26,7:50 PM,ROSSLAND AVE btwn PENDER ST & ST. HELEN'S PL (__3ZAAWJ),__3ZAAWJ,01 - Non intersection,03 - P.D. only,06 - SMV unattended vehicle,01 - Clear,07 - Dark,06 - Ice,10 - No control,,1,0,0,0,,0,,,,,364514.0947,5024055.327,45.35390049,-75.73787483,8249
15--4078,2015/03/04,6:24 PM,BANK ST @ WALKLEY RD (0011423),11423,02 - Intersection related,03 - P.D. only,04 - Sideswipe,01 - Clear,07 - Dark,01 - Dry,01 - Traffic signal,01 - Functioning,2,0,0,0,,0,,,,,370337.852,5025948.217,45.37041202,-75.66330337,8250
15--4178,2015/03/07,8:38 PM,BANKFIELD RD @ PRINCE OF WALES DR (0003618),3618,03 - At intersection,03 - P.D. only,05 - Turning movement,01 - Clear,07 - Dark,01 - Dry,01 - Traffic signal,01 - Functioning,2,0,0,0,,0,,,,,366381.6176,5008975.868,45.21805509,-75.71591359,8251
15--4439,2015/03/15,3:04 PM,TENTH LINE RD @ TENTH LINE RD (0009412),9412,02 - Intersection related,03 - P.D. only,03 - Rear end,01 - Clear,01 - Daylight,01 - Dry,01 - Traffic signal,01 - Functioning,3,0,0,0,,0,,,,,383530.1317,5037156.36,45.46989583,-75.49311555,8252
15--426,2015/01/07,9:48 AM,HIGHWAY 417 btwn HWY417 IC127 RAMP67 & HWY417 IC126 RAMP16 (__3ZA2X0),__3ZA2X0,01 - Non intersection,03 - P.D. only,03 - Rear end,03 - Snow,01 - Daylight,03 - Loose snow,10 - No control,,2,0,0,0,,0,,,,,362515.8999,5025160.456,45.36401166,-75.7632464,8253
15--4351,2015/03/13,Unknown,ACCOLADE PRIV btwn CHARTWELL AVE & CHARTWELL AVE (__8JUURB),__8JUURB,01 - Non intersection,03 - P.D. only,06 - SMV unattended vehicle,01 - Clear,00 - Unknown,01 - Dry,10 - No control,,1,0,0,0,,0,,,,,362069.786,5021641.307,45.33238315,-75.76934817,8254
15--4260,2015/03/10,4:40 PM,BANK ST @ WALKLEY RD (0011423),11423,02 - Intersection related,03 - P.D. only,03 - Rear end,01 - Clear,01 - Daylight,01 - Dry,01 - Traffic signal,01 - Functioning,2,0,0,0,,0,,,,,370337.852,5025948.217,45.37041202,-75.66330337,8255
15--4261,2015/03/10,5:01 PM,RIVERSIDE DR @ HERON RD (0002236),2236,02 - Intersection related,02 - Non-fatal injury,03 - Rear end,01 - Clear,01 - Daylight,02 - Wet,01 - Traffic signal,01 - Functioning,2,0,0,0,01 - Minimal,1,1,,,,368121.5641,5026646.991,45.37690316,-75.6915054,8256
15--4262,2015/03/10,5:15 PM,HAZELDEAN RD @ TERRY FOX DR (0003682),3682,02 - Intersection related,03 - P.D. only,04 - Sideswipe,01 - Clear,01 - Daylight,02 - Wet,01 - Traffic signal,01 - Functioning,2,0,0,0,,0,,,,,352207.611,5017241.969,45.29353247,-75.89558364,8257
15--4263,2015/03/10,5:15 PM,MERIVALE RD @ CLEOPATRA DR (0000112),112,03 - At intersection,02 - Non-fatal injury,07 - SMV other,01 - Clear,01 - Daylight,02 - Wet,01 - Traffic signal,01 - Functioning,1,0,0,1,01 - Minimal,1,1,,,,365951.667,5021120.079,45.32736567,-75.71989172,8258
15--4264,2015/03/10,5:23 PM,BAYSHORE DR @ RICHMOND RD (0010407),10407,02 - Intersection related,02 - Non-fatal injury,03 - Rear end,01 - Clear,01 - Daylight,02 - Wet,01 - Traffic signal,01 - Functioning,2,0,0,0,02 - Minor,1,,1,,,359373.6491,5023368.044,45.34813522,-75.80355259,8259
15--4265,2015/03/10,5:40 PM,MOODIE DR @ HWY 417 MOODIE IC134R63 (0000649),649,03 - At intersection,03 - P.D. only,04 - Sideswipe,01 - Clear,01 - Daylight,01 - Dry,01 - Traffic signal,01 - Functioning,2,0,0,0,,0,,,,,356389.8522,5022479.253,45.34036363,-75.84172073,8260
15--4266,2015/03/10,5:45 PM,LAWLER CRES btwn WINCANTON DR & WINCANTON DR (__3ZA18Q),__3ZA18Q,04 - At/near private drive,03 - P.D. only,06 - SMV unattended vehicle,01 - Clear,05 - Dusk,04 - Slush,10 - No control,,1,0,0,0,,0,,,,,382904.3226,5039292.478,45.48918495,-75.50077815,8261
15--4267,2015/03/10,6:10 AM,DALY AVE @ NICHOLAS ST (0011451),11451,02 - Intersection related,03 - P.D. only,03 - Rear end,01 - Clear,07 - Dark,02 - Wet,01 - Traffic signal,01 - Functioning,2,0,0,0,,0,,,,,368227.701,5032046.935,45.42548058,-75.68945589,8262
15--4268,2015/03/10,6:20 AM,DALMENY RD btwn STAGECOACH RD & 4TH LINE RD (__3ZA2C7),__3ZA2C7,01 - Non intersection,03 - P.D. only,07 - SMV other,01 - Clear,03 - Dawn,02 - Wet,10 - No control,,1,0,0,0,,0,,,,,378049.5958,4999352.808,45.13035265,-75.56878183,8263
15--4269,2015/03/10,6:33 PM,BRONSON AVE @ SOMERSET ST (0002218),2218,03 - At intersection,02 - Non-fatal injury,07 - SMV other,01 - Clear,07 - Dark,01 - Dry,01 - Traffic signal,01 - Functioning,1,0,0,1,02 - Minor,1,,1,,,366967.6961,5030478.018,45.41147706,-75.7057539,8264
15--427,2015/01/07,9:59 PM,ST. LAURENT BLVD @ COVENTRY RD/OGILVIE RD (0002151),2151,03 - At intersection,03 - P.D. only,05 - Turning movement,01 - Clear,07 - Dark,02 - Wet,01 - Traffic signal,01 - Functioning,2,0,0,0,,0,,,,,372304.7556,5031953.02,45.42425401,-75.63737375,8265
15--4270,2015/03/10,6:47 PM,ESSON ST @ HUNT CLUB RD (0002152),2152,03 - At intersection,03 - P.D. only,02 - Angle,01 - Clear,05 - Dusk,02 - Wet,02 - Stop sign,01 - Functioning,2,0,0,0,,0,,,,,374638.7742,5025906.075,45.36961745,-75.60840758,8266
15--4271,2015/03/10,7:06 PM,KANATA AVE @ TERRY FOX DR (0012691),12691,02 - Intersection related,03 - P.D. only,04 - Sideswipe,01 - Clear,07 - Dark,01 - Dry,01 - Traffic signal,01 - Functioning,2,0,0,0,,0,,,,,349296.9388,5019212.274,45.31145222,-75.93251409,8267
15--4272,2015/03/10,7:17 PM,BILLY BISHOP PRIV @ HUNT CLUB RD (0011420),11420,02 - Intersection related,03 - P.D. only,04 - Sideswipe,01 - Clear,07 - Dark,01 - Dry,02 - Stop sign,01 - Functioning,2,0,0,0,,0,,,,,368977.8457,5022501.227,45.33952275,-75.68111172,8268
15--4273,2015/03/10,7:34 PM,REGIONAL RD 174 @ TRIM RD (0012835),12835,03 - At intersection,03 - P.D. only,04 - Sideswipe,01 - Clear,07 - Dark,02 - Wet,01 - Traffic signal,01 - Functioning,2,0,0,0,,0,,,,,384351.8533,5039989.859,45.49529582,-75.48214916,8269
15--4274,2015/03/10,7:35 AM,REDPATH DR btwn ASTORIA CRES & BREEZEWAY DR (__3ZAZU5),__3ZAZU5,01 - Non intersection,03 - P.D. only,06 - SMV unattended vehicle,01 - Clear,01 - Daylight,01 - Dry,10 - No control,,1,0,0,0,,0,,,,,366628.8593,5016411.594,45.28493992,-75.71184099,8270
15--4275,2015/03/10,7:53 AM,CARLING AVE/STATION RD @ MARCH RD (0002681),2681,02 - Intersection related,03 - P.D. only,03 - Rear end,01 - Clear,01 - Daylight,01 - Dry,01 - Traffic signal,01 - Functioning,2,0,0,0,,0,,,,,350905.76,5022246.169,45.33864814,-75.91171476,8271
15--4276,2015/03/10,8:20 AM,CANTEVAL TER @ CHARLEMAGNE BLVD (0004734),4734,02 - Intersection related,03 - P.D. only,04 - Sideswipe,01 - Clear,01 - Daylight,01 - Dry,02 - Stop sign,00 - Unknown,2,0,0,0,,0,,,,,383879.6841,5036992.089,45.46837838,-75.48867224,8272
15--4277,2015/03/10,8:30 PM,EVERGREEN DR btwn RIDGEFIELD CRES & DORLAND CRES (2) (__3ZBNF0),__3ZBNF0,01 - Non intersection,03 - P.D. only,06 - SMV unattended vehicle,01 - Clear,07 - Dark,01 - Dry,10 - No control,,1,0,0,0,,0,,,,,357991.3984,5020436.242,45.32186087,-75.82150618,8273
15--4278,2015/03/10,8:42 AM,MITCH OWENS RD @ STAGECOACH RD (0003576),3576,02 - Intersection related,03 - P.D. only,03 - Rear end,01 - Clear,01 - Daylight,02 - Wet,01 - Traffic signal,01 - Functioning,2,0,0,0,,0,,,,,375400.2617,5014485.726,45.26678532,-75.60031503,8274
15--4279,2015/03/10,8:51 AM,BLAIR RD @ MONTREAL RD (0009277),9277,03 - At intersection,03 - P.D. only,02 - Angle,01 - Clear,01 - Daylight,01 - Dry,01 - Traffic signal,01 - Functioning,2,0,0,0,,0,,,,,374020.6841,5034439.103,45.44645475,-75.61509937,8275
15--428,2015/01/08,1:00 PM,UPNEY DR btwn CLARIDGE DR & GOSPEL OAK DR (__4QVZPQ),__4QVZPQ,01 - Non intersection,03 - P.D. only,07 - SMV other,01 - Clear,01 - Daylight,03 - Loose snow,10 - No control,,1,0,0,0,,0,,,,,365011.8107,5016401.498,45.28498946,-75.73245354,8276
15--4280,2015/03/10,9:05 PM,ALBERT ST @ KENT ST (OTTAWA) (0003136),3136,03 - At intersection,02 - Non-fatal injury,07 - SMV other,03 - Snow,07 - Dark,03 - Loose snow,01 - Traffic signal,01 - Functioning,1,0,0,1,02 - Minor,1,,1,,,367221.8452,5031320.222,45.41903233,-75.70240057,8277
15--4281,2015/03/11,1:20 PM,CUMBERLAND ST @ MURRAY ST (0008237),8237,03 - At intersection,02 - Non-fatal injury,02 - Angle,01 - Clear,01 - Daylight,01 - Dry,01 - Traffic signal,01 - Functioning,2,0,0,0,02 - Minor,2,1,1,,,368171.6608,5032680.067,45.43118236,-75.69009049,8278
15--4282,2015/03/11,1:54 PM,DONALD ST @ ELAINE DR (0009928),9928,02 - Intersection related,03 - P.D. only,04 - Sideswipe,01 - Clear,01 - Daylight,01 - Dry,01 - Traffic signal,00 - Unknown,2,0,0,0,,0,,,,,372334.6782,5032478.176,45.42897622,-75.63691941,8279
15--4283,2015/03/11,10:12 AM,BESSERER ST @ WALLER ST (0008859),8859,03 - At intersection,03 - P.D. only,04 - Sideswipe,01 - Clear,01 - Daylight,02 - Wet,01 - Traffic signal,01 - Functioning,2,0,0,0,,0,,,,,368314.9694,5032193.424,45.42679072,-75.68832191,8280
15--4284,2015/03/11,10:28 PM,BRONSON AVE @ SUNNYSIDE AVE/UNIVERSITY RD - CA (0007209),7209,03 - At intersection,02 - Non-fatal injury,07 - SMV other,01 - Clear,07 - Dark,01 - Dry,01 - Traffic signal,01 - Functioning,1,0,0,1,02 - Minor,1,,1,,,367922.7101,5028091.065,45.38991449,-75.69385947,8281
15--4285,2015/03/11,10:30 AM,RIVERSIDE DR SB btwn BANK ST & BILLINGS BRIDGE NB RAMP (__3ZA1VA),__3ZA1VA,01 - Non intersection,03 - P.D. only,04 - Sideswipe,01 - Clear,01 - Daylight,01 - Dry,10 - No control,,2,0,0,0,,0,,,,,369248.8484,5028014.871,45.38910814,-75.67693504,8282
15--4286,2015/03/11,Unknown,BASELINE RD @ CLYDE AVE (0002343),2343,02 - Intersection related,02 - Non-fatal injury,03 - Rear end,01 - Clear,00 - Unknown,01 - Dry,01 - Traffic signal,01 - Functioning,2,0,0,0,01 - Minimal,1,1,,,,364358.7033,5024889.067,45.36141559,-75.73975744,8283