Anom_ID,Accident_Date,Accident_Time,Location,Geo_ID,Accident_Location,Classification_of_Accident,Initial_Impact_Type,Environment_Condition,Light,Road_Surface_Condition,Traffic_Control,Traffic_Control_Condition,No__of_Vehicles,No__of_Bicycles,No__of_Motorcycles,No__of_Pedestrians,Max_Injury,No__of_Injuries,No__of_Minimal,No__of_Minor,No__of_Major,No__of_Fatal,X,Y,Latitude,Longitude,ObjectId
15--4287,2015/03/11,12:15 PM,MONTREAL RD btwn CENTER ST & BRITTANY DR (__3ZA3A1),__3ZA3A1,04 - At/near private drive,03 - P.D. only,02 - Angle,01 - Clear,01 - Daylight,01 - Dry,10 - No control,,2,0,0,0,,0,,,,,371869.5197,5033974.246,45.44248192,-75.64265955,8284
15--4288,2015/03/11,12:45 PM,HWY417 IC121A RAMP51 btwn HIGHWAY 417 & BRONSON AVE (__3ZAY9V),__3ZAY9V,01 - Non intersection,02 - Non-fatal injury,03 - Rear end,01 - Clear,01 - Daylight,01 - Dry,10 - No control,,5,0,0,0,01 - Minimal,2,2,,,,367082.2142,5029662.905,45.40413273,-75.70439395,8285
15--4289,2015/03/11,12:55 PM,HERON RD @ BRIAR HILL DR/SANDALWOOD DR (0007190),7190,03 - At intersection,03 - P.D. only,02 - Angle,01 - Clear,01 - Daylight,01 - Dry,01 - Traffic signal,01 - Functioning,2,0,0,0,,0,,,,,371452.7278,5027011.092,45.37987024,-75.6489283,8286
15--429,2015/01/08,1:30 PM,MONTREAL RD @ VANIER PKWY (0004630),4630,03 - At intersection,03 - P.D. only,02 - Angle,01 - Clear,01 - Daylight,05 - Packed snow,01 - Traffic signal,01 - Functioning,2,0,0,0,,0,,,,,370071.7459,5033066.435,45.43448398,-75.66575814,8287
15--4290,2015/03/11,3:02 PM,MERIVALE RD btwn MEADOWLANDS DR & 210 S OF MEADOWLANDS DR/MERIVALE PL  (__3ZBPLPA),__3ZBPLPA,01 - Non intersection,03 - P.D. only,04 - Sideswipe,01 - Clear,01 - Daylight,01 - Dry,10 - No control,,2,0,0,0,,0,,,,,364893.3987,5023649.848,45.35021964,-75.73308353,8288
15--4291,2015/03/11,3:17 PM,COBOURG ST @ ST. PATRICK ST (0011483),11483,02 - Intersection related,03 - P.D. only,04 - Sideswipe,01 - Clear,01 - Daylight,01 - Dry,01 - Traffic signal,01 - Functioning,2,0,0,0,,0,,,,,368802.4619,5033233.901,45.43610811,-75.68195748,8289
15--4292,2015/03/11,3:29 AM,KANATA AVE @ MACASSA CIRC (0011794),11794,02 - Intersection related,02 - Non-fatal injury,07 - SMV other,01 - Clear,07 - Dark,01 - Dry,02 - Stop sign,00 - Unknown,1,0,0,0,02 - Minor,1,,1,,,350440.6882,5019504.343,45.31400693,-75.91790127,8290
15--4293,2015/03/11,3:50 PM,PLACE D'ORLEANS @ CENTRUM BLVD/PLACE D'ORLEANS (0004167),4167,03 - At intersection,02 - Non-fatal injury,07 - SMV other,01 - Clear,01 - Daylight,01 - Dry,01 - Traffic signal,01 - Functioning,1,0,0,1,02 - Minor,1,,1,,,381962.3593,5038138.685,45.47890891,-75.51300858,8291
15--4294,2015/03/11,4:14 PM,NELSON ST btwn SOMERSET ST E & TEMPLETON ST (__3ZA9VQ),__3ZA9VQ,01 - Non intersection,03 - P.D. only,06 - SMV unattended vehicle,01 - Clear,01 - Daylight,02 - Wet,10 - No control,,1,0,0,0,,0,,,,,369182.0245,5031612.786,45.42148709,-75.67731857,8292
15--4295,2015/03/11,4:40 PM,HIGHWAY 417 btwn HWY417 IC127 RAMP63 & HWY417 IC127 RAMP67 (__3ZA2RF),__3ZA2RF,01 - Non intersection,03 - P.D. only,03 - Rear end,01 - Clear,01 - Daylight,01 - Dry,10 - No control,,2,0,0,0,,0,,,,,362113.7338,5024846.377,45.3612186,-75.76841612,8293
15--4296,2015/03/11,5:24 PM,ELGIN ST @ LAURIER AVE (0002232),2232,02 - Intersection related,03 - P.D. only,03 - Rear end,01 - Clear,01 - Daylight,01 - Dry,01 - Traffic signal,01 - Functioning,2,0,0,0,,0,,,,,367946.7822,5031548.13,45.42101792,-75.69310934,8294
15--4297,2015/03/11,5:30 PM,TAWNEY RD btwn ST. LAURENT BLVD & BALHARRIE AVE (__3ZA76W),__3ZA76W,01 - Non intersection,03 - P.D. only,06 - SMV unattended vehicle,01 - Clear,05 - Dusk,01 - Dry,10 - No control,,1,0,0,0,,0,,,,,373586.4871,5028852.822,45.39623506,-75.62142934,8295
15--4298,2015/03/11,5:30 PM,HIGHWAY 416 btwn HWY416 IC66 RAMP53 & HWY416 IC57 RAMP34 (__3ZAZLC),__3ZAZLC,01 - Non intersection,03 - P.D. only,07 - SMV other,01 - Clear,01 - Daylight,01 - Dry,10 - No control,,1,0,0,0,,0,,,,,363751.5785,5009924.329,45.22681441,-75.74928524,8296
15--4299,2015/03/11,5:55 PM,ST. JOSEPH BLVD @ REGIONAL RD 174/TRANSITWAY (0012428),12428,02 - Intersection related,03 - P.D. only,03 - Rear end,01 - Clear,01 - Daylight,01 - Dry,01 - Traffic signal,01 - Functioning,2,0,0,0,,0,,,,,376556.5739,5035057.43,45.45176233,-75.58259508,8297
15--43,2015/01/02,3:52 PM,CHAPMAN MILLS DR @ LONGFIELDS DR (0013784),13784,03 - At intersection,03 - P.D. only,02 - Angle,01 - Clear,01 - Daylight,01 - Dry,02 - Stop sign,01 - Functioning,2,0,0,0,,0,,,,,364841.826,5014582.921,45.26864047,-75.73484018,8298
15--430,2015/01/08,1:49 PM,MEADOWLANDS DR    W btwn TURN LANE & MERIVALE RD (__3ZA4HV),__3ZA4HV,01 - Non intersection,03 - P.D. only,03 - Rear end,03 - Snow,01 - Daylight,04 - Slush,10 - No control,,2,0,0,0,,0,,,,,364840.3867,5023716.354,45.3508226,-75.73375193,8299
15--4300,2015/03/11,7:05 PM,BAY ST @ SLATER ST (0005127),5127,03 - At intersection,03 - P.D. only,05 - Turning movement,01 - Clear,07 - Dark,01 - Dry,01 - Traffic signal,00 - Unknown,2,0,0,0,,0,,,,,366982.7339,5031079.052,45.41688365,-75.70548596,8300
15--4301,2015/03/11,7:26 AM,ST. LAURENT BLVD btwn SHORE ST & BELFAST RD (__3ZA2GU),__3ZA2GU,01 - Non intersection,03 - P.D. only,06 - SMV unattended vehicle,01 - Clear,01 - Daylight,02 - Wet,10 - No control,,1,0,0,0,,0,,,,,372852.0494,5030594.466,45.41197735,-75.63056845,8301
15--4302,2015/03/11,7:34 PM,MITCH OWENS RD @ STAGECOACH RD (0003576),3576,02 - Intersection related,03 - P.D. only,03 - Rear end,01 - Clear,07 - Dark,01 - Dry,01 - Traffic signal,01 - Functioning,2,0,0,0,,0,,,,,375398.7908,5014484.94,45.26677839,-75.60033388,8302
15--4303,2015/03/11,7:40 AM,MACLAREN ST @ METCALFE ST (0006950),6950,03 - At intersection,03 - P.D. only,05 - Turning movement,01 - Clear,01 - Daylight,02 - Wet,01 - Traffic signal,01 - Functioning,2,0,0,0,,0,,,,,368050.7428,5031033.058,45.41637408,-75.69184718,8303
15--4304,2015/03/11,7:50 AM,LEMIEUX ST @ ST. LAURENT BLVD (0002021),2021,02 - Intersection related,03 - P.D. only,04 - Sideswipe,01 - Clear,01 - Daylight,01 - Dry,01 - Traffic signal,01 - Functioning,2,0,0,0,,0,,,,,372391.7288,5031743.985,45.42236481,-75.63629115,8304
15--4305,2015/03/11,7:54 AM,LEITRIM RD btwn HIGH RD & ALBION RD (__4B2G24),__4B2G24,01 - Non intersection,03 - P.D. only,03 - Rear end,01 - Clear,01 - Daylight,02 - Wet,10 - No control,,4,0,0,0,,0,,,,,372667.4876,5019891.279,45.31569206,-75.63439612,8305
15--4306,2015/03/11,7:55 AM,HIGHWAY 417 btwn HWY417 IC118 RAMP35 & HWY417 IC117 RAMP51 (__3ZA2YP),__3ZA2YP,01 - Non intersection,03 - P.D. only,07 - SMV other,01 - Clear,01 - Daylight,01 - Dry,10 - No control,,1,0,0,0,,0,,,,,370023.7388,5031108.327,45.41687019,-75.66663095,8306
15--4307,2015/03/11,8:00 PM,HIGHWAY 417 btwn HWY417 IC117 RAMP51 & HWY417 IC117 RAMP35 (__3ZA2YN),__3ZA2YN,01 - Non intersection,02 - Non-fatal injury,07 - SMV other,01 - Clear,07 - Dark,01 - Dry,10 - No control,,1,0,0,0,02 - Minor,1,,1,,,370877.5258,5031217.928,45.41777623,-75.65570853,8307
15--4308,2015/03/11,8:40 PM,HIGHWAY 417 btwn HWY417 IC118 RAMP57 & HWY417 IC118 RAMP35 (__3ZA2YQ),__3ZA2YQ,01 - Non intersection,03 - P.D. only,04 - Sideswipe,01 - Clear,07 - Dark,01 - Dry,10 - No control,,2,0,0,0,,0,,,,,369757.6702,5031136.339,45.41714699,-75.67002648,8308
15--4309,2015/03/11,8:51 AM,COLONEL BY DR btwn UNIVERSITY RD & COLONEL BY DR SB ON RAMP 43 (__3ZA213),__3ZA213,01 - Non intersection,03 - P.D. only,03 - Rear end,01 - Clear,01 - Daylight,01 - Dry,10 - No control,,3,0,0,0,,0,,,,,367618.0577,5028419.439,45.3928965,-75.697708,8309
15--431,2015/01/08,10:01 AM,BAY ST @ LAURIER AVE (0005126),5126,03 - At intersection,03 - P.D. only,05 - Turning movement,03 - Snow,01 - Daylight,06 - Ice,01 - Traffic signal,01 - Functioning,2,0,0,0,,0,,,,,367034.7054,5030997.693,45.41614699,-75.70483226,8310
15--4310,2015/03/11,8:56 AM,ST. JOSEPH BLVD @ TAYLOR CREEK DR (0004635),4635,03 - At intersection,03 - P.D. only,03 - Rear end,01 - Clear,01 - Daylight,02 - Wet,02 - Stop sign,01 - Functioning,2,0,0,0,,0,,,,,384032.7315,5039173.88,45.48799074,-75.48636333,8311
15--4311,2015/03/11,9:00 AM,JEANNE D'ARC BLVD @ OR174 IC105 RAMP52 (0012417),12417,02 - Intersection related,03 - P.D. only,03 - Rear end,01 - Clear,01 - Daylight,02 - Wet,01 - Traffic signal,01 - Functioning,2,0,0,0,,0,,,,,379456.1248,5036917.778,45.46819662,-75.54524704,8312
15--4312,2015/03/11,9:31 AM,HUNT CLUB RD @ RIVERSIDE DR (0002237),2237,02 - Intersection related,03 - P.D. only,03 - Rear end,01 - Clear,01 - Daylight,01 - Dry,01 - Traffic signal,01 - Functioning,2,0,0,0,,0,,,,,368036.703,5021944.053,45.33459487,-75.69319038,8313
15--4313,2015/03/11,9:36 AM,VIEWMOUNT DR btwn GLENMANOR DR & MERIVALE RD (__3ZAASQ),__3ZAASQ,04 - At/near private drive,03 - P.D. only,02 - Angle,01 - Clear,01 - Daylight,01 - Dry,10 - No control,,2,0,0,0,,0,,,,,365150.3236,5022923.917,45.34366575,-75.72989351,8314
15--4314,2015/03/12,10:10 AM,KIRKWOOD AVE @ LAPERRIERE AVE (0006742),6742,03 - At intersection,03 - P.D. only,05 - Turning movement,01 - Clear,01 - Daylight,01 - Dry,01 - Traffic signal,01 - Functioning,2,0,0,0,,0,,,,,364519.694,5026958.061,45.38001837,-75.73745251,8315
15--4315,2015/03/12,10:25 AM,ARLINGTON AVE @ BANK ST (0007261),7261,03 - At intersection,03 - P.D. only,02 - Angle,01 - Clear,01 - Daylight,01 - Dry,02 - Stop sign,01 - Functioning,2,0,0,0,,0,,,,,368006.7038,5030345.088,45.41018793,-75.69249804,8316
15--4316,2015/03/12,10:30 AM,OGILVIE RD btwn CADBORO RD & BATHGATE DR (__3ZA2DN),__3ZA2DN,01 - Non intersection,03 - P.D. only,04 - Sideswipe,01 - Clear,01 - Daylight,01 - Dry,10 - No control,,2,0,0,0,,0,,,,,373723.6619,5032740.336,45.4311995,-75.61913385,8317
15--4317,2015/03/12,10:40 PM,OTTAWA RIVER PKWY WB btwn TRANSIT & TURN LANE (__3ZA23O),__3ZA23O,01 - Non intersection,03 - P.D. only,04 - Sideswipe,01 - Clear,07 - Dark,01 - Dry,10 - No control,,2,0,0,0,,0,,,,,362684.3463,5028722.413,45.39604781,-75.76067873,8318
15--4318,2015/03/12,11:05 AM,BANKFIELD RD @ HWY 416 BANKFIEL IC57R24 (0001602),1602,03 - At intersection,03 - P.D. only,04 - Sideswipe,01 - Clear,01 - Daylight,01 - Dry,02 - Stop sign,01 - Functioning,2,0,0,0,,0,,,,,364910.9568,5008141.532,45.21067467,-75.73473775,8319
15--4319,2015/03/12,11:15 AM,ST. JOSEPH BLVD @ REGIONAL RD 174/TRANSITWAY (0012428),12428,02 - Intersection related,03 - P.D. only,03 - Rear end,01 - Clear,01 - Daylight,01 - Dry,01 - Traffic signal,01 - Functioning,2,0,0,0,,0,,,,,376556.0641,5035057.148,45.45175985,-75.58260164,8320
15--432,2015/01/08,10:15 PM,BRITTANY DR @ MONTREAL RD (0007685),7685,03 - At intersection,03 - P.D. only,03 - Rear end,03 - Snow,07 - Dark,03 - Loose snow,01 - Traffic signal,01 - Functioning,2,0,0,0,,0,,,,,371909.8202,5033995.064,45.44266536,-75.64214161,8321
15--4320,2015/03/12,11:36 AM,ST. LAURENT BLVD btwn THURSTON DR & WALKLEY RD (__3ZA7QN),__3ZA7QN,04 - At/near private drive,03 - P.D. only,02 - Angle,01 - Clear,01 - Daylight,01 - Dry,10 - No control,,3,0,0,0,,0,,,,,374002.028,5027864.962,45.38730581,-75.61626105,8322
15--4321,2015/03/12,11:47 AM,ALBERT ST btwn KENT ST & BANK ST (__3ZA3CA),__3ZA3CA,04 - At/near private drive,03 - P.D. only,05 - Turning movement,01 - Clear,01 - Daylight,01 - Dry,10 - No control,,2,0,0,0,,0,,,,,367329.4665,5031386.951,45.41962313,-75.70101709,8323
15--4322,2015/03/12,Unknown,CRAIG HENRY DR btwn WOODVALE GR & KNOXDALE RD (__3ZA539),__3ZA539,01 - Non intersection,03 - P.D. only,06 - SMV unattended vehicle,01 - Clear,00 - Unknown,01 - Dry,10 - No control,,1,0,0,0,,0,,,,,363079.3759,5021721.023,45.33301731,-75.75645945,8324
15--4323,2015/03/12,12:52 PM,DEERFOX DR btwn BEATRICE DR & SETTLER'S RIDGE WAY (__3ZAZ1G),__3ZAZ1G,04 - At/near private drive,03 - P.D. only,99 - Other,01 - Clear,01 - Daylight,01 - Dry,10 - No control,,2,0,0,0,,0,,,,,365471.9658,5015704.44,45.27867779,-75.7266735,8325
15--4324,2015/03/12,3:08 PM,BASELINE RD @ WOODROFFE AVE (0002225),2225,02 - Intersection related,03 - P.D. only,03 - Rear end,01 - Clear,01 - Daylight,01 - Dry,01 - Traffic signal,01 - Functioning,2,0,0,0,,0,,,,,362549.6902,5023770.987,45.35150655,-75.76297742,8326
15--4325,2015/03/12,4:01 PM,BOTELER ST @ SUSSEX DR (0011436),11436,02 - Intersection related,03 - P.D. only,03 - Rear end,01 - Clear,01 - Daylight,01 - Dry,01 - Traffic signal,01 - Functioning,2,0,0,0,,0,,,,,367451.4905,5032952.39,45.43369752,-75.69925893,8327
15--4326,2015/03/12,4:07 PM,MONTREAL RD btwn NORTH RIVER RD & MONTGOMERY ST (__3ZA3XR),__3ZA3XR,04 - At/near private drive,03 - P.D. only,05 - Turning movement,01 - Clear,01 - Daylight,01 - Dry,10 - No control,,2,0,0,0,,0,,,,,369781.4144,5032901.529,45.43302727,-75.66949026,8328
15--4327,2015/03/12,4:11 PM,HAWTHORNE AVE @ MAIN ST (0006919),6919,02 - Intersection related,03 - P.D. only,03 - Rear end,01 - Clear,01 - Daylight,01 - Dry,01 - Traffic signal,01 - Functioning,2,0,0,0,,0,,,,,368970.4158,5030632.71,45.41268815,-75.68014988,8329
15--4328,2015/03/12,4:37 PM,BANKFIELD RD @ MANOTICK MAIN ST/RIDEAU VALLEY  (0000070),70,02 - Intersection related,03 - P.D. only,03 - Rear end,01 - Clear,01 - Daylight,01 - Dry,01 - Traffic signal,01 - Functioning,2,0,0,0,,0,,,,,368432.6624,5010157.882,45.22850855,-75.6896502,8330
15--4329,2015/03/12,5:10 PM,CARLING AVE WB btwn HIGHLAND AVE & COLE AVE (__3ZA4T6),__3ZA4T6,01 - Non intersection,03 - P.D. only,07 - SMV other,01 - Clear,01 - Daylight,01 - Dry,10 - No control,,1,0,0,0,,0,,,,,363412.1916,5026781.887,45.37852671,-75.75161365,8331
15--433,2015/01/08,10:21 PM,WALKLEY RD @ DON REID DR/RYDER ST (0008218),8218,03 - At intersection,03 - P.D. only,02 - Angle,01 - Clear,07 - Dark,03 - Loose snow,01 - Traffic signal,01 - Functioning,2,0,0,0,,0,,,,,372601.7269,5027283.098,45.38220739,-75.63422133,8332
15--4330,2015/03/12,5:31 PM,WOODROFFE AVE btwn EARL MULLIGAN DR & LONGFIELDS DR (__3ZA3II),__3ZA3II,04 - At/near private drive,03 - P.D. only,05 - Turning movement,01 - Clear,01 - Daylight,01 - Dry,10 - No control,,2,0,0,0,,0,,,,,365380.5298,5017200.321,45.29214555,-75.7276562,8333
15--4331,2015/03/12,6:00 PM,HIGHWAY 417 btwn HWY417 IC119A RAMP67 & HWY417 IC118 RAMP76 (__3ZA2YS),__3ZA2YS,01 - Non intersection,03 - P.D. only,04 - Sideswipe,01 - Clear,01 - Daylight,01 - Dry,10 - No control,,2,0,0,0,,0,,,,,368693.4333,5030589.608,45.41232568,-75.68369387,8334
15--4332,2015/03/12,6:06 PM,LEES AVE @ KING EDWARD AVE/MANN AVE (0011413),11413,02 - Intersection related,03 - P.D. only,04 - Sideswipe,01 - Clear,05 - Dusk,01 - Dry,01 - Traffic signal,01 - Functioning,2,0,0,0,,0,,,,,369179.006,5031335.043,45.41898833,-75.67739343,8335
15--4333,2015/03/12,6:17 PM,CARLING AVE @ GRENON AVE (0002645),2645,02 - Intersection related,03 - P.D. only,03 - Rear end,01 - Clear,05 - Dusk,01 - Dry,01 - Traffic signal,01 - Functioning,2,0,0,0,,0,,,,,359593.6614,5024350.513,45.35695832,-75.80063621,8336
15--4334,2015/03/12,6:40 PM,HERON RD @ KALADAR AVE (0006960),6960,03 - At intersection,02 - Non-fatal injury,07 - SMV other,01 - Clear,07 - Dark,01 - Dry,01 - Traffic signal,01 - Functioning,1,0,0,1,01 - Minimal,1,1,,,,369684.7595,5026804.056,45.37817337,-75.67152783,8337
15--4335,2015/03/12,6:45 AM,LEITRIM RD btwn LIMEBANK RD & HIGH RD (__3ZBOEL),__3ZBOEL,01 - Non intersection,03 - P.D. only,03 - Rear end,01 - Clear,01 - Daylight,01 - Dry,10 - No control,,2,0,0,0,,0,,,,,369371.0263,5017887.423,45.29797263,-75.67669684,8338
15--4336,2015/03/12,7:09 AM,BOTELER ST @ SUSSEX DR (0011436),11436,02 - Intersection related,03 - P.D. only,03 - Rear end,01 - Clear,01 - Daylight,01 - Dry,01 - Traffic signal,01 - Functioning,2,0,0,0,,0,,,,,367450.3476,5032952.453,45.43369819,-75.69927353,8339
15--4337,2015/03/12,7:51 AM,BASELINE RD btwn CLYDE AVE & 207 E OF CLYDE AVE (__3ZA4ISA),__3ZA4ISA,01 - Non intersection,03 - P.D. only,04 - Sideswipe,01 - Clear,01 - Daylight,01 - Dry,10 - No control,,2,0,0,0,,0,,,,,364444.4864,5024947.862,45.36193732,-75.73865546,8340
15--4338,2015/03/12,7:55 PM,BELLMAN DR @ GLENCOE ST (0000891),891,03 - At intersection,03 - P.D. only,05 - Turning movement,01 - Clear,07 - Dark,01 - Dry,02 - Stop sign,00 - Unknown,2,0,0,0,,0,,,,,361076.6465,5020964.966,45.32637778,-75.78209459,8341
15--4339,2015/03/12,7:59 PM,OTTAWA RIVER PKWY btwn TRANSITWAY - TIME POINT & VIMY PLACE PRIV (__5VHJ2QA),__5VHJ2QA,01 - Non intersection,02 - Non-fatal injury,03 - Rear end,01 - Clear,07 - Dark,01 - Dry,10 - No control,,2,0,0,0,03 - Major,1,,,1,,365940.0521,5030779.186,45.41427743,-75.71884434,8342
15--434,2015/01/08,11:19 PM,OR174 IC102 RAMP61 btwn CHAMPLAIN ST & REGIONAL ROAD 174 (__3ZAY7W),__3ZAY7W,01 - Non intersection,03 - P.D. only,07 - SMV other,03 - Snow,07 - Dark,03 - Loose snow,10 - No control,,1,0,0,0,,0,,,,,381770.533,5038390.592,45.48119652,-75.51542241,8343
15--4340,2015/03/12,8:00 AM,HUNT CLUB RD btwn CONROY RD & MALAK ST (__3ZA3S6),__3ZA3S6,01 - Non intersection,03 - P.D. only,07 - SMV other,01 - Clear,01 - Daylight,01 - Dry,10 - No control,,1,0,0,0,,0,,,,,374020.0797,5025551.87,45.36649185,-75.61635479,8344
15--4341,2015/03/12,8:20 AM,ST. JOSEPH BLVD @ JEANNE D'ARC BLVD (0012421),12421,03 - At intersection,03 - P.D. only,04 - Sideswipe,01 - Clear,01 - Daylight,02 - Wet,11 - Roundabout,01 - Functioning,2,0,0,0,,0,,,,,379861.7064,5036471.099,45.46413428,-75.54012913,8345
15--4342,2015/03/12,8:30 AM,MELROSE AVE btwn RUSKIN ST & CARLING AVE (__3ZA0KJ),__3ZA0KJ,04 - At/near private drive,03 - P.D. only,02 - Angle,01 - Clear,01 - Daylight,01 - Dry,10 - No control,,2,0,0,0,,0,,,,,365922.752,5028495.764,45.39373328,-75.7193484,8346
15--4343,2015/03/12,9:24 PM,REGIONAL ROAD 174 btwn HIGHWAY 417 & HWY417 IC113 RAMP65 (__3ZA2YL),__3ZA2YL,01 - Non intersection,03 - P.D. only,07 - SMV other,01 - Clear,07 - Dark,01 - Dry,10 - No control,,1,0,0,0,,0,,,,,373344.6969,5031738.344,45.42222133,-75.62411602,8347
15--4179,2015/03/07,9:29 AM,BANK ST @ HUNT CLUB RD (0002119),2119,02 - Intersection related,03 - P.D. only,04 - Sideswipe,01 - Clear,01 - Daylight,02 - Wet,01 - Traffic signal,01 - Functioning,2,0,0,0,,0,,,,,371607.7726,5024096.024,45.35362672,-75.64734295,8348
15--4079,2015/03/04,6:45 AM,ALBION RD @ FINDLAY CREEK DR (0013587),13587,02 - Intersection related,02 - Non-fatal injury,07 - SMV other,03 - Snow,01 - Daylight,02 - Wet,01 - Traffic signal,01 - Functioning,1,0,0,0,02 - Minor,1,,1,,,374010.0249,5019208.054,45.30941359,-75.61737042,8349
15--3898,2015/02/28,10:25 AM,CARLING AVE @ SHERWOOD DR (0006380),6380,02 - Intersection related,02 - Non-fatal injury,03 - Rear end,01 - Clear,01 - Daylight,01 - Dry,01 - Traffic signal,01 - Functioning,2,0,0,0,02 - Minor,1,,1,,,366485.7056,5028717.07,45.39567517,-75.71213144,8350
15--3808,2015/02/26,8:04 AM,ABBOTT ST @ IBER RD (0010542),10542,03 - At intersection,03 - P.D. only,02 - Angle,01 - Clear,01 - Daylight,06 - Ice,10 - No control,,2,0,0,0,,0,,,,,351976.177,5014875.601,45.2722548,-75.89875907,8351
15--4352,2015/03/13,12:18 PM,SILVER SEVEN RD btwn PALLADIUM DR & MAPLE GROVE RD (__3ZA1X4),__3ZA1X4,04 - At/near private drive,03 - P.D. only,03 - Rear end,01 - Clear,01 - Daylight,01 - Dry,10 - No control,,2,0,0,0,,0,,,,,351201.2943,5017715.036,45.29785643,-75.90836857,8352
15--3625,2015/02/23,8:20 AM,BRONSON AVE @ SUNNYSIDE AVE/UNIVERSITY RD - CA (0007209),7209,02 - Intersection related,03 - P.D. only,03 - Rear end,01 - Clear,01 - Daylight,01 - Dry,01 - Traffic signal,01 - Functioning,2,0,0,0,,0,,,,,367921.9894,5028091.187,45.38991565,-75.69386866,8353
15--418,2015/01/07,9:16 AM,REGIONAL ROAD 174 btwn QUIGLEY HILL RD & REGIONAL ROAD 174 DIVIDED (__3ZA2Y5),__3ZA2Y5,01 - Non intersection,03 - P.D. only,99 - Other,03 - Snow,01 - Daylight,03 - Loose snow,10 - No control,,2,0,0,0,,0,,,,,388335.2124,5042389.235,45.51641719,-75.43078293,8354
15--444,2015/01/08,2:36 AM,SHEA RD btwn BROWNLEE RD & GARVIN RD (__3ZACH2),__3ZACH2,01 - Non intersection,03 - P.D. only,07 - SMV other,05 - Drifting Snow,07 - Dark,06 - Ice,10 - No control,,1,0,0,0,,0,,,,,356652.9789,5008012.939,45.21017357,-75.83987447,8355
15--3899,2015/02/28,11:08 AM,ALBERT ST @ O'CONNOR ST (0002116),2116,03 - At intersection,03 - P.D. only,05 - Turning movement,01 - Clear,01 - Daylight,01 - Dry,01 - Traffic signal,01 - Functioning,2,0,0,0,,0,,,,,367538.4568,5031521.253,45.42081283,-75.69832984,8356
15--3809,2015/02/26,8:13 PM,KATIMAVIK RD @ CHIMO DR E/HEARST WAY (0003437),3437,03 - At intersection,03 - P.D. only,02 - Angle,01 - Clear,07 - Dark,01 - Dry,01 - Traffic signal,01 - Functioning,2,0,0,0,,0,,,,,352961.5496,5019609.989,45.31478918,-75.88574189,8357
15--4353,2015/03/13,12:22 AM,WEST HUNT CLUB RD EB btwn 354 E OF WOODROFFE AVE/REC PATH & CLEOPATRA  (__3ZBOG1B),__3ZBOG1B,01 - Non intersection,02 - Non-fatal injury,07 - SMV other,01 - Clear,07 - Dark,01 - Dry,10 - No control,,1,0,0,0,02 - Minor,1,,1,,,365141.2422,5021697.313,45.3326297,-75.73015896,8358
15--3626,2015/02/23,8:20 AM,ECHO DR btwn GRAHAM AVE & HAZEL ST (__3ZA96X),__3ZA96X,01 - Non intersection,03 - P.D. only,99 - Other,01 - Clear,01 - Daylight,04 - Slush,10 - No control,,2,0,0,0,,0,,,,,368872.1744,5030380.21,45.41042525,-75.68143772,8359
15--408,2015/01/07,8:40 AM,REGIONAL ROAD 174 btwn Continuation of REGIONAL ROAD 174 & OR174 IC112 (__3ZA2YI),__3ZA2YI,01 - Non intersection,03 - P.D. only,04 - Sideswipe,03 - Snow,01 - Daylight,03 - Loose snow,10 - No control,,5,0,0,0,,0,,,,,374371.0964,5032525.763,45.42920479,-75.61089075,8360
15--4180,2015/03/07,9:30 AM,INNES RD @ TENTH LINE RD (0004633),4633,02 - Intersection related,03 - P.D. only,03 - Rear end,01 - Clear,01 - Daylight,01 - Dry,01 - Traffic signal,01 - Functioning,2,0,0,0,,0,,,,,383951.7603,5036160.043,45.46088422,-75.4878846,8361
15--4440,2015/03/15,3:07 AM,HIGHWAY 417 btwn HWY417 IC129 RAMP26 & HWY417 IC129 RAMP61 (__3ZA2UO),__3ZA2UO,01 - Non intersection,03 - P.D. only,07 - SMV other,03 - Snow,07 - Dark,02 - Wet,10 - No control,,1,0,0,0,,0,,,,,360519.9649,5023605.167,45.35017872,-75.78889816,8362
15--39,2015/01/02,3:00 PM,OGILVIE RD @ CITY PARK DR E/CSIS HQ ACCESS (0003696),3696,02 - Intersection related,03 - P.D. only,03 - Rear end,01 - Clear,01 - Daylight,01 - Dry,01 - Traffic signal,01 - Functioning,2,0,0,0,,0,,,,,374189.6921,5033011.059,45.43358924,-75.6131404,8363
15--381,2015/01/07,6:30 AM,HUNT CLUB RD @ CANADAIR PRIV (0010852),10852,02 - Intersection related,03 - P.D. only,03 - Rear end,01 - Clear,07 - Dark,06 - Ice,01 - Traffic signal,01 - Functioning,2,0,0,0,,0,,,,,368661.0039,5022310.798,45.33783823,-75.68517868,8364
15--4354,2015/03/13,2:00 PM,DOWNPATRICK RD @ UPLANDS DR (0009324),9324,03 - At intersection,03 - P.D. only,05 - Turning movement,01 - Clear,01 - Daylight,01 - Dry,02 - Stop sign,01 - Functioning,2,0,0,0,,0,,,,,370290.3679,5022805.118,45.34213579,-75.66432591,8365
15--3627,2015/02/23,8:25 PM,ST. LAURENT BLVD btwn COVENTRY RD & LEMIEUX ST (__3ZA2C9),__3ZA2C9,01 - Non intersection,03 - P.D. only,03 - Rear end,01 - Clear,07 - Dark,01 - Dry,10 - No control,,2,0,0,0,,0,,,,,372353.2541,5031837.252,45.4232077,-75.63676994,8366
15--3628,2015/02/23,8:33 AM,BANKFIELD RD @ PRINCE OF WALES DR (0003618),3618,03 - At intersection,03 - P.D. only,03 - Rear end,01 - Clear,01 - Daylight,02 - Wet,01 - Traffic signal,01 - Functioning,2,0,0,0,,0,,,,,366378.726,5008974.904,45.21804667,-75.71595053,8367