Anom_ID,Accident_Date,Accident_Time,Location,Geo_ID,Accident_Location,Classification_of_Accident,Initial_Impact_Type,Environment_Condition,Light,Road_Surface_Condition,Traffic_Control,Traffic_Control_Condition,No__of_Vehicles,No__of_Bicycles,No__of_Motorcycles,No__of_Pedestrians,Max_Injury,No__of_Injuries,No__of_Minimal,No__of_Minor,No__of_Major,No__of_Fatal,X,Y,Latitude,Longitude,ObjectId
15--3629,2015/02/23,8:35 PM,CONROY RD @ HUNT CLUB RD (0002257),2257,02 - Intersection related,03 - P.D. only,03 - Rear end,01 - Clear,07 - Dark,02 - Wet,01 - Traffic signal,01 - Functioning,2,0,0,0,,0,,,,,373765.6677,5025404.041,45.36518682,-75.61962279,8368
15--363,2015/01/07,3:39 PM,BANK ST @ CATHERINE ST (0002708),2708,02 - Intersection related,03 - P.D. only,04 - Sideswipe,03 - Snow,01 - Daylight,05 - Packed snow,01 - Traffic signal,01 - Functioning,2,0,0,0,,0,,,,,368038.7415,5030266.126,45.40947456,-75.69209891,8369
15--3630,2015/02/23,8:40 PM,HIGHWAY 417 btwn HWY417 IC118 RAMP67 & HWY417 IC117 RAMP36 (__3ZA2YO),__3ZA2YO,01 - Non intersection,02 - Non-fatal injury,07 - SMV other,01 - Clear,07 - Dark,01 - Dry,10 - No control,,1,0,0,0,02 - Minor,2,1,1,,,370090.5221,5031115.401,45.41692761,-75.66577681,8370
15--3631,2015/02/23,8:48 AM,BASELINE RD @ MERIVALE RD (0002342),2342,02 - Intersection related,03 - P.D. only,03 - Rear end,01 - Clear,01 - Daylight,02 - Wet,01 - Traffic signal,01 - Functioning,2,0,0,0,,0,,,,,365053.7325,5025325.033,45.36527895,-75.73083332,8371
15--3632,2015/02/23,8:50 AM,HIGHWAY 417 btwn HWY417 IC127 RAMP35 & HWY417 IC127 RAMP25 (__3ZA2RE),__3ZA2RE,01 - Non intersection,02 - Non-fatal injury,03 - Rear end,01 - Clear,01 - Daylight,01 - Dry,10 - No control,,2,0,0,0,01 - Minimal,1,1,,,,362097.8494,5024806.666,45.36086258,-75.76862347,8372
15--3633,2015/02/23,9:45 AM,INDUSTRIAL AVE @ RUSSELL RD (0007732),7732,02 - Intersection related,03 - P.D. only,03 - Rear end,01 - Clear,01 - Daylight,01 - Dry,01 - Traffic signal,01 - Functioning,2,0,0,0,,0,,,,,372466.6925,5030279.071,45.40917694,-75.63553449,8373
15--3634,2015/02/23,9:59 AM,ROYDON PL btwn WOODFIELD DR & WEST HUNT CLUB RD (__3ZAYGP),__3ZAYGP,04 - At/near private drive,03 - P.D. only,02 - Angle,01 - Clear,01 - Daylight,02 - Wet,10 - No control,,2,0,0,0,,0,,,,,365915.0078,5022265.832,45.3376782,-75.72021787,8374
15--3635,2015/02/24,1:00 PM,BELFAST RD @ ST. LAURENT BLVD (0007658),7658,03 - At intersection,03 - P.D. only,05 - Turning movement,01 - Clear,01 - Daylight,01 - Dry,01 - Traffic signal,01 - Functioning,2,0,0,0,,0,,,,,372860.7241,5030578.08,45.41182907,-75.6304599,8375
15--3636,2015/02/24,1:30 AM,COLONEL BY DR/SUSSEX DR @ RIDEAU ST (0007647),7647,02 - Intersection related,03 - P.D. only,07 - SMV other,01 - Clear,07 - Dark,01 - Dry,01 - Traffic signal,00 - Unknown,1,0,0,0,,0,,,,,367922.227,5032044.997,45.42549078,-75.69335941,8376
15--3637,2015/02/24,1:37 PM,OLD INNES RD btwn BANTREE ST & END (__3ZA79T),__3ZA79T,04 - At/near private drive,03 - P.D. only,02 - Angle,01 - Clear,01 - Daylight,02 - Wet,10 - No control,,2,0,0,0,,0,,,,,373614.6246,5030283.304,45.4091031,-75.62087039,8377
15--3638,2015/02/24,1:43 PM,LEEDS AVE btwn BLACKWELL ST & END (__3ZA78X),__3ZA78X,04 - At/near private drive,03 - P.D. only,02 - Angle,01 - Clear,01 - Daylight,01 - Dry,10 - No control,,2,0,0,0,,0,,,,,374611.4526,5029465.661,45.40164764,-75.60825289,8378
15--3639,2015/02/24,10:10 AM,BRONSON AVE @ LAKESIDE AVE (0007223),7223,02 - Intersection related,03 - P.D. only,03 - Rear end,01 - Clear,01 - Daylight,01 - Dry,02 - Stop sign,00 - Unknown,2,0,0,0,,0,,,,,367657.6408,5028837.098,45.39665092,-75.6971493,8379
15--364,2015/01/07,3:46 PM,MONTREAL RD btwn PALACE ST & VANIER PKWY (__3ZA3LL),__3ZA3LL,04 - At/near private drive,03 - P.D. only,05 - Turning movement,03 - Snow,01 - Daylight,06 - Ice,10 - No control,,2,0,0,0,,0,,,,,370045.8469,5033049.916,45.43433777,-75.66609131,8380
15--3640,2015/02/24,10:15 AM,BANK ST btwn ALTA VISTA DR & ERIE AVE (__3ZA36X),__3ZA36X,04 - At/near private drive,03 - P.D. only,02 - Angle,01 - Clear,01 - Daylight,01 - Dry,10 - No control,,2,0,0,0,,0,,,,,370209.5149,5026292.788,45.37352435,-75.664896,8381
15--3641,2015/02/24,10:25 AM,HIGHWAY 417 btwn HWY417 IC117 RAMP51 & HWY417 IC117 RAMP35 (__3ZA2YN),__3ZA2YN,01 - Non intersection,03 - P.D. only,03 - Rear end,01 - Clear,01 - Daylight,01 - Dry,10 - No control,,2,0,0,0,,0,,,,,370669.2261,5031168.254,45.41734892,-75.65837639,8382
15--3642,2015/02/24,10:30 AM,RIDEAU ST @ WALLER ST (0011913),11913,02 - Intersection related,03 - P.D. only,04 - Sideswipe,01 - Clear,01 - Daylight,02 - Wet,01 - Traffic signal,01 - Functioning,2,0,0,0,,0,,,,,368281.4372,5032274.698,45.42752504,-75.68873991,8383
15--3643,2015/02/24,10:51 AM,BASELINE RD @ WOODROFFE AVE (0002225),2225,02 - Intersection related,02 - Non-fatal injury,03 - Rear end,01 - Clear,01 - Daylight,01 - Dry,01 - Traffic signal,01 - Functioning,3,0,0,0,02 - Minor,1,,1,,,362550.6541,5023769.059,45.35148913,-75.76296535,8384
15--3644,2015/02/24,11:15 AM,MAXIME ST btwn MEADOWBROOK RD & RIDGEBROOK DR (__3ZA7JQ),__3ZA7JQ,01 - Non intersection,02 - Non-fatal injury,99 - Other,01 - Clear,01 - Daylight,03 - Loose snow,10 - No control,,2,0,0,0,01 - Minimal,1,1,,,,374540.812,5031976.561,45.42424646,-75.60879983,8385
15--3645,2015/02/24,11:34 PM,BARRETTE ST @ LOYER ST (0010043),10043,02 - Intersection related,03 - P.D. only,07 - SMV other,01 - Clear,07 - Dark,03 - Loose snow,02 - Stop sign,01 - Functioning,1,0,0,0,,0,,,,,369357.7043,5033625.088,45.43957681,-75.67481013,8386
15--3646,2015/02/24,11:41 AM,MONTREAL RD @ GRANVILLE ST/LAFONTAINE AVE (0009348),9348,03 - At intersection,02 - Non-fatal injury,02 - Angle,01 - Clear,01 - Daylight,02 - Wet,01 - Traffic signal,01 - Functioning,3,0,0,0,02 - Minor,1,,1,,,370825.7495,5033474.11,45.43808128,-75.65606755,8387
15--3647,2015/02/24,Unknown,COLONEL BY DR/SUSSEX DR @ RIDEAU ST (0007647),7647,03 - At intersection,03 - P.D. only,07 - SMV other,01 - Clear,07 - Dark,05 - Packed snow,01 - Traffic signal,01 - Functioning,1,0,0,0,,0,,,,,367922.0001,5032045.531,45.4254956,-75.69336224,8388
15--3648,2015/02/24,Unknown,ST. ANDREW ST btwn SUSSEX DR & PARENT AVE (__3ZA7AA),__3ZA7AA,01 - Non intersection,03 - P.D. only,06 - SMV unattended vehicle,03 - Snow,00 - Unknown,05 - Packed snow,10 - No control,,1,0,0,0,,0,,,,,367663.7554,5032649.032,45.43094896,-75.696585,8389
15--3649,2015/02/24,Unknown,DESJARDINS AVE btwn COBOURG ST & CHARLOTTE ST (__3ZBOW9),__3ZBOW9,01 - Non intersection,03 - P.D. only,06 - SMV unattended vehicle,01 - Clear,00 - Unknown,01 - Dry,10 - No control,,1,0,0,0,,0,,,,,368999.3107,5033192.778,45.43572005,-75.6794471,8390
15--365,2015/01/07,3:50 PM,OTHELLO AVE btwn WESTON DR & PLEASANT PARK RD (__3ZA76K),__3ZA76K,04 - At/near private drive,03 - P.D. only,03 - Rear end,03 - Snow,01 - Daylight,06 - Ice,10 - No control,,2,0,0,0,,0,,,,,373408.8589,5028840.366,45.39614041,-75.62369955,8391
15--3650,2015/02/24,12:26 PM,ST. LAURENT BLVD btwn CONROY RD & THURSTON DR (__3ZA49E),__3ZA49E,04 - At/near private drive,03 - P.D. only,02 - Angle,01 - Clear,01 - Daylight,01 - Dry,10 - No control,,2,0,0,0,,0,,,,,373413.7537,5027341.562,45.38265436,-75.62384543,8392
15--3651,2015/02/24,12:39 PM,BRIDGE ST/MAPLE AVE @ MANOTICK MAIN ST (0008225),8225,03 - At intersection,03 - P.D. only,07 - SMV other,01 - Clear,01 - Daylight,01 - Dry,01 - Traffic signal,01 - Functioning,1,0,0,0,,0,,,,,368700.0601,5009934.438,45.2264738,-75.68627398,8393
15--3652,2015/02/24,12:48 PM,FALLOWFIELD RD @ STRANDHERD DR (0005238),5238,02 - Intersection related,03 - P.D. only,03 - Rear end,01 - Clear,01 - Daylight,01 - Dry,01 - Traffic signal,01 - Functioning,2,0,0,0,,0,,,,,360752.2248,5014961.793,45.27238685,-75.78691027,8394
15--3653,2015/02/24,2:24 PM,HOLLAND AVE @ KENILWORTH ST (0006299),6299,03 - At intersection,03 - P.D. only,05 - Turning movement,01 - Clear,01 - Daylight,01 - Dry,01 - Traffic signal,00 - Unknown,2,0,0,0,,0,,,,,365213.7334,5028497.997,45.3938149,-75.72840278,8395
15--3654,2015/02/24,2:30 PM,STITTSVILLE MAIN ST @ HOBIN ST/WILDPINE CRT (0000052),52,02 - Intersection related,03 - P.D. only,03 - Rear end,01 - Clear,01 - Daylight,01 - Dry,01 - Traffic signal,00 - Unknown,2,0,0,0,,0,,,,,349667.5044,5014032.989,45.26482377,-75.92825677,8396
15--3655,2015/02/24,3:14 PM,CHAMBERLAIN AVE btwn PERCY ST & GLENDALE AVE (__3ZA3OB),__3ZA3OB,01 - Non intersection,03 - P.D. only,03 - Rear end,01 - Clear,01 - Daylight,02 - Wet,10 - No control,,3,0,0,0,,0,,,,,367580.7535,5029839.811,45.40567994,-75.6980036,8397
15--3656,2015/02/24,3:17 PM,INDUSTRIAL AVE @ RIVERSIDE DR (0011905),11905,02 - Intersection related,03 - P.D. only,03 - Rear end,01 - Clear,01 - Daylight,02 - Wet,01 - Traffic signal,01 - Functioning,2,0,0,0,,0,,,,,370685.5948,5030591.546,45.4121584,-75.65824436,8398
15--3657,2015/02/24,3:30 PM,DYNES RD btwn ARNOT RD & CLAYMOR AVE (__3ZAAQX),__3ZAAQX,01 - Non intersection,03 - P.D. only,01 - Approaching,01 - Clear,01 - Daylight,04 - Slush,10 - No control,,2,0,0,0,,0,,,,,366733.4789,5025665.596,45.36819686,-75.70934992,8399
15--3658,2015/02/24,3:42 PM,BANK ST @ HUNT CLUB RD (0002119),2119,03 - At intersection,03 - P.D. only,02 - Angle,01 - Clear,01 - Daylight,01 - Dry,01 - Traffic signal,01 - Functioning,2,0,0,0,,0,,,,,371609.7004,5024095.06,45.35361786,-75.64731848,8400
15--3659,2015/02/24,4:20 PM,COLONEL BY DR @ MAIN ST (0002626),2626,02 - Intersection related,02 - Non-fatal injury,03 - Rear end,01 - Clear,01 - Daylight,02 - Wet,02 - Stop sign,01 - Functioning,3,0,0,0,01 - Minimal,1,1,,,,368858.983,5030913.493,45.41522475,-75.68153692,8401
15--366,2015/01/07,3:51 PM,GREENBANK RD @ MARKETPLACE AVE (0010406),10406,03 - At intersection,02 - Non-fatal injury,05 - Turning movement,01 - Clear,01 - Daylight,01 - Dry,01 - Traffic signal,01 - Functioning,2,0,0,0,02 - Minor,1,,1,,,364008.0291,5014604.579,45.26890604,-75.74546239,8402
15--3660,2015/02/24,4:46 PM,COLONEL BY DR @ LEONARD AVE (0006906),6906,03 - At intersection,03 - P.D. only,02 - Angle,01 - Clear,01 - Daylight,02 - Wet,02 - Stop sign,01 - Functioning,2,0,0,0,,0,,,,,368228.0188,5028575.012,45.39424132,-75.68989856,8403
15--3661,2015/02/24,4:55 PM,HIGHWAY 417 btwn HWY417 IC127 RAMP63 & HWY417 IC127 RAMP67 (__3ZA2RF),__3ZA2RF,01 - Non intersection,03 - P.D. only,03 - Rear end,01 - Clear,01 - Daylight,01 - Dry,10 - No control,,2,0,0,0,,0,,,,,362136.8385,5024865.871,45.36139212,-75.76811896,8404
15--3662,2015/02/24,4:59 PM,MARCH RD btwn MARCHURST RD & SECOND LINE RD (__3ZA3FP),__3ZA3FP,01 - Non intersection,03 - P.D. only,07 - SMV other,01 - Clear,01 - Daylight,01 - Dry,10 - No control,,1,0,0,0,,0,,,,,345555.2617,5024835.695,45.36228069,-75.97976787,8405
15--3663,2015/02/24,5:30 PM,BERKELEY AVE @ RICHMOND RD (0006933),6933,02 - Intersection related,03 - P.D. only,03 - Rear end,01 - Clear,05 - Dusk,02 - Wet,02 - Stop sign,00 - Unknown,2,0,0,0,,0,,,,,362910.4181,5028066.692,45.39012901,-75.75786872,8406
15--3664,2015/02/24,5:40 PM,BANKFIELD RD @ MANOTICK MAIN ST/RIDEAU VALLEY  (0000070),70,02 - Intersection related,03 - P.D. only,03 - Rear end,01 - Clear,07 - Dark,01 - Dry,01 - Traffic signal,01 - Functioning,2,0,0,0,,0,,,,,368432.4205,5010156.678,45.22849774,-75.68965344,8407
15--3665,2015/02/24,6:00 PM,HUNTMAR DR @ MAPLE GROVE RD (0003119),3119,02 - Intersection related,03 - P.D. only,03 - Rear end,01 - Clear,07 - Dark,06 - Ice,02 - Stop sign,01 - Functioning,2,0,0,0,,0,,,,,350267.605,5016712.971,45.28890059,-75.92036465,8408
15--3666,2015/02/24,6:15 AM,HIGHWAY 417 btwn HWY417 IC134 RAMP36 & HWY417 IC134 RAMP26 (__3ZA29C),__3ZA29C,01 - Non intersection,03 - P.D. only,07 - SMV other,01 - Clear,03 - Dawn,01 - Dry,10 - No control,,1,0,0,0,,0,,,,,356157.0951,5022137.183,45.33730273,-75.84472598,8409
15--3667,2015/02/24,6:25 AM,ST. LAURENT BLVD btwn BELFAST RD & INDUSTRIAL AVE (__3ZA3R8),__3ZA3R8,01 - Non intersection,03 - P.D. only,07 - SMV other,01 - Clear,03 - Dawn,01 - Dry,10 - No control,,1,0,0,0,,0,,,,,372880.9651,5030523.14,45.41133278,-75.63020892,8410
15--3668,2015/02/24,6:43 PM,ROCKCLIFFE PKWY btwn ROCKCLIFFE PRKY RAMPS & Continuation of ROCKCLIFF (__3ZA2SS),__3ZA2SS,01 - Non intersection,03 - P.D. only,07 - SMV other,01 - Clear,07 - Dark,01 - Dry,10 - No control,,1,0,0,0,,0,,,,,372182.2492,5035698.61,45.4579668,-75.63842623,8411
15--3669,2015/02/24,6:45 AM,RIVERSIDE DR @ HERON RD (0002236),2236,02 - Intersection related,03 - P.D. only,03 - Rear end,01 - Clear,07 - Dark,01 - Dry,01 - Traffic signal,01 - Functioning,2,0,0,0,,0,,,,,368122.0688,5026647.703,45.37690952,-75.69149886,8412
15--367,2015/01/07,4:13 PM,LANTHIER DR @ VANTAGE DR (0004631),4631,02 - Intersection related,02 - Non-fatal injury,03 - Rear end,01 - Clear,05 - Dusk,06 - Ice,02 - Stop sign,01 - Functioning,2,0,0,0,01 - Minimal,1,1,,,,383600.5204,5035847.236,45.45810957,-75.49242534,8413
15--3670,2015/02/24,7:31 AM,LEMIEUX ST @ ST. LAURENT BLVD (0002021),2021,03 - At intersection,03 - P.D. only,05 - Turning movement,01 - Clear,01 - Daylight,01 - Dry,01 - Traffic signal,01 - Functioning,3,0,0,0,,0,,,,,372390.7608,5031742.082,45.42234778,-75.63630377,8414
15--3671,2015/02/24,7:42 AM,JEANNE D'ARC BLVD @ OR174 IC109 RAMP26 (0009070),9070,02 - Intersection related,03 - P.D. only,03 - Rear end,01 - Clear,01 - Daylight,06 - Ice,10 - No control,,2,0,0,0,,0,,,,,379399.5955,5037016.33,45.46908935,-75.54595491,8415
15--3672,2015/02/24,7:45 AM,DAWSON AVE btwn WESLEY AVE & IONA ST (__3ZA0IN),__3ZA0IN,04 - At/near private drive,03 - P.D. only,02 - Angle,01 - Clear,01 - Daylight,05 - Packed snow,10 - No control,,2,0,0,0,,0,,,,,363905.6929,5028230.218,45.3915171,-75.74513953,8416
15--3673,2015/02/24,7:45 AM,PRINCE OF WALES DR @ WATERBRIDGE DR (0009687),9687,02 - Intersection related,03 - P.D. only,03 - Rear end,01 - Clear,01 - Daylight,01 - Dry,01 - Traffic signal,01 - Functioning,2,0,0,0,,0,,,,,367315.371,5015945.237,45.28068296,-75.70314932,8417
15--3674,2015/02/24,7:53 AM,PRINCE OF WALES DR @ WATERBRIDGE DR (0009687),9687,02 - Intersection related,03 - P.D. only,03 - Rear end,01 - Clear,01 - Daylight,01 - Dry,01 - Traffic signal,01 - Functioning,2,0,0,0,,0,,,,,367314.4071,5015946.201,45.28069172,-75.70316149,8418
15--3675,2015/02/24,8:05 AM,REGIONAL ROAD 174 btwn OR174 IC105 RAMP16 & OR174 IC105 RAMP26 (__3ZA1PU),__3ZA1PU,01 - Non intersection,03 - P.D. only,03 - Rear end,01 - Clear,01 - Daylight,06 - Ice,10 - No control,,2,0,0,0,,0,,,,,379219.0163,5036931.272,45.46834333,-75.54827687,8419
15--3676,2015/02/24,8:08 AM,FALLOWFIELD RD btwn LARKIN DR & BARRAN ST (__3ZA4Y9),__3ZA4Y9,01 - Non intersection,03 - P.D. only,03 - Rear end,01 - Clear,01 - Daylight,01 - Dry,10 - No control,,2,0,0,0,,0,,,,,362024.5377,5016089.069,45.28242775,-75.77056648,8420
15--3677,2015/02/24,8:13 PM,CARP RD @ ROTHBOURNE RD (0002007),2007,02 - Intersection related,03 - P.D. only,03 - Rear end,01 - Clear,07 - Dark,02 - Wet,02 - Stop sign,00 - Unknown,2,0,0,0,,0,,,,,348254.5356,5014874.954,45.2724888,-75.9461876,8421
15--3678,2015/02/24,8:15 AM,MOODIE DR @ HWY 417 MOODIE IC134R63 (0000649),649,02 - Intersection related,03 - P.D. only,03 - Rear end,01 - Clear,01 - Daylight,01 - Dry,01 - Traffic signal,01 - Functioning,2,0,0,0,,0,,,,,356389.8522,5022481.18,45.34038097,-75.84172052,8422
15--3679,2015/02/24,8:25 AM,ST. JOSEPH BLVD @ TENTH LINE RD (0009163),9163,02 - Intersection related,03 - P.D. only,07 - SMV other,01 - Clear,01 - Daylight,06 - Ice,01 - Traffic signal,01 - Functioning,1,0,0,0,,0,,,,,382889.8399,5038666.935,45.48355851,-75.50106289,8423
15--368,2015/01/07,4:20 PM,RIVERSIDE DR @ HERON RD (0002236),2236,02 - Intersection related,03 - P.D. only,03 - Rear end,01 - Clear,01 - Daylight,05 - Packed snow,01 - Traffic signal,01 - Functioning,2,0,0,0,,0,,,,,368121.1049,5026645.775,45.37689226,-75.69151142,8424
15--3680,2015/02/24,8:45 AM,HIGHWAY 417 btwn HWY417 IC124 RAMP65 & HWY417 IC122 RAMP51 (__3ZA2R8),__3ZA2R8,01 - Non intersection,03 - P.D. only,07 - SMV other,01 - Clear,01 - Daylight,01 - Dry,10 - No control,,1,0,0,0,,0,,,,,365118.6477,5028653.497,45.39522225,-75.72959808,8425
15--3681,2015/02/24,8:58 AM,FINDLAY AVE @ TORRINGTON PL (0007562),7562,03 - At intersection,03 - P.D. only,02 - Angle,01 - Clear,01 - Daylight,05 - Packed snow,02 - Stop sign,01 - Functioning,2,0,0,0,,0,,,,,367933.8264,5028789.134,45.39619451,-75.6936282,8426
15--3682,2015/02/24,9:00 AM,HIGHWAY 417 btwn HWY417 IC117 RAMP61 & HWY417 IC115 RAMP36 (__3ZA2RZ),__3ZA2RZ,01 - Non intersection,03 - P.D. only,03 - Rear end,01 - Clear,01 - Daylight,01 - Dry,10 - No control,,2,0,0,0,,0,,,,,371748.1672,5031445.751,45.41974332,-75.64455438,8427
15--3683,2015/02/24,9:01 AM,PRINCE OF WALES DR @ WEST HUNT CLUB RD (0000567),567,02 - Intersection related,03 - P.D. only,03 - Rear end,01 - Clear,01 - Daylight,01 - Dry,01 - Traffic signal,01 - Functioning,2,0,0,0,,0,,,,,367459.6742,5021890.058,45.3341608,-75.70055856,8428
15--3684,2015/02/24,9:03 AM,BELLMAN DR btwn BASIN CRT & GLENCOE ST (__3ZABQ3),__3ZABQ3,04 - At/near private drive,03 - P.D. only,02 - Angle,01 - Clear,01 - Daylight,01 - Dry,10 - No control,,2,0,0,0,,0,,,,,360992.1217,5020885.424,45.32566884,-75.78318179,8429
15--3685,2015/02/24,9:06 AM,PRINCE OF WALES DR @ WEST HUNT CLUB RD (0000567),567,02 - Intersection related,03 - P.D. only,03 - Rear end,01 - Clear,01 - Daylight,01 - Dry,01 - Traffic signal,01 - Functioning,2,0,0,0,,0,,,,,367458.7103,5021891.021,45.33416955,-75.70057073,8430
15--3686,2015/02/24,9:10 AM,EAGLESON RD @ MICHAEL COWPLAND DR/STONEHAVEN D (0003544),3544,02 - Intersection related,02 - Non-fatal injury,03 - Rear end,01 - Clear,01 - Daylight,01 - Dry,01 - Traffic signal,01 - Functioning,2,0,0,0,02 - Minor,1,,1,,,354380.3896,5016624.932,45.28783029,-75.86794545,8431
15--3687,2015/02/24,9:10 AM,HIGHWAY 417 btwn HWY417 IC118 RAMP35 & HWY417 IC117 RAMP51 (__3ZA2YP),__3ZA2YP,01 - Non intersection,03 - P.D. only,07 - SMV other,01 - Clear,01 - Daylight,01 - Dry,10 - No control,,1,0,0,0,,0,,,,,370186.9157,5031098.94,45.4167705,-75.6645475,8432
15--3688,2015/02/24,9:12 AM,SMYTH RD btwn EDGECOMBE ST & HAIG DR (__3ZA3RY),__3ZA3RY,01 - Non intersection,03 - P.D. only,04 - Sideswipe,01 - Clear,01 - Daylight,01 - Dry,10 - No control,,2,0,0,0,,0,,,,,372467.6038,5029286.858,45.40024935,-75.63565901,8433
15--3689,2015/02/24,9:12 AM,ST. LAURENT BLVD @ TREMBLAY RD (0002573),2573,02 - Intersection related,03 - P.D. only,02 - Angle,01 - Clear,01 - Daylight,02 - Wet,01 - Traffic signal,01 - Functioning,2,0,0,0,,0,,,,,372597.6416,5031240.13,45.41781143,-75.63372956,8434
15--369,2015/01/07,4:45 PM,DU GRAND BOIS AVE @ INNES RD (0004107),4107,03 - At intersection,03 - P.D. only,02 - Angle,03 - Snow,05 - Dusk,06 - Ice,02 - Stop sign,01 - Functioning,2,0,0,0,,0,,,,,383109.6213,5035763.35,45.45741003,-75.49871456,8435
15--3690,2015/02/24,9:17 AM,BANK ST @ SNAKE ISLAND RD/VICTORIA ST (0001080),1080,03 - At intersection,02 - Non-fatal injury,05 - Turning movement,01 - Clear,01 - Daylight,01 - Dry,01 - Traffic signal,01 - Functioning,2,0,0,0,01 - Minimal,1,1,,,,383694.8606,5010121.889,45.22664044,-75.49532182,8436
15--3691,2015/02/24,9:35 AM,BYRON AVE @ WINDERMERE AVE (0006730),6730,03 - At intersection,03 - P.D. only,02 - Angle,01 - Clear,01 - Daylight,01 - Dry,02 - Stop sign,01 - Functioning,2,0,0,0,,0,,,,,362315.981,5027480.757,45.38490591,-75.76552797,8437
15--3692,2015/02/24,9:44 AM,MONTREAL RD @ SHEFFORD RD (0012423),12423,02 - Intersection related,03 - P.D. only,04 - Sideswipe,01 - Clear,01 - Daylight,02 - Wet,01 - Traffic signal,01 - Functioning,2,0,0,0,,0,,,,,376125.7305,5034853.093,45.44996794,-75.58813232,8438
15--3693,2015/02/25,1:14 PM,CYRVILLE RD btwn STAR TOP RD & MEADOWBROOK RD (__3ZA3SN),__3ZA3SN,04 - At/near private drive,02 - Non-fatal injury,03 - Rear end,01 - Clear,01 - Daylight,02 - Wet,10 - No control,,2,0,0,0,01 - Minimal,1,1,,,,374531.4197,5031275.809,45.4179424,-75.60901902,8439
15--3694,2015/02/25,1:31 PM,MEADOWLANDS DR @ MERIVALE RD (0000625),625,02 - Intersection related,03 - P.D. only,03 - Rear end,01 - Clear,01 - Daylight,02 - Wet,01 - Traffic signal,01 - Functioning,3,0,0,0,,0,,,,,364858.6999,5023726.956,45.35091642,-75.73351695,8440
15--3695,2015/02/25,10:11 AM,HIGHWAY 416 btwn HWY416 IC72 RAMP62 & HWY416 IC72 RAMP24 (__3ZAZEQ),__3ZAZEQ,01 - Non intersection,03 - P.D. only,07 - SMV other,01 - Clear,01 - Daylight,06 - Ice,10 - No control,,1,0,0,0,,0,,,,,359399.2217,5019765.437,45.31571685,-75.80362366,8441
15--3696,2015/02/25,10:12 AM,OTTAWA RIVER PKWY @ ISLAND PARK DR (0002127),2127,02 - Intersection related,02 - Non-fatal injury,03 - Rear end,01 - Clear,01 - Daylight,02 - Wet,01 - Traffic signal,01 - Functioning,2,0,0,0,01 - Minimal,1,1,,,,363297.4963,5029450.518,45.40254822,-75.75276165,8442
15--3697,2015/02/25,10:27 AM,HARRIS PL @ ROWLEY AVE (0001958),1958,03 - At intersection,03 - P.D. only,02 - Angle,01 - Clear,01 - Daylight,03 - Loose snow,02 - Stop sign,01 - Functioning,2,0,0,0,,0,,,,,364279.6926,5023501.964,45.34894132,-75.74093278,8443
15--3698,2015/02/25,10:30 AM,HAWTHORNE AVE btwn COLONEL BY DR & MAIN ST (__3ZA2FX),__3ZA2FX,04 - At/near private drive,03 - P.D. only,06 - SMV unattended vehicle,01 - Clear,01 - Daylight,02 - Wet,10 - No control,,1,0,0,0,,0,,,,,368789.7754,5030542.915,45.41189675,-75.68246919,8444
15--3699,2015/02/25,11:43 AM,WEST HUNT CLUB RD WB btwn MERIVALE RD & ROYDON PL (__3ZA3JR),__3ZA3JR,01 - Non intersection,03 - P.D. only,04 - Sideswipe,01 - Clear,01 - Daylight,01 - Dry,10 - No control,,2,0,0,0,,0,,,,,365951.5389,5022156.478,45.33669106,-75.71976532,8445
15--37,2015/01/02,2:09 PM,HUNT CLUB RD @ LORRY GREENBERG DR/SABLE RIDGE  (0008203),8203,02 - Intersection related,03 - P.D. only,03 - Rear end,01 - Clear,01 - Daylight,01 - Dry,01 - Traffic signal,01 - Functioning,2,0,0,0,,0,,,,,372823.7387,5024806.059,45.35989845,-75.63172784,8446
15--370,2015/01/07,4:54 PM,HIGHWAY 417 btwn HWY417 IC144 RAMP35 & HWY417 IC144 RAMP25 (__3ZA2QT),__3ZA2QT,01 - Non intersection,02 - Non-fatal injury,04 - Sideswipe,01 - Clear,05 - Dusk,03 - Loose snow,10 - No control,,2,0,0,0,01 - Minimal,2,2,,,,347440.0567,5015848.948,45.28130304,-75.9564837,8447
15--3700,2015/02/25,12:00 PM,OTTAWA RIVER PKWY WB btwn OTTAWA RIVER PKWY WB RAMP/CARLING AVE WB & W (__3ZA24V),__3ZA24V,01 - Non intersection,03 - P.D. only,99 - Other,01 - Clear,01 - Daylight,06 - Ice,10 - No control,,2,0,0,0,,0,,,,,361347.9547,5026902.346,45.37978024,-75.7779548,8448
15--3701,2015/02/25,12:01 AM,ROYAL OAK CRT btwn ALBION RD S & TO BE DETERMINED (__3ZA4DV),__3ZA4DV,04 - At/near private drive,03 - P.D. only,06 - SMV unattended vehicle,01 - Clear,07 - Dark,04 - Slush,10 - No control,,1,0,0,0,,0,,,,,371853.0356,5024461.169,45.35688876,-75.64416353,8449
15--3702,2015/02/25,2:18 PM,HAWTHORNE RD @ HUNT CLUB RD (0007651),7651,02 - Intersection related,02 - Non-fatal injury,03 - Rear end,01 - Clear,01 - Daylight,02 - Wet,01 - Traffic signal,01 - Functioning,2,0,0,0,01 - Minimal,1,1,,,,375508.7138,5026404.12,45.37401139,-75.59723163,8450