Anom_ID,Accident_Date,Accident_Time,Location,Geo_ID,Accident_Location,Classification_of_Accident,Initial_Impact_Type,Environment_Condition,Light,Road_Surface_Condition,Traffic_Control,Traffic_Control_Condition,No__of_Vehicles,No__of_Bicycles,No__of_Motorcycles,No__of_Pedestrians,Max_Injury,No__of_Injuries,No__of_Minimal,No__of_Minor,No__of_Major,No__of_Fatal,X,Y,Latitude,Longitude,ObjectId
15--3703,2015/02/25,2:23 PM,WALLER ST btwn NICHOLAS ST & STEWART ST (__3ZA3VL),__3ZA3VL,04 - At/near private drive,03 - P.D. only,05 - Turning movement,01 - Clear,01 - Daylight,01 - Dry,10 - No control,,2,0,0,0,,0,,,,,368370.6312,5032017.121,45.42519935,-75.68763342,8451
15--3704,2015/02/25,2:29 PM,OTTAWA RIVER PKWY @ PORTAGE BRIDGE (0009072),9072,02 - Intersection related,03 - P.D. only,04 - Sideswipe,01 - Clear,01 - Daylight,01 - Dry,01 - Traffic signal,01 - Functioning,2,0,0,0,,0,,,,,366515.9478,5031314.902,45.41904709,-75.71142002,8452
15--3705,2015/02/25,2:51 PM,BILLINGS BRIDGESC RAMP NB @ RIVERSIDE DR EB (0008853),8853,02 - Intersection related,02 - Non-fatal injury,02 - Angle,01 - Clear,01 - Daylight,02 - Wet,02 - Stop sign,01 - Functioning,2,0,0,0,01 - Minimal,1,1,,,,369082.5553,5027763.24,45.38685932,-75.6790913,8453
15--3706,2015/02/25,3:10 PM,MONTREAL RD @ DEN HAAG DR/LANG'S RD (0010798),10798,02 - Intersection related,03 - P.D. only,04 - Sideswipe,01 - Clear,01 - Daylight,02 - Wet,01 - Traffic signal,00 - Unknown,2,0,0,0,,0,,,,,372386.718,5034222.066,45.44466187,-75.63601499,8454
15--3707,2015/02/25,3:31 PM,CENTRAL PARK DR S @ MERIVALE RD (0009113),9113,03 - At intersection,03 - P.D. only,03 - Rear end,01 - Clear,01 - Daylight,01 - Dry,01 - Traffic signal,01 - Functioning,2,0,0,0,,0,,,,,364987.8106,5025599.058,45.36775024,-75.73164139,8455
15--3708,2015/02/25,3:35 PM,CARP RD @ STITTSVILLE MAIN ST (0005253),5253,02 - Intersection related,03 - P.D. only,03 - Rear end,01 - Clear,01 - Daylight,01 - Dry,01 - Traffic signal,01 - Functioning,2,0,0,0,,0,,,,,349523.8222,5014329.721,45.26750302,-75.93006089,8456
15--3709,2015/02/25,3:38 PM,WALKLEY RD btwn COLLISTON CRES & COLLISTON CRES (__3ZA378),__3ZA378,01 - Non intersection,03 - P.D. only,01 - Approaching,03 - Snow,01 - Daylight,05 - Packed snow,10 - No control,,2,0,0,0,,0,,,,,370966.2341,5026318.464,45.37368433,-75.65523233,8457
15--371,2015/01/07,5:20 AM,HIGHWAY 417 btwn HWY417 IC124 RAMP57 & HWY417 IC124 RAMP55 (__3ZA2Y1),__3ZA2Y1,01 - Non intersection,03 - P.D. only,07 - SMV other,03 - Snow,07 - Dark,03 - Loose snow,10 - No control,,1,0,0,0,,0,,,,,364338.6766,5027391.047,45.38392971,-75.73971146,8458
15--3710,2015/02/25,3:54 PM,BASELINE RD btwn CORDOVA ST & BASSANO ST (__3ZBOCA),__3ZBOCA,01 - Non intersection,03 - P.D. only,04 - Sideswipe,01 - Clear,01 - Daylight,01 - Dry,10 - No control,,2,0,0,0,,0,,,,,363754.6061,5024509.696,45.35805311,-75.74751308,8459
15--3711,2015/02/25,3:59 PM,CYRVILLE RD btwn STAR TOP RD & MEADOWBROOK RD (__3ZA3SN),__3ZA3SN,04 - At/near private drive,03 - P.D. only,02 - Angle,01 - Clear,01 - Daylight,01 - Dry,10 - No control,,2,0,0,0,,0,,,,,374245.9463,5031337.997,45.41853033,-75.6126574,8460
15--3712,2015/02/25,4:05 PM,IRIS ST @ WOODROFFE AVE (0002736),2736,02 - Intersection related,03 - P.D. only,03 - Rear end,03 - Snow,01 - Daylight,03 - Loose snow,01 - Traffic signal,01 - Functioning,2,0,0,0,,0,,,,,362283.656,5024442.001,45.35756614,-75.76629435,8461
15--4441,2015/03/15,3:30 PM,INNES RD btwn PRESTWICK DR & TENTH LINE RD (__3ZA3Y7),__3ZA3Y7,04 - At/near private drive,03 - P.D. only,02 - Angle,01 - Clear,01 - Daylight,01 - Dry,10 - No control,,2,0,0,0,,0,,,,,383935.3748,5036151.368,45.46080803,-75.48809548,8462
15--390,2015/01/07,6:54 AM,GREENBANK RD @ MONTEREY DR (0001126),1126,03 - At intersection,03 - P.D. only,07 - SMV other,03 - Snow,07 - Dark,03 - Loose snow,02 - Stop sign,00 - Unknown,1,0,0,0,,0,,,,,360652.9592,5022454.064,45.33981053,-75.78733099,8463
15--3810,2015/02/26,8:16 AM,NICHOLAS ST NB btwn NICHOLAS ST NB OFF RAMP TO NICHOLAS ST SB & LAURIE (__3ZAZP5),__3ZAZP5,01 - Non intersection,03 - P.D. only,04 - Sideswipe,01 - Clear,01 - Daylight,01 - Dry,10 - No control,,2,0,0,0,,0,,,,,368380.801,5031818.376,45.42341019,-75.68752912,8464
15--4355,2015/03/13,2:06 PM,ST. LAURENT BLVD @ MCARTHUR AVE (0008246),8246,02 - Intersection related,03 - P.D. only,03 - Rear end,03 - Snow,01 - Daylight,02 - Wet,01 - Traffic signal,01 - Functioning,2,0,0,0,,0,,,,,371920.7551,5032886.129,45.43268664,-75.64215306,8465
15--4181,2015/03/07,9:40 AM,HAWTHORNE RD @ HUNT CLUB RD (0007651),7651,02 - Intersection related,03 - P.D. only,02 - Angle,01 - Clear,01 - Daylight,01 - Dry,01 - Traffic signal,01 - Functioning,2,0,0,0,,0,,,,,375508.7138,5026405.083,45.37402006,-75.5972315,8466
15--4182,2015/03/08,1:26 PM,GREENBANK RD btwn FALLOWFIELD RD & LARKIN DR (__3ZA3HF),__3ZA3HF,04 - At/near private drive,03 - P.D. only,05 - Turning movement,01 - Clear,01 - Daylight,01 - Dry,10 - No control,,2,0,0,0,,0,,,,,363122.148,5016630.066,45.28720545,-75.75651297,8467
15--4080,2015/03/04,7:20 AM,HIGHWAY 417 btwn HWY417 IC144 RAMP51 & HWY417 IC144 RAMP35 (__3ZA2Q5),__3ZA2Q5,01 - Non intersection,03 - P.D. only,07 - SMV other,01 - Clear,01 - Daylight,06 - Ice,10 - No control,,1,0,0,0,,0,,,,,347365.9733,5015775.575,45.28064729,-75.95743426,8468
15--3900,2015/02/28,11:20 AM,BESSERER ST @ WALLER ST (0008859),8859,03 - At intersection,03 - P.D. only,05 - Turning movement,01 - Clear,01 - Daylight,01 - Dry,01 - Traffic signal,01 - Functioning,2,0,0,0,,0,,,,,368314.9194,5032192.738,45.42678455,-75.68832264,8469
15--4442,2015/03/15,3:45 AM,BANK ST btwn STONE SCHOOL RD & SCRIVENS DR (__3ZA28T),__3ZA28T,01 - Non intersection,03 - P.D. only,07 - SMV other,04 - Freezing Rain,07 - Dark,06 - Ice,10 - No control,,1,0,0,0,,0,,,,,382286.533,5011401.298,45.23830829,-75.51305409,8470
15--4183,2015/03/08,1:49 PM,GREENBANK RD btwn WEST HUNT CLUB RD & FALLOWFIELD RD (__3ZA1NE),__3ZA1NE,01 - Non intersection,03 - P.D. only,03 - Rear end,03 - Snow,01 - Daylight,04 - Slush,10 - No control,,2,0,0,0,,0,,,,,363060.4347,5016787.877,45.28863055,-75.75728109,8471
15--4356,2015/03/13,2:12 PM,CATHERINE ST/HWY 417 O'CONN IC119BR76 @ O'CONN (0001697),1697,02 - Intersection related,03 - P.D. only,02 - Angle,01 - Clear,01 - Daylight,01 - Dry,01 - Traffic signal,01 - Functioning,2,0,0,0,,0,,,,,368243.711,5030391.118,45.41058065,-75.68946451,8472
15--3811,2015/02/26,8:21 AM,ELGIN ST @ MACLAREN ST (0006937),6937,03 - At intersection,03 - P.D. only,07 - SMV other,01 - Clear,01 - Daylight,02 - Wet,01 - Traffic signal,01 - Functioning,1,0,0,0,,0,,,,,368208.7134,5031125.129,45.41718821,-75.68981715,8473
15--4081,2015/03/04,7:29 AM,RENAUD RD @ NAVAN RD (0003685),3685,02 - Intersection related,03 - P.D. only,03 - Rear end,01 - Clear,01 - Daylight,04 - Slush,01 - Traffic signal,01 - Functioning,2,0,0,0,,0,,,,,381813.0618,5032767.945,45.4306039,-75.51575899,8474
15--3901,2015/02/28,11:31 AM,ISLAND PARK DR @ RICHMOND RD (0002125),2125,02 - Intersection related,03 - P.D. only,03 - Rear end,01 - Clear,01 - Daylight,02 - Wet,01 - Traffic signal,01 - Functioning,2,0,0,0,,0,,,,,364130.4731,5028869.686,45.39725191,-75.74219213,8475
15--3902,2015/02/28,11:50 AM,FIFTH AVE btwn HOWICK PL & RUPERT ST (__3ZA923),__3ZA923,01 - Non intersection,03 - P.D. only,04 - Sideswipe,01 - Clear,01 - Daylight,01 - Dry,10 - No control,,2,0,0,0,,0,,,,,368543.054,5029486.65,45.40241534,-75.68575753,8476
15--3903,2015/02/28,11:53 AM,INNES RD @ TENTH LINE RD (0004633),4633,02 - Intersection related,03 - P.D. only,07 - SMV other,01 - Clear,01 - Daylight,01 - Dry,01 - Traffic signal,01 - Functioning,1,0,0,0,,0,,,,,383952.7242,5036158.115,45.46086677,-75.48787258,8477
15--3904,2015/02/28,Unknown,QUEENSVIEW DR btwn PINECREST RD & END (__3ZABK9),__3ZABK9,01 - Non intersection,03 - P.D. only,06 - SMV unattended vehicle,01 - Clear,00 - Unknown,01 - Dry,10 - No control,,1,0,0,0,,0,,,,,360660.9033,5023921.593,45.3530147,-75.78706389,8478
15--3905,2015/02/28,12:04 PM,BANK ST btwn FOURTH AVE & FIFTH AVE (__3ZA3OW),__3ZA3OW,01 - Non intersection,03 - P.D. only,04 - Sideswipe,01 - Clear,01 - Daylight,01 - Dry,10 - No control,,2,0,0,0,,0,,,,,368374.4633,5029455.843,45.40215348,-75.68791483,8479
15--3906,2015/02/28,12:05 PM,HIGHWAY 417 btwn HWY417 IC117 RAMP61 & HWY417 IC115 RAMP36 (__3ZA2RZ),__3ZA2RZ,01 - Non intersection,03 - P.D. only,04 - Sideswipe,01 - Clear,01 - Daylight,01 - Dry,10 - No control,,2,0,0,0,,0,,,,,371580.4175,5031422.647,45.41955147,-75.64670074,8480
15--3907,2015/02/28,12:21 PM,TERRY FOX DR btwn HWY417 IC140 RAMP16 & HWY417 IC140 RAMP35 (__3ZA3DR),__3ZA3DR,07 - Overpass or bridge,03 - P.D. only,03 - Rear end,01 - Clear,01 - Daylight,01 - Dry,10 - No control,,2,0,0,0,,0,,,,,350934.2798,5018566.652,45.30553709,-75.91169366,8481
15--3908,2015/02/28,2:26 PM,HWY 417 MAITLAND IC126R52 @ MAITLAND AVE (0002246),2246,02 - Intersection related,03 - P.D. only,03 - Rear end,01 - Clear,01 - Daylight,01 - Dry,03 - Yield sign,01 - Functioning,2,0,0,0,,0,,,,,363205.0947,5025833.768,45.37001296,-75.75436985,8482
15--3909,2015/02/28,2:30 AM,GREENBANK RD btwn WEST HUNT CLUB RD & FALLOWFIELD RD (__3ZA1NE),__3ZA1NE,01 - Non intersection,02 - Non-fatal injury,01 - Approaching,01 - Clear,07 - Dark,01 - Dry,10 - No control,,2,0,0,0,02 - Minor,2,,2,,,362174.0146,5018869.546,45.30743437,-75.7683396,8483
15--391,2015/01/07,6:59 PM,DUMAURIER AVE btwn RAMSEY CRES & WATSON ST (__3ZAA4R),__3ZAA4R,04 - At/near private drive,03 - P.D. only,03 - Rear end,01 - Clear,07 - Dark,06 - Ice,10 - No control,,2,0,0,0,,0,,,,,360180.7444,5023703.662,45.35109184,-75.79321595,8484
15--3910,2015/02/28,2:43 PM,BANK ST @ KILBORN AVE/BELANGER AVE (0007208),7208,02 - Intersection related,03 - P.D. only,02 - Angle,01 - Clear,01 - Daylight,01 - Dry,01 - Traffic signal,01 - Functioning,2,0,0,0,,0,,,,,369652.2785,5027427.908,45.3837896,-75.67186057,8485
15--3911,2015/02/28,2:49 PM,RICHMOND RD btwn HIGHFIELD CRES & GRENON AVE (__3ZA4LZ),__3ZA4LZ,01 - Non intersection,03 - P.D. only,03 - Rear end,01 - Clear,01 - Daylight,02 - Wet,10 - No control,,2,0,0,0,,0,,,,,359797.032,5024021.462,45.3539816,-75.79807727,8486
15--3912,2015/02/28,3:05 PM,INDUSTRIAL AVE @ TRAINYARDS DR (0011906),11906,02 - Intersection related,03 - P.D. only,04 - Sideswipe,01 - Clear,01 - Daylight,01 - Dry,01 - Traffic signal,01 - Functioning,2,0,0,0,,0,,,,,371686.919,5030538.997,45.4115906,-75.64545998,8487
15--3913,2015/02/28,3:18 AM,ANDERSON RD @ NINTH LINE RD (0004111),4111,03 - At intersection,03 - P.D. only,07 - SMV other,01 - Clear,07 - Dark,01 - Dry,02 - Stop sign,01 - Functioning,1,0,0,0,,0,,,,,382016.71,5021093.113,45.32553956,-75.51498237,8488
15--3914,2015/02/28,3:53 PM,MADELEINE MEILLEUR PRIV @ VANIER PKWY (0013514),13514,02 - Intersection related,03 - P.D. only,03 - Rear end,01 - Clear,01 - Daylight,06 - Ice,01 - Traffic signal,01 - Functioning,2,0,0,0,,0,,,,,369654.8152,5033359.306,45.43715791,-75.67104781,8489
15--3915,2015/02/28,4:55 AM,CLYDE AVE @ MAITLAND AVE (0003214),3214,03 - At intersection,03 - P.D. only,07 - SMV other,01 - Clear,07 - Dark,01 - Dry,03 - Yield sign,00 - Unknown,1,0,0,0,,0,,,,,364249.6935,5025140.247,45.36368492,-75.74111857,8490
15--3916,2015/02/28,6:15 PM,HUNT CLUB RD @ DOWNPATRICK RD/MCCARTHY RD (0006931),6931,03 - At intersection,03 - P.D. only,05 - Turning movement,01 - Clear,05 - Dusk,01 - Dry,01 - Traffic signal,01 - Functioning,2,0,0,0,,0,,,,,370506.7705,5023400.991,45.34747705,-75.6614857,8491
15--3917,2015/02/28,6:37 PM,BANK ST btwn JOHNSTON RD & SOUTHKEYS SC (__3ZA37TA),__3ZA37TA,01 - Non intersection,03 - P.D. only,99 - Other,01 - Clear,07 - Dark,01 - Dry,10 - No control,,2,0,0,0,,0,,,,,370880.6462,5024785.07,45.35989544,-75.65653003,8492
15--3918,2015/02/28,7:07 PM,HIGHWAY 417 btwn HWY417 IC117 RAMP36 & HWY417 IC117 RAMP26 (__3ZAZE0),__3ZAZE0,01 - Non intersection,03 - P.D. only,04 - Sideswipe,01 - Clear,07 - Dark,01 - Dry,10 - No control,,2,0,0,0,,0,,,,,370651.1756,5031177.641,45.41743508,-75.65860574,8493
15--3919,2015/02/28,7:23 PM,GRASSY PLAINS DR btwn FARMFIELD CRES & STONEHAVEN DR (__3ZA54F),__3ZA54F,04 - At/near private drive,03 - P.D. only,04 - Sideswipe,01 - Clear,07 - Dark,01 - Dry,10 - No control,,2,0,0,0,,0,,,,,356098.4882,5015894.874,45.28113779,-75.84611988,8494
15--392,2015/01/07,7:10 AM,WOODROFFE AVE btwn STRANDHERD DR & CHAPMAN MILLS DR (__6NGT53),__6NGT53,01 - Non intersection,03 - P.D. only,99 - Other,01 - Clear,03 - Dawn,06 - Ice,10 - No control,,2,0,0,0,,0,,,,,366161.9531,5015260.879,45.27462677,-75.71793455,8495
15--3920,2015/02/28,7:37 AM,MARYLAND AVE btwn PRINCE OF WALES DR & LAMPMAN CRES (__3ZA0DP),__3ZA0DP,01 - Non intersection,03 - P.D. only,06 - SMV unattended vehicle,01 - Clear,01 - Daylight,01 - Dry,10 - No control,,1,0,0,0,,0,,,,,367100.4446,5025966,45.3708673,-75.70462776,8496
15--3921,2015/02/28,9:11 AM,CLYDE AVE @ DOBBIE ST (0003081),3081,03 - At intersection,02 - Non-fatal injury,05 - Turning movement,01 - Clear,01 - Daylight,01 - Dry,02 - Stop sign,00 - Unknown,2,0,0,0,02 - Minor,1,,1,,,363653.6865,5026556.052,45.37647444,-75.74855732,8497
15--3922,2015/02/28,9:31 AM,DONALD ST @ ST. LAURENT BLVD (0008630),8630,03 - At intersection,03 - P.D. only,05 - Turning movement,01 - Clear,01 - Daylight,01 - Dry,01 - Traffic signal,01 - Functioning,2,0,0,0,,0,,,,,372093.7129,5032471.139,45.42893613,-75.63999951,8498
15--3923,2015/02/28,9:38 AM,PRINCE OF WALES DR @ WEST HUNT CLUB RD (0000567),567,02 - Intersection related,03 - P.D. only,03 - Rear end,01 - Clear,01 - Daylight,01 - Dry,01 - Traffic signal,01 - Functioning,2,0,0,0,,0,,,,,367458.7103,5021890.058,45.33416089,-75.70057085,8499
15--3924,2015/02/28,9:46 AM,HARVEST VALLEY AVE/SWEETVALLEY DR @ TENTH LINE RD (0013489),13489,02 - Intersection related,02 - Non-fatal injury,03 - Rear end,01 - Clear,01 - Daylight,01 - Dry,02 - Stop sign,01 - Functioning,2,0,0,0,01 - Minimal,2,2,,,,384697.1996,5034388.902,45.44486428,-75.47864187,8500
15--3925,2015/02/28,9:50 AM,BRIAN COBURN BLVD @ TENTH LINE RD (0013966),13966,02 - Intersection related,03 - P.D. only,03 - Rear end,01 - Clear,01 - Daylight,01 - Dry,01 - Traffic signal,01 - Functioning,2,0,0,0,,0,,,,,384428.3389,5035022.308,45.45059377,-75.48197576,8501
15--3926,2015/03/01,1:24 PM,HUNTMAR DR btwn PALLADIUM DR & MAPLE GROVE RD (__3ZA1EH),__3ZA1EH,04 - At/near private drive,03 - P.D. only,02 - Angle,01 - Clear,01 - Daylight,01 - Dry,10 - No control,,2,0,0,0,,0,,,,,349745.4017,5017268.057,45.29392902,-75.92697123,8502
15--3927,2015/03/01,1:43 PM,MER BLEUE RD @ 210 S OF INNES RD (0012453),12453,03 - At intersection,03 - P.D. only,02 - Angle,01 - Clear,01 - Daylight,01 - Dry,01 - Traffic signal,01 - Functioning,2,0,0,0,,0,,,,,382730.6787,5035374.346,45.45395247,-75.50362072,8503
15--3928,2015/03/01,1:55 PM,ST. JOSEPH BLVD @ TENTH LINE RD (0009163),9163,02 - Intersection related,03 - P.D. only,03 - Rear end,01 - Clear,01 - Daylight,01 - Dry,01 - Traffic signal,00 - Unknown,2,0,0,0,,0,,,,,382889.8399,5038666.935,45.48355851,-75.50106289,8504
15--3929,2015/03/01,10:51 AM,AIRPORT PKWY btwn BROOKFIELD RAMP 34 & BRONSON AVE RAMP 24C (__3ZA229),__3ZA229,01 - Non intersection,03 - P.D. only,07 - SMV other,01 - Clear,01 - Daylight,01 - Dry,10 - No control,,1,0,0,0,,0,,,,,368695.4794,5026722.66,45.37753191,-75.68416856,8505
15--393,2015/01/07,7:44 PM,DES EPINETTES AVE @ JEANNE D'ARC BLVD (0004221),4221,03 - At intersection,03 - P.D. only,05 - Turning movement,01 - Clear,07 - Dark,02 - Wet,01 - Traffic signal,01 - Functioning,2,0,0,0,,0,,,,,382228.5509,5035958.519,45.45926419,-75.5099477,8506
15--3930,2015/03/01,11:00 PM,CRAIG HENRY DR @ KNOXDALE RD (0000590),590,02 - Intersection related,02 - Non-fatal injury,03 - Rear end,01 - Clear,07 - Dark,01 - Dry,01 - Traffic signal,01 - Functioning,2,0,0,0,01 - Minimal,1,1,,,,363116.6879,5021656.936,45.33243756,-75.75599101,8507
15--3931,2015/03/01,11:41 AM,CARP RD @ STITTSVILLE MAIN ST (0005253),5253,03 - At intersection,03 - P.D. only,02 - Angle,01 - Clear,01 - Daylight,01 - Dry,01 - Traffic signal,01 - Functioning,2,0,0,0,,0,,,,,349524.0632,5014330.806,45.26751277,-75.93005772,8508
15--3932,2015/03/01,11:58 AM,MONTMERE AVE @ TRIM RD (0013576),13576,03 - At intersection,03 - P.D. only,02 - Angle,01 - Clear,01 - Daylight,01 - Dry,02 - Stop sign,01 - Functioning,2,0,0,0,,0,,,,,386931.5759,5036384.61,45.4625607,-75.44975044,8509
15--3933,2015/03/01,Unknown,OLD CARP RD btwn SECOND LINE RD & MARCHBROOK CIRC (__3ZBPN3),__3ZBPN3,04 - At/near private drive,03 - P.D. only,07 - SMV other,01 - Clear,00 - Unknown,03 - Loose snow,10 - No control,,1,0,0,0,,0,,,,,347880.7778,5023625.428,45.35125135,-75.95018997,8510
15--3934,2015/03/01,Unknown,CRICHTON ST btwn THE MEWS LANE & ELECTRIC ST (__3ZA4GE),__3ZA4GE,01 - Non intersection,03 - P.D. only,06 - SMV unattended vehicle,01 - Clear,00 - Unknown,01 - Dry,10 - No control,,1,0,0,0,,0,,,,,368848.1256,5033588.496,45.43929443,-75.68132776,8511
15--3935,2015/03/01,12:49 PM,JOCKVALE RD @ STRANDHERD DR (0010541),10541,02 - Intersection related,03 - P.D. only,03 - Rear end,01 - Clear,01 - Daylight,02 - Wet,01 - Traffic signal,01 - Functioning,2,0,0,0,,0,,,,,363561.4444,5014575.428,45.26868119,-75.75115655,8512
15--3936,2015/03/01,2:06 AM,ROCKINGHAM AVE btwn CLEMENTINE BLVD & BANK ST (__3ZA873),__3ZA873,01 - Non intersection,03 - P.D. only,06 - SMV unattended vehicle,01 - Clear,07 - Dark,02 - Wet,10 - No control,,1,0,0,0,,0,,,,,369694.2087,5027315.661,45.38277575,-75.67133995,8513
15--3937,2015/03/01,2:30 AM,HWY417 IC117 RAMP36 btwn HIGHWAY 417 & VANIER PKWY (__3ZAYAX),__3ZAYAX,01 - Non intersection,03 - P.D. only,07 - SMV other,01 - Clear,07 - Dark,02 - Wet,10 - No control,,1,0,0,0,,0,,,,,370720.4897,5031228.904,45.4178898,-75.65771334,8514
15--3938,2015/03/01,2:42 AM,HWY417 IC127 RAMP63 btwn HIGHWAY 417 & WOODROFFE AVE (__3ZAY81),__3ZAY81,01 - Non intersection,03 - P.D. only,07 - SMV other,01 - Clear,07 - Dark,01 - Dry,10 - No control,,1,0,0,0,,0,,,,,362021.3151,5024800.167,45.36081035,-75.76960106,8515
15--3939,2015/03/01,3:53 AM,WOODROFFE AVE @ HWY 417 WOODROFF IC127R26/HWY4 (0002355),2355,03 - At intersection,03 - P.D. only,07 - SMV other,01 - Clear,07 - Dark,01 - Dry,01 - Traffic signal,01 - Functioning,1,0,0,0,,0,,,,,362082.6869,5024938.796,45.36205272,-75.76880168,8516
15--394,2015/01/07,7:45 AM,JEANNE D'ARC BLVD  S btwn CEDAR MILLS RD & BEAUSEJOUR DR (__3ZA2BK),__3ZA2BK,01 - Non intersection,03 - P.D. only,03 - Rear end,01 - Clear,03 - Dawn,06 - Ice,10 - No control,,2,0,0,0,,0,,,,,381412.0724,5036071.656,45.46037211,-75.52036856,8517
15--3940,2015/03/01,4:45 PM,RIDEAU ST btwn KING EDWARD AVE & NELSON ST (__3ZA3VG),__3ZA3VG,04 - At/near private drive,03 - P.D. only,02 - Angle,01 - Clear,01 - Daylight,01 - Dry,10 - No control,,2,0,0,0,,0,,,,,368608.8501,5032481.448,45.42935551,-75.68452938,8518
15--3941,2015/03/01,5:00 PM,DOWNPATRICK RD btwn COTTER'S CRES & SHANEGAL CRES (__3ZA9ZZ),__3ZA9ZZ,01 - Non intersection,03 - P.D. only,06 - SMV unattended vehicle,03 - Snow,01 - Daylight,02 - Wet,10 - No control,,1,0,0,0,,0,,,,,370422.726,5023006.629,45.34393656,-75.66261043,8519
15--3942,2015/03/01,5:17 PM,GREENBANK RD @ STRANDHERD DR (0005563),5563,02 - Intersection related,03 - P.D. only,07 - SMV other,01 - Clear,01 - Daylight,01 - Dry,01 - Traffic signal,01 - Functioning,1,0,0,0,,0,,,,,363932.72,5014784.899,45.2705349,-75.74640056,8520
15--3943,2015/03/01,7:40 AM,HIGHWAY 417 btwn HWY417 IC117 RAMP51 & HWY417 IC117 RAMP35 (__3ZA2YN),__3ZA2YN,01 - Non intersection,02 - Non-fatal injury,07 - SMV other,01 - Clear,01 - Daylight,01 - Dry,10 - No control,,1,0,0,0,02 - Minor,2,1,1,,,371007.8543,5031285.222,45.41836939,-75.65403443,8521
15--3944,2015/03/01,7:41 PM,LEMIEUX ST @ ST. LAURENT BLVD (0002021),2021,02 - Intersection related,03 - P.D. only,04 - Sideswipe,03 - Snow,07 - Dark,04 - Slush,01 - Traffic signal,01 - Functioning,2,0,0,0,,0,,,,,372391.7247,5031743.046,45.42235636,-75.63629133,8522
15--3945,2015/03/01,7:50 PM,BRONSON AVE btwn COOPER ST & SOMERSET ST W (__3ZA33L),__3ZA33L,04 - At/near private drive,03 - P.D. only,02 - Angle,01 - Clear,07 - Dark,01 - Dry,10 - No control,,2,0,0,0,,0,,,,,366959.0214,5030495.367,45.41163393,-75.70586253,8523
15--3946,2015/03/01,8:30 PM,KENT ST btwn SPARKS ST & QUEEN ST (__3ZA1Z0),__3ZA1Z0,01 - Non intersection,03 - P.D. only,04 - Sideswipe,01 - Clear,07 - Dark,01 - Dry,10 - No control,,2,0,0,0,,0,,,,,367171.0197,5031400.556,45.41975969,-75.70303976,8524
15--3947,2015/03/01,8:40 AM,HWY 417 MOODIE IC134R52 @ MOODIE DR (0000553),553,03 - At intersection,03 - P.D. only,04 - Sideswipe,01 - Clear,01 - Daylight,01 - Dry,01 - Traffic signal,01 - Functioning,2,0,0,0,,0,,,,,356459.2498,5022043.59,45.33643839,-75.84088077,8525
15--3948,2015/03/01,8:43 AM,CATHERINE ST @ KENT ST (0002707),2707,03 - At intersection,03 - P.D. only,02 - Angle,01 - Clear,01 - Daylight,01 - Dry,01 - Traffic signal,01 - Functioning,2,0,0,0,,0,,,,,367907.7075,5030188.082,45.40878417,-75.69378275,8526
15--3949,2015/03/01,8:50 AM,LAFONTAINE AVE @ MCARTHUR AVE (0009806),9806,03 - At intersection,02 - Non-fatal injury,07 - SMV other,01 - Clear,01 - Daylight,01 - Dry,01 - Traffic signal,01 - Functioning,1,0,0,1,02 - Minor,1,,1,,,370950.6762,5032769.164,45.43172668,-75.65456565,8527
15--395,2015/01/07,7:48 PM,MEADOWLANDS DR @ MERIVALE RD (0000625),625,03 - At intersection,02 - Non-fatal injury,05 - Turning movement,01 - Clear,07 - Dark,04 - Slush,01 - Traffic signal,01 - Functioning,2,0,0,0,01 - Minimal,1,1,,,,364858.6999,5023724.065,45.35089041,-75.7335173,8528
15--3950,2015/03/02,1:27 PM,CAMBRIDGE ST @ SOMERSET ST (0006339),6339,03 - At intersection,03 - P.D. only,02 - Angle,03 - Snow,01 - Daylight,05 - Packed snow,02 - Stop sign,01 - Functioning,2,0,0,0,,0,,,,,366898.6989,5030434.05,45.41108758,-75.70664085,8529
15--3951,2015/03/02,1:42 PM,OGILVIE RD @ CITY PARK DR E/CSIS HQ ACCESS (0003696),3696,02 - Intersection related,03 - P.D. only,03 - Rear end,01 - Clear,01 - Daylight,01 - Dry,01 - Traffic signal,01 - Functioning,2,0,0,0,,0,,,,,374188.7282,5033009.131,45.43357199,-75.61315299,8530
15--3952,2015/03/02,10:10 PM,CARSON'S RD btwn CHARLESWOOD AVE & DEN HAAG DR (__3ZA7W1),__3ZA7W1,01 - Non intersection,03 - P.D. only,06 - SMV unattended vehicle,01 - Clear,07 - Dark,02 - Wet,10 - No control,,1,0,0,0,,0,,,,,373008.5109,5033847.538,45.44123166,-75.62811923,8531
15--3953,2015/03/02,10:47 AM,ALBION RD @ CAHILL DR (0007499),7499,03 - At intersection,03 - P.D. only,02 - Angle,01 - Clear,01 - Daylight,01 - Dry,02 - Stop sign,01 - Functioning,2,0,0,0,,0,,,,,371725.5888,5024669.26,45.35877327,-75.64576185,8532
15--3954,2015/03/02,11:18 AM,HIGHWAY 416 btwn HIGHWAY 416 & HWY416 IC57 RAMP53 (__3ZA1NC),__3ZA1NC,01 - Non intersection,02 - Non-fatal injury,07 - SMV other,01 - Clear,01 - Daylight,01 - Dry,10 - No control,,1,0,0,0,02 - Minor,2,,2,,,364880.6319,5007762.47,45.20726643,-75.73516949,8533
15--3955,2015/03/02,11:30 AM,HWY417 IC127 RAMP35 btwn HIGHWAY 417 & WOODROFFE AVE (__3ZAYBQ),__3ZAYBQ,01 - Non intersection,03 - P.D. only,03 - Rear end,01 - Clear,01 - Daylight,01 - Dry,10 - No control,,2,0,0,0,,0,,,,,362043.6977,5024736.81,45.36023845,-75.76932272,8534