Anom_ID,Accident_Date,Accident_Time,Location,Geo_ID,Accident_Location,Classification_of_Accident,Initial_Impact_Type,Environment_Condition,Light,Road_Surface_Condition,Traffic_Control,Traffic_Control_Condition,No__of_Vehicles,No__of_Bicycles,No__of_Motorcycles,No__of_Pedestrians,Max_Injury,No__of_Injuries,No__of_Minimal,No__of_Minor,No__of_Major,No__of_Fatal,X,Y,Latitude,Longitude,ObjectId
15--3956,2015/03/02,11:33 AM,DALY AVE @ CHARLOTTE ST (0007743),7743,03 - At intersection,03 - P.D. only,05 - Turning movement,01 - Clear,01 - Daylight,01 - Dry,02 - Stop sign,00 - Unknown,2,0,0,0,,0,,,,,369334.5027,5032722.744,45.43146002,-75.67522495,8535
15--3957,2015/03/02,12:38 PM,TARQUIN CRES btwn TYBALT CRES & TYBALT CRES (__3ZABFL),__3ZABFL,01 - Non intersection,03 - P.D. only,06 - SMV unattended vehicle,01 - Clear,01 - Daylight,01 - Dry,10 - No control,,1,0,0,0,,0,,,,,357210.3869,5019990.597,45.31790966,-75.831515,8536
15--3958,2015/03/02,12:54 PM,BELFAST RD @ ST. LAURENT BLVD (0007658),7658,03 - At intersection,03 - P.D. only,05 - Turning movement,01 - Clear,01 - Daylight,01 - Dry,01 - Traffic signal,01 - Functioning,2,0,0,0,,0,,,,,372861.688,5030579.044,45.41183765,-75.63044745,8537
15--3959,2015/03/02,2:30 AM,ROCKCLIFFE PKWY btwn PRINCESS AVE & BUENA VISTA RD (__3ZA8D1),__3ZA8D1,01 - Non intersection,03 - P.D. only,07 - SMV other,01 - Clear,07 - Dark,01 - Dry,10 - No control,,1,0,0,0,,0,,,,,368247.7957,5034412.481,45.44676308,-75.68889424,8538
15--396,2015/01/07,7:56 PM,TENTH LINE RD @ CHARLEMAGNE BLVD S/DES EPINETT (0003686),3686,03 - At intersection,03 - P.D. only,05 - Turning movement,01 - Clear,07 - Dark,01 - Dry,01 - Traffic signal,01 - Functioning,2,0,0,0,,0,,,,,383640.9751,5036900.456,45.46758093,-75.49173924,8539
15--3960,2015/03/02,2:32 PM,COLDREY AVE btwn KENZIE ST & MERIVALE RD (__3ZA0RW),__3ZA0RW,01 - Non intersection,03 - P.D. only,06 - SMV unattended vehicle,01 - Clear,01 - Daylight,05 - Packed snow,10 - No control,,1,0,0,0,,0,,,,,364534.1943,5027172.735,45.38194873,-75.7372414,8540
15--3961,2015/03/02,3:00 PM,BAY ST @ WELLINGTON ST (0010737),10737,03 - At intersection,02 - Non-fatal injury,02 - Angle,01 - Clear,01 - Daylight,01 - Dry,01 - Traffic signal,01 - Functioning,2,0,0,0,01 - Minimal,1,1,,,,366813.7341,5031351.085,45.41934632,-75.70761085,8541
15--3962,2015/03/02,3:25 PM,EARL ARMSTRONG RD @ LIMEBANK RD (0004456),4456,02 - Intersection related,02 - Non-fatal injury,03 - Rear end,01 - Clear,01 - Daylight,01 - Dry,01 - Traffic signal,01 - Functioning,2,0,0,0,01 - Minimal,1,1,,,,370168.4379,5015993.191,45.28085495,-75.66678024,8542
15--3963,2015/03/02,3:28 PM,GREENBANK RD @ MARKETPLACE AVE (0010406),10406,02 - Intersection related,02 - Non-fatal injury,03 - Rear end,01 - Clear,01 - Daylight,01 - Dry,01 - Traffic signal,01 - Functioning,2,0,0,0,01 - Minimal,2,2,,,,364009.3198,5014600.744,45.26887142,-75.7454464,8543
15--3964,2015/03/02,4:30 PM,KING EDWARD AVE @ OSGOODE ST/THOMAS MORE PRIV (0007750),7750,02 - Intersection related,03 - P.D. only,03 - Rear end,01 - Clear,01 - Daylight,01 - Dry,01 - Traffic signal,01 - Functioning,2,0,0,0,,0,,,,,368849.7068,5031852.093,45.42367079,-75.68153341,8544
15--3965,2015/03/02,4:30 PM,HUNT CLUB RD @ RIVERSIDE DR (0002237),2237,02 - Intersection related,03 - P.D. only,03 - Rear end,01 - Clear,01 - Daylight,01 - Dry,01 - Traffic signal,01 - Functioning,3,0,0,0,,0,,,,,368035.7391,5021945.98,45.3346123,-75.69320243,8545
15--3966,2015/03/02,4:44 PM,INNES RD btwn ANDERSON RD & INNES RD (__3ZA3J2),__3ZA3J2,04 - At/near private drive,02 - Non-fatal injury,02 - Angle,01 - Clear,01 - Daylight,01 - Dry,10 - No control,,2,0,0,0,02 - Minor,1,,1,,,376482.7047,5031961.363,45.42391342,-75.58399024,8546
15--3967,2015/03/02,5:07 PM,BANK ST btwn ALTA VISTA DR & ERIE AVE (__3ZA36X),__3ZA36X,01 - Non intersection,03 - P.D. only,04 - Sideswipe,01 - Clear,01 - Daylight,01 - Dry,10 - No control,,2,0,0,0,,0,,,,,370187.3662,5026335.096,45.37390709,-75.66517314,8547
15--3968,2015/03/02,5:24 PM,LAURIER AVE   E btwn HENDERSON AVE & NELSON ST (__3ZA3VQ),__3ZA3VQ,04 - At/near private drive,03 - P.D. only,03 - Rear end,01 - Clear,01 - Daylight,01 - Dry,10 - No control,,2,0,0,0,,0,,,,,368860.1377,5032107.507,45.42596795,-75.68136692,8548
15--3969,2015/03/02,5:27 PM,COLONIAL RD btwn TRIM RD & FAIRGREEN AVE (__3ZA3M0),__3ZA3M0,01 - Non intersection,03 - P.D. only,07 - SMV other,01 - Clear,01 - Daylight,05 - Packed snow,10 - No control,,1,0,0,0,,0,,,,,388893.9771,5031820.403,45.42126334,-75.42544071,8549
15--397,2015/01/07,8:10 PM,HIGHWAY 417 btwn HWY417 IC112 RAMP55 & HIGHWAY 417 (__3ZAZPP),__3ZAZPP,01 - Non intersection,03 - P.D. only,07 - SMV other,01 - Clear,07 - Dark,06 - Ice,10 - No control,,1,0,0,0,,0,,,,,374921.011,5030673.059,45.41248024,-75.60412746,8550
15--3970,2015/03/02,5:31 PM,HUNTMAR DR btwn PALLADIUM DR & MAPLE GROVE RD (__3ZA1EH),__3ZA1EH,01 - Non intersection,03 - P.D. only,03 - Rear end,01 - Clear,01 - Daylight,03 - Loose snow,10 - No control,,2,0,0,0,,0,,,,,349770.4928,5017262.25,45.29387516,-75.92665188,8551
15--3971,2015/03/02,5:39 PM,WOODROFFE AVE btwn 260 N OF FALLOWFIELD RD/TRANSITWAY & FALLOWFIELD RD (__3ZA3IOB),__3ZA3IOB,01 - Non intersection,03 - P.D. only,03 - Rear end,01 - Clear,01 - Daylight,01 - Dry,10 - No control,,2,0,0,0,,0,,,,,365060.0898,5017970.178,45.29910023,-75.73164759,8552
15--3972,2015/03/02,5:53 PM,CARLING AVE @ MERIVALE RD (0002148),2148,03 - At intersection,02 - Non-fatal injury,05 - Turning movement,01 - Clear,05 - Dusk,01 - Dry,01 - Traffic signal,01 - Functioning,2,0,0,0,02 - Minor,1,,1,,,364894.9233,5027700.764,45.38666899,-75.73257131,8553
15--3973,2015/03/02,6:21 AM,BELFAST RD @ ST. LAURENT BLVD (0007658),7658,02 - Intersection related,03 - P.D. only,03 - Rear end,01 - Clear,03 - Dawn,02 - Wet,01 - Traffic signal,01 - Functioning,2,0,0,0,,0,,,,,372860.7241,5030578.08,45.41182907,-75.6304599,8554
15--3974,2015/03/02,6:27 PM,BANK ST @ RIVERSIDE DR S (0002704),2704,03 - At intersection,03 - P.D. only,02 - Angle,01 - Clear,07 - Dark,01 - Dry,01 - Traffic signal,01 - Functioning,2,0,0,0,,0,,,,,369305.681,5027894.071,45.38801599,-75.67622511,8555
15--3975,2015/03/02,6:48 PM,MERIVALE RD btwn FAMILY BROWN LANE & BASIL MACDONALD WAY (__4BBET2),__4BBET2,01 - Non intersection,03 - P.D. only,04 - Sideswipe,01 - Clear,07 - Dark,01 - Dry,10 - No control,,2,1,0,0,,0,,,,,365091.4994,5023189.068,45.34605661,-75.73061175,8556
15--3976,2015/03/02,7:05 PM,PERTH ST btwn FRANKTOWN RD & ROCHELLE DR (__3ZA42R),__3ZA42R,01 - Non intersection,03 - P.D. only,07 - SMV other,03 - Snow,07 - Dark,06 - Ice,10 - No control,,1,0,0,0,,0,,,,,356047.4412,5005619.3,45.18867912,-75.84782901,8557
15--3977,2015/03/02,7:10 PM,INNES RD btwn CYRVILLE RD & STONEHENGE CRES (__3ZA3RE),__3ZA3RE,01 - Non intersection,03 - P.D. only,03 - Rear end,01 - Clear,07 - Dark,01 - Dry,10 - No control,,2,0,0,0,,0,,,,,375111.3392,5031162.456,45.41686448,-75.60162629,8558
15--3978,2015/03/02,7:32 PM,COOPER ST @ O'CONNOR ST (0006954),6954,03 - At intersection,03 - P.D. only,05 - Turning movement,01 - Clear,07 - Dark,01 - Dry,02 - Stop sign,00 - Unknown,2,0,0,0,,0,,,,,367808.7112,5031084.125,45.4168554,-75.69493278,8559
15--3979,2015/03/02,7:45 AM,BOTELER ST @ SUSSEX DR (0011436),11436,02 - Intersection related,03 - P.D. only,03 - Rear end,01 - Clear,01 - Daylight,02 - Wet,01 - Traffic signal,01 - Functioning,2,0,0,0,,0,,,,,367448.6079,5032953.05,45.43370372,-75.69929568,8560
15--398,2015/01/07,8:11 AM,BRAEMAR ST @ HEMLOCK RD (0007184),7184,03 - At intersection,03 - P.D. only,03 - Rear end,03 - Snow,01 - Daylight,05 - Packed snow,02 - Stop sign,01 - Functioning,2,0,0,0,,0,,,,,370889.9917,5034759.949,45.4496446,-75.65507381,8561
15--3980,2015/03/02,7:55 AM,ST. JOSEPH BLVD @ JEANNE D'ARC BLVD (0012421),12421,03 - At intersection,03 - P.D. only,04 - Sideswipe,01 - Clear,01 - Daylight,04 - Slush,11 - Roundabout,01 - Functioning,2,0,0,0,,0,,,,,379859.7786,5036470.135,45.46412581,-75.54015393,8562
15--3981,2015/03/02,8:09 AM,ALTA VISTA DR btwn BILLINGS AVE & PLEASANT PARK RD (__3ZBOTQ),__3ZBOTQ,01 - Non intersection,03 - P.D. only,03 - Rear end,01 - Clear,01 - Daylight,02 - Wet,10 - No control,,2,0,0,0,,0,,,,,370364.7592,5028488.271,45.39326405,-75.66262256,8563
15--3982,2015/03/02,8:47 AM,GREENBANK RD @ CANFIELD RD/CRAIG HENRY DR (0000154),154,03 - At intersection,03 - P.D. only,03 - Rear end,01 - Clear,01 - Daylight,01 - Dry,01 - Traffic signal,01 - Functioning,2,0,0,0,,0,,,,,361106.6798,5021364.01,45.32996597,-75.78166611,8564
15--3983,2015/03/02,8:55 AM,HIGHWAY 417 btwn HWY417 IC127 RAMP63 & HWY417 IC127 RAMP67 (__3ZA2RF),__3ZA2RF,01 - Non intersection,03 - P.D. only,99 - Other,01 - Clear,01 - Daylight,01 - Dry,10 - No control,,2,0,0,0,,0,,,,,362133.9504,5024863.705,45.36137286,-75.76815608,8565
15--4357,2015/03/13,2:31 PM,BANK ST btwn CAMERON AVE & CHESLEY ST (__3ZA3NV),__3ZA3NV,01 - Non intersection,03 - P.D. only,04 - Sideswipe,01 - Clear,01 - Daylight,01 - Dry,10 - No control,,2,0,0,0,,0,,,,,368989.2634,5028212.124,45.3909068,-75.68022416,8566
15--4443,2015/03/15,4:40 AM,BLACKBURN BYPASS WB btwn NAVAN RD & 1700 W OF NAVAN RD (__3ZA3J5B),__3ZA3J5B,01 - Non intersection,03 - P.D. only,07 - SMV other,03 - Snow,07 - Dark,04 - Slush,10 - No control,,1,0,0,0,,0,,,,,379112.7765,5032955.161,45.43258048,-75.55023602,8567
15--4184,2015/03/08,10:16 AM,RIOCAN AVE @ STRANDHERD DR (0010997),10997,02 - Intersection related,03 - P.D. only,03 - Rear end,03 - Snow,01 - Daylight,02 - Wet,01 - Traffic signal,01 - Functioning,2,0,0,0,,0,,,,,364172.2088,5014944.212,45.27194822,-75.74332969,8568
15--3812,2015/02/26,8:25 AM,MARCH RD btwn HERZBERG RD & CORKSTOWN RD (__3ZA2XV),__3ZA2XV,01 - Non intersection,03 - P.D. only,03 - Rear end,01 - Clear,01 - Daylight,01 - Dry,10 - No control,,2,0,0,0,,0,,,,,352448.6588,5021376.173,45.33071666,-75.89211305,8569
15--3813,2015/02/26,8:40 AM,VANIER PKWY SB btwn QUEEN MARY ST & PRESLAND RD (__3ZA4S5A),__3ZA4S5A,01 - Non intersection,03 - P.D. only,04 - Sideswipe,01 - Clear,01 - Daylight,01 - Dry,10 - No control,,2,0,0,0,,0,,,,,370369.7716,5031854.024,45.42354733,-75.6621109,8570
15--4082,2015/03/04,7:41 AM,STONEHAVEN DR btwn RICHMOND RD & SAWYER WAY/SUMMITVIEW DR (__3ZA5XW),__3ZA5XW,04 - At/near private drive,03 - P.D. only,05 - Turning movement,01 - Clear,01 - Daylight,02 - Wet,10 - No control,,2,0,0,0,,0,,,,,356763.3279,5015878.425,45.28094095,-75.83764774,8571
15--4358,2015/03/13,2:34 PM,FRIEL ST @ RIDEAU ST (0011917),11917,02 - Intersection related,03 - P.D. only,04 - Sideswipe,03 - Snow,01 - Daylight,03 - Loose snow,01 - Traffic signal,01 - Functioning,2,0,0,0,,0,,,,,368770.8986,5032570.898,45.43014554,-75.68244701,8572
15--3814,2015/02/26,8:43 AM,ST. LAURENT BLVD btwn TRANSIT & HWY417 IC115 RAMP35 (__3ZA1LL),__3ZA1LL,01 - Non intersection,03 - P.D. only,03 - Rear end,01 - Clear,01 - Daylight,01 - Dry,10 - No control,,2,0,0,0,,0,,,,,372455.5663,5031593.349,45.42100328,-75.63549619,8573
15--4444,2015/03/15,4:48 PM,MERIVALE RD @ CAPILANO DR/WITHROW AVE (0009820),9820,02 - Intersection related,02 - Non-fatal injury,03 - Rear end,01 - Clear,01 - Daylight,01 - Dry,01 - Traffic signal,01 - Functioning,3,0,0,0,02 - Minor,1,,1,,,364642.429,5024227.287,45.35543682,-75.73621624,8574
15--4185,2015/03/08,11:17 AM,BANKFIELD RD btwn HWY416 IC57 RAMP62 & KILREEN LANE (__3ZAZXF),__3ZAZXF,01 - Non intersection,03 - P.D. only,07 - SMV other,05 - Drifting Snow,01 - Daylight,03 - Loose snow,10 - No control,,1,0,0,0,,0,,,,,365540.1125,5008504.185,45.21388391,-75.72668458,8575
15--4083,2015/03/04,8:09 AM,8TH LINE RD btwn PARKWAY RD & ADAM BAKER WAY (__3ZA204),__3ZA204,01 - Non intersection,03 - P.D. only,07 - SMV other,01 - Clear,01 - Daylight,04 - Slush,10 - No control,,1,0,0,0,,0,,,,,383201.4572,5016802.304,45.28680223,-75.50055011,8576
15--4359,2015/03/13,3:18 PM,BEECHWOOD AVE @ MARQUETTE AVE (0005737),5737,03 - At intersection,02 - Non-fatal injury,07 - SMV other,03 - Snow,01 - Daylight,02 - Wet,02 - Stop sign,00 - Unknown,1,0,0,0,02 - Minor,1,,1,,,369681.6723,5034040.078,45.44328072,-75.67061483,8577
15--3815,2015/02/26,8:57 AM,IRIS ST @ WOODROFFE AVE (0002736),2736,03 - At intersection,03 - P.D. only,02 - Angle,01 - Clear,01 - Daylight,01 - Dry,01 - Traffic signal,01 - Functioning,2,0,0,0,,0,,,,,362283.174,5024441.64,45.35756294,-75.76630054,8578
15--4445,2015/03/15,4:49 PM,BAYVIEW RD @ SCOTT ST/ALBERT ST (0005646),5646,02 - Intersection related,03 - P.D. only,03 - Rear end,01 - Clear,01 - Daylight,01 - Dry,01 - Traffic signal,01 - Functioning,2,0,0,0,,0,,,,,365518.0731,5030071.082,45.40794283,-75.72432248,8579
15--4186,2015/03/08,11:26 AM,NICHOLAS ST SB btwn LAURIER AVE E & Continuation of NICHOLAS ST (__3ZA3MG),__3ZA3MG,01 - Non intersection,03 - P.D. only,04 - Sideswipe,01 - Clear,01 - Daylight,02 - Wet,10 - No control,,2,0,0,0,,0,,,,,368385.0624,5031783.941,45.42309997,-75.68747912,8580
15--4084,2015/03/04,8:22 AM,SOMERSET ST    W btwn BREEZEHILL AVE N & PRESTON ST (__3ZA32I),__3ZA32I,04 - At/near private drive,03 - P.D. only,02 - Angle,01 - Clear,01 - Daylight,02 - Wet,10 - No control,,2,0,0,0,,0,,,,,366287.4576,5030120.34,45.40831887,-75.71448832,8581
15--436,2015/01/08,12:14 PM,BANK ST @ EXHIBITION WAY (0009013),9013,02 - Intersection related,03 - P.D. only,03 - Rear end,03 - Snow,01 - Daylight,05 - Packed snow,01 - Traffic signal,01 - Functioning,2,0,0,0,,0,,,,,368529.9008,5029087.197,45.39882239,-75.68597715,8582
15--3816,2015/02/26,9:04 AM,NAVAHO DR @ GAGE CRES (0003386),3386,02 - Intersection related,03 - P.D. only,03 - Rear end,01 - Clear,01 - Daylight,06 - Ice,02 - Stop sign,01 - Functioning,2,0,0,0,,0,,,,,363047.471,5024169.338,45.35504971,-75.75657817,8583
15--4446,2015/03/15,4:59 PM,BANK ST @ FIFTH AVE (0007247),7247,03 - At intersection,03 - P.D. only,02 - Angle,01 - Clear,01 - Daylight,01 - Dry,01 - Traffic signal,01 - Functioning,2,0,0,0,,0,,,,,368398.7134,5029401.04,45.40165818,-75.68761216,8584
15--4447,2015/03/15,7:10 AM,BRITTANY DR btwn BANGS ST & TRURO ST (__3ZA8DJ),__3ZA8DJ,01 - Non intersection,03 - P.D. only,07 - SMV other,03 - Snow,01 - Daylight,03 - Loose snow,10 - No control,,1,0,0,0,,0,,,,,371742.1769,5034352.788,45.44590006,-75.64423568,8585
15--4448,2015/03/15,7:30 AM,ALBION RD @ SOUTHGATE RD/ROYAL OAK CRT (0006985),6985,03 - At intersection,03 - P.D. only,02 - Angle,03 - Snow,01 - Daylight,04 - Slush,02 - Stop sign,01 - Functioning,2,0,0,0,,0,,,,,371817.9852,5024444.025,45.35673786,-75.64461317,8586
15--4449,2015/03/15,7:37 AM,BASELINE RD @ FISHER AVE (0002346),2346,02 - Intersection related,03 - P.D. only,07 - SMV other,03 - Snow,01 - Daylight,03 - Loose snow,01 - Traffic signal,01 - Functioning,1,0,0,0,,0,,,,,366168.6213,5026026.123,45.37149049,-75.71651549,8587
15--445,2015/01/08,2:36 PM,GREENBANK RD @ WEST HUNT CLUB RD (0005167),5167,02 - Intersection related,02 - Non-fatal injury,03 - Rear end,03 - Snow,01 - Daylight,04 - Slush,01 - Traffic signal,01 - Functioning,2,0,0,0,01 - Minimal,1,1,,,,361477.7493,5020501.997,45.32217972,-75.77703123,8588
15--4450,2015/03/15,7:40 AM,HIGHWAY 416 btwn HWY416 IC57 RAMP24 & HWY416 IC49 RAMP42 (__3ZAZGI),__3ZAZGI,01 - Non intersection,03 - P.D. only,07 - SMV other,03 - Snow,01 - Daylight,03 - Loose snow,10 - No control,,1,0,0,0,,0,,,,,366457.1144,5005295.506,45.18493236,-75.71540775,8589
15--4451,2015/03/15,7:58 AM,ST. LAURENT BLVD btwn TO BE DETERMINED & DWELLINGHAM PRIV (__3ZA1L3),__3ZA1L3,04 - At/near private drive,02 - Non-fatal injury,02 - Angle,03 - Snow,01 - Daylight,04 - Slush,10 - No control,,2,0,0,0,02 - Minor,1,,1,,,373489.5585,5029087.75,45.39835835,-75.6226345,8590
15--4452,2015/03/15,8:00 AM,WESTHALL WAY btwn CARRONBRIDGE CIR & CARRONBRIDGE CIR (__7IFXPW),__7IFXPW,04 - At/near private drive,03 - P.D. only,06 - SMV unattended vehicle,03 - Snow,01 - Daylight,04 - Slush,10 - No control,,1,0,0,0,,0,,,,,354639.993,5015623.491,45.27880074,-75.86473679,8591
15--4453,2015/03/15,8:10 AM,DOWNPATRICK RD btwn WYMAN CRES & WYMAN PL (__3ZA9WQ),__3ZA9WQ,01 - Non intersection,03 - P.D. only,06 - SMV unattended vehicle,03 - Snow,01 - Daylight,06 - Ice,10 - No control,,1,0,0,0,,0,,,,,370553.5136,5023287.497,45.34645148,-75.66090434,8592
15--4454,2015/03/15,8:10 AM,HIGHWAY 416 btwn HWY416 IC57 RAMP24 & HWY416 IC49 RAMP42 (__3ZAZGI),__3ZAZGI,01 - Non intersection,02 - Non-fatal injury,07 - SMV other,02 - Rain,01 - Daylight,03 - Loose snow,10 - No control,,1,0,0,0,02 - Minor,1,,1,,,368485.51,5002980.431,45.16392098,-75.68989419,8593
15--4455,2015/03/15,8:45 AM,HIGHWAY 417 btwn HWY417 IC155 RAMP61 & HWY417 IC145 RAMP56 (__3ZA2Q2),__3ZA2Q2,01 - Non intersection,03 - P.D. only,07 - SMV other,03 - Snow,01 - Daylight,04 - Slush,10 - No control,,1,0,0,0,,0,,,,,340591.761,5019061.042,45.31058901,-76.04354139,8594
15--4456,2015/03/15,9:00 AM,GRASSY PLAINS DR btwn SHEPPARD'S GLEN AVE & FLOWERTREE CRES (__3ZAZU1),__3ZAZU1,01 - Non intersection,03 - P.D. only,01 - Approaching,03 - Snow,01 - Daylight,04 - Slush,10 - No control,,2,0,0,0,,0,,,,,356053.3116,5015609.401,45.27857234,-75.84672517,8595
15--4457,2015/03/15,9:30 AM,HIGHWAY 417 btwn HWY417 IC169 RAMP35 & HWY417 IC169 RAMP25 (__5SO7MP),__5SO7MP,01 - Non intersection,03 - P.D. only,04 - Sideswipe,03 - Snow,01 - Daylight,03 - Loose snow,10 - No control,,2,0,0,0,,0,,,,,325592.6711,5024746.335,45.36235295,-76.23458573,8596
15--4458,2015/03/15,9:30 AM,HIGHWAY 417 btwn HWY417 IC169 RAMP25 & HWY417 IC163 RAMP51 (__5SPOUW),__5SPOUW,01 - Non intersection,03 - P.D. only,07 - SMV other,03 - Snow,01 - Daylight,04 - Slush,10 - No control,,1,0,0,0,,0,,,,,326393.2876,5024170.686,45.35714873,-76.22439128,8597
15--4459,2015/03/16,1:29 PM,PARKDALE AVE @ KENILWORTH ST (0006366),6366,02 - Intersection related,03 - P.D. only,03 - Rear end,01 - Clear,01 - Daylight,01 - Dry,02 - Stop sign,00 - Unknown,2,0,0,0,,0,,,,,365443.7721,5028596.033,45.39467712,-75.72545297,8598
15--446,2015/01/08,2:38 PM,DOZOIS RD btwn LONGSHADOW ST & RIDEAU BEND CRES (__3ZA6LW),__3ZA6LW,04 - At/near private drive,02 - Non-fatal injury,02 - Angle,03 - Snow,01 - Daylight,03 - Loose snow,10 - No control,,2,0,0,0,02 - Minor,1,,1,,,371783.8841,5011839.425,45.24332808,-75.64675125,8599
15--4460,2015/03/16,1:30 PM,PRESTON ST @ SOMERSET ST (0002215),2215,02 - Intersection related,03 - P.D. only,03 - Rear end,01 - Clear,01 - Daylight,01 - Dry,01 - Traffic signal,01 - Functioning,2,0,0,0,,0,,,,,366307.6986,5030128.05,45.40838646,-75.7142288,8600
15--4461,2015/03/16,1:45 PM,ALBERT ST btwn KENT ST & BANK ST (__3ZA3CA),__3ZA3CA,01 - Non intersection,03 - P.D. only,06 - SMV unattended vehicle,01 - Clear,01 - Daylight,01 - Dry,10 - No control,,1,0,0,0,,0,,,,,367330.2976,5031385.289,45.4196081,-75.70100669,8601
15--4462,2015/03/16,11:57 AM,WOODROFFE AVE btwn GRENFELL CRES & 260 N OF FALLOWFIELD RD/TRANSITWAY  (__3ZA3IO),__3ZA3IO,05 - At railway crossing,03 - P.D. only,07 - SMV other,01 - Clear,01 - Daylight,01 - Dry,10 - No control,,1,0,0,0,,0,,,,,364866.8583,5018438.216,45.30332816,-75.73405448,8602
15--4463,2015/03/16,12:10 PM,CARLING AVE @ CROYDON AVE (0002642),2642,02 - Intersection related,03 - P.D. only,03 - Rear end,01 - Clear,01 - Daylight,01 - Dry,01 - Traffic signal,01 - Functioning,2,0,0,0,,0,,,,,360658.6806,5025041.072,45.3630879,-75.78696575,8603
15--4464,2015/03/16,2:12 PM,RIVERSIDE DR @ SMYTH RD NORTH SIDE RAMP (0011479),11479,02 - Intersection related,03 - P.D. only,03 - Rear end,01 - Clear,01 - Daylight,02 - Wet,01 - Traffic signal,01 - Functioning,2,0,0,0,,0,,,,,369938.5299,5029317.227,45.40076248,-75.66795622,8604
15--4465,2015/03/16,3:02 PM,CARLING AVE @ KIRKWOOD AVE S (0002209),2209,02 - Intersection related,03 - P.D. only,03 - Rear end,01 - Clear,01 - Daylight,01 - Dry,01 - Traffic signal,01 - Functioning,2,0,0,0,,0,,,,,364351.7005,5027337.067,45.3834429,-75.73955168,8605
15--4466,2015/03/16,3:13 PM,ALBERT ST @ LYON ST (0002208),2208,02 - Intersection related,02 - Non-fatal injury,03 - Rear end,01 - Clear,01 - Daylight,01 - Dry,01 - Traffic signal,01 - Functioning,2,0,0,0,01 - Minimal,2,2,,,,367062.36,5031220.222,45.41814678,-75.70445084,8606
15--4467,2015/03/16,3:20 PM,HIGHWAY 417 btwn HWY417 IC119B RAMP57 & HWY417 IC119A RAMP75 (__3ZA1QN),__3ZA1QN,01 - Non intersection,03 - P.D. only,07 - SMV other,01 - Clear,01 - Daylight,01 - Dry,10 - No control,,1,0,0,0,,0,,,,,368292.6675,5030339.208,45.41010914,-75.68884581,8607
15--4468,2015/03/16,4:24 PM,BASELINE RD btwn TURN LANE & MERIVALE RD (__3ZA4IA),__3ZA4IA,01 - Non intersection,03 - P.D. only,03 - Rear end,01 - Clear,01 - Daylight,01 - Dry,10 - No control,,2,0,0,0,,0,,,,,365031.5639,5025311.539,45.36515943,-75.73111793,8608
15--4469,2015/03/16,5:30 PM,FAIRLEA CRES btwn HEATHERINGTON RD & GORE PRIV (__3ZBORS),__3ZBORS,04 - At/near private drive,03 - P.D. only,99 - Other,01 - Clear,01 - Daylight,01 - Dry,10 - No control,,2,0,0,0,,0,,,,,372092.3871,5026642.485,45.37649251,-75.6408118,8609
15--447,2015/01/08,2:48 PM,RIDEAU ST @ WALLER ST (0011913),11913,02 - Intersection related,03 - P.D. only,04 - Sideswipe,01 - Clear,01 - Daylight,01 - Dry,01 - Traffic signal,01 - Functioning,2,0,0,0,,0,,,,,368281.784,5032274.102,45.42751965,-75.68873555,8610
15--4470,2015/03/16,5:45 PM,BOYER RD @ GAULTOIS AVE (0004447),4447,03 - At intersection,03 - P.D. only,02 - Angle,01 - Clear,01 - Daylight,01 - Dry,02 - Stop sign,01 - Functioning,2,0,0,0,,0,,,,,380656.7725,5036251.098,45.462069,-75.52999742,8611
15--4471,2015/03/16,5:47 PM,INNES RD @ JEANNE D'ARC BLVD/MER BLEUE RD (0012475),12475,02 - Intersection related,03 - P.D. only,03 - Rear end,01 - Clear,01 - Daylight,01 - Dry,01 - Traffic signal,01 - Functioning,2,0,0,0,,0,,,,,382638.7175,5035568.999,45.45571404,-75.5047655,8612
15--4472,2015/03/16,6:10 PM,RIDEAU ST btwn CHARLOTTE ST & WURTEMBURG ST (__3ZA3XQ),__3ZA3XQ,01 - Non intersection,03 - P.D. only,06 - SMV unattended vehicle,01 - Clear,05 - Dusk,01 - Dry,10 - No control,,1,0,0,0,,0,,,,,369276.0958,5032873.339,45.4328204,-75.67595161,8613
15--4473,2015/03/16,8:30 AM,RIVERSIDE DR @ PLEASANT PARK RD (0007296),7296,02 - Intersection related,03 - P.D. only,03 - Rear end,01 - Clear,01 - Daylight,02 - Wet,01 - Traffic signal,01 - Functioning,2,0,0,0,,0,,,,,369563.1787,5028413.568,45.39266649,-75.67286888,8614
15--4474,2015/03/16,9:10 AM,FALLOWFIELD RD @ 482 E OF HOLITMAN DR/BARRHAVE (0010441),10441,02 - Intersection related,02 - Non-fatal injury,03 - Rear end,01 - Clear,01 - Daylight,01 - Dry,01 - Traffic signal,01 - Functioning,2,0,0,0,01 - Minimal,1,1,,,,364164.8287,5017376.58,45.29383527,-75.74313276,8615
15--4475,2015/03/16,9:38 AM,WEST HUNT CLUB RD WB btwn LANCELOT DR & 210 W OF MERIVALE RD (__3ZA3JCA),__3ZA3JCA,01 - Non intersection,03 - P.D. only,07 - SMV other,01 - Clear,01 - Daylight,01 - Dry,10 - No control,,1,0,0,0,,0,,,,,365397.7554,5021813.824,45.33365595,-75.72687237,8616