Anom_ID,Accident_Date,Accident_Time,Location,Geo_ID,Accident_Location,Classification_of_Accident,Initial_Impact_Type,Environment_Condition,Light,Road_Surface_Condition,Traffic_Control,Traffic_Control_Condition,No__of_Vehicles,No__of_Bicycles,No__of_Motorcycles,No__of_Pedestrians,Max_Injury,No__of_Injuries,No__of_Minimal,No__of_Minor,No__of_Major,No__of_Fatal,X,Y,Latitude,Longitude,ObjectId
15--4476,2015/03/17,1:00 PM,BATHGATE DR btwn MONTREAL RD & GULF PL (__3ZA7Y9),__3ZA7Y9,01 - Non intersection,03 - P.D. only,07 - SMV other,01 - Clear,01 - Daylight,01 - Dry,10 - No control,,1,0,0,0,,0,,,,,373232.7574,5034445.425,45.44658922,-75.62516997,8617
15--4477,2015/03/17,1:36 PM,BAY ST @ GLOUCESTER ST (0006315),6315,02 - Intersection related,03 - P.D. only,04 - Sideswipe,01 - Clear,01 - Daylight,01 - Dry,02 - Stop sign,01 - Functioning,2,0,0,0,,0,,,,,367073.7376,5030934.058,45.41557095,-75.70434164,8618
15--4478,2015/03/17,1:55 PM,PIMLICO CRES btwn BRIDLE PATH DR & BRIDLE PATH DR (__3ZA2S8),__3ZA2S8,01 - Non intersection,03 - P.D. only,04 - Sideswipe,01 - Clear,01 - Daylight,01 - Dry,10 - No control,,2,0,0,0,,0,,,,,371372.0297,5023819.163,45.35115804,-75.65038865,8619
15--4479,2015/03/17,10:12 AM,MOODIE DR btwn 325 N OF CORKSTOWN RD/NORTEL S ENTRANCE & CORKSTOWN RD (__3ZA4Z7D),__3ZA4Z7D,01 - Non intersection,03 - P.D. only,07 - SMV other,01 - Clear,01 - Daylight,01 - Dry,10 - No control,,1,0,0,0,,0,,,,,356328.1143,5022847.809,45.34368447,-75.84247005,8620
15--448,2015/01/08,2:52 PM,STRANDHERD DR @ CLARIDGE DR (0010893),10893,02 - Intersection related,02 - Non-fatal injury,07 - SMV other,01 - Clear,01 - Daylight,02 - Wet,01 - Traffic signal,01 - Functioning,1,0,0,1,01 - Minimal,1,1,,,,364947.1976,5015382.054,45.27582206,-75.73340067,8621
15--4480,2015/03/17,10:15 AM,BANK ST @ RIVERSIDE DR S (0002704),2704,02 - Intersection related,03 - P.D. only,03 - Rear end,01 - Clear,01 - Daylight,01 - Dry,01 - Traffic signal,01 - Functioning,2,0,0,0,,0,,,,,369303.7532,5027895.035,45.38802484,-75.6762496,8622
15--4481,2015/03/17,10:18 AM,RIVERSIDE DR @ SAN REMO PRIV (0011379),11379,02 - Intersection related,03 - P.D. only,03 - Rear end,01 - Clear,01 - Daylight,02 - Wet,01 - Traffic signal,01 - Functioning,2,0,0,0,,0,,,,,370385.9639,5030403.327,45.41049302,-75.66209708,8623
15--4482,2015/03/17,10:39 AM,HUNT CLUB RD @ RIVERSIDE DR (0002237),2237,02 - Intersection related,03 - P.D. only,03 - Rear end,01 - Clear,01 - Daylight,02 - Wet,01 - Traffic signal,01 - Functioning,2,0,0,0,,0,,,,,368036.703,5021944.053,45.33459487,-75.69319038,8624
15--4483,2015/03/17,11:30 AM,ELGIN ST btwn SLATER ST & LAURIER AVE W (1) (__3ZA25J),__3ZA25J,01 - Non intersection,03 - P.D. only,04 - Sideswipe,01 - Clear,01 - Daylight,01 - Dry,10 - No control,,2,0,0,0,,0,,,,,367957.3846,5031578.973,45.42129448,-75.69296992,8625
15--4484,2015/03/17,11:57 PM,GREENBANK RD @ JOCKVALE RD (0010360),10360,02 - Intersection related,03 - P.D. only,02 - Angle,01 - Clear,07 - Dark,01 - Dry,01 - Traffic signal,01 - Functioning,2,0,0,0,,0,,,,,364121.6878,5014331.859,45.26644252,-75.74404664,8626
15--4485,2015/03/17,12:15 PM,ALPINE AVE @ CARLING AVE (0011382),11382,03 - At intersection,03 - P.D. only,02 - Angle,01 - Clear,01 - Daylight,01 - Dry,01 - Traffic signal,01 - Functioning,2,0,0,0,,0,,,,,360495.7131,5024942.037,45.36220976,-75.78905702,8627
15--4486,2015/03/17,12:42 PM,PRINCE OF WALES DR btwn WINDING WAY & MERIVALE RD (__3ZA26F),__3ZA26F,01 - Non intersection,03 - P.D. only,99 - Other,01 - Clear,01 - Daylight,01 - Dry,10 - No control,,2,0,0,0,,0,,,,,367451.639,5017603.449,45.29559125,-75.70120315,8628
15--4487,2015/03/17,12:50 PM,MERIVALE RD @ WOODFIELD DR/ROYDON PL (0009776),9776,02 - Intersection related,03 - P.D. only,03 - Rear end,01 - Clear,01 - Daylight,01 - Dry,01 - Traffic signal,01 - Functioning,2,0,0,0,,0,,,,,365459.2484,5022299.496,45.33802065,-75.72602836,8629
15--4488,2015/03/17,2:00 PM,BANK ST @ HERON RD (0002155),2155,03 - At intersection,02 - Non-fatal injury,99 - Other,01 - Clear,01 - Daylight,01 - Dry,01 - Traffic signal,01 - Functioning,2,0,0,0,01 - Minimal,1,1,,,,369995.72,5026852.988,45.37858478,-75.66755134,8630
15--4489,2015/03/17,3:10 AM,HIGHWAY 417 btwn HWY417 IC117 RAMP51 & HWY417 IC117 RAMP35 (__3ZA2YN),__3ZA2YN,01 - Non intersection,03 - P.D. only,07 - SMV other,02 - Rain,07 - Dark,02 - Wet,10 - No control,,1,0,0,0,,0,,,,,371069.9481,5031318.435,45.41866235,-75.65323665,8631
15--449,2015/01/08,2:59 PM,MACKENZIE AVE @ RIDEAU ST (0002136),2136,02 - Intersection related,03 - P.D. only,03 - Rear end,03 - Snow,01 - Daylight,05 - Packed snow,01 - Traffic signal,01 - Functioning,2,0,0,0,,0,,,,,367868.7353,5032010.062,45.42518127,-75.69404739,8632
15--4490,2015/03/17,3:20 PM,HUNT CLUB RD @ BRIDLE PATH DR/DAZE ST (0008214),8214,02 - Intersection related,02 - Non-fatal injury,03 - Rear end,01 - Clear,01 - Daylight,01 - Dry,01 - Traffic signal,01 - Functioning,2,0,0,0,02 - Minor,1,,1,,,371289.8012,5023863.058,45.35156079,-75.65143205,8633
15--4491,2015/03/17,3:49 PM,MEADOWLANDS DR/TALLWOOD DR @ WOODROFFE AVE (0000095),95,02 - Intersection related,03 - P.D. only,03 - Rear end,01 - Clear,01 - Daylight,01 - Dry,01 - Traffic signal,01 - Functioning,2,0,0,0,,0,,,,,363056.7509,5022730.69,45.34210411,-75.75662921,8634
15--4492,2015/03/17,3:54 PM,DAZE ST btwn HUNT CLUB RD & 200 W OF BANK ST (__3ZAZYCB),__3ZAZYCB,04 - At/near private drive,03 - P.D. only,05 - Turning movement,01 - Clear,01 - Daylight,01 - Dry,10 - No control,,2,0,0,0,,0,,,,,371219.3491,5024006.445,45.35285762,-75.65231183,8635
15--4493,2015/03/17,3:54 PM,BROOKFIELD RAMP 34 btwn TO BE DETERMINED & AIRPORT PKWY (__3ZAY0L),__3ZAY0L,06 - Underpass or tunnel,03 - P.D. only,07 - SMV other,01 - Clear,01 - Daylight,06 - Ice,10 - No control,,1,0,0,0,,0,,,,,368757.2448,5026421.774,45.37481898,-75.68341897,8636
15--4494,2015/03/17,4:15 PM,MONTREAL RD @ BATHGATE DR/BURMA RD (0007650),7650,02 - Intersection related,03 - P.D. only,03 - Rear end,01 - Clear,01 - Daylight,02 - Wet,01 - Traffic signal,01 - Functioning,2,0,0,0,,0,,,,,373225.6863,5034515.146,45.44721722,-75.62525066,8637
15--4495,2015/03/17,4:15 PM,BANK ST @ CONROY RD (0012398),12398,03 - At intersection,02 - Non-fatal injury,03 - Rear end,01 - Clear,01 - Daylight,01 - Dry,01 - Traffic signal,01 - Functioning,2,0,0,0,01 - Minimal,1,1,,,,375044.7501,5022237.053,45.33656462,-75.60374661,8638
15--4496,2015/03/17,4:16 PM,DWYER HILL RD btwn RAMP & GOLF CLUB WAY (__7JQ7LU),__7JQ7LU,01 - Non intersection,03 - P.D. only,03 - Rear end,01 - Clear,01 - Daylight,01 - Dry,10 - No control,,2,0,0,0,,0,,,,,341431.0598,5006775.466,45.19999369,-76.03374359,8639
15--4497,2015/03/17,4:40 PM,MCBEAN ST btwn HAMILTON ST & MARTIN ST (__3ZBOCK),__3ZBOCK,01 - Non intersection,03 - P.D. only,06 - SMV unattended vehicle,01 - Clear,01 - Daylight,01 - Dry,10 - No control,,1,0,0,0,,0,,,,,356951.9321,5006020.975,45.19222722,-75.83627729,8640
15--4498,2015/03/17,4:41 PM,635 E OF HUNTMAR DR/IBER RD @ HAZELDEAN RD (0013519),13519,03 - At intersection,02 - Non-fatal injury,02 - Angle,01 - Clear,01 - Daylight,01 - Dry,01 - Traffic signal,00 - Unknown,2,1,0,0,01 - Minimal,1,1,,,,351410.32,5016506.602,45.28696877,-75.90581713,8641
15--4499,2015/03/17,5:11 PM,BASELINE RD @ CLYDE AVE (0002343),2343,03 - At intersection,03 - P.D. only,04 - Sideswipe,01 - Clear,01 - Daylight,01 - Dry,01 - Traffic signal,01 - Functioning,2,0,0,0,,0,,,,,364359.2103,5024890.259,45.36142627,-75.73975083,8642
15--45,2015/01/02,4:20 PM,DONALD ST @ ST. LAURENT BLVD (0008630),8630,02 - Intersection related,03 - P.D. only,04 - Sideswipe,01 - Clear,01 - Daylight,01 - Dry,01 - Traffic signal,00 - Unknown,2,0,0,0,,0,,,,,372093.7129,5032471.139,45.42893613,-75.63999951,8643
15--450,2015/01/08,3:07 PM,BANK ST @ RIVERSIDE DR S (0002704),2704,02 - Intersection related,03 - P.D. only,03 - Rear end,01 - Clear,01 - Daylight,04 - Slush,01 - Traffic signal,01 - Functioning,2,0,0,0,,0,,,,,369304.7171,5027893.107,45.3880074,-75.67623754,8644
15--4500,2015/03/17,5:13 PM,INDUSTRIAL AVE/INNES RD @ ST. LAURENT BLVD (0002203),2203,02 - Intersection related,03 - P.D. only,03 - Rear end,01 - Clear,01 - Daylight,01 - Dry,01 - Traffic signal,01 - Functioning,2,0,0,0,,0,,,,,373100.6913,5030006.049,45.40665883,-75.6274737,8645
15--4501,2015/03/17,5:26 PM,MERIVALE RD @ ANNA AVE/LAPERRIERE AVE (0006316),6316,03 - At intersection,02 - Non-fatal injury,02 - Angle,01 - Clear,01 - Daylight,01 - Dry,01 - Traffic signal,01 - Functioning,2,0,0,0,01 - Minimal,1,1,,,,364859.7062,5027165.024,45.38185152,-75.73308618,8646
15--4502,2015/03/17,6:40 PM,BAYCREST DR @ WALKLEY RD (0006958),6958,03 - At intersection,03 - P.D. only,02 - Angle,01 - Clear,07 - Dark,01 - Dry,01 - Traffic signal,01 - Functioning,2,0,0,0,,0,,,,,371420.7667,5026591.009,45.37609353,-75.64939303,8647
15--4503,2015/03/17,7:10 AM,CAHILL DR @ HUNT CLUB RD (0011394),11394,02 - Intersection related,03 - P.D. only,99 - Other,02 - Rain,01 - Daylight,02 - Wet,01 - Traffic signal,01 - Functioning,2,0,0,0,,0,,,,,372407.7347,5024541.749,45.35756053,-75.63707337,8648
15--4504,2015/03/17,7:45 PM,CHARTWELL AVE @ ROSELAWN CRT (0010447),10447,03 - At intersection,03 - P.D. only,06 - SMV unattended vehicle,01 - Clear,07 - Dark,01 - Dry,10 - No control,,1,0,0,0,,0,,,,,362201.7195,5021673.326,45.33266048,-75.76766138,8649
15--4505,2015/03/17,7:45 PM,O'CONNOR ST @ SPARKS ST (0005688),5688,02 - Intersection related,03 - P.D. only,03 - Rear end,01 - Clear,07 - Dark,01 - Dry,01 - Traffic signal,01 - Functioning,2,0,0,0,,0,,,,,367457.208,5031653.491,45.42200994,-75.69935111,8650
15--4506,2015/03/17,7:58 PM,RUSSELL AVE btwn LAURIER AVE E & OSGOODE ST (__3ZA8KN),__3ZA8KN,01 - Non intersection,03 - P.D. only,06 - SMV unattended vehicle,03 - Snow,07 - Dark,04 - Slush,10 - No control,,1,0,0,0,,0,,,,,369052.3481,5032192.673,45.42671662,-75.67889978,8651
15--4507,2015/03/17,7:59 AM,BANK ST @ KILBORN AVE/BELANGER AVE (0007208),7208,02 - Intersection related,03 - P.D. only,03 - Rear end,02 - Rain,01 - Daylight,02 - Wet,01 - Traffic signal,00 - Unknown,2,0,0,0,,0,,,,,369653.3567,5027427.794,45.38378847,-75.67184682,8652
15--4508,2015/03/17,8:09 PM,ALBION RD @ HUNT CLUB RD (0006974),6974,03 - At intersection,02 - Non-fatal injury,05 - Turning movement,01 - Clear,07 - Dark,01 - Dry,01 - Traffic signal,01 - Functioning,2,0,0,0,02 - Minor,1,,1,,,371867.7337,5024321,45.35562616,-75.64399496,8653
15--4509,2015/03/17,8:46 AM,VANIER PKWY/CRICHTON ST @ BEECHWOOD AVE/ST. PA (0001604),1604,02 - Intersection related,03 - P.D. only,03 - Rear end,01 - Clear,01 - Daylight,06 - Ice,01 - Traffic signal,01 - Functioning,2,0,0,0,,0,,,,,369127.797,5033486.774,45.4383535,-75.67776662,8654
15--451,2015/01/08,3:15 PM,COLONEL BY DR/SUSSEX DR @ RIDEAU ST (0007647),7647,02 - Intersection related,03 - P.D. only,03 - Rear end,03 - Snow,01 - Daylight,03 - Loose snow,01 - Traffic signal,01 - Functioning,2,0,0,0,,0,,,,,367922.6606,5032044.102,45.42548269,-75.69335398,8655
15--4510,2015/03/17,8:55 PM,BAY ST @ WELLINGTON ST (0010737),10737,03 - At intersection,03 - P.D. only,02 - Angle,01 - Clear,07 - Dark,01 - Dry,01 - Traffic signal,01 - Functioning,2,0,0,0,,0,,,,,366814.191,5031351.313,45.41934833,-75.70760498,8656
15--4511,2015/03/18,1:05 PM,SEABROOKE DR btwn SCHARF LANE & END (__3ZAB2K),__3ZAB2K,04 - At/near private drive,03 - P.D. only,06 - SMV unattended vehicle,01 - Clear,01 - Daylight,01 - Dry,10 - No control,,1,0,0,0,,0,,,,,352691.2719,5017475.425,45.29560037,-75.88939509,8657
15--4512,2015/03/18,1:23 PM,INNES RD @ 215 W OF CYRVILLE RD/HOME DEPOT W (0012457),12457,02 - Intersection related,02 - Non-fatal injury,03 - Rear end,01 - Clear,01 - Daylight,01 - Dry,01 - Traffic signal,01 - Functioning,2,0,0,0,02 - Minor,3,2,1,,,374863.8856,5030999.338,45.41542165,-75.60481083,8658
15--4513,2015/03/18,1:23 PM,MARCH RD @ SOLANDT RD (0003172),3172,03 - At intersection,03 - P.D. only,05 - Turning movement,01 - Clear,01 - Daylight,01 - Dry,01 - Traffic signal,01 - Functioning,2,0,0,0,,0,,,,,350488.8878,5022710.142,45.34285035,-75.91699071,8659
15--4514,2015/03/18,1:30 PM,KENT ST btwn LAURIER AVE W & GLOUCESTER ST (__3ZBOFI),__3ZBOFI,04 - At/near private drive,03 - P.D. only,02 - Angle,01 - Clear,01 - Daylight,01 - Dry,10 - No control,,2,0,0,0,,0,,,,,367334.3409,5031135.63,45.41736139,-75.70098671,8660
15--4515,2015/03/18,10:11 PM,GREENBANK RD @ STRANDHERD DR (0005563),5563,02 - Intersection related,03 - P.D. only,03 - Rear end,01 - Clear,07 - Dark,01 - Dry,01 - Traffic signal,01 - Functioning,2,0,0,0,,0,,,,,363933.9995,5014786.65,45.27055054,-75.74638405,8661
15--4516,2015/03/18,10:27 AM,ISLAND PARK DR @ RICHMOND RD (0002125),2125,03 - At intersection,03 - P.D. only,02 - Angle,01 - Clear,01 - Daylight,01 - Dry,01 - Traffic signal,01 - Functioning,2,0,0,0,,0,,,,,364131.6506,5028867.075,45.39722831,-75.7421774,8662
15--4517,2015/03/18,11:20 AM,GLADSTONE AVE btwn O'CONNOR ST & METCALFE ST (__3ZA3QY),__3ZA3QY,01 - Non intersection,03 - P.D. only,04 - Sideswipe,01 - Clear,01 - Daylight,01 - Dry,10 - No control,,2,0,0,0,,0,,,,,368090.1329,5030671.582,45.41311808,-75.69139037,8663
15--4518,2015/03/18,12:20 PM,GLOUCESTER ST @ KENT ST (0006973),6973,02 - Intersection related,03 - P.D. only,03 - Rear end,01 - Clear,01 - Daylight,01 - Dry,01 - Traffic signal,01 - Functioning,2,0,0,0,,0,,,,,367356.7374,5031097.126,45.41701294,-75.70070546,8664
15--4519,2015/03/18,12:32 PM,RUSSELL RD btwn TUPPER AVE & SOUTHVALE CRES (__3ZA2EP),__3ZA2EP,04 - At/near private drive,03 - P.D. only,02 - Angle,01 - Clear,01 - Daylight,01 - Dry,10 - No control,,2,0,0,0,,0,,,,,374438.8831,5028645.369,45.39428424,-75.61057277,8665
15--452,2015/01/08,3:31 PM,WALKLEY RD btwn COLLISTON CRES & COLLISTON CRES (__3ZA378),__3ZA378,01 - Non intersection,02 - Non-fatal injury,04 - Sideswipe,03 - Snow,01 - Daylight,04 - Slush,10 - No control,,2,0,0,0,01 - Minimal,1,1,,,,370999.0052,5026335.814,45.37383735,-75.65481165,8666
15--4520,2015/03/18,12:35 AM,DUNROBIN RD btwn MURPHY SIDE RD & LILLIAN WAY (__3ZA3FI),__3ZA3FI,01 - Non intersection,03 - P.D. only,07 - SMV other,01 - Clear,07 - Dark,01 - Dry,10 - No control,,1,0,0,0,,0,,,,,345244.794,5028198.388,45.39255707,-75.98345533,8667
15--4521,2015/03/18,12:58 PM,HWY 417 MAITLAND IC126R63 @ MAITLAND AVE (0010889),10889,02 - Intersection related,03 - P.D. only,03 - Rear end,01 - Clear,01 - Daylight,01 - Dry,03 - Yield sign,01 - Functioning,2,0,0,0,,0,,,,,363165.8731,5025928.862,45.37087187,-75.7548593,8668
15--4522,2015/03/18,3:14 PM,HIGHWAY 417 btwn HWY417 IC117 RAMP26 & HWY417 IC117 RAMP61 (__3ZA2YM),__3ZA2YM,01 - Non intersection,02 - Non-fatal injury,03 - Rear end,01 - Clear,01 - Daylight,01 - Dry,10 - No control,,5,0,0,0,02 - Minor,1,,1,,,370909.2947,5031255.473,45.41811104,-75.65529762,8669
15--4523,2015/03/18,3:18 PM,MANCHESTER AVE @ SCOTT ST (0006410),6410,02 - Intersection related,03 - P.D. only,03 - Rear end,01 - Clear,01 - Daylight,01 - Dry,02 - Stop sign,00 - Unknown,2,0,0,0,,0,,,,,365360.6926,5029975.092,45.40709277,-75.72634464,8670
15--4085,2015/03/04,8:25 AM,TRAILWAY CIRC @ ELDERWOOD TR S/SHADY BRANCH TR (0000505),505,03 - At intersection,03 - P.D. only,02 - Angle,01 - Clear,01 - Daylight,04 - Slush,02 - Stop sign,01 - Functioning,2,0,0,0,,0,,,,,350770.5533,5014406.949,45.26811756,-75.91416682,8671
15--4187,2015/03/08,2:38 PM,RAJ TER btwn MANJU ST & EWING ST (__3ZA8N4),__3ZA8N4,04 - At/near private drive,03 - P.D. only,02 - Angle,01 - Clear,01 - Daylight,04 - Slush,10 - No control,,2,0,0,0,,0,,,,,373690.9001,5026230.852,45.37263347,-75.62046182,8672
15--3817,2015/02/26,9:06 AM,RIVERSIDE DR @ TREMBLAY RD/HWY417 IC117 RAMP52 (0010790),10790,02 - Intersection related,03 - P.D. only,03 - Rear end,03 - Snow,01 - Daylight,03 - Loose snow,01 - Traffic signal,01 - Functioning,2,0,0,0,,0,,,,,370802.0781,5031016.39,45.41596999,-75.65669944,8673
15--4360,2015/03/13,4:02 PM,AHEARN AVE @ SCRIVENS ST (0002976),2976,03 - At intersection,03 - P.D. only,02 - Angle,01 - Clear,01 - Daylight,01 - Dry,03 - Yield sign,01 - Functioning,2,0,0,0,,0,,,,,359338.4094,5024458.026,45.35794562,-75.80388204,8674
15--3818,2015/02/26,9:09 AM,IRIS ST @ WOODROFFE AVE (0002736),2736,03 - At intersection,03 - P.D. only,05 - Turning movement,01 - Clear,01 - Daylight,01 - Dry,01 - Traffic signal,01 - Functioning,2,0,0,0,,0,,,,,362283.174,5024440.917,45.35755643,-75.76630063,8675
15--4086,2015/03/04,8:37 AM,HERZBERG RD btwn LEGGET DR & CARLING AVE (__3ZACVH),__3ZACVH,04 - At/near private drive,02 - Non-fatal injury,05 - Turning movement,01 - Clear,01 - Daylight,02 - Wet,10 - No control,,2,0,0,0,02 - Minor,1,,1,,,351937.5205,5022533.162,45.341162,-75.89852342,8676
15--4188,2015/03/08,2:51 PM,GALLAGHER RD btwn MACKEY RD & MALAKOFF RD (__3ZAAZS),__3ZAAZS,01 - Non intersection,02 - Non-fatal injury,01 - Approaching,03 - Snow,01 - Daylight,05 - Packed snow,10 - No control,,2,0,0,0,01 - Minimal,1,1,,,,363397.7453,4994726.774,45.0900931,-75.7555736,8677
15--3819,2015/02/26,9:12 AM,BASELINE RD @ WOODROFFE AVE (0002225),2225,02 - Intersection related,03 - P.D. only,03 - Rear end,01 - Clear,01 - Daylight,01 - Dry,01 - Traffic signal,01 - Functioning,2,0,0,0,,0,,,,,362549.6902,5023770.023,45.35149788,-75.76297754,8678
15--4361,2015/03/13,4:15 PM,DONALD ST @ VANIER PKWY (0007644),7644,03 - At intersection,02 - Non-fatal injury,07 - SMV other,03 - Snow,01 - Daylight,02 - Wet,01 - Traffic signal,01 - Functioning,1,0,0,1,01 - Minimal,1,1,,,,370310.2717,5032270.225,45.42729771,-75.66281578,8679
15--382,2015/01/07,6:31 AM,WOODROFFE AVE btwn SPORTSPLEX S/TRANSIT & VAAN DR (__3ZA3JKB),__3ZA3JKB,01 - Non intersection,03 - P.D. only,07 - SMV other,01 - Clear,07 - Dark,02 - Wet,10 - No control,,1,0,0,0,,0,,,,,363969.9436,5020589.462,45.32276108,-75.74523362,8680
15--4087,2015/03/04,9:04 PM,LINCOLN AVE btwn EDEN AVE & END (__3ZA4A3),__3ZA4A3,04 - At/near private drive,03 - P.D. only,06 - SMV unattended vehicle,01 - Clear,07 - Dark,01 - Dry,10 - No control,,1,0,0,0,,0,,,,,363337.5167,5028225.713,45.39152429,-75.75239583,8681
15--4189,2015/03/08,3:06 PM,FIRST AVE btwn PERCY ST & LYON ST S (__3ZA92Y),__3ZA92Y,04 - At/near private drive,03 - P.D. only,06 - SMV unattended vehicle,03 - Snow,01 - Daylight,04 - Slush,10 - No control,,1,0,0,0,,0,,,,,367923.8165,5029494.614,45.40254311,-75.69366575,8682
15--4362,2015/03/13,4:24 PM,"EGLISE, RUE DE L btwn MONTREAL RD & COLLEGE CIRC (__3ZAZWS)",__3ZAZWS,04 - At/near private drive,03 - P.D. only,02 - Angle,01 - Clear,01 - Daylight,02 - Wet,10 - No control,,2,0,0,0,,0,,,,,371189.6455,5033567.051,45.43888306,-75.65140425,8683
15--3820,2015/02/26,9:25 PM,WOODCLIFFE PRIV @ JEANNE D'ARC BLVD (0012420),12420,03 - At intersection,02 - Non-fatal injury,07 - SMV other,01 - Clear,07 - Dark,01 - Dry,02 - Stop sign,01 - Functioning,1,0,0,0,02 - Minor,1,,1,,,380103.0832,5036228.924,45.4619294,-75.53708,8684
15--4088,2015/03/04,9:26 PM,ALBION RD @ HUNT CLUB RD (0006974),6974,03 - At intersection,03 - P.D. only,05 - Turning movement,01 - Clear,07 - Dark,01 - Dry,01 - Traffic signal,01 - Functioning,2,0,0,0,,0,,,,,371867.7337,5024320.036,45.35561749,-75.6439951,8685
15--419,2015/01/07,9:19 AM,ELGIN ST @ MACLAREN ST (0006937),6937,03 - At intersection,03 - P.D. only,07 - SMV other,03 - Snow,01 - Daylight,03 - Loose snow,01 - Traffic signal,01 - Functioning,1,0,0,0,,0,,,,,368208.7134,5031126.093,45.41719688,-75.68981703,8686
15--4363,2015/03/13,4:30 PM,GREENBANK RD @ WEST HUNT CLUB RD (0005167),5167,02 - Intersection related,03 - P.D. only,03 - Rear end,01 - Clear,01 - Daylight,01 - Dry,01 - Traffic signal,01 - Functioning,2,0,0,0,,0,,,,,361480.6409,5020501.997,45.32217948,-75.77699435,8687
15--3821,2015/02/26,9:32 AM,MAITLAND AVE @ WOODWARD DR (0003185),3185,02 - Intersection related,03 - P.D. only,05 - Turning movement,01 - Clear,01 - Daylight,06 - Ice,01 - Traffic signal,01 - Functioning,2,0,0,0,,0,,,,,363273.6946,5025661.082,45.36845343,-75.75351459,8688
15--4089,2015/03/05,1:08 PM,CARLING AVE WB btwn TRANSIT & EDGEWORTH AVE (__3ZA4V9),__3ZA4V9,01 - Non intersection,03 - P.D. only,07 - SMV other,01 - Clear,01 - Daylight,01 - Dry,10 - No control,,1,0,0,1,,0,,,,,361193.9915,5025387.075,45.36615836,-75.78009357,8689
15--409,2015/01/07,8:41 AM,ASHTON STATION RD btwn FOSTER RD (BECKWITH TWP) & ORMROD RD (__3ZACC3),__3ZACC3,01 - Non intersection,03 - P.D. only,07 - SMV other,03 - Snow,01 - Daylight,06 - Ice,10 - No control,,1,0,0,0,,0,,,,,341204.254,5002366.891,45.16033423,-76.03695206,8690
15--4090,2015/03/05,1:19 PM,ARGYLE AVE @ O'CONNOR ST (0007254),7254,03 - At intersection,03 - P.D. only,05 - Turning movement,01 - Clear,01 - Daylight,01 - Dry,01 - Traffic signal,01 - Functioning,2,0,0,0,,0,,,,,368183.9546,5030486.464,45.41144396,-75.69021561,8691
15--4091,2015/03/05,1:20 PM,HWY417 IC126 RAMP51 btwn HIGHWAY 417 & HWY417 IC126 RAMP52 (__3ZAYAE),__3ZAYAE,01 - Non intersection,03 - P.D. only,03 - Rear end,01 - Clear,01 - Daylight,01 - Dry,10 - No control,,2,0,0,0,,0,,,,,363319.983,5025836.681,45.37002958,-75.75290291,8692
15--4092,2015/03/05,1:50 PM,LYNDA LANE btwn BILLINGS AVE & SMYTH RD (__3ZA9JG),__3ZA9JG,01 - Non intersection,03 - P.D. only,06 - SMV unattended vehicle,01 - Clear,01 - Daylight,01 - Dry,10 - No control,,1,0,0,0,,0,,,,,371591.2727,5029149.89,45.39910112,-75.64686997,8693
15--4093,2015/03/05,10:00 AM,HIGHWAY 416 btwn HWY416 IC66 RAMP62 & HWY416 IC72 RAMP24 (__3ZAZMZ),__3ZAZMZ,01 - Non intersection,03 - P.D. only,04 - Sideswipe,01 - Clear,01 - Daylight,01 - Dry,10 - No control,,2,0,0,0,,0,,,,,359308.6791,5016117.027,45.28289516,-75.80517947,8694
15--4094,2015/03/05,10:03 AM,KENT ST btwn GILMOUR ST & JAMES ST (__3ZA3QT),__3ZA3QT,01 - Non intersection,02 - Non-fatal injury,06 - SMV unattended vehicle,01 - Clear,01 - Daylight,01 - Dry,10 - No control,,1,0,0,0,01 - Minimal,1,1,,,,367626.5196,5030658.517,45.4130423,-75.69731468,8695
15--4095,2015/03/05,10:15 PM,HIGHWAY 417 btwn HWY417 IC122 RAMP15 & HWY417 IC121B RAMP51 (__3ZA2RB),__3ZA2RB,01 - Non intersection,03 - P.D. only,07 - SMV other,01 - Clear,07 - Dark,01 - Dry,10 - No control,,1,0,0,0,,0,,,,,366560.6934,5029506.001,45.40276715,-75.71107498,8696
15--4096,2015/03/05,10:58 AM,SLATER ST btwn KENT ST & BANK ST (__3ZA349),__3ZA349,01 - Non intersection,02 - Non-fatal injury,07 - SMV other,01 - Clear,01 - Daylight,01 - Dry,10 - No control,,1,0,0,1,02 - Minor,1,,1,,,367281.8737,5031264.734,45.41852771,-75.70164066,8697
15--4097,2015/03/05,11:09 PM,CUMBERLAND ST @ GEORGE ST (0008508),8508,03 - At intersection,03 - P.D. only,04 - Sideswipe,01 - Clear,07 - Dark,01 - Dry,01 - Traffic signal,01 - Functioning,2,0,0,0,,0,,,,,368325.9658,5032417.977,45.42881017,-75.68815243,8698
15--4098,2015/03/05,11:37 AM,DUMAURIER AVE @ PINECREST RD (0002743),2743,02 - Intersection related,03 - P.D. only,03 - Rear end,01 - Clear,01 - Daylight,01 - Dry,01 - Traffic signal,01 - Functioning,2,0,0,0,,0,,,,,360321.1385,5023835.323,45.35226542,-75.79140956,8699
15--4099,2015/03/05,12:08 PM,HERON RD @ 155 W OF BANK ST/CANADIAN TIRE SC (0008219),8219,03 - At intersection,03 - P.D. only,02 - Angle,01 - Clear,01 - Daylight,01 - Dry,01 - Traffic signal,01 - Functioning,2,0,0,0,,0,,,,,369847.8238,5026831.015,45.37840082,-75.66944244,8700