Anom_ID,Accident_Date,Accident_Time,Location,Geo_ID,Accident_Location,Classification_of_Accident,Initial_Impact_Type,Environment_Condition,Light,Road_Surface_Condition,Traffic_Control,Traffic_Control_Condition,No__of_Vehicles,No__of_Bicycles,No__of_Motorcycles,No__of_Pedestrians,Max_Injury,No__of_Injuries,No__of_Minimal,No__of_Minor,No__of_Major,No__of_Fatal,X,Y,Latitude,Longitude,ObjectId
15--41,2015/01/02,3:25 PM,ROLAND MICHENER DR btwn EARL GREY DR & TRANSITWAY (__3Z0607),__3Z0607,04 - At/near private drive,03 - P.D. only,05 - Turning movement,01 - Clear,01 - Daylight,01 - Dry,10 - No control,,2,0,0,0,,0,,,,,350872.075,5018912.465,45.30865289,-75.91245471,8701
15--410,2015/01/07,8:44 AM,MCARTHUR AVE @ VANIER PKWY (0004626),4626,02 - Intersection related,03 - P.D. only,99 - Other,03 - Snow,01 - Daylight,05 - Packed snow,01 - Traffic signal,01 - Functioning,3,0,0,0,,0,,,,,370218.705,5032689.14,45.43107551,-75.66393018,8702
15--4100,2015/03/05,12:18 PM,CLEMOW AVE @ BRONSON AVE (0007248),7248,03 - At intersection,03 - P.D. only,02 - Angle,01 - Clear,01 - Daylight,01 - Dry,02 - Stop sign,01 - Functioning,2,0,0,0,,0,,,,,367420.7102,5029399.004,45.40172802,-75.70010386,8703
15--4101,2015/03/05,3:00 PM,DONALD ST btwn TELFORD AVE & OKEE ST (__3ZA815),__3ZA815,01 - Non intersection,03 - P.D. only,03 - Rear end,01 - Clear,01 - Daylight,01 - Dry,10 - No control,,2,0,0,0,,0,,,,,371859.6992,5032445.173,45.42872498,-75.64299336,8704
15--4102,2015/03/05,3:00 PM,MONTREAL RD @ ST. LAURENT BLVD (0002604),2604,02 - Intersection related,03 - P.D. only,03 - Rear end,01 - Clear,01 - Daylight,01 - Dry,01 - Traffic signal,01 - Functioning,2,0,0,0,,0,,,,,371544.739,5033815.185,45.44108184,-75.64683229,8705
15--4103,2015/03/05,4:00 PM,HERON RD btwn EVANS BLVD & ALTA VISTA DR (__3ZA3AE),__3ZA3AE,01 - Non intersection,03 - P.D. only,04 - Sideswipe,01 - Clear,01 - Daylight,02 - Wet,10 - No control,,2,0,0,0,,0,,,,,370367.3369,5026890.651,45.37888898,-75.66280187,8706
15--4104,2015/03/05,4:29 PM,MARALISA ST @ RAFFEALLO ST (0009679),9679,03 - At intersection,03 - P.D. only,02 - Angle,01 - Clear,01 - Daylight,05 - Packed snow,03 - Yield sign,01 - Functioning,2,0,0,0,,0,,,,,366662.3818,5015834.278,45.27974232,-75.71148567,8707
15--4105,2015/03/05,4:31 PM,KENWOOD AVE btwn EDISON AVE & CHURCHILL AVE N (__6KATSE),__6KATSE,01 - Non intersection,03 - P.D. only,06 - SMV unattended vehicle,01 - Clear,01 - Daylight,01 - Dry,10 - No control,,1,0,0,0,,0,,,,,363375.4613,5027924.811,45.38881365,-75.75194698,8708
15--4106,2015/03/05,4:40 PM,KING EDWARD AVE @ MURRAY ST (0002713),2713,02 - Intersection related,03 - P.D. only,04 - Sideswipe,01 - Clear,01 - Daylight,01 - Dry,01 - Traffic signal,01 - Functioning,2,0,0,0,,0,,,,,368291.6998,5032754.064,45.43183727,-75.68854697,8709
15--4107,2015/03/05,4:40 PM,O'CONNOR ST @ SOMERSET ST (0002690),2690,02 - Intersection related,02 - Non-fatal injury,03 - Rear end,01 - Clear,01 - Daylight,01 - Dry,01 - Traffic signal,01 - Functioning,2,0,0,0,01 - Minimal,1,1,,,,367855.7101,5031013.056,45.41621171,-75.69434142,8710
15--4108,2015/03/05,4:56 PM,RIVERSIDE DR @ 175 S OF HUNT CLUB  RD/RUNWAY C (0011890),11890,02 - Intersection related,03 - P.D. only,02 - Angle,01 - Clear,01 - Daylight,01 - Dry,01 - Traffic signal,01 - Functioning,2,0,0,0,,0,,,,,368028.5,5021767.746,45.33300924,-75.69331756,8711
15--4109,2015/03/05,4:58 PM,COLONEL BY DR btwn UNIVERSITY RD & HOG'S BACK RD (__3ZA22V),__3ZA22V,01 - Non intersection,03 - P.D. only,03 - Rear end,01 - Clear,01 - Daylight,01 - Dry,10 - No control,,3,0,0,0,,0,,,,,367533.9959,5025943.634,45.37062738,-75.69909611,8712
15--411,2015/01/07,8:45 AM,DONALD B. MUNRO DR btwn PANMURE RD & THOMAS A. DOLAN PKWY (__3ZACEJ),__3ZACEJ,01 - Non intersection,03 - P.D. only,07 - SMV other,03 - Snow,01 - Daylight,03 - Loose snow,10 - No control,,1,0,0,0,,0,,,,,333749.3934,5023576.555,45.35153732,-76.13053718,8713
15--4110,2015/03/05,5:08 PM,BLAIR RD @ INNES RD (0004165),4165,02 - Intersection related,02 - Non-fatal injury,03 - Rear end,01 - Clear,01 - Daylight,01 - Dry,01 - Traffic signal,01 - Functioning,2,0,0,0,01 - Minimal,2,2,,,,375577.771,5031439.073,45.4193063,-75.59562766,8714
15--4111,2015/03/05,5:45 PM,CALDWELL AVE @ MERIVALE RD (0011432),11432,02 - Intersection related,03 - P.D. only,03 - Rear end,01 - Clear,01 - Daylight,01 - Dry,01 - Traffic signal,01 - Functioning,2,0,0,0,,0,,,,,364906.4341,5026228.966,45.37342503,-75.7326035,8715
15--4112,2015/03/05,6:05 PM,CUMMINGS AVE @ OGILVIE RD (0009923),9923,02 - Intersection related,03 - P.D. only,03 - Rear end,01 - Clear,05 - Dusk,01 - Dry,01 - Traffic signal,00 - Unknown,2,0,0,0,,0,,,,,372749.6841,5032172.031,45.42618148,-75.63165856,8716
15--4113,2015/03/05,6:09 PM,CARLING AVE @ HWY 417 CARLING IC124R67 (0002104),2104,02 - Intersection related,03 - P.D. only,03 - Rear end,01 - Clear,05 - Dusk,01 - Dry,03 - Yield sign,01 - Functioning,2,0,0,0,,0,,,,,364332.6951,5027521.097,45.38510039,-75.73977215,8717
15--4114,2015/03/05,6:55 PM,RIOCAN AVE @ STRANDHERD DR (0010997),10997,03 - At intersection,03 - P.D. only,05 - Turning movement,01 - Clear,07 - Dark,01 - Dry,01 - Traffic signal,01 - Functioning,2,0,0,0,,0,,,,,364172.2088,5014943.127,45.27193846,-75.74332982,8718
15--4115,2015/03/05,6:59 AM,ST. LAURENT BLVD @ WALKLEY RD (0007653),7653,02 - Intersection related,03 - P.D. only,03 - Rear end,01 - Clear,03 - Dawn,01 - Dry,01 - Traffic signal,01 - Functioning,2,0,0,0,,0,,,,,373901.7862,5028045.409,45.38893929,-75.61751576,8719
15--4116,2015/03/05,7:00 AM,CHURCHILL AVE   N btwn CURRELL AVE & ROBIN LANE (__3ZA3AO),__3ZA3AO,01 - Non intersection,03 - P.D. only,06 - SMV unattended vehicle,01 - Clear,01 - Daylight,01 - Dry,10 - No control,,1,0,0,0,,0,,,,,363708.7924,5027183.741,45.38211766,-75.7477789,8720
15--4117,2015/03/05,7:02 PM,DALY AVE @ NICHOLAS ST (0011451),11451,02 - Intersection related,03 - P.D. only,04 - Sideswipe,01 - Clear,07 - Dark,01 - Dry,01 - Traffic signal,01 - Functioning,2,0,0,0,,0,,,,,368227.701,5032046.092,45.425473,-75.689456,8721
15--4118,2015/03/05,7:30 AM,JASMINE CRES btwn ARROWSMITH DR & BEAVERHILL DR (__3ZA5B8),__3ZA5B8,01 - Non intersection,02 - Non-fatal injury,07 - SMV other,01 - Clear,01 - Daylight,01 - Dry,10 - No control,,1,0,0,1,02 - Minor,1,,1,,,375581.9879,5033682.056,45.43948694,-75.5952514,8722
15--4119,2015/03/05,7:41 PM,COMO CRES btwn TRENHOLM LANE & VARENNES BLVD (2) (__3ZAZVA),__3ZAZVA,04 - At/near private drive,03 - P.D. only,06 - SMV unattended vehicle,01 - Clear,07 - Dark,01 - Dry,10 - No control,,1,0,0,0,,0,,,,,384882.167,5038004.458,45.47737248,-75.47568881,8723
15--412,2015/01/07,8:47 PM,ALESTHER ST @ DONALD ST (0008493),8493,03 - At intersection,03 - P.D. only,03 - Rear end,03 - Snow,07 - Dark,03 - Loose snow,02 - Stop sign,00 - Unknown,2,0,0,0,,0,,,,,371993.6844,5032461.066,45.42885512,-75.64127909,8724
15--4120,2015/03/05,7:51 AM,INDUSTRIAL AVE @ RIVERSIDE DR (0011905),11905,02 - Intersection related,03 - P.D. only,03 - Rear end,01 - Clear,01 - Daylight,01 - Dry,01 - Traffic signal,01 - Functioning,2,0,0,0,,0,,,,,370683.7547,5030592.071,45.41216329,-75.6582678,8725
15--4121,2015/03/05,7:57 AM,MAITLAND AVE btwn HENRY FARM DR & TERREBONNE DR (__3ZA4I1),__3ZA4I1,04 - At/near private drive,03 - P.D. only,99 - Other,01 - Clear,01 - Daylight,01 - Dry,10 - No control,,2,0,0,0,,0,,,,,363929.6935,5025141.149,45.3637201,-75.74520294,8726
15--4122,2015/03/05,8:02 AM,LABELLE ST/RAMP @ LEMIEUX ST/HWY417 IC115 RAMP (0012538),12538,02 - Intersection related,03 - P.D. only,02 - Angle,01 - Clear,01 - Daylight,01 - Dry,02 - Stop sign,01 - Functioning,2,0,0,0,,0,,,,,372542.0862,5031690.034,45.42186484,-75.63437747,8727
15--4123,2015/03/05,8:27 AM,QUEEN ELIZABETH DRWY @ TORRINGTON PL (0007554),7554,03 - At intersection,02 - Non-fatal injury,02 - Angle,01 - Clear,01 - Daylight,01 - Dry,02 - Stop sign,01 - Functioning,2,0,0,0,02 - Minor,1,,1,,,367984.1096,5028615.221,45.39462516,-75.6930083,8728
15--4124,2015/03/05,8:45 AM,RIVERSIDE DR @ WALKLEY RD (0002158),2158,02 - Intersection related,03 - P.D. only,03 - Rear end,01 - Clear,01 - Daylight,01 - Dry,01 - Traffic signal,01 - Functioning,2,0,0,0,,0,,,,,368417.76,5024853.047,45.36073489,-75.68795494,8729
15--4125,2015/03/05,9:04 AM,ALTA VISTA DR @ ROGER RD (0007583),7583,03 - At intersection,03 - P.D. only,02 - Angle,01 - Clear,01 - Daylight,01 - Dry,02 - Stop sign,01 - Functioning,2,0,0,0,,0,,,,,370406.846,5028882.682,45.39680887,-75.66203264,8730
15--4126,2015/03/05,9:06 AM,BANK ST btwn ROSEBERY AVE & STRATHCONA AVE (__3ZA3OG),__3ZA3OG,01 - Non intersection,03 - P.D. only,04 - Sideswipe,01 - Clear,01 - Daylight,01 - Dry,10 - No control,,2,0,0,0,,0,,,,,368127.1436,5030049.282,45.40751548,-75.6909975,8731
15--4127,2015/03/05,9:13 PM,CRAIG HENRY DR btwn ALDRIDGE WAY & JACK AARON DR (__3ZAAYZ),__3ZAAYZ,01 - Non intersection,03 - P.D. only,06 - SMV unattended vehicle,01 - Clear,07 - Dark,05 - Packed snow,10 - No control,,1,0,0,0,,0,,,,,362400.323,5021886.826,45.33456527,-75.76510293,8732
15--4128,2015/03/06,1:07 PM,BAY ST @ SLATER ST (0005127),5127,03 - At intersection,03 - P.D. only,02 - Angle,01 - Clear,01 - Daylight,01 - Dry,01 - Traffic signal,01 - Functioning,2,0,0,0,,0,,,,,366984.6617,5031078.088,45.41687481,-75.70546146,8733
15--4129,2015/03/06,1:20 PM,HINCKS LANE @ RIVERSIDE DR (0011354),11354,03 - At intersection,02 - Non-fatal injury,05 - Turning movement,01 - Clear,01 - Daylight,01 - Dry,01 - Traffic signal,01 - Functioning,2,0,0,0,02 - Minor,1,,1,,,370166.7181,5030205.566,45.40873415,-75.66492401,8734
15--413,2015/01/07,8:57 PM,WOODROFFE AVE btwn GRENFELL CRES & SLACK RD (__3ZA3IA),__3ZA3IA,01 - Non intersection,03 - P.D. only,04 - Sideswipe,06 - Strong wind,07 - Dark,06 - Ice,10 - No control,,2,0,0,0,,0,,,,,364284.4818,5019868.451,45.31624689,-75.74130834,8735
15--4130,2015/03/06,10:11 AM,PARKDALE AVE @ SHERWOOD DR (0006383),6383,03 - At intersection,03 - P.D. only,02 - Angle,01 - Clear,01 - Daylight,01 - Dry,01 - Traffic signal,01 - Functioning,2,0,0,0,,0,,,,,365380.703,5028744.099,45.39601484,-75.72624024,8736
15--4131,2015/03/06,10:22 AM,CARLING AVE @ HWY 417 CARLING IC124R67 (0002104),2104,02 - Intersection related,03 - P.D. only,04 - Sideswipe,01 - Clear,01 - Daylight,01 - Dry,03 - Yield sign,00 - Unknown,2,0,0,0,,0,,,,,364330.4957,5027524.055,45.38512719,-75.73979988,8737
15--4132,2015/03/06,10:31 AM,LYON ST @ WELLINGTON ST (0002388),2388,03 - At intersection,03 - P.D. only,04 - Sideswipe,01 - Clear,01 - Daylight,01 - Dry,01 - Traffic signal,01 - Functioning,2,0,0,0,,0,,,,,366936.2349,5031427.612,45.42002402,-75.70603607,8738
15--4133,2015/03/06,10:36 AM,FOOTHILLS DR btwn REDFIELD AVE & REDFIELD AVE (__3ZABRU),__3ZABRU,01 - Non intersection,03 - P.D. only,01 - Approaching,01 - Clear,01 - Daylight,01 - Dry,10 - No control,,2,0,0,0,,0,,,,,358733.1989,5020986.218,45.32675299,-75.81198477,8739
15--4134,2015/03/06,11:40 AM,JEANNE D'ARC BLVD @ VORLAGE DR W/VOYAGEUR WAY (0004394),4394,02 - Intersection related,03 - P.D. only,03 - Rear end,01 - Clear,01 - Daylight,01 - Dry,01 - Traffic signal,01 - Functioning,2,0,0,0,,0,,,,,379263.9619,5037746.495,45.47567329,-75.54757861,8740
15--4135,2015/03/06,12:39 AM,JOHNSTON RD @ ZAIDAN DR (0008978),8978,02 - Intersection related,03 - P.D. only,07 - SMV other,01 - Clear,07 - Dark,01 - Dry,02 - Stop sign,01 - Functioning,1,0,0,0,,0,,,,,372796.5687,5025722.525,45.3681471,-75.6319485,8741
15--4136,2015/03/06,12:46 PM,HOLLAND AVE @ TYNDALL ST (0006087),6087,03 - At intersection,02 - Non-fatal injury,07 - SMV other,01 - Clear,01 - Daylight,01 - Dry,01 - Traffic signal,01 - Functioning,1,0,0,1,02 - Minor,1,,1,,,365031.697,5028917.074,45.39760134,-75.73067635,8742
15--4137,2015/03/06,2:20 AM,CARLING AVE EB btwn CHURCHILL AVE N & SAIGON CRT (__3ZA26X),__3ZA26X,01 - Non intersection,03 - P.D. only,07 - SMV other,01 - Clear,07 - Dark,01 - Dry,10 - No control,,1,0,0,0,,0,,,,,364058.2939,5027114.74,45.38146732,-75.7433247,8743
15--4138,2015/03/06,2:45 PM,BEECHWOOD AVE @ CHARLEVOIX ST/MACKAY ST (0002248),2248,03 - At intersection,03 - P.D. only,01 - Approaching,01 - Clear,01 - Daylight,01 - Dry,01 - Traffic signal,01 - Functioning,2,0,0,0,,0,,,,,369185.4658,5033592.895,45.43930303,-75.6770157,8744
15--4139,2015/03/06,2:51 PM,BASELINE RD btwn MARSON ST & FISHER AVE (__3ZA4JL),__3ZA4JL,01 - Non intersection,03 - P.D. only,03 - Rear end,01 - Clear,01 - Daylight,01 - Dry,10 - No control,,2,0,0,0,,0,,,,,366098.2599,5025982.75,45.37110639,-75.71741908,8745
15--414,2015/01/07,9:00 AM,WELLINGTON ST @ BAYSWATER AVE/BAYVIEW RD (0006489),6489,02 - Intersection related,02 - Non-fatal injury,03 - Rear end,03 - Snow,01 - Daylight,05 - Packed snow,02 - Stop sign,01 - Functioning,2,0,0,0,01 - Minimal,1,1,,,,365760.9647,5030015.179,45.40741871,-75.72122673,8746
15--4140,2015/03/06,3:20 PM,MONTREAL RD btwn CLOVELLY RD & ELWOOD ST (__3ZA2DZ),__3ZA2DZ,01 - Non intersection,03 - P.D. only,03 - Rear end,01 - Clear,01 - Daylight,01 - Dry,10 - No control,,3,0,0,0,,0,,,,,374379.7364,5034402.046,45.44608568,-75.61051513,8747
15--4141,2015/03/06,3:46 PM,BASELINE RD @ WOODROFFE AVE (0002225),2225,02 - Intersection related,03 - P.D. only,03 - Rear end,01 - Clear,01 - Daylight,01 - Dry,01 - Traffic signal,01 - Functioning,2,0,0,0,,0,,,,,362550.6541,5023771.95,45.35151514,-75.76296501,8748
15--4142,2015/03/06,4:10 PM,MICHAEL ST btwn BELFAST RD & NEWMARKET ST (__3ZA1DR),__3ZA1DR,04 - At/near private drive,03 - P.D. only,03 - Rear end,01 - Clear,01 - Daylight,01 - Dry,10 - No control,,2,0,0,0,,0,,,,,373203.0821,5030473.085,45.410851,-75.62610103,8749
15--4143,2015/03/06,4:10 PM,INNES RD @ ORIENT PARK DR (0004143),4143,02 - Intersection related,03 - P.D. only,05 - Turning movement,01 - Clear,01 - Daylight,01 - Dry,01 - Traffic signal,00 - Unknown,2,0,0,0,,0,,,,,378320.7401,5033036.087,45.43339231,-75.56034528,8750
15--4144,2015/03/06,4:32 PM,BASELINE RD @ FISHER AVE (0002346),2346,02 - Intersection related,03 - P.D. only,04 - Sideswipe,01 - Clear,01 - Daylight,01 - Dry,01 - Traffic signal,00 - Unknown,2,0,0,0,,0,,,,,366166.6936,5026028.051,45.37150801,-75.71653986,8751
15--4145,2015/03/06,4:34 PM,HAWTHORNE RD @ HUNT CLUB RD (0007651),7651,02 - Intersection related,03 - P.D. only,99 - Other,01 - Clear,01 - Daylight,01 - Dry,01 - Traffic signal,01 - Functioning,2,0,0,0,,0,,,,,375509.6776,5026406.047,45.37402864,-75.59721905,8752
15--4146,2015/03/06,4:51 PM,STITTSVILLE MAIN ST @ HAZELDEAN RD (0000050),50,02 - Intersection related,02 - Non-fatal injury,03 - Rear end,01 - Clear,01 - Daylight,01 - Dry,01 - Traffic signal,01 - Functioning,2,0,0,0,01 - Minimal,2,2,,,,349559.362,5014879.199,45.27244516,-75.92955849,8753
15--4147,2015/03/06,5:12 PM,ARMSTRONG ST @ PARKDALE AVE (0006267),6267,03 - At intersection,03 - P.D. only,02 - Angle,01 - Clear,01 - Daylight,01 - Dry,01 - Traffic signal,01 - Functioning,3,0,0,0,,0,,,,,365089.7282,5029404.077,45.4019783,-75.72987567,8754
15--4148,2015/03/06,6:42 AM,MOODIE DR @ WEST HUNT CLUB RD (0010414),10414,02 - Intersection related,03 - P.D. only,03 - Rear end,01 - Clear,01 - Daylight,01 - Dry,01 - Traffic signal,01 - Functioning,2,0,0,0,,0,,,,,357908.6156,5018497.01,45.30441774,-75.82276992,8755
15--4149,2015/03/06,6:54 PM,RICHMOND RD @ EDGEWORTH AVE/MCEWEN AVE (0002352),2352,02 - Intersection related,02 - Non-fatal injury,03 - Rear end,01 - Clear,07 - Dark,01 - Dry,01 - Traffic signal,00 - Unknown,2,0,0,0,01 - Minimal,1,1,,,,361075.0396,5025884.068,45.37063983,-75.78155534,8756
15--415,2015/01/07,9:06 AM,LONGFIELDS DR btwn HIGHBURY PARK DR & NORTH HARROW DR (__3ZAZKE),__3ZAZKE,01 - Non intersection,03 - P.D. only,07 - SMV other,05 - Drifting Snow,01 - Daylight,06 - Ice,10 - No control,,1,0,0,0,,0,,,,,364167.1941,5015910.007,45.28063887,-75.74327809,8757
15--4150,2015/03/06,6:56 PM,BOTTRIELL WAY @ MERKLEY DR (0005042),5042,03 - At intersection,03 - P.D. only,02 - Angle,01 - Clear,07 - Dark,01 - Dry,02 - Stop sign,01 - Functioning,2,0,0,0,,0,,,,,383751.9487,5037378.837,45.47187243,-75.49024342,8758
15--4151,2015/03/06,7:12 AM,INNES RD btwn 260 E OF BELCOURT BLVD/WALMART SC & JEANNE D'ARC BLVD/ME (__3ZA3JWB),__3ZA3JWB,01 - Non intersection,03 - P.D. only,03 - Rear end,01 - Clear,01 - Daylight,01 - Dry,10 - No control,,4,0,0,0,,0,,,,,382631.0066,5035562.253,45.45565421,-75.50486514,8759
15--4152,2015/03/06,7:15 AM,HERZBERG RD @ MARCH RD (0003170),3170,03 - At intersection,02 - Non-fatal injury,03 - Rear end,01 - Clear,01 - Daylight,01 - Dry,01 - Traffic signal,01 - Functioning,2,0,0,0,02 - Minor,1,,1,,,352323.6222,5021527.043,45.3320827,-75.89369365,8760
15--4153,2015/03/06,7:53 AM,TRENTON AVE @ MERIVALE RD (0002734),2734,03 - At intersection,03 - P.D. only,02 - Angle,01 - Clear,01 - Daylight,01 - Dry,02 - Stop sign,01 - Functioning,2,0,0,0,,0,,,,,364886.6033,5026361.305,45.3746175,-75.73284056,8761
15--4154,2015/03/06,8:14 AM,TONILEE DR @ WILBURY RD (0009231),9231,02 - Intersection related,03 - P.D. only,02 - Angle,01 - Clear,01 - Daylight,01 - Dry,02 - Stop sign,01 - Functioning,2,0,0,0,,0,,,,,373848.7325,5032623.891,45.43013946,-75.61755193,8762
15--4155,2015/03/06,8:22 AM,CAMPEAU DR/HWY 417 MARCH IC138R63 @ MARCH RD (0009710),9710,03 - At intersection,02 - Non-fatal injury,02 - Angle,01 - Clear,01 - Daylight,01 - Dry,01 - Traffic signal,01 - Functioning,2,1,0,0,02 - Minor,1,,1,,,352842.5888,5020475.021,45.32258107,-75.88717514,8763
15--4156,2015/03/06,8:38 PM,BRIDGE ST btwn MANOTICK MAIN ST & DICKINSON CIRC (__3ZA388),__3ZA388,01 - Non intersection,03 - P.D. only,03 - Rear end,01 - Clear,07 - Dark,04 - Slush,10 - No control,,2,0,0,0,,0,,,,,368729.4629,5009964.511,45.22674173,-75.68589573,8764
15--4157,2015/03/06,9:06 AM,QUEEN ST btwn O'CONNOR ST & METCALFE ST (__3ZA2FP),__3ZA2FP,01 - Non intersection,03 - P.D. only,06 - SMV unattended vehicle,01 - Clear,01 - Daylight,01 - Dry,10 - No control,,1,0,0,0,,0,,,,,367626.2307,5031665.274,45.4221008,-75.69719001,8765
15--4158,2015/03/06,9:17 AM,ST. JOSEPH BLVD btwn OR174 IC101 RAMP63 & OR174 IC101 RAMP45 (__3ZA1V2),__3ZA1V2,01 - Non intersection,03 - P.D. only,07 - SMV other,01 - Clear,01 - Daylight,01 - Dry,10 - No control,,1,0,0,0,,0,,,,,383194.384,5038855.378,45.48521981,-75.49713764,8766
15--4159,2015/03/06,9:34 PM,FAIRMONT AVE btwn WELLINGTON ST W & DUHAMEL ST (__3ZAAHH),__3ZAAHH,01 - Non intersection,03 - P.D. only,04 - Sideswipe,01 - Clear,07 - Dark,01 - Dry,10 - No control,,2,0,0,0,,0,,,,,365575.9331,5029666.983,45.40430182,-75.7236332,8767
15--416,2015/01/07,9:06 PM,HIGHWAY 417 btwn HWY417 IC120B RAMP36 & HWY417 IC119B RAMP76 (__3ZA2YU),__3ZA2YU,01 - Non intersection,02 - Non-fatal injury,07 - SMV other,01 - Clear,07 - Dark,06 - Ice,10 - No control,,1,0,0,0,02 - Minor,3,1,2,,,367912.9828,5030100.041,45.40799153,-75.69372663,8768
15--4160,2015/03/06,9:51 PM,HUNT CLUB RD @ RIVERSIDE DR (0002237),2237,02 - Intersection related,02 - Non-fatal injury,03 - Rear end,01 - Clear,07 - Dark,01 - Dry,01 - Traffic signal,01 - Functioning,3,0,0,0,01 - Minimal,3,3,,,,368037.6669,5021945.017,45.33460346,-75.69317796,8769
15--4161,2015/03/07,10:38 AM,CATHERINE ST/HWY 417 O'CONN IC119BR76 @ O'CONN (0001697),1697,02 - Intersection related,03 - P.D. only,03 - Rear end,01 - Clear,01 - Daylight,01 - Dry,01 - Traffic signal,01 - Functioning,2,0,0,0,,0,,,,,368243.1081,5030392.167,45.41059014,-75.68947208,8770
15--4162,2015/03/07,10:38 AM,MONTREAL RD @ BATHGATE DR/BURMA RD (0007650),7650,02 - Intersection related,03 - P.D. only,03 - Rear end,01 - Clear,01 - Daylight,01 - Dry,01 - Traffic signal,01 - Functioning,2,0,0,0,,0,,,,,373222.7947,5034516.11,45.44722618,-75.62528748,8771
15--4163,2015/03/07,10:48 AM,BOUNDARY RD @ PARKWAY RD (0001707),1707,03 - At intersection,03 - P.D. only,99 - Other,01 - Clear,01 - Daylight,01 - Dry,02 - Stop sign,01 - Functioning,2,0,0,0,,0,,,,,388798.3813,5020305.46,45.31767415,-75.42861993,8772
15--4190,2015/03/08,3:30 PM,EARL GREY DR btwn 175 S OF KANATA AVE/WALMART SC & KANATA AVE (__3ZBPJBA),__3ZBPJBA,04 - At/near private drive,03 - P.D. only,02 - Angle,02 - Rain,01 - Daylight,02 - Wet,10 - No control,,2,0,0,0,,0,,,,,350960.6814,5019195.812,45.3111967,-75.9112984,8773
15--4364,2015/03/13,4:39 PM,MAJESTIC DR @ WOODROFFE AVE (0000562),562,02 - Intersection related,03 - P.D. only,03 - Rear end,01 - Clear,01 - Daylight,01 - Dry,01 - Traffic signal,01 - Functioning,3,0,0,0,,0,,,,,363526.7295,5021571.01,45.33163021,-75.7507703,8774
15--3822,2015/02/26,9:52 AM,PRESTON ST @ PRINCE OF WALES DR/QUEEN ELIZABET (0006904),6904,02 - Intersection related,03 - P.D. only,03 - Rear end,01 - Clear,01 - Daylight,01 - Dry,01 - Traffic signal,01 - Functioning,2,0,0,0,,0,,,,,366896.8843,5028773.541,45.39614694,-75.70687314,8775
15--4191,2015/03/08,4:10 PM,BILLINGS BRIDGESC RAMP SB @ RIVERSIDE DR EB (0010763),10763,03 - At intersection,03 - P.D. only,02 - Angle,01 - Clear,01 - Daylight,01 - Dry,02 - Stop sign,01 - Functioning,2,0,0,0,,0,,,,,369176.777,5027787.739,45.3870711,-75.67788499,8776
15--4365,2015/03/13,5:00 PM,HIGHWAY 417 btwn HIGHWAY 417 & Continuation of HIGHWAY 417 (__3ZAZOB),__3ZAZOB,01 - Non intersection,02 - Non-fatal injury,03 - Rear end,01 - Clear,01 - Daylight,01 - Dry,10 - No control,,2,0,0,0,01 - Minimal,1,1,,,,352964.3686,5020218.705,45.32026634,-75.88564675,8777
15--3823,2015/02/26,9:58 AM,INDUSTRIAL AVE btwn SANDFORD FLEMING AVE & NEIGHBORHOOD WAY (__3ZA3PC),__3ZA3PC,01 - Non intersection,03 - P.D. only,03 - Rear end,01 - Clear,01 - Daylight,06 - Ice,10 - No control,,2,0,0,0,,0,,,,,370981.1093,5030539.739,45.41166437,-75.65447623,8778
15--4192,2015/03/08,4:16 AM,OR174 IC109 RAMP51 @ REGIONAL RD 174 (0012399),12399,02 - Intersection related,03 - P.D. only,07 - SMV other,01 - Clear,07 - Dark,02 - Wet,10 - No control,,1,0,0,0,,0,,,,,379005.2581,5036770.908,45.46692324,-75.5510344,8779
15--4366,2015/03/13,5:12 PM,FALLOWFIELD RD @ WOODROFFE AVE (0010372),10372,02 - Intersection related,03 - P.D. only,03 - Rear end,01 - Clear,01 - Daylight,01 - Dry,01 - Traffic signal,01 - Functioning,2,0,0,0,,0,,,,,365084.1861,5017903.672,45.29849975,-75.73134846,8780
15--3824,2015/02/27,1:17 PM,CARLING AVE @ KIRKWOOD AVE N (0002358),2358,02 - Intersection related,03 - P.D. only,03 - Rear end,01 - Clear,01 - Daylight,02 - Wet,01 - Traffic signal,01 - Functioning,3,0,0,0,,0,,,,,364274.5921,5027496.103,45.38488043,-75.74051707,8781
15--3825,2015/02/27,1:34 PM,HIGHWAY 417 btwn HWY417 IC112 RAMP64 & HIGHWAY 417 (__3ZA2U1),__3ZA2U1,01 - Non intersection,02 - Non-fatal injury,04 - Sideswipe,01 - Clear,01 - Daylight,01 - Dry,10 - No control,,3,0,0,0,02 - Minor,1,,1,,,374949.4105,5030710.122,45.41281087,-75.6037594,8782
15--3826,2015/02/27,10:03 AM,ST. JOSEPH BLVD @ JEANNE D'ARC BLVD (0012421),12421,02 - Intersection related,03 - P.D. only,04 - Sideswipe,01 - Clear,01 - Daylight,01 - Dry,11 - Roundabout,00 - Unknown,2,0,0,0,,0,,,,,379861.7064,5036472.063,45.46414295,-75.54012898,8783