Anom_ID,Accident_Date,Accident_Time,Location,Geo_ID,Accident_Location,Classification_of_Accident,Initial_Impact_Type,Environment_Condition,Light,Road_Surface_Condition,Traffic_Control,Traffic_Control_Condition,No__of_Vehicles,No__of_Bicycles,No__of_Motorcycles,No__of_Pedestrians,Max_Injury,No__of_Injuries,No__of_Minimal,No__of_Minor,No__of_Major,No__of_Fatal,X,Y,Latitude,Longitude,ObjectId
15--3827,2015/02/27,10:08 AM,CALDER AVE btwn MAJOR ST & FIELD ST (__3ZAALH),__3ZAALH,04 - At/near private drive,03 - P.D. only,06 - SMV unattended vehicle,01 - Clear,01 - Daylight,06 - Ice,10 - No control,,1,0,0,0,,0,,,,,362622.6528,5024556.077,45.35856471,-75.7619545,8784
15--3828,2015/02/27,10:54 AM,BOWESVILLE RD/HIGH RD @ LEITRIM RD (0012439),12439,02 - Intersection related,03 - P.D. only,07 - SMV other,01 - Clear,01 - Daylight,06 - Ice,02 - Stop sign,01 - Functioning,1,0,0,0,,0,,,,,371674.7313,5019286.026,45.31034141,-75.64713833,8785
15--3829,2015/02/27,10:57 AM,ORLEANS BLVD btwn BROKEN OAK DR & JEANNE D'ARC BLVD N (__3ZA6BR),__3ZA6BR,04 - At/near private drive,03 - P.D. only,02 - Angle,01 - Clear,01 - Daylight,01 - Dry,10 - No control,,2,0,0,0,,0,,,,,379985.3543,5038199.575,45.47967244,-75.53828369,8786
15--383,2015/01/07,6:34 AM,BLACKBURN BYPASS @ INNES RD E (0009245),9245,03 - At intersection,03 - P.D. only,04 - Sideswipe,03 - Snow,07 - Dark,03 - Loose snow,01 - Traffic signal,01 - Functioning,2,0,0,0,,0,,,,,379788.8099,5033781.06,45.43993915,-75.54147129,8787
15--3830,2015/02/27,11:30 AM,HIGHWAY 417 btwn HWY417 IC134 RAMP36 & HWY417 IC134 RAMP26 (__3ZA29C),__3ZA29C,01 - Non intersection,03 - P.D. only,04 - Sideswipe,01 - Clear,01 - Daylight,01 - Dry,10 - No control,,3,0,0,0,,0,,,,,356069.7304,5022085.92,45.33684785,-75.84584592,8788
15--3831,2015/02/27,11:42 AM,CARLING AVE @ OAKLEY AVE (0002571),2571,03 - At intersection,03 - P.D. only,02 - Angle,01 - Clear,01 - Daylight,01 - Dry,02 - Stop sign,01 - Functioning,2,0,0,0,,0,,,,,359071.6286,5024032.028,45.35413319,-75.80733369,8789
15--3832,2015/02/27,11:49 AM,MACFARLANE RD @ DEAKIN ST (0000197),197,02 - Intersection related,03 - P.D. only,03 - Rear end,01 - Clear,01 - Daylight,05 - Packed snow,02 - Stop sign,01 - Functioning,2,0,0,0,,0,,,,,367254.1683,5021559.207,45.33120218,-75.70322199,8790
15--3833,2015/02/27,Unknown,WILDMINT SQ btwn SHORELINE DR & Continuation of WILDMINT SQ (__3E6DN4),__3E6DN4,01 - Non intersection,03 - P.D. only,06 - SMV unattended vehicle,01 - Clear,00 - Unknown,05 - Packed snow,10 - No control,,1,0,0,0,,0,,,,,368659.5926,5015578.644,45.27726358,-75.68606412,8791
15--3834,2015/02/27,12:15 PM,ARLINGTON AVE btwn CAMBRIDGE ST N & BRONSON AVE (__3ZA0PP),__3ZA0PP,01 - Non intersection,03 - P.D. only,04 - Sideswipe,01 - Clear,01 - Daylight,01 - Dry,10 - No control,,2,0,0,0,,0,,,,,367202.9657,5029860.333,45.40589837,-75.70282661,8792
15--3835,2015/02/27,12:19 PM,TERRY FOX DR @ EDGEWATER ST/WALTER BAKER PL (0002699),2699,03 - At intersection,03 - P.D. only,05 - Turning movement,01 - Clear,01 - Daylight,01 - Dry,01 - Traffic signal,01 - Functioning,2,0,0,0,,0,,,,,351776.6443,5017612.968,45.29689976,-75.90104274,8793
15--3836,2015/02/27,12:33 PM,ST. LAURENT BLVD btwn BOURASSA ST & SMYTH RD (__3ZA3R6),__3ZA3R6,01 - Non intersection,02 - Non-fatal injury,03 - Rear end,01 - Clear,01 - Daylight,01 - Dry,10 - No control,,2,0,0,0,02 - Minor,1,,1,,,373350.574,5029446.588,45.40160063,-75.62435965,8794
15--3837,2015/02/27,12:43 PM,CLYDE AVE btwn CLYDE AVE & STARWOOD RD (__3ZA2TX),__3ZA2TX,04 - At/near private drive,03 - P.D. only,02 - Angle,01 - Clear,01 - Daylight,01 - Dry,10 - No control,,2,0,0,0,,0,,,,,364421.5709,5024745.628,45.3601196,-75.73897234,8795
15--3838,2015/02/27,12:49 AM,AIRPORT PKWY @ HUNT CLUB RD (0010856),10856,02 - Intersection related,03 - P.D. only,99 - Other,03 - Snow,07 - Dark,03 - Loose snow,01 - Traffic signal,01 - Functioning,2,0,0,0,,0,,,,,371017.0866,5023702.638,45.35014318,-75.65493364,8796
15--3839,2015/02/27,2:05 PM,QUEEN ST btwn O'CONNOR ST & METCALFE ST (__3ZA2FP),__3ZA2FP,01 - Non intersection,03 - P.D. only,06 - SMV unattended vehicle,01 - Clear,01 - Daylight,01 - Dry,10 - No control,,1,0,0,0,,0,,,,,367573.2036,5031632.7,45.42181247,-75.69787169,8797
15--384,2015/01/07,6:35 AM,HIGHWAY 417 btwn HWY417 IC138 RAMP35 & HIGHWAY 417 (__3ZA29G),__3ZA29G,01 - Non intersection,02 - Non-fatal injury,03 - Rear end,03 - Snow,07 - Dark,03 - Loose snow,10 - No control,,4,0,0,0,01 - Minimal,1,1,,,,352940.4302,5020203.68,45.32013278,-75.88595353,8798
15--3840,2015/02/27,2:32 PM,MONTREAL RD @ 46 E OF HILLSIDE DR/MONTREAL SQU (0008215),8215,03 - At intersection,03 - P.D. only,05 - Turning movement,01 - Clear,01 - Daylight,01 - Dry,01 - Traffic signal,01 - Functioning,2,0,0,0,,0,,,,,371749.96,5033917.172,45.44197985,-75.64419546,8799
15--3841,2015/02/27,3:20 PM,HERON RD @ HERON RD RAMP 36 (0002387),2387,02 - Intersection related,03 - P.D. only,03 - Rear end,01 - Clear,01 - Daylight,01 - Dry,03 - Yield sign,01 - Functioning,2,0,0,0,,0,,,,,368477.6227,5026690.424,45.37726169,-75.68695407,8800
15--3842,2015/02/27,3:27 AM,HIGHWAY 417 btwn HWY417 IC124 RAMP76 & HWY417 IC124 RAMP67 (__3ZA2R7),__3ZA2R7,01 - Non intersection,03 - P.D. only,07 - SMV other,01 - Clear,07 - Dark,01 - Dry,10 - No control,,1,0,0,0,,0,,,,,364341.495,5027424.089,45.38422678,-75.73967149,8801
15--3843,2015/02/27,3:27 PM,HERON RD @ JEFFERSON ST (0007192),7192,02 - Intersection related,03 - P.D. only,02 - Angle,01 - Clear,01 - Daylight,02 - Wet,01 - Traffic signal,01 - Functioning,2,0,0,0,,0,,,,,371808.364,5027053.747,45.38022011,-75.64438199,8802
15--3844,2015/02/27,3:34 PM,CEDARVIEW RD @ WEST HUNT CLUB RD (0010267),10267,02 - Intersection related,03 - P.D. only,03 - Rear end,01 - Clear,01 - Daylight,02 - Wet,01 - Traffic signal,01 - Functioning,2,0,0,0,,0,,,,,359718.6774,5019554.96,45.31379805,-75.79957285,8803
15--3845,2015/02/27,3:37 PM,NAVAN RD btwn CANARY ST & MILTON RD (__3ZA3XS),__3ZA3XS,04 - At/near private drive,02 - Non-fatal injury,04 - Sideswipe,01 - Clear,01 - Daylight,01 - Dry,10 - No control,,2,0,0,0,01 - Minimal,1,1,,,,386987.8652,5031761.796,45.42096257,-75.44980277,8804
15--3846,2015/02/27,3:47 PM,WEST HUNT CLUB RD EB btwn ANTARES DR/LASER ST & PRINCE OF WALES DR (__3ZA3KH),__3ZA3KH,01 - Non intersection,03 - P.D. only,04 - Sideswipe,01 - Clear,01 - Daylight,01 - Dry,10 - No control,,2,0,0,0,,0,,,,,367109.639,5022054.996,45.33567605,-75.70500327,8805
15--3847,2015/02/27,3:55 PM,GREENBANK RD @ IRIS ST/HWY 417 IC129 RAMP51 (0009073),9073,02 - Intersection related,03 - P.D. only,99 - Other,01 - Clear,01 - Daylight,01 - Dry,01 - Traffic signal,01 - Functioning,2,0,0,0,,0,,,,,360532.2729,5023312.012,45.34753994,-75.78877413,8806
15--3848,2015/02/27,3:59 PM,MONTREAL RD/HANNAH ST @ CODY AVE (0009349),9349,03 - At intersection,03 - P.D. only,05 - Turning movement,01 - Clear,01 - Daylight,02 - Wet,01 - Traffic signal,01 - Functioning,2,0,0,0,,0,,,,,370254.7435,5033169.607,45.43539518,-75.66340577,8807
15--3849,2015/02/27,4:32 PM,BANK ST btwn ANOKA ST & WILDWOOD AVE (__3ZA366),__3ZA366,01 - Non intersection,02 - Non-fatal injury,07 - SMV other,01 - Clear,01 - Daylight,01 - Dry,10 - No control,,1,0,0,1,02 - Minor,1,,1,,,370024.7536,5026767.415,45.37781211,-75.66719197,8808
15--385,2015/01/07,6:35 AM,HIGHWAY 417 btwn HWY417 IC138 RAMP51 & HWY417 IC138 RAMP35 (__3ZA29E),__3ZA29E,01 - Non intersection,02 - Non-fatal injury,07 - SMV other,03 - Snow,07 - Dark,03 - Loose snow,10 - No control,,1,0,0,0,02 - Minor,1,,1,,,352798.914,5020118.481,45.31937584,-75.88776677,8809
15--3850,2015/02/27,4:32 PM,SAWCHUK TER btwn CONACHER GT & VEZINA PL (__30QI48),__30QI48,04 - At/near private drive,03 - P.D. only,02 - Angle,01 - Clear,01 - Daylight,04 - Slush,10 - No control,,2,0,0,0,,0,,,,,351650.8238,5019833.346,45.31688768,-75.90243699,8810
15--3851,2015/02/27,4:39 PM,CARP RD @ DONALD B. MUNRO DR (0001595),1595,03 - At intersection,03 - P.D. only,05 - Turning movement,01 - Clear,01 - Daylight,01 - Dry,02 - Stop sign,01 - Functioning,2,0,0,0,,0,,,,,341192.5404,5022822.005,45.34440083,-76.03560334,8811
15--3852,2015/02/27,4:45 PM,BRONSON AVE btwn FINDLAY AVE & BRONSON AVE SB OFF RAMP 34 (__3ZA3N5),__3ZA3N5,01 - Non intersection,03 - P.D. only,03 - Rear end,01 - Clear,01 - Daylight,01 - Dry,10 - No control,,2,0,0,0,,0,,,,,367747.9863,5028502.487,45.39363207,-75.69603817,8812
15--3853,2015/02/27,5:00 PM,INNES RD btwn GRAVELLE CRES & SOUTHPARK DR (__3ZA2AW),__3ZA2AW,04 - At/near private drive,03 - P.D. only,02 - Angle,01 - Clear,01 - Daylight,01 - Dry,10 - No control,,2,0,0,0,,0,,,,,377823.3539,5032747.333,45.43084641,-75.56674425,8813
15--3854,2015/02/27,5:00 PM,HIGHWAY 417 btwn HWY417 IC126 RAMP16 & HWY417 IC126 RAMP61 (__3ZA2RC),__3ZA2RC,01 - Non intersection,03 - P.D. only,03 - Rear end,01 - Clear,05 - Dusk,02 - Wet,10 - No control,,2,0,0,0,,0,,,,,363148.0628,5025843.033,45.37010107,-75.7550968,8814
15--3855,2015/02/27,5:03 PM,HIGHWAY 417 btwn HWY417 IC124 RAMP67 & HWY417 IC123 RAMP62 (__3ZA2YZ),__3ZA2YZ,01 - Non intersection,02 - Non-fatal injury,03 - Rear end,01 - Clear,01 - Daylight,01 - Dry,10 - No control,,2,0,0,0,01 - Minimal,1,1,,,,364772.116,5028057.48,45.38988917,-75.7340961,8815
15--3856,2015/02/27,5:04 PM,DESJARDINS AVE btwn COBOURG ST & CHARLOTTE ST (__3ZBOW9),__3ZBOW9,01 - Non intersection,03 - P.D. only,06 - SMV unattended vehicle,01 - Clear,01 - Daylight,03 - Loose snow,10 - No control,,1,0,0,0,,0,,,,,368953.5945,5033164.758,45.43547213,-75.680035,8816
15--3857,2015/02/27,5:13 PM,BECKENHAM LANE @ MONTREAL RD (0012434),12434,02 - Intersection related,03 - P.D. only,05 - Turning movement,01 - Clear,01 - Daylight,01 - Dry,02 - Stop sign,00 - Unknown,2,0,0,0,,0,,,,,374504.6872,5034382.097,45.44589375,-75.60892082,8817
15--3858,2015/02/27,5:18 PM,DUNDAS ST @ MCARTHUR AVE (0009192),9192,03 - At intersection,03 - P.D. only,05 - Turning movement,01 - Clear,01 - Daylight,01 - Dry,02 - Stop sign,01 - Functioning,2,0,0,0,,0,,,,,369974.7115,5032663.138,45.43086433,-75.6670516,8818
15--3859,2015/02/27,5:28 PM,MCCORMICK ST btwn GRANT ST & WELLINGTON ST W (__3ZA0GU),__3ZA0GU,01 - Non intersection,03 - P.D. only,06 - SMV unattended vehicle,01 - Clear,05 - Dusk,01 - Dry,10 - No control,,1,0,0,0,,0,,,,,365302.0932,5029407.099,45.40198717,-75.72716286,8819
15--386,2015/01/07,6:39 PM,INDUSTRIAL AVE/INNES RD @ ST. LAURENT BLVD (0002203),2203,02 - Intersection related,03 - P.D. only,03 - Rear end,01 - Clear,07 - Dark,01 - Dry,01 - Traffic signal,01 - Functioning,2,0,0,0,,0,,,,,373098.7635,5030004.121,45.40664167,-75.62749859,8820
15--3860,2015/02/27,6:02 PM,BASELINE RD @ COLLEGE SQUARE SC (0008826),8826,02 - Intersection related,03 - P.D. only,03 - Rear end,01 - Clear,07 - Dark,01 - Dry,01 - Traffic signal,01 - Functioning,3,0,0,0,,0,,,,,362760.4512,5023897.858,45.35263074,-75.76027297,8821
15--3861,2015/02/27,6:20 PM,CAMPEAU DR @ TERON RD/COLCHESTER SQ (0009033),9033,03 - At intersection,03 - P.D. only,05 - Turning movement,01 - Clear,07 - Dark,01 - Dry,01 - Traffic signal,01 - Functioning,2,0,0,0,,0,,,,,352563.7595,5020467.586,45.32253319,-75.89073236,8822
15--3862,2015/02/27,6:30 PM,JAMES ST @ KENT ST (0007277),7277,02 - Intersection related,03 - P.D. only,04 - Sideswipe,01 - Clear,07 - Dark,01 - Dry,02 - Stop sign,00 - Unknown,2,0,0,0,,0,,,,,367659.7135,5030596.164,45.41247829,-75.69689858,8823
15--3863,2015/02/27,6:30 PM,CYCLONE TAYLOR BLVD @ PALLADIUM DR (0003236),3236,03 - At intersection,02 - Non-fatal injury,05 - Turning movement,01 - Clear,07 - Dark,01 - Dry,01 - Traffic signal,01 - Functioning,2,0,0,0,02 - Minor,3,2,1,,,350157.5958,5017583.705,45.29674283,-75.92168739,8824
15--3864,2015/02/27,6:48 PM,CUMMINGS AVE @ OGILVIE RD (0009923),9923,03 - At intersection,03 - P.D. only,05 - Turning movement,01 - Clear,07 - Dark,01 - Dry,01 - Traffic signal,01 - Functioning,2,0,0,0,,0,,,,,372747.7563,5032172.031,45.42618167,-75.63168319,8825
15--3865,2015/02/27,6:51 PM,DECARIE DR @ JEANNE D'ARC BLVD (0003852),3852,03 - At intersection,03 - P.D. only,04 - Sideswipe,01 - Clear,07 - Dark,01 - Dry,01 - Traffic signal,01 - Functioning,2,0,0,0,,0,,,,,380867.7727,5038508.152,45.48235318,-75.52695028,8826
15--3866,2015/02/27,7:30 AM,HIGHWAY 417 btwn HWY417 IC121A RAMP16 & HWY417 IC121A RAMP61 (__3ZA2YY),__3ZA2YY,01 - Non intersection,03 - P.D. only,04 - Sideswipe,01 - Clear,01 - Daylight,99 - Other,10 - No control,,3,0,0,0,,0,,,,,367172.4669,5029724.999,45.4046834,-75.7032333,8827
15--3867,2015/02/27,7:32 AM,EGRET WAY @ GREENBANK RD (0013626),13626,03 - At intersection,03 - P.D. only,02 - Angle,01 - Clear,01 - Daylight,01 - Dry,02 - Stop sign,01 - Functioning,2,0,0,0,,0,,,,,364969.077,5012404.258,45.24902596,-75.73348249,8828
15--3868,2015/02/27,7:34 AM,CARLING AVE btwn BEDALE DR & NAUTICA PRIV (__30GWVN),__30GWVN,01 - Non intersection,02 - Non-fatal injury,03 - Rear end,01 - Clear,01 - Daylight,01 - Dry,10 - No control,,2,0,0,0,02 - Minor,1,,1,,,357480.8529,5023602.48,45.35038942,-75.82768103,8829
15--3869,2015/02/27,7:36 AM,ANDERSON RD @ INNES RD (0004200),4200,03 - At intersection,03 - P.D. only,05 - Turning movement,01 - Clear,01 - Daylight,01 - Dry,01 - Traffic signal,01 - Functioning,2,0,0,0,,0,,,,,376281.705,5031841.082,45.42285177,-75.58657587,8830
15--387,2015/01/07,6:43 AM,CARLING AVE @ FAIRLAWN AVE/WOODROFFE AVE E (0002393),2393,02 - Intersection related,03 - P.D. only,99 - Other,03 - Snow,07 - Dark,03 - Loose snow,01 - Traffic signal,01 - Functioning,2,0,0,0,,0,,,,,361934.6841,5025830.528,45.37008852,-75.77058762,8831
15--3870,2015/02/27,7:37 PM,MERIVALE RD @ 170 N OF HUNTCLUB RD/COSTCO/CANA (0004681),4681,02 - Intersection related,02 - Non-fatal injury,03 - Rear end,01 - Clear,07 - Dark,01 - Dry,01 - Traffic signal,01 - Functioning,2,0,0,0,01 - Minimal,1,1,,,,365548.5265,5022100.576,45.33622307,-75.72491375,8832
15--3871,2015/02/27,7:40 AM,OGILVIE RD @ CITY PARK DR E/CSIS HQ ACCESS (0003696),3696,02 - Intersection related,03 - P.D. only,03 - Rear end,01 - Clear,01 - Daylight,06 - Ice,01 - Traffic signal,01 - Functioning,2,0,0,0,,0,,,,,374188.7282,5033010.095,45.43358066,-75.61315286,8833
15--3872,2015/02/27,7:41 PM,BASELINE RD @ WOODROFFE AVE (0002225),2225,02 - Intersection related,03 - P.D. only,03 - Rear end,01 - Clear,07 - Dark,01 - Dry,01 - Traffic signal,01 - Functioning,2,0,0,0,,0,,,,,362550.6541,5023769.059,45.35148913,-75.76296535,8834
15--3873,2015/02/27,7:44 PM,DUNROBIN RD btwn BUCKHAMS BAY RD & KILMAURS SIDE RD (__3ZA4EB),__3ZA4EB,01 - Non intersection,02 - Non-fatal injury,02 - Angle,01 - Clear,07 - Dark,02 - Wet,10 - No control,,2,0,0,0,01 - Minimal,1,1,,,,335432.2756,5038594.221,45.48660008,-76.10812644,8835
15--3874,2015/02/27,7:49 AM,BASELINE RD @ WOODROFFE AVE (0002225),2225,02 - Intersection related,03 - P.D. only,03 - Rear end,01 - Clear,01 - Daylight,01 - Dry,01 - Traffic signal,01 - Functioning,2,0,0,0,,0,,,,,362548.7263,5023769.059,45.35148928,-75.76298995,8836
15--3875,2015/02/27,7:51 AM,CYRVILLE RD @ MEADOWBROOK RD (0012477),12477,02 - Intersection related,02 - Non-fatal injury,03 - Rear end,01 - Clear,01 - Daylight,01 - Dry,01 - Traffic signal,01 - Functioning,4,0,0,0,02 - Minor,2,,2,,,374629.8043,5031246.144,45.41766568,-75.60776629,8837
15--3876,2015/02/27,8:00 PM,LAURIER AVE   E btwn CUMBERLAND ST & COPERNICUS ST (__3ZA3VI),__3ZA3VI,01 - Non intersection,03 - P.D. only,04 - Sideswipe,01 - Clear,07 - Dark,01 - Dry,10 - No control,,2,0,0,0,,0,,,,,368609.5332,5031955.606,45.42462411,-75.68458878,8838
15--3877,2015/02/27,8:01 AM,SMYTH RD @ GENERAL HOSPITAL E (0008855),8855,02 - Intersection related,03 - P.D. only,03 - Rear end,01 - Clear,01 - Daylight,01 - Dry,01 - Traffic signal,01 - Functioning,2,0,0,0,,0,,,,,371517.6814,5029182.034,45.39939736,-75.64780551,8839
15--3878,2015/02/27,8:10 AM,ELGIN ST @ LAURIER AVE (0002232),2232,02 - Intersection related,03 - P.D. only,04 - Sideswipe,01 - Clear,01 - Daylight,01 - Dry,01 - Traffic signal,01 - Functioning,2,0,0,0,,0,,,,,367948.7099,5031547.166,45.42100907,-75.69308484,8840
15--3879,2015/02/27,8:24 AM,HWY417 IC115 RAMP36 btwn HIGHWAY 417 & TRANSIT (__3ZAY67),__3ZAY67,01 - Non intersection,03 - P.D. only,03 - Rear end,01 - Clear,01 - Daylight,06 - Ice,10 - No control,,2,0,0,0,,0,,,,,372197.0686,5031512.029,45.42029656,-75.63881003,8841
15--388,2015/01/07,6:45 AM,BASELINE RD @ GREENBANK RD (0002357),2357,02 - Intersection related,02 - Non-fatal injury,03 - Rear end,01 - Clear,07 - Dark,04 - Slush,01 - Traffic signal,01 - Functioning,2,0,0,0,01 - Minimal,1,1,,,,360597.6843,5022583.054,45.34097558,-75.78802168,8842
15--3880,2015/02/27,8:33 PM,ROSS AVE @ SPENCER ST (0005639),5639,02 - Intersection related,03 - P.D. only,06 - SMV unattended vehicle,01 - Clear,07 - Dark,05 - Packed snow,02 - Stop sign,01 - Functioning,1,0,0,0,,0,,,,,364428.7327,5029195.077,45.40015437,-75.73834356,8843
15--3881,2015/02/27,8:34 AM,HOLLAND AVE btwn WELLINGTON ST W & BYRON AVE (__3ZA4PY),__3ZA4PY,04 - At/near private drive,03 - P.D. only,99 - Other,01 - Clear,01 - Daylight,02 - Wet,10 - No control,,2,0,0,0,,0,,,,,364939.775,5029128.654,45.399513,-75.73182455,8844
15--3882,2015/02/27,8:39 AM,FISHER AVE @ MALIBU TER (0003121),3121,03 - At intersection,02 - Non-fatal injury,02 - Angle,01 - Clear,01 - Daylight,01 - Dry,02 - Stop sign,01 - Functioning,2,0,0,0,02 - Minor,2,,2,,,366261.6977,5025799.049,45.36943917,-75.71535556,8845
15--3883,2015/02/27,8:42 AM,PARKDALE AVE @ SCOTT ST (0002213),2213,03 - At intersection,02 - Non-fatal injury,07 - SMV other,01 - Clear,01 - Daylight,01 - Dry,01 - Traffic signal,01 - Functioning,1,0,0,1,02 - Minor,1,,1,,,364949.7036,5029726.078,45.40488763,-75.73162487,8846
15--3884,2015/02/27,8:43 AM,KING EDWARD AVE @ STEWART ST (0007754),7754,02 - Intersection related,03 - P.D. only,03 - Rear end,01 - Clear,01 - Daylight,01 - Dry,01 - Traffic signal,01 - Functioning,3,0,0,0,,0,,,,,368635.6783,5032206.061,45.42687523,-75.68422225,8847
15--3885,2015/02/27,8:55 AM,OR174 IC112 RAMP51 btwn REGIONAL ROAD 174 & OR174 IC112 RAMP52 (__3ZAY62),__3ZAY62,01 - Non intersection,03 - P.D. only,03 - Rear end,01 - Clear,01 - Daylight,01 - Dry,10 - No control,,2,0,0,0,,0,,,,,374964.0843,5032877.361,45.43230903,-75.60326327,8848
15--3886,2015/02/27,9:00 AM,ST. ANDREW ST btwn SUSSEX DR & PARENT AVE (__3ZA7AA),__3ZA7AA,04 - At/near private drive,03 - P.D. only,02 - Angle,01 - Clear,01 - Daylight,01 - Dry,10 - No control,,2,0,0,0,,0,,,,,367682.9914,5032663.081,45.43107364,-75.69633738,8849
15--3887,2015/02/27,9:01 AM,COLDREY AVE @ KIRKWOOD AVE (0006736),6736,02 - Intersection related,03 - P.D. only,03 - Rear end,01 - Clear,01 - Daylight,01 - Dry,01 - Traffic signal,01 - Functioning,3,0,0,0,,0,,,,,364438.0196,5027138.256,45.38164669,-75.73847353,8850
15--3888,2015/02/27,9:12 AM,TERRY FOX DR btwn LEGGET DR & HELMSDALE DR (__3ZAZO8),__3ZAZO8,01 - Non intersection,03 - P.D. only,03 - Rear end,01 - Clear,01 - Daylight,01 - Dry,10 - No control,,2,0,0,0,,0,,,,,350460.6477,5023707.667,45.35182812,-75.91725895,8851
15--3889,2015/02/27,9:12 AM,JOCKVALE RD @ EXETER DR/TARTAN DR (0010065),10065,02 - Intersection related,03 - P.D. only,03 - Rear end,01 - Clear,01 - Daylight,01 - Dry,11 - Roundabout,01 - Functioning,2,0,0,0,,0,,,,,363324.6434,5014772.934,45.2704781,-75.75415076,8852
15--389,2015/01/07,6:50 AM,HIGHWAY 417 btwn HIGHWAY 417 & Continuation of HIGHWAY 417 (__3ZAZOB),__3ZAZOB,01 - Non intersection,03 - P.D. only,04 - Sideswipe,03 - Snow,07 - Dark,05 - Packed snow,10 - No control,,2,0,0,0,,0,,,,,352957.8046,5020214.988,45.32023334,-75.88573083,8853
15--3890,2015/02/27,9:22 PM,CARLING AVE/STATION RD @ MARCH RD (0002681),2681,02 - Intersection related,03 - P.D. only,03 - Rear end,01 - Clear,07 - Dark,01 - Dry,01 - Traffic signal,01 - Functioning,2,0,0,0,,0,,,,,350908.5807,5022246.99,45.33865535,-75.9116787,8854
15--3891,2015/02/27,9:30 AM,ASHBOURNE CRES btwn Continuation of ASHBOURNE CRES & Continuation of A (__6REWS6),__6REWS6,04 - At/near private drive,03 - P.D. only,02 - Angle,01 - Clear,01 - Daylight,01 - Dry,10 - No control,,2,0,0,0,,0,,,,,365403.136,5013109.62,45.25533557,-75.72786734,8855
15--3892,2015/02/27,9:49 PM,JASPER AVE @ WALKLEY RD (0011425),11425,02 - Intersection related,03 - P.D. only,03 - Rear end,01 - Clear,07 - Dark,01 - Dry,02 - Stop sign,00 - Unknown,3,0,0,0,,0,,,,,370849.7603,5026246.088,45.37304411,-75.65672891,8856
15--3893,2015/02/27,9:51 AM,ALESTHER ST @ DONALD ST (0008493),8493,03 - At intersection,03 - P.D. only,02 - Angle,01 - Clear,01 - Daylight,06 - Ice,02 - Stop sign,01 - Functioning,2,0,0,0,,0,,,,,371993.9833,5032460.857,45.42885321,-75.64127529,8857
15--4193,2015/03/08,5:47 PM,BRONSON AVE @ COMMISSIONER ST/SLATER ST (0001679),1679,02 - Intersection related,03 - P.D. only,04 - Sideswipe,01 - Clear,01 - Daylight,01 - Dry,01 - Traffic signal,01 - Functioning,2,0,0,0,,0,,,,,366767.7415,5030946.158,45.41570698,-75.70824939,8858
15--4367,2015/03/13,5:13 PM,RUSSELL RD btwn TO BE DETERMINED & LEITRIM RD (2) (__3ZA3ZJ),__3ZA3ZJ,04 - At/near private drive,03 - P.D. only,04 - Sideswipe,01 - Clear,01 - Daylight,02 - Wet,10 - No control,,2,0,0,0,,0,,,,,382632.4282,5026179.252,45.37123318,-75.50632869,8859
15--4194,2015/03/08,5:50 PM,BRONSON AVE @ BRONSON AVE SB OFF RAMP 34 (0002019),2019,02 - Intersection related,03 - P.D. only,03 - Rear end,01 - Clear,01 - Daylight,01 - Dry,10 - No control,,2,0,0,0,,0,,,,,367748.2952,5028478.423,45.39341552,-75.69603729,8860
15--4195,2015/03/08,6:15 PM,BERRIGAN DR @ LONGFIELDS DR (0010453),10453,03 - At intersection,03 - P.D. only,99 - Other,01 - Clear,05 - Dusk,03 - Loose snow,11 - Roundabout,01 - Functioning,2,0,0,0,,0,,,,,364304.1644,5015647.723,45.27826726,-75.7415638,8861
15--4368,2015/03/13,5:36 PM,BASELINE RD @ GREENBANK RD (0002357),2357,02 - Intersection related,03 - P.D. only,03 - Rear end,01 - Clear,01 - Daylight,01 - Dry,01 - Traffic signal,01 - Functioning,2,0,0,0,,0,,,,,360596.7204,5022582.091,45.34096699,-75.78803409,8862
15--4196,2015/03/08,6:43 PM,RAFTUS SQ btwn PHEASANT RUN DR & OTTEN DR (__3ZAB7Y),__3ZAB7Y,04 - At/near private drive,03 - P.D. only,06 - SMV unattended vehicle,01 - Clear,07 - Dark,01 - Dry,10 - No control,,1,0,0,0,,0,,,,,361785.6572,5015452.687,45.27672096,-75.77368427,8863
15--4369,2015/03/13,5:38 PM,COVENTRY RD @ LOLA ST (0007175),7175,02 - Intersection related,03 - P.D. only,07 - SMV other,01 - Clear,01 - Daylight,01 - Dry,01 - Traffic signal,01 - Functioning,1,0,0,0,,0,,,,,371262.7446,5031617.561,45.42133547,-75.65073312,8864
15--4197,2015/03/08,7:34 PM,SHADEHILL CRES btwn EDGEFIELD TER & SANDGATE RDG (1) (__54YJDI),__54YJDI,04 - At/near private drive,03 - P.D. only,06 - SMV unattended vehicle,01 - Clear,07 - Dark,04 - Slush,10 - No control,,1,0,0,0,,0,,,,,365822.1433,5012438.721,45.24926261,-75.72261171,8865
15--437,2015/01/08,12:31 AM,MAIN ST @ RIVERDALE AVE (0007229),7229,02 - Intersection related,03 - P.D. only,07 - SMV other,03 - Snow,07 - Dark,03 - Loose snow,01 - Traffic signal,00 - Unknown,1,0,0,0,,0,,,,,369433.6688,5029532.976,45.40275051,-75.67437608,8866
15--4198,2015/03/08,9:00 AM,ELGIN ST btwn WAVERLEY ST & FRANK ST (__3ZA3RQ),__3ZA3RQ,01 - Non intersection,03 - P.D. only,99 - Other,01 - Clear,01 - Daylight,02 - Wet,10 - No control,,2,0,0,0,,0,,,,,368331.2007,5030928.954,45.41541198,-75.68827756,8867