Anom_ID,Accident_Date,Accident_Time,Location,Geo_ID,Accident_Location,Classification_of_Accident,Initial_Impact_Type,Environment_Condition,Light,Road_Surface_Condition,Traffic_Control,Traffic_Control_Condition,No__of_Vehicles,No__of_Bicycles,No__of_Motorcycles,No__of_Pedestrians,Max_Injury,No__of_Injuries,No__of_Minimal,No__of_Minor,No__of_Major,No__of_Fatal,X,Y,Latitude,Longitude,ObjectId
15--4370,2015/03/13,5:44 PM,BAYSHORE DR btwn CARLING AVE & WOODRIDGE CRES N (__3ZAAD2),__3ZAAD2,04 - At/near private drive,03 - P.D. only,05 - Turning movement,01 - Clear,01 - Daylight,01 - Dry,10 - No control,,2,0,0,0,,0,,,,,359033.0912,5023941.697,45.35332338,-75.80783542,8868
15--4199,2015/03/09,1:16 PM,HWY 417 ST.LAURE IC115R25 @ ST. LAURENT BLVD (0002258),2258,02 - Intersection related,03 - P.D. only,03 - Rear end,01 - Clear,01 - Daylight,01 - Dry,10 - No control,,2,0,0,0,,0,,,,,372576.2154,5031284.202,45.41821005,-75.63399724,8869
15--4371,2015/03/13,6:19 PM,FOXHALL WAY btwn BRIDGESTONE DR & KINGBROOK DR (__54Y8F6),__54Y8F6,04 - At/near private drive,03 - P.D. only,99 - Other,01 - Clear,05 - Dusk,01 - Dry,10 - No control,,2,0,0,0,,0,,,,,355309.2462,5016489.662,45.28654696,-75.85611883,8870
15--42,2015/01/02,3:44 PM,LAURIER AVE   W btwn KENT ST & BANK ST (__3ZA344),__3ZA344,01 - Non intersection,03 - P.D. only,06 - SMV unattended vehicle,03 - Snow,01 - Daylight,02 - Wet,10 - No control,,1,0,0,0,,0,,,,,367399.5346,5031215.491,45.41807412,-75.70014365,8871
15--4372,2015/03/13,6:24 PM,SAUNDERSON DR @ SMYTH RD (0007729),7729,02 - Intersection related,03 - P.D. only,04 - Sideswipe,01 - Clear,07 - Dark,01 - Dry,01 - Traffic signal,01 - Functioning,2,0,0,0,,0,,,,,372795.659,5029323.069,45.40054338,-75.63146414,8872
15--4373,2015/03/13,6:30 PM,BRONSON AVE btwn PLYMOUTH ST & RENFREW AVE (__3ZA3B1),__3ZA3B1,04 - At/near private drive,03 - P.D. only,02 - Angle,01 - Clear,05 - Dusk,01 - Dry,10 - No control,,2,0,0,0,,0,,,,,367348.3608,5029573.118,45.40330112,-75.70100586,8873
15--4374,2015/03/13,7:04 PM,BANK ST btwn SCRIVENS DR & JOHN QUINN RD (__3ZA278),__3ZA278,01 - Non intersection,03 - P.D. only,07 - SMV other,01 - Clear,07 - Dark,01 - Dry,10 - No control,,1,0,0,0,,0,,,,,382890.718,5011022.746,45.23483552,-75.50541917,8874
15--4375,2015/03/13,7:45 PM,HIGHWAY 417 btwn HWY417 IC118 RAMP67 & HWY417 IC117 RAMP36 (__3ZA2YO),__3ZA2YO,01 - Non intersection,03 - P.D. only,07 - SMV other,01 - Clear,07 - Dark,01 - Dry,10 - No control,,1,0,0,0,,0,,,,,369745.3958,5031159.444,45.41735602,-75.67018025,8875
15--4376,2015/03/13,8:00 PM,HIGHWAY 417 btwn HWY417 IC118 RAMP76 & HWY417 IC118 RAMP67 (__3ZA2YR),__3ZA2YR,01 - Non intersection,03 - P.D. only,03 - Rear end,01 - Clear,07 - Dark,01 - Dry,10 - No control,,2,0,0,0,,0,,,,,369497.0203,5031080.744,45.41667091,-75.67336379,8876
15--4377,2015/03/13,8:11 PM,CHARLEMAGNE BLVD @ GARDENWAY DR/BOTTRIELL WAY  (0003748),3748,02 - Intersection related,03 - P.D. only,04 - Sideswipe,01 - Clear,07 - Dark,01 - Dry,01 - Traffic signal,00 - Unknown,2,0,0,0,,0,,,,,384049.7586,5037035.047,45.4687456,-75.48649062,8877
15--4378,2015/03/13,8:19 AM,SAUNDERSON DR btwn SMYTH RD & HAMLET RD (__3ZA78K),__3ZA78K,01 - Non intersection,02 - Non-fatal injury,03 - Rear end,01 - Clear,01 - Daylight,01 - Dry,10 - No control,,2,0,0,0,01 - Minimal,1,1,,,,372794.6952,5029311.503,45.40043941,-75.63147805,8878
15--4379,2015/03/13,8:30 AM,BASELINE RD btwn CORNELL ST & GREENBANK RD (__3ZA4MK),__3ZA4MK,01 - Non intersection,03 - P.D. only,04 - Sideswipe,01 - Clear,01 - Daylight,01 - Dry,10 - No control,,2,0,0,0,,0,,,,,360511.9012,5022530.042,45.3405054,-75.78912216,8879
15--438,2015/01/08,12:40 PM,COOPER ST @ BANK ST (0006951),6951,03 - At intersection,03 - P.D. only,02 - Angle,03 - Snow,01 - Daylight,02 - Wet,02 - Stop sign,01 - Functioning,2,0,0,0,,0,,,,,367648.7103,5030989.126,45.41601502,-75.69698903,8880
15--4380,2015/03/13,8:37 AM,WOODROFFE AVE btwn CARLING AVE & FOX CRES (__3ZA4NI),__3ZA4NI,04 - At/near private drive,03 - P.D. only,05 - Turning movement,01 - Clear,01 - Daylight,01 - Dry,10 - No control,,2,0,0,0,,0,,,,,361779.2499,5025697.08,45.36890042,-75.77258721,8881
15--4381,2015/03/13,8:54 AM,CITY PARK DR btwn AMBASSADOR AVE & OGILVIE RD (__3ZA4B7),__3ZA4B7,04 - At/near private drive,02 - Non-fatal injury,02 - Angle,01 - Clear,01 - Daylight,01 - Dry,10 - No control,,2,0,0,0,01 - Minimal,2,2,,,,374274.4774,5032833.875,45.43198662,-75.6120819,8882
15--4382,2015/03/13,9:14 PM,MCARTHUR AVE @ NORTH RIVER RD (0009202),9202,02 - Intersection related,03 - P.D. only,02 - Angle,01 - Clear,07 - Dark,01 - Dry,01 - Traffic signal,01 - Functioning,2,0,0,0,,0,,,,,369820.2371,5032647.077,45.4307342,-75.66902773,8883
15--4383,2015/03/13,9:32 PM,REGIONAL ROAD 174 btwn TRANSIT & OR174 IC105 RAMP51 (__3ZA28H),__3ZA28H,01 - Non intersection,03 - P.D. only,07 - SMV other,01 - Clear,07 - Dark,02 - Wet,10 - No control,,1,0,0,0,,0,,,,,378829.1403,5036672.957,45.46606063,-75.55330111,8884
15--4384,2015/03/14,1:04 AM,CYRVILLE RD @ OGILVIE RD (0003554),3554,03 - At intersection,03 - P.D. only,02 - Angle,01 - Clear,07 - Dark,01 - Dry,01 - Traffic signal,01 - Functioning,2,0,0,0,,0,,,,,372454.683,5032005.088,45.424708,-75.63545093,8885
15--4385,2015/03/14,1:22 PM,ALBION RD @ CAHILL DR (0007499),7499,03 - At intersection,03 - P.D. only,02 - Angle,01 - Clear,01 - Daylight,01 - Dry,02 - Stop sign,01 - Functioning,2,0,0,0,,0,,,,,371726.6949,5024669,45.35877082,-75.64574777,8886
15--4386,2015/03/14,1:27 PM,CAMPEAU DR @ HUNTMAR DR (0011612),11612,03 - At intersection,03 - P.D. only,02 - Angle,02 - Rain,01 - Daylight,02 - Wet,11 - Roundabout,01 - Functioning,2,0,0,0,,0,,,,,349053.6082,5018056.464,45.30106727,-75.93572042,8887
15--4387,2015/03/14,1:41 AM,ROGER STEVENS DR btwn MCCORDICK RD & CRAIGHURST DR (__3ZA4KX),__3ZA4KX,01 - Non intersection,03 - P.D. only,07 - SMV other,01 - Clear,07 - Dark,02 - Wet,10 - No control,,1,0,0,0,,0,,,,,365694.1216,4998940.546,45.12781573,-75.72589065,8888
15--4388,2015/03/14,1:42 AM,BROOKFIELD RD btwn CLOVER ST & CARLSEN AVE (__3ZA9YM),__3ZA9YM,01 - Non intersection,03 - P.D. only,06 - SMV unattended vehicle,01 - Clear,07 - Dark,01 - Dry,10 - No control,,1,0,0,0,,0,,,,,369408.892,5026353.684,45.37414655,-75.67510877,8889
15--4389,2015/03/14,1:50 PM,HUNT CLUB RD @ BRIDLE PATH DR/DAZE ST (0008214),8214,02 - Intersection related,03 - P.D. only,04 - Sideswipe,01 - Clear,01 - Daylight,01 - Dry,01 - Traffic signal,01 - Functioning,2,0,0,0,,0,,,,,371290.765,5023864.022,45.35156937,-75.65141962,8890
15--439,2015/01/08,12:54 AM,KING EDWARD AVE @ RIDEAU ST (0002121),2121,03 - At intersection,02 - Non-fatal injury,07 - SMV other,01 - Clear,07 - Dark,01 - Dry,01 - Traffic signal,01 - Functioning,1,0,0,1,02 - Minor,1,,1,,,368509.7795,5032414.071,45.42875831,-75.68580408,8891
15--4390,2015/03/14,10:01 PM,TERRY FOX DR @ EDGEWATER ST/WALTER BAKER PL (0002699),2699,02 - Intersection related,03 - P.D. only,07 - SMV other,03 - Snow,07 - Dark,02 - Wet,01 - Traffic signal,01 - Functioning,1,0,0,0,,0,,,,,351777.6082,5017613.932,45.29690837,-75.90103036,8892
15--4391,2015/03/14,10:04 AM,BRONSON AVE btwn BRONSON AVE SB ON RAMP 43 & SUNNYSIDE AVE/UNIVERSITY  (__3ZA3NU),__3ZA3NU,01 - Non intersection,03 - P.D. only,03 - Rear end,03 - Snow,01 - Daylight,06 - Ice,10 - No control,,2,0,0,0,,0,,,,,367885.1197,5028152.752,45.39047292,-75.69433161,8893
15--4392,2015/03/14,10:39 PM,EIGHTH LINE RD W @ HALL RD W (0004354),4354,03 - At intersection,02 - Non-fatal injury,02 - Angle,03 - Snow,07 - Dark,05 - Packed snow,02 - Stop sign,01 - Functioning,2,0,0,0,02 - Minor,3,,3,,,384686.7215,5024899.805,45.35949055,-75.4803129,8894
15--4393,2015/03/14,10:45 AM,INDIAN CREEK RD @ SAUMURE RD (0012911),12911,02 - Intersection related,03 - P.D. only,03 - Rear end,01 - Clear,01 - Daylight,02 - Wet,02 - Stop sign,01 - Functioning,2,0,0,0,,0,,,,,401808.989,5025223.794,45.36024538,-75.26174469,8895
15--4394,2015/03/14,10:55 AM,ERINDALE DR btwn NAVAHO DR & FORLAN DR (__3ZAAN2),__3ZAAN2,01 - Non intersection,02 - Non-fatal injury,06 - SMV unattended vehicle,01 - Clear,01 - Daylight,02 - Wet,10 - No control,,1,0,0,0,01 - Minimal,1,1,,,,363678.5949,5024979.4,45.36228584,-75.74842723,8896
15--4395,2015/03/14,11:43 PM,BANK ST @ EXHIBITION WAY (0009013),9013,02 - Intersection related,03 - P.D. only,03 - Rear end,03 - Snow,07 - Dark,03 - Loose snow,01 - Traffic signal,01 - Functioning,2,0,0,0,,0,,,,,368528.3984,5029085.775,45.39880973,-75.68599652,8897
15--4396,2015/03/14,11:53 PM,SUNNYSIDE AVE btwn BANK ST & WILLARD ST (__3ZA9JQ),__3ZA9JQ,04 - At/near private drive,03 - P.D. only,02 - Angle,01 - Clear,07 - Dark,01 - Dry,10 - No control,,2,0,0,0,,0,,,,,368743.8099,5028586.553,45.39429825,-75.68331006,8898
15--4397,2015/03/14,11:55 AM,BRONSON AVE @ IMPERIAL AVE/PLYMOUTH ST (0010859),10859,02 - Intersection related,03 - P.D. only,04 - Sideswipe,02 - Rain,01 - Daylight,02 - Wet,10 - No control,,2,0,0,0,,0,,,,,367316.4337,5029645.612,45.40395625,-75.70140446,8899
15--4398,2015/03/14,Unknown,SPARKS ST btwn BRONSON AVE & BAY ST (__3ZBPI0),__3ZBPI0,01 - Non intersection,03 - P.D. only,06 - SMV unattended vehicle,03 - Snow,00 - Unknown,04 - Slush,10 - No control,,1,0,0,0,,0,,,,,366801.4752,5031244.45,45.41838794,-75.70778089,8900
15--4399,2015/03/14,12:00 PM,SHERBOURNE RD @ KEENAN AVE/KNIGHTSBRIDGE RD (0002799),2799,03 - At intersection,02 - Non-fatal injury,02 - Angle,02 - Rain,01 - Daylight,02 - Wet,02 - Stop sign,01 - Functioning,2,0,0,0,01 - Minimal,1,1,,,,362039.6884,5026946.023,45.38011707,-75.7691179,8901
15--44,2015/01/02,4:05 PM,BEARBROOK RD/ROCKCLIFFE PKWY @ ST. JOSEPH BLVD (0012382),12382,03 - At intersection,03 - P.D. only,07 - SMV other,01 - Clear,01 - Daylight,01 - Dry,01 - Traffic signal,01 - Functioning,1,0,0,0,,0,,,,,377127.7704,5035239.11,45.45333809,-75.57526659,8902
15--440,2015/01/08,2:00 PM,HWY417 HUNT CLUB IC109 RAMP63 btwn HIGHWAY 417 WB & HUNT CLUB RD WB (e___2H7R),e___2H7R,01 - Non intersection,03 - P.D. only,07 - SMV other,03 - Snow,01 - Daylight,06 - Ice,10 - No control,,1,0,0,0,,0,,,,,376604.175,5027733.179,45.38585817,-75.58305392,8903
15--4400,2015/03/14,2:05 AM,OTTAWA RIVER PKWY WB btwn RAMP & RIVER ST (__3ZA24N),__3ZA24N,01 - Non intersection,03 - P.D. only,04 - Sideswipe,01 - Clear,07 - Dark,00 - Unknown,10 - No control,,2,0,0,0,,0,,,,,365052.3399,5030362.282,45.41060322,-75.73023612,8904
15--4401,2015/03/14,2:42 PM,BROADVIEW AVE btwn CARLING AVE & KERR AVE (__3ZA0EL),__3ZA0EL,01 - Non intersection,03 - P.D. only,04 - Sideswipe,01 - Clear,01 - Daylight,01 - Dry,10 - No control,,2,0,0,0,,0,,,,,363208.6384,5026593.722,45.37685063,-75.75423475,8905
15--4402,2015/03/14,2:52 PM,DES PERES BLANCS AVE @ MARIER AVE (0010058),10058,03 - At intersection,03 - P.D. only,02 - Angle,04 - Freezing Rain,01 - Daylight,06 - Ice,02 - Stop sign,01 - Functioning,2,1,0,0,,0,,,,,370062.747,5033671.072,45.43992509,-75.66579298,8906
15--4403,2015/03/14,3:59 PM,CAMPEAU DR/HWY 417 MARCH IC138R63 @ MARCH RD (0009710),9710,03 - At intersection,03 - P.D. only,02 - Angle,02 - Rain,01 - Daylight,02 - Wet,01 - Traffic signal,02 - Not functioning,2,0,0,0,,0,,,,,352840.8477,5020475.967,45.3225897,-75.88719725,8907
15--4404,2015/03/14,4:08 AM,IMPERIAL AVE btwn BRONSON AVE & CHAMBERLAIN AVE (__3ZA3O5),__3ZA3O5,01 - Non intersection,03 - P.D. only,07 - SMV other,01 - Clear,07 - Dark,01 - Dry,10 - No control,,1,0,0,0,,0,,,,,367339.5662,5029658.142,45.40406693,-75.7011074,8908
15--4405,2015/03/14,4:13 PM,MERIVALE RD btwn CALDWELL AVE & CENTRAL PARK DR (__3ZA3GW),__3ZA3GW,01 - Non intersection,02 - Non-fatal injury,03 - Rear end,04 - Freezing Rain,01 - Daylight,02 - Wet,10 - No control,,2,0,0,0,02 - Minor,1,,1,,,364928.0249,5026073.917,45.37202808,-75.73234675,8909
15--4406,2015/03/14,4:18 PM,TERRY FOX DR btwn MAPLE GROVE RD & WALTER BAKER PL (__3ZBOBD),__3ZBOBD,01 - Non intersection,03 - P.D. only,03 - Rear end,02 - Rain,01 - Daylight,02 - Wet,10 - No control,,2,0,0,0,,0,,,,,351689.5122,5017712.657,45.29780261,-75.9021442,8910
15--4407,2015/03/14,4:27 PM,ALBERT ST @ ELGIN ST/MACKENZIE KING BRIDGE (0002226),2226,03 - At intersection,03 - P.D. only,07 - SMV other,02 - Rain,01 - Daylight,02 - Wet,01 - Traffic signal,01 - Functioning,1,0,0,0,,0,,,,,367850.2258,5031711.635,45.42249779,-75.69432209,8911
15--4408,2015/03/14,4:59 PM,CHARLES ST @ CRICHTON ST (0008275),8275,02 - Intersection related,03 - P.D. only,04 - Sideswipe,02 - Rain,01 - Daylight,06 - Ice,02 - Stop sign,01 - Functioning,2,0,0,0,,0,,,,,368054.115,5033904.147,45.44220683,-75.69143532,8912
15--4409,2015/03/14,6:55 PM,SOMERSET ST    W btwn ROCHESTER ST & BOOTH ST (__3ZA323),__3ZA323,01 - Non intersection,03 - P.D. only,04 - Sideswipe,01 - Clear,07 - Dark,02 - Wet,10 - No control,,2,0,0,0,,0,,,,,366539.4293,5030227.732,45.40926297,-75.7112562,8913
15--441,2015/01/08,2:03 PM,BRONSON AVE @ POWELL AVE (0007212),7212,02 - Intersection related,03 - P.D. only,03 - Rear end,03 - Snow,01 - Daylight,04 - Slush,01 - Traffic signal,01 - Functioning,2,0,0,0,,0,,,,,367386.915,5029476.732,45.40243042,-75.70052564,8914
15--4410,2015/03/14,7:17 PM,BASELINE RD @ CLYDE AVE (0002343),2343,02 - Intersection related,03 - P.D. only,04 - Sideswipe,04 - Freezing Rain,07 - Dark,02 - Wet,01 - Traffic signal,01 - Functioning,2,0,0,0,,0,,,,,364357.7394,5024890.031,45.36142434,-75.73976963,8915
15--4411,2015/03/14,7:26 PM,ST. LAURENT BLVD btwn SHORE ST & BELFAST RD (__3ZA2GU),__3ZA2GU,01 - Non intersection,03 - P.D. only,07 - SMV other,03 - Snow,07 - Dark,02 - Wet,10 - No control,,1,0,0,0,,0,,,,,372820.6065,5030675.772,45.41271196,-75.6309589,8916
15--4412,2015/03/14,7:36 PM,BLOHM DR @ HUNT CLUB RD (0011392),11392,03 - At intersection,03 - P.D. only,05 - Turning movement,03 - Snow,07 - Dark,03 - Loose snow,01 - Traffic signal,01 - Functioning,2,0,0,0,,0,,,,,375128.7821,5026190.964,45.37213175,-75.60211214,8917
15--4413,2015/03/14,7:50 PM,HIGHWAY 7 btwn HAZELDEAN IC RAMP 53 & HIGHWAY 7 (__7JQ7LK),__7JQ7LK,01 - Non intersection,02 - Non-fatal injury,07 - SMV other,03 - Snow,07 - Dark,06 - Ice,10 - No control,,1,0,0,0,02 - Minor,1,,1,,,341760.8544,5007879.637,45.20991247,-76.02946406,8918
15--4414,2015/03/14,8:27 PM,MERIVALE RD btwn ENTERPRISE AVE & BONGARD AVE (__3ZA3I1),__3ZA3I1,04 - At/near private drive,03 - P.D. only,02 - Angle,03 - Snow,07 - Dark,03 - Loose snow,10 - No control,,2,0,0,0,,0,,,,,365846.9801,5021372.576,45.32964672,-75.72119595,8919
15--4415,2015/03/14,8:30 PM,HIGHWAY 417 btwn HWY417 IC123 RAMP62 & HWY417 IC122 RAMP16 (__3ZA2R9),__3ZA2R9,01 - Non intersection,03 - P.D. only,04 - Sideswipe,03 - Snow,07 - Dark,03 - Loose snow,10 - No control,,2,0,0,0,,0,,,,,364826.2676,5028160.729,45.39081355,-75.73339204,8920
15--4416,2015/03/14,8:45 PM,NERTA ST btwn ST. LAURENT BLVD & BALHARRIE AVE (__3ZBOZ6),__3ZBOZ6,01 - Non intersection,03 - P.D. only,06 - SMV unattended vehicle,03 - Snow,07 - Dark,03 - Loose snow,10 - No control,,1,0,0,0,,0,,,,,373722.2137,5028621.591,45.3941412,-75.61972829,8921
15--4417,2015/03/14,9:10 PM,HWY 417 INNES IC112R68 @ INNES RD (0012300),12300,02 - Intersection related,03 - P.D. only,03 - Rear end,04 - Freezing Rain,07 - Dark,06 - Ice,01 - Traffic signal,00 - Unknown,3,0,0,0,,0,,,,,374642.1383,5030921.684,45.41474513,-75.6076547,8922
15--4418,2015/03/14,9:11 AM,CRESTHAVEN DR @ STRANDHERD DR (0010929),10929,03 - At intersection,02 - Non-fatal injury,07 - SMV other,01 - Clear,01 - Daylight,01 - Dry,01 - Traffic signal,01 - Functioning,1,0,0,1,02 - Minor,1,,1,,,366815.8339,5015027.589,45.27247027,-75.70963069,8923
15--4419,2015/03/14,9:15 PM,FALLOWFIELD RD @ WOODROFFE AVE (0010372),10372,02 - Intersection related,03 - P.D. only,03 - Rear end,03 - Snow,07 - Dark,03 - Loose snow,01 - Traffic signal,01 - Functioning,2,0,0,0,,0,,,,,365084.909,5017902.347,45.29848776,-75.7313394,8924
15--442,2015/01/08,2:08 PM,WEST HUNT CLUB RD EB btwn WOODROFFE AVE & 354 E OF WOODROFFE AVE/REC P (__3ZBOG1A),__3ZBOG1A,01 - Non intersection,02 - Non-fatal injury,03 - Rear end,03 - Snow,01 - Daylight,03 - Loose snow,10 - No control,,2,0,0,0,01 - Minimal,1,1,,,,363688.4575,5021261.21,45.3288291,-75.74874403,8925
15--4420,2015/03/14,9:21 PM,NAVAHO DR @ WOODROFFE AVE/TRANSITWAY N BASELIN (0010359),10359,02 - Intersection related,03 - P.D. only,07 - SMV other,03 - Snow,07 - Dark,03 - Loose snow,01 - Traffic signal,01 - Functioning,1,0,0,0,,0,,,,,362707.0614,5023492.675,45.34898935,-75.76100175,8926
15--4421,2015/03/14,9:26 PM,GREENBANK RD btwn WEST HUNT CLUB RD & FALLOWFIELD RD (__3ZA1NE),__3ZA1NE,01 - Non intersection,02 - Non-fatal injury,07 - SMV other,03 - Snow,07 - Dark,05 - Packed snow,10 - No control,,1,0,0,0,02 - Minor,1,,1,,,362681.9435,5017648.255,45.29640352,-75.76200538,8927
15--4422,2015/03/14,9:47 PM,BANK ST btwn RIDEAU RD & TURN LANE (__3ZBPH9),__3ZBPH9,01 - Non intersection,03 - P.D. only,07 - SMV other,04 - Freezing Rain,07 - Dark,06 - Ice,10 - No control,,1,0,0,0,,0,,,,,376993.3067,5017748.569,45.29598143,-75.57954225,8928
15--4423,2015/03/15,1:00 PM,CEDARVIEW RD @ WEST HUNT CLUB RD (0010267),10267,02 - Intersection related,03 - P.D. only,99 - Other,01 - Clear,01 - Daylight,02 - Wet,01 - Traffic signal,01 - Functioning,2,0,0,0,,0,,,,,359720.6051,5019554.96,45.3137979,-75.79954827,8929
15--4424,2015/03/15,1:01 PM,SMYTH RD E/LANCASTER RD @ ST. LAURENT BLVD N/R (0002256),2256,02 - Intersection related,03 - P.D. only,03 - Rear end,01 - Clear,01 - Daylight,02 - Wet,01 - Traffic signal,01 - Functioning,2,0,0,0,,0,,,,,373365.0166,5029424.579,45.40140119,-75.62417825,8930
15--4425,2015/03/15,10:00 PM,HIGHWAY 417 btwn HWY417 IC118 RAMP57 & HWY417 IC118 RAMP35 (__3ZA2YQ),__3ZA2YQ,01 - Non intersection,03 - P.D. only,04 - Sideswipe,01 - Clear,07 - Dark,01 - Dry,10 - No control,,2,0,0,0,,0,,,,,369502.0745,5031065.581,45.41653401,-75.67330121,8931
15--4426,2015/03/15,10:27 AM,BANK ST btwn HERON RD & ANOKA ST (__3ZA360),__3ZA360,01 - Non intersection,03 - P.D. only,03 - Rear end,01 - Clear,01 - Daylight,02 - Wet,10 - No control,,2,0,0,0,,0,,,,,370000.5393,5026836.602,45.37843689,-75.66749197,8932
15--4427,2015/03/15,11:04 AM,MILLFORD AVE btwn PRITCHARD DR & COX ST (__3ZA5E9),__3ZA5E9,01 - Non intersection,03 - P.D. only,01 - Approaching,01 - Clear,01 - Daylight,05 - Packed snow,10 - No control,,2,0,0,0,,0,,,,,362940.892,5021368.01,45.32985241,-75.75826757,8933
15--4428,2015/03/15,11:25 AM,DONALD ST @ ST. LAURENT BLVD (0008630),8630,02 - Intersection related,03 - P.D. only,03 - Rear end,01 - Clear,01 - Daylight,02 - Wet,01 - Traffic signal,01 - Functioning,2,0,0,0,,0,,,,,372093.7129,5032472.103,45.42894481,-75.63999938,8934
15--4429,2015/03/15,11:45 AM,POLO LANE btwn SPIRITWOOD DR & CEDAR VALLEY DR (__5RG402),__5RG402,01 - Non intersection,03 - P.D. only,07 - SMV other,03 - Snow,01 - Daylight,06 - Ice,10 - No control,,1,0,0,0,,0,,,,,355550.2801,5016012.078,45.2822322,-75.85309523,8935
15--443,2015/01/08,2:20 PM,COVENTRY RD btwn BELFAST RD & ST. LAURENT SC WEST (__3ZA2CAA),__3ZA2CAA,01 - Non intersection,03 - P.D. only,04 - Sideswipe,03 - Snow,01 - Daylight,05 - Packed snow,10 - No control,,2,0,0,0,,0,,,,,371551.6997,5031642.174,45.42152942,-75.6470379,8936
15--4430,2015/03/15,12:04 PM,TALLWOOD DR @ AVENSHIRE GT/MERIDIAN PL (0009774),9774,03 - At intersection,03 - P.D. only,02 - Angle,01 - Clear,01 - Daylight,02 - Wet,02 - Stop sign,01 - Functioning,2,0,0,0,,0,,,,,362815.4345,5022619.819,45.34112649,-75.75972121,8937
15--4431,2015/03/15,12:15 PM,DAVID DR @ ROWLEY AVE (0001959),1959,03 - At intersection,03 - P.D. only,02 - Angle,01 - Clear,01 - Daylight,03 - Loose snow,02 - Stop sign,01 - Functioning,2,0,0,0,,0,,,,,364240.4165,5023572.162,45.34957628,-75.74142553,8938
15--4432,2015/03/15,12:26 PM,PRINCE OF WALES DR btwn COLONNADE RD & STEPHANIE AVE (__3ZA29R),__3ZA29R,01 - Non intersection,03 - P.D. only,07 - SMV other,01 - Clear,01 - Daylight,05 - Packed snow,10 - No control,,1,0,0,0,,0,,,,,367508.8484,5022922.045,45.34344203,-75.69980044,8939
15--4433,2015/03/15,12:28 AM,ST. LAURENT BLVD btwn DUNBARTON CRT & MONTREAL RD (__3ZA3RU),__3ZA3RU,01 - Non intersection,03 - P.D. only,07 - SMV other,03 - Snow,07 - Dark,02 - Wet,10 - No control,,1,0,0,0,,0,,,,,371483.2195,5033959.122,45.44238279,-75.64759907,8940
15--420,2015/01/07,9:25 PM,HIGHWAY 417 btwn HWY417 IC119B RAMP76 & HWY417 IC119A RAMP67 (__3ZA2YT),__3ZA2YT,01 - Non intersection,03 - P.D. only,03 - Rear end,01 - Clear,07 - Dark,06 - Ice,10 - No control,,2,0,0,0,,0,,,,,368563.271,5030520.689,45.41171744,-75.68536558,8941
15--4200,2015/03/09,1:30 PM,JOCKVALE RD/RIDEAU VALLEY DR @ PRINCE OF WALES (0004638),4638,02 - Intersection related,03 - P.D. only,03 - Rear end,01 - Clear,01 - Daylight,01 - Dry,01 - Traffic signal,01 - Functioning,2,0,0,0,,0,,,,,366713.7276,5012199.113,45.24702875,-75.71128433,8942
15--4201,2015/03/09,1:47 PM,MAIN ST @ RIVERDALE AVE (0007229),7229,02 - Intersection related,02 - Non-fatal injury,03 - Rear end,01 - Clear,01 - Daylight,02 - Wet,01 - Traffic signal,01 - Functioning,2,0,0,0,02 - Minor,1,,1,,,369433.6688,5029532.976,45.40275051,-75.67437608,8943
15--4202,2015/03/09,10:40 AM,WEST HUNT CLUB RD @ CLEOPATRA DR/LANCELOT DR (0000114),114,02 - Intersection related,03 - P.D. only,04 - Sideswipe,01 - Clear,01 - Daylight,01 - Dry,01 - Traffic signal,01 - Functioning,2,0,0,0,,0,,,,,365235.7,5021730.084,45.33291644,-75.72894996,8944
15--4203,2015/03/09,10:50 AM,GLADSTONE AVE btwn PERCY ST & BAY ST (__3ZA3PR),__3ZA3PR,01 - Non intersection,03 - P.D. only,06 - SMV unattended vehicle,01 - Clear,01 - Daylight,02 - Wet,10 - No control,,1,0,0,0,,0,,,,,367396.384,5030247.227,45.40936226,-75.70030688,8945
15--4204,2015/03/09,11:35 AM,RIVERSIDE DR SB btwn BILLINGS BRIDGE SC RAMP SB & BANK ST (__3ZBOFL),__3ZBOFL,01 - Non intersection,03 - P.D. only,03 - Rear end,01 - Clear,01 - Daylight,01 - Dry,10 - No control,,2,0,0,0,,0,,,,,369196.8002,5027963.787,45.38865329,-75.67760634,8946
15--4205,2015/03/09,12:11 PM,BANTREE ST @ INNES RD (0007684),7684,03 - At intersection,03 - P.D. only,02 - Angle,01 - Clear,01 - Daylight,01 - Dry,01 - Traffic signal,01 - Functioning,2,0,0,0,,0,,,,,373706.6871,5030407.037,45.41020733,-75.6196771,8947
15--4206,2015/03/09,12:30 PM,ST. LAURENT BLVD btwn HWY417 IC115 RAMP51 & HWY417 IC115 RAMP25 (__3ZA3SL),__3ZA3SL,01 - Non intersection,03 - P.D. only,04 - Sideswipe,01 - Clear,01 - Daylight,02 - Wet,10 - No control,,2,0,0,0,,0,,,,,372555.232,5031340.371,45.41871746,-75.63425759,8948
15--4207,2015/03/09,12:41 PM,PRINCE OF WALES DR btwn WATERBEND LANE & TURN LANE (__3ZA1H4),__3ZA1H4,01 - Non intersection,03 - P.D. only,04 - Sideswipe,01 - Clear,01 - Daylight,01 - Dry,10 - No control,,2,0,0,0,,0,,,,,367417.9429,5021641.983,45.33193239,-75.70112232,8949
15--4208,2015/03/09,12:42 PM,CARLING AVE @ KEMPSTER AVE/FAMOUS PLAYERS THEA (0002395),2395,02 - Intersection related,03 - P.D. only,05 - Turning movement,01 - Clear,01 - Daylight,01 - Dry,01 - Traffic signal,01 - Functioning,2,0,0,0,,0,,,,,359210.6717,5024119.026,45.35490523,-75.80554965,8950