Anom_ID,Accident_Date,Accident_Time,Location,Geo_ID,Accident_Location,Classification_of_Accident,Initial_Impact_Type,Environment_Condition,Light,Road_Surface_Condition,Traffic_Control,Traffic_Control_Condition,No__of_Vehicles,No__of_Bicycles,No__of_Motorcycles,No__of_Pedestrians,Max_Injury,No__of_Injuries,No__of_Minimal,No__of_Minor,No__of_Major,No__of_Fatal,X,Y,Latitude,Longitude,ObjectId
15--4209,2015/03/09,12:51 PM,ST. LAURENT BLVD btwn TREMBLAY RD & SHORE ST (__3ZA2GT),__3ZA2GT,01 - Non intersection,03 - P.D. only,03 - Rear end,01 - Clear,01 - Daylight,01 - Dry,10 - No control,,3,0,0,0,,0,,,,,372611.1356,5031195.793,45.4174112,-75.63356327,8951
15--421,2015/01/07,9:29 PM,HIGHWAY 417 btwn HWY417 IC119B RAMP57 & HWY417 IC119A RAMP75 (__3ZA1QN),__3ZA1QN,01 - Non intersection,03 - P.D. only,07 - SMV other,01 - Clear,07 - Dark,06 - Ice,10 - No control,,1,0,0,0,,0,,,,,368577.6115,5030510.893,45.411628,-75.68518365,8952
15--4210,2015/03/09,2:00 PM,GREENBANK RD @ BERRIGAN DR/WESSEX RD (0004726),4726,02 - Intersection related,02 - Non-fatal injury,03 - Rear end,01 - Clear,01 - Daylight,01 - Dry,01 - Traffic signal,01 - Functioning,2,0,0,0,01 - Minimal,1,1,,,,363724.6456,5015275.943,45.27497079,-75.7489938,8953
15--4211,2015/03/09,2:43 AM,MERIVALE RD @ BENTLEY AVE/CAMELOT DR (0009792),9792,03 - At intersection,03 - P.D. only,07 - SMV other,03 - Snow,07 - Dark,03 - Loose snow,01 - Traffic signal,01 - Functioning,1,0,0,0,,0,,,,,365771.9868,5021560.797,45.33134683,-75.7221294,8954
15--4212,2015/03/09,2:46 PM,CITY PARK DR btwn AMBASSADOR AVE & OGILVIE RD (__3ZA4B7),__3ZA4B7,04 - At/near private drive,03 - P.D. only,05 - Turning movement,01 - Clear,01 - Daylight,01 - Dry,10 - No control,,2,0,0,0,,0,,,,,374248.5817,5032876.985,45.43237707,-75.61240674,8955
15--4213,2015/03/09,3:00 PM,BEATRICE DR btwn CHAPMAN MILLS DR & ROSWELL DR (__5Z1GWS),__5Z1GWS,04 - At/near private drive,03 - P.D. only,06 - SMV unattended vehicle,01 - Clear,01 - Daylight,01 - Dry,10 - No control,,1,0,0,0,,0,,,,,365553.3908,5014904.752,45.27147519,-75.72573361,8956
15--4214,2015/03/09,3:15 PM,CROYDON AVE @ RICHMOND RD (0002652),2652,02 - Intersection related,03 - P.D. only,99 - Other,01 - Clear,01 - Daylight,01 - Dry,01 - Traffic signal,01 - Functioning,2,0,0,0,,0,,,,,360545.6868,5025271.074,45.36516645,-75.78838205,8957
15--4215,2015/03/09,3:25 PM,YORK ST WB btwn BYWARD MARKE SQ & SUSSEX DR (__3ZA1B0),__3ZA1B0,01 - Non intersection,03 - P.D. only,02 - Angle,01 - Clear,01 - Daylight,01 - Dry,10 - No control,,2,0,0,0,,0,,,,,367861.0042,5032298.137,45.42777397,-75.69410929,8958
15--4216,2015/03/09,4:04 PM,COBOURG ST @ ST. PATRICK ST (0011483),11483,02 - Intersection related,03 - P.D. only,04 - Sideswipe,01 - Clear,01 - Daylight,01 - Dry,01 - Traffic signal,01 - Functioning,2,0,0,0,,0,,,,,368801.6443,5033238.419,45.43614883,-75.68196734,8959
15--4217,2015/03/09,4:10 PM,ST. DENIS ST btwn TABOR AVE & BRADLEY AVE (__3ZA8YM),__3ZA8YM,04 - At/near private drive,03 - P.D. only,02 - Angle,01 - Clear,01 - Daylight,01 - Dry,10 - No control,,2,0,0,0,,0,,,,,370309.832,5033757.977,45.44068392,-75.66262344,8960
15--4218,2015/03/09,4:21 PM,MCCARTHY RD btwn HUNTVIEW PRIV & TWYFORD ST (__3ZA9C3),__3ZA9C3,01 - Non intersection,03 - P.D. only,04 - Sideswipe,01 - Clear,01 - Daylight,02 - Wet,10 - No control,,2,0,0,0,,0,,,,,369892.1178,5023805.881,45.35117745,-75.66927544,8961
15--4219,2015/03/09,4:43 PM,CORKSTOWN RD btwn MARCH RD & MOODIE DR (__3ZA2LR),__3ZA2LR,01 - Non intersection,03 - P.D. only,07 - SMV other,03 - Snow,01 - Daylight,03 - Loose snow,10 - No control,,1,0,0,0,,0,,,,,352844.036,5020835.77,45.32582706,-75.88712168,8962
15--422,2015/01/07,9:30 AM,CARLING AVE EB btwn FOX CRES & WOODROFFE AVE (__3ZA4VE),__3ZA4VE,04 - At/near private drive,03 - P.D. only,03 - Rear end,01 - Clear,01 - Daylight,03 - Loose snow,10 - No control,,2,0,0,0,,0,,,,,361659.3953,5025657.244,45.36855172,-75.77412177,8963
15--4220,2015/03/09,5:27 PM,LYON ST    N btwn GILMOUR ST & JAMES ST (__3ZA3QH),__3ZA3QH,01 - Non intersection,03 - P.D. only,04 - Sideswipe,01 - Clear,01 - Daylight,01 - Dry,10 - No control,,2,0,0,0,,0,,,,,367460.3206,5030559.369,45.4121651,-75.69945047,8964
15--4221,2015/03/09,5:30 PM,CHURCHILL AVE   N btwn WHITBY AVE & MADISON AVE (__3ZA4O1),__3ZA4O1,01 - Non intersection,03 - P.D. only,06 - SMV unattended vehicle,01 - Clear,01 - Daylight,01 - Dry,10 - No control,,1,0,0,0,,0,,,,,363177.7527,5028405.137,45.39315205,-75.75441483,8965
15--4222,2015/03/09,5:35 PM,FIFTH AVE btwn O'CONNOR ST & QUEEN ELIZABETH DRWY (__3ZA93Q),__3ZA93Q,01 - Non intersection,03 - P.D. only,06 - SMV unattended vehicle,01 - Clear,01 - Daylight,01 - Dry,10 - No control,,1,0,0,0,,0,,,,,368767.6341,5029617.935,45.40357612,-75.68287205,8966
15--4223,2015/03/09,5:55 PM,GALETTA SIDE RD btwn JOHN SHAW RD & HOMESTEADERS RD (__3ZA4RB),__3ZA4RB,01 - Non intersection,03 - P.D. only,07 - SMV other,01 - Clear,01 - Daylight,01 - Dry,10 - No control,,1,0,0,0,,0,,,,,326717.2831,5034100.638,45.44649318,-76.21981466,8967
15--4224,2015/03/09,5:58 PM,BRONSON AVE btwn HWY417 IC121A RAMP51 & PLYMOUTH ST (__3ZA3B2),__3ZA3B2,01 - Non intersection,03 - P.D. only,04 - Sideswipe,01 - Clear,01 - Daylight,01 - Dry,10 - No control,,2,0,0,0,,0,,,,,367314.8453,5029650.18,45.4039975,-75.70142417,8968
15--4225,2015/03/09,5:59 PM,ST. JOSEPH BLVD @ DUFORD DR/PLACE D'ORLEANS DR (0003629),3629,02 - Intersection related,03 - P.D. only,99 - Other,01 - Clear,05 - Dusk,01 - Dry,01 - Traffic signal,01 - Functioning,2,0,0,0,,0,,,,,381996.1899,5037998.365,45.47764269,-75.51259797,8969
15--4226,2015/03/09,6:00 PM,CARLING AVE @ MOODIE DR/JAMES CUMMINGS AVE W (0000158),158,02 - Intersection related,03 - P.D. only,03 - Rear end,01 - Clear,05 - Dusk,01 - Dry,01 - Traffic signal,01 - Functioning,2,0,0,0,,0,,,,,356001.6549,5023938.957,45.35352662,-75.84652263,8970
15--4227,2015/03/09,6:01 PM,BASELINE RD @ MERIVALE RD (0002342),2342,02 - Intersection related,03 - P.D. only,03 - Rear end,01 - Clear,05 - Dusk,01 - Dry,01 - Traffic signal,00 - Unknown,2,0,0,0,,0,,,,,365053.7325,5025325.997,45.36528762,-75.7308332,8971
15--4228,2015/03/09,7:04 AM,ST. LAURENT BLVD btwn TREMBLAY RD & SHORE ST (__3ZA2GT),__3ZA2GT,01 - Non intersection,03 - P.D. only,03 - Rear end,01 - Clear,01 - Daylight,02 - Wet,10 - No control,,2,0,0,0,,0,,,,,372602.4609,5031225.672,45.41768088,-75.63366998,8972
15--4229,2015/03/09,7:40 AM,BASSANO ST @ WITHROW AVE (0001413),1413,03 - At intersection,03 - P.D. only,02 - Angle,01 - Clear,01 - Daylight,06 - Ice,02 - Stop sign,01 - Functioning,2,0,0,0,,0,,,,,364132.6377,5023914.43,45.3526651,-75.74275981,8973
15--423,2015/01/07,9:30 PM,HIGHWAY 417 btwn HWY417 IC110 RAMP55 & HWY417 IC104 RAMP51 (__3ZA2W8),__3ZA2W8,01 - Non intersection,03 - P.D. only,07 - SMV other,01 - Clear,07 - Dark,06 - Ice,10 - No control,,1,0,0,0,,0,,,,,375921.4415,5028123.224,45.38943725,-75.59171517,8974
15--4230,2015/03/09,7:42 AM,INNES RD btwn BLAIR RD & ANDERSON RD (__3ZA3JZ),__3ZA3JZ,01 - Non intersection,03 - P.D. only,04 - Sideswipe,01 - Clear,01 - Daylight,04 - Slush,10 - No control,,2,0,0,0,,0,,,,,375831.265,5031604.856,45.42077223,-75.59236512,8975
15--4231,2015/03/09,7:42 PM,RIVERSIDE DR @ HERON RD (0002236),2236,03 - At intersection,03 - P.D. only,03 - Rear end,01 - Clear,07 - Dark,01 - Dry,01 - Traffic signal,01 - Functioning,2,0,0,0,,0,,,,,368120.091,5026646.968,45.37690309,-75.69152421,8976
15--4232,2015/03/09,7:50 AM,CHECKERS RD btwn BEL-AIR DR & IRIS ST (__3ZA16M),__3ZA16M,01 - Non intersection,03 - P.D. only,06 - SMV unattended vehicle,01 - Clear,01 - Daylight,01 - Dry,10 - No control,,1,0,0,0,,0,,,,,362309.7706,5024628.643,45.35924339,-75.76593934,8977
15--4233,2015/03/09,8:00 AM,DORIMA ST btwn RENAISSANCE DR & END (__30LP6S),__30LP6S,04 - At/near private drive,03 - P.D. only,06 - SMV unattended vehicle,01 - Clear,01 - Daylight,01 - Dry,10 - No control,,1,0,0,0,,0,,,,,384388.4789,5036137.22,45.46062927,-75.48230485,8978
15--4234,2015/03/09,8:04 AM,BELCOURT BLVD @ SUNVIEW DR (0012964),12964,03 - At intersection,03 - P.D. only,03 - Rear end,01 - Clear,01 - Daylight,02 - Wet,02 - Stop sign,01 - Functioning,2,0,0,0,,0,,,,,381509.7465,5036785.053,45.46677994,-75.51900847,8979
15--4235,2015/03/09,8:45 AM,LAUDER DR btwn WEMBLEY AVE & BROMLEY RD (__3ZA0DA),__3ZA0DA,04 - At/near private drive,03 - P.D. only,05 - Turning movement,01 - Clear,01 - Daylight,05 - Packed snow,10 - No control,,2,0,0,0,,0,,,,,362684.5337,5026501.726,45.37606635,-75.76093677,8980
15--4236,2015/03/09,8:58 AM,HUNT CLUB RD @ PIKE ST/MAPLE PARK PRIV (0010869),10869,03 - At intersection,03 - P.D. only,03 - Rear end,01 - Clear,01 - Daylight,01 - Dry,01 - Traffic signal,01 - Functioning,2,0,0,0,,0,,,,,373296.7385,5025087.066,45.36238079,-75.62565211,8981
15--4237,2015/03/09,9:06 AM,BESSERER ST btwn WALLER ST & CUMBERLAND ST (__3ZAZPA),__3ZAZPA,04 - At/near private drive,02 - Non-fatal injury,05 - Turning movement,01 - Clear,01 - Daylight,02 - Wet,10 - No control,,2,0,0,0,02 - Minor,1,,1,,,368332.3188,5032203.062,45.42687586,-75.68809897,8982
15--4238,2015/03/09,9:11 AM,RENAUD RD btwn MAURICE ST & IDA ST (__3ZA6FD),__3ZA6FD,01 - Non intersection,03 - P.D. only,04 - Sideswipe,01 - Clear,01 - Daylight,02 - Wet,10 - No control,,2,0,0,0,,0,,,,,378488.7224,5031695.077,45.42130912,-75.55839926,8983
15--4239,2015/03/09,9:21 AM,STONERIDGE RD btwn STRODE AVE & THOMAS A. DOLAN PKWY (__3ZA1CQ),__3ZA1CQ,01 - Non intersection,03 - P.D. only,07 - SMV other,01 - Clear,01 - Daylight,03 - Loose snow,10 - No control,,1,0,0,0,,0,,,,,346070.9451,5035534.683,45.4585221,-75.97228979,8984
15--424,2015/01/07,9:44 PM,HIGHWAY 417 btwn HWY417 IC112 RAMP55 & HIGHWAY 417 (__3ZAZPP),__3ZAZPP,01 - Non intersection,03 - P.D. only,07 - SMV other,01 - Clear,07 - Dark,06 - Ice,10 - No control,,1,0,0,0,,0,,,,,375056.0291,5030620.351,45.41199246,-75.60241018,8985
15--4240,2015/03/09,9:28 PM,KNOXDALE RD @ WEST HUNT CLUB RD (0005165),5165,03 - At intersection,03 - P.D. only,05 - Turning movement,01 - Clear,07 - Dark,01 - Dry,01 - Traffic signal,01 - Functioning,2,0,0,0,,0,,,,,361862.7218,5020583.031,45.32287767,-75.77211167,8986
15--4241,2015/03/09,9:54 AM,COVENTRY RD btwn ST. LAURENT SC WEST & ST. LAURENT BLVD (__3ZA2CAC),__3ZA2CAC,01 - Non intersection,03 - P.D. only,07 - SMV other,01 - Clear,01 - Daylight,01 - Dry,10 - No control,,1,0,0,0,,0,,,,,372141.9029,5031933.008,45.42408964,-75.6394573,8987
15--4242,2015/03/10,10:07 AM,HWY 416 WESTHUNT IC72R34 @ WEST HUNT CLUB RD (0005218),5218,03 - At intersection,02 - Non-fatal injury,02 - Angle,01 - Clear,01 - Daylight,01 - Dry,01 - Traffic signal,01 - Functioning,2,0,0,0,01 - Minimal,1,1,,,,359369.9751,5019362.181,45.3120906,-75.80404107,8988
15--4243,2015/03/10,10:11 PM,PALLADIUM DR btwn CYCLONE TAYLOR BLVD & SILVER SEVEN RD (__3ZA561),__3ZA561,01 - Non intersection,02 - Non-fatal injury,03 - Rear end,01 - Clear,07 - Dark,01 - Dry,10 - No control,,2,0,0,0,01 - Minimal,2,2,,,,350939.8005,5017820.459,45.29882228,-75.91169271,8989
15--4244,2015/03/10,10:30 AM,LYON ST @ WELLINGTON ST (0002388),2388,03 - At intersection,03 - P.D. only,04 - Sideswipe,01 - Clear,01 - Daylight,01 - Dry,01 - Traffic signal,01 - Functioning,2,0,0,0,,0,,,,,366936.2349,5031425.684,45.42000667,-75.70603632,8990
15--4245,2015/03/10,11:17 AM,INDUSTRIAL AVE btwn RUSSELL RD & ST. LAURENT BLVD (__3ZA3R7),__3ZA3R7,01 - Non intersection,02 - Non-fatal injury,03 - Rear end,01 - Clear,01 - Daylight,02 - Wet,10 - No control,,2,0,0,0,02 - Minor,1,,1,,,373059.2455,5029980.025,45.40642872,-75.6280067,8991
15--4246,2015/03/10,12:15 PM,ALTA VISTA DR @ SMYTH RD (0011353),11353,02 - Intersection related,03 - P.D. only,99 - Other,01 - Clear,01 - Daylight,01 - Dry,01 - Traffic signal,01 - Functioning,2,0,0,0,,0,,,,,370432.3911,5029081.461,45.39859502,-75.66167995,8992
15--4247,2015/03/10,12:45 PM,CONROY RD @ HUNT CLUB RD (0002257),2257,02 - Intersection related,03 - P.D. only,03 - Rear end,01 - Clear,01 - Daylight,01 - Dry,01 - Traffic signal,01 - Functioning,3,0,0,0,,0,,,,,373763.74,5025404.041,45.36518701,-75.61964739,8993
15--4248,2015/03/10,12:53 PM,BASELINE RD @ SANDCASTLE DR (0001122),1122,02 - Intersection related,03 - P.D. only,02 - Angle,01 - Clear,01 - Daylight,01 - Dry,01 - Traffic signal,01 - Functioning,2,0,0,0,,0,,,,,359629.3327,5021988.606,45.33570308,-75.80044278,8994
15--4249,2015/03/10,12:53 PM,BASELINE RD btwn SANDCASTLE DR & MONTEREY DR (__3ZA4LL),__3ZA4LL,01 - Non intersection,03 - P.D. only,03 - Rear end,01 - Clear,01 - Daylight,01 - Dry,10 - No control,,2,0,0,0,,0,,,,,359638.875,5021994.809,45.33575815,-75.80032035,8995
15--425,2015/01/07,9:48 AM,SECOND AVE btwn BANK ST & O'CONNOR ST (__3ZA93V),__3ZA93V,01 - Non intersection,03 - P.D. only,04 - Sideswipe,01 - Clear,01 - Daylight,03 - Loose snow,10 - No control,,2,0,0,0,,0,,,,,368573.8467,5029791.433,45.40515488,-75.68532481,8996
15--4250,2015/03/10,2:42 PM,WEST HUNT CLUB RD @ ANTARES DR/LASER ST (0000116),116,03 - At intersection,02 - Non-fatal injury,07 - SMV other,01 - Clear,01 - Daylight,01 - Dry,01 - Traffic signal,01 - Functioning,1,0,0,1,02 - Minor,1,,1,,,367106.7474,5022082.947,45.33592781,-75.70503664,8997
15--4251,2015/03/10,3:12 PM,BRIDGE ST/MAPLE AVE @ MANOTICK MAIN ST (0008225),8225,02 - Intersection related,03 - P.D. only,03 - Rear end,01 - Clear,01 - Daylight,02 - Wet,01 - Traffic signal,01 - Functioning,2,0,0,0,,0,,,,,368698.1324,5009934.438,45.22647398,-75.68629852,8998
15--4252,2015/03/10,3:13 PM,PERTH ST btwn GAMBLE DR & SHEA RD (__3ZA42H),__3ZA42H,04 - At/near private drive,03 - P.D. only,02 - Angle,01 - Clear,01 - Daylight,01 - Dry,10 - No control,,2,0,0,0,,0,,,,,357515.8569,5006958.257,45.20061923,-75.82900175,8999
15--4253,2015/03/10,3:24 PM,CLEMOW AVE @ BRONSON AVE (0007248),7248,03 - At intersection,03 - P.D. only,05 - Turning movement,01 - Clear,01 - Daylight,01 - Dry,02 - Stop sign,00 - Unknown,2,0,0,0,,0,,,,,367419.7463,5029398.04,45.40171944,-75.7001163,9000
15--4885,2015/03/28,2:38 AM,COLONEL BY DR/SUSSEX DR @ RIDEAU ST (0007647),7647,02 - Intersection related,03 - P.D. only,03 - Rear end,01 - Clear,07 - Dark,01 - Dry,01 - Traffic signal,01 - Functioning,2,0,0,0,,0,,,,,367921.2375,5032043.435,45.42547681,-75.69337225,9001
15--4886,2015/03/28,3:19 PM,LYON ST @ WELLINGTON ST (0002388),2388,02 - Intersection related,03 - P.D. only,04 - Sideswipe,01 - Clear,01 - Daylight,01 - Dry,01 - Traffic signal,01 - Functioning,2,0,0,0,,0,,,,,366934.549,5031426.888,45.42001766,-75.70605771,9002
15--4887,2015/03/28,3:43 PM,NAVAHO DR btwn BASELINE RD & NAVAHO DR (__3ZA2PQ),__3ZA2PQ,01 - Non intersection,03 - P.D. only,05 - Turning movement,01 - Clear,01 - Daylight,01 - Dry,10 - No control,,2,0,0,0,,0,,,,,363095.2531,5024081.176,45.35425247,-75.75597877,9003
15--4888,2015/03/28,4:14 PM,EDGEWARE DR btwn BURNT OAK DR & RAYNER'S LANE (__31ASFU),__31ASFU,04 - At/near private drive,03 - P.D. only,06 - SMV unattended vehicle,01 - Clear,01 - Daylight,01 - Dry,10 - No control,,1,0,0,0,,0,,,,,363907.6378,5015518.889,45.27714146,-75.74663281,9004
15--4889,2015/03/28,4:49 PM,ARLINGTON AVE @ BRONSON AVE (0006759),6759,03 - At intersection,03 - P.D. only,05 - Turning movement,01 - Clear,01 - Daylight,01 - Dry,01 - Traffic signal,01 - Functioning,2,0,0,0,,0,,,,,367222.7094,5029867.203,45.40595843,-75.70257354,9005
15--5065,2015/04/02,7:46 AM,MORIN RD @ REGIONAL RD 174 (0012879),12879,02 - Intersection related,03 - P.D. only,03 - Rear end,04 - Freezing Rain,01 - Daylight,02 - Wet,02 - Stop sign,00 - Unknown,2,0,0,0,,0,,,,,392039.7898,5042783.97,45.51951486,-75.38330445,9006
15--4704,2015/03/24,10:00 AM,HIGHWAY 416 btwn HWY416 IC66 RAMP53 & HWY416 IC57 RAMP34 (__3ZAZLC),__3ZAZLC,01 - Non intersection,03 - P.D. only,07 - SMV other,01 - Clear,01 - Daylight,01 - Dry,10 - No control,,1,0,0,0,,0,,,,,361920.104,5011987.5,45.24553,-75.77236921,9007
15--5245,2015/04/10,12:05 PM,HIGHWAY 417 btwn HWY417 IC117 RAMP36 & HWY417 IC117 RAMP26 (__3ZAZE0),__3ZAZE0,01 - Non intersection,03 - P.D. only,03 - Rear end,02 - Rain,01 - Daylight,02 - Wet,10 - No control,,2,0,0,0,,0,,,,,370690.8868,5031181.973,45.41747032,-75.65809782,9008
15--489,2015/01/08,6:50 AM,WOODROFFE AVE btwn LONGFIELDS DR & CLARIDGE DR (__3ZA3HE),__3ZA3HE,01 - Non intersection,03 - P.D. only,03 - Rear end,01 - Clear,07 - Dark,06 - Ice,10 - No control,,2,0,0,0,,0,,,,,365561.2779,5016736.84,45.28795956,-75.72540882,9009
15--4890,2015/03/28,5:20 PM,KILBORN AVE btwn ALTA VISTA DR & WOODCREST RD (__3ZA9SM),__3ZA9SM,01 - Non intersection,03 - P.D. only,03 - Rear end,02 - Rain,05 - Dusk,02 - Wet,10 - No control,,2,0,0,0,,0,,,,,370402.3496,5027758.768,45.38669672,-75.66223949,9010
15--4891,2015/03/28,6:36 AM,PINECREST RD btwn RICHMOND RD & FALLIS AVE (__3ZA4M7),__3ZA4M7,01 - Non intersection,03 - P.D. only,03 - Rear end,01 - Clear,01 - Daylight,01 - Dry,10 - No control,,2,0,0,0,,0,,,,,360093.6118,5024408.742,45.35744302,-75.79424902,9011
15--4892,2015/03/28,7:00 PM,SECOND LINE RD btwn LAHEY CRT & MARCH RD (__3ZAC41),__3ZAC41,01 - Non intersection,03 - P.D. only,07 - SMV other,02 - Rain,07 - Dark,02 - Wet,10 - No control,,1,0,0,0,,0,,,,,345619.5261,5025821.476,45.37114728,-75.97886614,9012
15--4893,2015/03/28,7:52 PM,MEADOWLANDS DR/TALLWOOD DR @ WOODROFFE AVE (0000095),95,02 - Intersection related,03 - P.D. only,99 - Other,01 - Clear,07 - Dark,01 - Dry,01 - Traffic signal,01 - Functioning,2,0,0,0,,0,,,,,363057.6535,5022730.012,45.34209793,-75.75661777,9013
15--4894,2015/03/28,8:00 PM,CARLING AVE @ HOLLAND AVE (0002146),2146,02 - Intersection related,03 - P.D. only,05 - Turning movement,01 - Clear,07 - Dark,02 - Wet,01 - Traffic signal,01 - Functioning,2,0,0,0,,0,,,,,365416.6987,5028039.029,45.38966766,-75.72586715,9014
15--4895,2015/03/28,8:06 PM,ROBERTSON RD btwn HAZELDEAN RD & HAANEL DR (__3ZA41S),__3ZA41S,01 - Non intersection,03 - P.D. only,07 - SMV other,01 - Clear,07 - Dark,01 - Dry,10 - No control,,1,0,0,0,,0,,,,,353850.0104,5018525.785,45.3049718,-75.87451834,9015
15--4896,2015/03/28,9:00 PM,NELSON ST btwn SOMERSET ST E & TEMPLETON ST (__3ZA9VQ),__3ZA9VQ,01 - Non intersection,03 - P.D. only,06 - SMV unattended vehicle,01 - Clear,07 - Dark,01 - Dry,10 - No control,,1,0,0,0,,0,,,,,369143.4794,5031683.659,45.42212832,-75.67780179,9016
15--4897,2015/03/29,1:00 AM,CAMPEAU DR @ KANATA AVE (0012003),12003,02 - Intersection related,03 - P.D. only,07 - SMV other,01 - Clear,07 - Dark,01 - Dry,01 - Traffic signal,01 - Functioning,1,0,0,0,,0,,,,,350596.3919,5019402.198,45.31307767,-75.91592498,9017
15--4898,2015/03/29,1:30 PM,MONTMORENCY WAY btwn VIENNA TER & SPARKMAN AVE (2) (__6REWSW),__6REWSW,01 - Non intersection,03 - P.D. only,06 - SMV unattended vehicle,01 - Clear,01 - Daylight,01 - Dry,10 - No control,,1,0,0,0,,0,,,,,384736.5978,5034734.655,45.44797055,-75.47808213,9018
15--4899,2015/03/29,1:50 PM,TENTH LINE RD @ CHARLEMAGNE BLVD N/TOMPKINS AV (0009222),9222,02 - Intersection related,03 - P.D. only,03 - Rear end,01 - Clear,01 - Daylight,01 - Dry,01 - Traffic signal,01 - Functioning,2,0,0,0,,0,,,,,383183.9299,5037976.801,45.47731635,-75.49741157,9019
15--49,2015/01/02,6:19 PM,INNES RD @ VISENEAU DR (0012442),12442,02 - Intersection related,03 - P.D. only,03 - Rear end,01 - Clear,07 - Dark,01 - Dry,01 - Traffic signal,01 - Functioning,2,0,0,0,,0,,,,,381798.7511,5035071.146,45.45132783,-75.51558152,9020
15--490,2015/01/08,6:55 AM,BRONSON AVE RAMP 36 btwn BRONSON AVE & HERON RD (__3ZAYBF),__3ZAYBF,01 - Non intersection,03 - P.D. only,07 - SMV other,01 - Clear,07 - Dark,04 - Slush,10 - No control,,1,0,0,0,,0,,,,,368630.2783,5026767.31,45.3779396,-75.6849952,9021
15--4900,2015/03/29,1:54 PM,BRONSON AVE @ SOMERSET ST (0002218),2218,03 - At intersection,03 - P.D. only,02 - Angle,01 - Clear,01 - Daylight,01 - Dry,01 - Traffic signal,01 - Functioning,2,0,0,0,,0,,,,,366966.7322,5030476.09,45.4114598,-75.70576646,9022
15--4901,2015/03/29,1:55 PM,BOREALIS CRES btwn MERGANSER ST & GANNET ST (__4H4B68),__4H4B68,04 - At/near private drive,03 - P.D. only,02 - Angle,01 - Clear,01 - Daylight,01 - Dry,10 - No control,,2,0,0,0,,0,,,,,372644.9369,5033377.927,45.43704171,-75.63283083,9023
15--5335,2015/04/13,5:35 PM,HIGHWAY 417 btwn HWY417 IC124 RAMP76 & HWY417 IC124 RAMP67 (__3ZA2R7),__3ZA2R7,01 - Non intersection,03 - P.D. only,03 - Rear end,01 - Clear,01 - Daylight,01 - Dry,10 - No control,,2,0,0,0,,0,,,,,364448.3542,5027562.717,45.38546504,-75.73829029,9024
15--4902,2015/03/29,11:43 AM,VIEWMOUNT DR @ MERIVALE RD (0001528),1528,03 - At intersection,03 - P.D. only,05 - Turning movement,01 - Clear,01 - Daylight,01 - Dry,01 - Traffic signal,01 - Functioning,2,0,0,0,,0,,,,,365193.6971,5022949.941,45.34389618,-75.72933691,9025
15--4903,2015/03/29,Unknown,LIMA WAY btwn BOURNE ST & PICKWICK DR (__3ZAA8W),__3ZAA8W,01 - Non intersection,03 - P.D. only,06 - SMV unattended vehicle,01 - Clear,00 - Unknown,01 - Dry,10 - No control,,1,0,0,0,,0,,,,,362684.0473,5014613.004,45.26909206,-75.7623326,9026
15--4904,2015/03/29,12:54 PM,TENTH LINE RD btwn TOMPKINS AVE & CANOTIA PL (__3ZA1TD),__3ZA1TD,01 - Non intersection,03 - P.D. only,03 - Rear end,01 - Clear,01 - Daylight,01 - Dry,10 - No control,,3,0,0,0,,0,,,,,383189.713,5037962.942,45.47719101,-75.49733982,9027
15--4905,2015/03/29,12:59 PM,PRINCE OF WALES DR @ NORMANDY CRES/MELFA CRES  (0006963),6963,03 - At intersection,03 - P.D. only,03 - Rear end,01 - Clear,01 - Daylight,01 - Dry,02 - Stop sign,01 - Functioning,2,0,0,0,,0,,,,,367426.3169,5025224.535,45.36416673,-75.70056183,9028
15--4906,2015/03/29,2:09 PM,SIXTH LINE RD btwn BERRY SIDE RD & RIDDELL DR (__3ZBPHD),__3ZBPHD,01 - Non intersection,03 - P.D. only,03 - Rear end,01 - Clear,01 - Daylight,01 - Dry,10 - No control,,2,0,0,0,,0,,,,,348349.0721,5031072.021,45.41822831,-75.94355674,9029
15--4907,2015/03/29,2:11 PM,ST. LAURENT BLVD @ WALKLEY RD (0007653),7653,02 - Intersection related,03 - P.D. only,03 - Rear end,01 - Clear,01 - Daylight,01 - Dry,01 - Traffic signal,01 - Functioning,2,0,0,0,,0,,,,,373901.7862,5028046.373,45.38894796,-75.61751563,9030
15--4908,2015/03/29,2:46 PM,LASER ST btwn WEST HUNT CLUB RD & GURDWARA RD (__3ZA5ED),__3ZA5ED,04 - At/near private drive,02 - Non-fatal injury,05 - Turning movement,01 - Clear,01 - Daylight,01 - Dry,10 - No control,,2,0,1,0,02 - Minor,1,,1,,,367173.238,5022124.711,45.33629769,-75.70418311,9031
15--4909,2015/03/29,3:00 PM,COOPER ST @ BANK ST (0006951),6951,03 - At intersection,02 - Non-fatal injury,07 - SMV other,01 - Clear,01 - Daylight,01 - Dry,02 - Stop sign,01 - Functioning,1,0,0,1,01 - Minimal,1,1,,,,367649.6742,5030990.09,45.41602361,-75.6969766,9032
15--491,2015/01/08,6:59 AM,BLACKBURN BYPASS WB btwn NAVAN RD & 1700 W OF NAVAN RD (__3ZA3J5B),__3ZA3J5B,01 - Non intersection,03 - P.D. only,07 - SMV other,03 - Snow,07 - Dark,06 - Ice,10 - No control,,1,0,0,0,,0,,,,,379542.6777,5033208.663,45.43481549,-75.54470389,9033
15--4910,2015/03/29,3:10 PM,MOODIE DR @ ROBERTSON RD (0010545),10545,03 - At intersection,03 - P.D. only,02 - Angle,01 - Clear,01 - Daylight,01 - Dry,01 - Traffic signal,01 - Functioning,2,0,0,0,,0,,,,,357064.9748,5020455.254,45.32210153,-75.83332055,9034