Anom_ID,Accident_Date,Accident_Time,Location,Geo_ID,Accident_Location,Classification_of_Accident,Initial_Impact_Type,Environment_Condition,Light,Road_Surface_Condition,Traffic_Control,Traffic_Control_Condition,No__of_Vehicles,No__of_Bicycles,No__of_Motorcycles,No__of_Pedestrians,Max_Injury,No__of_Injuries,No__of_Minimal,No__of_Minor,No__of_Major,No__of_Fatal,X,Y,Latitude,Longitude,ObjectId
15--4911,2015/03/29,3:10 PM,TERRY FOX DR @ PALLADIUM DR/KATIMAVIK RD (0011858),11858,02 - Intersection related,03 - P.D. only,03 - Rear end,01 - Clear,01 - Daylight,01 - Dry,01 - Traffic signal,01 - Functioning,2,0,0,0,,0,,,,,351270.6819,5018182.257,45.30205602,-75.90744011,9035
15--4912,2015/03/29,3:17 PM,CALDWELL AVE btwn MORISSET AVE & MEDFORD ST (__3ZAA5Y),__3ZAA5Y,01 - Non intersection,03 - P.D. only,06 - SMV unattended vehicle,01 - Clear,01 - Daylight,01 - Dry,10 - No control,,1,0,0,0,,0,,,,,364684.3178,5026130.196,45.37255533,-75.73545105,9036
15--4913,2015/03/29,3:32 AM,AIRPORT PKWY btwn RAMP & RAMP (1) (__3ZA223),__3ZA223,01 - Non intersection,03 - P.D. only,07 - SMV other,01 - Clear,07 - Dark,01 - Dry,10 - No control,,1,0,0,0,,0,,,,,368980.3598,5026179,45.37261417,-75.68060217,9037
15--4914,2015/03/29,4:00 AM,WOODROFFE AVE btwn TURN LANE & PRINCE OF WALES DR (__3ZA4J0),__3ZA4J0,01 - Non intersection,03 - P.D. only,07 - SMV other,01 - Clear,07 - Dark,06 - Ice,10 - No control,,1,0,0,0,,0,,,,,366712.0259,5014074.86,45.26390681,-75.71107233,9038
15--4915,2015/03/29,5:00 PM,BASELINE RD btwn ST. HELEN'S PL & CLYDE AVE (__3ZA4IN),__3ZA4IN,04 - At/near private drive,03 - P.D. only,02 - Angle,01 - Clear,01 - Daylight,01 - Dry,10 - No control,,2,0,0,0,,0,,,,,364182.346,5024782.227,45.36046922,-75.74202121,9039
15--4916,2015/03/29,5:15 PM,PINECREST RD @ RICHMOND RD (0002353),2353,02 - Intersection related,03 - P.D. only,03 - Rear end,01 - Clear,01 - Daylight,01 - Dry,01 - Traffic signal,01 - Functioning,2,0,0,0,,0,,,,,360071.7066,5024471.994,45.35801388,-75.79452152,9040
15--4917,2015/03/29,6:00 PM,DUNROBIN RD @ MARCH RD (0003175),3175,03 - At intersection,03 - P.D. only,03 - Rear end,01 - Clear,01 - Daylight,01 - Dry,01 - Traffic signal,01 - Functioning,2,0,0,0,,0,,,,,347175.5647,5026064.091,45.37323802,-75.9589806,9041
15--4524,2015/03/18,3:21 PM,BELFAST RD @ ST. LAURENT BLVD (0007658),7658,02 - Intersection related,03 - P.D. only,04 - Sideswipe,01 - Clear,01 - Daylight,01 - Dry,01 - Traffic signal,01 - Functioning,2,0,0,0,,0,,,,,372858.7964,5030577.116,45.41182059,-75.63048465,9042
15--4918,2015/03/29,7:00 PM,CRICHTON ST btwn THE MEWS LANE & ELECTRIC ST (__3ZA4GE),__3ZA4GE,04 - At/near private drive,03 - P.D. only,06 - SMV unattended vehicle,01 - Clear,07 - Dark,01 - Dry,10 - No control,,1,0,0,0,,0,,,,,368850.9122,5033585.686,45.4392689,-75.68129251,9043
15--4919,2015/03/29,7:38 AM,JINKINSON RD btwn FERNBANK RD & HAZELDEAN RD (__7JQ7K3),__7JQ7K3,01 - Non intersection,03 - P.D. only,07 - SMV other,01 - Clear,01 - Daylight,01 - Dry,10 - No control,,1,0,0,0,,0,,,,,346931.6887,5012363.055,45.24996619,-75.96325907,9044
15--492,2015/01/08,7:00 AM,WOODROFFE AVE @ DEERFOX DR/STONEWAY DR (0004601),4601,02 - Intersection related,02 - Non-fatal injury,03 - Rear end,03 - Snow,07 - Dark,06 - Ice,01 - Traffic signal,01 - Functioning,3,0,0,0,01 - Minimal,1,1,,,,365886.4835,5015944.383,45.28080089,-75.721361,9045
15--4920,2015/03/29,8:10 PM,RIVERSIDE DR @ SMYTH RD NORTH SIDE RAMP (0011479),11479,02 - Intersection related,02 - Non-fatal injury,03 - Rear end,01 - Clear,07 - Dark,02 - Wet,01 - Traffic signal,01 - Functioning,2,0,0,0,01 - Minimal,1,1,,,,369937.566,5029316.263,45.40075389,-75.66796865,9046
15--4921,2015/03/29,8:28 AM,CONROY RD @ HUNT CLUB RD (0002257),2257,03 - At intersection,02 - Non-fatal injury,04 - Sideswipe,01 - Clear,01 - Daylight,01 - Dry,01 - Traffic signal,01 - Functioning,2,0,0,0,01 - Minimal,1,1,,,,373762.8215,5025403.834,45.36518524,-75.61965915,9047
15--4922,2015/03/29,9:14 PM,HERON RD @ JEFFERSON ST (0007192),7192,03 - At intersection,03 - P.D. only,05 - Turning movement,01 - Clear,07 - Dark,01 - Dry,01 - Traffic signal,01 - Functioning,2,0,0,0,,0,,,,,371808.4462,5027053.856,45.38022108,-75.64438092,9048
15--4923,2015/03/29,9:39 AM,QUEENSGROVE RD btwn FAIRLAWN AVE & PARKHURST BLVD (__3ZA146),__3ZA146,01 - Non intersection,03 - P.D. only,06 - SMV unattended vehicle,01 - Clear,01 - Daylight,01 - Dry,10 - No control,,1,0,0,0,,0,,,,,362467.323,5025200.386,45.36437494,-75.76386178,9049
15--4924,2015/03/29,9:53 PM,GLADSTONE AVE @ KENT ST (0002251),2251,03 - At intersection,02 - Non-fatal injury,02 - Angle,01 - Clear,07 - Dark,01 - Dry,01 - Traffic signal,01 - Functioning,2,0,0,0,01 - Minimal,2,2,,,,367744.7042,5030458.125,45.41122862,-75.69583047,9050
15--4925,2015/03/30,10:18 PM,ELGIN ST btwn SOMERSET ST W & MACLAREN ST (__3ZA342),__3ZA342,01 - Non intersection,03 - P.D. only,04 - Sideswipe,01 - Clear,07 - Dark,01 - Dry,10 - No control,,2,0,0,0,,0,,,,,368182.0059,5031171.545,45.41760827,-75.69015239,9051
15--4926,2015/03/30,11:08 AM,CYRVILLE RD @ INNES RD (0009352),9352,02 - Intersection related,02 - Non-fatal injury,03 - Rear end,02 - Rain,01 - Daylight,02 - Wet,01 - Traffic signal,01 - Functioning,2,0,0,0,02 - Minor,1,,1,,,375048.6886,5031118.118,45.41647184,-75.602433,9052
15--4927,2015/03/30,11:13 AM,RICHMOND RD @ WOODROFFE AVE (0011466),11466,03 - At intersection,03 - P.D. only,02 - Angle,02 - Rain,01 - Daylight,02 - Wet,01 - Traffic signal,01 - Functioning,2,0,0,0,,0,,,,,361585.6503,5026655.005,45.37753546,-75.77494842,9053
15--4928,2015/03/30,11:18 AM,WOODROFFE AVE btwn HERITAGE GLEN DR & STRANDHERD DR (__3ZA4KH),__3ZA4KH,04 - At/near private drive,03 - P.D. only,07 - SMV other,01 - Clear,01 - Daylight,01 - Dry,10 - No control,,1,0,0,0,,0,,,,,366096.5155,5015418.763,45.27605311,-75.71874899,9054
15--4929,2015/03/30,11:52 AM,BRONSON AVE @ MCLEOD ST (0007173),7173,03 - At intersection,03 - P.D. only,02 - Angle,02 - Rain,01 - Daylight,02 - Wet,02 - Stop sign,01 - Functioning,2,0,0,0,,0,,,,,367160.7067,5030013.158,45.40727722,-75.70334707,9055
15--493,2015/01/08,7:00 AM,HIGHWAY 417 btwn HWY417 IC134 RAMP51 & HWY417 IC134 RAMP35 (__3ZAZET),__3ZAZET,01 - Non intersection,03 - P.D. only,07 - SMV other,01 - Clear,03 - Dawn,99 - Other,10 - No control,,1,0,0,0,,0,,,,,356248.7918,5022142.959,45.33734798,-75.84355549,9056
15--4930,2015/03/30,12:20 PM,CLARENCE ST btwn WILLIAM ST & DALHOUSIE ST (__3ZA82W),__3ZA82W,01 - Non intersection,03 - P.D. only,99 - Other,02 - Rain,01 - Daylight,02 - Wet,10 - No control,,2,0,0,0,,0,,,,,367958.4373,5032451.978,45.42914939,-75.69284453,9057
15--4931,2015/03/30,2:20 AM,SIXTH LINE RD btwn BERRY SIDE RD & RIDDELL DR (__3ZBPHD),__3ZBPHD,01 - Non intersection,03 - P.D. only,07 - SMV other,01 - Clear,07 - Dark,01 - Dry,10 - No control,,1,0,0,0,,0,,,,,349983.806,5029287.683,45.40206896,-75.92283372,9058
15--4932,2015/03/30,2:35 PM,TRIM RD @ MILLENNIUM BLVD (0013370),13370,03 - At intersection,03 - P.D. only,04 - Sideswipe,01 - Clear,01 - Daylight,01 - Dry,11 - Roundabout,01 - Functioning,2,0,0,0,,0,,,,,386797.0729,5036715.685,45.46555518,-75.45141486,9059
15--4933,2015/03/30,3:38 PM,STIRLING AVE btwn ARMSTRONG ST & WELLINGTON ST W (__3ZA0GC),__3ZA0GC,01 - Non intersection,03 - P.D. only,06 - SMV unattended vehicle,01 - Clear,01 - Daylight,01 - Dry,10 - No control,,1,0,0,0,,0,,,,,365387.6051,5029491.442,45.40273867,-75.72606029,9060
15--4934,2015/03/30,3:40 PM,SMYTH RD E/LANCASTER RD @ ST. LAURENT BLVD N/R (0002256),2256,02 - Intersection related,03 - P.D. only,03 - Rear end,02 - Rain,01 - Daylight,02 - Wet,01 - Traffic signal,01 - Functioning,3,0,0,0,,0,,,,,373364.7294,5029425.033,45.4014053,-75.62418185,9061
15--4935,2015/03/30,4:30 PM,CRESTWAY DR @ PRINCE OF WALES DR (0010323),10323,02 - Intersection related,02 - Non-fatal injury,03 - Rear end,01 - Clear,01 - Daylight,01 - Dry,01 - Traffic signal,01 - Functioning,2,0,0,0,01 - Minimal,1,1,,,,367371.5781,5016572.345,45.28632062,-75.70235388,9062
15--4614,2015/03/21,12:04 PM,CYRVILLE RD btwn STAR TOP RD & MEADOWBROOK RD (__3ZA3SN),__3ZA3SN,04 - At/near private drive,03 - P.D. only,02 - Angle,03 - Snow,01 - Daylight,04 - Slush,10 - No control,,2,0,0,0,,0,,,,,374346.1186,5031330.398,45.41845201,-75.61137868,9063
15--4936,2015/03/30,4:59 PM,HOLLAND AVE btwn WELLINGTON ST W & BYRON AVE (__3ZA4PY),__3ZA4PY,01 - Non intersection,03 - P.D. only,06 - SMV unattended vehicle,01 - Clear,01 - Daylight,01 - Dry,10 - No control,,1,0,0,0,,0,,,,,364944.8639,5029120.341,45.39943776,-75.73176056,9064
15--4937,2015/03/30,5:19 PM,BRADY AVE btwn IPSWICH TER & HALTON TER (__3ZA57X),__3ZA57X,04 - At/near private drive,03 - P.D. only,06 - SMV unattended vehicle,01 - Clear,01 - Daylight,01 - Dry,10 - No control,,1,0,0,0,,0,,,,,349000.2372,5023200.709,45.34735997,-75.93594173,9065
15--4938,2015/03/30,5:26 PM,RIVERSIDE DR @ SMYTH RD SOUTH SIDE RAMP (0011480),11480,02 - Intersection related,03 - P.D. only,03 - Rear end,01 - Clear,01 - Daylight,01 - Dry,01 - Traffic signal,01 - Functioning,2,0,0,0,,0,,,,,369789.4088,5028998.819,45.39791141,-75.66990276,9066
15--4939,2015/03/30,5:46 PM,O'CONNOR ST btwn MACLAREN ST & GILMOUR ST (__3ZA3RO),__3ZA3RO,04 - At/near private drive,03 - P.D. only,05 - Turning movement,01 - Clear,01 - Daylight,01 - Dry,10 - No control,,2,0,0,0,,0,,,,,367932.1451,5030889.293,45.41509124,-75.69338077,9067
15--494,2015/01/08,7:00 AM,HIGHWAY 417 btwn HWY417 IC134 RAMP51 & HWY417 IC134 RAMP35 (__3ZAZET),__3ZAZET,01 - Non intersection,03 - P.D. only,03 - Rear end,01 - Clear,03 - Dawn,99 - Other,10 - No control,,3,0,0,0,,0,,,,,356339.7665,5022195.667,45.33781558,-75.84238931,9068
15--4940,2015/03/30,6:11 AM,CARLING AVE btwn BAYFIELD AVE & BURKE RD (__3ZA4Z2),__3ZA4Z2,01 - Non intersection,03 - P.D. only,07 - SMV other,03 - Snow,03 - Dawn,02 - Wet,10 - No control,,1,0,0,0,,0,,,,,352407.5315,5022399.811,45.33993034,-75.89253923,9069
15--4941,2015/03/30,6:18 PM,BELL ST @ GLADSTONE AVE (0006488),6488,03 - At intersection,03 - P.D. only,02 - Angle,03 - Snow,05 - Dusk,02 - Wet,02 - Stop sign,01 - Functioning,2,0,0,0,,0,,,,,366945.1422,5029970.163,45.40690953,-75.70610604,9070
15--4942,2015/03/30,6:39 AM,BANKFIELD RD @ MANOTICK MAIN ST/RIDEAU VALLEY  (0000070),70,03 - At intersection,02 - Non-fatal injury,05 - Turning movement,03 - Snow,01 - Daylight,02 - Wet,01 - Traffic signal,01 - Functioning,2,0,0,0,01 - Minimal,2,2,,,,368433.6262,5010157.882,45.22850847,-75.68963793,9071
15--4943,2015/03/30,7:17 PM,EDGAR ST btwn FAIRMONT AVE & IRVING AVE (__3ZA05M),__3ZA05M,04 - At/near private drive,03 - P.D. only,06 - SMV unattended vehicle,01 - Clear,07 - Dark,01 - Dry,10 - No control,,1,0,0,0,,0,,,,,365814.3324,5029246.619,45.40049875,-75.72064012,9072
15--4944,2015/03/30,7:55 AM,HIGHWAY 417 btwn HWY417 IC127 RAMP25 & HWY417 IC126 RAMP51 (__3ZA2XA),__3ZA2XA,01 - Non intersection,03 - P.D. only,04 - Sideswipe,03 - Snow,01 - Daylight,02 - Wet,10 - No control,,2,0,0,0,,0,,,,,362955.5237,5025533.767,45.36733434,-75.75759105,9073
15--4945,2015/03/30,8:10 AM,CATHERINE ST/HWY 417 O'CONN IC119BR76 @ O'CONN (0001697),1697,02 - Intersection related,03 - P.D. only,04 - Sideswipe,02 - Rain,01 - Daylight,02 - Wet,01 - Traffic signal,01 - Functioning,2,0,0,0,,0,,,,,368243.9186,5030392.762,45.41059542,-75.68946165,9074
15--4946,2015/03/30,8:49 PM,SMYTH RD E/LANCASTER RD @ ST. LAURENT BLVD N/R (0002256),2256,02 - Intersection related,03 - P.D. only,03 - Rear end,04 - Freezing Rain,07 - Dark,06 - Ice,01 - Traffic signal,01 - Functioning,2,0,0,0,,0,,,,,373365.4601,5029425.026,45.40140517,-75.62417252,9075
15--4947,2015/03/30,9:09 PM,BANK ST @ KILBORN AVE/BELANGER AVE (0007208),7208,03 - At intersection,03 - P.D. only,99 - Other,01 - Clear,07 - Dark,01 - Dry,01 - Traffic signal,01 - Functioning,3,0,0,0,,0,,,,,369653.7199,5027428.03,45.38379056,-75.67184215,9076
15--4948,2015/03/31,1:30 PM,MERIVALE RD @ WEST HUNT CLUB RD (0000584),584,02 - Intersection related,03 - P.D. only,03 - Rear end,01 - Clear,01 - Daylight,01 - Dry,01 - Traffic signal,01 - Functioning,2,0,0,0,,0,,,,,365612.6952,5021942.98,45.33479948,-75.72411447,9077
15--4949,2015/03/31,1:50 PM,BAY ST @ WELLINGTON ST (0010737),10737,03 - At intersection,03 - P.D. only,04 - Sideswipe,01 - Clear,01 - Daylight,01 - Dry,01 - Traffic signal,01 - Functioning,2,0,0,0,,0,,,,,366815.6619,5031350.121,45.41933748,-75.70758634,9078
15--495,2015/01/08,7:00 AM,HIGHWAY 416 btwn HWY417 IC131 RAMP53 & HWY416 IC75A RAMP43 (__3ZAYG8),__3ZAYG8,01 - Non intersection,03 - P.D. only,07 - SMV other,01 - Clear,03 - Dawn,06 - Ice,10 - No control,,1,0,0,0,,0,,,,,358690.4406,5021970.879,45.33561631,-75.81242299,9079
15--4950,2015/03/31,1:50 PM,HIGHWAY 417 btwn HIGHWAY 417 & HWY417 IC110 RAMP54 (__3ZA2UY),__3ZA2UY,01 - Non intersection,02 - Non-fatal injury,04 - Sideswipe,01 - Clear,01 - Daylight,01 - Dry,10 - No control,,2,0,0,0,02 - Minor,1,,1,,,375554.0573,5029702.975,45.40368823,-75.59617983,9080
15--4951,2015/03/31,1:54 PM,HERON RD btwn BANK ST & EDGE HILL PL (__3ZA3AD),__3ZA3AD,01 - Non intersection,03 - P.D. only,03 - Rear end,02 - Rain,01 - Daylight,02 - Wet,10 - No control,,2,0,0,0,,0,,,,,370063.1899,5026860.699,45.37864787,-75.66668892,9081
15--4952,2015/03/31,10:04 AM,CARLING AVE WB btwn COLE AVE & CHURCHILL AVE N (__3ZA4T0),__3ZA4T0,01 - Non intersection,03 - P.D. only,04 - Sideswipe,01 - Clear,01 - Daylight,01 - Dry,10 - No control,,2,0,0,0,,0,,,,,363654.5888,5026935.236,45.3798862,-75.74850061,9082
15--4953,2015/03/31,10:18 AM,BESSERER ST btwn NELSON ST & FRIEL ST (__3ZA82K),__3ZA82K,04 - At/near private drive,03 - P.D. only,02 - Angle,01 - Clear,01 - Daylight,01 - Dry,10 - No control,,2,0,0,0,,0,,,,,368753.114,5032465.294,45.42919698,-75.68268799,9083
15--4954,2015/03/31,10:40 PM,DALHOUSIE ST btwn RIDEAU ST & BESSERER ST (__3ZBOX9),__3ZBOX9,01 - Non intersection,03 - P.D. only,99 - Other,01 - Clear,07 - Dark,01 - Dry,10 - No control,,2,0,0,0,,0,,,,,368215.3838,5032217.461,45.42701603,-75.68959132,9084
15--4955,2015/03/31,Unknown,MEDHURST DR btwn WOODFIELD DR & NESTOW DR (__3ZA0EF),__3ZA0EF,01 - Non intersection,03 - P.D. only,06 - SMV unattended vehicle,01 - Clear,00 - Unknown,01 - Dry,10 - No control,,1,0,0,0,,0,,,,,364373.8963,5021926.098,45.33475385,-75.73992044,9085
15--4956,2015/03/31,12:05 PM,240 S OF CHARLEMAGNE BLVD/DES EPINETTES AVE @ TENTH LINE RD (0014362),14362,03 - At intersection,03 - P.D. only,05 - Turning movement,01 - Clear,01 - Daylight,01 - Dry,01 - Traffic signal,01 - Functioning,2,0,0,0,,0,,,,,383736.1826,5036677.455,45.46556382,-75.49055768,9086
15--4957,2015/03/31,2:00 PM,HAWTHORNE RD @ HUNT CLUB RD (0007651),7651,02 - Intersection related,03 - P.D. only,03 - Rear end,01 - Clear,01 - Daylight,01 - Dry,01 - Traffic signal,01 - Functioning,2,0,0,0,,0,,,,,375506.786,5026407.975,45.37404627,-75.59725569,9087
15--4958,2015/03/31,2:12 PM,ALBION RD/COLLISTON CRES E @ WALKLEY RD (0011422),11422,03 - At intersection,03 - P.D. only,02 - Angle,01 - Clear,01 - Daylight,01 - Dry,01 - Traffic signal,01 - Functioning,2,0,0,0,,0,,,,,371032.6491,5026356.166,45.37401729,-75.65437943,9088
15--4959,2015/03/31,2:14 PM,BLAIR RD @ REGIONAL RD 174 S/OR174 IC112 RAMP15 (0012435),12435,03 - At intersection,02 - Non-fatal injury,05 - Turning movement,01 - Clear,01 - Daylight,01 - Dry,01 - Traffic signal,01 - Functioning,2,0,0,0,01 - Minimal,1,1,,,,374907.3895,5032662.319,45.43037989,-75.60401839,9089
15--496,2015/01/08,7:00 AM,HWY417 IC122 RAMP16 btwn HIGHWAY 417 & WESTMOUNT AVE (__3ZAY94),__3ZAY94,01 - Non intersection,03 - P.D. only,07 - SMV other,01 - Clear,03 - Dawn,06 - Ice,10 - No control,,1,0,0,0,,0,,,,,365240.6693,5028858.551,45.39705676,-75.72801462,9090
15--4960,2015/03/31,2:21 PM,CLARKE AVE @ ST. LAURENT BLVD (0007702),7702,03 - At intersection,02 - Non-fatal injury,02 - Angle,01 - Clear,01 - Daylight,01 - Dry,01 - Traffic signal,01 - Functioning,2,0,0,0,02 - Minor,2,,2,,,371733.7574,5033352.144,45.43689755,-75.64447939,9091
15--4961,2015/03/31,2:25 PM,BANK ST @ QUEENSDALE AVE (0009260),9260,03 - At intersection,02 - Non-fatal injury,02 - Angle,01 - Clear,01 - Daylight,01 - Dry,01 - Traffic signal,01 - Functioning,2,0,0,0,01 - Minimal,1,1,,,,373337.7068,5023445.031,45.34760239,-75.62535686,9092
15--4962,2015/03/31,2:30 PM,LEES AVE @ KING EDWARD AVE/MANN AVE (0011413),11413,03 - At intersection,03 - P.D. only,05 - Turning movement,01 - Clear,01 - Daylight,01 - Dry,01 - Traffic signal,01 - Functioning,2,0,0,0,,0,,,,,369180.7259,5031333.299,45.41897248,-75.67737168,9093
15--4963,2015/03/31,2:36 PM,OSGOODE ST btwn NELSON ST & SWEETLAND AVE (__3ZA8H1),__3ZA8H1,01 - Non intersection,03 - P.D. only,06 - SMV unattended vehicle,01 - Clear,01 - Daylight,01 - Dry,10 - No control,,1,0,0,0,,0,,,,,369047.3923,5031976.385,45.42477099,-75.67899131,9094
15--4964,2015/03/31,2:50 PM,CLYDE AVE btwn CLYDE AVE & STARWOOD RD (__3ZA2TX),__3ZA2TX,04 - At/near private drive,03 - P.D. only,99 - Other,01 - Clear,01 - Daylight,01 - Dry,10 - No control,,2,0,0,0,,0,,,,,364415.7894,5024761.438,45.36026235,-75.73904422,9095
15--4965,2015/03/31,2:52 PM,BASELINE RD @ WOODROFFE AVE (0002225),2225,02 - Intersection related,03 - P.D. only,03 - Rear end,01 - Clear,01 - Daylight,01 - Dry,01 - Traffic signal,00 - Unknown,2,0,0,0,,0,,,,,362548.9695,5023770.144,45.35149903,-75.76298672,9096
15--4966,2015/03/31,2:57 PM,RIVERGATE WAY @ RIVERSIDE DR (0007177),7177,02 - Intersection related,03 - P.D. only,03 - Rear end,01 - Clear,01 - Daylight,01 - Dry,01 - Traffic signal,01 - Functioning,2,0,0,0,,0,,,,,368115.7478,5023242.032,45.34626669,-75.69201588,9097
15--4967,2015/03/31,2:59 PM,ALBERT ST btwn KENT ST & BANK ST (__3ZA3CA),__3ZA3CA,01 - Non intersection,03 - P.D. only,04 - Sideswipe,01 - Clear,01 - Daylight,01 - Dry,10 - No control,,2,0,0,0,,0,,,,,367250.6105,5031338.369,45.41919305,-75.70203075,9098
15--4968,2015/03/31,3:15 PM,PRESTON ST @ SOMERSET ST (0002215),2215,02 - Intersection related,03 - P.D. only,04 - Sideswipe,01 - Clear,01 - Daylight,01 - Dry,01 - Traffic signal,01 - Functioning,2,0,0,0,,0,,,,,366306.7347,5030126.123,45.40836921,-75.71424136,9099
15--4969,2015/03/31,3:32 PM,EARL ARMSTRONG RD @ RIVER RD (0012470),12470,02 - Intersection related,02 - Non-fatal injury,03 - Rear end,01 - Clear,01 - Daylight,01 - Dry,01 - Traffic signal,01 - Functioning,2,0,0,0,01 - Minimal,1,1,,,,367572.7185,5014683.916,45.26931077,-75.70002885,9100
15--497,2015/01/08,7:00 AM,HIGHWAY 417 btwn HWY417 IC118 RAMP57 & HWY417 IC118 RAMP35 (__3ZA2YQ),__3ZA2YQ,01 - Non intersection,03 - P.D. only,07 - SMV other,01 - Clear,03 - Dawn,06 - Ice,10 - No control,,1,0,0,0,,0,,,,,369390.6079,5030996.814,45.41592557,-75.67473429,9101
15--4970,2015/03/31,3:35 PM,BELL ST    N btwn ECCLES ST & CHRISTIE ST (__3ZBOMW),__3ZBOMW,04 - At/near private drive,03 - P.D. only,06 - SMV unattended vehicle,01 - Clear,01 - Daylight,01 - Dry,10 - No control,,1,0,0,0,,0,,,,,366838.5138,5030214.781,45.40911999,-75.70743729,9102
15--4971,2015/03/31,3:36 PM,TRIM RD @ WATTERS RD (0012847),12847,03 - At intersection,02 - Non-fatal injury,05 - Turning movement,01 - Clear,01 - Daylight,01 - Dry,01 - Traffic signal,01 - Functioning,2,0,0,0,02 - Minor,3,2,1,,,384963.6882,5038718.058,45.4837834,-75.47452979,9103
15--4972,2015/03/31,3:53 PM,KING EDWARD AVE @ TEMPLETON ST (0007695),7695,03 - At intersection,02 - Non-fatal injury,07 - SMV other,01 - Clear,01 - Daylight,01 - Dry,01 - Traffic signal,01 - Functioning,1,0,0,3,03 - Major,3,1,1,1,,369059.709,5031506.136,45.42053873,-75.67889528,9104
15--4973,2015/03/31,3:56 AM,GRENFELL CRES btwn BETH AVE & BURNBANK ST (__3ZA54P),__3ZA54P,01 - Non intersection,03 - P.D. only,07 - SMV other,01 - Clear,07 - Dark,01 - Dry,10 - No control,,1,0,0,0,,0,,,,,365773.371,5020242.119,45.3194814,-75.72227413,9105
15--4974,2015/03/31,4:12 PM,BRONSON AVE/BRONSON/HERON RAMP 35 @ HERON RD (0002386),2386,02 - Intersection related,03 - P.D. only,03 - Rear end,01 - Clear,01 - Daylight,01 - Dry,01 - Traffic signal,01 - Functioning,2,0,0,0,,0,,,,,368640.7831,5026698.265,45.37731739,-75.68487001,9106
15--5155,2015/04/07,2:20 PM,HIGHWAY 417 btwn HIGHWAY 417 & Continuation of HIGHWAY 417 (__3ZAZOB),__3ZAZOB,01 - Non intersection,02 - Non-fatal injury,04 - Sideswipe,01 - Clear,01 - Daylight,01 - Dry,10 - No control,,3,0,0,0,02 - Minor,1,,1,,,353325.2677,5020430.394,45.32214631,-75.88102288,9107
15--4795,2015/03/27,1:05 PM,STAGECOACH RD btwn DALMENY RD & FAWN LANE (__3ZAZ9V),__3ZAZ9V,01 - Non intersection,03 - P.D. only,07 - SMV other,01 - Clear,01 - Daylight,99 - Other,10 - No control,,1,0,0,0,,0,,,,,378234.5302,4998467.755,45.12236991,-75.56656097,9108
15--5066,2015/04/02,7:50 PM,BLAIR RD btwn APPLEFORD ST & DUNHAM ST (__3ZA2E4),__3ZA2E4,01 - Non intersection,02 - Non-fatal injury,01 - Approaching,02 - Rain,07 - Dark,02 - Wet,10 - No control,,3,0,0,0,02 - Minor,3,2,1,,,374282.3766,5033773.551,45.44044052,-75.61184833,9109
15--5156,2015/04/07,2:38 PM,BANK ST @ HERON RD (0002155),2155,02 - Intersection related,03 - P.D. only,04 - Sideswipe,01 - Clear,01 - Daylight,01 - Dry,01 - Traffic signal,01 - Functioning,2,0,0,0,,0,,,,,369994.7561,5026852.988,45.37858486,-75.66756364,9110
15--4796,2015/03/27,1:36 PM,BRONSON AVE @ FIRST AVE (0007719),7719,03 - At intersection,03 - P.D. only,02 - Angle,01 - Clear,01 - Daylight,03 - Loose snow,02 - Stop sign,01 - Functioning,2,0,0,0,,0,,,,,367488.7435,5029237.044,45.40026467,-75.6992555,9111
15--4705,2015/03/24,10:46 AM,COVENTRY RD @ LOLA ST (0007175),7175,02 - Intersection related,03 - P.D. only,07 - SMV other,01 - Clear,01 - Daylight,01 - Dry,01 - Traffic signal,00 - Unknown,1,0,0,0,,0,,,,,371264.2246,5031615.839,45.42131984,-75.65071444,9112
15--5246,2015/04/10,12:08 AM,MONTREAL RD @ VANIER PKWY (0004630),4630,02 - Intersection related,03 - P.D. only,03 - Rear end,02 - Rain,07 - Dark,02 - Wet,01 - Traffic signal,01 - Functioning,2,0,0,0,,0,,,,,370073.4305,5033065.232,45.434473,-75.66573677,9113
15--5336,2015/04/13,5:38 AM,9TH LINE RD btwn PANA RD & VICTORIA ST (__3ZA64J),__3ZA64J,01 - Non intersection,03 - P.D. only,07 - SMV other,01 - Clear,07 - Dark,01 - Dry,10 - No control,,1,0,0,0,,0,,,,,386543.7399,5013779.844,45.25922748,-75.45844772,9114
15--4525,2015/03/18,3:43 PM,BALINROAN CRES btwn AKITA WALK & GARRITY CRES (__737L1L),__737L1L,04 - At/near private drive,03 - P.D. only,06 - SMV unattended vehicle,01 - Clear,01 - Daylight,01 - Dry,10 - No control,,1,0,0,0,,0,,,,,364999.249,5014410.353,45.26707425,-75.73285511,9115
15--5067,2015/04/02,8:06 PM,BANK ST @ KILBORN AVE/BELANGER AVE (0007208),7208,03 - At intersection,03 - P.D. only,05 - Turning movement,02 - Rain,07 - Dark,02 - Wet,01 - Traffic signal,01 - Functioning,2,0,0,0,,0,,,,,369654.6838,5027428.03,45.38379047,-75.67182984,9116
15--4615,2015/03/21,12:30 PM,RICHMOND RD btwn WOODROFFE AVE & LOCKHART AVE (__3ZBPOH),__3ZBPOH,04 - At/near private drive,03 - P.D. only,05 - Turning movement,02 - Rain,01 - Daylight,02 - Wet,10 - No control,,2,0,0,0,,0,,,,,361608.7828,5026694.523,45.37788917,-75.77464854,9117