Anom_ID,Accident_Date,Accident_Time,Location,Geo_ID,Accident_Location,Classification_of_Accident,Initial_Impact_Type,Environment_Condition,Light,Road_Surface_Condition,Traffic_Control,Traffic_Control_Condition,No__of_Vehicles,No__of_Bicycles,No__of_Motorcycles,No__of_Pedestrians,Max_Injury,No__of_Injuries,No__of_Minimal,No__of_Minor,No__of_Major,No__of_Fatal,X,Y,Latitude,Longitude,ObjectId
15--5157,2015/04/07,2:53 PM,FALLOWFIELD RD btwn WOLFGANG DR & HOLITMAN DR (__3ZA3IJ),__3ZA3IJ,01 - Non intersection,03 - P.D. only,03 - Rear end,01 - Clear,01 - Daylight,06 - Ice,10 - No control,,2,0,0,0,,0,,,,,363459.7026,5016972.853,45.29026175,-75.75216968,9118
15--4797,2015/03/27,10:15 AM,LAUDER DR btwn WEMBLEY AVE & BROMLEY RD (__3ZA0DA),__3ZA0DA,01 - Non intersection,03 - P.D. only,07 - SMV other,03 - Snow,01 - Daylight,03 - Loose snow,10 - No control,,1,0,0,0,,0,,,,,362761.8417,5026522.496,45.37624685,-75.75994735,9119
15--4526,2015/03/18,4:25 PM,BANK ST @ SUNNYSIDE AVE (0007219),7219,02 - Intersection related,03 - P.D. only,03 - Rear end,01 - Clear,01 - Daylight,01 - Dry,01 - Traffic signal,01 - Functioning,2,0,0,0,,0,,,,,368735.6726,5028582.031,45.3942583,-75.68341456,9120
15--5247,2015/04/10,12:37 PM,RICHMOND RD @ STONEHAVEN DR (0010370),10370,03 - At intersection,03 - P.D. only,04 - Sideswipe,02 - Rain,01 - Daylight,02 - Wet,01 - Traffic signal,01 - Functioning,2,0,0,0,,0,,,,,356780.9054,5015893.353,45.28107397,-75.83742214,9121
15--4706,2015/03/24,11:48 AM,ALTA VISTA DR @ BANK ST (0011318),11318,02 - Intersection related,03 - P.D. only,03 - Rear end,01 - Clear,01 - Daylight,01 - Dry,01 - Traffic signal,01 - Functioning,3,0,0,0,,0,,,,,370247.3484,5026199.929,45.3726853,-75.66442532,9122
15--5337,2015/04/13,5:40 PM,ANDERSON RD @ INNES RD (0004200),4200,02 - Intersection related,03 - P.D. only,03 - Rear end,01 - Clear,01 - Daylight,01 - Dry,01 - Traffic signal,01 - Functioning,3,0,0,0,,0,,,,,376281.705,5031841.082,45.42285177,-75.58657587,9123
15--5068,2015/04/02,8:26 PM,MERIVALE RD @ EMERALD PLAZA SC (0005311),5311,03 - At intersection,03 - P.D. only,03 - Rear end,02 - Rain,07 - Dark,02 - Wet,01 - Traffic signal,01 - Functioning,2,0,0,0,,0,,,,,364736.1711,5024004.968,45.35342842,-75.73504685,9124
15--5158,2015/04/07,4:18 PM,ST. LAURENT BLVD btwn INDUSTRIAL AVE & BOURASSA ST (__3ZBOFB),__3ZBOFB,04 - At/near private drive,03 - P.D. only,05 - Turning movement,01 - Clear,01 - Daylight,01 - Dry,10 - No control,,2,0,0,0,,0,,,,,373132.1418,5029931.879,45.40598841,-75.62708225,9125
15--4616,2015/03/21,12:40 AM,HIGHWAY 417 btwn HWY417 IC104 RAMP15 & HWY417 IC96 RAMP51 (__3ZA2W4),__3ZA2W4,01 - Non intersection,03 - P.D. only,07 - SMV other,01 - Clear,07 - Dark,01 - Dry,10 - No control,,1,0,0,0,,0,,,,,383481.4512,5025278.323,45.36303248,-75.49563451,9126
15--4798,2015/03/27,10:26 AM,MCLEOD ST S @ CARTIER ST (0012019),12019,03 - At intersection,03 - P.D. only,02 - Angle,01 - Clear,01 - Daylight,02 - Wet,02 - Stop sign,01 - Functioning,2,0,0,0,,0,,,,,368596.0235,5030845.101,45.41463341,-75.68490519,9127
15--4527,2015/03/18,4:30 PM,HWY 417 INNES IC112R54 @ HWY 417 INNES IC112R5 (0012297),12297,02 - Intersection related,03 - P.D. only,04 - Sideswipe,01 - Clear,01 - Daylight,01 - Dry,10 - No control,,2,0,0,0,,0,,,,,374252.4189,5030810.243,45.41378123,-75.61264909,9128
15--5248,2015/04/10,2:18 PM,CHAMPLAIN ST @ PLACE D'ORLEANS DR (0003595),3595,02 - Intersection related,02 - Non-fatal injury,03 - Rear end,02 - Rain,01 - Daylight,02 - Wet,01 - Traffic signal,01 - Functioning,2,0,0,0,01 - Minimal,1,1,,,,381595.8798,5038180.378,45.47932443,-75.51768904,9129
15--4707,2015/03/24,11:50 AM,DANFORTH AVE btwn ROOSEVELT AVE & CHURCHILL AVE N (__3ZA4A5),__3ZA4A5,01 - Non intersection,03 - P.D. only,99 - Other,01 - Clear,01 - Daylight,01 - Dry,10 - No control,,2,0,0,0,,0,,,,,363055.2441,5028092.748,45.39035143,-75.75601622,9130
15--5338,2015/04/13,6:08 PM,AERO DR @ HOLLY ACRES RD (0001088),1088,03 - At intersection,03 - P.D. only,02 - Angle,01 - Clear,01 - Daylight,01 - Dry,01 - Traffic signal,01 - Functioning,2,1,0,0,,0,,,,,358341.6535,5023227.984,45.3469545,-75.81673672,9131
15--5339,2015/04/13,6:50 PM,BANK ST @ WALKLEY RD (0011423),11423,02 - Intersection related,03 - P.D. only,03 - Rear end,01 - Clear,01 - Daylight,01 - Dry,01 - Traffic signal,01 - Functioning,2,0,0,0,,0,,,,,370338.8159,5025946.289,45.37039458,-75.66329132,9132
15--534,2015/01/09,10:45 PM,PAUL METIVIER DR btwn LEAMINGTON WAY & LONGFIELDS DR (__7JQ6CT),__7JQ6CT,01 - Non intersection,03 - P.D. only,06 - SMV unattended vehicle,01 - Clear,07 - Dark,04 - Slush,10 - No control,,1,0,0,0,,0,,,,,365146.056,5014292.516,45.26600137,-75.73099878,9133
15--5340,2015/04/13,7:03 PM,HUNTMAR DR btwn PALLADIUM DR & MAPLE GROVE RD (__3ZA1EH),__3ZA1EH,01 - Non intersection,03 - P.D. only,03 - Rear end,01 - Clear,01 - Daylight,01 - Dry,10 - No control,,2,0,0,0,,0,,,,,350064.2315,5016937.55,45.29093455,-75.9229367,9134
15--5341,2015/04/13,7:18 PM,ST. JOSEPH BLVD @ JEANNE D'ARC BLVD (0012421),12421,03 - At intersection,02 - Non-fatal injury,04 - Sideswipe,01 - Clear,07 - Dark,01 - Dry,11 - Roundabout,01 - Functioning,2,0,0,0,01 - Minimal,1,1,,,,379860.7425,5036471.099,45.46413438,-75.54014145,9135
15--5342,2015/04/13,7:20 AM,BAY ST @ SLATER ST (0005127),5127,03 - At intersection,02 - Non-fatal injury,07 - SMV other,01 - Clear,01 - Daylight,01 - Dry,01 - Traffic signal,01 - Functioning,1,0,0,1,01 - Minimal,1,1,,,,366982.6839,5031079.331,45.41688617,-75.70548657,9136
15--5343,2015/04/13,7:29 AM,MARCH RD btwn TERRY FOX DR & SOLANDT RD (__3ZA3CE),__3ZA3CE,01 - Non intersection,03 - P.D. only,07 - SMV other,01 - Clear,01 - Daylight,01 - Dry,10 - No control,,1,0,0,0,,0,,,,,350216.9581,5023002.704,45.34550054,-75.92043361,9137
15--5344,2015/04/13,7:50 AM,ST. JOSEPH BLVD @ JEANNE D'ARC BLVD (0012421),12421,02 - Intersection related,02 - Non-fatal injury,07 - SMV other,01 - Clear,01 - Daylight,01 - Dry,11 - Roundabout,01 - Functioning,1,0,0,1,01 - Minimal,1,1,,,,379860.7425,5036472.063,45.46414305,-75.54014131,9138
15--5345,2015/04/13,8:07 PM,REGIONAL ROAD 174 btwn TRANSIT & OR174 IC105 RAMP51 (__3ZA28H),__3ZA28H,01 - Non intersection,03 - P.D. only,07 - SMV other,02 - Rain,07 - Dark,02 - Wet,10 - No control,,1,0,0,0,,0,,,,,377139.2175,5035719.103,45.45765556,-75.57504965,9139
15--5346,2015/04/13,8:12 AM,BANK ST btwn ARENA PL & WHITE ALDER AVE (__3ZA29N),__3ZA29N,01 - Non intersection,03 - P.D. only,05 - Turning movement,01 - Clear,01 - Daylight,01 - Dry,10 - No control,,2,0,0,0,,0,,,,,375426.9635,5021457.807,45.32951492,-75.59898175,9140
15--5347,2015/04/13,8:16 PM,COLONIAL RD @ ROCKDALE RD (0004608),4608,03 - At intersection,02 - Non-fatal injury,05 - Turning movement,01 - Clear,07 - Dark,01 - Dry,02 - Stop sign,01 - Functioning,2,0,1,0,03 - Major,1,,,1,,391421.2628,5032662.864,45.42853451,-75.39300469,9141
15--5348,2015/04/13,8:17 AM,HENDERSON AVE @ LAURIER AVE (0007762),7762,02 - Intersection related,02 - Non-fatal injury,04 - Sideswipe,01 - Clear,01 - Daylight,01 - Dry,02 - Stop sign,00 - Unknown,2,1,0,0,01 - Minimal,1,1,,,,368806.6924,5032075.309,45.42568314,-75.68205401,9142
15--5349,2015/04/13,8:39 AM,WEST HUNT CLUB RD @ CLEOPATRA DR/LANCELOT DR (0000114),114,02 - Intersection related,03 - P.D. only,04 - Sideswipe,01 - Clear,01 - Daylight,01 - Dry,01 - Traffic signal,01 - Functioning,3,0,0,0,,0,,,,,365235.7,5021732.012,45.33293379,-75.72894973,9143
15--535,2015/01/09,10:51 AM,BANK ST @ LEITRIM RD (0004125),4125,03 - At intersection,02 - Non-fatal injury,02 - Angle,01 - Clear,01 - Daylight,02 - Wet,01 - Traffic signal,01 - Functioning,3,0,0,0,02 - Minor,1,,1,,,375356.7903,5021618.051,45.33096379,-75.59985402,9144
15--5350,2015/04/13,9:01 PM,O'CONNOR ST @ SOMERSET ST (0002690),2690,03 - At intersection,02 - Non-fatal injury,07 - SMV other,02 - Rain,07 - Dark,02 - Wet,01 - Traffic signal,01 - Functioning,1,0,0,1,02 - Minor,1,,1,,,367856.724,5031013.334,45.41621412,-75.69432843,9145
15--5351,2015/04/13,9:01 PM,DEMETER ST btwn LUDLOWE ST & TRIM RD (__4TRKTX),__4TRKTX,01 - Non intersection,03 - P.D. only,06 - SMV unattended vehicle,02 - Rain,07 - Dark,02 - Wet,10 - No control,,1,0,0,0,,0,,,,,385926.5033,5037774.35,45.47518164,-75.46237115,9146
15--5352,2015/04/13,9:32 PM,BANK ST @ KINGSDALE AVE (0009261),9261,03 - At intersection,03 - P.D. only,05 - Turning movement,02 - Rain,07 - Dark,02 - Wet,02 - Stop sign,00 - Unknown,2,0,0,0,,0,,,,,373269.7076,5023500.037,45.34810395,-75.62621691,9147
15--5353,2015/04/13,9:34 AM,POCONO CRES btwn GARDENWAY DR & GARDENWAY DR (__3ZA5SW),__3ZA5SW,04 - At/near private drive,03 - P.D. only,02 - Angle,01 - Clear,01 - Daylight,01 - Dry,10 - No control,,2,0,0,0,,0,,,,,384117.7739,5036867.324,45.46722886,-75.48564799,9148
15--5354,2015/04/13,9:40 PM,CRAMER DR btwn DEXTER DR & ALDERBROOK DR (__3ZABSF),__3ZABSF,04 - At/near private drive,03 - P.D. only,06 - SMV unattended vehicle,02 - Rain,07 - Dark,02 - Wet,10 - No control,,1,0,0,0,,0,,,,,360367.1475,5021321.725,45.32964443,-75.79110473,9149
15--5355,2015/04/13,9:57 PM,BRONSON AVE btwn LISGAR ST & COOPER ST (__3ZA33P),__3ZA33P,01 - Non intersection,03 - P.D. only,06 - SMV unattended vehicle,02 - Rain,07 - Dark,02 - Wet,10 - No control,,1,0,0,0,,0,,,,,366925.9173,5030574.546,45.4123493,-75.70627544,9150
15--5356,2015/04/14,1:30 PM,HIGHWAY 417 btwn HIGHWAY 417 & HWY417 IC115 RAMP25 (__3ZA2RX),__3ZA2RX,01 - Non intersection,03 - P.D. only,04 - Sideswipe,01 - Clear,01 - Daylight,01 - Dry,10 - No control,,2,0,0,0,,0,,,,,372626.6715,5031522.137,45.42034598,-75.63331986,9151
15--5357,2015/04/14,1:38 PM,MERIVALE RD btwn ROSSLAND AVE & EMERALD PLAZA SC (__3ZA4HZA),__3ZA4HZA,01 - Non intersection,02 - Non-fatal injury,03 - Rear end,01 - Clear,01 - Daylight,01 - Dry,10 - No control,,3,0,0,0,02 - Minor,1,,1,,,364724.0767,5024025.683,45.35361584,-75.73519868,9152
15--5358,2015/04/14,11:11 AM,ISLAND PARK DR @ MERIVALE RD (0002103),2103,03 - At intersection,02 - Non-fatal injury,02 - Angle,01 - Clear,01 - Daylight,01 - Dry,01 - Traffic signal,01 - Functioning,2,0,0,0,02 - Minor,1,,1,,,364653.4983,5028022.377,45.38958347,-75.73561509,9153
15--5359,2015/04/14,11:27 PM,780 W OF TERRY FOX DR @ HAZELDEAN RD (0013520),13520,02 - Intersection related,03 - P.D. only,07 - SMV other,01 - Clear,07 - Dark,01 - Dry,01 - Traffic signal,01 - Functioning,1,0,0,0,,0,,,,,351618.5658,5016697.734,45.28867479,-75.90314454,9154
15--536,2015/01/09,11:03 PM,DONALD ST @ ST. LAURENT BLVD (0008630),8630,02 - Intersection related,03 - P.D. only,03 - Rear end,03 - Snow,07 - Dark,04 - Slush,01 - Traffic signal,01 - Functioning,2,0,0,0,,0,,,,,372094.6768,5032473.067,45.42895339,-75.63998693,9155
15--5360,2015/04/14,12:30 PM,ALBION RD @ LESTER RD (0004175),4175,03 - At intersection,03 - P.D. only,05 - Turning movement,01 - Clear,01 - Daylight,01 - Dry,01 - Traffic signal,01 - Functioning,2,0,0,0,,0,,,,,372694.446,5022333.436,45.3376632,-75.63371744,9156
15--5361,2015/04/14,12:35 PM,RENAUD RD @ NAVAN RD (0003685),3685,03 - At intersection,03 - P.D. only,02 - Angle,01 - Clear,01 - Daylight,01 - Dry,01 - Traffic signal,01 - Functioning,2,0,0,0,,0,,,,,381817.0236,5032738.191,45.43033576,-75.51571302,9157
15--5362,2015/04/14,2:50 PM,PARKDALE AVE @ GLADSTONE AVE (0002362),2362,02 - Intersection related,02 - Non-fatal injury,03 - Rear end,01 - Clear,01 - Daylight,01 - Dry,01 - Traffic signal,01 - Functioning,2,0,0,0,01 - Minimal,1,1,,,,365215.981,5029117.48,45.39938868,-75.72829821,9158
15--5363,2015/04/14,3:22 PM,ST. JOSEPH BLVD btwn BOYER RD & ORLEANS BLVD (__3ZA2BZ),__3ZA2BZ,04 - At/near private drive,03 - P.D. only,02 - Angle,01 - Clear,01 - Daylight,01 - Dry,10 - No control,,2,0,0,0,,0,,,,,380430.2465,5036849.081,45.46747374,-75.53280166,9159
15--5364,2015/04/14,3:30 PM,INDUSTRIAL AVE @ RIVERSIDE DR (0011905),11905,02 - Intersection related,03 - P.D. only,03 - Rear end,01 - Clear,01 - Daylight,01 - Dry,01 - Traffic signal,01 - Functioning,2,0,0,0,,0,,,,,370684.7186,5030593.634,45.41217727,-75.65825528,9160
15--5365,2015/04/14,3:45 PM,ENCORE PRIV btwn Continuation of ENCORE PRIV & Continuation of ENCORE  (__5GOIIJ),__5GOIIJ,04 - At/near private drive,03 - P.D. only,02 - Angle,01 - Clear,01 - Daylight,01 - Dry,10 - No control,,2,0,0,0,,0,,,,,365396.6533,5025309.444,45.36510912,-75.72645809,9161
15--5366,2015/04/14,3:51 PM,BRIAN COBURN BLVD @ MER BLEUE RD (0014363),14363,03 - At intersection,03 - P.D. only,02 - Angle,01 - Clear,01 - Daylight,01 - Dry,02 - Stop sign,01 - Functioning,2,0,0,0,,0,,,,,383150.8189,5034441.164,45.44550953,-75.49839849,9162
15--5367,2015/04/14,3:55 PM,GLADSTONE AVE btwn PERCY ST & BAY ST (__3ZA3PR),__3ZA3PR,01 - Non intersection,03 - P.D. only,04 - Sideswipe,01 - Clear,01 - Daylight,01 - Dry,10 - No control,,2,0,0,0,,0,,,,,367366.9067,5030232.152,45.40922926,-75.70068534,9163
15--5368,2015/04/14,4:07 PM,WEST HUNT CLUB RD @ ROYDON PL/SUNDERLAND ST (0009775),9775,02 - Intersection related,03 - P.D. only,05 - Turning movement,01 - Clear,01 - Daylight,01 - Dry,01 - Traffic signal,01 - Functioning,2,0,0,0,,0,,,,,365973.7076,5022169.972,45.33681055,-75.71948082,9164
15--5369,2015/04/14,4:15 PM,OGILVIE RD @ CITY PARK DR E/CSIS HQ ACCESS (0003696),3696,03 - At intersection,01 - Fatal injury,07 - SMV other,01 - Clear,01 - Daylight,01 - Dry,01 - Traffic signal,01 - Functioning,1,0,0,1,04 - Fatal,1,,,,1,374188.7282,5033010.938,45.43358825,-75.61315274,9165
15--537,2015/01/09,11:04 AM,EVANS BLVD btwn WILLOWDALE AVE & EVANS PL (__3ZA9PR),__3ZA9PR,01 - Non intersection,03 - P.D. only,02 - Angle,01 - Clear,01 - Daylight,06 - Ice,10 - No control,,2,0,0,0,,0,,,,,370041.857,5027008.309,45.37997801,-75.66694178,9166
15--5370,2015/04/14,4:15 PM,MERIVALE RD btwn AMBERWOOD CRES & FALLOWFIELD RD (__3ZA3I9),__3ZA3I9,01 - Non intersection,03 - P.D. only,03 - Rear end,01 - Clear,01 - Daylight,01 - Dry,10 - No control,,2,0,0,0,,0,,,,,366836.2909,5018978.325,45.30801683,-75.70887593,9167
15--5371,2015/04/14,5:00 PM,CONROY RD @ WALKLEY RD (0002648),2648,02 - Intersection related,03 - P.D. only,03 - Rear end,01 - Clear,01 - Daylight,01 - Dry,01 - Traffic signal,01 - Functioning,2,0,0,0,,0,,,,,372903.7226,5027462.45,45.38379183,-75.63034077,9168
15--5372,2015/04/14,5:15 PM,HIGHWAY 417 btwn HWY417 IC119A RAMP75 & HWY417 IC118 RAMP57 (__3ZA2R2),__3ZA2R2,01 - Non intersection,03 - P.D. only,03 - Rear end,01 - Clear,01 - Daylight,01 - Dry,10 - No control,,2,0,0,0,,0,,,,,368669.6771,5030551.579,45.41198568,-75.68400228,9169
15--5373,2015/04/14,5:19 PM,CYRVILLE RD @ MEADOWBROOK RD (0012477),12477,02 - Intersection related,02 - Non-fatal injury,02 - Angle,01 - Clear,01 - Daylight,01 - Dry,01 - Traffic signal,00 - Unknown,2,0,1,0,02 - Minor,1,,1,,,374628.719,5031243.063,45.41763807,-75.60778059,9170
15--5374,2015/04/14,6:24 PM,BLAIR RD btwn BEAVERPOND DR & INNES RD (__3ZA2EZ),__3ZA2EZ,01 - Non intersection,03 - P.D. only,03 - Rear end,01 - Clear,01 - Daylight,01 - Dry,10 - No control,,3,0,0,0,,0,,,,,375476.8383,5031690.953,45.42158277,-75.59688105,9171
15--5375,2015/04/14,6:41 AM,BOWESVILLE RD/HIGH RD @ LEITRIM RD (0012439),12439,03 - At intersection,03 - P.D. only,03 - Rear end,01 - Clear,01 - Daylight,01 - Dry,02 - Stop sign,01 - Functioning,2,0,0,0,,0,,,,,371677.6229,5019286.99,45.31034981,-75.64710132,9172
15--5376,2015/04/14,7:01 PM,LYON ST @ WELLINGTON ST (0002388),2388,03 - At intersection,03 - P.D. only,05 - Turning movement,01 - Clear,01 - Daylight,01 - Dry,01 - Traffic signal,01 - Functioning,2,0,0,0,,0,,,,,366935.271,5031427.612,45.42002411,-75.70604839,9173
15--5377,2015/04/14,7:42 AM,MARCH RD btwn CAMPEAU DR/HWY 417 MARCH IC138R63 & HWY417 IC138 RAMP62 (__3ZA415),__3ZA415,01 - Non intersection,03 - P.D. only,03 - Rear end,01 - Clear,01 - Daylight,01 - Dry,10 - No control,,2,0,0,0,,0,,,,,352751.9864,5020669.72,45.3243392,-75.88831193,9174
15--5378,2015/04/14,7:50 AM,MAJESTIC DR @ WOODROFFE AVE (0000562),562,02 - Intersection related,03 - P.D. only,03 - Rear end,01 - Clear,01 - Daylight,01 - Dry,01 - Traffic signal,01 - Functioning,2,0,0,0,,0,,,,,363527.6934,5021571.01,45.33163013,-75.75075801,9175
15--5379,2015/04/14,8:08 AM,MONTREAL RD @ OGILVIE RD (0009279),9279,02 - Intersection related,03 - P.D. only,04 - Sideswipe,01 - Clear,01 - Daylight,01 - Dry,01 - Traffic signal,01 - Functioning,2,0,0,0,,0,,,,,375654.735,5034556.226,45.44734482,-75.59419578,9176
15--538,2015/01/09,11:12 AM,MERIVALE RD @ SHILLINGTON AVE (0011308),11308,03 - At intersection,02 - Non-fatal injury,03 - Rear end,01 - Clear,01 - Daylight,02 - Wet,01 - Traffic signal,01 - Functioning,2,0,0,0,02 - Minor,1,,1,,,364843.7303,5026810.02,45.37865863,-75.73333334,9177
15--5380,2015/04/14,8:43 AM,FALLOWFIELD RD @ SHEA RD (0000130),130,03 - At intersection,03 - P.D. only,02 - Angle,01 - Clear,01 - Daylight,01 - Dry,02 - Stop sign,01 - Functioning,2,0,0,0,,0,,,,,354014.6738,5011031.042,45.23752066,-75.87316152,9178
15--5381,2015/04/14,8:50 PM,MERIVALE RD @ WOODFIELD DR/ROYDON PL (0009776),9776,03 - At intersection,02 - Non-fatal injury,05 - Turning movement,01 - Clear,07 - Dark,01 - Dry,01 - Traffic signal,01 - Functioning,2,0,0,0,02 - Minor,1,,1,,,365462.7011,5022298.017,45.33800705,-75.72598449,9179
15--5382,2015/04/14,9:02 AM,LAPERRIERE AVE btwn CHURCHILL AVE S & MCBRIDE ST (__3ZA0ES),__3ZA0ES,04 - At/near private drive,03 - P.D. only,03 - Rear end,01 - Clear,01 - Daylight,01 - Dry,10 - No control,,2,0,0,0,,0,,,,,364000.7507,5026634.757,45.37715338,-75.74411696,9180
15--5383,2015/04/14,9:30 AM,HIGHWAY 417 btwn HWY417 IC122 RAMP51 & HWY417 IC122 RAMP15 (__3ZA2R0),__3ZA2R0,01 - Non intersection,03 - P.D. only,03 - Rear end,01 - Clear,01 - Daylight,01 - Dry,10 - No control,,3,0,0,0,,0,,,,,365319.1644,5028863.752,45.39709678,-75.72701149,9181
15--5384,2015/04/15,1:30 PM,GOULBURN AVE btwn LAURIER AVE E & OSGOODE ST (__3ZA8LL),__3ZA8LL,01 - Non intersection,02 - Non-fatal injury,05 - Turning movement,01 - Clear,01 - Daylight,01 - Dry,10 - No control,,2,1,0,0,01 - Minimal,1,1,,,,369306.5916,5032262.662,45.42732295,-75.67564189,9182
15--5385,2015/04/15,1:30 PM,RIDEAUCREST DR btwn ROBLYN WAY & COTTINGHAM ST (__3ZA1W4),__3ZA1W4,04 - At/near private drive,03 - P.D. only,06 - SMV unattended vehicle,01 - Clear,01 - Daylight,01 - Dry,10 - No control,,1,0,0,0,,0,,,,,365915.8953,5016443.424,45.28528868,-75.72092468,9183
15--5386,2015/04/15,1:55 PM,MARCH RD @ MORGAN'S GRANT WAY/SHIRLEY'S BROOK  (0002651),2651,03 - At intersection,02 - Non-fatal injury,05 - Turning movement,01 - Clear,01 - Daylight,01 - Dry,01 - Traffic signal,01 - Functioning,2,0,0,0,02 - Minor,1,,1,,,349661.6092,5023618.956,45.35108146,-75.92746416,9184
15--5387,2015/04/15,10:30 AM,BRAMBLEGROVE CRES btwn LORRY GREENBERG DR & BRIERMOOR CRES (2) (__3ZA8MY),__3ZA8MY,01 - Non intersection,03 - P.D. only,06 - SMV unattended vehicle,01 - Clear,01 - Daylight,01 - Dry,10 - No control,,1,0,0,0,,0,,,,,373435.7042,5025632.109,45.36727127,-75.62380274,9185
15--5388,2015/04/15,10:53 AM,LORNE AVE @ SOMERSET ST (0002214),2214,02 - Intersection related,02 - Non-fatal injury,07 - SMV other,01 - Clear,01 - Daylight,01 - Dry,02 - Stop sign,01 - Functioning,1,0,0,1,01 - Minimal,1,1,,,,366652.6534,5030303.639,45.40993596,-75.70980034,9186
15--5389,2015/04/15,11:22 AM,KANE TER btwn MELVILLE DR & MELVILLE DR (__3ZAB7H),__3ZAB7H,04 - At/near private drive,03 - P.D. only,06 - SMV unattended vehicle,01 - Clear,01 - Daylight,01 - Dry,10 - No control,,1,0,0,0,,0,,,,,362350.0893,5015372.869,45.27595678,-75.7665001,9187
15--539,2015/01/09,11:16 PM,PARENT AVE @ ST. PATRICK ST (0008240),8240,02 - Intersection related,03 - P.D. only,02 - Angle,01 - Clear,07 - Dark,02 - Wet,01 - Traffic signal,01 - Functioning,2,0,0,0,,0,,,,,367822.6662,5032556.111,45.43009859,-75.69456617,9188
15--5390,2015/04/15,11:31 AM,CLYDE AVE btwn CLYDE AVE & STARWOOD RD (__3ZA2TX),__3ZA2TX,04 - At/near private drive,03 - P.D. only,02 - Angle,01 - Clear,01 - Daylight,01 - Dry,10 - No control,,2,0,0,0,,0,,,,,364452.7939,5024678.028,45.35950869,-75.73858199,9189
15--5391,2015/04/15,Unknown,BARIBEAU ST btwn DAGMAR AVE & LANDRY ST (__3ZA8WL),__3ZA8WL,01 - Non intersection,03 - P.D. only,06 - SMV unattended vehicle,01 - Clear,00 - Unknown,01 - Dry,10 - No control,,1,0,0,0,,0,,,,,369942.1451,5033561.537,45.43895079,-75.66734888,9190
15--5392,2015/04/15,12:00 PM,MOONEY'S BAY PL btwn RIVERSIDE DR & WATERVIEW CRT (__3ZA9GC),__3ZA9GC,04 - At/near private drive,03 - P.D. only,06 - SMV unattended vehicle,01 - Clear,01 - Daylight,01 - Dry,10 - No control,,1,0,0,0,,0,,,,,368451.6677,5025311.548,45.36485729,-75.68746312,9191
15--5393,2015/04/15,12:07 PM,PRINCE OF WALES DR btwn BLAZER AVE & DEAKIN ST (__3ZA29V),__3ZA29V,04 - At/near private drive,03 - P.D. only,03 - Rear end,01 - Clear,01 - Daylight,01 - Dry,10 - No control,,2,0,0,0,,0,,,,,367352.6386,5021349.659,45.32930793,-75.70199233,9192
15--5394,2015/04/15,12:50 PM,ELGIN ST @ WELLINGTON ST W (0002113),2113,03 - At intersection,03 - P.D. only,04 - Sideswipe,01 - Clear,01 - Daylight,01 - Dry,01 - Traffic signal,01 - Functioning,2,0,0,0,,0,,,,,367665.4245,5031877.217,45.42400428,-75.69666218,9193
15--5395,2015/04/15,2:26 PM,INDUSTRIAL AVE @ RIVERSIDE DR (0011905),11905,02 - Intersection related,02 - Non-fatal injury,03 - Rear end,01 - Clear,01 - Daylight,01 - Dry,01 - Traffic signal,01 - Functioning,3,0,0,0,02 - Minor,1,,1,,,370684.7186,5030593.035,45.41217188,-75.65825536,9194
15--5396,2015/04/15,2:30 PM,JEANNE D'ARC BLVD @ MILLWOOD CRT (0004407),4407,02 - Intersection related,03 - P.D. only,03 - Rear end,01 - Clear,01 - Daylight,01 - Dry,02 - Stop sign,01 - Functioning,2,0,0,0,,0,,,,,380185.1513,5038173.758,45.47941862,-75.53573236,9195
15--5397,2015/04/15,3:04 PM,KENT ST @ SLATER ST (0002114),2114,03 - At intersection,02 - Non-fatal injury,07 - SMV other,01 - Clear,01 - Daylight,01 - Dry,01 - Traffic signal,01 - Functioning,1,0,0,1,02 - Minor,1,,1,,,367261.7074,5031251.506,45.41841049,-75.70189998,9196
15--5398,2015/04/15,3:04 PM,CORKSTOWN RD btwn MOODIE DR & CRYSTAL BEACH DR (__3ZABA2),__3ZABA2,01 - Non intersection,03 - P.D. only,07 - SMV other,01 - Clear,01 - Daylight,01 - Dry,10 - No control,,1,0,0,0,,0,,,,,356755.9012,5022601.828,45.34143956,-75.83703743,9197
15--5399,2015/04/15,3:10 PM,ELGIN ST @ PARK AVE (0007725),7725,03 - At intersection,03 - P.D. only,03 - Rear end,01 - Clear,01 - Daylight,01 - Dry,02 - Stop sign,00 - Unknown,2,0,0,0,,0,,,,,368467.988,5030711.494,45.41344292,-75.68655813,9198
15--54,2015/01/02,7:42 AM,NEPEAN ST @ O'CONNOR ST (0006942),6942,02 - Intersection related,03 - P.D. only,02 - Angle,01 - Clear,03 - Dawn,01 - Dry,02 - Stop sign,01 - Functioning,2,0,0,0,,0,,,,,367721.6738,5031225.139,45.41813204,-75.69602674,9199
15--540,2015/01/09,11:40 AM,HIGHWAY 417 btwn HWY417 IC118 RAMP57 & HWY417 IC118 RAMP35 (__3ZA2YQ),__3ZA2YQ,01 - Non intersection,03 - P.D. only,99 - Other,01 - Clear,01 - Daylight,04 - Slush,10 - No control,,2,0,0,0,,0,,,,,369502.0745,5031065.581,45.41653401,-75.67330121,9200