Anom_ID,Accident_Date,Accident_Time,Location,Geo_ID,Accident_Location,Classification_of_Accident,Initial_Impact_Type,Environment_Condition,Light,Road_Surface_Condition,Traffic_Control,Traffic_Control_Condition,No__of_Vehicles,No__of_Bicycles,No__of_Motorcycles,No__of_Pedestrians,Max_Injury,No__of_Injuries,No__of_Minimal,No__of_Minor,No__of_Major,No__of_Fatal,X,Y,Latitude,Longitude,ObjectId
15--5400,2015/04/15,3:20 PM,HIGHWAY 417 btwn HWY417 IC118 RAMP57 & HWY417 IC118 RAMP35 (__3ZA2YQ),__3ZA2YQ,01 - Non intersection,03 - P.D. only,03 - Rear end,01 - Clear,01 - Daylight,01 - Dry,10 - No control,,2,0,0,0,,0,,,,,369426.9842,5031021.538,45.41614467,-75.67426632,9201
15--5401,2015/04/15,3:29 PM,OLD COLONY RD btwn WILLIAM'S WALK & ST. ANDREWS CIRC (__3ZAB1D),__3ZAB1D,01 - Non intersection,03 - P.D. only,04 - Sideswipe,01 - Clear,01 - Daylight,01 - Dry,10 - No control,,2,0,0,0,,0,,,,,353743.2554,5017538.862,45.2960987,-75.87597702,9202
15--5402,2015/04/15,3:30 PM,WILLOWMERE WAY btwn FINDLAY CREEK DR & HAZELNUT CRES (__727TE0),__727TE0,04 - At/near private drive,03 - P.D. only,06 - SMV unattended vehicle,01 - Clear,01 - Daylight,01 - Dry,10 - No control,,1,0,0,0,,0,,,,,374176.637,5019331.222,45.31050537,-75.61522864,9203
15--5403,2015/04/15,3:49 PM,MONTREAL RD btwn MARIER AVE & BEGIN ST (__3ZA3L4),__3ZA3L4,04 - At/near private drive,03 - P.D. only,02 - Angle,01 - Clear,01 - Daylight,01 - Dry,10 - No control,,2,0,0,0,,0,,,,,370426.5817,5033264.853,45.43623605,-75.661197,9204
15--5404,2015/04/15,4:29 PM,IRIS ST @ WOODROFFE AVE (0002736),2736,02 - Intersection related,03 - P.D. only,03 - Rear end,01 - Clear,01 - Daylight,01 - Dry,01 - Traffic signal,01 - Functioning,2,0,0,0,,0,,,,,362281.7282,5024442.001,45.3575663,-75.76631895,9205
15--5405,2015/04/15,4:45 PM,HIGHWAY 417 btwn HWY417 IC115 RAMP35 & HIGHWAY 417 (__3ZA2US),__3ZA2US,01 - Non intersection,03 - P.D. only,04 - Sideswipe,01 - Clear,01 - Daylight,01 - Dry,10 - No control,,2,0,0,0,,0,,,,,372475.769,5031501.199,45.42017221,-75.63525073,9206
15--5406,2015/04/15,5:09 PM,BAY ST @ SLATER ST (0005127),5127,03 - At intersection,03 - P.D. only,02 - Angle,01 - Clear,01 - Daylight,01 - Dry,01 - Traffic signal,01 - Functioning,2,0,0,0,,0,,,,,366984.6617,5031078.088,45.41687481,-75.70546146,9207
15--5407,2015/04/15,5:10 PM,ELTERWATER AVE btwn ULLSWATER DR & GAYNOR PL (__3ZA12N),__3ZA12N,04 - At/near private drive,03 - P.D. only,99 - Other,01 - Clear,01 - Daylight,01 - Dry,10 - No control,,2,0,0,0,,0,,,,,356690.6582,5023721.047,45.3515152,-75.83775246,9208
15--5408,2015/04/15,5:16 PM,VANIER PKWY SB btwn QUEEN MARY ST & PRESLAND RD (__3ZA4S5A),__3ZA4S5A,01 - Non intersection,03 - P.D. only,03 - Rear end,01 - Clear,01 - Daylight,01 - Dry,10 - No control,,2,0,0,0,,0,,,,,370410.3608,5031777.004,45.42285053,-75.66160254,9209
15--5409,2015/04/15,5:25 AM,QUEEN ST btwn BANK ST & O'CONNOR ST (__3ZA2FQ),__3ZA2FQ,01 - Non intersection,03 - P.D. only,06 - SMV unattended vehicle,02 - Rain,07 - Dark,02 - Wet,10 - No control,,1,0,0,0,,0,,,,,367410.8459,5031532.65,45.42092681,-75.69995884,9210
15--541,2015/01/09,12:00 PM,MARIELLE CRT btwn RICHMOND RD & END (__3ZBNGE),__3ZBNGE,04 - At/near private drive,03 - P.D. only,06 - SMV unattended vehicle,01 - Clear,01 - Daylight,03 - Loose snow,10 - No control,,1,0,0,0,,0,,,,,359969.4565,5024244.79,45.35597756,-75.79585188,9211
15--5410,2015/04/15,5:59 PM,MEADOWLANDS DR btwn EAGLE LANE & BELIVEAU ST (__3ZA4HB),__3ZA4HB,04 - At/near private drive,03 - P.D. only,99 - Other,01 - Clear,01 - Daylight,01 - Dry,10 - No control,,2,0,0,0,,0,,,,,365428.4089,5024517.159,45.35797752,-75.72614995,9212
15--5411,2015/04/15,6:24 AM,MADELEINE MEILLEUR PRIV @ VANIER PKWY (0013514),13514,02 - Intersection related,02 - Non-fatal injury,03 - Rear end,01 - Clear,03 - Dawn,01 - Dry,01 - Traffic signal,01 - Functioning,2,0,0,0,02 - Minor,2,,2,,,369654.8152,5033359.306,45.43715791,-75.67104781,9213
15--5412,2015/04/15,6:43 PM,TENTH LINE RD @ CHARLEMAGNE BLVD N/TOMPKINS AV (0009222),9222,02 - Intersection related,02 - Non-fatal injury,03 - Rear end,01 - Clear,01 - Daylight,01 - Dry,01 - Traffic signal,01 - Functioning,2,0,1,0,02 - Minor,1,,1,,,383183.9299,5037978.364,45.47733042,-75.49741132,9214
15--5413,2015/04/15,6:49 AM,LEITRIM RD btwn LIMEBANK RD & HIGH RD (__3ZBOEL),__3ZBOEL,01 - Non intersection,03 - P.D. only,07 - SMV other,01 - Clear,01 - Daylight,01 - Dry,10 - No control,,1,0,0,0,,0,,,,,369380.4252,5017894.066,45.29803154,-75.67657615,9215
15--5414,2015/04/15,7:00 AM,HIGHWAY 417 btwn HWY417 IC121B RAMP51 & HWY417 IC121A RAMP51 (__3ZA2YW),__3ZA2YW,01 - Non intersection,03 - P.D. only,03 - Rear end,01 - Clear,01 - Daylight,01 - Dry,10 - No control,,2,0,0,0,,0,,,,,366770.2644,5029573.105,45.40335242,-75.70838976,9216
15--5415,2015/04/15,7:55 PM,HAZEL ST @ MAIN ST (0007202),7202,02 - Intersection related,03 - P.D. only,03 - Rear end,01 - Clear,07 - Dark,01 - Dry,01 - Traffic signal,01 - Functioning,2,0,0,0,,0,,,,,369165.9937,5030173.193,45.40853562,-75.67771141,9217
15--5416,2015/04/15,7:59 AM,BARRETTE ST btwn LOYER ST & ST. CHARLES ST (__3ZA8XN),__3ZA8XN,04 - At/near private drive,03 - P.D. only,02 - Angle,01 - Clear,01 - Daylight,01 - Dry,10 - No control,,2,0,0,0,,0,,,,,369364.9769,5033631.482,45.43963367,-75.67471634,9218
15--5417,2015/04/15,8:11 AM,HUNT CLUB RD btwn DUNSTON TER & CAHILL DR (__3ZA2GG),__3ZA2GG,01 - Non intersection,03 - P.D. only,04 - Sideswipe,01 - Clear,01 - Daylight,01 - Dry,10 - No control,,2,0,0,0,,0,,,,,372239.1359,5024442.428,45.35668311,-75.63923862,9219
15--5418,2015/04/15,8:15 AM,HIGHWAY 417 btwn HWY417 IC129 RAMP25 & HWY417 IC129 RAMP35 (__3ZAYFR),__3ZAYFR,01 - Non intersection,03 - P.D. only,03 - Rear end,01 - Clear,01 - Daylight,01 - Dry,10 - No control,,2,0,0,0,,0,,,,,360500.4703,5023558.235,45.34975797,-75.78915222,9220
15--5419,2015/04/15,8:16 PM,TREBLA WAY btwn PARKWAY RD & TINTERN DR (__3ZA5OW),__3ZA5OW,01 - Non intersection,03 - P.D. only,06 - SMV unattended vehicle,01 - Clear,07 - Dark,01 - Dry,10 - No control,,1,0,0,0,,0,,,,,376306.6662,5013095.927,45.25418879,-75.58896586,9221
15--542,2015/01/09,12:02 AM,BOTELER ST @ KING EDWARD AVE (0006594),6594,02 - Intersection related,03 - P.D. only,03 - Rear end,03 - Snow,07 - Dark,03 - Loose snow,03 - Yield sign,00 - Unknown,2,0,0,0,,0,,,,,367976.679,5033246.872,45.43629991,-75.69250944,9222
15--5420,2015/04/15,8:20 PM,GLADSTONE AVE @ PRESTON ST (0002212),2212,02 - Intersection related,03 - P.D. only,04 - Sideswipe,01 - Clear,07 - Dark,01 - Dry,01 - Traffic signal,01 - Functioning,2,0,0,0,,0,,,,,366488.9853,5029712.198,45.40462878,-75.71196509,9223
15--5421,2015/04/15,8:45 AM,HIGHWAY 417 btwn HWY417 IC122 RAMP51 & HWY417 IC122 RAMP15 (__3ZA2R0),__3ZA2R0,01 - Non intersection,03 - P.D. only,03 - Rear end,01 - Clear,01 - Daylight,01 - Dry,10 - No control,,2,0,0,0,,0,,,,,365348.2506,5028882.378,45.39726185,-75.72663773,9224
15--5422,2015/04/15,8:46 AM,INDUSTRIAL AVE btwn TRAINYARDS DR & RUSSELL RD (__3ZA3R9),__3ZA3R9,01 - Non intersection,03 - P.D. only,03 - Rear end,01 - Clear,01 - Daylight,01 - Dry,10 - No control,,2,0,0,0,,0,,,,,372453.1985,5030286.782,45.40924762,-75.6357058,9225
15--5423,2015/04/15,9:04 AM,CARLING AVE @ PRESTON ST (0002161),2161,02 - Intersection related,03 - P.D. only,03 - Rear end,01 - Clear,01 - Daylight,01 - Dry,01 - Traffic signal,01 - Functioning,2,0,0,0,,0,,,,,366828.9893,5028936.634,45.39762042,-75.70771973,9226
15--5424,2015/04/15,9:36 PM,CARLING AVE @ GRENON AVE (0002645),2645,02 - Intersection related,03 - P.D. only,03 - Rear end,01 - Clear,07 - Dark,01 - Dry,01 - Traffic signal,01 - Functioning,2,0,0,0,,0,,,,,359593.6666,5024350.508,45.35695828,-75.80063614,9227
15--4617,2015/03/21,2:07 PM,MONTREAL RD @ VANIER PKWY (0004630),4630,02 - Intersection related,03 - P.D. only,03 - Rear end,03 - Snow,01 - Daylight,02 - Wet,01 - Traffic signal,01 - Functioning,2,0,0,0,,0,,,,,370071.7459,5033064.146,45.43446339,-75.66575845,9228
15--5159,2015/04/07,4:37 PM,MERIVALE RD @ CLEOPATRA DR (0000112),112,02 - Intersection related,02 - Non-fatal injury,03 - Rear end,01 - Clear,01 - Daylight,01 - Dry,01 - Traffic signal,01 - Functioning,3,0,0,0,01 - Minimal,2,2,,,,365951.667,5021122.007,45.32738302,-75.71989149,9229
15--4799,2015/03/27,11:00 AM,BASELINE RD @ WOODROFFE AVE (0002225),2225,02 - Intersection related,03 - P.D. only,03 - Rear end,01 - Clear,01 - Daylight,02 - Wet,01 - Traffic signal,01 - Functioning,2,0,0,0,,0,,,,,362550.1494,5023770.275,45.35150011,-75.76297165,9230
15--4528,2015/03/18,4:35 PM,SOMERSET ST    W btwn ARTHUR ST & CAMBRIDGE ST N (__3ZA33I),__3ZA33I,01 - Non intersection,03 - P.D. only,05 - Turning movement,01 - Clear,01 - Daylight,01 - Dry,10 - No control,,2,0,0,0,,0,,,,,366890.6261,5030428.242,45.41103603,-75.70674471,9231
15--4708,2015/03/24,12:00 PM,MACKENZIE AVE @ RIDEAU ST (0002136),2136,03 - At intersection,03 - P.D. only,02 - Angle,01 - Clear,01 - Daylight,01 - Dry,01 - Traffic signal,01 - Functioning,2,0,0,0,,0,,,,,367867.7715,5032009.098,45.42517268,-75.69405983,9232
15--5249,2015/04/10,3:00 PM,ARGYLE AVE @ O'CONNOR ST (0007254),7254,02 - Intersection related,03 - P.D. only,03 - Rear end,02 - Rain,01 - Daylight,02 - Wet,01 - Traffic signal,01 - Functioning,2,0,0,0,,0,,,,,368185.6747,5030485.091,45.41143145,-75.69019381,9233
15--5069,2015/04/02,8:28 AM,BRONSON AVE @ POWELL AVE (0007212),7212,02 - Intersection related,03 - P.D. only,05 - Turning movement,03 - Snow,01 - Daylight,02 - Wet,01 - Traffic signal,01 - Functioning,2,0,0,0,,0,,,,,367386.915,5029476.732,45.40243042,-75.70052564,9234
15--525,2015/01/08,9:52 AM,MONTREAL RD @ DUCHARME BLVD/CANTIN ST (0009319),9319,02 - Intersection related,03 - P.D. only,03 - Rear end,03 - Snow,01 - Daylight,06 - Ice,01 - Traffic signal,01 - Functioning,3,0,0,0,,0,,,,,371018.6671,5033565.108,45.43888179,-75.65358973,9235
15--4618,2015/03/21,2:41 PM,ZEPHYR AVE btwn DON ST & MARIE ST (__3ZABW0),__3ZABW0,04 - At/near private drive,03 - P.D. only,02 - Angle,04 - Freezing Rain,01 - Daylight,06 - Ice,10 - No control,,2,0,0,0,,0,,,,,360018.414,5024891.403,45.36179191,-75.79515483,9236
15--516,2015/01/08,8:21 AM,HIGHWAY 417 btwn HIGHWAY 417 & Continuation of HIGHWAY 417 (__3ZAZOB),__3ZAZOB,01 - Non intersection,03 - P.D. only,03 - Rear end,03 - Snow,01 - Daylight,02 - Wet,10 - No control,,2,0,0,0,,0,,,,,352972.6409,5020221.542,45.3202913,-75.88554096,9237
15--48,2015/01/02,5:47 AM,CARLING AVE @ WOODROFFE AVE W (0011470),11470,02 - Intersection related,02 - Non-fatal injury,07 - SMV other,01 - Clear,07 - Dark,01 - Dry,01 - Traffic signal,01 - Functioning,1,0,0,0,02 - Minor,1,,1,,,361767.6836,5025725.032,45.36915287,-75.77273163,9238
15--4529,2015/03/18,4:43 PM,BRIDGE ST @ WEST RIVER DR/ARTHUR CRES S (0008226),8226,03 - At intersection,03 - P.D. only,03 - Rear end,01 - Clear,01 - Daylight,01 - Dry,02 - Stop sign,01 - Functioning,2,0,0,0,,0,,,,,368974.895,5010209.901,45.22892742,-75.68273897,9239
15--4709,2015/03/24,12:06 PM,CARLING AVE @ FAIRLAWN AVE/WOODROFFE AVE E (0002393),2393,03 - At intersection,03 - P.D. only,02 - Angle,01 - Clear,01 - Daylight,01 - Dry,01 - Traffic signal,01 - Functioning,2,0,0,0,,0,,,,,361934.6841,5025830.528,45.37008852,-75.77058762,9240
15--507,2015/01/08,7:33 AM,HWY416 IC75A RAMP26 btwn HIGHWAY 417 & HIGHWAY 416 (__3ZAY4Y),__3ZAY4Y,01 - Non intersection,03 - P.D. only,07 - SMV other,01 - Clear,03 - Dawn,06 - Ice,10 - No control,,1,0,0,0,,0,,,,,358366.2528,5022643.081,45.34168964,-75.81648616,9241
15--5250,2015/04/10,3:09 AM,NAVAN RD btwn MER BLEUE RD & DIAMOND WAY (__3ZA3YZ),__3ZA3YZ,01 - Non intersection,03 - P.D. only,07 - SMV other,02 - Rain,07 - Dark,02 - Wet,10 - No control,,1,0,0,0,,0,,,,,384150.2969,5032185.977,45.42510658,-75.4859871,9242
15--5251,2015/04/10,3:15 PM,SCOTT ST btwn TUNNEY'S PASTURE DRWY & PARKDALE AVE (__3ZA31N),__3ZA31N,04 - At/near private drive,02 - Non-fatal injury,02 - Angle,01 - Clear,01 - Daylight,02 - Wet,10 - No control,,2,1,0,0,01 - Minimal,1,1,,,,364830.9329,5029655.213,45.4042602,-75.73315058,9243
15--5252,2015/04/10,3:26 PM,WOODROFFE AVE @ SPORTSPLEX N (0005568),5568,02 - Intersection related,03 - P.D. only,03 - Rear end,01 - Clear,01 - Daylight,01 - Dry,01 - Traffic signal,01 - Functioning,2,0,0,0,,0,,,,,363763.8612,5021068.051,45.32708473,-75.74780517,9244
15--5253,2015/04/10,3:43 PM,HIGHWAY 417 btwn HWY417 IC112 RAMP65 & HWY417 IC112 RAMP55 (__3ZA281),__3ZA281,01 - Non intersection,03 - P.D. only,03 - Rear end,01 - Clear,01 - Daylight,02 - Wet,10 - No control,,2,0,0,0,,0,,,,,374469.7475,5030807.355,45.41373364,-75.60987316,9245
15--5254,2015/04/10,4:15 PM,OGILVIE RD @ CITY PARK DR E/CSIS HQ ACCESS (0003696),3696,02 - Intersection related,03 - P.D. only,03 - Rear end,01 - Clear,01 - Daylight,01 - Dry,01 - Traffic signal,01 - Functioning,2,0,0,0,,0,,,,,374188.7282,5033010.095,45.43358066,-75.61315286,9246
15--5255,2015/04/10,4:24 PM,MERIVALE RD btwn WITHROW AVE & RITA AVE (__3ZBOCB),__3ZBOCB,01 - Non intersection,03 - P.D. only,03 - Rear end,01 - Clear,01 - Daylight,01 - Dry,10 - No control,,2,0,0,0,,0,,,,,364635.682,5024242.709,45.35557616,-75.73630048,9247
15--5256,2015/04/10,5:36 PM,CAMPEAU DR/HWY 417 MARCH IC138R63 @ MARCH RD (0009710),9710,02 - Intersection related,03 - P.D. only,03 - Rear end,01 - Clear,01 - Daylight,01 - Dry,01 - Traffic signal,01 - Functioning,2,0,0,0,,0,,,,,352842.5888,5020476.949,45.32259842,-75.88717495,9248
15--5257,2015/04/10,5:45 PM,JEANNE D'ARC BLVD @ FORTUNE DR/VINEYARD DR (0004393),4393,03 - At intersection,03 - P.D. only,05 - Turning movement,01 - Clear,01 - Daylight,02 - Wet,01 - Traffic signal,01 - Functioning,2,0,0,0,,0,,,,,379239.1695,5037377.36,45.47235474,-75.5479516,9249
15--5258,2015/04/10,5:58 PM,HIGHWAY 417 btwn RAMP & HWY417 IC145 RAMP55 (__3ZA2Q1),__3ZA2Q1,01 - Non intersection,03 - P.D. only,07 - SMV other,01 - Clear,01 - Daylight,01 - Dry,10 - No control,,1,0,0,0,,0,,,,,345975.5502,5014766.665,45.27165151,-75.97524017,9250
15--5259,2015/04/10,5:59 PM,FLEWELLYN RD @ MUNSTER RD E (0005442),5442,03 - At intersection,03 - P.D. only,02 - Angle,01 - Clear,01 - Daylight,01 - Dry,02 - Stop sign,01 - Functioning,2,0,0,0,,0,,,,,346144.5601,5006066.904,45.19335699,-75.97380923,9251
15--526,2015/01/09,1:00 AM,BAYSWATER AVE btwn SOMERSET ST W & LAUREL ST (__3ZAAIZ),__3ZAAIZ,01 - Non intersection,03 - P.D. only,06 - SMV unattended vehicle,01 - Clear,07 - Dark,05 - Packed snow,10 - No control,,1,0,0,0,,0,,,,,365860.1995,5029808.252,45.40554818,-75.71998475,9252
15--5260,2015/04/10,6:00 PM,KING EDWARD AVE @ SUSSEX DR (0002653),2653,03 - At intersection,03 - P.D. only,02 - Angle,01 - Clear,01 - Daylight,02 - Wet,01 - Traffic signal,01 - Functioning,2,0,0,0,,0,,,,,367664.6639,5033504.079,45.43864229,-75.6964642,9253
15--5261,2015/04/10,6:43 PM,BANK ST btwn WHITE ALDER AVE & FINDLAY CREEK DR (__49P5F2),__49P5F2,01 - Non intersection,03 - P.D. only,04 - Sideswipe,01 - Clear,05 - Dusk,01 - Dry,10 - No control,,2,0,0,0,,0,,,,,375700.8214,5020806.158,45.32362404,-75.59558178,9254
15--5262,2015/04/10,7:45 AM,BASELINE RD/HWY 416 RICHMOND IC75R53 @ RICHMON (0000148),148,02 - Intersection related,03 - P.D. only,03 - Rear end,02 - Rain,01 - Daylight,02 - Wet,01 - Traffic signal,01 - Functioning,2,0,0,0,,0,,,,,358634.9205,5021821.271,45.33427439,-75.81314758,9255
15--5263,2015/04/10,7:50 AM,WOODROFFE AVE btwn GRENFELL CRES & 260 N OF FALLOWFIELD RD/TRANSITWAY  (__3ZA3IO),__3ZA3IO,05 - At railway crossing,03 - P.D. only,03 - Rear end,02 - Rain,01 - Daylight,02 - Wet,10 - No control,,2,0,0,0,,0,,,,,364901.0561,5018373.777,45.30274541,-75.73362626,9256
15--5264,2015/04/10,8:36 PM,BASELINE RD @ GREENBANK RD (0002357),2357,02 - Intersection related,02 - Non-fatal injury,03 - Rear end,01 - Clear,07 - Dark,02 - Wet,01 - Traffic signal,01 - Functioning,2,0,0,0,01 - Minimal,1,1,,,,360598.6482,5022584.018,45.34098418,-75.78800927,9257
15--5265,2015/04/10,9:26 PM,ST. LAURENT BLVD @ COVENTRY RD/OGILVIE RD (0002151),2151,02 - Intersection related,03 - P.D. only,04 - Sideswipe,01 - Clear,07 - Dark,01 - Dry,01 - Traffic signal,01 - Functioning,2,0,0,0,,0,,,,,372304.7556,5031950.129,45.42422799,-75.63737414,9258
15--5266,2015/04/11,1:15 AM,DEGAS CRT btwn PICASSO DR & END (__3ZA469),__3ZA469,01 - Non intersection,03 - P.D. only,06 - SMV unattended vehicle,01 - Clear,07 - Dark,01 - Dry,10 - No control,,1,0,0,0,,0,,,,,374850.4652,5026140.745,45.37170778,-75.60567209,9259
15--5267,2015/04/11,10:25 PM,HIGHWAY 7 btwn HWY 7 HAZELDEAN RD IC RAMP 52 & HAZELDEAN RD (__7JQ7LI),__7JQ7LI,01 - Non intersection,03 - P.D. only,07 - SMV other,01 - Clear,07 - Dark,01 - Dry,10 - No control,,1,0,0,0,,0,,,,,346336.2376,5012052.801,45.24720978,-75.97087047,9260
15--5268,2015/04/11,10:30 AM,LYON ST @ WELLINGTON ST (0002388),2388,03 - At intersection,03 - P.D. only,03 - Rear end,01 - Clear,01 - Daylight,01 - Dry,01 - Traffic signal,01 - Functioning,2,0,0,0,,0,,,,,366936.2349,5031426.648,45.42001535,-75.7060362,9261
15--5269,2015/04/11,10:33 PM,BANK ST btwn RIDEAU RD & TURN LANE (__3ZBPH9),__3ZBPH9,01 - Non intersection,03 - P.D. only,07 - SMV other,01 - Clear,07 - Dark,01 - Dry,10 - No control,,1,0,0,0,,0,,,,,377638.9181,5016267.688,45.28259044,-75.57152928,9262
15--527,2015/01/09,1:00 PM,FOURTH AVE btwn BANK ST & O'CONNOR ST (__3ZA924),__3ZA924,01 - Non intersection,03 - P.D. only,06 - SMV unattended vehicle,03 - Snow,01 - Daylight,05 - Packed snow,10 - No control,,1,0,0,0,,0,,,,,368431.8015,5029511.535,45.40264937,-75.68717529,9263
15--5270,2015/04/11,11:10 PM,ST. JOSEPH BLVD @ JEANNE D'ARC BLVD (0012421),12421,03 - At intersection,03 - P.D. only,04 - Sideswipe,01 - Clear,07 - Dark,01 - Dry,11 - Roundabout,01 - Functioning,2,0,0,0,,0,,,,,379861.7064,5036471.099,45.46413428,-75.54012913,9264
15--5271,2015/04/11,12:01 AM,PATTON ST btwn LACASSE AVE & MONA AVE (__3ZA8UL),__3ZA8UL,01 - Non intersection,03 - P.D. only,06 - SMV unattended vehicle,01 - Clear,07 - Dark,01 - Dry,10 - No control,,1,0,0,0,,0,,,,,370738.8994,5033312.011,45.43663098,-75.65719925,9265
15--5272,2015/04/11,12:07 PM,MOODIE DR btwn HWY417 IC134 RAMP62 & HWY417 IC134 RAMP36 (__3ZA4Z4),__3ZA4Z4,01 - Non intersection,03 - P.D. only,04 - Sideswipe,01 - Clear,01 - Daylight,01 - Dry,10 - No control,,2,0,0,0,,0,,,,,356360.1088,5022660.774,45.34199916,-75.8420813,9266
15--5273,2015/04/11,12:19 PM,BANK ST @ WALKLEY RD (0011423),11423,02 - Intersection related,03 - P.D. only,03 - Rear end,01 - Clear,01 - Daylight,01 - Dry,01 - Traffic signal,01 - Functioning,2,0,0,0,,0,,,,,370338.8159,5025945.325,45.37038591,-75.66329145,9267
15--5274,2015/04/11,12:34 PM,CARLING AVE @ PINECREST  RD/GREENVIEW AVE (0001630),1630,02 - Intersection related,03 - P.D. only,04 - Sideswipe,01 - Clear,01 - Daylight,01 - Dry,01 - Traffic signal,01 - Functioning,2,0,0,0,,0,,,,,360006.6292,5024631.646,45.35945555,-75.79533426,9268
15--5275,2015/04/11,12:34 PM,CHURCHILL AVE @ RICHMOND RD (0002361),2361,02 - Intersection related,03 - P.D. only,04 - Sideswipe,01 - Clear,01 - Daylight,01 - Dry,01 - Traffic signal,01 - Functioning,2,0,0,0,,0,,,,,363227.2409,5028293.292,45.39214156,-75.75379608,9269
15--5276,2015/04/11,12:49 PM,IRIS ST @ PINECREST SC (0011628),11628,02 - Intersection related,03 - P.D. only,99 - Other,01 - Clear,01 - Daylight,01 - Dry,01 - Traffic signal,01 - Functioning,2,0,0,0,,0,,,,,360638.6846,5023383.166,45.34817171,-75.78740824,9270
15--5277,2015/04/11,12:55 PM,EDGEWATER ST btwn TERRY FOX DR & HAZELDEAN RD (__3ZBNCU),__3ZBNCU,04 - At/near private drive,03 - P.D. only,02 - Angle,01 - Clear,01 - Daylight,01 - Dry,10 - No control,,2,0,0,0,,0,,,,,351867.0878,5017665.976,45.29737069,-75.89988461,9271
15--5278,2015/04/11,2:41 AM,VANIER PKWY/CRICHTON ST @ BEECHWOOD AVE/ST. PA (0001604),1604,02 - Intersection related,03 - P.D. only,07 - SMV other,06 - Strong wind,07 - Dark,01 - Dry,01 - Traffic signal,01 - Functioning,1,0,0,0,,0,,,,,369128.1575,5033487.07,45.43835613,-75.67776197,9272
15--5279,2015/04/11,2:58 PM,FISHER AVE @ MEADOWLANDS DR (0002120),2120,02 - Intersection related,03 - P.D. only,02 - Angle,01 - Clear,01 - Daylight,01 - Dry,01 - Traffic signal,01 - Functioning,2,0,0,0,,0,,,,,366575.0649,5025045.928,45.36263519,-75.71144953,9273
15--528,2015/01/09,1:09 PM,DESCHAMPS AVE @ VANIER PKWY (0009243),9243,02 - Intersection related,02 - Non-fatal injury,03 - Rear end,01 - Clear,01 - Daylight,04 - Slush,01 - Traffic signal,01 - Functioning,2,0,0,0,01 - Minimal,1,1,,,,369849.7849,5033268.074,45.43631893,-75.66856809,9274
15--5280,2015/04/11,3:31 PM,BANFF AVE @ WALKLEY RD (0006813),6813,02 - Intersection related,03 - P.D. only,03 - Rear end,01 - Clear,01 - Daylight,01 - Dry,01 - Traffic signal,00 - Unknown,2,0,0,0,,0,,,,,370503.7257,5026044.016,45.37125846,-75.66117321,9275
15--5281,2015/04/11,3:36 PM,REGIONAL ROAD 174 btwn OR174 IC109 RAMP64 & OR174 IC105 RAMP16 (__3ZA2XD),__3ZA2XD,01 - Non intersection,03 - P.D. only,07 - SMV other,01 - Clear,01 - Daylight,01 - Dry,10 - No control,,1,0,0,0,,0,,,,,377420.6491,5035916.755,45.4594047,-75.57142247,9276
15--5282,2015/04/11,3:41 PM,GLADSTONE AVE @ KENT ST (0002251),2251,02 - Intersection related,03 - P.D. only,03 - Rear end,01 - Clear,01 - Daylight,01 - Dry,01 - Traffic signal,01 - Functioning,2,0,0,0,,0,,,,,367745.6681,5030459.089,45.4112372,-75.69581803,9277
15--5283,2015/04/11,7:00 PM,MACLAREN ST @ METCALFE ST (0006950),6950,03 - At intersection,03 - P.D. only,05 - Turning movement,01 - Clear,01 - Daylight,01 - Dry,01 - Traffic signal,01 - Functioning,2,0,0,0,,0,,,,,368052.6706,5031032.094,45.41636524,-75.69182268,9278
15--5284,2015/04/11,7:00 PM,FRANKTOWN RD btwn MUNSTER RD & GREEN'S RD (__3ZA3EU),__3ZA3EU,01 - Non intersection,03 - P.D. only,99 - Other,01 - Clear,01 - Daylight,01 - Dry,10 - No control,,2,0,0,0,,0,,,,,350773.847,5000815.542,45.14581604,-75.915379,9279
15--5285,2015/04/11,7:18 PM,FOREST VALLEY DR btwn ST. JOSEPH BLVD & RIVERMILL CRES (__3ZA6DO),__3ZA6DO,01 - Non intersection,03 - P.D. only,07 - SMV other,01 - Clear,05 - Dusk,01 - Dry,10 - No control,,1,0,0,0,,0,,,,,379183.4233,5035987.369,45.45985459,-75.54887483,9280
15--5286,2015/04/11,8:25 PM,BANK ST btwn STONE SCHOOL RD & SCRIVENS DR (__3ZA28T),__3ZA28T,01 - Non intersection,03 - P.D. only,07 - SMV other,01 - Clear,07 - Dark,01 - Dry,10 - No control,,1,0,0,0,,0,,,,,382281.3185,5011404.228,45.23833523,-75.51312004,9281
15--5287,2015/04/12,1:18 PM,RICHMOND RD btwn CHURCHILL AVE N & WINONA AVE (__3ZA4OX),__3ZA4OX,01 - Non intersection,03 - P.D. only,04 - Sideswipe,01 - Clear,01 - Daylight,01 - Dry,10 - No control,,2,0,0,0,,0,,,,,363238.3593,5028300.704,45.39220732,-75.75365321,9282
15--5288,2015/04/12,1:30 AM,FIFTH AVE btwn GORDON ST & CHRYSLER ST (__3ZA9MZ),__3ZA9MZ,01 - Non intersection,03 - P.D. only,06 - SMV unattended vehicle,01 - Clear,07 - Dark,01 - Dry,10 - No control,,1,0,0,0,,0,,,,,367791.2864,5029041.511,45.39847816,-75.69541637,9283
15--5289,2015/04/12,1:48 PM,CEDARVIEW RD @ FALLOWFIELD RD (0001603),1603,03 - At intersection,02 - Non-fatal injury,04 - Sideswipe,01 - Clear,01 - Daylight,01 - Dry,01 - Traffic signal,01 - Functioning,2,1,0,0,02 - Minor,1,,1,,,361293.7033,5015663.96,45.27866171,-75.77992997,9284