Anom_ID,Accident_Date,Accident_Time,Location,Geo_ID,Accident_Location,Classification_of_Accident,Initial_Impact_Type,Environment_Condition,Light,Road_Surface_Condition,Traffic_Control,Traffic_Control_Condition,No__of_Vehicles,No__of_Bicycles,No__of_Motorcycles,No__of_Pedestrians,Max_Injury,No__of_Injuries,No__of_Minimal,No__of_Minor,No__of_Major,No__of_Fatal,X,Y,Latitude,Longitude,ObjectId
15--529,2015/01/09,1:27 PM,CENTREPOINTE DR btwn PASEO PRIV & 90 N OF EPSILON WAY (__4CZCH3A),__4CZCH3A,01 - Non intersection,03 - P.D. only,04 - Sideswipe,03 - Snow,01 - Daylight,03 - Loose snow,10 - No control,,2,0,0,0,,0,,,,,362517.0764,5022854.27,45.34326068,-75.7635006,9285
15--5290,2015/04/12,1:55 AM,STRANDHERD DR @ WOODROFFE AVE (0009688),9688,03 - At intersection,02 - Non-fatal injury,02 - Angle,01 - Clear,07 - Dark,01 - Dry,01 - Traffic signal,01 - Functioning,2,0,0,0,02 - Minor,1,,1,,,366106.154,5015395.631,45.27584413,-75.71862901,9286
15--5291,2015/04/12,Unknown,ABBEYDALE CIRC btwn Continuation of ABBEYDALE CIRC & Continuation of A (__5GNZCA),__5GNZCA,01 - Non intersection,03 - P.D. only,06 - SMV unattended vehicle,01 - Clear,00 - Unknown,01 - Dry,10 - No control,,1,0,0,0,,0,,,,,348409.5909,5023056.105,45.34609576,-75.94349162,9287
15--5292,2015/04/12,12:35 PM,EAGLESON RD @ 146 N OF ABBEYHILL DR/HAZELDEAN  (0011577),11577,02 - Intersection related,03 - P.D. only,03 - Rear end,01 - Clear,01 - Daylight,01 - Dry,01 - Traffic signal,01 - Functioning,2,0,0,0,,0,,,,,353773.2915,5018171.573,45.30178988,-75.87553159,9288
15--5293,2015/04/12,12:39 PM,BARNSDALE RD btwn MOODIE DR & TRAIL RD (__3ZA1CA),__3ZA1CA,01 - Non intersection,03 - P.D. only,07 - SMV other,01 - Clear,01 - Daylight,01 - Dry,10 - No control,,1,0,0,0,,0,,,,,363429.6199,5009705.476,45.22487202,-75.75341063,9289
15--5294,2015/04/12,2:24 PM,GLENVIEW AVE @ RIVERDALE AVE (0007984),7984,03 - At intersection,02 - Non-fatal injury,07 - SMV other,01 - Clear,01 - Daylight,01 - Dry,02 - Stop sign,01 - Functioning,1,0,1,0,01 - Minimal,1,1,,,,369323.9223,5029412.531,45.40167691,-75.67579359,9290
15--5295,2015/04/12,2:45 PM,QUEEN ST btwn BRONSON AVE & BAY ST (__3ZA2FU),__3ZA2FU,04 - At/near private drive,03 - P.D. only,06 - SMV unattended vehicle,01 - Clear,01 - Daylight,01 - Dry,10 - No control,,1,0,0,0,,0,,,,,366826.526,5031167.927,45.41769719,-75.70747047,9291
15--5296,2015/04/12,2:51 PM,SCULLY WAY btwn MULDER AVE & BRASSEUR CRES (__42HS1Y),__42HS1Y,01 - Non intersection,02 - Non-fatal injury,07 - SMV other,01 - Clear,01 - Daylight,08 - Loose sand or gravel,10 - No control,,1,0,1,0,02 - Minor,1,,1,,,386396.0382,5037278.085,45.47066205,-75.4564491,9292
15--5297,2015/04/12,3:24 PM,WOODROFFE AVE @ SPORTSPLEX N (0005568),5568,02 - Intersection related,03 - P.D. only,03 - Rear end,01 - Clear,01 - Daylight,01 - Dry,01 - Traffic signal,01 - Functioning,2,0,0,0,,0,,,,,363764.6262,5021067.716,45.32708166,-75.74779545,9293
15--5298,2015/04/12,4:37 PM,FERNBANK RD btwn GO/KA BOUNDARY & SHEA RD (__3ZBNCF),__3ZBNCF,01 - Non intersection,03 - P.D. only,03 - Rear end,01 - Clear,01 - Daylight,01 - Dry,10 - No control,,2,0,0,0,,0,,,,,352429.3521,5013456.295,45.25945291,-75.89311997,9294
15--5299,2015/04/12,4:58 PM,EQUESTRIAN DR @ FOXLEIGH CRES S (0003993),3993,03 - At intersection,03 - P.D. only,03 - Rear end,01 - Clear,01 - Daylight,01 - Dry,02 - Stop sign,00 - Unknown,2,0,0,0,,0,,,,,354832.107,5015939.595,45.28163147,-75.86225638,9295
15--53,2015/01/02,7:35 AM,TERRY FOX DR @ PALLADIUM DR/KATIMAVIK RD (0011858),11858,03 - At intersection,03 - P.D. only,02 - Angle,01 - Clear,03 - Dawn,02 - Wet,01 - Traffic signal,01 - Functioning,2,0,0,0,,0,,,,,351269.718,5018181.293,45.30204741,-75.90745249,9296
15--530,2015/01/09,1:41 PM,BRUYERE ST @ DALHOUSIE ST (0008438),8438,03 - At intersection,02 - Non-fatal injury,05 - Turning movement,01 - Clear,01 - Daylight,04 - Slush,01 - Traffic signal,01 - Functioning,2,0,0,0,02 - Minor,1,,1,,,367827.7071,5032849.182,45.43273508,-75.69446424,9297
15--5300,2015/04/12,5:00 PM,BANK ST @ KILBORN AVE/BELANGER AVE (0007208),7208,02 - Intersection related,02 - Non-fatal injury,03 - Rear end,01 - Clear,01 - Daylight,01 - Dry,01 - Traffic signal,01 - Functioning,2,0,0,0,01 - Minimal,1,1,,,,369653.7199,5027428.994,45.38379923,-75.67184203,9298
15--5301,2015/04/12,5:45 AM,HIGHWAY 417 btwn HWY417 IC163 RAMP61 & HWY417 IC155 RAMP36 (__3ZA2QB),__3ZA2QB,01 - Non intersection,03 - P.D. only,07 - SMV other,01 - Clear,07 - Dark,01 - Dry,10 - No control,,1,0,0,0,,0,,,,,336200.159,5020232.59,45.32134128,-76.09947253,9299
15--5302,2015/04/12,7:00 PM,RIDEAU VALLEY DR    N btwn BOUCHER CRES & SOUTHWICK DR (__3ZA2F6),__3ZA2F6,01 - Non intersection,03 - P.D. only,07 - SMV other,01 - Clear,01 - Daylight,01 - Dry,10 - No control,,1,0,0,0,,0,,,,,371318.1288,5007625.752,45.20545809,-75.65324652,9300
15--5303,2015/04/12,7:05 PM,HIGHWAY 417 btwn HWY417 IC163 RAMP16 & HWY417 IC163 RAMP61 (__3ZAZNM),__3ZAZNM,01 - Non intersection,03 - P.D. only,07 - SMV other,01 - Clear,05 - Dusk,01 - Dry,10 - No control,,1,0,0,0,,0,,,,,331529.3084,5021442.388,45.3324211,-76.15898551,9301
15--5304,2015/04/12,7:59 PM,BEECH ST @ PRESTON ST (0006160),6160,03 - At intersection,03 - P.D. only,05 - Turning movement,01 - Clear,07 - Dark,01 - Dry,01 - Traffic signal,01 - Functioning,2,0,0,0,,0,,,,,366684.6963,5029268.475,45.40061901,-75.70952093,9302
15--5305,2015/04/12,8:49 PM,BYRON AVE btwn LOCKHART AVE & SHERBOURNE RD (__3ZAA1K),__3ZAA1K,01 - Non intersection,03 - P.D. only,06 - SMV unattended vehicle,01 - Clear,07 - Dark,01 - Dry,10 - No control,,1,0,0,0,,0,,,,,361807.7304,5026907.047,45.37978528,-75.77208399,9303
15--5306,2015/04/12,9:16 AM,CARLETON AVE @ PREMIER AVE (0006141),6141,03 - At intersection,03 - P.D. only,02 - Angle,01 - Clear,01 - Daylight,01 - Dry,02 - Stop sign,01 - Functioning,2,0,0,0,,0,,,,,364095.6891,5029257.073,45.40074049,-75.7425898,9304
15--5307,2015/04/12,9:39 PM,BAY ST @ SLATER ST (0005127),5127,03 - At intersection,02 - Non-fatal injury,02 - Angle,01 - Clear,07 - Dark,01 - Dry,01 - Traffic signal,01 - Functioning,2,0,0,0,02 - Minor,1,,1,,,366983.7046,5031078.573,45.41687926,-75.70547362,9305
15--5308,2015/04/13,1:37 PM,SUSAN ST btwn ST. LAURENT BLVD & MARTHA AVE (__3ZA732),__3ZA732,04 - At/near private drive,03 - P.D. only,02 - Angle,01 - Clear,01 - Daylight,01 - Dry,10 - No control,,2,0,0,0,,0,,,,,373841.575,5028236.626,45.39066571,-75.61825786,9306
15--5309,2015/04/13,1:40 PM,FRANK KENNY RD btwn REGIMBALD RD & GIROUX RD (__3ZA6TF),__3ZA6TF,01 - Non intersection,02 - Non-fatal injury,01 - Approaching,01 - Clear,01 - Daylight,01 - Dry,10 - No control,,2,0,0,0,02 - Minor,2,,2,,,389354.5773,5034146.276,45.44213356,-75.41915679,9307
15--531,2015/01/09,1:45 PM,KATIMAVIK RD @ CURRAN ST/DAVIS AVE (0003528),3528,03 - At intersection,03 - P.D. only,02 - Angle,01 - Clear,01 - Daylight,03 - Loose snow,02 - Stop sign,01 - Functioning,2,0,0,0,,0,,,,,351460.706,5018496.257,45.30486888,-75.90498764,9308
15--5310,2015/04/13,1:50 PM,BANK ST @ CATHERINE ST (0002708),2708,03 - At intersection,03 - P.D. only,02 - Angle,01 - Clear,01 - Daylight,01 - Dry,01 - Traffic signal,01 - Functioning,2,0,0,0,,0,,,,,368038.7415,5030267.09,45.40948324,-75.69209878,9309
15--5311,2015/04/13,10:00 AM,NAVAN RD btwn RENAUD RD & MER BLEUE RD (__3ZA3Y1),__3ZA3Y1,01 - Non intersection,03 - P.D. only,99 - Other,01 - Clear,01 - Daylight,01 - Dry,10 - No control,,2,0,0,0,,0,,,,,381868.2575,5032725.054,45.43021192,-75.5150604,9310
15--5312,2015/04/13,10:30 PM,HIGHWAY 417 btwn HWY417 IC155 RAMP26 & HWY417 IC155 RAMP61 (__3ZA1MY),__3ZA1MY,01 - Non intersection,03 - P.D. only,07 - SMV other,02 - Rain,07 - Dark,02 - Wet,10 - No control,,1,0,0,0,,0,,,,,339708.6929,5019299.032,45.312775,-76.0547862,9311
15--5313,2015/04/13,11:01 AM,ROWALLEN PL btwn SHELLBROOK WAY & SHELLBROOK WAY (__4WKB67),__4WKB67,04 - At/near private drive,02 - Non-fatal injury,07 - SMV other,01 - Clear,01 - Daylight,01 - Dry,10 - No control,,1,0,0,1,01 - Minimal,1,1,,,,372984.3826,5026003.436,45.37065637,-75.62951235,9312
15--5314,2015/04/13,11:07 AM,MERIVALE RD @ THAMES ST (0006168),6168,02 - Intersection related,03 - P.D. only,04 - Sideswipe,01 - Clear,01 - Daylight,01 - Dry,02 - Stop sign,00 - Unknown,2,0,0,0,,0,,,,,364912.9972,5027525.981,45.38509477,-75.73236181,9313
15--5315,2015/04/13,11:30 AM,OLD MONTREAL RD W @ REGIONAL RD 174 (0012878),12878,03 - At intersection,03 - P.D. only,07 - SMV other,01 - Clear,01 - Daylight,01 - Dry,02 - Stop sign,01 - Functioning,1,0,1,0,,0,,,,,392541.4455,5042742.534,45.51907913,-75.37689176,9314
15--5316,2015/04/13,11:41 AM,BERRIGAN DR @ LONGFIELDS DR (0010453),10453,03 - At intersection,03 - P.D. only,02 - Angle,01 - Clear,01 - Daylight,01 - Dry,11 - Roundabout,01 - Functioning,2,0,0,0,,0,,,,,364304.2738,5015646.832,45.27825923,-75.74156251,9315
15--5317,2015/04/13,11:53 AM,MACFARLANE RD btwn GREENSIDE AVE & O'DONNELL CRT (__3ZA3JH),__3ZA3JH,01 - Non intersection,03 - P.D. only,07 - SMV other,01 - Clear,01 - Daylight,01 - Dry,10 - No control,,1,0,0,0,,0,,,,,367191.4739,5021412.492,45.32988764,-75.70404025,9316
15--5318,2015/04/13,12:20 PM,ST. JOSEPH BLVD btwn GREY NUNS DR & BOYER RD (__3ZA2BW),__3ZA2BW,04 - At/near private drive,03 - P.D. only,05 - Turning movement,01 - Clear,01 - Daylight,01 - Dry,10 - No control,,2,0,0,0,,0,,,,,380329.4,5036781.803,45.46687933,-75.53410149,9317
15--5319,2015/04/13,12:30 PM,MAITLAND AVE btwn CAMEO DR & CLYDE AVE (__3ZA4I2),__3ZA4I2,04 - At/near private drive,03 - P.D. only,04 - Sideswipe,01 - Clear,01 - Daylight,01 - Dry,10 - No control,,2,0,0,0,,0,,,,,364172.2084,5025148.766,45.36376814,-75.74210657,9318
15--532,2015/01/09,10:00 AM,CASSIDY RD btwn BRUIN LANE & GRANGEMILL AVE (__3ZA4YN),__3ZA4YN,01 - Non intersection,03 - P.D. only,07 - SMV other,03 - Snow,01 - Daylight,03 - Loose snow,10 - No control,,1,0,0,0,,0,,,,,359000.0837,5021071.509,45.32749989,-75.80857108,9319
15--5320,2015/04/13,12:57 PM,BANK ST btwn CAHILL DR & TURN LANE (2) (__5AFHMD),__5AFHMD,04 - At/near private drive,03 - P.D. only,03 - Rear end,01 - Clear,01 - Daylight,01 - Dry,10 - No control,,2,0,0,0,,0,,,,,371328.0198,5024301.788,45.35550472,-75.65088531,9320
15--5321,2015/04/13,3:03 PM,MERIVALE RD btwn GILBEY DR & KIMWAY CRES (__3ZBOC0),__3ZBOC0,01 - Non intersection,03 - P.D. only,04 - Sideswipe,01 - Clear,01 - Daylight,01 - Dry,10 - No control,,2,0,0,0,,0,,,,,364714.754,5024774.611,45.36035539,-75.73522688,9321
15--5322,2015/04/13,3:06 AM,BANK ST btwn HERON RD & ANOKA ST (__3ZA360),__3ZA360,04 - At/near private drive,03 - P.D. only,02 - Angle,01 - Clear,07 - Dark,01 - Dry,10 - No control,,2,0,0,0,,0,,,,,370008.2501,5026815.398,45.37824539,-75.66739633,9322
15--5323,2015/04/13,3:26 PM,RIDEAU ST btwn CUMBERLAND ST & KING EDWARD AVE (__3ZBOFX),__3ZBOFX,01 - Non intersection,02 - Non-fatal injury,04 - Sideswipe,01 - Clear,01 - Daylight,01 - Dry,10 - No control,,2,0,0,0,01 - Minimal,1,1,,,,368484.4047,5032398.966,45.42862471,-75.68613028,9323
15--5324,2015/04/13,3:31 PM,PRESTON ST @ PRINCE OF WALES DR/QUEEN ELIZABET (0006904),6904,03 - At intersection,02 - Non-fatal injury,05 - Turning movement,01 - Clear,01 - Daylight,01 - Dry,01 - Traffic signal,01 - Functioning,2,0,0,0,02 - Minor,1,,1,,,366901.6754,5028776.066,45.39616923,-75.70681163,9324
15--5325,2015/04/13,3:40 PM,MONTREAL RD btwn RIDEAU ST & NORTH RIVER RD (__3ZA3UA),__3ZA3UA,07 - Overpass or bridge,02 - Non-fatal injury,04 - Sideswipe,01 - Clear,01 - Daylight,01 - Dry,10 - No control,,2,1,0,0,02 - Minor,1,,1,,,369695.4449,5032900.003,45.43302152,-75.6705891,9325
15--5326,2015/04/13,4:08 PM,BASELINE RD/HERON RD @ PRINCE OF WALES DR (0002345),2345,02 - Intersection related,03 - P.D. only,03 - Rear end,01 - Clear,01 - Daylight,01 - Dry,01 - Traffic signal,01 - Functioning,2,0,0,0,,0,,,,,366873.3455,5026438.317,45.37513725,-75.70746743,9326
15--5327,2015/04/13,4:30 PM,NELSON ST btwn OSGOODE ST & SOMERSET ST E (__3ZA7GC),__3ZA7GC,01 - Non intersection,03 - P.D. only,06 - SMV unattended vehicle,01 - Clear,01 - Daylight,01 - Dry,10 - No control,,1,0,0,0,,0,,,,,369006.4481,5031912.718,45.4242019,-75.67952278,9327
15--5328,2015/04/13,4:35 PM,CAROLINE AVE btwn SPENCER ST & WELLINGTON ST W (__3ZA04L),__3ZA04L,04 - At/near private drive,03 - P.D. only,02 - Angle,01 - Clear,01 - Daylight,01 - Dry,10 - No control,,2,0,0,0,,0,,,,,364747.6404,5029107.223,45.39933664,-75.7342811,9328
15--5329,2015/04/13,4:36 PM,EAGLESON RD @ 146 N OF ABBEYHILL DR/HAZELDEAN  (0011577),11577,03 - At intersection,03 - P.D. only,05 - Turning movement,01 - Clear,01 - Daylight,01 - Dry,01 - Traffic signal,01 - Functioning,2,0,0,0,,0,,,,,353774.2554,5018170.609,45.30178113,-75.8755194,9329
15--533,2015/01/09,10:10 AM,PINECREST RD @ RICHMOND RD (0002353),2353,02 - Intersection related,03 - P.D. only,03 - Rear end,01 - Clear,01 - Daylight,06 - Ice,01 - Traffic signal,01 - Functioning,2,0,0,0,,0,,,,,360072.6705,5024470.067,45.35799647,-75.79450943,9330
15--5330,2015/04/13,4:45 PM,HIGHWAY 417 btwn HWY417 IC126 RAMP61 & HWY417 IC124 RAMP76 (__3ZA2Y2),__3ZA2Y2,01 - Non intersection,03 - P.D. only,04 - Sideswipe,01 - Clear,01 - Daylight,01 - Dry,10 - No control,,2,0,0,0,,0,,,,,363672.9726,5026536.174,45.37629396,-75.74831347,9331
15--5331,2015/04/13,4:52 PM,HWY 417 INNES IC112R68 @ INNES RD (0012300),12300,03 - At intersection,02 - Non-fatal injury,99 - Other,01 - Clear,01 - Daylight,01 - Dry,01 - Traffic signal,01 - Functioning,2,0,0,0,02 - Minor,2,,2,,,374641.7583,5030922.01,45.4147481,-75.6076595,9332
15--5332,2015/04/13,5:00 PM,HWY 417 INNES IC112R57 @ INNES RD (0012298),12298,02 - Intersection related,03 - P.D. only,04 - Sideswipe,01 - Clear,01 - Daylight,01 - Dry,01 - Traffic signal,01 - Functioning,2,0,0,0,,0,,,,,374298.9702,5030754.134,45.41327177,-75.61206232,9333
15--5333,2015/04/13,5:00 PM,BANK ST @ HUNT CLUB RD (0002119),2119,02 - Intersection related,03 - P.D. only,03 - Rear end,01 - Clear,01 - Daylight,01 - Dry,01 - Traffic signal,01 - Functioning,2,0,0,0,,0,,,,,371609.4572,5024095.425,45.35362117,-75.64732154,9334
15--5334,2015/04/13,5:06 PM,RUSSELL RD btwn RAMSAYVILLE RD & TREADWELL RD (__3ZA2CN),__3ZA2CN,01 - Non intersection,02 - Non-fatal injury,07 - SMV other,01 - Clear,01 - Daylight,01 - Dry,10 - No control,,1,0,1,0,03 - Major,2,,1,1,,377809.4732,5026797.812,45.37731768,-75.5678025,9335
15--480,2015/01/08,6:20 AM,HIGHWAY 417 btwn HWY417 IC124 RAMP57 & HWY417 IC124 RAMP55 (__3ZA2Y1),__3ZA2Y1,01 - Non intersection,02 - Non-fatal injury,99 - Other,01 - Clear,07 - Dark,06 - Ice,10 - No control,,2,0,0,0,02 - Minor,1,,1,,,363985.6988,5026927.579,45.37978941,-75.74427403,9336
15--5070,2015/04/02,8:29 PM,MCKINLEY DR @ SHIRLEY'S BROOK DR (0011809),11809,03 - At intersection,02 - Non-fatal injury,07 - SMV other,02 - Rain,07 - Dark,02 - Wet,02 - Stop sign,01 - Functioning,1,0,0,1,02 - Minor,1,,1,,,349836.076,5023731.33,45.35208144,-75.92522745,9337
15--471,2015/01/08,5:46 AM,AQUAVIEW DR btwn CROWBERRY ST & LOUIS TOSCANO DR (__5JY42H),__5JY42H,01 - Non intersection,03 - P.D. only,06 - SMV unattended vehicle,01 - Clear,07 - Dark,01 - Dry,10 - No control,,1,0,0,0,,0,,,,,384579.2545,5035322.842,45.45328049,-75.47999791,9338
15--453,2015/01/08,3:45 PM,BEECHWOOD AVE btwn PUTMAN AVE & ACACIA AVE (__3ZA3AZ),__3ZA3AZ,04 - At/near private drive,03 - P.D. only,02 - Angle,01 - Clear,01 - Daylight,04 - Slush,10 - No control,,2,0,0,0,,0,,,,,369617.6759,5033923.201,45.44223505,-75.6714482,9339
15--5071,2015/04/02,8:29 PM,OGILVIE RD @ 185 E OF BATHGATE DR/185 E OF CIT (0012352),12352,02 - Intersection related,03 - P.D. only,03 - Rear end,02 - Rain,05 - Dusk,02 - Wet,01 - Traffic signal,01 - Functioning,2,0,0,0,,0,,,,,373989.2101,5032896.36,45.4325771,-75.61571854,9340
15--4800,2015/03/27,11:03 AM,BRONSON AVE @ HWY 417 BRONSON IC121AR51 (0002693),2693,02 - Intersection related,03 - P.D. only,04 - Sideswipe,01 - Clear,01 - Daylight,01 - Dry,01 - Traffic signal,01 - Functioning,2,0,0,0,,0,,,,,367290.1564,5029709.836,45.40453647,-75.70173196,9341
15--4710,2015/03/24,12:15 PM,SUMMERWALK PL btwn CENTREPOINTE DR & Continuation of SUMMERWALK PL (__3ZA506),__3ZA506,04 - At/near private drive,03 - P.D. only,99 - Other,01 - Clear,01 - Daylight,01 - Dry,10 - No control,,2,0,0,0,,0,,,,,361923.4914,5022679.734,45.3417388,-75.77109458,9342
15--4530,2015/03/18,4:45 PM,BESSERER ST @ WALLER ST (0008859),8859,02 - Intersection related,03 - P.D. only,04 - Sideswipe,01 - Clear,01 - Daylight,01 - Dry,01 - Traffic signal,01 - Functioning,2,0,0,0,,0,,,,,368316.8972,5032190.532,45.42676453,-75.68829765,9343
15--5072,2015/04/02,8:35 PM,ST. LAURENT BLVD @ WALKLEY RD (0007653),7653,03 - At intersection,03 - P.D. only,05 - Turning movement,02 - Rain,07 - Dark,02 - Wet,01 - Traffic signal,01 - Functioning,2,0,0,0,,0,,,,,373902.7501,5028047.337,45.38895654,-75.61750318,9344
15--4801,2015/03/27,11:26 PM,HIGHWAY 417 btwn HWY417 IC138 RAMP26 & HWY417 IC138 RAMP61 (__3ZA20H),__3ZA20H,01 - Non intersection,03 - P.D. only,07 - SMV other,01 - Clear,07 - Dark,01 - Dry,10 - No control,,1,0,0,0,,0,,,,,353080.6141,5020333.506,45.32129136,-75.88415289,9345
15--4711,2015/03/24,12:35 PM,QUEEN ELIZABETH DRWY btwn TORRINGTON PL & TO BE DETERMINED (__3ZA9JX),__3ZA9JX,01 - Non intersection,03 - P.D. only,07 - SMV other,01 - Clear,01 - Daylight,01 - Dry,10 - No control,,1,0,0,0,,0,,,,,368086.6628,5028628.254,45.39473316,-75.69169694,9346
15--4531,2015/03/18,4:45 PM,HIGHWAY 417 btwn HWY417 IC124 RAMP55 & HWY417 IC124 RAMP65 (__3ZAZPV),__3ZAZPV,01 - Non intersection,03 - P.D. only,03 - Rear end,01 - Clear,01 - Daylight,01 - Dry,10 - No control,,2,0,0,0,,0,,,,,364475.5795,5027564.648,45.38548009,-75.73794242,9347
15--5073,2015/04/02,8:40 AM,NAVAHO DR @ WOODROFFE AVE/TRANSITWAY N BASELIN (0010359),10359,03 - At intersection,03 - P.D. only,05 - Turning movement,02 - Rain,01 - Daylight,02 - Wet,01 - Traffic signal,01 - Functioning,2,0,0,0,,0,,,,,362705.5077,5023493.337,45.34899543,-75.7610215,9348
15--4802,2015/03/27,11:35 PM,MILTON RD btwn SMITH RD & PERRAULT RD (__3ZA3M7),__3ZA3M7,01 - Non intersection,03 - P.D. only,07 - SMV other,01 - Clear,07 - Dark,01 - Dry,10 - No control,,1,0,0,0,,0,,,,,388418.231,5028925.433,45.39527428,-75.43200977,9349
15--4712,2015/03/24,12:40 PM,HAZELDEAN RD @ TERRY FOX DR (0003682),3682,02 - Intersection related,02 - Non-fatal injury,03 - Rear end,01 - Clear,01 - Daylight,01 - Dry,01 - Traffic signal,01 - Functioning,3,0,0,0,01 - Minimal,1,1,,,,352205.6833,5017241.969,45.2935326,-75.89560822,9350
15--4713,2015/03/24,2:50 PM,HUNT CLUB RD @ RIVERSIDE DR (0002237),2237,03 - At intersection,02 - Non-fatal injury,03 - Rear end,01 - Clear,01 - Daylight,01 - Dry,01 - Traffic signal,01 - Functioning,2,0,0,0,01 - Minimal,1,1,,,,368036.703,5021946.944,45.33462089,-75.69319001,9351
15--4714,2015/03/24,3:00 AM,REGIONAL ROAD 174 btwn MCTEER RD & CANAAN RD (__3ZA27S),__3ZA27S,01 - Non intersection,03 - P.D. only,07 - SMV other,01 - Clear,07 - Dark,01 - Dry,10 - No control,,1,0,0,0,,0,,,,,395629.1654,5043364.876,45.52428266,-75.33726104,9352
15--4715,2015/03/24,3:46 PM,MONTREAL RD @ VANIER PKWY (0004630),4630,02 - Intersection related,03 - P.D. only,07 - SMV other,01 - Clear,01 - Daylight,01 - Dry,01 - Traffic signal,00 - Unknown,1,0,0,0,,0,,,,,370073.4305,5033066.673,45.43448597,-75.66573658,9353
15--4716,2015/03/24,4:35 PM,LERNER WAY btwn THORIN CRT & SINCLAIR ST (__3ZA10K),__3ZA10K,01 - Non intersection,03 - P.D. only,06 - SMV unattended vehicle,01 - Clear,01 - Daylight,01 - Dry,10 - No control,,1,0,0,0,,0,,,,,375974.7619,5034599.036,45.44769749,-75.5900989,9354
15--4717,2015/03/24,4:53 PM,CARLING AVE @ RICHMOND RD (0010847),10847,03 - At intersection,02 - Non-fatal injury,05 - Turning movement,01 - Clear,01 - Daylight,01 - Dry,01 - Traffic signal,01 - Functioning,3,0,0,0,02 - Minor,2,,2,,,360244.7151,5024781.03,45.36078092,-75.79227877,9355
15--4718,2015/03/24,4:53 PM,STITTSVILLE MAIN ST @ ORVILLE ST (0000085),85,02 - Intersection related,03 - P.D. only,03 - Rear end,01 - Clear,01 - Daylight,01 - Dry,02 - Stop sign,01 - Functioning,3,0,0,0,,0,,,,,350310.6042,5013248.878,45.25772675,-75.92013405,9356
15--4719,2015/03/24,5:46 AM,HWY 417 INNES IC112R57 @ INNES RD (0012298),12298,02 - Intersection related,03 - P.D. only,03 - Rear end,01 - Clear,03 - Dawn,01 - Dry,01 - Traffic signal,01 - Functioning,2,0,0,0,,0,,,,,374299.3104,5030756.036,45.41328884,-75.6120577,9357
15--472,2015/01/08,5:50 AM,HIGHWAY 417 btwn HWY417 IC115 RAMP36 & HWY417 IC115 RAMP26 (__3ZA2R4),__3ZA2R4,01 - Non intersection,03 - P.D. only,07 - SMV other,01 - Clear,07 - Dark,06 - Ice,10 - No control,,1,0,0,0,,0,,,,,372458.4404,5031522.137,45.42036227,-75.63546925,9358
15--4720,2015/03/24,6:00 PM,KING EDWARD AVE @ ST. PATRICK ST (0002714),2714,02 - Intersection related,03 - P.D. only,04 - Sideswipe,01 - Clear,01 - Daylight,01 - Dry,01 - Traffic signal,01 - Functioning,2,0,0,0,,0,,,,,368247.7374,5032823.107,45.43246249,-75.68909987,9359
15--4721,2015/03/24,6:47 PM,EAGLESON RD @ HAZELDEAN RD/ROBERTSON RD (0002715),2715,02 - Intersection related,03 - P.D. only,03 - Rear end,01 - Clear,07 - Dark,01 - Dry,01 - Traffic signal,01 - Functioning,2,0,0,0,,0,,,,,353671.6972,5018422.05,45.3040508,-75.87680227,9360
15--4722,2015/03/24,7:14 AM,LASSITER TER btwn LOCKSLEY LANE & LOCKSLEY LANE (__3ZAZZE),__3ZAZZE,04 - At/near private drive,03 - P.D. only,02 - Angle,01 - Clear,01 - Daylight,01 - Dry,10 - No control,,2,0,0,0,,0,,,,,375340.0423,5034801.204,45.44958082,-75.59818317,9361
15--4723,2015/03/24,7:15 AM,KING EDWARD AVE @ ST. PATRICK ST (0002714),2714,02 - Intersection related,03 - P.D. only,04 - Sideswipe,01 - Clear,01 - Daylight,01 - Dry,01 - Traffic signal,01 - Functioning,2,0,0,0,,0,,,,,368249.6652,5032822.143,45.43245364,-75.68907536,9362
15--4724,2015/03/24,7:36 AM,INNES RD @ TENTH LINE RD (0004633),4633,02 - Intersection related,02 - Non-fatal injury,03 - Rear end,01 - Clear,01 - Daylight,01 - Dry,01 - Traffic signal,00 - Unknown,2,0,0,0,01 - Minimal,1,1,,,,383952.7242,5036158.115,45.46086677,-75.48787258,9363
15--4725,2015/03/24,7:50 AM,HUNT CLUB RD @ RIVERSIDE DR (0002237),2237,03 - At intersection,03 - P.D. only,05 - Turning movement,01 - Clear,01 - Daylight,01 - Dry,01 - Traffic signal,01 - Functioning,2,0,0,0,,0,,,,,368038.6307,5021945.017,45.33460337,-75.69316567,9364
15--5160,2015/04/07,5:19 PM,EAGLESON RD @ 146 N OF ABBEYHILL DR/HAZELDEAN  (0011577),11577,03 - At intersection,03 - P.D. only,05 - Turning movement,01 - Clear,01 - Daylight,01 - Dry,01 - Traffic signal,01 - Functioning,2,0,0,0,,0,,,,,353775.2192,5018172.537,45.30179842,-75.87550692,9365
15--4726,2015/03/24,7:54 PM,ELGIN ST @ WELLINGTON ST W (0002113),2113,02 - Intersection related,03 - P.D. only,04 - Sideswipe,01 - Clear,07 - Dark,01 - Dry,01 - Traffic signal,01 - Functioning,2,0,0,0,,0,,,,,367664.7038,5031877.095,45.42400324,-75.69667141,9366
15--4727,2015/03/24,7:56 PM,LYON ST @ WELLINGTON ST (0002388),2388,03 - At intersection,03 - P.D. only,05 - Turning movement,01 - Clear,07 - Dark,01 - Dry,01 - Traffic signal,01 - Functioning,2,0,0,0,,0,,,,,366935.271,5031426.526,45.42001434,-75.70604853,9367