Anom_ID,Accident_Date,Accident_Time,Location,Geo_ID,Accident_Location,Classification_of_Accident,Initial_Impact_Type,Environment_Condition,Light,Road_Surface_Condition,Traffic_Control,Traffic_Control_Condition,No__of_Vehicles,No__of_Bicycles,No__of_Motorcycles,No__of_Pedestrians,Max_Injury,No__of_Injuries,No__of_Minimal,No__of_Minor,No__of_Major,No__of_Fatal,X,Y,Latitude,Longitude,ObjectId
15--4728,2015/03/24,8:05 AM,NELSON ST @ RIDEAU ST (0007626),7626,02 - Intersection related,03 - P.D. only,03 - Rear end,01 - Clear,01 - Daylight,01 - Dry,01 - Traffic signal,01 - Functioning,2,0,0,0,,0,,,,,368650.0172,5032498.469,45.4295049,-75.68400111,9368
15--4729,2015/03/24,8:14 AM,BATEMAN DR btwn BELLMAN DR & DUNBAR CRT (__3ZABQW),__3ZABQW,01 - Non intersection,03 - P.D. only,01 - Approaching,01 - Clear,01 - Daylight,01 - Dry,10 - No control,,2,0,0,0,,0,,,,,361482.4748,5020883.461,45.32561175,-75.7769273,9369
15--473,2015/01/08,5:50 PM,MITCH OWENS RD btwn TRANQUIL GT & OLD PRESCOTT RD (__3ZA3TU),__3ZA3TU,01 - Non intersection,03 - P.D. only,99 - Other,01 - Clear,07 - Dark,03 - Loose snow,10 - No control,,2,0,0,0,,0,,,,,376903.7916,5015434.1,45.27516592,-75.58101974,9370
15--4975,2015/03/31,4:21 PM,BASELINE RD @ CLYDE AVE (0002343),2343,02 - Intersection related,03 - P.D. only,03 - Rear end,01 - Clear,01 - Daylight,01 - Dry,01 - Traffic signal,01 - Functioning,3,0,0,0,,0,,,,,364357.7394,5024889.067,45.36141567,-75.73976975,9371
15--4730,2015/03/24,8:35 PM,SOMERSET ST @ RUSSELL AVE (0008452),8452,03 - At intersection,03 - P.D. only,02 - Angle,01 - Clear,07 - Dark,01 - Dry,02 - Stop sign,01 - Functioning,2,0,0,0,,0,,,,,369256.7118,5031857.057,45.42367807,-75.67633234,9372
15--4731,2015/03/24,8:43 AM,GREENBANK RD @ IRIS ST/HWY 417 IC129 RAMP51 (0009073),9073,02 - Intersection related,03 - P.D. only,03 - Rear end,01 - Clear,01 - Daylight,01 - Dry,01 - Traffic signal,01 - Functioning,2,0,0,0,,0,,,,,360529.3952,5023312.123,45.34754116,-75.78881084,9373
15--4732,2015/03/24,9:40 AM,LAURIER AVE @ NICHOLAS ST (0010711),10711,03 - At intersection,03 - P.D. only,04 - Sideswipe,01 - Clear,01 - Daylight,01 - Dry,01 - Traffic signal,01 - Functioning,2,0,0,0,,0,,,,,368372.9082,5031798.067,45.42322817,-75.68763259,9374
15--4733,2015/03/25,1:15 PM,SMYTH RD E/LANCASTER RD @ ST. LAURENT BLVD N/R (0002256),2256,02 - Intersection related,03 - P.D. only,03 - Rear end,01 - Clear,01 - Daylight,01 - Dry,01 - Traffic signal,01 - Functioning,2,0,0,0,,0,,,,,373364.7294,5029423.105,45.40138795,-75.62418212,9375
15--4734,2015/03/25,1:37 PM,ST. LAURENT BLVD btwn DONALD ST & 125 N OF QUEEN MARY ST (__3ZA2CFA),__3ZA2CFA,01 - Non intersection,03 - P.D. only,99 - Other,01 - Clear,01 - Daylight,01 - Dry,10 - No control,,2,0,0,0,,0,,,,,372104.3153,5032444.151,45.42869229,-75.63986772,9376
15--4735,2015/03/25,1:47 PM,SAUNDERSON DR @ SMYTH RD (0007729),7729,02 - Intersection related,03 - P.D. only,03 - Rear end,01 - Clear,01 - Daylight,01 - Dry,01 - Traffic signal,01 - Functioning,3,0,0,0,,0,,,,,372791.224,5029326.427,45.40057402,-75.63152032,9377
15--4736,2015/03/25,10:20 AM,HAWTHORNE RD/RUSSELL RD @ WALKLEY RD (0002618),2618,02 - Intersection related,03 - P.D. only,03 - Rear end,01 - Clear,01 - Daylight,01 - Dry,01 - Traffic signal,01 - Functioning,2,0,0,0,,0,,,,,374672.8162,5028500.023,45.39295319,-75.60760592,9378
15--4737,2015/03/25,10:54 AM,GREENBANK RD @ CANFIELD RD/CRAIG HENRY DR (0000154),154,02 - Intersection related,03 - P.D. only,04 - Sideswipe,01 - Clear,01 - Daylight,01 - Dry,01 - Traffic signal,01 - Functioning,2,0,0,0,,0,,,,,361105.7159,5021362.083,45.32994871,-75.78167863,9379
15--4738,2015/03/25,12:06 PM,NAVAN RD @ PAGE RD (0004199),4199,03 - At intersection,03 - P.D. only,07 - SMV other,01 - Clear,01 - Daylight,01 - Dry,02 - Stop sign,01 - Functioning,1,0,0,0,,0,,,,,381659.76,5032771.032,45.43064854,-75.51771744,9380
15--4739,2015/03/25,12:12 PM,BLAIR PL @ OGILVIE RD (0004162),4162,02 - Intersection related,03 - P.D. only,03 - Rear end,01 - Clear,01 - Daylight,01 - Dry,01 - Traffic signal,01 - Functioning,2,0,0,0,,0,,,,,374799.7225,5033371.352,45.43677016,-75.60529341,9381
15--4619,2015/03/21,2:45 PM,HAWTHORNE RD @ HUNT CLUB RD (0007651),7651,02 - Intersection related,03 - P.D. only,03 - Rear end,02 - Rain,01 - Daylight,02 - Wet,01 - Traffic signal,01 - Functioning,2,0,0,0,,0,,,,,375509.6776,5026405.083,45.37401996,-75.59721919,9382
15--474,2015/01/08,5:55 AM,HIGHWAY 417 btwn HWY417 IC118 RAMP67 & HWY417 IC117 RAMP36 (__3ZA2YO),__3ZA2YO,01 - Non intersection,03 - P.D. only,03 - Rear end,01 - Clear,07 - Dark,06 - Ice,10 - No control,,4,0,0,0,,0,,,,,369949.4954,5031143.718,45.41719554,-75.66757479,9383
15--4740,2015/03/25,12:46 PM,PURDY RD btwn ASHTON STATION RD & DWYER HILL RD (__3ZACT2),__3ZACT2,01 - Non intersection,02 - Non-fatal injury,04 - Sideswipe,01 - Clear,01 - Daylight,01 - Dry,10 - No control,,2,0,0,0,01 - Minimal,1,1,,,,349033.074,4995565.597,45.09868506,-75.93797828,9384
15--4741,2015/03/25,2:45 PM,CARLING AVE @ CARLINGWOOD SC (0008881),8881,03 - At intersection,03 - P.D. only,07 - SMV other,01 - Clear,01 - Daylight,01 - Dry,01 - Traffic signal,01 - Functioning,1,0,0,1,,0,,,,,362073.0121,5025920.474,45.37088656,-75.76881137,9385
15--4742,2015/03/25,2:53 PM,MAITLAND AVE btwn DUNCAN PL & LENESTER AVE (__3ZBOCE),__3ZBOCE,01 - Non intersection,03 - P.D. only,03 - Rear end,02 - Rain,01 - Daylight,02 - Wet,10 - No control,,2,0,0,0,,0,,,,,363071.8008,5026162.877,45.37298533,-75.75603258,9386
15--4743,2015/03/25,3:00 PM,HIGHWAY 417 btwn HWY417 IC118 RAMP57 & HWY417 IC118 RAMP35 (__3ZA2YQ),__3ZA2YQ,01 - Non intersection,03 - P.D. only,04 - Sideswipe,01 - Clear,01 - Daylight,01 - Dry,10 - No control,,2,0,0,0,,0,,,,,369762.0023,5031136.339,45.41714658,-75.66997113,9387
15--4744,2015/03/25,3:10 AM,REGIONAL ROAD 174 btwn OR174 IC102 RAMP51 & REGIONAL ROAD 174 (__3ZA1I7),__3ZA1I7,01 - Non intersection,02 - Non-fatal injury,07 - SMV other,01 - Clear,07 - Dark,01 - Dry,10 - No control,,1,0,0,0,02 - Minor,2,1,1,,,381400.4125,5038128.423,45.47887846,-75.52019704,9388
15--4745,2015/03/25,3:30 PM,CRICHTON ST @ VAUGHAN ST (0011557),11557,03 - At intersection,03 - P.D. only,02 - Angle,01 - Clear,01 - Daylight,01 - Dry,02 - Stop sign,01 - Functioning,2,0,0,0,,0,,,,,369032.4146,5033532.258,45.43877152,-75.67897973,9389
15--4746,2015/03/25,3:41 PM,EAGLESON RD @ 146 N OF ABBEYHILL DR/HAZELDEAN  (0011577),11577,03 - At intersection,02 - Non-fatal injury,02 - Angle,01 - Clear,01 - Daylight,01 - Dry,01 - Traffic signal,01 - Functioning,2,0,0,0,02 - Minor,1,,1,,,353772.3276,5018172.537,45.30179862,-75.87554379,9390
15--4747,2015/03/25,4:00 PM,ASHENVALE WAY btwn EMERILLON RIDGE & RAVENSWOOD WAY (__7JQ60K),__7JQ60K,01 - Non intersection,03 - P.D. only,06 - SMV unattended vehicle,01 - Clear,01 - Daylight,01 - Dry,10 - No control,,1,0,0,0,,0,,,,,385744.023,5034970.014,45.44997214,-75.46516648,9391
15--4748,2015/03/25,4:06 PM,REGIONAL ROAD 174 btwn QUIGLEY HILL RD & REGIONAL ROAD 174 DIVIDED (__3ZA2Y5),__3ZA2Y5,01 - Non intersection,03 - P.D. only,03 - Rear end,01 - Clear,01 - Daylight,01 - Dry,10 - No control,,2,0,0,0,,0,,,,,387572.4986,5042422.596,45.51680829,-75.44053803,9392
15--4749,2015/03/25,4:23 PM,BAYSHORE DR btwn WOODRIDGE CRES S & BAYSHORE CS (__3ZAA4OB),__3ZAA4OB,01 - Non intersection,03 - P.D. only,05 - Turning movement,01 - Clear,01 - Daylight,01 - Dry,10 - No control,,2,0,0,0,,0,,,,,359198.9702,5023561.072,45.34988566,-75.80576037,9393
15--475,2015/01/08,6:07 PM,INNES RD @ STAR TOP RD/WINDMILL LANE (0008734),8734,02 - Intersection related,03 - P.D. only,03 - Rear end,02 - Rain,07 - Dark,06 - Ice,01 - Traffic signal,01 - Functioning,3,0,0,0,,0,,,,,374147.7258,5030667.042,45.41250316,-75.61400668,9394
15--4750,2015/03/25,4:30 PM,MAITLAND AVE btwn TARA DR & ERINDALE DR (__3ZA4I7),__3ZA4I7,04 - At/near private drive,03 - P.D. only,02 - Angle,01 - Clear,01 - Daylight,01 - Dry,10 - No control,,2,0,0,0,,0,,,,,363695.6795,5025213.179,45.36438792,-75.74818131,9395
15--4751,2015/03/25,4:37 PM,CARROLL SIDE RD @ PETER ROBINSON RD (0002457),2457,03 - At intersection,02 - Non-fatal injury,02 - Angle,02 - Rain,01 - Daylight,02 - Wet,02 - Stop sign,01 - Functioning,2,0,0,0,01 - Minimal,1,1,,,,334189.095,5016186.861,45.28502265,-76.12536412,9396
15--4752,2015/03/25,5:30 AM,NAVAN RD @ TENTH LINE RD (0004718),4718,02 - Intersection related,03 - P.D. only,07 - SMV other,01 - Clear,07 - Dark,01 - Dry,01 - Traffic signal,00 - Unknown,1,0,0,0,,0,,,,,385758.9208,5031855.568,45.42194954,-75.46548823,9397
15--4753,2015/03/25,6:14 AM,AVIATION PKWY @ MONTREAL RD (0008799),8799,02 - Intersection related,03 - P.D. only,02 - Angle,01 - Clear,03 - Dawn,01 - Dry,01 - Traffic signal,01 - Functioning,2,0,0,0,,0,,,,,372147.6805,5034108.101,45.44365954,-75.63908594,9398
15--4754,2015/03/25,6:17 PM,WOODROFFE AVE @ KNOXDALE RD/MEDHURST DR (0000519),519,02 - Intersection related,03 - P.D. only,03 - Rear end,99 - Other,05 - Dusk,02 - Wet,01 - Traffic signal,01 - Functioning,2,0,0,0,,0,,,,,363419.6899,5021826.005,45.33393358,-75.75210559,9399
15--4755,2015/03/25,6:47 PM,MAITLAND AVE btwn DUNCAN PL & LENESTER AVE (__3ZBOCE),__3ZBOCE,01 - Non intersection,03 - P.D. only,03 - Rear end,02 - Rain,07 - Dark,02 - Wet,10 - No control,,2,0,0,0,,0,,,,,363070.9969,5026164.484,45.37299986,-75.75604266,9400
15--4756,2015/03/25,7:21 AM,ROCKDALE RD N @ HIGHWAY 417 (0004640),4640,03 - At intersection,03 - P.D. only,02 - Angle,01 - Clear,01 - Daylight,01 - Dry,02 - Stop sign,01 - Functioning,2,0,0,0,,0,,,,,395345.3351,5022677.451,45.33820092,-75.34469767,9401
15--4757,2015/03/25,7:34 PM,RIVERSIDE DR btwn QUESNEL DR & MARILYN AVE (__3ZA37R),__3ZA37R,01 - Non intersection,03 - P.D. only,04 - Sideswipe,02 - Rain,07 - Dark,02 - Wet,10 - No control,,2,0,0,0,,0,,,,,368098.3005,5024182.321,45.35472877,-75.69211814,9402
15--4758,2015/03/25,7:52 AM,VANIER PKWY NB btwn BEECHWOOD AVE/ ST. PATRICK ST/CRICHTON ST & DESCHA (__3ZA4SV),__3ZA4SV,01 - Non intersection,03 - P.D. only,03 - Rear end,01 - Clear,01 - Daylight,01 - Dry,10 - No control,,2,0,0,0,,0,,,,,369643.3934,5033363.117,45.43719326,-75.67119328,9403
15--4759,2015/03/25,8:00 AM,MARIPOSA AVE btwn BUCHAN RD & GLENWOOD AVE (__3ZA8EF),__3ZA8EF,01 - Non intersection,03 - P.D. only,06 - SMV unattended vehicle,01 - Clear,01 - Daylight,01 - Dry,10 - No control,,1,0,0,0,,0,,,,,369266.0724,5034643.448,45.44874805,-75.67584785,9404
15--476,2015/01/08,6:10 AM,HWY417 IC142 RAMP51 btwn HIGHWAY 417 & HWY417 IC142 RAMP52 (__3ZAY5G),__3ZAY5G,01 - Non intersection,03 - P.D. only,07 - SMV other,03 - Snow,07 - Dark,03 - Loose snow,10 - No control,,1,0,0,0,,0,,,,,348699.2611,5016956.039,45.29118751,-75.94033591,9405
15--4760,2015/03/25,8:01 AM,CHARLEMAGNE BLVD @ PRINCESS LOUISE DR W/VALADE (0003731),3731,02 - Intersection related,03 - P.D. only,03 - Rear end,01 - Clear,01 - Daylight,01 - Dry,01 - Traffic signal,01 - Functioning,2,0,0,0,,0,,,,,383520.7527,5037972.13,45.47723644,-75.49310477,9406
15--4761,2015/03/25,8:08 AM,BANK ST @ HUNT CLUB RD (0002119),2119,02 - Intersection related,03 - P.D. only,03 - Rear end,01 - Clear,01 - Daylight,01 - Dry,01 - Traffic signal,01 - Functioning,2,0,0,0,,0,,,,,371608.7365,5024096.024,45.35362663,-75.64733065,9407
15--4762,2015/03/25,8:09 AM,BILLINGS BRIDGESC RAMP SB @ RIVERSIDE DR EB (0010763),10763,03 - At intersection,03 - P.D. only,02 - Angle,01 - Clear,01 - Daylight,01 - Dry,02 - Stop sign,01 - Functioning,2,0,0,0,,0,,,,,369176.777,5027787.739,45.3870711,-75.67788499,9408
15--4763,2015/03/25,8:16 PM,HUNT CLUB RD @ RIVERSIDE DR (0002237),2237,02 - Intersection related,03 - P.D. only,03 - Rear end,01 - Clear,07 - Dark,02 - Wet,01 - Traffic signal,01 - Functioning,2,0,0,0,,0,,,,,368036.703,5021945.017,45.33460355,-75.69319026,9409
15--4764,2015/03/25,8:26 AM,WALKLEY RD btwn LANCASTER RD & SHEFFIELD RD (__3ZA1UM),__3ZA1UM,01 - Non intersection,03 - P.D. only,03 - Rear end,01 - Clear,01 - Daylight,01 - Dry,10 - No control,,4,0,0,0,,0,,,,,375243.9578,5028777.65,45.39539391,-75.60027274,9410
15--4765,2015/03/25,8:48 PM,CASTLEFRANK RD @ HAZELDEAN RD (0003608),3608,03 - At intersection,03 - P.D. only,05 - Turning movement,01 - Clear,07 - Dark,01 - Dry,01 - Traffic signal,01 - Functioning,2,0,0,0,,0,,,,,352677.8781,5017678.215,45.29742603,-75.88954627,9411
15--4766,2015/03/25,9:00 AM,HWY 416 ACRES IC75R24 @ HOLLY ACRES RD (0005257),5257,02 - Intersection related,02 - Non-fatal injury,03 - Rear end,01 - Clear,01 - Daylight,01 - Dry,01 - Traffic signal,01 - Functioning,2,0,0,0,01 - Minimal,1,1,,,,358757.1565,5022871.801,45.34371771,-75.81147358,9412
15--4767,2015/03/25,9:30 AM,PETER MORAND CRES btwn ROGER GUINDON AVE & ROGER GUINDON AVE (__3ZAZAK),__3ZAZAK,01 - Non intersection,03 - P.D. only,04 - Sideswipe,01 - Clear,01 - Daylight,01 - Dry,10 - No control,,2,0,0,0,,0,,,,,372142.7924,5029605.068,45.40314379,-75.63976401,9413
15--4768,2015/03/25,9:40 PM,LYON ST @ WELLINGTON ST (0002388),2388,03 - At intersection,03 - P.D. only,04 - Sideswipe,01 - Clear,07 - Dark,01 - Dry,01 - Traffic signal,01 - Functioning,2,0,0,0,,0,,,,,366929.7796,5031430.363,45.42004935,-75.7061182,9414
15--4769,2015/03/25,9:52 PM,GREENBANK RD @ CANFIELD RD/CRAIG HENRY DR (0000154),154,03 - At intersection,03 - P.D. only,02 - Angle,01 - Clear,07 - Dark,01 - Dry,01 - Traffic signal,01 - Functioning,2,0,0,0,,0,,,,,361106.6798,5021363.047,45.32995731,-75.78166622,9415
15--477,2015/01/08,6:15 PM,HIGHWAY 417 btwn HWY417 IC155 RAMP25 & RAMP (__3ZAZN1),__3ZAZN1,01 - Non intersection,03 - P.D. only,07 - SMV other,01 - Clear,07 - Dark,02 - Wet,10 - No control,,1,0,0,0,,0,,,,,344345.5735,5015394.201,45.27739191,-75.99596252,9416
15--4770,2015/03/25,9:53 AM,WOODROFFE AVE btwn KNOXDALE RD/MEDHURST DR & NORICE ST (__3ZA3JO),__3ZA3JO,01 - Non intersection,03 - P.D. only,03 - Rear end,01 - Clear,01 - Daylight,01 - Dry,10 - No control,,2,0,0,0,,0,,,,,363291.0558,5022150.672,45.33686565,-75.75370824,9417
15--4771,2015/03/26,1:31 AM,ST. LAURENT BLVD btwn TREMBLAY RD & SHORE ST (__3ZA2GT),__3ZA2GT,01 - Non intersection,02 - Non-fatal injury,07 - SMV other,02 - Rain,07 - Dark,02 - Wet,10 - No control,,1,0,0,1,02 - Minor,1,,1,,,372650.4887,5031099.954,45.41654507,-75.6330737,9418
15--4772,2015/03/26,10:37 AM,POULIN AVE @ RICHMOND RD (0002748),2748,02 - Intersection related,02 - Non-fatal injury,03 - Rear end,01 - Clear,01 - Daylight,02 - Wet,01 - Traffic signal,01 - Functioning,3,0,0,0,02 - Minor,1,,1,,,360324.7155,5024899.068,45.36183669,-75.79124443,9419
15--4773,2015/03/26,Unknown,DEERCROFT AVE btwn HAYLOCK WAY & OAKFIELD CRES (__4VGUO0),__4VGUO0,01 - Non intersection,03 - P.D. only,06 - SMV unattended vehicle,03 - Snow,00 - Unknown,03 - Loose snow,10 - No control,,1,0,0,0,,0,,,,,364645.4254,5015389.469,45.27591453,-75.73724563,9420
15--4774,2015/03/26,Unknown,SOUTHGATE RD btwn FONTENAY CRES & ALBION RD S (__3ZA9DS),__3ZA9DS,01 - Non intersection,03 - P.D. only,06 - SMV unattended vehicle,03 - Snow,00 - Unknown,02 - Wet,10 - No control,,1,0,0,0,,0,,,,,371492.6581,5024319.624,45.35564956,-75.64878182,9421
15--4775,2015/03/26,Unknown,LAURIER AVE   W btwn METCALFE ST & ELGIN ST (__3ZA35P),__3ZA35P,01 - Non intersection,03 - P.D. only,06 - SMV unattended vehicle,01 - Clear,00 - Unknown,01 - Dry,10 - No control,,1,0,0,0,,0,,,,,367882.444,5031507.23,45.42065572,-75.69393661,9422
15--4776,2015/03/26,12:05 PM,MERIVALE RD @ 210 S OF MEADOWLANDS DR (0005419),5419,02 - Intersection related,02 - Non-fatal injury,03 - Rear end,01 - Clear,01 - Daylight,01 - Dry,01 - Traffic signal,01 - Functioning,3,0,0,0,02 - Minor,3,,3,,,364944.6443,5023530.053,45.34913735,-75.73244415,9423
15--4777,2015/03/26,12:48 PM,INNES RD @ STAR TOP RD/WINDMILL LANE (0008734),8734,03 - At intersection,02 - Non-fatal injury,05 - Turning movement,01 - Clear,01 - Daylight,01 - Dry,01 - Traffic signal,01 - Functioning,2,0,0,0,02 - Minor,2,1,1,,,374147.7258,5030665.479,45.4124891,-75.6140069,9424
15--4778,2015/03/26,2:04 PM,BELFAST RD btwn TRAINYARDS DR & ST. LAURENT BLVD (__3ZA79Z),__3ZA79Z,04 - At/near private drive,03 - P.D. only,05 - Turning movement,01 - Clear,01 - Daylight,01 - Dry,10 - No control,,2,0,0,0,,0,,,,,372337.0383,5030668.562,45.41269393,-75.63713731,9425
15--4779,2015/03/26,2:15 PM,ALTI PL btwn MOODIE DR & END (__3ZAZR7),__3ZAZR7,01 - Non intersection,02 - Non-fatal injury,07 - SMV other,01 - Clear,01 - Daylight,01 - Dry,10 - No control,,1,0,0,0,02 - Minor,1,,1,,,359217.8838,5014910.84,45.27204877,-75.80646898,9426
15--478,2015/01/08,6:20 AM,HWY417 IC112 RAMP65 btwn HIGHWAY 417 & INNES RD (__3ZAY6V),__3ZAY6V,01 - Non intersection,03 - P.D. only,07 - SMV other,01 - Clear,07 - Dark,06 - Ice,10 - No control,,1,0,0,0,,0,,,,,374323.1771,5030892.553,45.41451478,-75.61173355,9427
15--4780,2015/03/26,2:45 PM,HWY417 IC127 RAMP63 btwn HIGHWAY 417 & WOODROFFE AVE (__3ZAY81),__3ZAY81,01 - Non intersection,03 - P.D. only,03 - Rear end,01 - Clear,01 - Daylight,01 - Dry,10 - No control,,2,0,0,0,,0,,,,,362025.8277,5024800.303,45.36081121,-75.76954345,9428
15--4781,2015/03/26,2:49 PM,ROGER STEVENS DR btwn MALAKOFF RD & MCCORDICK RD (__3ZA4KW),__3ZA4KW,01 - Non intersection,03 - P.D. only,07 - SMV other,02 - Rain,01 - Daylight,02 - Wet,10 - No control,,1,0,0,0,,0,,,,,362307.6181,4996198.172,45.10342267,-75.76925259,9429
15--4782,2015/03/26,3:09 PM,MERIVALE RD btwn VIEWMOUNT DR & COLONNADE RD (__3ZA33F),__3ZA33F,01 - Non intersection,03 - P.D. only,04 - Sideswipe,01 - Clear,01 - Daylight,01 - Dry,10 - No control,,2,0,0,0,,0,,,,,365204.3879,5022928.378,45.34370124,-75.72920313,9430
15--4783,2015/03/26,3:09 PM,MANCINI WAY btwn SILVERSTONE WAY & SILVERSTONE WAY (__8176OA),__8176OA,04 - At/near private drive,03 - P.D. only,06 - SMV unattended vehicle,01 - Clear,01 - Daylight,01 - Dry,10 - No control,,1,0,0,0,,0,,,,,364754.258,5014957.406,45.27201756,-75.73591082,9431
15--4784,2015/03/26,4:21 PM,CARINA CRES E @ HALF MOON BAY (0014319),14319,03 - At intersection,03 - P.D. only,02 - Angle,01 - Clear,01 - Daylight,05 - Packed snow,02 - Stop sign,01 - Functioning,2,0,0,0,,0,,,,,364758.9321,5013246.344,45.25662101,-75.73605779,9432
15--4785,2015/03/26,4:24 PM,FRANK ST @ O'CONNOR ST (0007268),7268,03 - At intersection,02 - Non-fatal injury,02 - Angle,01 - Clear,01 - Daylight,01 - Dry,02 - Stop sign,01 - Functioning,2,0,0,0,02 - Minor,1,,1,,,368052.6706,5030697.092,45.413351,-75.69186567,9433
15--4786,2015/03/26,4:48 PM,BANK ST btwn ALTA VISTA DR & WALKLEY RD (__3ZA4TX),__3ZA4TX,01 - Non intersection,03 - P.D. only,03 - Rear end,01 - Clear,01 - Daylight,01 - Dry,10 - No control,,2,0,0,0,,0,,,,,370273.2737,5026136.169,45.37210919,-75.66410282,9434
15--4787,2015/03/26,5:28 PM,BASELINE RD @ GREENBANK RD (0002357),2357,03 - At intersection,03 - P.D. only,03 - Rear end,01 - Clear,01 - Daylight,01 - Dry,01 - Traffic signal,01 - Functioning,2,0,0,0,,0,,,,,360595.7566,5022584.982,45.34099308,-75.78804606,9435
15--4788,2015/03/26,5:58 PM,MAIN ST btwn HERRIDGE ST & CLEGG ST (__3ZA3B6),__3ZA3B6,01 - Non intersection,03 - P.D. only,04 - Sideswipe,01 - Clear,01 - Daylight,01 - Dry,10 - No control,,2,0,0,0,,0,,,,,369265.2779,5029939.249,45.40642154,-75.67647375,9436
15--4789,2015/03/26,6:15 PM,RUSSELL RD btwn RUSSELL RD & CARLSBAD LANE (__3ZA3X2),__3ZA3X2,01 - Non intersection,03 - P.D. only,07 - SMV other,01 - Clear,05 - Dusk,01 - Dry,10 - No control,,1,0,0,0,,0,,,,,386682.5774,5025969.145,45.36888131,-75.45466449,9437
15--479,2015/01/08,6:20 AM,HIGHWAY 417 btwn HWY417 IC126 RAMP25 & HWY417 IC124 RAMP57 (__3ZA2R5),__3ZA2R5,01 - Non intersection,03 - P.D. only,07 - SMV other,01 - Clear,07 - Dark,06 - Ice,10 - No control,,1,0,0,0,,0,,,,,363664.8003,5026497.575,45.37594734,-75.7484224,9438
15--4790,2015/03/26,6:40 AM,JEANNE D'ARC BLVD @ ORLEANS BLVD S (0004154),4154,03 - At intersection,03 - P.D. only,05 - Turning movement,01 - Clear,03 - Dawn,02 - Wet,01 - Traffic signal,01 - Functioning,2,0,0,0,,0,,,,,380941.7877,5036256.566,45.46208719,-75.52635253,9439
15--4791,2015/03/26,7:26 PM,MONTREAL RD btwn CARSON'S RD/CODD'S RD & DEN HAAG DR/LANG'S RD (__3ZA2DU),__3ZA2DU,01 - Non intersection,03 - P.D. only,07 - SMV other,01 - Clear,07 - Dark,01 - Dry,10 - No control,,1,0,0,0,,0,,,,,372479.2481,5034268.331,45.44506918,-75.63482592,9440
15--4792,2015/03/26,7:36 AM,LAUNAY AVE btwn VARENNES BLVD & TEMPO ST (__3ZA18I),__3ZA18I,01 - Non intersection,03 - P.D. only,06 - SMV unattended vehicle,01 - Clear,01 - Daylight,01 - Dry,10 - No control,,1,0,0,0,,0,,,,,384994.7589,5038385.708,45.48078967,-75.47418666,9441
15--4793,2015/03/26,9:26 PM,HAZELDEAN RD btwn IRWIN GT & EAGLESON RD (__3ZA41Q),__3ZA41Q,01 - Non intersection,02 - Non-fatal injury,07 - SMV other,01 - Clear,07 - Dark,01 - Dry,10 - No control,,1,0,0,0,02 - Minor,1,,1,,,353504.9502,5018321.809,45.30316039,-75.8789383,9442
15--4794,2015/03/26,9:30 PM,MERIVALE RD @ WEST HUNT CLUB RD (0000584),584,02 - Intersection related,03 - P.D. only,03 - Rear end,01 - Clear,07 - Dark,01 - Dry,01 - Traffic signal,01 - Functioning,2,0,0,0,,0,,,,,365613.6591,5021942.98,45.3347994,-75.72410217,9443
15--4532,2015/03/18,4:50 PM,COLONNADE RD @ MERIVALE RD (0004569),4569,02 - Intersection related,03 - P.D. only,03 - Rear end,01 - Clear,01 - Daylight,01 - Dry,01 - Traffic signal,01 - Functioning,2,0,0,0,,0,,,,,365363.695,5022544.014,45.34022905,-75.72721752,9444
15--4803,2015/03/27,Unknown,QUEEN ST btwn BANK ST & O'CONNOR ST (__3ZA2FQ),__3ZA2FQ,01 - Non intersection,03 - P.D. only,06 - SMV unattended vehicle,01 - Clear,00 - Unknown,01 - Dry,10 - No control,,1,0,0,0,,0,,,,,367409.1144,5031532.557,45.42092612,-75.69998097,9445
15--5074,2015/04/02,8:43 AM,INDUSTRIAL AVE @ RIVERSIDE DR (0011905),11905,02 - Intersection related,03 - P.D. only,04 - Sideswipe,03 - Snow,01 - Daylight,02 - Wet,01 - Traffic signal,01 - Functioning,2,0,0,0,,0,,,,,370686.6463,5030592.071,45.41216302,-75.65823086,9446
15--4804,2015/03/27,12:24 PM,CATHERINE ST @ KENT ST (0002707),2707,03 - At intersection,03 - P.D. only,05 - Turning movement,02 - Rain,01 - Daylight,02 - Wet,01 - Traffic signal,01 - Functioning,2,0,0,0,,0,,,,,367907.6625,5030188.497,45.40878791,-75.69378327,9447
15--4533,2015/03/18,5:21 PM,MANOTICK MAIN ST btwn HIGHCROFT DR & MAPLE AVE (__3ZA387),__3ZA387,04 - At/near private drive,03 - P.D. only,04 - Sideswipe,01 - Clear,05 - Dusk,01 - Dry,10 - No control,,2,0,0,0,,0,,,,,368688.2294,5009939.717,45.22652238,-75.68642394,9448
15--5161,2015/04/07,5:22 PM,HERON RD @ KALADAR AVE (0006960),6960,03 - At intersection,03 - P.D. only,05 - Turning movement,01 - Clear,01 - Daylight,01 - Dry,01 - Traffic signal,01 - Functioning,2,0,0,0,,0,,,,,369686.6873,5026804.056,45.37817319,-75.67150322,9449
15--5075,2015/04/02,8:51 AM,HAWTHORNE RD btwn HAWTHORNE RD & WHYTE SIDE RD (__3ZA2PE),__3ZA2PE,01 - Non intersection,03 - P.D. only,03 - Rear end,04 - Freezing Rain,01 - Daylight,06 - Ice,10 - No control,,2,0,0,0,,0,,,,,375697.6294,5025938.577,45.36980358,-75.59488679,9450