Anom_ID,Accident_Date,Accident_Time,Location,Geo_ID,Accident_Location,Classification_of_Accident,Initial_Impact_Type,Environment_Condition,Light,Road_Surface_Condition,Traffic_Control,Traffic_Control_Condition,No__of_Vehicles,No__of_Bicycles,No__of_Motorcycles,No__of_Pedestrians,Max_Injury,No__of_Injuries,No__of_Minimal,No__of_Minor,No__of_Major,No__of_Fatal,X,Y,Latitude,Longitude,ObjectId
15--4976,2015/03/31,4:58 PM,MONTREAL RD @ OGILVIE RD (0009279),9279,02 - Intersection related,03 - P.D. only,02 - Angle,01 - Clear,01 - Daylight,01 - Dry,01 - Traffic signal,00 - Unknown,2,0,0,0,,0,,,,,375653.7711,5034557.068,45.4473525,-75.59420798,9451
15--4805,2015/03/27,12:43 PM,KENT ST @ QUEEN ST (0003137),3137,02 - Intersection related,03 - P.D. only,04 - Sideswipe,01 - Clear,01 - Daylight,02 - Wet,01 - Traffic signal,01 - Functioning,2,0,0,0,,0,,,,,367177.7667,5031387.062,45.41963767,-75.70295526,9452
15--4534,2015/03/18,6:30 AM,PRINCETON AVE btwn EDISON AVE & CHURCHILL AVE N (__3ZA09I),__3ZA09I,01 - Non intersection,03 - P.D. only,06 - SMV unattended vehicle,01 - Clear,03 - Dawn,01 - Dry,10 - No control,,1,0,0,0,,0,,,,,363424.2721,5027733.094,45.38708452,-75.75134646,9453
15--5076,2015/04/02,9:00 AM,PRINCE OF WALES DR btwn TURN LANE & RIDEAU SHORE CRT (__3ZA2Y3),__3ZA2Y3,04 - At/near private drive,03 - P.D. only,05 - Turning movement,02 - Rain,01 - Daylight,02 - Wet,10 - No control,,2,0,0,0,,0,,,,,367186.5288,5023744.969,45.35087528,-75.70380921,9454
15--462,2015/01/08,4:45 PM,CARIBOU AVE btwn EVELYN ST & CARLETON CATHCART ST (__3ZA1P2),__3ZA1P2,01 - Non intersection,03 - P.D. only,07 - SMV other,03 - Snow,05 - Dusk,03 - Loose snow,10 - No control,,1,0,0,0,,0,,,,,351011.7376,5013339.056,45.2584925,-75.91119275,9455
15--4806,2015/03/27,2:40 PM,WEST HUNT CLUB RD @ CLEOPATRA DR/LANCELOT DR (0000114),114,02 - Intersection related,03 - P.D. only,03 - Rear end,01 - Clear,01 - Daylight,01 - Dry,01 - Traffic signal,01 - Functioning,2,0,0,0,,0,,,,,365236.6639,5021732.012,45.33293371,-75.72893743,9456
15--4535,2015/03/18,7:00 AM,GOLDEN AVE btwn BYRON AVE & RAVENHILL AVE (__3ZA09E),__3ZA09E,01 - Non intersection,03 - P.D. only,06 - SMV unattended vehicle,01 - Clear,01 - Daylight,01 - Dry,10 - No control,,1,0,0,0,,0,,,,,362886.8748,5027973.574,45.3892931,-75.75818033,9457
15--5077,2015/04/02,9:35 AM,GREENBANK RD @ CANFIELD RD/CRAIG HENRY DR (0000154),154,02 - Intersection related,02 - Non-fatal injury,03 - Rear end,02 - Rain,01 - Daylight,02 - Wet,01 - Traffic signal,01 - Functioning,2,0,0,0,01 - Minimal,1,1,,,,361105.7159,5021364.01,45.32996605,-75.78167841,9458
15--4620,2015/03/21,3:00 AM,HIGHWAY 417 btwn HWY417 IC121A RAMP16 & HWY417 IC121A RAMP61 (__3ZA2YY),__3ZA2YY,01 - Non intersection,03 - P.D. only,03 - Rear end,01 - Clear,07 - Dark,01 - Dry,10 - No control,,2,0,0,0,,0,,,,,367261.2756,5029758.212,45.40497432,-75.70209473,9459
15--4977,2015/03/31,5:45 PM,BANK ST btwn THIRD AVE & FOURTH AVE (__3ZA3OZ),__3ZA3OZ,01 - Non intersection,03 - P.D. only,04 - Sideswipe,01 - Clear,01 - Daylight,01 - Dry,10 - No control,,2,0,0,0,,0,,,,,368361.5166,5029497.85,45.40253262,-75.68807478,9460
15--4807,2015/03/27,3:00 PM,CASTLEFRANK RD btwn TO BE DETERMINED & WINCHESTER DR (__3ZAB2H),__3ZAB2H,04 - At/near private drive,03 - P.D. only,03 - Rear end,01 - Clear,01 - Daylight,01 - Dry,10 - No control,,2,0,0,0,,0,,,,,352796.5109,5017481.713,45.29564977,-75.88805278,9461
15--4536,2015/03/18,7:24 AM,MACKENZIE AVE @ RIDEAU ST (0002136),2136,03 - At intersection,03 - P.D. only,02 - Angle,01 - Clear,01 - Daylight,01 - Dry,01 - Traffic signal,01 - Functioning,2,0,0,0,,0,,,,,367870.6631,5032010.062,45.4251811,-75.69402275,9462
15--5078,2015/04/03,1:02 AM,LEITRIM RD btwn HIGH RD & ALBION RD (__4B2G24),__4B2G24,01 - Non intersection,02 - Non-fatal injury,07 - SMV other,02 - Rain,07 - Dark,02 - Wet,10 - No control,,1,0,0,0,03 - Major,3,,2,1,,372538.8427,5019830.49,45.31515752,-75.63604502,9463
15--5079,2015/04/03,10:09 PM,WEST HUNT CLUB RD btwn MOODIE DR & HWY416 IC72 RAMP53 (__3ZA4YJ),__3ZA4YJ,01 - Non intersection,03 - P.D. only,01 - Approaching,02 - Rain,07 - Dark,02 - Wet,10 - No control,,2,0,0,0,,0,,,,,357937.5312,5018512.432,45.30455432,-75.82239957,9464
15--508,2015/01/08,7:40 AM,HIGHWAY 417 btwn HWY417 IC119B RAMP76 & HWY417 IC119A RAMP67 (__3ZA2YT),__3ZA2YT,01 - Non intersection,03 - P.D. only,04 - Sideswipe,01 - Clear,03 - Dawn,06 - Ice,10 - No control,,2,0,0,0,,0,,,,,368406.6153,5030432.607,45.41093917,-75.68737816,9465
15--5080,2015/04/03,10:13 PM,BANK ST @ WILTON CRES (0007712),7712,03 - At intersection,03 - P.D. only,05 - Turning movement,02 - Rain,07 - Dark,02 - Wet,02 - Stop sign,01 - Functioning,2,0,0,0,,0,,,,,368578.6741,5028967.992,45.39774538,-75.68536964,9466
15--5081,2015/04/03,10:34 PM,HERON RD @ BAYCREST DR (0007191),7191,03 - At intersection,03 - P.D. only,05 - Turning movement,02 - Rain,07 - Dark,02 - Wet,01 - Traffic signal,01 - Functioning,2,0,0,0,,0,,,,,371142.7654,5026978.099,45.3796028,-75.65289012,9467
15--5082,2015/04/03,11:23 AM,KEYROCK DR @ LAUGHLIN CIRC/OTTENBRITE CRES (0012708),12708,03 - At intersection,02 - Non-fatal injury,07 - SMV other,01 - Clear,01 - Daylight,01 - Dry,02 - Stop sign,01 - Functioning,1,0,0,1,02 - Minor,1,,1,,,349147.6611,5020284.789,45.32111246,-75.93432177,9468
15--5083,2015/04/03,11:26 AM,AHEARN AVE btwn RITCHIE ST & CROFT ST (__3ZBNG8),__3ZBNG8,04 - At/near private drive,03 - P.D. only,06 - SMV unattended vehicle,02 - Rain,01 - Daylight,02 - Wet,10 - No control,,1,0,0,0,,0,,,,,359503.1362,5024689.719,45.36001756,-75.80175401,9469
15--5084,2015/04/03,Unknown,CHAMPAGNE AVE   S btwn BEECH ST & HICKORY ST (__3ZA024),__3ZA024,01 - Non intersection,03 - P.D. only,06 - SMV unattended vehicle,01 - Clear,00 - Unknown,01 - Dry,10 - No control,,1,0,0,0,,0,,,,,366509.9042,5029085.158,45.398985,-75.71177635,9470
15--5085,2015/04/03,12:14 PM,REGIONAL ROAD 174 btwn OR174 IC105 RAMP51 & OR174 IC105 RAMP35 (__3ZA2XC),__3ZA2XC,01 - Non intersection,03 - P.D. only,07 - SMV other,01 - Clear,01 - Daylight,01 - Dry,10 - No control,,1,0,0,0,,0,,,,,379321.1617,5036952.354,45.46852212,-75.54696755,9471
15--5086,2015/04/03,12:34 PM,ISABELLA ST/HWY417 IC119AR75 @ METCALFE ST (0011380),11380,03 - At intersection,02 - Non-fatal injury,05 - Turning movement,01 - Clear,01 - Daylight,01 - Dry,01 - Traffic signal,01 - Functioning,2,0,0,0,01 - Minimal,2,2,,,,368448.9135,5030399.729,45.4106395,-75.68684207,9472
15--5087,2015/04/03,2:09 AM,STRANDHERD DR @ WOODROFFE AVE (0009688),9688,02 - Intersection related,03 - P.D. only,07 - SMV other,02 - Rain,07 - Dark,02 - Wet,01 - Traffic signal,01 - Functioning,1,0,0,0,,0,,,,,366106.154,5015395.631,45.27584413,-75.71862901,9473
15--5088,2015/04/03,2:16 AM,DUNNING RD btwn RUSSELL RD & DEVINE RD (__3ZA5F1),__3ZA5F1,01 - Non intersection,03 - P.D. only,07 - SMV other,"07 - Fog, mist, smoke, dust",07 - Dark,02 - Wet,10 - No control,,1,0,0,0,,0,,,,,396400.5401,5027479.658,45.38126835,-75.33034676,9474
15--5089,2015/04/03,2:45 PM,DALHOUSIE ST @ YORK ST (0008500),8500,02 - Intersection related,03 - P.D. only,04 - Sideswipe,01 - Clear,01 - Daylight,01 - Dry,01 - Traffic signal,00 - Unknown,2,0,0,0,,0,,,,,368092.7432,5032421.035,45.42885883,-75.69113227,9475
15--509,2015/01/08,7:40 PM,MONTREAL RD @ VANIER PKWY (0004630),4630,02 - Intersection related,03 - P.D. only,03 - Rear end,03 - Snow,07 - Dark,03 - Loose snow,01 - Traffic signal,01 - Functioning,2,0,0,0,,0,,,,,370072.7098,5033064.146,45.4344633,-75.66574613,9476
15--5090,2015/04/03,3:13 PM,CATHERINE ST @ KENT ST (0002707),2707,03 - At intersection,03 - P.D. only,05 - Turning movement,01 - Clear,01 - Daylight,01 - Dry,01 - Traffic signal,01 - Functioning,2,0,0,0,,0,,,,,367908.6714,5030187.119,45.40877542,-75.69377056,9477
15--5162,2015/04/07,5:24 PM,BASELINE RD @ 207 E OF CLYDE AVE (0008213),8213,03 - At intersection,03 - P.D. only,03 - Rear end,01 - Clear,01 - Daylight,01 - Dry,01 - Traffic signal,01 - Functioning,2,0,0,0,,0,,,,,364536.4446,5025002.421,45.36242041,-75.73747515,9478
15--5091,2015/04/03,4:00 PM,SURREY AVE btwn BANK ST & BANFF AVE (__3ZA0SU),__3ZA0SU,01 - Non intersection,03 - P.D. only,06 - SMV unattended vehicle,01 - Clear,01 - Daylight,01 - Dry,10 - No control,,1,0,0,0,,0,,,,,370420.607,5025828.755,45.3693294,-75.66226285,9479
15--5092,2015/04/03,4:12 PM,O'CONNOR ST btwn FOURTH AVE & FIFTH AVE (__3ZA93P),__3ZA93P,04 - At/near private drive,03 - P.D. only,05 - Turning movement,01 - Clear,01 - Daylight,01 - Dry,10 - No control,,2,0,0,0,,0,,,,,368701.4042,5029618.552,45.40358772,-75.68371791,9480
15--5093,2015/04/03,6:16 PM,BLAIR RD @ OGILVIE RD (0004120),4120,03 - At intersection,03 - P.D. only,02 - Angle,01 - Clear,01 - Daylight,01 - Dry,01 - Traffic signal,01 - Functioning,2,0,0,0,,0,,,,,374507.7237,5033199.057,45.43524911,-75.60904956,9481
15--5094,2015/04/03,8:09 PM,BORRISOKANE RD btwn CAMBRIAN RD & STRANDHERD DR (__3ZA1CC),__3ZA1CC,01 - Non intersection,02 - Non-fatal injury,07 - SMV other,01 - Clear,07 - Dark,01 - Dry,10 - No control,,1,0,0,0,01 - Minimal,2,2,,,,362909.6033,5011981.679,45.24539662,-75.75976609,9482
15--5095,2015/04/03,8:35 AM,CAHILL DR @ VERDON PRIV (0007040),7040,03 - At intersection,02 - Non-fatal injury,07 - SMV other,01 - Clear,01 - Daylight,01 - Dry,02 - Stop sign,01 - Functioning,1,0,0,2,01 - Minimal,1,1,,,,372013.729,5024844.299,45.36032064,-75.64206064,9483
15--5096,2015/04/03,8:47 PM,TERRY FOX DR btwn HUNTSVILLE DR & OLD SECOND LINE RD (__8IAYIU),__8IAYIU,01 - Non intersection,03 - P.D. only,07 - SMV other,02 - Rain,07 - Dark,02 - Wet,10 - No control,,1,0,0,0,,0,,,,,348412.564,5022090.798,45.33740949,-75.94353878,9484
15--5097,2015/04/03,8:55 AM,CUMBERLAND ST @ RIDEAU ST (0007759),7759,03 - At intersection,03 - P.D. only,02 - Angle,01 - Clear,01 - Daylight,01 - Dry,01 - Traffic signal,01 - Functioning,2,0,0,0,,0,,,,,368375.4749,5032331.42,45.42802686,-75.68753095,9485
15--5098,2015/04/04,10:27 PM,HAWTHORNE RD/RUSSELL RD @ WALKLEY RD (0002618),2618,02 - Intersection related,02 - Non-fatal injury,03 - Rear end,01 - Clear,07 - Dark,01 - Dry,01 - Traffic signal,01 - Functioning,2,0,0,0,01 - Minimal,1,1,,,,374676.6716,5028499.059,45.39294413,-75.60755683,9486
15--5099,2015/04/04,10:42 PM,TENTH LINE RD @ CHARLEMAGNE BLVD S/DES EPINETT (0003686),3686,02 - Intersection related,02 - Non-fatal injury,03 - Rear end,01 - Clear,07 - Dark,01 - Dry,01 - Traffic signal,01 - Functioning,2,0,0,0,02 - Minor,1,,1,,,383640.9751,5036900.456,45.46758093,-75.49173924,9487
15--51,2015/01/02,7:19 AM,JEANNE D'ARC BLVD @ OR174 IC105 RAMP53 (0004156),4156,02 - Intersection related,03 - P.D. only,99 - Other,01 - Clear,03 - Dawn,01 - Dry,03 - Yield sign,01 - Functioning,2,0,0,0,,0,,,,,379544.7995,5036795.369,45.46708579,-75.54413178,9488
15--510,2015/01/08,7:42 AM,CARLING AVE @ ISLAND PARK DR (0010785),10785,02 - Intersection related,03 - P.D. only,03 - Rear end,03 - Snow,03 - Dawn,03 - Loose snow,01 - Traffic signal,01 - Functioning,2,0,0,0,,0,,,,,365348.265,5027998.547,45.38930933,-75.72674601,9489
15--5100,2015/04/04,11:00 AM,BARSONA PL btwn LEBLANC DR & PASCAL PL (__3ZA56D),__3ZA56D,01 - Non intersection,03 - P.D. only,06 - SMV unattended vehicle,01 - Clear,01 - Daylight,01 - Dry,10 - No control,,1,0,0,0,,0,,,,,381484.4377,5037022.233,45.46891667,-75.51929508,9490
15--5101,2015/04/04,11:20 AM,MEADOWLANDS DR @ MERIVALE RD (0000625),625,03 - At intersection,03 - P.D. only,02 - Angle,01 - Clear,01 - Daylight,01 - Dry,01 - Traffic signal,01 - Functioning,2,0,0,0,,0,,,,,364859.6638,5023725.992,45.35090767,-75.73350477,9491
15--5102,2015/04/04,11:40 PM,CARLING AVE @ MERIVALE RD (0002148),2148,03 - At intersection,03 - P.D. only,02 - Angle,01 - Clear,07 - Dark,01 - Dry,01 - Traffic signal,01 - Functioning,2,0,0,0,,0,,,,,364894.7038,5027699.098,45.38665402,-75.73257431,9492
15--5103,2015/04/04,12:02 AM,MAITLAND AVE/GLENMOUNT AVE @ ERINDALE DR (0002724),2724,03 - At intersection,02 - Non-fatal injury,02 - Angle,02 - Rain,07 - Dark,02 - Wet,01 - Traffic signal,01 - Functioning,2,1,0,0,03 - Major,1,,,1,,363697.5859,5025211.811,45.36437545,-75.74815714,9493
15--5104,2015/04/04,12:46 PM,BRONSON AVE btwn ARLINGTON AVE & RAYMOND ST (__3ZA3B3),__3ZA3B3,01 - Non intersection,03 - P.D. only,03 - Rear end,01 - Clear,01 - Daylight,01 - Dry,10 - No control,,3,0,0,0,,0,,,,,367237.1917,5029830.78,45.40562941,-75.70239317,9494
15--5105,2015/04/04,12:49 PM,LYON ST    N btwn GLOUCESTER ST & NEPEAN ST (__3ZA3CN),__3ZA3CN,01 - Non intersection,03 - P.D. only,06 - SMV unattended vehicle,01 - Clear,01 - Daylight,02 - Wet,10 - No control,,1,0,0,0,,0,,,,,367202.5951,5030987.689,45.41604202,-75.70268862,9495
15--5106,2015/04/04,3:11 PM,ALBERT ST @ ELGIN ST/MACKENZIE KING BRIDGE (0002226),2226,03 - At intersection,03 - P.D. only,07 - SMV other,01 - Clear,01 - Daylight,01 - Dry,01 - Traffic signal,01 - Functioning,1,0,0,0,,0,,,,,367850.0302,5031711.266,45.42249449,-75.69432464,9496
15--5107,2015/04/04,4:06 PM,RIOCAN AVE @ STRANDHERD DR (0010997),10997,03 - At intersection,03 - P.D. only,05 - Turning movement,01 - Clear,01 - Daylight,01 - Dry,01 - Traffic signal,01 - Functioning,2,0,0,0,,0,,,,,364172.2088,5014943.127,45.27193846,-75.74332982,9497
15--5108,2015/04/04,5:38 PM,AVIATION PKWY @ MONTREAL RD (0008799),8799,02 - Intersection related,03 - P.D. only,04 - Sideswipe,01 - Clear,01 - Daylight,01 - Dry,01 - Traffic signal,01 - Functioning,2,0,0,0,,0,,,,,372146.9683,5034109.517,45.44367234,-75.63909485,9498
15--5109,2015/04/04,5:40 PM,DALY AVE @ NICHOLAS ST (0011451),11451,02 - Intersection related,03 - P.D. only,04 - Sideswipe,01 - Clear,01 - Daylight,01 - Dry,01 - Traffic signal,01 - Functioning,2,0,0,0,,0,,,,,368226.9803,5032046.213,45.42547415,-75.68946519,9499
15--511,2015/01/08,7:43 AM,FRANK ST @ METCALFE ST (0007271),7271,03 - At intersection,03 - P.D. only,05 - Turning movement,03 - Snow,03 - Dawn,04 - Slush,02 - Stop sign,00 - Unknown,2,0,0,0,,0,,,,,368202.7428,5030792.127,45.41419251,-75.68993627,9500
15--5110,2015/04/04,6:20 PM,GREENBANK RD @ IRIS ST/HWY 417 IC129 RAMP51 (0009073),9073,02 - Intersection related,03 - P.D. only,03 - Rear end,01 - Clear,01 - Daylight,01 - Dry,01 - Traffic signal,01 - Functioning,2,0,0,0,,0,,,,,360530.3451,5023312.976,45.34754876,-75.78879863,9501
15--5111,2015/04/04,6:26 PM,CHURCHILL AVE   N btwn WHITBY AVE & MADISON AVE (__3ZA4O1),__3ZA4O1,01 - Non intersection,03 - P.D. only,05 - Turning movement,01 - Clear,05 - Dusk,01 - Dry,10 - No control,,2,0,0,0,,0,,,,,363166.6128,5028428.386,45.39336217,-75.75455434,9502
15--5112,2015/04/04,7:21 AM,PRINCE OF WALES DR btwn CENTURY RD W & SECOND LINE RD S (__3ZA4KV),__3ZA4KV,01 - Non intersection,03 - P.D. only,07 - SMV other,03 - Snow,01 - Daylight,03 - Loose snow,10 - No control,,1,0,0,0,,0,,,,,365829.1591,5006563.623,45.19639761,-75.72324259,9503
15--5113,2015/04/04,7:25 PM,BASELINE RD/HWY 416 RICHMOND IC75R53 @ RICHMON (0000148),148,02 - Intersection related,02 - Non-fatal injury,03 - Rear end,01 - Clear,01 - Daylight,01 - Dry,01 - Traffic signal,01 - Functioning,2,0,0,0,01 - Minimal,1,1,,,,358635.8246,5021822.205,45.33428273,-75.81313594,9504
15--5114,2015/04/04,7:54 PM,MONTREAL RD @ NORTH RIVER RD (0009805),9805,03 - At intersection,02 - Non-fatal injury,05 - Turning movement,01 - Clear,05 - Dusk,01 - Dry,01 - Traffic signal,01 - Functioning,2,0,0,0,01 - Minimal,1,1,,,,369740.6256,5032888.831,45.4329168,-75.67001319,9505
15--5115,2015/04/04,9:15 PM,PRINCE OF WALES DR @ MEADOWLANDS DR/HOG'S BACK (0001629),1629,03 - At intersection,03 - P.D. only,05 - Turning movement,01 - Clear,07 - Dark,01 - Dry,01 - Traffic signal,01 - Functioning,2,0,0,0,,0,,,,,367372.8828,5025692.995,45.36838659,-75.70118454,9506
15--5116,2015/04/04,9:57 AM,ANDERSON RD @ DOLMAN RIDGE RD (0004147),4147,02 - Intersection related,02 - Non-fatal injury,07 - SMV other,01 - Clear,01 - Daylight,06 - Ice,02 - Stop sign,00 - Unknown,1,0,0,0,02 - Minor,1,,1,,,378312.2565,5030275.81,45.40855803,-75.56086555,9507
15--5117,2015/04/05,1:22 AM,LIMEBANK RD/RIVERSIDE DR @ RIVER RD (0013336),13336,03 - At intersection,02 - Non-fatal injury,07 - SMV other,01 - Clear,07 - Dark,01 - Dry,01 - Traffic signal,00 - Unknown,1,0,0,0,02 - Minor,2,,2,,,368406.102,5020478.809,45.32137751,-75.6886661,9508
15--5118,2015/04/05,1:38 AM,HIGHWAY 7 btwn ASHTON STATION RD & OVERPASS RD (__3ZA2QE),__3ZA2QE,01 - Non intersection,03 - P.D. only,07 - SMV other,01 - Clear,07 - Dark,01 - Dry,10 - No control,,1,0,0,0,,0,,,,,340019.7926,5003808.662,45.17336836,-76.05191577,9509
15--5119,2015/04/05,1:59 PM,MCLEOD ST @ O'CONNOR ST (0007282),7282,03 - At intersection,03 - P.D. only,02 - Angle,01 - Clear,01 - Daylight,01 - Dry,01 - Traffic signal,01 - Functioning,2,0,0,0,,0,,,,,368117.1734,5030593.6,45.41241398,-75.69105494,9510
15--512,2015/01/08,7:45 AM,HAWTHORNE RD @ HUNT CLUB RD (0007651),7651,02 - Intersection related,03 - P.D. only,03 - Rear end,03 - Snow,03 - Dawn,05 - Packed snow,01 - Traffic signal,01 - Functioning,2,0,0,0,,0,,,,,375507.7499,5026405.083,45.37402016,-75.5972438,9511
15--5120,2015/04/05,10:36 PM,BRONSON AVE btwn BRONSON AVE SB ON RAMP 43 & SUNNYSIDE AVE/UNIVERSITY  (__3ZA3NU),__3ZA3NU,01 - Non intersection,03 - P.D. only,07 - SMV other,01 - Clear,07 - Dark,01 - Dry,10 - No control,,1,0,0,0,,0,,,,,367901.5053,5028124.8,45.39021994,-75.69412594,9512
15--5121,2015/04/05,11:00 AM,BANK ST @ LISGAR ST (0006952),6952,02 - Intersection related,02 - Non-fatal injury,03 - Rear end,01 - Clear,01 - Daylight,01 - Dry,01 - Traffic signal,01 - Functioning,2,0,0,0,01 - Minimal,1,1,,,,367605.4345,5031064.929,45.41670096,-75.69753225,9513
15--5122,2015/04/05,11:32 PM,HWY417 IC118 RAMP52 btwn HWY417 IC118 RAMP57 & HWY417 IC118 RAMP62 (__6KCF0O),__6KCF0O,01 - Non intersection,03 - P.D. only,07 - SMV other,01 - Clear,07 - Dark,01 - Dry,10 - No control,,1,0,0,0,,0,,,,,369312.9048,5030891.574,45.41498583,-75.67574076,9514
15--5123,2015/04/05,11:40 AM,ORLEANS BLVD btwn COLONY SQ & TIMOTHY CRT (__3ZA6A2),__3ZA6A2,04 - At/near private drive,02 - Non-fatal injury,02 - Angle,01 - Clear,01 - Daylight,01 - Dry,10 - No control,,2,0,0,0,01 - Minimal,1,1,,,,380081.6302,5037988.137,45.47775972,-75.53708478,9515
15--5124,2015/04/05,Unknown,LEN LUNNEY CRES btwn DRUMLINS AVE & COLLINGTON ST (__4NBBB1),__4NBBB1,01 - Non intersection,03 - P.D. only,06 - SMV unattended vehicle,01 - Clear,00 - Unknown,01 - Dry,10 - No control,,1,0,0,0,,0,,,,,367221.5486,5015270.207,45.27461743,-75.70443,9516
15--5125,2015/04/05,Unknown,COUSINEAU ST btwn ST. JEAN ST & END (__3ZA67F),__3ZA67F,01 - Non intersection,03 - P.D. only,06 - SMV unattended vehicle,01 - Clear,00 - Unknown,01 - Dry,10 - No control,,1,0,0,0,,0,,,,,380935.0317,5037358.262,45.47200009,-75.52626825,9517
15--5126,2015/04/05,3:10 PM,CONROY RD @ WALKLEY RD (0002648),2648,02 - Intersection related,03 - P.D. only,03 - Rear end,01 - Clear,01 - Daylight,01 - Dry,01 - Traffic signal,01 - Functioning,2,0,0,0,,0,,,,,372904.6865,5027462.086,45.38378846,-75.63032851,9518
15--5127,2015/04/05,3:58 AM,DAVIDSON RD btwn CONROY RD & HAWTHORNE RD (__3ZA8PL),__3ZA8PL,01 - Non intersection,03 - P.D. only,07 - SMV other,01 - Clear,07 - Dark,01 - Dry,10 - No control,,1,0,0,0,,0,,,,,374793.8021,5023622.411,45.34905458,-75.60675206,9519
15--5128,2015/04/05,9:02 PM,MARCH RD btwn SOLANDT RD & STATION RD (__3ZA3CD),__3ZA3CD,01 - Non intersection,03 - P.D. only,07 - SMV other,01 - Clear,07 - Dark,01 - Dry,10 - No control,,1,0,0,0,,0,,,,,350814.89,5022344.19,45.33953612,-75.91286504,9520
15--5129,2015/04/06,1:58 PM,KANATA AVE @ LORD BYNG WAY/MARITIME WAY (0009115),9115,02 - Intersection related,03 - P.D. only,03 - Rear end,01 - Clear,01 - Daylight,01 - Dry,01 - Traffic signal,01 - Functioning,2,0,0,0,,0,,,,,351429.974,5019331.791,45.31238927,-75.90530089,9521
15--513,2015/01/08,8:07 AM,BRONSON AVE btwn RIVERSIDE DR RAMPS 34B & 42A-3 & BRONSON AVE RAMP 34 (__3ZA3BK),__3ZA3BK,01 - Non intersection,03 - P.D. only,03 - Rear end,03 - Snow,01 - Daylight,06 - Ice,10 - No control,,2,0,0,0,,0,,,,,368485.4746,5027056.801,45.38055753,-75.68680657,9522
15--5130,2015/04/06,10:21 AM,INNES RD @ TENTH LINE RD (0004633),4633,02 - Intersection related,03 - P.D. only,03 - Rear end,01 - Clear,01 - Daylight,01 - Dry,01 - Traffic signal,01 - Functioning,2,0,0,0,,0,,,,,383953.688,5036159.079,45.46087533,-75.48786011,9523
15--5131,2015/04/06,11:53 AM,FALLOWFIELD RD @ GREENBANK RD (0000549),549,03 - At intersection,02 - Non-fatal injury,02 - Angle,01 - Clear,01 - Daylight,01 - Dry,01 - Traffic signal,01 - Functioning,3,0,0,0,02 - Minor,1,,1,,,363080.6757,5016733.216,45.28813703,-75.75702949,9524
15--5132,2015/04/06,12:40 PM,WALLSEND AVE btwn PEIKOFF CRES & PEIKOFF CRES (__4H42JG),__4H42JG,04 - At/near private drive,03 - P.D. only,06 - SMV unattended vehicle,01 - Clear,01 - Daylight,01 - Dry,10 - No control,,1,0,0,0,,0,,,,,348666.799,5023331.331,45.34855627,-75.94018509,9525
15--5133,2015/04/06,12:47 PM,MORRISON DR @ BASELINE RD (0002570),2570,03 - At intersection,03 - P.D. only,02 - Angle,01 - Clear,01 - Daylight,01 - Dry,01 - Traffic signal,01 - Functioning,2,0,0,0,,0,,,,,360100.1264,5022309.264,45.33855142,-75.79440063,9526
15--5134,2015/04/06,2:08 PM,KING EDWARD AVE @ MURRAY ST (0002713),2713,02 - Intersection related,03 - P.D. only,03 - Rear end,01 - Clear,01 - Daylight,01 - Dry,01 - Traffic signal,01 - Functioning,2,0,0,0,,0,,,,,368290.7359,5032753.1,45.43182869,-75.68855941,9527
15--5135,2015/04/06,3:27 PM,FALLOWFIELD RD @ MERIVALE RD (0000587),587,02 - Intersection related,02 - Non-fatal injury,07 - SMV other,03 - Snow,01 - Daylight,02 - Wet,01 - Traffic signal,01 - Functioning,1,0,0,0,02 - Minor,1,,1,,,366891.7126,5018843.709,45.30680067,-75.70818609,9528
15--5136,2015/04/06,4:21 PM,KING EDWARD AVE NB btwn RAMP & CATHCART ST (__7TR60M),__7TR60M,01 - Non intersection,02 - Non-fatal injury,03 - Rear end,01 - Clear,01 - Daylight,01 - Dry,10 - No control,,4,0,0,0,02 - Minor,2,,2,,,368089.6825,5033130.156,45.43523953,-75.69108024,9529
15--5137,2015/04/06,4:47 PM,CLARE ST @ KIRKWOOD AVE (0006079),6079,02 - Intersection related,03 - P.D. only,03 - Rear end,01 - Clear,01 - Daylight,01 - Dry,01 - Traffic signal,01 - Functioning,2,0,0,0,,0,,,,,364066.6963,5027973.911,45.38919729,-75.74311426,9530
15--5138,2015/04/06,5:09 PM,PRINCE OF WALES DR @ MERIVALE RD (0000564),564,03 - At intersection,03 - P.D. only,02 - Angle,01 - Clear,01 - Daylight,02 - Wet,01 - Traffic signal,01 - Functioning,2,0,0,0,,0,,,,,367449.7113,5017616.231,45.29570643,-75.70122611,9531
15--5139,2015/04/06,5:10 PM,OGILVIE RD @ CITY PARK DR E/CSIS HQ ACCESS (0003696),3696,02 - Intersection related,03 - P.D. only,03 - Rear end,01 - Clear,01 - Daylight,01 - Dry,01 - Traffic signal,01 - Functioning,2,0,0,0,,0,,,,,374187.7643,5033010.697,45.43358617,-75.61316509,9532
15--514,2015/01/08,8:18 AM,HIGHWAY 417 btwn HWY417 IC138 RAMP61 & HWY417 IC134 RAMP36 (__3ZA20I),__3ZA20I,01 - Non intersection,03 - P.D. only,03 - Rear end,03 - Snow,01 - Daylight,06 - Ice,10 - No control,,2,0,0,0,,0,,,,,355779.3843,5021913.899,45.33532114,-75.84956795,9533