Anom_ID,Accident_Date,Accident_Time,Location,Geo_ID,Accident_Location,Classification_of_Accident,Initial_Impact_Type,Environment_Condition,Light,Road_Surface_Condition,Traffic_Control,Traffic_Control_Condition,No__of_Vehicles,No__of_Bicycles,No__of_Motorcycles,No__of_Pedestrians,Max_Injury,No__of_Injuries,No__of_Minimal,No__of_Minor,No__of_Major,No__of_Fatal,X,Y,Latitude,Longitude,ObjectId
15--5140,2015/04/06,5:30 PM,MERIVALE RD btwn MEADOWLANDS DR & 210 S OF MEADOWLANDS DR/MERIVALE PL  (__3ZBPLPA),__3ZBPLPA,01 - Non intersection,03 - P.D. only,03 - Rear end,01 - Clear,01 - Daylight,01 - Dry,10 - No control,,2,0,0,0,,0,,,,,364880.8686,5023672.98,45.35042886,-75.73324061,9534
15--5141,2015/04/06,6:10 AM,HIGHWAY 416 btwn HWY416 IC66 RAMP62 & HWY416 IC66 RAMP52 (__3ZAZMX),__3ZAZMX,01 - Non intersection,02 - Non-fatal injury,07 - SMV other,01 - Clear,03 - Dawn,01 - Dry,10 - No control,,1,0,0,0,02 - Minor,1,,1,,,360037.2366,5014840.041,45.27134783,-75.79603537,9535
15--5142,2015/04/06,6:23 AM,LEMIEUX ST @ ST. LAURENT BLVD (0002021),2021,02 - Intersection related,03 - P.D. only,03 - Rear end,01 - Clear,01 - Daylight,01 - Dry,01 - Traffic signal,01 - Functioning,2,0,0,0,,0,,,,,372392.6886,5031743.046,45.42235627,-75.63627901,9536
15--5143,2015/04/06,7:02 AM,STAGECOACH RD btwn DALMENY RD & FAWN LANE (__3ZAZ9V),__3ZAZ9V,01 - Non intersection,03 - P.D. only,07 - SMV other,01 - Clear,01 - Daylight,01 - Dry,10 - No control,,1,0,0,0,,0,,,,,378220.7822,4998426.511,45.12200023,-75.56674175,9537
15--5144,2015/04/06,7:35 PM,ALBION RD @ JOHNSTON RD (0006883),6883,03 - At intersection,03 - P.D. only,02 - Angle,01 - Clear,01 - Daylight,01 - Dry,02 - Stop sign,01 - Functioning,2,0,0,0,,0,,,,,371502.2742,5025225.725,45.36380143,-75.64853682,9538
15--5145,2015/04/06,8:19 PM,BLAIR RD @ OGILVIE RD (0004120),4120,02 - Intersection related,02 - Non-fatal injury,03 - Rear end,01 - Clear,07 - Dark,01 - Dry,01 - Traffic signal,01 - Functioning,2,0,0,0,02 - Minor,1,,1,,,374505.796,5033197.129,45.43523196,-75.60907447,9539
15--5146,2015/04/06,9:03 AM,ARMSTRONG ST @ PARKDALE AVE (0006267),6267,03 - At intersection,03 - P.D. only,02 - Angle,01 - Clear,01 - Daylight,01 - Dry,01 - Traffic signal,01 - Functioning,2,0,0,0,,0,,,,,365090.6921,5029404.077,45.40197821,-75.72986336,9540
15--5147,2015/04/06,9:41 PM,RIVERSIDE DR SB btwn SMYTH RD NORTH SIDE RAMP & FROBISHER LANE (__3ZAZQH),__3ZAZQH,01 - Non intersection,03 - P.D. only,04 - Sideswipe,01 - Clear,07 - Dark,01 - Dry,10 - No control,,2,0,0,0,,0,,,,,370024.313,5029445.42,45.40190793,-75.66684363,9541
15--5148,2015/04/07,1:30 PM,CARLING AVE @ MERIVALE RD (0002148),2148,02 - Intersection related,03 - P.D. only,04 - Sideswipe,01 - Clear,01 - Daylight,01 - Dry,01 - Traffic signal,01 - Functioning,2,0,0,0,,0,,,,,364894.7038,5027700.062,45.38666269,-75.7325742,9542
15--5149,2015/04/07,1:30 PM,HIGHWAY 417 btwn HWY417 IC163 RAMP15 & HWY417 IC155 RAMP51 (__3ZAZNS),__3ZAZNS,01 - Non intersection,03 - P.D. only,07 - SMV other,01 - Clear,01 - Daylight,01 - Dry,10 - No control,,1,0,0,0,,0,,,,,332666.3174,5021097.96,45.32927752,-76.14449913,9543
15--515,2015/01/08,8:20 AM,TRANSITWAY - LINCOLN FIEL @ OTTAWA RIVER PKWY  (0002636),2636,02 - Intersection related,03 - P.D. only,03 - Rear end,05 - Drifting Snow,01 - Daylight,06 - Ice,01 - Traffic signal,00 - Unknown,2,0,0,0,,0,,,,,360926.6204,5025500.107,45.36719687,-75.78349363,9544
15--5150,2015/04/07,10:00 PM,STONEHENGE CRES btwn Continuation of STONEHENGE CRES & TOROVIN PRIV (__7NLYIA),__7NLYIA,01 - Non intersection,03 - P.D. only,06 - SMV unattended vehicle,01 - Clear,07 - Dark,01 - Dry,10 - No control,,1,0,0,0,,0,,,,,375025.7212,5031473.922,45.41967548,-75.60267571,9545
15--5151,2015/04/07,10:15 AM,EAGLESON RD @ MICHAEL COWPLAND DR/STONEHAVEN D (0003544),3544,03 - At intersection,03 - P.D. only,05 - Turning movement,01 - Clear,01 - Daylight,01 - Dry,01 - Traffic signal,01 - Functioning,2,0,0,0,,0,,,,,354382.626,5016622.962,45.2878124,-75.86791714,9546
15--5152,2015/04/07,12:05 PM,CRICHTON ST btwn CHARLES ST & SCHOOL LANE (__3ZA5BO),__3ZA5BO,01 - Non intersection,03 - P.D. only,06 - SMV unattended vehicle,01 - Clear,01 - Daylight,01 - Dry,10 - No control,,1,0,0,0,,0,,,,,368062.7437,5033898.991,45.44215966,-75.6913257,9547
15--5153,2015/04/07,2:01 PM,FISHER AVE btwn TUNIS AVE & SHILLINGTON AVE (__3ZA3AU),__3ZA3AU,04 - At/near private drive,02 - Non-fatal injury,03 - Rear end,01 - Clear,01 - Daylight,01 - Dry,10 - No control,,2,0,0,0,01 - Minimal,1,1,,,,365513.7913,5027555.479,45.38530837,-75.72468679,9548
15--5154,2015/04/07,2:02 PM,MEADOWLANDS DR @ VIEWMOUNT DR (0001752),1752,02 - Intersection related,02 - Non-fatal injury,03 - Rear end,01 - Clear,01 - Daylight,01 - Dry,01 - Traffic signal,01 - Functioning,2,0,0,0,01 - Minimal,1,1,,,,363739.6834,5023106.956,45.34543267,-75.74787074,9549
15--4808,2015/03/27,3:00 PM,LEBOUTILLIER AVE btwn DEN HAAG DR & LEBOUTILLIER AVE/DANAC PRIV (__8O98ZL),__8O98ZL,01 - Non intersection,03 - P.D. only,06 - SMV unattended vehicle,03 - Snow,01 - Daylight,04 - Slush,10 - No control,,1,0,0,0,,0,,,,,372474.269,5034087.566,45.44344323,-75.63491442,9550
15--4978,2015/03/31,6:05 PM,INNES RD @ STAR TOP RD/WINDMILL LANE (0008734),8734,02 - Intersection related,03 - P.D. only,03 - Rear end,01 - Clear,05 - Dusk,01 - Dry,01 - Traffic signal,01 - Functioning,2,0,0,0,,0,,,,,374147.0051,5030666.2,45.41249566,-75.614016,9551
15--4621,2015/03/21,3:10 PM,BANK ST @ PARKWAY RD (0005709),5709,03 - At intersection,02 - Non-fatal injury,02 - Angle,03 - Snow,01 - Daylight,02 - Wet,01 - Traffic signal,01 - Functioning,2,0,0,0,02 - Minor,5,,5,,,378745.8019,5014207.923,45.26394199,-75.5577286,9552
15--4622,2015/03/21,3:19 PM,GREENBANK RD @ STRANDHERD DR (0005563),5563,02 - Intersection related,03 - P.D. only,03 - Rear end,03 - Snow,01 - Daylight,02 - Wet,01 - Traffic signal,01 - Functioning,2,0,0,0,,0,,,,,363932.72,5014783.935,45.27052622,-75.74640068,9553
15--4537,2015/03/18,7:58 AM,CONROY RD @ HUNT CLUB RD (0002257),2257,02 - Intersection related,03 - P.D. only,03 - Rear end,01 - Clear,01 - Daylight,01 - Dry,01 - Traffic signal,01 - Functioning,2,0,0,0,,0,,,,,373763.74,5025404.041,45.36518701,-75.61964739,9554
15--4809,2015/03/27,3:14 PM,MANOTICK MAIN ST btwn TIGHE ST & O'GRADY ST (__3ZA39L),__3ZA39L,04 - At/near private drive,03 - P.D. only,02 - Angle,03 - Snow,01 - Daylight,02 - Wet,10 - No control,,2,0,0,0,,0,,,,,368883.9415,5009773.71,45.22501088,-75.6839533,9555
15--4979,2015/03/31,6:45 AM,GEORGE ST btwn WILLIAM ST & DALHOUSIE ST (__3ZA8Z1),__3ZA8Z1,04 - At/near private drive,03 - P.D. only,07 - SMV other,01 - Clear,03 - Dawn,01 - Dry,10 - No control,,1,0,0,0,,0,,,,,368144.5359,5032307.6,45.42783349,-75.69048503,9556
15--5163,2015/04/07,5:25 PM,MEADOWLANDS DR btwn TURN LANE & SULLIVAN AVE (__3ZA3GE),__3ZA3GE,04 - At/near private drive,03 - P.D. only,02 - Angle,01 - Clear,01 - Daylight,01 - Dry,10 - No control,,2,0,0,0,,0,,,,,363105.4264,5022757.561,45.34234184,-75.75600498,9557
15--4623,2015/03/21,3:53 PM,RIOCAN AVE btwn MARKETPLACE AVE & END (__4LZBNN),__4LZBNN,04 - At/near private drive,03 - P.D. only,02 - Angle,02 - Rain,01 - Daylight,02 - Wet,10 - No control,,2,0,0,0,,0,,,,,364330.5548,5014683.862,45.2695922,-75.74134303,9558
15--4538,2015/03/18,7:58 AM,HIGHWAY 417 btwn HWY417 IC163 RAMP61 & HWY417 IC155 RAMP36 (__3ZA2QB),__3ZA2QB,01 - Non intersection,02 - Non-fatal injury,07 - SMV other,01 - Clear,01 - Daylight,01 - Dry,10 - No control,,1,0,0,0,02 - Minor,2,,2,,,334866.6938,5020591.76,45.32463166,-76.11645947,9559
15--481,2015/01/08,6:22 AM,HIGHWAY 417 btwn HWY417 IC115 RAMP51 & HWY417 IC115 RAMP35 (__3ZAZEB),__3ZAZEB,01 - Non intersection,02 - Non-fatal injury,07 - SMV other,01 - Clear,07 - Dark,06 - Ice,10 - No control,,1,0,0,0,02 - Minor,1,,1,,,372354.4693,5031488.924,45.42007349,-75.63680218,9560
15--5164,2015/04/07,6:17 PM,POCONO CRES btwn GARDENWAY DR & GARDENWAY DR (__3ZA5SW),__3ZA5SW,04 - At/near private drive,03 - P.D. only,99 - Other,01 - Clear,01 - Daylight,01 - Dry,10 - No control,,2,0,0,0,,0,,,,,384165.745,5036909.584,45.46760363,-75.48502778,9561
15--498,2015/01/08,7:01 AM,HIGHWAY 417 btwn HWY417 IC124 RAMP57 & HWY417 IC124 RAMP55 (__3ZA2Y1),__3ZA2Y1,01 - Non intersection,03 - P.D. only,04 - Sideswipe,01 - Clear,03 - Dawn,06 - Ice,10 - No control,,2,0,0,0,,0,,,,,364302.7465,5027342.18,45.38349307,-75.74017612,9562
15--5165,2015/04/07,6:41 PM,HIGHWAY 417 btwn HWY417 IC121B RAMP51 & HWY417 IC121A RAMP51 (__3ZA2YW),__3ZA2YW,01 - Non intersection,02 - Non-fatal injury,03 - Rear end,01 - Clear,01 - Daylight,01 - Dry,10 - No control,,4,0,0,0,01 - Minimal,2,2,,,,366754.3799,5029567.329,45.40330185,-75.70859338,9563
15--4539,2015/03/18,8:05 AM,TIMBERTRAIL TER btwn RUSTIC HILLS CRES & VALIN ST (__45C2RU),__45C2RU,01 - Non intersection,03 - P.D. only,06 - SMV unattended vehicle,01 - Clear,01 - Daylight,01 - Dry,10 - No control,,1,0,0,0,,0,,,,,386776.6318,5037608.027,45.47358596,-75.45152737,9564
15--4810,2015/03/27,3:43 PM,BRONSON AVE btwn PLYMOUTH ST & RENFREW AVE (__3ZA3B1),__3ZA3B1,01 - Non intersection,03 - P.D. only,04 - Sideswipe,01 - Clear,01 - Daylight,01 - Dry,10 - No control,,2,0,0,0,,0,,,,,367322.3772,5029635.745,45.40386694,-75.7013298,9565
15--4980,2015/03/31,7:07 AM,DONALD ST @ ELAINE DR (0009928),9928,03 - At intersection,03 - P.D. only,02 - Angle,01 - Clear,01 - Daylight,01 - Dry,01 - Traffic signal,01 - Functioning,2,0,0,0,,0,,,,,372332.9923,5032481.308,45.42900457,-75.63694052,9566
15--4624,2015/03/21,4:19 PM,MERIVALE RD @ CAPILANO DR/WITHROW AVE (0009820),9820,02 - Intersection related,03 - P.D. only,02 - Angle,01 - Clear,01 - Daylight,02 - Wet,01 - Traffic signal,01 - Functioning,2,0,0,0,,0,,,,,364642.2537,5024228.584,45.35544851,-75.73621832,9567
15--5166,2015/04/07,6:51 AM,DUNROBIN RD btwn DUNROBIN RD & MURPHY SIDE RD (__3ZA3EB),__3ZA3EB,01 - Non intersection,03 - P.D. only,07 - SMV other,01 - Clear,01 - Daylight,01 - Dry,10 - No control,,1,0,0,0,,0,,,,,343374.4959,5030286.799,45.41145465,-76.00717776,9568
15--454,2015/01/08,4:00 PM,QUEEN ST btwn METCALFE ST & ELGIN ST (__3ZA2FO),__3ZA2FO,04 - At/near private drive,03 - P.D. only,02 - Angle,01 - Clear,01 - Daylight,04 - Slush,10 - No control,,2,0,0,0,,0,,,,,367676.9001,5031699.644,45.4224055,-75.69653822,9569
15--4811,2015/03/27,3:52 PM,REGIONAL ROAD 174 EB btwn HWY417 IC113 RAMP65 & OR174 BLAIR IC112 RAMP51 (__3ZAZFJ),__3ZAZFJ,01 - Non intersection,03 - P.D. only,03 - Rear end,03 - Snow,01 - Daylight,02 - Wet,10 - No control,,3,0,0,0,,0,,,,,374387.6988,5032513.988,45.42909719,-75.61068026,9570
15--4625,2015/03/21,4:45 PM,BANK ST btwn CHAMBERLAIN AVE & ROSEBERY AVE (__3ZA3PI),__3ZA3PI,01 - Non intersection,03 - P.D. only,06 - SMV unattended vehicle,01 - Clear,01 - Daylight,02 - Wet,10 - No control,,1,0,0,0,,0,,,,,368116.2573,5030083.328,45.4078228,-75.69113219,9571
15--4540,2015/03/18,8:20 PM,MONTREAL RD btwn ELWOOD ST & BECKENHAM LANE (__3ZA2DY),__3ZA2DY,04 - At/near private drive,03 - P.D. only,07 - SMV other,01 - Clear,07 - Dark,01 - Dry,10 - No control,,1,0,0,0,,0,,,,,374447.1611,5034391.37,45.44598291,-75.60965481,9572
15--5167,2015/04/07,7:00 PM,MARCH RD @ TERRY FOX DR (0003173),3173,02 - Intersection related,02 - Non-fatal injury,03 - Rear end,01 - Clear,05 - Dusk,01 - Dry,01 - Traffic signal,01 - Functioning,2,0,0,0,01 - Minimal,1,1,,,,349864.6086,5023398.063,45.3490808,-75.92489369,9573
15--4541,2015/03/18,8:35 AM,BLAIR RD @ REGIONAL RD 174 N/OR174 IC112 RAMP61 (0003617),3617,02 - Intersection related,03 - P.D. only,03 - Rear end,01 - Clear,01 - Daylight,01 - Dry,01 - Traffic signal,01 - Functioning,2,0,0,0,,0,,,,,374634.2048,5032992.904,45.43338164,-75.60746242,9574
15--4981,2015/03/31,7:09 PM,BORRISOKANE RD/TARTAN DR @ STRANDHERD DR (0010634),10634,02 - Intersection related,02 - Non-fatal injury,03 - Rear end,01 - Clear,07 - Dark,01 - Dry,01 - Traffic signal,01 - Functioning,2,0,0,0,02 - Minor,1,,1,,,362295.7475,5013543.394,45.25949949,-75.76740444,9575
15--4812,2015/03/27,4:01 PM,JEANNE D'ARC BLVD  S btwn WOODCLIFFE PRIV & HENRI LAUZON ST (__3ZA2BM),__3ZA2BM,01 - Non intersection,02 - Non-fatal injury,07 - SMV other,01 - Clear,01 - Daylight,02 - Wet,10 - No control,,1,0,0,1,03 - Major,1,,,1,,380526.3014,5036177.946,45.46142499,-75.53167682,9576
15--4626,2015/03/21,4:47 PM,ELGIN ST btwn GLOUCESTER ST & NEPEAN ST (1) (__3ZA35M),__3ZA35M,01 - Non intersection,02 - Non-fatal injury,03 - Rear end,01 - Clear,01 - Daylight,01 - Dry,10 - No control,,2,0,0,0,01 - Minimal,1,1,,,,367999.7942,5031456.564,45.42018925,-75.69244377,9577
15--5168,2015/04/07,8:07 PM,ARLINGTON AVE @ KENT ST (0007259),7259,02 - Intersection related,03 - P.D. only,04 - Sideswipe,01 - Clear,07 - Dark,01 - Dry,01 - Traffic signal,01 - Functioning,2,0,0,0,,0,,,,,367869.6734,5030256.125,45.40939983,-75.69425989,9578
15--4813,2015/03/27,4:10 PM,CARLING AVE WB btwn KIRKWOOD AVE & HWY417 IC124 RAMP67 (__3ZA4N1),__3ZA4N1,01 - Non intersection,03 - P.D. only,04 - Sideswipe,01 - Clear,01 - Daylight,01 - Dry,10 - No control,,2,0,0,0,,0,,,,,364303.5077,5027507.67,45.38498205,-75.74014646,9579
15--4542,2015/03/18,9:30 AM,HAWKSHAW CRES btwn COBBLE HILL DR & COBBLE HILL DR (__8XI24U),__8XI24U,01 - Non intersection,03 - P.D. only,06 - SMV unattended vehicle,01 - Clear,01 - Daylight,01 - Dry,10 - No control,,1,0,0,0,,0,,,,,361167.628,5014899.131,45.27178983,-75.78162364,9580
15--4627,2015/03/21,5:51 PM,BOOTH ST @ 148 N OF MIDDLE ST/E.B.EDDY S (0012189),12189,02 - Intersection related,03 - P.D. only,03 - Rear end,06 - Strong wind,01 - Daylight,01 - Dry,01 - Traffic signal,01 - Functioning,2,0,0,0,,0,,,,,366035.5339,5031414.984,45.41998981,-75.71754553,9581
15--4982,2015/03/31,7:15 AM,LANCASTER RD @ WALKLEY RD (0003130),3130,02 - Intersection related,03 - P.D. only,03 - Rear end,01 - Clear,01 - Daylight,01 - Dry,01 - Traffic signal,01 - Functioning,2,0,0,0,,0,,,,,374908.7405,5028603.023,45.39385635,-75.6045785,9582
15--5169,2015/04/07,8:30 AM,CASTLEFRANK RD btwn ALDBURN PL & STOKES CRES (__3ZAB1O),__3ZAB1O,01 - Non intersection,03 - P.D. only,04 - Sideswipe,01 - Clear,01 - Daylight,01 - Dry,10 - No control,,2,0,0,0,,0,,,,,353330.896,5017188.401,45.29297377,-75.88126856,9583
15--4814,2015/03/27,4:28 PM,BRONSON AVE @ LISGAR ST (0006356),6356,03 - At intersection,03 - P.D. only,02 - Angle,01 - Clear,01 - Daylight,02 - Wet,02 - Stop sign,01 - Functioning,3,0,0,0,,0,,,,,366895.7306,5030640.122,45.41294202,-75.70665281,9584
15--4543,2015/03/18,9:33 PM,DAVID MANCHESTER RD btwn Continuation of DAVID MANCHESTER RD & HAZELDE (__7JQ7I6),__7JQ7I6,01 - Non intersection,03 - P.D. only,07 - SMV other,01 - Clear,07 - Dark,01 - Dry,10 - No control,,1,0,0,0,,0,,,,,345984.8673,5012628.814,45.25241366,-75.97529866,9585
15--4983,2015/03/31,7:29 AM,HUNT CLUB RD @ RIVERSIDE DR (0002237),2237,02 - Intersection related,03 - P.D. only,03 - Rear end,01 - Clear,01 - Daylight,01 - Dry,01 - Traffic signal,01 - Functioning,2,0,0,0,,0,,,,,368035.7391,5021946.944,45.33462097,-75.69320231,9586
15--4628,2015/03/21,6:09 PM,ELGIN ST btwn CATHERINE ST & ISABELLA ST (__3ZA2GI),__3ZA2GI,01 - Non intersection,03 - P.D. only,07 - SMV other,01 - Clear,05 - Dusk,05 - Packed snow,10 - No control,,1,0,0,0,,0,,,,,368604.1316,5030499.455,45.41152266,-75.68484635,9587
15--4544,2015/03/19,10:10 PM,HIGHWAY 417 btwn HWY417 IC118 RAMP76 & HWY417 IC118 RAMP67 (__3ZA2YR),__3ZA2YR,01 - Non intersection,02 - Non-fatal injury,99 - Other,01 - Clear,07 - Dark,01 - Dry,10 - No control,,2,0,0,1,02 - Minor,1,,1,,,369501.3525,5031081.466,45.41667701,-75.67330835,9588
15--4984,2015/03/31,7:54 AM,CAMPEAU DR/HWY 417 MARCH IC138R63 @ MARCH RD (0009710),9710,02 - Intersection related,03 - P.D. only,04 - Sideswipe,01 - Clear,01 - Daylight,01 - Dry,01 - Traffic signal,00 - Unknown,2,0,0,0,,0,,,,,352840.604,5020477.61,45.3226045,-75.8872002,9589
15--517,2015/01/08,8:32 AM,MARIER AVE @ MONTREAL RD (0009346),9346,02 - Intersection related,03 - P.D. only,03 - Rear end,01 - Clear,01 - Daylight,04 - Slush,01 - Traffic signal,01 - Functioning,2,0,0,0,,0,,,,,370421.636,5033261.109,45.43620283,-75.66126071,9590
15--4815,2015/03/27,4:39 PM,KIMBERLEY RD @ VIRGIL RD (0000902),902,03 - At intersection,03 - P.D. only,02 - Angle,01 - Clear,01 - Daylight,02 - Wet,03 - Yield sign,01 - Functioning,2,0,0,0,,0,,,,,357811.6236,5020545.001,45.32285309,-75.82378753,9591
15--4985,2015/03/31,8:00 AM,ABBOTT ST @ GRANITE RIDGE DR (0009728),9728,02 - Intersection related,03 - P.D. only,03 - Rear end,01 - Clear,01 - Daylight,01 - Dry,02 - Stop sign,01 - Functioning,2,0,0,0,,0,,,,,351484.7175,5014435.215,45.26832487,-75.90506358,9592
15--5170,2015/04/07,8:34 AM,WOODROFFE AVE btwn TECUMSEH ST & DOMALATCHY PL (__3ZA3GR),__3ZA3GR,01 - Non intersection,03 - P.D. only,03 - Rear end,01 - Clear,01 - Daylight,01 - Dry,10 - No control,,4,0,0,0,,0,,,,,362377.2104,5024204.339,45.35542,-75.76512803,9593
15--4629,2015/03/21,6:24 PM,MONTREAL RD @ BATHGATE DR/BURMA RD (0007650),7650,03 - At intersection,02 - Non-fatal injury,03 - Rear end,01 - Clear,05 - Dusk,01 - Dry,01 - Traffic signal,01 - Functioning,2,0,0,0,01 - Minimal,1,1,,,,373224.4174,5034516.246,45.44722724,-75.62526672,9594
15--4545,2015/03/19,10:40 PM,PALLADIUM DR btwn HUNTMAR DR & HWY417 IC142 RAMP25 (__3ZAZW2),__3ZAZW2,04 - At/near private drive,03 - P.D. only,02 - Angle,01 - Clear,07 - Dark,01 - Dry,10 - No control,,2,0,0,0,,0,,,,,349571.3886,5017203.784,45.29336178,-75.92919549,9595
15--4816,2015/03/27,4:46 PM,CARLING AVE @ FAIRLAWN AVE/WOODROFFE AVE E (0002393),2393,02 - Intersection related,03 - P.D. only,04 - Sideswipe,01 - Clear,01 - Daylight,01 - Dry,01 - Traffic signal,01 - Functioning,2,0,0,0,,0,,,,,361934.6841,5025830.528,45.37008852,-75.77058762,9596
15--4986,2015/03/31,8:31 PM,MARCH RD btwn TALL FOREST DR & HUNTMAR DR (__3ZA3FN),__3ZA3FN,01 - Non intersection,03 - P.D. only,07 - SMV other,01 - Clear,07 - Dark,01 - Dry,10 - No control,,1,0,0,0,,0,,,,,344033.6184,5023449.672,45.34989563,-75.99930056,9597
15--5171,2015/04/07,8:35 AM,BANK ST @ CATHERINE ST (0002708),2708,03 - At intersection,02 - Non-fatal injury,02 - Angle,01 - Clear,01 - Daylight,01 - Dry,01 - Traffic signal,01 - Functioning,3,0,0,0,02 - Minor,1,,1,,,368038.7415,5030265.162,45.40946589,-75.69209903,9598
15--463,2015/01/08,5:02 PM,LAURIER AVE   E btwn COPERNICUS ST & RING LANE (__3ZA2GV),__3ZA2GV,01 - Non intersection,03 - P.D. only,03 - Rear end,01 - Clear,05 - Dusk,06 - Ice,10 - No control,,2,0,0,0,,0,,,,,368681.7003,5031999.03,45.42500824,-75.68366103,9599
15--4546,2015/03/19,11:20 AM,CYCLONE TAYLOR BLVD @ PALLADIUM DR (0003236),3236,02 - Intersection related,03 - P.D. only,04 - Sideswipe,01 - Clear,01 - Daylight,06 - Ice,01 - Traffic signal,01 - Functioning,2,0,0,0,,0,,,,,350164.6422,5017572.716,45.29664349,-75.92159855,9600
15--4547,2015/03/19,11:31 AM,CARP RD btwn STYLES SIDE RD & KINBURN SIDE RD (__3ZA4QA),__3ZA4QA,04 - At/near private drive,03 - P.D. only,02 - Angle,01 - Clear,01 - Daylight,01 - Dry,10 - No control,,2,0,0,0,,0,,,,,332038.1249,5030996.598,45.41837477,-76.15196714,9601
15--4548,2015/03/19,2:49 PM,KLONDIKE RD @ WEATHERSTON ST (0011803),11803,03 - At intersection,02 - Non-fatal injury,07 - SMV other,01 - Clear,01 - Daylight,01 - Dry,01 - Traffic signal,01 - Functioning,1,0,0,1,01 - Minimal,1,1,,,,349167.4058,5023973.051,45.35429912,-75.93373923,9602
15--4549,2015/03/19,3:50 PM,HAZELDEAN RD @ CARBROOKE ST/IRWIN GATE (0003187),3187,02 - Intersection related,03 - P.D. only,04 - Sideswipe,01 - Clear,01 - Daylight,01 - Dry,01 - Traffic signal,01 - Functioning,2,0,0,0,,0,,,,,353415.026,5018265.83,45.30266291,-75.88009039,9603
15--455,2015/01/08,4:00 PM,HIGHWAY 417 btwn HWY417 IC127 RAMP63 & HWY417 IC127 RAMP67 (__3ZA2RF),__3ZA2RF,01 - Non intersection,03 - P.D. only,03 - Rear end,03 - Snow,01 - Daylight,06 - Ice,10 - No control,,2,0,0,0,,0,,,,,362199.0661,5024914.086,45.36182086,-75.76731912,9604
15--4550,2015/03/19,3:59 PM,REGIONAL ROAD 174 EB btwn OR174 IC109 RAMP55 & TRANSIT (__3ZA28V),__3ZA28V,01 - Non intersection,03 - P.D. only,03 - Rear end,01 - Clear,01 - Daylight,01 - Dry,10 - No control,,2,0,0,0,,0,,,,,376473.6823,5034988.033,45.45114645,-75.58366482,9605
15--4551,2015/03/19,4:07 PM,KNOXDALE RD btwn NEWHAVEN ST & AURORA CRES (__3ZA3I2),__3ZA3I2,01 - Non intersection,03 - P.D. only,04 - Sideswipe,01 - Clear,01 - Daylight,01 - Dry,10 - No control,,2,0,0,0,,0,,,,,362554.1086,5021332.718,45.32956679,-75.76320567,9606
15--4552,2015/03/19,4:50 AM,TENTH LINE RD @ CHARLEMAGNE BLVD S/DES EPINETT (0003686),3686,03 - At intersection,03 - P.D. only,07 - SMV other,01 - Clear,07 - Dark,01 - Dry,01 - Traffic signal,01 - Functioning,1,0,0,0,,0,,,,,383640.9751,5036900.456,45.46758093,-75.49173924,9607
15--4553,2015/03/19,4:52 PM,HERON RD @ ALTA VISTA DR (0007188),7188,02 - Intersection related,02 - Non-fatal injury,03 - Rear end,01 - Clear,01 - Daylight,01 - Dry,01 - Traffic signal,01 - Functioning,2,0,0,0,01 - Minimal,2,2,,,,370493.6863,5026903.019,45.37898842,-75.6611871,9608
15--4554,2015/03/19,5:04 PM,ST. JOSEPH BLVD @ JEANNE D'ARC BLVD (0012421),12421,02 - Intersection related,03 - P.D. only,03 - Rear end,01 - Clear,01 - Daylight,01 - Dry,11 - Roundabout,01 - Functioning,3,0,0,0,,0,,,,,379858.8148,5036471.099,45.46413459,-75.5401661,9609
15--4555,2015/03/19,5:15 PM,HIGHWAY 417 btwn HWY417 IC126 RAMP61 & HWY417 IC124 RAMP76 (__3ZA2Y2),__3ZA2Y2,01 - Non intersection,03 - P.D. only,04 - Sideswipe,01 - Clear,01 - Daylight,01 - Dry,10 - No control,,2,0,0,0,,0,,,,,363246.2578,5025979.495,45.37132076,-75.75382715,9610
15--4556,2015/03/19,5:19 PM,CAMERON ST @ REGIONAL RD 174 (0012883),12883,02 - Intersection related,03 - P.D. only,04 - Sideswipe,01 - Clear,01 - Daylight,01 - Dry,01 - Traffic signal,01 - Functioning,2,0,0,0,,0,,,,,389861.7375,5042618.046,45.51829121,-75.41120784,9611
15--4557,2015/03/19,5:55 AM,AIRPORT PKWY btwn RAMP & RAMP (4) (__3ZA22T),__3ZA22T,01 - Non intersection,03 - P.D. only,07 - SMV other,01 - Clear,03 - Dawn,01 - Dry,10 - No control,,1,0,0,0,,0,,,,,371313.6149,5021660.23,45.33173815,-75.65142433,9612
15--4558,2015/03/19,6:00 PM,CLARENCE ST btwn WILLIAM ST & DALHOUSIE ST (__3ZA82W),__3ZA82W,04 - At/near private drive,03 - P.D. only,02 - Angle,01 - Clear,01 - Daylight,01 - Dry,10 - No control,,2,0,0,0,,0,,,,,367996.1835,5032475.818,45.42936048,-75.69235913,9613
15--4559,2015/03/19,6:20 PM,HIGHWAY 417 btwn HWY417 IC127 RAMP67 & HWY417 IC126 RAMP16 (__3ZA2X0),__3ZA2X0,01 - Non intersection,03 - P.D. only,03 - Rear end,01 - Clear,05 - Dusk,01 - Dry,10 - No control,,2,0,0,0,,0,,,,,362676.1352,5025279.403,45.36506872,-75.7611872,9614
15--456,2015/01/08,4:15 PM,ST. LAURENT BLVD btwn MCARTHUR AVE & DONALD ST (__3ZBOF4),__3ZBOF4,01 - Non intersection,03 - P.D. only,03 - Rear end,03 - Snow,01 - Daylight,03 - Loose snow,10 - No control,,2,0,0,0,,0,,,,,372086.9659,5032493.308,45.42913625,-75.6400827,9615
15--4560,2015/03/19,6:43 AM,UPPER DWYER HILL RD btwn HIGHWAY 7 & MCARTON RD (__7JQ7LQ),__7JQ7LQ,01 - Non intersection,03 - P.D. only,07 - SMV other,01 - Clear,01 - Daylight,01 - Dry,10 - No control,,1,0,0,0,,0,,,,,340909.7384,5007249.504,45.20428627,-76.04034464,9616