Anom_ID,Accident_Date,Accident_Time,Location,Geo_ID,Accident_Location,Classification_of_Accident,Initial_Impact_Type,Environment_Condition,Light,Road_Surface_Condition,Traffic_Control,Traffic_Control_Condition,No__of_Vehicles,No__of_Bicycles,No__of_Motorcycles,No__of_Pedestrians,Max_Injury,No__of_Injuries,No__of_Minimal,No__of_Minor,No__of_Major,No__of_Fatal,X,Y,Latitude,Longitude,ObjectId
15--4561,2015/03/19,6:55 PM,HIGHWAY 417 btwn HWY417 IC124 RAMP76 & HWY417 IC124 RAMP67 (__3ZA2R7),__3ZA2R7,01 - Non intersection,03 - P.D. only,03 - Rear end,01 - Clear,05 - Dusk,01 - Dry,10 - No control,,2,0,0,0,,0,,,,,364308.282,5027377.158,45.38380732,-75.74010123,9617
15--4562,2015/03/19,7:32 PM,CARLING AVE @ PRESTON ST (0002161),2161,02 - Intersection related,03 - P.D. only,04 - Sideswipe,01 - Clear,07 - Dark,04 - Slush,01 - Traffic signal,01 - Functioning,2,0,0,0,,0,,,,,366830.217,5028935.807,45.39761287,-75.70770415,9618
15--4563,2015/03/19,8:40 AM,BANK ST @ 80 S OF HUNT CLUB RD/TOWNGATE PLAZA  (0008230),8230,03 - At intersection,03 - P.D. only,05 - Turning movement,01 - Clear,01 - Daylight,01 - Dry,01 - Traffic signal,01 - Functioning,2,0,0,0,,0,,,,,371689.0149,5024093.698,45.35359805,-75.6463065,9619
15--4564,2015/03/19,8:52 PM,BIRCHFIELD AVE btwn Continuation of BIRCHFIELD AVE & Continuation of B (__3ZA54G),__3ZA54G,04 - At/near private drive,03 - P.D. only,06 - SMV unattended vehicle,01 - Clear,07 - Dark,01 - Dry,10 - No control,,1,0,0,0,,0,,,,,355830.9013,5015631.435,45.27878678,-75.84955757,9620
15--4565,2015/03/19,9:00 PM,BANTREE ST @ INNES RD (0007684),7684,03 - At intersection,02 - Non-fatal injury,05 - Turning movement,01 - Clear,07 - Dark,01 - Dry,01 - Traffic signal,01 - Functioning,2,0,0,0,02 - Minor,1,,1,,,373706.6871,5030407.037,45.41020733,-75.6196771,9621
15--4566,2015/03/20,1:12 PM,BANK ST @ HUNT CLUB RD (0002119),2119,03 - At intersection,02 - Non-fatal injury,03 - Rear end,01 - Clear,01 - Daylight,01 - Dry,01 - Traffic signal,01 - Functioning,2,0,0,0,01 - Minimal,1,1,,,,371609.4572,5024096.867,45.35363415,-75.64732134,9622
15--4567,2015/03/20,1:18 PM,BANK ST @ KILBORN AVE/BELANGER AVE (0007208),7208,03 - At intersection,03 - P.D. only,05 - Turning movement,01 - Clear,01 - Daylight,01 - Dry,01 - Traffic signal,01 - Functioning,2,0,0,0,,0,,,,,369653.7199,5027426.102,45.38377321,-75.67184241,9623
15--4568,2015/03/20,1:29 PM,BANK ST @ HERON RD (0002155),2155,03 - At intersection,03 - P.D. only,03 - Rear end,01 - Clear,01 - Daylight,01 - Dry,01 - Traffic signal,01 - Functioning,2,0,0,0,,0,,,,,369995.72,5026851.06,45.37856743,-75.66755159,9624
15--4569,2015/03/20,1:33 PM,UTAH ST btwn LIVINGSTONE AVE & CHEVERTON AVE (__3ZA9QZ),__3ZA9QZ,04 - At/near private drive,03 - P.D. only,05 - Turning movement,01 - Clear,01 - Daylight,01 - Dry,10 - No control,,2,0,0,0,,0,,,,,369774.6056,5027397.979,45.38350897,-75.6703026,9625
15--457,2015/01/08,4:23 PM,BOOTH ST @ GLADSTONE AVE (0002211),2211,03 - At intersection,03 - P.D. only,05 - Turning movement,01 - Clear,01 - Daylight,01 - Dry,01 - Traffic signal,01 - Functioning,2,0,0,0,,0,,,,,366767.7415,5029851.044,45.40585346,-75.70838706,9626
15--4570,2015/03/20,10:44 AM,BANK ST btwn BANK ST EXTENSION NB & JOHNSTON RD (__3ZA37U),__3ZA37U,01 - Non intersection,03 - P.D. only,04 - Sideswipe,01 - Clear,01 - Daylight,01 - Dry,10 - No control,,2,0,0,0,,0,,,,,370832.4534,5024884.347,45.36079324,-75.65713184,9627
15--4571,2015/03/20,11:30 AM,CLARE ST @ KIRKWOOD AVE (0006079),6079,02 - Intersection related,03 - P.D. only,04 - Sideswipe,01 - Clear,01 - Daylight,01 - Dry,01 - Traffic signal,01 - Functioning,2,0,0,0,,0,,,,,364065.7324,5027972.105,45.38918112,-75.74312678,9628
15--4572,2015/03/20,11:39 AM,CLAREY AVE @ BANK ST (0007243),7243,03 - At intersection,02 - Non-fatal injury,02 - Angle,01 - Clear,01 - Daylight,01 - Dry,02 - Stop sign,01 - Functioning,2,0,0,0,02 - Minor,2,1,1,,,368452.1168,5029269.731,45.40047185,-75.68694702,9629
15--4573,2015/03/20,11:50 AM,WALKLEY RD btwn HEATHERINGTON RD & 152 E OF HEATHERINGTON RD (__3ZA2LVA),__3ZA2LVA,04 - At/near private drive,03 - P.D. only,02 - Angle,01 - Clear,01 - Daylight,01 - Dry,10 - No control,,2,0,0,0,,0,,,,,371794.8647,5026811.002,45.37803728,-75.64458727,9630
15--4574,2015/03/20,Unknown,GABBRO CRES btwn GRAINSTONE WAY & GRAINSTONE WAY (__8JUUIQ),__8JUUIQ,01 - Non intersection,03 - P.D. only,06 - SMV unattended vehicle,01 - Clear,00 - Unknown,01 - Dry,10 - No control,,1,0,0,0,,0,,,,,348995.92,5020004.354,45.3185986,-75.93628224,9631
15--4575,2015/03/20,Unknown,ASHBOURNE CRES btwn Continuation of ASHBOURNE CRES & Continuation of A (__6REWS6),__6REWS6,01 - Non intersection,03 - P.D. only,06 - SMV unattended vehicle,01 - Clear,00 - Unknown,01 - Dry,10 - No control,,1,0,0,0,,0,,,,,365401.9947,5013118.75,45.25541782,-75.72788077,9632
15--4576,2015/03/20,Unknown,QUEEN MARY ST btwn VERA ST & QUILL ST (__3ZA8J4),__3ZA8J4,01 - Non intersection,03 - P.D. only,06 - SMV unattended vehicle,01 - Clear,00 - Unknown,01 - Dry,10 - No control,,1,0,0,0,,0,,,,,370630.2831,5031985.544,45.42470623,-75.65876471,9633
15--4577,2015/03/20,12:01 AM,ABBOTT ST @ IBER RD (0010542),10542,03 - At intersection,03 - P.D. only,07 - SMV other,01 - Clear,07 - Dark,01 - Dry,10 - No control,,1,0,0,0,,0,,,,,351983.3128,5014875.601,45.27225432,-75.89866814,9634
15--4578,2015/03/20,12:27 PM,BANK ST @ GLADSTONE AVE (0002253),2253,03 - At intersection,03 - P.D. only,05 - Turning movement,01 - Clear,01 - Daylight,01 - Dry,01 - Traffic signal,01 - Functioning,3,0,0,0,,0,,,,,367915.7425,5030563.173,45.4121584,-75.69363208,9635
15--4579,2015/03/20,12:52 PM,FALLOWFIELD RD @ GREENBANK RD (0000549),549,02 - Intersection related,03 - P.D. only,03 - Rear end,01 - Clear,01 - Daylight,01 - Dry,01 - Traffic signal,01 - Functioning,2,0,0,0,,0,,,,,363080.6757,5016731.973,45.28812585,-75.75702964,9636
15--458,2015/01/08,4:30 PM,ALBION RD @ HUNT CLUB RD (0006974),6974,03 - At intersection,02 - Non-fatal injury,05 - Turning movement,01 - Clear,05 - Dusk,06 - Ice,01 - Traffic signal,01 - Functioning,5,0,0,0,03 - Major,3,1,1,1,,371867.2267,5024320.771,45.35562415,-75.64400147,9637
15--4580,2015/03/20,2:00 PM,DUNROBIN RD btwn HARWOOD LANE & KERWIN RD (__3ZA3FH),__3ZA3FH,01 - Non intersection,03 - P.D. only,07 - SMV other,01 - Clear,01 - Daylight,01 - Dry,10 - No control,,1,0,0,0,,0,,,,,346177.8326,5027283.941,45.38427416,-75.97161611,9638
15--4581,2015/03/20,2:04 AM,BILBERRY DR btwn DES FORETS AVE & DU BOIS AVE (__3ZBN8Q),__3ZBN8Q,01 - Non intersection,03 - P.D. only,06 - SMV unattended vehicle,01 - Clear,07 - Dark,01 - Dry,10 - No control,,1,0,0,0,,0,,,,,381201.5517,5038483.439,45.48209438,-75.52268508,9639
15--4582,2015/03/20,2:11 PM,MONTREAL RD btwn PALACE ST & VANIER PKWY (__3ZA3LL),__3ZA3LL,04 - At/near private drive,03 - P.D. only,05 - Turning movement,01 - Clear,01 - Daylight,01 - Dry,10 - No control,,2,0,0,0,,0,,,,,370044.758,5033047.761,45.43431848,-75.66610552,9640
15--4583,2015/03/20,2:14 PM,BLAIR RD @ REGIONAL RD 174 N/OR174 IC112 RAMP61 (0003617),3617,02 - Intersection related,03 - P.D. only,04 - Sideswipe,01 - Clear,01 - Daylight,01 - Dry,01 - Traffic signal,01 - Functioning,2,0,0,0,,0,,,,,374634.4458,5032990.133,45.43335669,-75.60745973,9641
15--4584,2015/03/20,2:22 PM,BLAIR RD @ OGILVIE RD (0004120),4120,02 - Intersection related,03 - P.D. only,03 - Rear end,01 - Clear,01 - Daylight,01 - Dry,01 - Traffic signal,01 - Functioning,2,0,0,0,,0,,,,,374507.7237,5033199.057,45.43524911,-75.60904956,9642
15--4585,2015/03/20,2:53 PM,BRONSON AVE @ POWELL AVE (0007212),7212,02 - Intersection related,03 - P.D. only,03 - Rear end,01 - Clear,01 - Daylight,01 - Dry,01 - Traffic signal,01 - Functioning,3,0,0,0,,0,,,,,367386.915,5029477.696,45.40243909,-75.70052552,9643
15--4586,2015/03/20,2:54 PM,CARLING AVE WB btwn HARE AVE & BROMLEY RD (__3ZA263),__3ZA263,01 - Non intersection,03 - P.D. only,03 - Rear end,01 - Clear,01 - Daylight,01 - Dry,10 - No control,,2,0,0,0,,0,,,,,362480.1647,5026194.521,45.37331901,-75.76358179,9644
15--4587,2015/03/20,3:00 PM,ALBION RD @ HUNT CLUB RD (0006974),6974,02 - Intersection related,03 - P.D. only,03 - Rear end,01 - Clear,01 - Daylight,01 - Dry,01 - Traffic signal,01 - Functioning,2,0,0,0,,0,,,,,371866.8152,5024319.37,45.35561159,-75.64400691,9645
15--4588,2015/03/20,3:20 PM,HERON RD @ BAYCREST DR (0007191),7191,02 - Intersection related,03 - P.D. only,04 - Sideswipe,01 - Clear,01 - Daylight,01 - Dry,01 - Traffic signal,01 - Functioning,2,0,0,0,,0,,,,,371143.7293,5026980.026,45.37962005,-75.65287756,9646
15--4589,2015/03/20,3:20 PM,ANNA AVE @ CARLING AVE (0006248),6248,02 - Intersection related,02 - Non-fatal injury,03 - Rear end,01 - Clear,01 - Daylight,01 - Dry,02 - Stop sign,01 - Functioning,2,0,0,0,01 - Minimal,1,1,,,,365198.1567,5027892.323,45.38836651,-75.72867584,9647
15--459,2015/01/08,4:32 PM,HAWTHORNE AVE btwn ISABELLA ST & COLONEL BY DR (__3ZA2FY),__3ZA2FY,01 - Non intersection,02 - Non-fatal injury,03 - Rear end,01 - Clear,05 - Dusk,02 - Wet,10 - No control,,2,0,0,0,02 - Minor,1,,1,,,368758.1087,5030517.859,45.4116742,-75.68287697,9648
15--4590,2015/03/20,4:04 PM,WALKLEY RD @ HEATHERINGTON RD (0006928),6928,03 - At intersection,03 - P.D. only,05 - Turning movement,01 - Clear,01 - Daylight,01 - Dry,01 - Traffic signal,01 - Functioning,2,0,0,0,,0,,,,,371767.6887,5026794.045,45.3778873,-75.64493653,9649
15--4591,2015/03/20,4:07 PM,BANK ST btwn ALTA VISTA DR & WALKLEY RD (__3ZA4TX),__3ZA4TX,04 - At/near private drive,03 - P.D. only,05 - Turning movement,01 - Clear,01 - Daylight,01 - Dry,10 - No control,,2,0,0,0,,0,,,,,370294.7914,5026076.979,45.37157461,-75.66383598,9650
15--4592,2015/03/20,4:07 PM,REGIONAL ROAD 174 EB btwn HWY417 IC113 RAMP65 & OR174 BLAIR IC112 RAMP51 (__3ZAZFJ),__3ZAZFJ,01 - Non intersection,03 - P.D. only,03 - Rear end,01 - Clear,01 - Daylight,01 - Dry,10 - No control,,2,0,0,0,,0,,,,,374716.3735,5032759.771,45.43127583,-75.60644547,9651
15--4593,2015/03/20,7:00 PM,SHAUGHNESSY CRES btwn KNUDSON DR & WINDEYER CRES (1) (__3ZA5JB),__3ZA5JB,04 - At/near private drive,03 - P.D. only,06 - SMV unattended vehicle,01 - Clear,07 - Dark,01 - Dry,10 - No control,,1,0,0,0,,0,,,,,350763.8072,5020357.708,45.32166465,-75.91370126,9652
15--4594,2015/03/20,7:01 AM,FINDLAY CREEK DR @ BANK ST (0012407),12407,02 - Intersection related,02 - Non-fatal injury,03 - Rear end,01 - Clear,01 - Daylight,01 - Dry,01 - Traffic signal,01 - Functioning,3,0,0,0,03 - Major,4,,1,3,,375847.4734,5020460.447,45.32049865,-75.5937609,9653
15--4595,2015/03/20,7:27 AM,MEADOWLANDS DR @ MERIVALE RD (0000625),625,02 - Intersection related,03 - P.D. only,04 - Sideswipe,01 - Clear,01 - Daylight,01 - Dry,01 - Traffic signal,01 - Functioning,2,0,0,0,,0,,,,,364859.6638,5023727.92,45.35092501,-75.73350453,9654
15--4596,2015/03/20,8:00 AM,BRONSON AVE btwn SECOND AVE & THIRD AVE (__3ZA3OM),__3ZA3OM,01 - Non intersection,03 - P.D. only,04 - Sideswipe,01 - Clear,01 - Daylight,01 - Dry,10 - No control,,2,0,0,0,,0,,,,,367528.7205,5029139.043,45.3993793,-75.69875737,9655
15--4597,2015/03/20,8:10 AM,CAMEO DR @ MAITLAND AVE (0003215),3215,03 - At intersection,03 - P.D. only,02 - Angle,01 - Clear,01 - Daylight,01 - Dry,02 - Stop sign,01 - Functioning,2,0,0,0,,0,,,,,364151.9942,5025145.66,45.36374191,-75.74236495,9656
15--4598,2015/03/20,8:17 PM,TERRY FOX DR @ PALLADIUM DR/KATIMAVIK RD (0011858),11858,02 - Intersection related,03 - P.D. only,03 - Rear end,01 - Clear,07 - Dark,01 - Dry,01 - Traffic signal,01 - Functioning,2,0,0,0,,0,,,,,351268.7541,5018180.329,45.3020388,-75.90746487,9657
15--4599,2015/03/20,8:20 PM,PLEASANT PARK RD @ ALTA VISTA DR (0008005),8005,02 - Intersection related,03 - P.D. only,03 - Rear end,01 - Clear,07 - Dark,02 - Wet,01 - Traffic signal,01 - Functioning,2,0,0,0,,0,,,,,370363.7954,5028467.066,45.39307334,-75.66263768,9658
15--46,2015/01/02,4:55 PM,HUNTMAR DR btwn CAMPEAU DR & RICHARDSON SIDE RD (__3ZBN0Y),__3ZBN0Y,01 - Non intersection,03 - P.D. only,07 - SMV other,01 - Clear,05 - Dusk,01 - Dry,10 - No control,,1,0,0,0,,0,,,,,348337.9561,5018837.402,45.30813911,-75.9447767,9659
15--460,2015/01/08,4:43 AM,HIGHWAY 417 btwn HWY417 IC110 RAMP55 & HWY417 IC104 RAMP51 (__3ZA2W8),__3ZA2W8,01 - Non intersection,03 - P.D. only,07 - SMV other,03 - Snow,07 - Dark,06 - Ice,10 - No control,,1,0,0,0,,0,,,,,375915.0146,5028129.993,45.3894988,-75.59179626,9660
15--4600,2015/03/20,8:22 AM,HUNT CLUB RD @ BRIDLE PATH DR/DAZE ST (0008214),8214,02 - Intersection related,03 - P.D. only,03 - Rear end,01 - Clear,01 - Daylight,01 - Dry,01 - Traffic signal,01 - Functioning,2,0,0,0,,0,,,,,371289.8076,5023864.101,45.35157017,-75.65143183,9661
15--4601,2015/03/20,9:01 AM,CARDEVCO RD @ CARP RD (0005697),5697,03 - At intersection,02 - Non-fatal injury,99 - Other,01 - Clear,01 - Daylight,01 - Dry,02 - Stop sign,01 - Functioning,2,0,0,0,01 - Minimal,3,3,,,,345930.7169,5017480.483,45.29607416,-75.97558657,9662
15--4602,2015/03/20,9:15 AM,BASELINE RD @ CLYDE AVE (0002343),2343,02 - Intersection related,03 - P.D. only,03 - Rear end,01 - Clear,01 - Daylight,01 - Dry,01 - Traffic signal,01 - Functioning,2,0,0,0,,0,,,,,364359.6672,5024890.995,45.36143285,-75.73974491,9663
15--4603,2015/03/20,9:24 PM,UPPER DWYER HILL RD btwn MARCH RD & OLD ALMONTE RD (__3ZA4QB),__3ZA4QB,01 - Non intersection,03 - P.D. only,07 - SMV other,01 - Clear,07 - Dark,01 - Dry,10 - No control,,1,0,0,0,,0,,,,,335440.8603,5012710.009,45.25368243,-76.10962221,9664
15--4604,2015/03/21,1:15 PM,WALKLEY RD btwn 152 E OF HEATHERINGTON RD & HOLLY LANE (__3ZA2LVB),__3ZA2LVB,01 - Non intersection,03 - P.D. only,06 - SMV unattended vehicle,01 - Clear,01 - Daylight,01 - Dry,10 - No control,,1,0,0,0,,0,,,,,372019.9128,5026943.519,45.37920806,-75.64169607,9665
15--4605,2015/03/21,1:41 AM,STAGECOACH RD btwn KAYCOURT DR & BELMEADE RD (__3ZA2C5),__3ZA2C5,01 - Non intersection,03 - P.D. only,07 - SMV other,01 - Clear,07 - Dark,01 - Dry,10 - No control,,1,0,0,0,,0,,,,,379287.595,4996337.79,45.10309469,-75.55349397,9666
15--4606,2015/03/21,10:00 AM,BENTLEY AVE btwn GIFFORD ST & END (__3ZAAYU),__3ZAAYU,01 - Non intersection,03 - P.D. only,07 - SMV other,03 - Snow,01 - Daylight,03 - Loose snow,10 - No control,,1,0,0,0,,0,,,,,366325.3471,5021948.461,45.33478668,-75.71502219,9667
15--4607,2015/03/21,10:00 PM,HIGHWAY 417 btwn HWY417 IC118 RAMP67 & HWY417 IC117 RAMP36 (__3ZA2YO),__3ZA2YO,01 - Non intersection,03 - P.D. only,04 - Sideswipe,01 - Clear,07 - Dark,06 - Ice,10 - No control,,2,0,0,0,,0,,,,,369758.3922,5031157.278,45.41733532,-75.6700145,9668
15--4608,2015/03/21,10:03 AM,CAMERON ST @ REGIONAL RD 174 (0012883),12883,02 - Intersection related,03 - P.D. only,03 - Rear end,03 - Snow,01 - Daylight,03 - Loose snow,01 - Traffic signal,01 - Functioning,2,0,0,0,,0,,,,,389859.8097,5042617.082,45.51828277,-75.41123267,9669
15--4609,2015/03/21,10:30 PM,RODEO DR btwn HAYLOCK WAY & CLARIDGE DR (__4FPWNY),__4FPWNY,04 - At/near private drive,03 - P.D. only,06 - SMV unattended vehicle,01 - Clear,07 - Dark,06 - Ice,10 - No control,,1,0,0,0,,0,,,,,364655.3514,5015570.558,45.27754312,-75.7370973,9670
15--461,2015/01/08,4:44 PM,KING EDWARD AVE @ SUSSEX DR (0002653),2653,02 - Intersection related,03 - P.D. only,03 - Rear end,01 - Clear,05 - Dusk,04 - Slush,01 - Traffic signal,01 - Functioning,2,0,0,0,,0,,,,,367662.7361,5033502.151,45.43862512,-75.69648909,9671
15--4610,2015/03/21,10:37 AM,BLAIR RD @ REGIONAL RD 174 N/OR174 IC112 RAMP61 (0003617),3617,03 - At intersection,02 - Non-fatal injury,02 - Angle,02 - Rain,01 - Daylight,02 - Wet,01 - Traffic signal,01 - Functioning,2,0,0,0,02 - Minor,2,1,1,,,374634.1551,5032991.66,45.43337045,-75.60746323,9672
15--4611,2015/03/21,10:37 PM,HWY 417 VANIER IC117R63 @ VANIER PKWY (0002101),2101,03 - At intersection,03 - P.D. only,07 - SMV other,04 - Freezing Rain,07 - Dark,06 - Ice,01 - Traffic signal,01 - Functioning,1,0,0,0,,0,,,,,370798.2029,5031399.068,45.41941354,-75.65669769,9673
15--4612,2015/03/21,10:38 AM,KING EDWARD AVE @ YORK ST (0008244),8244,02 - Intersection related,03 - P.D. only,04 - Sideswipe,01 - Clear,01 - Daylight,01 - Dry,01 - Traffic signal,01 - Functioning,2,0,0,0,,0,,,,,368396.7091,5032622.071,45.43064011,-75.68722208,9674
15--4613,2015/03/21,11:29 AM,RED WILLOW DR btwn CRESTDALE ST & MAPLE RUN AVE (__3ZA193),__3ZA193,01 - Non intersection,03 - P.D. only,01 - Approaching,03 - Snow,01 - Daylight,02 - Wet,10 - No control,,2,0,0,0,,0,,,,,380620.6782,5035065.419,45.45140511,-75.53064172,9675
15--4817,2015/03/27,4:58 PM,SHIRLEY'S BROOK DR btwn MARCONI AVE & ARRISDALE CRT (__3ZADKX),__3ZADKX,04 - At/near private drive,03 - P.D. only,02 - Angle,03 - Snow,01 - Daylight,02 - Wet,10 - No control,,2,0,0,0,,0,,,,,350170.3186,5024206.48,45.35633539,-75.92091829,9676
15--4630,2015/03/21,6:36 AM,RIVERSIDE DR btwn KIMBERWICK CRES & MALHOTRA CRT (__3ZA1KW),__3ZA1KW,01 - Non intersection,02 - Non-fatal injury,07 - SMV other,03 - Snow,03 - Dawn,06 - Ice,10 - No control,,1,0,0,0,01 - Minimal,1,1,,,,368198.8872,5022846.848,45.3427034,-75.69100568,9677
15--5172,2015/04/07,8:50 AM,BASELINE RD @ WOODROFFE AVE (0002225),2225,03 - At intersection,03 - P.D. only,04 - Sideswipe,01 - Clear,01 - Daylight,01 - Dry,01 - Traffic signal,01 - Functioning,2,0,0,0,,0,,,,,362550.6541,5023770.987,45.35150647,-75.76296512,9678
15--5173,2015/04/07,8:57 PM,STITTSVILLE MAIN ST btwn CARLETON CATHCART ST & BELL ST (__3ZA3DB),__3ZA3DB,04 - At/near private drive,03 - P.D. only,03 - Rear end,01 - Clear,07 - Dark,01 - Dry,10 - No control,,3,0,0,0,,0,,,,,350651.0474,5012869.655,45.25429226,-75.91583156,9679
15--4987,2015/03/31,8:35 PM,RUMFORD DR btwn VARENNES BLVD & DUPLANTE AVE (__3ZAZQS),__3ZAZQS,04 - At/near private drive,03 - P.D. only,06 - SMV unattended vehicle,01 - Clear,07 - Dark,01 - Dry,10 - No control,,1,0,0,0,,0,,,,,385212.7694,5037958.067,45.4769171,-75.47146844,9680
15--4818,2015/03/27,5:46 PM,DONALD ST @ ST. LAURENT BLVD (0008630),8630,02 - Intersection related,03 - P.D. only,07 - SMV other,01 - Clear,01 - Daylight,01 - Dry,01 - Traffic signal,01 - Functioning,1,0,0,1,,0,,,,,372093.7129,5032472.103,45.42894481,-75.63999938,9681
15--5174,2015/04/07,9:00 AM,BASELINE RD @ WOODROFFE AVE (0002225),2225,02 - Intersection related,03 - P.D. only,04 - Sideswipe,01 - Clear,01 - Daylight,01 - Dry,01 - Traffic signal,01 - Functioning,2,0,0,0,,0,,,,,362548.7263,5023770.987,45.35150663,-75.76298972,9682
15--4988,2015/03/31,9:15 AM,DALHOUSIE ST btwn GUIGUES AVE & ST. PATRICK ST (__3ZA7BL),__3ZA7BL,01 - Non intersection,03 - P.D. only,04 - Sideswipe,01 - Clear,01 - Daylight,01 - Dry,10 - No control,,2,0,0,0,,0,,,,,367940.3512,5032672.87,45.43113853,-75.69304732,9683
15--4631,2015/03/21,6:49 AM,RIVERSIDE DR btwn RIVERGATE WAY & MALHOTRA CRT (__3ZA37M),__3ZA37M,01 - Non intersection,03 - P.D. only,07 - SMV other,03 - Snow,03 - Dawn,03 - Loose snow,10 - No control,,1,0,0,0,,0,,,,,368162.8017,5023093.848,45.34492911,-75.69143446,9684
15--4819,2015/03/27,6:16 PM,PERTH ST btwn OAK LEAF PRIV & MCBEAN ST (__3ZA422),__3ZA422,04 - At/near private drive,02 - Non-fatal injury,02 - Angle,01 - Clear,05 - Dusk,01 - Dry,10 - No control,,2,0,0,0,01 - Minimal,1,1,,,,356723.9872,5006238.285,45.19419946,-75.83915545,9685
15--5175,2015/04/07,9:04 PM,LORRY GREENBERG DR btwn BRAMBLEGROVE CRES & BRAMBLEGROVE CRES (__3ZA8M2),__3ZA8M2,01 - Non intersection,03 - P.D. only,07 - SMV other,01 - Clear,07 - Dark,01 - Dry,10 - No control,,1,0,0,0,,0,,,,,373410.3402,5025717.005,45.36803761,-75.62411471,9686
15--4989,2015/03/31,9:47 PM,HURON AVE @ WELLINGTON ST (0005625),5625,03 - At intersection,03 - P.D. only,02 - Angle,01 - Clear,07 - Dark,01 - Dry,02 - Stop sign,01 - Functioning,2,0,0,0,,0,,,,,364849.3684,5029123.576,45.39947507,-75.73297984,9687
15--4632,2015/03/21,6:50 AM,HIGHWAY 417 btwn HWY417 IC120B RAMP36 & HWY417 IC119B RAMP76 (__3ZA2YU),__3ZA2YU,01 - Non intersection,03 - P.D. only,07 - SMV other,03 - Snow,01 - Daylight,03 - Loose snow,10 - No control,,1,0,0,0,,0,,,,,367950.8063,5030129.331,45.40825166,-75.69323973,9688
15--482,2015/01/08,6:25 AM,HIGHWAY 417 btwn HWY417 IC127 RAMP16 & HWY417 IC127 RAMP63 (__3ZA2UP),__3ZA2UP,01 - Non intersection,03 - P.D. only,07 - SMV other,03 - Snow,07 - Dark,06 - Ice,10 - No control,,1,0,0,0,,0,,,,,361919.51,5024698.362,45.35990262,-75.7709122,9689
15--5176,2015/04/07,9:05 AM,WOODROFFE AVE btwn MIRAMICHI ST & TECUMSEH ST (__3ZA3GS),__3ZA3GS,01 - Non intersection,03 - P.D. only,03 - Rear end,01 - Clear,01 - Daylight,01 - Dry,10 - No control,,2,0,0,0,,0,,,,,362356.2896,5024260.049,45.355923,-75.76538854,9690
15--499,2015/01/08,7:02 PM,HIGHWAY 417 btwn HWY417 IC129 RAMP76 & HWY417 IC129 RAMP26 (__3ZA2RG),__3ZA2RG,01 - Non intersection,03 - P.D. only,04 - Sideswipe,01 - Clear,07 - Dark,02 - Wet,10 - No control,,2,0,0,0,,0,,,,,360447.0407,5023552.459,45.34971024,-75.78983468,9691
15--4633,2015/03/21,7:40 AM,MONTREAL RD btwn BURMA RD & MONTREAL RD (__3ZA2D6),__3ZA2D6,01 - Non intersection,03 - P.D. only,07 - SMV other,03 - Snow,01 - Daylight,03 - Loose snow,10 - No control,,1,0,0,0,,0,,,,,373243.0357,5034515.146,45.44721552,-75.62502889,9692
15--4820,2015/03/27,6:35 PM,CRESTHAVEN DR @ STRANDHERD DR (0010929),10929,02 - Intersection related,02 - Non-fatal injury,03 - Rear end,01 - Clear,05 - Dusk,01 - Dry,01 - Traffic signal,01 - Functioning,2,0,0,0,01 - Minimal,1,1,,,,366814.3881,5015028.673,45.27248015,-75.70964898,9693
15--4821,2015/03/27,7:25 AM,HIGHWAY 417 btwn HWY417 IC119A RAMP67 & HWY417 IC118 RAMP76 (__3ZA2YS),__3ZA2YS,01 - Non intersection,03 - P.D. only,07 - SMV other,99 - Other,01 - Daylight,06 - Ice,10 - No control,,1,0,0,0,,0,,,,,368819.7871,5030650.98,45.41286634,-75.68207176,9694
15--4822,2015/03/27,7:25 AM,HIGHWAY 417 btwn HWY417 IC122 RAMP51 & HWY417 IC122 RAMP15 (__3ZA2R0),__3ZA2R0,01 - Non intersection,03 - P.D. only,07 - SMV other,01 - Clear,01 - Daylight,06 - Ice,10 - No control,,1,0,0,0,,0,,,,,365346.0845,5028880.934,45.39724905,-75.72666557,9695
15--4823,2015/03/27,7:27 AM,HIGHWAY 417 btwn HWY417 IC118 RAMP57 & HWY417 IC118 RAMP35 (__3ZA2YQ),__3ZA2YQ,01 - Non intersection,03 - P.D. only,07 - SMV other,03 - Snow,01 - Daylight,06 - Ice,10 - No control,,1,0,0,0,,0,,,,,369089.0781,5030789.047,45.41408393,-75.6786136,9696
15--4824,2015/03/27,7:27 AM,HIGHWAY 417 btwn HWY417 IC118 RAMP76 & HWY417 IC118 RAMP67 (__3ZA2YR),__3ZA2YR,01 - Non intersection,03 - P.D. only,04 - Sideswipe,03 - Snow,01 - Daylight,06 - Ice,10 - No control,,2,0,0,0,,0,,,,,369360.5582,5030991.935,45.41588445,-75.67511883,9697
15--4825,2015/03/27,7:35 AM,HIGHWAY 417 btwn HWY417 IC124 RAMP57 & HWY417 IC124 RAMP55 (__3ZA2Y1),__3ZA2Y1,01 - Non intersection,03 - P.D. only,07 - SMV other,03 - Snow,01 - Daylight,03 - Loose snow,10 - No control,,1,0,0,0,,0,,,,,364095.2856,5027067.17,45.38103617,-75.74285811,9698
15--4826,2015/03/27,7:35 AM,HIGHWAY 417 btwn HWY417 IC122 RAMP51 & HWY417 IC122 RAMP15 (__3ZA2R0),__3ZA2R0,01 - Non intersection,03 - P.D. only,07 - SMV other,03 - Snow,01 - Daylight,06 - Ice,10 - No control,,1,0,0,0,,0,,,,,365411.5832,5028930.178,45.39768647,-75.725823,9699