Anom_ID,Accident_Date,Accident_Time,Location,Geo_ID,Accident_Location,Classification_of_Accident,Initial_Impact_Type,Environment_Condition,Light,Road_Surface_Condition,Traffic_Control,Traffic_Control_Condition,No__of_Vehicles,No__of_Bicycles,No__of_Motorcycles,No__of_Pedestrians,Max_Injury,No__of_Injuries,No__of_Minimal,No__of_Minor,No__of_Major,No__of_Fatal,X,Y,Latitude,Longitude,ObjectId
15--4827,2015/03/27,7:37 PM,BASELINE RD @ FISHER AVE (0002346),2346,02 - Intersection related,03 - P.D. only,03 - Rear end,03 - Snow,07 - Dark,03 - Loose snow,01 - Traffic signal,01 - Functioning,2,0,0,0,,0,,,,,366167.4165,5026026.725,45.37149601,-75.71653079,9700
15--4828,2015/03/27,7:40 AM,HIGHWAY 417 btwn HWY417 IC124 RAMP76 & HWY417 IC124 RAMP67 (__3ZA2R7),__3ZA2R7,01 - Non intersection,03 - P.D. only,07 - SMV other,03 - Snow,01 - Daylight,06 - Ice,10 - No control,,1,0,0,0,,0,,,,,364362.4336,5027449.36,45.38445238,-75.73940108,9701
15--4829,2015/03/27,7:45 AM,MACFARLANE RD @ DEAKIN ST (0000197),197,02 - Intersection related,03 - P.D. only,03 - Rear end,03 - Snow,01 - Daylight,05 - Packed snow,02 - Stop sign,01 - Functioning,2,0,0,0,,0,,,,,367252.9655,5021559.981,45.33120925,-75.70323723,9702
15--483,2015/01/08,6:27 AM,BANK ST/PRETORIA AVE @ CHAMBERLAIN AVE S (0006980),6980,03 - At intersection,03 - P.D. only,02 - Angle,01 - Clear,07 - Dark,03 - Loose snow,02 - Stop sign,01 - Functioning,2,0,0,0,,0,,,,,368107.1674,5030105.129,45.40801978,-75.6912455,9703
15--4830,2015/03/27,7:45 AM,HUNT CLUB RD btwn BLOHM DR & HAWTHORNE RD (__3ZA2F2),__3ZA2F2,01 - Non intersection,03 - P.D. only,03 - Rear end,03 - Snow,01 - Daylight,06 - Ice,10 - No control,,2,0,0,0,,0,,,,,375219.3846,5026242.048,45.37258228,-75.60094827,9704
15--4831,2015/03/27,7:45 AM,HIGHWAY 417 btwn HWY417 IC118 RAMP57 & HWY417 IC118 RAMP35 (__3ZA2YQ),__3ZA2YQ,01 - Non intersection,03 - P.D. only,07 - SMV other,03 - Snow,01 - Daylight,03 - Loose snow,10 - No control,,1,0,0,0,,0,,,,,369435.6485,5031025.148,45.41617635,-75.67415515,9705
15--4832,2015/03/27,7:46 AM,HUNT CLUB RD btwn ESSON ST & BLOHM DR (__3ZA2F1),__3ZA2F1,01 - Non intersection,03 - P.D. only,03 - Rear end,03 - Snow,01 - Daylight,06 - Ice,10 - No control,,2,0,0,0,,0,,,,,375044.9267,5026137.952,45.37166318,-75.60319012,9706
15--4833,2015/03/27,7:47 AM,AIRPORT PKWY btwn AIRPORT PKWY/WALKLEY RD SOUTHBOUND ON RAMP           (__3ZA1KS),__3ZA1KS,01 - Non intersection,03 - P.D. only,07 - SMV other,03 - Snow,01 - Daylight,06 - Ice,10 - No control,,1,0,0,0,,0,,,,,370182.9176,5025347.112,45.36501794,-75.6653607,9707
15--4834,2015/03/27,7:50 AM,HIGHWAY 417 btwn HWY417 IC115 RAMP25 & REGIONAL ROAD 174 (__3ZA2RY),__3ZA2RY,01 - Non intersection,03 - P.D. only,99 - Other,03 - Snow,01 - Daylight,06 - Ice,10 - No control,,2,0,0,0,,0,,,,,373192.0144,5031662.931,45.42155774,-75.62607728,9708
15--4835,2015/03/27,7:56 AM,IRIS ST @ WOODROFFE AVE (0002736),2736,02 - Intersection related,03 - P.D. only,04 - Sideswipe,03 - Snow,01 - Daylight,02 - Wet,01 - Traffic signal,01 - Functioning,2,0,0,0,,0,,,,,362282.6921,5024441.29,45.35755983,-75.76630673,9709
15--4836,2015/03/27,7:58 AM,HERON RD @ WALKLEY RD (0011256),11256,03 - At intersection,03 - P.D. only,04 - Sideswipe,03 - Snow,01 - Daylight,02 - Wet,01 - Traffic signal,01 - Functioning,2,0,0,0,,0,,,,,372267.1751,5027083.937,45.38044772,-75.63852005,9710
15--4837,2015/03/27,8:10 AM,CEDARVIEW RD @ WEST HUNT CLUB RD (0010267),10267,02 - Intersection related,02 - Non-fatal injury,03 - Rear end,03 - Snow,01 - Daylight,02 - Wet,01 - Traffic signal,01 - Functioning,2,0,0,0,01 - Minimal,1,1,,,,359718.6774,5019554.96,45.31379805,-75.79957285,9711
15--4838,2015/03/27,8:11 AM,BASELINE RD btwn MARSON ST & FISHER AVE (__3ZA4JL),__3ZA4JL,01 - Non intersection,03 - P.D. only,03 - Rear end,03 - Snow,01 - Daylight,02 - Wet,10 - No control,,2,0,0,0,,0,,,,,366065.4888,5025961.545,45.37091846,-75.71784005,9712
15--4839,2015/03/27,8:13 AM,HERON RD @ WALKLEY RD (0011256),11256,02 - Intersection related,03 - P.D. only,07 - SMV other,01 - Clear,01 - Daylight,06 - Ice,01 - Traffic signal,01 - Functioning,1,0,0,0,,0,,,,,372266.2112,5027081.045,45.38042179,-75.63853275,9713
15--484,2015/01/08,6:33 AM,BASELINE RD btwn ZENA ST & MARSON ST (__3ZA4JJ),__3ZA4JJ,01 - Non intersection,03 - P.D. only,03 - Rear end,03 - Snow,07 - Dark,06 - Ice,10 - No control,,2,0,0,0,,0,,,,,365641.2271,5025695.759,45.36856392,-75.72328872,9714
15--4840,2015/03/27,8:15 AM,CARLING AVE @ CLYDE AVE/COLE AVE (0006984),6984,02 - Intersection related,03 - P.D. only,03 - Rear end,03 - Snow,01 - Daylight,02 - Wet,01 - Traffic signal,01 - Functioning,2,0,0,0,,0,,,,,363520.2087,5026851.385,45.379143,-75.7502263,9715
15--4841,2015/03/27,8:15 AM,BASELINE RD @ MERIVALE RD (0002342),2342,02 - Intersection related,03 - P.D. only,03 - Rear end,04 - Freezing Rain,01 - Daylight,06 - Ice,01 - Traffic signal,01 - Functioning,2,0,0,0,,0,,,,,365054.6964,5025325.033,45.36527886,-75.73082102,9716
15--4842,2015/03/27,8:15 AM,HIGHWAY 417 btwn HWY417 IC121A RAMP61 & HWY417 IC120B RAMP36 (__3ZA2YV),__3ZA2YV,01 - Non intersection,03 - P.D. only,03 - Rear end,03 - Snow,01 - Daylight,06 - Ice,10 - No control,,3,0,0,0,,0,,,,,367537.8099,5029883.121,45.40607348,-75.69854662,9717
15--4843,2015/03/27,8:16 AM,PAUL ANKA DR @ UPLANDS DR (0007476),7476,02 - Intersection related,02 - Non-fatal injury,03 - Rear end,03 - Snow,01 - Daylight,06 - Ice,02 - Stop sign,01 - Functioning,2,0,0,0,02 - Minor,1,,1,,,369459.6511,5023574.07,45.34913168,-75.67482444,9718
15--4844,2015/03/27,8:16 AM,CAHILL DR    W btwn UPLANDS DR & TWYFORD ST (__3ZBN64),__3ZBN64,04 - At/near private drive,03 - P.D. only,02 - Angle,03 - Snow,01 - Daylight,06 - Ice,10 - No control,,2,0,0,0,,0,,,,,370163.2749,5023320.829,45.34678787,-75.66587933,9719
15--4845,2015/03/27,8:25 AM,LEITRIM RD @ ALBION RD (0012479),12479,02 - Intersection related,02 - Non-fatal injury,03 - Rear end,03 - Snow,01 - Daylight,03 - Loose snow,01 - Traffic signal,01 - Functioning,2,0,0,0,02 - Minor,1,,1,,,373497.8086,5020419.257,45.32036189,-75.62373395,9720
15--4846,2015/03/27,8:25 AM,GARDENWAY DR @ NORTHLANDS DR (0012954),12954,02 - Intersection related,03 - P.D. only,03 - Rear end,01 - Clear,01 - Daylight,01 - Dry,02 - Stop sign,01 - Functioning,2,0,0,0,,0,,,,,384939.1019,5036990.892,45.46824686,-75.475126,9721
15--4847,2015/03/27,8:25 AM,CARLING AVE @ CHAMPAGNE AVE (0002024),2024,02 - Intersection related,03 - P.D. only,04 - Sideswipe,03 - Snow,01 - Daylight,02 - Wet,01 - Traffic signal,01 - Functioning,2,0,0,0,,0,,,,,366626.7365,5028810.059,45.39649942,-75.71031867,9722
15--4848,2015/03/27,8:27 AM,HUNT CLUB RD btwn LORRY GREENBERG DR & PIKE ST (__3ZA3S3),__3ZA3S3,01 - Non intersection,02 - Non-fatal injury,03 - Rear end,03 - Snow,01 - Daylight,02 - Wet,10 - No control,,2,0,0,0,02 - Minor,2,,2,,,373208.0638,5025038.873,45.36195582,-75.62679057,9723
15--4849,2015/03/27,8:27 AM,APPLE HILL DR @ SIEVERIGHT AVE (0010125),10125,02 - Intersection related,03 - P.D. only,03 - Rear end,03 - Snow,01 - Daylight,06 - Ice,02 - Stop sign,01 - Functioning,2,0,0,0,,0,,,,,372434.7294,5024311.192,45.35548345,-75.6367604,9724
15--485,2015/01/08,6:35 AM,HIGHWAY 417 btwn HWY417 IC130 RAMP25 & HIGHWAY 417 (__3ZA2UW),__3ZA2UW,01 - Non intersection,03 - P.D. only,03 - Rear end,03 - Snow,07 - Dark,06 - Ice,10 - No control,,2,0,0,0,,0,,,,,359651.64,5023117.135,45.34585586,-75.80003307,9725
15--4850,2015/03/27,8:27 AM,HIGHWAY 417 btwn HWY417 IC123 RAMP62 & HWY417 IC122 RAMP16 (__3ZA2R9),__3ZA2R9,01 - Non intersection,03 - P.D. only,07 - SMV other,03 - Snow,01 - Daylight,06 - Ice,10 - No control,,1,0,0,0,,0,,,,,365104.9293,5028678.046,45.39544432,-75.72977028,9726
15--4851,2015/03/27,8:30 AM,HIGHWAY 417 btwn HWY417 IC122 RAMP61 & HWY417 IC121B RAMP16 (__3ZA2Y4),__3ZA2Y4,01 - Non intersection,03 - P.D. only,07 - SMV other,03 - Snow,01 - Daylight,06 - Ice,10 - No control,,1,0,0,0,,0,,,,,366557.4316,5029528.012,45.40296549,-75.71111388,9727
15--4852,2015/03/27,8:30 AM,HIGHWAY 417 btwn HWY417 IC112 RAMP66 & HWY417 IC113 RAMP65 (__3ZA284),__3ZA284,01 - Non intersection,03 - P.D. only,03 - Rear end,03 - Snow,01 - Daylight,06 - Ice,10 - No control,,2,0,0,0,,0,,,,,374177.574,5031435.495,45.41941435,-75.61351719,9728
15--4853,2015/03/27,8:30 PM,COLONEL BY DR @ HAWTHORNE AVE/PRETORIA BRIDGE (0002122),2122,03 - At intersection,03 - P.D. only,05 - Turning movement,01 - Clear,07 - Dark,01 - Dry,01 - Traffic signal,01 - Functioning,2,0,0,0,,0,,,,,368766.0966,5030529.324,45.41177663,-75.68277344,9729
15--4854,2015/03/27,8:33 AM,CHARLEMAGNE BLVD @ ORCHARDVIEW AVE (0004812),4812,02 - Intersection related,03 - P.D. only,03 - Rear end,03 - Snow,01 - Daylight,02 - Wet,02 - Stop sign,01 - Functioning,2,0,0,0,,0,,,,,384506.7567,5037242.936,45.47056398,-75.48061337,9730
15--4855,2015/03/27,8:34 AM,FISHER AVE @ DEER PARK RD/DYNES RD (0002341),2341,02 - Intersection related,03 - P.D. only,03 - Rear end,01 - Clear,01 - Daylight,06 - Ice,01 - Traffic signal,01 - Functioning,2,0,0,0,,0,,,,,366407.7095,5025455.045,45.36633107,-75.71353459,9731
15--4856,2015/03/27,8:37 AM,BANK ST @ ST. BERNARD ST (0012406),12406,02 - Intersection related,02 - Non-fatal injury,03 - Rear end,01 - Clear,01 - Daylight,06 - Ice,01 - Traffic signal,01 - Functioning,2,0,0,0,01 - Minimal,1,1,,,,373005.7037,5023708.981,45.35000968,-75.62955682,9732
15--4857,2015/03/27,8:40 AM,BANK ST @ ROSEBELLA AVE (0009238),9238,02 - Intersection related,02 - Non-fatal injury,03 - Rear end,03 - Snow,01 - Daylight,03 - Loose snow,01 - Traffic signal,01 - Functioning,2,0,0,0,02 - Minor,1,,1,,,373206.2023,5023549.825,45.34855812,-75.62702036,9733
15--4858,2015/03/27,8:44 AM,ALBION RD @ KITCHENER AVE (0012080),12080,03 - At intersection,03 - P.D. only,02 - Angle,03 - Snow,01 - Daylight,03 - Loose snow,02 - Stop sign,01 - Functioning,2,0,0,0,,0,,,,,371219.8443,5025903.788,45.36992923,-75.65205052,9734
15--4859,2015/03/27,8:45 AM,HIGHWAY 417 btwn HWY417 IC115 RAMP36 & HWY417 IC115 RAMP26 (__3ZA2R4),__3ZA2R4,01 - Non intersection,03 - P.D. only,04 - Sideswipe,03 - Snow,01 - Daylight,04 - Slush,10 - No control,,2,0,0,0,,0,,,,,372039.6679,5031473.04,45.4199609,-75.64082636,9735
15--486,2015/01/08,6:36 AM,INNES RD btwn BLAIR RD & ANDERSON RD (__3ZA3JZ),__3ZA3JZ,01 - Non intersection,03 - P.D. only,04 - Sideswipe,"07 - Fog, mist, smoke, dust",07 - Dark,06 - Ice,10 - No control,,2,0,0,0,,0,,,,,375750.3012,5031559.555,45.42037285,-75.59340606,9736
15--4860,2015/03/27,8:47 AM,D'AOUST AVE btwn TIMBERMILL ST & ST. BERNARD ST (__3ZA8PQ),__3ZA8PQ,01 - Non intersection,03 - P.D. only,04 - Sideswipe,04 - Freezing Rain,01 - Daylight,03 - Loose snow,10 - No control,,2,0,0,0,,0,,,,,372616.592,5023607.436,45.34913374,-75.63453603,9737
15--4861,2015/03/27,8:50 AM,MARCH RD @ SECOND LINE RD (0008850),8850,02 - Intersection related,03 - P.D. only,03 - Rear end,03 - Snow,01 - Daylight,02 - Wet,01 - Traffic signal,01 - Functioning,2,0,0,0,,0,,,,,346105.5173,5025327.043,45.36666977,-75.9727032,9738
15--4862,2015/03/27,8:57 AM,MEADOWLANDS DR btwn ASHWOOD CRES & BAYNE AVE (__3ZA4HS),__3ZA4HS,01 - Non intersection,03 - P.D. only,01 - Approaching,01 - Clear,01 - Daylight,01 - Dry,10 - No control,,2,0,0,0,,0,,,,,364714.1216,5023643.101,45.35017427,-75.73537209,9739
15--4863,2015/03/27,9:10 AM,PRINCE OF WALES DR btwn WELLSMERE CRT & RIDEAU HEIGHTS LANE (__3ZA29P),__3ZA29P,01 - Non intersection,03 - P.D. only,07 - SMV other,03 - Snow,01 - Daylight,06 - Ice,10 - No control,,1,0,0,0,,0,,,,,367437.0591,5022603.957,45.34058635,-75.7007567,9740
15--4864,2015/03/27,9:11 AM,HUNT CLUB RD @ MALAK ST (0007737),7737,02 - Intersection related,03 - P.D. only,99 - Other,01 - Clear,01 - Daylight,01 - Dry,02 - Stop sign,01 - Functioning,2,0,0,0,,0,,,,,374195.6627,5025653.035,45.36738472,-75.6140994,9741
15--4865,2015/03/27,9:26 AM,HIGHWAY 417 btwn HWY417 IC115 RAMP36 & HWY417 IC115 RAMP26 (__3ZA2R4),__3ZA2R4,01 - Non intersection,03 - P.D. only,04 - Sideswipe,03 - Snow,01 - Daylight,04 - Slush,10 - No control,,2,0,0,0,,0,,,,,372123.4224,5031484.592,45.42005678,-75.63975471,9742
15--4866,2015/03/27,9:31 PM,BELCOURT BLVD @ ST. JOSEPH BLVD (0004138),4138,02 - Intersection related,03 - P.D. only,04 - Sideswipe,01 - Clear,07 - Dark,01 - Dry,01 - Traffic signal,01 - Functioning,2,0,0,0,,0,,,,,381204.537,5037360.466,45.47199049,-75.52282157,9743
15--4867,2015/03/27,9:34 AM,CHARKAY ST @ CHESTERTON DR (0001033),1033,02 - Intersection related,03 - P.D. only,03 - Rear end,01 - Clear,01 - Daylight,02 - Wet,02 - Stop sign,01 - Functioning,2,0,0,0,,0,,,,,365665.7867,5023925.739,45.35263546,-75.7231932,9744
15--4868,2015/03/27,9:53 AM,REGIONAL ROAD 174 btwn HWY417 IC113 RAMP67 & Continuation of REGIONAL  (__3ZA28A),__3ZA28A,01 - Non intersection,03 - P.D. only,03 - Rear end,01 - Clear,01 - Daylight,02 - Wet,10 - No control,,2,0,0,0,,0,,,,,373528.1407,5031899.178,45.42365043,-75.62174976,9745
15--4869,2015/03/28,1:00 PM,CLYDE AVE btwn BONNIE CRES & MAITLAND AVE (__3ZAAO0),__3ZAAO0,01 - Non intersection,03 - P.D. only,06 - SMV unattended vehicle,01 - Clear,01 - Daylight,01 - Dry,10 - No control,,1,0,0,0,,0,,,,,364151.5436,5025377.73,45.36583008,-75.74234283,9746
15--487,2015/01/08,6:38 PM,MONTREAL RD btwn OR174 IC109 RAMP65 & ST. JOSEPH BLVD (__3ZA25O),__3ZA25O,01 - Non intersection,03 - P.D. only,03 - Rear end,01 - Clear,07 - Dark,05 - Packed snow,10 - No control,,4,0,0,0,,0,,,,,376430.3088,5034995.743,45.45122027,-75.58421815,9747
15--4870,2015/03/28,1:02 PM,MAPLE GROVE RD @ TERRY FOX DR (0003177),3177,02 - Intersection related,03 - P.D. only,03 - Rear end,01 - Clear,01 - Daylight,01 - Dry,01 - Traffic signal,01 - Functioning,2,0,0,0,,0,,,,,351553.6086,5017863.019,45.29916466,-75.90386274,9748
15--4871,2015/03/28,1:08 AM,CEDARVIEW RD @ HWY 416 WESTHUNT IC72R24 (0005514),5514,03 - At intersection,03 - P.D. only,99 - Other,01 - Clear,07 - Dark,01 - Dry,02 - Stop sign,01 - Functioning,2,0,0,0,,0,,,,,359608.9274,5019743.866,45.31550641,-75.80095159,9749
15--4872,2015/03/28,1:18 PM,CARLING AVE @ CHURCHILL AVE (0002149),2149,02 - Intersection related,03 - P.D. only,03 - Rear end,01 - Clear,01 - Daylight,01 - Dry,01 - Traffic signal,01 - Functioning,2,0,0,0,,0,,,,,363776.6595,5027013.056,45.38057615,-75.74693276,9750
15--4873,2015/03/28,10:11 PM,TERRY FOX DR @ PALLADIUM DR/KATIMAVIK RD (0011858),11858,02 - Intersection related,03 - P.D. only,02 - Angle,01 - Clear,07 - Dark,01 - Dry,01 - Traffic signal,01 - Functioning,2,0,0,0,,0,,,,,351269.959,5018181.414,45.30204849,-75.90744941,9751
15--4874,2015/03/28,10:25 PM,THORNBURY CRES btwn REDDING WAY & REDDING WAY (__3ZBO79),__3ZBO79,01 - Non intersection,03 - P.D. only,06 - SMV unattended vehicle,01 - Clear,07 - Dark,01 - Dry,10 - No control,,1,0,0,0,,0,,,,,362011.6143,5023345.918,45.34772591,-75.76989316,9752
15--4875,2015/03/28,10:26 PM,STRANDHERD DR @ WOODROFFE AVE (0009688),9688,02 - Intersection related,03 - P.D. only,03 - Rear end,01 - Clear,07 - Dark,01 - Dry,01 - Traffic signal,01 - Functioning,2,0,0,0,,0,,,,,366105.1375,5015394.895,45.27583759,-75.71864205,9753
15--4876,2015/03/28,10:39 AM,GLADSTONE AVE @ METCALFE ST (0002709),2709,02 - Intersection related,03 - P.D. only,03 - Rear end,01 - Clear,01 - Daylight,01 - Dry,01 - Traffic signal,01 - Functioning,2,0,0,0,,0,,,,,368229.7478,5030750.087,45.4138118,-75.68959669,9754
15--4877,2015/03/28,11:02 AM,ATHLONE AVE @ RICHMOND RD (0006293),6293,03 - At intersection,03 - P.D. only,02 - Angle,01 - Clear,01 - Daylight,01 - Dry,01 - Traffic signal,01 - Functioning,2,0,0,0,,0,,,,,363454.6534,5028442.038,45.39346094,-75.75087424,9755
15--4878,2015/03/28,Unknown,SABLE RIDGE DR btwn COURTYARD CRES & COURTYARD CRES (__3ZA50W),__3ZA50W,01 - Non intersection,03 - P.D. only,06 - SMV unattended vehicle,01 - Clear,00 - Unknown,01 - Dry,10 - No control,,1,0,0,0,,0,,,,,372691.1432,5024534.802,45.35747063,-75.63345739,9756
15--4879,2015/03/28,12:08 AM,BANK ST btwn HOPEWELL AVE & GLEN AVE (__3ZA3N3),__3ZA3N3,01 - Non intersection,03 - P.D. only,06 - SMV unattended vehicle,01 - Clear,07 - Dark,01 - Dry,10 - No control,,1,0,0,0,,0,,,,,368776.4191,5028490.54,45.39343137,-75.68290606,9757
15--488,2015/01/08,6:44 AM,INNES RD btwn PRESTWICK DR & TENTH LINE RD (__3ZA3Y7),__3ZA3Y7,01 - Non intersection,03 - P.D. only,03 - Rear end,03 - Snow,07 - Dark,06 - Ice,10 - No control,,3,0,0,0,,0,,,,,383813.929,5036102.211,45.46037951,-75.48965607,9758
15--4880,2015/03/28,12:08 PM,RIVERSIDE DR NB btwn INDUSTRIAL AVE & TREMBLAY RD (__3ZA4SE),__3ZA4SE,01 - Non intersection,03 - P.D. only,03 - Rear end,01 - Clear,01 - Daylight,01 - Dry,10 - No control,,2,0,0,0,,0,,,,,370693.3933,5030608.457,45.41230982,-75.65814248,9759
15--4881,2015/03/28,12:10 PM,ROBERTSON RD btwn FITZGERALD RD & MOODIE DR (__3ZA411),__3ZA411,04 - At/near private drive,03 - P.D. only,02 - Angle,01 - Clear,01 - Daylight,01 - Dry,10 - No control,,2,0,0,0,,0,,,,,357032.6846,5020437.392,45.32194321,-75.83373429,9760
15--4882,2015/03/28,12:29 PM,ELGIN ST @ SOMERSET ST (0006936),6936,03 - At intersection,03 - P.D. only,04 - Sideswipe,01 - Clear,01 - Daylight,01 - Dry,01 - Traffic signal,01 - Functioning,2,0,0,0,,0,,,,,368166.6363,5031198.09,45.4178485,-75.69034534,9761
15--4883,2015/03/28,2:02 PM,DALHOUSIE ST @ ST. PATRICK ST (0008242),8242,02 - Intersection related,03 - P.D. only,05 - Turning movement,01 - Clear,01 - Daylight,01 - Dry,01 - Traffic signal,01 - Functioning,2,0,0,0,,0,,,,,367957.7006,5032640.941,45.43084968,-75.69282971,9762
15--4884,2015/03/28,2:16 PM,FROBISHER LANE W @ RIVERSIDE DR (0011961),11961,02 - Intersection related,03 - P.D. only,03 - Rear end,01 - Clear,01 - Daylight,01 - Dry,01 - Traffic signal,01 - Functioning,2,0,0,0,,0,,,,,370117.8491,5029601.083,45.4032998,-75.66562834,9763
15--5177,2015/04/07,9:45 PM,KING EDWARD AVE @ MURRAY ST (0002713),2713,03 - At intersection,02 - Non-fatal injury,07 - SMV other,01 - Clear,07 - Dark,01 - Dry,01 - Traffic signal,01 - Functioning,1,0,0,1,02 - Minor,1,,1,,,368292.6637,5032753.1,45.43182851,-75.68853477,9764
15--4634,2015/03/21,8:19 AM,ALTA VISTA DR @ CUNNINGHAM AVE (0008112),8112,02 - Intersection related,03 - P.D. only,07 - SMV other,03 - Snow,01 - Daylight,03 - Loose snow,02 - Stop sign,01 - Functioning,1,0,0,0,,0,,,,,370343.8349,5028018.238,45.38903682,-75.6629522,9765
15--4990,2015/04/01,1:15 PM,LEWIS ST @ METCALFE ST (0007288),7288,02 - Intersection related,03 - P.D. only,05 - Turning movement,01 - Clear,01 - Daylight,01 - Dry,02 - Stop sign,00 - Unknown,2,0,0,0,,0,,,,,368120.7121,5030923.093,45.41537833,-75.69096741,9766
15--5178,2015/04/07,9:46 AM,PRINCE OF WALES DR @ WATERBRIDGE DR (0009687),9687,02 - Intersection related,03 - P.D. only,03 - Rear end,01 - Clear,01 - Daylight,01 - Dry,01 - Traffic signal,00 - Unknown,3,0,0,0,,0,,,,,367316.3349,5015946.201,45.28069155,-75.70313692,9767
15--5179,2015/04/08,1:15 PM,BOULDER WAY btwn SAFFRON CRT & TAMARACK PL (__3ZA1BV),__3ZA1BV,04 - At/near private drive,03 - P.D. only,06 - SMV unattended vehicle,01 - Clear,01 - Daylight,01 - Dry,10 - No control,,1,0,0,0,,0,,,,,364264.434,5016985.773,45.29031038,-75.74190981,9768
15--4991,2015/04/01,10:00 AM,ST. LAURENT BLVD btwn DONALD ST & 125 N OF QUEEN MARY ST (__3ZA2CFA),__3ZA2CFA,01 - Non intersection,03 - P.D. only,03 - Rear end,01 - Clear,01 - Daylight,01 - Dry,10 - No control,,2,0,0,0,,0,,,,,372104.3153,5032448.007,45.42872698,-75.63986719,9769
15--4635,2015/03/21,9:06 PM,DONALD ST @ ST. LAURENT BLVD (0008630),8630,02 - Intersection related,03 - P.D. only,03 - Rear end,01 - Clear,07 - Dark,01 - Dry,01 - Traffic signal,01 - Functioning,3,0,0,0,,0,,,,,372092.749,5032471.139,45.42893623,-75.64001183,9770
15--518,2015/01/08,8:38 AM,RAMSAYVILLE RD @ MITCH OWENS RD (0003575),3575,03 - At intersection,03 - P.D. only,03 - Rear end,03 - Snow,01 - Daylight,06 - Ice,02 - Stop sign,00 - Unknown,2,0,0,0,,0,,,,,381142.8637,5018037.026,45.29813821,-75.52659885,9771
15--4992,2015/04/01,10:00 PM,LAKERIDGE DR btwn HARVEST VALLEY AVE W & LAKERIDGE DR N (__5Z1RS6),__5Z1RS6,01 - Non intersection,03 - P.D. only,06 - SMV unattended vehicle,01 - Clear,07 - Dark,01 - Dry,10 - No control,,1,0,0,0,,0,,,,,385006.5282,5034557.975,45.44635002,-75.47466067,9772
15--5180,2015/04/08,10:06 AM,BESSERER ST btwn CUMBERLAND ST & KING EDWARD AVE (__3ZA8Z6),__3ZA8Z6,04 - At/near private drive,03 - P.D. only,05 - Turning movement,01 - Clear,01 - Daylight,01 - Dry,10 - No control,,2,0,0,0,,0,,,,,368530.4642,5032327.57,45.42797812,-75.68555095,9773
15--4993,2015/04/01,10:12 AM,MONTREAL RD @ ST. LAURENT BLVD (0002604),2604,02 - Intersection related,03 - P.D. only,03 - Rear end,01 - Clear,01 - Daylight,01 - Dry,01 - Traffic signal,01 - Functioning,2,0,0,0,,0,,,,,371544.739,5033817.113,45.44109919,-75.64683202,9774
15--5181,2015/04/08,10:15 AM,CHARLOTTE ST @ STEWART ST (0007742),7742,02 - Intersection related,03 - P.D. only,03 - Rear end,01 - Clear,01 - Daylight,01 - Dry,01 - Traffic signal,01 - Functioning,2,0,0,0,,0,,,,,369373.9521,5032658.356,45.43087704,-75.67472927,9775
15--4994,2015/04/01,11:08 AM,CARP RD @ HAZELDEAN RD (0000086),86,02 - Intersection related,03 - P.D. only,03 - Rear end,01 - Clear,01 - Daylight,01 - Dry,01 - Traffic signal,01 - Functioning,2,0,0,0,,0,,,,,348804.5759,5014358.99,45.26781177,-75.93922359,9776
15--4636,2015/03/21,9:53 PM,KANATA AVE @ LORD BYNG WAY/MARITIME WAY (0009115),9115,02 - Intersection related,03 - P.D. only,03 - Rear end,01 - Clear,07 - Dark,01 - Dry,01 - Traffic signal,01 - Functioning,2,0,0,0,,0,,,,,351430.5964,5019329.864,45.31237189,-75.90529314,9777
15--5182,2015/04/08,10:15 AM,FALLOWFIELD RD @ WOODROFFE AVE (0010372),10372,02 - Intersection related,03 - P.D. only,03 - Rear end,01 - Clear,01 - Daylight,01 - Dry,01 - Traffic signal,01 - Functioning,2,0,0,0,,0,,,,,365083.4633,5017903.07,45.29849439,-75.73135775,9778
15--4995,2015/04/01,12:00 PM,SLATER ST btwn BANK ST & O'CONNOR ST (__3ZA35K),__3ZA35K,01 - Non intersection,03 - P.D. only,06 - SMV unattended vehicle,01 - Clear,01 - Daylight,01 - Dry,10 - No control,,1,0,0,0,,0,,,,,367435.3312,5031359.421,45.41936596,-75.69966802,9779
15--4637,2015/03/22,1:11 AM,BROPHY DR @ FOURTH LINE RD (0003596),3596,03 - At intersection,03 - P.D. only,07 - SMV other,01 - Clear,07 - Dark,01 - Dry,02 - Stop sign,01 - Functioning,1,0,0,0,,0,,,,,360738.6398,5005671.819,45.18879521,-75.78812771,9780
15--5183,2015/04/08,10:19 AM,BURLAND ST @ CARLING AVE (0002773),2773,03 - At intersection,02 - Non-fatal injury,05 - Turning movement,01 - Clear,01 - Daylight,01 - Dry,02 - Stop sign,00 - Unknown,2,1,0,0,02 - Minor,1,,1,,,359278.6708,5024165.959,45.35532225,-75.80467666,9781
15--4996,2015/04/01,12:04 AM,HIGHWAY 417 btwn HWY417 IC118 RAMP35 & HWY417 IC117 RAMP51 (__3ZA2YP),__3ZA2YP,01 - Non intersection,03 - P.D. only,04 - Sideswipe,01 - Clear,07 - Dark,01 - Dry,10 - No control,,2,0,0,0,,0,,,,,370244.3128,5031107.459,45.41684179,-75.66381308,9782
15--4997,2015/04/01,12:26 PM,PRINCE OF WALES DR @ STRANDHERD DR (0013339),13339,02 - Intersection related,02 - Non-fatal injury,99 - Other,01 - Clear,01 - Daylight,01 - Dry,01 - Traffic signal,01 - Functioning,3,0,0,0,02 - Minor,1,,1,,,367174.3259,5014824.673,45.27061274,-75.70508777,9783