Anom_ID,Accident_Date,Accident_Time,Location,Geo_ID,Accident_Location,Classification_of_Accident,Initial_Impact_Type,Environment_Condition,Light,Road_Surface_Condition,Traffic_Control,Traffic_Control_Condition,No__of_Vehicles,No__of_Bicycles,No__of_Motorcycles,No__of_Pedestrians,Max_Injury,No__of_Injuries,No__of_Minimal,No__of_Minor,No__of_Major,No__of_Fatal,X,Y,Latitude,Longitude,ObjectId
15--4998,2015/04/01,2:02 PM,O'CONNOR ST @ THIRD AVE (0007407),7407,03 - At intersection,03 - P.D. only,02 - Angle,01 - Clear,01 - Daylight,01 - Dry,02 - Stop sign,01 - Functioning,2,0,0,0,,0,,,,,368639.6444,5029731.042,45.4046055,-75.68449219,9784
15--4999,2015/04/01,2:41 AM,BANK ST btwn PHILNOR ST & SALE BARN RD (__3ZA28K),__3ZA28K,01 - Non intersection,03 - P.D. only,07 - SMV other,01 - Clear,07 - Dark,01 - Dry,10 - No control,,1,0,0,0,,0,,,,,379634.9407,5013733.278,45.25957731,-75.54647161,9785
15--50,2015/01/02,7:05 AM,GREENBANK RD btwn 220 N OF STRANDHERD DR & STRANDHERD DR (__3ZA4JFB),__3ZA4JFB,01 - Non intersection,03 - P.D. only,07 - SMV other,01 - Clear,03 - Dawn,01 - Dry,10 - No control,,1,0,0,0,,0,,,,,363895.3915,5014877.302,45.27136948,-75.74686525,9786
15--500,2015/01/08,7:05 PM,STITTSVILLE MAIN ST @ HAZELDEAN RD (0000050),50,02 - Intersection related,03 - P.D. only,03 - Rear end,01 - Clear,07 - Dark,04 - Slush,01 - Traffic signal,01 - Functioning,2,0,0,0,,0,,,,,349558.88,5014879.078,45.2724441,-75.92956464,9787
15--5000,2015/04/01,2:53 PM,RUSSELL AVE @ TEMPLETON ST (0007310),7310,03 - At intersection,03 - P.D. only,02 - Angle,01 - Clear,01 - Daylight,01 - Dry,02 - Stop sign,01 - Functioning,2,0,0,0,,0,,,,,369361.6705,5031686.097,45.42213016,-75.67501366,9788
15--5001,2015/04/01,3:24 PM,NAVAHO DR @ WOODROFFE AVE/TRANSITWAY N BASELIN (0010359),10359,02 - Intersection related,03 - P.D. only,03 - Rear end,01 - Clear,01 - Daylight,01 - Dry,01 - Traffic signal,01 - Functioning,2,0,0,0,,0,,,,,362703.9007,5023493.337,45.34899556,-75.76104201,9789
15--5002,2015/04/01,3:45 PM,CYRVILLE RD @ INNES RD (0009352),9352,02 - Intersection related,03 - P.D. only,04 - Sideswipe,01 - Clear,01 - Daylight,01 - Dry,01 - Traffic signal,00 - Unknown,2,0,0,0,,0,,,,,375047.7247,5031117.155,45.41646327,-75.60244545,9790
15--5003,2015/04/01,4:06 PM,LOYOLA AVE @ SHEFFORD RD (0009494),9494,03 - At intersection,03 - P.D. only,02 - Angle,01 - Clear,01 - Daylight,01 - Dry,02 - Stop sign,01 - Functioning,2,0,0,0,,0,,,,,376000.7835,5035167.769,45.45281194,-75.58968396,9791
15--5004,2015/04/01,4:21 PM,BRONSON AVE @ SOMERSET ST (0002218),2218,02 - Intersection related,02 - Non-fatal injury,03 - Rear end,01 - Clear,01 - Daylight,01 - Dry,01 - Traffic signal,01 - Functioning,2,0,0,0,01 - Minimal,1,1,,,,366968.66,5030475.126,45.41145095,-75.70574195,9792
15--5005,2015/04/01,4:48 PM,CAMPEAU DR @ TERRY FOX DR (0008211),8211,03 - At intersection,02 - Non-fatal injury,05 - Turning movement,01 - Clear,01 - Daylight,01 - Dry,01 - Traffic signal,01 - Functioning,2,0,0,0,02 - Minor,1,,1,,,350455.4902,5019010.978,45.30956654,-75.91775796,9793
15--5006,2015/04/01,4:51 PM,KING EDWARD AVE @ WILBROD ST (0002259),2259,03 - At intersection,03 - P.D. only,02 - Angle,01 - Clear,01 - Daylight,01 - Dry,01 - Traffic signal,01 - Functioning,2,0,0,0,,0,,,,,368676.6724,5032139.101,45.426269,-75.68370711,9794
15--5007,2015/04/01,4:56 PM,FISHER AVE @ 220 S OF TRENT ST (0008825),8825,03 - At intersection,03 - P.D. only,02 - Angle,01 - Clear,01 - Daylight,01 - Dry,01 - Traffic signal,01 - Functioning,2,0,0,0,,0,,,,,365871.3061,5026727.928,45.37783116,-75.72022413,9795
15--5008,2015/04/01,4:59 PM,GEORGE ST @ WILLIAM ST (0007976),7976,02 - Intersection related,03 - P.D. only,06 - SMV unattended vehicle,01 - Clear,01 - Daylight,01 - Dry,01 - Traffic signal,01 - Functioning,1,0,0,0,,0,,,,,368047.9721,5032233.038,45.42717135,-75.69172852,9796
15--5009,2015/04/01,5:17 PM,ANDERSON RD @ INNES RD (0004200),4200,02 - Intersection related,03 - P.D. only,04 - Sideswipe,01 - Clear,01 - Daylight,01 - Dry,01 - Traffic signal,01 - Functioning,2,0,0,0,,0,,,,,376282.1825,5031841.924,45.4228593,-75.58656965,9797
15--501,2015/01/08,7:06 PM,HWY 417 WOODROFF IC127R53 @ WOODROFFE AVE (0002347),2347,02 - Intersection related,03 - P.D. only,03 - Rear end,01 - Clear,07 - Dark,04 - Slush,03 - Yield sign,01 - Functioning,2,0,0,0,,0,,,,,362206.4946,5024626.718,45.35923454,-75.76725768,9798
15--5010,2015/04/01,5:30 PM,FERNBANK RD btwn WEST RIDGE DR & ETTA ST (__5RG1HI),__5RG1HI,01 - Non intersection,03 - P.D. only,07 - SMV other,01 - Clear,01 - Daylight,01 - Dry,10 - No control,,1,0,0,0,,0,,,,,350550.4202,5011814.342,45.24480272,-75.91721066,9799
15--5011,2015/04/01,5:59 PM,HUNT CLUB RD @ RIVERSIDE DR (0002237),2237,02 - Intersection related,03 - P.D. only,03 - Rear end,01 - Clear,01 - Daylight,01 - Dry,01 - Traffic signal,01 - Functioning,2,0,0,0,,0,,,,,368037.6669,5021946.944,45.3346208,-75.69317772,9800
15--5012,2015/04/01,6:01 PM,WALKLEY RD @ HEATHERINGTON RD (0006928),6928,02 - Intersection related,03 - P.D. only,03 - Rear end,01 - Clear,01 - Daylight,01 - Dry,01 - Traffic signal,01 - Functioning,3,0,0,0,,0,,,,,371767.184,5026794.297,45.37788962,-75.64494294,9801
15--5013,2015/04/01,6:44 PM,ERINBROOK CRES btwn FOLKSTONE CRT & SOUTHVALE CRES (__3ZA779),__3ZA779,01 - Non intersection,03 - P.D. only,02 - Angle,01 - Clear,01 - Daylight,01 - Dry,10 - No control,,2,0,0,0,,0,,,,,374083.1909,5029265.017,45.39989482,-75.61502809,9802
15--5014,2015/04/01,7:21 PM,VANIER PKWY/CRICHTON ST @ BEECHWOOD AVE/ST. PA (0001604),1604,03 - At intersection,03 - P.D. only,05 - Turning movement,01 - Clear,05 - Dusk,01 - Dry,01 - Traffic signal,01 - Functioning,2,0,0,0,,0,,,,,369127.931,5033488.402,45.43836814,-75.6777647,9803
15--5015,2015/04/01,7:24 PM,HAZELDEAN RD @ HUNTMAR DR/IBER RD (0000075),75,03 - At intersection,02 - Non-fatal injury,02 - Angle,01 - Clear,07 - Dark,01 - Dry,01 - Traffic signal,01 - Functioning,2,1,0,0,01 - Minimal,1,1,,,,350942.5979,5016077.986,45.28314281,-75.91181914,9804
15--5016,2015/04/01,8:56 PM,MONSON CRES btwn FILLMORE CRES & FILLMORE CRES (__3ZA7UL),__3ZA7UL,04 - At/near private drive,03 - P.D. only,06 - SMV unattended vehicle,01 - Clear,07 - Dark,01 - Dry,10 - No control,,1,0,0,0,,0,,,,,375385.4482,5036184.238,45.46201993,-75.59740425,9805
15--5017,2015/04/01,9:16 PM,SABLE RIDGE DR btwn HUNT CLUB RD & SABLE RIDGE DR (__3ZA12E),__3ZA12E,01 - Non intersection,03 - P.D. only,05 - Turning movement,01 - Clear,07 - Dark,01 - Dry,10 - No control,,2,0,0,0,,0,,,,,372837.1211,5024780.074,45.35966335,-75.63156062,9806
15--5018,2015/04/02,1:10 PM,CANTERBURY AVE @ URBANDALE DR (0008919),8919,03 - At intersection,02 - Non-fatal injury,07 - SMV other,01 - Clear,01 - Daylight,01 - Dry,02 - Stop sign,01 - Functioning,1,0,1,0,02 - Minor,1,,1,,,372596.1655,5028050.898,45.38911627,-75.63418688,9807
15--5019,2015/04/02,10:27 PM,BRONSON PL @ BRONSON AVE NB OFFRAMP 24 (0007106),7106,03 - At intersection,03 - P.D. only,02 - Angle,02 - Rain,07 - Dark,02 - Wet,03 - Yield sign,01 - Functioning,2,0,0,0,,0,,,,,367839.1852,5028400.671,45.39270776,-75.69488651,9808
15--502,2015/01/08,7:10 AM,BANTREE ST btwn OLD INNES RD & EDINBURGH PL (__3ZA78D),__3ZA78D,01 - Non intersection,03 - P.D. only,03 - Rear end,01 - Clear,03 - Dawn,06 - Ice,10 - No control,,2,0,0,0,,0,,,,,373734.2964,5030339.936,45.40960087,-75.6193338,9809
15--5020,2015/04/02,11:22 PM,ELGIN ST @ LISGAR ST (0006935),6935,02 - Intersection related,03 - P.D. only,03 - Rear end,02 - Rain,07 - Dark,02 - Wet,01 - Traffic signal,01 - Functioning,2,0,0,0,,0,,,,,368075.6751,5031346.058,45.4191881,-75.69148846,9810
15--5021,2015/04/02,Unknown,UPLANDS DR btwn PAUL ANKA DR & SHEARWATER PRIV (__3ZA9BQ),__3ZA9BQ,01 - Non intersection,03 - P.D. only,06 - SMV unattended vehicle,01 - Clear,00 - Unknown,01 - Dry,10 - No control,,1,0,0,0,,0,,,,,369566.4768,5023467.631,45.34816412,-75.67347523,9811
15--5022,2015/04/02,12:26 PM,STITTSVILLE MAIN ST @ HOBIN ST/WILDPINE CRT (0000052),52,02 - Intersection related,03 - P.D. only,03 - Rear end,01 - Clear,01 - Daylight,01 - Dry,01 - Traffic signal,01 - Functioning,2,0,0,0,,0,,,,,349665.5767,5014033.953,45.26483257,-75.92828125,9812
15--5023,2015/04/02,12:30 PM,ST. JOSEPH BLVD btwn COUSINEAU ST & DUSSERE ST (__3ZA2AL),__3ZA2AL,01 - Non intersection,02 - Non-fatal injury,03 - Rear end,01 - Clear,01 - Daylight,02 - Wet,10 - No control,,2,0,0,0,01 - Minimal,1,1,,,,380717.3732,5037036.327,45.46912727,-75.52910134,9813
15--5024,2015/04/02,2:20 PM,HAZELDEAN RD @ HUNTMAR DR/IBER RD (0000075),75,02 - Intersection related,03 - P.D. only,04 - Sideswipe,01 - Clear,01 - Daylight,01 - Dry,01 - Traffic signal,01 - Functioning,2,0,0,0,,0,,,,,350939.8281,5016078.983,45.28315197,-75.91185435,9814
15--5025,2015/04/02,2:36 PM,MANOTICK STATION RD btwn NICK ADAMS RD & HERBERTS CORNERS RD (__3ZAZG9),__3ZAZG9,01 - Non intersection,02 - Non-fatal injury,07 - SMV other,01 - Clear,01 - Daylight,01 - Dry,10 - No control,,1,0,0,1,02 - Minor,1,,1,,,375174.5189,5009511.414,45.22205039,-75.60389539,9815
15--5026,2015/04/02,2:49 PM,BAYCREST DR @ WALKLEY RD (0006958),6958,02 - Intersection related,03 - P.D. only,03 - Rear end,01 - Clear,01 - Daylight,01 - Dry,01 - Traffic signal,01 - Functioning,2,0,0,0,,0,,,,,371421.8485,5026590.071,45.37608499,-75.64937935,9816
15--5027,2015/04/02,2:52 PM,CARLING AVE @ KIRKWOOD AVE N (0002358),2358,03 - At intersection,03 - P.D. only,05 - Turning movement,01 - Clear,01 - Daylight,01 - Dry,01 - Traffic signal,01 - Functioning,2,0,0,0,,0,,,,,364276.5198,5027495.139,45.38487159,-75.74049257,9817
15--5028,2015/04/02,2:58 PM,BOOTH ST @ GLADSTONE AVE (0002211),2211,03 - At intersection,02 - Non-fatal injury,05 - Turning movement,01 - Clear,01 - Daylight,01 - Dry,01 - Traffic signal,01 - Functioning,2,1,0,0,02 - Minor,1,,1,,,366768.4819,5029850.39,45.40584751,-75.70837768,9818
15--5029,2015/04/02,3:05 PM,PARKDALE AVE @ SHERWOOD DR (0006383),6383,03 - At intersection,03 - P.D. only,02 - Angle,01 - Clear,01 - Daylight,01 - Dry,01 - Traffic signal,01 - Functioning,2,0,0,0,,0,,,,,365380.703,5028746.991,45.39604087,-75.72623989,9819
15--503,2015/01/08,7:11 AM,BRONSON AVE btwn RIVERSIDE DR RAMPS 34B & 42A-3 & BRONSON AVE RAMP 34 (__3ZA3BK),__3ZA3BK,01 - Non intersection,03 - P.D. only,04 - Sideswipe,01 - Clear,07 - Dark,06 - Ice,10 - No control,,2,0,0,0,,0,,,,,368462.9521,5027094.984,45.38090314,-75.68708921,9820
15--5030,2015/04/02,3:15 PM,CARLING AVE @ WOODROFFE AVE W (0011470),11470,02 - Intersection related,03 - P.D. only,03 - Rear end,01 - Clear,01 - Daylight,01 - Dry,01 - Traffic signal,00 - Unknown,2,0,0,0,,0,,,,,361767.5431,5025725.596,45.36915796,-75.77273336,9821
15--5031,2015/04/02,3:25 PM,HAIG DR @ SMYTH RD (0007736),7736,03 - At intersection,03 - P.D. only,01 - Approaching,01 - Clear,01 - Daylight,01 - Dry,01 - Traffic signal,01 - Functioning,2,0,0,0,,0,,,,,372565.4478,5029298.669,45.40034616,-75.63440774,9822
15--5032,2015/04/02,3:30 PM,HIGHWAY 417 btwn HWY417 IC121A RAMP16 & HWY417 IC121A RAMP61 (__3ZA2YY),__3ZA2YY,01 - Non intersection,03 - P.D. only,04 - Sideswipe,01 - Clear,01 - Daylight,01 - Dry,10 - No control,,2,0,0,0,,0,,,,,367247.5572,5029754.602,45.40494306,-75.70227041,9823
15--5033,2015/04/02,3:35 PM,HIGHWAY 417 btwn HWY417 IC115 RAMP36 & HWY417 IC115 RAMP26 (__3ZA2R4),__3ZA2R4,01 - Non intersection,03 - P.D. only,03 - Rear end,01 - Clear,01 - Daylight,01 - Dry,10 - No control,,2,0,0,0,,0,,,,,372385.5163,5031512.751,45.42028487,-75.63640224,9824
15--5034,2015/04/02,3:38 PM,FRANK ST btwn ROBERT ST & QUEEN ELIZABETH DRWY (__3ZA9NB),__3ZA9NB,01 - Non intersection,03 - P.D. only,06 - SMV unattended vehicle,01 - Clear,01 - Daylight,01 - Dry,10 - No control,,1,0,0,0,,0,,,,,368826.9013,5031168.9,45.41752575,-75.68191359,9825
15--5035,2015/04/02,3:44 PM,LONGFIELDS DR @ WOODROFFE AVE (0000096),96,03 - At intersection,03 - P.D. only,02 - Angle,01 - Clear,01 - Daylight,01 - Dry,01 - Traffic signal,01 - Functioning,2,0,0,0,,0,,,,,365420.206,5017106.463,45.29129759,-75.72716189,9826
15--5036,2015/04/02,3:44 PM,INNES RD btwn 298 E OF WILDFLOWER DR & LANTHIER DR/PRESTWICK DR (__3ZA3Y4B),__3ZA3Y4B,01 - Non intersection,03 - P.D. only,03 - Rear end,01 - Clear,01 - Daylight,01 - Dry,10 - No control,,2,0,0,0,,0,,,,,383523.3119,5035981.676,45.45932785,-75.49339088,9827
15--5037,2015/04/02,3:58 PM,HIGHWAY 417 btwn HWY417 IC138 RAMP36 & HIGHWAY 417 (__3ZA29F),__3ZA29F,01 - Non intersection,03 - P.D. only,03 - Rear end,01 - Clear,01 - Daylight,01 - Dry,10 - No control,,2,0,0,0,,0,,,,,352833.6827,5020191.268,45.32002841,-75.88731626,9828
15--5038,2015/04/02,4:15 PM,BROPHY DR @ HWY 416 BANKFIEL IC57R34 (0001078),1078,02 - Intersection related,03 - P.D. only,03 - Rear end,01 - Clear,01 - Daylight,01 - Dry,02 - Stop sign,01 - Functioning,2,0,0,0,,0,,,,,364562.2203,5007931.423,45.20881375,-75.73920227,9829
15--5039,2015/04/02,4:27 PM,ST. JOSEPH BLVD btwn ORLEANS BLVD & COUSINEAU ST (__3ZA2B2),__3ZA2B2,04 - At/near private drive,03 - P.D. only,05 - Turning movement,01 - Clear,01 - Daylight,01 - Dry,10 - No control,,2,0,0,0,,0,,,,,380664.6575,5037002.544,45.46882905,-75.52978063,9830
15--504,2015/01/08,7:18 AM,MITCH OWENS RD btwn RAMSAYVILLE RD & 8TH LINE RD (__3ZA1DD),__3ZA1DD,01 - Non intersection,02 - Non-fatal injury,07 - SMV other,06 - Strong wind,03 - Dawn,06 - Ice,10 - No control,,1,0,0,0,02 - Minor,1,,1,,,381297.0358,5018119.456,45.2988631,-75.52462066,9831
15--5040,2015/04/02,4:29 PM,BOOTH ST @ CARLING AVE (0002135),2135,02 - Intersection related,03 - P.D. only,03 - Rear end,01 - Clear,01 - Daylight,01 - Dry,01 - Traffic signal,01 - Functioning,2,0,0,0,,0,,,,,367094.2527,5029105.871,45.39911962,-75.70431054,9832
15--5041,2015/04/02,4:33 PM,COOPER ST @ O'CONNOR ST (0006954),6954,02 - Intersection related,03 - P.D. only,04 - Sideswipe,01 - Clear,01 - Daylight,01 - Dry,02 - Stop sign,01 - Functioning,2,0,0,0,,0,,,,,367808.7112,5031084.125,45.4168554,-75.69493278,9833
15--5042,2015/04/02,4:38 PM,MERIVALE RD @ WOODFIELD DR/ROYDON PL (0009776),9776,02 - Intersection related,03 - P.D. only,04 - Sideswipe,01 - Clear,01 - Daylight,01 - Dry,01 - Traffic signal,01 - Functioning,2,0,0,0,,0,,,,,365463.665,5022298.981,45.33801564,-75.72597207,9834
15--5043,2015/04/02,4:53 PM,BOOTH ST btwn NORMAN ST & CARLING AVE (__3ZA4PF),__3ZA4PF,01 - Non intersection,02 - Non-fatal injury,03 - Rear end,01 - Clear,01 - Daylight,01 - Dry,10 - No control,,4,0,0,0,02 - Minor,1,,1,,,367002.6077,5029310.765,45.40097135,-75.70545518,9835
15--5044,2015/04/02,5:01 PM,MERIVALE RD @ 110 S OF BURRIS LANE/LOBLAWS SC (0004606),4606,02 - Intersection related,03 - P.D. only,03 - Rear end,01 - Clear,01 - Daylight,01 - Dry,01 - Traffic signal,01 - Functioning,2,0,0,0,,0,,,,,364814.6964,5024952.036,45.36194328,-75.73392975,9836
15--5045,2015/04/02,5:05 PM,RUSSELL RD btwn ST. LAURENT BLVD & SOUTHVALE CRES (__3ZA3RV),__3ZA3RV,04 - At/near private drive,02 - Non-fatal injury,05 - Turning movement,01 - Clear,01 - Daylight,01 - Dry,10 - No control,,2,0,0,0,02 - Minor,3,2,1,,,373786.2166,5029105.533,45.39848918,-75.61884327,9837
15--5046,2015/04/02,5:13 PM,INNES RD @ WILDFLOWER DR (0012871),12871,02 - Intersection related,03 - P.D. only,03 - Rear end,01 - Clear,01 - Daylight,01 - Dry,01 - Traffic signal,01 - Functioning,2,0,0,0,,0,,,,,382937.7191,5035691.037,45.45677867,-75.5009237,9838
15--5047,2015/04/02,5:30 PM,BANK ST btwn LEITRIM RD & ARENA PL (__3ZA29O),__3ZA29O,01 - Non intersection,03 - P.D. only,03 - Rear end,01 - Clear,01 - Daylight,01 - Dry,10 - No control,,2,0,0,0,,0,,,,,375365.465,5021600.702,45.33080682,-75.59974584,9839
15--5048,2015/04/02,5:38 PM,LAFONTAINE AVE @ MCARTHUR AVE (0009806),9806,02 - Intersection related,03 - P.D. only,04 - Sideswipe,02 - Rain,01 - Daylight,02 - Wet,01 - Traffic signal,01 - Functioning,2,0,0,0,,0,,,,,370948.7484,5032771.092,45.43174421,-75.65459002,9840
15--5049,2015/04/02,5:53 PM,ROYDON PL btwn WOODFIELD DR & WEST HUNT CLUB RD (__3ZAYGP),__3ZAYGP,04 - At/near private drive,02 - Non-fatal injury,02 - Angle,01 - Clear,01 - Daylight,01 - Dry,10 - No control,,2,0,0,0,01 - Minimal,1,1,,,,365897.6518,5022286.509,45.33786576,-75.72043675,9841
15--505,2015/01/08,7:20 AM,HIGHWAY 417 btwn HWY417 IC96 RAMP61 & HWY417 IC88 RAMP16 (__3ZA27Z),__3ZA27Z,01 - Non intersection,03 - P.D. only,04 - Sideswipe,01 - Clear,03 - Dawn,06 - Ice,10 - No control,,2,0,0,0,,0,,,,,395210.2997,5022483.356,45.33647208,-75.34645575,9842
15--5050,2015/04/02,6:00 PM,HIGHWAY 417 btwn HWY417 IC129 RAMP76 & HWY417 IC129 RAMP26 (__3ZA2RG),__3ZA2RG,01 - Non intersection,03 - P.D. only,04 - Sideswipe,01 - Clear,01 - Daylight,01 - Dry,10 - No control,,2,0,0,0,,0,,,,,360396.4992,5023504.084,45.34927897,-75.79048508,9843
15--5051,2015/04/02,6:17 PM,CLARENCE ST btwn DALHOUSIE ST & CUMBERLAND ST (__3ZA7AK),__3ZA7AK,04 - At/near private drive,03 - P.D. only,02 - Angle,01 - Clear,01 - Daylight,01 - Dry,10 - No control,,2,0,0,0,,0,,,,,368072.579,5032522.393,45.42977264,-75.69137692,9844
15--5052,2015/04/02,6:35 PM,HIGHWAY 417 btwn HWY417 IC118 RAMP57 & HWY417 IC118 RAMP35 (__3ZA2YQ),__3ZA2YQ,01 - Non intersection,03 - P.D. only,03 - Rear end,01 - Clear,01 - Daylight,01 - Dry,10 - No control,,2,0,0,0,,0,,,,,369428.4283,5031020.094,45.41613155,-75.67424806,9845
15--5053,2015/04/02,6:57 PM,HIGHWAY 417 btwn HWY417 IC130 RAMP26 & HIGHWAY 417 (__3ZA2UV),__3ZA2UV,01 - Non intersection,03 - P.D. only,99 - Other,01 - Clear,01 - Daylight,01 - Dry,10 - No control,,2,0,0,0,,0,,,,,359459.3936,5023111.673,45.34582172,-75.80248676,9846
15--5054,2015/04/02,7:00 AM,BREWER RD @ BRONSON AVE (0002240),2240,02 - Intersection related,03 - P.D. only,03 - Rear end,04 - Freezing Rain,01 - Daylight,02 - Wet,01 - Traffic signal,01 - Functioning,3,0,0,0,,0,,,,,368109.0471,5027767.882,45.38698976,-75.69152146,9847
15--5055,2015/04/02,7:07 AM,HAWTHORNE RD btwn HAWTHORNE RD & WHYTE SIDE RD (__3ZA2PE),__3ZA2PE,01 - Non intersection,03 - P.D. only,07 - SMV other,04 - Freezing Rain,01 - Daylight,06 - Ice,10 - No control,,1,0,0,0,,0,,,,,375602.529,5026173.758,45.37192924,-75.59606703,9848
15--5056,2015/04/02,7:20 AM,HERON RD @ FINN CRT (0012186),12186,02 - Intersection related,03 - P.D. only,04 - Sideswipe,01 - Clear,01 - Daylight,01 - Dry,01 - Traffic signal,01 - Functioning,3,0,0,0,,0,,,,,370831.019,5026944.799,45.37933263,-75.65687473,9849
15--5057,2015/04/02,7:20 AM,HIGHWAY 417 btwn HWY417 IC104 RAMP16 & HWY417 IC104 RAMP61 (__3ZA2W6),__3ZA2W6,01 - Non intersection,03 - P.D. only,07 - SMV other,04 - Freezing Rain,01 - Daylight,06 - Ice,10 - No control,,1,0,0,0,,0,,,,,380147.8848,5025927.548,45.36924003,-75.53808219,9850
15--5058,2015/04/02,7:24 AM,BRONSON AVE btwn BREWER WAY & RIVERSIDE DR RAMPS 34B & 42A-3 (__3ZA3BR),__3ZA3BR,01 - Non intersection,02 - Non-fatal injury,99 - Other,03 - Snow,01 - Daylight,02 - Wet,10 - No control,,2,0,0,0,01 - Minimal,1,1,,,,368404.4986,5027206.599,45.38191273,-75.68782114,9851
15--5059,2015/04/02,7:25 AM,HIGHWAY 417 btwn HWY417 IC96 RAMP61 & HWY417 IC88 RAMP16 (__3ZA27Z),__3ZA27Z,01 - Non intersection,03 - P.D. only,04 - Sideswipe,04 - Freezing Rain,01 - Daylight,06 - Ice,10 - No control,,2,0,0,0,,0,,,,,395135.2094,5022479.746,45.33644927,-75.34741429,9852
15--506,2015/01/08,7:25 AM,RICHMOND RD btwn WEST HUNT CLUB RD & STONEHAVEN DR (__3ZA41H),__3ZA41H,01 - Non intersection,03 - P.D. only,03 - Rear end,01 - Clear,03 - Dawn,03 - Loose snow,10 - No control,,2,0,0,0,,0,,,,,356767.1833,5015933.365,45.28143502,-75.83759285,9853
15--5060,2015/04/02,7:27 AM,WALKLEY RD btwn DON REID DR/RYDER ST & 160 W OF CONROY RD (__3ZA2EHA),__3ZA2EHA,01 - Non intersection,03 - P.D. only,03 - Rear end,03 - Snow,01 - Daylight,06 - Ice,10 - No control,,4,0,0,0,,0,,,,,372749.3768,5027372.089,45.38299379,-75.63232392,9854
15--5061,2015/04/02,7:29 PM,HUNT CLUB RD btwn BLOHM DR & HAWTHORNE RD (__3ZA2F2),__3ZA2F2,01 - Non intersection,03 - P.D. only,04 - Sideswipe,01 - Clear,01 - Daylight,01 - Dry,10 - No control,,2,0,0,0,,0,,,,,375177.9388,5026219.88,45.37238699,-75.60148051,9855
15--5062,2015/04/02,7:30 AM,BANK ST @ CAHILL DR/DAZE ST (0012178),12178,02 - Intersection related,03 - P.D. only,04 - Sideswipe,04 - Freezing Rain,01 - Daylight,06 - Ice,01 - Traffic signal,01 - Functioning,2,0,0,0,,0,,,,,371307.5357,5024316.367,45.35563784,-75.65114477,9856
15--5063,2015/04/02,7:34 PM,KING EDWARD AVE @ ST. PATRICK ST (0002714),2714,02 - Intersection related,03 - P.D. only,04 - Sideswipe,01 - Clear,07 - Dark,01 - Dry,01 - Traffic signal,01 - Functioning,2,0,0,0,,0,,,,,368247.7374,5032822.143,45.43245381,-75.6891,9857
15--5064,2015/04/02,7:35 AM,RIVERSIDE DR @ 175 S OF HUNT CLUB  RD/RUNWAY C (0011890),11890,03 - At intersection,03 - P.D. only,05 - Turning movement,02 - Rain,01 - Daylight,02 - Wet,01 - Traffic signal,01 - Functioning,2,0,0,0,,0,,,,,368026.5723,5021767.746,45.33300941,-75.69334215,9858
15--4638,2015/03/22,1:46 PM,MAITLAND AVE/GLENMOUNT AVE @ ERINDALE DR (0002724),2724,02 - Intersection related,03 - P.D. only,03 - Rear end,01 - Clear,01 - Daylight,01 - Dry,01 - Traffic signal,01 - Functioning,2,0,0,0,,0,,,,,363698.6551,5025212.96,45.3643857,-75.74814335,9859
15--5184,2015/04/08,10:30 AM,RIDEAU VALLEY DR btwn BARNSDALE RD & BANKFIELD RD (__3ZAZ7W),__3ZAZ7W,01 - Non intersection,03 - P.D. only,04 - Sideswipe,01 - Clear,01 - Daylight,01 - Dry,10 - No control,,2,0,0,0,,0,,,,,367594.3934,5010846.9,45.23478357,-75.7002374,9860
15--4639,2015/03/22,10:15 PM,BLAIR RD @ INNES RD (0004165),4165,02 - Intersection related,03 - P.D. only,03 - Rear end,01 - Clear,07 - Dark,01 - Dry,01 - Traffic signal,01 - Functioning,2,0,0,0,,0,,,,,375579.6988,5031437.145,45.41928875,-75.59560331,9861
15--5185,2015/04/08,10:30 PM,RICHARDSON SIDE RD btwn OAK CREEK RD & HUNTMAR DR (__3ZACYD),__3ZACYD,01 - Non intersection,03 - P.D. only,07 - SMV other,03 - Snow,07 - Dark,04 - Slush,10 - No control,,1,0,0,0,,0,,,,,347609.9409,5018433.646,45.30455074,-75.95409525,9862
15--464,2015/01/08,5:03 AM,HAWTHORNE RD btwn AGES DR & STEVENAGE DR (__3ZA2E9),__3ZA2E9,01 - Non intersection,03 - P.D. only,07 - SMV other,03 - Snow,07 - Dark,05 - Packed snow,10 - No control,,1,0,0,0,,0,,,,,374982.3313,5027690.472,45.38563829,-75.60376851,9863
15--5186,2015/04/08,10:51 AM,PALLADIUM DR @ SILVER SEVEN RD (0011839),11839,03 - At intersection,03 - P.D. only,05 - Turning movement,01 - Clear,01 - Daylight,01 - Dry,01 - Traffic signal,01 - Functioning,2,0,0,0,,0,,,,,351053.5354,5017889.856,45.29943925,-75.91023614,9864
15--4640,2015/03/22,10:47 AM,BYRON AVE @ ROOSEVELT AVE (0002307),2307,03 - At intersection,03 - P.D. only,02 - Angle,01 - Clear,01 - Daylight,01 - Dry,01 - Traffic signal,01 - Functioning,2,0,0,0,,0,,,,,363035.7521,5028061.623,45.39007299,-75.75626881,9865
15--5187,2015/04/08,11:30 AM,KING EDWARD AVE @ LAURIER AVE (0002170),2170,03 - At intersection,03 - P.D. only,03 - Rear end,01 - Clear,01 - Daylight,01 - Dry,01 - Traffic signal,01 - Functioning,2,0,0,0,,0,,,,,368739.7072,5032035.065,45.42532717,-75.68291516,9866