Anom_ID,Accident_Date,Accident_Time,Location,Geo_ID,Accident_Location,Classification_of_Accident,Initial_Impact_Type,Environment_Condition,Light,Road_Surface_Condition,Traffic_Control,Traffic_Control_Condition,No__of_Vehicles,No__of_Bicycles,No__of_Motorcycles,No__of_Pedestrians,Max_Injury,No__of_Injuries,No__of_Minimal,No__of_Minor,No__of_Major,No__of_Fatal,X,Y,Latitude,Longitude,ObjectId
15--4641,2015/03/22,10:56 AM,FRANK ST @ O'CONNOR ST (0007268),7268,03 - At intersection,03 - P.D. only,02 - Angle,01 - Clear,01 - Daylight,01 - Dry,02 - Stop sign,00 - Unknown,2,0,0,0,,0,,,,,368051.7067,5030698.055,45.41335975,-75.69187786,9867
15--5188,2015/04/08,12:00 PM,MERIDIAN PL btwn PALLISTER PRIV & CHRYSALIS WAY (__4CZB8Q),__4CZB8Q,04 - At/near private drive,03 - P.D. only,02 - Angle,01 - Clear,01 - Daylight,01 - Dry,10 - No control,,2,0,0,0,,0,,,,,362744.6611,5022775.202,45.34253047,-75.76060601,9868
15--4642,2015/03/22,11:13 PM,CARLING AVE @ KEMPSTER AVE/FAMOUS PLAYERS THEA (0002395),2395,02 - Intersection related,03 - P.D. only,07 - SMV other,01 - Clear,07 - Dark,01 - Dry,01 - Traffic signal,01 - Functioning,1,0,0,0,,0,,,,,359210.6717,5024119.026,45.35490523,-75.80554965,9869
15--5189,2015/04/08,2:51 PM,KANATA AVE @ LORD BYNG WAY/MARITIME WAY (0009115),9115,02 - Intersection related,03 - P.D. only,03 - Rear end,01 - Clear,01 - Daylight,01 - Dry,01 - Traffic signal,01 - Functioning,2,0,0,0,,0,,,,,351430.9379,5019332.755,45.31239788,-75.90528851,9870
15--4643,2015/03/22,11:15 AM,MEADOWLANDS DR @ MERIVALE RD (0000625),625,03 - At intersection,03 - P.D. only,05 - Turning movement,01 - Clear,01 - Daylight,01 - Dry,01 - Traffic signal,01 - Functioning,2,0,0,0,,0,,,,,364858.6999,5023725.992,45.35090775,-75.73351707,9871
15--519,2015/01/08,8:45 AM,MACDONALD-CARTIER BR btwn RAMP & END (2) (__3ZA3UC),__3ZA3UC,07 - Overpass or bridge,03 - P.D. only,07 - SMV other,03 - Snow,01 - Daylight,06 - Ice,10 - No control,,1,0,0,0,,0,,,,,367303.9468,5033252.946,45.43641502,-75.70110632,9872
15--4644,2015/03/22,11:42 AM,SHERK CRES btwn ROSENFELD CRES & TANNER CRES (__3ZBO9L),__3ZBO9L,04 - At/near private drive,03 - P.D. only,06 - SMV unattended vehicle,01 - Clear,01 - Daylight,02 - Wet,10 - No control,,1,0,0,0,,0,,,,,351179.9556,5020204.491,45.32025859,-75.90840764,9873
15--4645,2015/03/22,Unknown,SLATE ST btwn CINNABAR WAY & CINNABAR WAY (__381LT1),__381LT1,01 - Non intersection,03 - P.D. only,06 - SMV unattended vehicle,01 - Clear,00 - Unknown,01 - Dry,10 - No control,,1,0,0,0,,0,,,,,351488.2029,5015011.566,45.27351082,-75.90496498,9874
15--4646,2015/03/22,12:48 AM,BYRON AVE @ ISLAND PARK DR (0006365),6365,02 - Intersection related,03 - P.D. only,03 - Rear end,01 - Clear,07 - Dark,01 - Dry,01 - Traffic signal,01 - Functioning,2,0,0,0,,0,,,,,364254.7261,5028602.106,45.39483373,-75.74063748,9875
15--4647,2015/03/22,2:05 PM,MAIN ST btwn HAZEL ST & HERRIDGE ST (__3ZA3B7),__3ZA3B7,01 - Non intersection,03 - P.D. only,04 - Sideswipe,01 - Clear,01 - Daylight,01 - Dry,10 - No control,,2,0,0,0,,0,,,,,369186.9554,5030121.987,45.40807296,-75.67745033,9876
15--4648,2015/03/22,2:11 PM,BAYSWATER AVE @ SOMERSET ST (0006486),6486,03 - At intersection,02 - Non-fatal injury,07 - SMV other,01 - Clear,01 - Daylight,01 - Dry,01 - Traffic signal,01 - Functioning,1,0,0,1,02 - Minor,1,,1,,,365814.6282,5029910.122,45.40646876,-75.72055424,9877
15--4649,2015/03/22,2:30 PM,DONALD ST @ ST. LAURENT BLVD (0008630),8630,03 - At intersection,03 - P.D. only,04 - Sideswipe,01 - Clear,01 - Daylight,01 - Dry,01 - Traffic signal,01 - Functioning,2,0,0,0,,0,,,,,372094.6768,5032470.175,45.42892737,-75.63998733,9878
15--465,2015/01/08,5:05 PM,BRIAN COBURN BLVD btwn AQUAVIEW DR & TENTH LINE RD (__5JY425),__5JY425,04 - At/near private drive,03 - P.D. only,02 - Angle,01 - Clear,05 - Dusk,03 - Loose snow,10 - No control,,2,0,0,0,,0,,,,,384490.3795,5035050.756,45.45084265,-75.48117811,9879
15--4650,2015/03/22,2:35 PM,HUNT CLUB RD @ RIVERSIDE DR (0002237),2237,02 - Intersection related,03 - P.D. only,03 - Rear end,01 - Clear,01 - Daylight,01 - Dry,01 - Traffic signal,01 - Functioning,2,0,0,0,,0,,,,,368036.703,5021945.017,45.33460355,-75.69319026,9880
15--4651,2015/03/22,3:14 PM,NICHOLAS ST SB btwn LAURIER AVE E & Continuation of NICHOLAS ST (__3ZA3MG),__3ZA3MG,01 - Non intersection,03 - P.D. only,04 - Sideswipe,01 - Clear,01 - Daylight,01 - Dry,10 - No control,,2,0,0,0,,0,,,,,368817.7572,5031457.711,45.42012521,-75.68199289,9881
15--4652,2015/03/22,3:15 AM,SANTA ANNA LANE btwn PAR-LA-VILLE CIRC & PAR-LA-VILLE CIRC (__683KNM),__683KNM,01 - Non intersection,03 - P.D. only,06 - SMV unattended vehicle,01 - Clear,07 - Dark,01 - Dry,10 - No control,,1,0,0,0,,0,,,,,350102.6407,5016721.772,45.28899044,-75.92246676,9882
15--4653,2015/03/22,3:35 PM,RIVERSIDE DR @ BROOKFIELD RD/HOG'S BACK RD (0001627),1627,02 - Intersection related,03 - P.D. only,03 - Rear end,01 - Clear,01 - Daylight,01 - Dry,01 - Traffic signal,01 - Functioning,2,0,0,0,,0,,,,,368168.6749,5026223.003,45.37308397,-75.69095835,9883
15--4654,2015/03/22,3:45 AM,GREENBANK RD @ BELLMAN DR/BATEMAN DR (0000153),153,02 - Intersection related,03 - P.D. only,04 - Sideswipe,01 - Clear,07 - Dark,01 - Dry,01 - Traffic signal,01 - Functioning,2,0,0,0,,0,,,,,361256.4345,5021016.164,45.32682402,-75.77979543,9884
15--4655,2015/03/22,4:37 AM,WEST HUNT CLUB RD btwn HWY416 IC72 RAMP34 & HWY416 IC72 RAMP63 (__3ZA1NG),__3ZA1NG,01 - Non intersection,03 - P.D. only,07 - SMV other,01 - Clear,07 - Dark,01 - Dry,10 - No control,,1,0,0,0,,0,,,,,359397.4846,5019376.623,45.31221841,-75.80368866,9885
15--4656,2015/03/22,4:40 PM,HIGHWAY 417 btwn HWY417 IC104 RAMP16 & HWY417 IC104 RAMP61 (__3ZA2W6),__3ZA2W6,01 - Non intersection,03 - P.D. only,07 - SMV other,01 - Clear,01 - Daylight,01 - Dry,10 - No control,,1,0,0,0,,0,,,,,380135.6105,5025934.046,45.36929982,-75.53823787,9886
15--4657,2015/03/22,4:47 PM,BANK ST @ SNAKE ISLAND RD/VICTORIA ST (0001080),1080,03 - At intersection,03 - P.D. only,02 - Angle,01 - Clear,01 - Daylight,01 - Dry,01 - Traffic signal,01 - Functioning,2,0,0,0,,0,,,,,383696.7883,5010121.889,45.22664022,-75.49529728,9887
15--4658,2015/03/22,6:00 PM,HIGHWAY 417 btwn HWY417 IC104 RAMP15 & HWY417 IC96 RAMP51 (__3ZA2W4),__3ZA2W4,01 - Non intersection,03 - P.D. only,07 - SMV other,01 - Clear,01 - Daylight,01 - Dry,10 - No control,,1,0,0,0,,0,,,,,385006.2886,5024921.931,45.35965314,-75.47623096,9888
15--4659,2015/03/22,7:37 PM,RIDGEFIELD CRES btwn EVERGREEN DR & LONGWOOD AVE (__3ZABO6),__3ZABO6,01 - Non intersection,03 - P.D. only,06 - SMV unattended vehicle,01 - Clear,07 - Dark,01 - Dry,10 - No control,,1,0,0,0,,0,,,,,357979.2996,5020412.847,45.32165128,-75.82166301,9889
15--466,2015/01/08,5:11 PM,NAUGHTON ST @ QUEEN MARY ST (0008556),8556,03 - At intersection,02 - Non-fatal injury,02 - Angle,01 - Clear,05 - Dusk,03 - Loose snow,02 - Stop sign,01 - Functioning,2,0,0,0,01 - Minimal,1,1,,,,371333.7211,5032065.176,45.42535617,-75.64976582,9890
15--4660,2015/03/22,8:32 PM,WELLINGTON ST btwn BAY ST & LYON ST N (__5D2JK9),__5D2JK9,01 - Non intersection,03 - P.D. only,04 - Sideswipe,01 - Clear,07 - Dark,01 - Dry,10 - No control,,2,0,0,0,,0,,,,,366894.623,5031401.219,45.41979024,-75.70657106,9891
15--4661,2015/03/22,8:52 AM,BOOTH ST @ SIR JOHN A. MACDONALD PKWY/WELLINGTON ST (0012252),12252,02 - Intersection related,03 - P.D. only,03 - Rear end,03 - Snow,01 - Daylight,03 - Loose snow,01 - Traffic signal,01 - Functioning,2,0,0,0,,0,,,,,366264.0376,5031005.411,45.41628455,-75.71467712,9892
15--4662,2015/03/23,1:10 PM,WELLINGTON ST btwn KENT ST & BANK ST (__3ZA15A),__3ZA15A,01 - Non intersection,03 - P.D. only,04 - Sideswipe,01 - Clear,01 - Daylight,01 - Dry,10 - No control,,2,0,0,0,,0,,,,,367153.6216,5031561.124,45.42120598,-75.70324172,9893
15--4663,2015/03/23,1:42 PM,TENTH LINE RD @ CHARLEMAGNE BLVD N/TOMPKINS AV (0009222),9222,03 - At intersection,03 - P.D. only,07 - SMV other,01 - Clear,01 - Daylight,01 - Dry,01 - Traffic signal,01 - Functioning,1,0,0,0,,0,,,,,383182.966,5037977.4,45.47732185,-75.4974238,9894
15--4664,2015/03/23,11:06 AM,ROGER STEVENS DR btwn DWYER HILL RD & MALAKOFF RD (__3ZA4ZQ),__3ZA4ZQ,01 - Non intersection,03 - P.D. only,07 - SMV other,01 - Clear,01 - Daylight,01 - Dry,10 - No control,,1,0,0,0,,0,,,,,356664.379,4991391.931,45.06061001,-75.8414531,9895
15--4665,2015/03/23,11:30 AM,KENT ST @ QUEEN ST (0003137),3137,03 - At intersection,03 - P.D. only,02 - Angle,01 - Clear,01 - Daylight,01 - Dry,01 - Traffic signal,01 - Functioning,2,0,0,0,,0,,,,,367178.7305,5031388.026,45.41964626,-75.70294283,9896
15--4666,2015/03/23,12:29 PM,OSGOODE ST btwn BLACKBURN AVE & GOULBURN AVE (__3ZA8KD),__3ZA8KD,01 - Non intersection,03 - P.D. only,06 - SMV unattended vehicle,01 - Clear,01 - Daylight,01 - Dry,10 - No control,,1,0,0,0,,0,,,,,369315.2022,5032137.949,45.42620004,-75.6755482,9897
15--4667,2015/03/23,2:37 PM,MCBEAN ST btwn BURKE ST & OTTAWA ST (__3ZA42S),__3ZA42S,01 - Non intersection,02 - Non-fatal injury,07 - SMV other,01 - Clear,01 - Daylight,01 - Dry,10 - No control,,1,0,0,2,01 - Minimal,2,2,,,,357583.7675,5005326.074,45.18592727,-75.8283102,9898
15--4668,2015/03/23,2:59 PM,APPLETON DR @ MEADOWBROOK RD (0013073),13073,03 - At intersection,03 - P.D. only,04 - Sideswipe,01 - Clear,01 - Daylight,01 - Dry,02 - Stop sign,01 - Functioning,2,0,0,0,,0,,,,,374928.8541,5032230.614,45.42649349,-75.60380558,9899
15--4669,2015/03/23,3:01 PM,NAVAN RD @ PAGE RD (0004199),4199,03 - At intersection,03 - P.D. only,02 - Angle,01 - Clear,01 - Daylight,01 - Dry,02 - Stop sign,01 - Functioning,2,0,0,0,,0,,,,,381659.76,5032768.14,45.43062252,-75.5177179,9900
15--467,2015/01/08,5:30 AM,HWY417 IC131 RAMP66 btwn HWY417 IC130 RAMP36 & HWY417 IC131 RAMP63 (__3ZA1SX),__3ZA1SX,01 - Non intersection,02 - Non-fatal injury,07 - SMV other,01 - Clear,07 - Dark,06 - Ice,10 - No control,,1,0,0,0,02 - Minor,1,,1,,,358569.5993,5022934.47,45.34429601,-75.81385994,9901
15--4670,2015/03/23,3:05 PM,SAVILLE ROW @ WOODROFFE AVE (0002760),2760,03 - At intersection,03 - P.D. only,02 - Angle,01 - Clear,01 - Daylight,01 - Dry,01 - Traffic signal,01 - Functioning,2,0,0,0,,0,,,,,361777.7489,5026186.01,45.3732999,-75.77254997,9902
15--4671,2015/03/23,3:10 PM,MERIVALE RD @ WEST HUNT CLUB RD (0000584),584,03 - At intersection,03 - P.D. only,05 - Turning movement,01 - Clear,01 - Daylight,01 - Dry,01 - Traffic signal,01 - Functioning,2,0,0,0,,0,,,,,365612.1882,5021942.752,45.33479748,-75.72412097,9903
15--4672,2015/03/23,3:39 PM,PRINCE OF WALES DR btwn FOREST HILL AVE & BASELINE RD/HERON RD (__3ZA3G6),__3ZA3G6,01 - Non intersection,02 - Non-fatal injury,05 - Turning movement,01 - Clear,01 - Daylight,01 - Dry,10 - No control,,2,0,0,0,02 - Minor,1,,1,,,366849.2729,5026345.93,45.37430811,-75.70778636,9904
15--4673,2015/03/23,4:00 PM,HWY417 IC117 RAMP26 btwn HIGHWAY 417 & VANIER PKWY (__3ZAY6W),__3ZAY6W,01 - Non intersection,03 - P.D. only,04 - Sideswipe,01 - Clear,01 - Daylight,01 - Dry,10 - No control,,2,0,0,0,,0,,,,,370911.4608,5031280.744,45.41833822,-75.65526655,9905
15--4674,2015/03/23,4:18 PM,BRONSON PL @ COLONEL BY DR (0006903),6903,02 - Intersection related,03 - P.D. only,03 - Rear end,01 - Clear,01 - Daylight,01 - Dry,02 - Stop sign,01 - Functioning,2,0,0,0,,0,,,,,367807.7473,5028522.035,45.39380259,-75.69527249,9906
15--4675,2015/03/23,4:42 PM,WOODROFFE AVE btwn GRENFELL CRES & 260 N OF FALLOWFIELD RD/TRANSITWAY  (__3ZA3IO),__3ZA3IO,05 - At railway crossing,03 - P.D. only,03 - Rear end,01 - Clear,01 - Daylight,01 - Dry,10 - No control,,2,0,0,0,,0,,,,,364952.955,5018231.584,45.30146153,-75.73298178,9907
15--4676,2015/03/23,4:46 PM,LAURIER AVE   E btwn KING EDWARD AVE & HENDERSON AVE (__3ZA3VN),__3ZA3VN,01 - Non intersection,03 - P.D. only,04 - Sideswipe,01 - Clear,01 - Daylight,01 - Dry,10 - No control,,2,0,0,0,,0,,,,,368753.58,5032042.788,45.42539539,-75.6827369,9908
15--4677,2015/03/23,4:53 PM,EAGLESON RD @ 146 N OF ABBEYHILL DR/HAZELDEAN  (0011577),11577,03 - At intersection,03 - P.D. only,05 - Turning movement,01 - Clear,01 - Daylight,01 - Dry,01 - Traffic signal,01 - Functioning,2,0,0,0,,0,,,,,353773.2915,5018170.609,45.3017812,-75.87553169,9909
15--4678,2015/03/23,4:54 PM,BANK ST @ CAHILL DR/DAZE ST (0012178),12178,02 - Intersection related,03 - P.D. only,03 - Rear end,01 - Clear,01 - Daylight,01 - Dry,01 - Traffic signal,01 - Functioning,2,0,0,0,,0,,,,,371304.8873,5024316.246,45.355637,-75.65117858,9910
15--4679,2015/03/23,5:10 PM,STAR TOP RD btwn CYRVILLE RD & ALGOMA RD (__3ZA7XF),__3ZA7XF,04 - At/near private drive,03 - P.D. only,03 - Rear end,01 - Clear,01 - Daylight,01 - Dry,10 - No control,,2,0,0,0,,0,,,,,373831.9268,5031450.952,45.41958761,-75.61793106,9911
15--468,2015/01/08,5:30 PM,REGIONAL ROAD 174 EB btwn HWY417 IC113 RAMP65 & OR174 BLAIR IC112 RAMP51 (__3ZAZFJ),__3ZAZFJ,01 - Non intersection,03 - P.D. only,03 - Rear end,03 - Snow,05 - Dusk,03 - Loose snow,10 - No control,,2,0,0,0,,0,,,,,374760.7108,5032794.47,45.4315836,-75.60587396,9912
15--4680,2015/03/23,5:20 PM,DYNES RD @ PRINCE OF WALES DR (0003321),3321,02 - Intersection related,02 - Non-fatal injury,03 - Rear end,01 - Clear,01 - Daylight,01 - Dry,01 - Traffic signal,01 - Functioning,2,0,0,0,02 - Minor,1,,1,,,367115.678,5025923.051,45.3704795,-75.70443872,9913
15--4681,2015/03/23,5:27 PM,TENTH LINE RD btwn TOMPKINS AVE & CANOTIA PL (__3ZA1TD),__3ZA1TD,01 - Non intersection,03 - P.D. only,03 - Rear end,01 - Clear,01 - Daylight,01 - Dry,10 - No control,,3,0,0,0,,0,,,,,383281.9335,5037731.378,45.47509725,-75.49619743,9914
15--4682,2015/03/23,5:47 PM,SWEETLAND AVE btwn LAURIER AVE E & OSGOODE ST (__3ZA8JD),__3ZA8JD,04 - At/near private drive,03 - P.D. only,06 - SMV unattended vehicle,01 - Clear,01 - Daylight,05 - Packed snow,10 - No control,,1,0,0,0,,0,,,,,369058.8656,5031996.455,45.42495052,-75.6788421,9915
15--4683,2015/03/23,6:06 PM,WITHROW AVE btwn ST. HELEN'S PL & MERIVALE RD (__3ZAAW0),__3ZAAW0,04 - At/near private drive,03 - P.D. only,02 - Angle,01 - Clear,05 - Dusk,01 - Dry,10 - No control,,2,0,0,0,,0,,,,,364620.0495,5024210.819,45.35529056,-75.73650385,9916
15--4684,2015/03/23,6:19 PM,LEITRIM RD btwn FENTON RD & BANK ST (__3ZA3SF),__3ZA3SF,04 - At/near private drive,03 - P.D. only,05 - Turning movement,01 - Clear,05 - Dusk,01 - Dry,10 - No control,,2,0,0,0,,0,,,,,374620.7501,5021129.371,45.32664045,-75.60931202,9917
15--4685,2015/03/23,6:30 PM,MELROSE AVE btwn GLADSTONE AVE & END (__3ZA4AX),__3ZA4AX,04 - At/near private drive,03 - P.D. only,06 - SMV unattended vehicle,01 - Clear,07 - Dark,01 - Dry,10 - No control,,1,0,0,0,,0,,,,,365604.1512,5029246.749,45.4005182,-75.72332458,9918
15--4686,2015/03/23,6:32 PM,ROBERTSON RD btwn MOODIE DR & VANIER RD (__3ZBOCN),__3ZBOCN,04 - At/near private drive,03 - P.D. only,02 - Angle,01 - Clear,07 - Dark,01 - Dry,10 - No control,,2,0,0,0,,0,,,,,357362.4799,5020628.545,45.32363861,-75.82950751,9919
15--4687,2015/03/23,6:37 PM,BRONSON AVE @ COMMISSIONER ST/SLATER ST (0001679),1679,03 - At intersection,03 - P.D. only,05 - Turning movement,01 - Clear,07 - Dark,01 - Dry,01 - Traffic signal,01 - Functioning,2,0,0,0,,0,,,,,366768.612,5030948.184,45.41572514,-75.70823801,9920
15--4688,2015/03/23,6:44 AM,FALLOWFIELD RD @ MOODIE DR (0010412),10412,02 - Intersection related,03 - P.D. only,03 - Rear end,01 - Clear,03 - Dawn,01 - Dry,01 - Traffic signal,01 - Functioning,2,0,0,0,,0,,,,,359501.6559,5014634.967,45.26954442,-75.8028831,9921
15--4689,2015/03/23,7:06 PM,RIVERSIDE DR @ BROOKFIELD RD/HOG'S BACK RD (0001627),1627,02 - Intersection related,03 - P.D. only,07 - SMV other,01 - Clear,07 - Dark,01 - Dry,01 - Traffic signal,01 - Functioning,1,0,0,0,,0,,,,,368166.2696,5026221.44,45.37307012,-75.69098925,9922
15--469,2015/01/08,5:44 PM,AHEARN AVE btwn RITCHIE ST & CROFT ST (__3ZBNG8),__3ZBNG8,01 - Non intersection,03 - P.D. only,06 - SMV unattended vehicle,01 - Clear,07 - Dark,05 - Packed snow,10 - No control,,1,0,0,0,,0,,,,,359431.5824,5024595.342,45.35917394,-75.80267771,9923
15--4690,2015/03/23,7:12 PM,BLAIR RD @ INNES RD (0004165),4165,02 - Intersection related,03 - P.D. only,03 - Rear end,01 - Clear,07 - Dark,01 - Dry,01 - Traffic signal,01 - Functioning,2,0,0,0,,0,,,,,375578.7349,5031440.037,45.41931487,-75.59561521,9924
15--4691,2015/03/23,7:14 AM,FALLOWFIELD RD @ WOODROFFE AVE (0010372),10372,02 - Intersection related,03 - P.D. only,03 - Rear end,01 - Clear,01 - Daylight,01 - Dry,01 - Traffic signal,01 - Functioning,2,0,0,0,,0,,,,,365085.15,5017901.744,45.29848231,-75.73133641,9925
15--4692,2015/03/23,7:21 PM,QUEEN MARY ST btwn BERNARD ST & ALESTHER ST (__3ZA8K2),__3ZA8K2,01 - Non intersection,03 - P.D. only,06 - SMV unattended vehicle,01 - Clear,07 - Dark,01 - Dry,10 - No control,,1,0,0,0,,0,,,,,371940.9398,5032134.4,45.42592099,-75.64199761,9926
15--4693,2015/03/23,8:32 AM,BASELINE RD/HERON RD @ PRINCE OF WALES DR (0002345),2345,02 - Intersection related,02 - Non-fatal injury,03 - Rear end,01 - Clear,01 - Daylight,01 - Dry,01 - Traffic signal,01 - Functioning,3,0,0,0,02 - Minor,1,,1,,,366873.7108,5026438.676,45.37514045,-75.70746272,9927
15--4694,2015/03/23,8:45 AM,CHAMPLAIN BRIDGE/ISLAND PARK DR btwn BATE ISLAND & PROVINCIAL BOUNDARY (__3ZA2ZEA),__3ZA2ZEA,01 - Non intersection,03 - P.D. only,03 - Rear end,01 - Clear,01 - Daylight,01 - Dry,10 - No control,,3,0,0,0,,0,,,,,362893.126,5030136.986,45.40875861,-75.7578457,9928
15--4695,2015/03/23,8:56 PM,BRONSON AVE btwn FINDLAY AVE & BRONSON AVE SB OFF RAMP 34 (__3ZA3N5),__3ZA3N5,01 - Non intersection,03 - P.D. only,03 - Rear end,01 - Clear,07 - Dark,01 - Dry,10 - No control,,2,0,0,0,,0,,,,,367744.1329,5028507.578,45.39367823,-75.69608673,9929
15--4696,2015/03/23,8:59 AM,ROGER STEVENS DR btwn SECOND LINE RD S & DORACK DR (__3ZA39U),__3ZA39U,01 - Non intersection,03 - P.D. only,07 - SMV other,01 - Clear,01 - Daylight,01 - Dry,10 - No control,,1,0,0,0,,0,,,,,371046.4908,5002162.389,45.15632453,-75.65742944,9930
15--4697,2015/03/23,9:10 AM,BASELINE RD btwn 207 E OF CLYDE AVE & LOBLAWS SC (__3ZA4ISB),__3ZA4ISB,04 - At/near private drive,03 - P.D. only,02 - Angle,01 - Clear,01 - Daylight,01 - Dry,10 - No control,,2,0,0,0,,0,,,,,364638.0266,5025062.638,45.36295357,-75.7361713,9931
15--4698,2015/03/23,9:58 AM,BRONSON AVE @ COMMISSIONER ST/SLATER ST (0001679),1679,03 - At intersection,02 - Non-fatal injury,05 - Turning movement,01 - Clear,01 - Daylight,01 - Dry,01 - Traffic signal,01 - Functioning,2,0,0,0,02 - Minor,1,,1,,,366769.6693,5030949.05,45.41573284,-75.7082244,9932
15--4699,2015/03/24,1:39 PM,BEAUSEJOUR DR btwn KAMOURASKA CIRC & ORLEANS BLVD (__3ZA6DP),__3ZA6DP,01 - Non intersection,03 - P.D. only,07 - SMV other,01 - Clear,01 - Daylight,01 - Dry,10 - No control,,1,0,0,0,,0,,,,,380950.8467,5035883.178,45.45872676,-75.52629454,9933
15--47,2015/01/02,5:07 PM,CARLING AVE @ WYLIE AVE (0002394),2394,02 - Intersection related,03 - P.D. only,03 - Rear end,01 - Clear,05 - Dusk,01 - Dry,02 - Stop sign,01 - Functioning,2,0,0,0,,0,,,,,359140.6682,5024077.022,45.3545327,-75.80644766,9934
15--470,2015/01/08,5:45 PM,PARKDALE AVE btwn WELLINGTON ST W & GLADSTONE AVE (__3ZA4QM),__3ZA4QM,04 - At/near private drive,03 - P.D. only,02 - Angle,01 - Clear,07 - Dark,04 - Slush,10 - No control,,3,0,0,0,,0,,,,,365211.7664,5029132.476,45.39952397,-75.7283502,9935
15--4700,2015/03/24,1:47 PM,RUSSELL AVE @ TEMPLETON ST (0007310),7310,03 - At intersection,03 - P.D. only,02 - Angle,01 - Clear,01 - Daylight,01 - Dry,02 - Stop sign,01 - Functioning,2,0,0,0,,0,,,,,369360.1696,5031687.05,45.42213887,-75.67503271,9936
15--4701,2015/03/24,1:50 PM,GEORGE ST @ DALHOUSIE ST (0008516),8516,03 - At intersection,03 - P.D. only,07 - SMV other,01 - Clear,01 - Daylight,01 - Dry,01 - Traffic signal,01 - Functioning,1,0,0,0,,0,,,,,368158.2949,5032317.076,45.42791751,-75.69030799,9937
15--4702,2015/03/24,1:54 PM,KENT ST @ SOMERSET ST (0008857),8857,03 - At intersection,03 - P.D. only,04 - Sideswipe,01 - Clear,01 - Daylight,01 - Dry,01 - Traffic signal,01 - Functioning,2,0,0,0,,0,,,,,367526.7012,5030815.083,45.41445999,-75.69856993,9938
15--4703,2015/03/24,1:57 PM,MCARTHUR AVE @ VANIER PKWY (0004626),4626,02 - Intersection related,03 - P.D. only,04 - Sideswipe,01 - Clear,01 - Daylight,01 - Dry,01 - Traffic signal,01 - Functioning,2,0,0,0,,0,,,,,370218.705,5032690.226,45.43108528,-75.66393004,9939
15--5190,2015/04/08,3:25 PM,HIGHWAY 417 btwn HWY417 IC115 RAMP36 & HWY417 IC115 RAMP26 (__3ZA2R4),__3ZA2R4,01 - Non intersection,03 - P.D. only,03 - Rear end,01 - Clear,01 - Daylight,01 - Dry,10 - No control,,2,0,0,0,,0,,,,,372388.4043,5031513.473,45.42029109,-75.63636525,9940
15--5191,2015/04/08,3:30 PM,BANK ST @ WELLINGTON ST (0002039),2039,02 - Intersection related,03 - P.D. only,03 - Rear end,01 - Clear,01 - Daylight,01 - Dry,01 - Traffic signal,01 - Functioning,3,0,0,0,,0,,,,,367259.1264,5031628.094,45.42179914,-75.70188522,9941
15--5192,2015/04/08,3:50 PM,HIGHWAY 417 btwn HWY417 IC120A RAMP52 & HWY417 IC119B RAMP57 (__3ZA2R1),__3ZA2R1,01 - Non intersection,03 - P.D. only,03 - Rear end,01 - Clear,01 - Daylight,01 - Dry,10 - No control,,2,0,0,0,,0,,,,,367923.8131,5030087.045,45.40787362,-75.69358995,9942
15--5193,2015/04/08,4:47 PM,PRESTON ST @ SOMERSET ST (0002215),2215,02 - Intersection related,02 - Non-fatal injury,05 - Turning movement,01 - Clear,01 - Daylight,01 - Dry,01 - Traffic signal,01 - Functioning,2,1,0,0,03 - Major,1,,,1,,366306.9757,5030127.448,45.40838111,-75.71423811,9943
15--5194,2015/04/08,5:20 PM,YORK ST btwn BY WARD MARKET SQ & WILLIAM ST (__3ZA81V),__3ZA81V,01 - Non intersection,03 - P.D. only,99 - Other,01 - Clear,01 - Daylight,01 - Dry,10 - No control,,2,0,0,0,,0,,,,,367964.7473,5032341.071,45.42815091,-75.69277813,9944
15--5195,2015/04/08,5:50 PM,RIVERSIDE DR @ HERON RD (0002236),2236,02 - Intersection related,03 - P.D. only,03 - Rear end,01 - Clear,01 - Daylight,01 - Dry,01 - Traffic signal,01 - Functioning,2,0,0,0,,0,,,,,368120.141,5026646.739,45.37690102,-75.6915236,9945
15--5196,2015/04/08,5:52 PM,ROGER STEVENS DR btwn DWYER HILL RD & MALAKOFF RD (__3ZA4ZQ),__3ZA4ZQ,01 - Non intersection,03 - P.D. only,99 - Other,01 - Clear,01 - Daylight,01 - Dry,10 - No control,,2,0,0,0,,0,,,,,358525.4579,4992910.179,45.07413323,-75.81766121,9946
15--5197,2015/04/08,6:02 AM,INNES RD btwn FRANK KENNY RD E & FRANK KENNY RD W (__61W6XC),__61W6XC,01 - Non intersection,02 - Non-fatal injury,07 - SMV other,01 - Clear,03 - Dawn,01 - Dry,10 - No control,,1,0,0,0,02 - Minor,1,,1,,,387626.7928,5037661.417,45.47396599,-75.44064676,9947
15--5198,2015/04/08,6:05 PM,SABLE RIDGE DR btwn CARRIAGE HILL PL & QUAIL RUN AVE (__3ZAZF4),__3ZAZF4,01 - Non intersection,03 - P.D. only,01 - Approaching,01 - Clear,01 - Daylight,01 - Dry,10 - No control,,2,0,0,0,,0,,,,,372925.6097,5024498.808,45.35712403,-75.63047003,9948
15--5199,2015/04/08,6:30 PM,CARRONBRIDGE CIR btwn CARRONBRIDGE CIR & WESTHALL WAY W (__7IFXP2),__7IFXP2,01 - Non intersection,03 - P.D. only,01 - Approaching,03 - Snow,05 - Dusk,03 - Loose snow,10 - No control,,2,0,0,0,,0,,,,,354564.139,5015652.379,45.27906605,-75.86570068,9949