Anom_ID,Accident_Date,Accident_Time,Location,Geo_ID,Accident_Location,Classification_of_Accident,Initial_Impact_Type,Environment_Condition,Light,Road_Surface_Condition,Traffic_Control,Traffic_Control_Condition,No__of_Vehicles,No__of_Bicycles,No__of_Motorcycles,No__of_Pedestrians,Max_Injury,No__of_Injuries,No__of_Minimal,No__of_Minor,No__of_Major,No__of_Fatal,X,Y,Latitude,Longitude,ObjectId
15--52,2015/01/02,7:19 PM,HIGHWAY 417 btwn HIGHWAY 417 & HWY417 IC115 RAMP61 (__3ZA2YH),__3ZA2YH,01 - Non intersection,03 - P.D. only,99 - Other,01 - Clear,07 - Dark,01 - Dry,10 - No control,,2,0,0,0,,0,,,,,372782.1766,5031560.414,45.42067529,-75.63132778,9950
15--520,2015/01/08,9:00 AM,HIGHWAY 417 btwn HWY417 IC112 RAMP56 & HWY417 IC112 RAMP64 (__3ZAZE7),__3ZAZE7,01 - Non intersection,02 - Non-fatal injury,04 - Sideswipe,01 - Clear,01 - Daylight,06 - Ice,10 - No control,,2,0,0,0,02 - Minor,1,,1,,,374845.1987,5030727.932,45.41298155,-75.60508813,9951
15--5200,2015/04/08,6:40 AM,AIRPORT PKWY btwn RAMP & RAMP (4) (__3ZA22T),__3ZA22T,01 - Non intersection,03 - P.D. only,03 - Rear end,01 - Clear,01 - Daylight,01 - Dry,10 - No control,,2,0,0,0,,0,,,,,371075.0742,5023206.452,45.34567318,-75.65426017,9952
15--5201,2015/04/08,7:01 PM,SABLE RIDGE DR btwn CRYSTAL RIDGE PL & QUAIL RUN AVE (__3ZAZF2),__3ZAZF2,01 - Non intersection,03 - P.D. only,99 - Other,03 - Snow,05 - Dusk,02 - Wet,10 - No control,,2,0,0,0,,0,,,,,372694.0771,5024298.183,45.35534134,-75.63345244,9953
15--5202,2015/04/08,7:20 AM,GREENBANK RD @ WEST HUNT CLUB RD (0005167),5167,02 - Intersection related,03 - P.D. only,03 - Rear end,01 - Clear,01 - Daylight,01 - Dry,01 - Traffic signal,01 - Functioning,2,0,0,0,,0,,,,,361481.6047,5020501.997,45.3221794,-75.77698206,9954
15--5203,2015/04/08,7:29 AM,CAMPEAU DR @ HAWKSTONE GT (0008754),8754,03 - At intersection,03 - P.D. only,05 - Turning movement,01 - Clear,01 - Daylight,01 - Dry,01 - Traffic signal,01 - Functioning,2,0,0,0,,0,,,,,352308.9072,5020328.671,45.3213005,-75.89399636,9955
15--5204,2015/04/08,7:34 PM,FALLOWFIELD RD btwn STEEPLE HILL CRES & MOODIE DR (__3ZA4Y5),__3ZA4Y5,01 - Non intersection,03 - P.D. only,07 - SMV other,03 - Snow,01 - Daylight,04 - Slush,10 - No control,,1,0,0,0,,0,,,,,358639.4337,5014174.375,45.26546647,-75.81392037,9956
15--5205,2015/04/08,7:44 AM,REGIONAL ROAD 174 EB btwn HWY417 IC113 RAMP65 & OR174 BLAIR IC112 RAMP51 (__3ZAZFJ),__3ZAZFJ,01 - Non intersection,03 - P.D. only,07 - SMV other,01 - Clear,01 - Daylight,01 - Dry,10 - No control,,1,0,0,0,,0,,,,,374826.253,5032838.807,45.43197596,-75.6050301,9957
15--5206,2015/04/08,8:04 PM,HUNT CLUB RD btwn CAHILL DR & LORRY GREENBERG DR (__3ZA3S4),__3ZA3S4,01 - Non intersection,03 - P.D. only,03 - Rear end,03 - Snow,07 - Dark,02 - Wet,10 - No control,,2,0,0,0,,0,,,,,372590.6914,5024653.105,45.3585448,-75.63472315,9958
15--5207,2015/04/08,8:27 PM,HUNT CLUB RD btwn CAHILL DR & LORRY GREENBERG DR (__3ZA3S4),__3ZA3S4,01 - Non intersection,03 - P.D. only,06 - SMV unattended vehicle,03 - Snow,07 - Dark,02 - Wet,10 - No control,,1,0,0,0,,0,,,,,372493.5005,5024596.924,45.35804869,-75.63597124,9959
15--5208,2015/04/08,8:45 AM,CARLING AVE WB btwn BOYCE AVE & SCRIVENS ST (__3ZA4VO),__3ZA4VO,04 - At/near private drive,03 - P.D. only,02 - Angle,01 - Clear,01 - Daylight,01 - Dry,10 - No control,,2,0,0,0,,0,,,,,359387.759,5024235.945,45.3559435,-75.80327672,9960
15--5209,2015/04/08,9:13 PM,DUMAURIER AVE @ RICHMOND RD (0002679),2679,03 - At intersection,02 - Non-fatal injury,02 - Angle,03 - Snow,07 - Dark,02 - Wet,01 - Traffic signal,01 - Functioning,2,0,0,0,02 - Minor,2,1,1,,,359628.6293,5023735.993,45.35142614,-75.80025808,9961
15--521,2015/01/08,9:08 AM,DALY AVE @ WALLER ST (0008233),8233,02 - Intersection related,03 - P.D. only,03 - Rear end,01 - Clear,01 - Daylight,03 - Loose snow,01 - Traffic signal,01 - Functioning,2,0,0,0,,0,,,,,368341.1736,5032120.637,45.42613343,-75.68799646,9962
15--5210,2015/04/08,9:30 PM,FRANK KENNY RD E @ INNES RD (0004625),4625,02 - Intersection related,03 - P.D. only,07 - SMV other,03 - Snow,07 - Dark,02 - Wet,02 - Stop sign,01 - Functioning,1,0,0,0,,0,,,,,387870.2614,5037737.22,45.47461906,-75.43752052,9963
15--5211,2015/04/08,9:53 AM,THIRD LINE RD    S btwn LOCKHEAD RD E & LOCKHEAD RD W (__3ZAZJ4),__3ZAZJ4,01 - Non intersection,03 - P.D. only,07 - SMV other,01 - Clear,01 - Daylight,01 - Dry,10 - No control,,1,0,0,0,,0,,,,,369734.5203,4998706.257,45.1253479,-75.67456315,9964
15--5212,2015/04/09,10:30 AM,LACASSE AVE @ MONTREAL RD (0009797),9797,03 - At intersection,02 - Non-fatal injury,07 - SMV other,01 - Clear,01 - Daylight,01 - Dry,01 - Traffic signal,01 - Functioning,1,0,0,1,02 - Minor,1,,1,,,370686.6274,5033406.737,45.43748821,-75.65785461,9965
15--5213,2015/04/09,10:39 AM,BALSAM ST @ PRESTON ST (0006501),6501,03 - At intersection,03 - P.D. only,99 - Other,01 - Clear,01 - Daylight,01 - Dry,02 - Stop sign,01 - Functioning,2,0,0,0,,0,,,,,366456.7045,5029789.048,45.4053231,-75.7123678,9966
15--5214,2015/04/09,10:55 AM,CARLING AVE @ KIRKWOOD AVE S (0002209),2209,03 - At intersection,02 - Non-fatal injury,05 - Turning movement,01 - Clear,01 - Daylight,01 - Dry,01 - Traffic signal,00 - Unknown,2,0,0,0,02 - Minor,2,,2,,,364350.7366,5027336.103,45.38343431,-75.7395641,9967
15--5215,2015/04/09,11:53 PM,BRIDGESTONE DR @ FOXHALL WAY (0013836),13836,02 - Intersection related,02 - Non-fatal injury,07 - SMV other,02 - Rain,07 - Dark,02 - Wet,11 - Roundabout,00 - Unknown,1,0,0,0,01 - Minimal,1,1,,,,355179.009,5016442.85,45.28613508,-75.85778372,9968
15--5216,2015/04/09,12:07 PM,RIDEAU ST @ WURTEMBURG ST (0007118),7118,02 - Intersection related,03 - P.D. only,03 - Rear end,01 - Clear,01 - Daylight,01 - Dry,01 - Traffic signal,01 - Functioning,2,0,0,0,,0,,,,,369356.7614,5032925.063,45.43327835,-75.67491398,9969
15--5217,2015/04/09,12:12 PM,HUNT CLUB RD @ RIVERSIDE DR (0002237),2237,02 - Intersection related,03 - P.D. only,03 - Rear end,01 - Clear,01 - Daylight,01 - Dry,01 - Traffic signal,01 - Functioning,2,0,0,0,,0,,,,,368037.6669,5021945.017,45.33460346,-75.69317796,9970
15--5218,2015/04/09,12:50 AM,GREENBANK RD btwn JOCKVALE RD & CAMBRIAN RD (__3ZA2WE),__3ZA2WE,01 - Non intersection,02 - Non-fatal injury,07 - SMV other,02 - Rain,07 - Dark,02 - Wet,10 - No control,,1,0,0,0,02 - Minor,1,,1,,,364358.8677,5013416.974,45.25819032,-75.74113414,9971
15--5219,2015/04/09,2:56 PM,BANK ST btwn FOURTH AVE & FIFTH AVE (__3ZA3OW),__3ZA3OW,01 - Non intersection,03 - P.D. only,04 - Sideswipe,01 - Clear,01 - Daylight,01 - Dry,10 - No control,,2,0,0,0,,0,,,,,368390.0387,5029415.498,45.40178905,-75.6877211,9972
15--522,2015/01/08,9:13 AM,BRONSON AVE btwn BREWER WAY & RIVERSIDE DR RAMPS 34B & 42A-3 (__3ZA3BR),__3ZA3BR,01 - Non intersection,03 - P.D. only,03 - Rear end,01 - Clear,01 - Daylight,06 - Ice,10 - No control,,2,0,0,0,,0,,,,,368403.5469,5027211.018,45.38195258,-75.68783273,9973
15--5220,2015/04/09,3:34 PM,WOODROFFE AVE btwn HWY417 IC127 RAMP63 & HWY417 IC127 RAMP35 (__3ZA25N),__3ZA25N,01 - Non intersection,01 - Fatal injury,99 - Other,01 - Clear,01 - Daylight,01 - Dry,10 - No control,,3,0,0,0,04 - Fatal,3,,2,,1,362124.3227,5024842.277,45.36118084,-75.76828145,9974
15--5221,2015/04/09,3:36 PM,MCARTHUR AVE btwn VANIER PKWY & ENFIELD AVE (__3ZA3WV),__3ZA3WV,04 - At/near private drive,03 - P.D. only,05 - Turning movement,01 - Clear,01 - Daylight,01 - Dry,10 - No control,,2,1,0,0,,0,,,,,370274.4355,5032702.629,45.43119166,-75.66321621,9975
15--5222,2015/04/09,4:08 PM,DALMENY RD btwn RIVER RD & NIXON DR (__3ZA2T9),__3ZA2T9,01 - Non intersection,03 - P.D. only,07 - SMV other,01 - Clear,01 - Daylight,01 - Dry,10 - No control,,1,0,0,0,,0,,,,,375419.98,4997620.38,45.11503207,-75.60245227,9976
15--5223,2015/04/09,4:32 PM,SMYTH RD btwn LYNDA LANE & ROGER GUINDON AVE (__3ZAZAL),__3ZAZAL,01 - Non intersection,03 - P.D. only,03 - Rear end,01 - Clear,01 - Daylight,01 - Dry,10 - No control,,3,0,0,0,,0,,,,,371744.4563,5029207.087,45.39960113,-75.6449058,9977
15--5224,2015/04/09,6:10 PM,BRONSON AVE @ HWY 417 BRONSON IC121AR51 (0002693),2693,03 - At intersection,03 - P.D. only,02 - Angle,02 - Rain,01 - Daylight,02 - Wet,01 - Traffic signal,01 - Functioning,2,0,0,0,,0,,,,,367287.7485,5029709.112,45.40453017,-75.70176281,9978
15--5225,2015/04/09,6:30 AM,INNES RD btwn PRESTWICK DR & TENTH LINE RD (__3ZA3Y7),__3ZA3Y7,01 - Non intersection,03 - P.D. only,04 - Sideswipe,01 - Clear,01 - Daylight,01 - Dry,10 - No control,,2,0,0,0,,0,,,,,383918.9892,5036146.549,45.46076653,-75.48830575,9979
15--5226,2015/04/09,7:00 PM,MONTREAL RD @ CARSON'S RD/CODD'S RD (0010801),10801,02 - Intersection related,03 - P.D. only,03 - Rear end,02 - Rain,05 - Dusk,02 - Wet,01 - Traffic signal,01 - Functioning,2,0,0,0,,0,,,,,372769.7545,5034398.099,45.44620858,-75.63109475,9980
15--5227,2015/04/09,7:45 AM,BLAIR RD @ INNES RD (0004165),4165,02 - Intersection related,03 - P.D. only,03 - Rear end,01 - Clear,01 - Daylight,01 - Dry,01 - Traffic signal,01 - Functioning,2,0,0,0,,0,,,,,375580.6626,5031440.037,45.41931468,-75.59559058,9981
15--5228,2015/04/09,8:00 AM,CARLING AVE @ WOODROFFE AVE W (0011470),11470,02 - Intersection related,03 - P.D. only,03 - Rear end,01 - Clear,01 - Daylight,01 - Dry,01 - Traffic signal,01 - Functioning,2,0,0,0,,0,,,,,361767.6836,5025725.032,45.36915287,-75.77273163,9982
15--5229,2015/04/09,8:02 PM,STRANDHERD DR btwn 210 W OF WOODROFFE AVE & BEATRICE DR (__3ZACGCB),__3ZACGCB,01 - Non intersection,03 - P.D. only,04 - Sideswipe,01 - Clear,07 - Dark,01 - Dry,10 - No control,,2,0,0,0,,0,,,,,365554.365,5015317.145,45.27518581,-75.72567073,9983
15--523,2015/01/08,9:15 PM,PARKDALE AVE WB ON RAMP/OTTAWA RIVER PKWY btwn PARKDALE AVE & OTTAWA R (__3ZAY0S),__3ZAY0S,01 - Non intersection,03 - P.D. only,07 - SMV other,03 - Snow,07 - Dark,06 - Ice,10 - No control,,1,0,0,0,,0,,,,,364648.9374,5030473.951,45.41164261,-75.73537584,9984
15--5230,2015/04/09,8:13 PM,FALLOWFIELD RD @ WOODROFFE AVE (0010372),10372,02 - Intersection related,03 - P.D. only,03 - Rear end,01 - Clear,07 - Dark,01 - Dry,01 - Traffic signal,01 - Functioning,2,0,0,0,,0,,,,,365085.15,5017903.19,45.29849533,-75.73133623,9985
15--5231,2015/04/09,8:46 PM,LAURIER AVE @ NICHOLAS ST (0010711),10711,03 - At intersection,03 - P.D. only,02 - Angle,02 - Rain,07 - Dark,02 - Wet,01 - Traffic signal,01 - Functioning,2,0,0,0,,0,,,,,368373.637,5031797.788,45.4232256,-75.68762332,9986
15--5232,2015/04/09,9:16 AM,BANK ST @ ROTARY WAY (0013660),13660,03 - At intersection,03 - P.D. only,02 - Angle,01 - Clear,01 - Daylight,01 - Dry,01 - Traffic signal,01 - Functioning,2,0,0,0,,0,,,,,375523.5441,5021226.117,45.32742054,-75.59778288,9987
15--5233,2015/04/09,9:20 AM,HWY417 IC127 RAMP67 btwn HWY417 IC127 RAMP62 & HIGHWAY 417 (__3ZAYBK),__3ZAYBK,01 - Non intersection,03 - P.D. only,03 - Rear end,01 - Clear,01 - Daylight,01 - Dry,10 - No control,,2,0,0,0,,0,,,,,362236.4775,5024961.178,45.36224152,-75.76683614,9988
15--5234,2015/04/09,9:30 AM,HIGHWAY 417 btwn HWY417 IC117 RAMP51 & HWY417 IC117 RAMP35 (__3ZA2YN),__3ZA2YN,01 - Non intersection,03 - P.D. only,03 - Rear end,01 - Clear,01 - Daylight,01 - Dry,10 - No control,,2,0,0,0,,0,,,,,370695.2189,5031170.421,45.41736597,-75.65804402,9989
15--5235,2015/04/09,9:47 AM,KALADAR AVE btwn GREGG ST & BROOKFIELD RD (__3ZA9YR),__3ZA9YR,04 - At/near private drive,03 - P.D. only,99 - Other,01 - Clear,01 - Daylight,01 - Dry,10 - No control,,2,0,0,0,,0,,,,,369714.5724,5026537.813,45.37577503,-75.67118221,9990
15--5236,2015/04/10,1:13 AM,BROOKFIELD RD @ 200 W OF FLANNERY DR (0008784),8784,02 - Intersection related,02 - Non-fatal injury,07 - SMV other,02 - Rain,07 - Dark,02 - Wet,01 - Traffic signal,01 - Functioning,1,0,0,1,02 - Minor,1,,1,,,368509.5069,5026258.381,45.37337139,-75.68660275,9991
15--5237,2015/04/10,1:15 PM,DALMENY RD @ NIXON DR (0005742),5742,03 - At intersection,03 - P.D. only,02 - Angle,01 - Clear,01 - Daylight,01 - Dry,02 - Stop sign,01 - Functioning,2,0,0,0,,0,,,,,375602.2755,4997732.231,45.11602027,-75.60011985,9992
15--5238,2015/04/10,1:17 PM,DALY AVE @ NICHOLAS ST (0011451),11451,02 - Intersection related,03 - P.D. only,04 - Sideswipe,02 - Rain,01 - Daylight,02 - Wet,01 - Traffic signal,01 - Functioning,2,0,0,0,,0,,,,,368227.701,5032047.334,45.42548417,-75.68945584,9993
15--5239,2015/04/10,11:10 AM,EAGLESON RD @ HAZELDEAN RD/ROBERTSON RD (0002715),2715,02 - Intersection related,03 - P.D. only,03 - Rear end,02 - Rain,01 - Daylight,02 - Wet,01 - Traffic signal,01 - Functioning,2,0,0,0,,0,,,,,353675.5526,5018423.978,45.30406788,-75.87675292,9994
15--524,2015/01/08,9:24 PM,GLADSTONE AVE @ LYON ST (0002705),2705,03 - At intersection,03 - P.D. only,03 - Rear end,03 - Snow,07 - Dark,03 - Loose snow,01 - Traffic signal,01 - Functioning,2,0,0,0,,0,,,,,367584.6774,5030361.089,45.41036989,-75.6978871,9995
15--5240,2015/04/10,Unknown,FRIEL ST btwn WILBROD ST & LAURIER AVE E (__3ZA8LT),__3ZA8LT,01 - Non intersection,03 - P.D. only,06 - SMV unattended vehicle,01 - Clear,00 - Unknown,01 - Dry,10 - No control,,1,0,0,0,,0,,,,,368964.9412,5032244.199,45.42718825,-75.68000995,9996
15--5241,2015/04/10,Unknown,SHADY GROVE ST btwn WOODROFFE AVE & STONELEIGH ST (__44Z0IR),__44Z0IR,01 - Non intersection,03 - P.D. only,06 - SMV unattended vehicle,01 - Clear,00 - Unknown,01 - Dry,10 - No control,,1,0,0,0,,0,,,,,366403.2467,5014786.925,45.27034106,-75.71491832,9997
15--5242,2015/04/10,12:00 PM,BRIGADE AVE @ STITTSVILLE MAIN ST (0000078),78,02 - Intersection related,03 - P.D. only,99 - Other,01 - Clear,01 - Daylight,02 - Wet,02 - Stop sign,00 - Unknown,2,0,0,0,,0,,,,,350951.3974,5012496.695,45.2509166,-75.91203976,9998
15--5243,2015/04/10,12:00 PM,DUSSERE ST @ ST. JOSEPH BLVD (0004136),4136,02 - Intersection related,03 - P.D. only,02 - Angle,01 - Clear,01 - Daylight,01 - Dry,02 - Stop sign,00 - Unknown,2,0,0,0,,0,,,,,380856.6558,5037126.824,45.46992634,-75.52730632,9999
15--5244,2015/04/10,12:00 PM,SOMERSET ST    W btwn BREEZEHILL AVE N & PRESTON ST (__3ZA32I),__3ZA32I,01 - Non intersection,03 - P.D. only,06 - SMV unattended vehicle,01 - Clear,01 - Daylight,01 - Dry,10 - No control,,1,0,0,0,,0,,,,,366135.5267,5030053.979,45.4077351,-75.71643734,10000
15--5876,2015/04/30,5:52 PM,CONROY RD @ WALKLEY RD (0002648),2648,02 - Intersection related,03 - P.D. only,03 - Rear end,01 - Clear,01 - Daylight,01 - Dry,01 - Traffic signal,01 - Functioning,2,0,0,0,,0,,,,,372904.4433,5027463.892,45.38380473,-75.63033137,10001
15--5877,2015/04/30,6:08 PM,HWY417 IC142 RAMP61 btwn HWY417 IC142 RAMP63 & HIGHWAY 417 (__3ZAY78),__3ZAY78,01 - Non intersection,03 - P.D. only,07 - SMV other,01 - Clear,01 - Daylight,01 - Dry,10 - No control,,1,0,0,0,,0,,,,,348917.3362,5017463.352,45.29573883,-75.93751072,10002
15--5878,2015/04/30,6:22 PM,TERRY FOX DR btwn LEGGET DR & HELMSDALE DR (__3ZAZO8),__3ZAZO8,01 - Non intersection,03 - P.D. only,04 - Sideswipe,01 - Clear,01 - Daylight,01 - Dry,10 - No control,,2,0,0,0,,0,,,,,350563.5362,5023778.557,45.3524593,-75.91593935,10003
15--5879,2015/04/30,6:57 AM,MACDONALD-CARTIER BR RAMP SB-1 btwn MACDONALD-CARTIER BR & CATHCART ST (__7TR60I),__7TR60I,01 - Non intersection,03 - P.D. only,04 - Sideswipe,01 - Clear,01 - Daylight,01 - Dry,10 - No control,,3,0,0,0,,0,,,,,367553.9049,5033171.052,45.43565578,-75.69792224,10004
15--588,2015/01/09,7:25 AM,EAGLESON RD @ KATIMAVIK RD/TIMM DR (0011925),11925,02 - Intersection related,02 - Non-fatal injury,03 - Rear end,03 - Snow,03 - Dawn,06 - Ice,01 - Traffic signal,01 - Functioning,2,0,0,0,02 - Minor,1,,1,,,353213.6602,5019564.988,45.31436692,-75.88253102,10005
15--5880,2015/04/30,7:00 PM,BEECHWOOD AVE @ CHARLEVOIX ST/MACKAY ST (0002248),2248,03 - At intersection,02 - Non-fatal injury,07 - SMV other,01 - Clear,01 - Daylight,01 - Dry,01 - Traffic signal,01 - Functioning,1,0,0,1,02 - Minor,1,,1,,,369185.6125,5033592.509,45.43929954,-75.67701387,10006
15--5881,2015/04/30,7:12 AM,RUSSELL RD btwn SOUTHVALE CRES & WALKLEY RD (__3ZA2LY),__3ZA2LY,04 - At/near private drive,03 - P.D. only,02 - Angle,01 - Clear,01 - Daylight,01 - Dry,10 - No control,,2,0,0,0,,0,,,,,374573.858,5028573.619,45.39362523,-75.60885923,10007
15--6236,2015/05/10,2:05 AM,CLARENCE ST btwn PARENT AVE & WILLIAM ST (__3ZA82R),__3ZA82R,01 - Non intersection,03 - P.D. only,99 - Other,01 - Clear,07 - Dark,02 - Wet,10 - No control,,2,0,0,0,,0,,,,,367935.5909,5032438.072,45.42902633,-75.69313826,10008
15--5605,2015/04/21,3:39 PM,BROUGHTON ST btwn MANNING CRT & BRYANT ST (__4V7PJW),__4V7PJW,01 - Non intersection,02 - Non-fatal injury,02 - Angle,01 - Clear,01 - Daylight,01 - Dry,10 - No control,,2,1,0,0,02 - Minor,1,,1,,,349734.486,5020805.442,45.32576012,-75.92678964,10009
15--5696,2015/04/24,12:51 PM,IONA ST @ ISLAND PARK DR (0006683),6683,02 - Intersection related,03 - P.D. only,02 - Angle,01 - Clear,01 - Daylight,01 - Dry,01 - Traffic signal,01 - Functioning,3,0,0,0,,0,,,,,364352.2939,5028383.822,45.39286136,-75.73941779,10010
15--6146,2015/05/07,9:00 AM,MOODIE DR @ CORKSTOWN RD (0000577),577,03 - At intersection,03 - P.D. only,05 - Turning movement,01 - Clear,01 - Daylight,01 - Dry,01 - Traffic signal,01 - Functioning,2,0,0,0,,0,,,,,356334.9753,5022771.114,45.34299386,-75.8423905,10011
15--5425,2015/04/15,9:58 AM,BASELINE RD @ CLYDE AVE (0002343),2343,02 - Intersection related,03 - P.D. only,03 - Rear end,01 - Clear,01 - Daylight,01 - Dry,01 - Traffic signal,01 - Functioning,2,0,0,0,,0,,,,,364358.7033,5024890.031,45.36142426,-75.73975733,10012
15--5786,2015/04/27,9:39 PM,PRINCE OF WALES DR @ MEADOWLANDS DR/HOG'S BACK (0001629),1629,03 - At intersection,03 - P.D. only,05 - Turning movement,01 - Clear,07 - Dark,01 - Dry,01 - Traffic signal,01 - Functioning,2,0,0,0,,0,,,,,367372.8828,5025693.959,45.36839527,-75.70118441,10013
15--5882,2015/04/30,7:16 PM,QUEEN ELIZABETH DRWY btwn FOURTH AVE & THIRD AVE (__3ZA22L),__3ZA22L,01 - Non intersection,03 - P.D. only,03 - Rear end,01 - Clear,01 - Daylight,01 - Dry,10 - No control,,2,0,0,0,,0,,,,,368811.8517,5029794.758,45.40516307,-75.68228431,10014
15--5883,2015/04/30,7:23 PM,VANIER PKWY/CRICHTON ST @ BEECHWOOD AVE/ST. PA (0001604),1604,02 - Intersection related,03 - P.D. only,04 - Sideswipe,01 - Clear,01 - Daylight,01 - Dry,01 - Traffic signal,01 - Functioning,2,0,0,0,,0,,,,,369127.8687,5033488.494,45.43836897,-75.67776548,10015
15--5884,2015/04/30,7:23 PM,ST. JOSEPH BLVD @ JEANNE D'ARC BLVD (0012421),12421,03 - At intersection,03 - P.D. only,02 - Angle,01 - Clear,01 - Daylight,01 - Dry,11 - Roundabout,01 - Functioning,2,0,0,0,,0,,,,,379860.7425,5036473.027,45.46415173,-75.54014116,10016
15--5515,2015/04/17,9:57 AM,KING EDWARD AVE SB btwn CATHCART ST & ST. ANDREW ST (__3ZA3LO),__3ZA3LO,01 - Non intersection,02 - Non-fatal injury,05 - Turning movement,01 - Clear,01 - Daylight,01 - Dry,10 - No control,,4,0,0,0,02 - Minor,2,1,1,,,368139.9823,5033002.475,45.43408614,-75.69045383,10017
15--5885,2015/04/30,7:46 PM,MARINA DR btwn FAIRWAY DR & FAIRWAY DR (__3ZBOY2),__3ZBOY2,01 - Non intersection,03 - P.D. only,06 - SMV unattended vehicle,01 - Clear,07 - Dark,01 - Dry,10 - No control,,1,0,0,0,,0,,,,,373482.5389,5003747.571,45.1703551,-75.62623155,10018
15--5886,2015/04/30,7:53 PM,KING EDWARD AVE @ MURRAY ST (0002713),2713,02 - Intersection related,02 - Non-fatal injury,07 - SMV other,01 - Clear,07 - Dark,01 - Dry,01 - Traffic signal,01 - Functioning,1,0,0,1,03 - Major,1,,,1,,368292.6637,5032753.1,45.43182851,-75.68853477,10019
15--5887,2015/04/30,8:30 PM,CHAMPLAIN ST @ PLACE D'ORLEANS DR (0003595),3595,03 - At intersection,03 - P.D. only,02 - Angle,01 - Clear,05 - Dusk,01 - Dry,01 - Traffic signal,01 - Functioning,2,0,0,0,,0,,,,,381597.4655,5038180.157,45.47932227,-75.5176688,10020
15--5888,2015/04/30,9:04 AM,HAWTHORNE AVE btwn COLONEL BY DR & MAIN ST (__3ZA2FX),__3ZA2FX,01 - Non intersection,03 - P.D. only,03 - Rear end,01 - Clear,01 - Daylight,01 - Dry,10 - No control,,2,0,0,0,,0,,,,,368885.5049,5030593.835,45.41234615,-75.68123965,10021
15--5889,2015/04/30,9:11 AM,HERON RD btwn JEFFERSON ST & TURN LANE (__3ZA3BI),__3ZA3BI,04 - At/near private drive,03 - P.D. only,07 - SMV other,01 - Clear,01 - Daylight,01 - Dry,10 - No control,,1,0,0,0,,0,,,,,371945.9193,5027074.778,45.38039617,-75.6426229,10022
15--589,2015/01/09,7:41 AM,CONROY RD @ THURSTON DR (0011389),11389,02 - Intersection related,03 - P.D. only,04 - Sideswipe,01 - Clear,03 - Dawn,03 - Loose snow,01 - Traffic signal,00 - Unknown,2,0,0,0,,0,,,,,373205.4944,5026794.935,45.37775641,-75.62658019,10023
15--5890,2015/04/30,9:45 AM,MERIVALE RD/LOTTA AVE @ CLYDE AVE (0001112),1112,02 - Intersection related,02 - Non-fatal injury,03 - Rear end,01 - Clear,01 - Daylight,01 - Dry,01 - Traffic signal,01 - Functioning,2,0,0,0,01 - Minimal,1,1,,,,364522.0365,5024509.093,45.35798274,-75.73771866,10024
15--5891,2015/05/01,1:16 PM,HOLLAND AVE/TUNNEY'S PASTURE @ SCOTT ST (0006494),6494,02 - Intersection related,03 - P.D. only,05 - Turning movement,01 - Clear,01 - Daylight,01 - Dry,01 - Traffic signal,01 - Functioning,2,0,0,0,,0,,,,,364737.697,5029596.039,45.40373576,-75.73434869,10025
15--5892,2015/05/01,1:22 PM,CARLING AVE @ CHURCHILL AVE (0002149),2149,02 - Intersection related,03 - P.D. only,03 - Rear end,01 - Clear,01 - Daylight,01 - Dry,01 - Traffic signal,01 - Functioning,2,0,0,0,,0,,,,,363774.7317,5027014.02,45.38058499,-75.74695725,10026
15--5893,2015/05/01,1:45 PM,FROBISHER LANE W @ RIVERSIDE DR (0011961),11961,02 - Intersection related,03 - P.D. only,03 - Rear end,01 - Clear,01 - Daylight,01 - Dry,01 - Traffic signal,01 - Functioning,2,0,0,0,,0,,,,,370118.7151,5029601.226,45.40330101,-75.66561726,10027
15--5894,2015/05/01,10:28 AM,PRESTON ST btwn BEECH ST & NORMAN ST (__3ZA4QS),__3ZA4QS,04 - At/near private drive,02 - Non-fatal injury,05 - Turning movement,01 - Clear,01 - Daylight,01 - Dry,10 - No control,,2,1,0,0,01 - Minimal,1,1,,,,366690.5845,5029256.893,45.40051428,-75.70944718,10028
15--5895,2015/05/01,10:39 AM,NICHOLAS ST NB btwn LAURIER AVE E & WALLER ST (__5D2DO8),__5D2DO8,01 - Non intersection,03 - P.D. only,03 - Rear end,01 - Clear,01 - Daylight,01 - Dry,10 - No control,,2,0,0,0,,0,,,,,368452.4132,5031733.673,45.42264155,-75.68662506,10029
15--5896,2015/05/01,10:45 PM,FRANK FINNIGAN WAY @ PALLADIUM DR (0003241),3241,03 - At intersection,03 - P.D. only,04 - Sideswipe,01 - Clear,07 - Dark,01 - Dry,01 - Traffic signal,01 - Functioning,2,0,0,0,,0,,,,,349910.8703,5017528.822,45.29626486,-75.92483799,10030
15--5897,2015/05/01,11:37 AM,BANTREE ST btwn OLD INNES RD & EDINBURGH PL (__3ZA78D),__3ZA78D,04 - At/near private drive,03 - P.D. only,02 - Angle,01 - Clear,01 - Daylight,01 - Dry,10 - No control,,2,0,0,0,,0,,,,,373851.5602,5030085.15,45.40729687,-75.61787157,10031
15--5898,2015/05/01,Unknown,REYNOLDS DR btwn ST. GEORGES ST & WARDEN AVE (__3ZBN83),__3ZBN83,01 - Non intersection,03 - P.D. only,06 - SMV unattended vehicle,01 - Clear,00 - Unknown,01 - Dry,10 - No control,,1,0,0,0,,0,,,,,382783.3935,5037422.897,45.47237767,-75.50262187,10032