Anom_ID,Accident_Date,Accident_Time,Location,Geo_ID,Accident_Location,Classification_of_Accident,Initial_Impact_Type,Environment_Condition,Light,Road_Surface_Condition,Traffic_Control,Traffic_Control_Condition,No__of_Vehicles,No__of_Bicycles,No__of_Motorcycles,No__of_Pedestrians,Max_Injury,No__of_Injuries,No__of_Minimal,No__of_Minor,No__of_Major,No__of_Fatal,X,Y,Latitude,Longitude,ObjectId
15--5899,2015/05/01,12:46 AM,CORKSTOWN RD btwn MARCH RD & MOODIE DR (__3ZA2LR),__3ZA2LR,01 - Non intersection,03 - P.D. only,07 - SMV other,01 - Clear,07 - Dark,01 - Dry,10 - No control,,1,0,0,0,,0,,,,,353446.7934,5020601.149,45.32367438,-75.87945605,10033
15--59,2015/01/02,9:07 AM,GILMOUR ST @ O'CONNOR ST (0007286),7286,03 - At intersection,03 - P.D. only,02 - Angle,01 - Clear,01 - Daylight,01 - Dry,01 - Traffic signal,01 - Functioning,2,0,0,0,,0,,,,,367943.7114,5030868.088,45.4148994,-75.69323572,10034
15--590,2015/01/09,7:42 PM,BRONSON AVE @ FIFTH AVE/MADAWASKA DR (0006977),6977,02 - Intersection related,03 - P.D. only,03 - Rear end,03 - Snow,07 - Dark,04 - Slush,01 - Traffic signal,01 - Functioning,3,0,0,0,,0,,,,,367613.7127,5028939.036,45.39757207,-75.69769733,10035
15--5900,2015/05/01,2:10 PM,ST. LAURENT BLVD @ COVENTRY RD/OGILVIE RD (0002151),2151,02 - Intersection related,03 - P.D. only,03 - Rear end,01 - Clear,01 - Daylight,01 - Dry,01 - Traffic signal,01 - Functioning,2,0,0,0,,0,,,,,372305.7195,5031951.214,45.42423766,-75.63736168,10036
15--5901,2015/05/01,2:37 PM,COBOURG ST @ ST. PATRICK ST (0011483),11483,03 - At intersection,02 - Non-fatal injury,05 - Turning movement,01 - Clear,01 - Daylight,01 - Dry,01 - Traffic signal,01 - Functioning,2,0,0,0,01 - Minimal,1,1,,,,368802.6299,5033235.562,45.43612304,-75.68195512,10037
15--5902,2015/05/01,2:58 PM,CATHERINE ST/HWY 417 O'CONN IC119BR76 @ O'CONN (0001697),1697,03 - At intersection,03 - P.D. only,02 - Angle,01 - Clear,01 - Daylight,01 - Dry,01 - Traffic signal,01 - Functioning,2,0,0,0,,0,,,,,368244.4317,5030392.924,45.41059683,-75.68945508,10038
15--5903,2015/05/01,3:15 PM,DONALD ST @ ST. LAURENT BLVD (0008630),8630,03 - At intersection,03 - P.D. only,05 - Turning movement,01 - Clear,01 - Daylight,01 - Dry,01 - Traffic signal,01 - Functioning,2,0,0,0,,0,,,,,372092.9922,5032471.504,45.42893949,-75.64000867,10039
15--5904,2015/05/01,3:26 AM,TERMINAL AVE btwn SANDFORD FLEMING AVE & STEAMLINE ST (__6N4TCE),__6N4TCE,04 - At/near private drive,03 - P.D. only,07 - SMV other,01 - Clear,07 - Dark,01 - Dry,10 - No control,,1,0,0,0,,0,,,,,371029.6742,5030855.401,45.41449998,-75.65381342,10040
15--5905,2015/05/01,3:29 PM,ALBERT ST @ ELGIN ST/MACKENZIE KING BRIDGE (0002226),2226,02 - Intersection related,03 - P.D. only,05 - Turning movement,01 - Clear,01 - Daylight,01 - Dry,01 - Traffic signal,01 - Functioning,2,0,0,0,,0,,,,,367850.0302,5031712.675,45.42250717,-75.69432446,10041
15--5906,2015/05/01,3:44 AM,HAWTHORNE RD btwn BLAIS RD & RIDEAU RD (__3ZA6GZ),__3ZA6GZ,01 - Non intersection,03 - P.D. only,07 - SMV other,01 - Clear,07 - Dark,01 - Dry,10 - No control,,1,0,0,0,,0,,,,,377904.0045,5020637.605,45.32188149,-75.56750631,10042
15--5907,2015/05/01,3:45 PM,HWY417 IC118 RAMP35 btwn HWY417 IC118 RAMP45 & HIGHWAY 417 (__3ZAY9Q),__3ZAY9Q,01 - Non intersection,03 - P.D. only,03 - Rear end,01 - Clear,01 - Daylight,01 - Dry,10 - No control,,3,0,0,0,,0,,,,,369578.6088,5031086.52,45.41671533,-75.67232068,10043
15--5908,2015/05/01,3:50 PM,CARLING AVE WB btwn ALPINE AVE & FOREST ST (__3ZA260),__3ZA260,01 - Non intersection,03 - P.D. only,03 - Rear end,01 - Clear,01 - Daylight,01 - Dry,10 - No control,,2,0,0,0,,0,,,,,360534.0782,5024963.364,45.36239861,-75.78856493,10044
15--5909,2015/05/01,3:58 PM,MOONEY'S BAY PL @ RIVERSIDE DR (0011421),11421,02 - Intersection related,03 - P.D. only,03 - Rear end,01 - Clear,01 - Daylight,01 - Dry,01 - Traffic signal,01 - Functioning,2,0,0,0,,0,,,,,368357.9878,5025297.592,45.36474022,-75.68866065,10045
15--591,2015/01/09,7:54 AM,EAGLESON RD @ HAZELDEAN RD/ROBERTSON RD (0002715),2715,02 - Intersection related,03 - P.D. only,03 - Rear end,01 - Clear,03 - Dawn,06 - Ice,01 - Traffic signal,01 - Functioning,2,0,0,0,,0,,,,,353672.661,5018424.942,45.30407675,-75.8767897,10046
15--5910,2015/05/01,4:11 PM,RIVERSIDE DR @ BROOKFIELD RD/HOG'S BACK RD (0001627),1627,02 - Intersection related,03 - P.D. only,03 - Rear end,01 - Clear,01 - Daylight,01 - Dry,01 - Traffic signal,01 - Functioning,2,0,0,0,,0,,,,,368169.1524,5026223.603,45.37308932,-75.69095217,10047
15--5911,2015/05/01,4:13 PM,INNES RD @ TENTH LINE RD (0004633),4633,02 - Intersection related,03 - P.D. only,03 - Rear end,01 - Clear,01 - Daylight,01 - Dry,01 - Traffic signal,01 - Functioning,2,0,0,0,,0,,,,,383952.7242,5036160.043,45.46088412,-75.48787227,10048
15--5912,2015/05/01,4:20 PM,BASELINE RD @ GREENBANK RD (0002357),2357,02 - Intersection related,03 - P.D. only,04 - Sideswipe,01 - Clear,01 - Daylight,01 - Dry,01 - Traffic signal,01 - Functioning,2,0,0,0,,0,,,,,360597.6843,5022582.091,45.34096692,-75.78802179,10049
15--5913,2015/05/01,4:40 PM,AQUAVIEW DR btwn CROWBERRY ST & LOUIS TOSCANO DR (__5JY42H),__5JY42H,04 - At/near private drive,03 - P.D. only,03 - Rear end,01 - Clear,01 - Daylight,01 - Dry,10 - No control,,2,0,0,0,,0,,,,,384581.5624,5035321.314,45.45326648,-75.47996866,10050
15--5914,2015/05/01,4:45 PM,GREEN VALLEY CRES @ PRINCE OF WALES DR (0003083),3083,03 - At intersection,03 - P.D. only,02 - Angle,01 - Clear,01 - Daylight,01 - Dry,02 - Stop sign,01 - Functioning,2,0,0,0,,0,,,,,366993.9128,5026708.032,45.37755339,-75.70589425,10051
15--5915,2015/05/01,4:48 PM,RIVERSIDE DR SB btwn HWY417 IC117 RAMP53 & HWY417 IC117 RAMP52 (__3ZA255),__3ZA255,01 - Non intersection,02 - Non-fatal injury,03 - Rear end,02 - Rain,01 - Daylight,02 - Wet,10 - No control,,3,0,0,0,02 - Minor,2,1,1,,,370776.6564,5030930.034,45.4151954,-75.65703577,10052
15--5916,2015/05/01,5:00 PM,LESTER RD btwn MEANDERING BROOK DR & BANK ST (__3ZA3SU),__3ZA3SU,01 - Non intersection,03 - P.D. only,05 - Turning movement,02 - Rain,01 - Daylight,02 - Wet,10 - No control,,2,0,0,0,,0,,,,,373623.7291,5022887.117,45.34255448,-75.62178485,10053
15--5917,2015/05/01,5:01 PM,HUNT CLUB RD btwn MCCARTHY RD & RAMP (__3ZA36L),__3ZA36L,01 - Non intersection,03 - P.D. only,03 - Rear end,01 - Clear,01 - Daylight,02 - Wet,10 - No control,,3,0,0,0,,0,,,,,370751.4511,5023548.178,45.34877843,-75.65834393,10054
15--5918,2015/05/01,5:30 PM,ALTA VISTA DR @ MICMAC ST (0008079),8079,02 - Intersection related,03 - P.D. only,03 - Rear end,01 - Clear,01 - Daylight,01 - Dry,02 - Stop sign,01 - Functioning,2,0,0,0,,0,,,,,370372.995,5027668.181,45.3858844,-75.66262635,10055
15--5919,2015/05/01,5:35 PM,PALLADIUM DR @ SILVER SEVEN RD (0011839),11839,03 - At intersection,03 - P.D. only,05 - Turning movement,01 - Clear,01 - Daylight,01 - Dry,01 - Traffic signal,01 - Functioning,2,1,0,0,,0,,,,,351051.4469,5017888.42,45.29942647,-75.9102629,10056
15--592,2015/01/09,7:54 PM,HUNT CLUB RD @ RIVERSIDE DR (0002237),2237,02 - Intersection related,03 - P.D. only,03 - Rear end,01 - Clear,07 - Dark,05 - Packed snow,01 - Traffic signal,01 - Functioning,2,0,0,0,,0,,,,,368036.703,5021943.089,45.3345862,-75.69319051,10057
15--5920,2015/05/01,5:45 PM,RIVER RD btwn OSGOODE MAIN ST & DALMENY RD (__3ZA3TA),__3ZA3TA,01 - Non intersection,03 - P.D. only,99 - Other,01 - Clear,01 - Daylight,01 - Dry,10 - No control,,2,0,0,0,,0,,,,,373882.8855,4998571.79,45.12374469,-75.6218544,10058
15--5921,2015/05/01,6:20 PM,TERRY FOX DR btwn HWY417 IC140 RAMP36 & HWY417 IC140 RAMP61 (__39F4XC),__39F4XC,01 - Non intersection,03 - P.D. only,04 - Sideswipe,01 - Clear,01 - Daylight,01 - Dry,10 - No control,,2,0,1,0,,0,,,,,350730.7906,5018800.986,45.30765902,-75.91426671,10059
15--5922,2015/05/01,6:30 PM,HIGHWAY 417 btwn HWY417 IC124 RAMP57 & HWY417 IC124 RAMP55 (__3ZA2Y1),__3ZA2Y1,01 - Non intersection,03 - P.D. only,03 - Rear end,01 - Clear,01 - Daylight,01 - Dry,10 - No control,,2,0,0,0,,0,,,,,364359.5456,5027411.093,45.38410831,-75.73944257,10060
15--5923,2015/05/01,7:10 PM,HUNT CLUB RD @ DOWNPATRICK RD/MCCARTHY RD (0006931),6931,03 - At intersection,02 - Non-fatal injury,02 - Angle,01 - Clear,01 - Daylight,01 - Dry,01 - Traffic signal,01 - Functioning,2,0,0,0,01 - Minimal,1,1,,,,370506.7705,5023399.063,45.3474597,-75.66148595,10061
15--5924,2015/05/01,7:12 AM,EARL ARMSTRONG RD @ RIVER RD (0012470),12470,02 - Intersection related,03 - P.D. only,03 - Rear end,01 - Clear,01 - Daylight,01 - Dry,01 - Traffic signal,01 - Functioning,2,0,0,0,,0,,,,,367572.4618,5014686.565,45.26933463,-75.70003179,10062
15--5925,2015/05/01,7:15 AM,COLDWATER CRES/AUTUMNFIELD ST @ MEADOWBREEZE DR (0015684),15684,03 - At intersection,02 - Non-fatal injury,07 - SMV other,01 - Clear,01 - Daylight,01 - Dry,02 - Stop sign,01 - Functioning,1,0,0,1,01 - Minimal,1,1,,,,355729.951,5015054.761,45.27360507,-75.85090336,10063
15--5926,2015/05/01,7:16 PM,HAZELDEAN RD @ TERRY FOX DR (0003682),3682,02 - Intersection related,02 - Non-fatal injury,05 - Turning movement,01 - Clear,01 - Daylight,01 - Dry,01 - Traffic signal,01 - Functioning,2,0,0,0,01 - Minimal,1,1,,,,352207.611,5017243.897,45.29354982,-75.89558346,10064
15--5927,2015/05/01,7:52 PM,PRINCE OF WALES DR @ STRANDHERD DR (0013339),13339,03 - At intersection,03 - P.D. only,02 - Angle,01 - Clear,01 - Daylight,01 - Dry,01 - Traffic signal,01 - Functioning,2,0,0,0,,0,,,,,367177.2175,5014824.673,45.27061249,-75.70505092,10065
15--5928,2015/05/01,8:21 AM,ALERT RD/AIRPORT PKWY/UPLANDS DR RAMP 62 @ LES (0003652),3652,02 - Intersection related,03 - P.D. only,03 - Rear end,01 - Clear,01 - Daylight,01 - Dry,01 - Traffic signal,01 - Functioning,2,0,0,0,,0,,,,,371314.438,5021365.576,45.32908686,-75.65145342,10066
15--5929,2015/05/01,8:34 AM,BRONSON AVE @ FIFTH AVE/MADAWASKA DR (0006977),6977,02 - Intersection related,03 - P.D. only,99 - Other,01 - Clear,01 - Daylight,01 - Dry,01 - Traffic signal,01 - Functioning,2,0,0,0,,0,,,,,367612.992,5028939.635,45.39757753,-75.69770646,10067
15--593,2015/01/09,8:00 AM,MERIVALE RD/LOTTA AVE @ CLYDE AVE (0001112),1112,02 - Intersection related,03 - P.D. only,05 - Turning movement,01 - Clear,01 - Daylight,04 - Slush,01 - Traffic signal,01 - Functioning,2,0,0,0,,0,,,,,364520.7344,5024507.044,45.35796441,-75.73773553,10068
15--5930,2015/05/01,8:41 PM,HWY417 IC112 RAMP65 btwn HIGHWAY 417 & INNES RD (__3ZAY6V),__3ZAY6V,01 - Non intersection,02 - Non-fatal injury,07 - SMV other,01 - Clear,07 - Dark,07 - Mud,10 - No control,,1,0,1,0,02 - Minor,1,,1,,,374353.502,5030805.189,45.41372571,-75.61135848,10069
15--5931,2015/05/01,9:15 AM,BOWESVILLE RD/HIGH RD @ LEITRIM RD (0012439),12439,02 - Intersection related,03 - P.D. only,02 - Angle,01 - Clear,01 - Daylight,01 - Dry,02 - Stop sign,01 - Functioning,2,0,0,0,,0,,,,,371674.7313,5019287.954,45.31035876,-75.64713807,10070
15--5932,2015/05/01,9:24 AM,WOODROFFE AVE btwn HWY417 IC127 RAMP36 & HWY417 IC127 RAMP62 (__3ZA4L5),__3ZA4L5,01 - Non intersection,02 - Non-fatal injury,05 - Turning movement,01 - Clear,01 - Daylight,01 - Dry,10 - No control,,2,0,0,0,01 - Minimal,1,1,,,,362044.1327,5025041.204,45.36297732,-75.76928191,10071
15--5933,2015/05/01,9:34 PM,STAGECOACH RD btwn SNAKE ISLAND RD & HERBERTS CORNERS RD (__3ZA2CV),__3ZA2CV,01 - Non intersection,02 - Non-fatal injury,07 - SMV other,01 - Clear,07 - Dark,01 - Dry,10 - No control,,1,0,1,0,02 - Minor,1,,1,,,377918.7216,5007773.247,45.2061314,-75.56921217,10072
15--5934,2015/05/02,1:10 PM,MERIVALE RD btwn MEADOWLANDS DR & 210 S OF MEADOWLANDS DR/MERIVALE PL  (__3ZBPLPA),__3ZBPLPA,01 - Non intersection,03 - P.D. only,04 - Sideswipe,01 - Clear,01 - Daylight,01 - Dry,10 - No control,,2,0,0,0,,0,,,,,364932.1489,5023559.003,45.34939891,-75.73260008,10073
15--5935,2015/05/02,1:11 PM,HUNT CLUB RD btwn DAZE ST & TURN LANE (__5AFH5U),__5AFH5U,04 - At/near private drive,03 - P.D. only,07 - SMV other,01 - Clear,01 - Daylight,01 - Dry,10 - No control,,1,0,0,0,,0,,,,,371564.0518,5024029.119,45.3530289,-75.64790993,10074
15--5936,2015/05/02,10:00 AM,JOSEPH CYR ST btwn LEMIEUX ST & CYRVILLE RD (__3ZA7RH),__3ZA7RH,04 - At/near private drive,02 - Non-fatal injury,07 - SMV other,01 - Clear,01 - Daylight,01 - Dry,10 - No control,,1,0,0,0,02 - Minor,1,,1,,,372510.8147,5031824.544,45.42307812,-75.63475853,10075
15--5937,2015/05/02,10:29 PM,FLEWELLYN RD btwn ORMROD RD & DWYER HILL RD (__3ZAC6N),__3ZAC6N,01 - Non intersection,03 - P.D. only,07 - SMV other,01 - Clear,07 - Dark,01 - Dry,10 - No control,,1,0,0,0,,0,,,,,342848.3262,5003193.471,45.16768563,-76.01597785,10076
15--5938,2015/05/02,10:47 AM,210 W OF MERIVALE RD @ WEST HUNT CLUB RD (0004688),4688,03 - At intersection,02 - Non-fatal injury,05 - Turning movement,01 - Clear,01 - Daylight,01 - Dry,01 - Traffic signal,01 - Functioning,2,1,0,0,01 - Minimal,1,1,,,,365426.5077,5021828.969,45.33378974,-75.72650371,10077
15--5939,2015/05/02,11:01 AM,RIDEAU ST btwn KING EDWARD AVE & NELSON ST (__3ZA3VG),__3ZA3VG,04 - At/near private drive,03 - P.D. only,02 - Angle,01 - Clear,01 - Daylight,01 - Dry,10 - No control,,2,0,0,0,,0,,,,,368534.8397,5032426.601,45.42886876,-75.68548223,10078
15--594,2015/01/09,8:07 AM,CARLING AVE btwn MOODIE DR & JAMES CUMMINGS AVE (__3ZA4ZC),__3ZA4ZC,01 - Non intersection,03 - P.D. only,03 - Rear end,01 - Clear,03 - Dawn,03 - Loose snow,10 - No control,,2,0,0,0,,0,,,,,356146.2332,5023876.306,45.35295231,-75.84468403,10079
15--5940,2015/05/02,11:25 AM,FRANK KENNY RD btwn FRENCH HILL RD & WALL RD (__3ZBO6S),__3ZBO6S,01 - Non intersection,03 - P.D. only,07 - SMV other,01 - Clear,01 - Daylight,01 - Dry,10 - No control,,1,0,0,0,,0,,,,,388808.1267,5035466.165,45.45407439,-75.42591533,10080
15--5941,2015/05/02,11:41 AM,ISABELLA ST/HWY417 IC119AR75 @ METCALFE ST (0011380),11380,02 - Intersection related,03 - P.D. only,04 - Sideswipe,01 - Clear,01 - Daylight,01 - Dry,01 - Traffic signal,01 - Functioning,2,0,0,0,,0,,,,,368448.7065,5030399.204,45.41063479,-75.68684478,10081
15--5942,2015/05/02,11:49 AM,METCALFE ST btwn LISGAR ST & COOPER ST (__3ZA345),__3ZA345,01 - Non intersection,03 - P.D. only,06 - SMV unattended vehicle,01 - Clear,01 - Daylight,01 - Dry,10 - No control,,1,0,0,0,,0,,,,,367942.3628,5031208.958,45.41796656,-75.69320927,10082
15--5943,2015/05/02,11:59 AM,RIVERSIDE DR NB btwn INDUSTRIAL AVE & TREMBLAY RD (__3ZA4SE),__3ZA4SE,01 - Non intersection,02 - Non-fatal injury,07 - SMV other,01 - Clear,01 - Daylight,01 - Dry,10 - No control,,1,0,1,0,02 - Minor,1,,1,,,370789.548,5030912.293,45.41503455,-75.65687346,10083
15--5944,2015/05/02,11:59 AM,BELFAST RD @ ST. LAURENT BLVD (0007658),7658,02 - Intersection related,03 - P.D. only,04 - Sideswipe,01 - Clear,01 - Daylight,01 - Dry,01 - Traffic signal,01 - Functioning,2,0,0,0,,0,,,,,372861.4448,5030578.202,45.4118301,-75.63045067,10084
15--5945,2015/05/02,2:12 PM,SOMERSET ST    W btwn BECKINGTON PRIV & BANK ST (__3ZAZQ1),__3ZAZQ1,04 - At/near private drive,03 - P.D. only,02 - Angle,01 - Clear,01 - Daylight,01 - Dry,10 - No control,,2,0,0,0,,0,,,,,367679.2812,5030907.372,45.41527668,-75.6966089,10085
15--5946,2015/05/02,2:30 AM,PADEN RD btwn SETTLER'S WAY & HARNETT RD (__3ZAAZ3),__3ZAAZ3,01 - Non intersection,03 - P.D. only,07 - SMV other,01 - Clear,07 - Dark,01 - Dry,10 - No control,,1,0,0,0,,0,,,,,364199.1905,4988876.185,45.03738067,-75.74608521,10086
15--5947,2015/05/02,2:42 PM,KIRKWOOD AVE btwn RAVEN AVE & CHATELAIN AVE (__3ZA30T),__3ZA30T,01 - Non intersection,02 - Non-fatal injury,07 - SMV other,01 - Clear,01 - Daylight,01 - Dry,10 - No control,,1,0,1,0,03 - Major,1,,,1,,364701.3005,5026756.677,45.37819085,-75.73515826,10087
15--5948,2015/05/02,2:58 AM,BOUNDARY RD @ HWY 417 BOUNDARY IC96R61 (0004222),4222,03 - At intersection,03 - P.D. only,07 - SMV other,01 - Clear,07 - Dark,01 - Dry,02 - Stop sign,00 - Unknown,1,0,0,0,,0,,,,,387304.1894,5024119.619,45.35216798,-75.4470389,10088
15--5949,2015/05/02,2:59 AM,KING EDWARD AVE SB btwn SUSSEX DR & __3ZA3LO (__3ZAYBB),__3ZAYBB,01 - Non intersection,03 - P.D. only,03 - Rear end,01 - Clear,07 - Dark,01 - Dry,10 - No control,,2,0,0,0,,0,,,,,367688.2045,5033475.782,45.43838557,-75.69616695,10089
15--595,2015/01/09,8:08 AM,BANK ST @ RIDEAU RD (0009263),9263,02 - Intersection related,03 - P.D. only,03 - Rear end,01 - Clear,01 - Daylight,04 - Slush,01 - Traffic signal,01 - Functioning,2,0,0,0,,0,,,,,376955.7164,5017843.991,45.29684386,-75.58000758,10090
15--5950,2015/05/02,3:00 PM,MOCKINGBIRD DR btwn TULIP CRES & TULIP CRES (__3ZBO5O),__3ZBO5O,01 - Non intersection,03 - P.D. only,06 - SMV unattended vehicle,01 - Clear,01 - Daylight,01 - Dry,10 - No control,,1,0,0,0,,0,,,,,382479.4727,5038981.106,45.48643092,-75.50626188,10091
15--5951,2015/05/02,3:38 PM,ANDERSON RD @ RIDGE RD (0003631),3631,03 - At intersection,03 - P.D. only,02 - Angle,01 - Clear,01 - Daylight,01 - Dry,02 - Stop sign,01 - Functioning,2,0,0,0,,0,,,,,379029.7574,5028507.086,45.39256846,-75.55196679,10092
15--5952,2015/05/02,4:03 PM,BAYSHORE DR @ WOODRIDGE CRES N (0001209),1209,03 - At intersection,03 - P.D. only,05 - Turning movement,01 - Clear,01 - Daylight,01 - Dry,01 - Traffic signal,01 - Functioning,2,0,0,0,,0,,,,,359072.871,5023873.632,45.35270785,-75.80733523,10093
15--5953,2015/05/02,4:05 PM,KANATA AVE @ TERRY FOX DR (0012691),12691,02 - Intersection related,03 - P.D. only,03 - Rear end,01 - Clear,01 - Daylight,01 - Dry,01 - Traffic signal,01 - Functioning,2,0,0,0,,0,,,,,349304.9036,5019213.03,45.31145852,-75.93241245,10094
15--5954,2015/05/02,4:25 PM,BASELINE RD @ CORDOVA ST (0003208),3208,03 - At intersection,02 - Non-fatal injury,02 - Angle,01 - Clear,01 - Daylight,01 - Dry,01 - Traffic signal,01 - Functioning,2,0,0,0,02 - Minor,1,,1,,,363593.6882,5024409.044,45.35716097,-75.7495788,10095
15--5955,2015/05/02,4:40 PM,HWY417 IC104 RAMP61 btwn ANDERSON RD & HIGHWAY 417 (__3ZAY0E),__3ZAY0E,01 - Non intersection,03 - P.D. only,07 - SMV other,01 - Clear,01 - Daylight,01 - Dry,10 - No control,,1,0,0,0,,0,,,,,380332.5577,5025908.934,45.36905268,-75.53572777,10096
15--5956,2015/05/02,5:08 PM,BRONSON AVE @ KIPPEWA DR (0007226),7226,03 - At intersection,02 - Non-fatal injury,03 - Rear end,01 - Clear,01 - Daylight,01 - Dry,02 - Stop sign,00 - Unknown,2,0,0,0,02 - Minor,2,1,1,,,367559.6084,5029074.111,45.39879229,-75.69837114,10097
15--5957,2015/05/02,6:09 PM,BORRISOKANE RD/TARTAN DR @ STRANDHERD DR (0010634),10634,02 - Intersection related,03 - P.D. only,03 - Rear end,01 - Clear,01 - Daylight,01 - Dry,01 - Traffic signal,01 - Functioning,2,0,0,0,,0,,,,,362292.1765,5013543.962,45.25950489,-75.76744987,10098
15--5958,2015/05/02,6:26 PM,APPLEFORD ST btwn MILLGREEN CRES & MILLGREEN CRES (__45KOYC),__45KOYC,04 - At/near private drive,03 - P.D. only,02 - Angle,01 - Clear,01 - Daylight,01 - Dry,10 - No control,,2,0,0,0,,0,,,,,374838.0085,5033769.151,45.44034549,-75.60474752,10099
15--5959,2015/05/02,6:30 AM,TYNDALL ST btwn HOLLAND AVE & HINTON AVE N (__3ZA022),__3ZA022,01 - Non intersection,03 - P.D. only,06 - SMV unattended vehicle,01 - Clear,01 - Daylight,01 - Dry,10 - No control,,1,0,0,0,,0,,,,,365073.823,5028932.446,45.39773603,-75.73013646,10100
15--596,2015/01/09,8:10 AM,BASELINE RD btwn COLLEGE SQUARE SC & WOODROFFE AVE (__3ZAZDQA),__3ZAZDQA,01 - Non intersection,03 - P.D. only,07 - SMV other,03 - Snow,01 - Daylight,03 - Loose snow,10 - No control,,1,0,0,0,,0,,,,,362725.1119,5023874.119,45.35242006,-75.76072673,10101
15--5960,2015/05/02,7:19 AM,RICHMOND RD btwn STINSON AVE & STAFFORD RD (__3ZBOCU),__3ZBOCU,04 - At/near private drive,02 - Non-fatal injury,05 - Turning movement,01 - Clear,01 - Daylight,01 - Dry,10 - No control,,2,0,1,0,02 - Minor,1,,1,,,357991.358,5021001.07,45.32694324,-75.82144602,10102
15--5961,2015/05/02,7:25 AM,DONALD B. MUNRO DR btwn FARMLAND RD & THOMAS ARGUE RD (__3ZBNAX),__3ZBNAX,01 - Non intersection,03 - P.D. only,07 - SMV other,01 - Clear,01 - Daylight,01 - Dry,10 - No control,,1,0,0,0,,0,,,,,339526.1683,5022630.315,45.3427604,-76.05688032,10103
15--5962,2015/05/02,7:30 AM,UNICORN AVE btwn BALLANTYNE DR & VENUS AVE (__30LOF9),__30LOF9,04 - At/near private drive,03 - P.D. only,06 - SMV unattended vehicle,01 - Clear,01 - Daylight,01 - Dry,10 - No control,,1,0,0,0,,0,,,,,385746.1629,5037159.051,45.46966672,-75.46477874,10104
15--5963,2015/05/02,9:05 AM,SUSSEX DR btwn 151 W OF KING EDWARD AVE/L.B. PEARSON BUILDING & RAMP (__3ZBOFZB),__3ZBOFZB,01 - Non intersection,02 - Non-fatal injury,03 - Rear end,01 - Clear,01 - Daylight,01 - Dry,10 - No control,,2,0,1,0,02 - Minor,1,,1,,,367627.0553,5033415.251,45.43784643,-75.69695621,10105
15--5964,2015/05/03,1:22 AM,ST. PATRICK ST EB btwn COBOURG ST & VANIER PKWY/CRICHTON ST (__54XYWT),__54XYWT,01 - Non intersection,02 - Non-fatal injury,07 - SMV other,01 - Clear,07 - Dark,01 - Dry,10 - No control,,1,0,1,0,02 - Minor,1,,1,,,369030.2233,5033330.303,45.43695461,-75.67903409,10106
15--5965,2015/05/03,1:55 PM,WEST HUNT CLUB RD @ CLEOPATRA DR/LANCELOT DR (0000114),114,03 - At intersection,03 - P.D. only,05 - Turning movement,01 - Clear,01 - Daylight,01 - Dry,01 - Traffic signal,01 - Functioning,2,0,0,0,,0,,,,,365234.7361,5021732.012,45.33293387,-75.72896203,10107
15--5697,2015/04/24,2:00 PM,BESSERER ST @ WALLER ST (0008859),8859,02 - Intersection related,03 - P.D. only,04 - Sideswipe,01 - Clear,01 - Daylight,01 - Dry,01 - Traffic signal,01 - Functioning,2,0,0,0,,0,,,,,368315.2126,5032192.338,45.42678093,-75.68831894,10108
15--5606,2015/04/21,3:57 PM,REGIONAL ROAD 174 EB btwn HWY417 IC113 RAMP65 & OR174 BLAIR IC112 RAMP51 (__3ZAZFJ),__3ZAZFJ,01 - Non intersection,02 - Non-fatal injury,03 - Rear end,01 - Clear,01 - Daylight,01 - Dry,10 - No control,,2,0,0,0,01 - Minimal,1,1,,,,374769.5581,5032798.222,45.43161647,-75.60576037,10109
15--6147,2015/05/07,9:12 AM,HIGHWAY 417 btwn HWY417 IC117 RAMP36 & HWY417 IC117 RAMP26 (__3ZAZE0),__3ZAZE0,01 - Non intersection,03 - P.D. only,03 - Rear end,01 - Clear,01 - Daylight,01 - Dry,10 - No control,,2,0,0,0,,0,,,,,370711.1034,5031186.305,45.4175074,-75.65783896,10110
15--5426,2015/04/16,1:00 AM,BERTONA ST btwn CRAIG HENRY DR & CHARING RD (__3ZA534),__3ZA534,01 - Non intersection,03 - P.D. only,06 - SMV unattended vehicle,01 - Clear,07 - Dark,01 - Dry,10 - No control,,1,0,0,0,,0,,,,,362613.0328,5021739.899,45.33322573,-75.76240645,10111
15--5516,2015/04/18,1:00 PM,RIVER RD btwn NICOLLS ISLAND RD & RIDEAU RD (__3ZA3H5),__3ZA3H5,01 - Non intersection,03 - P.D. only,07 - SMV other,01 - Clear,01 - Daylight,01 - Dry,10 - No control,,1,0,0,0,,0,,,,,367903.5984,5012655.57,45.25103025,-75.69607018,10112
15--5517,2015/04/18,1:03 PM,HWY 417 ST.LAURE IC115R51 @ ST. LAURENT BLVD (0002712),2712,02 - Intersection related,03 - P.D. only,03 - Rear end,01 - Clear,01 - Daylight,01 - Dry,01 - Traffic signal,01 - Functioning,3,0,0,0,,0,,,,,372530.4365,5031410.5,45.41935085,-75.63456474,10113
15--6237,2015/05/10,2:23 PM,BURNSIDE AVE @ HINCHEY AVE (0006325),6325,03 - At intersection,03 - P.D. only,02 - Angle,01 - Clear,01 - Daylight,01 - Dry,02 - Stop sign,01 - Functioning,2,0,0,0,,0,,,,,364937.9499,5030163.044,45.40882036,-75.7317217,10114