Anom_ID,Accident_Date,Accident_Time,Location,Geo_ID,Accident_Location,Classification_of_Accident,Initial_Impact_Type,Environment_Condition,Light,Road_Surface_Condition,Traffic_Control,Traffic_Control_Condition,No__of_Vehicles,No__of_Bicycles,No__of_Motorcycles,No__of_Pedestrians,Max_Injury,No__of_Injuries,No__of_Minimal,No__of_Minor,No__of_Major,No__of_Fatal,X,Y,Latitude,Longitude,ObjectId
15--5698,2015/04/24,2:12 PM,INDUSTRIAL AVE @ ALTA VISTA DR/SANDFORD FLEMIN (0006979),6979,02 - Intersection related,03 - P.D. only,03 - Rear end,01 - Clear,01 - Daylight,01 - Dry,01 - Traffic signal,01 - Functioning,3,0,0,0,,0,,,,,370884.7238,5030557.21,45.41183068,-75.65570517,10115
15--5607,2015/04/21,4:11 PM,MALVERN DR @ SHERWAY DR (0001249),1249,02 - Intersection related,03 - P.D. only,03 - Rear end,01 - Clear,01 - Daylight,01 - Dry,02 - Stop sign,02 - Not functioning,2,0,0,0,,0,,,,,362990.6442,5015885.915,45.28052046,-75.75827649,10116
15--6148,2015/05/07,9:20 AM,GREENBANK RD @ STRANDHERD DR (0005563),5563,03 - At intersection,02 - Non-fatal injury,05 - Turning movement,01 - Clear,01 - Daylight,01 - Dry,01 - Traffic signal,01 - Functioning,2,0,0,0,01 - Minimal,1,1,,,,363933.6839,5014784.899,45.27053482,-75.74638828,10117
15--5427,2015/04/16,1:03 PM,CAMBRIAN RD/GOLFLINKS DR W @ LONGFIELDS DR (0009702),9702,03 - At intersection,03 - P.D. only,04 - Sideswipe,01 - Clear,01 - Daylight,01 - Dry,11 - Roundabout,01 - Functioning,2,0,0,0,,0,,,,,365383.1406,5013222.273,45.25635095,-75.72810834,10118
15--5518,2015/04/18,1:15 PM,FENMORE ST btwn QUEENSDALE AVE & HOGARTH AVE (__3ZA5NS),__3ZA5NS,04 - At/near private drive,03 - P.D. only,02 - Angle,01 - Clear,01 - Daylight,01 - Dry,10 - No control,,2,0,0,0,,0,,,,,372968.5803,5023168.335,45.34514875,-75.63010505,10119
15--6238,2015/05/10,2:38 PM,MEADOWLANDS DR/TALLWOOD DR @ WOODROFFE AVE (0000095),95,03 - At intersection,02 - Non-fatal injury,02 - Angle,01 - Clear,01 - Daylight,01 - Dry,01 - Traffic signal,01 - Functioning,3,0,0,0,02 - Minor,2,1,1,,,363057.4103,5022729.413,45.34209256,-75.75662095,10120
15--5699,2015/04/24,2:55 PM,COOPER ST btwn KENT ST & BANK ST (__3ZBORC),__3ZBORC,01 - Non intersection,03 - P.D. only,02 - Angle,01 - Clear,01 - Daylight,01 - Dry,10 - No control,,2,0,0,0,,0,,,,,367611.5647,5030967.097,45.41582015,-75.6974664,10121
15--5608,2015/04/21,4:15 PM,ASHTON STATION RD btwn COPELAND RD & FRANKTOWN RD (__3ZAC6R),__3ZAC6R,01 - Non intersection,03 - P.D. only,07 - SMV other,01 - Clear,01 - Daylight,00 - Unknown,10 - No control,,1,0,0,0,,0,,,,,345264.7658,4997670.126,45.11784865,-75.98568602,10122
15--57,2015/01/02,8:32 PM,FISHER AVE btwn BASELINE RD & MALIBU TER (__3ZA4JK),__3ZA4JK,04 - At/near private drive,03 - P.D. only,02 - Angle,01 - Clear,07 - Dark,01 - Dry,10 - No control,,2,0,0,0,,0,,,,,366205.2478,5025931.665,45.37063737,-75.71605967,10123
15--6056,2015/05/05,7:30 AM,IBER RD btwn HUNTMAR DR & HARRY DOUGLAS DR (__3ZA4XQ),__3ZA4XQ,01 - Non intersection,03 - P.D. only,03 - Rear end,01 - Clear,01 - Daylight,01 - Dry,10 - No control,,2,0,0,0,,0,,,,,350990.3087,5016023.89,45.28265291,-75.91121603,10124
15--5787,2015/04/28,1:43 PM,MURRAY ST btwn NELSON ST & BEAUSOLEIL DR (__3ZA7CQ),__3ZA7CQ,01 - Non intersection,03 - P.D. only,06 - SMV unattended vehicle,01 - Clear,01 - Daylight,01 - Dry,10 - No control,,1,0,0,0,,0,,,,,368498.2045,5032880.681,45.43295775,-75.68589163,10125
15--5966,2015/05/03,10:45 AM,EAGLESON RD @ MICHAEL COWPLAND DR/STONEHAVEN D (0003544),3544,02 - Intersection related,03 - P.D. only,99 - Other,01 - Clear,01 - Daylight,01 - Dry,01 - Traffic signal,01 - Functioning,2,0,0,0,,0,,,,,354383.5899,5016622.962,45.28781234,-75.86790485,10126
15--6149,2015/05/07,9:33 PM,GREENBANK RD btwn JOCKVALE RD & CAMBRIAN RD (__3ZA2WE),__3ZA2WE,01 - Non intersection,03 - P.D. only,07 - SMV other,01 - Clear,07 - Dark,01 - Dry,10 - No control,,1,0,0,0,,0,,,,,364163.1336,5014236.437,45.26558041,-75.74352994,10127
15--5609,2015/04/21,4:16 PM,RIVERSIDE DR @ BROOKFIELD RD/HOG'S BACK RD (0001627),1627,02 - Intersection related,02 - Non-fatal injury,03 - Rear end,01 - Clear,01 - Daylight,01 - Dry,01 - Traffic signal,01 - Functioning,2,0,0,0,01 - Minimal,2,2,,,,368167.711,5026223.485,45.37308839,-75.69097059,10128
15--6057,2015/05/05,7:39 PM,HIGHWAY 417 btwn HWY417 IC118 RAMP57 & HWY417 IC118 RAMP35 (__3ZA2YQ),__3ZA2YQ,01 - Non intersection,03 - P.D. only,04 - Sideswipe,01 - Clear,05 - Dusk,01 - Dry,10 - No control,,3,0,0,0,,0,,,,,369750.4499,5031135.617,45.41714116,-75.67011882,10129
15--5967,2015/05/03,10:50 AM,CARLING AVE @ FAIRLAWN AVE/WOODROFFE AVE E (0002393),2393,02 - Intersection related,03 - P.D. only,03 - Rear end,01 - Clear,01 - Daylight,01 - Dry,01 - Traffic signal,01 - Functioning,2,0,0,0,,0,,,,,361934.6841,5025830.528,45.37008852,-75.77058762,10130
15--5788,2015/04/28,10:10 PM,RICHMOND RD btwn WINSTON AVE & CHURCHILL AVE N (__3ZA4OS),__3ZA4OS,01 - Non intersection,03 - P.D. only,06 - SMV unattended vehicle,01 - Clear,07 - Dark,01 - Dry,10 - No control,,1,0,0,0,,0,,,,,363210.0578,5028280.152,45.39202476,-75.75401707,10131
15--570,2015/01/09,5:41 PM,MILTON RD btwn PERRAULT RD & RUSSELL RD (__3ZBOGV),__3ZBOGV,01 - Non intersection,02 - Non-fatal injury,07 - SMV other,03 - Snow,07 - Dark,05 - Packed snow,10 - No control,,1,0,0,0,02 - Minor,1,,1,,,388721.6089,5028074.728,45.38758417,-75.42828032,10132
15--5428,2015/04/16,1:35 PM,GOULBURN AVE @ SOMERSET ST (0008456),8456,03 - At intersection,03 - P.D. only,02 - Angle,01 - Clear,01 - Daylight,01 - Dry,02 - Stop sign,01 - Functioning,2,0,0,0,,0,,,,,369471.9141,5031989.782,45.42485241,-75.67356522,10133
15--5519,2015/04/18,1:33 PM,WALLACK PRIV btwn KARSH DR & KARSH DR (__3ZA1G0),__3ZA1G0,04 - At/near private drive,02 - Non-fatal injury,01 - Approaching,01 - Clear,01 - Daylight,01 - Dry,10 - No control,,2,1,0,0,01 - Minimal,1,1,,,,373615.2245,5025967.958,45.3702755,-75.62146449,10134
15--6239,2015/05/10,2:44 PM,CONCORD ST @ GREENFIELD AVE (0011368),11368,03 - At intersection,03 - P.D. only,03 - Rear end,02 - Rain,01 - Daylight,02 - Wet,02 - Stop sign,01 - Functioning,2,0,0,0,,0,,,,,369032.9896,5031063.478,45.41655831,-75.67929437,10135
15--615,2015/01/10,1:30 PM,GREENBANK RD btwn WEST HUNT CLUB RD & FALLOWFIELD RD (__3ZA1NE),__3ZA1NE,01 - Non intersection,03 - P.D. only,03 - Rear end,01 - Clear,01 - Daylight,02 - Wet,10 - No control,,2,0,0,0,,0,,,,,362679.5691,5017664.646,45.2965512,-75.76203374,10136
15--552,2015/01/09,3:06 PM,MAGLADRY RD btwn RUISSELLET RD & BIRCHGROVE RD (__3ZBO7H),__3ZBO7H,01 - Non intersection,03 - P.D. only,01 - Approaching,01 - Clear,01 - Daylight,06 - Ice,10 - No control,,2,0,0,0,,0,,,,,398359.0797,5032135.624,45.42289754,-75.30446019,10137
15--561,2015/01/09,5:00 PM,BASELINE RD @ MERIVALE RD (0002342),2342,02 - Intersection related,03 - P.D. only,03 - Rear end,03 - Snow,05 - Dusk,03 - Loose snow,01 - Traffic signal,01 - Functioning,2,0,0,0,,0,,,,,365054.6964,5025324.069,45.36527019,-75.73082114,10138
15--5789,2015/04/28,12:02 PM,WALLER ST btwn BESSERER ST & DALY AVE (__3ZBN03),__3ZBN03,01 - Non intersection,02 - Non-fatal injury,07 - SMV other,01 - Clear,01 - Daylight,01 - Dry,10 - No control,,1,0,0,1,02 - Minor,1,,1,,,368327.0036,5032155.441,45.42644787,-75.68817303,10139
15--5700,2015/04/24,3:30 PM,CARP RD btwn HWY417 IC144 RAMP16 & HWY417 IC144 RAMP35 (__3ZA3F4),__3ZA3F4,01 - Non intersection,02 - Non-fatal injury,03 - Rear end,01 - Clear,01 - Daylight,01 - Dry,10 - No control,,2,0,0,0,02 - Minor,2,,2,,,347329.0428,5015898.385,45.28175461,-75.95789445,10140
15--579,2015/01/09,6:30 AM,RIDEAU ST btwn WURTEMBURG ST & RIDEAU PL (__3ZA1LA),__3ZA1LA,01 - Non intersection,03 - P.D. only,01 - Approaching,03 - Snow,07 - Dark,04 - Slush,10 - No control,,2,0,0,0,,0,,,,,369516.6572,5032966.388,45.43363539,-75.67286517,10141
15--5968,2015/05/03,12:30 PM,TRADEWINDS DR btwn RISBOROUGH CRT & WINDING WAY (__34IYZ9),__34IYZ9,04 - At/near private drive,03 - P.D. only,06 - SMV unattended vehicle,01 - Clear,01 - Daylight,01 - Dry,10 - No control,,1,0,0,0,,0,,,,,367468.9829,5016729.683,45.28772765,-75.70109244,10142
15--5429,2015/04/16,10:00 AM,RIVERSIDE DR SB btwn HWY417 IC117 RAMP53 & HWY417 IC117 RAMP52 (__3ZA255),__3ZA255,01 - Non intersection,03 - P.D. only,04 - Sideswipe,01 - Clear,01 - Daylight,01 - Dry,10 - No control,,2,0,0,0,,0,,,,,370798.6541,5030991.86,45.41574961,-75.65674647,10143
15--6058,2015/05/05,7:59 PM,CAMPEAU DR @ TERON RD/COLCHESTER SQ (0009033),9033,03 - At intersection,02 - Non-fatal injury,03 - Rear end,01 - Clear,05 - Dusk,01 - Dry,01 - Traffic signal,01 - Functioning,2,0,0,0,03 - Major,1,,,1,,352563.2572,5020469.887,45.32255393,-75.89073855,10144
15--624,2015/01/10,10:30 PM,HIGHWAY 417 btwn HWY417 IC118 RAMP76 & HWY417 IC118 RAMP67 (__3ZA2YR),__3ZA2YR,01 - Non intersection,02 - Non-fatal injury,04 - Sideswipe,01 - Clear,07 - Dark,02 - Wet,10 - No control,,2,0,0,0,01 - Minimal,1,1,,,,369483.3019,5031074.246,45.41661371,-75.67353991,10145
15--6150,2015/05/08,1:03 PM,CONFEDERATION PRIV N @ FLANNERY DR (0013722),13722,02 - Intersection related,03 - P.D. only,02 - Angle,01 - Clear,01 - Daylight,01 - Dry,02 - Stop sign,01 - Functioning,2,0,0,0,,0,,,,,368802.6989,5026192.711,45.37275379,-75.68286837,10146
15--5520,2015/04/18,10:04 PM,INNES RD @ LANTHIER DR/PRESTWICK DR (0004251),4251,02 - Intersection related,03 - P.D. only,03 - Rear end,02 - Rain,07 - Dark,02 - Wet,01 - Traffic signal,01 - Functioning,2,0,0,0,,0,,,,,383540.0716,5035994.68,45.45944296,-75.49317453,10147
15--5610,2015/04/21,4:18 PM,REGIONAL ROAD 174 EB btwn OR174 IC109 RAMP55 & TRANSIT (__3ZA28V),__3ZA28V,01 - Non intersection,03 - P.D. only,99 - Other,01 - Clear,01 - Daylight,01 - Dry,10 - No control,,2,0,0,0,,0,,,,,376479.4654,5035000.563,45.45125859,-75.58358907,10148
15--5521,2015/04/18,10:05 PM,DALHOUSIE ST btwn ST. PATRICK ST & MURRAY ST (__3ZA7A8),__3ZA7A8,04 - At/near private drive,03 - P.D. only,02 - Angle,01 - Clear,07 - Dark,01 - Dry,10 - No control,,2,0,0,0,,0,,,,,367965.7098,5032631.178,45.43076111,-75.69272861,10149
15--5701,2015/04/24,3:54 PM,BASELINE RD btwn NAVAHO DR & COLLEGE SQUARE SC (__3ZAZDQB),__3ZAZDQB,04 - At/near private drive,03 - P.D. only,02 - Angle,01 - Clear,01 - Daylight,01 - Dry,10 - No control,,2,0,0,0,,0,,,,,363048.1003,5024072.928,45.35418217,-75.7565815,10150
15--5969,2015/05/03,2:18 PM,BANTON ST @ WALKLEY RD (0006399),6399,03 - At intersection,02 - Non-fatal injury,02 - Angle,01 - Clear,01 - Daylight,01 - Dry,01 - Traffic signal,01 - Functioning,2,0,0,0,02 - Minor,2,,2,,,374248.7006,5028249.055,45.39073728,-75.61305727,10151
15--543,2015/01/09,12:15 PM,LONGFIELDS DR @ WOODROFFE AVE (0000096),96,03 - At intersection,03 - P.D. only,05 - Turning movement,01 - Clear,01 - Daylight,01 - Dry,01 - Traffic signal,01 - Functioning,2,0,0,0,,0,,,,,365421.1699,5017104.535,45.29128016,-75.72714983,10152
15--6240,2015/05/10,2:57 PM,HAWTHORNE AVE/ISABELLA ST @ QUEEN ELIZABETH DR (0002105),2105,03 - At intersection,03 - P.D. only,05 - Turning movement,01 - Clear,01 - Daylight,01 - Dry,01 - Traffic signal,01 - Functioning,2,0,0,0,,0,,,,,368665.6986,5030476.973,45.41131476,-75.68406277,10153
15--6059,2015/05/05,8:00 AM,HUNT CLUB RD btwn LORRY GREENBERG DR & PIKE ST (__3ZA3S3),__3ZA3S3,01 - Non intersection,03 - P.D. only,04 - Sideswipe,01 - Clear,01 - Daylight,01 - Dry,10 - No control,,2,0,0,0,,0,,,,,372856.8919,5024824.442,45.36006064,-75.63130218,10154
15--6151,2015/05/08,1:36 PM,CARLING AVE @ KIRKWOOD AVE S (0002209),2209,03 - At intersection,03 - P.D. only,05 - Turning movement,01 - Clear,01 - Daylight,01 - Dry,01 - Traffic signal,01 - Functioning,2,0,0,0,,0,,,,,364352.6644,5027337.067,45.38344282,-75.73953937,10155
15--5790,2015/04/28,2:00 PM,ROGER GUINDON AVE btwn PETER MORAND CRES & PETER MORAND CRES (__3ZAZAJ),__3ZAZAJ,01 - Non intersection,03 - P.D. only,04 - Sideswipe,01 - Clear,01 - Daylight,01 - Dry,10 - No control,,2,0,0,0,,0,,,,,371940.3335,5029512.434,45.40232975,-75.64236254,10156
15--5611,2015/04/21,5:23 PM,CYRVILLE RD @ INNES RD (0009352),9352,03 - At intersection,03 - P.D. only,05 - Turning movement,01 - Clear,01 - Daylight,01 - Dry,01 - Traffic signal,01 - Functioning,2,0,0,0,,0,,,,,375047.7247,5031120.046,45.41648928,-75.60244504,10157
15--5522,2015/04/18,10:47 AM,HAZELDEAN RD btwn CEDAROW CRT & FRINGEWOOD DR (__3ZA3D6),__3ZA3D6,04 - At/near private drive,03 - P.D. only,02 - Angle,01 - Clear,01 - Daylight,01 - Dry,10 - No control,,2,1,0,0,,0,,,,,350607.0973,5015776.454,45.28045148,-75.91612338,10158
15--5523,2015/04/18,12:10 PM,MONTREAL RD @ ST. LAURENT BLVD (0002604),2604,02 - Intersection related,03 - P.D. only,04 - Sideswipe,01 - Clear,01 - Daylight,01 - Dry,01 - Traffic signal,01 - Functioning,2,0,0,0,,0,,,,,371544.739,5033817.113,45.44109919,-75.64683202,10159
15--5524,2015/04/18,12:34 PM,TEESWATER ST btwn BIRKENDALE DR & EDENVALE DR (__3ZAZ8B),__3ZAZ8B,01 - Non intersection,03 - P.D. only,06 - SMV unattended vehicle,01 - Clear,01 - Daylight,01 - Dry,10 - No control,,1,0,0,0,,0,,,,,352506.7591,5020276.791,45.32082026,-75.89147779,10160
15--5525,2015/04/18,12:35 PM,HERON RD @ KALADAR AVE (0006960),6960,02 - Intersection related,03 - P.D. only,03 - Rear end,01 - Clear,01 - Daylight,01 - Dry,01 - Traffic signal,01 - Functioning,3,0,0,0,,0,,,,,369683.9056,5026805.644,45.37818773,-75.67153853,10161
15--5526,2015/04/18,2:16 AM,LAURIER AVE @ NICHOLAS ST (0010711),10711,03 - At intersection,02 - Non-fatal injury,02 - Angle,01 - Clear,07 - Dark,01 - Dry,01 - Traffic signal,01 - Functioning,2,0,0,0,01 - Minimal,1,1,,,,368372.9163,5031797.189,45.42322027,-75.6876326,10162
15--5527,2015/04/18,2:44 PM,WELLINGTON ST btwn LYON ST N & KENT ST (__3ZA4TE),__3ZA4TE,01 - Non intersection,03 - P.D. only,04 - Sideswipe,01 - Clear,01 - Daylight,01 - Dry,10 - No control,,2,0,0,0,,0,,,,,367044.3645,5031492.339,45.4205968,-75.70464637,10163
15--5528,2015/04/18,2:45 PM,KING EDWARD AVE @ MURRAY ST (0002713),2713,02 - Intersection related,03 - P.D. only,03 - Rear end,01 - Clear,01 - Daylight,01 - Dry,01 - Traffic signal,01 - Functioning,2,0,0,0,,0,,,,,368291.6162,5032753.647,45.43183353,-75.68854809,10164
15--5529,2015/04/18,2:53 PM,HOLMWOOD AVE btwn BANK ST & ADELAIDE ST (__3ZA9NT),__3ZA9NT,01 - Non intersection,03 - P.D. only,07 - SMV other,01 - Clear,01 - Daylight,01 - Dry,10 - No control,,1,0,0,0,,0,,,,,368573.484,5029253.964,45.40031894,-75.68539895,10165
15--553,2015/01/09,3:10 PM,FALLOWFIELD RD @ MOODIE DR (0010412),10412,02 - Intersection related,03 - P.D. only,03 - Rear end,01 - Clear,01 - Daylight,02 - Wet,01 - Traffic signal,01 - Functioning,2,0,0,0,,0,,,,,359500.692,5014634.003,45.26953582,-75.80289548,10166
15--5530,2015/04/18,6:28 PM,BELFAST RD @ ST. LAURENT BLVD (0007658),7658,02 - Intersection related,03 - P.D. only,03 - Rear end,01 - Clear,01 - Daylight,01 - Dry,01 - Traffic signal,00 - Unknown,2,0,0,0,,0,,,,,372861.688,5030576.152,45.41181163,-75.63044785,10167
15--5531,2015/04/18,6:42 PM,HERON RD @ BAYCREST DR (0007191),7191,03 - At intersection,03 - P.D. only,05 - Turning movement,01 - Clear,01 - Daylight,01 - Dry,01 - Traffic signal,01 - Functioning,2,0,0,0,,0,,,,,371145.5205,5026981.367,45.37963195,-75.65285451,10168
15--5532,2015/04/18,7:17 AM,MARCH RD btwn DUNROBIN RD & MURPHY CRT (__3ZA3DI),__3ZA3DI,01 - Non intersection,03 - P.D. only,07 - SMV other,01 - Clear,01 - Daylight,01 - Dry,10 - No control,,1,0,0,0,,0,,,,,347743.5677,5025724.352,45.3701464,-75.95175863,10169
15--5533,2015/04/18,7:59 PM,SCHUBERT CIRC @ AQUAVIEW DR (0013357),13357,02 - Intersection related,03 - P.D. only,03 - Rear end,01 - Clear,07 - Dark,01 - Dry,02 - Stop sign,01 - Functioning,2,0,0,0,,0,,,,,385390.3082,5035880.325,45.45820313,-75.46953867,10170
15--5534,2015/04/18,8:35 PM,KING EDWARD AVE @ ST. PATRICK ST (0002714),2714,03 - At intersection,03 - P.D. only,05 - Turning movement,01 - Clear,07 - Dark,01 - Dry,01 - Traffic signal,01 - Functioning,2,0,0,0,,0,,,,,368248.7013,5032823.107,45.4324624,-75.68908755,10171
15--5535,2015/04/18,9:22 AM,BANK ST @ LEITRIM RD (0004125),4125,02 - Intersection related,02 - Non-fatal injury,03 - Rear end,01 - Clear,01 - Daylight,01 - Dry,01 - Traffic signal,01 - Functioning,2,0,0,0,02 - Minor,2,1,1,,,375358.7181,5021619.015,45.33097227,-75.5998293,10172
15--5536,2015/04/19,1:13 PM,BAY ST btwn LAURIER AVE W & GLOUCESTER ST (__3ZA0XN),__3ZA0XN,04 - At/near private drive,03 - P.D. only,02 - Angle,01 - Clear,01 - Daylight,01 - Dry,10 - No control,,2,0,0,0,,0,,,,,367062.1714,5030954.299,45.4157541,-75.70448685,10173
15--5537,2015/04/19,1:35 PM,ST. JOSEPH BLVD/OLD MONTREAL RD @ TRIM RD (0004118),4118,03 - At intersection,03 - P.D. only,02 - Angle,01 - Clear,01 - Daylight,01 - Dry,11 - Roundabout,01 - Functioning,2,0,0,0,,0,,,,,384682.754,5039285.222,45.48891839,-75.4780307,10174
15--5538,2015/04/19,1:46 PM,ALTHA AVE @ LEVIS AVE (0009984),9984,03 - At intersection,02 - Non-fatal injury,02 - Angle,01 - Clear,01 - Daylight,01 - Dry,02 - Stop sign,01 - Functioning,2,1,0,0,03 - Major,1,,,1,,370688.6684,5033211.068,45.43572747,-75.65785472,10175
15--5539,2015/04/19,10:55 AM,HIGHWAY 417 btwn HWY417 IC118 RAMP76 & HWY417 IC118 RAMP67 (__3ZA2YR),__3ZA2YR,01 - Non intersection,03 - P.D. only,04 - Sideswipe,01 - Clear,01 - Daylight,01 - Dry,10 - No control,,2,0,0,0,,0,,,,,369494.8543,5031077.134,45.41663863,-75.67339194,10176
15--554,2015/01/09,3:13 PM,GLADSTONE AVE @ SPADINA AVE (0006143),6143,02 - Intersection related,03 - P.D. only,02 - Angle,01 - Clear,01 - Daylight,02 - Wet,02 - Stop sign,01 - Functioning,2,0,0,0,,0,,,,,365902.6637,5029435.116,45.40218709,-75.71948858,10177
15--5540,2015/04/19,Unknown,MONTREAL RD @ VANIER PKWY (0004630),4630,03 - At intersection,02 - Non-fatal injury,07 - SMV other,01 - Clear,07 - Dark,01 - Dry,01 - Traffic signal,01 - Functioning,1,0,0,1,02 - Minor,1,,1,,,370072.7098,5033064.146,45.4344633,-75.66574613,10178
15--5541,2015/04/19,Unknown,EDGAR BRAULT ST btwn ST. JOSEPH BLVD & RIDGEGATE ST (__3ZA68R),__3ZA68R,01 - Non intersection,03 - P.D. only,06 - SMV unattended vehicle,01 - Clear,00 - Unknown,01 - Dry,10 - No control,,1,0,0,0,,0,,,,,381584.4342,5037511.877,45.47331109,-75.51793991,10179
15--5542,2015/04/19,12:03 PM,HUNT CLUB RD @ RIVERSIDE DR (0002237),2237,02 - Intersection related,03 - P.D. only,03 - Rear end,01 - Clear,01 - Daylight,01 - Dry,01 - Traffic signal,01 - Functioning,2,0,0,0,,0,,,,,368036.5225,5021946.221,45.3346144,-75.69319241,10180
15--5543,2015/04/19,12:04 PM,CENTREPOINTE DR @ TALLWOOD DR (0004573),4573,02 - Intersection related,03 - P.D. only,02 - Angle,01 - Clear,01 - Daylight,01 - Dry,01 - Traffic signal,01 - Functioning,2,0,0,0,,0,,,,,362669.0063,5022577.102,45.34075422,-75.76159448,10181
15--5544,2015/04/19,2:25 PM,MURRAY ST btwn DALHOUSIE ST & CUMBERLAND ST (__3ZA3WO),__3ZA3WO,01 - Non intersection,03 - P.D. only,06 - SMV unattended vehicle,01 - Clear,01 - Daylight,01 - Dry,10 - No control,,1,0,0,0,,0,,,,,368070.3523,5032619.338,45.43064512,-75.69139292,10182
15--5545,2015/04/19,2:37 PM,BANK ST btwn RIDEAU RD & TURN LANE (__3ZBPH9),__3ZBPH9,01 - Non intersection,03 - P.D. only,03 - Rear end,01 - Clear,01 - Daylight,01 - Dry,10 - No control,,2,0,0,0,,0,,,,,376982.1399,5017777.806,45.29624564,-75.57968035,10183
15--5546,2015/04/19,2:43 AM,HIGHWAY 417 btwn HWY417 IC122 RAMP16 & HWY417 IC122 RAMP61 (__3ZA2RA),__3ZA2RA,01 - Non intersection,02 - Non-fatal injury,07 - SMV other,01 - Clear,07 - Dark,01 - Dry,10 - No control,,1,0,0,0,02 - Minor,1,,1,,,365331.6441,5028896.096,45.39738672,-75.72684813,10184
15--5547,2015/04/19,2:45 PM,HUNT CLUB RD btwn TURN LANE & TURN LANE (2) (__5AEEAQ),__5AEEAQ,04 - At/near private drive,03 - P.D. only,03 - Rear end,01 - Clear,01 - Daylight,01 - Dry,10 - No control,,3,0,0,0,,0,,,,,371727.2907,5024268.554,45.35516769,-75.64579438,10185
15--5548,2015/04/19,3:30 PM,QUEEN ELIZABETH DRWY @ QUEEN ELIZABETH PL (0002124),2124,03 - At intersection,02 - Non-fatal injury,02 - Angle,01 - Clear,01 - Daylight,01 - Dry,02 - Stop sign,01 - Functioning,2,0,1,0,03 - Major,1,,,1,,368585.3739,5028837.945,45.39657464,-75.68530089,10186
15--5549,2015/04/19,4:02 PM,PARENT AVE btwn MURRAY ST & CLARENCE ST (__3ZA82Q),__3ZA82Q,01 - Non intersection,03 - P.D. only,06 - SMV unattended vehicle,01 - Clear,01 - Daylight,01 - Dry,10 - No control,,1,0,0,0,,0,,,,,367868.4705,5032479.587,45.42940592,-75.69399065,10187
15--555,2015/01/09,3:15 PM,RIDEAU RD btwn BANK ST & DONCASTER RD (__3ZBO26),__3ZBO26,01 - Non intersection,03 - P.D. only,99 - Other,01 - Clear,01 - Daylight,01 - Dry,10 - No control,,2,0,0,0,,0,,,,,377834.7122,5018359.58,45.30139208,-75.56872583,10188
15--5550,2015/04/19,4:15 PM,OGILVIE RD @ MATHESON RD/PALMERSTON DR (0012348),12348,03 - At intersection,03 - P.D. only,99 - Other,01 - Clear,01 - Daylight,01 - Dry,01 - Traffic signal,01 - Functioning,2,0,0,0,,0,,,,,373380.3292,5032537.076,45.42940443,-75.62354954,10189
15--5551,2015/04/19,4:45 PM,BANK ST @ CAHILL DR/DAZE ST (0012178),12178,03 - At intersection,02 - Non-fatal injury,05 - Turning movement,01 - Clear,01 - Daylight,01 - Dry,01 - Traffic signal,01 - Functioning,2,0,0,0,01 - Minimal,1,1,,,,371307.5357,5024315.646,45.35563135,-75.65114486,10190
15--5552,2015/04/19,5:26 PM,HUNT CLUB RD btwn NORTH BOWESVILLE RD & BILLY BISHOP PRIV (__5G43Y1),__5G43Y1,01 - Non intersection,03 - P.D. only,03 - Rear end,01 - Clear,01 - Daylight,01 - Dry,10 - No control,,2,0,0,0,,0,,,,,368837.1752,5022415.108,45.33876073,-75.68291759,10191
15--5553,2015/04/19,9:00 AM,BANK ST @ QUEENSDALE AVE (0009260),9260,02 - Intersection related,03 - P.D. only,99 - Other,01 - Clear,01 - Daylight,01 - Dry,01 - Traffic signal,01 - Functioning,2,0,0,0,,0,,,,,373336.3825,5023445.784,45.34760929,-75.62537365,10192
15--5554,2015/04/19,9:58 AM,BRIDGESTONE DR @ SADDLESMITH CIRC (0012548),12548,03 - At intersection,03 - P.D. only,02 - Angle,01 - Clear,01 - Daylight,01 - Dry,02 - Stop sign,01 - Functioning,2,0,0,0,,0,,,,,355450.5378,5015934.353,45.28154001,-75.85437447,10193
15--5555,2015/04/20,1:02 AM,INNES RD @ TENTH LINE RD (0004633),4633,03 - At intersection,03 - P.D. only,07 - SMV other,01 - Clear,07 - Dark,01 - Dry,01 - Traffic signal,01 - Functioning,1,0,0,0,,0,,,,,383951.7603,5036160.043,45.46088422,-75.4878846,10194
15--5556,2015/04/20,1:30 PM,HIGHWAY 417 btwn HWY417 IC138 RAMP61 & HWY417 IC134 RAMP36 (__3ZA20I),__3ZA20I,01 - Non intersection,03 - P.D. only,99 - Other,02 - Rain,01 - Daylight,02 - Wet,10 - No control,,2,0,0,0,,0,,,,,355528.2142,5021767.508,45.3340221,-75.85278736,10195
15--5557,2015/04/20,1:32 PM,STITTSVILLE MAIN ST @ HAZELDEAN RD (0000050),50,02 - Intersection related,03 - P.D. only,03 - Rear end,02 - Rain,01 - Daylight,02 - Wet,01 - Traffic signal,01 - Functioning,2,0,0,0,,0,,,,,349557.4342,5014879.199,45.27244528,-75.92958305,10196
15--5558,2015/04/20,1:42 PM,OGILVIE RD @ CITY PARK DR E/CSIS HQ ACCESS (0003696),3696,02 - Intersection related,03 - P.D. only,03 - Rear end,02 - Rain,01 - Daylight,02 - Wet,01 - Traffic signal,01 - Functioning,2,0,0,0,,0,,,,,374188.7282,5033012.023,45.43359801,-75.61315258,10197