Anom_ID,Accident_Date,Accident_Time,Location,Geo_ID,Accident_Location,Classification_of_Accident,Initial_Impact_Type,Environment_Condition,Light,Road_Surface_Condition,Traffic_Control,Traffic_Control_Condition,No__of_Vehicles,No__of_Bicycles,No__of_Motorcycles,No__of_Pedestrians,Max_Injury,No__of_Injuries,No__of_Minimal,No__of_Minor,No__of_Major,No__of_Fatal,X,Y,Latitude,Longitude,ObjectId
15--5559,2015/04/20,1:58 PM,DWYER HILL RD btwn CRAWFORD SIDE RD & FERNBANK RD (__3ZA3FA),__3ZA3FA,01 - Non intersection,03 - P.D. only,07 - SMV other,02 - Rain,01 - Daylight,02 - Wet,10 - No control,,1,0,0,0,,0,,,,,342460.2546,5005585.274,45.18922939,-76.0207339,10198
15--556,2015/01/09,3:20 PM,KING EDWARD AVE @ LAURIER AVE (0002170),2170,03 - At intersection,03 - P.D. only,02 - Angle,01 - Clear,01 - Daylight,04 - Slush,01 - Traffic signal,01 - Functioning,2,0,0,0,,0,,,,,368737.7795,5032032.173,45.42530132,-75.68294017,10199
15--5560,2015/04/20,10:07 AM,BANTREE ST @ INNES RD (0007684),7684,03 - At intersection,03 - P.D. only,05 - Turning movement,02 - Rain,01 - Daylight,02 - Wet,01 - Traffic signal,01 - Functioning,2,0,0,0,,0,,,,,373705.7232,5030407.037,45.41020742,-75.61968942,10200
15--5561,2015/04/20,10:14 AM,JEANNE D'ARC BLVD  N btwn PADDLER WAY & ORLEANS BLVD (__3ZA6BI),__3ZA6BI,01 - Non intersection,02 - Non-fatal injury,05 - Turning movement,02 - Rain,01 - Daylight,02 - Wet,10 - No control,,2,0,0,0,01 - Minimal,2,2,,,,379976.8853,5038082.396,45.47861907,-75.53840994,10201
15--5562,2015/04/20,10:52 PM,MAIN ST @ RIVERDALE AVE (0007229),7229,03 - At intersection,03 - P.D. only,05 - Turning movement,02 - Rain,07 - Dark,02 - Wet,01 - Traffic signal,01 - Functioning,2,0,0,0,,0,,,,,369430.9991,5029532.576,45.40274715,-75.67441023,10202
15--5563,2015/04/20,11:07 AM,ALESTHER ST btwn DUNBRACK ST & DONALD ST (__3ZA81A),__3ZA81A,01 - Non intersection,03 - P.D. only,04 - Sideswipe,02 - Rain,01 - Daylight,02 - Wet,10 - No control,,2,0,0,0,,0,,,,,371979.2265,5032496.728,45.42917738,-75.64145897,10203
15--5564,2015/04/20,11:28 PM,CUMMINGS AVE btwn BURN ST & GARDENVALE RD (__3ZA7UC),__3ZA7UC,01 - Non intersection,02 - Non-fatal injury,03 - Rear end,01 - Clear,07 - Dark,01 - Dry,10 - No control,,2,0,0,0,02 - Minor,3,,3,,,372379.3701,5033104.649,45.43460861,-75.63626234,10204
15--5565,2015/04/20,11:55 AM,BARNSDALE RD @ PRINCE OF WALES DR (0001082),1082,03 - At intersection,03 - P.D. only,02 - Angle,02 - Rain,01 - Daylight,02 - Wet,02 - Stop sign,01 - Functioning,2,0,0,0,,0,,,,,366645.7323,5011530.967,45.24102276,-75.71223354,10205
15--5566,2015/04/20,Unknown,APPLETON DR btwn ROYAL GALA PRIV & ROYAL GALA PRIV (__4BRXJN),__4BRXJN,01 - Non intersection,03 - P.D. only,06 - SMV unattended vehicle,01 - Clear,00 - Unknown,01 - Dry,10 - No control,,1,0,0,0,,0,,,,,375231.5766,5031979.677,45.42420529,-75.59997337,10206
15--5567,2015/04/20,12:06 PM,NAVAHO DR @ WOODROFFE AVE/TRANSITWAY N BASELIN (0010359),10359,03 - At intersection,02 - Non-fatal injury,05 - Turning movement,01 - Clear,01 - Daylight,02 - Wet,01 - Traffic signal,01 - Functioning,2,0,0,0,01 - Minimal,2,2,,,,362705.5212,5023492.351,45.34898656,-75.76102145,10207
15--5568,2015/04/20,12:15 PM,HERON RD btwn BANK ST & EDGE HILL PL (__3ZA3AD),__3ZA3AD,04 - At/near private drive,03 - P.D. only,02 - Angle,02 - Rain,01 - Daylight,02 - Wet,10 - No control,,2,0,0,0,,0,,,,,370019.5038,5026856.227,45.37861171,-75.66724726,10208
15--5569,2015/04/20,12:36 PM,BANK ST btwn EUCLID AVE & SUNNYSIDE AVE (__3ZA3N6),__3ZA3N6,01 - Non intersection,03 - P.D. only,03 - Rear end,02 - Rain,01 - Daylight,02 - Wet,10 - No control,,3,0,0,0,,0,,,,,368730.8533,5028592.634,45.39435415,-75.68347473,10209
15--557,2015/01/09,3:20 PM,INNES RD @ ORCHARDVIEW AVE/ESPRIT DR (0012279),12279,02 - Intersection related,03 - P.D. only,03 - Rear end,01 - Clear,01 - Daylight,04 - Slush,01 - Traffic signal,01 - Functioning,2,0,0,0,,0,,,,,384843.8007,5036560.078,45.46438173,-75.47641474,10210
15--5570,2015/04/20,2:15 PM,SMYTH RD E/LANCASTER RD @ ST. LAURENT BLVD N/R (0002256),2256,02 - Intersection related,03 - P.D. only,03 - Rear end,02 - Rain,01 - Daylight,02 - Wet,01 - Traffic signal,01 - Functioning,2,0,0,0,,0,,,,,373364.0087,5029424.911,45.40140427,-75.62419107,10211
15--5571,2015/04/20,2:30 PM,BURRIS LANE @ MERIVALE RD (0002014),2014,02 - Intersection related,03 - P.D. only,03 - Rear end,02 - Rain,01 - Daylight,02 - Wet,01 - Traffic signal,01 - Functioning,3,0,0,0,,0,,,,,364881.6703,5025067.038,45.36297232,-75.73306095,10212
15--5572,2015/04/20,2:57 PM,INDUSTRIAL AVE @ TRAINYARDS DR (0011906),11906,03 - At intersection,03 - P.D. only,03 - Rear end,01 - Clear,01 - Daylight,02 - Wet,01 - Traffic signal,01 - Functioning,2,0,0,0,,0,,,,,371686.919,5030540.925,45.41160794,-75.64545972,10213
15--5573,2015/04/20,3:01 PM,CHAPEL ST @ LAURIER AVE (0007756),7756,03 - At intersection,03 - P.D. only,02 - Angle,02 - Rain,01 - Daylight,02 - Wet,01 - Traffic signal,01 - Functioning,2,0,0,0,,0,,,,,369118.7092,5032265.067,45.42736189,-75.67804236,10214
15--5574,2015/04/20,3:03 PM,BLAIR RD @ INNES RD (0004165),4165,02 - Intersection related,03 - P.D. only,03 - Rear end,01 - Clear,01 - Daylight,02 - Wet,01 - Traffic signal,01 - Functioning,2,0,0,0,,0,,,,,375578.7349,5031439.073,45.4193062,-75.59561535,10215
15--5575,2015/04/20,3:34 AM,AUGUSTA ST @ RIDEAU ST (0011916),11916,02 - Intersection related,03 - P.D. only,05 - Turning movement,01 - Clear,07 - Dark,01 - Dry,01 - Traffic signal,01 - Functioning,2,0,0,0,,0,,,,,369013.7729,5032716.777,45.43143585,-75.67932435,10216
15--5576,2015/04/20,3:49 PM,MEADOW PARK PL @ ST. LAURENT BLVD (0007686),7686,03 - At intersection,02 - Non-fatal injury,05 - Turning movement,02 - Rain,01 - Daylight,02 - Wet,02 - Stop sign,00 - Unknown,2,0,0,0,02 - Minor,1,,1,,,371209.6917,5034625.87,45.44840792,-75.65100516,10217
15--5577,2015/04/20,3:56 PM,PLACE D'ORLEANS DR W @ ST. JOSEPH BLVD (0008776),8776,02 - Intersection related,03 - P.D. only,03 - Rear end,01 - Clear,01 - Daylight,02 - Wet,01 - Traffic signal,01 - Functioning,2,0,0,0,,0,,,,,381601.5548,5037685.745,45.47487352,-75.5176938,10218
15--5578,2015/04/20,4:05 PM,HWY 417 MAITLAND IC126R36 @ MAITLAND AVE (0008851),8851,02 - Intersection related,03 - P.D. only,03 - Rear end,01 - Clear,01 - Daylight,02 - Wet,10 - No control,,2,0,0,0,,0,,,,,363123.5141,5026034.369,45.37182473,-75.75538758,10219
15--5579,2015/04/20,4:25 PM,CYRVILLE RD btwn MEADOWBROOK RD & MAXIME ST (__3ZA3RF),__3ZA3RF,04 - At/near private drive,03 - P.D. only,02 - Angle,02 - Rain,01 - Daylight,02 - Wet,10 - No control,,2,0,0,0,,0,,,,,374651.4823,5031236.41,45.41757593,-75.60749072,10220
15--558,2015/01/09,3:23 PM,ROSEBELLA AVE @ SIXTH ST (0009394),9394,02 - Intersection related,03 - P.D. only,03 - Rear end,03 - Snow,01 - Daylight,06 - Ice,02 - Stop sign,01 - Functioning,2,0,0,0,,0,,,,,373543.7427,5023750.057,45.35032673,-75.62268544,10221
15--5580,2015/04/20,4:45 PM,DONALD ST @ ST. LAURENT BLVD (0008630),8630,02 - Intersection related,03 - P.D. only,02 - Angle,01 - Clear,01 - Daylight,02 - Wet,01 - Traffic signal,01 - Functioning,2,0,0,0,,0,,,,,372093.7129,5032471.139,45.42893613,-75.63999951,10222
15--5581,2015/04/20,5:13 PM,OGILVIE RD @ BATHGATE DR/CITYPARK DR W (0012430),12430,03 - At intersection,02 - Non-fatal injury,05 - Turning movement,01 - Clear,01 - Daylight,02 - Wet,01 - Traffic signal,01 - Functioning,2,0,0,0,01 - Minimal,1,1,,,,373829.686,5032800.095,45.43172673,-75.61777061,10223
15--5582,2015/04/20,5:14 PM,WALKLEY RD btwn HARDING RD & HALIFAX DR (__3ZA2EK),__3ZA2EK,04 - At/near private drive,02 - Non-fatal injury,02 - Angle,01 - Clear,01 - Daylight,02 - Wet,10 - No control,,2,1,0,0,03 - Major,1,,,1,,373168.9717,5027618.656,45.38517147,-75.6269324,10224
15--5583,2015/04/20,6:20 PM,TYNDALL ST btwn HOLLAND AVE & HINTON AVE N (__3ZA022),__3ZA022,04 - At/near private drive,03 - P.D. only,03 - Rear end,01 - Clear,01 - Daylight,01 - Dry,10 - No control,,2,0,0,0,,0,,,,,365039.6351,5028920.541,45.39763186,-75.73057455,10225
15--5584,2015/04/20,6:40 PM,BANKFIELD RD @ MANOTICK MAIN ST/RIDEAU VALLEY  (0000070),70,02 - Intersection related,03 - P.D. only,03 - Rear end,01 - Clear,01 - Daylight,01 - Dry,01 - Traffic signal,01 - Functioning,2,0,0,0,,0,,,,,368430.7346,5010156.919,45.22850006,-75.68967488,10226
15--5585,2015/04/20,6:50 PM,ELGIN ST @ MACLAREN ST (0006937),6937,02 - Intersection related,03 - P.D. only,06 - SMV unattended vehicle,01 - Clear,01 - Daylight,01 - Dry,01 - Traffic signal,01 - Functioning,1,0,0,0,,0,,,,,368206.9161,5031127.939,45.41721366,-75.68983975,10227
15--5586,2015/04/20,7:09 AM,CRESTHAVEN DR @ STRANDHERD DR (0010929),10929,03 - At intersection,02 - Non-fatal injury,02 - Angle,02 - Rain,01 - Daylight,02 - Wet,01 - Traffic signal,01 - Functioning,2,0,0,0,01 - Minimal,1,1,,,,366814.8701,5015027.589,45.27247036,-75.70964297,10228
15--5587,2015/04/20,8:03 PM,HUNT CLUB RD @ LORRY GREENBERG DR/SABLE RIDGE  (0008203),8203,02 - Intersection related,03 - P.D. only,03 - Rear end,02 - Rain,07 - Dark,02 - Wet,01 - Traffic signal,01 - Functioning,2,0,0,0,,0,,,,,372823.7387,5024807.865,45.3599147,-75.63172759,10229
15--5588,2015/04/20,8:05 PM,BANK ST @ RIVERSIDE DR S (0002704),2704,03 - At intersection,03 - P.D. only,05 - Turning movement,02 - Rain,07 - Dark,02 - Wet,01 - Traffic signal,01 - Functioning,2,0,0,0,,0,,,,,369303.7532,5027894.071,45.38801616,-75.67624973,10230
15--5589,2015/04/20,8:36 AM,BLAIR RD @ REGIONAL RD 174 N/OR174 IC112 RAMP61 (0003617),3617,03 - At intersection,02 - Non-fatal injury,02 - Angle,02 - Rain,01 - Daylight,02 - Wet,01 - Traffic signal,01 - Functioning,2,0,0,0,02 - Minor,1,,1,,,374633.3604,5032991.505,45.43336914,-75.6074734,10231
15--559,2015/01/09,3:25 PM,OGILVIE RD btwn LASSITER TER & LASSITER TER (__3ZA70K),__3ZA70K,04 - At/near private drive,03 - P.D. only,02 - Angle,01 - Clear,01 - Daylight,04 - Slush,10 - No control,,2,0,0,0,,0,,,,,375496.7507,5034914.192,45.45058158,-75.59616375,10232
15--5590,2015/04/20,8:39 AM,KING EDWARD AVE @ LAURIER AVE (0002170),2170,02 - Intersection related,02 - Non-fatal injury,03 - Rear end,02 - Rain,01 - Daylight,02 - Wet,01 - Traffic signal,01 - Functioning,2,0,0,0,01 - Minimal,1,1,,,,368739.7072,5032036.196,45.42533734,-75.68291501,10233
15--5591,2015/04/20,8:40 AM,CEDARVIEW RD btwn WEST HUNT CLUB RD & LYTLE AVE (__3ZA1XV),__3ZA1XV,01 - Non intersection,03 - P.D. only,03 - Rear end,02 - Rain,01 - Daylight,02 - Wet,10 - No control,,2,0,0,0,,0,,,,,360427.3909,5017681.966,45.29688897,-75.79074488,10234
15--5592,2015/04/20,8:41 PM,HWY 417 MAITLAND IC126R26/62 @ MAITLAND AVE (0008228),8228,03 - At intersection,02 - Non-fatal injury,05 - Turning movement,02 - Rain,07 - Dark,02 - Wet,01 - Traffic signal,01 - Functioning,2,0,0,0,02 - Minor,2,1,1,,,363144.7798,5025984.529,45.37137451,-75.75512199,10235
15--5593,2015/04/21,10:27 AM,CEDARVIEW RD @ HWY 416 WESTHUNT IC72R42 (0005515),5515,03 - At intersection,03 - P.D. only,07 - SMV other,01 - Clear,01 - Daylight,01 - Dry,10 - No control,,1,0,0,0,,0,,,,,359597.2836,5019764.499,45.31569298,-75.8010978,10236
15--5594,2015/04/21,10:30 PM,ISLAND PARK DR @ RICHMOND RD (0002125),2125,03 - At intersection,03 - P.D. only,04 - Sideswipe,01 - Clear,07 - Dark,01 - Dry,01 - Traffic signal,01 - Functioning,2,1,0,0,,0,,,,,364130.6867,5028867.075,45.39722839,-75.74218972,10237
15--5595,2015/04/21,10:35 AM,MERIVALE RD @ WOODFIELD DR/ROYDON PL (0009776),9776,02 - Intersection related,03 - P.D. only,03 - Rear end,01 - Clear,01 - Daylight,02 - Wet,01 - Traffic signal,01 - Functioning,2,0,0,0,,0,,,,,365462.7434,5022300.094,45.33802573,-75.7259837,10238
15--5596,2015/04/21,11:06 AM,O'CONNOR ST @ WELLINGTON ST (0002234),2234,03 - At intersection,03 - P.D. only,05 - Turning movement,01 - Clear,01 - Daylight,01 - Dry,01 - Traffic signal,01 - Functioning,2,0,0,0,,0,,,,,367413.6992,5031723.064,45.42263984,-75.69989818,10239
15--5597,2015/04/21,11:14 AM,BLACKBURN BYPASS @ NAVAN RD (0004201),4201,02 - Intersection related,03 - P.D. only,03 - Rear end,02 - Rain,01 - Daylight,02 - Wet,01 - Traffic signal,01 - Functioning,2,0,0,0,,0,,,,,379617.8533,5033274.668,45.43540132,-75.54373317,10240
15--5598,2015/04/21,Unknown,CLARE ST btwn TWEEDSMUIR AVE & BROADHEAD AVE (__3ZA09Y),__3ZA09Y,04 - At/near private drive,03 - P.D. only,06 - SMV unattended vehicle,01 - Clear,00 - Unknown,01 - Dry,10 - No control,,1,0,0,0,,0,,,,,363867.1796,5027889.079,45.38845084,-75.74567219,10241
15--5599,2015/04/21,12:08 PM,BRONSON AVE @ IMPERIAL AVE/PLYMOUTH ST (0010859),10859,02 - Intersection related,03 - P.D. only,05 - Turning movement,02 - Rain,01 - Daylight,02 - Wet,10 - No control,,2,0,0,0,,0,,,,,367319.4262,5029643.431,45.40393636,-75.70136652,10242
15--56,2015/01/02,8:04 PM,GREENBANK RD @ IRIS ST/HWY 417 IC129 RAMP51 (0009073),9073,03 - At intersection,03 - P.D. only,03 - Rear end,01 - Clear,07 - Dark,01 - Dry,01 - Traffic signal,01 - Functioning,2,0,0,0,,0,,,,,360530.3451,5023311.048,45.34753142,-75.78879884,10243
15--560,2015/01/09,4:08 AM,RIDEAUCREST DR btwn COTTINGHAM ST & NEWBOROUGH CRES (__3ZA4WM),__3ZA4WM,01 - Non intersection,02 - Non-fatal injury,07 - SMV other,03 - Snow,07 - Dark,04 - Slush,10 - No control,,1,0,0,0,02 - Minor,1,,1,,,366061.777,5016520.656,45.28597091,-75.71905569,10244
15--5600,2015/04/21,12:30 PM,PARKDALE AVE @ SHERWOOD DR (0006383),6383,02 - Intersection related,03 - P.D. only,03 - Rear end,02 - Rain,01 - Daylight,02 - Wet,01 - Traffic signal,01 - Functioning,2,0,0,0,,0,,,,,365379.7391,5028745.063,45.3960236,-75.72625243,10245
15--5601,2015/04/21,12:35 PM,CHATELAIN AVE @ MERIVALE RD (0011306),11306,03 - At intersection,03 - P.D. only,05 - Turning movement,01 - Clear,01 - Daylight,01 - Dry,02 - Stop sign,00 - Unknown,2,0,0,0,,0,,,,,364842.7405,5026766.99,45.37827154,-75.73335121,10246
15--5602,2015/04/21,2:07 PM,OGILVIE RD btwn CUMMINGS AVE & BEAULIEU PL (__54PO0D),__54PO0D,04 - At/near private drive,03 - P.D. only,03 - Rear end,01 - Clear,01 - Daylight,01 - Dry,10 - No control,,3,0,0,0,,0,,,,,372815.9022,5032206.792,45.42648781,-75.63080764,10247
15--5603,2015/04/21,3:00 PM,CENTREPOINTE DR btwn CENTREPOINTE DR & Continuation of CENTREPOINTE DR (__3ZA2OC),__3ZA2OC,01 - Non intersection,03 - P.D. only,06 - SMV unattended vehicle,01 - Clear,01 - Daylight,01 - Dry,10 - No control,,1,0,0,0,,0,,,,,362092.5659,5023415.028,45.34834115,-75.76885217,10248
15--5604,2015/04/21,3:14 PM,EMOND ST @ MONTREAL RD (0009802),9802,03 - At intersection,03 - P.D. only,02 - Angle,01 - Clear,01 - Daylight,01 - Dry,02 - Stop sign,01 - Functioning,2,0,0,0,,0,,,,,370195.4314,5033135.67,45.43509538,-75.66416828,10249
15--5430,2015/04/16,10:31 AM,NOTRE DAME ST @ ORLEANS BLVD (0004105),4105,02 - Intersection related,02 - Non-fatal injury,04 - Sideswipe,01 - Clear,01 - Daylight,01 - Dry,02 - Stop sign,01 - Functioning,2,0,1,0,01 - Minimal,1,1,,,,380689.2328,5036865.819,45.46759624,-75.5294875,10250
15--6241,2015/05/10,3:21 PM,ELGIN ST @ SLATER ST (0002228),2228,03 - At intersection,03 - P.D. only,04 - Sideswipe,01 - Clear,01 - Daylight,01 - Dry,01 - Traffic signal,01 - Functioning,2,0,0,0,,0,,,,,367891.4284,5031646.215,45.42190545,-75.69380402,10251
15--597,2015/01/09,8:10 AM,HWY417 IC144 RAMP51 btwn HIGHWAY 417 & CARP RD (__3ZAY8H),__3ZAY8H,01 - Non intersection,03 - P.D. only,07 - SMV other,01 - Clear,01 - Daylight,06 - Ice,10 - No control,,1,0,0,0,,0,,,,,347151.855,5015565.08,45.2787661,-75.96018135,10252
15--6152,2015/05/08,10:20 PM,GLADSTONE AVE @ CAMBRIDGE ST (0006328),6328,03 - At intersection,02 - Non-fatal injury,05 - Turning movement,01 - Clear,07 - Dark,01 - Dry,02 - Stop sign,00 - Unknown,2,1,0,0,02 - Minor,1,,1,,,367064.5393,5030039.129,45.40751946,-75.7045722,10253
15--606,2015/01/09,8:48 AM,CHARTRAND AVE btwn DUFORD DR & KENNEDY LANE W (__3ZA69M),__3ZA69M,01 - Non intersection,03 - P.D. only,03 - Rear end,01 - Clear,01 - Daylight,05 - Packed snow,10 - No control,,2,0,0,0,,0,,,,,381973.8328,5037796.535,45.47582927,-75.5129156,10254
15--5612,2015/04/21,5:45 PM,BANFF AVE @ KITCHENER AVE (0006621),6621,02 - Intersection related,03 - P.D. only,03 - Rear end,01 - Clear,01 - Daylight,01 - Dry,02 - Stop sign,01 - Functioning,2,0,0,0,,0,,,,,370723.0042,5025605.982,45.36729658,-75.65843248,10255
15--5791,2015/04/28,2:01 PM,ST. LAURENT BLVD btwn INDUSTRIAL AVE & BOURASSA ST (__3ZBOFB),__3ZBOFB,04 - At/near private drive,03 - P.D. only,02 - Angle,01 - Clear,01 - Daylight,01 - Dry,10 - No control,,3,0,0,0,,0,,,,,373163.718,5029850.683,45.40525476,-75.62669018,10256
15--5431,2015/04/16,10:34 AM,RENAUD RD btwn NAVAN RD & WHITE ST (__3ZBN8V),__3ZBN8V,04 - At/near private drive,03 - P.D. only,06 - SMV unattended vehicle,01 - Clear,01 - Daylight,01 - Dry,10 - No control,,1,0,0,0,,0,,,,,382222.6815,5032989.522,45.43255225,-75.51048992,10257
15--5702,2015/04/24,3:58 PM,REGIONAL ROAD 174 btwn OR174 IC109 RAMP54 & OR174 IC109 RAMP55 (__3ZA28X),__3ZA28X,01 - Non intersection,03 - P.D. only,03 - Rear end,01 - Clear,01 - Daylight,01 - Dry,10 - No control,,2,0,0,0,,0,,,,,376430.3088,5034894.539,45.4503097,-75.58423289,10258
15--6242,2015/05/10,3:32 PM,PRESTON ST btwn BEECH ST & NORMAN ST (__3ZA4QS),__3ZA4QS,01 - Non intersection,03 - P.D. only,03 - Rear end,01 - Clear,01 - Daylight,02 - Wet,10 - No control,,2,0,0,0,,0,,,,,366703.0143,5029223.468,45.40021243,-75.70929262,10259
15--5970,2015/05/03,2:30 PM,HIGHWAY 417 btwn HWY417 IC119B RAMP57 & HWY417 IC119A RAMP75 (__3ZA1QN),__3ZA1QN,01 - Non intersection,03 - P.D. only,03 - Rear end,01 - Clear,01 - Daylight,01 - Dry,10 - No control,,3,0,0,0,,0,,,,,368409.6788,5030412.713,45.41075989,-75.68734159,10260
15--6153,2015/05/08,10:26 PM,RIVERSIDE DR btwn RIVERSIDE DR RAMP 42A & RIVERSIDE DR SPLIT (__3ZAZQJ),__3ZAZQJ,01 - Non intersection,02 - Non-fatal injury,03 - Rear end,01 - Clear,07 - Dark,01 - Dry,10 - No control,,3,0,0,0,02 - Minor,1,,1,,,368493.1875,5027308.98,45.38282587,-75.68667556,10261
15--6060,2015/05/05,8:45 AM,SMYTH RD btwn HAIG DR & SAUNDERSON DR (__3ZA3RZ),__3ZA3RZ,01 - Non intersection,03 - P.D. only,04 - Sideswipe,01 - Clear,01 - Daylight,01 - Dry,10 - No control,,2,0,0,0,,0,,,,,372616.6168,5029303.954,45.40038876,-75.63375349,10262
15--5792,2015/04/28,2:23 AM,KENT ST @ WELLINGTON ST (0002040),2040,02 - Intersection related,03 - P.D. only,03 - Rear end,01 - Clear,07 - Dark,01 - Dry,01 - Traffic signal,01 - Functioning,2,0,0,0,,0,,,,,367097.6978,5031526.934,45.42090333,-75.70396058,10263
15--5613,2015/04/21,6:45 PM,HUNT CLUB RD btwn LORRY GREENBERG DR & PIKE ST (__3ZA3S3),__3ZA3S3,04 - At/near private drive,03 - P.D. only,03 - Rear end,01 - Clear,05 - Dusk,01 - Dry,10 - No control,,2,0,0,0,,0,,,,,372872.7763,5024844.797,45.36024224,-75.63109665,10264
15--5432,2015/04/16,11:07 AM,MER BLEUE RD btwn DU PALAIS ST & DU DOMAINE ST (__3ZA6PW),__3ZA6PW,01 - Non intersection,03 - P.D. only,04 - Sideswipe,01 - Clear,01 - Daylight,01 - Dry,10 - No control,,2,0,0,0,,0,,,,,383797.7711,5032895.949,45.43153421,-75.49037742,10265
15--5703,2015/04/24,4:35 AM,VANIER PKWY SB btwn BEECHWOOD AVE/ ST. PATRICK ST/CRICHTON ST & DESCHA (__3ZA2TO),__3ZA2TO,01 - Non intersection,03 - P.D. only,07 - SMV other,01 - Clear,07 - Dark,01 - Dry,10 - No control,,1,0,0,0,,0,,,,,369199.24,5033444.44,45.43796602,-75.67685907,10266
15--6243,2015/05/10,3:38 AM,INNES RD btwn BANTREE ST & STAR TOP RD (__3ZA2XP),__3ZA2XP,06 - Underpass or tunnel,02 - Non-fatal injury,07 - SMV other,01 - Clear,07 - Dark,01 - Dry,10 - No control,,1,0,0,0,02 - Minor,1,,1,,,373976.1595,5030566.801,45.41161822,-75.61621243,10267
15--5971,2015/05/03,3:00 PM,STAGECOACH RD btwn CABIN RD & SNAKE ISLAND RD (__3ZBOGH),__3ZBOGH,01 - Non intersection,03 - P.D. only,07 - SMV other,01 - Clear,01 - Daylight,01 - Dry,10 - No control,,1,0,0,0,,0,,,,,378066.0243,5006493.559,45.19460184,-75.56752539,10268
15--6154,2015/05/08,11:08 AM,MACHARDY RD btwn STEEN LANE & GALETTA SIDE RD (__4B1JE9),__4B1JE9,01 - Non intersection,02 - Non-fatal injury,01 - Approaching,01 - Clear,01 - Daylight,01 - Dry,10 - No control,,2,0,0,0,02 - Minor,1,,1,,,321575.6619,5032225.86,45.42976536,-76.28560728,10269
15--6061,2015/05/05,8:58 AM,INNES RD btwn EASTPARK DR & CLEROUX CRES (__3ZA2A6),__3ZA2A6,01 - Non intersection,02 - Non-fatal injury,03 - Rear end,01 - Clear,01 - Daylight,01 - Dry,10 - No control,,2,1,0,0,01 - Minimal,1,1,,,,378929.0138,5033392.622,45.43653595,-75.55251843,10270
15--6062,2015/05/05,9:00 AM,HIGHWAY 417 btwn HWY417 IC127 RAMP35 & HWY417 IC127 RAMP25 (__3ZA2RE),__3ZA2RE,01 - Non intersection,03 - P.D. only,03 - Rear end,01 - Clear,01 - Daylight,01 - Dry,10 - No control,,2,0,0,0,,0,,,,,362152.001,5024852.153,45.36126744,-75.76792703,10271
15--6063,2015/05/05,9:20 AM,HIGHWAY 417 btwn HWY417 IC131 RAMP55 & HWY417 IC130 RAMP35 (__3ZA1MT),__3ZA1MT,01 - Non intersection,03 - P.D. only,03 - Rear end,01 - Clear,01 - Daylight,01 - Dry,10 - No control,,3,0,0,0,,0,,,,,358850.918,5022990.781,45.34478108,-75.81026422,10272
15--6064,2015/05/06,1:30 PM,BANK ST @ HUNT CLUB RD (0002119),2119,02 - Intersection related,03 - P.D. only,03 - Rear end,01 - Clear,01 - Daylight,01 - Dry,01 - Traffic signal,01 - Functioning,2,0,0,0,,0,,,,,371608.956,5024096.287,45.35362897,-75.64732782,10273
15--6065,2015/05/06,1:38 PM,MILTON RD btwn SMITH RD & PERRAULT RD (__3ZA3M7),__3ZA3M7,01 - Non intersection,02 - Non-fatal injury,03 - Rear end,01 - Clear,01 - Daylight,01 - Dry,10 - No control,,2,0,0,0,01 - Minimal,1,1,,,,387981.5712,5029945.208,45.40450124,-75.43741394,10274
15--6066,2015/05/06,10:23 AM,BOOTH ST @ CARLING AVE (0002135),2135,03 - At intersection,02 - Non-fatal injury,03 - Rear end,01 - Clear,01 - Daylight,01 - Dry,01 - Traffic signal,01 - Functioning,2,0,0,0,01 - Minimal,1,1,,,,367093.748,5029107.042,45.3991302,-75.70431684,10275
15--6067,2015/05/06,10:30 AM,PLEASANT PARK RD @ ST. LAURENT BLVD (0008363),8363,03 - At intersection,03 - P.D. only,05 - Turning movement,01 - Clear,01 - Daylight,01 - Dry,01 - Traffic signal,01 - Functioning,2,0,0,0,,0,,,,,373599.6556,5028794.104,45.39570545,-75.62126936,10276
15--6068,2015/05/06,11:23 AM,BANK ST @ ECHO DR (0007711),7711,02 - Intersection related,03 - P.D. only,04 - Sideswipe,01 - Clear,01 - Daylight,01 - Dry,02 - Stop sign,01 - Functioning,2,0,0,0,,0,,,,,368661.7111,5028757.745,45.39584607,-75.68433635,10277
15--6069,2015/05/06,11:29 AM,HAMILTON AVE   N btwn SPENCER ST & ARMSTRONG ST (__3ZBONH),__3ZBONH,01 - Non intersection,03 - P.D. only,03 - Rear end,01 - Clear,01 - Daylight,01 - Dry,10 - No control,,2,0,0,0,,0,,,,,364993.9065,5029427.462,45.40219695,-75.73109671,10278
15--607,2015/01/09,8:56 AM,ST. LAURENT BLVD btwn DONALD ST & 125 N OF QUEEN MARY ST (__3ZA2CFA),__3ZA2CFA,01 - Non intersection,03 - P.D. only,03 - Rear end,03 - Snow,01 - Daylight,02 - Wet,10 - No control,,2,0,0,0,,0,,,,,372101.6408,5032454.927,45.4287895,-75.63990042,10279
15--6070,2015/05/06,Unknown,HAYES ST btwn BOUTON D'OR WAY & TOMPKINS AVE (__3ZA69F),__3ZA69F,01 - Non intersection,03 - P.D. only,06 - SMV unattended vehicle,01 - Clear,00 - Unknown,01 - Dry,10 - No control,,1,0,0,0,,0,,,,,382461.2138,5037763.912,45.47548172,-75.50668789,10280