Anom_ID,Accident_Date,Accident_Time,Location,Geo_ID,Accident_Location,Classification_of_Accident,Initial_Impact_Type,Environment_Condition,Light,Road_Surface_Condition,Traffic_Control,Traffic_Control_Condition,No__of_Vehicles,No__of_Bicycles,No__of_Motorcycles,No__of_Pedestrians,Max_Injury,No__of_Injuries,No__of_Minimal,No__of_Minor,No__of_Major,No__of_Fatal,X,Y,Latitude,Longitude,ObjectId
15--6071,2015/05/06,Unknown,SPLINTER CRES btwn TORSA CRT & DUMAURIER AVE (__3ZAZR6),__3ZAZR6,01 - Non intersection,03 - P.D. only,06 - SMV unattended vehicle,01 - Clear,00 - Unknown,01 - Dry,10 - No control,,1,0,0,0,,0,,,,,359874.5904,5023535.634,45.34960404,-75.79714159,10281
15--6072,2015/05/06,12:23 PM,MONTREAL RD @ GRANVILLE ST/LAFONTAINE AVE (0009348),9348,03 - At intersection,03 - P.D. only,05 - Turning movement,01 - Clear,01 - Daylight,01 - Dry,01 - Traffic signal,01 - Functioning,2,0,0,0,,0,,,,,370826.1198,5033473.905,45.4380794,-75.65606284,10282
15--6073,2015/05/06,12:30 PM,BANK ST @ HERON RD (0002155),2155,02 - Intersection related,03 - P.D. only,03 - Rear end,01 - Clear,01 - Daylight,01 - Dry,01 - Traffic signal,01 - Functioning,2,0,0,0,,0,,,,,369995.72,5026850.096,45.37855875,-75.66755172,10283
15--6074,2015/05/06,12:40 PM,BOTSFORD ST @ HASTINGS AVE (0007308),7308,03 - At intersection,03 - P.D. only,02 - Angle,01 - Clear,01 - Daylight,01 - Dry,03 - Yield sign,01 - Functioning,2,0,0,0,,0,,,,,372229.0828,5029372.553,45.40104341,-75.63869366,10284
15--6075,2015/05/06,2:56 AM,FISHER AVE @ DEER PARK RD/DYNES RD (0002341),2341,02 - Intersection related,03 - P.D. only,07 - SMV other,01 - Clear,07 - Dark,01 - Dry,01 - Traffic signal,01 - Functioning,1,0,0,0,,0,,,,,366408.4302,5025454.446,45.36632562,-75.71352546,10285
15--6076,2015/05/06,3:00 PM,PINECREST RD/HWY 417 PINECRE IC129R63 @ TRANSI (0008264),8264,02 - Intersection related,03 - P.D. only,04 - Sideswipe,01 - Clear,01 - Daylight,01 - Dry,01 - Traffic signal,01 - Functioning,2,0,0,0,,0,,,,,360387.9516,5023678.379,45.35084795,-75.79057456,10286
15--6077,2015/05/06,3:16 PM,DIDSBURY RD btwn END & END (__54PKE6),__54PKE6,04 - At/near private drive,03 - P.D. only,05 - Turning movement,01 - Clear,01 - Daylight,01 - Dry,10 - No control,,2,0,0,0,,0,,,,,350146.1448,5018922.759,45.30879276,-75.92171089,10287
15--6078,2015/05/06,3:20 PM,MERIVALE RD @ BONGARD AVE (0000588),588,02 - Intersection related,02 - Non-fatal injury,07 - SMV other,01 - Clear,01 - Daylight,01 - Dry,02 - Stop sign,01 - Functioning,1,0,1,0,02 - Minor,1,,1,,,365870.98,5021314.407,45.32912124,-75.72089698,10288
15--6079,2015/05/06,3:22 PM,CARLING AVE btwn BOOTH ST & CAMBRIDGE ST S (__3ZA4S1),__3ZA4S1,01 - Non intersection,03 - P.D. only,03 - Rear end,01 - Clear,01 - Daylight,01 - Dry,10 - No control,,2,0,0,0,,0,,,,,367347.4831,5029258.592,45.40047118,-75.70105696,10289
15--608,2015/01/09,9:00 AM,STITTSVILLE MAIN ST @ KIMPTON DR/HORSESHOE CRE (0010599),10599,02 - Intersection related,02 - Non-fatal injury,03 - Rear end,01 - Clear,01 - Daylight,06 - Ice,02 - Stop sign,01 - Functioning,2,0,0,0,01 - Minimal,1,1,,,,349349.7085,5015273.862,45.27600979,-75.9321949,10290
15--6080,2015/05/06,3:29 PM,RIVERSIDE DR SB btwn BILLINGS BRIDGESC RAMP NB & DATA CENTRE RD (__3ZBOFM),__3ZBOFM,01 - Non intersection,03 - P.D. only,04 - Sideswipe,01 - Clear,01 - Daylight,01 - Dry,10 - No control,,2,0,0,0,,0,,,,,368979.8151,5027762.019,45.38685776,-75.68040335,10291
15--6081,2015/05/06,3:40 PM,BANK ST btwn CLAREY AVE & HOLMWOOD AVE (__3ZA3OP),__3ZA3OP,04 - At/near private drive,03 - P.D. only,06 - SMV unattended vehicle,01 - Clear,01 - Daylight,01 - Dry,10 - No control,,1,0,0,0,,0,,,,,368474.6057,5029218.183,45.40000599,-75.68666645,10292
15--6082,2015/05/06,4:00 PM,ELGIN ST @ SOMERSET ST (0006936),6936,02 - Intersection related,03 - P.D. only,04 - Sideswipe,01 - Clear,01 - Daylight,01 - Dry,01 - Traffic signal,01 - Functioning,2,0,0,0,,0,,,,,368163.6971,5031200.517,45.4178706,-75.69038258,10293
15--6083,2015/05/06,4:12 AM,FOXLEIGH CRES btwn BLUEGRASS DR & TROTTING WAY (__3ZBNCC),__3ZBNCC,01 - Non intersection,03 - P.D. only,06 - SMV unattended vehicle,01 - Clear,07 - Dark,01 - Dry,10 - No control,,1,0,0,0,,0,,,,,354864.3869,5016139.904,45.28343159,-75.86182474,10294
15--6084,2015/05/06,4:12 PM,CARLING AVE @ PARKDALE AVE (0008792),8792,02 - Intersection related,02 - Non-fatal injury,03 - Rear end,01 - Clear,01 - Daylight,01 - Dry,01 - Traffic signal,01 - Functioning,3,0,0,0,02 - Minor,3,2,1,,,365625.98,5028172.51,45.39085055,-75.72317823,10295
15--6085,2015/05/06,4:14 PM,HUNT CLUB RD @ LINDBERGH PRIV (0011417),11417,02 - Intersection related,03 - P.D. only,02 - Angle,01 - Clear,01 - Daylight,01 - Dry,02 - Stop sign,01 - Functioning,2,0,0,0,,0,,,,,368362.8992,5022133.576,45.33627069,-75.68900466,10296
15--6086,2015/05/06,4:21 PM,BRIAN COBURN BLVD btwn AQUAVIEW DR & TENTH LINE RD (__5JY425),__5JY425,04 - At/near private drive,02 - Non-fatal injury,05 - Turning movement,01 - Clear,01 - Daylight,01 - Dry,10 - No control,,2,0,0,0,02 - Minor,2,1,1,,,384496.7611,5035054.216,45.45087305,-75.48109597,10297
15--6087,2015/05/06,4:25 PM,WALKLEY RD @ GLENHAVEN PRIV (0011424),11424,03 - At intersection,02 - Non-fatal injury,07 - SMV other,01 - Clear,01 - Daylight,01 - Dry,01 - Traffic signal,01 - Functioning,1,0,0,1,02 - Minor,1,,1,,,370215.1311,5025874.04,45.36975607,-75.66487976,10298
15--6088,2015/05/06,4:45 PM,HIGHWAY 417 btwn HWY417 IC118 RAMP57 & HWY417 IC118 RAMP35 (__3ZA2YQ),__3ZA2YQ,01 - Non intersection,03 - P.D. only,04 - Sideswipe,01 - Clear,01 - Daylight,01 - Dry,10 - No control,,2,0,0,0,,0,,,,,369414.7099,5031012.152,45.41606135,-75.67442436,10299
15--6089,2015/05/06,4:54 PM,MERIVALE RD @ PINEGLEN CRES (0000053),53,02 - Intersection related,03 - P.D. only,99 - Other,01 - Clear,01 - Daylight,01 - Dry,02 - Stop sign,01 - Functioning,2,0,0,0,,0,,,,,366239.5209,5020411.335,45.32096335,-75.71630787,10300
15--609,2015/01/09,9:06 AM,HIGHWAY 417 btwn HWY417 IC127 RAMP25 & HWY417 IC126 RAMP51 (__3ZA2XA),__3ZA2XA,01 - Non intersection,03 - P.D. only,03 - Rear end,03 - Snow,01 - Daylight,03 - Loose snow,10 - No control,,2,0,0,0,,0,,,,,363132.9004,5025784.549,45.3695761,-75.75529726,10301
15--6090,2015/05/06,5:04 PM,YORK ST EB btwn BY WARD MARKET SQ & SUSSEX DR (__3ZA8ZZ),__3ZA8ZZ,01 - Non intersection,03 - P.D. only,03 - Rear end,01 - Clear,01 - Daylight,01 - Dry,10 - No control,,2,0,0,0,,0,,,,,367822.0388,5032245.243,45.42730156,-75.69461397,10302
15--6091,2015/05/06,5:52 PM,ALTA VISTA DR @ BANK ST (0011318),11318,02 - Intersection related,03 - P.D. only,03 - Rear end,01 - Clear,01 - Daylight,01 - Dry,01 - Traffic signal,01 - Functioning,2,0,0,0,,0,,,,,370247.3484,5026201.1,45.37269584,-75.66442517,10303
15--6092,2015/05/06,6:10 PM,BANK ST btwn WILTON CRES & ECHO DR (__3ZA3NA),__3ZA3NA,01 - Non intersection,03 - P.D. only,04 - Sideswipe,01 - Clear,01 - Daylight,01 - Dry,10 - No control,,2,0,0,0,,0,,,,,368612.9987,5028874.801,45.39690375,-75.68494332,10304
15--6093,2015/05/06,6:11 PM,ST. JOSEPH BLVD @ JEANNE D'ARC BLVD (0012421),12421,03 - At intersection,03 - P.D. only,04 - Sideswipe,01 - Clear,01 - Daylight,01 - Dry,11 - Roundabout,01 - Functioning,2,0,0,0,,0,,,,,379860.7425,5036470.135,45.46412571,-75.5401416,10305
15--6094,2015/05/06,6:32 AM,HIGHWAY 417 btwn HWY417 IC115 RAMP25 & REGIONAL ROAD 174 (__3ZA2RY),__3ZA2RY,01 - Non intersection,03 - P.D. only,07 - SMV other,01 - Clear,01 - Daylight,01 - Dry,10 - No control,,1,0,0,0,,0,,,,,373281.1359,5031702.404,45.42190418,-75.62493312,10306
15--6095,2015/05/06,6:36 PM,LENESTER AVE btwn AARON AVE & IROQUOIS RD (__3ZA0DJ),__3ZA0DJ,04 - At/near private drive,02 - Non-fatal injury,02 - Angle,01 - Clear,01 - Daylight,01 - Dry,10 - No control,,2,1,0,0,02 - Minor,1,,1,,,362245.987,5025671.562,45.36863271,-75.76663217,10307
15--6096,2015/05/06,6:46 PM,HUNTLEY RD btwn MANSFIELD RD & BROWNLEE RD (__3ZA42J),__3ZA42J,04 - At/near private drive,03 - P.D. only,03 - Rear end,01 - Clear,01 - Daylight,01 - Dry,10 - No control,,2,0,0,0,,0,,,,,354028.3771,5008485.829,45.21461703,-75.87323873,10308
15--6097,2015/05/06,6:50 PM,MCBEAN ST @ PERTH ST (0000124),124,03 - At intersection,02 - Non-fatal injury,07 - SMV other,01 - Clear,01 - Daylight,01 - Dry,01 - Traffic signal,01 - Functioning,1,0,0,1,03 - Major,1,,,1,,356743.6212,5006256.517,45.19436208,-75.83890368,10309
15--6098,2015/05/06,7:02 PM,DALHOUSIE ST @ YORK ST (0008500),8500,03 - At intersection,03 - P.D. only,04 - Sideswipe,01 - Clear,01 - Daylight,01 - Dry,01 - Traffic signal,01 - Functioning,2,0,0,0,,0,,,,,368092.9864,5032419.229,45.42884256,-75.6911294,10310
15--6099,2015/05/06,7:08 PM,BRONSON AVE btwn FLORENCE ST & GLADSTONE AVE (__3ZA1WP),__3ZA1WP,01 - Non intersection,03 - P.D. only,04 - Sideswipe,01 - Clear,01 - Daylight,01 - Dry,10 - No control,,2,0,0,0,,0,,,,,367131.5395,5030089.852,45.40796988,-75.70370994,10311
15--61,2015/01/03,1:07 PM,CARLING AVE/STATION RD @ MARCH RD (0002681),2681,03 - At intersection,03 - P.D. only,05 - Turning movement,03 - Snow,01 - Daylight,05 - Packed snow,01 - Traffic signal,01 - Functioning,2,0,0,0,,0,,,,,350907.6168,5022246.99,45.33865541,-75.911691,10312
15--610,2015/01/09,9:30 AM,HUNTMAR DR btwn PALLADIUM DR & MAPLE GROVE RD (__3ZA1EH),__3ZA1EH,01 - Non intersection,03 - P.D. only,03 - Rear end,01 - Clear,01 - Daylight,04 - Slush,10 - No control,,2,0,0,0,,0,,,,,350165.4363,5016824.779,45.28991328,-75.92165684,10313
15--6100,2015/05/06,7:38 PM,TERRY FOX DR @ FERNBANK RD (0011863),11863,03 - At intersection,02 - Non-fatal injury,02 - Angle,01 - Clear,01 - Daylight,01 - Dry,01 - Traffic signal,01 - Functioning,2,1,0,0,02 - Minor,2,1,1,,,354305.0773,5015130.114,45.27438487,-75.86905459,10314
15--6101,2015/05/06,7:59 AM,INNES RD @ STAR TOP RD/WINDMILL LANE (0008734),8734,02 - Intersection related,02 - Non-fatal injury,03 - Rear end,01 - Clear,01 - Daylight,01 - Dry,01 - Traffic signal,01 - Functioning,3,0,0,0,02 - Minor,2,,2,,,374147.7258,5030665.115,45.41248582,-75.61400695,10315
15--6102,2015/05/06,8:31 AM,INNES RD btwn 260 E OF BELCOURT BLVD/WALMART SC & JEANNE D'ARC BLVD/ME (__3ZA3JWB),__3ZA3JWB,01 - Non intersection,03 - P.D. only,04 - Sideswipe,01 - Clear,01 - Daylight,01 - Dry,10 - No control,,2,0,0,0,,0,,,,,382380.0627,5035421.123,45.45441235,-75.50809545,10316
15--6103,2015/05/06,8:40 AM,INNES RD @ JEANNE D'ARC BLVD/MER BLEUE RD (0012475),12475,02 - Intersection related,02 - Non-fatal injury,03 - Rear end,01 - Clear,01 - Daylight,01 - Dry,01 - Traffic signal,01 - Functioning,2,0,0,0,01 - Minimal,1,1,,,,382638.4743,5035568.635,45.4557108,-75.50476866,10317
15--6104,2015/05/06,9:00 AM,SPRATT RD btwn HOLLOW TRAIL GT & CANYON WALK DR (__3EX1UQ),__3EX1UQ,04 - At/near private drive,03 - P.D. only,02 - Angle,01 - Clear,01 - Daylight,01 - Dry,10 - No control,,2,0,0,0,,0,,,,,368958.8147,5016378.924,45.28443715,-75.68214726,10318
15--6105,2015/05/07,1:13 PM,HAWTHORNE RD/RUSSELL RD @ WALKLEY RD (0002618),2618,02 - Intersection related,03 - P.D. only,04 - Sideswipe,01 - Clear,01 - Daylight,01 - Dry,01 - Traffic signal,01 - Functioning,2,0,0,0,,0,,,,,374676.1853,5028497.74,45.39293231,-75.60756322,10319
15--6106,2015/05/07,10:04 PM,CATHERINE ST/HWY 417 O'CONN IC119BR76 @ O'CONN (0001697),1697,03 - At intersection,03 - P.D. only,05 - Turning movement,01 - Clear,07 - Dark,01 - Dry,01 - Traffic signal,01 - Functioning,2,0,0,0,,0,,,,,368243.711,5030392.204,45.41059042,-75.68946437,10320
15--6107,2015/05/07,10:09 AM,BELFAST RD @ COVENTRY RD (0002646),2646,02 - Intersection related,03 - P.D. only,04 - Sideswipe,01 - Clear,01 - Daylight,01 - Dry,01 - Traffic signal,01 - Functioning,2,0,0,0,,0,,,,,371524.685,5031643.01,45.42153952,-75.64738294,10321
15--6108,2015/05/07,10:35 AM,HIGHWAY 417 btwn HWY417 IC119A RAMP75 & HWY417 IC118 RAMP57 (__3ZA2R2),__3ZA2R2,01 - Non intersection,02 - Non-fatal injury,03 - Rear end,01 - Clear,01 - Daylight,01 - Dry,10 - No control,,2,0,0,0,02 - Minor,1,,1,,,368670.0303,5030553.493,45.41200287,-75.68399752,10322
15--6109,2015/05/07,11:36 AM,BANK ST @ RIVERSIDE DR N (0010778),10778,03 - At intersection,02 - Non-fatal injury,02 - Angle,01 - Clear,01 - Daylight,01 - Dry,01 - Traffic signal,01 - Functioning,3,0,0,0,01 - Minimal,1,1,,,,369226.4366,5027982.465,45.38881862,-75.67722546,10323
15--611,2015/01/09,9:31 PM,MERIVALE RD @ WEST HUNT CLUB RD (0000584),584,02 - Intersection related,03 - P.D. only,04 - Sideswipe,01 - Clear,07 - Dark,03 - Loose snow,01 - Traffic signal,00 - Unknown,2,0,0,0,,0,,,,,365612.6952,5021942.98,45.33479948,-75.72411447,10324
15--6110,2015/05/07,11:40 AM,ELGIN ST @ LAURIER AVE (0002232),2232,03 - At intersection,03 - P.D. only,04 - Sideswipe,01 - Clear,01 - Daylight,01 - Dry,01 - Traffic signal,01 - Functioning,2,0,0,0,,0,,,,,367948.7099,5031551.022,45.42104377,-75.69308434,10325
15--6111,2015/05/07,11:59 AM,PRINCE OF WALES DR @ MERIVALE RD (0000564),564,03 - At intersection,03 - P.D. only,03 - Rear end,01 - Clear,01 - Daylight,01 - Dry,01 - Traffic signal,01 - Functioning,2,0,0,0,,0,,,,,367450.432,5017617.542,45.29571816,-75.70121676,10326
15--6112,2015/05/07,12:09 PM,LAURIER AVE @ O'CONNOR ST (0002224),2224,03 - At intersection,03 - P.D. only,04 - Sideswipe,01 - Clear,01 - Daylight,01 - Dry,01 - Traffic signal,01 - Functioning,2,0,0,0,,0,,,,,367636.7007,5031356.168,45.41931863,-75.69709566,10327
15--6113,2015/05/07,12:28 PM,METCALFE ST btwn CATHERINE ST & ISABELLA ST (__3ZA259),__3ZA259,06 - Underpass or tunnel,03 - P.D. only,07 - SMV other,01 - Clear,01 - Daylight,01 - Dry,10 - No control,,1,0,0,0,,0,,,,,368419.1169,5030445.141,45.41105081,-75.68721684,10328
15--6114,2015/05/07,2:08 PM,PRINCE OF WALES DR btwn WELLSMERE CRT & TURN LANE (__3ZA2Y6),__3ZA2Y6,01 - Non intersection,02 - Non-fatal injury,04 - Sideswipe,01 - Clear,01 - Daylight,01 - Dry,10 - No control,,2,0,1,0,01 - Minimal,1,1,,,,367450.0307,5022044.694,45.33555305,-75.70066201,10329
15--6115,2015/05/07,2:23 PM,PINECREST RD @ RICHMOND RD (0002353),2353,02 - Intersection related,03 - P.D. only,03 - Rear end,01 - Clear,01 - Daylight,01 - Dry,01 - Traffic signal,01 - Functioning,2,0,0,0,,0,,,,,360071.9498,5024469.711,45.35799332,-75.79451867,10330
15--6116,2015/05/07,3:13 PM,MERIVALE RD @ 170 N OF HUNTCLUB RD/COSTCO/CANA (0004681),4681,02 - Intersection related,02 - Non-fatal injury,03 - Rear end,01 - Clear,01 - Daylight,01 - Dry,01 - Traffic signal,01 - Functioning,2,0,0,0,02 - Minor,2,,2,,,365548.1169,5022100.089,45.33621872,-75.72491904,10331
15--6117,2015/05/07,3:22 PM,KING EDWARD AVE @ RIDEAU ST (0002121),2121,02 - Intersection related,03 - P.D. only,04 - Sideswipe,01 - Clear,01 - Daylight,01 - Dry,01 - Traffic signal,01 - Functioning,2,0,0,0,,0,,,,,368512.4279,5032413.229,45.42875049,-75.68577034,10332
15--6118,2015/05/07,3:23 PM,DALHOUSIE ST btwn RIDEAU ST & BESSERER ST (__3ZBOX9),__3ZBOX9,01 - Non intersection,03 - P.D. only,04 - Sideswipe,01 - Clear,01 - Daylight,01 - Dry,10 - No control,,2,0,0,0,,0,,,,,368244.0531,5032173.791,45.42662051,-75.68923061,10333
15--6119,2015/05/07,3:30 PM,EARL MULLIGAN DR @ WOODROFFE AVE (0000591),591,03 - At intersection,03 - P.D. only,05 - Turning movement,01 - Clear,01 - Daylight,01 - Dry,01 - Traffic signal,01 - Functioning,2,0,0,0,,0,,,,,365251.6651,5017506.942,45.2949156,-75.72926158,10334
15--612,2015/01/10,1:15 PM,CYRVILLE RD @ INNES RD (0009352),9352,02 - Intersection related,03 - P.D. only,04 - Sideswipe,01 - Clear,01 - Daylight,02 - Wet,01 - Traffic signal,01 - Functioning,2,0,0,0,,0,,,,,375048.6886,5031118.118,45.41647184,-75.602433,10335
15--6120,2015/05/07,4:00 PM,COOPER ST @ O'CONNOR ST (0006954),6954,03 - At intersection,03 - P.D. only,02 - Angle,01 - Clear,01 - Daylight,01 - Dry,02 - Stop sign,01 - Functioning,2,0,0,0,,0,,,,,367808.7112,5031086.652,45.41687814,-75.69493245,10336
15--6121,2015/05/07,4:22 AM,RIVERSIDE DR @ UPLANDS DR/KIMBERWICK CRES N (0006890),6890,03 - At intersection,03 - P.D. only,07 - SMV other,01 - Clear,07 - Dark,01 - Dry,01 - Traffic signal,01 - Functioning,1,0,0,0,,0,,,,,368193.9953,5022793.14,45.34222059,-75.69107498,10337
15--6122,2015/05/07,4:38 PM,AVIATION PKWY @ MONTREAL RD (0008799),8799,02 - Intersection related,03 - P.D. only,04 - Sideswipe,01 - Clear,01 - Daylight,01 - Dry,01 - Traffic signal,01 - Functioning,2,0,0,0,,0,,,,,372147.4373,5034106.781,45.44364768,-75.63908923,10338
15--6123,2015/05/07,4:50 PM,CHARLEMAGNE BLVD btwn CANTEVAL TER & TENTH LINE RD (__3ZA5TH),__3ZA5TH,04 - At/near private drive,02 - Non-fatal injury,05 - Turning movement,01 - Clear,01 - Daylight,01 - Dry,10 - No control,,2,0,0,0,02 - Minor,2,1,1,,,383682.7769,5036918.834,45.46774156,-75.49120179,10339
15--6124,2015/05/07,4:55 PM,REGIONAL ROAD 174 btwn TRANSIT & OR174 IC105 RAMP51 (__3ZA28H),__3ZA28H,01 - Non intersection,02 - Non-fatal injury,03 - Rear end,01 - Clear,01 - Daylight,01 - Dry,10 - No control,,3,0,0,0,02 - Minor,1,,1,,,377151.7883,5035726.809,45.45772359,-75.5748878,10340
15--6125,2015/05/07,4:56 PM,PRINCE OF WALES DR @ NORMANDY CRES/MELFA CRES  (0006963),6963,03 - At intersection,02 - Non-fatal injury,05 - Turning movement,01 - Clear,01 - Daylight,01 - Dry,02 - Stop sign,01 - Functioning,2,1,0,0,02 - Minor,1,,1,,,367426.5579,5025224.503,45.36416642,-75.70055876,10341
15--6126,2015/05/07,5:23 PM,GLOUCESTER ST btwn BAY ST & LYON ST N (__3ZA0PX),__3ZA0PX,04 - At/near private drive,03 - P.D. only,06 - SMV unattended vehicle,01 - Clear,01 - Daylight,01 - Dry,10 - No control,,1,0,0,0,,0,,,,,367139.849,5030967.389,45.41586496,-75.70349281,10342
15--6127,2015/05/07,5:27 PM,PRINCESS AVE @ ROCKCLIFFE PKWY (0012027),12027,03 - At intersection,02 - Non-fatal injury,02 - Angle,01 - Clear,01 - Daylight,01 - Dry,11 - Roundabout,01 - Functioning,2,1,0,0,01 - Minimal,1,1,,,,368226.9692,5034331.171,45.44603337,-75.68917094,10343
15--6128,2015/05/07,5:45 AM,HIGHWAY 417 btwn HWY 417 ANDERSON IC104R61 & HWY 417 BOUNDARY IC96R16 (__3ZA2W5),__3ZA2W5,01 - Non intersection,02 - Non-fatal injury,07 - SMV other,01 - Clear,03 - Dawn,01 - Dry,10 - No control,,1,0,1,0,02 - Minor,1,,1,,,381848.1693,5025587.18,45.36599278,-75.51643201,10344
15--6129,2015/05/07,5:45 PM,FEATHERSTON DR @ JEFFERSON ST (0008037),8037,03 - At intersection,03 - P.D. only,02 - Angle,01 - Clear,01 - Daylight,01 - Dry,02 - Stop sign,01 - Functioning,2,0,0,0,,0,,,,,371772.8218,5027370.022,45.38306923,-75.64479286,10345
15--613,2015/01/10,1:25 PM,WOODROFFE AVE btwn FIRESTATION & BASELINE RD (__3ZA34KB),__3ZA34KB,01 - Non intersection,03 - P.D. only,03 - Rear end,01 - Clear,01 - Daylight,01 - Dry,10 - No control,,2,0,0,0,,0,,,,,362544.8709,5023781.589,45.35160235,-75.76303769,10346
15--6130,2015/05/07,5:58 PM,WEST HUNT CLUB RD WB btwn KNOXDALE RD & WOODROFFE AVE (__3ZA17D),__3ZA17D,01 - Non intersection,03 - P.D. only,07 - SMV other,01 - Clear,01 - Daylight,01 - Dry,10 - No control,,1,0,0,0,,0,,,,,363643.9876,5021245.595,45.32869232,-75.74931315,10347
15--6131,2015/05/07,6:23 PM,BANKFIELD RD @ PRINCE OF WALES DR (0003618),3618,02 - Intersection related,03 - P.D. only,99 - Other,01 - Clear,01 - Daylight,01 - Dry,01 - Traffic signal,01 - Functioning,2,0,0,0,,0,,,,,366381.6176,5008975.868,45.21805509,-75.71591359,10348
15--6132,2015/05/07,6:33 PM,EASTPARK DR btwn WEDGEWOOD CRES & INNES RD (__3ZA7MQ),__3ZA7MQ,04 - At/near private drive,03 - P.D. only,06 - SMV unattended vehicle,01 - Clear,01 - Daylight,01 - Dry,10 - No control,,1,0,0,0,,0,,,,,378554.1041,5033189.57,45.43474867,-75.55734011,10349
15--6133,2015/05/07,6:44 PM,BRONSON AVE @ LAURIER AVE (0006342),6342,03 - At intersection,02 - Non-fatal injury,07 - SMV other,01 - Clear,01 - Daylight,01 - Dry,01 - Traffic signal,01 - Functioning,1,0,0,1,02 - Minor,1,,1,,,366803.7371,5030861.449,45.41494161,-75.70780018,10350
15--6134,2015/05/07,7:24 PM,FALLOWFIELD RD btwn STEEPLE HILL CRES & MOODIE DR (__3ZA4Y5),__3ZA4Y5,04 - At/near private drive,02 - Non-fatal injury,03 - Rear end,01 - Clear,01 - Daylight,01 - Dry,10 - No control,,3,0,0,0,02 - Minor,2,,2,,,359383.9584,5014600.59,45.26924423,-75.8043867,10351
15--6135,2015/05/07,7:30 AM,STRANDHERD DR btwn MARAVISTA DR & KENNEVALE DR (__6NF1SR),__6NF1SR,01 - Non intersection,03 - P.D. only,04 - Sideswipe,01 - Clear,01 - Daylight,01 - Dry,10 - No control,,2,0,0,0,,0,,,,,361468.7275,5014147.26,45.26500023,-75.77787238,10352
15--6136,2015/05/07,7:36 PM,GEORGE ST btwn 26 W OF BYWARD MARKET/FREIMAN MALL & BY WARD MARKET SQ (__3ZA40PB),__3ZA40PB,01 - Non intersection,03 - P.D. only,04 - Sideswipe,01 - Clear,01 - Daylight,01 - Dry,10 - No control,,2,0,0,0,,0,,,,,368013.4969,5032206.899,45.42693928,-75.69217241,10353
15--6137,2015/05/07,7:51 AM,GREENBANK RD btwn JOCKVALE RD & CAMBRIAN RD (__3ZA2WE),__3ZA2WE,04 - At/near private drive,02 - Non-fatal injury,03 - Rear end,01 - Clear,01 - Daylight,01 - Dry,10 - No control,,2,0,0,0,02 - Minor,1,,1,,,364358.8677,5013817.488,45.26179416,-75.74108613,10354
15--6138,2015/05/07,7:53 PM,CARLETON AVE @ SCOTT ST (0006124),6124,03 - At intersection,03 - P.D. only,05 - Turning movement,01 - Clear,05 - Dusk,01 - Dry,01 - Traffic signal,01 - Functioning,2,0,0,0,,0,,,,,364115.414,5029213.479,45.40034656,-75.74234311,10355
15--6139,2015/05/07,7:56 AM,MCARTHUR AVE btwn MAY ST & ST. LAURENT BLVD (__3ZA3XL),__3ZA3XL,01 - Non intersection,03 - P.D. only,05 - Turning movement,01 - Clear,01 - Daylight,01 - Dry,10 - No control,,2,0,0,0,,0,,,,,371905.2354,5032882.71,45.43265737,-75.64235186,10356
15--614,2015/01/10,1:30 PM,GREENBANK RD @ WEST HUNT CLUB RD (0005167),5167,02 - Intersection related,03 - P.D. only,03 - Rear end,01 - Clear,01 - Daylight,02 - Wet,01 - Traffic signal,01 - Functioning,3,0,0,0,,0,,,,,361479.677,5020501.033,45.32217089,-75.77700676,10357
15--6140,2015/05/07,8:05 AM,SODERLIND ST @ SUDBURY AVE (0002953),2953,02 - Intersection related,03 - P.D. only,06 - SMV unattended vehicle,01 - Clear,01 - Daylight,01 - Dry,10 - No control,,1,0,0,0,,0,,,,,361170.4011,5023599.148,45.35007258,-75.78059859,10358
15--6141,2015/05/07,8:22 AM,PRINCE OF WALES DR btwn NATIONAL CAPITAL COMM DRWY & HARTWELL LOCKS/54 (__3ZA30ZA),__3ZA30ZA,04 - At/near private drive,02 - Non-fatal injury,03 - Rear end,01 - Clear,01 - Daylight,01 - Dry,10 - No control,,3,0,0,0,01 - Minimal,1,1,,,,366922.7557,5027674.533,45.38625605,-75.70668109,10359
15--6142,2015/05/07,8:30 AM,TACHE WAY btwn MATHIEU WAY & MATHIEU WAY (__3ZA69D),__3ZA69D,04 - At/near private drive,03 - P.D. only,06 - SMV unattended vehicle,01 - Clear,01 - Daylight,01 - Dry,10 - No control,,1,0,0,0,,0,,,,,384569.6779,5037940.437,45.47683225,-75.47969554,10360
15--6143,2015/05/07,8:33 AM,CENTER ST btwn MONTREAL RD & PAUL AVE (__3ZA8W2),__3ZA8W2,01 - Non intersection,03 - P.D. only,04 - Sideswipe,01 - Clear,01 - Daylight,01 - Dry,10 - No control,,2,0,0,0,,0,,,,,371835.8276,5033911.436,45.44192001,-75.64309874,10361
15--6144,2015/05/07,8:39 PM,BANK ST @ HUNT CLUB RD (0002119),2119,02 - Intersection related,03 - P.D. only,04 - Sideswipe,01 - Clear,05 - Dusk,01 - Dry,01 - Traffic signal,01 - Functioning,2,0,0,0,,0,,,,,371608.7365,5024094.704,45.35361475,-75.64733083,10362