Anom_ID,Accident_Date,Accident_Time,Location,Geo_ID,Accident_Location,Classification_of_Accident,Initial_Impact_Type,Environment_Condition,Light,Road_Surface_Condition,Traffic_Control,Traffic_Control_Condition,No__of_Vehicles,No__of_Bicycles,No__of_Motorcycles,No__of_Pedestrians,Max_Injury,No__of_Injuries,No__of_Minimal,No__of_Minor,No__of_Major,No__of_Fatal,X,Y,Latitude,Longitude,ObjectId
15--6145,2015/05/07,8:56 PM,HUNT CLUB RD @ UPLANDS DR (0010844),10844,03 - At intersection,03 - P.D. only,03 - Rear end,01 - Clear,07 - Dark,01 - Dry,01 - Traffic signal,01 - Functioning,2,0,0,0,,0,,,,,370155.7633,5023120.046,45.34498198,-75.66600171,10363
15--5793,2015/04/28,2:28 PM,RICHMOND RD btwn GOLDEN AVE & BERKLEY AVE (__3ZA305),__3ZA305,01 - Non intersection,03 - P.D. only,06 - SMV unattended vehicle,01 - Clear,01 - Daylight,01 - Dry,10 - No control,,1,0,0,0,,0,,,,,362899.6577,5028055.492,45.39002913,-75.75800745,10364
15--5704,2015/04/24,4:42 PM,HUNTMAR DR btwn PALLADIUM DR & MAPLE GROVE RD (__3ZA1EH),__3ZA1EH,04 - At/near private drive,03 - P.D. only,02 - Angle,01 - Clear,01 - Daylight,01 - Dry,10 - No control,,2,0,0,0,,0,,,,,350237.7255,5016748.634,45.28922343,-75.92074228,10365
15--5433,2015/04/16,11:10 AM,ALBERT ST @ BANK ST (0002115),2115,03 - At intersection,03 - P.D. only,02 - Angle,01 - Clear,01 - Daylight,01 - Dry,01 - Traffic signal,01 - Functioning,2,0,0,0,,0,,,,,367386.2493,5031424.242,45.41995359,-75.70028687,10366
15--6155,2015/05/08,11:41 AM,ALTA VISTA DR btwn SMYTH RD & VALOUR DR (__4O00NK),__4O00NK,01 - Non intersection,02 - Non-fatal injury,03 - Rear end,01 - Clear,01 - Daylight,01 - Dry,10 - No control,,2,0,0,0,01 - Minimal,1,1,,,,370413.2564,5029184.981,45.39952825,-75.66191056,10367
15--6244,2015/05/10,6:51 PM,TERRY FOX DR S @ DIDSBURY RD/CENTRUM KANATA SC (0011820),11820,02 - Intersection related,03 - P.D. only,03 - Rear end,02 - Rain,01 - Daylight,02 - Wet,01 - Traffic signal,01 - Functioning,3,0,0,0,,0,,,,,350622.5661,5018916.169,45.30870254,-75.91563612,10368
15--5794,2015/04/28,2:36 PM,MARTIN ST @ COLONEL MURRAY ST (0000448),448,02 - Intersection related,02 - Non-fatal injury,07 - SMV other,01 - Clear,01 - Daylight,01 - Dry,02 - Stop sign,01 - Functioning,1,0,0,1,02 - Minor,1,,1,,,357125.2841,5006049.84,45.19247411,-75.8340682,10369
15--5614,2015/04/21,6:53 PM,BESSERER ST btwn NELSON ST & FRIEL ST (__3ZA82K),__3ZA82K,04 - At/near private drive,03 - P.D. only,05 - Turning movement,01 - Clear,01 - Daylight,01 - Dry,10 - No control,,2,0,0,0,,0,,,,,368751.106,5032461.985,45.42916739,-75.68271408,10370
15--5705,2015/04/24,4:45 PM,CHESTERTON DR @ MEADOWLANDS DR (0001110),1110,02 - Intersection related,03 - P.D. only,04 - Sideswipe,01 - Clear,01 - Daylight,01 - Dry,01 - Traffic signal,01 - Functioning,2,0,0,0,,0,,,,,365101.7036,5024009.147,45.35343468,-75.73038155,10371
15--5434,2015/04/16,11:33 AM,PLEASANT PARK RD @ ST. LAURENT BLVD (0008363),8363,02 - Intersection related,03 - P.D. only,03 - Rear end,01 - Clear,01 - Daylight,01 - Dry,01 - Traffic signal,01 - Functioning,2,0,0,0,,0,,,,,373596.764,5028795.068,45.3957144,-75.62130615,10372
15--6156,2015/05/08,Unknown,AMBLESIDE DR btwn MCEWEN AVE & NEW ORCHARD AVE (__3ZAZQV),__3ZAZQV,01 - Non intersection,03 - P.D. only,06 - SMV unattended vehicle,01 - Clear,00 - Unknown,01 - Dry,10 - No control,,1,0,0,0,,0,,,,,361246.9276,5026262.902,45.37403472,-75.77931778,10373
15--6245,2015/05/10,7:30 PM,BRONSON AVE btwn FIRST AVE & SECOND AVE (__3ZA3OO),__3ZA3OO,04 - At/near private drive,03 - P.D. only,02 - Angle,01 - Clear,01 - Daylight,01 - Dry,10 - No control,,2,0,0,0,,0,,,,,367499.0768,5029216.743,45.40008108,-75.6991261,10374
15--6246,2015/05/10,8:20 AM,HIGHWAY 417 btwn HWY417 IC115 RAMP51 & HWY417 IC115 RAMP35 (__3ZAZEB),__3ZAZEB,01 - Non intersection,02 - Non-fatal injury,03 - Rear end,01 - Clear,01 - Daylight,01 - Dry,10 - No control,,2,0,0,0,01 - Minimal,2,2,,,,372348.6931,5031484.592,45.42003507,-75.63687657,10375
15--5972,2015/05/03,3:04 AM,BOUNDARY RD @ DEVINE RD (0001671),1671,03 - At intersection,03 - P.D. only,07 - SMV other,01 - Clear,07 - Dark,01 - Dry,02 - Stop sign,01 - Functioning,1,0,0,0,,0,,,,,388361.3241,5021455.717,45.32807535,-75.43399943,10376
15--5615,2015/04/21,7:00 AM,WOODROFFE AVE btwn WOODROFFE AVE & NAVAHO DR (__3ZA2TY),__3ZA2TY,04 - At/near private drive,02 - Non-fatal injury,05 - Turning movement,02 - Rain,01 - Daylight,02 - Wet,10 - No control,,2,0,0,0,02 - Minor,1,,1,,,362577.3186,5023693.521,45.35080724,-75.7626339,10377
15--5706,2015/04/24,4:45 PM,BANK ST btwn EUCLID AVE & SUNNYSIDE AVE (__3ZA3N6),__3ZA3N6,01 - Non intersection,03 - P.D. only,04 - Sideswipe,01 - Clear,01 - Daylight,01 - Dry,10 - No control,,2,0,0,0,,0,,,,,368724.6186,5028605.693,45.39447222,-75.68355266,10378
15--5435,2015/04/16,Unknown,CAHILL DR    W btwn UPLANDS DR & TWYFORD ST (__3ZBN64),__3ZBN64,01 - Non intersection,03 - P.D. only,06 - SMV unattended vehicle,01 - Clear,00 - Unknown,01 - Dry,10 - No control,,1,0,0,0,,0,,,,,370132.7537,5023287.908,45.3464945,-75.66627313,10379
15--6157,2015/05/08,Unknown,GROVEHURST DR btwn OLDFIELD ST & KARENDALE ST (__30LKXM),__30LKXM,01 - Non intersection,03 - P.D. only,06 - SMV unattended vehicle,01 - Clear,00 - Unknown,01 - Dry,10 - No control,,1,0,0,0,,0,,,,,366582.195,5015624.478,45.27786161,-75.71253377,10380
15--6247,2015/05/10,9:47 AM,BRONSON AVE btwn POWELL AVE & CLEMOW AVE (__3ZA3OX),__3ZA3OX,01 - Non intersection,03 - P.D. only,03 - Rear end,01 - Clear,01 - Daylight,01 - Dry,10 - No control,,3,0,0,0,,0,,,,,367392.6982,5029466.13,45.40233451,-75.70045312,10381
15--5973,2015/05/03,3:12 PM,MURRAY ST @ SUSSEX DR (0011912),11912,03 - At intersection,02 - Non-fatal injury,07 - SMV other,01 - Clear,01 - Daylight,01 - Dry,01 - Traffic signal,01 - Functioning,1,0,0,1,02 - Minor,1,,1,,,367707.0185,5032395.72,45.42866585,-75.6960645,10382
15--5795,2015/04/28,2:43 PM,INNES RD @ TENTH LINE RD (0004633),4633,02 - Intersection related,03 - P.D. only,03 - Rear end,01 - Clear,01 - Daylight,01 - Dry,01 - Traffic signal,01 - Functioning,2,0,0,0,,0,,,,,383951.7603,5036159.921,45.46088313,-75.48788462,10383
15--5616,2015/04/21,7:33 PM,JEANNE D'ARC BLVD @ OR174 IC105 RAMP53 (0004156),4156,02 - Intersection related,02 - Non-fatal injury,07 - SMV other,01 - Clear,05 - Dusk,01 - Dry,03 - Yield sign,01 - Functioning,1,0,0,1,02 - Minor,1,,1,,,379544.4785,5036793.613,45.46707002,-75.54413615,10384
15--5707,2015/04/24,5:00 PM,AVIATION PKWY @ OGILVIE RD (0004114),4114,03 - At intersection,03 - P.D. only,05 - Turning movement,01 - Clear,01 - Daylight,01 - Dry,01 - Traffic signal,01 - Functioning,2,0,0,0,,0,,,,,373107.8549,5032377.067,45.42799141,-75.62705352,10385
15--5436,2015/04/16,12:12 PM,TERRY FOX DR @ PALLADIUM DR/KATIMAVIK RD (0011858),11858,02 - Intersection related,03 - P.D. only,03 - Rear end,01 - Clear,01 - Daylight,01 - Dry,01 - Traffic signal,01 - Functioning,2,0,0,0,,0,,,,,351270.6819,5018182.257,45.30205602,-75.90744011,10386
15--6158,2015/05/08,12:28 AM,MCKINLEY DR @ BANCHORY CRES S (0011860),11860,02 - Intersection related,03 - P.D. only,07 - SMV other,01 - Clear,07 - Dark,01 - Dry,02 - Stop sign,00 - Unknown,1,0,0,0,,0,,,,,349982.5156,5023535.225,45.35030742,-75.92337653,10387
15--5437,2015/04/16,12:50 PM,BRONSON AVE @ FIFTH AVE/MADAWASKA DR (0006977),6977,02 - Intersection related,03 - P.D. only,04 - Sideswipe,01 - Clear,01 - Daylight,01 - Dry,01 - Traffic signal,01 - Functioning,2,0,0,0,,0,,,,,367613.4509,5028938.366,45.39756607,-75.69770076,10388
15--6248,2015/05/11,1:40 PM,CARLING AVE @ MAITLAND AVE/SHERBOURNE RD (0002641),2641,02 - Intersection related,03 - P.D. only,03 - Rear end,02 - Rain,01 - Daylight,02 - Wet,01 - Traffic signal,01 - Functioning,2,0,0,0,,0,,,,,362942.6979,5026488.045,45.37592188,-75.75764245,10389
15--5438,2015/04/16,2:33 PM,HUNT CLUB RD btwn TO BE DETERMINED & DUNSTON TER (__6XC21O),__6XC21O,01 - Non intersection,03 - P.D. only,04 - Sideswipe,01 - Clear,01 - Daylight,01 - Dry,10 - No control,,2,0,0,0,,0,,,,,372217.4186,5024429.257,45.35656669,-75.63951758,10390
15--5617,2015/04/21,7:48 AM,CARLING AVE @ RICHARDSON SIDE RD (0011927),11927,02 - Intersection related,03 - P.D. only,03 - Rear end,02 - Rain,01 - Daylight,02 - Wet,02 - Stop sign,01 - Functioning,2,0,0,0,,0,,,,,351834.2465,5022268.204,45.33878479,-75.89986632,10391
15--5708,2015/04/24,5:08 PM,TISCHART CRES btwn DOYON AVE & KEYROCK DR (__6E55Q9),__6E55Q9,01 - Non intersection,03 - P.D. only,06 - SMV unattended vehicle,01 - Clear,01 - Daylight,01 - Dry,10 - No control,,1,0,0,0,,0,,,,,349355.7616,5020580.078,45.32375637,-75.9316409,10392
15--5796,2015/04/28,2:53 PM,CORSHAM AVE btwn VARENNES BLVD & SHEENBORO CRES (__3ZA1YS),__3ZA1YS,04 - At/near private drive,03 - P.D. only,06 - SMV unattended vehicle,01 - Clear,01 - Daylight,01 - Dry,10 - No control,,1,0,0,0,,0,,,,,384921.2451,5038279.832,45.47984554,-75.47514414,10393
15--5974,2015/05/03,3:25 PM,HIGHWAY 417 btwn HWY417 IC129 RAMP76 & HWY417 IC129 RAMP26 (__3ZA2RG),__3ZA2RG,01 - Non intersection,02 - Non-fatal injury,99 - Other,01 - Clear,01 - Daylight,01 - Dry,10 - No control,,2,0,0,0,02 - Minor,1,,1,,,360452.0949,5023556.069,45.34974232,-75.78976978,10394
15--6159,2015/05/08,2:11 PM,ELMRIDGE DR @ ELMSMERE RD (0009515),9515,03 - At intersection,02 - Non-fatal injury,02 - Angle,01 - Clear,01 - Daylight,01 - Dry,02 - Stop sign,01 - Functioning,2,1,0,0,02 - Minor,1,,1,,,375001.6896,5034087.181,45.44319053,-75.60261017,10395
15--5975,2015/05/03,4:21 PM,CARP RD btwn LLOYDALEX CRES & ROTHBOURNE RD (__3ZBOBC),__3ZBOBC,01 - Non intersection,02 - Non-fatal injury,07 - SMV other,01 - Clear,01 - Daylight,01 - Dry,10 - No control,,1,0,0,0,02 - Minor,1,,1,,,348077.5706,5015061.274,45.2741763,-75.9484266,10396
15--6249,2015/05/11,10:56 AM,BASELINE RD btwn NAVAHO DR & DEERFIELD DR (__3ZA4H4),__3ZA4H4,01 - Non intersection,03 - P.D. only,04 - Sideswipe,02 - Rain,01 - Daylight,02 - Wet,10 - No control,,2,0,0,0,,0,,,,,363104.9678,5024109.554,45.354507,-75.75585144,10397
15--5439,2015/04/16,2:45 PM,HIGHWAY 417 btwn HWY417 IC118 RAMP57 & HWY417 IC118 RAMP35 (__3ZA2YQ),__3ZA2YQ,01 - Non intersection,03 - P.D. only,03 - Rear end,01 - Clear,01 - Daylight,01 - Dry,10 - No control,,2,0,0,0,,0,,,,,369446.4788,5031031.646,45.41623382,-75.67401594,10398
15--5709,2015/04/24,5:25 PM,INNES RD @ STONEHENGE CRES W (0009354),9354,02 - Intersection related,02 - Non-fatal injury,03 - Rear end,01 - Clear,01 - Daylight,01 - Dry,01 - Traffic signal,00 - Unknown,3,0,0,0,02 - Minor,1,,1,,,375201.6689,5031216.082,45.41733789,-75.60046462,10399
15--5797,2015/04/28,3:00 PM,DALHOUSIE ST btwn BOTELER ST & BOLTON ST (__3ZA7D8),__3ZA7D8,04 - At/near private drive,03 - P.D. only,06 - SMV unattended vehicle,01 - Clear,01 - Daylight,01 - Dry,10 - No control,,1,0,0,0,,0,,,,,367713.853,5033041.15,45.4344726,-75.69589469,10400
15--616,2015/01/10,1:43 PM,HAIG DR btwn FAIRDALE AVE & CORK ST (__3ZA75C),__3ZA75C,04 - At/near private drive,03 - P.D. only,02 - Angle,01 - Clear,01 - Daylight,02 - Wet,10 - No control,,2,0,0,0,,0,,,,,372387.9002,5028666.007,45.3946709,-75.63676204,10401
15--5976,2015/05/03,4:52 PM,INNES RD @ STONEHENGE CRES E (0009355),9355,02 - Intersection related,03 - P.D. only,03 - Rear end,01 - Clear,01 - Daylight,01 - Dry,01 - Traffic signal,01 - Functioning,2,0,0,0,,0,,,,,375365.6702,5031313.071,45.41819402,-75.59835552,10402
15--5977,2015/05/03,5:00 PM,FRANK ST btwn ELGIN ST & CARTIER ST (__3ZA9TD),__3ZA9TD,01 - Non intersection,03 - P.D. only,06 - SMV unattended vehicle,01 - Clear,01 - Daylight,01 - Dry,10 - No control,,1,0,0,0,,0,,,,,368369.2774,5030894.966,45.41510271,-75.6877955,10403
15--5978,2015/05/03,5:07 PM,INNES RD @ ORLEANS BLVD (0003611),3611,02 - Intersection related,03 - P.D. only,03 - Rear end,01 - Clear,01 - Daylight,01 - Dry,01 - Traffic signal,01 - Functioning,2,0,0,0,,0,,,,,380460.0744,5034295.322,45.44449377,-75.53281316,10404
15--5979,2015/05/03,5:31 PM,MACOUN CIRC btwn Continuation of MACOUN CIRC & Continuation of MACOUN  (__683KOC),__683KOC,01 - Non intersection,03 - P.D. only,06 - SMV unattended vehicle,01 - Clear,01 - Daylight,01 - Dry,10 - No control,,1,0,0,0,,0,,,,,372126.391,5025659.805,45.36764746,-75.64051163,10405
15--598,2015/01/09,8:13 AM,HAZELDEAN RD btwn CARP RD & Continuation of HAZELDEAN RD (__5FCFM4),__5FCFM4,01 - Non intersection,03 - P.D. only,04 - Sideswipe,01 - Clear,01 - Daylight,03 - Loose snow,10 - No control,,2,0,0,0,,0,,,,,348843.1301,5014408.147,45.26825169,-75.93872793,10406
15--5980,2015/05/03,5:39 PM,NAVAN RD @ TENTH LINE RD (0004718),4718,02 - Intersection related,03 - P.D. only,03 - Rear end,01 - Clear,01 - Daylight,01 - Dry,01 - Traffic signal,01 - Functioning,2,0,1,0,,0,,,,,385757.7875,5031834.943,45.4217641,-75.46550609,10407
15--5981,2015/05/03,5:44 PM,FERNBANK RD btwn STITTSVILLE MAIN ST & CHERRY DR (__3ZABCP),__3ZABCP,01 - Non intersection,03 - P.D. only,99 - Other,01 - Clear,01 - Daylight,01 - Dry,10 - No control,,2,0,0,0,,0,,,,,350947.1189,5012175.38,45.24802558,-75.91212409,10408
15--5982,2015/05/03,6:37 PM,TERRY FOX DR @ PALLADIUM DR/KATIMAVIK RD (0011858),11858,02 - Intersection related,03 - P.D. only,03 - Rear end,01 - Clear,01 - Daylight,01 - Dry,01 - Traffic signal,01 - Functioning,2,0,0,0,,0,,,,,351269.718,5018182.257,45.30205609,-75.9074524,10409
15--5983,2015/05/03,7:56 PM,MOODIE DR btwn HADLEY CIRC & TYRRELL PL (__3ZA41X),__3ZA41X,01 - Non intersection,02 - Non-fatal injury,07 - SMV other,01 - Clear,05 - Dusk,01 - Dry,10 - No control,,1,0,1,0,02 - Minor,1,,1,,,357149.299,5020269.416,45.32042306,-75.83226464,10410
15--5984,2015/05/03,8:48 AM,TERMINAL AVE btwn SANDFORD FLEMING AVE & STEAMLINE ST (__6N4TCE),__6N4TCE,01 - Non intersection,03 - P.D. only,07 - SMV other,01 - Clear,01 - Daylight,01 - Dry,10 - No control,,1,0,0,0,,0,,,,,370893.1299,5030834.518,45.41432499,-75.6555606,10411
15--5985,2015/05/03,9:53 PM,LOLA ST @ DONALD ST (0008513),8513,03 - At intersection,03 - P.D. only,05 - Turning movement,01 - Clear,07 - Dark,01 - Dry,01 - Traffic signal,01 - Functioning,2,0,0,0,,0,,,,,371094.726,5032361.03,45.42804083,-75.65277978,10412
15--5986,2015/05/04,10:12 AM,SMYTH RD @ SOUTH HAVEN PL/GENERAL HOSPITAL ENTRANCE W (0007242),7242,03 - At intersection,03 - P.D. only,02 - Angle,01 - Clear,01 - Daylight,01 - Dry,01 - Traffic signal,01 - Functioning,2,0,0,0,,0,,,,,371121.8183,5029137.42,45.39903355,-75.65286736,10413
15--5987,2015/05/04,10:25 AM,BEAUSEJOUR DR btwn AUTUMN RIDGE DR & AUTUMN RIDGE DR (__3ZA5QW),__3ZA5QW,04 - At/near private drive,03 - P.D. only,99 - Other,01 - Clear,01 - Daylight,01 - Dry,10 - No control,,2,0,0,0,,0,,,,,380444.3722,5035782.011,45.45787155,-75.53278523,10414
15--5988,2015/05/04,10:30 AM,BIRCH AVE EXT./ROCKCLIFFE PKWY @ ROCKCLIFFE PK (0008782),8782,02 - Intersection related,03 - P.D. only,04 - Sideswipe,01 - Clear,01 - Daylight,01 - Dry,02 - Stop sign,00 - Unknown,2,0,0,0,,0,,,,,370128.0521,5035713.643,45.45829715,-75.66468708,10415
15--5989,2015/05/04,Unknown,BELL ST    N btwn ECCLES ST & CHRISTIE ST (__3ZBOMW),__3ZBOMW,01 - Non intersection,03 - P.D. only,06 - SMV unattended vehicle,01 - Clear,00 - Unknown,01 - Dry,10 - No control,,1,0,0,0,,0,,,,,366854.13,5030178.442,45.40879164,-75.70724238,10416
15--5618,2015/04/21,8:20 AM,LAURIER AVE @ NICHOLAS ST (0010711),10711,02 - Intersection related,03 - P.D. only,03 - Rear end,02 - Rain,01 - Daylight,02 - Wet,01 - Traffic signal,01 - Functioning,2,0,0,0,,0,,,,,368373.637,5031798.63,45.42323317,-75.68762321,10417
15--599,2015/01/09,8:15 AM,HWY417 IC130 RAMP61 btwn HWY417 IC130 RAMP66 & RAMP (__3ZAY7M),__3ZAY7M,01 - Non intersection,03 - P.D. only,07 - SMV other,01 - Clear,01 - Daylight,03 - Loose snow,10 - No control,,1,0,0,0,,0,,,,,359607.6366,5023145.125,45.34611115,-75.80059146,10418
15--5990,2015/05/04,Unknown,FLEMING AVE btwn FIFE CRES & FIFE CRES (__3ZA73E),__3ZA73E,01 - Non intersection,03 - P.D. only,06 - SMV unattended vehicle,01 - Clear,00 - Unknown,01 - Dry,10 - No control,,1,0,0,0,,0,,,,,372614.2545,5028282.152,45.39119525,-75.63392412,10419
15--5991,2015/05/04,12:01 AM,PROVEN LINE RD btwn PAAUW RD & KLONDIKE RD W (__3ZABAP),__3ZABAP,01 - Non intersection,02 - Non-fatal injury,07 - SMV other,01 - Clear,07 - Dark,01 - Dry,10 - No control,,1,0,0,0,02 - Minor,1,,1,,,360815.4128,4997708.448,45.11713242,-75.78804357,10420
15--5992,2015/05/04,12:10 PM,GLADSTONE AVE btwn LYON ST N & KENT ST (__3ZA3P2),__3ZA3P2,01 - Non intersection,03 - P.D. only,04 - Sideswipe,01 - Clear,01 - Daylight,01 - Dry,10 - No control,,2,0,0,0,,0,,,,,367598.1713,5030370.728,45.41045541,-75.69771349,10421
15--5993,2015/05/04,12:27 PM,PRINCE OF WALES DR @ WEST HUNT CLUB RD (0000567),567,02 - Intersection related,03 - P.D. only,03 - Rear end,01 - Clear,01 - Daylight,01 - Dry,01 - Traffic signal,01 - Functioning,2,0,0,0,,0,,,,,367457.9896,5021891.864,45.3341772,-75.70057982,10422
15--5994,2015/05/04,2:00 PM,DONALD ST @ ST. LAURENT BLVD (0008630),8630,02 - Intersection related,03 - P.D. only,03 - Rear end,01 - Clear,01 - Daylight,01 - Dry,01 - Traffic signal,01 - Functioning,2,0,0,0,,0,,,,,372091.5507,5032472.225,45.42894611,-75.64002699,10423
15--5995,2015/05/04,2:26 PM,CARP RD btwn WESTBROOK RD & LLOYDALEX CRES (__3ZA3DZ),__3ZA3DZ,01 - Non intersection,03 - P.D. only,05 - Turning movement,01 - Clear,01 - Daylight,01 - Dry,10 - No control,,2,0,0,0,,0,,,,,347835.8784,5015333.043,45.27663661,-75.95148327,10424
15--5996,2015/05/04,2:35 PM,HIGHWAY 417 btwn HWY417 IC110 RAMP55 & HWY417 IC110 RAMP65 (__3ZA28Z),__3ZA28Z,01 - Non intersection,03 - P.D. only,99 - Other,01 - Clear,01 - Daylight,01 - Dry,10 - No control,,2,0,0,0,,0,,,,,375806.7648,5028970.845,45.39707533,-75.59305753,10425
15--5997,2015/05/04,3:05 PM,MAITLAND AVE btwn CARLING AVE & DUNCAN PL (__3ZA4JY),__3ZA4JY,01 - Non intersection,02 - Non-fatal injury,03 - Rear end,02 - Rain,01 - Daylight,02 - Wet,10 - No control,,2,0,0,0,01 - Minimal,1,1,,,,362953.5087,5026460.059,45.37566917,-75.75750772,10426
15--5998,2015/05/04,3:22 AM,HAWTHORNE RD @ HUNT CLUB RD (0007651),7651,03 - At intersection,02 - Non-fatal injury,02 - Angle,01 - Clear,07 - Dark,01 - Dry,01 - Traffic signal,01 - Functioning,2,0,0,0,02 - Minor,1,,1,,,375509.6776,5026407.011,45.37403731,-75.59721892,10427
15--5999,2015/05/04,3:28 PM,ALTA VISTA DR btwn AYERS AVE & RIDGEMONT AVE (__3ZBORT),__3ZBORT,01 - Non intersection,03 - P.D. only,04 - Sideswipe,02 - Rain,01 - Daylight,02 - Wet,10 - No control,,2,0,0,0,,0,,,,,370517.7231,5026652.802,45.3767348,-75.66091352,10428
15--60,2015/01/03,1:00 PM,BANK ST @ ROSEBELLA AVE (0009238),9238,02 - Intersection related,03 - P.D. only,03 - Rear end,01 - Clear,01 - Daylight,01 - Dry,01 - Traffic signal,01 - Functioning,2,0,0,0,,0,,,,,373205.7431,5023550.032,45.34856003,-75.62702619,10429
15--600,2015/01/09,8:18 AM,MEADOWLANDS DR btwn KINTYRE PRIV & APELDOORN AVE (__3ZA4IY),__3ZA4IY,01 - Non intersection,03 - P.D. only,06 - SMV unattended vehicle,03 - Snow,01 - Daylight,04 - Slush,10 - No control,,1,0,0,0,,0,,,,,366832.1831,5025208.679,45.36407689,-75.70814734,10430
15--6000,2015/05/04,3:28 PM,INDUSTRIAL AVE/INNES RD @ ST. LAURENT BLVD (0002203),2203,03 - At intersection,03 - P.D. only,04 - Sideswipe,01 - Clear,01 - Daylight,01 - Dry,01 - Traffic signal,01 - Functioning,2,0,0,0,,0,,,,,373099.7274,5030005.206,45.40665134,-75.62748613,10431
15--6001,2015/05/04,4:16 PM,HALIFAX DR btwn DAKOTA AVE & WALKLEY RD (__3ZA7Q7),__3ZA7Q7,01 - Non intersection,03 - P.D. only,04 - Sideswipe,02 - Rain,01 - Daylight,02 - Wet,10 - No control,,2,0,0,0,,0,,,,,373605.9967,5027935.281,45.38797752,-75.62130813,10432
15--6002,2015/05/04,4:19 PM,GREENBANK RD @ BELLMAN DR/BATEMAN DR (0000153),153,03 - At intersection,03 - P.D. only,02 - Angle,01 - Clear,01 - Daylight,01 - Dry,01 - Traffic signal,01 - Functioning,2,0,0,0,,0,,,,,361257.6394,5021016.043,45.32682284,-75.77978007,10433
15--6003,2015/05/04,4:42 PM,BRONSON AVE btwn BREWER WAY & RIVERSIDE DR RAMPS 34B & 42A-3 (__3ZA3BR),__3ZA3BR,01 - Non intersection,03 - P.D. only,03 - Rear end,02 - Rain,01 - Daylight,02 - Wet,10 - No control,,2,0,0,0,,0,,,,,368116.2543,5027755.265,45.38687558,-75.69143105,10434
15--6004,2015/05/04,4:54 AM,GARRITY CRES btwn BALINROAN CRES & LEAMINGTON WAY (__737LZ8),__737LZ8,01 - Non intersection,03 - P.D. only,06 - SMV unattended vehicle,01 - Clear,03 - Dawn,01 - Dry,10 - No control,,1,0,0,0,,0,,,,,365044.443,5014288.215,45.26597138,-75.73229405,10435
15--6005,2015/05/04,5:06 PM,HWY 417 MAITLAND IC126R26/62 @ MAITLAND AVE (0008228),8228,03 - At intersection,02 - Non-fatal injury,05 - Turning movement,02 - Rain,01 - Daylight,02 - Wet,01 - Traffic signal,01 - Functioning,2,0,0,0,01 - Minimal,2,2,,,,363145.5287,5025983.78,45.37136771,-75.75511252,10436
15--6006,2015/05/04,5:10 PM,STAR TOP RD btwn Continuation of STAR TOP RD & INNES RD (__3ZBN0V),__3ZBN0V,04 - At/near private drive,03 - P.D. only,02 - Angle,02 - Rain,01 - Daylight,02 - Wet,10 - No control,,2,0,0,0,,0,,,,,374113.027,5030752.826,45.41327844,-75.61443787,10437
15--6007,2015/05/04,5:17 PM,RIVERSIDE DR btwn GARDENVIEW PRIV & WALKLEY RD (__3ZA2FG),__3ZA2FG,01 - Non intersection,03 - P.D. only,03 - Rear end,01 - Clear,01 - Daylight,01 - Dry,10 - No control,,2,0,0,0,,0,,,,,368404.507,5024805.457,45.36030789,-75.68813022,10438
15--6008,2015/05/04,5:27 PM,REGIONAL ROAD 174 EB btwn HWY417 IC113 RAMP65 & OR174 BLAIR IC112 RAMP51 (__3ZAZFJ),__3ZAZFJ,01 - Non intersection,03 - P.D. only,03 - Rear end,02 - Rain,01 - Daylight,02 - Wet,10 - No control,,2,0,0,0,,0,,,,,374775.3413,5032798.222,45.43161589,-75.60568647,10439
15--6009,2015/05/04,5:30 PM,BRONSON AVE @ BRONSON AVE SB ON RAMP 43 (0011236),11236,02 - Intersection related,03 - P.D. only,03 - Rear end,02 - Rain,01 - Daylight,02 - Wet,03 - Yield sign,01 - Functioning,2,0,0,0,,0,,,,,367796.3742,5028318.794,45.3919749,-75.69544368,10440
15--601,2015/01/09,8:20 AM,CLYDE AVE btwn CLYDE AVE & STARWOOD RD (__3ZA2TX),__3ZA2TX,04 - At/near private drive,03 - P.D. only,05 - Turning movement,01 - Clear,01 - Daylight,04 - Slush,10 - No control,,2,0,0,0,,0,,,,,364435.4299,5024708.435,45.35978376,-75.73879994,10441
15--6010,2015/05/04,5:58 PM,CYRVILLE RD btwn STAR TOP RD & MEADOWBROOK RD (__3ZA3SN),__3ZA3SN,04 - At/near private drive,02 - Non-fatal injury,02 - Angle,02 - Rain,01 - Daylight,02 - Wet,10 - No control,,2,0,0,0,01 - Minimal,1,1,,,,374597.9257,5031253.64,45.4177363,-75.6081725,10442
15--6011,2015/05/04,6:00 PM,PRESLAND RD btwn NAUGHTON ST & FRANCES ST (__3ZA8HL),__3ZA8HL,01 - Non intersection,03 - P.D. only,06 - SMV unattended vehicle,02 - Rain,01 - Daylight,02 - Wet,10 - No control,,1,0,0,0,,0,,,,,371444.2625,5031916.083,45.42400417,-75.64837354,10443
15--6012,2015/05/04,6:20 PM,GREENBANK RD btwn LARKIN DR & MALVERN DR (__3ZA4KJ),__3ZA4KJ,04 - At/near private drive,02 - Non-fatal injury,05 - Turning movement,02 - Rain,01 - Daylight,02 - Wet,10 - No control,,2,0,0,0,01 - Minimal,1,1,,,,363243.1839,5016361.393,45.28477787,-75.75500179,10444
15--6013,2015/05/04,6:40 AM,MARCH RD @ HOWIE RD (0010823),10823,03 - At intersection,02 - Non-fatal injury,01 - Approaching,01 - Clear,01 - Daylight,01 - Dry,02 - Stop sign,00 - Unknown,2,0,0,0,02 - Minor,1,,1,,,337025.2213,5017131.279,45.29339672,-76.0891503,10445