Anom_ID,Accident_Date,Accident_Time,Location,Geo_ID,Accident_Location,Classification_of_Accident,Initial_Impact_Type,Environment_Condition,Light,Road_Surface_Condition,Traffic_Control,Traffic_Control_Condition,No__of_Vehicles,No__of_Bicycles,No__of_Motorcycles,No__of_Pedestrians,Max_Injury,No__of_Injuries,No__of_Minimal,No__of_Minor,No__of_Major,No__of_Fatal,X,Y,Latitude,Longitude,ObjectId
15--6014,2015/05/04,6:51 AM,CONROY RD @ ST. LAURENT BLVD (0011390),11390,03 - At intersection,02 - Non-fatal injury,05 - Turning movement,01 - Clear,01 - Daylight,01 - Dry,01 - Traffic signal,01 - Functioning,2,1,0,0,02 - Minor,1,,1,,,373070.6882,5027158.942,45.38104474,-75.6282509,10446
15--6015,2015/05/04,6:55 PM,CARLING AVE @ CARLING RMP 56 (0002392),2392,02 - Intersection related,03 - P.D. only,03 - Rear end,01 - Clear,01 - Daylight,01 - Dry,10 - No control,,2,0,0,0,,0,,,,,360875.5258,5025163.255,45.36416999,-75.78418408,10447
15--6016,2015/05/04,7:00 PM,CARLING AVE @ FAIRLAWN AVE/WOODROFFE AVE E (0002393),2393,02 - Intersection related,03 - P.D. only,07 - SMV other,02 - Rain,01 - Daylight,02 - Wet,01 - Traffic signal,01 - Functioning,1,0,0,0,,0,,,,,361934.6841,5025830.528,45.37008852,-75.77058762,10448
15--6017,2015/05/04,7:06 PM,KING EDWARD AVE @ ST. PATRICK ST (0002714),2714,02 - Intersection related,03 - P.D. only,04 - Sideswipe,02 - Rain,01 - Daylight,02 - Wet,01 - Traffic signal,01 - Functioning,2,0,0,0,,0,,,,,368248.7013,5032821.179,45.43244505,-75.6890878,10449
15--6018,2015/05/04,7:29 PM,COLDREY AVE @ KIRKWOOD AVE (0006736),6736,03 - At intersection,03 - P.D. only,02 - Angle,02 - Rain,01 - Daylight,02 - Wet,01 - Traffic signal,01 - Functioning,2,0,0,0,,0,,,,,364438.6955,5027137.022,45.38163553,-75.73846505,10450
15--6019,2015/05/04,7:47 AM,BANK ST @ RIVERSIDE DR N (0010778),10778,03 - At intersection,02 - Non-fatal injury,02 - Angle,01 - Clear,01 - Daylight,01 - Dry,01 - Traffic signal,01 - Functioning,2,0,0,0,02 - Minor,1,,1,,,369225.7159,5027983.906,45.38883165,-75.67723448,10451
15--602,2015/01/09,8:33 AM,LEGGET DR @ TERRY FOX DR (0011817),11817,02 - Intersection related,03 - P.D. only,03 - Rear end,03 - Snow,01 - Daylight,06 - Ice,02 - Stop sign,00 - Unknown,2,0,0,0,,0,,,,,350174.4593,5023446.15,45.34949352,-75.92093522,10452
15--6020,2015/05/04,8:37 AM,LOVITT RD @ RICHMOND RD (0002050),2050,03 - At intersection,03 - P.D. only,03 - Rear end,01 - Clear,01 - Daylight,01 - Dry,02 - Stop sign,01 - Functioning,3,0,0,0,,0,,,,,359666.9602,5023803.655,45.35203196,-75.79976141,10453
15--6021,2015/05/04,8:46 PM,KEMP DR btwn MELVA AVE & ROBERT KEMP ST (__3ZA8NF),__3ZA8NF,01 - Non intersection,03 - P.D. only,07 - SMV other,02 - Rain,05 - Dusk,02 - Wet,10 - No control,,1,0,0,0,,0,,,,,374989.1418,5022147.244,45.33576212,-75.60446877,10454
15--6022,2015/05/04,9:30 AM,CORDOVA ST @ WITHROW AVE (0001412),1412,03 - At intersection,03 - P.D. only,02 - Angle,01 - Clear,01 - Daylight,01 - Dry,02 - Stop sign,01 - Functioning,2,0,0,0,,0,,,,,363961.4047,5023806.636,45.35170964,-75.7449579,10455
15--6023,2015/05/04,9:35 AM,BELFAST RD @ ST. LAURENT BLVD (0007658),7658,02 - Intersection related,02 - Non-fatal injury,03 - Rear end,01 - Clear,01 - Daylight,01 - Dry,01 - Traffic signal,01 - Functioning,2,0,0,0,01 - Minimal,1,1,,,,372860.0034,5030577.571,45.41182456,-75.63046917,10456
15--6024,2015/05/04,9:59 AM,ST. JOSEPH BLVD @ JEANNE D'ARC BLVD (0012421),12421,03 - At intersection,03 - P.D. only,02 - Angle,01 - Clear,01 - Daylight,01 - Dry,11 - Roundabout,01 - Functioning,2,0,0,0,,0,,,,,379859.7786,5036471.099,45.46413448,-75.54015378,10457
15--6025,2015/05/05,1:43 PM,STITTSVILLE MAIN ST @ HAZELDEAN RD (0000050),50,02 - Intersection related,02 - Non-fatal injury,03 - Rear end,01 - Clear,01 - Daylight,01 - Dry,01 - Traffic signal,01 - Functioning,2,0,0,0,01 - Minimal,1,1,,,,349558.3981,5014877.271,45.27242787,-75.92957094,10458
15--6026,2015/05/05,1:56 PM,INGERSOLL CRES btwn HUNTSVILLE DR & INGERSOLL CRES (__6FWVH1),__6FWVH1,04 - At/near private drive,03 - P.D. only,06 - SMV unattended vehicle,01 - Clear,01 - Daylight,01 - Dry,10 - No control,,1,0,0,0,,0,,,,,349226.509,5019413.992,45.3132718,-75.93339417,10459
15--6027,2015/05/05,10:15 PM,DALHOUSIE ST btwn CATHCART ST & BRUYERE ST (__3ZA7CW),__3ZA7CW,01 - Non intersection,03 - P.D. only,06 - SMV unattended vehicle,01 - Clear,07 - Dark,01 - Dry,10 - No control,,1,0,0,0,,0,,,,,367821.2664,5032862.985,45.43285986,-75.69454478,10460
15--6028,2015/05/05,11:50 AM,HAZELDEAN RD @ HUNTMAR DR/IBER RD (0000075),75,02 - Intersection related,03 - P.D. only,03 - Rear end,01 - Clear,01 - Daylight,01 - Dry,01 - Traffic signal,01 - Functioning,2,0,0,0,,0,,,,,350940.6702,5016078.95,45.28315162,-75.91184362,10461
15--6029,2015/05/05,11:55 AM,ST. JOSEPH BLVD btwn COUSINEAU ST & DUSSERE ST (__3ZA2AL),__3ZA2AL,04 - At/near private drive,02 - Non-fatal injury,05 - Turning movement,01 - Clear,01 - Daylight,01 - Dry,10 - No control,,2,0,0,0,01 - Minimal,1,1,,,,380755.2257,5037060.127,45.46933729,-75.52861364,10462
15--603,2015/01/09,8:40 AM,FALLOWFIELD RD btwn EAGLESON RD & RICHMOND RD (__3ZA4Y2),__3ZA4Y2,01 - Non intersection,03 - P.D. only,07 - SMV other,03 - Snow,01 - Daylight,06 - Ice,10 - No control,,1,0,0,0,,0,,,,,357374.3264,5013327.167,45.25793883,-75.83013026,10463
15--6030,2015/05/05,12:27 PM,HIGHWAY 417 btwn HWY417 IC131 RAMP66 & HWY417 IC130 RAMP26 (__3ZA29A),__3ZA29A,01 - Non intersection,03 - P.D. only,07 - SMV other,01 - Clear,01 - Daylight,01 - Dry,10 - No control,,1,0,0,0,,0,,,,,358941.8927,5023044.211,45.34525483,-75.80909754,10464
15--6031,2015/05/05,12:46 PM,HAWTHORNE RD @ HUNT CLUB RD (0007651),7651,02 - Intersection related,02 - Non-fatal injury,03 - Rear end,01 - Clear,01 - Daylight,01 - Dry,01 - Traffic signal,01 - Functioning,2,0,0,0,01 - Minimal,1,1,,,,375508.4706,5026406.169,45.37402985,-75.59723445,10465
15--6032,2015/05/05,12:50 PM,MERIVALE RD/LOTTA AVE @ CLYDE AVE (0001112),1112,02 - Intersection related,03 - P.D. only,03 - Rear end,01 - Clear,01 - Daylight,01 - Dry,01 - Traffic signal,01 - Functioning,2,0,0,0,,0,,,,,364521.2158,5024508.292,45.3579756,-75.73772923,10466
15--6033,2015/05/05,2:05 PM,METCALFE ST @ SOMERSET ST (0002689),2689,02 - Intersection related,02 - Non-fatal injury,03 - Rear end,01 - Clear,01 - Daylight,01 - Dry,01 - Traffic signal,01 - Functioning,2,0,0,0,02 - Minor,2,1,1,,,368010.4485,5031104.833,45.41702353,-75.69235276,10467
15--6034,2015/05/05,2:53 PM,GREENBANK RD @ STRANDHERD DR (0005563),5563,03 - At intersection,03 - P.D. only,05 - Turning movement,01 - Clear,01 - Daylight,01 - Dry,01 - Traffic signal,01 - Functioning,2,0,0,0,,0,,,,,363934.6478,5014782.971,45.27051739,-75.74637623,10468
15--6035,2015/05/05,2:56 PM,SECOND AVE btwn LYON ST S & BANK ST (__3ZA92B),__3ZA92B,04 - At/near private drive,03 - P.D. only,06 - SMV unattended vehicle,01 - Clear,01 - Daylight,01 - Dry,10 - No control,,1,0,0,0,,0,,,,,368267.5072,5029603.695,45.40349351,-75.6892619,10469
15--6036,2015/05/05,3:10 PM,HIGHWAY 417 btwn HWY417 IC120A RAMP52 & HWY417 IC119B RAMP57 (__3ZA2R1),__3ZA2R1,01 - Non intersection,03 - P.D. only,04 - Sideswipe,01 - Clear,01 - Daylight,01 - Dry,10 - No control,,2,0,0,0,,0,,,,,368064.2541,5030180.929,45.40870568,-75.69178394,10470
15--6037,2015/05/05,3:30 PM,MELFA CRES btwn PRINCE OF WALES DR & MINAKI AVE (1) (__3ZA9X2),__3ZA9X2,04 - At/near private drive,03 - P.D. only,06 - SMV unattended vehicle,01 - Clear,01 - Daylight,01 - Dry,10 - No control,,1,0,0,0,,0,,,,,367498.1334,5025234.297,45.36424814,-75.69964393,10471
15--6038,2015/05/05,3:39 PM,STITTSVILLE MAIN ST @ HAZELDEAN RD (0000050),50,02 - Intersection related,03 - P.D. only,03 - Rear end,01 - Clear,01 - Daylight,01 - Dry,01 - Traffic signal,01 - Functioning,2,0,0,0,,0,,,,,349558.3981,5014880.163,45.2724539,-75.92957068,10472
15--6039,2015/05/05,3:55 PM,MONTREAL RD btwn BURMA RD & MONTREAL RD (__3ZA2D6),__3ZA2D6,01 - Non intersection,03 - P.D. only,04 - Sideswipe,01 - Clear,01 - Daylight,01 - Dry,10 - No control,,2,0,0,0,,0,,,,,373916.4164,5034449.721,45.4465606,-75.61643065,10473
15--604,2015/01/09,8:40 PM,HIGHWAY 417 btwn Continuation of HIGHWAY 417 & HWY417 IC134 RAMP51 (__3ZA29B),__3ZA29B,01 - Non intersection,03 - P.D. only,07 - SMV other,00 - Unknown,07 - Dark,03 - Loose snow,10 - No control,,1,0,0,0,,0,,,,,354671.8463,5021217.548,45.32913487,-75.863768,10474
15--6040,2015/05/05,4:20 PM,MAITLAND AVE @ WOODWARD DR (0003185),3185,02 - Intersection related,03 - P.D. only,03 - Rear end,01 - Clear,01 - Daylight,01 - Dry,01 - Traffic signal,01 - Functioning,2,0,0,0,,0,,,,,363274.6585,5025662.045,45.36846201,-75.75350217,10475
15--6041,2015/05/05,4:20 PM,PRESTON ST btwn BALSAM ST & GLADSTONE AVE (__3ZA31R),__3ZA31R,04 - At/near private drive,03 - P.D. only,02 - Angle,01 - Clear,01 - Daylight,01 - Dry,10 - No control,,2,1,0,0,,0,,,,,366476.0776,5029742.141,45.40489934,-75.71212621,10476
15--6042,2015/05/05,4:40 PM,RIVERSIDE DR NB btwn INDUSTRIAL AVE & TREMBLAY RD (__3ZA4SE),__3ZA4SE,01 - Non intersection,03 - P.D. only,04 - Sideswipe,01 - Clear,01 - Daylight,01 - Dry,10 - No control,,2,0,0,0,,0,,,,,370802.0781,5030963.378,45.41549301,-75.65670654,10477
15--6043,2015/05/05,4:45 PM,SMYTH RD @ BOTSFORD ST/DAUPHIN RD (0007211),7211,02 - Intersection related,03 - P.D. only,04 - Sideswipe,01 - Clear,01 - Daylight,01 - Dry,01 - Traffic signal,01 - Functioning,2,0,0,0,,0,,,,,372243.9455,5029262.001,45.40004728,-75.63851895,10478
15--6044,2015/05/05,5:18 PM,HUNT CLUB RD @ UPLANDS DR (0010844),10844,02 - Intersection related,02 - Non-fatal injury,03 - Rear end,01 - Clear,01 - Daylight,01 - Dry,01 - Traffic signal,00 - Unknown,3,0,0,0,02 - Minor,1,,1,,,370154.7995,5023121.974,45.34499942,-75.66601375,10479
15--6045,2015/05/05,5:26 PM,GREENBANK RD @ 220 N OF STRANDHERD DR (0010452),10452,02 - Intersection related,03 - P.D. only,03 - Rear end,01 - Clear,01 - Daylight,01 - Dry,01 - Traffic signal,00 - Unknown,2,0,0,0,,0,,,,,363845.1556,5014987.889,45.27236876,-75.74749227,10480
15--6046,2015/05/05,5:27 PM,CARLING AVE @ KIRKWOOD AVE S (0002209),2209,03 - At intersection,03 - P.D. only,05 - Turning movement,01 - Clear,01 - Daylight,01 - Dry,01 - Traffic signal,01 - Functioning,2,0,0,0,,0,,,,,364353.1419,5027337.909,45.38345036,-75.73953317,10481
15--6047,2015/05/05,6:02 PM,BESSERER ST @ CHARLOTTE ST (0008425),8425,03 - At intersection,03 - P.D. only,02 - Angle,01 - Clear,01 - Daylight,01 - Dry,02 - Stop sign,01 - Functioning,2,0,0,0,,0,,,,,369293.626,5032791.356,45.43208113,-75.67573833,10482
15--6048,2015/05/05,6:03 PM,MONTREAL RD btwn RIDEAU ST & NORTH RIVER RD (__3ZA3UA),__3ZA3UA,01 - Non intersection,03 - P.D. only,04 - Sideswipe,01 - Clear,01 - Daylight,01 - Dry,10 - No control,,2,0,0,0,,0,,,,,369714.1837,5032894.237,45.4329679,-75.67035039,10483
15--6049,2015/05/05,6:20 PM,INNES RD btwn 298 E OF WILDFLOWER DR & LANTHIER DR/PRESTWICK DR (__3ZA3Y4B),__3ZA3Y4B,01 - Non intersection,03 - P.D. only,03 - Rear end,01 - Clear,01 - Daylight,01 - Dry,10 - No control,,2,0,0,0,,0,,,,,383515.329,5035971.999,45.45924168,-75.49349449,10484
15--605,2015/01/09,8:46 AM,FERNBANK RD @ JINKINSON RD (0005435),5435,02 - Intersection related,03 - P.D. only,07 - SMV other,03 - Snow,01 - Daylight,04 - Slush,02 - Stop sign,01 - Functioning,1,0,0,0,,0,,,,,345895.2254,5007662,45.20772509,-75.97685084,10485
15--6050,2015/05/05,6:27 PM,BOISFRANC CIRC @ BRIAN COBURN BLVD (0013757),13757,02 - Intersection related,02 - Non-fatal injury,03 - Rear end,01 - Clear,01 - Daylight,01 - Dry,02 - Stop sign,01 - Functioning,2,0,0,0,02 - Minor,2,,2,,,385410.743,5035431.659,45.45416411,-75.46935097,10486
15--6051,2015/05/05,6:30 PM,FORTUNE DR btwn STE. THERESE LANE & ST. DUNSTANS PL (__3ZA68J),__3ZA68J,04 - At/near private drive,03 - P.D. only,06 - SMV unattended vehicle,01 - Clear,01 - Daylight,01 - Dry,10 - No control,,1,0,0,0,,0,,,,,379878.7119,5037404.786,45.47253304,-75.53976906,10487
15--6052,2015/05/05,6:35 PM,BOURASSA ST @ ST. LAURENT BLVD (0007731),7731,02 - Intersection related,02 - Non-fatal injury,07 - SMV other,01 - Clear,01 - Daylight,01 - Dry,01 - Traffic signal,01 - Functioning,1,0,0,1,02 - Minor,1,,1,,,373237.6959,5029693.075,45.40382945,-75.62576714,10488
15--6053,2015/05/05,7:01 PM,MERIVALE RD/LOTTA AVE @ CLYDE AVE (0001112),1112,02 - Intersection related,03 - P.D. only,04 - Sideswipe,01 - Clear,01 - Daylight,01 - Dry,01 - Traffic signal,01 - Functioning,2,0,0,0,,0,,,,,364522.6622,5024505.116,45.3579469,-75.73771116,10489
15--6054,2015/05/05,7:04 PM,LONGFIELDS DR @ VIA CAMPANALE AVE (0015386),15386,03 - At intersection,02 - Non-fatal injury,01 - Approaching,01 - Clear,01 - Daylight,01 - Dry,02 - Stop sign,01 - Functioning,2,0,0,0,02 - Minor,1,,1,,,364035.3282,5016248.2,45.28369305,-75.7449184,10490
15--6055,2015/05/05,7:24 AM,INNES RD btwn INNES RD & PAGE RD (__3ZA3JY),__3ZA3JY,01 - Non intersection,03 - P.D. only,03 - Rear end,01 - Clear,01 - Daylight,01 - Dry,10 - No control,,3,0,0,0,,0,,,,,380719.6081,5034452.673,45.44588136,-75.52947165,10491
15--625,2015/01/10,10:37 AM,STONEHAVEN DR @ HARNESS LANE/BLUEMEADOW WAY (0004046),4046,03 - At intersection,03 - P.D. only,02 - Angle,01 - Clear,01 - Daylight,02 - Wet,01 - Traffic signal,01 - Functioning,2,0,0,0,,0,,,,,354572.7258,5016744.792,45.28889522,-75.86548166,10492
15--544,2015/01/09,12:20 AM,4TH LINE RD btwn DALMENY RD & DALMENY RD (__3ZA7JH),__3ZA7JH,01 - Non intersection,02 - Non-fatal injury,07 - SMV other,03 - Snow,07 - Dark,05 - Packed snow,10 - No control,,1,0,0,0,02 - Minor,1,,1,,,380942.1259,5001242.929,45.1470537,-75.53172659,10493
15--571,2015/01/09,5:45 PM,MARCH RD btwn CORKSTOWN RD & HWY417 IC138 RAMP62 (__3ZA417),__3ZA417,01 - Non intersection,03 - P.D. only,03 - Rear end,03 - Snow,07 - Dark,05 - Packed snow,10 - No control,,2,0,0,0,,0,,,,,352712.4683,5020758.394,45.32513981,-75.88880742,10494
15--6160,2015/05/08,2:15 AM,BANK ST @ CECIL AVE (0002601),2601,02 - Intersection related,03 - P.D. only,04 - Sideswipe,01 - Clear,07 - Dark,01 - Dry,02 - Stop sign,00 - Unknown,2,0,0,0,,0,,,,,369943.7485,5026989.064,45.37981398,-75.66819691,10495
15--5710,2015/04/24,5:56 PM,MER BLEUE RD btwn 210 S OF INNES RD & INNES RD (__3ZA2S1A),__3ZA2S1A,04 - At/near private drive,03 - P.D. only,07 - SMV other,01 - Clear,01 - Daylight,01 - Dry,10 - No control,,1,0,0,0,,0,,,,,382686.508,5035484.848,45.4549516,-75.50416788,10496
15--5711,2015/04/24,6:08 PM,INNES RD @ WILDFLOWER DR (0012871),12871,02 - Intersection related,03 - P.D. only,03 - Rear end,01 - Clear,01 - Daylight,01 - Dry,01 - Traffic signal,00 - Unknown,2,0,0,0,,0,,,,,382937.7191,5035688.146,45.45675265,-75.50092416,10497
15--5712,2015/04/24,6:30 PM,MEADOWLANDS DR @ MERIVALE RD (0000625),625,03 - At intersection,03 - P.D. only,05 - Turning movement,01 - Clear,05 - Dusk,01 - Dry,01 - Traffic signal,01 - Functioning,2,0,0,0,,0,,,,,364858.6999,5023725.028,45.35089907,-75.73351718,10498
15--5713,2015/04/24,6:42 PM,NIXON DR btwn SNAKE ISLAND RD & CABIN RD (__3ZA72K),__3ZA72K,01 - Non intersection,03 - P.D. only,07 - SMV other,01 - Clear,01 - Daylight,01 - Dry,10 - No control,,1,0,0,0,,0,,,,,373568.6778,5002502.206,45.15914102,-75.62530734,10499
15--5714,2015/04/24,6:44 AM,MAGLADRY RD btwn RUISSELLET RD & BIRCHGROVE RD (__3ZBO7H),__3ZBO7H,01 - Non intersection,03 - P.D. only,07 - SMV other,01 - Clear,01 - Daylight,01 - Dry,10 - No control,,1,0,0,0,,0,,,,,398075.0392,5031961.647,45.42137027,-75.30812193,10500
15--5715,2015/04/24,6:54 PM,REGIONAL ROAD 174 btwn OR174 IC109 RAMP56 & OR174 IC109 RAMP86 (__3ZA28W),__3ZA28W,01 - Non intersection,03 - P.D. only,03 - Rear end,01 - Clear,01 - Daylight,01 - Dry,10 - No control,,2,0,0,0,,0,,,,,376380.1883,5034831.888,45.44975114,-75.58488269,10501
15--5716,2015/04/24,7:15 PM,ALBERT ST @ KENT ST (OTTAWA) (0003136),3136,03 - At intersection,03 - P.D. only,02 - Angle,01 - Clear,07 - Dark,01 - Dry,01 - Traffic signal,01 - Functioning,2,0,0,0,,0,,,,,367222.4155,5031321.375,45.41904266,-75.70239313,10502
15--5717,2015/04/24,7:50 PM,MCLEOD ST btwn BANK ST & O'CONNOR ST (__3ZA8FF),__3ZA8FF,04 - At/near private drive,03 - P.D. only,06 - SMV unattended vehicle,02 - Rain,07 - Dark,02 - Wet,10 - No control,,1,0,0,0,,0,,,,,367961.5614,5030494.909,45.41154005,-75.6930555,10503
15--5718,2015/04/24,7:57 AM,ALBION RD btwn RIDEAU RD & TULLAMORE ST (__5RGNIJ),__5RGNIJ,01 - Non intersection,03 - P.D. only,07 - SMV other,01 - Clear,01 - Daylight,01 - Dry,10 - No control,,1,0,0,0,,0,,,,,375139.186,5016521.111,45.28512523,-75.60335321,10504
15--5719,2015/04/24,8:25 PM,CHIMO DR btwn NANOOK CRES & BERING CRT (1) (__3ZABD3),__3ZABD3,01 - Non intersection,02 - Non-fatal injury,07 - SMV other,01 - Clear,07 - Dark,01 - Dry,10 - No control,,1,0,0,0,01 - Minimal,1,1,,,,352571.3681,5018889.207,45.30833008,-75.89078752,10505
15--572,2015/01/09,5:58 PM,WEST HUNT CLUB RD btwn PRINCE OF WALES DR & HUNT CLUB RD (__3ZA2T4),__3ZA2T4,01 - Non intersection,03 - P.D. only,03 - Rear end,03 - Snow,07 - Dark,03 - Loose snow,10 - No control,,3,0,0,0,,0,,,,,367761.3609,5021886.202,45.3340991,-75.69671037,10506
15--5720,2015/04/24,8:45 AM,CONROY RD @ WALKLEY RD (0002648),2648,02 - Intersection related,02 - Non-fatal injury,03 - Rear end,01 - Clear,01 - Daylight,01 - Dry,01 - Traffic signal,01 - Functioning,2,0,0,0,01 - Minimal,1,1,,,,372902.7087,5027462.771,45.38379482,-75.63035367,10507
15--5721,2015/04/24,9:15 AM,QUEEN ST btwn METCALFE ST & ELGIN ST (__3ZA2FO),__3ZA2FO,01 - Non intersection,03 - P.D. only,07 - SMV other,01 - Clear,01 - Daylight,01 - Dry,10 - No control,,1,0,0,0,,0,,,,,367671.9215,5031695.253,45.42236644,-75.69660239,10508
15--5722,2015/04/24,9:24 PM,TERRY FOX DR @ PALLADIUM DR/KATIMAVIK RD (0011858),11858,02 - Intersection related,03 - P.D. only,03 - Rear end,01 - Clear,07 - Dark,01 - Dry,01 - Traffic signal,01 - Functioning,2,0,0,0,,0,,,,,351270.6819,5018181.896,45.30205278,-75.90744015,10509
15--5723,2015/04/25,1:06 PM,BRONSON AVE @ JAMES ST (0005694),5694,02 - Intersection related,03 - P.D. only,04 - Sideswipe,01 - Clear,01 - Daylight,01 - Dry,02 - Stop sign,00 - Unknown,2,0,0,0,,0,,,,,367066.7007,5030242.051,45.4093451,-75.70451896,10510
15--5619,2015/04/21,8:25 AM,ISABELLA ST/HWY417 IC119AR75 @ METCALFE ST (0011380),11380,03 - At intersection,03 - P.D. only,02 - Angle,01 - Clear,01 - Daylight,02 - Wet,01 - Traffic signal,01 - Functioning,2,0,0,0,,0,,,,,368447.9858,5030399.925,45.41064134,-75.6868539,10511
15--5798,2015/04/28,3:27 PM,ST. JOSEPH BLVD @ JEANNE D'ARC BLVD (0012421),12421,03 - At intersection,03 - P.D. only,04 - Sideswipe,01 - Clear,01 - Daylight,01 - Dry,11 - Roundabout,01 - Functioning,2,0,0,0,,0,,,,,379858.8148,5036472.063,45.46414326,-75.54016595,10512
15--5724,2015/04/25,1:06 PM,EARL MULLIGAN DR @ WOODROFFE AVE (0000591),591,02 - Intersection related,03 - P.D. only,03 - Rear end,01 - Clear,01 - Daylight,01 - Dry,01 - Traffic signal,01 - Functioning,2,0,0,0,,0,,,,,365250.7012,5017505.014,45.29489834,-75.72927411,10513
15--5725,2015/04/25,1:20 PM,WOODROFFE AVE btwn GEORGINA DR & HWY417 IC127 RAMP36 (__3ZA4L6),__3ZA4L6,01 - Non intersection,03 - P.D. only,03 - Rear end,01 - Clear,01 - Daylight,01 - Dry,10 - No control,,2,0,0,0,,0,,,,,361923.9035,5025336.664,45.36564566,-75.77078235,10514
15--5726,2015/04/25,1:29 PM,KITCHENER AVE btwn BANFF AVE & COCHRANE ST (__3ZBN6V),__3ZBN6V,04 - At/near private drive,03 - P.D. only,99 - Other,01 - Clear,01 - Daylight,01 - Dry,10 - No control,,2,0,0,0,,0,,,,,370760.2987,5025626.613,45.3674787,-75.65795368,10515
15--5727,2015/04/25,1:30 PM,LENA AVE btwn BRAVAR DR & NEILUS LANE (__3ZA90N),__3ZA90N,01 - Non intersection,03 - P.D. only,06 - SMV unattended vehicle,01 - Clear,01 - Daylight,01 - Dry,10 - No control,,1,0,0,0,,0,,,,,367692.8098,5011574.035,45.24131752,-75.69889213,10516
15--5728,2015/04/25,1:35 PM,ROSS AVE btwn SIR FREDERICK BANTING DRWY & SPENCER ST (__3ZA05H),__3ZA05H,01 - Non intersection,03 - P.D. only,06 - SMV unattended vehicle,01 - Clear,01 - Daylight,01 - Dry,10 - No control,,1,0,0,0,,0,,,,,364391.3891,5029276.802,45.4008929,-75.73881065,10517
15--5729,2015/04/25,1:42 PM,WOODROFFE AVE @ GEORGINA DR/LENESTER AVE (0002351),2351,02 - Intersection related,03 - P.D. only,99 - Other,01 - Clear,01 - Daylight,01 - Dry,01 - Traffic signal,01 - Functioning,2,0,0,0,,0,,,,,361911.6143,5025370.037,45.36594695,-75.77093535,10518
15--573,2015/01/09,6:00 PM,BANNER RD @ GREENBANK RD (0000644),644,02 - Intersection related,03 - P.D. only,03 - Rear end,03 - Snow,07 - Dark,05 - Packed snow,01 - Traffic signal,01 - Functioning,2,0,0,0,,0,,,,,361021.6726,5021565.046,45.33178171,-75.78272767,10519
15--5730,2015/04/25,10:28 AM,BEAUSEJOUR DR @ JEANNE D'ARC BLVD (0003636),3636,03 - At intersection,02 - Non-fatal injury,02 - Angle,01 - Clear,01 - Daylight,01 - Dry,01 - Traffic signal,01 - Functioning,2,0,0,0,02 - Minor,1,,1,,,381419.7332,5036059.811,45.46026469,-75.52027246,10520
15--5731,2015/04/25,Unknown,YORK ST EB btwn BY WARD MARKET SQ & SUSSEX DR (__3ZA8ZZ),__3ZA8ZZ,01 - Non intersection,03 - P.D. only,06 - SMV unattended vehicle,01 - Clear,00 - Unknown,01 - Dry,10 - No control,,1,0,0,0,,0,,,,,367875.6385,5032282.072,45.4276281,-75.69392435,10521
15--5732,2015/04/25,12:09 PM,BASELINE RD btwn LOBLAWS SC & MERIVALE RD (__3ZA4ISC),__3ZA4ISC,04 - At/near private drive,03 - P.D. only,03 - Rear end,01 - Clear,01 - Daylight,01 - Dry,10 - No control,,2,0,0,0,,0,,,,,364957.347,5025267.202,45.36476687,-75.73207066,10522
15--5733,2015/04/25,2:00 PM,HWY 417 TERRYFO IC140R52 @ TERRY FOX DR (0003180),3180,02 - Intersection related,03 - P.D. only,03 - Rear end,01 - Clear,01 - Daylight,01 - Dry,01 - Traffic signal,01 - Functioning,2,0,0,0,,0,,,,,351052.9954,5018434.126,45.30433678,-75.91019224,10523
15--5734,2015/04/25,4:04 PM,MONTREAL RD/HANNAH ST @ CODY AVE (0009349),9349,03 - At intersection,03 - P.D. only,05 - Turning movement,01 - Clear,01 - Daylight,01 - Dry,01 - Traffic signal,01 - Functioning,2,0,0,0,,0,,,,,370253.8507,5033170.724,45.43540531,-75.66341704,10524
15--5735,2015/04/25,5:31 PM,GILMOUR ST btwn METCALFE ST & ELGIN ST (__3ZA9TG),__3ZA9TG,01 - Non intersection,03 - P.D. only,06 - SMV unattended vehicle,01 - Clear,01 - Daylight,01 - Dry,10 - No control,,1,0,0,0,,0,,,,,368241.7617,5031047.459,45.41648637,-75.68940493,10525
15--5736,2015/04/25,5:36 PM,STRANDHERD DR btwn RIOCAN AVE & MCGARRY TER (__7N37VD),__7N37VD,01 - Non intersection,03 - P.D. only,04 - Sideswipe,01 - Clear,01 - Daylight,01 - Dry,10 - No control,,2,0,0,0,,0,,,,,364268.355,5015009.954,45.27253164,-75.74209658,10526
15--5737,2015/04/25,8:05 PM,BLACKBURN BYPASS EB btwn NAVAN RD & INNES RD E (__3ZA3JA),__3ZA3JA,01 - Non intersection,03 - P.D. only,04 - Sideswipe,01 - Clear,05 - Dusk,01 - Dry,10 - No control,,2,0,0,0,,0,,,,,379648.8948,5033286.121,45.43550104,-75.54333473,10527
15--5738,2015/04/25,9:47 PM,KING EDWARD AVE @ LAURIER AVE (0002170),2170,03 - At intersection,02 - Non-fatal injury,05 - Turning movement,01 - Clear,07 - Dark,01 - Dry,01 - Traffic signal,01 - Functioning,2,0,0,0,02 - Minor,1,,1,,,368738.9865,5032034.222,45.42531965,-75.68292448,10528