Anom_ID,Accident_Date,Accident_Time,Location,Geo_ID,Accident_Location,Classification_of_Accident,Initial_Impact_Type,Environment_Condition,Light,Road_Surface_Condition,Traffic_Control,Traffic_Control_Condition,No__of_Vehicles,No__of_Bicycles,No__of_Motorcycles,No__of_Pedestrians,Max_Injury,No__of_Injuries,No__of_Minimal,No__of_Minor,No__of_Major,No__of_Fatal,X,Y,Latitude,Longitude,ObjectId
15--5739,2015/04/26,1:41 PM,RIVERSIDE DR SB btwn BANK ST & BILLINGS BRIDGE NB RAMP (__3ZA1VA),__3ZA1VA,01 - Non intersection,03 - P.D. only,04 - Sideswipe,01 - Clear,01 - Daylight,01 - Dry,10 - No control,,2,0,0,0,,0,,,,,369246.6168,5028009.852,45.38906318,-75.6769642,10529
15--574,2015/01/09,6:15 PM,HIGHWAY 416 btwn HWY416 IC75A RAMP43 & HWY416 IC72 RAMP34 (__3ZAZLD),__3ZAZLD,01 - Non intersection,03 - P.D. only,04 - Sideswipe,03 - Snow,07 - Dark,03 - Loose snow,10 - No control,,2,0,0,0,,0,,,,,358736.6499,5021874.85,45.33474869,-75.81184392,10530
15--5740,2015/04/26,10:00 PM,HIGHWAY 417 btwn HWY417 IC110 RAMP55 & HWY417 IC104 RAMP51 (__3ZA2W8),__3ZA2W8,01 - Non intersection,03 - P.D. only,07 - SMV other,01 - Clear,07 - Dark,01 - Dry,10 - No control,,1,0,0,0,,0,,,,,379557.4516,5026012.803,45.37007033,-75.54560591,10531
15--5741,2015/04/26,11:16 AM,BANK ST @ SECOND AVE (0007231),7231,03 - At intersection,03 - P.D. only,02 - Angle,01 - Clear,01 - Daylight,01 - Dry,02 - Stop sign,01 - Functioning,2,0,0,0,,0,,,,,368306.4261,5029628.921,45.40371696,-75.68876155,10532
15--5742,2015/04/26,11:24 PM,OTTAWA RIVER PKWY WB RAMP/CARLING AVE WB btwn CARLING AVE & OTTAWA RIV (__3ZAY0V),__3ZAY0V,01 - Non intersection,03 - P.D. only,07 - SMV other,01 - Clear,07 - Dark,01 - Dry,10 - No control,,1,0,0,0,,0,,,,,360881.9026,5025415.002,45.36643468,-75.78407411,10533
15--5743,2015/04/26,11:30 AM,BASELINE RD @ FISHER AVE (0002346),2346,02 - Intersection related,03 - P.D. only,04 - Sideswipe,01 - Clear,01 - Daylight,01 - Dry,01 - Traffic signal,01 - Functioning,2,0,0,0,,0,,,,,366167.4143,5026028.172,45.37150903,-75.71653064,10534
15--5744,2015/04/26,11:47 AM,BASELINE RD/HERON RD @ PRINCE OF WALES DR (0002345),2345,02 - Intersection related,02 - Non-fatal injury,03 - Rear end,01 - Clear,01 - Daylight,01 - Dry,01 - Traffic signal,01 - Functioning,2,0,0,0,01 - Minimal,6,6,,,,366875.2274,5026438.786,45.37514131,-75.70744335,10535
15--5745,2015/04/26,Unknown,CRESTHAVEN DR @ STRANDHERD DR (0010929),10929,02 - Intersection related,03 - P.D. only,03 - Rear end,01 - Clear,07 - Dark,01 - Dry,01 - Traffic signal,01 - Functioning,2,0,0,0,,0,,,,,366814.6269,5015029.152,45.27248444,-75.70964588,10536
15--5746,2015/04/26,Unknown,HARRIS PL btwn WITHROW AVE & INDIAN RD (__3ZAATL),__3ZAATL,01 - Non intersection,03 - P.D. only,06 - SMV unattended vehicle,01 - Clear,07 - Dark,01 - Dry,10 - No control,,1,0,0,0,,0,,,,,363771.8963,5023215.63,45.3464078,-75.74744675,10537
15--5747,2015/04/26,12:13 PM,MONTREAL RD @ GRANVILLE ST/LAFONTAINE AVE (0009348),9348,03 - At intersection,02 - Non-fatal injury,02 - Angle,01 - Clear,01 - Daylight,01 - Dry,01 - Traffic signal,01 - Functioning,2,0,0,0,02 - Minor,1,,1,,,370826.0548,5033474.372,45.43808361,-75.65606361,10538
15--5748,2015/04/26,12:52 PM,MARCH RD btwn MORGAN'S GRANT WAY & TERRY FOX DR (__3ZA3CF),__3ZA3CF,01 - Non intersection,01 - Fatal injury,07 - SMV other,01 - Clear,01 - Daylight,01 - Dry,10 - No control,,1,0,1,0,04 - Fatal,1,,,,1,349672.2116,5023607.39,45.3509767,-75.92732991,10539
15--5749,2015/04/26,2:16 AM,CLARENCE ST btwn WILLIAM ST & DALHOUSIE ST (__3ZA82W),__3ZA82W,01 - Non intersection,03 - P.D. only,03 - Rear end,01 - Clear,07 - Dark,01 - Dry,10 - No control,,2,0,0,0,,0,,,,,368025.3501,5032494.441,45.42952541,-75.69198403,10540
15--575,2015/01/09,6:16 PM,RICHMOND RD btwn STINSON AVE & STAFFORD RD (__3ZBOCU),__3ZBOCU,01 - Non intersection,03 - P.D. only,03 - Rear end,01 - Clear,07 - Dark,02 - Wet,10 - No control,,2,0,0,0,,0,,,,,357978.129,5020993.333,45.32687463,-75.8216156,10541
15--5750,2015/04/26,2:54 PM,BASELINE RD/HWY 416 RICHMOND IC75R53 @ RICHMON (0000148),148,02 - Intersection related,03 - P.D. only,03 - Rear end,01 - Clear,01 - Daylight,01 - Dry,01 - Traffic signal,01 - Functioning,2,0,0,0,,0,,,,,358633.7174,5021822.649,45.33428688,-75.81316278,10542
15--5751,2015/04/26,3:00 PM,FORESTGLEN CRES btwn FOREST VALLEY DR & FOREST VALLEY DR (__3ZA6CD),__3ZA6CD,04 - At/near private drive,03 - P.D. only,06 - SMV unattended vehicle,01 - Clear,01 - Daylight,01 - Dry,10 - No control,,1,0,0,0,,0,,,,,379586.4183,5035687.049,45.45710951,-75.54376822,10543
15--5752,2015/04/26,3:30 AM,HIGHWAY 417 btwn HWY417 IC127 RAMP25 & HWY417 IC126 RAMP51 (__3ZA2XA),__3ZA2XA,01 - Non intersection,02 - Non-fatal injury,07 - SMV other,01 - Clear,07 - Dark,01 - Dry,10 - No control,,1,0,0,0,02 - Minor,2,,2,,,362912.3669,5025472.997,45.36679111,-75.75814909,10544
15--5753,2015/04/26,3:50 AM,EAGLESON RD @ FALLOWFIELD RD (0000118),118,02 - Intersection related,01 - Fatal injury,07 - SMV other,01 - Clear,07 - Dark,01 - Dry,01 - Traffic signal,01 - Functioning,1,0,0,0,04 - Fatal,2,,,1,1,355963.5618,5012592.96,45.25143627,-75.84817976,10545
15--5754,2015/04/26,5:45 AM,SPRINGHILL RD btwn 8TH LINE RD & 9TH LINE RD (__3ZA6V8),__3ZA6V8,01 - Non intersection,03 - P.D. only,07 - SMV other,01 - Clear,03 - Dawn,01 - Dry,10 - No control,,1,0,0,0,,0,,,,,388021.5821,5008016.666,45.2072011,-75.44058468,10546
15--5755,2015/04/26,6:27 PM,KENT ST @ LISGAR ST (0007733),7733,03 - At intersection,03 - P.D. only,04 - Sideswipe,01 - Clear,01 - Daylight,01 - Dry,02 - Stop sign,00 - Unknown,2,0,0,0,,0,,,,,367438.4225,5030963.93,45.41580717,-75.6996788,10547
15--5756,2015/04/26,6:46 PM,RIDEAU RD btwn DOWNEY RD & BOWESVILLE RD (__3ZA6L7),__3ZA6L7,01 - Non intersection,03 - P.D. only,07 - SMV other,01 - Clear,01 - Daylight,01 - Dry,10 - No control,,1,0,0,0,,0,,,,,372591.0749,5015030.174,45.27196051,-75.63603503,10548
15--5757,2015/04/26,7:05 AM,PRINCE OF WALES DR @ WEST HUNT CLUB RD (0000567),567,02 - Intersection related,03 - P.D. only,04 - Sideswipe,01 - Clear,01 - Daylight,01 - Dry,01 - Traffic signal,01 - Functioning,2,0,0,0,,0,,,,,367458.7103,5021891.985,45.33417823,-75.70057061,10549
15--5758,2015/04/26,7:21 AM,STEWART ST btwn WALLER ST & CUMBERLAND ST (__3ZBOFY),__3ZBOFY,01 - Non intersection,03 - P.D. only,06 - SMV unattended vehicle,01 - Clear,01 - Daylight,01 - Dry,10 - No control,,1,0,0,0,,0,,,,,368387.0477,5032049.652,45.42549056,-75.68741945,10550
15--5759,2015/04/26,7:37 AM,PRINCE OF WALES DR @ STRANDHERD DR (0013339),13339,02 - Intersection related,03 - P.D. only,07 - SMV other,01 - Clear,01 - Daylight,01 - Dry,01 - Traffic signal,01 - Functioning,1,0,0,0,,0,,,,,367175.2898,5014822.745,45.27059531,-75.70507573,10551
15--576,2015/01/09,6:17 AM,MITCH OWENS RD btwn DOWNEY RD & MANOTICK STATION RD (__3ZA3TK),__3ZA3TK,01 - Non intersection,02 - Non-fatal injury,01 - Approaching,05 - Drifting Snow,07 - Dark,03 - Loose snow,10 - No control,,2,0,0,0,02 - Minor,1,,1,,,373090.8906,5012986.309,45.25352192,-75.62994682,10552
15--5760,2015/04/26,8:58 PM,CATHERINE ST/HWY 417 O'CONN IC119BR76 @ O'CONN (0001697),1697,03 - At intersection,03 - P.D. only,07 - SMV other,01 - Clear,07 - Dark,01 - Dry,01 - Traffic signal,01 - Functioning,1,0,0,0,,0,,,,,368244.3081,5030393.367,45.41060083,-75.6894566,10553
15--5761,2015/04/27,1:06 PM,HUNT CLUB RD @ BRIDLE PATH DR/DAZE ST (0008214),8214,03 - At intersection,02 - Non-fatal injury,05 - Turning movement,01 - Clear,01 - Daylight,01 - Dry,01 - Traffic signal,01 - Functioning,2,0,0,0,02 - Minor,1,,1,,,371291.7289,5023864.022,45.35156928,-75.65140732,10554
15--5762,2015/04/27,10:12 PM,BANK ST btwn SURREY AVE & NOTTING HILL AVE (__3ZA4TV),__3ZA4TV,01 - Non intersection,03 - P.D. only,99 - Other,01 - Clear,07 - Dark,01 - Dry,10 - No control,,2,0,0,0,,0,,,,,370400.2378,5025763.604,45.3687451,-75.66253152,10555
15--5763,2015/04/27,10:36 AM,WOODROFFE AVE @ DEERFOX DR/STONEWAY DR (0004601),4601,02 - Intersection related,03 - P.D. only,04 - Sideswipe,01 - Clear,01 - Daylight,01 - Dry,01 - Traffic signal,01 - Functioning,2,0,0,0,,0,,,,,365885.6981,5015940.921,45.28076981,-75.72137144,10556
15--5764,2015/04/27,11:49 PM,KING EDWARD AVE @ ST. PATRICK ST (0002714),2714,02 - Intersection related,03 - P.D. only,03 - Rear end,01 - Clear,07 - Dark,01 - Dry,01 - Traffic signal,01 - Functioning,2,0,0,0,,0,,,,,368248.7013,5032821.179,45.43244505,-75.6890878,10557
15--5765,2015/04/27,Unknown,SABLE RUN DR btwn SABLE RUN DR & SABLE RUN DR (__3ZA1JI),__3ZA1JI,01 - Non intersection,03 - P.D. only,06 - SMV unattended vehicle,01 - Clear,00 - Unknown,01 - Dry,10 - No control,,1,0,0,0,,0,,,,,348975.3711,5013155.643,45.25697289,-75.93715415,10558
15--5766,2015/04/27,12:01 PM,ARGYLE AVE @ BANK ST (0007251),7251,02 - Intersection related,02 - Non-fatal injury,04 - Sideswipe,01 - Clear,01 - Daylight,01 - Dry,10 - No control,,2,1,0,0,01 - Minimal,1,1,,,,367995.7088,5030371.126,45.41042321,-75.69263515,10559
15--5767,2015/04/27,12:22 PM,BANK ST btwn RIVERSIDE DR & RIVERSIDE DR (__3ZA3NQ),__3ZA3NQ,01 - Non intersection,03 - P.D. only,03 - Rear end,01 - Clear,01 - Daylight,01 - Dry,10 - No control,,2,0,0,0,,0,,,,,369291.2231,5027910.457,45.38816475,-75.67640758,10560
15--5768,2015/04/27,2:07 PM,GALETTA SIDE RD btwn MOHRS RD & MORNING DEW DR (__4B1MVN),__4B1MVN,01 - Non intersection,03 - P.D. only,07 - SMV other,01 - Clear,01 - Daylight,01 - Dry,10 - No control,,1,0,0,0,,0,,,,,323963.5658,5031756.126,45.42547712,-76.25510845,10561
15--5769,2015/04/27,3:20 PM,BRONSON AVE btwn CARLING AVE & FIRST AVE (__3ZA3OQ),__3ZA3OQ,01 - Non intersection,03 - P.D. only,03 - Rear end,01 - Clear,01 - Daylight,01 - Dry,10 - No control,,2,0,0,0,,0,,,,,367462.1214,5029305.652,45.40088436,-75.6995868,10562
15--577,2015/01/09,6:20 AM,FALLOWFIELD RD btwn KIMINI DR & SHEA RD (__3ZA42K),__3ZA42K,01 - Non intersection,02 - Non-fatal injury,07 - SMV other,03 - Snow,07 - Dark,03 - Loose snow,10 - No control,,1,0,0,0,02 - Minor,1,,1,,,353256.3256,5010378.34,45.23170003,-75.88288347,10563
15--5770,2015/04/27,4:13 PM,ST. LAURENT BLVD @ MCARTHUR AVE (0008246),8246,02 - Intersection related,02 - Non-fatal injury,03 - Rear end,01 - Clear,01 - Daylight,01 - Dry,01 - Traffic signal,01 - Functioning,2,0,0,0,01 - Minimal,2,2,,,,371920.9983,5032887.935,45.43270287,-75.64214971,10564
15--5771,2015/04/27,4:15 PM,ELGIN ST @ LAURIER AVE (0002232),2232,02 - Intersection related,03 - P.D. only,04 - Sideswipe,01 - Clear,01 - Daylight,01 - Dry,01 - Traffic signal,00 - Unknown,2,0,0,0,,0,,,,,367948.7099,5031549.215,45.42102751,-75.69308457,10565
15--5772,2015/04/27,4:15 PM,HIGHWAY 417 btwn HWY417 IC127 RAMP63 & HWY417 IC127 RAMP67 (__3ZA2RF),__3ZA2RF,01 - Non intersection,03 - P.D. only,03 - Rear end,01 - Clear,01 - Daylight,01 - Dry,10 - No control,,2,0,0,0,,0,,,,,362155.6111,5024875.258,45.36147504,-75.76787827,10566
15--5773,2015/04/27,4:20 PM,OLD MONTREAL RD W @ REGIONAL RD 174 (0012878),12878,02 - Intersection related,03 - P.D. only,03 - Rear end,01 - Clear,01 - Daylight,01 - Dry,02 - Stop sign,00 - Unknown,2,0,0,0,,0,,,,,392542.8944,5042743.267,45.51908554,-75.37687309,10567
15--5774,2015/04/27,4:25 PM,CENTREPOINTE DR @ PINETRAIL CRES N (0010245),10245,02 - Intersection related,03 - P.D. only,02 - Angle,01 - Clear,01 - Daylight,01 - Dry,02 - Stop sign,01 - Functioning,2,0,0,0,,0,,,,,362654.5622,5022422.853,45.33936749,-75.76179681,10568
15--5775,2015/04/27,4:37 PM,BRONSON AVE @ SUNNYSIDE AVE/UNIVERSITY RD - CA (0007209),7209,02 - Intersection related,03 - P.D. only,03 - Rear end,01 - Clear,01 - Daylight,01 - Dry,01 - Traffic signal,00 - Unknown,2,0,0,0,,0,,,,,367923.4308,5028092.628,45.38992849,-75.69385007,10569
15--5776,2015/04/27,5:12 PM,CENTER ST btwn MONTREAL RD & PAUL AVE (__3ZA8W2),__3ZA8W2,04 - At/near private drive,03 - P.D. only,02 - Angle,01 - Clear,01 - Daylight,01 - Dry,10 - No control,,2,0,0,0,,0,,,,,371882.9686,5033797.948,45.44089438,-75.64251169,10570
15--5777,2015/04/27,5:30 PM,CHAPEL ST @ LAURIER AVE (0007756),7756,02 - Intersection related,03 - P.D. only,03 - Rear end,01 - Clear,01 - Daylight,01 - Dry,01 - Traffic signal,01 - Functioning,2,0,0,0,,0,,,,,369118.2144,5032263.979,45.42735215,-75.67804883,10571
15--5778,2015/04/27,6:55 PM,BAYCREST DR btwn SANDALWOOD DR & WALKLEY RD (__3ZA9YU),__3ZA9YU,01 - Non intersection,02 - Non-fatal injury,02 - Angle,01 - Clear,05 - Dusk,01 - Dry,10 - No control,,2,1,0,0,02 - Minor,1,,1,,,371413.0559,5026604.503,45.37621568,-75.64948965,10572
15--5779,2015/04/27,7:05 AM,BAYSHORE DR SB btwn WOODRIDGE CRES & BAYSHORE DR SB RAMPS TO RICHMOND  (__3ZAA3G),__3ZAA3G,06 - Underpass or tunnel,02 - Non-fatal injury,07 - SMV other,01 - Clear,01 - Daylight,01 - Dry,10 - No control,,1,0,0,0,02 - Minor,1,,1,,,359300.0822,5023438.53,45.34877518,-75.80448358,10573
15--578,2015/01/09,6:24 PM,TREMBLAY RD btwn RIVERSIDE DR & TRAIN STATION (__3ZBN0PA),__3ZBN0PA,01 - Non intersection,03 - P.D. only,04 - Sideswipe,01 - Clear,07 - Dark,01 - Dry,10 - No control,,2,0,0,0,,0,,,,,370825.9048,5031015.908,45.41596341,-75.6563951,10574
15--5780,2015/04/27,7:20 AM,PRINCE OF WALES DR @ STRANDHERD DR (0013339),13339,02 - Intersection related,03 - P.D. only,03 - Rear end,01 - Clear,01 - Daylight,01 - Dry,01 - Traffic signal,01 - Functioning,2,0,0,0,,0,,,,,367175.2898,5014825.637,45.27062133,-75.70507537,10575
15--5781,2015/04/27,7:50 AM,ALBERT ST @ BAY ST (0006357),6357,02 - Intersection related,03 - P.D. only,05 - Turning movement,01 - Clear,01 - Daylight,01 - Dry,01 - Traffic signal,01 - Functioning,2,0,0,0,,0,,,,,366941.7315,5031143.105,45.41746362,-75.70600173,10576
15--5782,2015/04/27,7:55 AM,ST. JOSEPH BLVD @ JEANNE D'ARC BLVD (0012421),12421,03 - At intersection,03 - P.D. only,02 - Angle,01 - Clear,01 - Daylight,01 - Dry,11 - Roundabout,01 - Functioning,2,0,0,0,,0,,,,,379860.7425,5036471.099,45.46413438,-75.54014145,10577
15--5783,2015/04/27,8:10 AM,HIGHWAY 417 btwn HWY417 IC117 RAMP36 & HWY417 IC117 RAMP26 (__3ZAZE0),__3ZAZE0,01 - Non intersection,03 - P.D. only,03 - Rear end,01 - Clear,01 - Daylight,01 - Dry,10 - No control,,2,0,0,0,,0,,,,,370723.3777,5031189.915,45.41753872,-75.65768166,10578
15--5784,2015/04/27,8:30 PM,UPPER DWYER HILL RD btwn MARCH RD & OLD ALMONTE RD (__3ZA4QB),__3ZA4QB,01 - Non intersection,03 - P.D. only,07 - SMV other,02 - Rain,07 - Dark,02 - Wet,10 - No control,,1,0,0,0,,0,,,,,334582.5113,5013744.463,45.26302794,-76.12049569,10579
15--5785,2015/04/27,8:52 AM,MARCH RD btwn HWY417 IC138 RAMP36 & HWY417 IC138 RAMP26 (__3ZAZEW),__3ZAZEW,01 - Non intersection,03 - P.D. only,03 - Rear end,01 - Clear,01 - Daylight,01 - Dry,10 - No control,,3,0,0,0,,0,,,,,352881.143,5020377.672,45.32170246,-75.88669283,10580
15--5440,2015/04/16,3:10 PM,ALTA VISTA DR @ SMYTH RD (0011353),11353,02 - Intersection related,03 - P.D. only,04 - Sideswipe,01 - Clear,01 - Daylight,01 - Dry,01 - Traffic signal,01 - Functioning,2,0,0,0,,0,,,,,370434.6436,5029080.112,45.39858267,-75.66165137,10581
15--6250,2015/05/11,11:30 AM,CARLING AVE @ BROADVIEW AVE (0006707),6707,03 - At intersection,03 - P.D. only,05 - Turning movement,01 - Clear,01 - Daylight,01 - Dry,01 - Traffic signal,01 - Functioning,2,0,0,0,,0,,,,,363181.6505,5026638.06,45.37725183,-75.75457406,10582
15--6161,2015/05/08,2:29 PM,QUEEN ST btwn METCALFE ST & ELGIN ST (__3ZA2FO),__3ZA2FO,04 - At/near private drive,03 - P.D. only,02 - Angle,01 - Clear,01 - Daylight,01 - Dry,10 - No control,,2,0,0,0,,0,,,,,367716.5302,5031721.862,45.42260185,-75.69602903,10583
15--5441,2015/04/16,3:33 PM,MERIVALE RD @ ROSSLAND AVE (0001757),1757,02 - Intersection related,03 - P.D. only,03 - Rear end,01 - Clear,01 - Daylight,01 - Dry,02 - Stop sign,00 - Unknown,2,0,0,0,,0,,,,,364673.697,5024150.068,45.35473935,-75.73582655,10584
15--562,2015/01/09,5:06 PM,ALBION RD @ BANK ST (0012409),12409,02 - Intersection related,03 - P.D. only,03 - Rear end,03 - Snow,05 - Dusk,03 - Loose snow,01 - Traffic signal,01 - Functioning,2,0,0,0,,0,,,,,371946.7279,5024128.054,45.35388254,-75.64301306,10585
15--5799,2015/04/28,3:45 PM,ST. LAURENT BLVD @ 125 N OF QUEEN MARY ST/ZELL (0008532),8532,02 - Intersection related,03 - P.D. only,03 - Rear end,01 - Clear,01 - Daylight,01 - Dry,01 - Traffic signal,01 - Functioning,2,0,0,0,,0,,,,,372170.3677,5032287.575,45.42727713,-75.6390451,10586
15--6251,2015/05/11,11:55 PM,DUNROBIN RD btwn LILLIAN WAY & HARWOOD LANE (__3ZBOB6),__3ZBOB6,01 - Non intersection,03 - P.D. only,07 - SMV other,01 - Clear,07 - Dark,01 - Dry,10 - No control,,1,0,0,0,,0,,,,,345883.6878,5027569.222,45.3868585,-75.97534836,10587
15--5620,2015/04/21,8:30 AM,CLEROUX CRES W @ INNES RD (0004132),4132,02 - Intersection related,03 - P.D. only,03 - Rear end,02 - Rain,01 - Daylight,02 - Wet,01 - Traffic signal,01 - Functioning,2,0,0,0,,0,,,,,379016.7088,5033440.047,45.43695335,-75.55139056,10588
15--6162,2015/05/08,2:44 PM,LEITRIM RD btwn HIGH RD & ALBION RD (__4B2G24),__4B2G24,01 - Non intersection,03 - P.D. only,03 - Rear end,01 - Clear,01 - Daylight,01 - Dry,10 - No control,,2,0,0,0,,0,,,,,373473.4887,5020402.394,45.32021254,-75.62404646,10589
15--5442,2015/04/16,3:35 PM,HIGHWAY 417 btwn HWY417 IC124 RAMP76 & HWY417 IC124 RAMP67 (__3ZA2R7),__3ZA2R7,01 - Non intersection,03 - P.D. only,03 - Rear end,01 - Clear,01 - Daylight,01 - Dry,10 - No control,,2,0,0,0,,0,,,,,364316.9463,5027387.266,45.38389754,-75.73998938,10590
15--58,2015/01/02,8:36 AM,CUMMINGS AVE/LABELLE ST @ CYRVILLE RD (0008791),8791,03 - At intersection,02 - Non-fatal injury,07 - SMV other,01 - Clear,01 - Daylight,01 - Dry,01 - Traffic signal,01 - Functioning,1,0,0,1,02 - Minor,1,,1,,,372860.6793,5031871.927,45.4234705,-75.63028176,10591
15--6252,2015/05/11,12:15 PM,CARP RD btwn ECHOWOODS AVE/KITTIWAKE DR & ROTHBOURNE RD (__4YT2RX),__4YT2RX,01 - Non intersection,02 - Non-fatal injury,03 - Rear end,02 - Rain,01 - Daylight,02 - Wet,10 - No control,,2,0,0,0,01 - Minimal,2,2,,,,348408.5024,5014732.137,45.27119415,-75.94423798,10592
15--6253,2015/05/11,2:29 PM,WEST HUNT CLUB RD @ 354 E OF WOODROFFE AVE/REC (0004605),4605,02 - Intersection related,03 - P.D. only,04 - Sideswipe,02 - Rain,01 - Daylight,02 - Wet,01 - Traffic signal,01 - Functioning,2,0,0,0,,0,,,,,363981.7231,5021424.007,45.33026926,-75.74498362,10593
15--6254,2015/05/11,2:35 PM,MITCH OWENS RD btwn DOWNEY RD & MANOTICK STATION RD (__3ZA3TK),__3ZA3TK,01 - Non intersection,02 - Non-fatal injury,03 - Rear end,01 - Clear,01 - Daylight,01 - Dry,10 - No control,,2,0,0,0,02 - Minor,1,,1,,,373460.2729,5013233.147,45.25570696,-75.62520719,10594
15--6255,2015/05/11,2:49 PM,KENNEDY LANE  E btwn MONICA CRES & MONICA CRES (__3ZA60G),__3ZA60G,04 - At/near private drive,03 - P.D. only,06 - SMV unattended vehicle,01 - Clear,01 - Daylight,01 - Dry,10 - No control,,1,0,0,0,,0,,,,,382652.9096,5038176.871,45.47917582,-75.50417097,10595
15--6256,2015/05/11,3:00 AM,JEANNE D'ARC BLVD  N btwn VINEYARD DR & VOYAGEUR DR (__3ZA68P),__3ZA68P,01 - Non intersection,03 - P.D. only,07 - SMV other,02 - Rain,07 - Dark,02 - Wet,10 - No control,,1,0,0,0,,0,,,,,379212.05,5037455.08,45.4730569,-75.54828663,10596
15--6257,2015/05/11,3:18 PM,RICHMOND RD @ LYNHAR RD/STAFFORD RD (0000155),155,02 - Intersection related,02 - Non-fatal injury,07 - SMV other,01 - Clear,01 - Daylight,01 - Dry,01 - Traffic signal,01 - Functioning,1,0,0,1,02 - Minor,1,,1,,,358139.4665,5021087.458,45.32770933,-75.81954745,10597
15--6258,2015/05/11,3:46 PM,RIVERSIDE DR RAMP 42A @ RIVERSIDE DR RAMP 42B (0002522),2522,02 - Intersection related,03 - P.D. only,03 - Rear end,01 - Clear,01 - Daylight,01 - Dry,03 - Yield sign,00 - Unknown,2,0,0,0,,0,,,,,368480.3951,5027091.955,45.3808743,-75.68686689,10598
15--6259,2015/05/11,4:00 PM,ELGIN ST @ QUEEN ST (0007144),7144,02 - Intersection related,02 - Non-fatal injury,03 - Rear end,02 - Rain,01 - Daylight,02 - Wet,01 - Traffic signal,01 - Functioning,2,0,0,0,01 - Minimal,1,1,,,,367805.4232,5031777.776,45.42309694,-75.69488608,10599
15--626,2015/01/10,10:40 AM,REDPATH DR btwn STONEWAY DR & ASTORIA CRES (__3ZA1IU),__3ZA1IU,04 - At/near private drive,03 - P.D. only,02 - Angle,01 - Clear,01 - Daylight,06 - Ice,10 - No control,,2,0,0,0,,0,,,,,366368.2094,5016407.015,45.2849216,-75.71516386,10600
15--6260,2015/05/11,4:15 PM,CARP RD @ WESTHUNT RD (0001690),1690,03 - At intersection,03 - P.D. only,02 - Angle,01 - Clear,01 - Daylight,01 - Dry,02 - Stop sign,01 - Functioning,2,0,0,0,,0,,,,,346084.5948,5017296.05,45.29440553,-75.97364008,10601
15--6261,2015/05/11,4:32 PM,BANTREE ST @ INNES RD (0007684),7684,02 - Intersection related,02 - Non-fatal injury,03 - Rear end,01 - Clear,01 - Daylight,01 - Dry,01 - Traffic signal,01 - Functioning,2,0,0,0,02 - Minor,1,,1,,,373706.6871,5030408.001,45.410216,-75.61967697,10602
15--6262,2015/05/11,4:47 PM,CONROY RD @ ST. LAURENT BLVD (0011390),11390,02 - Intersection related,03 - P.D. only,03 - Rear end,01 - Clear,01 - Daylight,01 - Dry,01 - Traffic signal,01 - Functioning,2,0,0,0,,0,,,,,373069.9675,5027158.221,45.38103832,-75.6282602,10603
15--6263,2015/05/11,4:50 PM,DEAKIN ST @ PRINCE OF WALES DR (0001073),1073,03 - At intersection,03 - P.D. only,03 - Rear end,01 - Clear,01 - Daylight,01 - Dry,01 - Traffic signal,01 - Functioning,4,0,0,0,,0,,,,,367392.6388,5021523.006,45.33086411,-75.70146016,10604
15--6264,2015/05/11,5:00 PM,HIGHWAY 417 btwn HWY417 IC127 RAMP63 & HWY417 IC127 RAMP67 (__3ZA2RF),__3ZA2RF,01 - Non intersection,03 - P.D. only,03 - Rear end,01 - Clear,01 - Daylight,01 - Dry,10 - No control,,2,0,0,0,,0,,,,,362159.9432,5024883.2,45.36154615,-75.76782205,10605
15--6265,2015/05/11,5:24 AM,INDUSTRIAL AVE @ TRAINYARDS DR (0011906),11906,03 - At intersection,03 - P.D. only,05 - Turning movement,01 - Clear,03 - Dawn,02 - Wet,01 - Traffic signal,01 - Functioning,2,0,0,0,,0,,,,,371686.6758,5030539.119,45.41159172,-75.64546307,10606
15--6266,2015/05/11,5:24 PM,LENESTER AVE @ MAITLAND AVE (0010867),10867,02 - Intersection related,03 - P.D. only,05 - Turning movement,02 - Rain,01 - Daylight,02 - Wet,02 - Stop sign,01 - Functioning,2,0,0,0,,0,,,,,363078.6879,5026147.006,45.37284196,-75.75594654,10607
15--6267,2015/05/11,6:00 PM,PENNYROYAL CRES btwn ANGELICA AVE & PINNACLE ST (__5UW36G),__5UW36G,01 - Non intersection,03 - P.D. only,06 - SMV unattended vehicle,01 - Clear,01 - Daylight,01 - Dry,10 - No control,,1,0,0,0,,0,,,,,386973.9254,5035998.438,45.45908134,-75.44927353,10608
15--6268,2015/05/11,6:02 PM,SANDALWOOD DR btwn BAYCREST DR & HERON RD (__3ZA9YZ),__3ZA9YZ,01 - Non intersection,03 - P.D. only,06 - SMV unattended vehicle,01 - Clear,01 - Daylight,01 - Dry,10 - No control,,1,0,0,0,,0,,,,,371381.1972,5026733.745,45.37738158,-75.64987895,10609
15--6269,2015/05/11,6:28 PM,BRONSON AVE btwn RAYMOND ST & HWY417 IC121A RAMP51 (__3ZA3O9),__3ZA3O9,01 - Non intersection,03 - P.D. only,04 - Sideswipe,01 - Clear,01 - Daylight,01 - Dry,10 - No control,,2,0,0,0,,0,,,,,367283.6995,5029727.017,45.40469163,-75.70181226,10610