Anom_ID,Accident_Date,Accident_Time,Location,Geo_ID,Accident_Location,Classification_of_Accident,Initial_Impact_Type,Environment_Condition,Light,Road_Surface_Condition,Traffic_Control,Traffic_Control_Condition,No__of_Vehicles,No__of_Bicycles,No__of_Motorcycles,No__of_Pedestrians,Max_Injury,No__of_Injuries,No__of_Minimal,No__of_Minor,No__of_Major,No__of_Fatal,X,Y,Latitude,Longitude,ObjectId
15--627,2015/01/10,10:40 AM,GREENBANK RD btwn CAMBRIAN RD & DUNDONALD DR (__5DCY38),__5DCY38,01 - Non intersection,03 - P.D. only,01 - Approaching,01 - Clear,01 - Daylight,02 - Wet,10 - No control,,2,0,0,0,,0,,,,,364807.0951,5012770.736,45.25233737,-75.73550162,10611
15--6270,2015/05/11,7:22 AM,HWY417 IC131 RAMP55 btwn HIGHWAY 417 & HWY416 IC75B RAMP25 (__3ZAYG7),__3ZAYG7,01 - Non intersection,03 - P.D. only,04 - Sideswipe,01 - Clear,01 - Daylight,01 - Dry,10 - No control,,3,0,0,0,,0,,,,,358377.8052,5022767.991,45.3428127,-75.81632524,10612
15--6271,2015/05/11,8:10 AM,HIGHWAY 417 btwn HWY417 IC121A RAMP51 & HWY417 IC120A RAMP52 (__3ZA2R6),__3ZA2R6,01 - Non intersection,03 - P.D. only,03 - Rear end,02 - Rain,01 - Daylight,02 - Wet,10 - No control,,3,0,0,0,,0,,,,,367267.7738,5029734.385,45.40475935,-75.70201475,10613
15--6272,2015/05/11,8:25 PM,INNES RD btwn O'TOOLE RD & DUNNING RD (__3ZBN92),__3ZBN92,01 - Non intersection,03 - P.D. only,07 - SMV other,01 - Clear,05 - Dusk,02 - Wet,10 - No control,,1,0,0,0,,0,,,,,391563.4898,5039303.661,45.48826287,-75.39001565,10614
15--6273,2015/05/11,9:24 AM,GREENBANK RD @ IRIS ST/HWY 417 IC129 RAMP51 (0009073),9073,02 - Intersection related,03 - P.D. only,03 - Rear end,01 - Clear,01 - Daylight,01 - Dry,01 - Traffic signal,01 - Functioning,3,0,0,0,,0,,,,,360530.3451,5023312.012,45.34754009,-75.78879873,10615
15--6274,2015/05/11,9:25 PM,BELFAST RD @ ST. LAURENT BLVD (0007658),7658,02 - Intersection related,03 - P.D. only,04 - Sideswipe,01 - Clear,07 - Dark,01 - Dry,01 - Traffic signal,00 - Unknown,2,0,0,0,,0,,,,,372860.7241,5030578.202,45.41183017,-75.63045988,10616
15--6275,2015/05/11,9:28 AM,ARGYLE AVE btwn ELGIN ST & CARTIER ST (__3ZA9TT),__3ZA9TT,04 - At/near private drive,03 - P.D. only,06 - SMV unattended vehicle,01 - Clear,01 - Daylight,01 - Dry,10 - No control,,1,0,0,0,,0,,,,,368525.4522,5030655.353,45.41293255,-75.68583129,10617
15--6276,2015/05/11,9:35 PM,GREENBANK RD btwn WEST HUNT CLUB RD & FALLOWFIELD RD (__3ZA1NE),__3ZA1NE,01 - Non intersection,03 - P.D. only,07 - SMV other,02 - Rain,07 - Dark,02 - Wet,10 - No control,,1,0,0,0,,0,,,,,363040.9167,5016828.72,45.28899967,-75.75752509,10618
15--6277,2015/05/12,1:07 PM,CEDARVIEW RD @ KENNEVALE DR (0010465),10465,03 - At intersection,03 - P.D. only,02 - Angle,01 - Clear,01 - Daylight,01 - Dry,02 - Stop sign,01 - Functioning,2,0,0,0,,0,,,,,361873.6745,5014314.93,45.2664762,-75.77269331,10619
15--6278,2015/05/12,1:52 PM,BANK ST @ HUNT CLUB RD (0002119),2119,02 - Intersection related,03 - P.D. only,03 - Rear end,01 - Clear,01 - Daylight,01 - Dry,01 - Traffic signal,01 - Functioning,2,0,0,0,,0,,,,,371609.4572,5024096.146,45.35362766,-75.64732144,10620
15--6279,2015/05/12,10:07 AM,SLATER ST btwn LYON ST N & KENT ST (__3ZA3CT),__3ZA3CT,04 - At/near private drive,03 - P.D. only,07 - SMV other,01 - Clear,01 - Daylight,01 - Dry,10 - No control,,1,0,0,0,,0,,,,,367241.2298,5031238.071,45.41829144,-75.70216331,10621
15--628,2015/01/10,10:46 AM,BANK ST @ GLEBE AVE (0007713),7713,02 - Intersection related,03 - P.D. only,03 - Rear end,01 - Clear,01 - Daylight,02 - Wet,01 - Traffic signal,01 - Functioning,2,0,0,0,,0,,,,,368239.4459,5029787.009,45.40514546,-75.68959673,10622
15--6280,2015/05/12,10:09 AM,CARLING AVE @ WESTGATE SC E (0008795),8795,03 - At intersection,03 - P.D. only,02 - Angle,01 - Clear,01 - Daylight,01 - Dry,01 - Traffic signal,01 - Functioning,2,0,0,0,,0,,,,,364800.3166,5027658.776,45.3862993,-75.73378446,10623
15--6281,2015/05/12,11:06 PM,RICHMOND RD @ STONEHAVEN DR (0010370),10370,02 - Intersection related,03 - P.D. only,07 - SMV other,02 - Rain,07 - Dark,02 - Wet,01 - Traffic signal,00 - Unknown,1,0,0,0,,0,,,,,356780.7886,5015893.832,45.28107829,-75.83742358,10624
15--6282,2015/05/12,11:07 PM,INNES RD @ TENTH LINE RD (0004633),4633,02 - Intersection related,03 - P.D. only,03 - Rear end,02 - Rain,07 - Dark,02 - Wet,01 - Traffic signal,01 - Functioning,2,0,0,0,,0,,,,,383949.8326,5036159.079,45.46087577,-75.4879094,10625
15--6283,2015/05/12,11:25 AM,HIGHWAY 417 btwn HWY417 IC118 RAMP57 & HWY417 IC118 RAMP35 (__3ZA2YQ),__3ZA2YQ,01 - Non intersection,02 - Non-fatal injury,03 - Rear end,01 - Clear,01 - Daylight,01 - Dry,10 - No control,,2,0,0,0,02 - Minor,1,,1,,,369406.7676,5031006.376,45.41601012,-75.67452658,10626
15--6284,2015/05/12,Unknown,NESBITT PL btwn PRINCE OF WALES DR & END (__3ZA9XA),__3ZA9XA,01 - Non intersection,03 - P.D. only,06 - SMV unattended vehicle,01 - Clear,00 - Unknown,01 - Dry,10 - No control,,1,0,0,0,,0,,,,,367445.3576,5025588.264,45.36743777,-75.70027268,10627
15--6285,2015/05/12,12:19 PM,BRONSON AVE @ SUNNYSIDE AVE/UNIVERSITY RD - CA (0007209),7209,02 - Intersection related,03 - P.D. only,03 - Rear end,01 - Clear,01 - Daylight,01 - Dry,01 - Traffic signal,01 - Functioning,2,0,0,0,,0,,,,,367923.674,5028092.029,45.38992307,-75.69384704,10628
15--6286,2015/05/12,12:50 PM,HILLCREST DR btwn DRISCOLL DR & DRISCOLL DR (__3ZA99C),__3ZA99C,01 - Non intersection,03 - P.D. only,06 - SMV unattended vehicle,01 - Clear,01 - Daylight,01 - Dry,10 - No control,,1,0,0,0,,0,,,,,367636.845,5011258.461,45.23848299,-75.69964479,10629
15--6287,2015/05/12,2:00 PM,GREENBANK RD @ STRANDHERD DR (0005563),5563,03 - At intersection,03 - P.D. only,05 - Turning movement,01 - Clear,01 - Daylight,01 - Dry,01 - Traffic signal,01 - Functioning,2,0,0,0,,0,,,,,363933.6839,5014783.935,45.27052614,-75.74638839,10630
15--6288,2015/05/12,2:15 PM,KING EDWARD AVE @ ST. PATRICK ST (0002714),2714,02 - Intersection related,03 - P.D. only,03 - Rear end,01 - Clear,01 - Daylight,01 - Dry,01 - Traffic signal,01 - Functioning,2,0,0,0,,0,,,,,368247.9806,5032822.508,45.43245707,-75.68909684,10631
15--6289,2015/05/12,2:34 PM,MORRISON DR @ BASELINE RD (0002570),2570,02 - Intersection related,03 - P.D. only,03 - Rear end,01 - Clear,01 - Daylight,01 - Dry,01 - Traffic signal,00 - Unknown,2,0,0,0,,0,,,,,360099.433,5022310.724,45.33856461,-75.79440932,10632
15--629,2015/01/10,10:50 AM,INNES RD btwn BLAIR RD & ANDERSON RD (__3ZA3JZ),__3ZA3JZ,01 - Non intersection,03 - P.D. only,04 - Sideswipe,01 - Clear,01 - Daylight,02 - Wet,10 - No control,,2,0,0,0,,0,,,,,375625.9638,5031469.917,45.41957894,-75.59500752,10633
15--6290,2015/05/12,3:12 PM,SOMERSET ST    W btwn BECKINGTON PRIV & BANK ST (__3ZAZQ1),__3ZAZQ1,04 - At/near private drive,03 - P.D. only,02 - Angle,01 - Clear,01 - Daylight,01 - Dry,10 - No control,,2,0,0,0,,0,,,,,367625.2372,5030875.679,45.41499637,-75.69730338,10634
15--6291,2015/05/12,3:40 PM,ST. JOSEPH BLVD btwn ST. JEAN ST & BELCOURT BLVD (__3ZA2AP),__3ZA2AP,01 - Non intersection,03 - P.D. only,04 - Sideswipe,01 - Clear,01 - Daylight,01 - Dry,10 - No control,,2,0,0,0,,0,,,,,381082.2177,5037273.191,45.47121863,-75.52439929,10635
15--6292,2015/05/12,3:51 PM,REGIONAL RD 174 EB @ OR174 IC109 RAMP55 (0012403),12403,03 - At intersection,03 - P.D. only,04 - Sideswipe,01 - Clear,01 - Daylight,01 - Dry,10 - No control,,2,0,0,0,,0,,,,,376459.8723,5034964.053,45.45093211,-75.58384485,10636
15--6293,2015/05/12,3:57 PM,HUNT CLUB RD @ RIVERSIDE DR (0002237),2237,02 - Intersection related,03 - P.D. only,03 - Rear end,01 - Clear,01 - Daylight,01 - Dry,01 - Traffic signal,01 - Functioning,2,0,0,0,,0,,,,,368035.9823,5021945.859,45.33461119,-75.69319935,10637
15--6294,2015/05/12,4:00 PM,ALLEN BLVD @ MCARTHUR AVE (0009809),9809,02 - Intersection related,03 - P.D. only,99 - Other,01 - Clear,01 - Daylight,01 - Dry,01 - Traffic signal,01 - Functioning,2,0,0,0,,0,,,,,370749.2637,5032749.932,45.43157266,-75.65714208,10638
15--6295,2015/05/12,4:01 PM,SAVAGE DR btwn HAZELDEAN RD & IVA ST (__3ZACRY),__3ZACRY,01 - Non intersection,03 - P.D. only,07 - SMV other,02 - Rain,01 - Daylight,02 - Wet,10 - No control,,1,0,0,0,,0,,,,,350459.0181,5015344.329,45.27657271,-75.91805051,10639
15--6296,2015/05/12,4:15 PM,INDUSTRIAL AVE/INNES RD @ ST. LAURENT BLVD (0002203),2203,02 - Intersection related,02 - Non-fatal injury,03 - Rear end,01 - Clear,01 - Daylight,01 - Dry,01 - Traffic signal,01 - Functioning,2,0,0,0,01 - Minimal,1,1,,,,373101.1688,5030004.486,45.40664472,-75.62746782,10640
15--6297,2015/05/12,4:42 PM,EAGLESON RD @ 146 N OF ABBEYHILL DR/HAZELDEAN  (0011577),11577,03 - At intersection,03 - P.D. only,05 - Turning movement,01 - Clear,01 - Daylight,01 - Dry,01 - Traffic signal,01 - Functioning,2,0,0,0,,0,,,,,353772.8096,5018171.212,45.30178666,-75.87553777,10641
15--6298,2015/05/12,4:52 PM,LYON ST    N btwn SLATER ST & LAURIER AVE W (__3ZBODA),__3ZBODA,04 - At/near private drive,02 - Non-fatal injury,05 - Turning movement,01 - Clear,01 - Daylight,01 - Dry,10 - No control,,2,1,0,0,02 - Minor,1,,1,,,367111.8568,5031137.591,45.41739888,-75.70382891,10642
15--6299,2015/05/12,5:05 PM,HAWTHORNE AVE btwn COLONEL BY DR & MAIN ST (__3ZA2FX),__3ZA2FX,01 - Non intersection,03 - P.D. only,06 - SMV unattended vehicle,01 - Clear,01 - Daylight,01 - Dry,10 - No control,,1,0,0,0,,0,,,,,368955.0799,5030626.266,45.41263158,-75.68034663,10643
15--63,2015/01/03,1:12 PM,FISHER AVE @ HOLLAND AVE (0002359),2359,02 - Intersection related,02 - Non-fatal injury,03 - Rear end,03 - Snow,01 - Daylight,03 - Loose snow,02 - Stop sign,01 - Functioning,2,0,0,0,01 - Minimal,1,1,,,,365401.7374,5027821.064,45.38770775,-75.72608497,10644
15--630,2015/01/10,10:58 PM,RIVERSIDE DR NB btwn BILLINGS BRIDGE SC RAMP NB & BILLINGS BRIDGE SC R (__3ZA3NL),__3ZA3NL,01 - Non intersection,03 - P.D. only,07 - SMV other,01 - Clear,07 - Dark,99 - Other,10 - No control,,1,0,0,0,,0,,,,,369144.7171,5027777.444,45.38698142,-75.6782957,10645
15--6300,2015/05/12,5:32 AM,HIGHWAY 417 btwn HWY417 IC124 RAMP76 & HWY417 IC124 RAMP67 (__3ZA2R7),__3ZA2R7,01 - Non intersection,02 - Non-fatal injury,07 - SMV other,01 - Clear,03 - Dawn,01 - Dry,10 - No control,,1,0,0,0,02 - Minor,1,,1,,,364340.051,5027419.035,45.38418143,-75.73969053,10646
15--6301,2015/05/12,5:40 PM,JAMIE AVE @ SUNDERLAND ST (0004576),4576,03 - At intersection,03 - P.D. only,02 - Angle,01 - Clear,01 - Daylight,01 - Dry,02 - Stop sign,01 - Functioning,2,0,0,0,,0,,,,,366065.667,5022022.988,45.33547998,-75.71832581,10647
15--6302,2015/05/12,5:55 AM,BANTREE ST @ INNES RD (0007684),7684,03 - At intersection,02 - Non-fatal injury,05 - Turning movement,02 - Rain,03 - Dawn,02 - Wet,01 - Traffic signal,01 - Functioning,2,0,0,0,01 - Minimal,2,2,,,,373706.4439,5030405.474,45.41019329,-75.61968043,10648
15--6303,2015/05/12,5:56 PM,BASELINE RD @ CEDARVIEW RD (0010259),10259,03 - At intersection,02 - Non-fatal injury,05 - Turning movement,01 - Clear,01 - Daylight,01 - Dry,01 - Traffic signal,01 - Functioning,2,0,0,0,02 - Minor,1,,1,,,358968.6288,5021674.972,45.3329323,-75.80890629,10649
15--6304,2015/05/12,6:00 PM,PORTOBELLO BLVD @ VALIN ST (0012844),12844,03 - At intersection,03 - P.D. only,05 - Turning movement,01 - Clear,01 - Daylight,01 - Dry,02 - Stop sign,01 - Functioning,2,0,0,0,,0,,,,,385350.766,5037696.488,45.47454777,-75.46974655,10650
15--6305,2015/05/12,6:10 PM,PRINCE OF WALES DR btwn ORMOND RD & PHELAN RD W (__3ZA4KS),__3ZA4KS,04 - At/near private drive,02 - Non-fatal injury,03 - Rear end,01 - Clear,01 - Daylight,01 - Dry,10 - No control,,2,0,0,0,01 - Minimal,1,1,,,,367065.9268,5002308.911,45.15800522,-75.70803385,10651
15--6306,2015/05/12,6:50 PM,CARLING AVE @ PRESTON ST (0002161),2161,02 - Intersection related,03 - P.D. only,03 - Rear end,01 - Clear,01 - Daylight,01 - Dry,01 - Traffic signal,01 - Functioning,2,0,0,0,,0,,,,,366829.71,5028935.071,45.39760629,-75.70771072,10652
15--6307,2015/05/12,7:00 PM,ST. LAURENT BLVD @ COVENTRY RD/OGILVIE RD (0002151),2151,03 - At intersection,03 - P.D. only,03 - Rear end,01 - Clear,01 - Daylight,01 - Dry,01 - Traffic signal,01 - Functioning,2,0,0,0,,0,,,,,372307.8817,5031951.214,45.42423745,-75.63733405,10653
15--6308,2015/05/12,7:12 PM,HAIG DR @ SMYTH RD (0007736),7736,03 - At intersection,03 - P.D. only,05 - Turning movement,01 - Clear,01 - Daylight,01 - Dry,01 - Traffic signal,01 - Functioning,2,0,0,0,,0,,,,,372565.4456,5029298.909,45.40034832,-75.63440773,10654
15--6309,2015/05/12,7:38 AM,CAMPEAU DR @ HUNTMAR DR (0011612),11612,03 - At intersection,03 - P.D. only,02 - Angle,01 - Clear,01 - Daylight,01 - Dry,11 - Roundabout,01 - Functioning,2,0,0,0,,0,,,,,349053.6082,5018056.464,45.30106727,-75.93572042,10655
15--631,2015/01/10,11:05 AM,MONTGOMERY ST @ MONTREAL RD (0009342),9342,02 - Intersection related,03 - P.D. only,03 - Rear end,01 - Clear,01 - Daylight,04 - Slush,01 - Traffic signal,01 - Functioning,2,0,0,0,,0,,,,,369814.6765,5032921.07,45.4332,-75.66906261,10656
15--6310,2015/05/12,8:00 PM,SAULT ST btwn KENNEDY LANE W & MAJOR RD (__3ZA6YM),__3ZA6YM,04 - At/near private drive,03 - P.D. only,06 - SMV unattended vehicle,01 - Clear,05 - Dusk,01 - Dry,10 - No control,,1,0,0,0,,0,,,,,382206.6895,5037754.252,45.47542307,-75.50994438,10657
15--6311,2015/05/12,8:00 PM,SPRUCE ST btwn PRESTON ST & ROCHESTER ST (__3ZA0WO),__3ZA0WO,01 - Non intersection,03 - P.D. only,06 - SMV unattended vehicle,01 - Clear,05 - Dusk,01 - Dry,10 - No control,,1,0,0,0,,0,,,,,366297.3261,5030208.725,45.40911327,-75.71435124,10658
15--6312,2015/05/12,8:19 AM,BOOTH ST btwn MIDDLE ST & VIMY PLACE PRIV (__5VHJ3U),__5VHJ3U,07 - Overpass or bridge,03 - P.D. only,07 - SMV other,02 - Rain,01 - Daylight,02 - Wet,10 - No control,,1,0,0,0,,0,,,,,366177.3468,5031202.46,45.41806516,-75.71576012,10659
15--6313,2015/05/12,9:01 AM,GREENBANK RD @ WEST HUNT CLUB RD (0005167),5167,02 - Intersection related,03 - P.D. only,07 - SMV other,01 - Clear,01 - Daylight,01 - Dry,01 - Traffic signal,01 - Functioning,1,0,0,0,,0,,,,,361478.9541,5020502.6,45.32218504,-75.7770158,10660
15--6314,2015/05/12,9:15 AM,MCARTHUR AVE btwn IRWIN MILLER ST & BRANT ST (__3ZA3WB),__3ZA3WB,01 - Non intersection,03 - P.D. only,04 - Sideswipe,01 - Clear,01 - Daylight,01 - Dry,10 - No control,,2,0,0,0,,0,,,,,371222.3591,5032802.334,45.43199937,-75.65108933,10661
15--6315,2015/05/12,9:17 AM,CAMPEAU DR btwn STONECROFT TER & CONACHER GT (__3ZA17Q),__3ZA17Q,01 - Non intersection,03 - P.D. only,99 - Other,01 - Clear,01 - Daylight,01 - Dry,10 - No control,,2,0,0,0,,0,,,,,351369.1849,5019673.062,45.31546414,-75.90604405,10662
15--6316,2015/05/12,9:20 PM,GREENBANK RD @ BERRIGAN DR/WESSEX RD (0004726),4726,02 - Intersection related,02 - Non-fatal injury,03 - Rear end,01 - Clear,07 - Dark,01 - Dry,01 - Traffic signal,00 - Unknown,3,0,0,0,02 - Minor,1,,1,,,363723.6817,5015274.979,45.27496219,-75.7490062,10663
15--6317,2015/05/12,9:24 AM,WALGATE AVE btwn MULVAGH AVE & CHARKAY ST (__3ZAAWT),__3ZAAWT,01 - Non intersection,03 - P.D. only,06 - SMV unattended vehicle,01 - Clear,01 - Daylight,01 - Dry,10 - No control,,1,0,0,0,,0,,,,,365316.7556,5024151.679,45.35469864,-75.72761968,10664
15--6318,2015/05/12,9:41 AM,BANK ST @ RIVERSIDE DR N (0010778),10778,02 - Intersection related,03 - P.D. only,04 - Sideswipe,01 - Clear,01 - Daylight,01 - Dry,01 - Traffic signal,01 - Functioning,2,0,0,0,,0,,,,,369226.4366,5027982.465,45.38881862,-75.67722546,10665
15--6319,2015/05/13,1:37 PM,TARA DR @ MAITLAND AVE (0003218),3218,02 - Intersection related,03 - P.D. only,04 - Sideswipe,01 - Clear,01 - Daylight,01 - Dry,02 - Stop sign,01 - Functioning,2,0,0,0,,0,,,,,363495.8482,5025388.476,45.36598198,-75.75071116,10666
15--632,2015/01/10,11:28 PM,ELGIN ST btwn LEWIS ST & WAVERLEY ST (__3ZA34R),__3ZA34R,01 - Non intersection,03 - P.D. only,05 - Turning movement,01 - Clear,07 - Dark,03 - Loose snow,10 - No control,,2,0,0,0,,0,,,,,368284.4151,5031005.526,45.4161052,-75.68886541,10667
15--6320,2015/05/13,1:41 PM,BLAIR RD @ OGILVIE RD (0004120),4120,02 - Intersection related,03 - P.D. only,03 - Rear end,01 - Clear,01 - Daylight,01 - Dry,01 - Traffic signal,01 - Functioning,2,0,0,0,,0,,,,,374507.003,5033196.773,45.43522863,-75.60905909,10668
15--6321,2015/05/13,1:43 PM,GLENFERN AVE btwn LA VERENDRYE DR & GLENHURST CRES (__3ZBO1N),__3ZBO1N,01 - Non intersection,03 - P.D. only,06 - SMV unattended vehicle,01 - Clear,01 - Daylight,01 - Dry,10 - No control,,1,0,0,0,,0,,,,,374838.112,5035712.172,45.45782765,-75.60446957,10669
15--6322,2015/05/13,10:30 AM,HIGHWAY 417 btwn HWY417 IC118 RAMP35 & HWY417 IC117 RAMP51 (__3ZA2YP),__3ZA2YP,01 - Non intersection,03 - P.D. only,04 - Sideswipe,01 - Clear,01 - Daylight,01 - Dry,10 - No control,,2,0,0,0,,0,,,,,370198.468,5031101.106,45.41678891,-75.66439962,10670
15--6323,2015/05/13,10:32 PM,CHAPEL ST @ LAURIER AVE (0007756),7756,03 - At intersection,03 - P.D. only,05 - Turning movement,01 - Clear,07 - Dark,01 - Dry,01 - Traffic signal,01 - Functioning,2,0,0,0,,0,,,,,369122.4427,5032254.175,45.42726355,-75.67799608,10671
15--6324,2015/05/13,10:38 AM,BASELINE RD @ FISHER AVE (0002346),2346,02 - Intersection related,03 - P.D. only,03 - Rear end,01 - Clear,01 - Daylight,01 - Dry,01 - Traffic signal,01 - Functioning,2,0,0,0,,0,,,,,366165.9729,5026026.731,45.37149619,-75.71654922,10672
15--6325,2015/05/13,11:26 AM,INNES RD @ TENTH LINE RD (0004633),4633,02 - Intersection related,03 - P.D. only,03 - Rear end,01 - Clear,01 - Daylight,01 - Dry,01 - Traffic signal,01 - Functioning,2,0,0,0,,0,,,,,383951.7603,5036160.642,45.46088961,-75.4878845,10673
15--5621,2015/04/21,8:35 AM,MONTREAL RD @ VANIER PKWY (0004630),4630,02 - Intersection related,03 - P.D. only,03 - Rear end,02 - Rain,01 - Daylight,02 - Wet,01 - Traffic signal,01 - Functioning,2,0,0,0,,0,,,,,370072.7098,5033065.11,45.43447197,-75.665746,10674
15--580,2015/01/09,6:30 PM,HWY416 IC72 RAMP62 btwn HIGHWAY 416 & CEDARVIEW RD (__3ZAY4G),__3ZAY4G,01 - Non intersection,03 - P.D. only,03 - Rear end,02 - Rain,07 - Dark,03 - Loose snow,10 - No control,,3,0,0,0,,0,,,,,359409.33,5019761.105,45.31567708,-75.80349522,10675
15--6163,2015/05/08,2:45 PM,WEST HUNT CLUB RD @ WOODROFFE AVE (0000576),576,02 - Intersection related,03 - P.D. only,04 - Sideswipe,01 - Clear,01 - Daylight,01 - Dry,01 - Traffic signal,01 - Functioning,2,0,0,0,,0,,,,,363670.691,5021246.129,45.32869489,-75.74897245,10676
15--6164,2015/05/08,2:56 PM,VIEWMOUNT DR btwn MERIVALE RD & GRANT CARMAN DR (__3ZA0AL),__3ZA0AL,04 - At/near private drive,02 - Non-fatal injury,05 - Turning movement,01 - Clear,01 - Daylight,01 - Dry,10 - No control,,2,0,0,0,01 - Minimal,1,1,,,,365264.5405,5022991.266,45.34426191,-75.72842793,10677
15--5443,2015/04/16,3:40 PM,BASELINE RD @ FARLANE BLVD (0002725),2725,03 - At intersection,03 - P.D. only,05 - Turning movement,01 - Clear,01 - Daylight,01 - Dry,01 - Traffic signal,01 - Functioning,3,0,0,0,,0,,,,,365356.6921,5025518.015,45.36698926,-75.7269426,10678
15--5622,2015/04/21,8:43 AM,BLAIR RD @ OGILVIE RD (0004120),4120,02 - Intersection related,03 - P.D. only,03 - Rear end,01 - Clear,01 - Daylight,01 - Dry,01 - Traffic signal,01 - Functioning,2,0,0,0,,0,,,,,374508.6876,5033196.165,45.435223,-75.60903765,10679
15--5800,2015/04/28,3:45 PM,LESTER RD btwn ALBION RD & UPLANDS DR (__3ZA2SC),__3ZA2SC,01 - Non intersection,03 - P.D. only,05 - Turning movement,01 - Clear,01 - Daylight,01 - Dry,10 - No control,,2,0,0,0,,0,,,,,372625.554,5022292.496,45.3373015,-75.63460196,10680
15--5444,2015/04/16,4:16 PM,ST. LAURENT BLVD btwn BOURASSA ST & SMYTH RD (__3ZA3R6),__3ZA3R6,01 - Non intersection,02 - Non-fatal injury,03 - Rear end,01 - Clear,01 - Daylight,01 - Dry,10 - No control,,2,0,0,0,02 - Minor,1,,1,,,373238.2684,5029688.573,45.40378889,-75.62576045,10681
15--6165,2015/05/08,3:03 PM,RIVERSIDE DR @ RIVERSIDE HOSPITAL (0011960),11960,02 - Intersection related,02 - Non-fatal injury,03 - Rear end,01 - Clear,01 - Daylight,01 - Dry,01 - Traffic signal,01 - Functioning,2,0,0,0,01 - Minimal,1,1,,,,369715.2039,5028626.899,45.39457189,-75.67089941,10682
15--5623,2015/04/21,8:56 PM,VALIN ST btwn CHARLEMAGNE BLVD & NORTHLANDS DR (__3ZA5VO),__3ZA5VO,01 - Non intersection,03 - P.D. only,06 - SMV unattended vehicle,01 - Clear,07 - Dark,01 - Dry,10 - No control,,1,0,0,0,,0,,,,,384776.9345,5037599.339,45.47373967,-75.47710055,10683
15--5801,2015/04/28,3:45 PM,HUNT CLUB RD @ HWY417 HUNT CLUB IC109 RAMP52 (0017210),17210,02 - Intersection related,02 - Non-fatal injury,03 - Rear end,01 - Clear,01 - Daylight,01 - Dry,02 - Stop sign,01 - Functioning,3,0,0,0,01 - Minimal,1,1,,,,376416.5641,5027444.644,45.38328129,-75.58549128,10684
15--5445,2015/04/16,4:18 PM,ALTA VISTA DR @ SMYTH RD (0011353),11353,02 - Intersection related,03 - P.D. only,03 - Rear end,01 - Clear,01 - Daylight,01 - Dry,01 - Traffic signal,01 - Functioning,2,0,0,0,,0,,,,,370431.4079,5029083.428,45.39861281,-75.66169225,10685
15--5446,2015/04/16,7:40 AM,REGIONAL ROAD 174 btwn EAST ST & EAST SHORE RD (__3ZA27Y),__3ZA27Y,01 - Non intersection,03 - P.D. only,03 - Rear end,01 - Clear,01 - Daylight,01 - Dry,10 - No control,,3,0,0,0,,0,,,,,391668.7223,5042816.013,45.51984948,-75.38804764,10686
15--5447,2015/04/16,7:50 PM,ALBERT ST @ BAY ST (0006357),6357,02 - Intersection related,03 - P.D. only,04 - Sideswipe,01 - Clear,07 - Dark,01 - Dry,01 - Traffic signal,01 - Functioning,2,0,0,0,,0,,,,,366942.6954,5031143.226,45.41746463,-75.7059894,10687
15--5448,2015/04/16,8:07 PM,RICHMOND RD btwn BERKLEY AVE & ROOSEVELT AVE (__3ZA307),__3ZA307,01 - Non intersection,03 - P.D. only,99 - Other,01 - Clear,07 - Dark,01 - Dry,10 - No control,,2,0,0,0,,0,,,,,362975.6926,5028114.997,45.39055823,-75.75702948,10688
15--5449,2015/04/16,8:08 PM,COOPER ST @ BANK ST (0006951),6951,03 - At intersection,03 - P.D. only,02 - Angle,01 - Clear,07 - Dark,01 - Dry,02 - Stop sign,01 - Functioning,2,0,0,0,,0,,,,,367648.7103,5030989.491,45.41601831,-75.69698899,10689
15--545,2015/01/09,12:24 PM,PARKDALE AVE @ TYNDALL ST (0006515),6515,03 - At intersection,03 - P.D. only,02 - Angle,01 - Clear,01 - Daylight,02 - Wet,02 - Stop sign,01 - Functioning,2,0,0,0,,0,,,,,365263.7006,5029015.971,45.3984712,-75.72770118,10690
15--5450,2015/04/16,8:15 AM,HIGHWAY 417 btwn HWY417 IC121B RAMP51 & HWY417 IC121A RAMP51 (__3ZA2YW),__3ZA2YW,01 - Non intersection,03 - P.D. only,03 - Rear end,01 - Clear,01 - Daylight,01 - Dry,10 - No control,,3,0,0,0,,0,,,,,366747.1597,5029566.607,45.403296,-75.70868569,10691
15--5451,2015/04/16,8:16 AM,CHAPEL CRES @ WIGGINS PRIV N (0002097),2097,03 - At intersection,03 - P.D. only,02 - Angle,01 - Clear,01 - Daylight,01 - Dry,02 - Stop sign,01 - Functioning,2,0,0,0,,0,,,,,369603.6762,5031466.096,45.42012829,-75.67195051,10692
15--5452,2015/04/16,8:44 PM,GREENBANK RD @ JOCKVALE RD (0010360),10360,02 - Intersection related,03 - P.D. only,04 - Sideswipe,01 - Clear,07 - Dark,01 - Dry,01 - Traffic signal,00 - Unknown,2,0,0,0,,0,,,,,364120.7239,5014329.931,45.26642525,-75.74405916,10693
15--5453,2015/04/16,8:49 AM,EAGLESON RD btwn MARCH RD & HWY417 IC138 RAMP35 (__3ZAZEV),__3ZAZEV,01 - Non intersection,03 - P.D. only,03 - Rear end,01 - Clear,01 - Daylight,01 - Dry,10 - No control,,2,0,0,0,,0,,,,,352956.3237,5020200.322,45.32010148,-75.88575115,10694