Anom_ID,Accident_Date,Accident_Time,Location,Geo_ID,Accident_Location,Classification_of_Accident,Initial_Impact_Type,Environment_Condition,Light,Road_Surface_Condition,Traffic_Control,Traffic_Control_Condition,No__of_Vehicles,No__of_Bicycles,No__of_Motorcycles,No__of_Pedestrians,Max_Injury,No__of_Injuries,No__of_Minimal,No__of_Minor,No__of_Major,No__of_Fatal,X,Y,Latitude,Longitude,ObjectId
15--5454,2015/04/16,8:55 AM,GRANT CARMAN DR @ MEADOWLANDS DR (0001111),1111,02 - Intersection related,03 - P.D. only,04 - Sideswipe,01 - Clear,01 - Daylight,01 - Dry,01 - Traffic signal,01 - Functioning,2,0,0,0,,0,,,,,365050.7302,5023901.025,45.3524662,-75.73104523,10695
15--5455,2015/04/16,9:03 AM,CAMPEAU DR @ TERON RD/COLCHESTER SQ (0009033),9033,03 - At intersection,02 - Non-fatal injury,03 - Rear end,01 - Clear,01 - Daylight,01 - Dry,01 - Traffic signal,01 - Functioning,2,0,0,0,01 - Minimal,1,1,,,,352562.7586,5020468.008,45.32253706,-75.89074509,10696
15--5456,2015/04/16,9:03 AM,EMOND ST @ MONTREAL RD (0009802),9802,03 - At intersection,03 - P.D. only,05 - Turning movement,01 - Clear,01 - Daylight,01 - Dry,02 - Stop sign,00 - Unknown,2,0,1,0,,0,,,,,370194.7971,5033134.611,45.43508591,-75.66417653,10697
15--5457,2015/04/16,9:09 AM,INDUSTRIAL AVE @ RIVERSIDE DR (0011905),11905,02 - Intersection related,03 - P.D. only,03 - Rear end,01 - Clear,01 - Daylight,01 - Dry,01 - Traffic signal,01 - Functioning,2,0,0,0,,0,,,,,370685.6825,5030593.035,45.41217179,-75.65824304,10698
15--5458,2015/04/16,9:19 AM,CHIMO DR btwn CHIMO DR (LOOP) & CHIMO DR (LOOP) (__3ZABE2),__3ZABE2,01 - Non intersection,02 - Non-fatal injury,07 - SMV other,01 - Clear,01 - Daylight,01 - Dry,10 - No control,,1,0,0,1,01 - Minimal,1,1,,,,352966.7049,5019366.135,45.31259458,-75.88569985,10699
15--5459,2015/04/16,9:25 PM,HWY417 IC130 RAMP36 btwn RICHMOND RD & HWY417 IC131 RAMP66 (__3ZAY7U),__3ZAY7U,01 - Non intersection,02 - Non-fatal injury,07 - SMV other,01 - Clear,07 - Dark,01 - Dry,10 - No control,,1,0,0,0,03 - Major,1,,,1,,359276.2286,5023233.212,45.34692958,-75.80481059,10700
15--546,2015/01/09,12:28 PM,SCHARFIELD RD @ MAPLE AVE (0008990),8990,02 - Intersection related,03 - P.D. only,03 - Rear end,01 - Clear,01 - Daylight,02 - Wet,02 - Stop sign,01 - Functioning,2,0,0,0,,0,,,,,368637.2858,5009743.67,45.22476297,-75.68709775,10701
15--5460,2015/04/17,1:00 PM,HWY417 IC131 RAMP66 btwn HWY417 IC130 RAMP36 & HWY417 IC131 RAMP63 (__3ZA1SX),__3ZA1SX,01 - Non intersection,03 - P.D. only,03 - Rear end,01 - Clear,01 - Daylight,01 - Dry,10 - No control,,2,0,0,0,,0,,,,,358425.4266,5022886.764,45.34387779,-75.81570473,10702
15--5461,2015/04/17,1:11 AM,NAVAHO DR @ WOODROFFE AVE/TRANSITWAY N BASELIN (0010359),10359,02 - Intersection related,03 - P.D. only,07 - SMV other,02 - Rain,07 - Dark,02 - Wet,01 - Traffic signal,01 - Functioning,1,0,0,0,,0,,,,,362703.9007,5023493.337,45.34899556,-75.76104201,10703
15--5462,2015/04/17,10:00 AM,GENEST ST btwn ST. CHARLES ST & MARIER AVE (__3ZA8XI),__3ZA8XI,01 - Non intersection,03 - P.D. only,01 - Approaching,01 - Clear,01 - Daylight,01 - Dry,10 - No control,,2,0,0,0,,0,,,,,369684.6589,5033721.03,45.44040979,-75.67061872,10704
15--5463,2015/04/17,10:12 AM,ST. PATRICK ST/ST. ANDREW ST @ BEAUSOLEIL DR (0007780),7780,02 - Intersection related,03 - P.D. only,03 - Rear end,01 - Clear,01 - Daylight,01 - Dry,01 - Traffic signal,04 - Missing/Damaged,2,0,0,0,,0,,,,,368428.6619,5033070.074,45.43466817,-75.68675587,10705
15--5464,2015/04/17,10:28 AM,ST. PATRICK ST/ST. ANDREW ST @ BEAUSOLEIL DR (0007780),7780,03 - At intersection,03 - P.D. only,07 - SMV other,01 - Clear,01 - Daylight,01 - Dry,01 - Traffic signal,01 - Functioning,1,0,0,0,,0,,,,,368428.1475,5033069.581,45.43466378,-75.6867625,10706
15--5465,2015/04/17,10:37 PM,CARP RD @ MCGEE SIDE RD (0005760),5760,03 - At intersection,03 - P.D. only,05 - Turning movement,01 - Clear,07 - Dark,01 - Dry,02 - Stop sign,01 - Functioning,2,0,0,0,,0,,,,,344198.4812,5019441.969,45.31382365,-75.99751566,10707
15--5466,2015/04/17,10:55 AM,CANOTEK RD @ RAINBOW ST (0009490),9490,03 - At intersection,03 - P.D. only,99 - Other,01 - Clear,01 - Daylight,01 - Dry,02 - Stop sign,01 - Functioning,2,0,0,0,,0,,,,,376227.9426,5035173.044,45.45283622,-75.58677929,10708
15--5467,2015/04/17,10:56 AM,GENEST ST btwn LOYER ST & ST. CHARLES ST (__3ZA8V9),__3ZA8V9,01 - Non intersection,03 - P.D. only,06 - SMV unattended vehicle,01 - Clear,01 - Daylight,01 - Dry,10 - No control,,1,0,0,0,,0,,,,,369525.6355,5033568.619,45.4390532,-75.67267125,10709
15--5468,2015/04/17,11:05 PM,BEECH ST @ ROCHESTER ST (0002025),2025,03 - At intersection,02 - Non-fatal injury,06 - SMV unattended vehicle,01 - Clear,07 - Dark,01 - Dry,02 - Stop sign,01 - Functioning,1,0,1,0,02 - Minor,1,,1,,,366856.3186,5029342.385,45.40126884,-75.70731964,10710
15--5469,2015/04/17,11:12 AM,REBECCA CRES btwn MASSEY LANE & END (__3ZA7TI),__3ZA7TI,01 - Non intersection,03 - P.D. only,07 - SMV other,01 - Clear,01 - Daylight,01 - Dry,10 - No control,,1,0,0,0,,0,,,,,373857.8042,5036170.505,45.46204904,-75.61693822,10711
15--547,2015/01/09,12:36 PM,LYON ST @ NEPEAN ST (0007697),7697,02 - Intersection related,03 - P.D. only,05 - Turning movement,01 - Clear,01 - Daylight,02 - Wet,02 - Stop sign,00 - Unknown,2,0,0,0,,0,,,,,367232.7665,5030934.094,45.4155571,-75.70230995,10712
15--5470,2015/04/17,11:19 AM,FERIAND ST @ JOLLIET AVE (0009964),9964,03 - At intersection,03 - P.D. only,07 - SMV other,01 - Clear,01 - Daylight,01 - Dry,02 - Stop sign,01 - Functioning,1,0,0,0,,0,,,,,369833.2261,5034052.808,45.44338118,-75.66867603,10713
15--5471,2015/04/17,11:43 AM,ST. PATRICK ST/ST. ANDREW ST @ BEAUSOLEIL DR (0007780),7780,02 - Intersection related,02 - Non-fatal injury,06 - SMV unattended vehicle,01 - Clear,01 - Daylight,01 - Dry,01 - Traffic signal,00 - Unknown,1,0,0,0,02 - Minor,1,,1,,,368428.7132,5033069.593,45.43466383,-75.68675527,10714
15--5472,2015/04/17,Unknown,MACKAY ST btwn VAUGHAN ST & BEECHWOOD AVE (__3ZA8WA),__3ZA8WA,01 - Non intersection,03 - P.D. only,06 - SMV unattended vehicle,01 - Clear,00 - Unknown,01 - Dry,10 - No control,,1,0,0,0,,0,,,,,369134.0119,5033617.563,45.43952972,-75.6776701,10715
15--5473,2015/04/17,12:13 PM,ROCKCLIFFE PKWY btwn GL/OT BOUNDARY & ST. JOSEPH BLVD (__3ZA21V),__3ZA21V,01 - Non intersection,03 - P.D. only,01 - Approaching,01 - Clear,01 - Daylight,01 - Dry,10 - No control,,2,0,0,0,,0,,,,,373468.4425,5036195.048,45.46230825,-75.62191308,10716
15--5474,2015/04/17,12:22 PM,GLEBE AVE btwn LYON ST S & BANK ST (__3ZA933),__3ZA933,01 - Non intersection,02 - Non-fatal injury,07 - SMV other,01 - Clear,01 - Daylight,01 - Dry,10 - No control,,1,0,0,1,02 - Minor,1,,1,,,368219.0935,5029776.465,45.40505243,-75.68985805,10717
15--5475,2015/04/17,12:39 PM,BANK ST @ RIDEAU RD (0009263),9263,02 - Intersection related,03 - P.D. only,03 - Rear end,01 - Clear,01 - Daylight,01 - Dry,01 - Traffic signal,01 - Functioning,2,0,0,0,,0,,,,,376953.7886,5017843.991,45.29684405,-75.58003215,10718
15--5476,2015/04/17,12:40 PM,BESSERER ST @ CHARLOTTE ST (0008425),8425,03 - At intersection,03 - P.D. only,02 - Angle,01 - Clear,01 - Daylight,01 - Dry,02 - Stop sign,01 - Functioning,2,0,0,0,,0,,,,,369292.7075,5032791.225,45.43208004,-75.67575008,10719
15--5477,2015/04/17,2:12 PM,MERIVALE RD btwn ROSSLAND AVE & EMERALD PLAZA SC (__3ZA4HZA),__3ZA4HZA,01 - Non intersection,02 - Non-fatal injury,04 - Sideswipe,01 - Clear,01 - Daylight,01 - Dry,10 - No control,,2,1,0,0,01 - Minimal,1,1,,,,364722.4362,5024032.245,45.35367503,-75.73521882,10720
15--5478,2015/04/17,2:15 AM,LEITRIM RD btwn HAWTHORNE RD & RAMSAYVILLE RD (__3ZA2B0),__3ZA2B0,01 - Non intersection,03 - P.D. only,07 - SMV other,01 - Clear,07 - Dark,01 - Dry,10 - No control,,1,0,0,0,,0,,,,,378410.5238,5023506.913,45.34764512,-75.5606194,10721
15--5479,2015/04/17,2:40 PM,CHAMPLAIN ST @ JEANNE D'ARC BLVD (0004106),4106,02 - Intersection related,03 - P.D. only,03 - Rear end,01 - Clear,01 - Daylight,01 - Dry,01 - Traffic signal,01 - Functioning,2,0,0,0,,0,,,,,381379.3843,5038722.968,45.48422997,-75.52037326,10722
15--548,2015/01/09,2:37 PM,CARLING AVE @ RICHMOND RD (0010847),10847,02 - Intersection related,02 - Non-fatal injury,03 - Rear end,01 - Clear,01 - Daylight,02 - Wet,01 - Traffic signal,01 - Functioning,2,0,0,0,01 - Minimal,1,1,,,,360244.7151,5024781.994,45.36078959,-75.79227866,10723
15--5480,2015/04/17,2:47 PM,HALIFAX DR @ WALKLEY RD (0008803),8803,02 - Intersection related,03 - P.D. only,04 - Sideswipe,01 - Clear,01 - Daylight,01 - Dry,01 - Traffic signal,01 - Functioning,2,0,0,0,,0,,,,,373642.7731,5027899.061,45.38764802,-75.62084359,10724
15--5481,2015/04/17,2:48 PM,CATHCART ST btwn DALHOUSIE ST & CUMBERLAND ST (__3ZA7DN),__3ZA7DN,01 - Non intersection,02 - Non-fatal injury,04 - Sideswipe,01 - Clear,01 - Daylight,01 - Dry,10 - No control,,3,0,0,0,02 - Minor,2,1,1,,,367871.4695,5032985.031,45.43395346,-75.69388758,10725
15--5482,2015/04/17,3:20 PM,BANK ST @ RIDEAU RD (0009263),9263,03 - At intersection,03 - P.D. only,05 - Turning movement,01 - Clear,01 - Daylight,01 - Dry,01 - Traffic signal,01 - Functioning,2,0,0,0,,0,,,,,376953.7886,5017844.955,45.29685273,-75.58003201,10726
15--5483,2015/04/17,3:28 PM,PARENT AVE @ ST. PATRICK ST (0008240),8240,03 - At intersection,03 - P.D. only,05 - Turning movement,01 - Clear,01 - Daylight,01 - Dry,01 - Traffic signal,01 - Functioning,2,0,0,0,,0,,,,,367820.9816,5032556.233,45.43009984,-75.69458768,10727
15--5484,2015/04/17,3:30 PM,DONALD ST @ VANIER PKWY (0007644),7644,02 - Intersection related,03 - P.D. only,03 - Rear end,01 - Clear,01 - Daylight,01 - Dry,01 - Traffic signal,01 - Functioning,2,0,0,0,,0,,,,,370311.7131,5032270.225,45.42729758,-75.66279737,10728
15--5485,2015/04/17,3:31 PM,HIGHWAY 417 btwn HWY417 IC120A RAMP52 & HWY417 IC119B RAMP57 (__3ZA2R1),__3ZA2R1,01 - Non intersection,03 - P.D. only,03 - Rear end,01 - Clear,01 - Daylight,01 - Dry,10 - No control,,2,0,0,0,,0,,,,,367874.7156,5030053.11,45.40757271,-75.69422145,10729
15--5486,2015/04/17,4:01 PM,BLACKBURN BYPASS EB btwn 1700 W OF NAVAN RD & NAVAN RD (__3ZA3J6B),__3ZA3J6B,01 - Non intersection,03 - P.D. only,03 - Rear end,01 - Clear,01 - Daylight,01 - Dry,10 - No control,,2,0,0,0,,0,,,,,379524.7741,5033171.139,45.43447979,-75.54493839,10730
15--5487,2015/04/17,4:20 PM,BASELINE RD @ FARLANE BLVD (0002725),2725,02 - Intersection related,03 - P.D. only,03 - Rear end,01 - Clear,01 - Daylight,01 - Dry,01 - Traffic signal,00 - Unknown,2,0,0,0,,0,,,,,365354.8806,5025519.107,45.36699924,-75.72696559,10731
15--5488,2015/04/17,4:32 PM,PLACE D'ORLEANS DR W @ ST. JOSEPH BLVD (0008776),8776,02 - Intersection related,03 - P.D. only,03 - Rear end,01 - Clear,01 - Daylight,01 - Dry,01 - Traffic signal,01 - Functioning,3,0,0,0,,0,,,,,381604.573,5037685.545,45.47487139,-75.51765523,10732
15--5489,2015/04/17,4:50 PM,STRANDHERD DR btwn ANDORA AVE & JOCKVALE RD (__3ZAZMN),__3ZAZMN,01 - Non intersection,02 - Non-fatal injury,03 - Rear end,01 - Clear,01 - Daylight,01 - Dry,10 - No control,,3,0,0,0,02 - Minor,1,,1,,,363544.5364,5014565.587,45.26859405,-75.75137317,10733
15--549,2015/01/09,2:45 PM,9TH LINE RD @ COOPER HILL RD (0001573),1573,03 - At intersection,02 - Non-fatal injury,02 - Angle,01 - Clear,01 - Daylight,05 - Packed snow,02 - Stop sign,01 - Functioning,2,0,0,0,01 - Minimal,2,2,,,,385677.9681,5016049.486,45.27974829,-75.46910767,10734
15--5490,2015/04/17,5:11 PM,DONALD ST @ ELAINE DR (0009928),9928,02 - Intersection related,03 - P.D. only,03 - Rear end,01 - Clear,01 - Daylight,01 - Dry,01 - Traffic signal,01 - Functioning,2,0,0,0,,0,,,,,372331.7866,5032480.104,45.42899385,-75.63695609,10735
15--5491,2015/04/17,5:15 PM,RICHMOND RD @ ROBERTSON RD (0000639),639,03 - At intersection,02 - Non-fatal injury,03 - Rear end,01 - Clear,01 - Daylight,01 - Dry,01 - Traffic signal,01 - Functioning,2,0,0,0,01 - Minimal,1,1,,,,357578.7863,5020751.025,45.32472446,-75.82673542,10736
15--5492,2015/04/17,5:20 PM,CATHERINE ST @ METCALFE ST (0011239),11239,03 - At intersection,03 - P.D. only,05 - Turning movement,01 - Clear,01 - Daylight,01 - Dry,01 - Traffic signal,01 - Functioning,2,0,0,0,,0,,,,,368393.6981,5030486.911,45.41142895,-75.68753617,10737
15--5493,2015/04/17,6:00 AM,D'AOUST AVE btwn CHILLIWACK WAY & TIMBERMILL ST (__3ZA8PO),__3ZA8PO,04 - At/near private drive,03 - P.D. only,06 - SMV unattended vehicle,01 - Clear,03 - Dawn,01 - Dry,10 - No control,,1,0,0,0,,0,,,,,372359.0924,5023552.528,45.34866455,-75.63782932,10738
15--5494,2015/04/17,6:00 PM,HORSESHOE CRES btwn STITTSVILLE MAIN ST & MOJAVE CRES (2) (__6NGQH4),__6NGQH4,01 - Non intersection,03 - P.D. only,06 - SMV unattended vehicle,01 - Clear,01 - Daylight,01 - Dry,10 - No control,,1,0,0,0,,0,,,,,349450.4697,5015266.741,45.27593932,-75.93091136,10739
15--5495,2015/04/17,6:02 PM,OGILVIE RD @ 125 E OF ELMLEA GT  (0012536),12536,03 - At intersection,03 - P.D. only,05 - Turning movement,01 - Clear,01 - Daylight,01 - Dry,01 - Traffic signal,01 - Functioning,2,0,0,0,,0,,,,,375091.0023,5033549.218,45.43834127,-75.60154546,10740
15--5496,2015/04/17,6:31 PM,BURTON @ ENTERPRISE ST(PRESCOTT/RU (0010151),10151,03 - At intersection,03 - P.D. only,05 - Turning movement,01 - Clear,01 - Daylight,01 - Dry,10 - No control,,2,0,0,0,,0,,,,,394731.9312,5021990.435,45.3320988,-75.35264758,10741
15--5497,2015/04/17,6:44 PM,RIVERSIDE DR btwn FROBISHER LANE & END (__3ZA241),__3ZA241,01 - Non intersection,03 - P.D. only,04 - Sideswipe,01 - Clear,01 - Daylight,01 - Dry,10 - No control,,2,0,0,0,,0,,,,,370094.572,5029420.267,45.40167506,-75.66594959,10742
15--5498,2015/04/17,6:48 AM,ST. LAURENT BLVD btwn PLEASANT PARK RD & CONNERY AVE (__3ZA76H),__3ZA76H,04 - At/near private drive,03 - P.D. only,02 - Angle,01 - Clear,01 - Daylight,01 - Dry,10 - No control,,2,0,0,0,,0,,,,,373605.4387,5028777.719,45.39555745,-75.62119779,10743
15--5499,2015/04/17,7:00 PM,SUNSHINE CRES btwn SOLSTICE WAY N & SOLSTICE WAY S (__8IAXFE),__8IAXFE,01 - Non intersection,03 - P.D. only,06 - SMV unattended vehicle,01 - Clear,05 - Dusk,01 - Dry,10 - No control,,1,0,0,0,,0,,,,,386146.893,5034904.739,45.44933809,-75.46002761,10744
15--55,2015/01/02,7:42 PM,ST. LAURENT BLVD @ COVENTRY RD/OGILVIE RD (0002151),2151,03 - At intersection,03 - P.D. only,05 - Turning movement,01 - Clear,07 - Dark,01 - Dry,01 - Traffic signal,01 - Functioning,2,0,0,0,,0,,,,,372304.7556,5031951.093,45.42423667,-75.63737401,10745
15--550,2015/01/09,2:52 PM,DONALD ST @ ST. LAURENT BLVD (0008630),8630,03 - At intersection,03 - P.D. only,03 - Rear end,03 - Snow,01 - Daylight,04 - Slush,01 - Traffic signal,01 - Functioning,3,0,0,0,,0,,,,,372094.6768,5032471.139,45.42893604,-75.63998719,10746
15--5500,2015/04/17,7:16 AM,RICHMOND RD btwn STINSON AVE & STAFFORD RD (__3ZBOCU),__3ZBOCU,04 - At/near private drive,02 - Non-fatal injury,02 - Angle,01 - Clear,01 - Daylight,01 - Dry,10 - No control,,2,1,0,0,01 - Minimal,1,1,,,,358034.4414,5021025.952,45.32716387,-75.82089377,10747
15--5501,2015/04/17,7:21 PM,ALBERT ST btwn BANK ST & O'CONNOR ST (__3ZA35O),__3ZA35O,01 - Non intersection,03 - P.D. only,04 - Sideswipe,01 - Clear,05 - Dusk,01 - Dry,10 - No control,,2,0,0,0,,0,,,,,367451.4953,5031466.879,45.42033138,-75.69944783,10748
15--5502,2015/04/17,7:26 PM,ELGIN ST @ WAVERLEY ST (0006948),6948,02 - Intersection related,03 - P.D. only,03 - Rear end,01 - Clear,01 - Daylight,01 - Dry,01 - Traffic signal,01 - Functioning,2,0,0,0,,0,,,,,368318.6706,5030953.05,45.41562993,-75.68843453,10749
15--5503,2015/04/17,7:39 PM,BANK ST @ JOHNSTON RD (0006967),6967,02 - Intersection related,03 - P.D. only,03 - Rear end,01 - Clear,07 - Dark,01 - Dry,01 - Traffic signal,01 - Functioning,2,0,0,0,,0,,,,,370849.8028,5024840.01,45.36039268,-75.65691634,10750
15--5504,2015/04/17,7:55 AM,HIGHWAY 417 btwn HWY417 IC131 RAMP53 & HWY417 IC131 RAMP51 (__3ZA1MU),__3ZA1MU,01 - Non intersection,02 - Non-fatal injury,04 - Sideswipe,01 - Clear,01 - Daylight,01 - Dry,10 - No control,,2,0,0,0,03 - Major,2,,1,1,,357565.7593,5022675.811,45.34204481,-75.82669638,10751
15--5505,2015/04/17,7:57 AM,WEATHERSTON ST btwn BRECKENRIDGE CRES & KLONDIKE RD (__4FPAZB),__4FPAZB,04 - At/near private drive,03 - P.D. only,06 - SMV unattended vehicle,01 - Clear,01 - Daylight,01 - Dry,10 - No control,,1,0,0,0,,0,,,,,349125.385,5024019.763,45.35472211,-75.93427133,10752
15--5506,2015/04/17,8:21 AM,HERON RD btwn PRINCE OF WALES DR & TURN LANE (2) (__5FD1F0),__5FD1F0,01 - Non intersection,03 - P.D. only,04 - Sideswipe,01 - Clear,01 - Daylight,01 - Dry,10 - No control,,2,0,0,0,,0,,,,,366972.5567,5026444.974,45.37518836,-75.70620002,10753
15--5507,2015/04/17,8:25 PM,MOODIE DR @ WEST HUNT CLUB RD (0010414),10414,02 - Intersection related,03 - P.D. only,03 - Rear end,01 - Clear,07 - Dark,01 - Dry,01 - Traffic signal,01 - Functioning,2,0,0,0,,0,,,,,357906.2103,5018498.816,45.30443417,-75.8228004,10754
15--5508,2015/04/17,8:31 AM,CONROY RD @ LORRY GREENBERG DR (0011446),11446,02 - Intersection related,03 - P.D. only,04 - Sideswipe,01 - Clear,01 - Daylight,01 - Dry,01 - Traffic signal,01 - Functioning,2,0,0,0,,0,,,,,373567.4064,5025878.234,45.36947289,-75.62208738,10755
15--5509,2015/04/17,8:55 PM,CARLING AVE btwn BURKE RD & DEFENSE  RESEARCH COMPLEX (__3ZA4Z6A),__3ZA4Z6A,06 - Underpass or tunnel,03 - P.D. only,01 - Approaching,01 - Clear,07 - Dark,01 - Dry,10 - No control,,2,0,0,0,,0,,,,,353129.4592,5022845.112,45.34388787,-75.88328464,10756
15--551,2015/01/09,2:56 PM,FIFTH AVE btwn MONK ST & BANK ST (__3ZA92K),__3ZA92K,01 - Non intersection,03 - P.D. only,01 - Approaching,01 - Clear,01 - Daylight,03 - Loose snow,10 - No control,,2,0,0,0,,0,,,,,368383.6931,5029390.755,45.401567,-75.68780534,10757
15--5510,2015/04/17,9:18 PM,CARLING AVE @ ISLAND PARK DR (0010785),10785,03 - At intersection,02 - Non-fatal injury,05 - Turning movement,01 - Clear,07 - Dark,01 - Dry,01 - Traffic signal,01 - Functioning,2,0,0,0,01 - Minimal,2,2,,,,365348.6995,5027997.061,45.38929593,-75.72674064,10758
15--5511,2015/04/17,9:40 AM,LISGAR RD btwn PRINCESS AVE & MARIPOSA AVE (__3ZBOV3),__3ZBOV3,01 - Non intersection,03 - P.D. only,01 - Approaching,01 - Clear,01 - Daylight,01 - Dry,10 - No control,,2,0,0,0,,0,,,,,368695.7951,5034431.662,45.44689485,-75.68316519,10759
15--5512,2015/04/17,9:51 AM,DUNROBIN RD btwn BUCKHAMS BAY RD & KILMAURS SIDE RD (__3ZA4EB),__3ZA4EB,01 - Non intersection,03 - P.D. only,07 - SMV other,01 - Clear,01 - Daylight,01 - Dry,10 - No control,,1,0,0,0,,0,,,,,335398.4102,5038635.343,45.4869716,-76.1085571,10760
15--5513,2015/04/17,9:52 AM,CHARLEVOIX ST btwn BEECHWOOD AVE & BARRETTE ST (__3ZBOWU),__3ZBOWU,01 - Non intersection,02 - Non-fatal injury,06 - SMV unattended vehicle,01 - Clear,01 - Daylight,01 - Dry,10 - No control,,1,0,0,0,02 - Minor,1,,1,,,369249.9141,5033531.372,45.43874353,-75.67620005,10761
15--5514,2015/04/17,9:55 AM,HIGHWAY 416 btwn HWY416 IC75A RAMP26 & HWY416 IC72 RAMP62 (__3ZAZLF),__3ZAZLF,01 - Non intersection,02 - Non-fatal injury,07 - SMV other,01 - Clear,01 - Daylight,01 - Dry,10 - No control,,1,0,0,0,02 - Minor,1,,1,,,358937.34,5021528.642,45.33161804,-75.80932145,10762
15--6166,2015/05/08,3:18 PM,CARLING AVE @ PARKDALE AVE (0008792),8792,02 - Intersection related,03 - P.D. only,04 - Sideswipe,01 - Clear,01 - Daylight,01 - Dry,01 - Traffic signal,01 - Functioning,2,0,0,0,,0,,,,,365626.9439,5028170.46,45.39083202,-75.72316617,10763
15--5624,2015/04/22,10:52 PM,GLADSTONE AVE @ PRESTON ST (0002212),2212,02 - Intersection related,03 - P.D. only,03 - Rear end,01 - Clear,07 - Dark,01 - Dry,01 - Traffic signal,01 - Functioning,2,0,0,0,,0,,,,,366490.6699,5029714.004,45.40464488,-75.71194334,10764
15--5625,2015/04/22,12:04 PM,MEADOWLANDS DR/TALLWOOD DR @ WOODROFFE AVE (0000095),95,02 - Intersection related,03 - P.D. only,04 - Sideswipe,01 - Clear,01 - Daylight,01 - Dry,01 - Traffic signal,00 - Unknown,2,0,0,0,,0,,,,,363056.6896,5022731.575,45.34211207,-75.75662989,10765
15--5802,2015/04/28,3:55 PM,OTTAWA RIVER PKWY @ RIVER ST/SLIDELL ST (0005099),5099,03 - At intersection,03 - P.D. only,02 - Angle,01 - Clear,01 - Daylight,01 - Dry,01 - Traffic signal,01 - Functioning,2,0,0,0,,0,,,,,365158.4256,5030379.661,45.41075045,-75.7288788,10766
15--6167,2015/05/08,3:25 PM,CYRVILLE RD @ OGILVIE RD (0003554),3554,02 - Intersection related,03 - P.D. only,03 - Rear end,01 - Clear,01 - Daylight,01 - Dry,01 - Traffic signal,01 - Functioning,2,0,0,0,,0,,,,,372454.683,5032005.088,45.424708,-75.63545093,10767
15--5626,2015/04/22,12:05 PM,LIMEBANK RD @ SPRATT RD (0012970),12970,02 - Intersection related,03 - P.D. only,03 - Rear end,01 - Clear,01 - Daylight,01 - Dry,01 - Traffic signal,01 - Functioning,2,0,0,0,,0,,,,,369775.5993,5016889.124,45.28895282,-75.67166972,10768
15--5803,2015/04/28,3:55 PM,HIGHWAY 417 btwn HWY417 IC134 RAMP36 & HWY417 IC134 RAMP26 (__3ZA29C),__3ZA29C,01 - Non intersection,03 - P.D. only,03 - Rear end,01 - Clear,01 - Daylight,01 - Dry,10 - No control,,3,0,0,0,,0,,,,,356346.9868,5022251.263,45.33831531,-75.8422914,10769
15--6168,2015/05/08,3:48 PM,AVIATION PKWY @ OGILVIE RD (0004114),4114,03 - At intersection,01 - Fatal injury,05 - Turning movement,01 - Clear,01 - Daylight,01 - Dry,01 - Traffic signal,01 - Functioning,2,0,0,0,04 - Fatal,2,,1,,1,373109.7503,5032375.14,45.42797389,-75.62702957,10770
15--5627,2015/04/22,12:39 PM,BANK ST @ SOUTHKEYS SC (0009010),9010,03 - At intersection,02 - Non-fatal injury,07 - SMV other,01 - Clear,01 - Daylight,01 - Dry,01 - Traffic signal,01 - Functioning,1,0,0,1,03 - Major,1,,,1,,371083.7295,5024521.998,45.35750923,-75.65397338,10771
15--5804,2015/04/28,4:01 PM,BASELINE RD btwn MERIVALE RD & FARLANE BLVD (__3ZA4ID),__3ZA4ID,01 - Non intersection,03 - P.D. only,03 - Rear end,01 - Clear,01 - Daylight,01 - Dry,10 - No control,,2,0,0,0,,0,,,,,365275.2281,5025464.208,45.36651214,-75.72798905,10772
15--6169,2015/05/08,3:49 PM,HOG'S BACK RD btwn PRINCE OF WALES DR & COLONEL BY DR (__3ZA22U),__3ZA22U,01 - Non intersection,03 - P.D. only,03 - Rear end,01 - Clear,01 - Daylight,01 - Dry,10 - No control,,3,0,0,0,,0,,,,,367392.1599,5025704.561,45.36848894,-75.700937,10773
15--5628,2015/04/22,12:41 PM,NEPEAN ST @ BANK ST (0006938),6938,03 - At intersection,03 - P.D. only,02 - Angle,01 - Clear,01 - Daylight,01 - Dry,02 - Stop sign,01 - Functioning,2,0,0,0,,0,,,,,367561.9844,5031133.215,45.41731928,-75.69807866,10774
15--5805,2015/04/28,4:33 PM,ST. JOSEPH BLVD @ JEANNE D'ARC BLVD (0012421),12421,03 - At intersection,02 - Non-fatal injury,02 - Angle,01 - Clear,01 - Daylight,01 - Dry,11 - Roundabout,01 - Functioning,2,0,0,0,01 - Minimal,1,1,,,,379861.2017,5036470.433,45.46412834,-75.54013568,10775
15--617,2015/01/10,1:50 AM,KENT ST @ SPARKS ST (0005685),5685,02 - Intersection related,03 - P.D. only,07 - SMV other,01 - Clear,07 - Dark,03 - Loose snow,01 - Traffic signal,01 - Functioning,1,0,0,0,,0,,,,,367141.1441,5031454.492,45.42024765,-75.70341464,10776
15--5629,2015/04/22,12:47 PM,CATHERINE ST @ LYON ST/HWY 417 LYON IC120BR36 (0002254),2254,03 - At intersection,03 - P.D. only,07 - SMV other,01 - Clear,01 - Daylight,01 - Dry,01 - Traffic signal,01 - Functioning,1,0,0,0,,0,,,,,367746.692,5030091.565,45.40793024,-75.69585188,10777