Anom_ID,Accident_Date,Accident_Time,Location,Geo_ID,Accident_Location,Classification_of_Accident,Initial_Impact_Type,Environment_Condition,Light,Road_Surface_Condition,Traffic_Control,Traffic_Control_Condition,No__of_Vehicles,No__of_Bicycles,No__of_Motorcycles,No__of_Pedestrians,Max_Injury,No__of_Injuries,No__of_Minimal,No__of_Minor,No__of_Major,No__of_Fatal,X,Y,Latitude,Longitude,ObjectId
15--563,2015/01/09,5:13 PM,GREENBANK RD btwn BATEMAN DR/BELLMAN DR & GREENBANK SQUARE SC (__3ZA4YOA),__3ZA4YOA,04 - At/near private drive,03 - P.D. only,05 - Turning movement,03 - Snow,05 - Dusk,03 - Loose snow,10 - No control,,2,0,0,0,,0,,,,,361329.9688,5020847.239,45.32529812,-75.77887673,10778
15--5630,2015/04/22,2:15 PM,THORNTON AVE btwn RALPH ST & MONK ST (__3ZA9NR),__3ZA9NR,04 - At/near private drive,03 - P.D. only,02 - Angle,01 - Clear,01 - Daylight,01 - Dry,10 - No control,,2,0,0,0,,0,,,,,368364.6406,5029291.646,45.40067698,-75.68806145,10779
15--5631,2015/04/22,2:36 AM,RIVERSIDE DR btwn HERON RD & RIVERSIDE DR RAMP 34 (__5FDVSE),__5FDVSE,01 - Non intersection,03 - P.D. only,07 - SMV other,01 - Clear,07 - Dark,01 - Dry,10 - No control,,1,0,0,0,,0,,,,,368109.6814,5026797.481,45.3782583,-75.69163781,10780
15--5632,2015/04/22,2:39 PM,MERIVALE RD @ CAPILANO DR/WITHROW AVE (0009820),9820,03 - At intersection,03 - P.D. only,05 - Turning movement,01 - Clear,01 - Daylight,01 - Dry,01 - Traffic signal,01 - Functioning,2,0,0,0,,0,,,,,364641.7083,5024227.409,45.35543798,-75.73622543,10781
15--5633,2015/04/22,2:40 PM,HIGHWAY 417 btwn HWY417 IC119B RAMP76 & HWY417 IC119A RAMP67 (__3ZA2YT),__3ZA2YT,01 - Non intersection,03 - P.D. only,03 - Rear end,01 - Clear,01 - Daylight,01 - Dry,10 - No control,,3,0,0,0,,0,,,,,368288.3354,5030355.093,45.41025246,-75.68889911,10782
15--5634,2015/04/22,3:24 PM,MUTUAL ST @ ST. LAURENT BLVD (0007700),7700,03 - At intersection,03 - P.D. only,99 - Other,01 - Clear,01 - Daylight,01 - Dry,02 - Stop sign,01 - Functioning,2,0,0,0,,0,,,,,371893.69,5032962.137,45.43337312,-75.64248857,10783
15--5635,2015/04/22,3:50 PM,BANK ST @ RIVERSIDE DR S (0002704),2704,02 - Intersection related,03 - P.D. only,03 - Rear end,01 - Clear,01 - Daylight,01 - Dry,01 - Traffic signal,01 - Functioning,2,0,0,0,,0,,,,,369305.681,5027895.035,45.38802466,-75.67622498,10784
15--5636,2015/04/22,3:59 PM,EAGLESON RD btwn ABBEYHILL DR & PALOMINO DR (__3ZA41M),__3ZA41M,01 - Non intersection,03 - P.D. only,03 - Rear end,01 - Clear,01 - Daylight,01 - Dry,10 - No control,,2,0,0,0,,0,,,,,353908.714,5017827.428,45.29868373,-75.87383898,10785
15--5637,2015/04/22,4:29 PM,WAVERLEY ST @ O'CONNOR ST (0007269),7269,03 - At intersection,03 - P.D. only,05 - Turning movement,01 - Clear,01 - Daylight,01 - Dry,02 - Stop sign,00 - Unknown,2,0,0,0,,0,,,,,368008.7082,5030764.489,45.41396139,-75.69241865,10786
15--5638,2015/04/22,4:35 PM,MERIVALE RD @ CAPILANO DR/WITHROW AVE (0009820),9820,02 - Intersection related,03 - P.D. only,04 - Sideswipe,01 - Clear,01 - Daylight,01 - Dry,01 - Traffic signal,01 - Functioning,3,0,0,0,,0,,,,,364642.429,5024229.215,45.35545417,-75.73621601,10787
15--5639,2015/04/22,4:54 PM,MAPLE GROVE RD @ TERRY FOX DR (0003177),3177,03 - At intersection,03 - P.D. only,05 - Turning movement,01 - Clear,01 - Daylight,01 - Dry,01 - Traffic signal,01 - Functioning,2,0,0,0,,0,,,,,351554.5725,5017864.946,45.29918194,-75.90385027,10788
15--564,2015/01/09,5:16 PM,CONROY RD @ JOHNSTON RD (0011908),11908,02 - Intersection related,02 - Non-fatal injury,03 - Rear end,03 - Snow,05 - Dusk,06 - Ice,01 - Traffic signal,01 - Functioning,2,0,0,0,01 - Minimal,2,2,,,,373396.8071,5026307.978,45.37335627,-75.62420539,10789
15--5640,2015/04/22,4:55 PM,HIGHWAY 417 btwn HWY417 IC121B RAMP16 & HWY417 IC121A RAMP16 (__3ZA2YX),__3ZA2YX,01 - Non intersection,03 - P.D. only,03 - Rear end,01 - Clear,01 - Daylight,01 - Dry,10 - No control,,2,0,0,0,,0,,,,,366767.3763,5029586.101,45.40346961,-75.70842502,10790
15--5641,2015/04/22,5:27 PM,CARLING AVE @ CARLING RMP 35 (0002391),2391,02 - Intersection related,02 - Non-fatal injury,03 - Rear end,01 - Clear,01 - Daylight,01 - Dry,10 - No control,,2,0,0,0,02 - Minor,1,,1,,,360926.9221,5025196.804,45.36446775,-75.78352423,10791
15--5642,2015/04/22,5:27 PM,WOODROFFE AVE NB btwn SPORTSPLEX N & TRANSIT (__3ZA245B),__3ZA245B,01 - Non intersection,03 - P.D. only,03 - Rear end,01 - Clear,01 - Daylight,01 - Dry,10 - No control,,2,0,0,0,,0,,,,,363782.9762,5021029.088,45.32673254,-75.74756599,10792
15--5643,2015/04/22,5:50 PM,HIGHWAY 417 btwn HWY417 IC117 RAMP51 & HWY417 IC117 RAMP35 (__3ZA2YN),__3ZA2YN,01 - Non intersection,02 - Non-fatal injury,03 - Rear end,01 - Clear,01 - Daylight,01 - Dry,10 - No control,,2,0,0,0,01 - Minimal,1,1,,,,370658.3958,5031163.922,45.41731097,-75.65851533,10793
15--5644,2015/04/22,5:55 PM,HIGHWAY 417 btwn HWY417 IC118 RAMP35 & HWY417 IC117 RAMP51 (__3ZA2YP),__3ZA2YP,01 - Non intersection,03 - P.D. only,03 - Rear end,01 - Clear,01 - Daylight,01 - Dry,10 - No control,,2,0,0,0,,0,,,,,370429.5149,5031132.875,45.41705312,-75.66144361,10794
15--5645,2015/04/22,6:10 PM,HAWTHORNE RD @ HUNT CLUB RD (0007651),7651,02 - Intersection related,03 - P.D. only,05 - Turning movement,01 - Clear,01 - Daylight,01 - Dry,01 - Traffic signal,01 - Functioning,2,0,0,0,,0,,,,,375506.786,5026407.011,45.3740376,-75.59725583,10795
15--5646,2015/04/22,6:13 PM,LORRY GREENBERG DR @ ZAIDAN DR (0011644),11644,02 - Intersection related,02 - Non-fatal injury,03 - Rear end,01 - Clear,01 - Daylight,01 - Dry,02 - Stop sign,01 - Functioning,2,0,0,0,02 - Minor,1,,1,,,372747.7126,5025381.961,45.36508757,-75.63261896,10796
15--5647,2015/04/22,6:24 AM,DALMENY RD @ STAGECOACH RD (0010336),10336,03 - At intersection,02 - Non-fatal injury,02 - Angle,02 - Rain,01 - Daylight,02 - Wet,02 - Stop sign,01 - Functioning,2,0,0,0,02 - Minor,1,,1,,,377863.3349,4999237.642,45.12933569,-75.57116626,10797
15--5648,2015/04/22,7:20 AM,INDUSTRIAL AVE @ RIVERSIDE DR (0011905),11905,02 - Intersection related,03 - P.D. only,03 - Rear end,01 - Clear,01 - Daylight,01 - Dry,01 - Traffic signal,01 - Functioning,2,0,0,0,,0,,,,,370685.4393,5030592.914,45.41217072,-75.65824617,10798
15--5649,2015/04/22,7:59 AM,WOODGATE WAY btwn SHANDON AVE & END (__3ZA6KX),__3ZA6KX,01 - Non intersection,02 - Non-fatal injury,07 - SMV other,02 - Rain,01 - Daylight,02 - Wet,10 - No control,,1,0,0,0,01 - Minimal,1,1,,,,364708.3671,5017584.888,45.29566349,-75.73617841,10799
15--565,2015/01/09,5:29 PM,MCCARTHY RD btwn SOUTHMORE DR W & PLANTE DR (__3ZA9DP),__3ZA9DP,01 - Non intersection,03 - P.D. only,07 - SMV other,05 - Drifting Snow,05 - Dusk,03 - Loose snow,10 - No control,,1,0,0,0,,0,,,,,369505.6261,5024704.034,45.35929455,-75.67408989,10800
15--5650,2015/04/22,8:38 PM,FALLOWFIELD RD btwn KOLO DR & BILTMORE CRES (__4LVLON),__4LVLON,01 - Non intersection,03 - P.D. only,07 - SMV other,01 - Clear,07 - Dark,01 - Dry,10 - No control,,1,0,0,0,,0,,,,,345566.1299,5003623.822,45.17140643,-75.98137023,10801
15--5651,2015/04/22,8:49 AM,MONTREAL RD btwn GATESTONE PRIV & SINCLAIR ST (__3ZA2D9),__3ZA2D9,01 - Non intersection,03 - P.D. only,03 - Rear end,02 - Rain,01 - Daylight,02 - Wet,10 - No control,,2,0,0,0,,0,,,,,375951.3161,5034746.548,45.4490271,-75.59037726,10802
15--5652,2015/04/22,8:52 AM,DALHOUSIE ST @ MURRAY ST (0008241),8241,03 - At intersection,03 - P.D. only,04 - Sideswipe,02 - Rain,01 - Daylight,02 - Wet,01 - Traffic signal,01 - Functioning,3,0,0,0,,0,,,,,368002.6268,5032573.113,45.43023532,-75.69226431,10803
15--5653,2015/04/22,9:20 AM,HIGHWAY 417 btwn HWY417 IC122 RAMP51 & HWY417 IC122 RAMP15 (__3ZA2R0),__3ZA2R0,01 - Non intersection,03 - P.D. only,03 - Rear end,02 - Rain,01 - Daylight,02 - Wet,10 - No control,,2,0,0,0,,0,,,,,365339.5863,5028880.212,45.39724311,-75.72674865,10804
15--5654,2015/04/22,9:30 AM,BASELINE RD btwn FISHER AVE & LEXINGTON ST (__3ZA4JR),__3ZA4JR,01 - Non intersection,03 - P.D. only,04 - Sideswipe,01 - Clear,01 - Daylight,01 - Dry,10 - No control,,2,0,0,0,,0,,,,,366230.8377,5026068.533,45.37186664,-75.71571598,10805
15--5655,2015/04/22,9:30 PM,ALBERT ST @ O'CONNOR ST (0002116),2116,02 - Intersection related,03 - P.D. only,03 - Rear end,01 - Clear,07 - Dark,01 - Dry,01 - Traffic signal,01 - Functioning,2,0,0,0,,0,,,,,367540.1439,5031520.933,45.4208098,-75.69830832,10806
15--5656,2015/04/23,1:04 AM,MAPLE GROVE RD btwn HUNTMAR DR & ROSEHILL AVE (__6O5Y3X),__6O5Y3X,01 - Non intersection,03 - P.D. only,07 - SMV other,01 - Clear,07 - Dark,02 - Wet,10 - No control,,1,0,0,0,,0,,,,,350288.2735,5016730.804,45.28905972,-75.92009954,10807
15--5657,2015/04/23,10:15 AM,BANK ST btwn ANOKA ST & WILDWOOD AVE (__3ZA366),__3ZA366,04 - At/near private drive,03 - P.D. only,05 - Turning movement,01 - Clear,01 - Daylight,01 - Dry,10 - No control,,2,0,0,0,,0,,,,,370031.756,5026750.281,45.3776573,-75.66710483,10808
15--5658,2015/04/23,11:06 AM,ST. JOSEPH BLVD btwn ST. JOSEPH BLVD & PLACE D'ORLEANS DR (__3ZA2AV),__3ZA2AV,04 - At/near private drive,03 - P.D. only,05 - Turning movement,01 - Clear,01 - Daylight,01 - Dry,10 - No control,,2,0,0,0,,0,,,,,381870.3613,5037895.424,45.47673042,-75.51422333,10809
15--5659,2015/04/23,11:17 PM,FINDLAY CREEK DR btwn GOLDEN SEDGE WAY & BRADWELL WAY (__67PTNB),__67PTNB,04 - At/near private drive,02 - Non-fatal injury,07 - SMV other,01 - Clear,07 - Dark,01 - Dry,10 - No control,,1,0,0,0,01 - Minimal,1,1,,,,374959.9137,5019880.284,45.31536782,-75.60516286,10810
15--566,2015/01/09,5:30 PM,HAZELDEAN RD @ JOHNWOODS ST/VICTOR ST (0004683),4683,03 - At intersection,03 - P.D. only,02 - Angle,03 - Snow,05 - Dusk,03 - Loose snow,01 - Traffic signal,01 - Functioning,2,0,0,0,,0,,,,,350184.6623,5015395.964,45.2770551,-75.92154243,10811
15--5660,2015/04/23,11:44 AM,CARLING AVE @ BROADVIEW AVE (0006707),6707,02 - Intersection related,03 - P.D. only,03 - Rear end,01 - Clear,01 - Daylight,01 - Dry,01 - Traffic signal,01 - Functioning,2,0,0,0,,0,,,,,363181.1936,5026639.302,45.37726304,-75.75457974,10812
15--5661,2015/04/23,12:09 PM,KALADAR AVE btwn HERON RD & GREGG ST (__3ZA9Y1),__3ZA9Y1,04 - At/near private drive,03 - P.D. only,02 - Angle,01 - Clear,01 - Daylight,01 - Dry,10 - No control,,2,0,0,0,,0,,,,,369691.5973,5026747.968,45.37766807,-75.67144791,10813
15--5662,2015/04/23,2:37 PM,RIDEAU ST btwn DALHOUSIE ST & WALLER ST (__3ZA3V4),__3ZA3V4,01 - Non intersection,03 - P.D. only,04 - Sideswipe,01 - Clear,01 - Daylight,01 - Dry,10 - No control,,2,0,0,0,,0,,,,,368260.4056,5032258.368,45.42738002,-75.68901076,10814
15--5663,2015/04/23,3:10 PM,CARP RD @ STITTSVILLE MAIN ST (0005253),5253,03 - At intersection,03 - P.D. only,05 - Turning movement,01 - Clear,01 - Daylight,01 - Dry,01 - Traffic signal,01 - Functioning,2,0,0,0,,0,,,,,349524.7861,5014329.721,45.26750296,-75.93004861,10815
15--5664,2015/04/23,3:15 PM,KILBORN AVE @ FEATHERSTON DR/ROSEGLEN PRIV (0008972),8972,03 - At intersection,02 - Non-fatal injury,02 - Angle,01 - Clear,01 - Daylight,01 - Dry,02 - Stop sign,01 - Functioning,2,1,0,0,01 - Minimal,1,1,,,,371263.7258,5027848.447,45.38742241,-75.65122861,10816
15--5665,2015/04/23,3:32 PM,CAVAN ST @ LAPERRIERE AVE (0006732),6732,03 - At intersection,03 - P.D. only,02 - Angle,01 - Clear,01 - Daylight,01 - Dry,02 - Stop sign,01 - Functioning,2,0,0,0,,0,,,,,364391.7048,5026880.905,45.37933503,-75.73909594,10817
15--5666,2015/04/23,4:31 PM,EAGLESON RD btwn PALOMINO DR/ROTHESAY DR & EAGLESON BUSINESS CENTRE (__3ZA41JA),__3ZA41JA,01 - Non intersection,03 - P.D. only,04 - Sideswipe,01 - Clear,01 - Daylight,01 - Dry,10 - No control,,2,0,0,0,,0,,,,,354157.1645,5017203.268,45.29305,-75.87073342,10818
15--5667,2015/04/23,4:47 PM,MOORVALE ST btwn BARNABY PRIV & END (__3ZA7AY),__3ZA7AY,01 - Non intersection,03 - P.D. only,06 - SMV unattended vehicle,01 - Clear,01 - Daylight,01 - Dry,10 - No control,,1,0,0,0,,0,,,,,371469.0031,5032621.252,45.43034661,-75.64796197,10819
15--5668,2015/04/23,4:57 PM,REGIONAL ROAD 174 btwn OR174 IC109 RAMP54 & OR174 IC109 RAMP55 (__3ZA28X),__3ZA28X,01 - Non intersection,03 - P.D. only,03 - Rear end,01 - Clear,01 - Daylight,01 - Dry,10 - No control,,3,0,0,0,,0,,,,,376409.104,5034848.274,45.44989561,-75.58451068,10820
15--5669,2015/04/23,5:08 PM,LEITRIM RD btwn FENTON RD & ALBION RD (__3ZA3SE),__3ZA3SE,01 - Non intersection,03 - P.D. only,03 - Rear end,01 - Clear,01 - Daylight,01 - Dry,10 - No control,,2,0,0,0,,0,,,,,373822.2973,5020651.925,45.32242353,-75.61956304,10821
15--567,2015/01/09,5:31 PM,RIVERSIDE DR @ QUESNEL DR (0006966),6966,03 - At intersection,03 - P.D. only,07 - SMV other,03 - Snow,05 - Dusk,03 - Loose snow,02 - Stop sign,00 - Unknown,1,0,0,0,,0,,,,,368059.0113,5024100.133,45.35399281,-75.69263006,10822
15--5670,2015/04/23,5:10 PM,INNES RD @ TENTH LINE RD (0004633),4633,02 - Intersection related,02 - Non-fatal injury,04 - Sideswipe,01 - Clear,01 - Daylight,01 - Dry,01 - Traffic signal,01 - Functioning,2,0,0,0,01 - Minimal,2,2,,,,383951.0396,5036159.921,45.46088321,-75.48789383,10823
15--5671,2015/04/23,5:24 PM,CARLING AVE @ MERIVALE RD EXTENSION (0008794),8794,02 - Intersection related,03 - P.D. only,03 - Rear end,01 - Clear,01 - Daylight,01 - Dry,02 - Stop sign,01 - Functioning,2,0,0,0,,0,,,,,364950.1993,5027735.499,45.38697678,-75.73186125,10824
15--5672,2015/04/23,5:30 PM,NORMAN ST @ ROCHESTER ST (0006126),6126,03 - At intersection,02 - Non-fatal injury,02 - Angle,01 - Clear,01 - Daylight,01 - Dry,02 - Stop sign,01 - Functioning,2,0,0,0,02 - Minor,1,,1,,,366890.207,5029269.288,45.40060813,-75.70689601,10825
15--5673,2015/04/23,5:30 PM,CARP RD btwn HWY417 IC144 RAMP16 & HWY417 IC144 RAMP35 (__3ZA3F4),__3ZA3F4,01 - Non intersection,02 - Non-fatal injury,03 - Rear end,01 - Clear,01 - Daylight,01 - Dry,10 - No control,,2,0,0,0,01 - Minimal,1,1,,,,347350.9012,5015872.224,45.28151788,-75.95761808,10826
15--5674,2015/04/23,5:36 PM,PARKDALE AVE @ SHERWOOD DR (0006383),6383,02 - Intersection related,03 - P.D. only,03 - Rear end,01 - Clear,01 - Daylight,01 - Dry,01 - Traffic signal,01 - Functioning,2,0,0,0,,0,,,,,365380.703,5028746.991,45.39604087,-75.72623989,10827
15--5675,2015/04/23,5:57 PM,MEADOWLANDS DR/TALLWOOD DR @ WOODROFFE AVE (0000095),95,02 - Intersection related,03 - P.D. only,04 - Sideswipe,01 - Clear,01 - Daylight,01 - Dry,01 - Traffic signal,01 - Functioning,2,0,0,0,,0,,,,,363056.6896,5022729.413,45.34209262,-75.75663014,10828
15--5676,2015/04/23,6:45 AM,HIGHWAY 417 btwn HWY417 IC124 RAMP57 & HWY417 IC124 RAMP55 (__3ZA2Y1),__3ZA2Y1,01 - Non intersection,03 - P.D. only,03 - Rear end,01 - Clear,01 - Daylight,01 - Dry,10 - No control,,3,0,0,0,,0,,,,,364350.8813,5027404.594,45.38405057,-75.73955399,10829
15--5677,2015/04/23,6:50 PM,ARMSTRONG ST @ PARKDALE AVE (0006267),6267,03 - At intersection,03 - P.D. only,02 - Angle,01 - Clear,01 - Daylight,01 - Dry,01 - Traffic signal,01 - Functioning,2,0,0,0,,0,,,,,365091.656,5029403.113,45.40196946,-75.72985117,10830
15--5678,2015/04/23,7:29 AM,KAKULU RD @ CASTLEFRANK RD (0003540),3540,03 - At intersection,03 - P.D. only,05 - Turning movement,01 - Clear,01 - Daylight,01 - Dry,01 - Traffic signal,01 - Functioning,2,0,0,0,,0,,,,,352180.8849,5018500.567,45.30485945,-75.89580409,10831
15--5679,2015/04/23,7:38 PM,WALKLEY RD btwn HALIFAX DR & ST. LAURENT BLVD (__3ZA2EL),__3ZA2EL,04 - At/near private drive,03 - P.D. only,05 - Turning movement,01 - Clear,01 - Daylight,01 - Dry,10 - No control,,2,0,0,0,,0,,,,,373886.1735,5028038.567,45.38887926,-75.61771608,10832
15--568,2015/01/09,5:36 AM,PRESTON ST @ TRANSITWAY (0016447),16447,03 - At intersection,03 - P.D. only,02 - Angle,03 - Snow,07 - Dark,03 - Loose snow,01 - Traffic signal,01 - Functioning,2,0,0,0,,0,,,,,366119.46,5030624.848,45.41287304,-75.71657156,10833
15--5680,2015/04/23,8:00 AM,INNES RD @ TENTH LINE RD (0004633),4633,02 - Intersection related,03 - P.D. only,03 - Rear end,01 - Clear,01 - Daylight,01 - Dry,01 - Traffic signal,01 - Functioning,2,0,0,0,,0,,,,,383952.7242,5036158.115,45.46086677,-75.48787258,10834
15--5681,2015/04/23,8:08 AM,EAGLESON RD @ 300 N OF MICHAEL COWPLAND/EAGLES (0012143),12143,02 - Intersection related,02 - Non-fatal injury,03 - Rear end,01 - Clear,01 - Daylight,01 - Dry,01 - Traffic signal,01 - Functioning,2,0,0,0,02 - Minor,1,,1,,,354272.5686,5016904.103,45.29034993,-75.86929204,10835
15--5682,2015/04/23,9:17 AM,ISABELLA ST/HWY417 IC119AR75 @ METCALFE ST (0011380),11380,02 - Intersection related,03 - P.D. only,03 - Rear end,01 - Clear,01 - Daylight,01 - Dry,01 - Traffic signal,01 - Functioning,2,0,0,0,,0,,,,,368448.7065,5030399.925,45.41064128,-75.68684469,10836
15--5683,2015/04/23,9:41 AM,BANK ST @ RIVERSIDE DR N (0010778),10778,03 - At intersection,03 - P.D. only,04 - Sideswipe,01 - Clear,01 - Daylight,01 - Dry,01 - Traffic signal,01 - Functioning,2,0,0,0,,0,,,,,369223.7882,5027983.064,45.38882425,-75.6772592,10837
15--5684,2015/04/24,1:00 PM,HIGHWAY 417 btwn HWY417 IC115 RAMP51 & HWY417 IC115 RAMP35 (__3ZAZEB),__3ZAZEB,01 - Non intersection,03 - P.D. only,07 - SMV other,01 - Clear,01 - Daylight,01 - Dry,10 - No control,,1,0,0,0,,0,,,,,372345.083,5031484.592,45.42003542,-75.6369227,10838
15--5685,2015/04/24,1:15 PM,GREENBANK RD btwn HWY 417 IC129 RAMP57/IRIS ST & HWY417 IC129 RAMP25 (__3ZAZPR),__3ZAZPR,01 - Non intersection,03 - P.D. only,04 - Sideswipe,01 - Clear,01 - Daylight,01 - Dry,10 - No control,,2,0,0,0,,0,,,,,360527.1851,5023327.188,45.34767689,-75.78883735,10839
15--5686,2015/04/24,1:25 PM,SMYTH RD E/LANCASTER RD @ ST. LAURENT BLVD N/R (0002256),2256,02 - Intersection related,02 - Non-fatal injury,03 - Rear end,01 - Clear,01 - Daylight,01 - Dry,01 - Traffic signal,01 - Functioning,3,0,0,0,01 - Minimal,1,1,,,,373364.7294,5029425.632,45.40141069,-75.62418177,10840
15--5687,2015/04/24,1:31 PM,DIXIE ST btwn SHELLEY AVE & BROWNING AVE (__3ZA79I),__3ZA79I,04 - At/near private drive,03 - P.D. only,06 - SMV unattended vehicle,01 - Clear,01 - Daylight,01 - Dry,10 - No control,,1,0,0,0,,0,,,,,372336.4849,5029968.909,45.40639881,-75.63724023,10841
15--5688,2015/04/24,10:09 PM,CARLING AVE @ MERIVALE RD (0002148),2148,02 - Intersection related,03 - P.D. only,03 - Rear end,01 - Clear,07 - Dark,01 - Dry,01 - Traffic signal,01 - Functioning,2,0,0,0,,0,,,,,364895.6677,5027699.098,45.38665393,-75.73256201,10842
15--5689,2015/04/24,10:30 AM,WHITE ALDER AVE btwn WIDGEON WAY & WIDGEON WAY (__67PTME),__67PTME,01 - Non intersection,03 - P.D. only,07 - SMV other,01 - Clear,01 - Daylight,01 - Dry,10 - No control,,1,0,0,0,,0,,,,,375040.4632,5020496.11,45.32090073,-75.60404831,10843
15--569,2015/01/09,5:37 PM,MERIVALE RD btwn SLACK RD & CAPITAL DR (__3ZA3IU),__3ZA3IU,04 - At/near private drive,03 - P.D. only,05 - Turning movement,03 - Snow,05 - Dusk,05 - Packed snow,10 - No control,,2,0,0,0,,0,,,,,366052.2041,5020872.596,45.32513008,-75.71863991,10844
15--5690,2015/04/24,10:30 PM,WAVERLEY ST btwn ELGIN ST & CARTIER ST (__3ZA9TF),__3ZA9TF,01 - Non intersection,03 - P.D. only,03 - Rear end,01 - Clear,07 - Dark,01 - Dry,10 - No control,,2,0,0,0,,0,,,,,368333.3634,5030959.302,45.41568485,-75.68824602,10845
15--5691,2015/04/24,10:40 AM,MACKENZIE KING BR/WALLER ST @ NICHOLAS ST/WALL (0011251),11251,03 - At intersection,03 - P.D. only,04 - Sideswipe,01 - Clear,01 - Daylight,01 - Dry,01 - Traffic signal,01 - Functioning,2,0,0,0,,0,,,,,368372.3275,5031994.064,45.42499174,-75.68761472,10846
15--5692,2015/04/24,11:35 PM,ELGIN ST @ SLATER ST (0002228),2228,03 - At intersection,02 - Non-fatal injury,02 - Angle,01 - Clear,07 - Dark,01 - Dry,01 - Traffic signal,01 - Functioning,2,0,0,0,01 - Minimal,1,1,,,,367889.6324,5031647.65,45.42191853,-75.69382679,10847
15--5693,2015/04/24,12:14 PM,ST. LAURENT BLVD btwn COVENTRY RD & LEMIEUX ST (__3ZA2C9),__3ZA2C9,04 - At/near private drive,03 - P.D. only,02 - Angle,01 - Clear,01 - Daylight,01 - Dry,10 - No control,,2,0,0,0,,0,,,,,372345.6998,5031856.894,45.42338516,-75.63686377,10848
15--5694,2015/04/24,12:30 PM,MONTREAL RD @ VANIER PKWY (0004630),4630,02 - Intersection related,03 - P.D. only,03 - Rear end,01 - Clear,01 - Daylight,01 - Dry,01 - Traffic signal,01 - Functioning,2,0,0,0,,0,,,,,370072.7098,5033064.146,45.4344633,-75.66574613,10849
15--5695,2015/04/24,12:30 PM,BASELINE RD @ CORDOVA ST (0003208),3208,02 - Intersection related,03 - P.D. only,03 - Rear end,01 - Clear,01 - Daylight,01 - Dry,01 - Traffic signal,01 - Functioning,2,0,0,0,,0,,,,,363593.6882,5024409.166,45.35716207,-75.74957879,10850
15--5806,2015/04/28,4:48 PM,CARLING AVE @ BROADVIEW AVE (0006707),6707,02 - Intersection related,03 - P.D. only,04 - Sideswipe,01 - Clear,01 - Daylight,01 - Dry,01 - Traffic signal,01 - Functioning,2,0,0,0,,0,,,,,363182.6143,5026638.06,45.37725175,-75.75456175,10851
15--6170,2015/05/08,3:50 PM,OLD TENTH LINE RD @ TENTH LINE RD (0009223),9223,03 - At intersection,03 - P.D. only,05 - Turning movement,01 - Clear,01 - Daylight,01 - Dry,01 - Traffic signal,01 - Functioning,2,0,0,0,,0,,,,,383042.0151,5038356.569,45.48074908,-75.49916599,10852
15--5807,2015/04/28,4:53 PM,SHEFFIELD RD @ WALKLEY RD (0005156),5156,02 - Intersection related,03 - P.D. only,04 - Sideswipe,01 - Clear,01 - Daylight,01 - Dry,01 - Traffic signal,00 - Unknown,2,0,0,0,,0,,,,,375257.5379,5028785.819,45.39546605,-75.60009815,10853
15--5808,2015/04/28,5:12 PM,BANK ST @ ROCKINGHAM AVE (0007880),7880,03 - At intersection,02 - Non-fatal injury,02 - Angle,01 - Clear,01 - Daylight,01 - Dry,02 - Stop sign,01 - Functioning,2,1,0,0,01 - Minimal,1,1,,,,369712.7626,5027323.03,45.38284034,-75.67110208,10854
15--5809,2015/04/28,5:27 PM,CEDARVIEW RD @ JOCKVALE RD (0000788),788,02 - Intersection related,03 - P.D. only,02 - Angle,01 - Clear,01 - Daylight,01 - Dry,11 - Roundabout,01 - Functioning,2,0,0,0,,0,,,,,361475.5888,5015252.203,45.27494205,-75.77765885,10855
15--581,2015/01/09,6:41 AM,FLEWELLYN RD btwn POPLARWOOD AVE & SHEA RD (__3ZABGI),__3ZABGI,01 - Non intersection,03 - P.D. only,07 - SMV other,01 - Clear,07 - Dark,06 - Ice,10 - No control,,1,0,0,0,,0,,,,,352007.9799,5011271.373,45.23982065,-75.89869617,10856
15--5810,2015/04/28,5:28 PM,HERON RD WB btwn PRINCE OF WALES DR & HERON RD WB ON RAMP/VINCENT MASS (__3ZA37C),__3ZA37C,07 - Overpass or bridge,03 - P.D. only,03 - Rear end,01 - Clear,01 - Daylight,01 - Dry,10 - No control,,3,0,0,0,,0,,,,,367461.3122,5026535.094,45.3759557,-75.69994891,10857
15--5811,2015/04/28,5:50 PM,HIGHWAY 417 btwn HWY417 IC129 RAMP25 & HWY417 IC129 RAMP35 (__3ZAYFR),__3ZAYFR,01 - Non intersection,03 - P.D. only,03 - Rear end,01 - Clear,01 - Daylight,01 - Dry,10 - No control,,2,0,0,0,,0,,,,,360478.0876,5023542.351,45.34961683,-75.78943963,10858
15--5812,2015/04/28,6:26 PM,ISLAND PARK DR @ RICHMOND RD (0002125),2125,02 - Intersection related,03 - P.D. only,04 - Sideswipe,01 - Clear,01 - Daylight,01 - Dry,01 - Traffic signal,01 - Functioning,2,0,0,0,,0,,,,,364133.1722,5028866.109,45.39721949,-75.74215809,10859