Anom_ID,Accident_Date,Accident_Time,Location,Geo_ID,Accident_Location,Classification_of_Accident,Initial_Impact_Type,Environment_Condition,Light,Road_Surface_Condition,Traffic_Control,Traffic_Control_Condition,No__of_Vehicles,No__of_Bicycles,No__of_Motorcycles,No__of_Pedestrians,Max_Injury,No__of_Injuries,No__of_Minimal,No__of_Minor,No__of_Major,No__of_Fatal,X,Y,Latitude,Longitude,ObjectId
15--5813,2015/04/28,7:10 PM,BROOKFIELD RD btwn KALADAR AVE & TRAVERSE DR (__3ZA9YQ),__3ZA9YQ,01 - Non intersection,03 - P.D. only,06 - SMV unattended vehicle,01 - Clear,01 - Daylight,01 - Dry,10 - No control,,1,0,0,0,,0,,,,,369812.7974,5026398.487,45.37451232,-75.66994657,10860
15--5814,2015/04/28,7:51 AM,DONALD ST @ ST. LAURENT BLVD (0008630),8630,03 - At intersection,03 - P.D. only,04 - Sideswipe,01 - Clear,01 - Daylight,01 - Dry,01 - Traffic signal,01 - Functioning,2,0,0,0,,0,,,,,372092.2715,5032472.225,45.42894604,-75.64001778,10861
15--5815,2015/04/28,7:53 AM,CARLING AVE btwn DAVIDSON'S SIDE RD & GRANDVIEW RD (__3ZA4Z8),__3ZA4Z8,01 - Non intersection,03 - P.D. only,03 - Rear end,01 - Clear,01 - Daylight,01 - Dry,10 - No control,,3,0,1,0,,0,,,,,354795.913,5023874.501,45.35303364,-75.86191684,10862
15--5816,2015/04/28,7:59 PM,HUNT CLUB RD @ RIVERSIDE DR (0002237),2237,02 - Intersection related,02 - Non-fatal injury,03 - Rear end,01 - Clear,05 - Dusk,01 - Dry,01 - Traffic signal,01 - Functioning,2,0,0,0,02 - Minor,1,,1,,,368036.703,5021945.98,45.33461221,-75.69319014,10863
15--5817,2015/04/28,8:05 AM,BANK ST @ ST. BERNARD ST (0012406),12406,03 - At intersection,02 - Non-fatal injury,05 - Turning movement,01 - Clear,01 - Daylight,01 - Dry,01 - Traffic signal,01 - Functioning,2,0,0,0,01 - Minimal,2,2,,,,373005.8209,5023708.409,45.35000452,-75.6295554,10864
15--5818,2015/04/28,8:06 AM,ST. LAURENT BLVD btwn DONALD ST & 125 N OF QUEEN MARY ST (__3ZA2CFA),__3ZA2CFA,01 - Non intersection,03 - P.D. only,03 - Rear end,01 - Clear,01 - Daylight,01 - Dry,10 - No control,,2,0,0,0,,0,,,,,372126.8661,5032392.945,45.42822939,-75.63958656,10865
15--5819,2015/04/28,8:10 AM,HIGHWAY 417 btwn HWY417 IC121B RAMP51 & HWY417 IC121A RAMP51 (__3ZA2YW),__3ZA2YW,01 - Non intersection,03 - P.D. only,03 - Rear end,01 - Clear,01 - Daylight,01 - Dry,10 - No control,,2,0,0,0,,0,,,,,366755.1019,5029568.773,45.40331478,-75.70858397,10866
15--582,2015/01/09,6:41 PM,GREENBANK RD @ BELLMAN DR/BATEMAN DR (0000153),153,03 - At intersection,02 - Non-fatal injury,02 - Angle,03 - Snow,07 - Dark,05 - Packed snow,01 - Traffic signal,01 - Functioning,2,0,0,0,02 - Minor,1,,1,,,361256.6755,5021016.043,45.32682292,-75.77979237,10867
15--5820,2015/04/28,8:20 AM,HIGHWAY 417 btwn HWY417 IC121A RAMP51 & HWY417 IC120A RAMP52 (__3ZA2R6),__3ZA2R6,01 - Non intersection,03 - P.D. only,03 - Rear end,01 - Clear,01 - Daylight,01 - Dry,10 - No control,,2,0,0,0,,0,,,,,367107.148,5029672.608,45.40421781,-75.70407424,10868
15--5821,2015/04/28,8:38 AM,INNES RD @ TENTH LINE RD (0004633),4633,02 - Intersection related,03 - P.D. only,03 - Rear end,01 - Clear,01 - Daylight,01 - Dry,01 - Traffic signal,01 - Functioning,2,0,0,0,,0,,,,,383950.7964,5036158.115,45.46086699,-75.48789723,10869
15--5822,2015/04/28,9:04 AM,NICHOLAS ST btwn DALY AVE & SB RAMP FROM WALLER/NICHOLAS/MACKENZIE KIN (__3ZA3VJ),__3ZA3VJ,01 - Non intersection,03 - P.D. only,04 - Sideswipe,01 - Clear,01 - Daylight,01 - Dry,10 - No control,,2,0,0,0,,0,,,,,368244.9983,5032018.826,45.4252261,-75.68923849,10870
15--5823,2015/04/28,9:15 AM,CARLING AVE @ BROADVIEW AVE (0006707),6707,03 - At intersection,03 - P.D. only,05 - Turning movement,01 - Clear,01 - Daylight,01 - Dry,01 - Traffic signal,01 - Functioning,2,0,0,0,,0,,,,,363180.6866,5026638.06,45.37725191,-75.75458636,10871
15--5824,2015/04/28,9:45 AM,ST. JOSEPH BLVD @ FOREST VALLEY DR/YOUVILLE DR (0004440),4440,02 - Intersection related,03 - P.D. only,03 - Rear end,01 - Clear,01 - Daylight,01 - Dry,01 - Traffic signal,01 - Functioning,2,0,0,0,,0,,,,,379164.7411,5036156.23,45.46137586,-75.54908814,10872
15--5825,2015/04/29,1:06 PM,GREENBANK RD @ STRANDHERD DR (0005563),5563,03 - At intersection,03 - P.D. only,02 - Angle,01 - Clear,01 - Daylight,01 - Dry,01 - Traffic signal,01 - Functioning,2,0,0,0,,0,,,,,363934.6478,5014782.971,45.27051739,-75.74637623,10873
15--5826,2015/04/29,1:30 AM,CLEARCREST CRES btwn PRINCESS LOUISE DR & FOXWOOD CRT (1) (__3ZA1VS),__3ZA1VS,01 - Non intersection,03 - P.D. only,06 - SMV unattended vehicle,01 - Clear,07 - Dark,01 - Dry,10 - No control,,1,0,0,0,,0,,,,,384349.7083,5038379.838,45.48081066,-75.48243748,10874
15--5827,2015/04/29,10:54 AM,BANK ST @ CHAMBERLAIN AVE N/ISABELLA ST (0002132),2132,03 - At intersection,03 - P.D. only,02 - Angle,01 - Clear,01 - Daylight,01 - Dry,01 - Traffic signal,01 - Functioning,2,0,0,0,,0,,,,,368082.7121,5030166.08,45.40857041,-75.69155006,10875
15--5828,2015/04/29,11:45 AM,ST. LAURENT BLVD btwn COVENTRY RD & LEMIEUX ST (__3ZA2C9),__3ZA2C9,01 - Non intersection,03 - P.D. only,04 - Sideswipe,01 - Clear,01 - Daylight,01 - Dry,10 - No control,,2,0,0,0,,0,,,,,372341.9431,5031865.714,45.42346488,-75.63691056,10876
15--5829,2015/04/29,2:13 PM,HUNT CLUB RD @ CANADAIR PRIV (0010852),10852,02 - Intersection related,02 - Non-fatal injury,03 - Rear end,01 - Clear,01 - Daylight,01 - Dry,01 - Traffic signal,01 - Functioning,2,0,0,0,01 - Minimal,1,1,,,,368663.6813,5022310.048,45.33783123,-75.68514462,10877
15--583,2015/01/09,6:59 PM,SNAKE ISLAND RD btwn MCGUIRE RD & BLANCHFIELD RD (__3ZA3T4),__3ZA3T4,01 - Non intersection,03 - P.D. only,07 - SMV other,03 - Snow,07 - Dark,03 - Loose snow,10 - No control,,1,0,0,0,,0,,,,,376765.3938,5005419.385,45.1850706,-75.58423171,10878
15--5830,2015/04/29,2:42 PM,BANK ST @ RIVERSIDE DR S (0002704),2704,02 - Intersection related,03 - P.D. only,03 - Rear end,01 - Clear,01 - Daylight,01 - Dry,01 - Traffic signal,01 - Functioning,2,0,0,0,,0,,,,,369306.6448,5027893.107,45.38800722,-75.67621293,10879
15--5831,2015/04/29,2:47 PM,MERIVALE RD @ WEST HUNT CLUB RD (0000584),584,02 - Intersection related,03 - P.D. only,03 - Rear end,01 - Clear,01 - Daylight,01 - Dry,01 - Traffic signal,01 - Functioning,2,0,0,0,,0,,,,,365611.7313,5021942.98,45.33479957,-75.72412677,10880
15--5832,2015/04/29,3:04 PM,LEES AVE @ KING EDWARD AVE/MANN AVE (0011413),11413,02 - Intersection related,03 - P.D. only,03 - Rear end,01 - Clear,01 - Daylight,01 - Dry,01 - Traffic signal,01 - Functioning,2,0,0,0,,0,,,,,369179.2238,5031336.828,45.41900438,-75.67739041,10881
15--5833,2015/04/29,3:33 PM,CONROY RD @ QUEENSDALE AVE (0009365),9365,03 - At intersection,02 - Non-fatal injury,05 - Turning movement,01 - Clear,01 - Daylight,01 - Dry,02 - Stop sign,00 - Unknown,2,1,0,0,02 - Minor,1,,1,,,374352.7037,5024043.993,45.35289168,-75.6123213,10882
15--5834,2015/04/29,3:47 AM,MEADOWLANDS DR btwn CLAYMOR AVE & DEBRA AVE (__3ZA3GTA),__3ZA3GTA,01 - Non intersection,02 - Non-fatal injury,07 - SMV other,01 - Clear,07 - Dark,01 - Dry,10 - No control,,1,0,0,0,02 - Minor,1,,1,,,366943.2179,5025349.983,45.36533847,-75.70671232,10883
15--5835,2015/04/29,4:23 PM,HUNTMAR DR @ MAPLE GROVE RD (0003119),3119,02 - Intersection related,03 - P.D. only,03 - Rear end,01 - Clear,01 - Daylight,01 - Dry,02 - Stop sign,01 - Functioning,2,0,0,0,,0,,,,,350267.605,5016712.008,45.28889193,-75.92036474,10884
15--5836,2015/04/29,4:24 PM,TERRY FOX DR S @ DIDSBURY RD/CENTRUM KANATA SC (0011820),11820,02 - Intersection related,03 - P.D. only,04 - Sideswipe,01 - Clear,01 - Daylight,01 - Dry,01 - Traffic signal,01 - Functioning,2,0,0,0,,0,,,,,350618.0159,5018920.962,45.30874597,-75.91569371,10885
15--5837,2015/04/29,4:30 PM,BELFAST RD @ ST. LAURENT BLVD (0007658),7658,02 - Intersection related,03 - P.D. only,04 - Sideswipe,01 - Clear,01 - Daylight,01 - Dry,01 - Traffic signal,01 - Functioning,2,0,0,0,,0,,,,,372861.688,5030577.116,45.41182031,-75.63044772,10886
15--5838,2015/04/29,4:46 PM,KANATA AVE btwn WALDEN DR & KNUDSON DR (__4V3Y4J),__4V3Y4J,01 - Non intersection,02 - Non-fatal injury,07 - SMV other,01 - Clear,01 - Daylight,01 - Dry,10 - No control,,1,0,0,0,01 - Minimal,1,1,,,,350062.1088,5020572.36,45.32364174,-75.92263181,10887
15--5839,2015/04/29,4:48 PM,MACDONALD-CARTIER BR btwn RAMP & END (2) (__3ZA3UC),__3ZA3UC,07 - Overpass or bridge,03 - P.D. only,03 - Rear end,01 - Clear,01 - Daylight,01 - Dry,10 - No control,,4,0,0,0,,0,,,,,367491.1714,5033189.34,45.43582596,-75.69872165,10888
15--584,2015/01/09,7:07 PM,BANK ST btwn ST. PAUL AVE & KITCHENER AVE (__3ZA4TR),__3ZA4TR,04 - At/near private drive,03 - P.D. only,05 - Turning movement,01 - Clear,07 - Dark,03 - Loose snow,10 - No control,,2,0,0,0,,0,,,,,370521.4363,5025536.465,45.36669002,-75.66101465,10889
15--5840,2015/04/29,5:25 PM,CARLING AVE WB btwn ALPINE AVE & FOREST ST (__3ZA260),__3ZA260,01 - Non intersection,03 - P.D. only,03 - Rear end,01 - Clear,01 - Daylight,01 - Dry,10 - No control,,3,0,0,0,,0,,,,,360531.1866,5024963.364,45.36239884,-75.78860184,10890
15--5841,2015/04/29,5:30 PM,INNES RD btwn TENTH LINE RD & 240 E OF TENTH LINE RD/HOME DEPOT E (__3ZBOGOA),__3ZBOGOA,01 - Non intersection,03 - P.D. only,03 - Rear end,01 - Clear,01 - Daylight,01 - Dry,10 - No control,,2,0,0,0,,0,,,,,383974.8928,5036168.717,45.46095964,-75.48758745,10891
15--5842,2015/04/29,5:30 PM,HIGHWAY 417 btwn HWY417 IC130 RAMP35 & HWY417 IC130 RAMP25 (__3ZA298),__3ZA298,01 - Non intersection,03 - P.D. only,04 - Sideswipe,01 - Clear,01 - Daylight,01 - Dry,10 - No control,,2,0,0,0,,0,,,,,359246.3187,5023067.261,45.34543867,-75.80521052,10892
15--5843,2015/04/29,5:37 PM,OAKLAWN CRES btwn GARDENWAY DR & GARDENWAY DR (__3ZA5SY),__3ZA5SY,04 - At/near private drive,03 - P.D. only,06 - SMV unattended vehicle,01 - Clear,01 - Daylight,01 - Dry,10 - No control,,1,0,0,0,,0,,,,,384020.4754,5036605.592,45.46488508,-75.48693427,10893
15--5844,2015/04/29,5:40 PM,MERIVALE RD @ SLACK RD (0000110),110,03 - At intersection,03 - P.D. only,05 - Turning movement,01 - Clear,01 - Daylight,01 - Dry,01 - Traffic signal,01 - Functioning,2,0,0,0,,0,,,,,366019.8981,5020955.995,45.32588332,-75.71904167,10894
15--5845,2015/04/29,5:49 PM,BANK ST btwn ALTA VISTA DR & WALKLEY RD (__3ZA4TX),__3ZA4TX,01 - Non intersection,03 - P.D. only,04 - Sideswipe,01 - Clear,01 - Daylight,01 - Dry,10 - No control,,2,0,0,0,,0,,,,,370294.3301,5026072.184,45.37153151,-75.6638425,10895
15--5846,2015/04/29,6:02 PM,BRONSON AVE btwn SOMERSET ST W & MACLAREN ST (__3ZBODK),__3ZBODK,04 - At/near private drive,03 - P.D. only,03 - Rear end,01 - Clear,01 - Daylight,01 - Dry,10 - No control,,2,0,0,0,,0,,,,,366972.7412,5030461.077,45.41132418,-75.70569159,10896
15--5847,2015/04/29,6:04 PM,LAKERIDGE DR @ LAKERIDGE DR S-1 (0013461),13461,02 - Intersection related,02 - Non-fatal injury,04 - Sideswipe,01 - Clear,01 - Daylight,01 - Dry,02 - Stop sign,01 - Functioning,2,0,0,0,02 - Minor,1,,1,,,385041.5819,5034595.748,45.44668584,-75.47420647,10897
15--5848,2015/04/29,6:13 PM,CANAAN RD @ REGIONAL RD 174 (0012882),12882,02 - Intersection related,02 - Non-fatal injury,03 - Rear end,01 - Clear,01 - Daylight,01 - Dry,01 - Traffic signal,01 - Functioning,2,0,0,0,02 - Minor,1,,1,,,395770.8521,5043413.069,45.52469776,-75.33543869,10898
15--5849,2015/04/29,6:22 PM,CAMPEAU DR @ HUNTMAR DR (0011612),11612,02 - Intersection related,03 - P.D. only,04 - Sideswipe,01 - Clear,01 - Daylight,01 - Dry,11 - Roundabout,01 - Functioning,2,0,0,0,,0,,,,,349053.6082,5018056.464,45.30106727,-75.93572042,10899
15--585,2015/01/09,7:14 AM,BORRISOKANE RD btwn CAMBRIAN RD & STRANDHERD DR (__3ZA1CC),__3ZA1CC,01 - Non intersection,03 - P.D. only,07 - SMV other,03 - Snow,03 - Dawn,05 - Packed snow,10 - No control,,1,0,0,0,,0,,,,,362539.0626,5012666.522,45.2515894,-75.76440632,10900
15--5850,2015/04/29,6:30 PM,LAURIER AVE   E btwn NELSON ST & SWEETLAND AVE (__3ZA3VS),__3ZA3VS,01 - Non intersection,02 - Non-fatal injury,07 - SMV other,01 - Clear,01 - Daylight,01 - Dry,10 - No control,,1,0,0,1,02 - Minor,1,,1,,,368949.0314,5032160.085,45.42643289,-75.6802242,10901
15--5851,2015/04/29,7:04 PM,MERIVALE RD btwn 170 N OF WEST HUNT CLUB RD/COSTCO SC & WEST HUNT CLUB (__3ZA33DB),__3ZA33DB,01 - Non intersection,03 - P.D. only,03 - Rear end,01 - Clear,01 - Daylight,01 - Dry,10 - No control,,2,0,0,0,,0,,,,,365576.0571,5022034.397,45.33562522,-75.72457065,10902
15--5852,2015/04/29,8:00 PM,CARLING AVE @ PRESTON ST (0002161),2161,03 - At intersection,03 - P.D. only,05 - Turning movement,01 - Clear,05 - Dusk,01 - Dry,01 - Traffic signal,01 - Functioning,2,1,0,0,,0,,,,,366830.4307,5028935.193,45.39760733,-75.7077015,10903
15--5853,2015/04/29,8:18 PM,CARLING AVE @ CROYDON AVE (0002642),2642,03 - At intersection,03 - P.D. only,05 - Turning movement,01 - Clear,07 - Dark,01 - Dry,01 - Traffic signal,01 - Functioning,2,0,0,0,,0,,,,,360659.6445,5025042.036,45.3630965,-75.78695333,10904
15--5854,2015/04/29,8:30 AM,BELANGER AVE btwn CLEMENTINE BLVD & BANK ST (__3ZBOUA),__3ZBOUA,04 - At/near private drive,03 - P.D. only,02 - Angle,01 - Clear,01 - Daylight,01 - Dry,10 - No control,,2,0,0,0,,0,,,,,369560.8456,5027413.631,45.3836696,-75.67302989,10905
15--5855,2015/04/29,8:35 PM,CHAMPLAIN ST @ JEANNE D'ARC BLVD (0004106),4106,03 - At intersection,03 - P.D. only,05 - Turning movement,01 - Clear,07 - Dark,01 - Dry,01 - Traffic signal,01 - Functioning,2,0,0,0,,0,,,,,381379.7447,5038724.08,45.48423994,-75.52036848,10906
15--5856,2015/04/29,9:28 AM,CORKSTOWN RD @ MARCH RD (0003153),3153,03 - At intersection,02 - Non-fatal injury,02 - Angle,01 - Clear,01 - Daylight,01 - Dry,02 - Stop sign,01 - Functioning,2,0,1,0,02 - Minor,1,,1,,,352657.6131,5020883.004,45.32626482,-75.8894951,10907
15--5857,2015/04/29,9:41 AM,CEDARVIEW RD btwn BASELINE RD & BRUIN RD (__3ZAZMH),__3ZAZMH,01 - Non intersection,02 - Non-fatal injury,03 - Rear end,01 - Clear,01 - Daylight,01 - Dry,10 - No control,,2,0,0,0,02 - Minor,1,,1,,,359069.3642,5021308.43,45.32962636,-75.80766137,10908
15--5858,2015/04/30,10:14 AM,KIRKWOOD AVE @ MERIVALE RD (0002243),2243,02 - Intersection related,03 - P.D. only,02 - Angle,01 - Clear,01 - Daylight,01 - Dry,01 - Traffic signal,01 - Functioning,2,1,0,0,,0,,,,,364853.7014,5026644.133,45.37716515,-75.73322621,10909
15--5859,2015/04/30,10:20 PM,LIMEBANK RD @ SPRATT RD (0012970),12970,02 - Intersection related,03 - P.D. only,07 - SMV other,01 - Clear,07 - Dark,01 - Dry,01 - Traffic signal,00 - Unknown,1,0,0,0,,0,,,,,369776.9993,5016879.09,45.28886241,-75.67165318,10910
15--586,2015/01/09,7:15 AM,LEITRIM RD btwn HIGH RD & ALBION RD (__4B2G24),__4B2G24,01 - Non intersection,03 - P.D. only,07 - SMV other,03 - Snow,03 - Dawn,04 - Slush,10 - No control,,1,0,0,0,,0,,,,,373368.1182,5020320.318,45.31948435,-75.6254017,10911
15--5860,2015/04/30,10:27 AM,CARLING AVE @ PINECREST  RD/GREENVIEW AVE (0001630),1630,02 - Intersection related,03 - P.D. only,03 - Rear end,01 - Clear,01 - Daylight,01 - Dry,01 - Traffic signal,01 - Functioning,2,0,0,0,,0,,,,,360007.6396,5024631.082,45.3594504,-75.79532143,10912
15--5861,2015/04/30,10:50 AM,FRASER AVE @ BYRON AVE (0006220),6220,03 - At intersection,03 - P.D. only,02 - Angle,01 - Clear,01 - Daylight,01 - Dry,02 - Stop sign,01 - Functioning,2,0,0,0,,0,,,,,362506.2217,5027654.709,45.38645546,-75.76307848,10913
15--5862,2015/04/30,11:15 AM,MAJESTIC DR @ WOODROFFE AVE (0000562),562,02 - Intersection related,02 - Non-fatal injury,03 - Rear end,01 - Clear,01 - Daylight,01 - Dry,01 - Traffic signal,01 - Functioning,2,0,0,0,01 - Minimal,1,1,,,,363526.7295,5021571.974,45.33163888,-75.75077019,10914
15--5863,2015/04/30,12:59 PM,MERIVALE RD/LOTTA AVE @ CLYDE AVE (0001112),1112,02 - Intersection related,03 - P.D. only,04 - Sideswipe,01 - Clear,01 - Daylight,01 - Dry,01 - Traffic signal,01 - Functioning,2,0,0,0,,0,,,,,364522.0365,5024506.038,45.35795525,-75.73771903,10915
15--5864,2015/04/30,2:06 PM,INNES RD @ VISENEAU DR (0012442),12442,03 - At intersection,02 - Non-fatal injury,05 - Turning movement,01 - Clear,01 - Daylight,01 - Dry,01 - Traffic signal,01 - Functioning,2,0,0,0,02 - Minor,1,,1,,,381799.715,5035073.917,45.45135266,-75.51556877,10916
15--5865,2015/04/30,2:27 PM,MONTREAL RD @ DUCHARME BLVD/CANTIN ST (0009319),9319,02 - Intersection related,03 - P.D. only,03 - Rear end,01 - Clear,01 - Daylight,01 - Dry,01 - Traffic signal,00 - Unknown,2,0,0,0,,0,,,,,371017.8022,5033565.832,45.43888839,-75.65360069,10917
15--5866,2015/04/30,2:47 PM,INNES RD btwn INDUSTRIAL AVE & BANTREE ST (__3ZA2XQ),__3ZA2XQ,01 - Non intersection,03 - P.D. only,04 - Sideswipe,01 - Clear,01 - Daylight,01 - Dry,10 - No control,,2,0,0,0,,0,,,,,373129.6141,5030020.73,45.4067881,-75.62710222,10918
15--5867,2015/04/30,2:53 PM,METCALFE ST @ GILMOUR ST (0006949),6949,03 - At intersection,03 - P.D. only,04 - Sideswipe,01 - Clear,01 - Daylight,01 - Dry,01 - Traffic signal,01 - Functioning,2,0,0,0,,0,,,,,368098.7138,5030962.015,45.41573052,-75.69124345,10919
15--5868,2015/04/30,3:45 PM,HIGHWAY 417 btwn HWY417 IC123 RAMP62 & HWY417 IC122 RAMP16 (__3ZA2R9),__3ZA2R9,01 - Non intersection,03 - P.D. only,04 - Sideswipe,01 - Clear,01 - Daylight,01 - Dry,10 - No control,,2,0,0,0,,0,,,,,365022.6336,5028524.33,45.3940683,-75.73084005,10920
15--5869,2015/04/30,3:46 PM,RICHMOND RD btwn WINONA AVE & EDEN AVE (__3ZA4OZ),__3ZA4OZ,01 - Non intersection,03 - P.D. only,04 - Sideswipe,01 - Clear,01 - Daylight,01 - Dry,10 - No control,,2,0,0,0,,0,,,,,363309.8451,5028347.632,45.39262361,-75.75273474,10921
15--587,2015/01/09,7:21 AM,BORRISOKANE RD btwn CAMBRIAN RD & STRANDHERD DR (__3ZA1CC),__3ZA1CC,01 - Non intersection,03 - P.D. only,07 - SMV other,01 - Clear,03 - Dawn,06 - Ice,10 - No control,,1,0,0,0,,0,,,,,362951.8039,5011918.574,45.24482531,-75.75923594,10922
15--5870,2015/04/30,4:10 PM,OTTAWA RIVER PKWY EB btwn TRANSIT & TURN LANE (1) (__3ZA232),__3ZA232,01 - Non intersection,03 - P.D. only,03 - Rear end,01 - Clear,01 - Daylight,01 - Dry,10 - No control,,2,0,0,0,,0,,,,,362889.1638,5029197.053,45.40030159,-75.75800704,10923
15--5871,2015/04/30,4:30 PM,BRIAN COBURN BLVD btwn AQUAVIEW DR & TENTH LINE RD (__5JY425),__5JY425,04 - At/near private drive,03 - P.D. only,02 - Angle,01 - Clear,01 - Daylight,01 - Dry,10 - No control,,2,0,0,0,,0,,,,,384525.2606,5035069.364,45.45100609,-75.48072922,10924
15--5872,2015/04/30,4:30 PM,MONTREAL RD @ SHEFFORD RD (0012423),12423,03 - At intersection,02 - Non-fatal injury,07 - SMV other,01 - Clear,01 - Daylight,01 - Dry,01 - Traffic signal,01 - Functioning,1,0,0,1,01 - Minimal,1,1,,,,376124.7666,5034854.057,45.44997672,-75.5881445,10925
15--5873,2015/04/30,4:30 PM,HIGHWAY 417 btwn HWY417 IC121B RAMP51 & HWY417 IC121A RAMP51 (__3ZA2YW),__3ZA2YW,01 - Non intersection,03 - P.D. only,03 - Rear end,01 - Clear,01 - Daylight,01 - Dry,10 - No control,,2,0,0,0,,0,,,,,366749.3258,5029568.051,45.4033088,-75.70865784,10926
15--5874,2015/04/30,5:12 PM,HAWTHORNE RD @ HUNT CLUB RD (0007651),7651,02 - Intersection related,03 - P.D. only,04 - Sideswipe,01 - Clear,01 - Daylight,01 - Dry,01 - Traffic signal,01 - Functioning,2,0,0,0,,0,,,,,375507.7499,5026404.727,45.37401695,-75.59724385,10927
15--5875,2015/04/30,5:39 PM,KING EDWARD AVE @ LAURIER AVE (0002170),2170,02 - Intersection related,03 - P.D. only,03 - Rear end,01 - Clear,01 - Daylight,01 - Dry,01 - Traffic signal,01 - Functioning,2,0,0,0,,0,,,,,368741.1486,5032035.664,45.42533242,-75.68289666,10928
15--6171,2015/05/08,3:56 PM,HAZELDEAN RD btwn CASTLEFRANK RD & 246 E OF CASTLEFRANK RD (__3ZA41NA),__3ZA41NA,01 - Non intersection,03 - P.D. only,03 - Rear end,01 - Clear,01 - Daylight,01 - Dry,10 - No control,,2,0,0,0,,0,,,,,352788.6673,5017776.034,45.29829867,-75.88812429,10929
15--6172,2015/05/08,3:57 PM,HARDING RD @ HORTON ST (0008945),8945,02 - Intersection related,03 - P.D. only,03 - Rear end,01 - Clear,01 - Daylight,01 - Dry,02 - Stop sign,01 - Functioning,3,0,0,0,,0,,,,,372946.2383,5027781.542,45.38665875,-75.62975387,10930
15--6173,2015/05/08,4:15 PM,ST. JOSEPH BLVD btwn MAISONNEUVE ST & GABRIEL ST (__3ZA2AU),__3ZA2AU,04 - At/near private drive,03 - P.D. only,02 - Angle,01 - Clear,01 - Daylight,01 - Dry,10 - No control,,2,0,0,0,,0,,,,,381479.1948,5037590.275,45.47402801,-75.51927347,10931
15--6174,2015/05/08,4:17 PM,PRESTON ST @ PRINCE OF WALES DR/QUEEN ELIZABET (0006904),6904,02 - Intersection related,02 - Non-fatal injury,03 - Rear end,01 - Clear,01 - Daylight,01 - Dry,01 - Traffic signal,01 - Functioning,2,0,0,0,02 - Minor,1,,1,,,366900.7115,5028775.102,45.39616064,-75.70682406,10932
15--6175,2015/05/08,4:19 PM,ST. LAURENT BLVD btwn HWY417 IC115 RAMP35 & HWY417 IC115 RAMP26 (__3ZAZEA),__3ZAZEA,01 - Non intersection,03 - P.D. only,04 - Sideswipe,01 - Clear,01 - Daylight,01 - Dry,10 - No control,,2,0,0,0,,0,,,,,372494.716,5031498.638,45.42014733,-75.635009,10933
15--6176,2015/05/08,4:32 PM,WOODROFFE AVE @ KNOXDALE RD/MEDHURST DR (0000519),519,03 - At intersection,02 - Non-fatal injury,05 - Turning movement,01 - Clear,01 - Daylight,01 - Dry,01 - Traffic signal,01 - Functioning,2,0,0,0,02 - Minor,3,1,2,,,363419.6899,5021826.969,45.33394226,-75.75210547,10934
15--6177,2015/05/08,4:44 PM,OGILVIE RD btwn MATHESON RD & CADBORO RD (__3ZA2DM),__3ZA2DM,04 - At/near private drive,02 - Non-fatal injury,05 - Turning movement,01 - Clear,01 - Daylight,01 - Dry,10 - No control,,2,1,0,0,02 - Minor,1,,1,,,373412.0022,5032553.128,45.42954575,-75.62314257,10935
15--6178,2015/05/08,4:45 PM,ST. LAURENT BLVD btwn BELFAST RD & INDUSTRIAL AVE (__3ZA3R8),__3ZA3R8,01 - Non intersection,03 - P.D. only,03 - Rear end,01 - Clear,01 - Daylight,01 - Dry,10 - No control,,4,0,0,0,,0,,,,,372870.8142,5030556.58,45.41163465,-75.63033397,10936
15--6179,2015/05/08,4:45 PM,FRANCOIS ST btwn DENISE AVE & MONIQUE AVE (__3ZA15X),__3ZA15X,04 - At/near private drive,03 - P.D. only,02 - Angle,01 - Clear,01 - Daylight,01 - Dry,10 - No control,,2,0,0,0,,0,,,,,384118.6504,5032615.597,45.42897552,-75.48632226,10937
15--618,2015/01/10,1:50 PM,CAMERON ST @ REGIONAL RD 174 (0012883),12883,03 - At intersection,03 - P.D. only,02 - Angle,01 - Clear,01 - Daylight,02 - Wet,01 - Traffic signal,01 - Functioning,2,0,0,0,,0,,,,,389859.8097,5042616.119,45.51827411,-75.41123284,10938
15--6180,2015/05/08,4:48 AM,DWYER HILL RD btwn BLEEKS RD & COPELAND RD (__3ZA3FD),__3ZA3FD,01 - Non intersection,03 - P.D. only,07 - SMV other,01 - Clear,07 - Dark,01 - Dry,10 - No control,,1,0,0,0,,0,,,,,347386.0299,4999912.294,45.13790047,-75.95853471,10939
15--6181,2015/05/08,4:48 PM,CHAMPLAIN BRIDGE/ISLAND PARK DR btwn BATE ISLAND & OTTAWA RIVER PKWY (__3ZA2ZEB),__3ZA2ZEB,07 - Overpass or bridge,03 - P.D. only,03 - Rear end,01 - Clear,01 - Daylight,01 - Dry,10 - No control,,2,0,0,0,,0,,,,,363141.7384,5029585.548,45.40377619,-75.75473514,10940
15--6182,2015/05/08,5:30 PM,BLAIR RD @ OGILVIE RD (0004120),4120,02 - Intersection related,03 - P.D. only,04 - Sideswipe,01 - Clear,01 - Daylight,01 - Dry,01 - Traffic signal,01 - Functioning,2,0,0,0,,0,,,,,374507.7237,5033197.129,45.43523177,-75.60904983,10941
15--6183,2015/05/08,6:34 PM,BERRIGAN DR @ LONGFIELDS DR (0010453),10453,03 - At intersection,03 - P.D. only,02 - Angle,01 - Clear,01 - Daylight,01 - Dry,11 - Roundabout,01 - Functioning,2,0,0,0,,0,,,,,364305.3301,5015647.14,45.27826191,-75.74154902,10942