Anom_ID,Accident_Date,Accident_Time,Location,Geo_ID,Accident_Location,Classification_of_Accident,Initial_Impact_Type,Environment_Condition,Light,Road_Surface_Condition,Traffic_Control,Traffic_Control_Condition,No__of_Vehicles,No__of_Bicycles,No__of_Motorcycles,No__of_Pedestrians,Max_Injury,No__of_Injuries,No__of_Minimal,No__of_Minor,No__of_Major,No__of_Fatal,X,Y,Latitude,Longitude,ObjectId
15--6184,2015/05/08,6:50 PM,HAWTHORNE RD @ STEVENAGE DR (0008802),8802,02 - Intersection related,02 - Non-fatal injury,03 - Rear end,01 - Clear,01 - Daylight,01 - Dry,01 - Traffic signal,01 - Functioning,2,0,0,0,01 - Minimal,1,1,,,,375136.6347,5027314.167,45.38223701,-75.60185191,10943
15--6185,2015/05/08,7:30 AM,OTTAWA RIVER PKWY EB btwn TUNNEY'S PASTURE/REMIC RAPIDS ENT & ISLAND P (__3ZA24JA),__3ZA24JA,01 - Non intersection,03 - P.D. only,04 - Sideswipe,01 - Clear,01 - Daylight,01 - Dry,10 - No control,,2,0,0,0,,0,,,,,364227.6173,5030105.437,45.4083627,-75.74080253,10944
15--6186,2015/05/08,7:51 AM,PRINCE OF WALES DR btwn WATERBEND LANE & TURN LANE (__3ZA1H4),__3ZA1H4,01 - Non intersection,02 - Non-fatal injury,04 - Sideswipe,01 - Clear,01 - Daylight,01 - Dry,10 - No control,,2,0,1,0,02 - Minor,1,,1,,,367411.9718,5021620.747,45.33174185,-75.70120117,10945
15--6187,2015/05/08,7:52 PM,BASELINE RD @ CLYDE AVE (0002343),2343,02 - Intersection related,02 - Non-fatal injury,03 - Rear end,01 - Clear,01 - Daylight,01 - Dry,01 - Traffic signal,01 - Functioning,2,0,0,0,01 - Minimal,1,1,,,,364357.9826,5024888.711,45.36141244,-75.73976669,10946
15--6188,2015/05/08,7:55 PM,MERIVALE RD @ CAPILANO DR/WITHROW AVE (0009820),9820,02 - Intersection related,03 - P.D. only,03 - Rear end,01 - Clear,01 - Daylight,01 - Dry,01 - Traffic signal,01 - Functioning,2,0,0,0,,0,,,,,364641.7083,5024228.85,45.35545095,-75.73622525,10947
15--6189,2015/05/08,7:59 PM,UPPER LORNE PL btwn SOMERSET ST W & END (__3ZA4GN),__3ZA4GN,04 - At/near private drive,03 - P.D. only,02 - Angle,01 - Clear,01 - Daylight,01 - Dry,10 - No control,,2,0,0,0,,0,,,,,366616.4377,5030380.758,45.41063306,-75.7102533,10948
15--619,2015/01/10,1:56 AM,SOMERSET ST    W btwn PRESTON ST & ROCHESTER ST (__3ZA321),__3ZA321,01 - Non intersection,03 - P.D. only,03 - Rear end,01 - Clear,07 - Dark,02 - Wet,10 - No control,,2,0,0,0,,0,,,,,366319.2649,5030131.906,45.40842014,-75.71408057,10949
15--6190,2015/05/08,8:10 AM,CARLING AVE EB btwn CARLING AVE EB OFF RAMP/OTTAWA RIVER PKWY & TRANSI (__3ZGKXW),__3ZGKXW,01 - Non intersection,03 - P.D. only,03 - Rear end,01 - Clear,01 - Daylight,01 - Dry,10 - No control,,3,0,0,0,,0,,,,,360986.4865,5025232.362,45.36478292,-75.78275989,10950
15--6191,2015/05/08,8:43 PM,DOWNPATRICK RD btwn WYMAN CRES & WYMAN PL (__3ZA9WQ),__3ZA9WQ,04 - At/near private drive,02 - Non-fatal injury,02 - Angle,01 - Clear,07 - Dark,01 - Dry,10 - No control,,2,0,1,0,01 - Minimal,2,2,,,,370563.5043,5023260.155,45.34620453,-75.6607805,10951
15--6192,2015/05/08,8:45 AM,DRIVEWAY (THE) @ PRINCE OF WALES DR (0002128),2128,02 - Intersection related,03 - P.D. only,03 - Rear end,01 - Clear,01 - Daylight,01 - Dry,11 - Roundabout,01 - Functioning,2,0,0,0,,0,,,,,366884.833,5028146.618,45.39050711,-75.70710593,10952
15--6193,2015/05/08,8:51 AM,CAVENDISH RD @ PLEASANT PARK RD (0011551),11551,03 - At intersection,03 - P.D. only,02 - Angle,01 - Clear,01 - Daylight,01 - Dry,02 - Stop sign,01 - Functioning,2,0,0,0,,0,,,,,370179.7919,5028445.09,45.39289281,-75.66499039,10953
15--6194,2015/05/08,9:09 AM,ST. LAURENT BLVD btwn CYRVILLE RD & COVENTRY RD (__3ZA2CE),__3ZA2CE,01 - Non intersection,03 - P.D. only,04 - Sideswipe,01 - Clear,01 - Daylight,01 - Dry,10 - No control,,2,0,0,0,,0,,,,,372296.347,5031977.212,45.42447249,-75.63747787,10954
15--6195,2015/05/08,9:14 PM,STRANDHERD DR @ LONGFIELDS DR (0010935),10935,02 - Intersection related,03 - P.D. only,03 - Rear end,01 - Clear,07 - Dark,01 - Dry,01 - Traffic signal,01 - Functioning,2,0,0,0,,0,,,,,364549.5312,5015172.964,45.27397457,-75.73849379,10955
15--6196,2015/05/08,9:22 PM,MONTREAL RD/HANNAH ST @ CODY AVE (0009349),9349,02 - Intersection related,03 - P.D. only,03 - Rear end,01 - Clear,07 - Dark,01 - Dry,01 - Traffic signal,01 - Functioning,2,0,0,0,,0,,,,,370255.4379,5033168.511,45.43538525,-75.66339705,10956
15--6197,2015/05/08,9:34 PM,DONALD ST btwn ALESTHER ST & ST. LAURENT BLVD (__3ZBOYJ),__3ZBOYJ,01 - Non intersection,03 - P.D. only,05 - Turning movement,01 - Clear,07 - Dark,01 - Dry,10 - No control,,2,0,0,0,,0,,,,,372073.4719,5032470.175,45.42892941,-75.64025829,10957
15--6198,2015/05/08,9:40 PM,CYRVILLE RD @ INNES RD (0009352),9352,02 - Intersection related,02 - Non-fatal injury,07 - SMV other,01 - Clear,07 - Dark,08 - Loose sand or gravel,01 - Traffic signal,01 - Functioning,1,0,1,0,02 - Minor,1,,1,,,375048.6886,5031119.082,45.41648051,-75.60243287,10958
15--6199,2015/05/09,1:10 PM,BANK ST btwn HOLMWOOD AVE & LANSDOWNE PARK (__3ZA3NFA),__3ZA3NFA,01 - Non intersection,02 - Non-fatal injury,04 - Sideswipe,01 - Clear,01 - Daylight,01 - Dry,10 - No control,,2,1,0,0,01 - Minimal,1,1,,,,368490.3827,5029183.583,45.39969323,-75.68646941,10959
15--62,2015/01/03,1:10 PM,HIGHWAY 7 WB btwn HIGHWAY 417 HWY 7 RAMP 66/76 & HIGHWAY 7 HAZELDEAN IC RAMP 34 (__7JQ7KW),__7JQ7KW,01 - Non intersection,03 - P.D. only,04 - Sideswipe,03 - Snow,01 - Daylight,03 - Loose snow,10 - No control,,2,0,0,0,,0,,,,,346202.1529,5013622.735,45.26134464,-75.97244772,10960
15--620,2015/01/10,1:57 PM,FALLOWFIELD RD btwn EAGLESON RD & RICHMOND RD (__3ZA4Y2),__3ZA4Y2,01 - Non intersection,03 - P.D. only,99 - Other,01 - Clear,01 - Daylight,01 - Dry,10 - No control,,2,0,0,0,,0,,,,,356617.6952,5012880.375,45.25397463,-75.83981673,10961
15--6200,2015/05/09,1:17 PM,MARCH RD btwn TERRY FOX DR & SOLANDT RD (__3ZA3CE),__3ZA3CE,01 - Non intersection,02 - Non-fatal injury,07 - SMV other,01 - Clear,01 - Daylight,02 - Wet,10 - No control,,1,0,1,0,03 - Major,1,,,1,,349873.978,5023389.779,45.34900565,-75.92477488,10962
15--6201,2015/05/09,1:24 PM,FRANK KENNY RD @ RUSSELL RD (0004678),4678,02 - Intersection related,03 - P.D. only,03 - Rear end,01 - Clear,01 - Daylight,01 - Dry,02 - Stop sign,01 - Functioning,2,0,0,0,,0,,,,,392561.8848,5026364.993,45.3717312,-75.37955126,10963
15--6202,2015/05/09,1:51 PM,PARKDALE AVE @ KENILWORTH ST (0006366),6366,03 - At intersection,03 - P.D. only,05 - Turning movement,01 - Clear,01 - Daylight,01 - Dry,02 - Stop sign,01 - Functioning,2,0,0,0,,0,,,,,365446.6637,5028594.105,45.39465952,-75.72541628,10964
15--6203,2015/05/09,10:08 PM,HWY417 IC130 RAMP61 btwn HWY417 IC130 RAMP66 & RAMP (__3ZAY7M),__3ZAY7M,01 - Non intersection,03 - P.D. only,04 - Sideswipe,01 - Clear,07 - Dark,01 - Dry,10 - No control,,2,0,0,0,,0,,,,,359502.3928,5023154.372,45.34620257,-75.80193337,10965
15--6204,2015/05/09,10:31 PM,KING EDWARD AVE SB btwn CATHCART ST & ST. ANDREW ST (__3ZA3LO),__3ZA3LO,04 - At/near private drive,03 - P.D. only,06 - SMV unattended vehicle,01 - Clear,07 - Dark,01 - Dry,10 - No control,,1,0,0,0,,0,,,,,368120.3361,5033035.861,45.43438832,-75.69070061,10966
15--6205,2015/05/09,10:56 AM,BRONSON AVE btwn UNIVERSITY RD & BREWER WAY (__3ZA3BT),__3ZA3BT,01 - Non intersection,03 - P.D. only,03 - Rear end,01 - Clear,01 - Daylight,01 - Dry,10 - No control,,2,0,0,0,,0,,,,,368023.9149,5027914.68,45.3883183,-75.69258971,10967
15--6206,2015/05/09,11:00 PM,HIGHWAY 416 btwn HIGHWAY 416 & HWY416 IC57 RAMP53 (__3ZA1NC),__3ZA1NC,01 - Non intersection,03 - P.D. only,07 - SMV other,01 - Clear,07 - Dark,01 - Dry,10 - No control,,1,0,0,0,,0,,,,,364755.0001,5007975.467,45.20919369,-75.73674302,10968
15--6207,2015/05/09,11:07 PM,PLACE D'ORLEANS DR btwn OR174 IC102 RAMP51 & CHAMPLAIN ST (__6K6SKJ),__6K6SKJ,01 - Non intersection,03 - P.D. only,04 - Sideswipe,01 - Clear,07 - Dark,01 - Dry,10 - No control,,2,0,0,0,,0,,,,,381421.5831,5038087.134,45.47850465,-75.51993272,10969
15--6208,2015/05/09,11:20 AM,FITZGERALD RD btwn ROBERTSON RD & MOODIE DR (__3ZA5ZV),__3ZA5ZV,04 - At/near private drive,03 - P.D. only,02 - Angle,01 - Clear,01 - Daylight,01 - Dry,10 - No control,,2,0,0,0,,0,,,,,356857.366,5020780.641,45.32504482,-75.83593437,10970
15--6209,2015/05/09,11:31 PM,GOTH AVE btwn ALBION RD & GOTHWOOD PL (__3ZA8O8),__3ZA8O8,01 - Non intersection,02 - Non-fatal injury,07 - SMV other,01 - Clear,07 - Dark,01 - Dry,10 - No control,,1,0,0,1,03 - Major,1,,,1,,372421.4382,5023251.481,45.34594983,-75.63707493,10971
15--621,2015/01/10,10:00 AM,FAIRMONT AVE btwn LAURENTIAN PL & CARLING AVE (__3ZA0KA),__3ZA0KA,04 - At/near private drive,03 - P.D. only,02 - Angle,01 - Clear,01 - Daylight,05 - Packed snow,10 - No control,,2,0,0,0,,0,,,,,366092.5617,5028535.225,45.3940735,-75.71717491,10972
15--6210,2015/05/09,11:39 AM,INNES RD @ 240 E OF TENTH LINE RD/HOME DEPOT E (0012919),12919,03 - At intersection,03 - P.D. only,05 - Turning movement,01 - Clear,01 - Daylight,01 - Dry,01 - Traffic signal,01 - Functioning,2,0,0,0,,0,,,,,384168.11,5036257.866,45.4617398,-75.48510277,10973
15--6211,2015/05/09,11:46 AM,BANK ST @ JOHNSTON RD (0006967),6967,02 - Intersection related,03 - P.D. only,04 - Sideswipe,01 - Clear,01 - Daylight,01 - Dry,01 - Traffic signal,00 - Unknown,2,0,0,0,,0,,,,,370853.6582,5024837.118,45.36036629,-75.65686752,10974
15--6212,2015/05/09,Unknown,SOMERSET ST    W btwn CARTIER ST & MACDONALD ST (__3ZA9U0),__3ZA9U0,01 - Non intersection,03 - P.D. only,06 - SMV unattended vehicle,01 - Clear,00 - Unknown,01 - Dry,10 - No control,,1,0,0,0,,0,,,,,368329.5714,5031298.716,45.41873912,-75.68825071,10975
15--6213,2015/05/09,12:10 PM,ST. ANDREW ST btwn KING EDWARD AVE & ROSE ST (__3ZBOWC),__3ZBOWC,01 - Non intersection,03 - P.D. only,04 - Sideswipe,01 - Clear,01 - Daylight,01 - Dry,10 - No control,,2,0,0,0,,0,,,,,368209.5273,5032984.699,45.4339199,-75.68956736,10976
15--6214,2015/05/09,12:15 PM,FALLOWFIELD RD @ VIA PARK PL/275 W OF WOODROFFE AVE (0010154),10154,02 - Intersection related,03 - P.D. only,03 - Rear end,01 - Clear,01 - Daylight,01 - Dry,01 - Traffic signal,01 - Functioning,2,0,0,0,,0,,,,,364847.2373,5017764.575,45.29726845,-75.73438624,10977
15--6215,2015/05/09,12:49 PM,BASELINE RD btwn FISHER AVE & LEXINGTON ST (__3ZA4JR),__3ZA4JR,01 - Non intersection,03 - P.D. only,03 - Rear end,01 - Clear,01 - Daylight,01 - Dry,10 - No control,,2,0,0,0,,0,,,,,366339.2237,5026136.966,45.37247287,-75.71432383,10978
15--6216,2015/05/09,2:09 AM,CUMBERLAND ST @ UNIVERSITE PRIV (0008256),8256,03 - At intersection,02 - Non-fatal injury,07 - SMV other,01 - Clear,07 - Dark,01 - Dry,02 - Stop sign,01 - Functioning,1,0,0,0,02 - Minor,1,,1,,,368650.9929,5031859.401,45.42375471,-75.68407149,10979
15--6217,2015/05/09,2:11 PM,BROOKFIELD RAMP 52B btwn AIRPORT PKWY & TO BE DETERMINED (__3ZAY0K),__3ZAY0K,01 - Non intersection,02 - Non-fatal injury,04 - Sideswipe,01 - Clear,01 - Daylight,01 - Dry,10 - No control,,2,0,0,0,02 - Minor,1,,1,,,368838.6779,5026346.9,45.37413785,-75.68238908,10980
15--6218,2015/05/09,2:15 PM,CLARE ST @ KIRKWOOD AVE (0006079),6079,02 - Intersection related,02 - Non-fatal injury,03 - Rear end,01 - Clear,01 - Daylight,01 - Dry,01 - Traffic signal,00 - Unknown,2,0,0,0,01 - Minimal,2,2,,,,364066.6963,5027971.749,45.38917783,-75.74311452,10981
15--6219,2015/05/09,4:17 AM,SPARKMAN AVE btwn MONTMORENCY WAY & MONTMORENCY WAY (__6REWR3),__6REWR3,01 - Non intersection,03 - P.D. only,06 - SMV unattended vehicle,01 - Clear,07 - Dark,01 - Dry,10 - No control,,1,0,0,0,,0,,,,,384790.2046,5034632.218,45.44704278,-75.47741358,10982
15--622,2015/01/10,10:25 AM,SPRINGHURST AVE btwn MAIN ST & ROSEMERE AVE (__3ZA80P),__3ZA80P,04 - At/near private drive,03 - P.D. only,02 - Angle,01 - Clear,01 - Daylight,05 - Packed snow,10 - No control,,2,0,0,0,,0,,,,,369179.0563,5030428.628,45.41083273,-75.67751119,10983
15--6220,2015/05/09,4:20 PM,SADDLESMITH CIRC btwn BRIDGESTONE DR & TO BE DETERMINED (__4V74OA),__4V74OA,01 - Non intersection,02 - Non-fatal injury,05 - Turning movement,01 - Clear,01 - Daylight,01 - Dry,10 - No control,,2,0,0,0,01 - Minimal,1,1,,,,355485.8266,5015919.629,45.28140498,-75.85392619,10984
15--6221,2015/05/09,4:35 PM,HIGHWAY 417 btwn HWY417 IC117 RAMP51 & HWY417 IC117 RAMP35 (__3ZA2YN),__3ZA2YN,01 - Non intersection,02 - Non-fatal injury,03 - Rear end,01 - Clear,01 - Daylight,01 - Dry,10 - No control,,2,0,0,0,01 - Minimal,1,1,,,,370742.8723,5031179.807,45.41744594,-75.65743395,10985
15--6222,2015/05/09,4:42 PM,BESSERER ST @ WALLER ST (0008859),8859,02 - Intersection related,03 - P.D. only,04 - Sideswipe,01 - Clear,01 - Daylight,01 - Dry,01 - Traffic signal,01 - Functioning,2,0,0,0,,0,,,,,368316.144,5032193.191,45.42678852,-75.68830693,10986
15--6223,2015/05/09,6:44 PM,MAIN ST @ OBLATE AVE (0002597),2597,02 - Intersection related,03 - P.D. only,03 - Rear end,01 - Clear,01 - Daylight,01 - Dry,01 - Traffic signal,01 - Functioning,2,0,0,0,,0,,,,,369107.4195,5030312.364,45.40979322,-75.67844147,10987
15--6224,2015/05/09,7:11 AM,GREENBANK RD btwn WEST HUNT CLUB RD & FALLOWFIELD RD (__3ZA1NE),__3ZA1NE,01 - Non intersection,01 - Fatal injury,04 - Sideswipe,01 - Clear,01 - Daylight,01 - Dry,10 - No control,,2,0,0,0,04 - Fatal,1,,,,1,362292.7742,5018561.977,45.30465715,-75.76686093,10988
15--6225,2015/05/09,7:30 AM,HIGHWAY 416 btwn HWY416 IC75A RAMP26 & HWY416 IC72 RAMP62 (__3ZAZLF),__3ZAZLF,01 - Non intersection,03 - P.D. only,07 - SMV other,01 - Clear,01 - Daylight,01 - Dry,10 - No control,,1,0,0,0,,0,,,,,358929.4297,5021547.052,45.3317843,-75.80942035,10989
15--6226,2015/05/09,8:05 PM,BANK ST @ CHAMBERLAIN AVE N/ISABELLA ST (0002132),2132,03 - At intersection,03 - P.D. only,02 - Angle,01 - Clear,01 - Daylight,01 - Dry,01 - Traffic signal,01 - Functioning,2,0,0,0,,0,,,,,368082.1716,5030165.571,45.40856587,-75.69155703,10990
15--6227,2015/05/09,9:32 PM,RAMSAYVILLE RD @ WALKLEY EXTENSION RD (0004172),4172,02 - Intersection related,02 - Non-fatal injury,07 - SMV other,01 - Clear,07 - Dark,01 - Dry,10 - No control,,1,0,1,0,03 - Major,1,,,1,,376464.7446,5029419.104,45.40104148,-75.58458935,10991
15--6228,2015/05/09,9:35 AM,EARL MULLIGAN DR @ WOODROFFE AVE (0000591),591,02 - Intersection related,03 - P.D. only,03 - Rear end,01 - Clear,01 - Daylight,01 - Dry,01 - Traffic signal,01 - Functioning,2,0,0,0,,0,,,,,365250.7012,5017507.906,45.29492436,-75.72927375,10992
15--6229,2015/05/09,9:42 AM,HAZELDEAN RD @ HUNTMAR DR/IBER RD (0000075),75,03 - At intersection,03 - P.D. only,05 - Turning movement,01 - Clear,01 - Daylight,01 - Dry,01 - Traffic signal,01 - Functioning,2,0,0,0,,0,,,,,350943.5618,5016078.95,45.28315143,-75.91180676,10993
15--623,2015/01/10,10:30 AM,PAMILLA ST btwn PRESTON ST & ROCHESTER ST (__3ZA04K),__3ZA04K,01 - Non intersection,03 - P.D. only,04 - Sideswipe,01 - Clear,01 - Daylight,05 - Packed snow,10 - No control,,2,0,0,0,,0,,,,,366761.4879,5029124.628,45.39931792,-75.70855821,10994
15--6230,2015/05/10,1:00 AM,WELLINGTON ST btwn KENT ST & BANK ST (__3ZA15A),__3ZA15A,01 - Non intersection,02 - Non-fatal injury,07 - SMV other,01 - Clear,07 - Dark,01 - Dry,10 - No control,,1,0,0,1,02 - Minor,1,,1,,,367220.1166,5031604.959,45.42159446,-75.70238658,10995
15--6231,2015/05/10,1:29 PM,BEARBROOK RD btwn 60 S OF WESTPARK DR S & CENTREPARK DR (__3ZA2A7B),__3ZA2A7B,01 - Non intersection,03 - P.D. only,06 - SMV unattended vehicle,01 - Clear,01 - Daylight,01 - Dry,10 - No control,,1,0,0,0,,0,,,,,377763.212,5033431.382,45.43700731,-75.5674114,10996
15--6232,2015/05/10,10:07 AM,UPLANDS DR @ AIRPORT PKWY RAMP 35 (0009397),9397,02 - Intersection related,03 - P.D. only,03 - Rear end,02 - Rain,01 - Daylight,02 - Wet,01 - Traffic signal,01 - Functioning,2,0,0,0,,0,,,,,371123.2844,5021373.871,45.32917959,-75.65389065,10997
15--6233,2015/05/10,11:28 AM,CRAIG HENRY DR btwn BERTONA ST & SOVEREIGN AVE (__3ZAAYX),__3ZAAYX,01 - Non intersection,02 - Non-fatal injury,07 - SMV other,01 - Clear,01 - Daylight,01 - Dry,10 - No control,,1,0,0,1,02 - Minor,1,,1,,,362680.2985,5021890.955,45.33457938,-75.76153066,10998
15--6234,2015/05/10,11:50 AM,ARLINGTON AVE btwn PERCY ST & BAY ST (__3ZA96L),__3ZA96L,01 - Non intersection,03 - P.D. only,06 - SMV unattended vehicle,01 - Clear,01 - Daylight,01 - Dry,10 - No control,,1,0,0,0,,0,,,,,367533.1629,5030055.094,45.40762126,-75.6985841,10999
15--6235,2015/05/10,12:45 PM,MAIN ST btwn HAZEL ST & HERRIDGE ST (__3ZA3B7),__3ZA3B7,01 - Non intersection,03 - P.D. only,05 - Turning movement,01 - Clear,01 - Daylight,01 - Dry,10 - No control,,2,0,0,0,,0,,,,,369174.6401,5030152.178,45.40834574,-75.6776037,11000
15--6687,2015/05/23,11:42 PM,PRESTWICK DR btwn SUMMERLANDS CRES & SUMMERLANDS CRES (__3ZA6RK),__3ZA6RK,01 - Non intersection,03 - P.D. only,06 - SMV unattended vehicle,01 - Clear,07 - Dark,01 - Dry,10 - No control,,1,0,0,0,,0,,,,,383589.0275,5036326.561,45.4624234,-75.49249546,11001
15--6326,2015/05/13,11:44 AM,CARLING AVE EB btwn RICHMOND RD & DUNDEE AVE (__3ZA4VY),__3ZA4VY,01 - Non intersection,03 - P.D. only,04 - Sideswipe,01 - Clear,01 - Daylight,01 - Dry,10 - No control,,2,0,0,0,,0,,,,,360277.3907,5024781.873,45.36078592,-75.79186162,11002
15--6506,2015/05/19,12:43 PM,PRINCE OF WALES DR btwn WATERBEND LANE & TURN LANE (__3ZA1H4),__3ZA1H4,01 - Non intersection,02 - Non-fatal injury,03 - Rear end,01 - Clear,01 - Daylight,01 - Dry,10 - No control,,3,0,0,0,02 - Minor,1,,1,,,367432.5046,5021720.59,45.33263838,-75.70092661,11003
15--6688,2015/05/23,11:47 PM,BRADLEY AVE @ MONTREAL RD (0009343),9343,03 - At intersection,03 - P.D. only,03 - Rear end,01 - Clear,07 - Dark,01 - Dry,02 - Stop sign,01 - Functioning,3,0,0,0,,0,,,,,370655.2659,5033392.233,45.43736066,-75.65825736,11004
15--6689,2015/05/23,Unknown,GOLDWOOD PRIV btwn IDLEWILD PRIV & END (2) (__6XTIRW),__6XTIRW,01 - Non intersection,03 - P.D. only,06 - SMV unattended vehicle,01 - Clear,00 - Unknown,01 - Dry,10 - No control,,1,0,0,0,,0,,,,,365238.0773,5013112.686,45.25537736,-75.72996976,11005
15--7137,2015/06/04,12:08 PM,RUSSELL RD btwn TUPPER AVE & SOUTHVALE CRES (__3ZA2EP),__3ZA2EP,01 - Non intersection,03 - P.D. only,04 - Sideswipe,01 - Clear,01 - Daylight,01 - Dry,10 - No control,,2,0,0,0,,0,,,,,374366.2074,5028686.517,45.39466169,-75.61149507,11006
15--669,2015/01/11,5:00 PM,HEATHERINGTON RD btwn FAIRLEA CRES & ANGELA PRIV (__3ZBOQL),__3ZBOQL,01 - Non intersection,03 - P.D. only,06 - SMV unattended vehicle,03 - Snow,05 - Dusk,03 - Loose snow,10 - No control,,1,0,0,0,,0,,,,,371847.7519,5026601.865,45.37615048,-75.64394046,11007
15--6690,2015/05/23,12:01 PM,MERIVALE RD @ 170 N OF HUNTCLUB RD/COSTCO/CANA (0004681),4681,02 - Intersection related,02 - Non-fatal injury,03 - Rear end,01 - Clear,01 - Daylight,01 - Dry,01 - Traffic signal,01 - Functioning,2,0,1,0,01 - Minimal,1,1,,,,365548.5265,5022100.455,45.33622198,-75.72491377,11008
15--6691,2015/05/23,12:14 AM,WOODROFFE AVE btwn HWY417 IC127 RAMP35 & HWY417 IC127 RAMP52 (__3ZA4L4),__3ZA4L4,01 - Non intersection,02 - Non-fatal injury,04 - Sideswipe,01 - Clear,07 - Dark,01 - Dry,10 - No control,,2,1,0,0,02 - Minor,1,,1,,,362157.6419,5024749.608,45.36034429,-75.76786693,11009
15--6416,2015/05/15,2:17 PM,MILL HILL RD @ ROBERTSON RD (0000601),601,03 - At intersection,03 - P.D. only,07 - SMV other,01 - Clear,01 - Daylight,01 - Dry,02 - Stop sign,01 - Functioning,1,0,0,0,,0,,,,,356240.5294,5019960.03,45.31770634,-75.84388771,11010
15--6692,2015/05/23,12:20 PM,REGIONAL RD 174 @ TRIM RD (0012835),12835,02 - Intersection related,03 - P.D. only,04 - Sideswipe,01 - Clear,01 - Daylight,01 - Dry,01 - Traffic signal,01 - Functioning,2,0,0,0,,0,,,,,384350.1632,5039990.904,45.49530542,-75.48217061,11011
15--6693,2015/05/23,12:57 PM,WALKLEY RD btwn HEATHERINGTON RD & 152 E OF HEATHERINGTON RD (__3ZA2LVA),__3ZA2LVA,04 - At/near private drive,03 - P.D. only,02 - Angle,01 - Clear,01 - Daylight,01 - Dry,10 - No control,,2,0,0,0,,0,,,,,371856.8149,5026846.058,45.37834677,-75.6437916,11012
15--6867,2015/05/27,9:57 AM,COVENTRY RD btwn ST. LAURENT SC WEST & ST. LAURENT BLVD (__3ZA2CAC),__3ZA2CAC,01 - Non intersection,03 - P.D. only,04 - Sideswipe,01 - Clear,01 - Daylight,01 - Dry,10 - No control,,2,0,0,0,,0,,,,,372264.8578,5031942.196,45.42416047,-75.63788501,11013
15--6694,2015/05/23,2:17 AM,HALTON TER btwn PEIKOFF CRES & NEWCASTLE AVE (__4H4101),__4H4101,01 - Non intersection,03 - P.D. only,06 - SMV unattended vehicle,01 - Clear,07 - Dark,01 - Dry,10 - No control,,1,0,0,0,,0,,,,,348840.4105,5023297.645,45.34824227,-75.93797262,11014
15--6695,2015/05/23,2:22 AM,YORK ST EB btwn BY WARD MARKET SQ & SUSSEX DR (__3ZA8ZZ),__3ZA8ZZ,01 - Non intersection,03 - P.D. only,02 - Angle,01 - Clear,07 - Dark,01 - Dry,10 - No control,,2,0,0,0,,0,,,,,367872.6009,5032277.201,45.42758455,-75.69396378,11015
15--6696,2015/05/23,2:39 PM,AVIGNON CRT btwn Continuation of AVIGNON CRT & Continuation of AVIGNON (__3ZA7JE),__3ZA7JE,01 - Non intersection,03 - P.D. only,06 - SMV unattended vehicle,01 - Clear,01 - Daylight,01 - Dry,10 - No control,,1,0,0,0,,0,,,,,380456.8535,5038649.75,45.48367181,-75.53218413,11016
15--6697,2015/05/23,3:01 PM,BANK ST btwn ARENA PL & WHITE ALDER AVE (__3ZA29N),__3ZA29N,04 - At/near private drive,02 - Non-fatal injury,02 - Angle,01 - Clear,01 - Daylight,01 - Dry,10 - No control,,2,0,0,0,01 - Minimal,2,2,,,,375461.4796,5021370.661,45.32872734,-75.5985539,11017
15--6698,2015/05/23,3:05 PM,NICHOLAS ST NB btwn NICHOLAS ST NB OFF RAMP TO NICHOLAS ST SB & MACKEN (__3ZBPOK),__3ZBPOK,01 - Non intersection,03 - P.D. only,04 - Sideswipe,01 - Clear,01 - Daylight,01 - Dry,10 - No control,,2,0,0,0,,0,,,,,368370.1973,5031956.082,45.42465018,-75.68764684,11018
15--6699,2015/05/23,4:12 PM,HAZELDEAN RD @ TERRY FOX DR (0003682),3682,02 - Intersection related,03 - P.D. only,03 - Rear end,01 - Clear,01 - Daylight,01 - Dry,01 - Traffic signal,01 - Functioning,3,0,0,0,,0,,,,,352206.8903,5017242.091,45.29353362,-75.89559282,11019
15--67,2015/01/03,10:06 AM,HIGHWAY 417 btwn HWY417 IC119A RAMP67 & HWY417 IC118 RAMP76 (__3ZA2YS),__3ZA2YS,01 - Non intersection,02 - Non-fatal injury,03 - Rear end,01 - Clear,01 - Daylight,01 - Dry,10 - No control,,3,0,0,0,01 - Minimal,3,3,,,,368946.5146,5030718.26,45.41346009,-75.68044408,11020
15--7047,2015/06/01,9:45 PM,HUNT CLUB RD btwn CONROY RD & MALAK ST (__3ZA3S6),__3ZA3S6,01 - Non intersection,03 - P.D. only,07 - SMV other,01 - Clear,07 - Dark,01 - Dry,10 - No control,,1,0,0,0,,0,,,,,373875.2736,5025466.627,45.36573915,-75.61821504,11021
15--6957,2015/05/30,1:30 AM,MARCH RD btwn THOMAS ARGUE RD & CARP RD (__3ZA3GI),__3ZA3GI,01 - Non intersection,03 - P.D. only,04 - Sideswipe,01 - Clear,07 - Dark,01 - Dry,10 - No control,,2,0,0,0,,0,,,,,342090.5376,5021665.841,45.33395006,-76.02423174,11022
15--670,2015/01/11,5:45 PM,CLEMOW AVE @ BRONSON AVE (0007248),7248,02 - Intersection related,03 - P.D. only,04 - Sideswipe,01 - Clear,07 - Dark,01 - Dry,02 - Stop sign,01 - Functioning,2,0,0,0,,0,,,,,367420.7102,5029398.04,45.40171935,-75.70010398,11023
15--6700,2015/05/23,4:25 PM,MERIVALE RD @ RAVEN AVE (0011303),11303,02 - Intersection related,03 - P.D. only,03 - Rear end,01 - Clear,01 - Daylight,01 - Dry,02 - Stop sign,00 - Unknown,2,0,0,0,,0,,,,,364843.6384,5026869.738,45.37919597,-75.73332725,11024