Anom_ID,Accident_Date,Accident_Time,Location,Geo_ID,Accident_Location,Classification_of_Accident,Initial_Impact_Type,Environment_Condition,Light,Road_Surface_Condition,Traffic_Control,Traffic_Control_Condition,No__of_Vehicles,No__of_Bicycles,No__of_Motorcycles,No__of_Pedestrians,Max_Injury,No__of_Injuries,No__of_Minimal,No__of_Minor,No__of_Major,No__of_Fatal,X,Y,Latitude,Longitude,ObjectId
15--6701,2015/05/23,4:30 PM,ISLAND PARK DR @ RICHMOND RD (0002125),2125,02 - Intersection related,03 - P.D. only,03 - Rear end,01 - Clear,01 - Daylight,01 - Dry,01 - Traffic signal,01 - Functioning,2,0,0,0,,0,,,,,364127.2519,5028867.361,45.39723126,-75.74223355,11025
15--6702,2015/05/23,4:32 PM,BANK ST @ WALKLEY RD (0011423),11423,02 - Intersection related,03 - P.D. only,03 - Rear end,01 - Clear,01 - Daylight,01 - Dry,01 - Traffic signal,01 - Functioning,2,0,0,0,,0,,,,,370337.1313,5025946.654,45.37039803,-75.66331278,11026
15--6703,2015/05/23,4:51 PM,DUNROBIN RD btwn MARCH RD & RIDDELL DR (__3ZBOB5),__3ZBOB5,01 - Non intersection,02 - Non-fatal injury,07 - SMV other,01 - Clear,01 - Daylight,01 - Dry,10 - No control,,1,0,1,0,02 - Minor,2,1,1,,,347178.4973,5026163.608,45.37413332,-75.95893462,11027
15--6704,2015/05/23,4:52 PM,CUMMINGS AVE btwn WELDON DR & OGILVIE RD (__3ZA7UQ),__3ZA7UQ,04 - At/near private drive,03 - P.D. only,05 - Turning movement,01 - Clear,01 - Daylight,01 - Dry,10 - No control,,2,0,0,0,,0,,,,,372740.0716,5032188.964,45.42633477,-75.63177905,11028
15--6705,2015/05/23,5:00 PM,HIGHWAY 417 btwn HWY417 IC88 RAMP16 & HWY417 IC88 RAMP61 (__3ZAZE2),__3ZAZE2,01 - Non intersection,03 - P.D. only,07 - SMV other,01 - Clear,01 - Daylight,01 - Dry,10 - No control,,1,0,0,0,,0,,,,,395495.4982,5022496.352,45.3365522,-75.34281527,11029
15--6706,2015/05/23,5:06 PM,MERIVALE RD btwn VIEWMOUNT DR & COLONNADE RD (__3ZA33F),__3ZA33F,01 - Non intersection,03 - P.D. only,03 - Rear end,01 - Clear,01 - Daylight,01 - Dry,10 - No control,,2,0,0,0,,0,,,,,365355.7671,5022558.55,45.34036052,-75.72731689,11030
15--6707,2015/05/23,5:14 PM,RIVER RD btwn OSGOODE MAIN ST & DALMENY RD (__3ZA3TA),__3ZA3TA,01 - Non intersection,02 - Non-fatal injury,07 - SMV other,01 - Clear,01 - Daylight,01 - Dry,10 - No control,,1,0,1,0,01 - Minimal,1,1,,,,373079.4423,4999336.633,45.1307048,-75.63196179,11031
15--6708,2015/05/23,5:56 AM,GREENBANK RD @ WEST HUNT CLUB RD (0005167),5167,03 - At intersection,03 - P.D. only,02 - Angle,01 - Clear,01 - Daylight,01 - Dry,01 - Traffic signal,01 - Functioning,2,0,0,0,,0,,,,,361480.8038,5020502.479,45.32218381,-75.77699222,11032
15--6709,2015/05/23,6:24 PM,METCALFE ST btwn LISGAR ST & COOPER ST (__3ZA345),__3ZA345,01 - Non intersection,03 - P.D. only,03 - Rear end,01 - Clear,01 - Daylight,01 - Dry,10 - No control,,2,0,0,0,,0,,,,,367957.6623,5031186.137,45.41775985,-75.69301673,11033
15--671,2015/01/11,6:00 PM,INNES RD @ TAUVETTE ST/GLEN PARK DR W (0003683),3683,03 - At intersection,03 - P.D. only,03 - Rear end,01 - Clear,07 - Dark,02 - Wet,02 - Stop sign,00 - Unknown,2,0,0,0,,0,,,,,377348.6651,5032464.118,45.42834762,-75.57285181,11034
15--6710,2015/05/23,6:30 AM,CEDARVIEW RD @ WEST HUNT CLUB RD (0010267),10267,02 - Intersection related,03 - P.D. only,04 - Sideswipe,01 - Clear,01 - Daylight,01 - Dry,01 - Traffic signal,01 - Functioning,2,0,0,0,,0,,,,,359718.114,5019556.168,45.31380896,-75.7995799,11035
15--6711,2015/05/23,7:02 AM,RAYMOND ST/HWY 417 ROCHEST IC121BR16 @ ROCHEST (0006495),6495,02 - Intersection related,02 - Non-fatal injury,07 - SMV other,01 - Clear,01 - Daylight,01 - Dry,01 - Traffic signal,01 - Functioning,1,0,0,0,02 - Minor,2,,2,,,366737.7,5029618.199,45.40376104,-75.70880004,11036
15--6712,2015/05/23,8:00 AM,DEVINE RD btwn BOUNDARY RD & FRONTIER RD (__3ZA2UJ),__3ZA2UJ,01 - Non intersection,03 - P.D. only,07 - SMV other,01 - Clear,01 - Daylight,01 - Dry,10 - No control,,1,0,0,0,,0,,,,,388650.709,5021570.636,45.32907478,-75.4302889,11037
15--6713,2015/05/23,8:58 AM,OTTAWA RIVER PKWY EB btwn TRANSIT & TURN LANE (2) (__3ZA24U),__3ZA24U,01 - Non intersection,03 - P.D. only,03 - Rear end,01 - Clear,01 - Daylight,01 - Dry,10 - No control,,2,0,0,0,,0,,,,,361309.8533,5026802.356,45.37888361,-75.77845271,11038
15--6714,2015/05/24,1:13 AM,INNES RD btwn BEARBROOK RD & 173 W OF ORIENT PARK DR (__3ZA2AZA),__3ZA2AZA,04 - At/near private drive,03 - P.D. only,02 - Angle,01 - Clear,07 - Dark,01 - Dry,10 - No control,,2,0,0,0,,0,,,,,378079.2283,5032896.723,45.43216376,-75.56345232,11039
15--6715,2015/05/24,1:23 PM,MOODIE DR @ RICHMOND RD N (0001487),1487,03 - At intersection,03 - P.D. only,02 - Angle,01 - Clear,01 - Daylight,01 - Dry,02 - Stop sign,01 - Functioning,2,0,0,0,,0,,,,,357393.2852,5019690.747,45.3151979,-75.82921416,11040
15--6716,2015/05/24,1:33 AM,GREENBANK RD @ MALVERN DR/FOXFIELD DR (0009821),9821,03 - At intersection,03 - P.D. only,05 - Turning movement,01 - Clear,07 - Dark,01 - Dry,01 - Traffic signal,01 - Functioning,2,0,0,0,,0,,,,,363312.4071,5016194.073,45.28326656,-75.75413918,11041
15--6717,2015/05/24,1:47 PM,MURRAY ST btwn SUSSEX DR & PARENT AVE (__3ZA3VF),__3ZA3VF,01 - Non intersection,03 - P.D. only,06 - SMV unattended vehicle,01 - Clear,01 - Daylight,01 - Dry,10 - No control,,1,0,0,0,,0,,,,,367789.0069,5032444.169,45.4290944,-75.69501061,11042
15--6777,2015/05/25,9:57 PM,MARCH RD btwn TERRY FOX DR & SOLANDT RD (__3ZA3CE),__3ZA3CE,01 - Non intersection,02 - Non-fatal injury,04 - Sideswipe,02 - Rain,07 - Dark,02 - Wet,10 - No control,,2,0,0,0,02 - Minor,2,,2,,,350473.7526,5022725.277,45.34298752,-75.91718243,11043
15--6718,2015/05/24,10:38 AM,JOHNSTON RD btwn BANK PL & SOUTHGATE RD (__3ZA9FK),__3ZA9FK,01 - Non intersection,03 - P.D. only,03 - Rear end,01 - Clear,01 - Daylight,01 - Dry,10 - No control,,2,0,0,0,,0,,,,,370942.0348,5024893.444,45.36086476,-75.65573203,11044
15--6719,2015/05/24,12:20 PM,INNES RD @ TENTH LINE RD (0004633),4633,02 - Intersection related,03 - P.D. only,05 - Turning movement,01 - Clear,01 - Daylight,01 - Dry,01 - Traffic signal,01 - Functioning,2,0,0,0,,0,,,,,383952.481,5036159.2,45.46087656,-75.48787552,11045
15--672,2015/01/11,6:08 PM,KENT ST @ LISGAR ST (0007733),7733,03 - At intersection,03 - P.D. only,05 - Turning movement,01 - Clear,07 - Dark,01 - Dry,02 - Stop sign,00 - Unknown,2,0,0,0,,0,,,,,367437.7018,5030961.16,45.41578232,-75.69968836,11046
15--6720,2015/05/24,2:12 PM,210 W OF MERIVALE RD @ WEST HUNT CLUB RD (0004688),4688,02 - Intersection related,03 - P.D. only,03 - Rear end,01 - Clear,01 - Daylight,01 - Dry,01 - Traffic signal,01 - Functioning,2,0,0,0,,0,,,,,365432.4568,5021830.872,45.33380635,-75.72642759,11047
15--6721,2015/05/24,2:24 PM,2ND LINE RD btwn CABIN RD & LOMBARDY DR (__3ZA6LP),__3ZA6LP,01 - Non intersection,03 - P.D. only,07 - SMV other,01 - Clear,01 - Daylight,01 - Dry,10 - No control,,1,0,0,0,,0,,,,,375721.3556,5002499.61,45.1589047,-75.59793041,11048
15--6722,2015/05/24,2:30 PM,ST. PATRICK ST btwn KING EDWARD AVE & MURRAY ST (__3ZA1MH),__3ZA1MH,01 - Non intersection,03 - P.D. only,04 - Sideswipe,01 - Clear,01 - Daylight,01 - Dry,10 - No control,,2,0,0,0,,0,,,,,368289.7824,5032849.895,45.4326997,-75.68855911,11049
15--6723,2015/05/24,3:18 PM,CYRVILLE RD @ INNES RD (0009352),9352,02 - Intersection related,03 - P.D. only,03 - Rear end,01 - Clear,01 - Daylight,01 - Dry,01 - Traffic signal,01 - Functioning,2,0,1,0,,0,,,,,375047.004,5031119.204,45.41648178,-75.60245437,11050
15--6724,2015/05/24,3:52 AM,MURRAY ST btwn CUMBERLAND ST & KING EDWARD AVE (__3ZA3W1),__3ZA3W1,01 - Non intersection,03 - P.D. only,99 - Other,01 - Clear,07 - Dark,01 - Dry,10 - No control,,2,0,0,0,,0,,,,,368289.1122,5032751.903,45.43181806,-75.68858031,11051
15--6725,2015/05/24,4:07 PM,ARLINGTON AVE @ BRONSON AVE (0006759),6759,03 - At intersection,02 - Non-fatal injury,02 - Angle,01 - Clear,01 - Daylight,01 - Dry,01 - Traffic signal,01 - Functioning,2,0,0,0,02 - Minor,1,,1,,,367222.7094,5029867.203,45.40595843,-75.70257354,11052
15--6726,2015/05/24,4:15 PM,TRANSITWAY - LINCOLN FIEL @ OTTAWA RIVER PKWY  (0002636),2636,02 - Intersection related,02 - Non-fatal injury,03 - Rear end,01 - Clear,01 - Daylight,01 - Dry,01 - Traffic signal,01 - Functioning,2,0,1,0,02 - Minor,1,,1,,,360925.4978,5025496.998,45.36716899,-75.78350831,11053
15--6727,2015/05/24,4:40 PM,KING EDWARD AVE @ MURRAY ST (0002713),2713,02 - Intersection related,03 - P.D. only,02 - Angle,01 - Clear,01 - Daylight,01 - Dry,01 - Traffic signal,01 - Functioning,2,1,0,0,,0,,,,,368291.6998,5032754.362,45.43183995,-75.68854693,11054
15--6728,2015/05/24,4:55 PM,JUNE CRT btwn LEITA PL & ZIEGLER ST (__6FWVHC),__6FWVHC,01 - Non intersection,03 - P.D. only,06 - SMV unattended vehicle,01 - Clear,01 - Daylight,01 - Dry,10 - No control,,1,0,0,0,,0,,,,,381179.248,5032547.361,45.42868876,-75.52389227,11055
15--6729,2015/05/24,5:07 PM,DALY AVE @ FRIEL ST (0008521),8521,03 - At intersection,03 - P.D. only,02 - Angle,01 - Clear,01 - Daylight,01 - Dry,02 - Stop sign,01 - Functioning,2,0,0,0,,0,,,,,368850.7048,5032431.51,45.42888408,-75.68144531,11056
15--673,2015/01/11,7:18 PM,HOLLAND AVE btwn WELLINGTON ST W & BYRON AVE (__3ZA4PY),__3ZA4PY,01 - Non intersection,03 - P.D. only,05 - Turning movement,01 - Clear,07 - Dark,04 - Slush,10 - No control,,2,0,0,0,,0,,,,,364940.3038,5029125.121,45.39948116,-75.73181822,11057
15--6730,2015/05/24,5:17 PM,ABERDEEN ST @ PRESTON ST (0005695),5695,02 - Intersection related,03 - P.D. only,06 - SMV unattended vehicle,01 - Clear,01 - Daylight,01 - Dry,02 - Stop sign,01 - Functioning,1,0,0,0,,0,,,,,366651.6947,5029341.923,45.40128279,-75.70993322,11058
15--6731,2015/05/24,5:20 PM,HIGHWAY 416 btwn HWY416 IC66 RAMP24 & HWY416 IC57 RAMP62 (__3ZA1OI),__3ZA1OI,01 - Non intersection,03 - P.D. only,07 - SMV other,01 - Clear,01 - Daylight,01 - Dry,10 - No control,,1,0,0,0,,0,,,,,362856.823,5011731.875,45.24315322,-75.76046754,11059
15--6732,2015/05/24,6:00 PM,BRANTHAVEN ST E @ SOUTHFIELD WAY (0013441),13441,03 - At intersection,03 - P.D. only,02 - Angle,01 - Clear,01 - Daylight,01 - Dry,02 - Stop sign,01 - Functioning,2,0,0,0,,0,,,,,384785.4441,5034840.459,45.44891689,-75.47744058,11060
15--6733,2015/05/24,6:21 PM,MARIER AVE @ MONTREAL RD (0009346),9346,03 - At intersection,03 - P.D. only,02 - Angle,01 - Clear,01 - Daylight,01 - Dry,01 - Traffic signal,01 - Functioning,2,0,0,0,,0,,,,,370418.9876,5033263.393,45.43622363,-75.66129425,11061
15--6734,2015/05/24,6:24 PM,RIVER RD btwn 175 N OF EARL ARMSTRONG/LOBLAWS SC & 700 N OF EARL ARMST (__5DXOUQB),__5DXOUQB,04 - At/near private drive,03 - P.D. only,03 - Rear end,01 - Clear,01 - Daylight,01 - Dry,10 - No control,,2,0,0,0,,0,,,,,367729.1516,5015060.658,45.27268669,-75.69798773,11062
15--6735,2015/05/24,6:32 PM,BANK ST btwn KITCHENER AVE & TO BE DETERMINED (__3ZA4TQ),__3ZA4TQ,01 - Non intersection,03 - P.D. only,07 - SMV other,01 - Clear,01 - Daylight,01 - Dry,10 - No control,,1,0,0,0,,0,,,,,370544.7978,5025492.794,45.36629489,-75.66072226,11063
15--6736,2015/05/24,6:36 PM,INNES RD @ TENTH LINE RD (0004633),4633,02 - Intersection related,03 - P.D. only,03 - Rear end,01 - Clear,01 - Daylight,01 - Dry,01 - Traffic signal,01 - Functioning,2,0,0,0,,0,,,,,383951.7603,5036159.2,45.46087664,-75.48788473,11064
15--6737,2015/05/24,7:50 AM,HIGHWAY 417 btwn HWY417 IC88 RAMP16 & HWY417 IC88 RAMP61 (__3ZAZE2),__3ZAZE2,01 - Non intersection,03 - P.D. only,07 - SMV other,01 - Clear,01 - Daylight,01 - Dry,10 - No control,,1,0,0,0,,0,,,,,395569.8665,5022501.888,45.33659239,-75.34186558,11065
15--6738,2015/05/24,8:50 PM,HIGHWAY 417 btwn HWY417 IC131 RAMP55 & HWY417 IC130 RAMP35 (__3ZA1MT),__3ZA1MT,01 - Non intersection,03 - P.D. only,07 - SMV other,01 - Clear,07 - Dark,01 - Dry,10 - No control,,1,0,0,0,,0,,,,,358983.5814,5023032.973,45.34515049,-75.80856682,11066
15--6739,2015/05/25,1:07 PM,MCLEOD ST @ O'CONNOR ST (0007282),7282,02 - Intersection related,03 - P.D. only,04 - Sideswipe,02 - Rain,01 - Daylight,02 - Wet,01 - Traffic signal,00 - Unknown,2,0,0,0,,0,,,,,368117.5292,5030591.31,45.41239334,-75.69105069,11067
15--674,2015/01/11,8:00 PM,SWITZER AVE btwn KIRKWOOD AVE & END (__3ZA07T),__3ZA07T,04 - At/near private drive,03 - P.D. only,06 - SMV unattended vehicle,01 - Clear,07 - Dark,03 - Loose snow,10 - No control,,1,0,0,0,,0,,,,,364141.1422,5027543.674,45.38531979,-75.74221533,11068
15--6740,2015/05/25,1:26 PM,HALIFAX DR @ WALKLEY RD (0008803),8803,02 - Intersection related,03 - P.D. only,99 - Other,02 - Rain,01 - Daylight,02 - Wet,01 - Traffic signal,01 - Functioning,2,0,0,0,,0,,,,,373644.4577,5027899.904,45.38765544,-75.62082196,11069
15--6741,2015/05/25,1:49 PM,FALLOWFIELD RD @ MERIVALE RD (0000587),587,02 - Intersection related,03 - P.D. only,03 - Rear end,02 - Rain,01 - Daylight,99 - Other,01 - Traffic signal,01 - Functioning,3,0,0,0,,0,,,,,366891.3522,5018844.739,45.30680997,-75.70819056,11070
15--6742,2015/05/25,1:55 PM,ST. JOSEPH BLVD @ REGIONAL RD 174/TRANSITWAY (0012428),12428,02 - Intersection related,03 - P.D. only,03 - Rear end,02 - Rain,01 - Daylight,02 - Wet,01 - Traffic signal,01 - Functioning,2,0,0,0,,0,,,,,376555.2801,5035057.178,45.4517602,-75.58261165,11071
15--6743,2015/05/25,10:30 AM,MACFARLANE RD btwn BRIGGS AVE & MERIVALE RD (__3ZA3IS),__3ZA3IS,01 - Non intersection,03 - P.D. only,07 - SMV other,02 - Rain,01 - Daylight,02 - Wet,10 - No control,,1,0,0,0,,0,,,,,366177.8468,5020643.387,45.32305672,-75.71706572,11072
15--6744,2015/05/25,10:35 AM,HIGHWAY 417 btwn HWY417 IC169 RAMP25 & HWY417 IC163 RAMP51 (__5SPOUW),__5SPOUW,01 - Non intersection,03 - P.D. only,07 - SMV other,04 - Freezing Rain,01 - Daylight,02 - Wet,10 - No control,,1,0,0,0,,0,,,,,327827.9167,5023265.895,45.34896128,-76.20612259,11073
15--6745,2015/05/25,11:02 AM,HINES RD btwn INNOVATION DR & SOLANDT RD (__3ZA1CU),__3ZA1CU,01 - Non intersection,03 - P.D. only,01 - Approaching,02 - Rain,01 - Daylight,02 - Wet,10 - No control,,2,0,0,0,,0,,,,,350279.5272,5022623.104,45.34208076,-75.9196701,11074
15--6746,2015/05/25,11:15 PM,RUSSELL RD btwn CUBA AVE & SMYTH RD (__3ZA78S),__3ZA78S,04 - At/near private drive,02 - Non-fatal injury,02 - Angle,02 - Rain,07 - Dark,02 - Wet,10 - No control,,2,0,0,0,01 - Minimal,1,1,,,,373021.9093,5029501.413,45.40212603,-75.62854982,11075
15--6747,2015/05/25,11:18 PM,INDUSTRIAL AVE/INNES RD @ ST. LAURENT BLVD (0002203),2203,03 - At intersection,03 - P.D. only,05 - Turning movement,02 - Rain,07 - Dark,02 - Wet,01 - Traffic signal,01 - Functioning,2,0,0,0,,0,,,,,373099.7274,5030006.327,45.40666142,-75.62748597,11076
15--6748,2015/05/25,11:31 AM,HAZELDEAN RD @ TERRY FOX DR (0003682),3682,02 - Intersection related,03 - P.D. only,03 - Rear end,02 - Rain,01 - Daylight,02 - Wet,01 - Traffic signal,02 - Not functioning,2,0,0,0,,0,,,,,352207.7483,5017242.741,45.29353941,-75.89558182,11077
15--6749,2015/05/25,Unknown,QUEEN ELIZABETH DRWY @ TORRINGTON PL (0007554),7554,02 - Intersection related,03 - P.D. only,07 - SMV other,02 - Rain,00 - Unknown,02 - Wet,02 - Stop sign,01 - Functioning,1,0,0,0,,0,,,,,367983.4982,5028615.354,45.39462641,-75.69301609,11078
15--675,2015/01/11,8:37 AM,BEAUSOLEIL DR @ OLD ST. PATRICK ST (0008436),8436,02 - Intersection related,03 - P.D. only,07 - SMV other,03 - Snow,01 - Daylight,04 - Slush,02 - Stop sign,01 - Functioning,1,0,0,0,,0,,,,,368518.6251,5032987.103,45.43391343,-75.68561689,11079
15--6750,2015/05/25,12:11 PM,MARCH RD btwn MARCHURST RD & SECOND LINE RD (__3ZA3FP),__3ZA3FP,01 - Non intersection,03 - P.D. only,07 - SMV other,01 - Clear,01 - Daylight,01 - Dry,10 - No control,,1,0,0,0,,0,,,,,345365.5667,5024651.825,45.36063718,-75.98220428,11080
15--6751,2015/05/25,12:29 PM,DON REID DR @ ST. LAURENT BLVD (0002268),2268,03 - At intersection,02 - Non-fatal injury,05 - Turning movement,02 - Rain,01 - Daylight,02 - Wet,02 - Stop sign,01 - Functioning,2,0,0,0,02 - Minor,1,,1,,,372711.9238,5027039.362,45.38000368,-75.63284789,11081
15--6752,2015/05/25,12:32 PM,HUNT CLUB RD btwn WEST HUNT CLUB RD & TURN LANE (__3ZBOEO),__3ZBOEO,04 - At/near private drive,03 - P.D. only,02 - Angle,02 - Rain,01 - Daylight,02 - Wet,10 - No control,,2,0,0,0,,0,,,,,367903.3697,5021904.778,45.33425349,-75.69489636,11082
15--6753,2015/05/25,12:38 PM,FISHER AVE btwn ARNOT RD & DEER PARK RD (__3ZA4IF),__3ZA4IF,01 - Non intersection,03 - P.D. only,03 - Rear end,02 - Rain,01 - Daylight,02 - Wet,10 - No control,,2,0,0,0,,0,,,,,366356.4834,5025568.112,45.36735293,-75.71417438,11083
15--6754,2015/05/25,2:05 PM,COLONEL BY DR @ SENECA ST (0006907),6907,02 - Intersection related,02 - Non-fatal injury,03 - Rear end,02 - Rain,01 - Daylight,02 - Wet,02 - Stop sign,00 - Unknown,2,0,0,0,02 - Minor,1,,1,,,368075.9611,5028517.452,45.39373716,-75.69184782,11084
15--6755,2015/05/25,2:25 PM,ST. LAURENT BLVD btwn 125 N OF QUEEN MARY ST & QUEEN MARY ST (__3ZA2CFB),__3ZA2CFB,04 - At/near private drive,03 - P.D. only,07 - SMV other,02 - Rain,01 - Daylight,02 - Wet,10 - No control,,1,0,0,0,,0,,,,,372189.9359,5032237.991,45.42682911,-75.63880184,11085
15--6756,2015/05/25,2:40 PM,BRONSON AVE btwn CHRISTIE ST & JAMES ST (__3ZA30B),__3ZA30B,04 - At/near private drive,03 - P.D. only,02 - Angle,02 - Rain,01 - Daylight,02 - Wet,10 - No control,,2,0,0,0,,0,,,,,367058.0521,5030260.669,45.40951339,-75.70462709,11086
15--6757,2015/05/25,3:06 PM,DOVERCOURT AVE @ ROOSEVELT AVE (0002312),2312,03 - At intersection,02 - Non-fatal injury,02 - Angle,02 - Rain,01 - Daylight,02 - Wet,02 - Stop sign,01 - Functioning,2,0,0,0,01 - Minimal,1,1,,,,363363.6921,5027316.187,45.38333832,-75.75216948,11087
15--6758,2015/05/25,3:16 PM,HIGHWAY 417 btwn HWY417 IC127 RAMP35 & HWY417 IC127 RAMP25 (__3ZA2RE),__3ZA2RE,01 - Non intersection,03 - P.D. only,99 - Other,02 - Rain,01 - Daylight,02 - Wet,10 - No control,,2,0,0,0,,0,,,,,362149.1129,5024848.543,45.3612352,-75.76796431,11088
15--6759,2015/05/25,3:42 PM,CLEARBROOK DR/MARKETPLACE AVE @ LONGFIELDS DR (0011162),11162,02 - Intersection related,03 - P.D. only,03 - Rear end,02 - Rain,01 - Daylight,02 - Wet,01 - Traffic signal,01 - Functioning,2,0,0,0,,0,,,,,364630.7033,5014954.147,45.27199875,-75.73748571,11089
15--676,2015/01/11,9:15 PM,RICHMOND RD @ HOLLY ACRES RD/NANAIMO DR (0001068),1068,03 - At intersection,03 - P.D. only,07 - SMV other,01 - Clear,07 - Dark,02 - Wet,01 - Traffic signal,01 - Functioning,1,0,0,0,,0,,,,,359058.6716,5022748.014,45.34258062,-75.80763993,11090
15--6760,2015/05/25,4:00 PM,HUNT CLUB RD @ BRIDLE PATH DR/DAZE ST (0008214),8214,02 - Intersection related,03 - P.D. only,02 - Angle,02 - Rain,01 - Daylight,02 - Wet,01 - Traffic signal,01 - Functioning,2,0,0,0,,0,,,,,371290.4676,5023864.414,45.35157293,-75.65142337,11091
15--6761,2015/05/25,4:44 PM,CHAMBERLAIN AVE @ KENT ST (0002131),2131,02 - Intersection related,03 - P.D. only,03 - Rear end,02 - Rain,01 - Daylight,02 - Wet,01 - Traffic signal,00 - Unknown,4,0,0,0,,0,,,,,367933.7062,5030047.911,45.40752061,-75.69346859,11092
15--6762,2015/05/25,4:50 PM,BORRISOKANE RD/TARTAN DR @ STRANDHERD DR (0010634),10634,02 - Intersection related,03 - P.D. only,03 - Rear end,02 - Rain,01 - Daylight,02 - Wet,01 - Traffic signal,01 - Functioning,3,0,0,0,,0,,,,,362291.9333,5013545.047,45.25951467,-75.76745285,11093
15--6763,2015/05/25,4:54 PM,HIGHWAY 417 btwn HWY417 IC115 RAMP36 & HWY417 IC115 RAMP26 (__3ZA2R4),__3ZA2R4,01 - Non intersection,03 - P.D. only,04 - Sideswipe,02 - Rain,01 - Daylight,02 - Wet,10 - No control,,2,0,0,0,,0,,,,,372499.5957,5031523.581,45.42037129,-75.63494323,11094
15--6764,2015/05/25,5:00 PM,SMYTH RD/OTHELLO AVE @ RUSSELL RD W (0007730),7730,02 - Intersection related,03 - P.D. only,03 - Rear end,02 - Rain,01 - Daylight,02 - Wet,01 - Traffic signal,00 - Unknown,3,0,0,0,,0,,,,,373254.802,5029374,45.40095689,-75.62559294,11095
15--6765,2015/05/25,5:16 PM,ROGER GUINDON AVE @ SMYTH RD (0006971),6971,02 - Intersection related,03 - P.D. only,03 - Rear end,01 - Clear,01 - Daylight,01 - Dry,01 - Traffic signal,01 - Functioning,2,0,0,0,,0,,,,,371934.5245,5029225.729,45.39975066,-75.64247576,11096
15--6766,2015/05/25,5:18 PM,REGIONAL ROAD 174 btwn TRANSIT & OR174 IC105 RAMP51 (__3ZA28H),__3ZA28H,01 - Non intersection,03 - P.D. only,03 - Rear end,02 - Rain,01 - Daylight,02 - Wet,10 - No control,,2,0,0,0,,0,,,,,378035.6997,5036228.314,45.46214369,-75.56351265,11097
15--6767,2015/05/25,5:20 PM,PLEASANT PARK RD @ ST. LAURENT BLVD (0008363),8363,02 - Intersection related,02 - Non-fatal injury,03 - Rear end,02 - Rain,01 - Daylight,02 - Wet,01 - Traffic signal,01 - Functioning,2,0,0,0,01 - Minimal,1,1,,,,373598.4486,5028795.91,45.39572182,-75.62128452,11098
15--6768,2015/05/25,5:40 PM,WILHAVEN DR btwn ROYAL ORCHARD DR & LOUGH DR (__3ZA5GB),__3ZA5GB,01 - Non intersection,03 - P.D. only,07 - SMV other,02 - Rain,01 - Daylight,02 - Wet,10 - No control,,1,0,0,0,,0,,,,,393044.8831,5040981.43,45.50317153,-75.37076584,11099
15--6769,2015/05/25,6:40 PM,CYRVILLE RD @ INNES RD (0009352),9352,02 - Intersection related,03 - P.D. only,03 - Rear end,02 - Rain,01 - Daylight,02 - Wet,01 - Traffic signal,01 - Functioning,2,0,0,0,,0,,,,,375048.4454,5031119.204,45.41648163,-75.60243596,11100
15--677,2015/01/11,9:33 AM,HOLLY ACRES RD @ CARLING AVE (0000522),522,02 - Intersection related,03 - P.D. only,07 - SMV other,01 - Clear,01 - Daylight,02 - Wet,01 - Traffic signal,01 - Functioning,1,0,0,0,,0,,,,,358234.6563,5023496.073,45.34937493,-75.81807309,11101
15--6770,2015/05/25,7:15 PM,PRINCE OF WALES DR btwn NORMANDY CRES & FALAISE RD (1) (__3ZA36P),__3ZA36P,01 - Non intersection,03 - P.D. only,07 - SMV other,02 - Rain,01 - Daylight,02 - Wet,10 - No control,,1,0,0,0,,0,,,,,367472.9461,5024803.852,45.36037735,-75.70002001,11102
15--6771,2015/05/25,8:01 PM,SUSSEX DR btwn GEORGE ST & RIDEAU ST (__3ZA3UZ),__3ZA3UZ,01 - Non intersection,02 - Non-fatal injury,05 - Turning movement,02 - Rain,05 - Dusk,02 - Wet,10 - No control,,2,0,0,0,02 - Minor,2,1,1,,,367874.9817,5032120.242,45.42617207,-75.69395346,11103
15--6772,2015/05/25,8:07 AM,CARSON'S RD btwn BERMUDA AVE & CHARLESWOOD AVE (__3ZA7WC),__3ZA7WC,04 - At/near private drive,03 - P.D. only,99 - Other,01 - Clear,01 - Daylight,01 - Dry,10 - No control,,2,0,0,0,,0,,,,,372900.4137,5034093.271,45.44345318,-75.62946682,11104
15--6773,2015/05/25,8:13 AM,CHARLEMAGNE BLVD @ PRINCESS LOUISE DR E (0012957),12957,03 - At intersection,03 - P.D. only,02 - Angle,01 - Clear,01 - Daylight,01 - Dry,02 - Stop sign,01 - Functioning,2,0,0,0,,0,,,,,384091.067,5038137.252,45.47865752,-75.48578454,11105
15--6774,2015/05/25,8:26 AM,STRANDHERD DR btwn LONGFIELDS DR & CLARIDGE DR (__4BRV9S),__4BRV9S,01 - Non intersection,03 - P.D. only,03 - Rear end,01 - Clear,01 - Daylight,01 - Dry,10 - No control,,2,0,0,0,,0,,,,,364636.7761,5015226.951,45.27445293,-75.73737545,11106
15--6775,2015/05/25,8:44 AM,WALKLEY RD @ DON REID DR/RYDER ST (0008218),8218,03 - At intersection,03 - P.D. only,02 - Angle,01 - Clear,01 - Daylight,01 - Dry,01 - Traffic signal,01 - Functioning,2,0,0,0,,0,,,,,372602.4476,5027285.625,45.38223006,-75.63421179,11107