Anom_ID,Accident_Date,Accident_Time,Location,Geo_ID,Accident_Location,Classification_of_Accident,Initial_Impact_Type,Environment_Condition,Light,Road_Surface_Condition,Traffic_Control,Traffic_Control_Condition,No__of_Vehicles,No__of_Bicycles,No__of_Motorcycles,No__of_Pedestrians,Max_Injury,No__of_Injuries,No__of_Minimal,No__of_Minor,No__of_Major,No__of_Fatal,X,Y,Latitude,Longitude,ObjectId
15--6776,2015/05/25,9:37 AM,WALKLEY RD @ DON REID DR/RYDER ST (0008218),8218,03 - At intersection,02 - Non-fatal injury,02 - Angle,01 - Clear,01 - Daylight,01 - Dry,01 - Traffic signal,01 - Functioning,2,0,0,0,02 - Minor,1,,1,,,372601.7269,5027283.463,45.38221067,-75.63422128,11108
15--6507,2015/05/19,2:01 PM,ALBERT ST btwn KENT ST & BANK ST (__3ZA3CA),__3ZA3CA,01 - Non intersection,03 - P.D. only,04 - Sideswipe,01 - Clear,01 - Daylight,01 - Dry,10 - No control,,2,0,0,0,,0,,,,,367374.8853,5031417.447,45.41989346,-75.70043293,11109
15--7048,2015/06/02,1:00 AM,HIGHWAY 417 btwn HWY417 IC144 RAMP35 & HWY417 IC144 RAMP25 (__3ZA2QT),__3ZA2QT,01 - Non intersection,03 - P.D. only,07 - SMV other,01 - Clear,07 - Dark,01 - Dry,10 - No control,,1,0,0,0,,0,,,,,347473.2697,5015874.219,45.28152842,-75.95605819,11110
15--6327,2015/05/13,12:08 PM,QUEEN ST btwn METCALFE ST & ELGIN ST (__3ZA2FO),__3ZA2FO,01 - Non intersection,03 - P.D. only,06 - SMV unattended vehicle,01 - Clear,01 - Daylight,01 - Dry,10 - No control,,1,0,0,0,,0,,,,,367666.7683,5031692.887,45.42234562,-75.69666854,11111
15--7138,2015/06/04,12:27 PM,FRINGEWOOD DR btwn HAZELDEAN RD & CLOVERLOFT CRT (__3ZACNH),__3ZACNH,01 - Non intersection,03 - P.D. only,05 - Turning movement,01 - Clear,01 - Daylight,01 - Dry,10 - No control,,2,0,0,0,,0,,,,,350813.9239,5015828.71,45.28090819,-75.91348237,11112
15--6868,2015/05/28,1:25 PM,CHARLEMAGNE BLVD @ MERKLEY DR (0004807),4807,03 - At intersection,03 - P.D. only,07 - SMV other,01 - Clear,01 - Daylight,01 - Dry,02 - Stop sign,01 - Functioning,1,0,0,0,,0,,,,,384680.3199,5037802.93,45.47558244,-75.47830294,11113
15--6417,2015/05/15,2:23 PM,ALTA VISTA DR @ SMYTH RD (0011353),11353,03 - At intersection,03 - P.D. only,05 - Turning movement,01 - Clear,01 - Daylight,01 - Dry,01 - Traffic signal,01 - Functioning,2,0,0,0,,0,,,,,370431.0258,5029081.558,45.39859602,-75.66169738,11114
15--6778,2015/05/26,1:45 PM,ST. JOSEPH BLVD btwn ST. JEAN ST & BELCOURT BLVD (__3ZA2AP),__3ZA2AP,04 - At/near private drive,03 - P.D. only,05 - Turning movement,01 - Clear,01 - Daylight,01 - Dry,10 - No control,,2,0,0,0,,0,,,,,381147.8033,5037320.038,45.47163295,-75.52355334,11115
15--7049,2015/06/02,1:19 PM,ELGIN ST btwn COOPER ST & SOMERSET ST W (__3ZA346),__3ZA346,01 - Non intersection,03 - P.D. only,04 - Sideswipe,01 - Clear,01 - Daylight,01 - Dry,10 - No control,,2,0,0,0,,0,,,,,368158.2221,5031209.022,45.41794762,-75.69045144,11116
15--6958,2015/05/30,1:30 PM,GREENBANK RD @ IRIS ST/HWY 417 IC129 RAMP51 (0009073),9073,02 - Intersection related,03 - P.D. only,03 - Rear end,01 - Clear,01 - Daylight,01 - Dry,01 - Traffic signal,01 - Functioning,2,0,0,0,,0,,,,,360532.8299,5023312.747,45.34754651,-75.78876694,11117
15--6508,2015/05/19,2:20 PM,HIGHWAY 417 btwn HWY417 IC140 RAMP35 & HWY417 IC140 RAMP25 (__3ZA2QP),__3ZA2QP,01 - Non intersection,03 - P.D. only,03 - Rear end,01 - Clear,01 - Daylight,01 - Dry,10 - No control,,2,0,0,0,,0,,,,,350988.1296,5018584.663,45.30569562,-75.91100532,11118
15--6328,2015/05/13,12:56 PM,FITZGERALD RD btwn ROBERTSON RD & MOODIE DR (__3ZA5ZV),__3ZA5ZV,04 - At/near private drive,03 - P.D. only,02 - Angle,01 - Clear,01 - Daylight,01 - Dry,10 - No control,,2,0,0,0,,0,,,,,356751.2679,5020413.087,45.32174539,-75.83732627,11119
15--7139,2015/06/04,3:15 PM,HIGHWAY 417 btwn HWY417 IC118 RAMP35 & HWY417 IC117 RAMP51 (__3ZA2YP),__3ZA2YP,01 - Non intersection,03 - P.D. only,04 - Sideswipe,01 - Clear,01 - Daylight,01 - Dry,10 - No control,,2,0,0,0,,0,,,,,370428.7929,5031131.431,45.4170402,-75.66145302,11120
15--6418,2015/05/15,2:27 PM,BRIDGE ST/MAPLE AVE @ MANOTICK MAIN ST (0008225),8225,03 - At intersection,03 - P.D. only,05 - Turning movement,01 - Clear,01 - Daylight,01 - Dry,01 - Traffic signal,01 - Functioning,2,0,0,0,,0,,,,,368700.1485,5009932.012,45.22645197,-75.68627316,11121
15--6419,2015/05/15,3:01 PM,DEAKIN ST @ PRINCE OF WALES DR (0001073),1073,02 - Intersection related,03 - P.D. only,04 - Sideswipe,01 - Clear,01 - Daylight,01 - Dry,01 - Traffic signal,01 - Functioning,2,0,0,0,,0,,,,,367390.7111,5021523.127,45.33086538,-75.70148473,11122
15--642,2015/01/10,5:30 PM,GREENBANK RD @ BERRIGAN DR/WESSEX RD (0004726),4726,02 - Intersection related,03 - P.D. only,03 - Rear end,01 - Clear,05 - Dusk,01 - Dry,01 - Traffic signal,01 - Functioning,2,0,0,0,,0,,,,,363723.6817,5015276.907,45.27497954,-75.74900597,11123
15--6420,2015/05/15,3:19 PM,QUEEN MARY ST @ VANIER PKWY (0007648),7648,02 - Intersection related,03 - P.D. only,03 - Rear end,01 - Clear,01 - Daylight,01 - Dry,01 - Traffic signal,01 - Functioning,2,0,0,0,,0,,,,,370363.7105,5031956.504,45.42446997,-75.6621747,11124
15--6421,2015/05/15,3:40 PM,HIGHWAY 417 btwn HWY417 IC119B RAMP57 & HWY417 IC119A RAMP75 (__3ZA1QN),__3ZA1QN,01 - Non intersection,03 - P.D. only,03 - Rear end,01 - Clear,01 - Daylight,01 - Dry,10 - No control,,3,0,0,0,,0,,,,,368415.455,5030417.767,45.41080484,-75.68726715,11125
15--6422,2015/05/15,4:13 PM,LYON ST @ NEPEAN ST (0007697),7697,03 - At intersection,03 - P.D. only,05 - Turning movement,01 - Clear,01 - Daylight,01 - Dry,02 - Stop sign,01 - Functioning,2,0,0,0,,0,,,,,367234.8576,5030934.053,45.41555654,-75.70228324,11126
15--6423,2015/05/15,4:18 PM,BERRIGAN DR @ TRANSITWAY SW (0010679),10679,02 - Intersection related,03 - P.D. only,03 - Rear end,01 - Clear,01 - Daylight,01 - Dry,01 - Traffic signal,01 - Functioning,2,0,0,0,,0,,,,,363893.5898,5015345.462,45.27558214,-75.74683249,11127
15--6424,2015/05/15,4:24 PM,RIVER RD btwn ROGER STEVENS DR & DOYLE RD (__3ZA3TW),__3ZA3TW,01 - Non intersection,02 - Non-fatal injury,07 - SMV other,01 - Clear,01 - Daylight,01 - Dry,10 - No control,,1,0,0,0,01 - Minimal,1,1,,,,373751.0643,5003624.966,45.16922573,-75.62283275,11128
15--6425,2015/05/15,4:30 PM,DALHOUSIE ST btwn MURRAY ST & CLARENCE ST (__3ZA83M),__3ZA83M,01 - Non intersection,03 - P.D. only,06 - SMV unattended vehicle,01 - Clear,01 - Daylight,01 - Dry,10 - No control,,1,0,0,0,,0,,,,,368033.3301,5032520.535,45.42975947,-75.69187871,11129
15--6426,2015/05/15,5:15 PM,PRINCE OF WALES DR btwn WATERBEND LANE & TURN LANE (__3ZA1H4),__3ZA1H4,04 - At/near private drive,03 - P.D. only,07 - SMV other,01 - Clear,01 - Daylight,01 - Dry,10 - No control,,1,0,0,0,,0,,,,,367433.0126,5021723.553,45.332665,-75.70091975,11130
15--6427,2015/05/15,5:39 AM,MAITLAND AVE btwn HWY417 IC126 RAMP25 & WOODWARD DR (__3ZBOCF),__3ZBOCF,01 - Non intersection,03 - P.D. only,07 - SMV other,01 - Clear,03 - Dawn,01 - Dry,10 - No control,,1,0,0,0,,0,,,,,363265.046,5025689.554,45.36871034,-75.75362162,11131
15--6428,2015/05/15,5:44 PM,SMYTH RD/OTHELLO AVE @ RUSSELL RD W (0007730),7730,02 - Intersection related,03 - P.D. only,04 - Sideswipe,01 - Clear,01 - Daylight,01 - Dry,01 - Traffic signal,00 - Unknown,2,0,0,0,,0,,,,,373255.1727,5029372.982,45.40094769,-75.62558835,11132
15--6429,2015/05/15,5:50 PM,CHAPMAN MILLS DR btwn CLEARBROOK DR & SUMMERLINE GT (__4FP8A3),__4FP8A3,01 - Non intersection,03 - P.D. only,04 - Sideswipe,01 - Clear,01 - Daylight,01 - Dry,10 - No control,,2,0,0,0,,0,,,,,365942.499,5015094.659,45.27315024,-75.72075173,11133
15--643,2015/01/10,5:45 PM,SMYTH RD E/LANCASTER RD @ ST. LAURENT BLVD N/R (0002256),2256,02 - Intersection related,02 - Non-fatal injury,03 - Rear end,01 - Clear,07 - Dark,02 - Wet,01 - Traffic signal,01 - Functioning,2,0,0,0,02 - Minor,1,,1,,,373364.902,5029425.848,45.40141262,-75.62417953,11134
15--6430,2015/05/15,6:27 PM,BANK ST @ HERON RD (0002155),2155,02 - Intersection related,03 - P.D. only,03 - Rear end,01 - Clear,01 - Daylight,01 - Dry,01 - Traffic signal,01 - Functioning,2,0,0,0,,0,,,,,369995.1566,5026852.106,45.37857689,-75.66755865,11135
15--6431,2015/05/15,6:35 AM,PARKDALE AVE @ HWY 417 PARKDAL IC122R15/HWY 41 (0002363),2363,02 - Intersection related,03 - P.D. only,03 - Rear end,01 - Clear,01 - Daylight,01 - Dry,01 - Traffic signal,01 - Functioning,2,0,0,0,,0,,,,,365335.2568,5028844.474,45.39692193,-75.72680833,11136
15--6432,2015/05/15,6:39 PM,LEITRIM RD btwn LIMEBANK RD & HIGH RD (__3ZBOEL),__3ZBOEL,04 - At/near private drive,02 - Non-fatal injury,03 - Rear end,01 - Clear,01 - Daylight,01 - Dry,10 - No control,,2,0,0,0,01 - Minimal,1,1,,,,371247.0044,5019028.161,45.30806181,-75.65262715,11137
15--6433,2015/05/15,6:47 PM,TERRY FOX DR @ PALLADIUM DR/KATIMAVIK RD (0011858),11858,02 - Intersection related,03 - P.D. only,03 - Rear end,01 - Clear,01 - Daylight,01 - Dry,01 - Traffic signal,01 - Functioning,2,0,0,0,,0,,,,,351270.4387,5018181.415,45.30204846,-75.90744329,11138
15--6434,2015/05/15,6:51 PM,RIOCAN AVE btwn STRANDHERD DR & MARKETPLACE AVE (__4LZBMJ),__4LZBMJ,04 - At/near private drive,03 - P.D. only,02 - Angle,01 - Clear,01 - Daylight,01 - Dry,10 - No control,,2,0,0,0,,0,,,,,364267.4267,5014792.009,45.27057065,-75.74213451,11139
15--6435,2015/05/15,7:00 PM,NAVAN RD @ TENTH LINE RD (0004718),4718,02 - Intersection related,03 - P.D. only,03 - Rear end,01 - Clear,01 - Daylight,01 - Dry,01 - Traffic signal,01 - Functioning,2,0,0,0,,0,,,,,385758.5082,5031832.173,45.4217391,-75.46549734,11140
15--6436,2015/05/15,7:13 PM,DUNNING RD btwn GIROUX RD & COLONIAL RD (__3ZA3K7),__3ZA3K7,01 - Non intersection,02 - Non-fatal injury,07 - SMV other,01 - Clear,01 - Daylight,01 - Dry,10 - No control,,1,0,1,0,03 - Major,1,,,1,,393469.2586,5035043.735,45.44969802,-75.36640808,11141
15--6437,2015/05/15,7:30 AM,DEVINE RD @ FRONTIER RD (0004650),4650,02 - Intersection related,03 - P.D. only,99 - Other,01 - Clear,01 - Daylight,01 - Dry,02 - Stop sign,01 - Functioning,2,0,0,0,,0,,,,,389637.838,5021963.669,45.3324923,-75.41763066,11142
15--6438,2015/05/15,7:45 PM,HIGHWAY 417 btwn HWY417 IC155 RAMP26 & HWY417 IC155 RAMP61 (__3ZA1MY),__3ZA1MY,01 - Non intersection,03 - P.D. only,07 - SMV other,01 - Clear,01 - Daylight,01 - Dry,10 - No control,,1,0,0,0,,0,,,,,339880.5341,5019253.545,45.31235713,-76.05259788,11143
15--6439,2015/05/15,7:50 PM,CEDARVIEW RD @ HWY 416 WESTHUNT IC72R42 (0005515),5515,02 - Intersection related,03 - P.D. only,03 - Rear end,02 - Rain,01 - Daylight,02 - Wet,10 - No control,,2,0,0,0,,0,,,,,359598.4458,5019761.998,45.31567038,-75.80108326,11144
15--644,2015/01/10,6:06 PM,REGIONAL ROAD 174 btwn OR174 IC102 RAMP15 & OR174 IC101 RAMP63 (__3ZA11S),__3ZA11S,01 - Non intersection,03 - P.D. only,07 - SMV other,01 - Clear,07 - Dark,01 - Dry,10 - No control,,1,0,0,0,,0,,,,,382455.4058,5038723.657,45.4841173,-75.50661043,11145
15--6440,2015/05/15,8:17 AM,BESSERER ST btwn FRIEL ST & CHAPEL ST (__3ZA82B),__3ZA82B,01 - Non intersection,02 - Non-fatal injury,04 - Sideswipe,01 - Clear,01 - Daylight,01 - Dry,10 - No control,,2,1,0,0,02 - Minor,1,,1,,,368878.9932,5032540.229,45.4298597,-75.68106968,11146
15--6441,2015/05/15,8:20 AM,HIGHWAY 417 btwn HWY417 IC127 RAMP25 & HWY417 IC126 RAMP51 (__3ZA2XA),__3ZA2XA,01 - Non intersection,03 - P.D. only,07 - SMV other,01 - Clear,01 - Daylight,01 - Dry,10 - No control,,1,0,0,0,,0,,,,,363152.395,5025808.376,45.36978887,-75.75504559,11147
15--6442,2015/05/15,9:29 AM,COVENTRY RD @ VANIER PKWY (0002139),2139,02 - Intersection related,03 - P.D. only,03 - Rear end,01 - Clear,01 - Daylight,01 - Dry,01 - Traffic signal,01 - Functioning,2,0,0,0,,0,,,,,370675.6642,5031612.063,45.42134153,-75.6582348,11148
15--6443,2015/05/15,9:30 PM,GOLFLINKS DR S @ LONGFIELDS DR (0010401),10401,03 - At intersection,03 - P.D. only,05 - Turning movement,02 - Rain,07 - Dark,02 - Wet,02 - Stop sign,01 - Functioning,2,0,0,0,,0,,,,,366029.4564,5012613.294,45.25081541,-75.7199494,11149
15--6444,2015/05/15,9:34 AM,PRINCE OF WALES DR btwn WATERBRIDGE DR & CRESTWAY DR (__3ZA294),__3ZA294,01 - Non intersection,02 - Non-fatal injury,03 - Rear end,01 - Clear,01 - Daylight,01 - Dry,10 - No control,,2,0,0,0,01 - Minimal,1,1,,,,367328.8259,5016081.17,45.28190488,-75.70296071,11150
15--6445,2015/05/15,9:38 AM,PARKDALE AVE btwn RUSKIN ST & INGLEWOOD PL (__3ZBOD1),__3ZBOD1,01 - Non intersection,03 - P.D. only,06 - SMV unattended vehicle,01 - Clear,01 - Daylight,01 - Dry,10 - No control,,1,0,0,0,,0,,,,,365518.5132,5028427.413,45.39315344,-75.72451922,11151
15--6446,2015/05/15,9:40 AM,MEADOWLANDS DR/TALLWOOD DR @ WOODROFFE AVE (0000095),95,02 - Intersection related,03 - P.D. only,03 - Rear end,01 - Clear,01 - Daylight,01 - Dry,01 - Traffic signal,01 - Functioning,2,0,0,0,,0,,,,,363056.726,5022730.548,45.34210283,-75.75662954,11152
15--6447,2015/05/15,9:40 PM,EARL ARMSTRONG RD @ BOWESVILLE RD (0009411),9411,03 - At intersection,02 - Non-fatal injury,07 - SMV other,01 - Clear,07 - Dark,01 - Dry,02 - Stop sign,01 - Functioning,1,0,0,0,02 - Minor,1,,1,,,372560.741,5017439.337,45.29364049,-75.63609262,11153
15--6448,2015/05/15,9:59 PM,PRESTON ST @ SIDNEY ST (0011959),11959,03 - At intersection,03 - P.D. only,02 - Angle,01 - Clear,07 - Dark,01 - Dry,02 - Stop sign,01 - Functioning,2,0,0,0,,0,,,,,366808.3855,5028984.775,45.39805541,-75.70797682,11154
15--6449,2015/05/16,1:06 PM,LETOURNEAU ST btwn CLENNING ST & BEATRICE DR (__4LK32H),__4LK32H,01 - Non intersection,03 - P.D. only,06 - SMV unattended vehicle,01 - Clear,01 - Daylight,01 - Dry,10 - No control,,1,0,0,0,,0,,,,,365008.2384,5016652.639,45.28724952,-75.7324686,11155
15--645,2015/01/10,6:15 PM,HAWTHORNE AVE/ISABELLA ST @ QUEEN ELIZABETH DR (0002105),2105,03 - At intersection,03 - P.D. only,02 - Angle,01 - Clear,07 - Dark,01 - Dry,01 - Traffic signal,01 - Functioning,3,0,0,0,,0,,,,,368666.6754,5030477.054,45.4113154,-75.68405028,11156
15--6450,2015/05/16,10:00 PM,DONNELLY DR @ GILROY RD (0011822),11822,02 - Intersection related,03 - P.D. only,07 - SMV other,01 - Clear,07 - Dark,01 - Dry,02 - Stop sign,01 - Functioning,1,0,0,0,,0,,,,,358061.6808,4981006.256,44.96705002,-75.8248112,11157
15--6451,2015/05/16,10:28 AM,JAMIE AVE @ SUNDERLAND ST (0004576),4576,03 - At intersection,03 - P.D. only,02 - Angle,01 - Clear,01 - Daylight,01 - Dry,02 - Stop sign,01 - Functioning,2,0,0,0,,0,,,,,366063.6892,5022023.773,45.33548722,-75.71835095,11158
15--6452,2015/05/16,10:59 PM,FRIEL ST @ RIDEAU ST (0011917),11917,02 - Intersection related,02 - Non-fatal injury,03 - Rear end,01 - Clear,07 - Dark,01 - Dry,01 - Traffic signal,01 - Functioning,3,0,0,0,02 - Minor,1,,1,,,368770.9817,5032570.945,45.43014596,-75.68244594,11159
15--6453,2015/05/16,12:03 PM,OLD PRESCOTT RD btwn THUNDERBIRD DR & SPARKLING LAKE WAY (__5BKZJ4),__5BKZJ4,01 - Non intersection,02 - Non-fatal injury,01 - Approaching,01 - Clear,01 - Daylight,01 - Dry,10 - No control,,2,0,0,1,01 - Minimal,1,1,,,,377452.8938,5014698.409,45.26848993,-75.57412986,11160
15--6454,2015/05/16,12:05 PM,CARLING AVE @ IRVING PL/MAPLE DR (0006872),6872,03 - At intersection,03 - P.D. only,05 - Turning movement,01 - Clear,01 - Daylight,01 - Dry,01 - Traffic signal,01 - Functioning,2,0,0,0,,0,,,,,366185.5772,5028528.681,45.39400647,-75.71598785,11161
15--6455,2015/05/16,2:00 PM,BRONSON AVE @ SUNNYSIDE AVE/UNIVERSITY RD - CA (0007209),7209,03 - At intersection,03 - P.D. only,02 - Angle,01 - Clear,01 - Daylight,01 - Dry,01 - Traffic signal,02 - Not functioning,2,0,0,0,,0,,,,,367923.4308,5028091.187,45.38991552,-75.69385026,11162
15--6456,2015/05/16,4:27 PM,MERIVALE RD @ WOODFIELD DR/ROYDON PL (0009776),9776,02 - Intersection related,02 - Non-fatal injury,03 - Rear end,01 - Clear,01 - Daylight,01 - Dry,01 - Traffic signal,01 - Functioning,3,0,0,0,02 - Minor,3,2,1,,,365461.5743,5022299.626,45.33802162,-75.72599867,11163
15--6457,2015/05/16,5:25 AM,CEDARVIEW RD btwn BRUIN RD & HWY416 IC72 RAMP62 (__3ZAZO7),__3ZAZO7,01 - Non intersection,03 - P.D. only,07 - SMV other,01 - Clear,03 - Dawn,01 - Dry,10 - No control,,1,0,0,0,,0,,,,,359302.0181,5020343.471,45.32092558,-75.80479973,11164
15--6458,2015/05/16,6:16 AM,DONNELLY DR btwn WEEDMARK RD & REDDICK LANE (__3ZA4KB),__3ZA4KB,01 - Non intersection,03 - P.D. only,07 - SMV other,01 - Clear,03 - Dawn,01 - Dry,10 - No control,,1,0,0,0,,0,,,,,363243.5041,4985553.353,45.00755981,-75.75860012,11165
15--6459,2015/05/16,7:00 PM,GLYNN AVE @ VERA ST (0008257),8257,03 - At intersection,02 - Non-fatal injury,02 - Angle,01 - Clear,01 - Daylight,01 - Dry,03 - Yield sign,01 - Functioning,2,0,0,0,02 - Minor,2,1,1,,,370504.9928,5032120.941,45.42593625,-75.66034754,11166
15--646,2015/01/10,6:30 PM,MONTREAL RD btwn SINCLAIR ST & SHEFFORD RD (__3ZA2D0),__3ZA2D0,04 - At/near private drive,03 - P.D. only,03 - Rear end,01 - Clear,07 - Dark,05 - Packed snow,10 - No control,,2,0,0,0,,0,,,,,376091.0317,5034828.996,45.44975467,-75.58857936,11167
15--6460,2015/05/16,7:57 AM,WOODFIELD DR btwn DOWNSVIEW CRES & DOWNSVIEW CRES (__3ZA0EE),__3ZA0EE,01 - Non intersection,03 - P.D. only,06 - SMV unattended vehicle,01 - Clear,01 - Daylight,01 - Dry,10 - No control,,1,0,0,0,,0,,,,,364728.2003,5022001.747,45.33540436,-75.73539126,11168
15--6461,2015/05/16,8:10 AM,BANK ST btwn MACLAREN ST & GILMOUR ST (__3ZA3QF),__3ZA3QF,04 - At/near private drive,03 - P.D. only,06 - SMV unattended vehicle,01 - Clear,01 - Daylight,01 - Dry,10 - No control,,1,0,0,0,,0,,,,,367751.3679,5030830.791,45.41458115,-75.69569774,11169
15--6462,2015/05/16,8:40 AM,AYLMER AVE btwn BARTON ST & GALT ST (__3ZBOTK),__3ZBOTK,01 - Non intersection,03 - P.D. only,07 - SMV other,01 - Clear,01 - Daylight,01 - Dry,10 - No control,,1,0,0,0,,0,,,,,368576.453,5028671.432,45.39507723,-75.68543635,11170
15--6463,2015/05/17,1:58 PM,TERRY FOX DR btwn HUNTSVILLE DR & OLD SECOND LINE RD (__8IAYIU),__8IAYIU,01 - Non intersection,03 - P.D. only,99 - Other,01 - Clear,01 - Daylight,01 - Dry,10 - No control,,2,0,0,0,,0,,,,,347969.835,5020363.237,45.32189178,-75.94933803,11171
15--6464,2015/05/17,10:02 PM,BANK ST @ FOXBAR AVE (0011299),11299,02 - Intersection related,03 - P.D. only,06 - SMV unattended vehicle,01 - Clear,07 - Dark,01 - Dry,02 - Stop sign,01 - Functioning,1,0,0,0,,0,,,,,370477.2931,5025621.644,45.36746057,-75.66156679,11172
15--6465,2015/05/17,11:15 PM,HIGHWAY 417 btwn HWY417 IC124 RAMP57 & HWY417 IC124 RAMP55 (__3ZA2Y1),__3ZA2Y1,01 - Non intersection,03 - P.D. only,04 - Sideswipe,01 - Clear,07 - Dark,01 - Dry,10 - No control,,2,0,0,0,,0,,,,,364335.7188,5027386.544,45.38388945,-75.73974977,11173
15--6466,2015/05/17,11:20 AM,HIGHWAY 417 btwn TRANSIT & HWY417 IC127 RAMP16 (__3ZA2SJ),__3ZA2SJ,01 - Non intersection,03 - P.D. only,04 - Sideswipe,01 - Clear,01 - Daylight,01 - Dry,10 - No control,,2,0,0,0,,0,,,,,361788.8241,5024592.947,45.35896474,-75.77259233,11174
15--6467,2015/05/17,11:53 PM,BURKE ST @ MCBEAN ST (0000134),134,03 - At intersection,02 - Non-fatal injury,02 - Angle,01 - Clear,07 - Dark,01 - Dry,02 - Stop sign,01 - Functioning,2,1,0,0,02 - Minor,1,,1,,,357439.6173,5005482.43,45.18734499,-75.83012793,11175
15--6468,2015/05/17,11:59 AM,MAITLAND AVE/HWY 417 MAITLAND IC126R53 @ HWY 4 (0008229),8229,03 - At intersection,03 - P.D. only,05 - Turning movement,01 - Clear,01 - Daylight,01 - Dry,01 - Traffic signal,01 - Functioning,2,0,0,0,,0,,,,,363230.8557,5025774.892,45.36948105,-75.75404797,11176
15--6469,2015/05/17,12:25 PM,HIGHWAY 417 btwn HWY417 IC119A RAMP75 & HWY417 IC118 RAMP57 (__3ZA2R2),__3ZA2R2,01 - Non intersection,03 - P.D. only,04 - Sideswipe,01 - Clear,01 - Daylight,01 - Dry,10 - No control,,2,0,0,0,,0,,,,,368834.9496,5030632.929,45.41270253,-75.68188041,11177
15--647,2015/01/10,7:50 PM,CASABELLA DR btwn RENAISSANCE DR & RENAISSANCE DR (__30LQVH),__30LQVH,04 - At/near private drive,03 - P.D. only,06 - SMV unattended vehicle,01 - Clear,07 - Dark,03 - Loose snow,10 - No control,,1,0,0,0,,0,,,,,384463.6392,5036360.6,45.46263047,-75.48130773,11178
15--6470,2015/05/17,2:00 PM,MEADOWLANDS DR btwn ORKNEY PRIV & VALMARIE AVE (__3ZA4IX),__3ZA4IX,04 - At/near private drive,03 - P.D. only,03 - Rear end,01 - Clear,01 - Daylight,01 - Dry,10 - No control,,2,0,0,0,,0,,,,,366735.0845,5025148.364,45.36354277,-75.70939426,11179
15--6471,2015/05/17,2:00 PM,GREENBANK RD @ IRIS ST/HWY 417 IC129 RAMP51 (0009073),9073,02 - Intersection related,03 - P.D. only,04 - Sideswipe,01 - Clear,01 - Daylight,01 - Dry,01 - Traffic signal,01 - Functioning,2,0,0,0,,0,,,,,360530.2113,5023313.153,45.34755037,-75.78880031,11180
15--6472,2015/05/17,2:55 PM,KITCHENER AVE btwn BANFF AVE & COCHRANE ST (__3ZBN6V),__3ZBN6V,01 - Non intersection,03 - P.D. only,06 - SMV unattended vehicle,01 - Clear,01 - Daylight,01 - Dry,10 - No control,,1,0,0,0,,0,,,,,370751.1123,5025621.027,45.36742931,-75.65807169,11181
15--6473,2015/05/17,3:04 PM,INNES RD btwn JEANNE D'ARC BLVD S & WILDFLOWER DR (__3ZA1ZE),__3ZA1ZE,01 - Non intersection,03 - P.D. only,03 - Rear end,01 - Clear,01 - Daylight,01 - Dry,10 - No control,,2,0,0,0,,0,,,,,382750.6969,5035616.284,45.45612699,-75.50332647,11182
15--6474,2015/05/17,3:45 PM,ANDERSON RD @ RIDGE RD (0003631),3631,03 - At intersection,02 - Non-fatal injury,03 - Rear end,01 - Clear,01 - Daylight,01 - Dry,02 - Stop sign,00 - Unknown,2,0,1,0,02 - Minor,1,,1,,,379030.4781,5028508.893,45.39258464,-75.55195731,11183
15--6475,2015/05/17,4:20 PM,CARLING AVE @ HOLLAND AVE (0002146),2146,03 - At intersection,03 - P.D. only,02 - Angle,01 - Clear,01 - Daylight,01 - Dry,01 - Traffic signal,01 - Functioning,2,0,0,0,,0,,,,,365415.1778,5028038.8,45.38966573,-75.7258866,11184
15--6476,2015/05/17,4:22 PM,BOWMOOR AVE btwn TIVERTON DR & INVERNESS AVE (__3ZAA0W),__3ZAA0W,04 - At/near private drive,03 - P.D. only,06 - SMV unattended vehicle,01 - Clear,01 - Daylight,01 - Dry,10 - No control,,1,0,0,0,,0,,,,,365873.5233,5024503.926,45.35781982,-75.72047075,11185
15--6477,2015/05/17,4:56 PM,INNES RD btwn PRESTWICK DR & TENTH LINE RD (__3ZA3Y7),__3ZA3Y7,04 - At/near private drive,03 - P.D. only,04 - Sideswipe,01 - Clear,01 - Daylight,01 - Dry,10 - No control,,2,0,0,0,,0,,,,,383878.9398,5036129.536,45.460618,-75.48882052,11186
15--6478,2015/05/17,5:06 AM,CLARIDGE DR btwn BEATRICE DR & SLEAFORD GT (__31EM6X),__31EM6X,01 - Non intersection,03 - P.D. only,06 - SMV unattended vehicle,01 - Clear,03 - Dawn,01 - Dry,10 - No control,,1,0,0,0,,0,,,,,365272.9795,5016551.899,45.28632034,-75.72910628,11187
15--6479,2015/05/17,5:38 PM,SOUTH RIVER DR N @ VAN VLIET RD N (0009003),9003,03 - At intersection,03 - P.D. only,02 - Angle,01 - Clear,01 - Daylight,01 - Dry,02 - Stop sign,01 - Functioning,2,0,0,0,,0,,,,,369227.5811,5010212.412,45.22892694,-75.67952104,11188
15--648,2015/01/10,8:05 PM,CARLING AVE @ SCRIVENS ST (0002720),2720,03 - At intersection,02 - Non-fatal injury,07 - SMV other,01 - Clear,07 - Dark,06 - Ice,01 - Traffic signal,01 - Functioning,1,0,0,0,03 - Major,3,,,3,,359424.6319,5024258.994,45.35614802,-75.80280359,11189
15--6480,2015/05/17,6:30 PM,INDUSTRIAL AVE @ RIVERSIDE DR (0011905),11905,03 - At intersection,03 - P.D. only,04 - Sideswipe,01 - Clear,01 - Daylight,01 - Dry,01 - Traffic signal,01 - Functioning,2,0,0,0,,0,,,,,370685.7325,5030593.314,45.41217429,-75.65824237,11190