Anom_ID,Accident_Date,Accident_Time,Location,Geo_ID,Accident_Location,Classification_of_Accident,Initial_Impact_Type,Environment_Condition,Light,Road_Surface_Condition,Traffic_Control,Traffic_Control_Condition,No__of_Vehicles,No__of_Bicycles,No__of_Motorcycles,No__of_Pedestrians,Max_Injury,No__of_Injuries,No__of_Minimal,No__of_Minor,No__of_Major,No__of_Fatal,X,Y,Latitude,Longitude,ObjectId
15--6481,2015/05/17,9:00 PM,BANK ST btwn HERON RD & ANOKA ST (__3ZA360),__3ZA360,04 - At/near private drive,03 - P.D. only,02 - Angle,01 - Clear,07 - Dark,01 - Dry,10 - No control,,2,0,0,0,,0,,,,,370005.4746,5026825.314,45.37833487,-75.66743045,11191
15--6482,2015/05/17,9:22 PM,RIVERSIDE DR btwn HOG'S BACK RD & RIDGEWOOD AVE (__3ZA372),__3ZA372,01 - Non intersection,02 - Non-fatal injury,03 - Rear end,01 - Clear,07 - Dark,01 - Dry,10 - No control,,2,0,0,0,01 - Minimal,2,2,,,,368179.9633,5026122.702,45.37218047,-75.69082711,11192
15--6483,2015/05/17,9:25 AM,BARNSDALE RD @ GREENBANK RD (0001069),1069,03 - At intersection,03 - P.D. only,02 - Angle,01 - Clear,01 - Daylight,01 - Dry,02 - Stop sign,01 - Functioning,2,0,0,0,,0,,,,,365589.6748,5010928.155,45.23569063,-75.72575761,11193
15--6484,2015/05/18,1:08 PM,JOHN SUTHERLAND DR @ RICHMOND RD (0000578),578,02 - Intersection related,03 - P.D. only,03 - Rear end,02 - Rain,01 - Daylight,02 - Wet,01 - Traffic signal,01 - Functioning,2,0,0,0,,0,,,,,358786.6649,5022151.254,45.33723193,-75.81117569,11194
15--6485,2015/05/18,1:39 PM,GREENBANK RD @ MARKETPLACE AVE (0010406),10406,03 - At intersection,02 - Non-fatal injury,02 - Angle,02 - Rain,01 - Daylight,02 - Wet,01 - Traffic signal,01 - Functioning,2,0,0,0,02 - Minor,2,,2,,,364008.8629,5014603.457,45.26889587,-75.7454519,11195
15--6486,2015/05/18,12:01 AM,HIGHWAY 7 btwn UPPER DWYER HILL RD & HIGHWAY 7 (__7JQ7LM),__7JQ7LM,01 - Non intersection,03 - P.D. only,07 - SMV other,01 - Clear,07 - Dark,01 - Dry,10 - No control,,1,0,0,0,,0,,,,,341067.466,5007269.898,45.20446169,-76.03833544,11196
15--6487,2015/05/18,12:33 AM,BROMLEY RD btwn WEMBLEY AVE & SHERBOURNE RD (__3ZAA62),__3ZAA62,01 - Non intersection,03 - P.D. only,06 - SMV unattended vehicle,01 - Clear,07 - Dark,01 - Dry,10 - No control,,1,0,0,0,,0,,,,,362894.3035,5026561.478,45.37658663,-75.75825165,11197
15--6488,2015/05/18,12:40 PM,ST. JOSEPH BLVD @ JEANNE D'ARC BLVD (0012421),12421,03 - At intersection,03 - P.D. only,04 - Sideswipe,01 - Clear,01 - Daylight,01 - Dry,11 - Roundabout,01 - Functioning,2,0,0,0,,0,,,,,379860.7425,5036469.171,45.46411703,-75.54014175,11198
15--6489,2015/05/18,2:35 PM,WELLINGTON ST btwn METCALFE ST & ELGIN ST (__3ZA4SP),__3ZA4SP,01 - Non intersection,03 - P.D. only,04 - Sideswipe,01 - Clear,01 - Daylight,01 - Dry,10 - No control,,2,0,0,0,,0,,,,,367639.9151,5031862.62,45.42387523,-75.69698999,11199
15--649,2015/01/10,8:14 PM,FALLOWFIELD RD btwn EAGLESON RD & RICHMOND RD (__3ZA4Y2),__3ZA4Y2,01 - Non intersection,02 - Non-fatal injury,01 - Approaching,05 - Drifting Snow,07 - Dark,03 - Loose snow,10 - No control,,3,0,0,0,02 - Minor,1,,1,,,357459.4669,5013375.681,45.258369,-75.82904038,11200
15--6490,2015/05/18,3:46 PM,NICHOLAS ST NB btwn LAURIER AVE E & WALLER ST (__5D2DO8),__5D2DO8,01 - Non intersection,03 - P.D. only,03 - Rear end,01 - Clear,01 - Daylight,01 - Dry,10 - No control,,2,0,0,0,,0,,,,,368436.2082,5031746.162,45.4227554,-75.6868305,11201
15--6491,2015/05/18,4:20 PM,HIGHWAY 417 btwn HWY417 IC163 RAMP15 & HWY417 IC155 RAMP51 (__3ZAZNS),__3ZAZNS,01 - Non intersection,03 - P.D. only,07 - SMV other,01 - Clear,01 - Daylight,01 - Dry,10 - No control,,1,0,0,0,,0,,,,,336004.917,5020222.284,45.32125725,-76.10196355,11202
15--6492,2015/05/18,4:37 PM,DONALD ST btwn AVE. DU PERE CHARLEBOIS AVE & BRANT ST (__3ZA81N),__3ZA81N,01 - Non intersection,03 - P.D. only,06 - SMV unattended vehicle,01 - Clear,01 - Daylight,01 - Dry,10 - No control,,1,0,0,0,,0,,,,,371209.0758,5032372.048,45.42812911,-75.65131711,11203
15--6493,2015/05/18,6:19 PM,CHARLEMAGNE BLVD @ PRINCESS LOUISE DR E (0012957),12957,03 - At intersection,03 - P.D. only,02 - Angle,01 - Clear,01 - Daylight,01 - Dry,02 - Stop sign,01 - Functioning,2,0,0,0,,0,,,,,384092.3899,5038136.045,45.47864651,-75.48576781,11204
15--6494,2015/05/18,6:34 PM,STRANDHERD DR @ 215 W OF GREENBANK RD/BARRHAVE (0005413),5413,02 - Intersection related,03 - P.D. only,03 - Rear end,02 - Rain,01 - Daylight,02 - Wet,01 - Traffic signal,01 - Functioning,2,0,0,0,,0,,,,,363741.9839,5014678.387,45.26959251,-75.74884377,11205
15--6495,2015/05/18,7:34 PM,SCOTT ST btwn PARKDALE AVE & PINEHURST AVE (__3ZA31U),__3ZA31U,04 - At/near private drive,02 - Non-fatal injury,02 - Angle,01 - Clear,01 - Daylight,01 - Dry,10 - No control,,2,0,0,0,02 - Minor,2,,2,,,364963.3973,5029731.965,45.40493943,-75.73144924,11206
15--6496,2015/05/18,7:59 AM,BERRIGAN DR btwn CROXLEY WAY & CLARIDGE DR (__4O3JPX),__4O3JPX,01 - Non intersection,02 - Non-fatal injury,06 - SMV unattended vehicle,01 - Clear,01 - Daylight,01 - Dry,10 - No control,,1,0,0,0,02 - Minor,1,,1,,,364499.2234,5015757.456,45.2792381,-75.73906461,11207
15--6497,2015/05/18,9:20 AM,BELLAMY ST btwn EIFFEL AVE & DEBRA AVE (__3ZAAQI),__3ZAAQI,04 - At/near private drive,03 - P.D. only,06 - SMV unattended vehicle,01 - Clear,01 - Daylight,01 - Dry,10 - No control,,1,0,0,0,,0,,,,,366888.9703,5025542.739,45.36707766,-75.70738053,11208
15--6498,2015/05/18,9:56 PM,SMYTH RD E/LANCASTER RD @ ST. LAURENT BLVD N/R (0002256),2256,03 - At intersection,03 - P.D. only,02 - Angle,01 - Clear,07 - Dark,02 - Wet,01 - Traffic signal,01 - Functioning,2,0,0,0,,0,,,,,373369.3515,5029428.645,45.40143735,-75.62412232,11209
15--6499,2015/05/19,1:24 PM,RICHMOND RD @ LYNHAR RD/STAFFORD RD (0000155),155,02 - Intersection related,03 - P.D. only,04 - Sideswipe,01 - Clear,01 - Daylight,01 - Dry,01 - Traffic signal,01 - Functioning,2,0,0,0,,0,,,,,358136.0593,5021087.576,45.32771065,-75.8195909,11210
15--65,2015/01/03,1:45 PM,LEES AVE @  TRANSITWAY/HWY 417 NICHOLAS IC118R (0012210),12210,02 - Intersection related,02 - Non-fatal injury,03 - Rear end,03 - Snow,01 - Daylight,03 - Loose snow,01 - Traffic signal,01 - Functioning,2,0,0,0,01 - Minimal,1,1,,,,369367.4019,5031278.384,45.41846118,-75.67499386,11211
15--650,2015/01/10,8:26 AM,KERWIN RD btwn MOWBRAY ST & FIFTH LINE RD (__3ZBNC2),__3ZBNC2,01 - Non intersection,02 - Non-fatal injury,07 - SMV other,01 - Clear,01 - Daylight,06 - Ice,10 - No control,,1,0,0,0,01 - Minimal,1,1,,,,347146.828,5028083.923,45.39141465,-75.9591742,11212
15--6500,2015/05/19,1:42 PM,GALETTA SIDE RD @ TORBOLTON RIDGE RD (0002373),2373,03 - At intersection,03 - P.D. only,02 - Angle,01 - Clear,01 - Daylight,01 - Dry,02 - Stop sign,01 - Functioning,2,0,0,0,,0,,,,,331903.5969,5038645.879,45.48721086,-76.1532645,11213
15--6501,2015/05/19,1:53 PM,MERIVALE RD @ 170 N OF HUNTCLUB RD/COSTCO/CANA (0004681),4681,02 - Intersection related,02 - Non-fatal injury,03 - Rear end,01 - Clear,01 - Daylight,01 - Dry,01 - Traffic signal,01 - Functioning,2,0,0,0,01 - Minimal,1,1,,,,365547.5755,5022100.474,45.33622224,-75.7249259,11214
15--6502,2015/05/19,10:16 PM,KING EDWARD AVE @ RIDEAU ST (0002121),2121,03 - At intersection,03 - P.D. only,05 - Turning movement,01 - Clear,07 - Dark,01 - Dry,01 - Traffic signal,01 - Functioning,2,0,0,0,,0,,,,,368511.7072,5032412.508,45.42874407,-75.68577965,11215
15--6503,2015/05/19,10:25 AM,CUMBERLAND ST @ WILBROD ST/SERAPHIN MARION PRI (0007116),7116,03 - At intersection,03 - P.D. only,05 - Turning movement,01 - Clear,01 - Daylight,01 - Dry,02 - Stop sign,01 - Functioning,2,0,0,0,,0,,,,,368533.2703,5032050.944,45.42548888,-75.68555089,11216
15--6504,2015/05/19,10:30 AM,ROGER GUINDON AVE @ SMYTH RD (0006971),6971,02 - Intersection related,03 - P.D. only,03 - Rear end,01 - Clear,01 - Daylight,01 - Dry,01 - Traffic signal,01 - Functioning,3,0,0,0,,0,,,,,371933.3868,5029227.534,45.39976701,-75.64249005,11217
15--6505,2015/05/19,12:20 PM,LANDOVER CRES btwn SAWYER WAY & SAWYER WAY (__3ZAZLN),__3ZAZLN,04 - At/near private drive,03 - P.D. only,06 - SMV unattended vehicle,01 - Clear,01 - Daylight,01 - Dry,10 - No control,,1,0,0,0,,0,,,,,356687.9862,5015976.957,45.28183312,-75.83859772,11218
15--705,2015/01/12,5:23 PM,FISHER AVE btwn TRENT ST & 220 S OF TRENT ST (__3ZA30SA),__3ZA30SA,01 - Non intersection,03 - P.D. only,04 - Sideswipe,03 - Snow,05 - Dusk,03 - Loose snow,10 - No control,,2,0,0,0,,0,,,,,365823.1327,5026847.353,45.37890992,-75.72082441,11219
15--6959,2015/05/30,10:03 AM,FORESTGLEN CRES btwn FOREST VALLEY DR & FOREST VALLEY DR (__3ZA6CD),__3ZA6CD,04 - At/near private drive,03 - P.D. only,06 - SMV unattended vehicle,01 - Clear,01 - Daylight,01 - Dry,10 - No control,,1,0,0,0,,0,,,,,379588.5751,5035687.768,45.45711575,-75.54374053,11220
15--6509,2015/05/19,2:31 PM,PRINCE ALBERT ST btwn VERA ST & QUILL ST (__3ZA8HP),__3ZA8HP,01 - Non intersection,03 - P.D. only,07 - SMV other,01 - Clear,01 - Daylight,01 - Dry,10 - No control,,1,0,0,0,,0,,,,,370639.4805,5031916.533,45.42408443,-75.65865642,11221
15--7050,2015/06/02,1:28 PM,COLONNADE RD @ COLONNADE RD E (0004588),4588,03 - At intersection,03 - P.D. only,03 - Rear end,01 - Clear,01 - Daylight,01 - Dry,01 - Traffic signal,01 - Functioning,2,0,0,0,,0,,,,,367231.3,5023196.37,45.34593511,-75.70330714,11222
15--6869,2015/05/28,1:30 PM,TRENTON AVE @ MERIVALE RD (0002734),2734,02 - Intersection related,03 - P.D. only,04 - Sideswipe,01 - Clear,01 - Daylight,01 - Dry,02 - Stop sign,00 - Unknown,2,0,0,0,,0,,,,,364887.6591,5026361.718,45.37462112,-75.73282703,11223
15--714,2015/01/12,6:45 AM,CATHERINE ST @ KENT ST (0002707),2707,02 - Intersection related,03 - P.D. only,04 - Sideswipe,03 - Snow,07 - Dark,03 - Loose snow,01 - Traffic signal,01 - Functioning,2,0,0,0,,0,,,,,367908.6714,5030188.082,45.40878409,-75.69377043,11224
15--6329,2015/05/13,2:15 PM,MEADOWLANDS DR @ MERIVALE RD (0000625),625,02 - Intersection related,03 - P.D. only,04 - Sideswipe,01 - Clear,01 - Daylight,01 - Dry,01 - Traffic signal,01 - Functioning,2,0,0,0,,0,,,,,364857.9792,5023724.429,45.35089375,-75.73352645,11225
15--696,2015/01/12,3:11 PM,TERON RD btwn CHISHOLM CRT & BEAVERBROOK LANE (__3ZABBR),__3ZABBR,01 - Non intersection,03 - P.D. only,03 - Rear end,01 - Clear,01 - Daylight,04 - Slush,10 - No control,,2,0,0,0,,0,,,,,351764.14,5021340.235,45.33043943,-75.90084885,11226
15--6779,2015/05/26,1:51 PM,BANK ST btwn CAHILL DR & TURN LANE (2) (__5AFHMD),__5AFHMD,04 - At/near private drive,03 - P.D. only,02 - Angle,01 - Clear,01 - Daylight,01 - Dry,10 - No control,,2,0,0,0,,0,,,,,371393.6014,5024246.506,45.35500108,-75.65005582,11227
15--651,2015/01/10,9:17 AM,KILBORN AVE btwn PROSPECT AVE & FEATHERSTON DR (__3ZA88L),__3ZA88L,01 - Non intersection,03 - P.D. only,06 - SMV unattended vehicle,01 - Clear,01 - Daylight,03 - Loose snow,10 - No control,,1,0,0,0,,0,,,,,371015.0669,5027821.054,45.38719949,-75.65440742,11228
15--633,2015/01/10,2:10 AM,EAGLESON RD btwn MICHAEL COWPLAND DR/STONEHAVEN DR & 240 N OF CADENCE  (__3ZA41IA),__3ZA41IA,01 - Non intersection,03 - P.D. only,07 - SMV other,01 - Clear,07 - Dark,05 - Packed snow,10 - No control,,1,0,0,0,,0,,,,,354419.6799,5016530.44,45.28697725,-75.86745406,11229
15--7051,2015/06/02,11:00 AM,HWY 417 WOODROFF IC127R63 @ WOODROFFE AVE (0006462),6462,03 - At intersection,03 - P.D. only,04 - Sideswipe,01 - Clear,01 - Daylight,01 - Dry,10 - No control,,2,0,0,0,,0,,,,,362108.6329,5024872.13,45.36145074,-75.76847824,11230
15--687,2015/01/12,Unknown,O'CONNOR ST btwn ALBERT ST & SLATER ST (__3ZA35Q),__3ZA35Q,01 - Non intersection,03 - P.D. only,06 - SMV unattended vehicle,01 - Clear,00 - Unknown,01 - Dry,10 - No control,,1,0,0,0,,0,,,,,367545.0352,5031507.084,45.42068475,-75.69824759,11231
15--7140,2015/06/04,3:22 PM,CEDARVIEW RD btwn CAMBRIAN RD & BARNSDALE RD (__3ZA1T5),__3ZA1T5,01 - Non intersection,03 - P.D. only,07 - SMV other,01 - Clear,01 - Daylight,01 - Dry,10 - No control,,1,0,0,0,,0,,,,,364025.9236,5010059.7,45.22800948,-75.7457758,11232
15--6960,2015/05/30,10:17 PM,COVENTRY RD btwn ST. LAURENT SC WEST & ST. LAURENT SC EAST (__3ZA2CAB),__3ZA2CAB,01 - Non intersection,03 - P.D. only,07 - SMV other,02 - Rain,07 - Dark,02 - Wet,10 - No control,,1,0,0,0,,0,,,,,372004.8351,5031934,45.42411175,-75.64120851,11233
15--678,2015/01/11,9:50 AM,HIGHWAY 417 btwn HWY417 IC115 RAMP51 & HWY417 IC115 RAMP35 (__3ZAZEB),__3ZAZEB,01 - Non intersection,03 - P.D. only,07 - SMV other,01 - Clear,01 - Daylight,01 - Dry,10 - No control,,1,0,0,0,,0,,,,,372189.4391,5031469.914,45.41991836,-75.63891326,11234
15--6510,2015/05/19,2:56 PM,SUSSEX DR btwn BOTELER ST & LADY GREY DR (__3ZA3UB),__3ZA3UB,01 - Non intersection,02 - Non-fatal injury,03 - Rear end,01 - Clear,01 - Daylight,01 - Dry,10 - No control,,2,0,0,0,01 - Minimal,1,1,,,,367457.0773,5032982.602,45.43396886,-75.69918369,11235
15--6330,2015/05/13,2:43 PM,INDUSTRIAL AVE @ RIVERSIDE DR (0011905),11905,02 - Intersection related,03 - P.D. only,04 - Sideswipe,01 - Clear,01 - Daylight,01 - Dry,01 - Traffic signal,01 - Functioning,2,0,0,0,,0,,,,,370685.6825,5030592.071,45.41216311,-75.65824317,11236
15--7052,2015/06/02,Unknown,SWEETFLAG ST btwn CORALROOT AVE & TWAYBLADE AVE (e___1GA6),e___1GA6,01 - Non intersection,03 - P.D. only,06 - SMV unattended vehicle,01 - Clear,00 - Unknown,01 - Dry,10 - No control,,1,0,0,0,,0,,,,,365088.432,5016808.645,45.28864638,-75.73142743,11237
15--6870,2015/05/28,10:11 AM,PLEASANT PARK RD @ ALTA VISTA DR (0008005),8005,02 - Intersection related,03 - P.D. only,03 - Rear end,02 - Rain,01 - Daylight,02 - Wet,01 - Traffic signal,01 - Functioning,2,0,0,0,,0,,,,,370364.2022,5028468.816,45.39308905,-75.66263226,11238
15--7053,2015/06/02,2:07 PM,BAY ST btwn SPARKS ST & QUEEN ST (__3ZA0XT),__3ZA0XT,01 - Non intersection,03 - P.D. only,04 - Sideswipe,01 - Clear,01 - Daylight,01 - Dry,10 - No control,,2,0,0,0,,0,,,,,366874.7165,5031251.121,45.41844147,-75.7068443,11239
15--7141,2015/06/04,3:30 PM,RIDGEFIELD CRES @ STINSON AVE (0000894),894,02 - Intersection related,03 - P.D. only,02 - Angle,02 - Rain,01 - Daylight,02 - Wet,02 - Stop sign,01 - Functioning,2,0,0,0,,0,,,,,357969.7797,5020701.994,45.32425377,-75.82175339,11240
15--6961,2015/05/30,10:40 AM,CANDLEWOOD ST btwn BOISFRANC CIRC & CHERINGTON CRES (__45I7DO),__45I7DO,04 - At/near private drive,02 - Non-fatal injury,99 - Other,01 - Clear,01 - Daylight,01 - Dry,10 - No control,,2,0,0,0,01 - Minimal,1,1,,,,385647.1977,5035517.993,45.45491354,-75.46631408,11241
15--6511,2015/05/19,2:57 PM,GREENBANK RD @ BERRIGAN DR/WESSEX RD (0004726),4726,02 - Intersection related,03 - P.D. only,04 - Sideswipe,01 - Clear,01 - Daylight,01 - Dry,01 - Traffic signal,01 - Functioning,2,0,0,0,,0,,,,,363722.961,5015276.064,45.27497202,-75.74901526,11242
15--6780,2015/05/26,10:17 PM,PRINCE OF WALES DR @ WEST HUNT CLUB RD (0000567),567,02 - Intersection related,03 - P.D. only,03 - Rear end,01 - Clear,07 - Dark,01 - Dry,01 - Traffic signal,01 - Functioning,5,0,0,0,,0,,,,,367457.9896,5021891.143,45.33417071,-75.70057991,11243
15--6331,2015/05/13,3:06 PM,PAMILLA ST @ PRESTON ST (0006134),6134,02 - Intersection related,03 - P.D. only,05 - Turning movement,01 - Clear,01 - Daylight,01 - Dry,01 - Traffic signal,00 - Unknown,2,0,0,0,,0,,,,,366749.6671,5029118.152,45.3992607,-75.70870999,11244
15--6871,2015/05/28,10:12 AM,BREWER RD @ BRONSON AVE (0002240),2240,02 - Intersection related,03 - P.D. only,03 - Rear end,02 - Rain,01 - Daylight,02 - Wet,01 - Traffic signal,01 - Functioning,2,0,0,0,,0,,,,,368110.1739,5027766.436,45.38697665,-75.69150726,11245
15--7054,2015/06/02,2:17 PM,OTTAWA RIVER PKWY btwn VIMY PLACE PRIV & BOOTH ST (__5VHJ2QB),__5VHJ2QB,01 - Non intersection,03 - P.D. only,04 - Sideswipe,01 - Clear,01 - Daylight,01 - Dry,10 - No control,,2,0,0,0,,0,,,,,366194.0694,5030955.934,45.41584552,-75.71557718,11246
15--7142,2015/06/04,3:50 PM,BASELINE RD @ GREENBANK RD (0002357),2357,02 - Intersection related,03 - P.D. only,03 - Rear end,01 - Clear,01 - Daylight,01 - Dry,01 - Traffic signal,01 - Functioning,2,0,0,0,,0,,,,,360596.9636,5022584.14,45.34098541,-75.78803075,11247
15--7143,2015/06/04,4:18 PM,CARLING AVE @ SCRIVENS ST (0002720),2720,02 - Intersection related,03 - P.D. only,03 - Rear end,01 - Clear,01 - Daylight,01 - Dry,01 - Traffic signal,01 - Functioning,3,0,0,0,,0,,,,,359424.3887,5024258.151,45.35614046,-75.80280678,11248
15--7144,2015/06/04,4:30 PM,CUMMINGS AVE @ MONTREAL RD (0007748),7748,02 - Intersection related,03 - P.D. only,03 - Rear end,01 - Clear,01 - Daylight,01 - Dry,01 - Traffic signal,01 - Functioning,2,0,0,0,,0,,,,,372007.7077,5034039.505,45.44305581,-75.6408844,11249
15--7145,2015/06/04,4:35 PM,HIGHWAY 417 btwn HWY417 IC119A RAMP75 & HWY417 IC118 RAMP57 (__3ZA2R2),__3ZA2R2,01 - Non intersection,03 - P.D. only,03 - Rear end,01 - Clear,01 - Daylight,01 - Dry,10 - No control,,3,0,0,0,,0,,,,,369045.3994,5030761.034,45.41383589,-75.67917525,11250
15--7146,2015/06/04,4:46 PM,WEST HUNT CLUB RD @ ROYDON PL/SUNDERLAND ST (0009775),9775,02 - Intersection related,03 - P.D. only,03 - Rear end,01 - Clear,01 - Daylight,01 - Dry,01 - Traffic signal,01 - Functioning,2,0,0,0,,0,,,,,365973.7076,5022169.13,45.33680297,-75.71948093,11251
15--7147,2015/06/04,5:01 AM,LEES AVE @ ROBINSON AVE W (0012006),12006,02 - Intersection related,03 - P.D. only,07 - SMV other,01 - Clear,03 - Dawn,01 - Dry,02 - Stop sign,00 - Unknown,1,0,0,0,,0,,,,,369576.5157,5031233.606,45.41803895,-75.67232809,11252
15--7148,2015/06/04,5:15 PM,CARP RD @ HWY 417 CARP IC144R62 (0001687),1687,02 - Intersection related,03 - P.D. only,04 - Sideswipe,01 - Clear,01 - Daylight,01 - Dry,10 - No control,,2,0,0,0,,0,,,,,347176.5279,5016065.106,45.28326404,-75.95982419,11253
15--7149,2015/06/04,5:30 PM,JOCKVALE RD @ EXETER DR/TARTAN DR (0010065),10065,03 - At intersection,03 - P.D. only,03 - Rear end,01 - Clear,01 - Daylight,01 - Dry,11 - Roundabout,00 - Unknown,2,0,0,0,,0,,,,,363324.4002,5014773.056,45.27047922,-75.75415385,11254
15--715,2015/01/12,7:00 PM,AVE. DU PERE CHARLEBOIS AVE btwn AVE. MONSEIGNEUR LEMIEUX AVE & AVE. V (__3ZA2J2),__3ZA2J2,04 - At/near private drive,03 - P.D. only,06 - SMV unattended vehicle,03 - Snow,07 - Dark,04 - Slush,10 - No control,,1,0,0,0,,0,,,,,371192.0754,5032246.331,45.42699958,-75.65155129,11255
15--7150,2015/06/04,6:06 PM,BANK ST @ RIVERSIDE DR N (0010778),10778,02 - Intersection related,03 - P.D. only,03 - Rear end,01 - Clear,01 - Daylight,01 - Dry,01 - Traffic signal,01 - Functioning,2,0,0,0,,0,,,,,369225.7159,5027981.744,45.3888122,-75.67723476,11256
15--7151,2015/06/04,6:10 PM,FALLOWFIELD RD @ WOODROFFE AVE (0010372),10372,03 - At intersection,03 - P.D. only,03 - Rear end,01 - Clear,01 - Daylight,01 - Dry,01 - Traffic signal,01 - Functioning,3,0,0,0,,0,,,,,365083.7086,5017902.83,45.29849221,-75.73135465,11257
15--7152,2015/06/04,6:11 AM,FISHER AVE btwn 220 S OF TRENT ST & MCCOOEY LANE (__3ZA30SB),__3ZA30SB,01 - Non intersection,03 - P.D. only,07 - SMV other,01 - Clear,01 - Daylight,01 - Dry,10 - No control,,1,0,0,0,,0,,,,,365989.8745,5026448.332,45.37530507,-75.718745,11258
15--7153,2015/06/04,7:16 PM,LAURIER AVE @ QUEEN ELIZABETH DRWY/LAURIER AVE (0011416),11416,02 - Intersection related,03 - P.D. only,03 - Rear end,01 - Clear,01 - Daylight,01 - Dry,01 - Traffic signal,01 - Functioning,2,0,0,0,,0,,,,,368075.783,5031624.163,45.42169038,-75.69145137,11259
15--7154,2015/06/04,7:41 AM,MORIN RD @ REGIONAL RD 174 (0012879),12879,03 - At intersection,03 - P.D. only,03 - Rear end,01 - Clear,01 - Daylight,01 - Dry,02 - Stop sign,00 - Unknown,2,0,0,0,,0,,,,,392040.5105,5042781.2,45.51948985,-75.38329572,11260
15--7155,2015/06/04,7:47 AM,BLAIR RD @ INNES RD (0004165),4165,02 - Intersection related,03 - P.D. only,03 - Rear end,01 - Clear,01 - Daylight,01 - Dry,01 - Traffic signal,01 - Functioning,2,0,0,0,,0,,,,,375578.7349,5031439.195,45.4193073,-75.59561533,11261
15--7156,2015/06/04,8:07 PM,MONTREAL RD @ BATHGATE DR/BURMA RD (0007650),7650,03 - At intersection,02 - Non-fatal injury,05 - Turning movement,01 - Clear,01 - Daylight,01 - Dry,01 - Traffic signal,01 - Functioning,2,0,0,0,01 - Minimal,1,1,,,,373224.0017,5034516.953,45.44723365,-75.62527194,11262
15--7157,2015/06/04,8:19 AM,EAGLESON RD @ MICHAEL COWPLAND DR/STONEHAVEN D (0003544),3544,02 - Intersection related,03 - P.D. only,03 - Rear end,01 - Clear,01 - Daylight,01 - Dry,01 - Traffic signal,01 - Functioning,2,0,0,0,,0,,,,,354383.307,5016623.301,45.28781541,-75.86790843,11263
15--7158,2015/06/04,8:30 AM,MACDONALD-CARTIER BR btwn RAMP & END (2) (__3ZA3UC),__3ZA3UC,07 - Overpass or bridge,03 - P.D. only,03 - Rear end,01 - Clear,01 - Daylight,01 - Dry,10 - No control,,2,0,0,0,,0,,,,,367433.9386,5033207.797,45.43599716,-75.69945074,11264
15--7159,2015/06/04,8:40 AM,SMYTH RD @ SMYTH RD NORTH SIDE RAMP/SMYTH RD S (0006582),6582,02 - Intersection related,03 - P.D. only,03 - Rear end,01 - Clear,01 - Daylight,01 - Dry,03 - Yield sign,01 - Functioning,2,0,0,0,,0,,,,,369918.1065,5029122.511,45.39901239,-75.66824277,11265
15--716,2015/01/12,7:01 AM,GOLDRIDGE DR @ BLACKDOME CRES E (0003198),3198,02 - Intersection related,03 - P.D. only,01 - Approaching,03 - Snow,03 - Dawn,03 - Loose snow,02 - Stop sign,01 - Functioning,2,0,0,0,,0,,,,,350268.0954,5020014.467,45.31860836,-75.92005558,11266
15--7160,2015/06/04,8:52 AM,CARP RD @ WESTBROOK RD (0001681),1681,03 - At intersection,02 - Non-fatal injury,05 - Turning movement,01 - Clear,01 - Daylight,01 - Dry,01 - Traffic signal,01 - Functioning,2,0,0,0,02 - Minor,1,,1,,,347736.8444,5015442.801,45.27763031,-75.95273597,11267
15--7161,2015/06/04,8:53 AM,CARLING AVE @ HOLLAND AVE (0002146),2146,02 - Intersection related,03 - P.D. only,05 - Turning movement,01 - Clear,01 - Daylight,01 - Dry,01 - Traffic signal,01 - Functioning,2,0,0,0,,0,,,,,365416.6987,5028039.814,45.38967473,-75.72586706,11268
15--7162,2015/06/04,9:00 AM,HAZELDEAN RD @ HUNTMAR DR/IBER RD (0000075),75,03 - At intersection,02 - Non-fatal injury,02 - Angle,01 - Clear,01 - Daylight,01 - Dry,01 - Traffic signal,01 - Functioning,2,0,0,0,03 - Major,2,,1,1,,350942.5979,5016079.072,45.28315259,-75.91181904,11269
15--7163,2015/06/04,9:20 PM,HAWTHORNE RD @ HUNT CLUB RD (0007651),7651,02 - Intersection related,03 - P.D. only,04 - Sideswipe,01 - Clear,07 - Dark,01 - Dry,01 - Traffic signal,01 - Functioning,2,0,0,0,,0,,,,,375506.786,5026407.011,45.3740376,-75.59725583,11270
15--7164,2015/06/04,9:41 AM,400 E OF TRAINYARDS DR @ INDUSTRIAL AVE (0014364),14364,03 - At intersection,03 - P.D. only,07 - SMV other,01 - Clear,01 - Daylight,01 - Dry,01 - Traffic signal,01 - Functioning,1,0,0,0,,0,,,,,372091.6332,5030434.623,45.41061269,-75.64030422,11271
15--7165,2015/06/04,9:56 AM,HAWTHORNE RD/RUSSELL RD @ WALKLEY RD (0002618),2618,03 - At intersection,03 - P.D. only,02 - Angle,01 - Clear,01 - Daylight,01 - Dry,01 - Traffic signal,01 - Functioning,2,0,0,0,,0,,,,,374675.4646,5028498.46,45.39293886,-75.60757232,11272
15--7166,2015/06/05,1:03 PM,COSBURN AVE btwn GLENDENNING DR & RIVERBROOK RD (__3ZABO4),__3ZABO4,04 - At/near private drive,03 - P.D. only,06 - SMV unattended vehicle,01 - Clear,01 - Daylight,01 - Dry,10 - No control,,1,0,0,0,,0,,,,,360513.6683,5020365.099,45.32102508,-75.78934328,11273