Anom_ID,Accident_Date,Accident_Time,Location,Geo_ID,Accident_Location,Classification_of_Accident,Initial_Impact_Type,Environment_Condition,Light,Road_Surface_Condition,Traffic_Control,Traffic_Control_Condition,No__of_Vehicles,No__of_Bicycles,No__of_Motorcycles,No__of_Pedestrians,Max_Injury,No__of_Injuries,No__of_Minimal,No__of_Minor,No__of_Major,No__of_Fatal,X,Y,Latitude,Longitude,ObjectId
15--7167,2015/06/05,1:15 PM,HIGHWAY 417 btwn HWY417 IC119A RAMP75 & HWY417 IC118 RAMP57 (__3ZA2R2),__3ZA2R2,01 - Non intersection,03 - P.D. only,04 - Sideswipe,01 - Clear,01 - Daylight,01 - Dry,10 - No control,,2,0,0,0,,0,,,,,368941.4283,5030691.72,45.41322176,-75.68051251,11274
15--7168,2015/06/05,1:27 PM,CARLING AVE @ HARE AVE (0002141),2141,02 - Intersection related,03 - P.D. only,04 - Sideswipe,01 - Clear,01 - Daylight,01 - Dry,02 - Stop sign,00 - Unknown,2,0,0,0,,0,,,,,362379.9697,5026133.893,45.37278173,-75.76486797,11275
15--7169,2015/06/05,1:29 PM,BRIDGESTONE DR btwn SUNNYBROOKE DR & GRANITE CRT (__3ZA1CL),__3ZA1CL,04 - At/near private drive,03 - P.D. only,02 - Angle,01 - Clear,01 - Daylight,01 - Dry,10 - No control,,2,0,0,0,,0,,,,,355253.1674,5015603.121,45.27857371,-75.8569238,11276
15--717,2015/01/12,7:02 PM,HIGHWAY 417 btwn HWY417 IC118 RAMP76 & HWY417 IC118 RAMP67 (__3ZA2YR),__3ZA2YR,01 - Non intersection,03 - P.D. only,99 - Other,01 - Clear,07 - Dark,03 - Loose snow,10 - No control,,2,0,0,0,,0,,,,,369439.9085,5031046.164,45.41636505,-75.67409797,11277
15--7170,2015/06/05,1:42 PM,HAWKESWOOD DR btwn BRIAN GOOD AVE & NIGHTFALL ST (__86L617),__86L617,01 - Non intersection,03 - P.D. only,06 - SMV unattended vehicle,01 - Clear,01 - Daylight,01 - Dry,10 - No control,,1,0,0,0,,0,,,,,368201.343,5014526.63,45.26783914,-75.69203858,11278
15--7171,2015/06/05,1:48 PM,HERON RD EB btwn RIVERSIDE DR & BRONSON AVE RAMP 35 (__5FD4WD),__5FD4WD,01 - Non intersection,02 - Non-fatal injury,03 - Rear end,01 - Clear,01 - Daylight,01 - Dry,10 - No control,,2,0,0,0,02 - Minor,1,,1,,,368425.9698,5026667.762,45.37706248,-75.68761644,11279
15--7172,2015/06/05,10:08 PM,STAGECOACH RD btwn FOREST RD & CABIN RD (__3ZA2C3),__3ZA2C3,01 - Non intersection,03 - P.D. only,07 - SMV other,01 - Clear,07 - Dark,01 - Dry,10 - No control,,1,0,0,0,,0,,,,,378133.7223,5003810.641,45.17045459,-75.56705828,11280
15--7173,2015/06/05,10:13 AM,MERKLEY DR btwn MATHIEU WAY & CARRIGAN DR (__3ZA696),__3ZA696,04 - At/near private drive,02 - Non-fatal injury,07 - SMV other,01 - Clear,01 - Daylight,01 - Dry,10 - No control,,1,1,0,0,01 - Minimal,1,1,,,,384530.7548,5037713.542,45.47479531,-75.48023013,11281
15--7174,2015/06/05,10:27 PM,MONTREAL RD btwn CYR AVE & HANNAH ST (__3ZA3LT),__3ZA3LT,01 - Non intersection,03 - P.D. only,04 - Sideswipe,01 - Clear,07 - Dark,01 - Dry,10 - No control,,2,0,0,0,,0,,,,,370235.6559,5033159.973,45.43531028,-75.66365099,11282
15--7175,2015/06/05,10:50 AM,INNES RD @ 298 E OF WILDFLOWER DR/LOBLAWS SC (0012918),12918,02 - Intersection related,03 - P.D. only,03 - Rear end,01 - Clear,01 - Daylight,01 - Dry,01 - Traffic signal,01 - Functioning,2,0,0,0,,0,,,,,383191.4775,5035795.481,45.45768994,-75.49766297,11283
15--7176,2015/06/05,11:25 AM,PRINCE OF WALES DR btwn BLAZER AVE & DEAKIN ST (__3ZA29V),__3ZA29V,01 - Non intersection,02 - Non-fatal injury,03 - Rear end,01 - Clear,01 - Daylight,01 - Dry,10 - No control,,2,0,0,0,01 - Minimal,1,1,,,,367352.7111,5021130.632,45.32733716,-75.70201907,11284
15--7177,2015/06/05,11:31 AM,BANK ST btwn QUEENSDALE AVE & LESTER RD (__3ZA2LF),__3ZA2LF,04 - At/near private drive,03 - P.D. only,02 - Angle,01 - Clear,01 - Daylight,01 - Dry,10 - No control,,2,0,0,0,,0,,,,,373362.6889,5023419.207,45.34736759,-75.62504167,11285
15--7178,2015/06/05,11:40 PM,DUMAURIER AVE btwn RAMSEY CRES & WATSON ST (__3ZAA4R),__3ZAA4R,04 - At/near private drive,03 - P.D. only,07 - SMV other,01 - Clear,07 - Dark,01 - Dry,10 - No control,,1,0,0,0,,0,,,,,360180.0164,5023659.815,45.35069737,-75.79323015,11286
15--7179,2015/06/05,11:50 AM,ST. JOSEPH BLVD @ JEANNE D'ARC BLVD (0012421),12421,03 - At intersection,03 - P.D. only,04 - Sideswipe,01 - Clear,01 - Daylight,01 - Dry,11 - Roundabout,01 - Functioning,2,0,0,0,,0,,,,,379860.7425,5036471.099,45.46413438,-75.54014145,11287
15--718,2015/01/12,7:03 AM,BOOTH ST @ GLADSTONE AVE (0002211),2211,03 - At intersection,03 - P.D. only,05 - Turning movement,03 - Snow,03 - Dawn,03 - Loose snow,01 - Traffic signal,01 - Functioning,2,0,0,0,,0,,,,,366769.6693,5029849.116,45.40583594,-75.70836267,11288
15--7180,2015/06/05,11:53 AM,SPRATT RD btwn SHORELINE DR & SHORELINE DR (__3ZAZTT),__3ZAZTT,01 - Non intersection,03 - P.D. only,06 - SMV unattended vehicle,01 - Clear,01 - Daylight,01 - Dry,10 - No control,,1,0,0,0,,0,,,,,368403.2075,5015376.829,45.27547091,-75.68935746,11289
15--7181,2015/06/05,Unknown,DOUGLAS AVE btwn PUTMAN AVE & BEECHWOOD AVE (__3ZA8XA),__3ZA8XA,01 - Non intersection,03 - P.D. only,06 - SMV unattended vehicle,01 - Clear,00 - Unknown,01 - Dry,10 - No control,,1,0,0,0,,0,,,,,369280.9751,5033831.912,45.44144481,-75.6757637,11290
15--7182,2015/06/05,12:05 PM,ELGIN ST btwn FRANK ST & GLADSTONE AVE (__3ZA3RL),__3ZA3RL,01 - Non intersection,03 - P.D. only,06 - SMV unattended vehicle,01 - Clear,01 - Daylight,01 - Dry,10 - No control,,1,0,0,0,,0,,,,,368362.7653,5030879.186,45.41496132,-75.68788073,11291
15--7183,2015/06/05,12:43 PM,CASTLEFRANK RD @ HAZELDEAN RD (0003608),3608,03 - At intersection,03 - P.D. only,05 - Turning movement,01 - Clear,01 - Daylight,01 - Dry,01 - Traffic signal,01 - Functioning,3,0,0,0,,0,,,,,352677.8781,5017676.009,45.29740618,-75.88954648,11292
15--7184,2015/06/05,12:45 PM,HIGHWAY 417 btwn HWY417 IC118 RAMP57 & HWY417 IC118 RAMP35 (__3ZA2YQ),__3ZA2YQ,01 - Non intersection,03 - P.D. only,03 - Rear end,01 - Clear,01 - Daylight,01 - Dry,10 - No control,,4,0,0,0,,0,,,,,369114.7135,5030806.522,45.41423881,-75.67828382,11293
15--7185,2015/06/05,12:50 PM,CYRVILLE RD btwn STAR TOP RD & MEADOWBROOK RD (__3ZA3SN),__3ZA3SN,04 - At/near private drive,03 - P.D. only,02 - Angle,01 - Clear,01 - Daylight,01 - Dry,10 - No control,,2,0,0,0,,0,,,,,374603.1891,5031251.984,45.41772088,-75.60810549,11294
15--7186,2015/06/05,2:18 PM,ALBION RD @ BANK ST (0012409),12409,02 - Intersection related,03 - P.D. only,03 - Rear end,01 - Clear,01 - Daylight,01 - Dry,01 - Traffic signal,01 - Functioning,2,0,0,0,,0,,,,,371947.4486,5024127.698,45.35387927,-75.64300391,11295
15--7187,2015/06/05,2:24 PM,HIGHWAY 417 btwn HWY417 IC140 RAMP36 & HWY417 IC140 RAMP16 (__3ZA20N),__3ZA20N,01 - Non intersection,03 - P.D. only,04 - Sideswipe,01 - Clear,01 - Daylight,01 - Dry,10 - No control,,2,0,0,0,,0,,,,,350883.4364,5018565.891,45.30553358,-75.91234206,11296
15--7188,2015/06/05,2:38 PM,BANK ST @ KILBORN AVE/BELANGER AVE (0007208),7208,02 - Intersection related,03 - P.D. only,03 - Rear end,01 - Clear,01 - Daylight,01 - Dry,01 - Traffic signal,01 - Functioning,2,0,0,0,,0,,,,,369653.9061,5027427.731,45.38378785,-75.67183981,11297
15--7189,2015/06/05,3:08 AM,CAMPEAU DR btwn CONACHER GT & KNUDSON DR (__30QIX1),__30QIX1,01 - Non intersection,03 - P.D. only,07 - SMV other,01 - Clear,07 - Dark,01 - Dry,10 - No control,,1,0,0,0,,0,,,,,351592.7885,5019757.862,45.31621233,-75.9031843,11298
15--719,2015/01/12,7:07 PM,SLACK RD btwn VAAN DR & GRENFELL CRES (__3ZA6N7),__3ZA6N7,01 - Non intersection,03 - P.D. only,03 - Rear end,01 - Clear,07 - Dark,02 - Wet,10 - No control,,2,0,0,0,,0,,,,,365755.5727,5020817.481,45.32465999,-75.72243031,11299
15--7190,2015/06/05,3:33 PM,BANK ST @ ORVILLE KEMP ST (0009254),9254,02 - Intersection related,03 - P.D. only,07 - SMV other,01 - Clear,01 - Daylight,01 - Dry,02 - Stop sign,01 - Functioning,1,0,0,0,,0,,,,,375212.7488,5021967.14,45.33411921,-75.60164178,11300
15--7191,2015/06/05,3:40 PM,WOODROFFE AVE btwn GEORGINA DR & HWY417 IC127 RAMP36 (__3ZA4L6),__3ZA4L6,01 - Non intersection,03 - P.D. only,03 - Rear end,01 - Clear,01 - Daylight,01 - Dry,10 - No control,,2,0,0,0,,0,,,,,361929.8668,5025324.033,45.36553152,-75.77070769,11301
15--7192,2015/06/05,4:10 AM,WHYTE SIDE RD btwn HAWTHORNE RD & RAMSAYVILLE RD (__3ZA6GI),__3ZA6GI,01 - Non intersection,03 - P.D. only,07 - SMV other,01 - Clear,07 - Dark,01 - Dry,10 - No control,,1,0,0,0,,0,,,,,377911.4804,5025557.69,45.36614912,-75.56668378,11302
15--7193,2015/06/05,4:17 PM,FERNBANK RD btwn LUCAS LANE & JINKINSON RD (__3ZAC5A),__3ZAC5A,01 - Non intersection,03 - P.D. only,07 - SMV other,02 - Rain,01 - Daylight,02 - Wet,10 - No control,,1,0,0,0,,0,,,,,345888.3185,5007655.273,45.20766496,-75.97693932,11303
15--7194,2015/06/05,4:20 PM,MONTREAL RD @ OLMSTEAD ST (0009345),9345,03 - At intersection,03 - P.D. only,02 - Angle,02 - Rain,01 - Daylight,02 - Wet,01 - Traffic signal,01 - Functioning,2,0,0,0,,0,,,,,370332.5331,5033214.217,45.43578927,-75.66240569,11304
15--7195,2015/06/05,4:49 PM,BLAIR RD @ REGIONAL RD 174 S/OR174 IC112 RAMP15 (0012435),12435,02 - Intersection related,02 - Non-fatal injury,03 - Rear end,02 - Rain,01 - Daylight,02 - Wet,01 - Traffic signal,01 - Functioning,2,0,0,0,02 - Minor,4,2,2,,,374908.6757,5032662.135,45.4303781,-75.60400198,11305
15--7196,2015/06/05,5:00 PM,LEVIS AVE btwn ALTHA AVE & LACASSE AVE (__3ZA8TY),__3ZA8TY,01 - Non intersection,03 - P.D. only,06 - SMV unattended vehicle,01 - Clear,01 - Daylight,01 - Dry,10 - No control,,1,0,0,0,,0,,,,,370726.4781,5033215.706,45.43576564,-75.65737089,11306
15--7197,2015/06/05,5:09 PM,JOCKVALE RD @ EXETER DR/TARTAN DR (0010065),10065,02 - Intersection related,03 - P.D. only,03 - Rear end,02 - Rain,01 - Daylight,02 - Wet,11 - Roundabout,01 - Functioning,2,0,0,0,,0,,,,,363323.6795,5014773.776,45.27048576,-75.75416295,11307
15--7198,2015/06/05,5:23 PM,HWY 417 ST.LAURE IC115R51 @ ST. LAURENT BLVD (0002712),2712,02 - Intersection related,03 - P.D. only,03 - Rear end,01 - Clear,01 - Daylight,02 - Wet,01 - Traffic signal,01 - Functioning,2,0,0,0,,0,,,,,372530.743,5031411.244,45.41935751,-75.63456072,11308
15--7199,2015/06/05,5:34 PM,EAGLESON RD @ FALLOWFIELD RD (0000118),118,02 - Intersection related,03 - P.D. only,03 - Rear end,02 - Rain,01 - Daylight,02 - Wet,01 - Traffic signal,01 - Functioning,2,0,0,0,,0,,,,,355961.6341,5012593.325,45.25143969,-75.84820427,11309
15--72,2015/01/03,2:00 PM,EAGLESON RD @ FALLOWFIELD RD (0000118),118,02 - Intersection related,03 - P.D. only,05 - Turning movement,03 - Snow,01 - Daylight,03 - Loose snow,01 - Traffic signal,01 - Functioning,2,0,0,0,,0,,,,,355961.6341,5012594.888,45.25145375,-75.84820411,11310
15--720,2015/01/12,7:13 PM,ST. LAURENT BLVD @ MCARTHUR AVE (0008246),8246,03 - At intersection,02 - Non-fatal injury,05 - Turning movement,01 - Clear,07 - Dark,03 - Loose snow,01 - Traffic signal,01 - Functioning,2,0,0,0,02 - Minor,2,,2,,,371922.6829,5032889.021,45.43271248,-75.64212803,11311
15--7200,2015/06/05,5:45 PM,ROCKCLIFFE WAY @ SPRINGFIELD RD (0007931),7931,03 - At intersection,02 - Non-fatal injury,02 - Angle,02 - Rain,01 - Daylight,02 - Wet,02 - Stop sign,01 - Functioning,2,1,0,0,02 - Minor,1,,1,,,369108.095,5034345.325,45.44608021,-75.67790623,11312
15--7201,2015/06/05,5:51 PM,COLONEL BY DR btwn ROSEDALE AVE & ECHO DR (__3ZA21I),__3ZA21I,01 - Non intersection,03 - P.D. only,07 - SMV other,02 - Rain,01 - Daylight,02 - Wet,10 - No control,,1,0,0,0,,0,,,,,368314.6322,5028653.282,45.39493771,-75.68878237,11313
15--7202,2015/06/05,6:09 AM,ST. LAURENT BLVD btwn TREMBLAY RD & SHORE ST (__3ZA2GT),__3ZA2GT,01 - Non intersection,02 - Non-fatal injury,03 - Rear end,01 - Clear,01 - Daylight,01 - Dry,10 - No control,,2,0,0,0,02 - Minor,1,,1,,,372706.8102,5030958.502,45.41526689,-75.63237365,11314
15--7203,2015/06/05,6:15 PM,HIGHWAY 417 btwn HWY417 IC126 RAMP16 & HWY417 IC126 RAMP61 (__3ZA2RC),__3ZA2RC,01 - Non intersection,03 - P.D. only,03 - Rear end,01 - Clear,01 - Daylight,01 - Dry,10 - No control,,2,0,0,0,,0,,,,,363123.5141,5025812.708,45.36983025,-75.75541375,11315
15--7204,2015/06/05,6:18 PM,BRONSON AVE @ LISGAR ST (0006356),6356,03 - At intersection,02 - Non-fatal injury,07 - SMV other,02 - Rain,01 - Daylight,02 - Wet,02 - Stop sign,01 - Functioning,1,0,1,0,02 - Minor,1,,1,,,366896.6945,5030639.766,45.41293873,-75.70664054,11316
15--7205,2015/06/05,6:28 AM,ST. LAURENT BLVD btwn TREMBLAY RD & SHORE ST (__3ZA2GT),__3ZA2GT,01 - Non intersection,03 - P.D. only,03 - Rear end,01 - Clear,01 - Daylight,01 - Dry,10 - No control,,2,0,0,0,,0,,,,,372799.4039,5030737.493,45.41326936,-75.63122124,11317
15--7206,2015/06/05,6:39 PM,GREENBANK RD @ STRANDHERD DR (0005563),5563,02 - Intersection related,03 - P.D. only,03 - Rear end,01 - Clear,01 - Daylight,01 - Dry,01 - Traffic signal,01 - Functioning,3,0,0,0,,0,,,,,363932.9632,5014783.336,45.27052081,-75.74639765,11318
15--7207,2015/06/05,7:35 AM,MOODIE DR btwn TRAIL RD & BARNSDALE RD (__3ZA4YE),__3ZA4YE,04 - At/near private drive,03 - P.D. only,99 - Other,01 - Clear,01 - Daylight,01 - Dry,10 - No control,,2,0,0,0,,0,,,,,361397.2464,5010123.747,45.22880193,-75.77924121,11319
15--7208,2015/06/05,7:41 AM,MCARTHUR AVE btwn VANIER PKWY & ENFIELD AVE (__3ZA3WV),__3ZA3WV,04 - At/near private drive,03 - P.D. only,04 - Sideswipe,01 - Clear,01 - Daylight,01 - Dry,10 - No control,,2,0,0,0,,0,,,,,370263.9734,5032696.438,45.43113694,-75.66335073,11320
15--7209,2015/06/05,7:42 PM,RICHMOND RD btwn BERKLEY AVE & ROOSEVELT AVE (__3ZA307),__3ZA307,01 - Non intersection,03 - P.D. only,03 - Rear end,01 - Clear,01 - Daylight,01 - Dry,10 - No control,,2,0,0,0,,0,,,,,362966.4413,5028109.987,45.39051392,-75.75714821,11321
15--721,2015/01/12,7:16 AM,KING EDWARD AVE @ RIDEAU ST (0002121),2121,02 - Intersection related,03 - P.D. only,03 - Rear end,03 - Snow,03 - Dawn,04 - Slush,01 - Traffic signal,01 - Functioning,2,0,0,0,,0,,,,,368510.7433,5032413.107,45.42874954,-75.68579189,11322
15--7210,2015/06/05,7:44 AM,REGIONAL ROAD 174 btwn TRANSIT & OR174 IC109 RAMP56 (__3ZAZ6U),__3ZAZ6U,01 - Non intersection,03 - P.D. only,07 - SMV other,01 - Clear,01 - Daylight,01 - Dry,10 - No control,,1,0,0,0,,0,,,,,375579.5033,5033441.825,45.43732573,-75.5953177,11323
15--7211,2015/06/05,8:28 PM,BRONSON PL @ COLONEL BY DR (0006903),6903,02 - Intersection related,03 - P.D. only,07 - SMV other,01 - Clear,05 - Dusk,01 - Dry,02 - Stop sign,00 - Unknown,1,0,0,0,,0,,,,,367811.2634,5028522.891,45.39380997,-75.69522747,11324
15--7212,2015/06/05,8:48 AM,CHRYSLER ST @ SECOND AVE (0007377),7377,02 - Intersection related,02 - Non-fatal injury,02 - Angle,01 - Clear,01 - Daylight,01 - Dry,02 - Stop sign,01 - Functioning,2,1,0,0,01 - Minimal,1,1,,,,367679.2641,5029257.635,45.40043285,-75.69681953,11325
15--7213,2015/06/05,9:19 AM,CARLING AVE WB btwn SHERBOURNE RD & BROADVIEW AVE (__3ZA4U0),__3ZA4U0,04 - At/near private drive,03 - P.D. only,02 - Angle,01 - Clear,01 - Daylight,01 - Dry,10 - No control,,2,0,0,0,,0,,,,,362990.3377,5026520.156,45.37620686,-75.75703046,11326
15--7214,2015/06/05,9:45 AM,HOLLAND AVE btwn BYRON AVE & TYNDALL ST (__3ZA4PS),__3ZA4PS,04 - At/near private drive,03 - P.D. only,07 - SMV other,01 - Clear,01 - Daylight,01 - Dry,10 - No control,,1,0,0,0,,0,,,,,365030.1602,5028921.727,45.39764334,-75.73069541,11327
15--7215,2015/06/06,10:00 PM,CRETE PL @ MCARTHUR AVE (0009807),9807,03 - At intersection,03 - P.D. only,05 - Turning movement,01 - Clear,07 - Dark,01 - Dry,02 - Stop sign,01 - Functioning,2,0,0,0,,0,,,,,370527.7118,5032725.829,45.43137665,-75.65997651,11328
15--7216,2015/06/06,10:15 AM,HIGHWAY 417 btwn HWY417 IC119B RAMP57 & HWY417 IC119A RAMP75 (__3ZA1QN),__3ZA1QN,01 - Non intersection,03 - P.D. only,07 - SMV other,01 - Clear,01 - Daylight,01 - Dry,10 - No control,,1,0,0,0,,0,,,,,368405.3467,5030414.879,45.41077977,-75.68739665,11329
15--7217,2015/06/06,10:21 AM,MONTREAL RD @ VANIER PKWY (0004630),4630,02 - Intersection related,03 - P.D. only,03 - Rear end,01 - Clear,01 - Daylight,01 - Dry,01 - Traffic signal,01 - Functioning,2,0,0,0,,0,,,,,370068.4456,5033066.264,45.43448275,-75.66580034,11330
15--7218,2015/06/06,10:28 AM,KINGSMERE AVE @ LENESTER AVE (0003065),3065,02 - Intersection related,03 - P.D. only,04 - Sideswipe,01 - Clear,01 - Daylight,01 - Dry,02 - Stop sign,01 - Functioning,2,0,0,0,,0,,,,,362413.9693,5025766.446,45.36947268,-75.76447679,11331
15--7219,2015/06/06,10:40 AM,ANDERSON RD @ RIDGE RD (0003631),3631,03 - At intersection,02 - Non-fatal injury,02 - Angle,01 - Clear,01 - Daylight,01 - Dry,02 - Stop sign,01 - Functioning,2,0,0,0,02 - Minor,1,,1,,,379030.2644,5028509.293,45.39258826,-75.55195998,11332
15--722,2015/01/12,7:18 AM,HIGHWAY 417 btwn HWY417 IC140 RAMP25 & HWY417 IC139 RAMP15 (__4BCLBK),__4BCLBK,01 - Non intersection,03 - P.D. only,03 - Rear end,03 - Snow,03 - Dawn,03 - Loose snow,10 - No control,,3,0,0,0,,0,,,,,351837.0955,5019308.859,45.31215577,-75.9001111,11333
15--7220,2015/06/06,10:43 AM,BRIGADE AVE @ STITTSVILLE MAIN ST (0000078),78,02 - Intersection related,03 - P.D. only,03 - Rear end,02 - Rain,01 - Daylight,02 - Wet,02 - Stop sign,00 - Unknown,2,0,0,0,,0,,,,,350952.0319,5012495.325,45.25090423,-75.91203181,11334
15--7221,2015/06/06,11:12 AM,COLE AVE btwn GREENWOOD AVE & ROOSEVELT AVE (__3ZA4BJ),__3ZA4BJ,04 - At/near private drive,03 - P.D. only,02 - Angle,01 - Clear,01 - Daylight,01 - Dry,10 - No control,,2,0,0,0,,0,,,,,363365.1017,5027099.107,45.38138495,-75.75217724,11335
15--7222,2015/06/06,11:30 PM,FLANNERY DR btwn SPRINGLAND DR & GAVIN ST (__3ZA9G2),__3ZA9G2,01 - Non intersection,03 - P.D. only,06 - SMV unattended vehicle,01 - Clear,07 - Dark,01 - Dry,10 - No control,,1,0,0,0,,0,,,,,368699.1851,5025167.199,45.36353596,-75.68432245,11336
15--7223,2015/06/06,11:35 AM,BANK ST btwn BANK ST EXTENSION NB & JOHNSTON RD (__3ZA37U),__3ZA37U,01 - Non intersection,02 - Non-fatal injury,03 - Rear end,01 - Clear,01 - Daylight,01 - Dry,10 - No control,,2,0,0,0,02 - Minor,1,,1,,,370601.2056,5025365.878,45.36514765,-75.66001916,11337
15--7224,2015/06/06,11:36 AM,FREEDOM PRIV @ SMYTH RD (0013781),13781,02 - Intersection related,03 - P.D. only,04 - Sideswipe,01 - Clear,01 - Daylight,01 - Dry,02 - Stop sign,01 - Functioning,2,0,0,0,,0,,,,,371003.657,5029123.269,45.39891741,-75.65437838,11338
15--7225,2015/06/06,12:15 PM,PRINCE OF WALES DR btwn BLAZER AVE & DEAKIN ST (__3ZA29V),__3ZA29V,04 - At/near private drive,03 - P.D. only,02 - Angle,01 - Clear,01 - Daylight,01 - Dry,10 - No control,,2,0,0,0,,0,,,,,367347.4243,5021205.669,45.3280128,-75.70207703,11339
15--7226,2015/06/06,12:37 PM,BOUNDARY RD @ DEVINE RD (0001671),1671,03 - At intersection,02 - Non-fatal injury,07 - SMV other,01 - Clear,01 - Daylight,01 - Dry,02 - Stop sign,01 - Functioning,1,0,0,0,02 - Minor,2,,2,,,388360.8333,5021457.273,45.32808941,-75.43400543,11340
15--6597,2015/05/21,2:00 PM,ST. LAURENT BLVD btwn MEADOW PARK PL & KAREN WAY (__3ZA3A6),__3ZA3A6,01 - Non intersection,03 - P.D. only,04 - Sideswipe,01 - Clear,01 - Daylight,01 - Dry,10 - No control,,2,0,0,0,,0,,,,,371218.2885,5034601.602,45.44818875,-75.65089854,11341
15--6962,2015/05/30,10:55 AM,OTTAWA ROAD 29 btwn GALETTA SIDE RD & WALTER BRADLEY RD (__3ZAZ58),__3ZAZ58,01 - Non intersection,02 - Non-fatal injury,07 - SMV other,01 - Clear,01 - Daylight,01 - Dry,10 - No control,,1,0,1,0,02 - Minor,1,,1,,,319122.2427,5026676.61,45.37988477,-76.31712296,11342
15--6598,2015/05/21,2:10 PM,ST. JOSEPH BLVD @ JEANNE D'ARC BLVD (0012421),12421,03 - At intersection,03 - P.D. only,04 - Sideswipe,01 - Clear,01 - Daylight,01 - Dry,11 - Roundabout,01 - Functioning,2,0,0,0,,0,,,,,379863.5341,5036475.829,45.46417664,-75.54010504,11343
15--7055,2015/06/02,2:30 PM,ETHEL ST @ MARIER AVE (0010029),10029,03 - At intersection,03 - P.D. only,07 - SMV other,01 - Clear,01 - Daylight,01 - Dry,02 - Stop sign,01 - Functioning,1,0,0,0,,0,,,,,370298.2227,5033474.845,45.43813751,-75.6628095,11344
15--6781,2015/05/26,10:23 AM,MONTREAL RD @ OLMSTEAD ST (0009345),9345,03 - At intersection,03 - P.D. only,02 - Angle,01 - Clear,01 - Daylight,01 - Dry,01 - Traffic signal,01 - Functioning,2,0,0,0,,0,,,,,370331.9926,5033213.226,45.43578041,-75.66241273,11345
15--6512,2015/05/19,3:00 PM,MONTREAL RD btwn MONTREAL RD & BLAIR RD (__3ZA2D3),__3ZA2D3,01 - Non intersection,03 - P.D. only,03 - Rear end,01 - Clear,01 - Daylight,01 - Dry,10 - No control,,2,0,0,0,,0,,,,,374002.4229,5034440.666,45.44647062,-75.61533257,11346
15--6332,2015/05/13,3:45 PM,HIGHWAY 417 btwn HWY417 IC129 RAMP25 & HWY417 IC129 RAMP35 (__3ZAYFR),__3ZAYFR,01 - Non intersection,03 - P.D. only,03 - Rear end,01 - Clear,01 - Daylight,01 - Dry,10 - No control,,2,0,0,0,,0,,,,,360506.2465,5023561.845,45.34979,-75.7890781,11347
15--6333,2015/05/13,4:05 PM,INNES RD @ STONEHENGE CRES W (0009354),9354,03 - At intersection,03 - P.D. only,05 - Turning movement,01 - Clear,01 - Daylight,01 - Dry,01 - Traffic signal,01 - Functioning,2,0,0,0,,0,,,,,375199.7412,5031215.118,45.41732941,-75.60048939,11348
15--6872,2015/05/28,10:37 AM,WESTFIELD CRES btwn ASHGROVE CRES & ASHGROVE CRES (__3ZAAE9),__3ZAAE9,04 - At/near private drive,03 - P.D. only,06 - SMV unattended vehicle,02 - Rain,01 - Daylight,02 - Wet,10 - No control,,1,0,0,0,,0,,,,,361041.4941,5021893.124,45.33473216,-75.78243753,11349
15--6599,2015/05/21,2:22 PM,BANK ST btwn EUCLID AVE & SUNNYSIDE AVE (__3ZA3N6),__3ZA3N6,01 - Non intersection,03 - P.D. only,04 - Sideswipe,01 - Clear,01 - Daylight,01 - Dry,10 - No control,,2,0,0,0,,0,,,,,368723.8979,5028606.414,45.39447877,-75.68356177,11350
15--6334,2015/05/13,4:20 PM,FERNBANK RD @ LIARD ST (0000296),296,03 - At intersection,03 - P.D. only,03 - Rear end,01 - Clear,01 - Daylight,01 - Dry,02 - Stop sign,01 - Functioning,2,0,0,0,,0,,,,,351492.7995,5012638.676,45.25215848,-75.90512943,11351
15--6963,2015/05/30,11:36 PM,HWY417 IC124 RAMP57 btwn HIGHWAY 417 & CARLING AVE (__3ZAY88),__3ZAY88,01 - Non intersection,03 - P.D. only,03 - Rear end,01 - Clear,07 - Dark,02 - Wet,10 - No control,,2,0,0,0,,0,,,,,364124.1665,5027029.865,45.38069806,-75.74249384,11352
15--7056,2015/06/02,3:10 PM,CARP RD btwn JUANITA AVE & FALLDOWN LANE (__3ZBPHB),__3ZBPHB,01 - Non intersection,03 - P.D. only,03 - Rear end,01 - Clear,01 - Daylight,01 - Dry,10 - No control,,2,0,0,0,,0,,,,,340871.4003,5023184.627,45.34768043,-76.03967475,11353
15--6782,2015/05/26,11:03 PM,NEPEAN ST btwn O'CONNOR ST & METCALFE ST (__3ZA9U6),__3ZA9U6,04 - At/near private drive,03 - P.D. only,06 - SMV unattended vehicle,01 - Clear,07 - Dark,01 - Dry,10 - No control,,1,0,0,0,,0,,,,,367736.8774,5031236.127,45.41822953,-75.6958311,11354
15--66,2015/01/03,1:52 PM,BEVERLY ST @ STITTSVILLE MAIN ST (0000083),83,02 - Intersection related,03 - P.D. only,03 - Rear end,01 - Clear,01 - Daylight,06 - Ice,01 - Traffic signal,01 - Functioning,2,0,0,0,,0,,,,,349843.5029,5013826.062,45.26295052,-75.92603291,11355
15--6513,2015/05/19,3:57 PM,OTTAWA RIVER PKWY WB RAMP/CARLING AVE WB btwn CARLING AVE & OTTAWA RIV (__3ZAY0V),__3ZAY0V,01 - Non intersection,03 - P.D. only,03 - Rear end,01 - Clear,01 - Daylight,01 - Dry,10 - No control,,2,0,0,0,,0,,,,,360860.9098,5025327.256,45.36564683,-75.78435203,11356