Anom_ID,Accident_Date,Accident_Time,Location,Geo_ID,Accident_Location,Classification_of_Accident,Initial_Impact_Type,Environment_Condition,Light,Road_Surface_Condition,Traffic_Control,Traffic_Control_Condition,No__of_Vehicles,No__of_Bicycles,No__of_Motorcycles,No__of_Pedestrians,Max_Injury,No__of_Injuries,No__of_Minimal,No__of_Minor,No__of_Major,No__of_Fatal,X,Y,Latitude,Longitude,ObjectId
15--6335,2015/05/13,4:31 PM,BASELINE RD @ CORDOVA ST (0003208),3208,03 - At intersection,02 - Non-fatal injury,07 - SMV other,01 - Clear,01 - Daylight,01 - Dry,01 - Traffic signal,01 - Functioning,1,0,0,1,02 - Minor,1,,1,,,363593.6882,5024407.117,45.35714363,-75.74957903,11357
15--6873,2015/05/28,11:21 AM,ALLEN BLVD @ MCARTHUR AVE (0009809),9809,02 - Intersection related,03 - P.D. only,02 - Angle,01 - Clear,01 - Daylight,01 - Dry,01 - Traffic signal,01 - Functioning,2,0,0,0,,0,,,,,370751.4258,5032749.932,45.43157245,-75.65711445,11358
15--6964,2015/05/30,Unknown,ARGYLE AVE btwn METCALFE ST & METCALFE ST (__3ZA3QQ),__3ZA3QQ,01 - Non intersection,03 - P.D. only,06 - SMV unattended vehicle,02 - Rain,00 - Unknown,02 - Wet,10 - No control,,1,0,0,0,,0,,,,,368391.5706,5030611.942,45.41255413,-75.68754721,11359
15--7057,2015/06/02,3:12 PM,WOODRIDGE CRES btwn BAYSHORE PS & TRANSITWAY LINK (__6KE4J1B),__6KE4J1B,01 - Non intersection,03 - P.D. only,02 - Angle,01 - Clear,01 - Daylight,01 - Dry,10 - No control,,2,0,0,0,,0,,,,,358627.1256,5023392.959,45.3484171,-75.81307602,11360
15--6783,2015/05/26,11:49 PM,CARLING AVE @ PRESTON ST (0002161),2161,03 - At intersection,03 - P.D. only,07 - SMV other,01 - Clear,07 - Dark,01 - Dry,01 - Traffic signal,01 - Functioning,1,0,0,0,,0,,,,,366828.9893,5028935.193,45.39760746,-75.70771991,11361
15--660,2015/01/11,11:22 AM,PARKDALE AVE btwn WELLINGTON ST W & GLADSTONE AVE (__3ZA4QM),__3ZA4QM,01 - Non intersection,03 - P.D. only,03 - Rear end,01 - Clear,01 - Daylight,04 - Slush,10 - No control,,2,0,0,0,,0,,,,,365163.1946,5029244.05,45.40053208,-75.72895691,11362
15--6514,2015/05/19,4:13 PM,RIVERSIDE DR NB btwn SAN REMO PRIV & INDUSTRIAL AVE (__3ZAZ0A),__3ZAZ0A,01 - Non intersection,03 - P.D. only,03 - Rear end,01 - Clear,01 - Daylight,01 - Dry,10 - No control,,3,0,0,0,,0,,,,,370395.9111,5030392.406,45.41039383,-75.66197147,11363
15--6336,2015/05/13,4:40 PM,OTTAWA RIVER PKWY @ ISLAND PARK DR (0002127),2127,02 - Intersection related,03 - P.D. only,02 - Angle,01 - Clear,01 - Daylight,01 - Dry,01 - Traffic signal,01 - Functioning,2,0,0,0,,0,,,,,363295.0649,5029452.22,45.40256374,-75.75279251,11364
15--6515,2015/05/19,4:21 PM,EARL ARMSTRONG RD @ SPRATT RD (0013063),13063,03 - At intersection,02 - Non-fatal injury,05 - Turning movement,01 - Clear,01 - Daylight,01 - Dry,01 - Traffic signal,01 - Functioning,2,0,0,0,02 - Minor,2,,2,,,368396.7091,5015011.789,45.27218691,-75.68948703,11365
15--6516,2015/05/19,4:30 PM,HIGHWAY 417 btwn HWY417 IC112 RAMP66 & HWY417 IC112 RAMP56 (__3ZA283),__3ZA283,01 - Non intersection,02 - Non-fatal injury,99 - Other,01 - Clear,01 - Daylight,01 - Dry,10 - No control,,2,0,0,0,02 - Minor,1,,1,,,374413.4298,5030897.607,45.41455128,-75.61057986,11366
15--6517,2015/05/19,4:38 PM,HEMLOCK RD @ WHITEMARL DR (0007168),7168,02 - Intersection related,03 - P.D. only,03 - Rear end,01 - Clear,01 - Daylight,01 - Dry,02 - Stop sign,01 - Functioning,2,0,0,0,,0,,,,,370083.0224,5034660.399,45.44882474,-75.66540259,11367
15--6518,2015/05/19,4:47 PM,BESSERER ST @ KING EDWARD AVE (0007758),7758,03 - At intersection,03 - P.D. only,04 - Sideswipe,01 - Clear,01 - Daylight,01 - Dry,01 - Traffic signal,01 - Functioning,2,0,0,0,,0,,,,,368550.7052,5032340.942,45.42809659,-75.68529058,11368
15--6519,2015/05/19,4:51 PM,OGILVIE RD @ CITY PARK DR E/CSIS HQ ACCESS (0003696),3696,03 - At intersection,03 - P.D. only,05 - Turning movement,01 - Clear,01 - Daylight,01 - Dry,01 - Traffic signal,01 - Functioning,2,0,0,0,,0,,,,,374187.7643,5033011.059,45.43358943,-75.61316504,11369
15--652,2015/01/10,9:30 PM,RICHMOND RD btwn WINSTON AVE & CHURCHILL AVE N (__3ZA4OS),__3ZA4OS,01 - Non intersection,03 - P.D. only,06 - SMV unattended vehicle,03 - Snow,07 - Dark,04 - Slush,10 - No control,,1,0,0,0,,0,,,,,363136.5477,5028231.837,45.39159616,-75.75496153,11370
15--6520,2015/05/19,5:00 PM,DALHOUSIE ST @ RIDEAU ST (0007646),7646,03 - At intersection,03 - P.D. only,04 - Sideswipe,01 - Clear,01 - Daylight,01 - Dry,01 - Traffic signal,01 - Functioning,2,0,0,0,,0,,,,,368205.9884,5032227.942,45.42711119,-75.68971003,11371
15--6521,2015/05/19,5:01 PM,SOMERSET ST    W btwn PRESTON ST & ROCHESTER ST (__3ZA321),__3ZA321,04 - At/near private drive,02 - Non-fatal injury,05 - Turning movement,01 - Clear,01 - Daylight,01 - Dry,10 - No control,,2,1,0,0,01 - Minimal,1,1,,,,366384.1838,5030161.021,45.4086764,-75.71324767,11372
15--6522,2015/05/19,5:11 PM,CEDARVIEW RD @ HWY 416 WESTHUNT IC72R24 (0005514),5514,02 - Intersection related,03 - P.D. only,02 - Angle,01 - Clear,01 - Daylight,01 - Dry,02 - Stop sign,01 - Functioning,2,0,0,0,,0,,,,,359608.8499,5019742.33,45.3154926,-75.80095275,11373
15--6523,2015/05/19,5:23 PM,BRONSON AVE @ CARLING AVE/GLEBE AVE (0002134),2134,03 - At intersection,02 - Non-fatal injury,07 - SMV other,01 - Clear,01 - Daylight,01 - Dry,01 - Traffic signal,01 - Functioning,1,0,0,1,02 - Minor,1,,1,,,367447.707,5029335.922,45.40115801,-75.69976706,11374
15--6524,2015/05/19,5:27 PM,INNES RD btwn HWY417 IC112 RAMP65 & HWY417 IC112 RAMP56 (__3ZA3RA),__3ZA3RA,01 - Non intersection,03 - P.D. only,04 - Sideswipe,01 - Clear,01 - Daylight,01 - Dry,10 - No control,,2,0,0,0,,0,,,,,374417.0903,5030824.616,45.41389418,-75.61054341,11375
15--6525,2015/05/19,5:49 PM,FICKO CRES btwn BOWESVILLE RD & BOWESVILLE RD (__3ZA71E),__3ZA71E,04 - At/near private drive,03 - P.D. only,06 - SMV unattended vehicle,01 - Clear,01 - Daylight,01 - Dry,10 - No control,,1,0,0,0,,0,,,,,373239.7898,5016132.954,45.2818202,-75.62761639,11376
15--6526,2015/05/19,5:59 PM,BELFAST RD @ ST. LAURENT BLVD (0007658),7658,02 - Intersection related,03 - P.D. only,03 - Rear end,01 - Clear,01 - Daylight,01 - Dry,01 - Traffic signal,01 - Functioning,3,0,0,0,,0,,,,,372860.0034,5030578.922,45.41183672,-75.63046899,11377
15--6527,2015/05/19,6:09 PM,MERIVALE RD @ CAPILANO DR/WITHROW AVE (0009820),9820,02 - Intersection related,02 - Non-fatal injury,03 - Rear end,01 - Clear,01 - Daylight,01 - Dry,01 - Traffic signal,01 - Functioning,2,0,0,0,02 - Minor,2,,2,,,364643.3929,5024229.215,45.35545409,-75.73620371,11378
15--6528,2015/05/19,6:21 PM,MONTREAL RD @ 46 E OF HILLSIDE DR/MONTREAL SQU (0008215),8215,02 - Intersection related,03 - P.D. only,04 - Sideswipe,01 - Clear,01 - Daylight,01 - Dry,01 - Traffic signal,01 - Functioning,2,0,0,0,,0,,,,,371750.9239,5033917.172,45.44197976,-75.64418314,11379
15--6529,2015/05/19,6:37 PM,INNES RD @ ORCHARDVIEW AVE/ESPRIT DR (0012279),12279,02 - Intersection related,03 - P.D. only,03 - Rear end,01 - Clear,01 - Daylight,01 - Dry,01 - Traffic signal,01 - Functioning,2,0,0,0,,0,,,,,384844.9456,5036563.524,45.4644126,-75.47639954,11380
15--653,2015/01/10,9:50 PM,INNES RD btwn BLAIR RD & ANDERSON RD (__3ZA3JZ),__3ZA3JZ,01 - Non intersection,03 - P.D. only,04 - Sideswipe,01 - Clear,07 - Dark,01 - Dry,10 - No control,,2,0,0,0,,0,,,,,375930.4332,5031648.311,45.42115313,-75.59109184,11381
15--6530,2015/05/19,7:10 PM,INNES RD @ ORCHARDVIEW AVE/ESPRIT DR (0012279),12279,02 - Intersection related,03 - P.D. only,03 - Rear end,01 - Clear,01 - Daylight,01 - Dry,01 - Traffic signal,01 - Functioning,2,0,0,0,,0,,,,,384844.9456,5036559.977,45.46438069,-75.47640012,11382
15--6531,2015/05/19,7:11 PM,COLDREY AVE @ KIRKWOOD AVE (0006736),6736,02 - Intersection related,03 - P.D. only,07 - SMV other,01 - Clear,01 - Daylight,01 - Dry,01 - Traffic signal,01 - Functioning,1,0,0,0,,0,,,,,364439.4162,5027134.738,45.38161492,-75.73845613,11383
15--6532,2015/05/19,7:51 AM,CARLING AVE @ WYLIE AVE (0002394),2394,03 - At intersection,02 - Non-fatal injury,05 - Turning movement,01 - Clear,01 - Daylight,01 - Dry,02 - Stop sign,00 - Unknown,2,0,0,0,02 - Minor,5,,5,,,359140.6682,5024077.414,45.35453623,-75.80644762,11384
15--6533,2015/05/19,8:15 AM,HIGHWAY 416 btwn HWY416 IC66 RAMP62 & HWY416 IC72 RAMP24 (__3ZAZMZ),__3ZAZMZ,01 - Non intersection,03 - P.D. only,04 - Sideswipe,01 - Clear,01 - Daylight,01 - Dry,10 - No control,,2,0,0,0,,0,,,,,360318.3553,5017926.447,45.29909745,-75.79210762,11385
15--6534,2015/05/19,8:36 AM,HIGHWAY 417 btwn HWY417 IC120B RAMP36 & HWY417 IC119B RAMP76 (__3ZA2YU),__3ZA2YU,01 - Non intersection,03 - P.D. only,03 - Rear end,01 - Clear,01 - Daylight,01 - Dry,10 - No control,,2,0,0,0,,0,,,,,367794.0682,5030023.52,45.40731373,-75.6952554,11386
15--6535,2015/05/19,8:39 AM,AERO DR @ HOLLY ACRES RD (0001088),1088,02 - Intersection related,03 - P.D. only,03 - Rear end,01 - Clear,01 - Daylight,01 - Dry,01 - Traffic signal,01 - Functioning,3,0,0,0,,0,,,,,358341.6535,5023227.142,45.34694692,-75.81673681,11387
15--6536,2015/05/19,9:04 PM,SHIRLEY'S BROOK DR btwn SANDHILL RD & HELMSDALE DR (__3ZA59G),__3ZA59G,04 - At/near private drive,03 - P.D. only,06 - SMV unattended vehicle,01 - Clear,07 - Dark,01 - Dry,10 - No control,,1,0,0,0,,0,,,,,350040.6904,5023905.737,45.35363762,-75.92260023,11388
15--6537,2015/05/19,9:06 AM,LIVERY ST btwn BALIKUN HTS & GINSENG TERR (e___2JH1),e___2JH1,04 - At/near private drive,03 - P.D. only,06 - SMV unattended vehicle,01 - Clear,01 - Daylight,01 - Dry,10 - No control,,1,0,0,0,,0,,,,,352552.945,5014987.906,45.27322642,-75.89139802,11389
15--6538,2015/05/19,9:12 AM,PRINCE OF WALES DR btwn ROCKY HILL DR & LODGE RD (__3ZA292),__3ZA292,01 - Non intersection,03 - P.D. only,03 - Rear end,01 - Clear,01 - Daylight,01 - Dry,10 - No control,,2,0,0,0,,0,,,,,366989.2187,5014445.896,45.26722092,-75.70749402,11390
15--6539,2015/05/19,9:18 AM,MERIVALE RD @ ROSENTHAL AVE (0002733),2733,03 - At intersection,02 - Non-fatal injury,02 - Angle,01 - Clear,01 - Daylight,01 - Dry,02 - Stop sign,01 - Functioning,2,1,0,0,02 - Minor,1,,1,,,364893.9019,5026326.789,45.3743063,-75.73275159,11391
15--654,2015/01/10,9:53 AM,LANTHIER DR @ VANTAGE DR (0004631),4631,02 - Intersection related,03 - P.D. only,03 - Rear end,01 - Clear,01 - Daylight,06 - Ice,02 - Stop sign,01 - Functioning,2,0,0,0,,0,,,,,383597.8558,5035850.014,45.45813487,-75.49245896,11392
15--6540,2015/05/19,9:31 AM,GLADSTONE AVE btwn KENT ST & BANK ST (__3ZA3PA),__3ZA3PA,04 - At/near private drive,03 - P.D. only,07 - SMV other,01 - Clear,01 - Daylight,01 - Dry,10 - No control,,1,0,0,0,,0,,,,,367889.8369,5030546.347,45.41200934,-75.69396517,11393
15--6541,2015/05/19,9:32 AM,ARIZONA AVE btwn JEFFERSON ST & FLORIDA AVE (__3ZA9PA),__3ZA9PA,04 - At/near private drive,03 - P.D. only,06 - SMV unattended vehicle,01 - Clear,01 - Daylight,01 - Dry,10 - No control,,1,0,0,0,,0,,,,,371827.3165,5027218.786,45.38170326,-75.64411761,11394
15--6542,2015/05/19,9:37 AM,LAURIER AVE   E btwn RUSSELL AVE & CHAPEL ST (__3ZA3V3),__3ZA3V3,01 - Non intersection,02 - Non-fatal injury,03 - Rear end,01 - Clear,01 - Daylight,01 - Dry,10 - No control,,2,0,0,0,02 - Minor,1,,1,,,369105.0155,5032255.576,45.42727775,-75.67821858,11395
15--6543,2015/05/19,9:45 AM,HIGHWAY 417 btwn HWY417 IC117 RAMP61 & HWY417 IC115 RAMP36 (__3ZA2RZ),__3ZA2RZ,01 - Non intersection,02 - Non-fatal injury,99 - Other,01 - Clear,01 - Daylight,01 - Dry,10 - No control,,3,0,0,0,02 - Minor,1,,1,,,371565.5984,5031423.514,45.41956068,-75.64688995,11396
15--6544,2015/05/19,9:47 PM,DALY AVE @ NICHOLAS ST (0011451),11451,02 - Intersection related,03 - P.D. only,04 - Sideswipe,01 - Clear,07 - Dark,01 - Dry,01 - Traffic signal,01 - Functioning,2,0,0,0,,0,,,,,368227.701,5032045.493,45.42546761,-75.68945608,11397
15--6545,2015/05/20,1:15 PM,JOCKVALE RD @ STRANDHERD DR (0010541),10541,02 - Intersection related,03 - P.D. only,03 - Rear end,01 - Clear,01 - Daylight,01 - Dry,01 - Traffic signal,01 - Functioning,2,0,0,0,,0,,,,,363560.4805,5014578.198,45.2687062,-75.75116851,11398
15--6546,2015/05/20,1:32 PM,LAMING ST btwn JOCKVALE RD & PHYLIS ST (__3ZAB7S),__3ZAB7S,04 - At/near private drive,03 - P.D. only,06 - SMV unattended vehicle,01 - Clear,01 - Daylight,01 - Dry,10 - No control,,1,0,0,0,,0,,,,,361922.975,5015436.399,45.27656325,-75.77193609,11399
15--6547,2015/05/20,10:08 AM,CARLING AVE @ WESTGATE SC E (0008795),8795,03 - At intersection,03 - P.D. only,05 - Turning movement,01 - Clear,01 - Daylight,01 - Dry,01 - Traffic signal,01 - Functioning,2,0,0,0,,0,,,,,364801.2805,5027658.776,45.38629922,-75.73377215,11400
15--6548,2015/05/20,10:52 AM,OTTAWA RIVER PKWY WB btwn OTTAWA RIVER PKWY WB RAMP/CARLING AVE WB & W (__3ZA24V),__3ZA24V,01 - Non intersection,03 - P.D. only,07 - SMV other,01 - Clear,01 - Daylight,01 - Dry,10 - No control,,1,0,0,0,,0,,,,,360908.8409,5025797.389,45.36987322,-75.78368682,11401
15--6549,2015/05/20,11:16 AM,BARNSDALE RD @ PRINCE OF WALES DR (0001082),1082,03 - At intersection,03 - P.D. only,02 - Angle,01 - Clear,01 - Daylight,01 - Dry,02 - Stop sign,01 - Functioning,2,0,0,0,,0,,,,,366645.9755,5011531.332,45.24102603,-75.7122304,11402
15--655,2015/01/11,1:03 PM,MARKETPLACE AVE @ RIOCAN AVE (0010995),10995,03 - At intersection,02 - Non-fatal injury,07 - SMV other,01 - Clear,01 - Daylight,02 - Wet,02 - Stop sign,01 - Functioning,1,0,0,1,02 - Minor,1,,1,,,364285.0501,5014759.229,45.2702742,-75.74191386,11403
15--6550,2015/05/20,11:37 AM,ST. JEAN ST @ ST. JOSEPH BLVD (0004137),4137,02 - Intersection related,03 - P.D. only,04 - Sideswipe,01 - Clear,01 - Daylight,01 - Dry,01 - Traffic signal,00 - Unknown,2,0,0,0,,0,,,,,380970.458,5037200.51,45.4705769,-75.52583969,11404
15--6551,2015/05/20,12:51 PM,WEST HUNT CLUB RD @ ROYDON PL/SUNDERLAND ST (0009775),9775,03 - At intersection,03 - P.D. only,05 - Turning movement,01 - Clear,01 - Daylight,01 - Dry,01 - Traffic signal,01 - Functioning,2,0,0,0,,0,,,,,365973.7076,5022168.409,45.33679648,-75.71948102,11405
15--6552,2015/05/20,2:05 PM,TERRY FOX DR btwn COPE DR & TRANS CANADA TRAIL (__355BDZB),__355BDZB,01 - Non intersection,02 - Non-fatal injury,03 - Rear end,01 - Clear,01 - Daylight,01 - Dry,10 - No control,,2,0,0,0,01 - Minimal,1,1,,,,353385.037,5015842.734,45.28086139,-75.88071012,11406
15--6553,2015/05/20,2:30 PM,MERIVALE RD btwn EMERALD PLAZA SC & MEADOWLANDS DR (__3ZA4HZB),__3ZA4HZB,01 - Non intersection,03 - P.D. only,04 - Sideswipe,01 - Clear,01 - Daylight,01 - Dry,10 - No control,,2,0,0,0,,0,,,,,364770.4695,5023928.168,45.35273445,-75.73461846,11407
15--6554,2015/05/20,2:43 PM,INNES RD @ TENTH LINE RD (0004633),4633,02 - Intersection related,03 - P.D. only,03 - Rear end,01 - Clear,01 - Daylight,01 - Dry,01 - Traffic signal,01 - Functioning,2,0,0,0,,0,,,,,383952.481,5036159.921,45.46088304,-75.4878754,11408
15--6555,2015/05/20,2:54 PM,FITZGERALD RD btwn ROBERTSON RD & MOODIE DR (__3ZA5ZV),__3ZA5ZV,04 - At/near private drive,03 - P.D. only,02 - Angle,01 - Clear,01 - Daylight,01 - Dry,10 - No control,,2,0,0,0,,0,,,,,356758.8463,5020382.773,45.32147206,-75.83723279,11409
15--6556,2015/05/20,3:04 PM,REGIONAL ROAD 174 EB btwn HWY417 IC113 RAMP65 & OR174 BLAIR IC112 RAMP51 (__3ZAZFJ),__3ZAZFJ,01 - Non intersection,03 - P.D. only,03 - Rear end,01 - Clear,01 - Daylight,01 - Dry,10 - No control,,2,0,0,0,,0,,,,,374718.5867,5032760.732,45.43128426,-75.60641705,11410
15--6557,2015/05/20,3:05 PM,STITTSVILLE MAIN ST btwn ORVILLE ST & ELM CRES (__3ZA3DW),__3ZA3DW,01 - Non intersection,03 - P.D. only,03 - Rear end,01 - Clear,01 - Daylight,01 - Dry,10 - No control,,2,0,0,0,,0,,,,,350378.1335,5013173.694,45.25704585,-75.91928057,11411
15--6558,2015/05/20,3:23 PM,CHARLEMAGNE BLVD @ GARDENWAY DR/BOTTRIELL WAY  (0003748),3748,03 - At intersection,02 - Non-fatal injury,07 - SMV other,01 - Clear,01 - Daylight,01 - Dry,01 - Traffic signal,01 - Functioning,1,0,0,1,02 - Minor,1,,1,,,384050.2405,5037034.204,45.46873796,-75.48648459,11412
15--6559,2015/05/20,3:34 PM,BANK ST @ RIVERSIDE DR N (0010778),10778,02 - Intersection related,03 - P.D. only,03 - Rear end,01 - Clear,01 - Daylight,01 - Dry,01 - Traffic signal,01 - Functioning,2,0,0,0,,0,,,,,369225.7159,5027982.1,45.3888154,-75.67723471,11413
15--656,2015/01/11,1:30 PM,MURIEL ST btwn FIFTH AVE & HOLMWOOD AVE (__3ZA9K7),__3ZA9K7,01 - Non intersection,03 - P.D. only,06 - SMV unattended vehicle,01 - Clear,01 - Daylight,02 - Wet,10 - No control,,1,0,0,0,,0,,,,,367728.3277,5028881.665,45.39704557,-75.69624085,11414
15--6560,2015/05/20,3:36 PM,DATA CENTRE RD @ RIVERSIDE DR (0010863),10863,02 - Intersection related,02 - Non-fatal injury,03 - Rear end,01 - Clear,01 - Daylight,01 - Dry,01 - Traffic signal,01 - Functioning,4,0,0,0,02 - Minor,1,,1,,,368898.4129,5027669.497,45.38603273,-75.68145479,11415
15--6561,2015/05/20,3:42 PM,BANK ST @ CECIL AVE (0002601),2601,03 - At intersection,03 - P.D. only,02 - Angle,01 - Clear,01 - Daylight,01 - Dry,02 - Stop sign,01 - Functioning,2,0,0,0,,0,,,,,369944.7124,5026989.185,45.37981498,-75.66818459,11416
15--6562,2015/05/20,3:45 PM,KING EDWARD AVE @ RIDEAU ST (0002121),2121,02 - Intersection related,02 - Non-fatal injury,04 - Sideswipe,01 - Clear,01 - Daylight,01 - Dry,01 - Traffic signal,01 - Functioning,3,0,0,0,02 - Minor,1,,1,,,368511.7072,5032412.508,45.42874407,-75.68577965,11417
15--6563,2015/05/20,3:55 PM,DAKOTA AVE @ HALIFAX DR (0008938),8938,03 - At intersection,02 - Non-fatal injury,07 - SMV other,01 - Clear,01 - Daylight,01 - Dry,03 - Yield sign,01 - Functioning,1,0,0,1,03 - Major,1,,,1,,373560.7342,5027956.728,45.38817494,-75.62188311,11418
15--6564,2015/05/20,3:55 PM,REGIONAL ROAD 174 btwn OR174 IC109 RAMP54 & OR174 IC109 RAMP55 (__3ZA28X),__3ZA28X,01 - Non intersection,03 - P.D. only,03 - Rear end,01 - Clear,01 - Daylight,01 - Dry,10 - No control,,2,0,0,0,,0,,,,,376426.271,5034882.764,45.45020417,-75.58428621,11419
15--6565,2015/05/20,4:15 PM,HERON RD @ JEFFERSON ST (0007192),7192,02 - Intersection related,03 - P.D. only,03 - Rear end,01 - Clear,01 - Daylight,01 - Dry,01 - Traffic signal,01 - Functioning,2,0,0,0,,0,,,,,371807.2839,5027051.461,45.38019965,-75.64439609,11420
15--6566,2015/05/20,4:30 PM,INNES RD btwn HWY417 IC112 RAMP66 & CYRVILLE RD (__3ZA3RCB),__3ZA3RCB,01 - Non intersection,03 - P.D. only,04 - Sideswipe,01 - Clear,01 - Daylight,01 - Dry,10 - No control,,2,0,0,0,,0,,,,,374960.5175,5031058.663,45.41594574,-75.60356789,11421
15--6567,2015/05/20,4:50 PM,FRANK ST @ O'CONNOR ST (0007268),7268,03 - At intersection,03 - P.D. only,02 - Angle,01 - Clear,01 - Daylight,01 - Dry,02 - Stop sign,01 - Functioning,2,0,0,0,,0,,,,,368052.6706,5030696.128,45.41334232,-75.6918658,11422
15--6568,2015/05/20,4:55 PM,ISABELLA ST/HWY 417 O'CONN IC119BR57 @ O'CONNO (0001698),1698,03 - At intersection,03 - P.D. only,04 - Sideswipe,01 - Clear,01 - Daylight,01 - Dry,01 - Traffic signal,01 - Functioning,2,0,0,0,,0,,,,,368298.4252,5030309.206,45.40983867,-75.68877613,11423
15--6569,2015/05/20,5:30 PM,INDUSTRIAL AVE/INNES RD @ ST. LAURENT BLVD (0002203),2203,02 - Intersection related,03 - P.D. only,03 - Rear end,01 - Clear,01 - Daylight,01 - Dry,01 - Traffic signal,01 - Functioning,2,0,0,0,,0,,,,,373099.7274,5030006.648,45.40666431,-75.62748593,11424
15--657,2015/01/11,1:55 AM,BASELINE RD @ WOODROFFE AVE (0002225),2225,02 - Intersection related,03 - P.D. only,03 - Rear end,01 - Clear,07 - Dark,02 - Wet,01 - Traffic signal,01 - Functioning,2,0,0,0,,0,,,,,362548.7263,5023770.023,45.35149796,-75.76298984,11425
15--6570,2015/05/20,5:30 PM,MERIVALE RD @ PINEGLEN CRES (0000053),53,03 - At intersection,03 - P.D. only,03 - Rear end,01 - Clear,01 - Daylight,01 - Dry,02 - Stop sign,00 - Unknown,2,0,0,0,,0,,,,,366243.674,5020411.999,45.32096896,-75.71625482,11426
15--6571,2015/05/20,5:46 PM,HERITAGE GLEN DR @ WOODROFFE AVE (0005312),5312,03 - At intersection,03 - P.D. only,02 - Angle,01 - Clear,01 - Daylight,01 - Dry,02 - Stop sign,01 - Functioning,2,0,0,0,,0,,,,,366013.0045,5015622.876,45.27789698,-75.7197881,11427
15--6572,2015/05/20,5:57 PM,BRADFORD ST @ JAMIESON ST (0002784),2784,03 - At intersection,03 - P.D. only,02 - Angle,01 - Clear,01 - Daylight,01 - Dry,02 - Stop sign,01 - Functioning,2,0,0,0,,0,,,,,359649.3864,5025666.167,45.36879219,-75.79977899,11428
15--6573,2015/05/20,6:26 PM,IRVING AVE @ WELLINGTON ST (0006478),6478,02 - Intersection related,02 - Non-fatal injury,05 - Turning movement,01 - Clear,01 - Daylight,01 - Dry,02 - Stop sign,01 - Functioning,2,1,0,0,03 - Major,1,,,1,,365627.136,5029803.207,45.40552308,-75.72296237,11429
15--6574,2015/05/20,6:33 PM,ST. JOSEPH BLVD btwn FIRST AVE & TAYLOR CREEK DR (__3ZA25H),__3ZA25H,01 - Non intersection,03 - P.D. only,03 - Rear end,01 - Clear,01 - Daylight,01 - Dry,10 - No control,,3,0,0,0,,0,,,,,383806.0714,5039110.904,45.48744983,-75.48927271,11430
15--6575,2015/05/20,6:40 PM,CHARLEMAGNE BLVD @ PRINCESS LOUISE DR W/VALADE (0003731),3731,03 - At intersection,02 - Non-fatal injury,05 - Turning movement,01 - Clear,01 - Daylight,01 - Dry,01 - Traffic signal,01 - Functioning,2,0,0,0,02 - Minor,2,1,1,,,383520.0101,5037973.181,45.47724598,-75.4931141,11431
15--6576,2015/05/20,7:53 AM,REGIONAL ROAD 174 btwn HWY417 IC113 RAMP67 & Continuation of REGIONAL  (__3ZA28A),__3ZA28A,01 - Non intersection,03 - P.D. only,04 - Sideswipe,01 - Clear,01 - Daylight,01 - Dry,10 - No control,,2,0,0,0,,0,,,,,373792.8507,5032095.443,45.42539027,-75.61834005,11432
15--6577,2015/05/20,8:03 PM,CALAVERAS AVE @ CLARIDGE DR (0009752),9752,03 - At intersection,03 - P.D. only,02 - Angle,01 - Clear,01 - Daylight,01 - Dry,02 - Stop sign,01 - Functioning,2,0,0,0,,0,,,,,364735.3133,5015711.638,45.27880574,-75.73606118,11433
15--6578,2015/05/20,8:11 PM,ORLEANS BLVD @ ST. JOSEPH BLVD (0004144),4144,03 - At intersection,02 - Non-fatal injury,07 - SMV other,01 - Clear,01 - Daylight,01 - Dry,01 - Traffic signal,01 - Functioning,1,0,0,1,01 - Minimal,1,1,,,,380631.7377,5036980.95,45.46863834,-75.53020491,11434
15--6579,2015/05/20,8:30 AM,HIGHWAY 417 btwn HWY417 IC127 RAMP35 & HWY417 IC127 RAMP25 (__3ZA2RE),__3ZA2RE,01 - Non intersection,02 - Non-fatal injury,04 - Sideswipe,01 - Clear,01 - Daylight,01 - Dry,10 - No control,,4,0,0,0,02 - Minor,1,,1,,,362144.0587,5024843.489,45.36119013,-75.7680294,11435
15--658,2015/01/11,10:25 PM,ZEPHYR AVE btwn DON ST & MARIE ST (__3ZABW0),__3ZABW0,04 - At/near private drive,03 - P.D. only,06 - SMV unattended vehicle,01 - Clear,07 - Dark,03 - Loose snow,10 - No control,,1,0,0,0,,0,,,,,359984.1632,5024973.307,45.36253158,-75.79558285,11436
15--6580,2015/05/20,8:38 AM,EAGLESON RD @ MICHAEL COWPLAND DR/STONEHAVEN D (0003544),3544,02 - Intersection related,03 - P.D. only,03 - Rear end,01 - Clear,01 - Daylight,01 - Dry,01 - Traffic signal,01 - Functioning,2,0,0,0,,0,,,,,354381.3609,5016624.574,45.287827,-75.86793311,11437
15--6581,2015/05/20,8:46 AM,INDUSTRIAL AVE @ RUSSELL RD (0007732),7732,02 - Intersection related,02 - Non-fatal injury,03 - Rear end,01 - Clear,01 - Daylight,01 - Dry,01 - Traffic signal,01 - Functioning,2,0,0,0,02 - Minor,1,,1,,,372466.4493,5030277.751,45.40916508,-75.63553778,11438