Anom_ID,Accident_Date,Accident_Time,Location,Geo_ID,Accident_Location,Classification_of_Accident,Initial_Impact_Type,Environment_Condition,Light,Road_Surface_Condition,Traffic_Control,Traffic_Control_Condition,No__of_Vehicles,No__of_Bicycles,No__of_Motorcycles,No__of_Pedestrians,Max_Injury,No__of_Injuries,No__of_Minimal,No__of_Minor,No__of_Major,No__of_Fatal,X,Y,Latitude,Longitude,ObjectId
15--6582,2015/05/20,9:01 AM,MAIN ST @ TORONTO ST (0007688),7688,02 - Intersection related,03 - P.D. only,03 - Rear end,01 - Clear,01 - Daylight,01 - Dry,02 - Stop sign,00 - Unknown,2,0,0,0,,0,,,,,369514.6851,5029343.008,45.40103375,-75.67336622,11439
15--6583,2015/05/20,9:13 AM,KING EDWARD AVE @ ST. PATRICK ST (0002714),2714,02 - Intersection related,02 - Non-fatal injury,04 - Sideswipe,01 - Clear,01 - Daylight,01 - Dry,01 - Traffic signal,00 - Unknown,2,1,0,0,02 - Minor,1,,1,,,368247.9806,5032823.228,45.43246355,-75.68909675,11440
15--6584,2015/05/20,9:25 PM,ALBERT ST @ METCALFE ST (0002117),2117,02 - Intersection related,03 - P.D. only,04 - Sideswipe,01 - Clear,07 - Dark,01 - Dry,01 - Traffic signal,01 - Functioning,2,0,0,0,,0,,,,,367690.7366,5031612.136,45.42161689,-75.6963726,11441
15--6585,2015/05/20,9:29 PM,ST. LAURENT BLVD btwn BELFAST RD & INDUSTRIAL AVE (__3ZA3R8),__3ZA3R8,01 - Non intersection,03 - P.D. only,01 - Approaching,01 - Clear,07 - Dark,01 - Dry,10 - No control,,2,0,0,0,,0,,,,,372870.8142,5030553.697,45.41160871,-75.63033437,11442
15--6586,2015/05/20,9:35 AM,BANK ST btwn AYLMER AVE & EUCLID AVE (__3ZA3N7),__3ZA3N7,04 - At/near private drive,03 - P.D. only,07 - SMV other,01 - Clear,01 - Daylight,01 - Dry,10 - No control,,1,0,0,0,,0,,,,,368700.9308,5028663.495,45.39499446,-75.68384769,11443
15--6587,2015/05/21,1:17 PM,CANOTEK RD btwn TO BE DETERMINED & GREEN CREEK DR (__3ZA129),__3ZA129,01 - Non intersection,03 - P.D. only,06 - SMV unattended vehicle,01 - Clear,01 - Daylight,01 - Dry,10 - No control,,1,0,0,0,,0,,,,,376587.8324,5035594.031,45.45658711,-75.58211717,11444
15--6588,2015/05/21,10:18 AM,MONTREAL RD @ ST. LAURENT BLVD (0002604),2604,02 - Intersection related,03 - P.D. only,04 - Sideswipe,01 - Clear,01 - Daylight,01 - Dry,01 - Traffic signal,01 - Functioning,2,0,0,0,,0,,,,,371545.7029,5033817.955,45.44110668,-75.64681959,11445
15--6589,2015/05/21,11:15 AM,HAWTHORNE RD @ HUNT CLUB RD (0007651),7651,02 - Intersection related,03 - P.D. only,04 - Sideswipe,01 - Clear,01 - Daylight,01 - Dry,01 - Traffic signal,01 - Functioning,2,0,1,0,,0,,,,,375507.0292,5026406.169,45.37403,-75.59725285,11446
15--659,2015/01/11,11:00 AM,GRANT ST btwn PARKDALE AVE & MCCORMICK ST (__3ZA0XD),__3ZA0XD,04 - At/near private drive,03 - P.D. only,06 - SMV unattended vehicle,03 - Snow,01 - Daylight,04 - Slush,10 - No control,,1,0,0,0,,0,,,,,365255.2114,5029411.911,45.40203451,-75.72776107,11447
15--6590,2015/05/21,11:21 AM,NICHOLAS ST SB btwn LAURIER AVE E & Continuation of NICHOLAS ST (__3ZA3MG),__3ZA3MG,01 - Non intersection,03 - P.D. only,04 - Sideswipe,01 - Clear,01 - Daylight,01 - Dry,10 - No control,,2,0,0,0,,0,,,,,368381.5649,5031783.495,45.42309627,-75.68752386,11448
15--6591,2015/05/21,11:30 PM,HIGHWAY 417 btwn HWY417 IC124 RAMP76 & HWY417 IC124 RAMP67 (__3ZA2R7),__3ZA2R7,01 - Non intersection,03 - P.D. only,04 - Sideswipe,01 - Clear,07 - Dark,01 - Dry,10 - No control,,3,0,0,0,,0,,,,,364311.8921,5027382.934,45.38385899,-75.74005444,11449
15--6592,2015/05/21,11:51 AM,KING EDWARD AVE @ RIDEAU ST (0002121),2121,02 - Intersection related,03 - P.D. only,02 - Angle,01 - Clear,01 - Daylight,01 - Dry,01 - Traffic signal,01 - Functioning,2,0,0,0,,0,,,,,368512.4279,5032413.229,45.42875049,-75.68577034,11450
15--6593,2015/05/21,11:55 AM,INDUSTRIAL AVE @ RIVERSIDE DR (0011905),11905,02 - Intersection related,03 - P.D. only,04 - Sideswipe,01 - Clear,01 - Daylight,01 - Dry,01 - Traffic signal,00 - Unknown,3,0,0,0,,0,,,,,370684.567,5030592.288,45.41216517,-75.65825739,11451
15--6594,2015/05/21,12:00 PM,MARKETPLACE AVE btwn GREENBANK RD & TRANSITWAY (__4LZBJS),__4LZBJS,04 - At/near private drive,03 - P.D. only,02 - Angle,01 - Clear,01 - Daylight,01 - Dry,10 - No control,,2,0,0,0,,0,,,,,364123.44,5014666.43,45.26945285,-75.74398435,11452
15--6595,2015/05/21,12:06 PM,MEADOWLANDS DR btwn SULLIVAN AVE & 68 W OF THATCHER ST/BROOK LANE PS (__3ZA3GFB),__3ZA3GFB,01 - Non intersection,03 - P.D. only,06 - SMV unattended vehicle,01 - Clear,01 - Daylight,01 - Dry,10 - No control,,1,0,0,0,,0,,,,,363405.3885,5022919.462,45.34377362,-75.75215852,11453
15--6596,2015/05/21,12:47 PM,RIVERSIDE DR @ TREMBLAY RD/HWY417 IC117 RAMP52 (0010790),10790,02 - Intersection related,02 - Non-fatal injury,03 - Rear end,01 - Clear,01 - Daylight,01 - Dry,01 - Traffic signal,01 - Functioning,2,0,0,0,02 - Minor,3,2,1,,,370801.8979,5031014.557,45.41595352,-75.65670199,11454
15--6337,2015/05/13,4:50 PM,CARLING AVE @ CIVIC HOSPITAL (0008793),8793,03 - At intersection,02 - Non-fatal injury,05 - Turning movement,01 - Clear,01 - Daylight,01 - Dry,01 - Traffic signal,01 - Functioning,2,0,0,0,02 - Minor,1,,1,,,365791.6095,5028278.416,45.39178906,-75.72105004,11455
15--6965,2015/05/30,Unknown,SLOAN AVE btwn HOPEWELL AVE & END (__3ZA1GW),__3ZA1GW,01 - Non intersection,03 - P.D. only,06 - SMV unattended vehicle,01 - Clear,00 - Unknown,01 - Dry,10 - No control,,1,0,0,0,,0,,,,,368013.4447,5028022.351,45.38928803,-75.69270962,11456
15--7058,2015/06/02,3:43 PM,PAUL ANKA DR btwn UPLANDS DR & MCCARTHY RD (__3ZA9CH),__3ZA9CH,04 - At/near private drive,03 - P.D. only,03 - Rear end,01 - Clear,01 - Daylight,01 - Dry,10 - No control,,2,0,0,0,,0,,,,,369647.0571,5023806.55,45.35120617,-75.67240256,11457
15--6338,2015/05/13,5:14 PM,BLACKBURN BYPASS @ NAVAN RD (0004201),4201,02 - Intersection related,03 - P.D. only,03 - Rear end,01 - Clear,01 - Daylight,01 - Dry,01 - Traffic signal,01 - Functioning,2,0,0,0,,0,,,,,379617.6942,5033274.668,45.43540134,-75.5437352,11458
15--6874,2015/05/28,11:42 PM,PARKWAY RD btwn MILES CRES & MILES CRES (__3ZA64N),__3ZA64N,01 - Non intersection,03 - P.D. only,07 - SMV other,01 - Clear,07 - Dark,01 - Dry,10 - No control,,1,0,0,0,,0,,,,,382994.1957,5016789.245,45.28670782,-75.5031939,11459
15--6966,2015/05/30,12:59 PM,KIRKWOOD AVE @ GEOFFREY ST (0006695),6695,02 - Intersection related,03 - P.D. only,03 - Rear end,01 - Clear,01 - Daylight,01 - Dry,02 - Stop sign,00 - Unknown,2,0,0,0,,0,,,,,363929.9691,5028282.19,45.39198268,-75.74482329,11460
15--6784,2015/05/26,12:50 PM,HIGHWAY 417 btwn HWY417 IC112 RAMP66 & HWY417 IC112 RAMP56 (__3ZA283),__3ZA283,01 - Non intersection,03 - P.D. only,04 - Sideswipe,01 - Clear,01 - Daylight,01 - Dry,10 - No control,,2,0,0,0,,0,,,,,374439.4226,5030877.391,45.41436681,-75.61025066,11461
15--7059,2015/06/02,3:50 PM,HIGHWAY 417 btwn HWY417 IC118 RAMP57 & HWY417 IC118 RAMP35 (__3ZA2YQ),__3ZA2YQ,01 - Non intersection,03 - P.D. only,04 - Sideswipe,01 - Clear,01 - Daylight,01 - Dry,10 - No control,,2,0,0,0,,0,,,,,369447.5655,5031033.236,45.41624802,-75.67400184,11462
15--6339,2015/05/13,5:15 PM,HWY417 IC140 RAMP25 btwn TERRY FOX DR & HIGHWAY 417 (__3ZAYB5),__3ZAYB5,01 - Non intersection,03 - P.D. only,03 - Rear end,01 - Clear,01 - Daylight,01 - Dry,10 - No control,,2,0,0,0,,0,,,,,351113.7613,5018372.389,45.30377725,-75.90942318,11463
15--6875,2015/05/28,12:30 AM,HIGHWAY 417 btwn HWY417 IC110 RAMP64 & HWY417 IC104 RAMP16 (__3ZA2W9),__3ZA2W9,01 - Non intersection,03 - P.D. only,07 - SMV other,01 - Clear,07 - Dark,01 - Dry,10 - No control,,1,0,0,0,,0,,,,,377994.605,5026437.59,45.37405729,-75.56549241,11464
15--6967,2015/05/30,2:08 PM,CARLING AVE @ RICHMOND RD (0010847),10847,02 - Intersection related,03 - P.D. only,03 - Rear end,02 - Rain,01 - Daylight,02 - Wet,01 - Traffic signal,01 - Functioning,3,0,0,0,,0,,,,,360245.679,5024782.273,45.36079203,-75.79226633,11465
15--706,2015/01/12,5:30 PM,PARKDALE AVE btwn ARMSTRONG ST & GRANT ST (__3ZA3ZY),__3ZA3ZY,04 - At/near private drive,03 - P.D. only,05 - Turning movement,01 - Clear,05 - Dusk,04 - Slush,10 - No control,,2,0,0,0,,0,,,,,365106.3271,5029366.459,45.40163839,-75.72966826,11466
15--6785,2015/05/26,12:51 PM,HUNT CLUB RD @ PAUL ANKA DR (0008224),8224,02 - Intersection related,02 - Non-fatal injury,03 - Rear end,01 - Clear,01 - Daylight,01 - Dry,01 - Traffic signal,01 - Functioning,2,0,0,0,01 - Minimal,1,1,,,,369778.4459,5022896.409,45.34300481,-75.67084548,11467
15--6600,2015/05/21,2:25 PM,HAZELDEAN RD btwn 246 E OF CASTLEFRANK RD & IRWIN GT (__3ZA41NB),__3ZA41NB,04 - At/near private drive,03 - P.D. only,03 - Rear end,01 - Clear,01 - Daylight,01 - Dry,10 - No control,,3,0,0,0,,0,,,,,353162.9463,5018107.295,45.30125377,-75.88332004,11468
15--634,2015/01/10,2:10 PM,CAMPEAU DR/HWY 417 MARCH IC138R63 @ MARCH RD (0009710),9710,02 - Intersection related,03 - P.D. only,03 - Rear end,03 - Snow,01 - Daylight,03 - Loose snow,01 - Traffic signal,01 - Functioning,2,0,0,0,,0,,,,,352842.5888,5020475.985,45.32258974,-75.88717504,11469
15--6876,2015/05/28,12:31 PM,WOODROFFE AVE btwn KNOXDALE RD/MEDHURST DR & NORICE ST (__3ZA3JO),__3ZA3JO,01 - Non intersection,03 - P.D. only,03 - Rear end,02 - Rain,01 - Daylight,02 - Wet,10 - No control,,2,0,0,0,,0,,,,,363359.8701,5021976.757,45.33529504,-75.75285089,11470
15--6968,2015/05/30,2:30 PM,BAYVIEW DR btwn WENDIGO WAY & MACROSTIE LANE (__3ZAZ8H),__3ZAZ8H,01 - Non intersection,03 - P.D. only,06 - SMV unattended vehicle,01 - Clear,01 - Daylight,02 - Wet,10 - No control,,1,0,0,0,,0,,,,,337127.2792,5040773.091,45.50612956,-76.08629956,11471
15--7060,2015/06/02,4:00 PM,REGIONAL ROAD 174 EB btwn OR174 IC109 RAMP55 & TRANSIT (__3ZA28V),__3ZA28V,01 - Non intersection,02 - Non-fatal injury,03 - Rear end,01 - Clear,01 - Daylight,01 - Dry,10 - No control,,3,0,0,0,01 - Minimal,1,1,,,,376571.1359,5035210.692,45.45313979,-75.58238656,11472
15--6786,2015/05/26,2:29 PM,BASELINE RD @ GREENBANK RD (0002357),2357,02 - Intersection related,02 - Non-fatal injury,03 - Rear end,01 - Clear,01 - Daylight,01 - Dry,01 - Traffic signal,01 - Functioning,2,0,0,0,02 - Minor,1,,1,,,360596.9636,5022584.14,45.34098541,-75.78803075,11473
15--6601,2015/05/21,2:34 PM,CLAYMOR AVE @ MEADOWLANDS DR (0003184),3184,03 - At intersection,03 - P.D. only,02 - Angle,01 - Clear,01 - Daylight,01 - Dry,01 - Traffic signal,01 - Functioning,2,0,0,0,,0,,,,,366920.7054,5025322.885,45.36509665,-75.70700308,11474
15--6602,2015/05/21,2:40 PM,GLADSTONE AVE @ METCALFE ST (0002709),2709,03 - At intersection,03 - P.D. only,02 - Angle,01 - Clear,01 - Daylight,01 - Dry,01 - Traffic signal,01 - Functioning,2,0,0,0,,0,,,,,368229.991,5030749.488,45.41380639,-75.68959366,11475
15--6603,2015/05/21,3:00 PM,HAWTHORNE RD @ WHYTE SIDE RD (0009314),9314,03 - At intersection,03 - P.D. only,02 - Angle,01 - Clear,01 - Daylight,01 - Dry,02 - Stop sign,01 - Functioning,2,0,0,0,,0,,,,,376247.0272,5024595.154,45.35766032,-75.58806804,11476
15--6604,2015/05/21,3:03 PM,MERIVALE RD btwn SHILLINGTON AVE & RAVEN AVE (__3ZBODC),__3ZBODC,04 - At/near private drive,03 - P.D. only,05 - Turning movement,01 - Clear,01 - Daylight,01 - Dry,10 - No control,,2,0,0,0,,0,,,,,364845.0685,5026837.679,45.37890738,-75.73331289,11477
15--6605,2015/05/21,3:42 PM,PARKDALE AVE @ WELLINGTON ST (0002260),2260,02 - Intersection related,02 - Non-fatal injury,03 - Rear end,01 - Clear,01 - Daylight,01 - Dry,01 - Traffic signal,01 - Functioning,2,0,0,0,01 - Minimal,3,3,,,,365150.4213,5029269.475,45.40076195,-75.72911694,11478
15--6606,2015/05/21,3:57 PM,MOODIE DR @ WEST HUNT CLUB RD (0010414),10414,02 - Intersection related,03 - P.D. only,03 - Rear end,01 - Clear,01 - Daylight,01 - Dry,01 - Traffic signal,01 - Functioning,2,0,0,0,,0,,,,,357907.6517,5018498.816,45.30443406,-75.82278202,11479
15--6607,2015/05/21,4:11 PM,FORSEY ST btwn BRUYERE ST & ST. PATRICK ST (__3ZA1DP),__3ZA1DP,01 - Non intersection,03 - P.D. only,06 - SMV unattended vehicle,01 - Clear,01 - Daylight,01 - Dry,10 - No control,,1,0,0,0,,0,,,,,368489.0868,5033172.64,45.43558552,-75.68597038,11480
15--6608,2015/05/21,4:17 PM,INNES RD btwn WILDFLOWER DR & CHAPELIER PRIV (__5JF3QO),__5JF3QO,01 - Non intersection,02 - Non-fatal injury,03 - Rear end,01 - Clear,01 - Daylight,01 - Dry,10 - No control,,2,0,0,0,01 - Minimal,1,1,,,,382945.4299,5035695.857,45.45682117,-75.50082436,11481
15--6609,2015/05/21,4:45 PM,RICHMOND RD btwn ATHLONE AVE & TWEEDSMUIR AVE (__3ZA4O6),__3ZA4O6,04 - At/near private drive,03 - P.D. only,02 - Angle,01 - Clear,01 - Daylight,01 - Dry,10 - No control,,2,0,0,0,,0,,,,,363487.0221,5028462.218,45.39363981,-75.75045847,11482
15--661,2015/01/11,11:27 AM,CARLING AVE WB @ SAIGON CRT (0002102),2102,03 - At intersection,03 - P.D. only,05 - Turning movement,01 - Clear,01 - Daylight,02 - Wet,01 - Traffic signal,01 - Functioning,2,0,0,0,,0,,,,,364065.4939,5027195.741,45.38219555,-75.74322305,11483
15--6610,2015/05/21,4:53 PM,FROBISHER LANE W @ RIVERSIDE DR (0011961),11961,02 - Intersection related,03 - P.D. only,03 - Rear end,01 - Clear,01 - Daylight,01 - Dry,01 - Traffic signal,01 - Functioning,2,0,0,0,,0,,,,,370118.8953,5029600.235,45.40329208,-75.66561509,11484
15--6611,2015/05/21,4:58 PM,OTTAWA RIVER PKWY EB btwn TRANSIT & TURN LANE (1) (__3ZA232),__3ZA232,01 - Non intersection,03 - P.D. only,04 - Sideswipe,01 - Clear,01 - Daylight,01 - Dry,10 - No control,,4,0,0,0,,0,,,,,363086.1379,5029247.41,45.40073832,-75.75548529,11485
15--6612,2015/05/21,5:03 PM,BEARBROOK RD @ CENTREPARK DR N (0003624),3624,02 - Intersection related,03 - P.D. only,03 - Rear end,01 - Clear,01 - Daylight,01 - Dry,02 - Stop sign,01 - Functioning,2,0,0,0,,0,,,,,377786.2483,5033368.586,45.43643991,-75.56712631,11486
15--6613,2015/05/21,5:15 PM,DES EPINETTES AVE @ PRESTWICK DR (0004495),4495,02 - Intersection related,03 - P.D. only,03 - Rear end,01 - Clear,01 - Daylight,01 - Dry,02 - Stop sign,01 - Functioning,2,0,0,0,,0,,,,,383335.482,5036664.93,45.4654963,-75.49568308,11487
15--6614,2015/05/21,5:26 PM,TRAVERSE DR btwn NEEDHAM CRES & NEEDHAM CRES (__3ZA9XC),__3ZA9XC,01 - Non intersection,03 - P.D. only,06 - SMV unattended vehicle,01 - Clear,01 - Daylight,01 - Dry,10 - No control,,1,0,0,0,,0,,,,,369922.7405,5026005.935,45.37097005,-75.66859477,11488
15--6615,2015/05/21,5:47 PM,REGIONAL ROAD 174 btwn OR174 IC109 RAMP86 & OR174 IC109 RAMP64 (__3ZA28U),__3ZA28U,01 - Non intersection,03 - P.D. only,99 - Other,01 - Clear,01 - Daylight,01 - Dry,10 - No control,,2,0,0,0,,0,,,,,376570.4152,5035242.404,45.45342519,-75.58239115,11489
15--6616,2015/05/21,5:53 PM,KIRKWOOD AVE @ LAPERRIERE AVE (0006742),6742,02 - Intersection related,03 - P.D. only,99 - Other,01 - Clear,01 - Daylight,01 - Dry,01 - Traffic signal,01 - Functioning,2,0,0,0,,0,,,,,364519.694,5026957.097,45.3800097,-75.73745263,11490
15--6617,2015/05/21,5:53 PM,WOODROFFE AVE @ SPORTSPLEX S (0010592),10592,02 - Intersection related,03 - P.D. only,03 - Rear end,01 - Clear,01 - Daylight,01 - Dry,01 - Traffic signal,01 - Functioning,2,0,0,0,,0,,,,,363832.1328,5020898.967,45.32555759,-75.74695447,11491
15--6618,2015/05/21,6:17 PM,GARDENWAY DR @ OAKLAWN CRES N (0004816),4816,02 - Intersection related,03 - P.D. only,03 - Rear end,01 - Clear,01 - Daylight,01 - Dry,02 - Stop sign,01 - Functioning,2,0,0,0,,0,,,,,384069.0401,5036684.77,45.46559194,-75.48630056,11492
15--6619,2015/05/21,6:30 AM,WEST HUNT CLUB RD @ 545 E OF ROYDON PL/SUNDERLAND ST (0010375),10375,03 - At intersection,02 - Non-fatal injury,02 - Angle,01 - Clear,01 - Daylight,01 - Dry,01 - Traffic signal,01 - Functioning,2,0,0,0,01 - Minimal,1,1,,,,366351.2687,5022408.583,45.33892451,-75.71463427,11493
15--662,2015/01/11,11:51 AM,HWY 417 NICHOLAS IC118R54 @ LEES AVE (0002696),2696,03 - At intersection,03 - P.D. only,02 - Angle,03 - Snow,01 - Daylight,03 - Loose snow,02 - Stop sign,01 - Functioning,2,0,0,0,,0,,,,,369355.8357,5030768.504,45.41387453,-75.67520843,11494
15--6620,2015/05/21,7:25 PM,PRINCE OF WALES DR @ MEADOWLANDS DR/HOG'S BACK (0001629),1629,02 - Intersection related,03 - P.D. only,04 - Sideswipe,01 - Clear,01 - Daylight,01 - Dry,01 - Traffic signal,01 - Functioning,2,0,0,0,,0,,,,,367371.9189,5025693.959,45.36839535,-75.70119672,11495
15--6621,2015/05/21,8:00 AM,CUMMINGS AVE @ OGILVIE RD (0009923),9923,03 - At intersection,02 - Non-fatal injury,02 - Angle,01 - Clear,01 - Daylight,01 - Dry,01 - Traffic signal,01 - Functioning,2,1,0,0,01 - Minimal,1,1,,,,372748.7202,5032168.176,45.42614689,-75.63167141,11496
15--6622,2015/05/21,8:15 AM,CRICHTON ST @ DUFFERIN RD (0008262),8262,02 - Intersection related,02 - Non-fatal injury,03 - Rear end,01 - Clear,01 - Daylight,01 - Dry,02 - Stop sign,01 - Functioning,2,0,0,0,01 - Minimal,1,1,,,,368695.9798,5033632.688,45.43970598,-75.68326657,11497
15--6623,2015/05/21,8:25 AM,HIGHWAY 417 btwn HWY417 IC115 RAMP51 & HWY417 IC115 RAMP35 (__3ZAZEB),__3ZAZEB,01 - Non intersection,03 - P.D. only,04 - Sideswipe,01 - Clear,01 - Daylight,01 - Dry,10 - No control,,2,0,0,0,,0,,,,,372343.639,5031484.592,45.42003555,-75.63694114,11498
15--6624,2015/05/21,8:35 AM,PARKDALE AVE @ SCOTT ST (0002213),2213,03 - At intersection,02 - Non-fatal injury,02 - Angle,01 - Clear,01 - Daylight,01 - Dry,01 - Traffic signal,01 - Functioning,3,0,0,0,01 - Minimal,2,2,,,,364949.7036,5029725.114,45.40487896,-75.73162499,11499
15--6625,2015/05/21,8:35 AM,MARCH VALLEY RD btwn RIDDELL DR & KLONDIKE RD (__3ZACJC),__3ZACJC,01 - Non intersection,03 - P.D. only,07 - SMV other,01 - Clear,01 - Daylight,01 - Dry,10 - No control,,1,0,0,0,,0,,,,,348256.5471,5027203.374,45.38342332,-75.9450798,11500
15--6626,2015/05/21,8:42 AM,JEANNE D'ARC BLVD @ ORLEANS BLVD N (0003792),3792,02 - Intersection related,03 - P.D. only,03 - Rear end,01 - Clear,01 - Daylight,01 - Dry,01 - Traffic signal,01 - Functioning,3,0,0,0,,0,,,,,380030.3913,5038106.219,45.47882765,-75.53772199,11501
15--6627,2015/05/21,8:51 AM,FAIRLEA CRES @ GORE PRIV (0006832),6832,03 - At intersection,03 - P.D. only,02 - Angle,01 - Clear,01 - Daylight,01 - Dry,10 - No control,,2,0,0,0,,0,,,,,372051.0083,5026554.163,45.3757018,-75.64135209,11502
15--6628,2015/05/21,9:09 AM,TERRY FOX DR btwn MARCH RD & MCKINLEY DR (__3ZACVZ),__3ZACVZ,01 - Non intersection,02 - Non-fatal injury,03 - Rear end,01 - Clear,01 - Daylight,01 - Dry,10 - No control,,2,0,0,0,01 - Minimal,1,1,,,,349883.5343,5023415.717,45.34923843,-75.92465057,11503
15--6629,2015/05/21,9:10 PM,TERRY FOX DR btwn HUNTSVILLE DR & RICHARDSON SIDE RD (e___2HFP),e___2HFP,01 - Non intersection,03 - P.D. only,07 - SMV other,01 - Clear,07 - Dark,01 - Dry,10 - No control,,1,0,0,0,,0,,,,,348424.977,5019824.353,45.3170146,-75.94358011,11504
15--663,2015/01/11,12:51 PM,SCRIVENS ST btwn WALTER ST & CARLING AVE (__3ZABVH),__3ZABVH,04 - At/near private drive,03 - P.D. only,02 - Angle,01 - Clear,01 - Daylight,03 - Loose snow,10 - No control,,2,0,0,0,,0,,,,,359421.7553,5024262.874,45.35618316,-75.80283987,11505
15--6630,2015/05/21,9:20 PM,CARLING AVE btwn RIFLE RD & DAVIDSON'S SIDE RD (__3ZBOCR),__3ZBOCR,01 - Non intersection,03 - P.D. only,07 - SMV other,01 - Clear,07 - Dark,01 - Dry,10 - No control,,1,0,0,0,,0,,,,,354061.2403,5023421.971,45.34901371,-75.87133776,11506
15--6631,2015/05/21,9:30 PM,DUNROBIN RD btwn KINBURN SIDE RD & VANCES SIDE RD (__3ZA3FG),__3ZA3FG,01 - Non intersection,03 - P.D. only,07 - SMV other,01 - Clear,07 - Dark,02 - Wet,10 - No control,,1,0,0,0,,0,,,,,338158.9718,5035764.683,45.46101427,-76.07343733,11507
15--6632,2015/05/21,9:51 AM,ST. JOSEPH BLVD @ JEANNE D'ARC BLVD (0012421),12421,02 - Intersection related,03 - P.D. only,02 - Angle,01 - Clear,01 - Daylight,01 - Dry,11 - Roundabout,01 - Functioning,2,0,0,0,,0,,,,,379861.7564,5036471.834,45.46414088,-75.54012838,11508
15--6633,2015/05/22,10:09 PM,BANK ST btwn CAHILL DR & TURN LANE (1) (__3ZA3HV),__3ZA3HV,04 - At/near private drive,03 - P.D. only,03 - Rear end,01 - Clear,07 - Dark,01 - Dry,10 - No control,,2,0,0,0,,0,,,,,371321.2294,5024300.511,45.35549387,-75.65097214,11509
15--6634,2015/05/22,10:15 AM,HIGHWAY 417 btwn HWY417 IC110 RAMP64 & HWY417 IC104 RAMP16 (__3ZA2W9),__3ZA2W9,01 - Non intersection,03 - P.D. only,04 - Sideswipe,01 - Clear,01 - Daylight,01 - Dry,10 - No control,,2,0,0,0,,0,,,,,376376.8522,5027705.473,45.38563215,-75.58596049,11510
15--6635,2015/05/22,10:51 AM,BREWER RD @ BRONSON AVE (0002240),2240,02 - Intersection related,02 - Non-fatal injury,03 - Rear end,01 - Clear,01 - Daylight,01 - Dry,01 - Traffic signal,01 - Functioning,2,0,0,0,01 - Minimal,1,1,,,,368109.0471,5027766.918,45.38698109,-75.69152158,11511
15--6636,2015/05/22,11:08 AM,INDUSTRIAL AVE @ TRAINYARDS DR (0011906),11906,03 - At intersection,03 - P.D. only,05 - Turning movement,02 - Rain,01 - Daylight,02 - Wet,01 - Traffic signal,01 - Functioning,2,0,0,0,,0,,,,,371685.9551,5030539.839,45.41159826,-75.64547218,11512
15--6637,2015/05/22,11:10 PM,OGILVIE RD @ ELMRIDGE DR/JASMINE CRES N (0008801),8801,03 - At intersection,03 - P.D. only,05 - Turning movement,01 - Clear,07 - Dark,01 - Dry,01 - Traffic signal,01 - Functioning,2,0,0,0,,0,,,,,375421.2413,5034062.272,45.44292415,-75.59725128,11513
15--6638,2015/05/22,11:13 PM,BANK ST @ HUNT CLUB RD (0002119),2119,02 - Intersection related,03 - P.D. only,02 - Angle,01 - Clear,07 - Dark,01 - Dry,01 - Traffic signal,01 - Functioning,2,0,0,0,,0,,,,,371608.7365,5024097.07,45.35363604,-75.64733051,11514
15--6639,2015/05/22,11:35 AM,HIGHWAY 417 btwn HWY417 IC121B RAMP51 & HWY417 IC121A RAMP51 (__3ZA2YW),__3ZA2YW,01 - Non intersection,03 - P.D. only,04 - Sideswipe,01 - Clear,01 - Daylight,01 - Dry,10 - No control,,2,0,0,0,,0,,,,,366750.7698,5029566.607,45.40329568,-75.70863958,11515
15--664,2015/01/11,3:00 PM,ALTA VISTA DR @ FAIRCREST RD (0007580),7580,03 - At intersection,03 - P.D. only,02 - Angle,01 - Clear,01 - Daylight,05 - Packed snow,02 - Stop sign,01 - Functioning,2,0,0,0,,0,,,,,370431.0702,5028972.069,45.39761087,-75.66171138,11516
15--6640,2015/05/22,11:38 AM,BRONSON AVE @ GLADSTONE AVE (0002110),2110,02 - Intersection related,03 - P.D. only,04 - Sideswipe,01 - Clear,01 - Daylight,01 - Dry,01 - Traffic signal,01 - Functioning,2,0,0,0,,0,,,,,367133.1612,5030080.393,45.40788463,-75.70369042,11517
15--6641,2015/05/22,11:59 AM,WEST HUNT CLUB RD @ CLEOPATRA DR/LANCELOT DR (0000114),114,02 - Intersection related,03 - P.D. only,04 - Sideswipe,01 - Clear,01 - Daylight,01 - Dry,01 - Traffic signal,01 - Functioning,2,0,0,0,,0,,,,,365237.1414,5021732.134,45.33293476,-75.72893133,11518
15--6642,2015/05/22,12:01 PM,RIVERSIDE DR NB btwn SMYTH RD SOUTH SIDE RAMP & SMYTH RD NORTH SIDE RA (__3ZA4S0),__3ZA4S0,01 - Non intersection,02 - Non-fatal injury,03 - Rear end,02 - Rain,01 - Daylight,02 - Wet,10 - No control,,2,0,0,0,02 - Minor,1,,1,,,369831.5419,5029173.612,45.39948023,-75.66934161,11519
15--6643,2015/05/22,12:02 PM,CHARLEMAGNE BLVD @ WATTERS RD (0012940),12940,02 - Intersection related,03 - P.D. only,03 - Rear end,01 - Clear,01 - Daylight,02 - Wet,02 - Stop sign,01 - Functioning,2,0,0,0,,0,,,,,384560.7243,5038049.045,45.47781042,-75.47979241,11520
15--6644,2015/05/22,12:04 PM,INNES RD @ TENTH LINE RD (0004633),4633,02 - Intersection related,03 - P.D. only,03 - Rear end,01 - Clear,01 - Daylight,01 - Dry,01 - Traffic signal,01 - Functioning,2,0,0,0,,0,,,,,383951.7603,5036158.115,45.46086688,-75.48788491,11521