Anom_ID,Accident_Date,Accident_Time,Location,Geo_ID,Accident_Location,Classification_of_Accident,Initial_Impact_Type,Environment_Condition,Light,Road_Surface_Condition,Traffic_Control,Traffic_Control_Condition,No__of_Vehicles,No__of_Bicycles,No__of_Motorcycles,No__of_Pedestrians,Max_Injury,No__of_Injuries,No__of_Minimal,No__of_Minor,No__of_Major,No__of_Fatal,X,Y,Latitude,Longitude,ObjectId
15--6645,2015/05/22,12:14 PM,BANK ST btwn GLEBE AVE & FIRST AVE (__3ZA3O8),__3ZA3O8,04 - At/near private drive,02 - Non-fatal injury,03 - Rear end,02 - Rain,01 - Daylight,02 - Wet,10 - No control,,2,0,0,0,01 - Minimal,2,2,,,,368247.6385,5029769.187,45.40498436,-75.68949438,11522
15--6646,2015/05/22,12:15 PM,HIGHWAY 417 btwn HWY417 IC117 RAMP51 & HWY417 IC117 RAMP35 (__3ZA2YN),__3ZA2YN,01 - Non intersection,03 - P.D. only,03 - Rear end,01 - Clear,01 - Daylight,01 - Dry,10 - No control,,2,0,0,0,,0,,,,,370763.811,5031183.417,45.41747644,-75.65716596,11523
15--6647,2015/05/22,12:30 PM,HIGHWAY 417 btwn HWY417 IC115 RAMP61 & REGIONAL ROAD 174 (__3ZA2XG),__3ZA2XG,01 - Non intersection,03 - P.D. only,03 - Rear end,01 - Clear,01 - Daylight,01 - Dry,10 - No control,,2,0,0,0,,0,,,,,372897.4296,5031593.617,45.42096283,-75.62985067,11524
15--6648,2015/05/22,12:34 PM,CAMBRIDGE ST @ CLEMOW AVE (0007362),7362,02 - Intersection related,03 - P.D. only,99 - Other,01 - Clear,01 - Daylight,01 - Dry,02 - Stop sign,00 - Unknown,2,0,0,0,,0,,,,,367325.4486,5029340.866,45.40121343,-75.70132795,11525
15--6649,2015/05/22,12:40 PM,KENNEVALE DR btwn MERNER AVE & FLANDERS ST (__3ZAB51),__3ZAB51,04 - At/near private drive,03 - P.D. only,02 - Angle,01 - Clear,01 - Daylight,01 - Dry,10 - No control,,2,0,0,0,,0,,,,,362004.9233,5014364.877,45.26691496,-75.77101515,11526
15--665,2015/01/11,3:08 PM,EAGLESON RD @ FALLOWFIELD RD (0000118),118,03 - At intersection,03 - P.D. only,02 - Angle,01 - Clear,01 - Daylight,02 - Wet,01 - Traffic signal,01 - Functioning,2,0,0,0,,0,,,,,355960.6702,5012593.924,45.25144515,-75.84821649,11527
15--6650,2015/05/22,12:55 PM,RICHMOND RD btwn ATHLONE AVE & TWEEDSMUIR AVE (__3ZA4O6),__3ZA4O6,01 - Non intersection,03 - P.D. only,99 - Other,01 - Clear,01 - Daylight,01 - Dry,10 - No control,,2,0,0,0,,0,,,,,363478.194,5028453.448,45.39356164,-75.75057225,11528
15--6651,2015/05/22,2:23 PM,BANK ST @ HERON RD (0002155),2155,02 - Intersection related,03 - P.D. only,03 - Rear end,01 - Clear,01 - Daylight,01 - Dry,01 - Traffic signal,01 - Functioning,3,0,0,0,,0,,,,,369996.6839,5026850.096,45.37855866,-75.66753941,11529
15--6652,2015/05/22,2:56 PM,WOODROFFE AVE @ KNOXDALE RD/MEDHURST DR (0000519),519,02 - Intersection related,03 - P.D. only,03 - Rear end,01 - Clear,01 - Daylight,01 - Dry,01 - Traffic signal,01 - Functioning,2,0,0,0,,0,,,,,363419.6899,5021827.933,45.33395093,-75.75210536,11530
15--6653,2015/05/22,2:57 PM,FITZGERALD RD @ ROBERTSON RD (0005301),5301,03 - At intersection,03 - P.D. only,04 - Sideswipe,01 - Clear,01 - Daylight,01 - Dry,01 - Traffic signal,01 - Functioning,2,0,0,0,,0,,,,,356789.5756,5020286.889,45.32060701,-75.83685091,11531
15--6654,2015/05/22,3:08 PM,INNES RD @ STAR TOP RD/WINDMILL LANE (0008734),8734,02 - Intersection related,02 - Non-fatal injury,04 - Sideswipe,01 - Clear,01 - Daylight,01 - Dry,01 - Traffic signal,01 - Functioning,2,0,0,0,01 - Minimal,1,1,,,,374146.7619,5030664.151,45.41247724,-75.6140194,11532
15--6655,2015/05/22,3:35 PM,WOODROFFE AVE btwn TECUMSEH ST & DOMALATCHY PL (__3ZA3GR),__3ZA3GR,01 - Non intersection,03 - P.D. only,04 - Sideswipe,01 - Clear,01 - Daylight,01 - Dry,10 - No control,,2,0,0,0,,0,,,,,362379.9375,5024202.176,45.35540032,-75.76509347,11533
15--6656,2015/05/22,3:46 PM,TRAINYARDS DR btwn TERMINAL AVE & BELFAST RD (__58HPET),__58HPET,04 - At/near private drive,03 - P.D. only,05 - Turning movement,01 - Clear,01 - Daylight,01 - Dry,10 - No control,,2,0,0,0,,0,,,,,371877.6759,5030893.034,45.41475781,-75.64297498,11534
15--6657,2015/05/22,4:00 PM,CARLING AVE @ RIFLE RD (0000579),579,02 - Intersection related,03 - P.D. only,07 - SMV other,01 - Clear,01 - Daylight,01 - Dry,02 - Stop sign,01 - Functioning,1,0,0,0,,0,,,,,353889.5976,5023315.281,45.34806574,-75.87353869,11535
15--6658,2015/05/22,4:10 PM,FOURTH AVE btwn LYON ST S & BANK ST (__3ZA92L),__3ZA92L,04 - At/near private drive,03 - P.D. only,02 - Angle,01 - Clear,01 - Daylight,01 - Dry,10 - No control,,2,0,0,0,,0,,,,,368346.0947,5029463.953,45.40222903,-75.68827612,11536
15--6659,2015/05/22,4:15 PM,MONTREAL RD @ VANIER PKWY (0004630),4630,02 - Intersection related,03 - P.D. only,04 - Sideswipe,01 - Clear,01 - Daylight,01 - Dry,01 - Traffic signal,01 - Functioning,2,0,0,0,,0,,,,,370072.7098,5033064.511,45.43446658,-75.66574608,11537
15--666,2015/01/11,3:22 PM,CATHERINE ST @ LYON ST/HWY 417 LYON IC120BR36 (0002254),2254,02 - Intersection related,03 - P.D. only,04 - Sideswipe,03 - Snow,01 - Daylight,04 - Slush,01 - Traffic signal,01 - Functioning,2,0,0,0,,0,,,,,367747.7066,5030093.047,45.40794349,-75.69583873,11538
15--6660,2015/05/22,4:22 PM,ALTA VISTA DR @ WESMAR DR (0007865),7865,02 - Intersection related,03 - P.D. only,03 - Rear end,01 - Clear,01 - Daylight,01 - Dry,02 - Stop sign,00 - Unknown,3,0,0,0,,0,,,,,370477.0729,5026988.455,45.3797587,-75.66138784,11539
15--6661,2015/05/22,4:27 PM,INNES RD @ ORLEANS BLVD (0003611),3611,02 - Intersection related,03 - P.D. only,02 - Angle,01 - Clear,01 - Daylight,01 - Dry,01 - Traffic signal,01 - Functioning,2,0,0,0,,0,,,,,380460.2317,5034297.53,45.44451362,-75.53281081,11540
15--6662,2015/05/22,4:30 AM,CARLING AVE btwn DAVIDSON'S SIDE RD & GRANDVIEW RD (__3ZA4Z8),__3ZA4Z8,01 - Non intersection,03 - P.D. only,07 - SMV other,01 - Clear,07 - Dark,01 - Dry,10 - No control,,1,0,0,0,,0,,,,,354343.7211,5023595.285,45.35055332,-75.86771565,11541
15--6663,2015/05/22,4:35 PM,CUMMINGS AVE btwn DONALD ST & EADY CRT (__3ZBO9T),__3ZBO9T,04 - At/near private drive,03 - P.D. only,02 - Angle,01 - Clear,01 - Daylight,01 - Dry,10 - No control,,2,0,0,0,,0,,,,,372657.2084,5032398.966,45.42823231,-75.63280892,11542
15--6664,2015/05/22,5:08 PM,CUMMINGS AVE @ OGILVIE RD (0009923),9923,02 - Intersection related,03 - P.D. only,04 - Sideswipe,01 - Clear,01 - Daylight,01 - Dry,01 - Traffic signal,01 - Functioning,2,0,0,0,,0,,,,,372750.1616,5032169.505,45.42615871,-75.63165281,11543
15--6665,2015/05/22,5:17 PM,KING EDWARD AVE @ SOMERSET ST/MARIE CURIE PRIV (0001696),1696,03 - At intersection,03 - P.D. only,03 - Rear end,01 - Clear,01 - Daylight,01 - Dry,01 - Traffic signal,01 - Functioning,2,0,0,0,,0,,,,,368956.9896,5031673.217,45.4220515,-75.68018592,11544
15--6666,2015/05/22,5:30 PM,COLONEL BY DR/SUSSEX DR @ RIDEAU ST (0007647),7647,03 - At intersection,03 - P.D. only,04 - Sideswipe,01 - Clear,01 - Daylight,01 - Dry,01 - Traffic signal,01 - Functioning,2,0,0,0,,0,,,,,367921.0606,5032045.047,45.42549133,-75.69337431,11545
15--6667,2015/05/22,6:00 PM,HIGHWAY 417 btwn REGIONAL ROAD 174 & HWY417 IC113 RAMP85 (__3ZA289),__3ZA289,01 - Non intersection,02 - Non-fatal injury,07 - SMV other,01 - Clear,01 - Daylight,01 - Dry,10 - No control,,1,0,0,0,02 - Minor,1,,1,,,373326.3105,5031722.859,45.4220838,-75.62435309,11546
15--6668,2015/05/22,6:05 PM,OGILVIE RD btwn ELMRIDGE DR & 190 E OF ELMRIDGE DR/JASMINE CRES (__3ZBOFEB),__3ZBOFEB,04 - At/near private drive,03 - P.D. only,03 - Rear end,01 - Clear,01 - Daylight,01 - Dry,10 - No control,,2,0,0,0,,0,,,,,375425.2371,5034074.099,45.44303016,-75.59719851,11547
15--6669,2015/05/22,6:59 PM,KING EDWARD AVE @ LAURIER AVE (0002170),2170,02 - Intersection related,03 - P.D. only,03 - Rear end,01 - Clear,01 - Daylight,01 - Dry,01 - Traffic signal,01 - Functioning,2,0,0,0,,0,,,,,368741.1486,5032034.943,45.42532594,-75.68289676,11548
15--667,2015/01/11,4:07 AM,THOMAS A. DOLAN PKWY btwn CONSTANCE CREEK DR & GREENLAND RD (__3ZAZJQ),__3ZAZJQ,01 - Non intersection,02 - Non-fatal injury,07 - SMV other,01 - Clear,07 - Dark,02 - Wet,10 - No control,,1,0,0,0,01 - Minimal,1,1,,,,344352.9268,5033206.994,45.43767654,-75.99444346,11549
15--6670,2015/05/22,7:38 AM,KING EDWARD AVE @ ST. PATRICK ST (0002714),2714,02 - Intersection related,03 - P.D. only,04 - Sideswipe,01 - Clear,01 - Daylight,01 - Dry,01 - Traffic signal,01 - Functioning,2,0,0,0,,0,,,,,368248.7013,5032822.508,45.43245701,-75.68908763,11550
15--6671,2015/05/22,8:05 AM,JEANNE D'ARC BLVD @ WILLOW AVE (0004526),4526,03 - At intersection,03 - P.D. only,05 - Turning movement,01 - Clear,01 - Daylight,01 - Dry,02 - Stop sign,01 - Functioning,2,0,0,0,,0,,,,,381623.8149,5038838.154,45.48523946,-75.51722887,11551
15--6672,2015/05/22,8:10 PM,HIGHWAY 416 btwn HWY416 IC66 RAMP53 & HWY416 IC57 RAMP34 (__3ZAZLC),__3ZAZLC,01 - Non intersection,03 - P.D. only,07 - SMV other,01 - Clear,01 - Daylight,01 - Dry,10 - No control,,1,0,0,0,,0,,,,,363789.8955,5009849.204,45.22613522,-75.74880624,11552
15--6673,2015/05/22,8:15 AM,SHERBOURNE RD @ WINDERMERE AVE (0002564),2564,03 - At intersection,03 - P.D. only,02 - Angle,01 - Clear,01 - Daylight,01 - Dry,02 - Stop sign,01 - Functioning,2,0,0,0,,0,,,,,362647.6885,5026665.052,45.37753899,-75.76138803,11553
15--6674,2015/05/22,8:20 AM,HIGHWAY 417 btwn HWY417 IC134 RAMP35 & HWY417 IC134 RAMP25 (__3ZA29D),__3ZA29D,01 - Non intersection,03 - P.D. only,99 - Other,01 - Clear,01 - Daylight,01 - Dry,10 - No control,,2,0,0,0,,0,,,,,356468.2864,5022267.869,45.33845581,-75.84074206,11554
15--6675,2015/05/22,8:31 AM,MONTREAL RD @ ST. LAURENT BLVD (0002604),2604,02 - Intersection related,03 - P.D. only,04 - Sideswipe,01 - Clear,01 - Daylight,01 - Dry,01 - Traffic signal,01 - Functioning,2,0,0,0,,0,,,,,371546.6668,5033817.113,45.44109901,-75.64680739,11555
15--6676,2015/05/22,9:10 PM,CLAREMONT DR @ ST. LAURENT BLVD (0007962),7962,02 - Intersection related,03 - P.D. only,06 - SMV unattended vehicle,01 - Clear,05 - Dusk,01 - Dry,02 - Stop sign,01 - Functioning,1,0,0,0,,0,,,,,371099.9936,5034889.797,45.45079302,-75.65237183,11556
15--6677,2015/05/22,9:25 AM,FRASER AVE btwn CROSSFIELD AVE & KEENAN AVE (__3ZA0RA),__3ZA0RA,04 - At/near private drive,03 - P.D. only,06 - SMV unattended vehicle,01 - Clear,01 - Daylight,01 - Dry,10 - No control,,1,0,0,0,,0,,,,,362664.2482,5027259.228,45.38288394,-75.76110698,11557
15--6678,2015/05/23,1:04 PM,ARROWWOOD DR btwn BAYWOOD DR & HARTSMERE DR (__49PTLD),__49PTLD,04 - At/near private drive,03 - P.D. only,06 - SMV unattended vehicle,01 - Clear,01 - Daylight,01 - Dry,10 - No control,,1,0,0,0,,0,,,,,351217.4724,5011982.891,45.24627571,-75.90869817,11558
15--6679,2015/05/23,1:27 PM,HAWTHORNE RD/RUSSELL RD @ WALKLEY RD (0002618),2618,03 - At intersection,03 - P.D. only,02 - Angle,01 - Clear,01 - Daylight,01 - Dry,01 - Traffic signal,01 - Functioning,2,0,0,0,,0,,,,,374674.0232,5028498.46,45.392939,-75.60759073,11559
15--668,2015/01/11,4:15 PM,HUNT CLUB RD btwn UPLANDS DR & MCCARTHY RD (__3ZA37N),__3ZA37N,01 - Non intersection,03 - P.D. only,07 - SMV other,01 - Clear,05 - Dusk,01 - Dry,10 - No control,,1,0,0,0,,0,,,,,370387.2525,5023309.425,45.34666435,-75.6630229,11560
15--6680,2015/05/23,1:55 PM,HIGHWAY 416 btwn HWY416 IC66 RAMP24 & HWY416 IC57 RAMP62 (__3ZA1OI),__3ZA1OI,01 - Non intersection,02 - Non-fatal injury,07 - SMV other,01 - Clear,01 - Daylight,01 - Dry,10 - No control,,1,0,0,0,01 - Minimal,1,1,,,,362889.314,5011710.215,45.24295564,-75.76005624,11561
15--6681,2015/05/23,10:21 PM,METCALFE ST @ WELLINGTON ST (0002227),2227,03 - At intersection,02 - Non-fatal injury,07 - SMV other,01 - Clear,07 - Dark,01 - Dry,01 - Traffic signal,01 - Functioning,1,0,0,1,03 - Major,1,,,1,,367565.6992,5031818.663,45.42348638,-75.69794388,11562
15--6682,2015/05/23,11:00 PM,VICTOR ST btwn DENHAM WAY & GREER ST (__3ZAZCS),__3ZAZCS,01 - Non intersection,03 - P.D. only,06 - SMV unattended vehicle,01 - Clear,07 - Dark,01 - Dry,10 - No control,,1,0,0,0,,0,,,,,350352.2964,5015152.266,45.27485139,-75.91942829,11563
15--6683,2015/05/23,11:13 PM,EDGECLIFFE AVE @ CALDWELL AVE (0006543),6543,03 - At intersection,03 - P.D. only,02 - Angle,01 - Clear,07 - Dark,01 - Dry,10 - No control,,2,0,0,0,,0,,,,,364345.0608,5026250.856,45.37366992,-75.73976744,11564
15--6684,2015/05/23,11:22 AM,TERRY FOX DR btwn HUNTSVILLE DR & OLD SECOND LINE RD (__8IAYIU),__8IAYIU,01 - Non intersection,03 - P.D. only,07 - SMV other,01 - Clear,01 - Daylight,01 - Dry,10 - No control,,1,0,0,0,,0,,,,,348688.544,5022311.031,45.33937399,-75.93999813,11565
15--6685,2015/05/23,11:30 AM,BELCOURT BLVD @ ST. JOSEPH BLVD (0004138),4138,02 - Intersection related,03 - P.D. only,04 - Sideswipe,01 - Clear,01 - Daylight,01 - Dry,01 - Traffic signal,01 - Functioning,2,0,0,0,,0,,,,,381204.7402,5037360.287,45.47198885,-75.522819,11566
15--6686,2015/05/23,11:35 PM,KING EDWARD AVE NB btwn ST. ANDREW ST & GUIGUES AVE (__3ZA3LH),__3ZA3LH,01 - Non intersection,02 - Non-fatal injury,03 - Rear end,01 - Clear,07 - Dark,01 - Dry,10 - No control,,2,0,0,0,01 - Minimal,1,1,,,,368193.3156,5032954.187,45.43364683,-75.68977847,11567
15--6877,2015/05/28,12:35 PM,MERIVALE RD btwn WEST HUNT CLUB RD & JAMIE AVE (__3ZA3JU),__3ZA3JU,04 - At/near private drive,03 - P.D. only,02 - Angle,01 - Clear,01 - Daylight,01 - Dry,10 - No control,,3,0,0,0,,0,,,,,365624.2267,5021916.192,45.33455745,-75.72397065,11568
15--6340,2015/05/13,5:27 PM,RIDEAU ST @ NICHOLAS ST (0002639),2639,02 - Intersection related,03 - P.D. only,03 - Rear end,01 - Clear,01 - Daylight,01 - Dry,02 - Stop sign,00 - Unknown,2,0,0,0,,0,,,,,368141.9756,5032185.748,45.42673734,-75.69053342,11569
15--6787,2015/05/26,3:00 PM,CARLING AVE @ MERIVALE RD (0002148),2148,02 - Intersection related,03 - P.D. only,04 - Sideswipe,01 - Clear,01 - Daylight,01 - Dry,01 - Traffic signal,00 - Unknown,2,0,0,0,,0,,,,,364895.4245,5027699.463,45.38665724,-75.73256507,11570
15--6969,2015/05/30,2:33 PM,BANK ST btwn ALTA VISTA DR & WALKLEY RD (__3ZA4TX),__3ZA4TX,01 - Non intersection,03 - P.D. only,03 - Rear end,01 - Clear,01 - Daylight,01 - Dry,10 - No control,,3,0,0,0,,0,,,,,370259.8392,5026167.115,45.37238889,-75.66427021,11571
15--6878,2015/05/28,2:39 PM,ST. JOSEPH BLVD @ REGIONAL RD 174/TRANSITWAY (0012428),12428,02 - Intersection related,03 - P.D. only,03 - Rear end,01 - Clear,01 - Daylight,01 - Dry,01 - Traffic signal,01 - Functioning,2,0,0,0,,0,,,,,376555.2801,5035056.187,45.45175128,-75.5826118,11572
15--7061,2015/06/02,4:32 PM,WOODROFFE AVE btwn Continuation of WOODROFFE AVE & PARKGLEN DR (__3ZA34I),__3ZA34I,04 - At/near private drive,02 - Non-fatal injury,07 - SMV other,01 - Clear,01 - Daylight,01 - Dry,10 - No control,,1,0,0,0,02 - Minor,3,1,2,,,362846.6734,5023214.031,45.34647059,-75.75925291,11573
15--6341,2015/05/13,5:55 PM,EAGLESON RD @ KATIMAVIK RD/TIMM DR (0011925),11925,03 - At intersection,03 - P.D. only,02 - Angle,01 - Clear,01 - Daylight,01 - Dry,01 - Traffic signal,01 - Functioning,2,0,0,0,,0,,,,,353214.6241,5019564.024,45.31435817,-75.88251883,11574
15--6788,2015/05/26,3:32 PM,ST. JOSEPH BLVD @ TAYLOR CREEK DR (0004635),4635,02 - Intersection related,03 - P.D. only,03 - Rear end,01 - Clear,01 - Daylight,01 - Dry,02 - Stop sign,00 - Unknown,2,0,0,0,,0,,,,,384033.9389,5039173.28,45.4879852,-75.48634799,11575
15--697,2015/01/12,3:20 PM,HIGHWAY 417 btwn HWY417 IC118 RAMP67 & HWY417 IC117 RAMP36 (__3ZA2YO),__3ZA2YO,01 - Non intersection,03 - P.D. only,99 - Other,01 - Clear,01 - Daylight,02 - Wet,10 - No control,,2,0,0,0,,0,,,,,370215.0745,5031119.879,45.41695627,-75.66418497,11576
15--6879,2015/05/28,2:44 PM,CUMMINGS AVE @ OGILVIE RD (0009923),9923,02 - Intersection related,03 - P.D. only,03 - Rear end,01 - Clear,01 - Daylight,01 - Dry,01 - Traffic signal,01 - Functioning,2,0,0,0,,0,,,,,372747.9995,5032170.225,45.4261654,-75.63168033,11577
15--7062,2015/06/02,4:42 PM,HIGHWAY 417 btwn HWY417 IC115 RAMP25 & REGIONAL ROAD 174 (__3ZA2RY),__3ZA2RY,01 - Non intersection,02 - Non-fatal injury,04 - Sideswipe,01 - Clear,01 - Daylight,01 - Dry,10 - No control,,4,0,0,0,01 - Minimal,1,1,,,,373248.3321,5031690.368,45.4217991,-75.62535392,11578
15--6342,2015/05/13,6:01 PM,WEST HUNT CLUB RD @ WOODROFFE AVE (0000576),576,02 - Intersection related,03 - P.D. only,03 - Rear end,01 - Clear,01 - Daylight,01 - Dry,01 - Traffic signal,01 - Functioning,2,0,0,0,,0,,,,,363670.691,5021246.007,45.32869379,-75.74897247,11579
15--6789,2015/05/26,3:33 PM,QUEEN ELIZABETH DRWY @ SOMERSET ST (0007135),7135,03 - At intersection,02 - Non-fatal injury,07 - SMV other,01 - Clear,01 - Daylight,01 - Dry,02 - Stop sign,01 - Functioning,1,0,0,1,02 - Minor,1,,1,,,368570.9094,5031474.452,45.42029838,-75.68514458,11580
15--6970,2015/05/30,3:00 PM,CAMPEAU DR @ TERRY FOX DR (0008211),8211,02 - Intersection related,03 - P.D. only,03 - Rear end,02 - Rain,01 - Daylight,02 - Wet,01 - Traffic signal,01 - Functioning,2,0,0,0,,0,,,,,350455.6007,5019010.202,45.30955955,-75.91775662,11581
15--688,2015/01/12,12:00 PM,OLD PROSPECT RD btwn CLOVERDALE RD & LANSDOWNE RD N (__3ZA8Q4),__3ZA8Q4,04 - At/near private drive,03 - P.D. only,06 - SMV unattended vehicle,03 - Snow,01 - Daylight,03 - Loose snow,10 - No control,,1,0,0,0,,0,,,,,369477.4145,5034894.882,45.45099082,-75.67311322,11582
15--7063,2015/06/02,4:50 AM,OSGOODE MAIN ST btwn 2ND LINE RD & BLANCHFIELD RD (__3ZA2C1),__3ZA2C1,01 - Non intersection,03 - P.D. only,07 - SMV other,01 - Clear,03 - Dawn,01 - Dry,10 - No control,,1,0,0,0,,0,,,,,377784.7927,5002798.139,45.1613805,-75.57164473,11583
15--7064,2015/06/02,4:53 PM,MURRAY ST @ SUSSEX DR (0011912),11912,03 - At intersection,03 - P.D. only,05 - Turning movement,01 - Clear,01 - Daylight,01 - Dry,01 - Traffic signal,01 - Functioning,2,0,0,0,,0,,,,,367708.0361,5032393.737,45.42864792,-75.69605175,11584
15--7065,2015/06/02,5:07 PM,GREY SEAL CIRC btwn BOOKTON PL & NORTH BLUFF DR (__4CPJNK),__4CPJNK,04 - At/near private drive,03 - P.D. only,06 - SMV unattended vehicle,01 - Clear,01 - Daylight,01 - Dry,10 - No control,,1,0,0,0,,0,,,,,369348.0377,5016317.952,45.2838529,-75.67719415,11585
15--7066,2015/06/02,5:22 PM,HERON RD @ 155 W OF BANK ST/CANADIAN TIRE SC (0008219),8219,02 - Intersection related,03 - P.D. only,03 - Rear end,01 - Clear,01 - Daylight,01 - Dry,01 - Traffic signal,01 - Functioning,3,0,0,0,,0,,,,,369847.8238,5026830.415,45.37839542,-75.66944252,11586
15--7067,2015/06/02,5:30 PM,HIGHWAY 417 btwn HWY417 IC122 RAMP16 & HWY417 IC122 RAMP61 (__3ZA2RA),__3ZA2RA,01 - Non intersection,03 - P.D. only,03 - Rear end,01 - Clear,01 - Daylight,01 - Dry,10 - No control,,2,0,0,0,,0,,,,,365329.478,5028893.93,45.39736742,-75.72687606,11587
15--7068,2015/06/02,5:39 PM,BAY ST @ GLADSTONE AVE (0007724),7724,03 - At intersection,02 - Non-fatal injury,02 - Angle,01 - Clear,01 - Daylight,01 - Dry,02 - Stop sign,01 - Functioning,2,0,0,0,01 - Minimal,1,1,,,,367461.99,5030287.483,45.4097186,-75.69946371,11588
15--7069,2015/06/02,5:40 PM,HWY 417 INNES IC112R55 @ INNES RD (0012296),12296,02 - Intersection related,03 - P.D. only,03 - Rear end,01 - Clear,01 - Daylight,01 - Dry,10 - No control,,2,0,0,0,,0,,,,,374196.5932,5030695.336,45.41275289,-75.61337843,11589
15--707,2015/01/12,6:02 PM,HWY417 IC131 RAMP66 btwn TRANSIT & HWY417 IC130 RAMP36 (__6KES9I),__6KES9I,01 - Non intersection,03 - P.D. only,04 - Sideswipe,01 - Clear,07 - Dark,02 - Wet,10 - No control,,2,0,0,0,,0,,,,,357996.5904,5022819.342,45.34330377,-75.82118383,11590
15--7070,2015/06/02,5:40 PM,INNES RD btwn HWY417 IC112 RAMP65 & HWY417 IC112 RAMP56 (__3ZA3RA),__3ZA3RA,01 - Non intersection,03 - P.D. only,03 - Rear end,01 - Clear,01 - Daylight,01 - Dry,10 - No control,,2,0,0,0,,0,,,,,374425.546,5030829.35,45.41393594,-75.61043472,11591
15--7071,2015/06/02,5:51 PM,WELLINGTON ST btwn BANK ST & O'CONNOR ST (__3ZA3MF),__3ZA3MF,01 - Non intersection,03 - P.D. only,07 - SMV other,01 - Clear,01 - Daylight,01 - Dry,10 - No control,,1,0,0,0,,0,,,,,367293.0223,5031648.393,45.42197876,-75.70144956,11592
15--7072,2015/06/02,5:55 PM,CONSTELLATION CRES btwn TURN LANE & CENTREPOINTE DR (__3ZA0AQ),__3ZA0AQ,04 - At/near private drive,03 - P.D. only,02 - Angle,01 - Clear,01 - Daylight,01 - Dry,10 - No control,,2,0,0,0,,0,,,,,362394.5223,5023474.639,45.34885279,-75.76499208,11593
15--7073,2015/06/02,6:00 AM,ALBERT ST @ KENT ST (OTTAWA) (0003136),3136,03 - At intersection,03 - P.D. only,02 - Angle,01 - Clear,01 - Daylight,01 - Dry,01 - Traffic signal,01 - Functioning,2,0,0,0,,0,,,,,367221.6948,5031319.827,45.41902879,-75.70240254,11594
15--7074,2015/06/02,6:10 PM,SYCAMORE DR btwn ANWATIN ST & RIDGEFIELD CRES (__3ZABNP),__3ZABNP,04 - At/near private drive,03 - P.D. only,06 - SMV unattended vehicle,01 - Clear,01 - Daylight,01 - Dry,10 - No control,,1,0,0,0,,0,,,,,358017.1613,5019673.207,45.31499306,-75.82125956,11595
15--7075,2015/06/02,6:15 AM,DONALD ST @ 110 E OF ST. LAURENT BLVD  (0013077),13077,02 - Intersection related,02 - Non-fatal injury,99 - Other,02 - Rain,01 - Daylight,02 - Wet,01 - Traffic signal,01 - Functioning,2,0,0,0,02 - Minor,1,,1,,,372203.1927,5032483.464,45.42903649,-75.63859885,11596
15--7076,2015/06/02,6:20 PM,HUNT CLUB RD btwn WEST HUNT CLUB RD & TURN LANE (__3ZBOEO),__3ZBOEO,01 - Non intersection,02 - Non-fatal injury,03 - Rear end,01 - Clear,01 - Daylight,01 - Dry,10 - No control,,2,0,0,0,01 - Minimal,1,1,,,,367840.8769,5021893.96,45.33416177,-75.69569498,11597
15--7077,2015/06/02,6:34 PM,BEECHWOOD AVE @ CHARLEVOIX ST/MACKAY ST (0002248),2248,03 - At intersection,02 - Non-fatal injury,07 - SMV other,01 - Clear,01 - Daylight,01 - Dry,01 - Traffic signal,01 - Functioning,1,0,0,1,02 - Minor,1,,1,,,369186.5917,5033591.27,45.4392883,-75.67700152,11598
15--7078,2015/06/02,7:00 AM,HIGHWAY 417 btwn HWY417 IC117 RAMP61 & HWY417 IC115 RAMP36 (__3ZA2RZ),__3ZA2RZ,01 - Non intersection,02 - Non-fatal injury,03 - Rear end,02 - Rain,01 - Daylight,02 - Wet,10 - No control,,5,0,0,0,01 - Minimal,3,3,,,,371536.3741,5031421.684,45.41954701,-75.64726358,11599
15--7079,2015/06/02,7:10 PM,VIEWMOUNT DR @ MERIVALE RD (0001528),1528,03 - At intersection,03 - P.D. only,05 - Turning movement,01 - Clear,01 - Daylight,01 - Dry,01 - Traffic signal,01 - Functioning,2,0,0,0,,0,,,,,365194.4178,5022948.856,45.34388636,-75.72932784,11600
15--708,2015/01/12,6:21 AM,BANK ST @ HUNT CLUB RD (0002119),2119,03 - At intersection,03 - P.D. only,02 - Angle,03 - Snow,07 - Dark,06 - Ice,01 - Traffic signal,01 - Functioning,2,0,0,0,,0,,,,,371608.2546,5024094.699,45.35361475,-75.64733698,11601
15--7080,2015/06/02,7:45 PM,ISLAND PARK DR btwn CLEARVIEW AVE & SUNNYMEDE AVE (__3ZA230),__3ZA230,01 - Non intersection,03 - P.D. only,07 - SMV other,01 - Clear,01 - Daylight,01 - Dry,10 - No control,,1,0,0,0,,0,,,,,363644.7257,5029307.486,45.40123214,-75.74834364,11602
15--7081,2015/06/02,7:47 AM,LEITRIM RD @ RIVER RD (0004194),4194,03 - At intersection,03 - P.D. only,02 - Angle,02 - Rain,01 - Daylight,02 - Wet,02 - Stop sign,01 - Functioning,2,0,0,0,,0,,,,,368018.9825,5017178.539,45.29171715,-75.6940245,11603
15--7082,2015/06/02,8:14 AM,REGIONAL ROAD 174 btwn OR174 IC112 RAMP36 & OR174 IC112 RAMP26 (__3ZAZFK),__3ZAZFK,01 - Non intersection,02 - Non-fatal injury,03 - Rear end,01 - Clear,01 - Daylight,01 - Dry,10 - No control,,2,0,0,0,01 - Minimal,1,1,,,,374754.3709,5032814.638,45.43176569,-75.60595211,11604