Anom_ID,Accident_Date,Accident_Time,Location,Geo_ID,Accident_Location,Classification_of_Accident,Initial_Impact_Type,Environment_Condition,Light,Road_Surface_Condition,Traffic_Control,Traffic_Control_Condition,No__of_Vehicles,No__of_Bicycles,No__of_Motorcycles,No__of_Pedestrians,Max_Injury,No__of_Injuries,No__of_Minimal,No__of_Minor,No__of_Major,No__of_Fatal,X,Y,Latitude,Longitude,ObjectId
15--7083,2015/06/02,8:15 AM,ISLAND PARK DR btwn CLEARVIEW AVE & SUNNYMEDE AVE (__3ZA230),__3ZA230,01 - Non intersection,03 - P.D. only,01 - Approaching,01 - Clear,01 - Daylight,01 - Dry,10 - No control,,2,0,0,0,,0,,,,,363627.6903,5029328.56,45.40142319,-75.74855871,11605
15--7084,2015/06/02,8:20 AM,WOODCLIFFE PRIV @ JEANNE D'ARC BLVD (0012420),12420,03 - At intersection,03 - P.D. only,03 - Rear end,02 - Rain,01 - Daylight,02 - Wet,02 - Stop sign,00 - Unknown,4,0,0,0,,0,,,,,380106.9623,5036227.618,45.46191723,-75.5370306,11606
15--7085,2015/06/02,8:20 AM,PRESTON ST btwn GEORGE ST W & ABERDEEN ST (__3ZA3ZV),__3ZA3ZV,01 - Non intersection,03 - P.D. only,06 - SMV unattended vehicle,01 - Clear,01 - Daylight,01 - Dry,10 - No control,,1,0,0,0,,0,,,,,366636.0138,5029378.046,45.4016092,-75.71012898,11607
15--7086,2015/06/02,8:33 AM,CLYDE AVE btwn DOHENY ST & DOBBIE ST (__3ZA0EK),__3ZA0EK,04 - At/near private drive,03 - P.D. only,05 - Turning movement,02 - Rain,01 - Daylight,02 - Wet,10 - No control,,2,0,0,0,,0,,,,,363620.6245,5026629.427,45.37713743,-75.74897068,11608
15--7087,2015/06/02,9:08 AM,RIVER GARDEN PRIV @ WALKLEY RD (0011427),11427,03 - At intersection,03 - P.D. only,05 - Turning movement,01 - Clear,01 - Daylight,01 - Dry,10 - No control,,2,0,0,0,,0,,,,,368605.62,5024914.96,45.3612749,-75.68554927,11609
15--7088,2015/06/02,9:25 AM,EPWORTH AVE btwn BASSANO ST & PENDER ST (__3ZA15H),__3ZA15H,04 - At/near private drive,03 - P.D. only,07 - SMV other,01 - Clear,01 - Daylight,02 - Wet,10 - No control,,1,0,0,0,,0,,,,,364268.3168,5023809.89,45.35171296,-75.74104091,11610
15--7089,2015/06/02,9:30 PM,METCALFE ST @ SOMERSET ST (0002689),2689,03 - At intersection,03 - P.D. only,05 - Turning movement,01 - Clear,07 - Dark,01 - Dry,01 - Traffic signal,01 - Functioning,2,0,0,0,,0,,,,,368011.425,5031104.212,45.41701786,-75.69234037,11611
15--709,2015/01/12,6:30 PM,CARLING AVE @ KIRKWOOD AVE S (0002209),2209,02 - Intersection related,03 - P.D. only,03 - Rear end,03 - Snow,07 - Dark,03 - Loose snow,01 - Traffic signal,01 - Functioning,2,0,0,0,,0,,,,,364351.7005,5027338.031,45.38345158,-75.73955156,11612
15--7090,2015/06/02,9:40 AM,INNES RD btwn INDUSTRIAL AVE & BANTREE ST (__3ZA2XQ),__3ZA2XQ,01 - Non intersection,02 - Non-fatal injury,03 - Rear end,01 - Clear,01 - Daylight,01 - Dry,10 - No control,,2,0,0,0,01 - Minimal,1,1,,,,373493.8313,5030278.718,45.4090737,-75.62241402,11613
15--7091,2015/06/03,1:12 PM,BESSERER ST @ CUMBERLAND ST (0011559),11559,02 - Intersection related,03 - P.D. only,04 - Sideswipe,01 - Clear,01 - Daylight,01 - Dry,01 - Traffic signal,01 - Functioning,2,0,0,0,,0,,,,,368416.703,5032256.214,45.42734644,-75.68701384,11614
15--7092,2015/06/03,1:52 PM,COOPER ST @ ELGIN ST (0006934),6934,02 - Intersection related,03 - P.D. only,06 - SMV unattended vehicle,01 - Clear,01 - Daylight,01 - Dry,01 - Traffic signal,01 - Functioning,1,0,0,0,,0,,,,,368121.1554,5031270.508,45.41850421,-75.6909171,11615
15--7093,2015/06/03,10:05 PM,HIGHWAY 417 btwn HWY417 IC110 RAMP55 & HWY417 IC110 RAMP65 (__3ZA28Z),__3ZA28Z,01 - Non intersection,03 - P.D. only,99 - Other,01 - Clear,07 - Dark,01 - Dry,10 - No control,,2,0,0,0,,0,,,,,375804.5988,5029014.888,45.39747183,-75.59307885,11616
15--7094,2015/06/03,11:00 PM,HIGHWAY 417 btwn HWY417 IC122 RAMP51 & HWY417 IC122 RAMP15 (__3ZA2R0),__3ZA2R0,01 - Non intersection,03 - P.D. only,03 - Rear end,01 - Clear,07 - Dark,01 - Dry,10 - No control,,3,0,0,0,,0,,,,,365349.4893,5028886.135,45.39729555,-75.72662144,11617
15--7095,2015/06/03,11:23 PM,JEANNE D'ARC BLVD @ ORLEANS BLVD S (0004154),4154,03 - At intersection,02 - Non-fatal injury,02 - Angle,01 - Clear,07 - Dark,01 - Dry,01 - Traffic signal,01 - Functioning,2,0,0,0,02 - Minor,3,1,2,,,380941.4652,5036250.94,45.46203661,-75.52635753,11618
15--7096,2015/06/03,11:25 AM,TERRY FOX DR btwn WALTER BAKER PL & 240 S OF EDGEWATER ST (__3ZA3DKA),__3ZA3DKA,01 - Non intersection,03 - P.D. only,04 - Sideswipe,01 - Clear,01 - Daylight,01 - Dry,10 - No control,,2,0,0,0,,0,,,,,351894.2578,5017525.373,45.29610368,-75.89955156,11619
15--7097,2015/06/03,11:43 AM,ELGIN ST @ WAVERLEY ST (0006948),6948,02 - Intersection related,03 - P.D. only,03 - Rear end,01 - Clear,01 - Daylight,01 - Dry,01 - Traffic signal,01 - Functioning,2,0,0,0,,0,,,,,368316.986,5030951.487,45.41561602,-75.68845626,11620
15--7098,2015/06/03,11:55 PM,WHITE ALDER AVE btwn FLAT SEDGE CRES & STALWART CRES W (__67PTMM),__67PTMM,01 - Non intersection,03 - P.D. only,06 - SMV unattended vehicle,01 - Clear,07 - Dark,01 - Dry,10 - No control,,1,0,0,0,,0,,,,,375451.873,5020723.967,45.32290962,-75.59876872,11621
15--7099,2015/06/03,12:13 PM,ST. LAURENT BLVD @ 125 N OF QUEEN MARY ST/ZELL (0008532),8532,02 - Intersection related,03 - P.D. only,03 - Rear end,01 - Clear,01 - Daylight,01 - Dry,01 - Traffic signal,01 - Functioning,2,0,0,0,,0,,,,,372169.6487,5032286.355,45.42726622,-75.63905445,11622
15--71,2015/01/03,12:40 PM,CATHERINE ST/HWY 417 O'CONN IC119BR76 @ O'CONN (0001697),1697,03 - At intersection,02 - Non-fatal injury,07 - SMV other,03 - Snow,01 - Daylight,02 - Wet,01 - Traffic signal,01 - Functioning,1,0,0,0,01 - Minimal,1,1,,,,368243.1081,5030393.367,45.41060094,-75.68947193,11623
15--710,2015/01/12,6:30 PM,RAMSEY CRES btwn DUMAURIER AVE & DUMAURIER AVE (__3ZABJ3),__3ZABJ3,04 - At/near private drive,03 - P.D. only,06 - SMV unattended vehicle,01 - Clear,07 - Dark,02 - Wet,10 - No control,,1,0,0,0,,0,,,,,360095.8606,5023381.054,45.34819572,-75.79433525,11624
15--7100,2015/06/03,12:40 PM,DALHOUSIE ST btwn MURRAY ST & CLARENCE ST (__3ZA83M),__3ZA83M,01 - Non intersection,03 - P.D. only,04 - Sideswipe,01 - Clear,01 - Daylight,01 - Dry,10 - No control,,2,0,0,0,,0,,,,,368029.7265,5032528.463,45.42983113,-75.69192374,11625
15--7101,2015/06/03,2:15 PM,CEDARWOOD DR @ WALKLEY RD (0002235),2235,02 - Intersection related,03 - P.D. only,04 - Sideswipe,01 - Clear,01 - Daylight,01 - Dry,01 - Traffic signal,01 - Functioning,2,0,0,0,,0,,,,,371193.7147,5026454.257,45.37488463,-75.65231007,11626
15--7102,2015/06/03,2:55 PM,TENTH LINE RD btwn 275 N OF DES EPINETTES AVE/FALLINGBROOK SC & DES EP (__3ZA3YNB),__3ZA3YNB,01 - Non intersection,03 - P.D. only,03 - Rear end,01 - Clear,01 - Daylight,01 - Dry,10 - No control,,2,0,0,0,,0,,,,,383631.6057,5036923.159,45.46778625,-75.4918554,11627
15--7103,2015/06/03,2:59 PM,AMBERWOOD CRES btwn WEATHERWOOD CRES & CALAIS CRT (__3ZA6N6),__3ZA6N6,04 - At/near private drive,03 - P.D. only,06 - SMV unattended vehicle,01 - Clear,01 - Daylight,01 - Dry,10 - No control,,1,0,0,0,,0,,,,,366538.9714,5020469.215,45.32145787,-75.71248137,11628
15--7104,2015/06/03,3:30 PM,MARCH RD @ TERRY FOX DR (0003173),3173,02 - Intersection related,03 - P.D. only,03 - Rear end,01 - Clear,01 - Daylight,01 - Dry,01 - Traffic signal,01 - Functioning,2,0,0,0,,0,,,,,349864.6086,5023399.149,45.34909057,-75.92489359,11629
15--7105,2015/06/03,3:45 PM,HIGHWAY 417 btwn HWY417 IC117 RAMP51 & HWY417 IC117 RAMP35 (__3ZA2YN),__3ZA2YN,01 - Non intersection,03 - P.D. only,03 - Rear end,01 - Clear,01 - Daylight,01 - Dry,10 - No control,,3,0,0,0,,0,,,,,370675.7243,5031167.532,45.41734182,-75.65829347,11630
15--7106,2015/06/03,3:50 PM,PALLADIUM DR btwn SILVER SEVEN RD & TERRY FOX DR (__3ZA2I4),__3ZA2I4,01 - Non intersection,03 - P.D. only,04 - Sideswipe,01 - Clear,01 - Daylight,01 - Dry,10 - No control,,2,0,0,0,,0,,,,,351074.9284,5017903.923,45.29956442,-75.90996206,11631
15--7107,2015/06/03,4:30 PM,HWY 417 TERRYFO IC140R61 @ TERRY FOX DR (0011777),11777,02 - Intersection related,03 - P.D. only,03 - Rear end,01 - Clear,01 - Daylight,01 - Dry,01 - Traffic signal,00 - Unknown,3,0,0,0,,0,,,,,350808.3462,5018710.295,45.30683789,-75.91328615,11632
15--7108,2015/06/03,4:34 PM,CARLING AVE @ FAIRLAWN AVE/WOODROFFE AVE E (0002393),2393,03 - At intersection,02 - Non-fatal injury,05 - Turning movement,01 - Clear,01 - Daylight,01 - Dry,01 - Traffic signal,01 - Functioning,2,1,0,0,02 - Minor,1,,1,,,361934.6841,5025830.528,45.37008852,-75.77058762,11633
15--7109,2015/06/03,4:49 PM,WEST HUNT CLUB RD @ ROYDON PL/SUNDERLAND ST (0009775),9775,03 - At intersection,02 - Non-fatal injury,02 - Angle,01 - Clear,01 - Daylight,01 - Dry,01 - Traffic signal,01 - Functioning,3,0,0,0,02 - Minor,2,1,1,,,365973.7076,5022168.409,45.33679648,-75.71948102,11634
15--711,2015/01/12,6:35 AM,ARLINGTON AVE @ BRONSON AVE (0006759),6759,03 - At intersection,02 - Non-fatal injury,05 - Turning movement,03 - Snow,07 - Dark,03 - Loose snow,01 - Traffic signal,01 - Functioning,2,0,0,0,01 - Minimal,1,1,,,,367222.7094,5029868.045,45.405966,-75.70257344,11635
15--7110,2015/06/03,5:01 PM,BANK ST @ GROVE AVE (0007217),7217,03 - At intersection,03 - P.D. only,02 - Angle,01 - Clear,01 - Daylight,01 - Dry,02 - Stop sign,01 - Functioning,2,0,0,0,,0,,,,,368847.7107,5028373.63,45.39237294,-75.68201081,11636
15--7111,2015/06/03,5:10 PM,STORMWIND AVE btwn PORTOBELLO BLVD & TERRAPIN TERR (__8XI21B),__8XI21B,01 - Non intersection,03 - P.D. only,06 - SMV unattended vehicle,01 - Clear,01 - Daylight,01 - Dry,10 - No control,,1,0,0,0,,0,,,,,385833.42,5035129.987,45.45140107,-75.46399741,11637
15--7112,2015/06/03,5:23 PM,MAITLAND AVE btwn HWY417 IC126 RAMP63 & HWY417 IC126 RAMP52 (__3ZA3GY),__3ZA3GY,07 - Overpass or bridge,03 - P.D. only,04 - Sideswipe,01 - Clear,01 - Daylight,01 - Dry,10 - No control,,2,0,0,0,,0,,,,,363188.6262,5025875.176,45.37038691,-75.75457519,11638
15--7113,2015/06/03,5:30 PM,RIDEAU ST btwn COBOURG ST & CHARLOTTE ST (__3ZA3XJ),__3ZA3XJ,01 - Non intersection,03 - P.D. only,03 - Rear end,01 - Clear,01 - Daylight,01 - Dry,10 - No control,,2,0,0,0,,0,,,,,369142.3999,5032793.701,45.43211616,-75.67767057,11639
15--7114,2015/06/03,5:41 PM,MARCH RD btwn CORKSTOWN RD & HWY417 IC138 RAMP62 (__3ZA417),__3ZA417,01 - Non intersection,03 - P.D. only,03 - Rear end,01 - Clear,01 - Daylight,01 - Dry,10 - No control,,3,0,0,0,,0,,,,,352717.417,5020751.752,45.3250797,-75.88874494,11640
15--7115,2015/06/03,5:45 PM,STONEHAVEN DR @ SAWYER WAY/SUMMITVIEW DR (0008287),8287,03 - At intersection,03 - P.D. only,07 - SMV other,01 - Clear,01 - Daylight,01 - Dry,02 - Stop sign,01 - Functioning,1,0,0,0,,0,,,,,356562.387,5015861.411,45.28080268,-75.84021064,11641
15--7116,2015/06/03,5:48 PM,OTTAWA RIVER PKWY @ ISLAND PARK DR (0002127),2127,02 - Intersection related,03 - P.D. only,04 - Sideswipe,01 - Clear,01 - Daylight,01 - Dry,01 - Traffic signal,01 - Functioning,2,0,0,0,,0,,,,,363300.5249,5029452.959,45.40256993,-75.75272268,11642
15--7117,2015/06/03,6:00 PM,MERIVALE RD @ EMERALD PLAZA SC (0005311),5311,03 - At intersection,03 - P.D. only,02 - Angle,01 - Clear,01 - Daylight,01 - Dry,01 - Traffic signal,01 - Functioning,2,0,0,0,,0,,,,,364737.8557,5024005.81,45.35343585,-75.73502525,11643
15--7118,2015/06/03,6:14 PM,HUNT CLUB RD btwn BLOHM DR & HAWTHORNE RD (__3ZA2F2),__3ZA2F2,01 - Non intersection,03 - P.D. only,99 - Other,01 - Clear,01 - Daylight,01 - Dry,10 - No control,,2,0,0,0,,0,,,,,375493.0408,5026398.845,45.37396551,-75.59743247,11644
15--7119,2015/06/03,6:20 PM,CENTRAL PARK DR N @ MERIVALE RD (0011433),11433,02 - Intersection related,03 - P.D. only,03 - Rear end,01 - Clear,01 - Daylight,01 - Dry,01 - Traffic signal,01 - Functioning,2,0,0,0,,0,,,,,364952.9039,5025873.227,45.37022017,-75.73205358,11645
15--712,2015/01/12,6:38 AM,CONLEY RD @ COPELAND RD (0005450),5450,02 - Intersection related,03 - P.D. only,07 - SMV other,03 - Snow,07 - Dark,03 - Loose snow,02 - Stop sign,01 - Functioning,1,0,0,0,,0,,,,,352138.0851,5003813.638,45.17270422,-75.89774763,11646
15--7120,2015/06/03,7:29 AM,PLEASANT PARK RD @ ALTA VISTA DR (0008005),8005,03 - At intersection,02 - Non-fatal injury,05 - Turning movement,01 - Clear,01 - Daylight,01 - Dry,01 - Traffic signal,01 - Functioning,2,1,0,0,03 - Major,1,,,1,,370365.0024,5028465.746,45.39306135,-75.66262245,11647
15--7121,2015/06/03,7:36 AM,BOURASSA ST @ ST. LAURENT BLVD (0007731),7731,02 - Intersection related,03 - P.D. only,03 - Rear end,01 - Clear,01 - Daylight,01 - Dry,01 - Traffic signal,01 - Functioning,2,0,0,0,,0,,,,,373236.732,5029693.196,45.40383063,-75.62577943,11648
15--7122,2015/06/03,7:51 AM,ELIZABETH ST btwn OSGOODE MAIN ST & PHILIP ST (__3ZA7F8),__3ZA7F8,04 - At/near private drive,03 - P.D. only,02 - Angle,01 - Clear,01 - Daylight,01 - Dry,10 - No control,,2,0,0,0,,0,,,,,375076.2943,5001044.341,45.14587485,-75.60633881,11649
15--7123,2015/06/03,8:14 AM,FISHER AVE @ MALIBU TER (0003121),3121,03 - At intersection,03 - P.D. only,02 - Angle,01 - Clear,01 - Daylight,01 - Dry,02 - Stop sign,01 - Functioning,2,0,0,0,,0,,,,,366262.4184,5025797.729,45.36942723,-75.71534652,11650
15--7124,2015/06/03,8:28 AM,CARLING AVE @ CONNAUGHT AVE (0002143),2143,03 - At intersection,02 - Non-fatal injury,05 - Turning movement,01 - Clear,01 - Daylight,01 - Dry,01 - Traffic signal,01 - Functioning,2,0,0,0,02 - Minor,1,,1,,,360770.6762,5025115.713,45.36375059,-75.78552778,11651
15--7125,2015/06/03,8:33 AM,TERMINAL AVE btwn SANDFORD FLEMING AVE & STEAMLINE ST (__6N4TCE),__6N4TCE,01 - Non intersection,02 - Non-fatal injury,05 - Turning movement,01 - Clear,01 - Daylight,01 - Dry,10 - No control,,2,0,0,0,02 - Minor,1,,1,,,371046.6025,5030854.747,45.41449249,-75.65359725,11652
15--7126,2015/06/03,8:41 AM,HAZELDEAN RD @ HUNTMAR DR/IBER RD (0000075),75,02 - Intersection related,03 - P.D. only,03 - Rear end,01 - Clear,01 - Daylight,01 - Dry,01 - Traffic signal,01 - Functioning,2,0,0,0,,0,,,,,350943.3186,5016079.072,45.28315254,-75.91180985,11653
15--7127,2015/06/03,8:55 AM,VANIER PKWY/CRICHTON ST @ BEECHWOOD AVE/ST. PA (0001604),1604,02 - Intersection related,02 - Non-fatal injury,03 - Rear end,01 - Clear,01 - Daylight,01 - Dry,01 - Traffic signal,01 - Functioning,3,0,0,0,01 - Minimal,1,1,,,,369128.9657,5033488.271,45.43836687,-75.67775149,11654
15--7128,2015/06/03,9:15 PM,BESSERER ST @ WALLER ST (0008859),8859,03 - At intersection,03 - P.D. only,04 - Sideswipe,01 - Clear,07 - Dark,01 - Dry,01 - Traffic signal,01 - Functioning,2,0,0,0,,0,,,,,368316.2937,5032193.149,45.42678813,-75.68830502,11655
15--7129,2015/06/03,9:17 AM,INNES RD btwn STONEHENGE CRES & BLAIR RD (__3ZA3SK),__3ZA3SK,01 - Non intersection,02 - Non-fatal injury,04 - Sideswipe,01 - Clear,01 - Daylight,01 - Dry,10 - No control,,2,0,0,0,02 - Minor,1,,1,,,375557.1133,5031428.384,45.41921221,-75.59589312,11656
15--713,2015/01/12,6:41 PM,LEES AVE btwn HWY417 IC118 RAMP45 & TRANSIT (__3ZA3CM),__3ZA3CM,01 - Non intersection,02 - Non-fatal injury,07 - SMV other,03 - Snow,07 - Dark,03 - Loose snow,10 - No control,,1,0,0,1,02 - Minor,1,,1,,,369625.7281,5030931.828,45.41531911,-75.67173905,11657
15--7130,2015/06/03,9:29 PM,BLAIR PL @ OGILVIE RD (0004162),4162,02 - Intersection related,03 - P.D. only,04 - Sideswipe,01 - Clear,07 - Dark,01 - Dry,01 - Traffic signal,01 - Functioning,2,0,0,0,,0,,,,,374799.7225,5033371.221,45.43676898,-75.60529343,11658
15--7131,2015/06/03,9:34 AM,BRONSON AVE @ PRIMROSE AVE (0006344),6344,02 - Intersection related,02 - Non-fatal injury,07 - SMV other,01 - Clear,01 - Daylight,01 - Dry,01 - Traffic signal,01 - Functioning,1,0,0,1,03 - Major,1,,,1,,366885.919,5030669.79,45.41320983,-75.70677442,11659
15--7132,2015/06/04,1:09 PM,RIDEAU VALLEY DR    N btwn MANOTICK MAIN ST & KELLY MARIE DR (__3ZBOEJ),__3ZBOEJ,01 - Non intersection,03 - P.D. only,07 - SMV other,01 - Clear,01 - Daylight,01 - Dry,10 - No control,,1,0,0,0,,0,,,,,370062.9224,5008793.731,45.21608484,-75.66907015,11660
15--7133,2015/06/04,10:25 AM,HUNTMAR DR btwn BURNABY DR & ROSEHILL AVE (__6O5X32),__6O5X32,01 - Non intersection,03 - P.D. only,03 - Rear end,01 - Clear,01 - Daylight,01 - Dry,10 - No control,,2,0,0,0,,0,,,,,350473.0672,5016487.597,45.28685929,-75.91776624,11661
15--7134,2015/06/04,10:34 PM,CARTIER ST btwn GILMOUR ST & LEWIS ST (__3ZA9UQ),__3ZA9UQ,01 - Non intersection,03 - P.D. only,06 - SMV unattended vehicle,01 - Clear,07 - Dark,01 - Dry,10 - No control,,1,0,0,0,,0,,,,,368424.5414,5031114.501,45.41707299,-75.68706114,11662
15--7135,2015/06/04,10:48 PM,SMYTH RD btwn SAUNDERSON DR & CUBA AVE (__3ZA3R1),__3ZA3R1,01 - Non intersection,02 - Non-fatal injury,05 - Turning movement,01 - Clear,07 - Dark,01 - Dry,10 - No control,,2,0,0,0,02 - Minor,2,1,1,,,372813.1941,5029325.136,45.40056027,-75.6312399,11663
15--7136,2015/06/04,Unknown,NOTRE DAME ST btwn BOYER RD & GAULTOIS AVE (__3ZA6EF),__3ZA6EF,01 - Non intersection,03 - P.D. only,06 - SMV unattended vehicle,01 - Clear,00 - Unknown,01 - Dry,10 - No control,,1,0,0,0,,0,,,,,380564.2477,5036796.324,45.46698455,-75.53109636,11664
15--6343,2015/05/13,6:10 PM,BANK ST @ SUNNYSIDE AVE (0007219),7219,02 - Intersection related,03 - P.D. only,03 - Rear end,01 - Clear,01 - Daylight,01 - Dry,01 - Traffic signal,01 - Functioning,2,0,0,0,,0,,,,,368734.4892,5028581.33,45.3942521,-75.68342976,11665
15--6971,2015/05/30,3:52 PM,ISLAND PARK DR @ MERIVALE RD (0002103),2103,02 - Intersection related,03 - P.D. only,03 - Rear end,02 - Rain,01 - Daylight,02 - Wet,01 - Traffic signal,01 - Functioning,2,0,0,0,,0,,,,,364654.4251,5028022.464,45.38958418,-75.73560325,11666
15--679,2015/01/12,1:43 PM,UNIVERSITY RD btwn CAMPUS AVE & BRONSON AVE (__3ZA88V),__3ZA88V,01 - Non intersection,02 - Non-fatal injury,03 - Rear end,03 - Snow,01 - Daylight,03 - Loose snow,10 - No control,,2,0,0,0,01 - Minimal,1,1,,,,367797.4094,5028008.484,45.38918273,-75.69547007,11667
15--6790,2015/05/26,3:53 PM,CARLING AVE WB btwn POULIN AVE & ALPINE AVE (__3ZA4VZ),__3ZA4VZ,01 - Non intersection,03 - P.D. only,04 - Sideswipe,01 - Clear,01 - Daylight,01 - Dry,10 - No control,,2,0,0,0,,0,,,,,360389.6026,5024873.609,45.36160247,-75.79041909,11668
15--6880,2015/05/28,3:07 PM,JEANNE D'ARC BLVD @ ORLEANS BLVD S (0004154),4154,02 - Intersection related,02 - Non-fatal injury,03 - Rear end,01 - Clear,01 - Daylight,01 - Dry,01 - Traffic signal,01 - Functioning,2,0,0,0,01 - Minimal,1,1,,,,380940.7445,5036250.795,45.46203538,-75.52636677,11669
15--6344,2015/05/13,6:22 PM,ST. PATRICK ST @ SUSSEX DR (0011910),11910,03 - At intersection,03 - P.D. only,02 - Angle,01 - Clear,01 - Daylight,01 - Dry,01 - Traffic signal,01 - Functioning,2,0,0,0,,0,,,,,367666.6762,5032463.099,45.42927573,-75.69657141,11670
15--6972,2015/05/30,4:05 AM,REGIONAL ROAD 174 btwn OR174 IC112 RAMP26 & OR174 IC112 RAMP61 (__3ZA2XF),__3ZA2XF,01 - Non intersection,03 - P.D. only,07 - SMV other,01 - Clear,07 - Dark,01 - Dry,10 - No control,,1,0,0,0,,0,,,,,374936.4422,5032947.803,45.4329456,-75.60360648,11671
15--6791,2015/05/26,4:11 PM,BEAVERPOND DR @ BLAIR RD (0004166),4166,03 - At intersection,02 - Non-fatal injury,03 - Rear end,01 - Clear,01 - Daylight,01 - Dry,01 - Traffic signal,00 - Unknown,3,0,0,0,02 - Minor,1,,1,,,375399.7299,5031874.927,45.42324585,-75.59783987,11672
15--6881,2015/05/28,3:29 PM,CROWNHILL ST btwn SEGUIN ST & SUMAC ST (__3ZA7XS),__3ZA7XS,04 - At/near private drive,03 - P.D. only,06 - SMV unattended vehicle,01 - Clear,01 - Daylight,01 - Dry,10 - No control,,1,0,0,0,,0,,,,,374507.6803,5034199.485,45.44425041,-75.60890843,11673
15--6345,2015/05/13,6:25 AM,HIGHWAY 417 btwn HWY417 IC131 RAMP53 & HWY417 IC131 RAMP51 (__3ZA1MU),__3ZA1MU,01 - Non intersection,03 - P.D. only,07 - SMV other,01 - Clear,01 - Daylight,01 - Dry,10 - No control,,1,0,0,0,,0,,,,,357887.7411,5022726.521,45.34247681,-75.82258266,11674
15--6973,2015/05/30,4:23 PM,TERRY FOX DR btwn CAMPEAU DR & DIDSBURY RD (__3ZA1EJ),__3ZA1EJ,04 - At/near private drive,03 - P.D. only,05 - Turning movement,02 - Rain,01 - Daylight,02 - Wet,10 - No control,,2,0,0,0,,0,,,,,350500.7211,5018994.486,45.3094152,-75.91718268,11675
15--6792,2015/05/26,4:13 PM,CHAMPLAIN BRIDGE/ISLAND PARK DR btwn BATE ISLAND & OTTAWA RIVER PKWY (__3ZA2ZEB),__3ZA2ZEB,01 - Non intersection,03 - P.D. only,03 - Rear end,01 - Clear,01 - Daylight,01 - Dry,10 - No control,,3,0,0,0,,0,,,,,363035.8272,5029966.037,45.40720859,-75.756043,11676
15--6793,2015/05/26,4:14 PM,WOODROFFE AVE btwn CARLING AVE & FOX CRES (__3ZA4NI),__3ZA4NI,01 - Non intersection,03 - P.D. only,05 - Turning movement,01 - Clear,01 - Daylight,01 - Dry,10 - No control,,2,0,0,0,,0,,,,,361772.7287,5025712.18,45.36903682,-75.77266871,11677
15--6794,2015/05/26,4:20 PM,MCARTHUR AVE btwn LACASSE AVE & CARMEN AVE (__3ZA3W8),__3ZA3W8,04 - At/near private drive,03 - P.D. only,02 - Angle,01 - Clear,01 - Daylight,01 - Dry,10 - No control,,2,0,0,0,,0,,,,,370871.0441,5032761.394,45.43166429,-75.65558431,11678
15--6795,2015/05/26,5:00 PM,BOURASSA ST @ ST. LAURENT BLVD (0007731),7731,02 - Intersection related,03 - P.D. only,03 - Rear end,01 - Clear,01 - Daylight,01 - Dry,01 - Traffic signal,01 - Functioning,2,0,0,0,,0,,,,,373237.4527,5029692.476,45.40382408,-75.62577033,11679
15--6796,2015/05/26,5:00 PM,LAURIER AVE @ NICHOLAS ST (0010711),10711,03 - At intersection,02 - Non-fatal injury,07 - SMV other,01 - Clear,01 - Daylight,01 - Dry,01 - Traffic signal,01 - Functioning,1,0,0,1,02 - Minor,1,,1,,,368373.637,5031797.189,45.42322021,-75.68762339,11680
15--6797,2015/05/26,5:01 PM,BASELINE RD @ FARLANE BLVD (0002725),2725,02 - Intersection related,03 - P.D. only,03 - Rear end,01 - Clear,01 - Daylight,01 - Dry,01 - Traffic signal,01 - Functioning,3,0,0,0,,0,,,,,365356.6921,5025517.173,45.36698168,-75.72694271,11681
15--6798,2015/05/26,5:05 PM,HIGHWAY 417 btwn HWY417 IC115 RAMP25 & REGIONAL ROAD 174 (__3ZA2RY),__3ZA2RY,01 - Non intersection,03 - P.D. only,03 - Rear end,01 - Clear,01 - Daylight,01 - Dry,10 - No control,,2,0,0,0,,0,,,,,373277.0999,5031702.194,45.42190269,-75.62498472,11682
15--6799,2015/05/26,5:08 PM,HWY 417 WOODROFF IC127R53 @ WOODROFFE AVE (0002347),2347,02 - Intersection related,02 - Non-fatal injury,03 - Rear end,01 - Clear,01 - Daylight,01 - Dry,03 - Yield sign,01 - Functioning,2,0,0,0,02 - Minor,2,,2,,,362206.4441,5024628.012,45.35924618,-75.76725818,11683
15--68,2015/01/03,10:11 PM,FISHER AVE btwn 220 S OF TRENT ST & MCCOOEY LANE (__3ZA30SB),__3ZA30SB,01 - Non intersection,03 - P.D. only,03 - Rear end,03 - Snow,07 - Dark,03 - Loose snow,10 - No control,,2,0,0,0,,0,,,,,365921.4418,5026596.851,45.37664739,-75.71960027,11684
15--680,2015/01/12,1:57 PM,COHEN AVE E @ HEARST WAY E (0008745),8745,03 - At intersection,03 - P.D. only,02 - Angle,01 - Clear,01 - Daylight,01 - Dry,02 - Stop sign,01 - Functioning,2,0,0,0,,0,,,,,352940.7131,5019824.881,45.31672425,-75.88598674,11685
15--6800,2015/05/26,5:21 PM,HIGHWAY 417 btwn HWY417 IC118 RAMP35 & HWY417 IC117 RAMP51 (__3ZA2YP),__3ZA2YP,01 - Non intersection,02 - Non-fatal injury,03 - Rear end,01 - Clear,01 - Daylight,01 - Dry,10 - No control,,4,0,0,0,01 - Minimal,1,1,,,,370403.4537,5031128.187,45.41701339,-75.66177718,11686