Anom_ID,Accident_Date,Accident_Time,Location,Geo_ID,Accident_Location,Classification_of_Accident,Initial_Impact_Type,Environment_Condition,Light,Road_Surface_Condition,Traffic_Control,Traffic_Control_Condition,No__of_Vehicles,No__of_Bicycles,No__of_Motorcycles,No__of_Pedestrians,Max_Injury,No__of_Injuries,No__of_Minimal,No__of_Minor,No__of_Major,No__of_Fatal,X,Y,Latitude,Longitude,ObjectId
15--6801,2015/05/26,5:26 PM,FISHER AVE btwn ARNOT RD & DEER PARK RD (__3ZA4IF),__3ZA4IF,01 - Non intersection,03 - P.D. only,05 - Turning movement,01 - Clear,01 - Daylight,01 - Dry,10 - No control,,2,0,0,0,,0,,,,,366396.8987,5025485.437,45.36660548,-75.71366879,11687
15--6802,2015/05/26,5:27 PM,HAZELDEAN RD btwn IRWIN GT & EAGLESON RD (__3ZA41Q),__3ZA41Q,04 - At/near private drive,03 - P.D. only,03 - Rear end,01 - Clear,01 - Daylight,01 - Dry,10 - No control,,2,0,0,0,,0,,,,,353644.1226,5018406.013,45.30390841,-75.87715545,11688
15--6803,2015/05/26,5:30 PM,HIGHWAY 417 btwn HWY417 IC138 RAMP26 & HWY417 IC138 RAMP61 (__3ZA20H),__3ZA20H,01 - Non intersection,03 - P.D. only,04 - Sideswipe,01 - Clear,01 - Daylight,01 - Dry,10 - No control,,2,0,0,0,,0,,,,,353147.7621,5020374.662,45.32165707,-75.88329241,11689
15--6804,2015/05/26,5:33 PM,PARKDALE AVE @ SIMS AVE (0006109),6109,03 - At intersection,03 - P.D. only,02 - Angle,01 - Clear,01 - Daylight,01 - Dry,02 - Stop sign,01 - Functioning,2,0,0,0,,0,,,,,365270.6952,5028995.478,45.39828621,-75.72761436,11690
15--6805,2015/05/26,5:38 PM,RIVERSIDE DR btwn HERON RD & HOG'S BACK RD (__3ZA379),__3ZA379,01 - Non intersection,03 - P.D. only,06 - SMV unattended vehicle,01 - Clear,01 - Daylight,01 - Dry,10 - No control,,1,0,0,0,,0,,,,,368155.4588,5026326.666,45.3740179,-75.69111377,11691
15--6806,2015/05/26,6:00 PM,BANK ST @ FIFTH AVE (0007247),7247,03 - At intersection,03 - P.D. only,02 - Angle,01 - Clear,01 - Daylight,01 - Dry,01 - Traffic signal,01 - Functioning,2,0,0,0,,0,,,,,368398.7134,5029401.319,45.40166069,-75.68761213,11692
15--6807,2015/05/26,6:11 PM,TENTH LINE RD btwn DES EPINETTES AVE & INNES RD (__3ZA3Y8),__3ZA3Y8,01 - Non intersection,03 - P.D. only,03 - Rear end,01 - Clear,01 - Daylight,01 - Dry,10 - No control,,3,0,0,0,,0,,,,,383752.2814,5036633.057,45.46516255,-75.49035897,11693
15--6808,2015/05/26,6:35 PM,CUMMINGS AVE @ OGILVIE RD (0009923),9923,03 - At intersection,03 - P.D. only,05 - Turning movement,01 - Clear,01 - Daylight,01 - Dry,01 - Traffic signal,01 - Functioning,2,1,0,0,,0,,,,,372749.4409,5032169.505,45.42615878,-75.63166201,11694
15--6809,2015/05/26,7:02 AM,BANK ST @ SUNNYSIDE AVE (0007219),7219,03 - At intersection,02 - Non-fatal injury,04 - Sideswipe,01 - Clear,01 - Daylight,01 - Dry,01 - Traffic signal,01 - Functioning,2,1,0,0,02 - Minor,1,,1,,,368735.4294,5028581.189,45.39425075,-75.68341778,11695
15--681,2015/01/12,10:00 AM,CARP RD btwn ARBOURBROOK BLVD & REIS RD (__3ZA3FX),__3ZA3FX,04 - At/near private drive,03 - P.D. only,05 - Turning movement,03 - Snow,01 - Daylight,04 - Slush,10 - No control,,2,0,0,0,,0,,,,,344977.9418,5018559.707,45.30584056,-75.98764643,11696
15--6810,2015/05/26,7:10 PM,BELLINGHAM PL btwn MARGRAVE AVE & RIALTO WAY (__4LVRXQ),__4LVRXQ,04 - At/near private drive,03 - P.D. only,02 - Angle,01 - Clear,01 - Daylight,01 - Dry,10 - No control,,2,0,0,0,,0,,,,,372773.1302,5025505.347,45.36619529,-75.63227756,11697
15--6811,2015/05/26,7:15 AM,HUNT CLUB RD @ RIVERSIDE DR (0002237),2237,03 - At intersection,03 - P.D. only,03 - Rear end,01 - Clear,01 - Daylight,01 - Dry,01 - Traffic signal,01 - Functioning,2,0,0,0,,0,,,,,368037.4237,5021945.138,45.33460457,-75.69318105,11698
15--6812,2015/05/26,7:17 AM,ST. JOSEPH BLVD @ JEANNE D'ARC BLVD (0012421),12421,03 - At intersection,03 - P.D. only,04 - Sideswipe,02 - Rain,01 - Daylight,02 - Wet,11 - Roundabout,01 - Functioning,2,0,0,0,,0,,,,,379861.2494,5036473.544,45.46415632,-75.5401346,11699
15--6813,2015/05/26,7:38 AM,COLONIAL RD btwn DELSON DR & FRANK KENNY RD (__3ZA2G9),__3ZA2G9,01 - Non intersection,02 - Non-fatal injury,03 - Rear end,01 - Clear,01 - Daylight,02 - Wet,10 - No control,,2,0,0,0,02 - Minor,1,,1,,,389698.7505,5031973.174,45.42254061,-75.41513277,11700
15--6814,2015/05/26,7:55 AM,PINEHURST AVE btwn SCOTT ST & BULLMAN ST (__3ZAAIO),__3ZAAIO,04 - At/near private drive,03 - P.D. only,99 - Other,01 - Clear,01 - Daylight,01 - Dry,10 - No control,,2,0,0,0,,0,,,,,365047.5765,5029707.93,45.40471593,-75.73037694,11701
15--6815,2015/05/26,8:00 AM,TERRY FOX DR S @ DIDSBURY RD/CENTRUM KANATA SC (0011820),11820,03 - At intersection,02 - Non-fatal injury,05 - Turning movement,01 - Clear,01 - Daylight,01 - Dry,01 - Traffic signal,01 - Functioning,2,0,0,0,02 - Minor,1,,1,,,350621.1249,5018920.862,45.30874486,-75.91565407,11702
15--6816,2015/05/26,8:00 AM,SPRUCE ST btwn CITY CENTRE AVE & TUSCAN PRIV (__5VHJJ9),__5VHJJ9,01 - Non intersection,03 - P.D. only,06 - SMV unattended vehicle,01 - Clear,01 - Daylight,01 - Dry,10 - No control,,1,0,0,0,,0,,,,,366084.9259,5030116.599,45.40830297,-75.71707592,11703
15--6817,2015/05/26,8:04 AM,ALBERT ST @ BANK ST (0002115),2115,02 - Intersection related,03 - P.D. only,03 - Rear end,01 - Clear,01 - Daylight,01 - Dry,01 - Traffic signal,01 - Functioning,2,0,0,0,,0,,,,,367386.4168,5031422.493,45.41993783,-75.70028496,11704
15--6818,2015/05/26,8:05 AM,INNES RD btwn ORCHARDVIEW AVE & PORTOBELLO BLVD (__3ZA1VW),__3ZA1VW,01 - Non intersection,03 - P.D. only,04 - Sideswipe,01 - Clear,01 - Daylight,01 - Dry,10 - No control,,2,0,0,0,,0,,,,,385615.9138,5036886.155,45.46722655,-75.4664891,11705
15--6819,2015/05/26,8:27 AM,REGIONAL ROAD 174 btwn REGIONAL ROAD 174 & OR174 IC102 RAMP61 (__3ZA1SZ),__3ZA1SZ,01 - Non intersection,03 - P.D. only,03 - Rear end,01 - Clear,01 - Daylight,01 - Dry,10 - No control,,2,0,0,0,,0,,,,,381659.948,5038300.544,45.48039853,-75.51685085,11706
15--682,2015/01/12,10:35 AM,JOCKVALE RD @ EXETER DR/TARTAN DR (0010065),10065,03 - At intersection,03 - P.D. only,03 - Rear end,03 - Snow,01 - Daylight,04 - Slush,11 - Roundabout,01 - Functioning,2,0,0,0,,0,,,,,363322.7156,5014772.934,45.27047826,-75.75417533,11707
15--6820,2015/05/26,8:45 AM,MONTREAL RD @ SHEFFORD RD (0012423),12423,03 - At intersection,03 - P.D. only,05 - Turning movement,01 - Clear,01 - Daylight,01 - Dry,01 - Traffic signal,01 - Functioning,2,0,0,0,,0,,,,,376125.7305,5034853.485,45.44997147,-75.58813226,11708
15--6821,2015/05/26,8:47 AM,INNES RD @ BEARBROOK RD/GLEN PARK DR E (0003630),3630,02 - Intersection related,03 - P.D. only,03 - Rear end,01 - Clear,01 - Daylight,01 - Dry,01 - Traffic signal,01 - Functioning,3,0,0,0,,0,,,,,377994.7336,5032841.49,45.43167566,-75.56454028,11709
15--6822,2015/05/26,9:02 AM,CARLING AVE btwn RIFLE RD & DAVIDSON'S SIDE RD (__3ZBOCR),__3ZBOCR,01 - Non intersection,02 - Non-fatal injury,03 - Rear end,01 - Clear,01 - Daylight,01 - Dry,10 - No control,,4,0,1,0,02 - Minor,5,2,3,,,354067.2145,5023424.411,45.34903525,-75.87126128,11710
15--6823,2015/05/26,9:20 PM,SNAKE ISLAND RD btwn MCGUIRE RD & BLANCHFIELD RD (__3ZA3T4),__3ZA3T4,01 - Non intersection,03 - P.D. only,07 - SMV other,01 - Clear,07 - Dark,01 - Dry,10 - No control,,1,0,0,0,,0,,,,,375952.9803,5004775.549,45.17935991,-75.59466029,11711
15--6824,2015/05/26,9:33 PM,ISLAND PARK DR @ RICHMOND RD (0002125),2125,03 - At intersection,02 - Non-fatal injury,02 - Angle,01 - Clear,07 - Dark,01 - Dry,01 - Traffic signal,01 - Functioning,2,0,0,0,02 - Minor,1,,1,,,364130.6867,5028866.476,45.397223,-75.74218979,11712
15--6825,2015/05/26,9:43 AM,COLDREY AVE @ KIRKWOOD AVE (0006736),6736,03 - At intersection,02 - Non-fatal injury,05 - Turning movement,01 - Clear,01 - Daylight,01 - Dry,01 - Traffic signal,01 - Functioning,2,0,0,0,01 - Minimal,1,1,,,,364437.0054,5027138.23,45.38164654,-75.73848649,11713
15--6826,2015/05/26,9:45 AM,PLEASANT PARK RD @ ST. LAURENT BLVD (0008363),8363,03 - At intersection,02 - Non-fatal injury,07 - SMV other,01 - Clear,01 - Daylight,01 - Dry,01 - Traffic signal,01 - Functioning,1,0,0,1,02 - Minor,1,,1,,,373597.7279,5028796.631,45.39572837,-75.62129362,11714
15--6827,2015/05/26,9:58 AM,HAWTHORNE RD @ STEVENAGE DR (0008802),8802,03 - At intersection,03 - P.D. only,05 - Turning movement,01 - Clear,01 - Daylight,01 - Dry,01 - Traffic signal,01 - Functioning,2,0,0,0,,0,,,,,375136.0198,5027313.897,45.38223464,-75.6018598,11715
15--6828,2015/05/27,1:00 PM,RIVERSIDE DR @ TREMBLAY RD/HWY417 IC117 RAMP52 (0010790),10790,02 - Intersection related,03 - P.D. only,03 - Rear end,01 - Clear,01 - Daylight,01 - Dry,01 - Traffic signal,01 - Functioning,2,0,0,0,,0,,,,,370800.6367,5031016.268,45.41596903,-75.65671787,11716
15--6829,2015/05/27,1:25 PM,BLAIR RD @ MONTREAL RD (0009277),9277,03 - At intersection,02 - Non-fatal injury,05 - Turning movement,01 - Clear,01 - Daylight,01 - Dry,01 - Traffic signal,01 - Functioning,2,0,0,0,02 - Minor,5,3,2,,,374018.9995,5034438.504,45.44644953,-75.61512099,11717
15--683,2015/01/12,10:50 PM,BANK ST btwn CLAREY AVE & HOLMWOOD AVE (__3ZA3OP),__3ZA3OP,01 - Non intersection,03 - P.D. only,06 - SMV unattended vehicle,01 - Clear,07 - Dark,04 - Slush,10 - No control,,1,0,0,0,,0,,,,,368462.0061,5029244.226,45.40024146,-75.68682401,11718
15--6830,2015/05/27,1:34 PM,INNES RD @ STONEHENGE CRES E (0009355),9355,03 - At intersection,03 - P.D. only,05 - Turning movement,01 - Clear,01 - Daylight,01 - Dry,01 - Traffic signal,01 - Functioning,2,0,0,0,,0,,,,,375364.7064,5031313.071,45.41819412,-75.59836783,11719
15--6831,2015/05/27,1:47 PM,HAWTHORNE RD btwn BLAIS RD & RIDEAU RD (__3ZA6GZ),__3ZA6GZ,04 - At/near private drive,02 - Non-fatal injury,07 - SMV other,01 - Clear,01 - Daylight,01 - Dry,10 - No control,,1,0,0,0,01 - Minimal,1,1,,,,378565.8364,5019069.309,45.3077015,-75.55929882,11720
15--6832,2015/05/27,1:54 PM,MCARTHUR AVE @ CARMEN AVE (0009811),9811,03 - At intersection,03 - P.D. only,05 - Turning movement,01 - Clear,01 - Daylight,01 - Dry,02 - Stop sign,00 - Unknown,2,0,0,0,,0,,,,,370904.7095,5032766.934,45.43171096,-75.65515336,11721
15--6833,2015/05/27,10:15 AM,ORANGEVILLE ST/HWY 417 ROCHEST IC121BR51 @ ROC (0006465),6465,03 - At intersection,03 - P.D. only,02 - Angle,01 - Clear,01 - Daylight,01 - Dry,01 - Traffic signal,01 - Functioning,2,0,0,0,,0,,,,,366776.9836,5029521.92,45.40289127,-75.70831037,11722
15--6834,2015/05/27,10:30 AM,BANFF AVE btwn KITCHENER AVE & LEDBURY AVE (__3ZBOQZ),__3ZBOQZ,01 - Non intersection,03 - P.D. only,06 - SMV unattended vehicle,01 - Clear,01 - Daylight,01 - Dry,10 - No control,,1,0,0,0,,0,,,,,370727.2737,5025597.674,45.36722143,-75.65837909,11723
15--6835,2015/05/27,2:00 PM,HIGHWAY 416 btwn HWY416 IC49 RAMP42 & HWY416 IC49 RAMP24 (__3ZAZGH),__3ZAZGH,01 - Non intersection,03 - P.D. only,07 - SMV other,01 - Clear,01 - Daylight,01 - Dry,10 - No control,,1,0,0,0,,0,,,,,369267.6993,5000928.064,45.14538265,-75.68021028,11724
15--6836,2015/05/27,2:43 PM,COLONNADE RD @ MERIVALE RD (0004569),4569,02 - Intersection related,03 - P.D. only,03 - Rear end,01 - Clear,01 - Daylight,01 - Dry,01 - Traffic signal,01 - Functioning,2,0,0,0,,0,,,,,365363.695,5022544.136,45.34023015,-75.7272175,11725
15--6837,2015/05/27,2:45 PM,MARCH RD btwn HWY417 IC138 RAMP36 & HWY417 IC138 RAMP26 (__3ZAZEW),__3ZAZEW,01 - Non intersection,03 - P.D. only,03 - Rear end,01 - Clear,01 - Daylight,01 - Dry,10 - No control,,2,0,0,0,,0,,,,,352857.2106,5020437.277,45.32224044,-75.8869923,11726
15--6838,2015/05/27,2:59 PM,MEADOWLANDS DR btwn CLAYMOR AVE & DEBRA AVE (__3ZA3GTA),__3ZA3GTA,04 - At/near private drive,03 - P.D. only,02 - Angle,01 - Clear,01 - Daylight,01 - Dry,10 - No control,,2,0,0,0,,0,,,,,367060.8125,5025479.192,45.36649063,-75.70519503,11727
15--6839,2015/05/27,3:13 PM,GLADSTONE AVE @ ROCHESTER ST (0006496),6496,03 - At intersection,02 - Non-fatal injury,07 - SMV other,01 - Clear,01 - Daylight,01 - Dry,01 - Traffic signal,01 - Functioning,1,0,0,1,02 - Minor,2,1,1,,,366662.698,5029788.647,45.40530132,-75.70973664,11728
15--684,2015/01/12,11:08 AM,CATHERINE ST btwn O'CONNOR ST & TO BE DETERMINED (__3ZBOE7),__3ZBOE7,01 - Non intersection,03 - P.D. only,99 - Other,01 - Clear,01 - Daylight,02 - Wet,10 - No control,,2,0,0,0,,0,,,,,368254.4562,5030398.637,45.41064733,-75.68932628,11729
15--6840,2015/05/27,3:58 PM,BELL ST    N btwn GLADSTONE AVE & LOUISA ST (__3ZAAJY),__3ZAAJY,01 - Non intersection,03 - P.D. only,06 - SMV unattended vehicle,01 - Clear,01 - Daylight,01 - Dry,10 - No control,,1,0,0,0,,0,,,,,366969.4816,5029920.915,45.40646425,-75.70580135,11730
15--6841,2015/05/27,4:23 PM,CONROY RD @ WALKLEY RD (0002648),2648,03 - At intersection,02 - Non-fatal injury,03 - Rear end,01 - Clear,01 - Daylight,01 - Dry,01 - Traffic signal,01 - Functioning,4,0,0,0,02 - Minor,1,,1,,,372903.7226,5027463.892,45.3838048,-75.63034057,11731
15--6842,2015/05/27,4:30 PM,ALBERT ST @ PRESTON ST (0002217),2217,02 - Intersection related,03 - P.D. only,04 - Sideswipe,00 - Unknown,01 - Daylight,00 - Unknown,01 - Traffic signal,00 - Unknown,2,0,0,0,,0,,,,,366161.4354,5030462.799,45.41141128,-75.7160555,11732
15--6843,2015/05/27,4:41 PM,CARLING AVE @ MERIVALE RD (0002148),2148,03 - At intersection,03 - P.D. only,02 - Angle,01 - Clear,01 - Daylight,01 - Dry,01 - Traffic signal,01 - Functioning,2,0,0,0,,0,,,,,364894.7038,5027700.184,45.38666379,-75.73257418,11733
15--6844,2015/05/27,4:48 PM,LONGFIELDS DR @ WOODROFFE AVE (0000096),96,02 - Intersection related,03 - P.D. only,05 - Turning movement,01 - Clear,01 - Daylight,01 - Dry,01 - Traffic signal,01 - Functioning,2,0,0,0,,0,,,,,365421.6769,5017108.212,45.2913132,-75.72714292,11734
15--6845,2015/05/27,5:12 PM,HUNTMAR DR btwn CAMPEAU DR & RICHARDSON SIDE RD (__3ZBN0Y),__3ZBN0Y,01 - Non intersection,02 - Non-fatal injury,03 - Rear end,01 - Clear,01 - Daylight,01 - Dry,10 - No control,,2,0,0,0,01 - Minimal,1,1,,,,348275.6123,5018908.589,45.30878354,-75.94556547,11735
15--6846,2015/05/27,5:14 PM,ELGIN ST @ FRANK ST (0007287),7287,03 - At intersection,03 - P.D. only,05 - Turning movement,01 - Clear,01 - Daylight,01 - Dry,02 - Stop sign,01 - Functioning,2,0,0,0,,0,,,,,368358.4318,5030887.491,45.41503644,-75.68793502,11736
15--6847,2015/05/27,5:37 PM,MITCH OWENS RD @ DOZOIS RD/LIMEBANK RD (0012469),12469,03 - At intersection,02 - Non-fatal injury,02 - Angle,01 - Clear,01 - Daylight,01 - Dry,01 - Traffic signal,01 - Functioning,2,0,0,0,02 - Minor,1,,1,,,371672.2041,5012108.165,45.24575677,-75.64813755,11737
15--6848,2015/05/27,5:46 PM,CUMBERLAND ST @ YORK ST (0008416),8416,02 - Intersection related,03 - P.D. only,04 - Sideswipe,01 - Clear,01 - Daylight,01 - Dry,01 - Traffic signal,01 - Functioning,2,0,0,0,,0,,,,,368261.2573,5032520.519,45.42973868,-75.68896609,11738
15--6849,2015/05/27,5:50 PM,DES PERES BLANCS AVE btwn STE. CECILE ST & LONGPRE ST (__3ZA8XG),__3ZA8XG,01 - Non intersection,03 - P.D. only,06 - SMV unattended vehicle,01 - Clear,01 - Daylight,01 - Dry,10 - No control,,1,0,0,0,,0,,,,,370124.2714,5033733.662,45.44048251,-75.66499834,11739
15--685,2015/01/12,11:19 AM,RICHMOND RD btwn ARNOLD DR/BLACK FOREST LANE & LONGWOOD AVE (__3ZABNZ),__3ZABNZ,01 - Non intersection,03 - P.D. only,06 - SMV unattended vehicle,01 - Clear,01 - Daylight,02 - Wet,10 - No control,,1,0,0,0,,0,,,,,357497.207,5019774.112,45.31594023,-75.82787994,11740
15--6850,2015/05/27,5:57 PM,CHAPMAN MILLS DR btwn SUMMERLINE GT & WOODROFFE AVE (__4FP8A8),__4FP8A8,01 - Non intersection,02 - Non-fatal injury,07 - SMV other,01 - Clear,01 - Daylight,01 - Dry,10 - No control,,1,0,0,1,03 - Major,1,,,1,,366105.1246,5015181.029,45.27391324,-75.71866863,11741
15--6851,2015/05/27,6:10 PM,BOUNDARY RD @ HWY 417 BOUNDARY IC96R15/51 (0004216),4216,02 - Intersection related,03 - P.D. only,03 - Rear end,01 - Clear,01 - Daylight,01 - Dry,02 - Stop sign,01 - Functioning,2,0,0,0,,0,,,,,387507.8808,5023591.707,45.34739429,-75.44452802,11742
15--6852,2015/05/27,6:30 PM,HWY417 IC112 RAMP64 btwn HWY417 IC112 RAMP68 & HIGHWAY 417 (__3ZAYAQ),__3ZAYAQ,01 - Non intersection,02 - Non-fatal injury,07 - SMV other,01 - Clear,01 - Daylight,01 - Dry,10 - No control,,1,0,0,0,02 - Minor,1,,1,,,374713.2493,5030827.391,45.41388963,-75.60675963,11743
15--6853,2015/05/27,7:15 AM,TARTAN DR @ TOWNSEND DR N (0001146),1146,03 - At intersection,03 - P.D. only,02 - Angle,01 - Clear,01 - Daylight,01 - Dry,02 - Stop sign,01 - Functioning,2,0,0,0,,0,,,,,363293.9577,5014719.071,45.26999599,-75.75454814,11744
15--6854,2015/05/27,7:19 PM,MONTREAL RD btwn OLMSTEAD ST & Continuation of MONTREAL RD (__3ZA3L2),__3ZA3L2,04 - At/near private drive,03 - P.D. only,02 - Angle,01 - Clear,01 - Daylight,01 - Dry,10 - No control,,2,0,0,0,,0,,,,,370353.2229,5033224.818,45.43588272,-75.66213987,11745
15--6855,2015/05/27,7:32 PM,BANK ST btwn FIFTH AVE & REGENT ST (__3ZA3OU),__3ZA3OU,01 - Non intersection,03 - P.D. only,06 - SMV unattended vehicle,01 - Clear,01 - Daylight,01 - Dry,10 - No control,,1,0,0,0,,0,,,,,368402.3873,5029392.062,45.40157706,-75.6875664,11746
15--6856,2015/05/27,7:43 AM,TAPIOLA CRES @ WHITE CLOVER PRIV (0006983),6983,02 - Intersection related,02 - Non-fatal injury,01 - Approaching,01 - Clear,01 - Daylight,01 - Dry,02 - Stop sign,00 - Unknown,2,0,0,0,02 - Minor,1,,1,,,372040.2111,5025208.781,45.36359758,-75.64167306,11747
15--6857,2015/05/27,7:50 AM,STRANDHERD DR @ LONGFIELDS DR (0010935),10935,02 - Intersection related,03 - P.D. only,05 - Turning movement,01 - Clear,01 - Daylight,01 - Dry,01 - Traffic signal,01 - Functioning,2,0,0,0,,0,,,,,364550.2519,5015172.244,45.27396803,-75.73848469,11748
15--6858,2015/05/27,8:04 PM,DIAMONDVIEW RD btwn BAIRD SIDE RD & THOMAS A. DOLAN PKWY (__3ZACD2),__3ZACD2,01 - Non intersection,03 - P.D. only,07 - SMV other,01 - Clear,01 - Daylight,01 - Dry,10 - No control,,1,0,0,0,,0,,,,,333545.5687,5027274.258,45.38481933,-76.13292326,11749
15--6859,2015/05/27,8:07 AM,ST. JOSEPH BLVD @ JEANNE D'ARC BLVD (0012421),12421,03 - At intersection,03 - P.D. only,04 - Sideswipe,01 - Clear,01 - Daylight,01 - Dry,11 - Roundabout,01 - Functioning,2,0,0,0,,0,,,,,379860.7425,5036471.099,45.46413438,-75.54014145,11750
15--686,2015/01/12,11:19 AM,BANK ST btwn THIRD AVE & FOURTH AVE (__3ZA3OZ),__3ZA3OZ,01 - Non intersection,03 - P.D. only,04 - Sideswipe,03 - Snow,01 - Daylight,03 - Loose snow,10 - No control,,2,0,0,0,,0,,,,,368356.15,5029501.144,45.40256275,-75.6881429,11751
15--6860,2015/05/27,8:15 AM,HIGHWAY 417 btwn HWY417 IC115 RAMP36 & HWY417 IC115 RAMP26 (__3ZA2R4),__3ZA2R4,01 - Non intersection,03 - P.D. only,04 - Sideswipe,01 - Clear,01 - Daylight,01 - Dry,10 - No control,,2,0,0,0,,0,,,,,372407.7858,5031513.746,45.42029167,-75.63611758,11752
15--6861,2015/05/27,8:50 AM,PRESTON ST btwn BEECH ST & NORMAN ST (__3ZA4QS),__3ZA4QS,01 - Non intersection,03 - P.D. only,04 - Sideswipe,01 - Clear,01 - Daylight,01 - Dry,10 - No control,,2,0,0,0,,0,,,,,366691.3343,5029253.274,45.40048165,-75.70943806,11753
15--6862,2015/05/27,9:10 PM,ST. JOSEPH BLVD @ JEANNE D'ARC BLVD (0012421),12421,03 - At intersection,03 - P.D. only,04 - Sideswipe,01 - Clear,07 - Dark,01 - Dry,11 - Roundabout,01 - Functioning,2,0,0,0,,0,,,,,379860.7425,5036469.171,45.46411703,-75.54014175,11754
15--6863,2015/05/27,9:38 AM,INDUSTRIAL AVE @ RIVERSIDE DR (0011905),11905,02 - Intersection related,03 - P.D. only,03 - Rear end,01 - Clear,01 - Daylight,01 - Dry,01 - Traffic signal,00 - Unknown,2,0,0,0,,0,,,,,370686.16,5030592.914,45.41217065,-75.65823696,11755
15--6864,2015/05/27,9:40 AM,HIGHWAY 417 btwn HWY417 IC131 RAMP53 & HWY417 IC131 RAMP51 (__3ZA1MU),__3ZA1MU,01 - Non intersection,03 - P.D. only,04 - Sideswipe,01 - Clear,01 - Daylight,01 - Dry,10 - No control,,2,0,0,0,,0,,,,,357986.4694,5022730.446,45.34250465,-75.82132252,11756
15--6865,2015/05/27,9:51 AM,OTHELLO AVE btwn HAMLET RD & SMYTH RD (__3ZA78N),__3ZA78N,04 - At/near private drive,02 - Non-fatal injury,02 - Angle,01 - Clear,01 - Daylight,01 - Dry,10 - No control,,2,0,0,0,02 - Minor,1,,1,,,373262.7307,5029297.557,45.40026831,-75.62550229,11757
15--6866,2015/05/27,9:55 AM,MONTREAL RD btwn CLOVELLY RD & ELWOOD ST (__3ZA2DZ),__3ZA2DZ,04 - At/near private drive,02 - Non-fatal injury,02 - Angle,01 - Clear,01 - Daylight,01 - Dry,10 - No control,,2,1,0,0,01 - Minimal,1,1,,,,374308.4184,5034408.044,45.44614675,-75.61142587,11758
15--6882,2015/05/28,3:50 PM,CENTREPOINTE DR @ CONSTELLATION CRES S (0010246),10246,03 - At intersection,03 - P.D. only,02 - Angle,01 - Clear,01 - Daylight,01 - Dry,02 - Stop sign,01 - Functioning,2,0,0,0,,0,,,,,362377.1905,5023119.957,45.34566281,-75.76525454,11759
15--6346,2015/05/13,6:31 PM,EDITH AVE btwn GLYNN AVE & KING GEORGE ST (__3ZA8KT),__3ZA8KT,04 - At/near private drive,03 - P.D. only,05 - Turning movement,01 - Clear,01 - Daylight,01 - Dry,10 - No control,,2,0,0,0,,0,,,,,370924.7199,5032106.353,45.42576545,-75.65498634,11760
15--6347,2015/05/13,6:37 PM,DALHOUSIE ST btwn BOTELER ST & BOLTON ST (__3ZA7D8),__3ZA7D8,01 - Non intersection,03 - P.D. only,04 - Sideswipe,01 - Clear,01 - Daylight,01 - Dry,10 - No control,,2,0,0,0,,0,,,,,367712.7439,5033043.738,45.43449598,-75.69590854,11761
15--6974,2015/05/30,4:30 PM,BAYSHORE DR @ RICHMOND RD (0010407),10407,03 - At intersection,03 - P.D. only,05 - Turning movement,02 - Rain,01 - Daylight,02 - Wet,01 - Traffic signal,01 - Functioning,2,0,0,0,,0,,,,,359372.6852,5023368.886,45.34814287,-75.8035648,11762
15--6883,2015/05/28,3:52 PM,COLONEL BY DR @ MAIN ST (0002626),2626,02 - Intersection related,03 - P.D. only,04 - Sideswipe,01 - Clear,01 - Daylight,01 - Dry,02 - Stop sign,01 - Functioning,2,0,0,0,,0,,,,,368858.983,5030913.493,45.41522475,-75.68153692,11763
15--6348,2015/05/13,7:00 PM,COLONEL BY DR @ HAWTHORNE AVE/PRETORIA BRIDGE (0002122),2122,02 - Intersection related,03 - P.D. only,03 - Rear end,01 - Clear,01 - Daylight,01 - Dry,01 - Traffic signal,01 - Functioning,2,0,0,0,,0,,,,,368769.1516,5030525.207,45.41173931,-75.68273495,11764
15--6975,2015/05/30,4:55 PM,WEST HUNT CLUB RD EB btwn 354 E OF WOODROFFE AVE/REC PATH & CLEOPATRA  (__3ZBOG1B),__3ZBOG1B,01 - Non intersection,03 - P.D. only,03 - Rear end,02 - Rain,01 - Daylight,02 - Wet,10 - No control,,2,0,0,0,,0,,,,,364123.9229,5021439.391,45.33039568,-75.74316781,11765
15--6884,2015/05/28,3:55 PM,CAPILANO DR @ GILBEY DR (0001435),1435,03 - At intersection,03 - P.D. only,02 - Angle,01 - Clear,01 - Daylight,01 - Dry,02 - Stop sign,01 - Functioning,2,0,0,0,,0,,,,,364811.9783,5024353.44,45.35655744,-75.73403712,11766
15--6349,2015/05/13,7:30 AM,INNES RD btwn HWY417 IC112 RAMP67 & HWY417 IC112 RAMP66 (__3ZA2TC),__3ZA2TC,01 - Non intersection,03 - P.D. only,99 - Other,01 - Clear,01 - Daylight,01 - Dry,10 - No control,,2,0,0,0,,0,,,,,374786.7403,5030969.846,45.41516402,-75.60580056,11767
15--6976,2015/05/30,4:56 PM,WEST HUNT CLUB RD WB btwn WOODROFFE AVE & 354 E OF WOODROFFE AVE/REC P (__3ZA3JEA),__3ZA3JEA,01 - Non intersection,02 - Non-fatal injury,03 - Rear end,02 - Rain,01 - Daylight,02 - Wet,10 - No control,,2,0,0,0,01 - Minimal,2,2,,,,363675.7607,5021268.542,45.32889613,-75.74890512,11768