Anom_ID,Accident_Date,Accident_Time,Location,Geo_ID,Accident_Location,Classification_of_Accident,Initial_Impact_Type,Environment_Condition,Light,Road_Surface_Condition,Traffic_Control,Traffic_Control_Condition,No__of_Vehicles,No__of_Bicycles,No__of_Motorcycles,No__of_Pedestrians,Max_Injury,No__of_Injuries,No__of_Minimal,No__of_Minor,No__of_Major,No__of_Fatal,X,Y,Latitude,Longitude,ObjectId
15--6977,2015/05/30,5:15 PM,KNOXDALE RD @ WEST HUNT CLUB RD (0005165),5165,02 - Intersection related,03 - P.D. only,03 - Rear end,02 - Rain,01 - Daylight,02 - Wet,01 - Traffic signal,02 - Not functioning,2,0,0,0,,0,,,,,361862.965,5020584.117,45.32288742,-75.77210844,11769
15--6978,2015/05/30,5:23 PM,DONALD B. MUNRO DR btwn LOMAR RD & PANMURE RD (__3ZACEI),__3ZACEI,01 - Non intersection,02 - Non-fatal injury,07 - SMV other,02 - Rain,01 - Daylight,02 - Wet,10 - No control,,1,0,0,0,02 - Minor,2,,2,,,333510.5992,5023454.19,45.35044603,-76.1335918,11770
15--6979,2015/05/30,5:59 PM,CAPILANO DR btwn WITHROW AVE & KERRY CRES (__3ZBOK5),__3ZBOK5,01 - Non intersection,03 - P.D. only,05 - Turning movement,01 - Clear,01 - Daylight,01 - Dry,10 - No control,,2,0,0,0,,0,,,,,364656.1227,5024242.544,45.35557293,-75.73603964,11771
15--698,2015/01/12,3:37 PM,HAWTHORNE RD/RUSSELL RD @ WALKLEY RD (0002618),2618,02 - Intersection related,03 - P.D. only,03 - Rear end,03 - Snow,01 - Daylight,03 - Loose snow,01 - Traffic signal,01 - Functioning,2,0,0,0,,0,,,,,374673.78,5028500.023,45.39295309,-75.60759362,11772
15--6980,2015/05/30,6:15 PM,COLONIAL RD btwn ROCKDALE RD & HEUVELMANS RD (__3ZA3K5),__3ZA3K5,04 - At/near private drive,03 - P.D. only,03 - Rear end,02 - Rain,01 - Daylight,02 - Wet,10 - No control,,2,0,0,0,,0,,,,,392050.3982,5032925.316,45.43081755,-75.38491954,11773
15--6981,2015/05/30,6:37 PM,ST. JOSEPH BLVD btwn GREY NUNS DR & BOYER RD (__3ZA2BW),__3ZA2BW,04 - At/near private drive,03 - P.D. only,03 - Rear end,02 - Rain,01 - Daylight,02 - Wet,10 - No control,,2,0,0,0,,0,,,,,380280.7406,5036751.44,45.46661141,-75.53472834,11774
15--6982,2015/05/30,8:04 AM,ROTHBURY CRES btwn PROVENDER AVE & DRAYTON PRIV (__3ZA1KB),__3ZA1KB,01 - Non intersection,03 - P.D. only,06 - SMV unattended vehicle,01 - Clear,01 - Daylight,01 - Dry,10 - No control,,1,0,0,0,,0,,,,,372968.6759,5034739.472,45.4492607,-75.62850479,11775
15--6983,2015/05/30,8:54 AM,ST. JOSEPH BLVD @ JEANNE D'ARC BLVD (0012421),12421,02 - Intersection related,03 - P.D. only,03 - Rear end,01 - Clear,01 - Daylight,01 - Dry,11 - Roundabout,01 - Functioning,2,0,0,0,,0,,,,,379863.5341,5036468.975,45.46411497,-75.54010609,11776
15--6984,2015/05/30,9:12 AM,BYRON AVE @ ISLAND PARK DR (0006365),6365,02 - Intersection related,03 - P.D. only,03 - Rear end,01 - Clear,01 - Daylight,01 - Dry,01 - Traffic signal,01 - Functioning,2,0,0,0,,0,,,,,364254.9693,5028603.912,45.39484996,-75.74063415,11777
15--6985,2015/05/31,1:00 PM,LEITRIM RD @ RIVER RD (0004194),4194,02 - Intersection related,03 - P.D. only,07 - SMV other,01 - Clear,01 - Daylight,01 - Dry,02 - Stop sign,00 - Unknown,1,0,0,0,,0,,,,,368018.9825,5017176.377,45.29169769,-75.69402478,11778
15--6986,2015/05/31,11:20 AM,HIGHWAY 417 btwn HWY417 IC117 RAMP26 & HWY417 IC117 RAMP61 (__3ZA2YM),__3ZA2YM,01 - Non intersection,03 - P.D. only,07 - SMV other,01 - Clear,01 - Daylight,01 - Dry,10 - No control,,1,0,0,0,,0,,,,,370922.6557,5031259.951,45.41815007,-75.65512632,11779
15--6987,2015/05/31,Unknown,FALLOWFIELD RD @ GREENBANK RD (0000549),549,03 - At intersection,03 - P.D. only,05 - Turning movement,02 - Rain,07 - Dark,02 - Wet,01 - Traffic signal,01 - Functioning,2,0,0,0,,0,,,,,363081.3964,5016734.257,45.28814634,-75.75702019,11780
15--6988,2015/05/31,Unknown,HIGHWAY 417 btwn HWY417 IC118 RAMP76 & HWY417 IC118 RAMP67 (__3ZA2YR),__3ZA2YR,01 - Non intersection,03 - P.D. only,07 - SMV other,00 - Unknown,00 - Unknown,00 - Unknown,10 - No control,,1,0,0,0,,0,,,,,369430.959,5031043.345,45.41634052,-75.67421268,11781
15--6989,2015/05/31,12:04 AM,ST. PATRICK ST EB btwn BEAUSOLEIL DR & COBOURG ST (__3ZA4SY),__3ZA4SY,01 - Non intersection,02 - Non-fatal injury,04 - Sideswipe,01 - Clear,07 - Dark,02 - Wet,10 - No control,,2,0,0,0,01 - Minimal,1,1,,,,368583.7244,5033198.395,45.43580862,-75.68475757,11782
15--699,2015/01/12,3:43 AM,GREENBANK RD @ LISA AVE (0002753),2753,02 - Intersection related,03 - P.D. only,07 - SMV other,01 - Clear,07 - Dark,02 - Wet,01 - Traffic signal,01 - Functioning,1,0,0,0,,0,,,,,360555.639,5022893.01,45.34376791,-75.7885232,11783
15--6990,2015/05/31,12:05 PM,BRANTHAVEN ST E @ SOUTHFIELD WAY (0013441),13441,03 - At intersection,03 - P.D. only,05 - Turning movement,01 - Clear,01 - Daylight,01 - Dry,02 - Stop sign,01 - Functioning,2,0,0,0,,0,,,,,384784.9849,5034841.148,45.44892314,-75.47744633,11784
15--6991,2015/05/31,12:24 PM,SCOTT ST @ WESTERN AVE (0006132),6132,03 - At intersection,03 - P.D. only,03 - Rear end,01 - Clear,01 - Daylight,01 - Dry,02 - Stop sign,00 - Unknown,3,0,0,0,,0,,,,,364205.6887,5029269.646,45.40084429,-75.74118334,11785
15--6992,2015/05/31,2:51 PM,LISGAR ST btwn METCALFE ST & ELGIN ST (__3ZA9U7),__3ZA9U7,01 - Non intersection,03 - P.D. only,03 - Rear end,01 - Clear,01 - Daylight,01 - Dry,10 - No control,,2,0,0,0,,0,,,,,368044.0552,5031328.911,45.41903668,-75.69189465,11786
15--6993,2015/05/31,3:03 AM,CRAIG HENRY DR btwn CONOVER ST & CHARTWELL AVE (__3ZAA2L),__3ZAA2L,01 - Non intersection,03 - P.D. only,07 - SMV other,02 - Rain,07 - Dark,02 - Wet,10 - No control,,1,0,0,0,,0,,,,,361908.9313,5021632.334,45.33231552,-75.77140123,11787
15--6994,2015/05/31,3:06 AM,CEDARVIEW RD btwn WEST HUNT CLUB RD & LYTLE AVE (__3ZA1XV),__3ZA1XV,01 - Non intersection,03 - P.D. only,07 - SMV other,02 - Rain,07 - Dark,02 - Wet,10 - No control,,1,0,0,0,,0,,,,,359767.6864,5019456.82,45.31291115,-75.79895873,11788
15--6995,2015/05/31,3:30 PM,RIVERSIDE DR @ TREMBLAY RD/HWY417 IC117 RAMP52 (0010790),10790,02 - Intersection related,03 - P.D. only,03 - Rear end,01 - Clear,01 - Daylight,01 - Dry,01 - Traffic signal,00 - Unknown,2,0,0,0,,0,,,,,370801.5711,5031016.161,45.41596798,-75.65670595,11789
15--6996,2015/05/31,4:00 PM,ELGIN ST btwn COOPER ST & SOMERSET ST W (__3ZA346),__3ZA346,01 - Non intersection,03 - P.D. only,06 - SMV unattended vehicle,01 - Clear,01 - Daylight,01 - Dry,10 - No control,,1,0,0,0,,0,,,,,368141.0228,5031238.429,45.41821378,-75.69066739,11790
15--6997,2015/05/31,4:43 PM,CARLING AVE @ FAIRLAWN AVE/WOODROFFE AVE E (0002393),2393,02 - Intersection related,02 - Non-fatal injury,03 - Rear end,01 - Clear,01 - Daylight,01 - Dry,01 - Traffic signal,01 - Functioning,2,0,0,0,01 - Minimal,1,1,,,,361934.6841,5025830.528,45.37008852,-75.77058762,11791
15--6998,2015/05/31,4:45 PM,GEORGE ST btwn BY WARD MARKET SQ & WILLIAM ST (__3ZA8ZU),__3ZA8ZU,01 - Non intersection,03 - P.D. only,04 - Sideswipe,01 - Clear,01 - Daylight,01 - Dry,10 - No control,,2,0,0,0,,0,,,,,368034.3978,5032219.152,45.42704763,-75.69190376,11792
15--6999,2015/05/31,4:56 PM,ST. JOSEPH BLVD @ FOREST VALLEY DR/YOUVILLE DR (0004440),4440,02 - Intersection related,03 - P.D. only,04 - Sideswipe,01 - Clear,01 - Daylight,01 - Dry,01 - Traffic signal,01 - Functioning,2,0,0,0,,0,,,,,379164.7411,5036156.23,45.46137586,-75.54908814,11793
15--70,2015/01/03,Unknown,PAUL ANKA DR btwn UPLANDS DR & MCCARTHY RD (__3ZA9CH),__3ZA9CH,01 - Non intersection,03 - P.D. only,06 - SMV unattended vehicle,03 - Snow,00 - Unknown,03 - Loose snow,10 - No control,,1,0,0,0,,0,,,,,369587.4252,5023733.628,45.35055555,-75.67317307,11794
15--700,2015/01/12,3:45 PM,LYON ST    N btwn JAMES ST & FLORENCE ST (__3ZA3P8),__3ZA3P8,01 - Non intersection,03 - P.D. only,04 - Sideswipe,01 - Clear,01 - Daylight,05 - Packed snow,10 - No control,,2,0,0,0,,0,,,,,367522.2877,5030462.776,45.41129043,-75.69867115,11795
15--7000,2015/05/31,5:00 PM,VANIER PKWY SB btwn BEECHWOOD AVE/ ST. PATRICK ST/CRICHTON ST & DESCHA (__3ZA2TO),__3ZA2TO,01 - Non intersection,03 - P.D. only,03 - Rear end,01 - Clear,01 - Daylight,01 - Dry,10 - No control,,2,0,0,0,,0,,,,,369203.3197,5033442.379,45.4379471,-75.6768072,11796
15--7001,2015/05/31,5:12 PM,BYRON AVE @ HARMER AVE (0005583),5583,02 - Intersection related,03 - P.D. only,06 - SMV unattended vehicle,01 - Clear,01 - Daylight,01 - Dry,02 - Stop sign,01 - Functioning,1,0,0,0,,0,,,,,364863.1996,5028889.826,45.39737065,-75.73283165,11797
15--7002,2015/05/31,6:58 PM,CATHERINE ST @ ELGIN ST (0002638),2638,03 - At intersection,03 - P.D. only,05 - Turning movement,01 - Clear,01 - Daylight,01 - Dry,01 - Traffic signal,01 - Functioning,2,0,0,0,,0,,,,,368552.7096,5030576.491,45.41222049,-75.68549328,11798
15--7003,2015/05/31,7:02 PM,VOYAGEUR DR btwn PADDLER WAY & JEANNE D'ARC BLVD N (__3ZA69S),__3ZA69S,01 - Non intersection,03 - P.D. only,03 - Rear end,01 - Clear,01 - Daylight,01 - Dry,10 - No control,,2,0,0,0,,0,,,,,379233.9514,5037762.335,45.47581901,-75.54796001,11799
15--7004,2015/05/31,8:08 AM,HOPE SIDE RD btwn Continuation of HOPE SIDE RD & CROWNRIDGE DR (__5RG5H2),__5RG5H2,01 - Non intersection,03 - P.D. only,07 - SMV other,01 - Clear,01 - Daylight,01 - Dry,10 - No control,,1,0,0,0,,0,,,,,355938.4646,5014904.729,45.27223992,-75.84826151,11800
15--7005,2015/05/31,9:45 AM,ISLAND PARK DR btwn MERIVALE RD & ISLAND PARK CRES (__3ZA21O),__3ZA21O,01 - Non intersection,03 - P.D. only,04 - Sideswipe,01 - Clear,01 - Daylight,01 - Dry,10 - No control,,2,0,0,0,,0,,,,,364576.8753,5028022.504,45.38959116,-75.73659354,11801
15--7006,2015/06/01,1:00 PM,GREENBANK RD @ 207 S OF BELLMAN DR/GREENBANK S (0004604),4604,03 - At intersection,02 - Non-fatal injury,02 - Angle,01 - Clear,01 - Daylight,01 - Dry,01 - Traffic signal,01 - Functioning,2,0,0,0,01 - Minimal,2,2,,,,361337.6796,5020827.119,45.32511646,-75.77878067,11802
15--7007,2015/06/01,1:20 PM,BRONSON AVE @ POWELL AVE (0007212),7212,03 - At intersection,03 - P.D. only,05 - Turning movement,01 - Clear,01 - Daylight,01 - Dry,01 - Traffic signal,01 - Functioning,2,0,0,0,,0,,,,,367387.1582,5029476.854,45.4024315,-75.70052252,11803
15--7008,2015/06/01,1:20 PM,GRENFELL CRES @ WOODROFFE AVE (0001103),1103,02 - Intersection related,03 - P.D. only,07 - SMV other,01 - Clear,01 - Daylight,01 - Dry,02 - Stop sign,00 - Unknown,1,0,0,0,,0,,,,,364542.9676,5019227.836,45.31046073,-75.73808904,11804
15--7009,2015/06/01,1:44 PM,HWY 417 INNES IC112R68 @ INNES RD (0012300),12300,02 - Intersection related,03 - P.D. only,03 - Rear end,01 - Clear,01 - Daylight,01 - Dry,01 - Traffic signal,01 - Functioning,2,0,0,0,,0,,,,,374641.8221,5030921.895,45.41474706,-75.60765871,11805
15--701,2015/01/12,4:16 PM,HAWTHORNE RD/RUSSELL RD @ WALKLEY RD (0002618),2618,02 - Intersection related,03 - P.D. only,03 - Rear end,01 - Clear,05 - Dusk,05 - Packed snow,01 - Traffic signal,01 - Functioning,2,0,0,0,,0,,,,,374675.7078,5028497.132,45.39292688,-75.60756941,11806
15--7010,2015/06/01,1:51 PM,MERIVALE RD btwn COLONNADE RD & WOODFIELD DR/ROYDON PL (__3ZA33E),__3ZA33E,01 - Non intersection,03 - P.D. only,04 - Sideswipe,01 - Clear,01 - Daylight,01 - Dry,10 - No control,,2,0,0,0,,0,,,,,365455.4939,5022312.553,45.33813846,-75.72607466,11807
15--7011,2015/06/01,10:28 AM,EAGLESON RD @ FLEWELLYN RD (0000121),121,02 - Intersection related,02 - Non-fatal injury,03 - Rear end,01 - Clear,01 - Daylight,01 - Dry,02 - Stop sign,00 - Unknown,2,0,0,0,01 - Minimal,1,1,,,,355333.6235,5014247.786,45.26637232,-75.85603631,11808
15--7012,2015/06/01,10:34 AM,RICHMOND RD btwn GOLDEN AVE & BERKLEY AVE (__3ZA305),__3ZA305,01 - Non intersection,02 - Non-fatal injury,03 - Rear end,01 - Clear,01 - Daylight,01 - Dry,10 - No control,,2,1,0,0,01 - Minimal,1,1,,,,362886.0566,5028045.099,45.38993674,-75.75818236,11809
15--7013,2015/06/01,11:00 PM,ALBION RD @ RIDEAU RD (0009356),9356,02 - Intersection related,03 - P.D. only,07 - SMV other,02 - Rain,07 - Dark,02 - Wet,01 - Traffic signal,01 - Functioning,1,0,0,0,,0,,,,,375093.4729,5016673.379,45.28649986,-75.6039143,11810
15--7014,2015/06/01,11:56 AM,AGES DR @ HAWTHORNE RD (0006397),6397,02 - Intersection related,03 - P.D. only,07 - SMV other,01 - Clear,01 - Daylight,01 - Dry,01 - Traffic signal,01 - Functioning,1,0,0,0,,0,,,,,374972.4619,5027718.617,45.38589252,-75.60389052,11811
15--7015,2015/06/01,Unknown,MOODIE DR btwn SONGBIRD PRIV & Continuation of MOODIE DR (__3ZABA8),__3ZABA8,01 - Non intersection,03 - P.D. only,06 - SMV unattended vehicle,01 - Clear,00 - Unknown,01 - Dry,10 - No control,,1,0,0,0,,0,,,,,357715.0924,5018933.763,45.30836229,-75.82519089,11812
15--7016,2015/06/01,12:08 PM,WEST HUNT CLUB RD WB btwn ROYDON PL/SUNDERLAND ST & 545 E OF ROYDON PL (__3ZA3JSA),__3ZA3JSA,01 - Non intersection,02 - Non-fatal injury,03 - Rear end,01 - Clear,01 - Daylight,01 - Dry,10 - No control,,3,0,0,0,02 - Minor,1,,1,,,366314.6085,5022386.067,45.33872513,-75.71510479,11813
15--7017,2015/06/01,3:10 PM,ARLINGTON AVE @ KENT ST (0007259),7259,03 - At intersection,03 - P.D. only,02 - Angle,01 - Clear,01 - Daylight,01 - Dry,01 - Traffic signal,01 - Functioning,2,0,0,0,,0,,,,,367869.2165,5030257.824,45.40941516,-75.69426551,11814
15--7018,2015/06/01,3:13 PM,HWY 417 VANIER IC117R63 @ VANIER PKWY (0002101),2101,02 - Intersection related,03 - P.D. only,03 - Rear end,01 - Clear,01 - Daylight,01 - Dry,01 - Traffic signal,01 - Functioning,2,0,0,0,,0,,,,,370800.2192,5031396.474,45.41939001,-75.65667228,11815
15--7019,2015/06/01,3:18 PM,CLYDE AVE btwn CLYDE AVE & STARWOOD RD (__3ZA2TX),__3ZA2TX,04 - At/near private drive,03 - P.D. only,05 - Turning movement,01 - Clear,01 - Daylight,01 - Dry,10 - No control,,2,0,0,0,,0,,,,,364431.0718,5024724.76,45.35993102,-75.7388536,11816
15--702,2015/01/12,4:37 PM,FALLOWFIELD RD @ GREENBANK RD (0000549),549,02 - Intersection related,03 - P.D. only,04 - Sideswipe,03 - Snow,01 - Daylight,04 - Slush,01 - Traffic signal,00 - Unknown,2,0,0,0,,0,,,,,363081.6396,5016731.01,45.2881171,-75.75701747,11817
15--7020,2015/06/01,3:40 AM,BANK ST @ RIDEAU RD (0009263),9263,03 - At intersection,03 - P.D. only,07 - SMV other,01 - Clear,07 - Dark,01 - Dry,01 - Traffic signal,01 - Functioning,1,0,0,0,,0,,,,,376954.7525,5017844.833,45.29685153,-75.58001974,11818
15--7021,2015/06/01,4:04 PM,WALKLEY RD btwn AUDREY AVE & TAWNEY RD (__3ZA2EN),__3ZA2EN,01 - Non intersection,03 - P.D. only,04 - Sideswipe,01 - Clear,01 - Daylight,01 - Dry,10 - No control,,2,0,0,0,,0,,,,,374073.5609,5028150.279,45.38986589,-75.61530761,11819
15--7022,2015/06/01,4:22 PM,RIVERSIDE DR @ HERON RD (0002236),2236,02 - Intersection related,02 - Non-fatal injury,03 - Rear end,01 - Clear,01 - Daylight,01 - Dry,01 - Traffic signal,00 - Unknown,2,0,0,0,02 - Minor,1,,1,,,368121.1049,5026646.861,45.37690203,-75.69151128,11820
15--7023,2015/06/01,4:25 PM,KATIMAVIK RD @ CURRAN ST/DAVIS AVE (0003528),3528,03 - At intersection,03 - P.D. only,02 - Angle,01 - Clear,01 - Daylight,01 - Dry,02 - Stop sign,01 - Functioning,2,0,0,0,,0,,,,,351461.6501,5018494.84,45.30485607,-75.90497574,11821
15--7024,2015/06/01,4:30 PM,FALLOWFIELD RD @ WOODROFFE AVE (0010372),10372,02 - Intersection related,03 - P.D. only,02 - Angle,01 - Clear,01 - Daylight,01 - Dry,01 - Traffic signal,01 - Functioning,2,0,0,0,,0,,,,,365086.5914,5017904.271,45.29850493,-75.73131772,11822
15--7025,2015/06/01,4:33 PM,HERON RD EB btwn RIVERSIDE DR & BRONSON AVE RAMP 35 (__5FD4WD),__5FD4WD,01 - Non intersection,03 - P.D. only,03 - Rear end,01 - Clear,01 - Daylight,01 - Dry,10 - No control,,2,0,0,0,,0,,,,,368226.0479,5026643.419,45.37686157,-75.69017193,11823
15--7026,2015/06/01,4:38 PM,APPLE ORCHARD RD @ DEER VALLEY CRES E (0013560),13560,03 - At intersection,03 - P.D. only,07 - SMV other,01 - Clear,01 - Daylight,01 - Dry,02 - Stop sign,01 - Functioning,1,0,0,0,,0,,,,,375226.703,5011956.617,45.24404651,-75.60288488,11824
15--7027,2015/06/01,4:57 PM,AVIATION PKWY @ OGILVIE RD (0004114),4114,02 - Intersection related,03 - P.D. only,03 - Rear end,01 - Clear,01 - Daylight,01 - Dry,01 - Traffic signal,01 - Functioning,2,0,0,0,,0,,,,,373109.2728,5032375.505,45.42797722,-75.62703562,11825
15--7028,2015/06/01,5:17 PM,COVENTRY RD @ VANIER PKWY (0002139),2139,02 - Intersection related,03 - P.D. only,03 - Rear end,01 - Clear,01 - Daylight,01 - Dry,01 - Traffic signal,01 - Functioning,2,0,0,0,,0,,,,,370677.8263,5031610.622,45.42132836,-75.65820737,11826
15--7029,2015/06/01,5:28 PM,MISS OTTAWA ST @ MONTREAL RD (0012424),12424,03 - At intersection,03 - P.D. only,02 - Angle,01 - Clear,01 - Daylight,01 - Dry,01 - Traffic signal,01 - Functioning,2,0,0,0,,0,,,,,375797.7278,5034646.783,45.44814509,-75.59235493,11827
15--703,2015/01/12,5:09 PM,AVIATION PKWY @ OGILVIE RD (0004114),4114,03 - At intersection,03 - P.D. only,05 - Turning movement,01 - Clear,05 - Dusk,04 - Slush,01 - Traffic signal,01 - Functioning,2,0,0,0,,0,,,,,373112.6419,5032375.14,45.4279736,-75.62699262,11828
15--7030,2015/06/01,5:38 PM,BANK ST btwn ARLINGTON AVE & CATHERINE ST (__3ZA3PT),__3ZA3PT,01 - Non intersection,02 - Non-fatal injury,04 - Sideswipe,01 - Clear,01 - Daylight,01 - Dry,10 - No control,,2,1,0,0,01 - Minimal,1,1,,,,368028.552,5030294.695,45.40973254,-75.69222541,11829
15--7031,2015/06/01,6:02 PM,RIVERSIDE DR btwn RAMP & TURN LANE (2) (__5FDVDR),__5FDVDR,01 - Non intersection,03 - P.D. only,03 - Rear end,01 - Clear,01 - Daylight,01 - Dry,10 - No control,,5,0,0,0,,0,,,,,368455.5965,5027282.15,45.38258787,-75.68715899,11830
15--7032,2015/06/01,6:26 PM,AVIATION PKWY @ OGILVIE RD (0004114),4114,03 - At intersection,02 - Non-fatal injury,03 - Rear end,01 - Clear,01 - Daylight,01 - Dry,01 - Traffic signal,01 - Functioning,2,0,0,0,01 - Minimal,1,1,,,,373109.9935,5032376.225,45.42798363,-75.62702631,11831
15--7033,2015/06/01,6:26 PM,KING EDWARD AVE @ RIDEAU ST (0002121),2121,02 - Intersection related,03 - P.D. only,03 - Rear end,01 - Clear,01 - Daylight,01 - Dry,01 - Traffic signal,01 - Functioning,2,0,0,0,,0,,,,,368511.7072,5032413.95,45.42875704,-75.68577946,11832
15--7034,2015/06/01,6:30 AM,HIGHWAY 417 btwn HWY417 IC155 RAMP25 & RAMP (__3ZAZN1),__3ZAZN1,01 - Non intersection,03 - P.D. only,07 - SMV other,01 - Clear,01 - Daylight,01 - Dry,10 - No control,,1,0,0,0,,0,,,,,343356.4301,5016505.618,45.28744788,-76.00848306,11833
15--7035,2015/06/01,7:03 AM,SHEFFIELD RD @ WALKLEY RD (0005156),5156,02 - Intersection related,03 - P.D. only,03 - Rear end,01 - Clear,01 - Daylight,01 - Dry,01 - Traffic signal,01 - Functioning,2,0,0,0,,0,,,,,375257.7351,5028784.792,45.39545679,-75.60009577,11834
15--7036,2015/06/01,7:30 AM,ROGER GUINDON AVE @ SMYTH RD (0006971),6971,02 - Intersection related,03 - P.D. only,03 - Rear end,01 - Clear,01 - Daylight,01 - Dry,01 - Traffic signal,01 - Functioning,2,0,0,0,,0,,,,,371932.6656,5029226.659,45.39975921,-75.64249938,11835
15--7037,2015/06/01,7:45 PM,BALLANTYNE DR btwn CELESTE WAY & PROVENCE AVE (__3ZAZK7),__3ZAZK7,04 - At/near private drive,03 - P.D. only,06 - SMV unattended vehicle,01 - Clear,01 - Daylight,01 - Dry,10 - No control,,1,0,0,0,,0,,,,,385997.5582,5037105.158,45.46915266,-75.46157308,11836
15--7038,2015/06/01,7:53 PM,BRONSON AVE btwn CARLING AVE & FIRST AVE (__3ZA3OQ),__3ZA3OQ,01 - Non intersection,03 - P.D. only,04 - Sideswipe,01 - Clear,01 - Daylight,01 - Dry,10 - No control,,2,0,0,0,,0,,,,,367468.6079,5029289.076,45.40073464,-75.69950606,11837
15--7039,2015/06/01,8:10 AM,WALKLEY RD btwn RIVERSIDE DR & RIVER GARDEN PRIV (__3ZAZ6F),__3ZAZ6F,01 - Non intersection,03 - P.D. only,03 - Rear end,01 - Clear,01 - Daylight,01 - Dry,10 - No control,,2,0,0,0,,0,,,,,368430.8912,5024850.234,45.36070839,-75.68778771,11838
15--704,2015/01/12,5:18 PM,PRINCESS LOUISE DR btwn FALLINGBROOK RDG & CEZANNE CRES (__3ZA6YC),__3ZA6YC,01 - Non intersection,03 - P.D. only,07 - SMV other,05 - Drifting Snow,05 - Dusk,03 - Loose snow,10 - No control,,1,0,0,0,,0,,,,,383820.5744,5038845.367,45.48505914,-75.48912994,11839
15--7040,2015/06/01,8:36 AM,HIGHWAY 417 btwn HWY417 IC127 RAMP25 & HWY417 IC126 RAMP51 (__3ZA2XA),__3ZA2XA,01 - Non intersection,02 - Non-fatal injury,03 - Rear end,01 - Clear,01 - Daylight,01 - Dry,10 - No control,,4,0,0,0,01 - Minimal,1,1,,,,363169.7235,5025831.48,45.36999532,-75.75482165,11840
15--7041,2015/06/01,8:45 AM,JACK PURCELL LANE btwn LEWIS ST & WAVERLEY ST (__3ZAZDF),__3ZAZDF,01 - Non intersection,03 - P.D. only,02 - Angle,01 - Clear,01 - Daylight,01 - Dry,10 - No control,,2,0,0,0,,0,,,,,368249.6346,5030979.797,45.41587685,-75.68931306,11841
15--7042,2015/06/01,8:50 AM,ISLAND PARK DR @ MERIVALE RD (0002103),2103,02 - Intersection related,03 - P.D. only,03 - Rear end,01 - Clear,01 - Daylight,01 - Dry,01 - Traffic signal,01 - Functioning,2,0,0,0,,0,,,,,364654.4251,5028023.185,45.38959066,-75.73560316,11842
15--7043,2015/06/01,8:58 AM,HIGHWAY 417 btwn HWY417 IC115 RAMP61 & REGIONAL ROAD 174 (__3ZA2XG),__3ZA2XG,01 - Non intersection,03 - P.D. only,04 - Sideswipe,01 - Clear,01 - Daylight,01 - Dry,10 - No control,,2,0,0,0,,0,,,,,373211.2251,5031699.916,45.42188864,-75.6258267,11843
15--7044,2015/06/01,8:59 AM,BANKFIELD RD @ PRINCE OF WALES DR (0003618),3618,03 - At intersection,03 - P.D. only,02 - Angle,01 - Clear,01 - Daylight,01 - Dry,01 - Traffic signal,01 - Functioning,2,0,0,0,,0,,,,,366379.6899,5008973.585,45.21803471,-75.71593842,11844
15--7045,2015/06/01,9:11 PM,DONNELLY DR btwn HARNETT RD & MALAKOFF RD (__3ZA4KC),__3ZA4KC,01 - Non intersection,03 - P.D. only,07 - SMV other,01 - Clear,05 - Dusk,01 - Dry,10 - No control,,1,0,0,0,,0,,,,,366451.68,4988406.119,45.03295856,-75.71755611,11845
15--7046,2015/06/01,9:18 AM,TERRY FOX DR btwn MAPLE GROVE RD & WALTER BAKER PL (__3ZBOBD),__3ZBOBD,01 - Non intersection,03 - P.D. only,03 - Rear end,01 - Clear,01 - Daylight,01 - Dry,10 - No control,,2,0,0,0,,0,,,,,351593.969,5017817.978,45.29875669,-75.9033524,11846
15--635,2015/01/10,2:15 PM,HIGHWAY 417 btwn HWY417 IC118 RAMP76 & HWY417 IC118 RAMP67 (__3ZA2YR),__3ZA2YR,01 - Non intersection,03 - P.D. only,04 - Sideswipe,01 - Clear,01 - Daylight,01 - Dry,10 - No control,,3,0,0,0,,0,,,,,369374.7328,5031003.279,45.41598521,-75.67493625,11847
15--6885,2015/05/28,3:57 PM,RIVERSIDE DR NB btwn SMYTH RD SOUTH SIDE RAMP & SMYTH RD NORTH SIDE RA (__3ZA4S0),__3ZA4S0,01 - Non intersection,03 - P.D. only,03 - Rear end,01 - Clear,01 - Daylight,01 - Dry,10 - No control,,2,0,0,0,,0,,,,,369881.3498,5029263.772,45.40028683,-75.66869358,11848
15--6350,2015/05/13,7:37 AM,RICHMOND RD @ HOLLY ACRES RD/NANAIMO DR (0001068),1068,02 - Intersection related,03 - P.D. only,03 - Rear end,01 - Clear,01 - Daylight,01 - Dry,01 - Traffic signal,00 - Unknown,3,0,0,0,,0,,,,,359058.6716,5022748.014,45.34258062,-75.80763993,11849
15--6886,2015/05/28,4:14 PM,BOOTH ST @ SIR JOHN A. MACDONALD PKWY/WELLINGTON ST (0012252),12252,03 - At intersection,02 - Non-fatal injury,05 - Turning movement,01 - Clear,01 - Daylight,01 - Dry,01 - Traffic signal,01 - Functioning,3,1,0,0,02 - Minor,1,,1,,,366263.6036,5031008.184,45.41630954,-75.71468232,11850
15--6351,2015/05/13,7:39 PM,HUNT CLUB RD btwn WEST HUNT CLUB RD & TURN LANE (__3ZBOEO),__3ZBOEO,01 - Non intersection,03 - P.D. only,03 - Rear end,01 - Clear,01 - Daylight,01 - Dry,10 - No control,,2,0,0,0,,0,,,,,367893.0885,5021899.715,45.33420886,-75.69502817,11851