Anom_ID,Accident_Date,Accident_Time,Location,Geo_ID,Accident_Location,Classification_of_Accident,Initial_Impact_Type,Environment_Condition,Light,Road_Surface_Condition,Traffic_Control,Traffic_Control_Condition,No__of_Vehicles,No__of_Bicycles,No__of_Motorcycles,No__of_Pedestrians,Max_Injury,No__of_Injuries,No__of_Minimal,No__of_Minor,No__of_Major,No__of_Fatal,X,Y,Latitude,Longitude,ObjectId
15--6887,2015/05/28,4:20 PM,STRANDHERD BRIDGE/VIMY MEMORIAL BRIDGE btwn PRINCE OF WALES DR & RIVER RD (e___2H44),e___2H44,07 - Overpass or bridge,02 - Non-fatal injury,03 - Rear end,01 - Clear,01 - Daylight,01 - Dry,10 - No control,,3,0,0,0,01 - Minimal,2,2,,,,367374.0046,5014754.292,45.26996172,-75.70255214,11852
15--6352,2015/05/13,7:45 AM,INNES RD btwn INNES RD & PAGE RD (__3ZA3JY),__3ZA3JY,01 - Non intersection,03 - P.D. only,03 - Rear end,01 - Clear,01 - Daylight,01 - Dry,10 - No control,,4,0,0,0,,0,,,,,380708.4719,5034437.904,45.44574969,-75.52961627,11853
15--6888,2015/05/28,4:34 PM,PRINCE OF WALES DR @ WEST HUNT CLUB RD (0000567),567,02 - Intersection related,03 - P.D. only,03 - Rear end,01 - Clear,01 - Daylight,01 - Dry,01 - Traffic signal,01 - Functioning,2,0,0,0,,0,,,,,367457.6964,5021891.25,45.3341717,-75.70058364,11854
15--6889,2015/05/28,4:39 PM,RUSSELL RD btwn SOUTHVALE CRES & WALKLEY RD (__3ZA2LY),__3ZA2LY,04 - At/near private drive,03 - P.D. only,02 - Angle,01 - Clear,01 - Daylight,01 - Dry,10 - No control,,2,0,0,0,,0,,,,,374597.4466,5028558.73,45.39348892,-75.6085601,11855
15--6353,2015/05/13,8:36 AM,LONGFIELDS DR @ MOUNTSHANNON DR E (0000028),28,02 - Intersection related,03 - P.D. only,03 - Rear end,01 - Clear,01 - Daylight,01 - Dry,11 - Roundabout,01 - Functioning,2,0,0,0,,0,,,,,364886.6947,5016801.934,45.28860327,-75.73399982,11856
15--689,2015/01/12,12:21 PM,TRAIL SIDE CIRC btwn VALIN ST & PINE VISTA DR (__45C2S9),__45C2S9,01 - Non intersection,03 - P.D. only,06 - SMV unattended vehicle,01 - Clear,01 - Daylight,02 - Wet,10 - No control,,1,0,0,0,,0,,,,,387008.4196,5037706.747,45.47444689,-75.44854681,11857
15--6354,2015/05/13,8:44 AM,HAZELDEAN RD @ TERRY FOX DR (0003682),3682,02 - Intersection related,03 - P.D. only,03 - Rear end,01 - Clear,01 - Daylight,01 - Dry,01 - Traffic signal,01 - Functioning,2,0,0,0,,0,,,,,352206.6471,5017242.933,45.29354121,-75.89559584,11858
15--6890,2015/05/28,5:41 PM,LYON ST @ SLATER ST (0002207),2207,02 - Intersection related,03 - P.D. only,05 - Turning movement,01 - Clear,01 - Daylight,01 - Dry,01 - Traffic signal,01 - Functioning,2,0,0,0,,0,,,,,367101.9839,5031151.506,45.41752496,-75.70395328,11859
15--6891,2015/05/28,6:00 PM,ATHLONE AVE btwn RICHMOND RD & BYRON AVE (__3ZA0JU),__3ZA0JU,01 - Non intersection,03 - P.D. only,06 - SMV unattended vehicle,01 - Clear,01 - Daylight,01 - Dry,10 - No control,,1,0,0,0,,0,,,,,363489.0991,5028355.281,45.39267743,-75.75044467,11860
15--6892,2015/05/28,6:12 PM,COPELAND RD @ DWYER HILL RD (0005275),5275,03 - At intersection,03 - P.D. only,05 - Turning movement,01 - Clear,01 - Daylight,01 - Dry,02 - Stop sign,00 - Unknown,2,0,0,0,,0,,,,,347490.5197,4999794,45.13682968,-75.95721633,11861
15--6893,2015/05/28,6:14 PM,CARLING AVE @ WOODROFFE AVE W (0011470),11470,02 - Intersection related,02 - Non-fatal injury,03 - Rear end,01 - Clear,01 - Daylight,01 - Dry,01 - Traffic signal,01 - Functioning,3,0,0,0,02 - Minor,1,,1,,,361766.9629,5025725.874,45.36916051,-75.77274074,11862
15--6894,2015/05/28,6:20 PM,MCARTHUR AVE @ IRWIN MILLER ST (0009812),9812,03 - At intersection,03 - P.D. only,05 - Turning movement,01 - Clear,01 - Daylight,01 - Dry,01 - Traffic signal,01 - Functioning,2,0,0,0,,0,,,,,371078.2613,5032784.523,45.43185279,-75.65293317,11863
15--6895,2015/05/28,6:27 AM,LAURIER AVE   W btwn ELGIN ST & QUEEN ELIZABETH DRWY/LAURIER AVE WB ON (__3ZA35Z),__3ZA35Z,01 - Non intersection,02 - Non-fatal injury,03 - Rear end,01 - Clear,01 - Daylight,01 - Dry,10 - No control,,2,0,1,0,02 - Minor,1,,1,,,368054.0805,5031612.771,45.42158985,-75.69173012,11864
15--6896,2015/05/28,6:46 PM,GREENBANK RD @ LISA AVE (0002753),2753,03 - At intersection,03 - P.D. only,02 - Angle,01 - Clear,01 - Daylight,01 - Dry,01 - Traffic signal,01 - Functioning,2,0,0,0,,0,,,,,360555.3958,5022893.132,45.34376902,-75.78852629,11865
15--6897,2015/05/28,7:00 PM,MITCH OWENS RD @ DOZOIS RD/LIMEBANK RD (0012469),12469,03 - At intersection,03 - P.D. only,04 - Sideswipe,01 - Clear,01 - Daylight,01 - Dry,01 - Traffic signal,01 - Functioning,2,0,0,0,,0,,,,,371675.1072,5012108.42,45.24575879,-75.64810054,11866
15--6898,2015/05/28,7:26 PM,ADIRONDACK DR @ WOODROFFE AVE (0005644),5644,02 - Intersection related,03 - P.D. only,03 - Rear end,01 - Clear,01 - Daylight,01 - Dry,02 - Stop sign,00 - Unknown,2,0,0,0,,0,,,,,362456.2446,5024005.152,45.35362124,-75.76414261,11867
15--6899,2015/05/28,7:45 AM,RIVERSIDE DR RAMP 34 @ RIVERSIDE DR (0010857),10857,02 - Intersection related,02 - Non-fatal injury,03 - Rear end,01 - Clear,01 - Daylight,01 - Dry,03 - Yield sign,01 - Functioning,2,0,0,0,01 - Minimal,1,1,,,,368339.6806,5027183.917,45.38171453,-75.68865165,11868
15--69,2015/01/03,11:00 PM,BRIAN COBURN BLVD btwn AQUAVIEW DR & ESPRIT DR (__45I75E),__45I75E,01 - Non intersection,02 - Non-fatal injury,07 - SMV other,03 - Snow,07 - Dark,03 - Loose snow,10 - No control,,1,0,0,1,01 - Minimal,1,1,,,,384795.6152,5035187.295,45.45203623,-75.47725416,11869
15--690,2015/01/12,2:14 PM,CRESTVIEW RD btwn ALTA VISTA DR & EASTLANE RD (__3ZBOTH),__3ZBOTH,01 - Non intersection,03 - P.D. only,07 - SMV other,03 - Snow,01 - Daylight,06 - Ice,10 - No control,,1,0,0,0,,0,,,,,370401.8892,5028797.249,45.39604064,-75.66210731,11870
15--6900,2015/05/28,8:00 PM,MERIVALE RD btwn ENTERPRISE AVE & BONGARD AVE (__3ZA3I1),__3ZA3I1,01 - Non intersection,03 - P.D. only,04 - Sideswipe,01 - Clear,05 - Dusk,01 - Dry,10 - No control,,3,0,0,0,,0,,,,,365839.7903,5021391.461,45.32981727,-75.72128534,11871
15--6901,2015/05/28,8:10 AM,CARLING AVE @ KIRKWOOD AVE N (0002358),2358,02 - Intersection related,03 - P.D. only,07 - SMV other,01 - Clear,01 - Daylight,02 - Wet,01 - Traffic signal,00 - Unknown,1,0,0,0,,0,,,,,364274.5834,5027493.585,45.38485778,-75.74051748,11872
15--6902,2015/05/28,8:30 AM,EARL ARMSTRONG RD @ SPRATT RD (0013063),13063,03 - At intersection,02 - Non-fatal injury,05 - Turning movement,01 - Clear,01 - Daylight,01 - Dry,01 - Traffic signal,01 - Functioning,2,0,0,0,03 - Major,6,,5,1,,368396.7091,5015011.069,45.27218043,-75.68948712,11873
15--6903,2015/05/28,8:38 AM,CHAMBERLAIN AVE btwn IMPERIAL AVE & PERCY ST (__3ZA3O6),__3ZA3O6,01 - Non intersection,03 - P.D. only,03 - Rear end,01 - Clear,01 - Daylight,01 - Dry,10 - No control,,2,0,0,0,,0,,,,,367442.6528,5029756.22,45.40494019,-75.69977822,11874
15--6904,2015/05/28,8:40 AM,HIGHWAY 417 btwn HWY417 IC130 RAMP35 & HWY417 IC130 RAMP25 (__3ZA298),__3ZA298,01 - Non intersection,03 - P.D. only,03 - Rear end,01 - Clear,01 - Daylight,01 - Dry,10 - No control,,2,0,0,0,,0,,,,,359265.8918,5023066.908,45.34543397,-75.8049608,11875
15--6905,2015/05/28,9:02 AM,HOLLAND AVE @ WELLINGTON ST (0002364),2364,02 - Intersection related,03 - P.D. only,03 - Rear end,02 - Rain,01 - Daylight,02 - Wet,01 - Traffic signal,01 - Functioning,2,0,0,0,,0,,,,,364929.7014,5029153.915,45.39974116,-75.73195013,11876
15--6906,2015/05/28,9:07 AM,BELFAST RD @ ST. LAURENT BLVD (0007658),7658,02 - Intersection related,03 - P.D. only,03 - Rear end,01 - Clear,01 - Daylight,02 - Wet,01 - Traffic signal,01 - Functioning,2,0,0,0,,0,,,,,372860.0034,5030579.643,45.41184321,-75.63046889,11877
15--6907,2015/05/28,9:19 PM,LEITRIM RD btwn FENTON RD & BANK ST (__3ZA3SF),__3ZA3SF,01 - Non intersection,03 - P.D. only,07 - SMV other,01 - Clear,07 - Dark,01 - Dry,10 - No control,,1,0,0,0,,0,,,,,374546.2209,5021085.329,45.32625158,-75.61026886,11878
15--6908,2015/05/28,9:40 AM,KENT ST btwn ALBERT ST & SLATER ST (__3ZA1XL),__3ZA1XL,01 - Non intersection,03 - P.D. only,04 - Sideswipe,02 - Rain,01 - Daylight,02 - Wet,10 - No control,,2,0,0,0,,0,,,,,367239.8922,5031288.43,45.41874467,-75.70217402,11879
15--6909,2015/05/29,1:12 PM,CARLING AVE @ HIGHLAND AVE (0006705),6705,02 - Intersection related,02 - Non-fatal injury,02 - Angle,01 - Clear,01 - Daylight,01 - Dry,02 - Stop sign,01 - Functioning,2,1,0,0,01 - Minimal,1,1,,,,363304.4158,5026715.095,45.37793474,-75.75299758,11880
15--691,2015/01/12,2:21 PM,CORKSTOWN RD btwn MARCH RD & MOODIE DR (__3ZA2LR),__3ZA2LR,05 - At railway crossing,03 - P.D. only,07 - SMV other,01 - Clear,01 - Daylight,04 - Slush,10 - No control,,1,0,0,0,,0,,,,,354982.9798,5021536.36,45.3319814,-75.85976669,11881
15--6910,2015/05/29,1:14 PM,BANK ST @ HUNT CLUB RD (0002119),2119,02 - Intersection related,03 - P.D. only,04 - Sideswipe,01 - Clear,01 - Daylight,01 - Dry,01 - Traffic signal,01 - Functioning,2,0,0,0,,0,,,,,371608.2295,5024097.774,45.35364242,-75.64733689,11882
15--6911,2015/05/29,10:12 AM,MELBOURNE AVE @ DOVERCOURT AVE (0006171),6171,03 - At intersection,03 - P.D. only,02 - Angle,01 - Clear,01 - Daylight,01 - Dry,02 - Stop sign,01 - Functioning,2,0,0,0,,0,,,,,363460.177,5027357.781,45.38370451,-75.75093258,11883
15--6912,2015/05/29,10:12 AM,DERBY ST btwn VICTORIA ST & LLOYD GRAHAM AVE (__3ZA65L),__3ZA65L,01 - Non intersection,03 - P.D. only,07 - SMV other,01 - Clear,01 - Daylight,01 - Dry,10 - No control,,1,0,0,0,,0,,,,,385258.322,5011045.882,45.23477713,-75.47526586,11884
15--6913,2015/05/29,11:07 AM,PRINCE OF WALES DR btwn SECOND LINE RD S & BANKFIELD RD (__3ZA295),__3ZA295,01 - Non intersection,03 - P.D. only,04 - Sideswipe,01 - Clear,01 - Daylight,01 - Dry,10 - No control,,2,0,0,0,,0,,,,,365934.1887,5006825.062,45.19874096,-75.72187387,11885
15--6914,2015/05/29,11:34 AM,MARAVISTA DR @ STRANDHERD DR (0013565),13565,03 - At intersection,02 - Non-fatal injury,02 - Angle,01 - Clear,01 - Daylight,01 - Dry,01 - Traffic signal,01 - Functioning,2,1,0,0,01 - Minimal,1,1,,,,361288.4381,5014584.958,45.26895318,-75.78011984,11886
15--6915,2015/05/29,11:49 AM,METCALFE ST @ LAURIER AVE (0002231),2231,02 - Intersection related,03 - P.D. only,03 - Rear end,01 - Clear,01 - Daylight,01 - Dry,01 - Traffic signal,01 - Functioning,2,0,0,0,,0,,,,,367793.2164,5031450.816,45.42015617,-75.69508386,11887
15--6916,2015/05/29,12:07 PM,ST. JOSEPH BLVD/OLD MONTREAL RD @ TRIM RD (0004118),4118,02 - Intersection related,03 - P.D. only,07 - SMV other,01 - Clear,01 - Daylight,01 - Dry,11 - Roundabout,01 - Functioning,1,0,0,0,,0,,,,,384685.5394,5039288.652,45.48894893,-75.47799452,11888
15--6917,2015/05/29,12:14 PM,MOORE ST @ SHEA RD (0000429),429,03 - At intersection,03 - P.D. only,05 - Turning movement,01 - Clear,01 - Daylight,01 - Dry,02 - Stop sign,01 - Functioning,2,0,0,0,,0,,,,,357274.0874,5007253.59,45.20329476,-75.83204783,11889
15--6918,2015/05/29,12:57 PM,WALKLEY RD btwn BAYCREST DR & HEATHERINGTON RD (__3ZA361),__3ZA361,04 - At/near private drive,02 - Non-fatal injury,02 - Angle,01 - Clear,01 - Daylight,01 - Dry,10 - No control,,2,0,0,0,01 - Minimal,1,1,,,,371512.9854,5026642.492,45.37654798,-75.64820877,11890
15--6919,2015/05/29,2:40 PM,STAR TOP RD btwn Continuation of STAR TOP RD & INNES RD (__3ZBN0V),__3ZBN0V,04 - At/near private drive,03 - P.D. only,05 - Turning movement,01 - Clear,01 - Daylight,01 - Dry,10 - No control,,2,0,0,0,,0,,,,,374100.2546,5030789.647,45.413611,-75.61459586,11891
15--692,2015/01/12,2:25 PM,ZEPHYR AVE btwn HOWE ST & DON ST (__3ZABXY),__3ZABXY,01 - Non intersection,03 - P.D. only,06 - SMV unattended vehicle,03 - Snow,01 - Daylight,03 - Loose snow,10 - No control,,1,0,0,0,,0,,,,,359902.2591,5025163.92,45.36425315,-75.79660701,11892
15--6920,2015/05/29,2:48 PM,MONTREAL RD btwn RIDEAU ST & NORTH RIVER RD (__3ZA3UA),__3ZA3UA,01 - Non intersection,03 - P.D. only,04 - Sideswipe,01 - Clear,01 - Daylight,01 - Dry,10 - No control,,2,0,0,0,,0,,,,,369715.9249,5032893.711,45.43296301,-75.6703282,11893
15--6921,2015/05/29,2:55 PM,PRESTWICK DR btwn DUVAL LANE & DES EPINETTES AVE (__3ZA6SP),__3ZA6SP,04 - At/near private drive,03 - P.D. only,02 - Angle,01 - Clear,01 - Daylight,01 - Dry,10 - No control,,2,0,0,0,,0,,,,,383278.5451,5036699.525,45.46581395,-75.49640556,11894
15--6922,2015/05/29,3:10 PM,TENTH LINE RD btwn 275 N OF DES EPINETTES AVE/FALLINGBROOK SC & DES EP (__3ZA3YNB),__3ZA3YNB,01 - Non intersection,02 - Non-fatal injury,03 - Rear end,01 - Clear,01 - Daylight,01 - Dry,10 - No control,,2,0,0,0,02 - Minor,1,,1,,,383597.8826,5037000.583,45.46848665,-75.49227419,11895
15--6923,2015/05/29,3:25 PM,ST. LAURENT BLVD btwn TREMBLAY RD & SHORE ST (__3ZA2GT),__3ZA2GT,01 - Non intersection,03 - P.D. only,99 - Other,01 - Clear,01 - Daylight,01 - Dry,10 - No control,,2,0,0,0,,0,,,,,372666.3445,5031058.153,45.41616743,-75.63287689,11896
15--6924,2015/05/29,3:41 PM,MONTREAL RD btwn FOXVIEW PL & HOCHELAGA ST (__3ZA2D4),__3ZA2D4,01 - Non intersection,02 - Non-fatal injury,07 - SMV other,01 - Clear,01 - Daylight,01 - Dry,10 - No control,,1,0,0,1,03 - Major,1,,,1,,372929.5069,5034452.416,45.44668174,-75.62904524,11897
15--6925,2015/05/29,3:48 PM,CLARKE AVE @ ST. LAURENT BLVD (0007702),7702,02 - Intersection related,03 - P.D. only,02 - Angle,01 - Clear,01 - Daylight,01 - Dry,01 - Traffic signal,01 - Functioning,2,0,0,0,,0,,,,,371735.442,5033353.23,45.43690716,-75.64445771,11898
15--6926,2015/05/29,3:54 PM,FISHER AVE btwn BASELINE RD & MALIBU TER (__3ZA4JK),__3ZA4JK,04 - At/near private drive,03 - P.D. only,99 - Other,01 - Clear,01 - Daylight,01 - Dry,10 - No control,,2,0,0,0,,0,,,,,366185.9585,5025979.103,45.3710659,-75.71630001,11899
15--6927,2015/05/29,4:01 PM,RICHMOND RD btwn WEST HUNT CLUB RD & STONEHAVEN DR (__3ZA41H),__3ZA41H,04 - At/near private drive,03 - P.D. only,03 - Rear end,01 - Clear,01 - Daylight,01 - Dry,10 - No control,,2,0,0,0,,0,,,,,356778.5993,5015900.816,45.2811413,-75.83745075,11900
15--6928,2015/05/29,4:09 PM,BESSERER ST @ CUMBERLAND ST (0011559),11559,02 - Intersection related,03 - P.D. only,03 - Rear end,01 - Clear,01 - Daylight,01 - Dry,01 - Traffic signal,01 - Functioning,2,0,0,0,,0,,,,,368415.6891,5032256.321,45.42734749,-75.68702679,11901
15--6929,2015/05/29,4:15 PM,CARLING AVE @ EDGEWORTH AVE (0002718),2718,03 - At intersection,03 - P.D. only,05 - Turning movement,01 - Clear,01 - Daylight,01 - Dry,01 - Traffic signal,01 - Functioning,2,0,0,0,,0,,,,,361261.6663,5025424.778,45.36649216,-75.77922542,11902
15--693,2015/01/12,2:35 PM,ST. LAURENT BLVD btwn COVENTRY RD & LEMIEUX ST (__3ZA2C9),__3ZA2C9,01 - Non intersection,02 - Non-fatal injury,07 - SMV other,01 - Clear,01 - Daylight,01 - Dry,10 - No control,,1,0,0,1,02 - Minor,1,,1,,,372329.0804,5031900.708,45.42378098,-75.63707011,11903
15--6930,2015/05/29,4:25 PM,PRINCE OF WALES DR @ WEST HUNT CLUB RD (0000567),567,02 - Intersection related,03 - P.D. only,03 - Rear end,01 - Clear,01 - Daylight,02 - Wet,01 - Traffic signal,01 - Functioning,2,0,0,0,,0,,,,,367459.431,5021890.422,45.3341641,-75.70056161,11904
15--6931,2015/05/29,4:41 PM,COOPER ST @ BANK ST (0006951),6951,03 - At intersection,03 - P.D. only,02 - Angle,01 - Clear,01 - Daylight,01 - Dry,02 - Stop sign,01 - Functioning,2,0,0,0,,0,,,,,367650.1517,5030990.932,45.41603114,-75.69697039,11905
15--6932,2015/05/29,4:44 PM,ALTA VISTA DR btwn SMYTH RD & VALOUR DR (__4O00NK),__4O00NK,04 - At/near private drive,03 - P.D. only,02 - Angle,01 - Clear,01 - Daylight,01 - Dry,10 - No control,,2,0,0,0,,0,,,,,370389.299,5029284.257,45.40042374,-75.66220334,11906
15--6933,2015/05/29,4:58 PM,ALTA VISTA DR @ SMYTH RD (0011353),11353,02 - Intersection related,03 - P.D. only,03 - Rear end,01 - Clear,01 - Daylight,01 - Dry,01 - Traffic signal,01 - Functioning,2,0,0,0,,0,,,,,370432.7159,5029081.287,45.39859342,-75.66167583,11907
15--6934,2015/05/29,5:00 PM,COLONIAL RD @ FRANK KENNY RD (0012888),12888,03 - At intersection,03 - P.D. only,02 - Angle,01 - Clear,01 - Daylight,01 - Dry,02 - Stop sign,01 - Functioning,2,0,0,0,,0,,,,,390200.0898,5032047.143,45.42314508,-75.40871482,11908
15--6935,2015/05/29,5:50 PM,COVENTRY RD @ VANIER PKWY (0002139),2139,02 - Intersection related,02 - Non-fatal injury,03 - Rear end,01 - Clear,01 - Daylight,01 - Dry,01 - Traffic signal,01 - Functioning,2,0,0,0,02 - Minor,1,,1,,,370677.1056,5031609.901,45.42132194,-75.65821667,11909
15--6936,2015/05/29,6:00 PM,MONTREAL RD @ FOXVIEW PL/DESLOGES PRIV (0008207),8207,03 - At intersection,03 - P.D. only,05 - Turning movement,01 - Clear,01 - Daylight,01 - Dry,02 - Stop sign,00 - Unknown,2,0,0,0,,0,,,,,372908.4222,5034447.253,45.44663734,-75.62931546,11910
15--6937,2015/05/29,6:12 AM,ROCHESTER ST @ SOMERSET ST (0006321),6321,02 - Intersection related,03 - P.D. only,03 - Rear end,01 - Clear,01 - Daylight,01 - Dry,01 - Traffic signal,01 - Functioning,2,0,0,0,,0,,,,,366481.7051,5030202.205,45.40903838,-75.71199677,11911
15--6938,2015/05/29,6:12 PM,RUSSELL RD btwn ST. LAURENT BLVD & ST. LAURENT BLVD (__3ZBOFC),__3ZBOFC,04 - At/near private drive,02 - Non-fatal injury,02 - Angle,01 - Clear,01 - Daylight,01 - Dry,10 - No control,,2,0,0,0,01 - Minimal,3,3,,,,373473.1462,5029329.41,45.4005343,-75.62281046,11912
15--6939,2015/05/29,6:34 AM,CONROY RD @ WALKLEY RD (0002648),2648,03 - At intersection,02 - Non-fatal injury,07 - SMV other,01 - Clear,01 - Daylight,01 - Dry,01 - Traffic signal,01 - Functioning,1,0,1,0,02 - Minor,1,,1,,,372904.7365,5027464.292,45.3838083,-75.63032757,11913
15--694,2015/01/12,2:53 PM,BIRCHGROVE RD @ RUSSELL RD (0004701),4701,02 - Intersection related,02 - Non-fatal injury,03 - Rear end,03 - Snow,01 - Daylight,03 - Loose snow,02 - Stop sign,01 - Functioning,2,0,0,0,02 - Minor,1,,1,,,400268.3521,5029616.953,45.39998029,-75.28055595,11914
15--6940,2015/05/29,6:40 AM,HAZELDEAN RD @ HUNTMAR DR/IBER RD (0000075),75,03 - At intersection,02 - Non-fatal injury,05 - Turning movement,01 - Clear,01 - Daylight,01 - Dry,01 - Traffic signal,01 - Functioning,2,1,0,0,01 - Minimal,1,1,,,,350942.5979,5016078.165,45.28314442,-75.91181912,11915
15--6941,2015/05/29,7:13 AM,CAHILL DR @ UPLANDS DR (0007392),7392,02 - Intersection related,03 - P.D. only,03 - Rear end,01 - Clear,01 - Daylight,01 - Dry,03 - Yield sign,01 - Functioning,2,0,0,0,,0,,,,,370087.7217,5023246.874,45.34612948,-75.66685315,11916
15--6942,2015/05/29,7:18 AM,FALLOWFIELD RD @ WOODROFFE AVE (0010372),10372,02 - Intersection related,03 - P.D. only,03 - Rear end,01 - Clear,01 - Daylight,01 - Dry,01 - Traffic signal,01 - Functioning,2,0,0,0,,0,,,,,365085.15,5017903.55,45.29849856,-75.73133619,11917
15--6943,2015/05/29,7:31 PM,DALHOUSIE ST btwn ST. PATRICK ST & MURRAY ST (__3ZA7A8),__3ZA7A8,01 - Non intersection,03 - P.D. only,04 - Sideswipe,01 - Clear,01 - Daylight,01 - Dry,10 - No control,,2,0,0,0,,0,,,,,367963.7843,5032629.174,45.43074325,-75.69275348,11918
15--6944,2015/05/29,7:32 AM,RUSSLAND RD btwn ROCKDALE RD & DUNNING RD (__3ZA3KV),__3ZA3KV,04 - At/near private drive,02 - Non-fatal injury,02 - Angle,01 - Clear,01 - Daylight,01 - Dry,10 - No control,,2,0,0,0,01 - Minimal,1,1,,,,395408.7151,5022984.078,45.34095141,-75.343833,11919
15--6945,2015/05/29,7:45 AM,CARLING AVE WB btwn HOLLAND AVE & HINTON AVE S (__3ZA4UN),__3ZA4UN,01 - Non intersection,03 - P.D. only,04 - Sideswipe,01 - Clear,01 - Daylight,01 - Dry,10 - No control,,2,0,0,0,,0,,,,,365429.6565,5028047.561,45.38974331,-75.72570064,11920
15--6946,2015/05/29,7:48 AM,HOLLY ACRES RD btwn HWY416 IC75C RAMP24 & RICHMOND RD (__3ZA2IK),__3ZA2IK,01 - Non intersection,03 - P.D. only,03 - Rear end,01 - Clear,01 - Daylight,01 - Dry,10 - No control,,2,0,0,0,,0,,,,,358935.2562,5022799.018,45.34304909,-75.80920905,11921
15--6947,2015/05/29,7:53 PM,LAURIER AVE @ NICHOLAS ST (0010711),10711,02 - Intersection related,03 - P.D. only,03 - Rear end,01 - Clear,01 - Daylight,01 - Dry,01 - Traffic signal,01 - Functioning,2,0,0,0,,0,,,,,368372.9163,5031797.189,45.42322027,-75.6876326,11922
15--6948,2015/05/29,8:30 PM,HIGHWAY 417 btwn HWY417 IC131 RAMP66 & HWY417 IC130 RAMP26 (__3ZA29A),__3ZA29A,01 - Non intersection,02 - Non-fatal injury,04 - Sideswipe,01 - Clear,05 - Dusk,01 - Dry,10 - No control,,2,0,0,0,02 - Minor,1,,1,,,358979.9712,5023050.301,45.34530669,-75.80861099,11923
15--6949,2015/05/29,8:32 AM,MARCH RD btwn 280 S OF CARLING AVE/STATION RD & RICHARDSON SIDE RD (__3ZA42DB),__3ZA42DB,04 - At/near private drive,03 - P.D. only,03 - Rear end,01 - Clear,01 - Daylight,01 - Dry,10 - No control,,2,0,0,0,,0,,,,,351276.9758,5021854.11,45.33509582,-75.90701532,11924
15--695,2015/01/12,3:04 PM,QUEEN ST @ LYON ST (0002159),2159,03 - At intersection,02 - Non-fatal injury,07 - SMV other,01 - Clear,01 - Daylight,02 - Wet,01 - Traffic signal,01 - Functioning,1,0,0,1,02 - Minor,1,,1,,,367018.7037,5031285.171,45.41873505,-75.70500039,11925
15--6950,2015/05/29,8:43 PM,CURRIER ST @ MANOTICK MAIN ST (0008829),8829,03 - At intersection,03 - P.D. only,02 - Angle,01 - Clear,07 - Dark,01 - Dry,02 - Stop sign,01 - Functioning,2,0,0,0,,0,,,,,368988.2164,5009680.131,45.22415936,-75.68263766,11926
15--6951,2015/05/29,8:58 AM,FALLOWFIELD RD @ WOODROFFE AVE (0010372),10372,02 - Intersection related,03 - P.D. only,03 - Rear end,01 - Clear,01 - Daylight,01 - Dry,01 - Traffic signal,01 - Functioning,2,0,0,0,,0,,,,,365084.643,5017902.43,45.29848853,-75.73134279,11927
15--6952,2015/05/29,9:15 AM,NEIL WAY @ RIVERSIDE DR (0011903),11903,02 - Intersection related,03 - P.D. only,04 - Sideswipe,01 - Clear,01 - Daylight,01 - Dry,02 - Stop sign,00 - Unknown,2,0,0,0,,0,,,,,369464.7629,5028289.828,45.39156221,-75.67414189,11928
15--6953,2015/05/29,9:24 PM,ST. JEAN ST @ ST. JOSEPH BLVD (0004137),4137,03 - At intersection,02 - Non-fatal injury,05 - Turning movement,01 - Clear,07 - Dark,01 - Dry,01 - Traffic signal,01 - Functioning,2,0,0,0,02 - Minor,1,,1,,,380969.4987,5037202.802,45.47059763,-75.5258516,11929
15--6954,2015/05/29,9:59 AM,DILWORTH RD btwn THIRD LINE RD S & RIDEAU VALLEY DR S (__3ZA3UR),__3ZA3UR,01 - Non intersection,03 - P.D. only,07 - SMV other,01 - Clear,01 - Daylight,01 - Dry,10 - No control,,1,0,0,0,,0,,,,,373843.6001,4996664.613,45.10658777,-75.62261674,11930
15--6955,2015/05/30,1:22 AM,FROBISHER LANE W @ RIVERSIDE DR (0011961),11961,03 - At intersection,03 - P.D. only,07 - SMV other,01 - Clear,07 - Dark,01 - Dry,01 - Traffic signal,01 - Functioning,1,0,0,0,,0,,,,,370119.4358,5029600.866,45.4032977,-75.6656081,11931
15--6956,2015/05/30,1:29 PM,BANKFIELD RD @ MANOTICK MAIN ST/RIDEAU VALLEY  (0000070),70,03 - At intersection,03 - P.D. only,05 - Turning movement,01 - Clear,01 - Daylight,01 - Dry,01 - Traffic signal,01 - Functioning,2,0,0,0,,0,,,,,368431.6985,5010157.761,45.22850755,-75.68966249,11932
15--6355,2015/05/13,8:54 AM,JAMIE AVE @ SUNDERLAND ST (0004576),4576,02 - Intersection related,03 - P.D. only,05 - Turning movement,01 - Clear,01 - Daylight,01 - Dry,02 - Stop sign,00 - Unknown,2,0,0,0,,0,,,,,366065.667,5022022.024,45.33547131,-75.71832593,11933
15--6356,2015/05/13,8:59 AM,KANATA AVE @ TERRY FOX DR (0012691),12691,02 - Intersection related,03 - P.D. only,03 - Rear end,01 - Clear,01 - Daylight,01 - Dry,01 - Traffic signal,01 - Functioning,2,0,0,0,,0,,,,,349306.8314,5019212.067,45.31144973,-75.93238795,11934