Anom_ID,Accident_Date,Accident_Time,Location,Geo_ID,Accident_Location,Classification_of_Accident,Initial_Impact_Type,Environment_Condition,Light,Road_Surface_Condition,Traffic_Control,Traffic_Control_Condition,No__of_Vehicles,No__of_Bicycles,No__of_Motorcycles,No__of_Pedestrians,Max_Injury,No__of_Injuries,No__of_Minimal,No__of_Minor,No__of_Major,No__of_Fatal,X,Y,Latitude,Longitude,ObjectId
15--6357,2015/05/13,9:19 AM,EAGLESON RD @ OTTAWA ST (0000161),161,03 - At intersection,03 - P.D. only,05 - Turning movement,01 - Clear,01 - Daylight,01 - Dry,02 - Stop sign,00 - Unknown,2,0,0,0,,0,,,,,358562.626,5006062.705,45.19248175,-75.81577539,11935
15--6358,2015/05/13,9:53 AM,BELFAST RD @ ST. LAURENT BLVD (0007658),7658,02 - Intersection related,03 - P.D. only,03 - Rear end,01 - Clear,01 - Daylight,01 - Dry,01 - Traffic signal,01 - Functioning,2,0,0,0,,0,,,,,372859.7602,5030578.08,45.41182917,-75.63047221,11936
15--6359,2015/05/13,9:56 AM,HWY 417 INNES IC112R68 @ INNES RD (0012300),12300,02 - Intersection related,03 - P.D. only,03 - Rear end,01 - Clear,01 - Daylight,01 - Dry,01 - Traffic signal,01 - Functioning,2,0,0,0,,0,,,,,374641.3538,5030921.504,45.41474359,-75.60766474,11937
15--636,2015/01/10,2:33 PM,OGILVIE RD @ 185 E OF BATHGATE DR/185 E OF CIT (0012352),12352,03 - At intersection,03 - P.D. only,05 - Turning movement,01 - Clear,01 - Daylight,01 - Dry,01 - Traffic signal,01 - Functioning,3,0,0,0,,0,,,,,373989.31,5032894.558,45.43256088,-75.61571752,11938
15--6360,2015/05/13,9:57 AM,GREENBANK RD @ 220 N OF STRANDHERD DR (0010452),10452,02 - Intersection related,03 - P.D. only,03 - Rear end,01 - Clear,01 - Daylight,01 - Dry,01 - Traffic signal,01 - Functioning,2,0,0,0,,0,,,,,363849.3564,5014983.888,45.27233241,-75.74743921,11939
15--6361,2015/05/14,1:18 PM,BANK ST btwn BILLINGS TRANSIT & OHIO ST (__3ZA3NMB),__3ZA3NMB,04 - At/near private drive,03 - P.D. only,05 - Turning movement,01 - Clear,01 - Daylight,01 - Dry,10 - No control,,3,1,0,0,,0,,,,,369514.9048,5027663.713,45.385924,-75.67358368,11940
15--6362,2015/05/14,10:06 PM,WOODROFFE AVE @ ALGONQUIN COLLEGE/TRANSITWAY S (0004682),4682,02 - Intersection related,03 - P.D. only,03 - Rear end,01 - Clear,07 - Dark,01 - Dry,01 - Traffic signal,01 - Functioning,2,0,0,0,,0,,,,,362824.3465,5023271.165,45.34698652,-75.7595311,11941
15--6363,2015/05/14,10:10 PM,HIGHWAY 417 btwn HWY417 IC117 RAMP61 & HWY417 IC115 RAMP36 (__3ZA2RZ),__3ZA2RZ,01 - Non intersection,02 - Non-fatal injury,03 - Rear end,01 - Clear,07 - Dark,01 - Dry,10 - No control,,2,0,0,0,01 - Minimal,1,1,,,,371553.7027,5031421.684,45.41954535,-75.64704218,11942
15--6364,2015/05/14,10:15 PM,TANDALEE CRES btwn Continuation of TANDALEE CRES & Continuation of TAN (__5WX08G),__5WX08G,04 - At/near private drive,03 - P.D. only,06 - SMV unattended vehicle,01 - Clear,07 - Dark,01 - Dry,10 - No control,,1,0,0,0,,0,,,,,356016.6133,5016057.744,45.28260929,-75.84714663,11943
15--6365,2015/05/14,10:25 AM,HIGHWAY 417 btwn HWY417 IC117 RAMP36 & HWY417 IC117 RAMP26 (__3ZAZE0),__3ZAZE0,01 - Non intersection,03 - P.D. only,03 - Rear end,01 - Clear,01 - Daylight,01 - Dry,10 - No control,,2,0,0,0,,0,,,,,370717.6016,5031187.027,45.41751328,-75.65775584,11944
15--6366,2015/05/14,10:28 PM,BAYCREST DR btwn HERON RD & CEDARWOOD DR (__3ZA861),__3ZA861,04 - At/near private drive,02 - Non-fatal injury,02 - Angle,01 - Clear,07 - Dark,01 - Dry,10 - No control,,2,0,0,0,02 - Minor,1,,1,,,371198.3945,5026843.65,45.37838781,-75.65219797,11945
15--6367,2015/05/14,10:46 AM,GREENBANK RD @ STRANDHERD DR (0005563),5563,02 - Intersection related,03 - P.D. only,04 - Sideswipe,01 - Clear,01 - Daylight,01 - Dry,01 - Traffic signal,01 - Functioning,2,0,0,0,,0,,,,,363933.1205,5014783.854,45.27052546,-75.74639558,11946
15--6368,2015/05/14,11:11 AM,WALKLEY RD @ DON REID DR/RYDER ST (0008218),8218,03 - At intersection,02 - Non-fatal injury,02 - Angle,01 - Clear,01 - Daylight,01 - Dry,01 - Traffic signal,01 - Functioning,2,0,0,0,01 - Minimal,1,1,,,,372603.1683,5027284.184,45.38221702,-75.63420278,11947
15--6369,2015/05/14,11:20 AM,BELFAST RD btwn TRAINYARDS DR & ST. LAURENT BLVD (__3ZA79Z),__3ZA79Z,01 - Non intersection,03 - P.D. only,06 - SMV unattended vehicle,01 - Clear,01 - Daylight,01 - Dry,10 - No control,,1,0,0,0,,0,,,,,371974.9732,5030877.178,45.41460581,-75.64173415,11948
15--637,2015/01/10,3:30 PM,TARTAN DR btwn BENTBROOK CRES & BENTBROOK CRES (__3ZA5KC),__3ZA5KC,01 - Non intersection,03 - P.D. only,07 - SMV other,01 - Clear,01 - Daylight,02 - Wet,10 - No control,,1,0,0,0,,0,,,,,363278.8619,5014668.466,45.2695419,-75.75474646,11949
15--6370,2015/05/14,11:47 AM,MACLAREN ST btwn KENT ST & BANK ST (__3ZA9T1),__3ZA9T1,01 - Non intersection,03 - P.D. only,06 - SMV unattended vehicle,01 - Clear,01 - Daylight,01 - Dry,10 - No control,,1,0,0,0,,0,,,,,367639.7383,5030786.976,45.41419695,-75.69712943,11950
15--6371,2015/05/14,11:52 AM,SOMERSET ST    W btwn SPADINA AVE & BAYSWATER AVE (__3ZA319),__3ZA319,01 - Non intersection,03 - P.D. only,06 - SMV unattended vehicle,01 - Clear,01 - Daylight,01 - Dry,10 - No control,,1,0,0,0,,0,,,,,365798.0298,5029905.537,45.40642895,-75.72076683,11951
15--6372,2015/05/14,Unknown,CYMBELINE DR btwn OBERON ST & SEYTON DR (__3ZBNDI),__3ZBNDI,01 - Non intersection,03 - P.D. only,06 - SMV unattended vehicle,01 - Clear,00 - Unknown,01 - Dry,10 - No control,,1,0,0,0,,0,,,,,356905.16,5020067.865,45.31862764,-75.83539972,11952
15--6373,2015/05/14,12:18 PM,HERON RD WB btwn HERON RD WB OFF RAMP/VINCENT MASSEY PARK & RIVERSIDE  (__3ZAZKM),__3ZAZKM,01 - Non intersection,03 - P.D. only,03 - Rear end,01 - Clear,01 - Daylight,01 - Dry,10 - No control,,2,0,0,0,,0,,,,,368029.2739,5026639.334,45.3768426,-75.69268463,11953
15--6374,2015/05/14,12:27 PM,CAMBRIDGE ST    N btwn LAURIER AVE W & PRIMROSE AVE (__3ZA150),__3ZA150,04 - At/near private drive,03 - P.D. only,06 - SMV unattended vehicle,01 - Clear,01 - Daylight,01 - Dry,10 - No control,,1,0,0,0,,0,,,,,366781.3317,5030712.074,45.41359956,-75.7081052,11954
15--6375,2015/05/14,12:58 PM,HAMILTON SIDE RD btwn JOHN KENNEDY WAY & UPPER DWYER HILL RD (__3ZACCW),__3ZACCW,01 - Non intersection,03 - P.D. only,07 - SMV other,01 - Clear,01 - Daylight,01 - Dry,10 - No control,,1,0,0,0,,0,,,,,337651.035,5009437.119,45.22413126,-76.08168052,11955
15--6376,2015/05/14,2:05 PM,BANK ST btwn ARENA PL & WHITE ALDER AVE (__3ZA29N),__3ZA29N,01 - Non intersection,02 - Non-fatal injury,03 - Rear end,01 - Clear,01 - Daylight,01 - Dry,10 - No control,,3,0,0,0,02 - Minor,1,,1,,,375428.0757,5021455.807,45.32949681,-75.59896784,11956
15--6377,2015/05/14,2:15 AM,ROGER STEVENS DR btwn DWYER HILL RD & MALAKOFF RD (__3ZA4ZQ),__3ZA4ZQ,01 - Non intersection,03 - P.D. only,07 - SMV other,01 - Clear,07 - Dark,01 - Dry,10 - No control,,1,0,0,0,,0,,,,,356760.8,4991386.957,45.06055818,-75.84022939,11957
15--6378,2015/05/14,2:22 PM,CARLING AVE @ KIRKWOOD AVE N (0002358),2358,03 - At intersection,03 - P.D. only,02 - Angle,01 - Clear,01 - Daylight,01 - Dry,01 - Traffic signal,01 - Functioning,2,0,0,0,,0,,,,,364276.4129,5027492.453,45.38484743,-75.74049426,11958
15--6379,2015/05/14,2:40 PM,ST. PATRICK ST EB btwn COBOURG ST & VANIER PKWY/CRICHTON ST (__54XYWT),__54XYWT,01 - Non intersection,03 - P.D. only,04 - Sideswipe,01 - Clear,01 - Daylight,01 - Dry,10 - No control,,2,0,0,0,,0,,,,,368819.9267,5033235.388,45.43611989,-75.68173409,11959
15--638,2015/01/10,3:35 PM,HWY417 IC104 RAMP16 btwn ANDERSON RD & HIGHWAY 417 (__3ZAY0F),__3ZAY0F,01 - Non intersection,03 - P.D. only,07 - SMV other,01 - Clear,01 - Daylight,02 - Wet,10 - No control,,1,0,0,0,,0,,,,,380170.2675,5026003.36,45.36991973,-75.53778491,11960
15--6380,2015/05/14,2:50 PM,HWY 417 WOODROFF IC127R63 @ WOODROFFE AVE (0006462),6462,02 - Intersection related,02 - Non-fatal injury,03 - Rear end,01 - Clear,01 - Daylight,01 - Dry,10 - No control,,2,0,0,0,02 - Minor,1,,1,,,362109.4017,5024871.648,45.36144634,-75.76846848,11961
15--6381,2015/05/14,2:59 AM,BYWARD MARKET @ YORK ST (0007624),7624,02 - Intersection related,03 - P.D. only,07 - SMV other,01 - Clear,07 - Dark,01 - Dry,02 - Stop sign,01 - Functioning,1,0,0,0,,0,,,,,367944.4633,5032328.7,45.42804143,-75.69303891,11962
15--6382,2015/05/14,3:11 PM,LORRY GREENBERG DR btwn HEARTLEAF PRIV & HUNT CLUB RD (__3ZAZLZ),__3ZAZLZ,04 - At/near private drive,03 - P.D. only,02 - Angle,01 - Clear,01 - Daylight,01 - Dry,10 - No control,,2,0,0,0,,0,,,,,372811.4865,5024840.298,45.36020771,-75.6318795,11963
15--6383,2015/05/14,3:12 PM,ARLINGTON AVE @ BANK ST (0007261),7261,02 - Intersection related,03 - P.D. only,02 - Angle,01 - Clear,01 - Daylight,01 - Dry,02 - Stop sign,01 - Functioning,2,0,0,0,,0,,,,,368007.8306,5030345.006,45.41018709,-75.69248365,11964
15--6384,2015/05/14,3:25 PM,HIGHWAY 417 btwn HWY417 IC121A RAMP51 & HWY417 IC120A RAMP52 (__3ZA2R6),__3ZA2R6,01 - Non intersection,03 - P.D. only,04 - Sideswipe,01 - Clear,01 - Daylight,01 - Dry,10 - No control,,2,0,0,0,,0,,,,,367524.3081,5029845.012,45.4057318,-75.69872394,11965
15--6385,2015/05/14,3:30 PM,INNES RD btwn 260 E OF BELCOURT BLVD/WALMART SC & JEANNE D'ARC BLVD/ME (__3ZA3JWB),__3ZA3JWB,01 - Non intersection,03 - P.D. only,04 - Sideswipe,01 - Clear,01 - Daylight,01 - Dry,10 - No control,,2,0,0,0,,0,,,,,382353.0116,5035402.241,45.45424546,-75.50844424,11966
15--6386,2015/05/14,3:47 PM,INDUSTRIAL AVE btwn RUSSELL RD & ST. LAURENT BLVD (__3ZA3R7),__3ZA3R7,01 - Non intersection,03 - P.D. only,05 - Turning movement,01 - Clear,01 - Daylight,01 - Dry,10 - No control,,2,0,0,0,,0,,,,,373009.5866,5029960.496,45.40625785,-75.62864371,11967
15--6387,2015/05/14,4:53 PM,BEECHWOOD AVE @ MARIER AVE/PUTMAN AVE (0007195),7195,02 - Intersection related,03 - P.D. only,99 - Other,01 - Clear,01 - Daylight,01 - Dry,01 - Traffic signal,01 - Functioning,2,0,0,0,,0,,,,,369605.7065,5033906.512,45.442086,-75.67160339,11968
15--6388,2015/05/14,5:14 PM,REGIONAL ROAD 174 btwn MORIN RD & OLD MONTREAL RD (__3ZA27P),__3ZA27P,01 - Non intersection,03 - P.D. only,03 - Rear end,01 - Clear,01 - Daylight,01 - Dry,10 - No control,,3,0,0,0,,0,,,,,392439.7978,5042750.618,45.51916464,-75.37819118,11969
15--6389,2015/05/14,5:27 PM,INDUSTRIAL AVE @ RIVERSIDE DR (0011905),11905,02 - Intersection related,03 - P.D. only,04 - Sideswipe,01 - Clear,01 - Daylight,01 - Dry,01 - Traffic signal,00 - Unknown,2,0,0,0,,0,,,,,370685.4393,5030591.472,45.41215775,-75.65824636,11970
15--639,2015/01/10,3:40 PM,HADLEY CIRC @ MOODIE DR (0000594),594,02 - Intersection related,03 - P.D. only,03 - Rear end,01 - Clear,01 - Daylight,06 - Ice,02 - Stop sign,01 - Functioning,2,0,0,0,,0,,,,,357136.6483,5020300.962,45.32070785,-75.83242266,11971
15--6390,2015/05/14,5:28 PM,GEORGE ST    W btwn PRESTON ST & END (__3ZA06J),__3ZA06J,01 - Non intersection,03 - P.D. only,06 - SMV unattended vehicle,01 - Clear,01 - Daylight,01 - Dry,10 - No control,,1,0,0,0,,0,,,,,366540.9064,5029382.381,45.4016566,-75.71134319,11972
15--6391,2015/05/14,5:30 PM,HIGHWAY 417 btwn HWY417 IC118 RAMP35 & HWY417 IC117 RAMP51 (__3ZA2YP),__3ZA2YP,01 - Non intersection,03 - P.D. only,03 - Rear end,01 - Clear,01 - Daylight,01 - Dry,10 - No control,,2,0,0,0,,0,,,,,370193.4138,5031101.106,45.41678938,-75.66446419,11973
15--6392,2015/05/14,5:41 PM,BIRCHGROVE RD @ COLONIAL RD (0004651),4651,02 - Intersection related,03 - P.D. only,07 - SMV other,01 - Clear,01 - Daylight,01 - Dry,02 - Stop sign,00 - Unknown,1,0,0,0,,0,,,,,397761.8632,5035235.812,45.4508683,-75.31150459,11974
15--6393,2015/05/14,6:44 PM,HUNTLEY AVE @ HERON RD (0006841),6841,02 - Intersection related,03 - P.D. only,03 - Rear end,01 - Clear,01 - Daylight,01 - Dry,02 - Stop sign,00 - Unknown,2,0,0,0,,0,,,,,369447.9181,5026775.786,45.3779409,-75.6745553,11975
15--6394,2015/05/14,7:09 PM,CARP RD btwn FALLDOWN LANE & DONALD B. MUNRO DR (__3ZA2GM),__3ZA2GM,04 - At/near private drive,03 - P.D. only,05 - Turning movement,01 - Clear,01 - Daylight,01 - Dry,10 - No control,,2,0,0,0,,0,,,,,341175.9638,5022837.739,45.34454327,-76.0358137,11976
15--6395,2015/05/14,7:30 AM,PRINCE OF WALES DR btwn DEAKIN ST & WATERBEND LANE (__3ZA1H3),__3ZA1H3,01 - Non intersection,03 - P.D. only,03 - Rear end,01 - Clear,01 - Daylight,01 - Dry,10 - No control,,2,0,0,0,,0,,,,,367392.4012,5021535.319,45.33097493,-75.70146163,11977
15--6396,2015/05/14,7:31 PM,TENTH LINE RD @ CHARLEMAGNE BLVD S/DES EPINETT (0003686),3686,02 - Intersection related,03 - P.D. only,03 - Rear end,01 - Clear,01 - Daylight,01 - Dry,01 - Traffic signal,01 - Functioning,2,0,0,0,,0,,,,,383640.9751,5036900.456,45.46758093,-75.49173924,11978
15--6397,2015/05/14,7:35 PM,BASELINE RD btwn MERIVALE RD & FARLANE BLVD (__3ZA4ID),__3ZA4ID,01 - Non intersection,03 - P.D. only,04 - Sideswipe,01 - Clear,01 - Daylight,01 - Dry,10 - No control,,2,0,0,0,,0,,,,,365136.1378,5025374.884,45.36572041,-75.72977539,11979
15--6398,2015/05/14,7:38 AM,GREENBANK RD @ IRIS ST/HWY 417 IC129 RAMP51 (0009073),9073,02 - Intersection related,03 - P.D. only,03 - Rear end,01 - Clear,01 - Daylight,01 - Dry,01 - Traffic signal,01 - Functioning,2,0,0,0,,0,,,,,360530.6441,5023313.243,45.34755114,-75.78879478,11980
15--6399,2015/05/14,7:39 AM,MCCARTHY RD @ PAUL ANKA DR (0007479),7479,02 - Intersection related,02 - Non-fatal injury,07 - SMV other,01 - Clear,01 - Daylight,01 - Dry,01 - Traffic signal,01 - Functioning,1,0,0,1,02 - Minor,1,,1,,,369699.7208,5023877.951,45.35184375,-75.67172115,11981
15--64,2015/01/03,1:36 PM,MAPLE GROVE RD @ TERRY FOX DR (0003177),3177,03 - At intersection,02 - Non-fatal injury,05 - Turning movement,03 - Snow,01 - Daylight,03 - Loose snow,01 - Traffic signal,01 - Functioning,2,0,0,0,01 - Minimal,2,2,,,,351554.5725,5017864.946,45.29918194,-75.90385027,11982
15--640,2015/01/10,4:40 PM,HIGHWAY 417 btwn HWY417 IC117 RAMP36 & HWY417 IC117 RAMP26 (__3ZAZE0),__3ZAZE0,01 - Non intersection,03 - P.D. only,03 - Rear end,01 - Clear,05 - Dusk,01 - Dry,10 - No control,,2,0,0,0,,0,,,,,370727.2757,5031188.642,45.4175269,-75.65763203,11983
15--6400,2015/05/14,7:57 AM,BRONSON AVE @ RENFREW AVE (0007197),7197,03 - At intersection,03 - P.D. only,99 - Other,01 - Clear,01 - Daylight,01 - Dry,02 - Stop sign,01 - Functioning,2,0,0,0,,0,,,,,367355.5848,5029553.253,45.40312173,-75.7009161,11984
15--6401,2015/05/14,8:47 AM,TERRY FOX DR S @ DIDSBURY RD/CENTRUM KANATA SC (0011820),11820,03 - At intersection,02 - Non-fatal injury,07 - SMV other,01 - Clear,01 - Daylight,01 - Dry,01 - Traffic signal,01 - Functioning,1,0,0,2,02 - Minor,2,,2,,,350625.6448,5018913.981,45.30868265,-75.91559707,11985
15--6402,2015/05/14,9:25 AM,GLADSTONE AVE @ ROCHESTER ST (0006496),6496,02 - Intersection related,03 - P.D. only,04 - Sideswipe,01 - Clear,01 - Daylight,01 - Dry,01 - Traffic signal,01 - Functioning,2,0,0,0,,0,,,,,366663.7957,5029786.907,45.40528557,-75.70972284,11986
15--6403,2015/05/14,9:57 PM,BARNSDALE RD @ PRINCE OF WALES DR (0001082),1082,03 - At intersection,03 - P.D. only,02 - Angle,01 - Clear,07 - Dark,01 - Dry,02 - Stop sign,01 - Functioning,3,0,0,0,,0,,,,,366645.5694,5011532.977,45.24104086,-75.71223536,11987
15--6404,2015/05/15,1:15 PM,ROSS AVE @ SCOTT ST (0006155),6155,02 - Intersection related,03 - P.D. only,04 - Sideswipe,01 - Clear,01 - Daylight,01 - Dry,02 - Stop sign,01 - Functioning,2,0,0,0,,0,,,,,364357.4127,5029361.843,45.40166097,-75.73923434,11988
15--6405,2015/05/15,1:41 PM,INDUSTRIAL AVE btwn NEIGHBORHOOD WAY & TRAINYARDS DR (__6N4VKM),__6N4VKM,04 - At/near private drive,03 - P.D. only,02 - Angle,01 - Clear,01 - Daylight,01 - Dry,10 - No control,,2,0,0,0,,0,,,,,371587.0824,5030550.443,45.41170312,-75.64673379,11989
15--6406,2015/05/15,1:42 PM,BANK ST @ JOHNSTON RD (0006967),6967,02 - Intersection related,03 - P.D. only,03 - Rear end,01 - Clear,01 - Daylight,01 - Dry,01 - Traffic signal,01 - Functioning,2,0,0,0,,0,,,,,370851.7305,5024839.168,45.36038492,-75.65689185,11990
15--6407,2015/05/15,1:49 AM,HIGHWAY 417 btwn HWY417 IC117 RAMP61 & HWY417 IC115 RAMP36 (__3ZA2RZ),__3ZA2RZ,01 - Non intersection,03 - P.D. only,03 - Rear end,01 - Clear,07 - Dark,01 - Dry,10 - No control,,2,0,0,0,,0,,,,,371553.324,5031422.07,45.41954886,-75.64704697,11991
15--6408,2015/05/15,10:05 AM,PAUL ANKA DR btwn UPLANDS DR & MCCARTHY RD (__3ZA9CH),__3ZA9CH,04 - At/near private drive,03 - P.D. only,05 - Turning movement,01 - Clear,01 - Daylight,01 - Dry,10 - No control,,2,0,0,0,,0,,,,,369632.4137,5023790.28,45.35106113,-75.67259155,11992
15--6409,2015/05/15,10:29 AM,MITCH OWENS RD @ DOZOIS RD/LIMEBANK RD (0012469),12469,03 - At intersection,01 - Fatal injury,02 - Angle,01 - Clear,01 - Daylight,01 - Dry,01 - Traffic signal,01 - Functioning,2,0,0,0,04 - Fatal,2,,1,,1,371673.725,5012107.937,45.24575458,-75.64811821,11993
15--641,2015/01/10,5:12 PM,MERIVALE RD @ SHILLINGTON AVE (0011308),11308,02 - Intersection related,03 - P.D. only,03 - Rear end,03 - Snow,05 - Dusk,04 - Slush,01 - Traffic signal,01 - Functioning,2,0,0,0,,0,,,,,364842.7665,5026810.984,45.37866739,-75.73334553,11994
15--6410,2015/05/15,10:49 AM,MOODIE DR @ RICHMOND RD N (0001487),1487,03 - At intersection,02 - Non-fatal injury,02 - Angle,01 - Clear,01 - Daylight,01 - Dry,02 - Stop sign,01 - Functioning,2,0,0,0,02 - Minor,1,,1,,,357392.5188,5019689.209,45.31518411,-75.8292241,11995
15--6411,2015/05/15,11:29 AM,SMYTH RD @ RIVERSIDE HOSPITAL (0009069),9069,03 - At intersection,02 - Non-fatal injury,05 - Turning movement,01 - Clear,01 - Daylight,01 - Dry,01 - Traffic signal,01 - Functioning,2,0,0,0,02 - Minor,1,,1,,,369987.0821,5029120.431,45.39898726,-75.66736211,11996
15--6412,2015/05/15,11:40 AM,MEADOWLANDS DR btwn HOGAN ST & NESS ST (__3ZA4IQ),__3ZA4IQ,04 - At/near private drive,03 - P.D. only,02 - Angle,01 - Clear,01 - Daylight,01 - Dry,10 - No control,,2,0,0,0,,0,,,,,366274.8592,5024892.443,45.36128055,-75.71530035,11997
15--6413,2015/05/15,12:09 PM,BANK ST @ CATHERINE ST (0002708),2708,02 - Intersection related,03 - P.D. only,99 - Other,01 - Clear,01 - Daylight,01 - Dry,01 - Traffic signal,01 - Functioning,2,0,0,0,,0,,,,,368039.7054,5030268.332,45.40949432,-75.69208631,11998
15--6414,2015/05/15,12:21 PM,BRONSON AVE btwn MADAWASKA DR & OLD SUNSET BLVD (__3ZA3ND),__3ZA3ND,01 - Non intersection,03 - P.D. only,99 - Other,01 - Clear,01 - Daylight,01 - Dry,10 - No control,,3,0,0,0,,0,,,,,367617.3228,5028928.445,45.39747646,-75.69765258,11999
15--6415,2015/05/15,2:09 PM,GLADSTONE AVE @ PERCY ST (0007203),7203,02 - Intersection related,03 - P.D. only,03 - Rear end,01 - Clear,01 - Daylight,01 - Dry,01 - Traffic signal,01 - Functioning,2,0,0,0,,0,,,,,367329.2719,5030206.003,45.40899734,-75.70116941,12000
15--7407,2015/06/11,2:41 PM,MERIVALE RD @ CAPILANO DR/WITHROW AVE (0009820),9820,03 - At intersection,02 - Non-fatal injury,03 - Rear end,01 - Clear,01 - Daylight,01 - Dry,01 - Traffic signal,01 - Functioning,3,0,0,0,02 - Minor,1,,1,,,364642.429,5024228.129,45.3554444,-75.73621614,12001
15--7408,2015/06/11,3:15 PM,BLAIR RD @ OGILVIE RD (0004120),4120,02 - Intersection related,03 - P.D. only,03 - Rear end,01 - Clear,01 - Daylight,01 - Dry,01 - Traffic signal,01 - Functioning,2,0,0,0,,0,,,,,374508.4444,5033197.494,45.43523498,-75.60904057,12002
15--7409,2015/06/11,3:23 PM,UPLANDS DR btwn RATAN CRT & ROYALTON PRIV (__3ZA1KZ),__3ZA1KZ,01 - Non intersection,02 - Non-fatal injury,07 - SMV other,01 - Clear,01 - Daylight,01 - Dry,10 - No control,,1,0,1,0,01 - Minimal,1,1,,,,369208.5704,5023591.774,45.34931408,-75.67802605,12003
15--741,2015/01/12,8:45 AM,PRINCE OF WALES DR @ STRANDHERD DR (0013339),13339,02 - Intersection related,03 - P.D. only,04 - Sideswipe,03 - Snow,01 - Daylight,06 - Ice,01 - Traffic signal,00 - Unknown,2,0,0,0,,0,,,,,367175.2898,5014824.673,45.27061266,-75.70507549,12004
15--7410,2015/06/11,3:30 PM,HIGHWAY 417 btwn HWY417 IC119B RAMP57 & HWY417 IC119A RAMP75 (__3ZA1QN),__3ZA1QN,01 - Non intersection,03 - P.D. only,04 - Sideswipe,01 - Clear,01 - Daylight,01 - Dry,10 - No control,,2,0,0,0,,0,,,,,368392.3503,5030405.492,45.41069649,-75.68756389,12005
15--7411,2015/06/11,4:04 PM,HIGHWAY 417 btwn HWY417 IC117 RAMP51 & HWY417 IC117 RAMP35 (__3ZA2YN),__3ZA2YN,01 - Non intersection,03 - P.D. only,03 - Rear end,01 - Clear,01 - Daylight,01 - Dry,10 - No control,,2,0,0,0,,0,,,,,370728.4319,5031174.031,45.41739533,-75.65761921,12006
15--7412,2015/06/11,4:09 PM,BLAIR RD @ OGILVIE RD (0004120),4120,03 - At intersection,02 - Non-fatal injury,05 - Turning movement,01 - Clear,01 - Daylight,01 - Dry,01 - Traffic signal,01 - Functioning,2,1,0,0,02 - Minor,1,,1,,,374506.2823,5033198.215,45.43524168,-75.6090681,12007
15--7413,2015/06/11,4:45 PM,DWYER HILL RD @ ROGER STEVENS DR (0003690),3690,03 - At intersection,02 - Non-fatal injury,02 - Angle,01 - Clear,01 - Daylight,01 - Dry,02 - Stop sign,01 - Functioning,2,0,0,0,02 - Minor,3,,3,,,354336.3225,4989352.369,45.04242342,-75.87121286,12008
15--7768,2015/06/19,4:55 PM,BASELINE RD @ MERIVALE RD (0002342),2342,02 - Intersection related,03 - P.D. only,03 - Rear end,01 - Clear,01 - Daylight,01 - Dry,01 - Traffic signal,01 - Functioning,2,0,0,0,,0,,,,,365054.6964,5025325.155,45.36527996,-75.730821,12009
15--7858,2015/06/22,Unknown,MOONEY'S BAY PL btwn GAVIN ST & END (__3ZA0HM),__3ZA0HM,01 - Non intersection,03 - P.D. only,06 - SMV unattended vehicle,01 - Clear,00 - Unknown,01 - Dry,10 - No control,,1,0,0,0,,0,,,,,368844.7507,5025361.066,45.36526704,-75.68243936,12010
15--7414,2015/06/11,5:00 PM,HEATHERLYN CRES btwn ELDO ST & TRACIN ST (__3ZA64U),__3ZA64U,04 - At/near private drive,03 - P.D. only,99 - Other,01 - Clear,01 - Daylight,01 - Dry,10 - No control,,2,0,0,0,,0,,,,,385406.4346,5010464.886,45.22953273,-75.47347389,12011
15--7415,2015/06/11,5:10 PM,ST. JOSEPH BLVD @ JEANNE D'ARC BLVD (0012421),12421,03 - At intersection,03 - P.D. only,02 - Angle,01 - Clear,01 - Daylight,01 - Dry,11 - Roundabout,01 - Functioning,2,0,0,0,,0,,,,,379861.2494,5036468.975,45.46411521,-75.5401353,12012
15--7416,2015/06/11,5:50 PM,HIGHWAY 417 btwn HWY417 IC119A RAMP75 & HWY417 IC118 RAMP57 (__3ZA2R2),__3ZA2R2,01 - Non intersection,03 - P.D. only,03 - Rear end,01 - Clear,01 - Daylight,01 - Dry,10 - No control,,2,0,0,0,,0,,,,,368939.2622,5030691.72,45.41322196,-75.68054018,12013
15--7417,2015/06/11,6:52 PM,GREENBANK RD @ JOCKVALE RD (0010360),10360,02 - Intersection related,03 - P.D. only,03 - Rear end,01 - Clear,01 - Daylight,01 - Dry,01 - Traffic signal,01 - Functioning,2,0,0,0,,0,,,,,364122.4085,5014330.774,45.2664327,-75.74403759,12014
15--7418,2015/06/11,6:53 PM,METCALFE ST @ QUEEN ST (0003140),3140,02 - Intersection related,02 - Non-fatal injury,03 - Rear end,01 - Clear,01 - Daylight,01 - Dry,01 - Traffic signal,01 - Functioning,2,0,0,0,01 - Minimal,1,1,,,,367647.9813,5031680.218,45.42223331,-75.6969102,12015
15--7419,2015/06/11,7:26 PM,MERIVALE RD btwn OT/NE BOUNDARY & MERIVALE RD (__3ZA1DA),__3ZA1DA,01 - Non intersection,03 - P.D. only,04 - Sideswipe,01 - Clear,01 - Daylight,01 - Dry,10 - No control,,2,0,1,0,,0,,,,,365007.8496,5025242.992,45.3645447,-75.73142898,12016
15--742,2015/01/12,8:45 AM,CUMMINGS AVE @ MONTREAL RD (0007748),7748,02 - Intersection related,03 - P.D. only,03 - Rear end,01 - Clear,01 - Daylight,04 - Slush,01 - Traffic signal,01 - Functioning,2,0,0,0,,0,,,,,372006.3255,5034041.872,45.44307724,-75.64090174,12017