Anom_ID,Accident_Date,Accident_Time,Location,Geo_ID,Accident_Location,Classification_of_Accident,Initial_Impact_Type,Environment_Condition,Light,Road_Surface_Condition,Traffic_Control,Traffic_Control_Condition,No__of_Vehicles,No__of_Bicycles,No__of_Motorcycles,No__of_Pedestrians,Max_Injury,No__of_Injuries,No__of_Minimal,No__of_Minor,No__of_Major,No__of_Fatal,X,Y,Latitude,Longitude,ObjectId
15--7420,2015/06/11,7:40 AM,HIGHWAY 417 btwn RAMP & HWY417 IC88 RAMP51 (__3ZA2W2),__3ZA2W2,01 - Non intersection,03 - P.D. only,04 - Sideswipe,01 - Clear,01 - Daylight,01 - Dry,10 - No control,,2,0,0,0,,0,,,,,392384.5411,5022866.935,45.34028154,-75.38243468,12018
15--7421,2015/06/11,7:46 AM,INNES RD btwn CYRVILLE RD & STONEHENGE CRES (__3ZA3RE),__3ZA3RE,01 - Non intersection,03 - P.D. only,04 - Sideswipe,01 - Clear,01 - Daylight,01 - Dry,10 - No control,,2,0,0,0,,0,,,,,375091.6887,5031149.474,45.41674964,-75.60187919,12019
15--7422,2015/06/11,8:10 AM,ST. LAURENT BLVD btwn CONROY RD & THURSTON DR (__3ZA49E),__3ZA49E,04 - At/near private drive,02 - Non-fatal injury,02 - Angle,01 - Clear,01 - Daylight,01 - Dry,10 - No control,,2,0,1,0,02 - Minor,1,,1,,,373596.9459,5027452.262,45.38363242,-75.62149103,12020
15--7423,2015/06/11,8:14 AM,SCRIVENS ST btwn WALTER ST & CARLING AVE (__3ZABVH),__3ZABVH,04 - At/near private drive,03 - P.D. only,05 - Turning movement,01 - Clear,01 - Daylight,01 - Dry,10 - No control,,2,0,0,0,,0,,,,,359386.8569,5024345.685,45.35693101,-75.80327612,12021
15--7424,2015/06/11,8:28 AM,AIRPORT PKWY btwn BROOKFIELD RAMP 34 & BROOKFIELD RAMP 52B (__3ZA228),__3ZA228,01 - Non intersection,03 - P.D. only,03 - Rear end,01 - Clear,01 - Daylight,02 - Wet,10 - No control,,2,0,0,0,,0,,,,,368790.1677,5026439.11,45.37497196,-75.68299642,12022
15--7425,2015/06/11,8:44 AM,CARLING AVE @ ISLAND PARK DR (0010785),10785,02 - Intersection related,03 - P.D. only,04 - Sideswipe,01 - Clear,01 - Daylight,01 - Dry,01 - Traffic signal,01 - Functioning,2,0,0,0,,0,,,,,365348.6995,5027997.182,45.38929701,-75.72674062,12023
15--7227,2015/06/06,2:50 PM,BASELINE RD @ ERINDALE DR (0003209),3209,03 - At intersection,02 - Non-fatal injury,02 - Angle,01 - Clear,01 - Daylight,01 - Dry,02 - Stop sign,01 - Functioning,2,0,0,0,03 - Major,7,2,3,2,,363856.5944,5024574.864,45.35863091,-75.74620364,12024
15--7426,2015/06/11,9:00 AM,HUNT CLUB RD btwn MCCARTHY RD & RAMP (__3ZA36L),__3ZA36L,04 - At/near private drive,03 - P.D. only,04 - Sideswipe,01 - Clear,01 - Daylight,01 - Dry,10 - No control,,2,1,0,0,,0,,,,,370804.287,5023573.289,45.3489994,-75.65766637,12025
15--7427,2015/06/11,9:15 AM,CENTER ST @ MONTREAL RD (0002691),2691,02 - Intersection related,03 - P.D. only,03 - Rear end,01 - Clear,01 - Daylight,01 - Dry,02 - Stop sign,00 - Unknown,2,0,0,0,,0,,,,,371820.2667,5033951.948,45.44228601,-75.64329211,12026
15--7588,2015/06/15,8:25 AM,LEITRIM RD N @ RAMSAYVILLE RD (0004149),4149,03 - At intersection,02 - Non-fatal injury,02 - Angle,01 - Clear,01 - Daylight,01 - Dry,02 - Stop sign,01 - Functioning,2,0,0,0,01 - Minimal,2,2,,,,378728.266,5023872.857,45.35090427,-75.55651038,12027
15--7428,2015/06/11,9:44 AM,BANK ST btwn QUEENSDALE AVE & LESTER RD (__3ZA2LF),__3ZA2LF,04 - At/near private drive,03 - P.D. only,02 - Angle,01 - Clear,01 - Daylight,01 - Dry,10 - No control,,2,0,0,0,,0,,,,,373410.9771,5023373.081,45.34694784,-75.62443191,12028
15--7429,2015/06/12,1:02 PM,BARNSDALE RD btwn TWIN ELM RD & MOODIE DR (__3ZAB90),__3ZAB90,01 - Non intersection,03 - P.D. only,07 - SMV other,02 - Rain,01 - Daylight,02 - Wet,10 - No control,,1,0,0,0,,0,,,,,360404.7386,5007962.456,45.20943328,-75.79212106,12029
15--743,2015/01/12,8:49 AM,MONTREAL RD @ BATHGATE DR/BURMA RD (0007650),7650,02 - Intersection related,03 - P.D. only,03 - Rear end,01 - Clear,01 - Daylight,04 - Slush,01 - Traffic signal,01 - Functioning,3,0,0,0,,0,,,,,373223.7585,5034517.074,45.44723476,-75.62527503,12030
15--7430,2015/06/12,1:15 PM,SUNBURST ST btwn KINGSWELL ST & LAGUNA ST (__8PNLH1),__8PNLH1,01 - Non intersection,03 - P.D. only,06 - SMV unattended vehicle,01 - Clear,01 - Daylight,01 - Dry,10 - No control,,1,0,0,0,,0,,,,,375894.744,5021265.037,45.32773323,-75.5930425,12031
15--7431,2015/06/12,1:16 PM,ISABELLA ST btwn O'CONNOR ST & METCALFE ST (__3ZA3PW),__3ZA3PW,01 - Non intersection,03 - P.D. only,04 - Sideswipe,02 - Rain,01 - Daylight,02 - Wet,10 - No control,,2,0,0,0,,0,,,,,368326.5333,5030324.341,45.4099723,-75.68841512,12032
15--7432,2015/06/12,1:17 AM,DALHOUSIE ST @ RIDEAU ST (0007646),7646,03 - At intersection,02 - Non-fatal injury,99 - Other,01 - Clear,07 - Dark,01 - Dry,01 - Traffic signal,01 - Functioning,2,0,0,0,01 - Minimal,1,1,,,,368207.4298,5032226.5,45.42709808,-75.6896918,12033
15--7433,2015/06/12,1:23 PM,BREWER RD @ BRONSON AVE (0002240),2240,02 - Intersection related,03 - P.D. only,03 - Rear end,02 - Rain,01 - Daylight,02 - Wet,01 - Traffic signal,01 - Functioning,2,0,0,0,,0,,,,,368108.3264,5027766.076,45.38697357,-75.69153089,12034
15--7434,2015/06/12,1:30 PM,RAFTUS SQ btwn PHEASANT RUN DR & OTTEN DR (__3ZAB7Y),__3ZAB7Y,04 - At/near private drive,03 - P.D. only,06 - SMV unattended vehicle,01 - Clear,01 - Daylight,01 - Dry,10 - No control,,1,0,0,0,,0,,,,,361855.4415,5015513.009,45.27725808,-75.77278797,12035
15--7435,2015/06/12,1:35 PM,INNES RD @ LANTHIER DR/PRESTWICK DR (0004251),4251,02 - Intersection related,03 - P.D. only,03 - Rear end,02 - Rain,01 - Daylight,02 - Wet,01 - Traffic signal,01 - Functioning,2,0,0,0,,0,,,,,383540.7631,5035987.483,45.45937813,-75.49316684,12036
15--7436,2015/06/12,1:37 AM,DALHOUSIE ST @ RIDEAU ST (0007646),7646,03 - At intersection,03 - P.D. only,05 - Turning movement,02 - Rain,07 - Dark,02 - Wet,01 - Traffic signal,01 - Functioning,3,0,0,0,,0,,,,,368206.7091,5032227.221,45.42710464,-75.68970091,12037
15--7437,2015/06/12,10:22 AM,WEST HUNT CLUB RD @ CLEOPATRA DR/LANCELOT DR (0000114),114,02 - Intersection related,02 - Non-fatal injury,03 - Rear end,02 - Rain,01 - Daylight,02 - Wet,01 - Traffic signal,01 - Functioning,2,0,0,0,01 - Minimal,1,1,,,,365236.4207,5021730.692,45.33292185,-75.7289407,12038
15--7438,2015/06/12,11:03 AM,BENTLEY AVE btwn SUNDERLAND ST & GIFFORD ST (__3ZA0X5),__3ZA0X5,01 - Non intersection,03 - P.D. only,06 - SMV unattended vehicle,02 - Rain,01 - Daylight,02 - Wet,10 - No control,,1,0,0,0,,0,,,,,366160.7902,5021840.462,45.33382933,-75.7171349,12039
15--7439,2015/06/12,11:11 AM,REGIONAL RD 174 @ TRIM RD (0012835),12835,02 - Intersection related,02 - Non-fatal injury,03 - Rear end,02 - Rain,01 - Daylight,02 - Wet,01 - Traffic signal,01 - Functioning,2,0,0,0,02 - Minor,1,,1,,,384351.4929,5039990.611,45.49530263,-75.48215365,12040
15--744,2015/01/12,8:57 AM,DUNNING RD btwn FRENCH HILL RD & INNES RD (__3ZBOGY),__3ZBOGY,01 - Non intersection,03 - P.D. only,07 - SMV other,03 - Snow,01 - Daylight,05 - Packed snow,10 - No control,,1,0,0,0,,0,,,,,391704.0592,5039230.943,45.48759116,-75.38823052,12041
15--7440,2015/06/12,11:25 AM,LORRY GREENBERG DR btwn FINLAND PRIV & FINLAND PRIV (__3ZA1VD),__3ZA1VD,01 - Non intersection,02 - Non-fatal injury,07 - SMV other,02 - Rain,01 - Daylight,02 - Wet,10 - No control,,1,0,0,0,02 - Minor,1,,1,,,373252.1093,5025481.808,45.36593688,-75.62616705,12042
15--7441,2015/06/12,11:46 PM,WILHAVEN DR btwn DUNNING RD & SARSFIELD RD (__3ZA5GU),__3ZA5GU,01 - Non intersection,03 - P.D. only,07 - SMV other,01 - Clear,07 - Dark,02 - Wet,10 - No control,,1,0,0,0,,0,,,,,391869.0924,5040763.798,45.50136129,-75.38584771,12043
15--7442,2015/06/12,11:51 AM,HUNT CLUB RD btwn DAZE ST & TURN LANE (__5AFH5U),__5AFH5U,04 - At/near private drive,02 - Non-fatal injury,03 - Rear end,02 - Rain,01 - Daylight,02 - Wet,10 - No control,,2,0,0,0,01 - Minimal,1,1,,,,371551.0788,5024019.029,45.35293934,-75.64807684,12044
15--7443,2015/06/12,Unknown,BRITTANY DR btwn COLEFORD PL & BANGS ST (__3ZA8DQ),__3ZA8DQ,01 - Non intersection,03 - P.D. only,06 - SMV unattended vehicle,01 - Clear,00 - Unknown,01 - Dry,10 - No control,,1,0,0,0,,0,,,,,371504.5117,5034371.438,45.44609058,-75.64727103,12045
15--7444,2015/06/12,12:02 PM,RICHMOND RD btwn PERTH ST & CAMBRIAN RD (__3ZAB98),__3ZAB98,04 - At/near private drive,03 - P.D. only,03 - Rear end,02 - Rain,01 - Daylight,02 - Wet,10 - No control,,2,0,0,0,,0,,,,,358947.2534,5008148.581,45.21122157,-75.81065405,12046
15--7445,2015/06/12,12:03 PM,LAURIER AVE   W btwn O'CONNOR ST & METCALFE ST (__3ZBOER),__3ZBOER,01 - Non intersection,02 - Non-fatal injury,07 - SMV other,02 - Rain,01 - Daylight,02 - Wet,10 - No control,,1,0,0,1,02 - Minor,1,,1,,,367766.4835,5031435.993,45.4200252,-75.6954273,12047
15--7446,2015/06/12,12:04 PM,TRIM RD btwn SPRINGRIDGE DR & PORTOBELLO BLVD (__4NCHX7),__4NCHX7,01 - Non intersection,03 - P.D. only,99 - Other,01 - Clear,01 - Daylight,01 - Dry,10 - No control,,2,0,0,0,,0,,,,,385653.3243,5038115.105,45.4782791,-75.46580853,12048
15--7447,2015/06/12,12:15 PM,MONTCREST DR @ WATTERS RD (0012951),12951,02 - Intersection related,03 - P.D. only,03 - Rear end,01 - Clear,01 - Daylight,01 - Dry,02 - Stop sign,01 - Functioning,2,0,0,0,,0,,,,,384864.6925,5038587.814,45.48262295,-75.47581719,12049
15--7448,2015/06/12,12:44 PM,INNES RD @ TENTH LINE RD (0004633),4633,02 - Intersection related,03 - P.D. only,04 - Sideswipe,02 - Rain,01 - Daylight,02 - Wet,01 - Traffic signal,01 - Functioning,2,0,0,0,,0,,,,,383951.0396,5036157.759,45.46086376,-75.48789418,12050
15--7449,2015/06/12,12:45 PM,WOODROFFE AVE @ KNOXDALE RD/MEDHURST DR (0000519),519,02 - Intersection related,03 - P.D. only,03 - Rear end,02 - Rain,01 - Daylight,02 - Wet,01 - Traffic signal,00 - Unknown,3,0,0,0,,0,,,,,363419.6899,5021824.685,45.33392171,-75.75210574,12051
15--745,2015/01/12,9:02 AM,FISHER AVE @ PRINCE OF WALES DR (0000572),572,02 - Intersection related,03 - P.D. only,03 - Rear end,04 - Freezing Rain,01 - Daylight,04 - Slush,01 - Traffic signal,01 - Functioning,2,0,0,0,,0,,,,,367162.6687,5023941.066,45.35264185,-75.70408896,12052
15--7450,2015/06/12,12:48 PM,GREENBANK RD @ CANFIELD RD/CRAIG HENRY DR (0000154),154,02 - Intersection related,02 - Non-fatal injury,03 - Rear end,02 - Rain,01 - Daylight,02 - Wet,01 - Traffic signal,01 - Functioning,2,0,0,0,02 - Minor,1,,1,,,361105.9591,5021363.411,45.32996064,-75.78167537,12053
15--7451,2015/06/12,2:09 PM,TENTH LINE RD @ TENTH LINE RD (0009412),9412,02 - Intersection related,03 - P.D. only,03 - Rear end,02 - Rain,01 - Daylight,02 - Wet,01 - Traffic signal,01 - Functioning,2,0,0,0,,0,,,,,383529.9792,5037155.329,45.46988657,-75.49311766,12054
15--7452,2015/06/12,2:28 PM,INNES RD btwn PRESTWICK DR & TENTH LINE RD (__3ZA3Y7),__3ZA3Y7,01 - Non intersection,03 - P.D. only,03 - Rear end,02 - Rain,01 - Daylight,02 - Wet,10 - No control,,2,0,0,0,,0,,,,,383555.1775,5035996.132,45.45945432,-75.49298118,12055
15--7453,2015/06/12,2:30 PM,RUSSELL RD S @ ST. LAURENT BLVD (0007734),7734,03 - At intersection,03 - P.D. only,05 - Turning movement,02 - Rain,01 - Daylight,02 - Wet,01 - Traffic signal,01 - Functioning,2,0,0,0,,0,,,,,373569.1922,5029260.793,45.39990749,-75.62159334,12056
15--7454,2015/06/12,2:36 PM,OTTAWA RIVER PKWY WB btwn RAMP & RAMP (__3ZA24R),__3ZA24R,01 - Non intersection,02 - Non-fatal injury,03 - Rear end,02 - Rain,01 - Daylight,02 - Wet,10 - No control,,3,0,0,0,03 - Major,2,,1,1,,364728.969,5030438.436,45.4113162,-75.73435777,12057
15--7455,2015/06/12,2:39 PM,ST. JOSEPH BLVD/OLD MONTREAL RD @ TRIM RD (0004118),4118,02 - Intersection related,02 - Non-fatal injury,07 - SMV other,02 - Rain,01 - Daylight,02 - Wet,11 - Roundabout,01 - Functioning,1,0,0,1,02 - Minor,1,,1,,,384681.0352,5039284.811,45.48891489,-75.47805276,12058
15--7456,2015/06/12,2:52 PM,TENTH LINE RD @ CHARLEMAGNE BLVD N/TOMPKINS AV (0009222),9222,02 - Intersection related,03 - P.D. only,03 - Rear end,02 - Rain,01 - Daylight,02 - Wet,01 - Traffic signal,01 - Functioning,2,0,0,0,,0,,,,,383184.6506,5037976.801,45.47731627,-75.49740235,12059
15--7457,2015/06/12,2:53 PM,BANK ST @ 80 S OF HUNT CLUB RD/TOWNGATE PLAZA  (0008230),8230,03 - At intersection,03 - P.D. only,02 - Angle,01 - Clear,01 - Daylight,02 - Wet,01 - Traffic signal,01 - Functioning,2,0,0,0,,0,,,,,371689.0149,5024094.784,45.35360782,-75.64630636,12060
15--7458,2015/06/12,3:11 AM,MACKENZIE AVE btwn 205 N OF RIDEAU ST & RIDEAU ST (__3ZA8H8A),__3ZA8H8A,01 - Non intersection,03 - P.D. only,07 - SMV other,02 - Rain,07 - Dark,02 - Wet,10 - No control,,1,0,0,0,,0,,,,,367788.9785,5032135.346,45.42631572,-75.69505047,12061
15--7459,2015/06/12,3:17 PM,HUNT CLUB RD @ CANADAIR PRIV (0010852),10852,03 - At intersection,03 - P.D. only,05 - Turning movement,02 - Rain,01 - Daylight,02 - Wet,01 - Traffic signal,01 - Functioning,2,0,0,0,,0,,,,,368660.6227,5022312.46,45.33785322,-75.68518333,12062
15--746,2015/01/12,9:10 AM,HUNT CLUB RD @ PIKE ST/MAPLE PARK PRIV (0010869),10869,02 - Intersection related,03 - P.D. only,03 - Rear end,01 - Clear,01 - Daylight,04 - Slush,01 - Traffic signal,01 - Functioning,2,0,0,0,,0,,,,,373297.7024,5025088.994,45.36239804,-75.62563954,12063
15--7678,2015/06/17,8:09 AM,HWY 416 WESTHUNT IC72R34 @ WEST HUNT CLUB RD (0005218),5218,03 - At intersection,03 - P.D. only,04 - Sideswipe,01 - Clear,01 - Daylight,01 - Dry,01 - Traffic signal,01 - Functioning,4,0,0,0,,0,,,,,359371.3157,5019361.454,45.31208395,-75.80402405,12064
15--7460,2015/06/12,3:30 PM,PARKDALE AVE WB OFF RAMP/OTTAWA RIVER PKWY btwn OTTAWA RIVER PKWY & PA (__3ZAY0R),__3ZAY0R,01 - Non intersection,02 - Non-fatal injury,01 - Approaching,02 - Rain,01 - Daylight,02 - Wet,10 - No control,,2,0,0,0,02 - Minor,2,,2,,,364656.6472,5030587.896,45.4126672,-75.73526351,12065
15--7461,2015/06/12,3:34 PM,REGIONAL ROAD 174 btwn OR174 IC112 RAMP51 & OR174 IC112 RAMP15 (__3ZA2XE),__3ZA2XE,01 - Non intersection,02 - Non-fatal injury,03 - Rear end,02 - Rain,01 - Daylight,02 - Wet,10 - No control,,2,0,0,0,01 - Minimal,1,1,,,,375024.7117,5032996.55,45.43337534,-75.60247152,12066
15--7462,2015/06/12,3:34 PM,ST. JOSEPH BLVD @ JEANNE D'ARC BLVD (0012421),12421,03 - At intersection,03 - P.D. only,04 - Sideswipe,02 - Rain,01 - Daylight,02 - Wet,11 - Roundabout,00 - Unknown,2,0,0,0,,0,,,,,379861.2494,5036468.975,45.46411521,-75.5401353,12067
15--7463,2015/06/12,3:37 PM,MERIVALE RD @ SLACK RD (0000110),110,03 - At intersection,03 - P.D. only,05 - Turning movement,02 - Rain,01 - Daylight,02 - Wet,01 - Traffic signal,01 - Functioning,2,0,0,0,,0,,,,,366019.7003,5020955.24,45.32587654,-75.71904429,12068
15--7464,2015/06/12,3:38 PM,ALBION RD/COLLISTON CRES E @ WALKLEY RD (0011422),11422,03 - At intersection,02 - Non-fatal injury,07 - SMV other,02 - Rain,01 - Daylight,02 - Wet,01 - Traffic signal,01 - Functioning,1,0,0,1,02 - Minor,1,,1,,,371034.1034,5026353.58,45.37399388,-75.65436121,12069
15--7465,2015/06/12,3:45 PM,BANK ST @ HERON RD (0002155),2155,02 - Intersection related,03 - P.D. only,03 - Rear end,01 - Clear,01 - Daylight,01 - Dry,01 - Traffic signal,01 - Functioning,2,0,0,0,,0,,,,,369994.9993,5026851.182,45.37856859,-75.66756078,12070
15--7466,2015/06/12,3:48 PM,BANNER RD @ GREENBANK RD (0000644),644,03 - At intersection,03 - P.D. only,07 - SMV other,02 - Rain,01 - Daylight,02 - Wet,01 - Traffic signal,01 - Functioning,1,0,0,0,,0,,,,,361021.6726,5021565.411,45.33178499,-75.78272763,12071
15--7467,2015/06/12,4:18 PM,BRONSON AVE @ SUNNYSIDE AVE/UNIVERSITY RD - CA (0007209),7209,02 - Intersection related,03 - P.D. only,03 - Rear end,02 - Rain,01 - Daylight,02 - Wet,01 - Traffic signal,01 - Functioning,2,0,0,0,,0,,,,,367922.7101,5028091.294,45.38991655,-75.69385944,12072
15--7468,2015/06/12,4:40 PM,PRESTON ST btwn GLADSTONE AVE & LOUISA ST (__3ZA31P),__3ZA31P,01 - Non intersection,03 - P.D. only,03 - Rear end,02 - Rain,01 - Daylight,02 - Wet,10 - No control,,2,0,0,0,,0,,,,,366496.1925,5029696.342,45.40448548,-75.71187501,12073
15--7469,2015/06/12,4:52 PM,ST. LAURENT BLVD btwn HWY417 IC115 RAMP35 & HWY417 IC115 RAMP26 (__3ZAZEA),__3ZAZEA,01 - Non intersection,03 - P.D. only,04 - Sideswipe,01 - Clear,01 - Daylight,01 - Dry,10 - No control,,2,0,0,0,,0,,,,,372496.5115,5031496.501,45.42012793,-75.63498636,12074
15--747,2015/01/12,9:12 AM,BOURASSA ST @ ST. LAURENT BLVD (0007731),7731,03 - At intersection,03 - P.D. only,05 - Turning movement,02 - Rain,01 - Daylight,03 - Loose snow,01 - Traffic signal,01 - Functioning,2,0,0,0,,0,,,,,373237.6959,5029692.111,45.40382078,-75.62576727,12075
15--7470,2015/06/12,4:57 PM,HUNTMAR DR btwn PALLADIUM DR & MAPLE GROVE RD (__3ZA1EH),__3ZA1EH,01 - Non intersection,03 - P.D. only,03 - Rear end,02 - Rain,01 - Daylight,02 - Wet,10 - No control,,2,0,0,0,,0,,,,,350134.2717,5016863.003,45.29025924,-75.92205063,12076
15--7471,2015/06/12,5:00 PM,HAWTHORNE RD btwn STEVENAGE DR & HUNT CLUB RD (__3ZA2E8),__3ZA2E8,01 - Non intersection,03 - P.D. only,05 - Turning movement,02 - Rain,01 - Daylight,02 - Wet,10 - No control,,2,0,0,0,,0,,,,,375503.4256,5026419.142,45.37414709,-75.59729699,12077
15--7472,2015/06/12,5:00 PM,PRINCE OF WALES DR @ WEST HUNT CLUB RD (0000567),567,02 - Intersection related,03 - P.D. only,03 - Rear end,02 - Rain,01 - Daylight,02 - Wet,01 - Traffic signal,01 - Functioning,3,0,0,0,,0,,,,,367458.7103,5021891.143,45.33417065,-75.70057072,12078
15--7473,2015/06/12,5:17 PM,WOODROFFE AVE @ SPORTSPLEX S (0010592),10592,02 - Intersection related,03 - P.D. only,03 - Rear end,02 - Rain,01 - Daylight,02 - Wet,01 - Traffic signal,01 - Functioning,2,0,0,0,,0,,,,,363832.1328,5020899.809,45.32556517,-75.74695437,12079
15--7474,2015/06/12,5:27 PM,CAMBIOR CRES btwn GOLDRIDGE DR & GOLDRIDGE DR (__3ZADJY),__3ZADJY,04 - At/near private drive,03 - P.D. only,06 - SMV unattended vehicle,02 - Rain,01 - Daylight,02 - Wet,10 - No control,,1,0,0,0,,0,,,,,349685.2697,5019655.238,45.31541342,-75.92752168,12080
15--7475,2015/06/12,5:36 PM,BANK ST @ RIVERSIDE DR S (0002704),2704,02 - Intersection related,03 - P.D. only,03 - Rear end,02 - Rain,01 - Daylight,02 - Wet,01 - Traffic signal,01 - Functioning,3,0,0,0,,0,,,,,369303.9964,5027894.193,45.38801724,-75.6762466,12081
15--7476,2015/06/12,5:37 PM,VIEWMOUNT DR @ MERIVALE RD (0001528),1528,02 - Intersection related,03 - P.D. only,04 - Sideswipe,02 - Rain,01 - Daylight,02 - Wet,01 - Traffic signal,01 - Functioning,2,0,0,0,,0,,,,,365192.9764,5022947.414,45.34387351,-75.72934641,12082
15--7477,2015/06/12,5:49 PM,BASELINE RD @ 207 E OF CLYDE AVE (0008213),8213,03 - At intersection,03 - P.D. only,02 - Angle,02 - Rain,01 - Daylight,02 - Wet,01 - Traffic signal,01 - Functioning,2,0,0,0,,0,,,,,364534.76,5024999.894,45.36239781,-75.73749696,12083
15--7478,2015/06/12,5:59 PM,MERIVALE RD @ WEST HUNT CLUB RD (0000584),584,02 - Intersection related,03 - P.D. only,04 - Sideswipe,02 - Rain,01 - Daylight,02 - Wet,01 - Traffic signal,01 - Functioning,2,0,0,0,,0,,,,,365612.6952,5021943.579,45.33480487,-75.7241144,12084
15--7479,2015/06/12,6:12 AM,CARP RD btwn THOMAS A. DOLAN PKWY & NORMA LANE (__3ZAZ54),__3ZAZ54,01 - Non intersection,02 - Non-fatal injury,07 - SMV other,02 - Rain,01 - Daylight,02 - Wet,10 - No control,,1,0,0,0,02 - Minor,1,,1,,,337617.5751,5025115.112,45.36521154,-76.08106912,12085
15--748,2015/01/12,9:12 PM,GREENBANK RD @ WEST HUNT CLUB RD (0005167),5167,02 - Intersection related,03 - P.D. only,03 - Rear end,01 - Clear,07 - Dark,02 - Wet,01 - Traffic signal,01 - Functioning,2,0,0,0,,0,,,,,361478.6618,5020502.987,45.32218855,-75.77701948,12086
15--7480,2015/06/12,6:18 PM,ST. JOSEPH BLVD @ JEANNE D'ARC BLVD (0012421),12421,03 - At intersection,03 - P.D. only,04 - Sideswipe,02 - Rain,01 - Daylight,02 - Wet,11 - Roundabout,00 - Unknown,2,0,0,0,,0,,,,,379861.4632,5036472.662,45.46414836,-75.540132,12087
15--7481,2015/06/12,6:29 PM,RIVERSIDE DR @ PLEASANT PARK RD (0007296),7296,02 - Intersection related,03 - P.D. only,03 - Rear end,02 - Rain,01 - Daylight,02 - Wet,01 - Traffic signal,01 - Functioning,3,0,0,0,,0,,,,,369561.251,5028416.816,45.39269589,-75.67289307,12088
15--7482,2015/06/12,6:48 AM,BENTLEY AVE @ SUNDERLAND ST (0005117),5117,03 - At intersection,02 - Non-fatal injury,02 - Angle,01 - Clear,01 - Daylight,01 - Dry,02 - Stop sign,01 - Functioning,2,1,0,0,01 - Minimal,1,1,,,,366151.4208,5021836.858,45.33379772,-75.71725488,12089
15--7483,2015/06/12,6:48 PM,EAGLESON RD @ HAZELDEAN RD/ROBERTSON RD (0002715),2715,02 - Intersection related,03 - P.D. only,03 - Rear end,02 - Rain,01 - Daylight,02 - Wet,01 - Traffic signal,01 - Functioning,2,0,0,0,,0,,,,,353673.6249,5018423.379,45.30406262,-75.87677756,12090
15--7484,2015/06/12,6:49 PM,9TH LINE RD @ PARKWAY RD (0001574),1574,03 - At intersection,03 - P.D. only,02 - Angle,01 - Clear,01 - Daylight,02 - Wet,02 - Stop sign,01 - Functioning,2,0,0,0,,0,,,,,384902.2672,5017936.461,45.29681485,-75.47868871,12091
15--7485,2015/06/12,7:45 AM,CARLING AVE @ FOX CRES (0002767),2767,02 - Intersection related,03 - P.D. only,03 - Rear end,01 - Clear,01 - Daylight,01 - Dry,02 - Stop sign,00 - Unknown,2,0,0,0,,0,,,,,361525.9552,5025575.889,45.3678305,-75.7758345,12092
15--7486,2015/06/12,7:47 AM,RUSSELL RD btwn WAY ST & BOUNDARY RD (__3ZA3YD),__3ZA3YD,01 - Non intersection,03 - P.D. only,04 - Sideswipe,01 - Clear,01 - Daylight,01 - Dry,10 - No control,,2,0,0,0,,0,,,,,385888.0031,5026257.424,45.37156738,-75.46475925,12093
15--7487,2015/06/12,7:56 PM,BLAIR RD @ INNES RD (0004165),4165,02 - Intersection related,03 - P.D. only,03 - Rear end,02 - Rain,01 - Daylight,02 - Wet,01 - Traffic signal,00 - Unknown,2,0,0,0,,0,,,,,375579.4556,5031438.474,45.41930074,-75.59560623,12094
15--7488,2015/06/12,8:40 AM,APPLE ORCHARD RD @ GREELY WEST DR/SPARTAN GROV (0011529),11529,03 - At intersection,03 - P.D. only,02 - Angle,01 - Clear,01 - Daylight,01 - Dry,02 - Stop sign,01 - Functioning,2,0,0,0,,0,,,,,375708.745,5012262.343,45.24674895,-75.59670166,12095
15--7489,2015/06/12,8:53 AM,BANK ST btwn GROVE AVE & OSSINGTON AVE (__3ZA3NY),__3ZA3NY,04 - At/near private drive,03 - P.D. only,99 - Other,02 - Rain,01 - Daylight,02 - Wet,10 - No control,,2,0,0,0,,0,,,,,368856.3594,5028361.378,45.39226191,-75.68190196,12096
15--749,2015/01/12,9:30 AM,MONTREAL RD btwn CENTER ST & BRITTANY DR (__3ZA3A1),__3ZA3A1,04 - At/near private drive,03 - P.D. only,05 - Turning movement,03 - Snow,01 - Daylight,04 - Slush,10 - No control,,2,0,0,0,,0,,,,,371847.3846,5033963.639,45.4423886,-75.64294391,12097
15--7490,2015/06/12,8:55 AM,JACKMAN TER btwn AIRD PL & AIRD PL (__3ZA50U),__3ZA50U,04 - At/near private drive,03 - P.D. only,06 - SMV unattended vehicle,02 - Rain,01 - Daylight,02 - Wet,10 - No control,,1,0,0,0,,0,,,,,352091.4263,5019184.819,45.31102255,-75.8968795,12098
15--7491,2015/06/12,9:10 AM,CROWNRIDGE DR btwn GRASSY PLAINS DR & SHEPPARD'S GLEN AVE (__3ZA55U),__3ZA55U,04 - At/near private drive,03 - P.D. only,02 - Angle,01 - Clear,01 - Daylight,01 - Dry,10 - No control,,2,0,0,0,,0,,,,,355933.6827,5015478.438,45.27740262,-75.84826335,12099
15--7492,2015/06/12,9:15 AM,HIGHWAY 417 btwn HWY417 IC117 RAMP36 & HWY417 IC117 RAMP26 (__3ZAZE0),__3ZAZE0,01 - Non intersection,03 - P.D. only,04 - Sideswipe,02 - Rain,01 - Daylight,02 - Wet,10 - No control,,2,0,0,0,,0,,,,,370755.8687,5031197.857,45.41760712,-75.6572655,12100