Anom_ID,Accident_Date,Accident_Time,Location,Geo_ID,Accident_Location,Classification_of_Accident,Initial_Impact_Type,Environment_Condition,Light,Road_Surface_Condition,Traffic_Control,Traffic_Control_Condition,No__of_Vehicles,No__of_Bicycles,No__of_Motorcycles,No__of_Pedestrians,Max_Injury,No__of_Injuries,No__of_Minimal,No__of_Minor,No__of_Major,No__of_Fatal,X,Y,Latitude,Longitude,ObjectId
15--7493,2015/06/12,9:53 AM,HIGHWAY 417 btwn HWY417 IC117 RAMP36 & HWY417 IC117 RAMP26 (__3ZAZE0),__3ZAZE0,01 - Non intersection,02 - Non-fatal injury,03 - Rear end,02 - Rain,01 - Daylight,02 - Wet,10 - No control,,4,0,0,0,02 - Minor,1,,1,,,370743.5944,5031192.803,45.4175628,-75.65742299,12101
15--7494,2015/06/13,1:08 AM,EAGLESON RD @ HWY 417 EAGLESO IC138R51/PARK AN (0009698),9698,03 - At intersection,03 - P.D. only,07 - SMV other,01 - Clear,07 - Dark,02 - Wet,01 - Traffic signal,01 - Functioning,1,0,0,0,,0,,,,,353037.1811,5020014.869,45.31842718,-75.88473791,12102
15--7495,2015/06/13,1:57 PM,HUNT CLUB RD btwn DAZE ST & TURN LANE (__5AFH5U),__5AFH5U,01 - Non intersection,03 - P.D. only,03 - Rear end,01 - Clear,01 - Daylight,01 - Dry,10 - No control,,2,0,0,0,,0,,,,,371467.5848,5023957.116,45.35239021,-75.64915068,12103
15--7496,2015/06/13,10:09 PM,HIGHWAY 417 btwn HWY417 IC117 RAMP61 & HWY417 IC115 RAMP36 (__3ZA2RZ),__3ZA2RZ,01 - Non intersection,03 - P.D. only,04 - Sideswipe,01 - Clear,07 - Dark,01 - Dry,10 - No control,,2,0,0,0,,0,,,,,371561.6449,5031423.128,45.41955759,-75.64694051,12104
15--7497,2015/06/13,10:25 PM,GALETTA SIDE RD btwn NEWTOWN RD & FERRY RD (__3ZA4RH),__3ZA4RH,01 - Non intersection,03 - P.D. only,07 - SMV other,01 - Clear,07 - Dark,01 - Dry,10 - No control,,1,0,0,0,,0,,,,,329871.7739,5036865.918,45.47127013,-76.17934798,12105
15--7498,2015/06/13,10:31 PM,GREENBANK RD @ HARRISON ST/ASHGROVE CRES (0000627),627,03 - At intersection,02 - Non-fatal injury,02 - Angle,01 - Clear,07 - Dark,01 - Dry,01 - Traffic signal,01 - Functioning,2,0,0,0,02 - Minor,1,,1,,,360840.4024,5022005.693,45.33576115,-75.78499023,12106
15--8038,2015/06/26,11:33 AM,BRONSON AVE @ GLADSTONE AVE (0002110),2110,02 - Intersection related,03 - P.D. only,05 - Turning movement,01 - Clear,01 - Daylight,01 - Dry,01 - Traffic signal,01 - Functioning,2,0,0,0,,0,,,,,367133.7017,5030079.762,45.4078789,-75.7036836,12107
15--7948,2015/06/24,2:07 PM,WHISPERING WINDS WAY btwn JOLLEY CUT WAY & HILLPARK HIGH ST (1) (__61W6R7),__61W6R7,01 - Non intersection,03 - P.D. only,06 - SMV unattended vehicle,01 - Clear,01 - Daylight,01 - Dry,10 - No control,,1,0,0,0,,0,,,,,380899.8988,5032631.895,45.42947979,-75.5274487,12108
15--7769,2015/06/19,5:00 PM,RICHMOND RD @ LYNHAR RD/STAFFORD RD (0000155),155,02 - Intersection related,03 - P.D. only,03 - Rear end,01 - Clear,01 - Daylight,01 - Dry,01 - Traffic signal,01 - Functioning,2,0,0,0,,0,,,,,358138.385,5021084.674,45.32768436,-75.81956154,12109
15--8039,2015/06/26,11:43 PM,MONTREAL RD @ CARSON'S RD/CODD'S RD (0010801),10801,03 - At intersection,03 - P.D. only,05 - Turning movement,01 - Clear,07 - Dark,01 - Dry,01 - Traffic signal,01 - Functioning,2,0,0,0,,0,,,,,372769.9977,5034398.22,45.44620965,-75.63109162,12110
15--7499,2015/06/13,10:49 PM,GREENBANK RD btwn GIBBARD AVE & WEST HUNT CLUB RD (__3ZA1Y7),__3ZA1Y7,01 - Non intersection,03 - P.D. only,03 - Rear end,01 - Clear,07 - Dark,01 - Dry,10 - No control,,2,0,0,0,,0,,,,,361474.632,5020512.209,45.32227185,-75.77706983,12111
15--7949,2015/06/24,2:20 PM,HIGHWAY 417 btwn HWY417 IC142 RAMP51 & HWY417 IC142 RAMP35 (__3ZAZE1),__3ZAZE1,01 - Non intersection,03 - P.D. only,04 - Sideswipe,01 - Clear,01 - Daylight,01 - Dry,10 - No control,,2,0,0,0,,0,,,,,348814.4512,5017098.9,45.29246582,-75.93885477,12112
15--7228,2015/06/06,2:59 AM,FAIR OAKS CRES btwn SOVEREIGN AVE & TO BE DETERMINED (__3ZA00P),__3ZA00P,01 - Non intersection,03 - P.D. only,06 - SMV unattended vehicle,01 - Clear,07 - Dark,01 - Dry,10 - No control,,1,0,0,0,,0,,,,,362989.7985,5022004.668,45.33557696,-75.75756885,12113
15--7859,2015/06/22,12:08 AM,REGIONAL ROAD 174 btwn OR174 IC112 RAMP36 & OR174 IC112 RAMP26 (__3ZAZFK),__3ZAZFK,01 - Non intersection,03 - P.D. only,03 - Rear end,01 - Clear,07 - Dark,01 - Dry,10 - No control,,2,0,0,0,,0,,,,,374690.2973,5032765.919,45.43133375,-75.60677781,12114
15--7589,2015/06/15,8:39 AM,CHESTERTON DR @ MEADOWLANDS DR (0001110),1110,02 - Intersection related,03 - P.D. only,05 - Turning movement,01 - Clear,01 - Daylight,01 - Dry,01 - Traffic signal,01 - Functioning,2,0,0,0,,0,,,,,365102.4243,5024009.147,45.35343462,-75.73037235,12115
15--777,2015/01/13,2:54 PM,NEPEAN ST btwn METCALFE ST & ELGIN ST (__3ZA9UD),__3ZA9UD,01 - Non intersection,03 - P.D. only,06 - SMV unattended vehicle,01 - Clear,01 - Daylight,01 - Dry,10 - No control,,1,0,0,0,,0,,,,,368011.9018,5031400.53,45.41968398,-75.69229626,12116
15--7679,2015/06/17,8:55 AM,LAFONTAINE AVE @ RICHELIEU AVE (0009977),9977,03 - At intersection,03 - P.D. only,02 - Angle,01 - Clear,01 - Daylight,01 - Dry,02 - Stop sign,01 - Functioning,2,0,0,0,,0,,,,,370928.4265,5033170.953,45.4353439,-75.65479601,12117
15--804,2015/01/13,6:05 AM,CARLING AVE @ KIRKWOOD AVE N (0002358),2358,03 - At intersection,03 - P.D. only,05 - Turning movement,01 - Clear,07 - Dark,01 - Dry,01 - Traffic signal,01 - Functioning,2,0,0,0,,0,,,,,364274.7283,5027493.052,45.38485297,-75.74051569,12118
15--7229,2015/06/06,3:45 PM,ANDERSON RD @ HWY 417 ANDERSON IC104R61 (0004159),4159,02 - Intersection related,02 - Non-fatal injury,07 - SMV other,01 - Clear,01 - Daylight,08 - Loose sand or gravel,02 - Stop sign,01 - Functioning,1,0,1,0,02 - Minor,1,,1,,,379940.4999,5026228.068,45.37196619,-75.54068365,12119
15--795,2015/01/13,5:24 PM,BANK ST @ GLADSTONE AVE (0002253),2253,03 - At intersection,02 - Non-fatal injury,07 - SMV other,01 - Clear,05 - Dusk,06 - Ice,01 - Traffic signal,01 - Functioning,1,0,0,1,02 - Minor,1,,1,,,367916.7064,5030561.125,45.41213989,-75.69362003,12120
15--786,2015/01/13,4:15 PM,MAITLAND AVE @ TERREBONNE DR (0003212),3212,02 - Intersection related,03 - P.D. only,03 - Rear end,01 - Clear,01 - Daylight,05 - Packed snow,02 - Stop sign,00 - Unknown,2,0,0,0,,0,,,,,364011.6459,5025135.998,45.36366684,-75.74415752,12121
15--75,2015/01/03,2:21 PM,BANK ST @ GREY'S CREEK RD (0010325),10325,02 - Intersection related,03 - P.D. only,07 - SMV other,03 - Snow,01 - Daylight,05 - Packed snow,02 - Stop sign,01 - Functioning,1,0,0,0,,0,,,,,380471.5007,5012800.345,45.25109372,-75.53595592,12122
15--759,2015/01/13,1:46 PM,WEST HUNT CLUB RD @ CLEOPATRA DR/LANCELOT DR (0000114),114,02 - Intersection related,02 - Non-fatal injury,03 - Rear end,01 - Clear,01 - Daylight,02 - Wet,01 - Traffic signal,01 - Functioning,3,0,0,0,02 - Minor,1,,1,,,365234.7361,5021731.048,45.3329252,-75.72896214,12123
15--7770,2015/06/19,5:02 PM,MONTREAL RD btwn BETHAMY LANE & OGILVIE RD (__3ZA2DX),__3ZA2DX,04 - At/near private drive,03 - P.D. only,02 - Angle,01 - Clear,01 - Daylight,01 - Dry,10 - No control,,2,0,0,0,,0,,,,,375630.2305,5034538.928,45.44719167,-75.5945115,12124
15--768,2015/01/13,11:47 AM,ST. LOUIS DR btwn BUCKSKIN WAY & ST. ANDRE DR (__3ZBO3F),__3ZBO3F,01 - Non intersection,03 - P.D. only,06 - SMV unattended vehicle,01 - Clear,01 - Daylight,05 - Packed snow,10 - No control,,1,0,0,0,,0,,,,,379674.8059,5038302.904,45.48063549,-75.54223969,12125
15--8040,2015/06/26,11:57 AM,CARLING AVE @ BAYSHORE DR/BIRCHDALE AVE (0000021),21,02 - Intersection related,03 - P.D. only,03 - Rear end,01 - Clear,01 - Daylight,01 - Dry,01 - Traffic signal,01 - Functioning,2,0,0,0,,0,,,,,359004.0869,5023990.811,45.35376755,-75.80820018,12126
15--8041,2015/06/26,11:58 PM,HIGHWAY 417 btwn HWY417 IC117 RAMP51 & HWY417 IC117 RAMP35 (__3ZA2YN),__3ZA2YN,01 - Non intersection,03 - P.D. only,03 - Rear end,01 - Clear,07 - Dark,01 - Dry,10 - No control,,2,0,0,0,,0,,,,,370698.107,5031170.421,45.4173657,-75.65800712,12127
15--8042,2015/06/26,Unknown,REDPATH DR btwn ASTORIA CRES & BREEZEWAY DR (__3ZAZU5),__3ZAZU5,01 - Non intersection,03 - P.D. only,06 - SMV unattended vehicle,01 - Clear,00 - Unknown,01 - Dry,10 - No control,,1,0,0,0,,0,,,,,366494.6759,5016383.568,45.28469954,-75.71355481,12128
15--8043,2015/06/26,12:07 PM,DALY AVE @ WALLER ST (0008233),8233,03 - At intersection,03 - P.D. only,05 - Turning movement,01 - Clear,01 - Daylight,01 - Dry,01 - Traffic signal,01 - Functioning,2,1,0,0,,0,,,,,368340.4593,5032120.089,45.42612856,-75.68800566,12129
15--8044,2015/06/26,12:22 AM,ORLEANS BLVD btwn MEADOWGLEN DR & TO BE DETERMINED (__3ZA2AD),__3ZA2AD,01 - Non intersection,03 - P.D. only,04 - Sideswipe,01 - Clear,07 - Dark,01 - Dry,10 - No control,,2,0,0,0,,0,,,,,380354.4007,5034554.469,45.44683681,-75.53412403,12130
15--8045,2015/06/26,12:33 PM,BELFAST RD @ TRAINYARDS (0007799),7799,02 - Intersection related,03 - P.D. only,99 - Other,01 - Clear,01 - Daylight,01 - Dry,01 - Traffic signal,01 - Functioning,2,0,0,0,,0,,,,,371882.7209,5030913.664,45.41494294,-75.64290772,12131
15--8046,2015/06/26,12:35 PM,RUSSELL RD btwn SMYTH RD & ST. LAURENT BLVD (__3ZA3R3),__3ZA3R3,01 - Non intersection,03 - P.D. only,04 - Sideswipe,01 - Clear,01 - Daylight,01 - Dry,10 - No control,,2,0,0,0,,0,,,,,373387.1362,5029399.606,45.40117433,-75.62389921,12132
15--8047,2015/06/26,2:00 AM,MARCH RD btwn CAMPEAU DR/HWY 417 MARCH IC138R63 & HWY417 IC138 RAMP62 (__3ZA415),__3ZA415,01 - Non intersection,03 - P.D. only,07 - SMV other,01 - Clear,07 - Dark,01 - Dry,10 - No control,,1,0,0,0,,0,,,,,352807.0303,5020548.088,45.32324097,-75.88762161,12133
15--8048,2015/06/26,2:08 PM,BESSERER ST @ WALLER ST (0008859),8859,03 - At intersection,03 - P.D. only,05 - Turning movement,01 - Clear,01 - Daylight,01 - Dry,01 - Traffic signal,01 - Functioning,2,0,0,0,,0,,,,,368316.654,5032193.059,45.42678728,-75.68830043,12134
15--8049,2015/06/26,2:23 AM,FIRST LINE RD btwn PHELAN RD E & ROGER STEVENS DR (__3ZA0L0),__3ZA0L0,04 - At/near private drive,02 - Non-fatal injury,03 - Rear end,01 - Clear,07 - Dark,01 - Dry,10 - No control,,2,0,0,0,02 - Minor,1,,1,,,371352.3652,5002698.251,45.16111744,-75.65346813,12135
15--805,2015/01/13,6:10 PM,CONROY RD @ HUNT CLUB RD (0002257),2257,02 - Intersection related,03 - P.D. only,03 - Rear end,01 - Clear,07 - Dark,01 - Dry,01 - Traffic signal,01 - Functioning,2,0,0,0,,0,,,,,373764.0305,5025404.714,45.36519304,-75.61964359,12136
15--8050,2015/06/26,2:24 PM,BASELINE RD @ WOODROFFE AVE (0002225),2225,02 - Intersection related,02 - Non-fatal injury,03 - Rear end,01 - Clear,01 - Daylight,01 - Dry,01 - Traffic signal,01 - Functioning,2,0,0,0,01 - Minimal,1,1,,,,362549.6902,5023770.144,45.35149897,-75.76297752,12137
15--8051,2015/06/26,2:45 PM,ST. JOSEPH BLVD btwn TENTH LINE RD & OR174 IC101 RAMP63 (__3ZA3YX),__3ZA3YX,01 - Non intersection,03 - P.D. only,07 - SMV other,01 - Clear,01 - Daylight,01 - Dry,10 - No control,,1,0,0,0,,0,,,,,383009.3989,5038704.385,45.48388207,-75.49952775,12138
15--8052,2015/06/26,2:56 PM,BASELINE RD @ FISHER AVE (0002346),2346,02 - Intersection related,03 - P.D. only,03 - Rear end,01 - Clear,01 - Daylight,01 - Dry,01 - Traffic signal,01 - Functioning,2,0,0,0,,0,,,,,366167.054,5026028.262,45.37150988,-75.71653523,12139
15--8053,2015/06/26,3:00 PM,CAMPEAU DR/HWY 417 MARCH IC138R63 @ MARCH RD (0009710),9710,02 - Intersection related,03 - P.D. only,03 - Rear end,01 - Clear,01 - Daylight,01 - Dry,01 - Traffic signal,01 - Functioning,2,0,0,0,,0,,,,,352840.9042,5020477.548,45.32260392,-75.88719638,12140
15--8054,2015/06/26,3:01 PM,ALTA VISTA DR btwn HERON RD & RIDGEMONT AVE (__3ZA862),__3ZA862,01 - Non intersection,03 - P.D. only,03 - Rear end,01 - Clear,01 - Daylight,01 - Dry,10 - No control,,2,0,0,0,,0,,,,,370501.5089,5026781.227,45.37789185,-75.66110344,12141
15--8055,2015/06/26,3:18 PM,HUNT CLUB RD @ RIVERSIDE DR (0002237),2237,02 - Intersection related,03 - P.D. only,03 - Rear end,01 - Clear,01 - Daylight,01 - Dry,01 - Traffic signal,01 - Functioning,2,0,0,0,,0,,,,,368035.9823,5021945.138,45.3346047,-75.69319944,12142
15--8056,2015/06/26,3:20 PM,DONALD ST @ VANIER PKWY (0007644),7644,02 - Intersection related,03 - P.D. only,03 - Rear end,01 - Clear,01 - Daylight,01 - Dry,01 - Traffic signal,01 - Functioning,2,0,0,0,,0,,,,,370311.7131,5032270.225,45.42729758,-75.66279737,12143
15--8057,2015/06/26,3:30 PM,HUNT CLUB RD btwn MOUNTAIN CRES & TURN LANE (__3ZA3HU),__3ZA3HU,01 - Non intersection,03 - P.D. only,03 - Rear end,01 - Clear,01 - Daylight,01 - Dry,10 - No control,,2,0,0,0,,0,,,,,371537.3852,5024025.515,45.35299901,-75.64825072,12144
15--8058,2015/06/26,3:31 PM,CONSTELLATION CRES @ BASELINE RD (0011415),11415,02 - Intersection related,03 - P.D. only,03 - Rear end,01 - Clear,01 - Daylight,01 - Dry,01 - Traffic signal,01 - Functioning,2,0,0,0,,0,,,,,362272.6673,5023595.958,45.34995441,-75.76653294,12145
15--8059,2015/06/26,3:41 PM,BANK ST @ LEITRIM RD (0004125),4125,02 - Intersection related,03 - P.D. only,03 - Rear end,01 - Clear,01 - Daylight,01 - Dry,01 - Traffic signal,01 - Functioning,2,0,0,0,,0,,,,,375358.4749,5021618.416,45.3309669,-75.59983248,12146
15--806,2015/01/13,6:20 PM,OTTAWA RIVER PKWY btwn TRANSITWAY - TIME POINT & VIMY PLACE PRIV (__5VHJ2QA),__5VHJ2QA,01 - Non intersection,03 - P.D. only,07 - SMV other,03 - Snow,07 - Dark,05 - Packed snow,10 - No control,,1,0,0,0,,0,,,,,365953.8277,5030784.09,45.41432035,-75.71866775,12147
15--8060,2015/06/26,3:45 PM,LANCASTER RD @ WALKLEY RD (0003130),3130,02 - Intersection related,03 - P.D. only,03 - Rear end,01 - Clear,01 - Daylight,01 - Dry,01 - Traffic signal,01 - Functioning,2,0,0,0,,0,,,,,374908.0198,5028602.181,45.39384884,-75.60458783,12148
15--8061,2015/06/26,4:06 PM,HUNT CLUB RD @ UPLANDS DR (0010844),10844,02 - Intersection related,03 - P.D. only,02 - Angle,01 - Clear,01 - Daylight,01 - Dry,01 - Traffic signal,01 - Functioning,2,0,0,0,,0,,,,,370157.4479,5023121.132,45.34499159,-75.66598007,12149
15--8062,2015/06/26,4:10 PM,GREENBANK RD @ LISA AVE (0002753),2753,03 - At intersection,03 - P.D. only,03 - Rear end,01 - Clear,01 - Daylight,01 - Dry,01 - Traffic signal,01 - Functioning,2,0,0,0,,0,,,,,360554.5358,5022894.294,45.34377955,-75.78853714,12150
15--8063,2015/06/26,4:28 PM,MARCH RD btwn 280 S OF CARLING AVE/STATION RD & RICHARDSON SIDE RD (__3ZA42DB),__3ZA42DB,01 - Non intersection,03 - P.D. only,03 - Rear end,01 - Clear,01 - Daylight,01 - Dry,10 - No control,,2,0,0,0,,0,,,,,351214.18,5021914.738,45.33564552,-75.90781079,12151
15--8064,2015/06/26,4:43 PM,WEST HUNT CLUB RD @ WOODROFFE AVE (0000576),576,02 - Intersection related,03 - P.D. only,99 - Other,01 - Clear,01 - Daylight,01 - Dry,01 - Traffic signal,01 - Functioning,2,0,0,0,,0,,,,,363669.9703,5021246.849,45.32870143,-75.74898156,12152
15--8065,2015/06/26,4:45 PM,ARGYLE AVE @ O'CONNOR ST (0007254),7254,02 - Intersection related,03 - P.D. only,04 - Sideswipe,01 - Clear,01 - Daylight,01 - Dry,01 - Traffic signal,01 - Functioning,2,0,0,0,,0,,,,,368183.9901,5030484.492,45.41142621,-75.69021541,12153
15--8066,2015/06/26,5:03 PM,BASELINE RD @ GREENBANK RD (0002357),2357,02 - Intersection related,02 - Non-fatal injury,02 - Angle,01 - Clear,01 - Daylight,01 - Dry,01 - Traffic signal,01 - Functioning,2,1,0,0,02 - Minor,1,,1,,,360598.405,5022584.14,45.3409853,-75.78801236,12154
15--8067,2015/06/26,5:10 PM,WOODROFFE AVE btwn TURN LANE & KNOXDALE RD (__3ZA3JN),__3ZA3JN,04 - At/near private drive,03 - P.D. only,05 - Turning movement,01 - Clear,01 - Daylight,01 - Dry,10 - No control,,2,0,0,0,,0,,,,,363408.8791,5021856.397,45.33420795,-75.75223991,12155
15--8068,2015/06/26,6:05 AM,HIGHWAY 417 btwn HWY417 IC155 RAMP25 & RAMP (__3ZAZN1),__3ZAZN1,01 - Non intersection,03 - P.D. only,07 - SMV other,01 - Clear,01 - Daylight,01 - Dry,10 - No control,,1,0,0,0,,0,,,,,344357.1921,5015388.016,45.2773356,-75.99581493,12156
15--8069,2015/06/26,6:23 PM,RIDEAU ST btwn SUSSEX DR & 88 W OF WILLIAM ST/FREIMAN MALL (__3ZA25UA),__3ZA25UA,01 - Non intersection,03 - P.D. only,04 - Sideswipe,01 - Clear,01 - Daylight,01 - Dry,10 - No control,,2,0,0,0,,0,,,,,367935.3904,5032052.872,45.42556045,-75.6931902,12157
15--807,2015/01/13,6:25 AM,BELFAST RD btwn TRAINYARDS DR & ST. LAURENT BLVD (__3ZA79Z),__3ZA79Z,04 - At/near private drive,03 - P.D. only,02 - Angle,01 - Clear,07 - Dark,01 - Dry,10 - No control,,2,0,0,0,,0,,,,,372800.0012,5030553.02,45.4116095,-75.63123906,12158
15--8070,2015/06/26,6:30 PM,SKYVIEW PRIV btwn TIMBERLINE PRIV & ALPENGLOW PRIV (__4CPKUJ),__4CPKUJ,04 - At/near private drive,03 - P.D. only,06 - SMV unattended vehicle,01 - Clear,01 - Daylight,01 - Dry,10 - No control,,1,0,0,0,,0,,,,,366728.9806,5015311.974,45.27503681,-75.71070203,12159
15--8071,2015/06/26,7:20 PM,BRONSON AVE btwn SECOND AVE & THIRD AVE (__3ZA3OM),__3ZA3OM,01 - Non intersection,03 - P.D. only,03 - Rear end,01 - Clear,01 - Daylight,01 - Dry,10 - No control,,2,0,0,0,,0,,,,,367535.5769,5029128.279,45.39928183,-75.69867117,12160
15--8072,2015/06/26,7:33 PM,KNOXDALE RD @ WEST HUNT CLUB RD (0005165),5165,02 - Intersection related,03 - P.D. only,03 - Rear end,01 - Clear,01 - Daylight,01 - Dry,01 - Traffic signal,01 - Functioning,2,0,0,0,,0,,,,,361862.965,5020584.837,45.3228939,-75.77210836,12161
15--8073,2015/06/26,7:43 AM,KILMARNOCK WAY btwn RAVENDALE WAY & RAVENDALE WAY (__54YKUI),__54YKUI,04 - At/near private drive,03 - P.D. only,06 - SMV unattended vehicle,01 - Clear,01 - Daylight,01 - Dry,10 - No control,,1,0,0,0,,0,,,,,365504.0492,5012052.443,45.24581439,-75.72671085,12162
15--8074,2015/06/26,7:48 AM,SOMERSET ST    W btwn EMPRESS AVE & BELL ST N (__3ZA32E),__3ZA32E,01 - Non intersection,03 - P.D. only,05 - Turning movement,01 - Clear,01 - Daylight,01 - Dry,10 - No control,,2,0,0,0,,0,,,,,366749.3582,5030353.539,45.4103764,-75.70855873,12163
15--8075,2015/06/26,8:25 AM,WOODROFFE AVE @ SPORTSPLEX N (0005568),5568,03 - At intersection,02 - Non-fatal injury,05 - Turning movement,01 - Clear,01 - Daylight,01 - Dry,01 - Traffic signal,01 - Functioning,2,0,0,0,01 - Minimal,1,1,,,,363762.9416,5021068.315,45.32708719,-75.74781687,12164
15--8076,2015/06/26,8:40 PM,ELMIRA DR btwn LAMBETH WALK & KINGSLEY RD (__3ZA1R2),__3ZA1R2,01 - Non intersection,03 - P.D. only,03 - Rear end,01 - Clear,05 - Dusk,01 - Dry,10 - No control,,2,0,0,0,,0,,,,,361623.4307,5024128.526,45.35479933,-75.77475663,12165
15--8077,2015/06/26,9:53 PM,DALY AVE @ WALLER ST (0008233),8233,02 - Intersection related,02 - Non-fatal injury,04 - Sideswipe,01 - Clear,07 - Dark,01 - Dry,01 - Traffic signal,00 - Unknown,2,0,0,0,02 - Minor,1,,1,,,368340.4593,5032119.368,45.42612208,-75.68800575,12166
15--8078,2015/06/27,1:04 PM,DOZOIS RD N @ SQUIRE DR N (0005405),5405,03 - At intersection,03 - P.D. only,02 - Angle,01 - Clear,01 - Daylight,01 - Dry,02 - Stop sign,01 - Functioning,2,0,0,0,,0,,,,,372219.3745,5010849.645,45.23438062,-75.64133871,12167
15--8079,2015/06/27,1:29 PM,BANK ST @ LAURIER AVE (0002221),2221,02 - Intersection related,02 - Non-fatal injury,05 - Turning movement,01 - Clear,01 - Daylight,01 - Dry,01 - Traffic signal,01 - Functioning,2,1,0,0,02 - Minor,1,,1,,,367480.7003,5031263.787,45.41850141,-75.69910053,12168
15--808,2015/01/13,6:33 PM,DONALD ST @ ST. LAURENT BLVD (0008630),8630,03 - At intersection,03 - P.D. only,05 - Turning movement,01 - Clear,07 - Dark,01 - Dry,01 - Traffic signal,01 - Functioning,2,0,0,0,,0,,,,,372093.7129,5032472.103,45.42894481,-75.63999938,12169
15--8080,2015/06/27,1:45 PM,MARCH RD @ MORGAN'S GRANT WAY/SHIRLEY'S BROOK  (0002651),2651,02 - Intersection related,03 - P.D. only,03 - Rear end,01 - Clear,01 - Daylight,01 - Dry,01 - Traffic signal,01 - Functioning,2,0,0,0,,0,,,,,349660.8885,5023616.429,45.35105876,-75.92747359,12170
15--8081,2015/06/27,10:18 AM,WOODROFFE AVE @ KNOXDALE RD/MEDHURST DR (0000519),519,02 - Intersection related,03 - P.D. only,03 - Rear end,01 - Clear,01 - Daylight,01 - Dry,01 - Traffic signal,01 - Functioning,2,0,0,0,,0,,,,,363418.2485,5021825.406,45.33392832,-75.75212405,12171
15--8082,2015/06/27,10:50 AM,BYRON AVE btwn BROADVIEW AVE & HIGHLAND AVE (__3ZA091),__3ZA091,01 - Non intersection,03 - P.D. only,03 - Rear end,01 - Clear,01 - Daylight,01 - Dry,10 - No control,,2,0,0,0,,0,,,,,362716.0632,5027848.783,45.38818439,-75.76037621,12172
15--8083,2015/06/27,11:30 AM,HWY 7 IC DWYER HILL RAMP 25 btwn DWYER HILL RD & HIGHWAY 7 EB (__7JQ6FF),__7JQ6FF,01 - Non intersection,03 - P.D. only,07 - SMV other,01 - Clear,01 - Daylight,01 - Dry,10 - No control,,1,0,0,0,,0,,,,,341110.041,5007135.101,45.20324651,-76.03780333,12173
15--8084,2015/06/27,Unknown,VAUGHAN ST btwn CRICHTON ST & MACKAY ST (__3ZAZHG),__3ZAZHG,01 - Non intersection,03 - P.D. only,06 - SMV unattended vehicle,01 - Clear,00 - Unknown,01 - Dry,10 - No control,,1,0,0,0,,0,,,,,369047.0184,5033580.379,45.43920315,-75.6787868,12174
15--8085,2015/06/27,12:50 PM,MERIVALE RD @ CAPILANO DR/WITHROW AVE (0009820),9820,02 - Intersection related,03 - P.D. only,04 - Sideswipe,01 - Clear,01 - Daylight,01 - Dry,01 - Traffic signal,01 - Functioning,2,0,0,0,,0,,,,,364643.8704,5024227.409,45.3554378,-75.73619783,12175
15--8086,2015/06/27,3:11 PM,BASELINE RD btwn 180 E OF CEDARVIEW RD & 180 E OF CEDARVIEW RD (__3ZA110A),__3ZA110A,01 - Non intersection,03 - P.D. only,07 - SMV other,01 - Clear,01 - Daylight,01 - Dry,10 - No control,,1,0,0,0,,0,,,,,358991.4487,5021669.085,45.33287757,-75.80861581,12176
15--8087,2015/06/27,3:56 PM,WEST HUNT CLUB RD @ CLEOPATRA DR/LANCELOT DR (0000114),114,02 - Intersection related,02 - Non-fatal injury,03 - Rear end,01 - Clear,01 - Daylight,01 - Dry,01 - Traffic signal,01 - Functioning,2,0,0,0,01 - Minimal,2,2,,,,365234.9793,5021732.134,45.33293495,-75.72895891,12177
15--8088,2015/06/27,5:21 AM,AMBERWOOD CRES @ PRINCE OF WALES DR (0000048),48,03 - At intersection,02 - Non-fatal injury,05 - Turning movement,01 - Clear,03 - Dawn,01 - Dry,02 - Stop sign,00 - Unknown,2,0,0,0,02 - Minor,1,,1,,,367434.6654,5020647.233,45.32298031,-75.70103484,12178
15--8089,2015/06/27,5:36 AM,BRONSON AVE btwn FLORENCE ST & GLADSTONE AVE (__3ZA1WP),__3ZA1WP,01 - Non intersection,03 - P.D. only,07 - SMV other,01 - Clear,03 - Dawn,01 - Dry,10 - No control,,1,0,0,0,,0,,,,,367127.2152,5030097.78,45.4080416,-75.70376418,12179
15--809,2015/01/13,6:35 AM,HIGHWAY 417 btwn HWY417 IC134 RAMP51 & HWY417 IC134 RAMP35 (__3ZAZET),__3ZAZET,01 - Non intersection,03 - P.D. only,03 - Rear end,01 - Clear,07 - Dark,01 - Dry,10 - No control,,2,0,0,0,,0,,,,,356081.4056,5022047.233,45.33649888,-75.84570098,12180
15--8090,2015/06/27,7:18 PM,ELGIN ST btwn FRANK ST & GLADSTONE AVE (__3ZA3RL),__3ZA3RL,01 - Non intersection,03 - P.D. only,04 - Sideswipe,01 - Clear,01 - Daylight,01 - Dry,10 - No control,,2,0,0,0,,0,,,,,368364.1976,5030878.121,45.41495161,-75.68786257,12181
15--8091,2015/06/27,9:13 AM,HERON RD btwn WILDWOOD AVE & BANK ST (__3ZA2FC),__3ZA2FC,04 - At/near private drive,02 - Non-fatal injury,05 - Turning movement,01 - Clear,01 - Daylight,01 - Dry,10 - No control,,2,1,0,0,01 - Minimal,1,1,,,,369964.5806,5026847.713,45.37854021,-75.66794959,12182