Anom_ID,Accident_Date,Accident_Time,Location,Geo_ID,Accident_Location,Classification_of_Accident,Initial_Impact_Type,Environment_Condition,Light,Road_Surface_Condition,Traffic_Control,Traffic_Control_Condition,No__of_Vehicles,No__of_Bicycles,No__of_Motorcycles,No__of_Pedestrians,Max_Injury,No__of_Injuries,No__of_Minimal,No__of_Minor,No__of_Major,No__of_Fatal,X,Y,Latitude,Longitude,ObjectId
15--8092,2015/06/27,9:14 PM,BESSERER ST @ KING EDWARD AVE (0007758),7758,03 - At intersection,03 - P.D. only,02 - Angle,01 - Clear,05 - Dusk,01 - Dry,01 - Traffic signal,01 - Functioning,2,0,0,0,,0,,,,,368551.4259,5032339.501,45.42808356,-75.68528155,12183
15--8093,2015/06/27,9:25 PM,WILLOW AVE btwn BALSAM DR & ALPINE ST (__3ZA7J3),__3ZA7J3,01 - Non intersection,03 - P.D. only,07 - SMV other,01 - Clear,07 - Dark,01 - Dry,10 - No control,,1,0,0,0,,0,,,,,381757.1278,5038504.825,45.48222577,-75.51557596,12184
15--8094,2015/06/27,9:52 PM,BANK ST @ HUNT CLUB RD (0002119),2119,02 - Intersection related,03 - P.D. only,03 - Rear end,01 - Clear,07 - Dark,01 - Dry,01 - Traffic signal,01 - Functioning,2,0,0,0,,0,,,,,371608.7365,5024096.867,45.35363421,-75.64733054,12185
15--8095,2015/06/28,1:23 PM,BORRISOKANE RD/TARTAN DR @ STRANDHERD DR (0010634),10634,02 - Intersection related,03 - P.D. only,03 - Rear end,02 - Rain,01 - Daylight,02 - Wet,01 - Traffic signal,01 - Functioning,2,0,0,0,,0,,,,,362291.9333,5013545.047,45.25951467,-75.76745285,12186
15--8096,2015/06/28,1:31 AM,PALOMINO DR btwn CHICKASAW CRES S & ROTHESAY DR (__3ZAB12),__3ZAB12,04 - At/near private drive,03 - P.D. only,06 - SMV unattended vehicle,02 - Rain,07 - Dark,02 - Wet,10 - No control,,1,0,0,0,,0,,,,,354236.8963,5017325.667,45.29414576,-75.86970477,12187
15--8097,2015/06/28,1:54 PM,BANK ST btwn PHILNOR ST & SALE BARN RD (__3ZA28K),__3ZA28K,01 - Non intersection,03 - P.D. only,07 - SMV other,02 - Rain,01 - Daylight,02 - Wet,10 - No control,,1,0,0,0,,0,,,,,379663.9673,5013717.403,45.25943139,-75.5461042,12188
15--8098,2015/06/28,10:36 PM,210 W OF MERIVALE RD @ WEST HUNT CLUB RD (0004688),4688,03 - At intersection,03 - P.D. only,05 - Turning movement,01 - Clear,07 - Dark,02 - Wet,01 - Traffic signal,01 - Functioning,2,0,0,0,,0,,,,,365431.736,5021829.431,45.33379344,-75.72643696,12189
15--8099,2015/06/28,10:54 PM,HIGHWAY 417 btwn HWY417 IC122 RAMP15 & HWY417 IC121B RAMP51 (__3ZA2RB),__3ZA2RB,01 - Non intersection,03 - P.D. only,07 - SMV other,02 - Rain,07 - Dark,02 - Wet,10 - No control,,1,0,0,0,,0,,,,,366066.2964,5029317.927,45.40111836,-75.71741312,12190
15--81,2015/01/03,3:45 PM,WOODROFFE AVE btwn GRENFELL CRES & SLACK RD (__3ZA3IA),__3ZA3IA,01 - Non intersection,03 - P.D. only,07 - SMV other,03 - Snow,01 - Daylight,03 - Loose snow,10 - No control,,1,0,0,0,,0,,,,,364542.7244,5019250.127,45.31066133,-75.73808945,12191
15--810,2015/01/13,6:35 AM,HIGHWAY 417 btwn HWY417 IC119A RAMP67 & HWY417 IC118 RAMP76 (__3ZA2YS),__3ZA2YS,01 - Non intersection,03 - P.D. only,04 - Sideswipe,01 - Clear,07 - Dark,01 - Dry,10 - No control,,2,0,0,0,,0,,,,,368943.9184,5030714.869,45.41342982,-75.68047768,12192
15--8100,2015/06/28,11:17 PM,CARLING AVE @ HOLLAND AVE (0002146),2146,02 - Intersection related,03 - P.D. only,07 - SMV other,02 - Rain,07 - Dark,02 - Wet,01 - Traffic signal,01 - Functioning,1,0,0,0,,0,,,,,365416.6987,5028038.186,45.38966008,-75.72586726,12193
15--8101,2015/06/28,11:33 AM,HUNT CLUB RD @ TRANSITWAY OFFRAMP (0010854),10854,02 - Intersection related,03 - P.D. only,07 - SMV other,02 - Rain,01 - Daylight,02 - Wet,02 - Stop sign,00 - Unknown,1,0,0,0,,0,,,,,371092.8947,5023749.42,45.35055695,-75.65396001,12194
15--8102,2015/06/28,11:37 AM,BLACKBURN BYPASS @ NAVAN RD (0004201),4201,02 - Intersection related,03 - P.D. only,03 - Rear end,02 - Rain,01 - Daylight,02 - Wet,01 - Traffic signal,01 - Functioning,2,0,0,0,,0,,,,,379619.1885,5033274.923,45.43540347,-75.54371607,12195
15--8103,2015/06/28,12:00 PM,INNES RD @ TENTH LINE RD (0004633),4633,02 - Intersection related,03 - P.D. only,03 - Rear end,02 - Rain,01 - Daylight,02 - Wet,01 - Traffic signal,01 - Functioning,2,0,0,0,,0,,,,,383952.481,5036158.48,45.46087008,-75.48787563,12196
15--8104,2015/06/28,12:10 PM,FRANK NIGHBOR PL @ SILVER SEVEN RD (0009107),9107,02 - Intersection related,02 - Non-fatal injury,03 - Rear end,02 - Rain,01 - Daylight,02 - Wet,02 - Stop sign,00 - Unknown,2,0,0,0,01 - Minimal,1,1,,,,350759.0862,5018219.488,45.3024247,-75.91395981,12197
15--8105,2015/06/28,12:39 PM,BLAIR RD btwn APPLEFORD ST & DUNHAM ST (__3ZA2E4),__3ZA2E4,04 - At/near private drive,03 - P.D. only,02 - Angle,02 - Rain,01 - Daylight,02 - Wet,10 - No control,,2,0,0,0,,0,,,,,374299.5132,5033732.566,45.44007006,-75.6116351,12198
15--8106,2015/06/28,12:55 PM,RITCHIE ST btwn AHEARN AVE & RIGA PRIV (__3ZA5YU),__3ZA5YU,01 - Non intersection,02 - Non-fatal injury,07 - SMV other,01 - Clear,01 - Daylight,01 - Dry,10 - No control,,1,0,0,0,02 - Minor,2,1,1,,,359543.3121,5024462.255,45.35796771,-75.80126643,12199
15--8107,2015/06/28,2:15 PM,RICHMOND RD @ NORTHSIDE RD E (0010417),10417,02 - Intersection related,03 - P.D. only,03 - Rear end,02 - Rain,01 - Daylight,02 - Wet,01 - Traffic signal,01 - Functioning,2,0,0,0,,0,,,,,358329.3019,5021226.171,45.32894303,-75.81711089,12200
15--8108,2015/06/28,2:20 AM,JEANNE D'ARC BLVD  S btwn CEDAR MILLS RD & BEAUSEJOUR DR (__3ZA2BK),__3ZA2BK,01 - Non intersection,03 - P.D. only,07 - SMV other,02 - Rain,07 - Dark,02 - Wet,10 - No control,,1,0,0,0,,0,,,,,381319.4253,5036206.695,45.46159723,-75.52153204,12201
15--8109,2015/06/28,2:47 PM,ST. JOSEPH BLVD @ TENTH LINE RD (0009163),9163,02 - Intersection related,03 - P.D. only,03 - Rear end,02 - Rain,01 - Daylight,02 - Wet,01 - Traffic signal,01 - Functioning,2,0,0,0,,0,,,,,382891.5245,5038664.651,45.48353777,-75.50104171,12202
15--811,2015/01/13,6:39 PM,MONTREAL RD @ DUCHARME BLVD/CANTIN ST (0009319),9319,02 - Intersection related,03 - P.D. only,03 - Rear end,01 - Clear,07 - Dark,06 - Ice,01 - Traffic signal,01 - Functioning,2,0,0,0,,0,,,,,371017.1962,5033565.337,45.43888399,-75.6536085,12203
15--8110,2015/06/28,2:51 PM,MARCH RD @ TERRY FOX DR (0003173),3173,03 - At intersection,03 - P.D. only,03 - Rear end,02 - Rain,01 - Daylight,02 - Wet,01 - Traffic signal,01 - Functioning,2,0,0,0,,0,,,,,349865.3293,5023398.428,45.34908403,-75.92488446,12204
15--8111,2015/06/28,3:11 PM,TERRY FOX DR btwn CASTLEFRANK RD & TRANS CANADA TRAIL (__355BDZA),__355BDZA,01 - Non intersection,03 - P.D. only,03 - Rear end,02 - Rain,01 - Daylight,02 - Wet,10 - No control,,2,0,0,0,,0,,,,,353180.0284,5016077.702,45.28298983,-75.8833002,12205
15--8112,2015/06/28,3:27 PM,COLONEL BY DR @ HAWTHORNE AVE/PRETORIA BRIDGE (0002122),2122,02 - Intersection related,02 - Non-fatal injury,04 - Sideswipe,02 - Rain,01 - Daylight,02 - Wet,01 - Traffic signal,01 - Functioning,2,1,0,0,01 - Minimal,1,1,,,,368768.4322,5030525.567,45.41174261,-75.68274409,12206
15--8113,2015/06/28,3:48 PM,CARP RD @ HAZELDEAN RD (0000086),86,03 - At intersection,02 - Non-fatal injury,05 - Turning movement,02 - Rain,01 - Daylight,02 - Wet,01 - Traffic signal,01 - Functioning,2,0,0,0,03 - Major,2,1,,1,,348803.8552,5014360.076,45.26782158,-75.93923268,12207
15--8114,2015/06/28,4:13 PM,WOODROFFE AVE @ HWY 417 WOODROFF IC127R26/HWY4 (0002355),2355,02 - Intersection related,03 - P.D. only,03 - Rear end,02 - Rain,01 - Daylight,02 - Wet,01 - Traffic signal,00 - Unknown,2,0,0,0,,0,,,,,362082.6869,5024939.878,45.36206245,-75.76880155,12208
15--8115,2015/06/28,4:30 PM,MCARTHUR AVE @ NORTH RIVER RD (0009202),9202,03 - At intersection,03 - P.D. only,03 - Rear end,02 - Rain,01 - Daylight,02 - Wet,01 - Traffic signal,01 - Functioning,2,0,0,0,,0,,,,,369819.9865,5032646.942,45.43073301,-75.66903095,12209
15--8116,2015/06/28,4:34 PM,REGIONAL ROAD 174 btwn OR174 IC109 RAMP64 & OR174 IC105 RAMP16 (__3ZA2XD),__3ZA2XD,01 - Non intersection,02 - Non-fatal injury,07 - SMV other,02 - Rain,01 - Daylight,02 - Wet,10 - No control,,1,0,0,0,01 - Minimal,3,3,,,,376730.2884,5035470.491,45.45546093,-75.58031402,12210
15--8117,2015/06/28,4:41 PM,CAMERON ST @ REGIONAL RD 174 (0012883),12883,02 - Intersection related,03 - P.D. only,03 - Rear end,02 - Rain,01 - Daylight,02 - Wet,01 - Traffic signal,01 - Functioning,2,0,0,0,,0,,,,,389860.7736,5042616.483,45.51827726,-75.41122044,12211
15--8118,2015/06/28,5:03 PM,CEDARVIEW RD btwn WEST HUNT CLUB RD & LYTLE AVE (__3ZA1XV),__3ZA1XV,01 - Non intersection,03 - P.D. only,07 - SMV other,02 - Rain,01 - Daylight,02 - Wet,10 - No control,,1,0,0,0,,0,,,,,359787.8853,5019372.145,45.31214765,-75.79871054,12212
15--8119,2015/06/28,5:03 PM,MCARTHUR AVE @ VANIER PKWY (0004626),4626,02 - Intersection related,02 - Non-fatal injury,03 - Rear end,02 - Rain,01 - Daylight,02 - Wet,01 - Traffic signal,01 - Functioning,2,0,0,0,01 - Minimal,2,2,,,,370218.705,5032690.586,45.43108852,-75.66392999,12213
15--812,2015/01/13,6:45 AM,HIGHWAY 417 btwn HWY417 IC122 RAMP51 & HWY417 IC122 RAMP15 (__3ZA2R0),__3ZA2R0,01 - Non intersection,03 - P.D. only,04 - Sideswipe,01 - Clear,07 - Dark,01 - Dry,10 - No control,,2,0,0,0,,0,,,,,365248.6116,5028810.898,45.3966273,-75.72791902,12214
15--8120,2015/06/28,5:36 AM,CONROY RD btwn CONROY RD & ROSEBELLA AVE (__3ZA3S2),__3ZA3S2,01 - Non intersection,03 - P.D. only,07 - SMV other,01 - Clear,03 - Dawn,01 - Dry,10 - No control,,1,0,0,0,,0,,,,,373822.8391,5025267.946,45.36395667,-75.61891207,12215
15--8121,2015/06/28,5:50 AM,LEITRIM RD btwn HIGH RD & ALBION RD (__4B2G24),__4B2G24,01 - Non intersection,01 - Fatal injury,03 - Rear end,01 - Clear,01 - Daylight,01 - Dry,10 - No control,,2,1,0,0,04 - Fatal,1,,,,1,373232.7822,5020218.247,45.31857915,-75.62714184,12216
15--8122,2015/06/28,6:26 PM,QUEENSDALE AVE btwn MAVIS ST & BANNON WAY (__3ZA8O0),__3ZA8O0,04 - At/near private drive,03 - P.D. only,02 - Angle,02 - Rain,01 - Daylight,02 - Wet,10 - No control,,2,0,0,0,,0,,,,,373022.952,5023262.048,45.34598666,-75.62939837,12217
15--8123,2015/06/28,7:22 PM,NEPEAN ST btwn BAY ST & LYON ST N (__3ZA8AP),__3ZA8AP,01 - Non intersection,03 - P.D. only,06 - SMV unattended vehicle,02 - Rain,01 - Daylight,02 - Wet,10 - No control,,1,0,0,0,,0,,,,,367196.6092,5030910.832,45.41535102,-75.70277483,12218
15--8124,2015/06/28,8:10 PM,BANK ST @ SUNNYSIDE AVE (0007219),7219,02 - Intersection related,03 - P.D. only,03 - Rear end,02 - Rain,01 - Daylight,02 - Wet,01 - Traffic signal,01 - Functioning,2,0,0,0,,0,,,,,368735.4294,5028580.468,45.39424426,-75.68341787,12219
15--8125,2015/06/29,1:18 PM,PARKDALE AVE/SPENCER ST @ OXFORD ST (0005645),5645,03 - At intersection,03 - P.D. only,02 - Angle,01 - Clear,01 - Daylight,01 - Dry,02 - Stop sign,01 - Functioning,2,0,0,0,,0,,,,,365059.6457,5029474.599,45.40261543,-75.73025129,12220
15--8126,2015/06/29,1:46 PM,BLACKSTONE CRES @ SOUTHVALE CRES N (0007628),7628,03 - At intersection,03 - P.D. only,05 - Turning movement,01 - Clear,01 - Daylight,01 - Dry,10 - No control,,2,0,0,0,,0,,,,,374482.7396,5028826.183,45.39590675,-75.60998716,12221
15--8127,2015/06/29,10:08 AM,CAMBRIAN RD/GOLFLINKS DR W @ LONGFIELDS DR (0009702),9702,03 - At intersection,03 - P.D. only,02 - Angle,02 - Rain,01 - Daylight,02 - Wet,11 - Roundabout,01 - Functioning,2,0,0,0,,0,,,,,365383.4115,5013222.335,45.25635148,-75.72810489,12222
15--750,2015/01/12,9:33 AM,OR174 IC102 RAMP51 btwn REGIONAL ROAD 174 & PLACE D'ORLEANS DR (__3ZAY7Z),__3ZAY7Z,01 - Non intersection,02 - Non-fatal injury,07 - SMV other,03 - Snow,01 - Daylight,04 - Slush,10 - No control,,1,0,0,0,02 - Minor,1,,1,,,381192.2197,5037981.917,45.47758313,-75.52288244,12223
15--7860,2015/06/22,12:25 PM,PRINCE OF WALES DR btwn 187 N OF MEADOWLANDS DR & MEADOWLANDS DR/HOG'S (__3ZA36WA),__3ZA36WA,01 - Non intersection,03 - P.D. only,04 - Sideswipe,01 - Clear,01 - Daylight,01 - Dry,10 - No control,,2,0,0,0,,0,,,,,367363.2703,5025723.387,45.36866091,-75.70130339,12224
15--723,2015/01/12,7:20 AM,MARCH RD @ SOLANDT RD (0003172),3172,03 - At intersection,03 - P.D. only,05 - Turning movement,03 - Snow,03 - Dawn,03 - Loose snow,01 - Traffic signal,01 - Functioning,2,0,0,0,,0,,,,,350488.6446,5022709.057,45.3428406,-75.91699391,12225
15--7590,2015/06/15,9:49 AM,CARP RD @ STITTSVILLE MAIN ST (0005253),5253,02 - Intersection related,03 - P.D. only,03 - Rear end,01 - Clear,01 - Daylight,01 - Dry,01 - Traffic signal,01 - Functioning,2,0,0,0,,0,,,,,349524.7861,5014329.122,45.26749757,-75.93004866,12226
15--7680,2015/06/17,9:01 AM,CARLING AVE WB btwn RICHARDSON AVE & WOODLAND AVE (__3ZA4VD),__3ZA4VD,01 - Non intersection,03 - P.D. only,04 - Sideswipe,01 - Clear,01 - Daylight,01 - Dry,10 - No control,,2,0,0,0,,0,,,,,361508.6579,5025585.259,45.36791621,-75.77605422,12227
15--7950,2015/06/24,2:30 PM,INNES RD @ STONEHENGE CRES W (0009354),9354,02 - Intersection related,03 - P.D. only,03 - Rear end,01 - Clear,01 - Daylight,01 - Dry,01 - Traffic signal,01 - Functioning,3,0,0,0,,0,,,,,375201.0423,5031217.006,45.41734627,-75.60047249,12228
15--7500,2015/06/13,10:49 PM,GREENBANK RD btwn WEST HUNT CLUB RD & FALLOWFIELD RD (__3ZA1NE),__3ZA1NE,01 - Non intersection,03 - P.D. only,03 - Rear end,01 - Clear,07 - Dark,01 - Dry,10 - No control,,3,0,0,0,,0,,,,,361674.857,5020066.551,45.31824563,-75.77456718,12229
15--7771,2015/06/19,5:03 PM,BANK ST @ GLEN AVE (0007710),7710,03 - At intersection,02 - Non-fatal injury,05 - Turning movement,01 - Clear,01 - Daylight,01 - Dry,01 - Traffic signal,01 - Functioning,2,1,0,0,01 - Minimal,1,1,,,,368804.5505,5028434.504,45.39292461,-75.68255408,12230
15--7861,2015/06/22,12:35 PM,DUNROBIN RD btwn KINBURN SIDE RD & VANCES SIDE RD (__3ZA3FG),__3ZA3FG,01 - Non intersection,02 - Non-fatal injury,07 - SMV other,01 - Clear,01 - Daylight,01 - Dry,10 - No control,,1,0,1,0,02 - Minor,1,,1,,,338984.1383,5034907.998,45.45326572,-76.06294575,12231
15--7951,2015/06/24,3:00 PM,HIGHWAY 417 btwn HWY417 IC124 RAMP65 & HWY417 IC122 RAMP51 (__3ZA2R8),__3ZA2R8,01 - Non intersection,03 - P.D. only,07 - SMV other,01 - Clear,01 - Daylight,01 - Dry,10 - No control,,1,0,0,0,,0,,,,,365166.3011,5028719.201,45.39580933,-75.72898146,12232
15--7591,2015/06/16,1:36 PM,BASELINE RD/HWY 416 RICHMOND IC75R53 @ RICHMON (0000148),148,02 - Intersection related,03 - P.D. only,03 - Rear end,01 - Clear,01 - Daylight,01 - Dry,01 - Traffic signal,01 - Functioning,2,0,0,0,,0,,,,,358635.6085,5021821.289,45.3342745,-75.8131388,12233
15--7230,2015/06/06,4:29 PM,GREENBANK RD @ STRANDHERD DR (0005563),5563,03 - At intersection,03 - P.D. only,05 - Turning movement,01 - Clear,01 - Daylight,01 - Dry,01 - Traffic signal,01 - Functioning,2,0,0,0,,0,,,,,363933.6839,5014782.615,45.27051426,-75.74638855,12234
15--7681,2015/06/17,9:07 PM,5TH LINE RD btwn SPRINGHILL RD & DALMENY RD (__3ZA7I4),__3ZA7I4,01 - Non intersection,03 - P.D. only,07 - SMV other,01 - Clear,05 - Dusk,01 - Dry,10 - No control,,1,0,0,0,,0,,,,,381826.0878,5004107.828,45.17273523,-75.52004537,12235
15--7501,2015/06/13,10:56 PM,HIGHWAY 417 btwn HWY417 IC118 RAMP35 & HWY417 IC117 RAMP51 (__3ZA2YP),__3ZA2YP,01 - Non intersection,03 - P.D. only,03 - Rear end,01 - Clear,07 - Dark,01 - Dry,10 - No control,,2,0,0,0,,0,,,,,370160.9229,5031101.106,45.41679242,-75.66487928,12236
15--7772,2015/06/19,5:20 PM,8TH LINE RD @ MITCH OWENS RD (0003574),3574,03 - At intersection,03 - P.D. only,07 - SMV other,01 - Clear,01 - Daylight,01 - Dry,02 - Stop sign,01 - Functioning,1,0,0,0,,0,,,,,382362.5368,5018774.471,45.30463971,-75.51093448,12237
15--7773,2015/06/19,5:24 PM,ISABELLA ST/HWY 417 O'CONN IC119BR57 @ O'CONNO (0001698),1698,03 - At intersection,03 - P.D. only,02 - Angle,01 - Clear,01 - Daylight,01 - Dry,01 - Traffic signal,01 - Functioning,2,0,0,0,,0,,,,,368297.9117,5030309.566,45.40984196,-75.68878264,12238
15--7774,2015/06/19,5:24 PM,FRANKTOWN RD btwn ASHTON STATION RD & STARLIGHT PL (__5A65CP),__5A65CP,01 - Non intersection,02 - Non-fatal injury,07 - SMV other,01 - Clear,01 - Daylight,01 - Dry,10 - No control,,1,0,0,0,03 - Major,3,,2,1,,346288.4773,4996771.787,45.10970546,-75.97274946,12239
15--7775,2015/06/19,5:42 PM,LIMEBANK RD btwn TOM ROBERTS RD & LEITRIM RD (__3ZA0VJ),__3ZA0VJ,01 - Non intersection,03 - P.D. only,04 - Sideswipe,01 - Clear,01 - Daylight,01 - Dry,10 - No control,,2,0,0,0,,0,,,,,368744.4699,5019398.35,45.311625,-75.68448992,12240
15--7776,2015/06/19,5:47 PM,BRONSON AVE @ COMMISSIONER ST/SLATER ST (0001679),1679,03 - At intersection,02 - Non-fatal injury,05 - Turning movement,01 - Clear,01 - Daylight,01 - Dry,01 - Traffic signal,01 - Functioning,2,0,0,0,02 - Minor,1,,1,,,366767.9847,5030949.649,45.41573837,-75.70824584,12241
15--7777,2015/06/19,5:54 PM,KING EDWARD AVE @ ST. ANDREW ST (0011434),11434,02 - Intersection related,03 - P.D. only,03 - Rear end,01 - Clear,01 - Daylight,01 - Dry,01 - Traffic signal,01 - Functioning,2,0,0,0,,0,,,,,368160.7734,5032968.093,45.4337749,-75.69019255,12242
15--7778,2015/06/19,6:06 PM,BANK ST @ HUNT CLUB RD (0002119),2119,02 - Intersection related,02 - Non-fatal injury,03 - Rear end,01 - Clear,01 - Daylight,01 - Dry,01 - Traffic signal,01 - Functioning,2,0,0,0,02 - Minor,1,,1,,,371609.4572,5024096.146,45.35362766,-75.64732144,12243
15--7779,2015/06/19,6:31 AM,ROBERTSON RD btwn FITZGERALD RD & MOODIE DR (__3ZA411),__3ZA411,04 - At/near private drive,02 - Non-fatal injury,02 - Angle,01 - Clear,01 - Daylight,01 - Dry,10 - No control,,2,1,0,0,02 - Minor,1,,1,,,357018.3638,5020424.847,45.32183139,-75.83391827,12244
15--778,2015/01/13,3:15 PM,HUNT CLUB RD btwn PIKE ST & CONROY RD (__3ZBN9X),__3ZBN9X,04 - At/near private drive,03 - P.D. only,03 - Rear end,01 - Clear,01 - Daylight,06 - Ice,10 - No control,,2,0,0,0,,0,,,,,373707.7303,5025363.666,45.36482924,-75.62036793,12245
15--7780,2015/06/19,6:37 PM,DALHOUSIE ST btwn MURRAY ST & CLARENCE ST (__3ZA83M),__3ZA83M,01 - Non intersection,02 - Non-fatal injury,04 - Sideswipe,01 - Clear,01 - Daylight,01 - Dry,10 - No control,,2,1,0,0,01 - Minimal,1,1,,,,368036.9799,5032514.095,45.4297012,-75.69183289,12246
15--7781,2015/06/19,6:44 PM,MCLEOD ST W @ METCALFE ST (0007266),7266,03 - At intersection,03 - P.D. only,03 - Rear end,01 - Clear,01 - Daylight,01 - Dry,01 - Traffic signal,00 - Unknown,2,0,0,0,,0,,,,,368270.4856,5030684.15,45.41321483,-75.68908475,12247
15--7782,2015/06/19,6:45 PM,BOOTH ST @ GLADSTONE AVE (0002211),2211,03 - At intersection,02 - Non-fatal injury,05 - Turning movement,01 - Clear,01 - Daylight,01 - Dry,01 - Traffic signal,01 - Functioning,2,1,0,0,01 - Minimal,1,1,,,,366767.9847,5029850.922,45.40585234,-75.70838397,12248
15--7783,2015/06/19,6:50 PM,KENT ST @ MACLAREN ST (0007603),7603,02 - Intersection related,03 - P.D. only,03 - Rear end,01 - Clear,01 - Daylight,01 - Dry,02 - Stop sign,01 - Functioning,3,0,0,0,,0,,,,,367574.1517,5030741.487,45.41379354,-75.69797311,12249
15--7784,2015/06/19,7:00 PM,DONALD ST btwn GL/OT BOUNDARY & 110 E OF ST. LAURENT BLVD (__3ZA7RWA),__3ZA7RWA,01 - Non intersection,03 - P.D. only,05 - Turning movement,01 - Clear,01 - Daylight,01 - Dry,10 - No control,,2,0,0,0,,0,,,,,372192.4516,5032483.756,45.42904015,-75.63873607,12250
15--7785,2015/06/19,7:04 PM,CORBRIDGE ST btwn ESPRIT DR & CHESTERBROOK ST (__5Z1ROA),__5Z1ROA,01 - Non intersection,03 - P.D. only,06 - SMV unattended vehicle,01 - Clear,01 - Daylight,01 - Dry,10 - No control,,1,0,0,0,,0,,,,,385336.8696,5035242.412,45.45246996,-75.47032631,12251
15--7786,2015/06/19,7:08 PM,BASELINE RD btwn CLYDE AVE & 207 E OF CLYDE AVE (__3ZA4ISA),__3ZA4ISA,01 - Non intersection,03 - P.D. only,03 - Rear end,01 - Clear,01 - Daylight,01 - Dry,10 - No control,,2,0,0,0,,0,,,,,364375.2799,5024899.522,45.36150825,-75.73954461,12252
15--7787,2015/06/19,7:40 PM,BAY ST @ SPARKS ST (0005128),5128,03 - At intersection,02 - Non-fatal injury,05 - Turning movement,01 - Clear,01 - Daylight,01 - Dry,01 - Traffic signal,01 - Functioning,2,1,0,0,01 - Minimal,1,1,,,,366857.4192,5031279.229,45.41869591,-75.70706176,12253
15--7788,2015/06/19,7:45 AM,ST. JOSEPH BLVD @ JEANNE D'ARC BLVD (0012421),12421,03 - At intersection,03 - P.D. only,04 - Sideswipe,01 - Clear,01 - Daylight,01 - Dry,11 - Roundabout,01 - Functioning,2,0,0,0,,0,,,,,379860.7425,5036471.099,45.46413438,-75.54014145,12254
15--7789,2015/06/19,7:54 AM,BRIDGE ST btwn BRIDGE ST & KITOMAN CRES (__3ZA38C),__3ZA38C,01 - Non intersection,03 - P.D. only,99 - Other,01 - Clear,01 - Daylight,01 - Dry,10 - No control,,2,0,0,0,,0,,,,,369360.4965,5010687.44,45.23318904,-75.67776692,12255
15--779,2015/01/13,3:36 PM,UPLANDS DR @ AIRPORT PKWY RAMP 35 (0009397),9397,02 - Intersection related,03 - P.D. only,03 - Rear end,01 - Clear,01 - Daylight,01 - Dry,01 - Traffic signal,01 - Functioning,2,0,0,0,,0,,,,,371124.3282,5021375.199,45.32919144,-75.65387715,12256
15--7790,2015/06/19,7:56 AM,NICHOLAS ST NB btwn NICHOLAS ST NB OFF RAMP TO NICHOLAS ST SB & MACKEN (__3ZBPOK),__3ZBPOK,01 - Non intersection,03 - P.D. only,04 - Sideswipe,01 - Clear,01 - Daylight,01 - Dry,10 - No control,,2,0,0,0,,0,,,,,368370.8295,5031957.167,45.42465989,-75.68763862,12257
15--7791,2015/06/19,7:59 AM,DRAPER AVE btwn MORRISON DR & CORNELL ST (__3ZABHR),__3ZABHR,01 - Non intersection,03 - P.D. only,06 - SMV unattended vehicle,01 - Clear,01 - Daylight,01 - Dry,10 - No control,,1,0,0,0,,0,,,,,360052.0422,5022475.663,45.34005246,-75.79499553,12258
15--7792,2015/06/19,8:05 AM,BRONSON AVE @ COMMISSIONER ST/SLATER ST (0001679),1679,02 - Intersection related,02 - Non-fatal injury,04 - Sideswipe,01 - Clear,01 - Daylight,01 - Dry,01 - Traffic signal,00 - Unknown,2,1,0,0,01 - Minimal,1,1,,,,366768.7054,5030948.928,45.41573182,-75.70823673,12259
15--7793,2015/06/19,8:58 AM,EAGLESON RD btwn SHATNER GT & HAZELDEAN RD (__3ZA41R),__3ZA41R,04 - At/near private drive,03 - P.D. only,02 - Angle,01 - Clear,01 - Daylight,01 - Dry,10 - No control,,2,0,0,0,,0,,,,,353669.6609,5018433.019,45.30414964,-75.87682715,12260
15--7794,2015/06/19,8:58 AM,COVENTRY RD btwn LOLA ST & BELFAST RD (__3ZA3ME),__3ZA3ME,04 - At/near private drive,03 - P.D. only,02 - Angle,01 - Clear,01 - Daylight,01 - Dry,10 - No control,,2,0,0,0,,0,,,,,371372.3698,5031625.348,45.42139511,-75.64933142,12261
15--7795,2015/06/19,9:09 AM,FLORA ST btwn BRONSON AVE & PERCY ST (__3ZA89E),__3ZA89E,01 - Non intersection,03 - P.D. only,99 - Other,01 - Clear,01 - Daylight,01 - Dry,10 - No control,,2,0,0,0,,0,,,,,367306.8698,5030011.375,45.40724813,-75.70148025,12262
15--7796,2015/06/19,9:30 PM,INNES RD btwn PORTOBELLO BLVD & PROVENCE AVE (__3ZAZNE),__3ZAZNE,01 - Non intersection,03 - P.D. only,04 - Sideswipe,01 - Clear,07 - Dark,01 - Dry,10 - No control,,2,0,0,0,,0,,,,,386078.477,5037073.51,45.46885852,-75.46054362,12263
15--7797,2015/06/19,9:40 PM,HIGHWAY 416 btwn HWY416 IC57 RAMP34 & HWY416 IC57 RAMP43 (__3ZAZEJ),__3ZAZEJ,01 - Non intersection,03 - P.D. only,07 - SMV other,01 - Clear,07 - Dark,01 - Dry,10 - No control,,1,0,0,0,,0,,,,,364640.9207,5008163.914,45.21089905,-75.73817254,12264
15--7798,2015/06/20,1:12 PM,WEST HUNT CLUB RD btwn MOODIE DR & HWY416 IC72 RAMP53 (__3ZA4YJ),__3ZA4YJ,01 - Non intersection,03 - P.D. only,03 - Rear end,01 - Clear,01 - Daylight,01 - Dry,10 - No control,,2,0,0,0,,0,,,,,358484.5089,5018852.685,45.30757436,-75.81538825,12265