Anom_ID,Accident_Date,Accident_Time,Location,Geo_ID,Accident_Location,Classification_of_Accident,Initial_Impact_Type,Environment_Condition,Light,Road_Surface_Condition,Traffic_Control,Traffic_Control_Condition,No__of_Vehicles,No__of_Bicycles,No__of_Motorcycles,No__of_Pedestrians,Max_Injury,No__of_Injuries,No__of_Minimal,No__of_Minor,No__of_Major,No__of_Fatal,X,Y,Latitude,Longitude,ObjectId
15--7799,2015/06/20,1:50 PM,CYRVILLE RD @ INNES RD (0009352),9352,03 - At intersection,03 - P.D. only,02 - Angle,01 - Clear,01 - Daylight,01 - Dry,01 - Traffic signal,01 - Functioning,2,0,0,0,,0,,,,,375047.7247,5031118.483,45.41647522,-75.60244527,12266
15--78,2015/01/03,3:01 PM,GLADSTONE AVE btwn LYON ST N & KENT ST (__3ZA3P2),__3ZA3P2,01 - Non intersection,03 - P.D. only,06 - SMV unattended vehicle,03 - Snow,01 - Daylight,03 - Loose snow,10 - No control,,1,0,0,0,,0,,,,,367604.9183,5030371.692,45.41046348,-75.69762718,12267
15--780,2015/01/13,3:40 PM,OLD SECOND LINE RD @ TERRY FOX DR (0013616),13616,03 - At intersection,03 - P.D. only,07 - SMV other,03 - Snow,01 - Daylight,06 - Ice,01 - Traffic signal,01 - Functioning,1,0,0,0,,0,,,,,348795.2,5022408.413,45.34024358,-75.93862864,12268
15--7800,2015/06/20,10:05 PM,HIGHWAY 416 btwn HWY416 IC66 RAMP53 & HWY416 IC57 RAMP34 (__3ZAZLC),__3ZAZLC,01 - Non intersection,03 - P.D. only,07 - SMV other,01 - Clear,07 - Dark,01 - Dry,10 - No control,,1,0,0,0,,0,,,,,363791.7305,5009825.53,45.22592205,-75.74878568,12269
15--7801,2015/06/20,10:11 AM,NICHOLAS ST NB btwn LAURIER AVE E & WALLER ST (__5D2DO8),__5D2DO8,01 - Non intersection,03 - P.D. only,03 - Rear end,01 - Clear,01 - Daylight,01 - Dry,10 - No control,,3,0,0,0,,0,,,,,368436.2082,5031746.162,45.4227554,-75.6868305,12270
15--7802,2015/06/20,10:14 AM,BANK ST @ JOHNSTON RD (0006967),6967,03 - At intersection,02 - Non-fatal injury,05 - Turning movement,01 - Clear,01 - Daylight,01 - Dry,01 - Traffic signal,01 - Functioning,2,0,0,0,01 - Minimal,1,1,,,,370851.7305,5024838.447,45.36037843,-75.65689194,12271
15--7803,2015/06/20,10:30 AM,PRINCE OF WALES DR btwn MEADOWLANDS DR & NESBITT PL (__3ZA36V),__3ZA36V,01 - Non intersection,03 - P.D. only,04 - Sideswipe,01 - Clear,01 - Daylight,01 - Dry,10 - No control,,2,0,0,0,,0,,,,,367380.5676,5025628.252,45.36780336,-75.70109464,12272
15--7804,2015/06/20,11:00 AM,HIGHWAY 417 btwn HWY417 IC117 RAMP61 & HWY417 IC115 RAMP36 (__3ZA2RZ),__3ZA2RZ,01 - Non intersection,02 - Non-fatal injury,03 - Rear end,01 - Clear,01 - Daylight,01 - Dry,10 - No control,,2,0,0,0,01 - Minimal,1,1,,,,371559.1002,5031423.514,45.4195613,-75.64697297,12273
15--7805,2015/06/20,11:00 PM,NICHOLAS ST NB btwn LAURIER AVE E & WALLER ST (__5D2DO8),__5D2DO8,01 - Non intersection,03 - P.D. only,03 - Rear end,01 - Clear,07 - Dark,01 - Dry,10 - No control,,2,0,0,0,,0,,,,,368436.2082,5031746.162,45.4227554,-75.6868305,12274
15--7806,2015/06/20,11:12 AM,ST. JOSEPH BLVD btwn YOUVILLE DR & NOTRE DAME ST W (__3ZA2BN),__3ZA2BN,01 - Non intersection,02 - Non-fatal injury,03 - Rear end,01 - Clear,01 - Daylight,01 - Dry,10 - No control,,2,0,0,0,02 - Minor,1,,1,,,379358.4348,5036209.113,45.46183102,-75.54660368,12275
15--7807,2015/06/20,11:30 AM,AMBERWOOD CRES btwn LACEWOOD CRT & CHESSWOOD CRT (__3ZA6N4),__3ZA6N4,01 - Non intersection,03 - P.D. only,06 - SMV unattended vehicle,01 - Clear,01 - Daylight,01 - Dry,10 - No control,,1,0,0,0,,0,,,,,366781.8207,5020347.094,45.32033764,-75.70939926,12276
15--7808,2015/06/20,12:10 PM,ASHTON STATION RD btwn MCLINTON RD & MALLOCH LANE (__3ZAC6U),__3ZAC6U,01 - Non intersection,03 - P.D. only,07 - SMV other,01 - Clear,01 - Daylight,08 - Loose sand or gravel,10 - No control,,1,0,0,0,,0,,,,,344041.4374,4999058.343,45.13040974,-76.00112526,12277
15--7809,2015/06/20,12:40 PM,CYRVILLE RD @ INNES RD (0009352),9352,02 - Intersection related,03 - P.D. only,03 - Rear end,01 - Clear,01 - Daylight,01 - Dry,01 - Traffic signal,00 - Unknown,2,0,0,0,,0,,,,,375048.4454,5031119.114,45.41648082,-75.60243597,12278
15--781,2015/01/13,3:50 PM,DES EPINETTES AVE @ JEANNE D'ARC BLVD (0004221),4221,02 - Intersection related,03 - P.D. only,04 - Sideswipe,01 - Clear,01 - Daylight,01 - Dry,01 - Traffic signal,01 - Functioning,2,0,0,0,,0,,,,,382224.5299,5035961.601,45.45929236,-75.50999863,12279
15--7810,2015/06/20,2:35 PM,ST. JOSEPH BLVD btwn ST. JEAN ST & BELCOURT BLVD (__3ZA2AP),__3ZA2AP,04 - At/near private drive,03 - P.D. only,03 - Rear end,01 - Clear,01 - Daylight,01 - Dry,10 - No control,,2,0,0,0,,0,,,,,381124.7402,5037301.299,45.47146688,-75.52385117,12280
15--7811,2015/06/20,2:39 PM,VIEWMOUNT DR btwn OAKRIDGE BLVD & PALSEN ST (__3ZAASV),__3ZAASV,01 - Non intersection,02 - Non-fatal injury,04 - Sideswipe,01 - Clear,01 - Daylight,01 - Dry,10 - No control,,2,1,0,0,02 - Minor,1,,1,,,363795.3523,5023001.939,45.34448305,-75.74717293,12281
15--7812,2015/06/20,2:51 PM,CYRVILLE RD btwn INNES RD & END (__3ZA795),__3ZA795,04 - At/near private drive,02 - Non-fatal injury,05 - Turning movement,01 - Clear,01 - Daylight,01 - Dry,10 - No control,,2,0,0,0,01 - Minimal,3,3,,,,375075.1121,5031065.15,45.41599261,-75.60210299,12282
15--7813,2015/06/20,3:14 AM,MARCH RD btwn HALTON TERR/MAXWELL BRIDGE RD & MAXWELL RD (__3ZA2GD),__3ZA2GD,01 - Non intersection,02 - Non-fatal injury,07 - SMV other,01 - Clear,07 - Dark,01 - Dry,10 - No control,,1,0,0,0,02 - Minor,1,,1,,,348369.6333,5025034.326,45.36389875,-75.94382715,12283
15--7814,2015/06/20,3:14 PM,BRONSON AVE @ IMPERIAL AVE/PLYMOUTH ST (0010859),10859,03 - At intersection,03 - P.D. only,02 - Angle,01 - Clear,01 - Daylight,01 - Dry,10 - No control,,2,0,0,0,,0,,,,,367317.9826,5029644.633,45.4039473,-75.7013848,12284
15--7815,2015/06/20,3:22 PM,ROBERTSON RD btwn VANIER RD & RICHMOND RD (__3ZA4YQ),__3ZA4YQ,04 - At/near private drive,03 - P.D. only,02 - Angle,01 - Clear,01 - Daylight,01 - Dry,10 - No control,,2,0,0,0,,0,,,,,357553.1598,5020737.286,45.32460276,-75.82706376,12285
15--7816,2015/06/20,3:50 PM,BASELINE RD @ CLYDE AVE (0002343),2343,03 - At intersection,03 - P.D. only,05 - Turning movement,01 - Clear,01 - Daylight,01 - Dry,01 - Traffic signal,01 - Functioning,2,0,0,0,,0,,,,,364359.424,5024889.432,45.36141881,-75.7397482,12286
15--7817,2015/06/20,5:55 PM,BASELINE RD @ CLYDE AVE (0002343),2343,02 - Intersection related,03 - P.D. only,05 - Turning movement,01 - Clear,01 - Daylight,01 - Dry,01 - Traffic signal,01 - Functioning,2,0,0,0,,0,,,,,364358.7033,5024890.153,45.36142536,-75.73975731,12287
15--7818,2015/06/20,6:45 PM,PINECREST RD btwn HWY417 IC129 RAMP26 & GREENBANK RD (__3ZA4MX),__3ZA4MX,01 - Non intersection,03 - P.D. only,04 - Sideswipe,01 - Clear,01 - Daylight,01 - Dry,10 - No control,,2,0,0,0,,0,,,,,360427.5265,5023579.015,45.34995074,-75.79008072,12288
15--7819,2015/06/20,6:48 PM,SUNNYBROOKE DR btwn BRIDGESTONE DR & GRASSY PLAINS DR (__3ZBPJD),__3ZBPJD,04 - At/near private drive,03 - P.D. only,02 - Angle,01 - Clear,01 - Daylight,01 - Dry,10 - No control,,2,0,0,0,,0,,,,,355244.0348,5015498.466,45.27763265,-75.85705083,12289
15--782,2015/01/13,3:58 PM,WOODROFFE AVE @ SPORTSPLEX N (0005568),5568,02 - Intersection related,03 - P.D. only,03 - Rear end,01 - Clear,01 - Daylight,02 - Wet,01 - Traffic signal,01 - Functioning,2,0,0,0,,0,,,,,363764.6262,5021065.788,45.32706431,-75.74779568,12290
15--7820,2015/06/20,7:10 PM,HIGHWAY 417 btwn HWY 417 ANDERSON IC104R61 & HWY 417 BOUNDARY IC96R16 (__3ZA2W5),__3ZA2W5,01 - Non intersection,03 - P.D. only,07 - SMV other,01 - Clear,01 - Daylight,01 - Dry,10 - No control,,1,0,0,0,,0,,,,,385008.5416,5024971.922,45.36010266,-75.47619409,12291
15--7821,2015/06/20,7:28 AM,CHARLOTTE ST @ WILBROD ST (0007739),7739,03 - At intersection,02 - Non-fatal injury,02 - Angle,01 - Clear,01 - Daylight,01 - Dry,02 - Stop sign,01 - Functioning,2,0,0,0,02 - Minor,2,1,1,,,369415.7147,5032589.505,45.43025368,-75.67420462,12292
15--7822,2015/06/20,7:50 PM,OR174 IC109 RAMP65 @ MONTREAL RD (0004119),4119,02 - Intersection related,03 - P.D. only,03 - Rear end,01 - Clear,01 - Daylight,01 - Dry,01 - Traffic signal,01 - Functioning,2,0,0,0,,0,,,,,376403.0855,5034982.443,45.45110339,-75.58456808,12293
15--7823,2015/06/20,7:59 PM,RUSSELL RD S @ ST. LAURENT BLVD (0007734),7734,03 - At intersection,02 - Non-fatal injury,02 - Angle,01 - Clear,01 - Daylight,01 - Dry,01 - Traffic signal,01 - Functioning,2,0,1,0,02 - Minor,1,,1,,,373568.9447,5029259.734,45.39989799,-75.62159664,12294
15--7824,2015/06/20,8:00 PM,HIGHWAY 417 btwn HWY417 IC127 RAMP25 & HWY417 IC126 RAMP51 (__3ZA2XA),__3ZA2XA,01 - Non intersection,03 - P.D. only,04 - Sideswipe,01 - Clear,01 - Daylight,01 - Dry,10 - No control,,2,0,0,0,,0,,,,,363202.9365,5025878.412,45.37041484,-75.75439213,12295
15--7825,2015/06/21,1:03 PM,NICHOLAS ST btwn DALY AVE & SB RAMP FROM WALLER/NICHOLAS/MACKENZIE KIN (__3ZA3VJ),__3ZA3VJ,01 - Non intersection,03 - P.D. only,04 - Sideswipe,01 - Clear,01 - Daylight,01 - Dry,10 - No control,,2,0,0,0,,0,,,,,368234.9082,5032033.961,45.42536319,-75.68936547,12296
15--7826,2015/06/21,1:57 PM,LYNDALE AVE @ PARKDALE AVE (0006504),6504,02 - Intersection related,03 - P.D. only,03 - Rear end,01 - Clear,01 - Daylight,01 - Dry,01 - Traffic signal,01 - Functioning,3,0,0,0,,0,,,,,364860.441,5029930.03,45.40673041,-75.7327402,12297
15--7827,2015/06/21,1:58 PM,RICHARDSON SIDE RD @ TERRY FOX DR (0013651),13651,03 - At intersection,02 - Non-fatal injury,05 - Turning movement,01 - Clear,01 - Daylight,01 - Dry,01 - Traffic signal,01 - Functioning,2,0,0,0,02 - Minor,1,,1,,,348803.086,5019506.072,45.31412702,-75.93878598,12298
15--7828,2015/06/21,10:07 PM,NAVAN RD btwn MILTON RD & MUSTANG ST (__3ZA3XT),__3ZA3XT,01 - Non intersection,03 - P.D. only,07 - SMV other,01 - Clear,07 - Dark,01 - Dry,10 - No control,,1,0,0,0,,0,,,,,387608.5889,5031990.992,45.42295146,-75.44183399,12299
15--7829,2015/06/21,10:10 AM,NICHOLAS ST NB btwn HWY417 IC118 RAMP52 & WALLER ST/TRANSITWAY (__6KCFNL),__6KCFNL,01 - Non intersection,02 - Non-fatal injury,03 - Rear end,02 - Rain,01 - Daylight,02 - Wet,10 - No control,,2,0,0,0,01 - Minimal,1,1,,,,369107.1093,5031301.629,45.4186943,-75.67831636,12300
15--783,2015/01/13,4:07 PM,ABBOTT ST @ MOSS HILL TR (0000054),54,03 - At intersection,03 - P.D. only,02 - Angle,01 - Clear,01 - Daylight,04 - Slush,02 - Stop sign,01 - Functioning,2,0,0,0,,0,,,,,350941.7564,5013957.728,45.26406411,-75.91202691,12301
15--7830,2015/06/21,10:30 AM,ALBERT ST @ BAY ST (0006357),6357,03 - At intersection,02 - Non-fatal injury,02 - Angle,01 - Clear,01 - Daylight,01 - Dry,01 - Traffic signal,01 - Functioning,2,0,0,0,01 - Minimal,3,3,,,,366941.9747,5031143.226,45.41746469,-75.70599861,12302
15--7831,2015/06/21,10:53 PM,REGIONAL ROAD 174 btwn OR174 IC109 RAMP64 & OR174 IC105 RAMP16 (__3ZA2XD),__3ZA2XD,01 - Non intersection,03 - P.D. only,07 - SMV other,01 - Clear,07 - Dark,01 - Dry,10 - No control,,1,0,0,0,,0,,,,,377109.2474,5035730.67,45.45776273,-75.57543111,12303
15--7832,2015/06/21,11:20 AM,BROXBURN CRES btwn HARTHILL WAY W & KIPPEN PL (__6TU39K),__6TU39K,01 - Non intersection,03 - P.D. only,06 - SMV unattended vehicle,01 - Clear,01 - Daylight,01 - Dry,10 - No control,,1,0,0,0,,0,,,,,362710.534,5013846.091,45.26218915,-75.7620845,12304
15--7833,2015/06/21,Unknown,PORTRUSH AVE btwn HORNCHURCH LANE & LONGFIELDS DR (__4VGUMJ),__4VGUMJ,01 - Non intersection,03 - P.D. only,06 - SMV unattended vehicle,01 - Clear,00 - Unknown,01 - Dry,10 - No control,,1,0,0,0,,0,,,,,364301.9997,5015279.99,45.27495858,-75.74163547,12305
15--7834,2015/06/21,12:30 AM,DALHOUSIE ST @ ST. ANDREW ST (0008429),8429,03 - At intersection,03 - P.D. only,02 - Angle,01 - Clear,07 - Dark,01 - Dry,02 - Stop sign,01 - Functioning,2,0,0,0,,0,,,,,367871.4263,5032782.504,45.4321312,-75.69391407,12306
15--7835,2015/06/21,12:32 PM,KANATA AVE @ LORD BYNG WAY/MARITIME WAY (0009115),9115,02 - Intersection related,03 - P.D. only,03 - Rear end,01 - Clear,01 - Daylight,01 - Dry,01 - Traffic signal,01 - Functioning,2,0,0,0,,0,,,,,351430.3128,5019331.142,45.31238341,-75.90529663,12307
15--7836,2015/06/21,12:50 PM,TWEEDSMUIR AVE @ SCOTT ST (0006371),6371,02 - Intersection related,03 - P.D. only,03 - Rear end,01 - Clear,01 - Daylight,01 - Dry,01 - Traffic signal,01 - Functioning,2,0,0,0,,0,,,,,363397.406,5028776.198,45.39647245,-75.75156564,12308
15--7837,2015/06/21,2:00 PM,ST. PIERRE ST btwn ROCQUE ST & ST. JOSEPH BLVD (__3ZBPIW),__3ZBPIW,01 - Non intersection,03 - P.D. only,06 - SMV unattended vehicle,01 - Clear,01 - Daylight,01 - Dry,10 - No control,,1,0,0,0,,0,,,,,381295.7421,5037624.847,45.47435918,-75.5216141,12309
15--7838,2015/06/21,2:17 PM,ROYDON PL btwn WOODFIELD DR & WEST HUNT CLUB RD (__3ZAYGP),__3ZAYGP,04 - At/near private drive,03 - P.D. only,02 - Angle,01 - Clear,01 - Daylight,01 - Dry,10 - No control,,2,0,0,0,,0,,,,,365587.8968,5022364.68,45.33859603,-75.72437903,12310
15--7839,2015/06/21,3:00 PM,PORTOBELLO BLVD btwn VALIN ST & TRIM RD (__3ZA18A),__3ZA18A,01 - Non intersection,03 - P.D. only,07 - SMV other,01 - Clear,01 - Daylight,01 - Dry,10 - No control,,1,0,0,0,,0,,,,,385605.3154,5038008.842,45.47732861,-75.46643999,12311
15--784,2015/01/13,4:15 PM,REGIONAL RD 174 @ TRIM RD (0012835),12835,02 - Intersection related,03 - P.D. only,03 - Rear end,01 - Clear,01 - Daylight,01 - Dry,01 - Traffic signal,01 - Functioning,3,0,0,0,,0,,,,,384352.8172,5039989.859,45.49529571,-75.48213683,12312
15--7840,2015/06/21,3:00 PM,FIFTH AVE btwn CRAIG ST & MORRIS ST (__3ZA9NM),__3ZA9NM,01 - Non intersection,03 - P.D. only,06 - SMV unattended vehicle,01 - Clear,01 - Daylight,01 - Dry,10 - No control,,1,0,0,0,,0,,,,,368001.6491,5029163.162,45.39955378,-75.6927141,12313
15--7841,2015/06/21,3:24 AM,OGILVIE RD btwn CITY PARK DR & BLAIR RD (1) (__3ZA2DOA),__3ZA2DOA,01 - Non intersection,03 - P.D. only,07 - SMV other,01 - Clear,07 - Dark,01 - Dry,10 - No control,,1,0,0,0,,0,,,,,374291.5075,5033072.089,45.43412824,-75.61183066,12314
15--7842,2015/06/21,3:47 PM,HOLLY ACRES RD @ CARLING AVE (0000522),522,03 - At intersection,03 - P.D. only,05 - Turning movement,01 - Clear,01 - Daylight,01 - Dry,01 - Traffic signal,01 - Functioning,3,0,0,0,,0,,,,,358233.9356,5023497.158,45.34938475,-75.81808217,12315
15--7843,2015/06/21,5:17 PM,KANATA AVE btwn EARL GREY DR & MARITIME WAY (__3ZBPN5),__3ZBPN5,01 - Non intersection,03 - P.D. only,03 - Rear end,01 - Clear,01 - Daylight,01 - Dry,10 - No control,,2,0,0,0,,0,,,,,350964.7272,5019283.575,45.31198615,-75.91123863,12316
15--7844,2015/06/21,5:45 PM,HIGHWAY 417 btwn HWY417 IC155 RAMP25 & RAMP (__3ZAZN1),__3ZAZN1,01 - Non intersection,03 - P.D. only,07 - SMV other,01 - Clear,01 - Daylight,01 - Dry,10 - No control,,1,0,0,0,,0,,,,,343879.6712,5015931.577,45.28225351,-76.00185825,12317
15--7845,2015/06/21,5:49 PM,PLYMOUTH ST btwn CAMBRIDGE ST S & BRONSON AVE (__3ZA893),__3ZA893,01 - Non intersection,03 - P.D. only,99 - Other,01 - Clear,01 - Daylight,01 - Dry,10 - No control,,2,0,0,0,,0,,,,,367305.9559,5029634.984,45.40386156,-75.70153964,12318
15--7846,2015/06/21,6:12 PM,LONGFIELDS DR btwn HIGHBURY PARK DR & MOUNTSHANNON DR (__3ZAZSR),__3ZAZSR,01 - Non intersection,03 - P.D. only,06 - SMV unattended vehicle,02 - Rain,01 - Daylight,02 - Wet,10 - No control,,1,0,0,0,,0,,,,,364039.5109,5016136.785,45.28269019,-75.74487839,12319
15--7847,2015/06/21,9:04 PM,BRONSON AVE/BRONSON/HERON RAMP 35 @ HERON RD (0002386),2386,02 - Intersection related,03 - P.D. only,03 - Rear end,02 - Rain,05 - Dusk,02 - Wet,01 - Traffic signal,01 - Functioning,2,0,0,0,,0,,,,,368641.2967,5026697.952,45.37731453,-75.6848635,12320
15--7848,2015/06/21,9:30 AM,ALLENBY RD btwn IPSWICH TER & COLLINGWOOD CRES (__3ZACVO),__3ZACVO,04 - At/near private drive,03 - P.D. only,06 - SMV unattended vehicle,02 - Rain,01 - Daylight,02 - Wet,10 - No control,,1,0,0,0,,0,,,,,349402.3448,5023085.432,45.34629722,-75.93082092,12321
15--7849,2015/06/21,9:50 AM,DUNROBIN RD btwn DUNROBIN RD & MURPHY SIDE RD (__3ZA3EB),__3ZA3EB,05 - At railway crossing,03 - P.D. only,03 - Rear end,01 - Clear,01 - Daylight,01 - Dry,10 - No control,,3,0,0,0,,0,,,,,344637.2145,5028823.578,45.39821751,-75.9911643,12322
15--785,2015/01/13,4:15 PM,RAMSAYVILLE RD @ WALKLEY EXTENSION RD (0004172),4172,02 - Intersection related,03 - P.D. only,02 - Angle,01 - Clear,01 - Daylight,06 - Ice,10 - No control,,2,0,0,0,,0,,,,,376464.5251,5029421.209,45.40106044,-75.58459184,12323
15--7850,2015/06/22,1:27 PM,DWYER HILL RD btwn FLEWELLYN RD & FALLOWFIELD RD (__3ZA3F8),__3ZA3F8,01 - Non intersection,03 - P.D. only,07 - SMV other,01 - Clear,01 - Daylight,01 - Dry,10 - No control,,1,0,0,0,,0,,,,,344346.015,5003447.005,45.16988476,-75.99690602,12324
15--7851,2015/06/22,1:44 PM,BANK ST @ QUEENSDALE AVE (0009260),9260,03 - At intersection,03 - P.D. only,05 - Turning movement,01 - Clear,01 - Daylight,01 - Dry,01 - Traffic signal,01 - Functioning,2,0,0,0,,0,,,,,373337.4636,5023445.874,45.34760999,-75.62535985,12325
15--7852,2015/06/22,1:47 PM,COPE DR btwn Continuation of COPE DR & EAGLESON RD (__3ZA4XZ),__3ZA4XZ,01 - Non intersection,03 - P.D. only,05 - Turning movement,01 - Clear,01 - Daylight,01 - Dry,10 - No control,,2,0,0,0,,0,,,,,354581.477,5016011.546,45.28229669,-75.86544367,12326
15--7853,2015/06/22,1:59 PM,MONK ST btwn FIFTH AVE & THORNTON AVE (__3ZA919),__3ZA919,01 - Non intersection,03 - P.D. only,06 - SMV unattended vehicle,01 - Clear,01 - Daylight,01 - Dry,10 - No control,,1,0,0,0,,0,,,,,368347.8829,5029355.812,45.40125585,-75.68826722,12327
15--7854,2015/06/22,10:00 PM,HWY417 IC115 RAMP25 btwn Continuation of HWY417 IC115 RAMP25 & HIGHWAY (__3ZAY7C),__3ZAY7C,01 - Non intersection,03 - P.D. only,03 - Rear end,01 - Clear,07 - Dark,01 - Dry,10 - No control,,2,0,0,0,,0,,,,,372706.8159,5031512.751,45.42025376,-75.6322972,12328
15--7855,2015/06/22,11:12 AM,STAGECOACH RD btwn JACK PINE CRES & JACK PINE CRES (__3ZA3TM),__3ZA3TM,01 - Non intersection,03 - P.D. only,07 - SMV other,01 - Clear,01 - Daylight,01 - Dry,10 - No control,,1,0,0,0,,0,,,,,375877.0357,5013421.68,45.25716335,-75.59439231,12329
15--7856,2015/06/22,11:49 AM,INDUSTRIAL AVE btwn RIVERSIDE DR & SANDFORD FLEMING AVE (__3ZA3PG),__3ZA3PG,01 - Non intersection,03 - P.D. only,03 - Rear end,01 - Clear,01 - Daylight,01 - Dry,10 - No control,,3,0,0,0,,0,,,,,370697.6916,5030591.202,45.41215416,-75.65808988,12330
15--7857,2015/06/22,11:53 PM,DWYER HILL RD btwn FALLOWFIELD RD & MCCAFFREY TR (__3ZA3F7),__3ZA3F7,01 - Non intersection,03 - P.D. only,07 - SMV other,01 - Clear,07 - Dark,01 - Dry,10 - No control,,1,0,0,0,,0,,,,,345388.6744,5002227.544,45.15885211,-75.98374124,12331
15--7317,2015/06/09,3:51 PM,TYRRELL PL @ MOODIE DR (0010386),10386,03 - At intersection,02 - Non-fatal injury,05 - Turning movement,01 - Clear,01 - Daylight,01 - Dry,01 - Traffic signal,01 - Functioning,3,0,0,0,01 - Minimal,1,1,,,,357324.8613,5019854.473,45.31667624,-75.83006943,12332
15--7592,2015/06/16,1:43 PM,DECOEUR DR/SOUTHFIELD WAY @ TENTH LINE RD (0013515),13515,02 - Intersection related,03 - P.D. only,07 - SMV other,01 - Clear,01 - Daylight,02 - Wet,02 - Stop sign,01 - Functioning,1,0,0,0,,0,,,,,384551.517,5034726.576,45.447919,-75.48044916,12333
15--7952,2015/06/24,3:12 AM,REGIONAL ROAD 174 btwn QUIGLEY HILL RD & CAMERON ST (__3ZA27U),__3ZA27U,01 - Non intersection,03 - P.D. only,07 - SMV other,01 - Clear,07 - Dark,01 - Dry,10 - No control,,1,0,0,0,,0,,,,,388572.6855,5042421.32,45.51667736,-75.42773842,12334
15--7231,2015/06/06,4:41 PM,HWY417 IC130 RAMP61 btwn HWY417 IC130 RAMP66 & RAMP (__3ZAY7M),__3ZAY7M,01 - Non intersection,03 - P.D. only,04 - Sideswipe,01 - Clear,01 - Daylight,01 - Dry,10 - No control,,2,0,0,0,,0,,,,,359497.1654,5023153.72,45.34619711,-75.80200014,12335
15--7682,2015/06/17,9:09 AM,HINES RD btwn INNOVATION DR & SOLANDT RD (__3ZA1CU),__3ZA1CU,01 - Non intersection,03 - P.D. only,03 - Rear end,01 - Clear,01 - Daylight,01 - Dry,10 - No control,,2,0,0,0,,0,,,,,350255.5015,5022645.3,45.34228205,-75.91997462,12336
15--7862,2015/06/22,2:05 PM,HOLLAND AVE @ RUSKIN ST (0006676),6676,03 - At intersection,03 - P.D. only,02 - Angle,01 - Clear,01 - Daylight,01 - Dry,02 - Stop sign,01 - Functioning,2,0,0,0,,0,,,,,365281.1437,5028349.476,45.39247272,-75.72756011,12337
15--7863,2015/06/22,2:15 PM,KING EDWARD AVE @ ST. PATRICK ST (0002714),2714,03 - At intersection,03 - P.D. only,04 - Sideswipe,01 - Clear,01 - Daylight,01 - Dry,01 - Traffic signal,01 - Functioning,2,0,0,0,,0,,,,,368247.9806,5032823.949,45.43247004,-75.68909666,12338
15--7502,2015/06/13,11:03 AM,CUMMINGS AVE @ OGILVIE RD (0009923),9923,03 - At intersection,03 - P.D. only,07 - SMV other,01 - Clear,01 - Daylight,01 - Dry,01 - Traffic signal,01 - Functioning,1,0,0,0,,0,,,,,372748.7202,5032170.225,45.42616533,-75.63167112,12339
15--7318,2015/06/09,4:13 PM,EARL ARMSTRONG RD @ RIVER RD (0012470),12470,02 - Intersection related,03 - P.D. only,03 - Rear end,01 - Clear,01 - Daylight,02 - Wet,01 - Traffic signal,01 - Functioning,2,0,0,0,,0,,,,,367571.9978,5014684.037,45.26931193,-75.70003802,12340
15--7593,2015/06/16,10:15 AM,GLENORA AVE @ HAZEL ST (0007445),7445,03 - At intersection,03 - P.D. only,02 - Angle,01 - Clear,01 - Daylight,01 - Dry,02 - Stop sign,01 - Functioning,2,0,0,0,,0,,,,,369091.2691,5030143.479,45.40827513,-75.67866981,12341
15--7953,2015/06/24,3:15 PM,SLATER ST btwn O'CONNOR ST & METCALFE ST (__3ZA35R),__3ZA35R,04 - At/near private drive,03 - P.D. only,99 - Other,01 - Clear,01 - Daylight,01 - Dry,10 - No control,,2,0,0,0,,0,,,,,367710.7957,5031532.639,45.4208998,-75.69612646,12342
15--7683,2015/06/17,9:15 AM,INDUSTRIAL AVE/INNES RD @ ST. LAURENT BLVD (0002203),2203,02 - Intersection related,03 - P.D. only,02 - Angle,01 - Clear,01 - Daylight,01 - Dry,01 - Traffic signal,01 - Functioning,2,0,0,0,,0,,,,,373099.7274,5030005.206,45.40665134,-75.62748613,12343
15--7232,2015/06/06,5:00 PM,HIGHWAY 417 btwn HWY417 IC119B RAMP76 & HWY417 IC119A RAMP67 (__3ZA2YT),__3ZA2YT,01 - Non intersection,03 - P.D. only,03 - Rear end,02 - Rain,01 - Daylight,02 - Wet,10 - No control,,2,0,0,0,,0,,,,,368414.0109,5030436.539,45.41097387,-75.68728318,12344
15--7864,2015/06/22,2:42 PM,PRINCE OF WALES DR btwn WELLSMERE CRT & TURN LANE (__3ZA2Y6),__3ZA2Y6,04 - At/near private drive,02 - Non-fatal injury,02 - Angle,01 - Clear,01 - Daylight,01 - Dry,10 - No control,,2,0,1,0,01 - Minimal,1,1,,,,367440.6923,5022071.323,45.33579349,-75.70077777,12345
15--7503,2015/06/13,11:18 AM,ISLAND PARK DR @ SCOTT ST (0002126),2126,02 - Intersection related,02 - Non-fatal injury,04 - Sideswipe,01 - Clear,01 - Daylight,01 - Dry,01 - Traffic signal,01 - Functioning,2,1,0,0,02 - Minor,1,,1,,,363835.3592,5029043.222,45.39883829,-75.74594042,12346
15--7319,2015/06/09,4:20 PM,INNES RD btwn HWY417 IC112 RAMP57 & HWY417 IC112 RAMP65 (__3ZAZE9),__3ZAZE9,01 - Non intersection,03 - P.D. only,03 - Rear end,01 - Clear,01 - Daylight,01 - Dry,10 - No control,,3,0,0,0,,0,,,,,374325.0231,5030769.263,45.4134053,-75.61172736,12347
15--7594,2015/06/16,10:23 PM,ALERT RD/AIRPORT PKWY/UPLANDS DR RAMP 62 @ LES (0003652),3652,02 - Intersection related,03 - P.D. only,03 - Rear end,01 - Clear,07 - Dark,01 - Dry,01 - Traffic signal,01 - Functioning,2,0,0,0,,0,,,,,371315.2865,5021351.966,45.32896432,-75.65144442,12348