Anom_ID,Accident_Date,Accident_Time,Location,Geo_ID,Accident_Location,Classification_of_Accident,Initial_Impact_Type,Environment_Condition,Light,Road_Surface_Condition,Traffic_Control,Traffic_Control_Condition,No__of_Vehicles,No__of_Bicycles,No__of_Motorcycles,No__of_Pedestrians,Max_Injury,No__of_Injuries,No__of_Minimal,No__of_Minor,No__of_Major,No__of_Fatal,X,Y,Latitude,Longitude,ObjectId
15--7595,2015/06/16,10:30 AM,HUNT CLUB RD @ RIVERSIDE DR (0002237),2237,02 - Intersection related,03 - P.D. only,03 - Rear end,02 - Rain,01 - Daylight,02 - Wet,01 - Traffic signal,01 - Functioning,2,0,0,0,,0,,,,,368035.2616,5021946.58,45.33461774,-75.69320845,12349
15--7596,2015/06/16,10:37 AM,WOLISTON CRES btwn HEYSHAM LANE & KETTLEWELL WAY (__4OELMF),__4OELMF,01 - Non intersection,03 - P.D. only,05 - Turning movement,01 - Clear,01 - Daylight,01 - Dry,10 - No control,,2,0,0,0,,0,,,,,348818.9515,5023803.176,45.35279251,-75.93820146,12350
15--7597,2015/06/16,10:45 AM,BANK ST @ WALKLEY RD (0011423),11423,02 - Intersection related,03 - P.D. only,03 - Rear end,02 - Rain,01 - Daylight,02 - Wet,01 - Traffic signal,01 - Functioning,2,0,0,0,,0,,,,,370338.7831,5025948.119,45.37041105,-75.6632915,12351
15--7598,2015/06/16,10:46 AM,LAURIER AVE @ NICHOLAS ST (0010711),10711,03 - At intersection,03 - P.D. only,99 - Other,01 - Clear,01 - Daylight,01 - Dry,01 - Traffic signal,01 - Functioning,2,0,0,0,,0,,,,,368374.3577,5031799.351,45.4232396,-75.68761391,12352
15--7599,2015/06/16,10:56 AM,SHERWAY DR btwn CONWAY ST & TEDWYN DR (__3ZAAB3),__3ZAAB3,01 - Non intersection,03 - P.D. only,07 - SMV other,01 - Clear,01 - Daylight,01 - Dry,10 - No control,,1,0,0,0,,0,,,,,363087.8054,5015339.338,45.2755943,-75.75710232,12353
15--76,2015/01/03,2:36 PM,JOCKVALE RD/RIDEAU VALLEY DR @ PRINCE OF WALES (0004638),4638,03 - At intersection,03 - P.D. only,05 - Turning movement,05 - Drifting Snow,01 - Daylight,04 - Slush,01 - Traffic signal,01 - Functioning,2,0,0,0,,0,,,,,366710.6608,5012194.915,45.24699125,-75.71132392,12354
15--760,2015/01/13,10:15 AM,CHAPMAN BLVD btwn NAPLES AVE & OLYMPIA CRES (__3ZA77L),__3ZA77L,01 - Non intersection,03 - P.D. only,07 - SMV other,01 - Clear,01 - Daylight,03 - Loose snow,10 - No control,,1,0,0,0,,0,,,,,373179.1104,5028967.665,45.39730827,-75.626616,12355
15--7600,2015/06/16,11:00 AM,MARCH RD btwn BEACHVALE LANE & MARCHURST RD (__3ZAZH3),__3ZAZH3,01 - Non intersection,03 - P.D. only,07 - SMV other,01 - Clear,01 - Daylight,01 - Dry,10 - No control,,1,0,0,0,,0,,,,,344982.2277,5024315.655,45.3576343,-75.98712451,12356
15--7601,2015/06/16,11:00 AM,LAURIER AVE @ NICHOLAS ST (0010711),10711,03 - At intersection,03 - P.D. only,03 - Rear end,01 - Clear,01 - Daylight,01 - Dry,01 - Traffic signal,01 - Functioning,2,0,0,0,,0,,,,,368374.3577,5031799.351,45.4232396,-75.68761391,12357
15--7602,2015/06/16,11:50 AM,BASELINE RD @ CENTREPOINTE DR E/HIGHGATE RD (0011468),11468,02 - Intersection related,02 - Non-fatal injury,03 - Rear end,02 - Rain,01 - Daylight,02 - Wet,01 - Traffic signal,01 - Functioning,2,0,0,0,01 - Minimal,1,1,,,,362062.4073,5023465.866,45.34880105,-75.76923113,12358
15--7603,2015/06/16,11:54 AM,CASTLEFRANK RD btwn KANATA AVE & KATIMAVIK RD (__3ZA50Q),__3ZA50Q,01 - Non intersection,03 - P.D. only,03 - Rear end,01 - Clear,01 - Daylight,01 - Dry,10 - No control,,2,0,0,0,,0,,,,,351899.2817,5018997.93,45.30935379,-75.8993476,12359
15--7604,2015/06/16,11:59 AM,PRINCE OF WALES DR @ MERIVALE RD (0000564),564,02 - Intersection related,03 - P.D. only,03 - Rear end,01 - Clear,01 - Daylight,01 - Dry,01 - Traffic signal,01 - Functioning,2,0,0,0,,0,,,,,367449.7113,5017616.821,45.29571174,-75.70122604,12360
15--7605,2015/06/16,12:10 PM,RIVERSIDE DR @ WALKLEY RD (0002158),2158,02 - Intersection related,03 - P.D. only,03 - Rear end,01 - Clear,01 - Daylight,01 - Dry,01 - Traffic signal,01 - Functioning,2,0,0,0,,0,,,,,368419.4446,5024853.169,45.36073584,-75.68793343,12361
15--7606,2015/06/16,12:25 PM,INDUSTRIAL AVE @ RIVERSIDE DR (0011905),11905,03 - At intersection,03 - P.D. only,03 - Rear end,01 - Clear,01 - Daylight,02 - Wet,01 - Traffic signal,01 - Functioning,2,0,0,0,,0,,,,,370684.7186,5030592.193,45.4121643,-75.65825547,12362
15--7607,2015/06/16,12:38 PM,LYON ST @ WELLINGTON ST (0002388),2388,03 - At intersection,03 - P.D. only,04 - Sideswipe,01 - Clear,01 - Daylight,01 - Dry,01 - Traffic signal,01 - Functioning,2,0,0,0,,0,,,,,366935.271,5031424.364,45.41999488,-75.7060488,12363
15--7608,2015/06/16,2:02 AM,HIGHWAY 417 btwn HWY417 IC138 RAMP61 & HWY417 IC134 RAMP36 (__3ZA20I),__3ZA20I,01 - Non intersection,02 - Non-fatal injury,07 - SMV other,01 - Clear,07 - Dark,01 - Dry,10 - No control,,1,0,0,0,01 - Minimal,1,1,,,,355528.9053,5021765.75,45.33400623,-75.85277872,12364
15--7609,2015/06/16,2:12 PM,BANFF AVE @ WALKLEY RD (0006813),6813,03 - At intersection,03 - P.D. only,02 - Angle,01 - Clear,01 - Daylight,01 - Dry,01 - Traffic signal,01 - Functioning,2,0,0,0,,0,,,,,370503.005,5026043.174,45.37125095,-75.66118252,12365
15--761,2015/01/13,10:21 AM,BAY ST @ QUEEN ST (0006360),6360,02 - Intersection related,03 - P.D. only,05 - Turning movement,01 - Clear,01 - Daylight,06 - Ice,01 - Traffic signal,01 - Functioning,2,0,0,0,,0,,,,,366899.6969,5031213.065,45.41809684,-75.70652994,12366
15--7610,2015/06/16,2:16 PM,BANK ST @ WALKLEY RD (0011423),11423,02 - Intersection related,03 - P.D. only,03 - Rear end,01 - Clear,01 - Daylight,01 - Dry,01 - Traffic signal,01 - Functioning,2,0,0,0,,0,,,,,370337.852,5025947.375,45.37040445,-75.66330348,12367
15--7611,2015/06/16,3:22 PM,BANK ST btwn HOPEWELL AVE & GLEN AVE (__3ZA3N3),__3ZA3N3,01 - Non intersection,03 - P.D. only,04 - Sideswipe,01 - Clear,01 - Daylight,01 - Dry,10 - No control,,2,0,0,0,,0,,,,,368787.4067,5028465.186,45.39320224,-75.68276904,12368
15--7612,2015/06/16,4:05 PM,MONTREAL RD btwn HILLSIDE DR & MONTREAL SQUARE SC (__3ZA3AWA),__3ZA3AWA,04 - At/near private drive,03 - P.D. only,02 - Angle,01 - Clear,01 - Daylight,01 - Dry,10 - No control,,2,0,0,0,,0,,,,,371721.477,5033902.547,45.44185099,-75.6445615,12369
15--7613,2015/06/16,4:06 PM,VALOUR DR @ SMYTH RD (0011904),11904,02 - Intersection related,03 - P.D. only,07 - SMV other,01 - Clear,01 - Daylight,01 - Dry,01 - Traffic signal,01 - Functioning,1,0,0,0,,0,,,,,370666.6019,5029086.265,45.39861625,-75.65868807,12370
15--7614,2015/06/16,4:26 PM,INNES RD btwn 173 W OF ORIENT PARK DR & ORIENT PARK DR (__3ZA2AZB),__3ZA2AZB,01 - Non intersection,03 - P.D. only,03 - Rear end,01 - Clear,01 - Daylight,01 - Dry,10 - No control,,2,0,0,0,,0,,,,,378272.4518,5033004.497,45.43311316,-75.56096708,12371
15--7615,2015/06/16,4:27 PM,SNAKE ISLAND RD btwn DOYLE RD & MCGUIRE RD (__3ZA2EV),__3ZA2EV,01 - Non intersection,03 - P.D. only,07 - SMV other,01 - Clear,01 - Daylight,01 - Dry,10 - No control,,1,0,0,0,,0,,,,,375605.1865,5004560.879,45.17746334,-75.59911548,12372
15--7616,2015/06/16,4:55 AM,CARP RD btwn KINBURN SIDE RD & BAIRD SIDE RD (__3ZA4Q9),__3ZA4Q9,01 - Non intersection,03 - P.D. only,07 - SMV other,01 - Clear,03 - Dawn,01 - Dry,10 - No control,,1,0,0,0,,0,,,,,332294.4634,5030714.158,45.41582323,-76.14870761,12373
15--7617,2015/06/16,5:41 PM,CYRVILLE RD @ INNES RD (0009352),9352,03 - At intersection,02 - Non-fatal injury,02 - Angle,01 - Clear,01 - Daylight,01 - Dry,01 - Traffic signal,01 - Functioning,2,0,0,0,01 - Minimal,1,1,,,,375047.004,5031119.204,45.41648178,-75.60245437,12374
15--7618,2015/06/16,6:00 AM,HIGHWAY 417 btwn HWY417 IC144 RAMP25 & HWY417 IC142 RAMP51 (__3ZA20J),__3ZA20J,01 - Non intersection,03 - P.D. only,07 - SMV other,02 - Rain,01 - Daylight,02 - Wet,10 - No control,,1,0,0,0,,0,,,,,348201.4331,5016536.416,45.28744252,-75.94671905,12375
15--7619,2015/06/16,6:00 AM,HWY417 IC131 RAMP53 btwn HIGHWAY 417 & HWY417 IC131 RAMP63 (__3ZAY4R),__3ZAY4R,01 - Non intersection,03 - P.D. only,07 - SMV other,02 - Rain,01 - Daylight,02 - Wet,10 - No control,,1,0,0,0,,0,,,,,357971.9859,5022704.395,45.34227134,-75.82151013,12376
15--762,2015/01/13,10:22 AM,BAYVIEW DR @ DUNSTER ST (0005066),5066,03 - At intersection,03 - P.D. only,05 - Turning movement,01 - Clear,01 - Daylight,02 - Wet,02 - Stop sign,01 - Functioning,2,0,0,0,,0,,,,,338046.1724,5038883.395,45.48908252,-76.07466861,12377
15--7620,2015/06/16,6:00 PM,BESSERER ST @ NICHOLAS ST (0007614),7614,02 - Intersection related,03 - P.D. only,04 - Sideswipe,01 - Clear,01 - Daylight,01 - Dry,01 - Traffic signal,01 - Functioning,2,0,0,0,,0,,,,,368186.4296,5032110.499,45.42605625,-75.68997507,12378
15--7621,2015/06/16,6:04 AM,BORRISOKANE RD/TARTAN DR @ STRANDHERD DR (0010634),10634,02 - Intersection related,02 - Non-fatal injury,07 - SMV other,02 - Rain,01 - Daylight,02 - Wet,01 - Traffic signal,01 - Functioning,1,0,0,0,02 - Minor,1,,1,,,362286.7524,5013558.077,45.25963234,-75.76751735,12379
15--7622,2015/06/16,6:41 PM,TRIM RD btwn REGIONAL ROAD 174 & RAMP (__3ZA1ZG),__3ZA1ZG,01 - Non intersection,03 - P.D. only,03 - Rear end,01 - Clear,01 - Daylight,01 - Dry,10 - No control,,2,0,0,0,,0,,,,,384374.9164,5039938.088,45.49482741,-75.48186252,12380
15--7623,2015/06/16,6:55 AM,REGIONAL ROAD 174 btwn TRANSIT & OR174 IC109 RAMP54 (__3ZAZ6V),__3ZAZ6V,01 - Non intersection,02 - Non-fatal injury,07 - SMV other,02 - Rain,01 - Daylight,02 - Wet,10 - No control,,1,0,0,0,02 - Minor,1,,1,,,376078.2252,5034109.342,45.44328098,-75.58884732,12381
15--7624,2015/06/16,7:08 AM,RICHMOND RD @ WEST HUNT CLUB RD (0000598),598,03 - At intersection,03 - P.D. only,05 - Turning movement,02 - Rain,01 - Daylight,02 - Wet,01 - Traffic signal,01 - Functioning,2,0,0,0,,0,,,,,357146.368,5018152.102,45.30137142,-75.8325257,12382
15--7625,2015/06/16,7:12 PM,BLAIR RD @ INNES RD (0004165),4165,02 - Intersection related,03 - P.D. only,03 - Rear end,01 - Clear,01 - Daylight,01 - Dry,01 - Traffic signal,01 - Functioning,2,0,0,0,,0,,,,,375578.0142,5031440.636,45.41932033,-75.59562433,12383
15--7626,2015/06/16,7:15 AM,ROGER GUINDON AVE @ SMYTH RD (0006971),6971,03 - At intersection,03 - P.D. only,05 - Turning movement,02 - Rain,01 - Daylight,02 - Wet,01 - Traffic signal,01 - Functioning,2,0,0,0,,0,,,,,371933.1893,5029225.801,45.39975144,-75.6424928,12384
15--7627,2015/06/16,7:21 AM,CARLING AVE EB btwn WOODROFFE AVE & WOODROFFE AVE (__3ZA4VF),__3ZA4VF,01 - Non intersection,03 - P.D. only,03 - Rear end,02 - Rain,01 - Daylight,02 - Wet,10 - No control,,3,0,0,0,,0,,,,,361800.8368,5025747.495,45.3693523,-75.77230583,12385
15--7628,2015/06/16,7:30 AM,HAWTHORNE RD btwn HAWTHORNE RD & WHYTE SIDE RD (__3ZA2PE),__3ZA2PE,01 - Non intersection,03 - P.D. only,07 - SMV other,02 - Rain,01 - Daylight,02 - Wet,10 - No control,,1,0,0,0,,0,,,,,376217.4776,5024665.064,45.35829235,-75.58843506,12386
15--7629,2015/06/16,7:54 AM,ROBERTSON RD btwn FITZGERALD RD & MOODIE DR (__3ZA411),__3ZA411,04 - At/near private drive,03 - P.D. only,05 - Turning movement,02 - Rain,01 - Daylight,02 - Wet,10 - No control,,2,0,0,0,,0,,,,,357042.19,5020439.31,45.32195976,-75.83361285,12387
15--763,2015/01/13,10:22 AM,MERIVALE RD @ BASIL MACDONALD WAY/MERIVALE MAL (0010301),10301,02 - Intersection related,03 - P.D. only,03 - Rear end,01 - Clear,01 - Daylight,06 - Ice,01 - Traffic signal,01 - Functioning,2,0,0,0,,0,,,,,365097.9013,5023171.318,45.34589634,-75.73053223,12388
15--7630,2015/06/16,8:29 AM,REGIONAL ROAD 174 btwn OR174 IC112 RAMP36 & OR174 IC112 RAMP26 (__3ZAZFK),__3ZAZFK,01 - Non intersection,03 - P.D. only,04 - Sideswipe,02 - Rain,01 - Daylight,02 - Wet,10 - No control,,2,0,0,0,,0,,,,,374752.9295,5032812.476,45.43174638,-75.60597084,12389
15--7631,2015/06/16,8:46 PM,ST. LAURENT BLVD btwn DONALD ST & 125 N OF QUEEN MARY ST (__3ZA2CFA),__3ZA2CFA,01 - Non intersection,03 - P.D. only,03 - Rear end,01 - Clear,05 - Dusk,01 - Dry,10 - No control,,2,0,0,0,,0,,,,,372135.5902,5032370.78,45.42802912,-75.63947811,12390
15--7632,2015/06/16,8:48 AM,LYON ST @ WELLINGTON ST (0002388),2388,03 - At intersection,03 - P.D. only,04 - Sideswipe,02 - Rain,01 - Daylight,02 - Wet,01 - Traffic signal,01 - Functioning,2,0,0,0,,0,,,,,366935.9917,5031425.806,45.42000779,-75.70603941,12391
15--7633,2015/06/16,8:53 PM,LESTER RD btwn ALBION RD & UPLANDS DR (__3ZA2SC),__3ZA2SC,01 - Non intersection,02 - Non-fatal injury,07 - SMV other,01 - Clear,05 - Dusk,01 - Dry,10 - No control,,1,0,0,0,02 - Minor,1,,1,,,371502.7637,5021462.071,45.32993722,-75.64903815,12392
15--7634,2015/06/16,8:56 AM,SPARKS ST btwn BAY ST & LYON ST N (__5D2JML),__5D2JML,01 - Non intersection,03 - P.D. only,04 - Sideswipe,02 - Rain,01 - Daylight,02 - Wet,10 - No control,,2,0,0,0,,0,,,,,366959.6285,5031342.744,45.41925833,-75.70574789,12393
15--7635,2015/06/16,8:58 AM,BANTREE ST btwn OLD INNES RD & EDINBURGH PL (__3ZA78D),__3ZA78D,04 - At/near private drive,03 - P.D. only,02 - Angle,02 - Rain,01 - Daylight,02 - Wet,10 - No control,,2,0,0,0,,0,,,,,373789.9449,5030213.493,45.40845771,-75.61864065,12394
15--7636,2015/06/16,9:00 AM,MERIVALE RD @ CAPILANO DR/WITHROW AVE (0009820),9820,02 - Intersection related,03 - P.D. only,04 - Sideswipe,02 - Rain,01 - Daylight,02 - Wet,01 - Traffic signal,01 - Functioning,2,0,0,0,,0,,,,,364641.7083,5024227.409,45.35543798,-75.73622543,12395
15--7637,2015/06/16,9:14 AM,ST. JOSEPH BLVD btwn YOUVILLE DR & NOTRE DAME ST W (__3ZA2BN),__3ZA2BN,01 - Non intersection,03 - P.D. only,04 - Sideswipe,02 - Rain,01 - Daylight,02 - Wet,10 - No control,,2,0,0,0,,0,,,,,379357.0176,5036206.955,45.46181175,-75.54662213,12396
15--7638,2015/06/16,9:15 PM,CARLING AVE @ CHAMPAGNE AVE (0002024),2024,02 - Intersection related,03 - P.D. only,03 - Rear end,01 - Clear,07 - Dark,01 - Dry,01 - Traffic signal,01 - Functioning,2,0,0,0,,0,,,,,366627.7004,5028810.181,45.39650043,-75.71030634,12397
15--7639,2015/06/16,9:18 AM,QUEEN MARY ST @ VERA ST (0008258),8258,03 - At intersection,03 - P.D. only,02 - Angle,02 - Rain,01 - Daylight,02 - Wet,02 - Stop sign,01 - Functioning,2,0,0,0,,0,,,,,370521.9926,5031973.216,45.42460549,-75.66015003,12398
15--764,2015/01/13,10:26 AM,LYON ST @ SLATER ST (0002207),2207,02 - Intersection related,03 - P.D. only,05 - Turning movement,01 - Clear,01 - Daylight,01 - Dry,01 - Traffic signal,00 - Unknown,2,0,0,0,,0,,,,,367102.7046,5031152.105,45.41753029,-75.703944,12399
15--7640,2015/06/16,9:35 AM,ARGYLE AVE E @ METCALFE ST (0007280),7280,03 - At intersection,03 - P.D. only,04 - Sideswipe,01 - Clear,01 - Daylight,01 - Dry,10 - No control,,2,0,0,0,,0,,,,,368443.4307,5030641.928,45.41281922,-75.68688084,12400
15--7641,2015/06/16,9:48 AM,GREENBANK RD @ 207 S OF BELLMAN DR/GREENBANK S (0004604),4604,02 - Intersection related,02 - Non-fatal injury,03 - Rear end,01 - Clear,01 - Daylight,01 - Dry,01 - Traffic signal,01 - Functioning,2,0,0,0,01 - Minimal,1,1,,,,361336.9589,5020826.398,45.32511003,-75.77878994,12401
15--7642,2015/06/16,9:57 AM,HOLMWOOD AVE btwn CRAIG ST & MORRIS ST (__3ZA9MI),__3ZA9MI,01 - Non intersection,03 - P.D. only,06 - SMV unattended vehicle,01 - Clear,01 - Daylight,01 - Dry,10 - No control,,1,0,0,0,,0,,,,,368140.2973,5028993.551,45.39801514,-75.69096508,12402
15--7643,2015/06/16,9:58 AM,RAMSAYVILLE RD @ WALKLEY EXTENSION RD (0004172),4172,03 - At intersection,02 - Non-fatal injury,02 - Angle,02 - Rain,01 - Daylight,02 - Wet,10 - No control,,2,0,0,0,01 - Minimal,4,4,,,,376466.186,5029420.19,45.40105111,-75.58457078,12403
15--7644,2015/06/17,1:01 PM,BANK ST @ RIVERDALE AVE (0007210),7210,02 - Intersection related,02 - Non-fatal injury,07 - SMV other,01 - Clear,01 - Daylight,01 - Dry,01 - Traffic signal,00 - Unknown,1,0,0,1,01 - Minimal,1,1,,,,369077.5351,5028116.626,45.39003944,-75.67910938,12404
15--7645,2015/06/17,1:38 PM,MARCH RD btwn HALTON TERR/MAXWELL BRIDGE RD & MAXWELL RD (__3ZA2GD),__3ZA2GD,01 - Non intersection,03 - P.D. only,04 - Sideswipe,01 - Clear,01 - Daylight,01 - Dry,10 - No control,,2,0,0,0,,0,,,,,348921.7955,5024435.12,45.35847242,-75.93683256,12405
15--7646,2015/06/17,1:56 PM,BANK ST/PRETORIA AVE @ CHAMBERLAIN AVE S (0006980),6980,02 - Intersection related,03 - P.D. only,04 - Sideswipe,01 - Clear,01 - Daylight,01 - Dry,02 - Stop sign,01 - Functioning,2,0,0,0,,0,,,,,368108.7616,5030103.565,45.40800556,-75.69122534,12406
15--7647,2015/06/17,10:02 AM,EAGLESON RD @ COPE DR/CADENCE GT (0011923),11923,02 - Intersection related,03 - P.D. only,04 - Sideswipe,01 - Clear,01 - Daylight,01 - Dry,01 - Traffic signal,01 - Functioning,2,0,0,0,,0,,,,,354620.6223,5016027.067,45.28243358,-75.86494317,12407
15--7648,2015/06/17,10:16 PM,GEORGE ST btwn SUSSEX DR & 26 W OF BYWARD MARKET/FREIMAN MALL (__3ZA40PA),__3ZA40PA,04 - At/near private drive,02 - Non-fatal injury,05 - Turning movement,01 - Clear,07 - Dark,01 - Dry,10 - No control,,2,0,1,0,01 - Minimal,1,1,,,,367915.705,5032159.264,45.4265195,-75.6934281,12408
15--7649,2015/06/17,10:45 PM,CASTLEFRANK RD @ HAZELDEAN RD (0003608),3608,03 - At intersection,02 - Non-fatal injury,05 - Turning movement,01 - Clear,07 - Dark,01 - Dry,01 - Traffic signal,01 - Functioning,2,1,0,0,02 - Minor,1,,1,,,352679.3195,5017676.409,45.29740968,-75.88952806,12409
15--765,2015/01/13,10:30 AM,HIGHWAY 417 btwn HWY417 IC112 RAMP66 & HWY417 IC112 RAMP56 (__3ZA283),__3ZA283,01 - Non intersection,03 - P.D. only,07 - SMV other,01 - Clear,01 - Daylight,03 - Loose snow,10 - No control,,1,0,0,0,,0,,,,,374427.1482,5030886.777,45.41445248,-75.61040614,12410
15--7650,2015/06/17,10:52 AM,KNOXDALE RD @ WEST HUNT CLUB RD (0005165),5165,02 - Intersection related,03 - P.D. only,03 - Rear end,01 - Clear,01 - Daylight,01 - Dry,01 - Traffic signal,01 - Functioning,3,0,0,0,,0,,,,,361863.6857,5020584.117,45.32288736,-75.77209925,12411
15--7651,2015/06/17,11:29 AM,JOHNSTON RD btwn ALLANFORD AVE & ROWALLEN PL (__4BQ6F7),__4BQ6F7,01 - Non intersection,03 - P.D. only,06 - SMV unattended vehicle,01 - Clear,01 - Daylight,01 - Dry,10 - No control,,1,0,0,0,,0,,,,,373079.1307,5025930.377,45.36998979,-75.62831297,12412
15--7652,2015/06/17,11:36 AM,TENTH LINE RD @ CHARLEMAGNE BLVD N/TOMPKINS AV (0009222),9222,02 - Intersection related,03 - P.D. only,03 - Rear end,01 - Clear,01 - Daylight,01 - Dry,01 - Traffic signal,01 - Functioning,2,0,0,0,,0,,,,,383183.9299,5037977.522,45.47732284,-75.49741146,12413
15--7653,2015/06/17,11:45 AM,OTTAWA RIVER PKWY WB btwn TRANSIT & TURN LANE (__3ZA23O),__3ZA23O,01 - Non intersection,02 - Non-fatal injury,04 - Sideswipe,00 - Unknown,01 - Daylight,00 - Unknown,10 - No control,,2,0,1,0,02 - Minor,1,,1,,,363057.5832,5029266.22,45.40090994,-75.75584778,12414
15--7654,2015/06/17,11:47 AM,RICHMOND RD @ WOODROFFE AVE (0011466),11466,02 - Intersection related,02 - Non-fatal injury,07 - SMV other,01 - Clear,01 - Daylight,01 - Dry,01 - Traffic signal,01 - Functioning,1,0,0,1,02 - Minor,1,,1,,,361584.6864,5026653.442,45.37752148,-75.77496091,12415
15--7655,2015/06/17,11:47 PM,DONALD ST @ VANIER PKWY (0007644),7644,03 - At intersection,03 - P.D. only,05 - Turning movement,01 - Clear,07 - Dark,01 - Dry,01 - Traffic signal,01 - Functioning,2,0,0,0,,0,,,,,370310.9924,5032269.504,45.42729116,-75.66280667,12416
15--7656,2015/06/17,11:50 AM,PRINCE OF WALES DR btwn COLONNADE RD & STEPHANIE AVE (__3ZA29R),__3ZA29R,01 - Non intersection,03 - P.D. only,03 - Rear end,01 - Clear,01 - Daylight,01 - Dry,10 - No control,,2,0,0,0,,0,,,,,367399.0359,5023256.066,45.3464573,-75.7011593,12417
15--7657,2015/06/17,Unknown,KIRKSTALL AVE btwn SKIPTON RD & HEADINGLY CRES (__3ZA52T),__3ZA52T,01 - Non intersection,03 - P.D. only,06 - SMV unattended vehicle,02 - Rain,00 - Unknown,02 - Wet,10 - No control,,1,0,0,0,,0,,,,,362504.0769,5020859.917,45.32531665,-75.763899,12418
15--7658,2015/06/17,Unknown,ELSETT DR btwn CORNISH ST & DUNELM ST (__3ZA2K2),__3ZA2K2,01 - Non intersection,03 - P.D. only,06 - SMV unattended vehicle,01 - Clear,00 - Unknown,01 - Dry,10 - No control,,1,0,0,0,,0,,,,,373307.5215,5028472.881,45.39284387,-75.62504475,12419
15--7659,2015/06/17,12:13 PM,CLARENCE ST btwn SUSSEX DR & BY WARD MARKET SQ (__3ZA81R),__3ZA81R,01 - Non intersection,03 - P.D. only,06 - SMV unattended vehicle,01 - Clear,01 - Daylight,01 - Dry,10 - No control,,1,0,0,0,,0,,,,,367887.0949,5032405.754,45.42873992,-75.69376211,12420
15--766,2015/01/13,10:40 AM,INDUSTRIAL AVE btwn RIVERSIDE DR & SANDFORD FLEMING AVE (__3ZA3PG),__3ZA3PG,01 - Non intersection,03 - P.D. only,03 - Rear end,03 - Snow,01 - Daylight,02 - Wet,10 - No control,,2,0,0,0,,0,,,,,370865.7991,5030561.383,45.41187001,-75.65594636,12421
15--7660,2015/06/17,2:12 PM,CUMMINGS AVE/LABELLE ST @ CYRVILLE RD (0008791),8791,03 - At intersection,02 - Non-fatal injury,07 - SMV other,01 - Clear,01 - Daylight,01 - Dry,01 - Traffic signal,01 - Functioning,1,0,0,2,02 - Minor,2,1,1,,,372860.5186,5031873.179,45.42348178,-75.63028364,12422
15--7661,2015/06/17,2:30 PM,MILTON RD @ NAVAN RD (0004709),4709,03 - At intersection,03 - P.D. only,03 - Rear end,01 - Clear,01 - Daylight,01 - Dry,02 - Stop sign,00 - Unknown,2,0,0,0,,0,,,,,387268.0681,5031812.881,45.42138921,-75.44621439,12423
15--7662,2015/06/17,2:39 PM,HOPE SIDE RD @ RICHMOND RD (0000581),581,03 - At intersection,03 - P.D. only,03 - Rear end,01 - Clear,01 - Daylight,01 - Dry,02 - Stop sign,00 - Unknown,2,0,0,0,,0,,,,,356952.6366,5015485.075,45.27738749,-75.8352762,12424
15--7663,2015/06/17,3:07 PM,MERIVALE RD @ COLDREY AVE/CRERAR AVE (0006176),6176,02 - Intersection related,03 - P.D. only,07 - SMV other,01 - Clear,01 - Daylight,01 - Dry,01 - Traffic signal,01 - Functioning,1,0,0,1,,0,,,,,364895.4245,5027392.905,45.38389889,-75.73260239,12425
15--7664,2015/06/17,3:51 PM,BANK ST btwn AYLMER AVE & EUCLID AVE (__3ZA3N7),__3ZA3N7,01 - Non intersection,03 - P.D. only,99 - Other,01 - Clear,01 - Daylight,01 - Dry,10 - No control,,2,0,0,0,,0,,,,,368678.0367,5028717.652,45.39548384,-75.68413305,12426
15--7665,2015/06/17,4:05 PM,VANIER PKWY/CRICHTON ST @ BEECHWOOD AVE/ST. PA (0001604),1604,02 - Intersection related,03 - P.D. only,04 - Sideswipe,01 - Clear,01 - Daylight,01 - Dry,01 - Traffic signal,01 - Functioning,2,0,0,0,,0,,,,,369128.5177,5033485.332,45.43834046,-75.6777576,12427
15--7666,2015/06/17,4:15 PM,SAUNDERS AVE @ WOODROFFE AVE (0003222),3222,02 - Intersection related,02 - Non-fatal injury,05 - Turning movement,01 - Clear,01 - Daylight,01 - Dry,02 - Stop sign,01 - Functioning,2,1,0,0,02 - Minor,1,,1,,,361493.6827,5026856.316,45.37935429,-75.77609948,12428
15--7667,2015/06/17,4:21 PM,CYRVILLE RD btwn STAR TOP RD & MEADOWBROOK RD (__3ZA3SN),__3ZA3SN,04 - At/near private drive,03 - P.D. only,02 - Angle,01 - Clear,01 - Daylight,01 - Dry,10 - No control,,2,0,0,0,,0,,,,,374450.5312,5031307.365,45.41823438,-75.61004798,12429
15--7668,2015/06/17,4:33 PM,BANK ST @ RIDEAU RD (0009263),9263,02 - Intersection related,03 - P.D. only,05 - Turning movement,01 - Clear,01 - Daylight,01 - Dry,01 - Traffic signal,01 - Functioning,2,0,0,0,,0,,,,,376955.4732,5017845.554,45.29685794,-75.58001045,12430
15--7669,2015/06/17,4:35 PM,MEADOWLANDS DR btwn CHESTERTON DR & TIVERTON DR (__3ZA4H3),__3ZA4H3,01 - Non intersection,03 - P.D. only,04 - Sideswipe,01 - Clear,01 - Daylight,01 - Dry,10 - No control,,2,0,0,0,,0,,,,,365106.7487,5024021.4,45.3535445,-75.73031567,12431