Anom_ID,Accident_Date,Accident_Time,Location,Geo_ID,Accident_Location,Classification_of_Accident,Initial_Impact_Type,Environment_Condition,Light,Road_Surface_Condition,Traffic_Control,Traffic_Control_Condition,No__of_Vehicles,No__of_Bicycles,No__of_Motorcycles,No__of_Pedestrians,Max_Injury,No__of_Injuries,No__of_Minimal,No__of_Minor,No__of_Major,No__of_Fatal,X,Y,Latitude,Longitude,ObjectId
15--767,2015/01/13,11:45 AM,HEMMINGWOOD WAY btwn WESTPOINTE CRES & WESTPOINTE CRES (__3ZAA2G),__3ZAA2G,01 - Non intersection,03 - P.D. only,06 - SMV unattended vehicle,01 - Clear,01 - Daylight,05 - Packed snow,10 - No control,,1,0,0,0,,0,,,,,362152.4862,5023110.058,45.34559215,-75.76812292,12432
15--7670,2015/06/17,4:42 PM,RICHMOND RD @ NORTHSIDE RD E (0010417),10417,03 - At intersection,02 - Non-fatal injury,05 - Turning movement,01 - Clear,01 - Daylight,01 - Dry,01 - Traffic signal,01 - Functioning,2,0,0,0,01 - Minimal,1,1,,,,358329.3019,5021226.171,45.32894303,-75.81711089,12433
15--7671,2015/06/17,4:45 PM,BANK ST btwn BLAIS RD & RIDEAU RD (__3ZA29L),__3ZA29L,04 - At/near private drive,03 - P.D. only,02 - Angle,01 - Clear,01 - Daylight,01 - Dry,10 - No control,,2,0,0,0,,0,,,,,376941.7795,5017878.707,45.29715765,-75.5801802,12434
15--7672,2015/06/17,5:18 PM,BELGATE WAY @ DONALD ST (0009368),9368,03 - At intersection,03 - P.D. only,02 - Angle,01 - Clear,01 - Daylight,01 - Dry,02 - Stop sign,01 - Functioning,2,0,0,0,,0,,,,,372584.4415,5032403.949,45.4282842,-75.63373806,12435
15--7673,2015/06/17,6:31 PM,WEST HUNT CLUB RD WB btwn 354 E OF WOODROFFE AVE/REC PATH & CLEOPATRA DR/LANCELOT DR (__3ZA3JEB),__3ZA3JEB,01 - Non intersection,03 - P.D. only,03 - Rear end,01 - Clear,01 - Daylight,01 - Dry,10 - No control,,2,0,0,0,,0,,,,,364616.9973,5021661.744,45.33235454,-75.73685104,12436
15--7674,2015/06/17,6:51 AM,SMYTH RD btwn RIVERSIDE HOSPITAL & SMYTH RD SOUTH SIDE RAMP (__3ZA1M4A),__3ZA1M4A,01 - Non intersection,02 - Non-fatal injury,04 - Sideswipe,01 - Clear,01 - Daylight,01 - Dry,10 - No control,,2,1,0,0,02 - Minor,1,,1,,,369928.7192,5029121.031,45.39899809,-75.66810743,12437
15--7675,2015/06/17,7:19 PM,STRANDHERD DR btwn GREENBANK RD & Continuation of STRANDHERD DR (__5U4IBT),__5U4IBT,04 - At/near private drive,02 - Non-fatal injury,02 - Angle,01 - Clear,01 - Daylight,01 - Dry,10 - No control,,2,1,0,0,02 - Minor,1,,1,,,363986.0179,5014815.21,45.27080315,-75.74571777,12438
15--7676,2015/06/17,7:31 AM,RUSSELL RD S @ ST. LAURENT BLVD (0007734),7734,03 - At intersection,02 - Non-fatal injury,07 - SMV other,01 - Clear,01 - Daylight,01 - Dry,01 - Traffic signal,01 - Functioning,1,0,0,1,02 - Minor,1,,1,,,373570.1669,5029260.908,45.39990843,-75.62158087,12439
15--7677,2015/06/17,7:57 AM,SATURN CRES btwn GARDENWAY DR & GARDENWAY DR (__3ZA1U2),__3ZA1U2,01 - Non intersection,03 - P.D. only,06 - SMV unattended vehicle,01 - Clear,01 - Daylight,01 - Dry,10 - No control,,1,0,0,0,,0,,,,,385154.0408,5037230.994,45.47038237,-75.4723384,12440
15--7684,2015/06/18,1:48 PM,PARKGLEN DR @ WOODROFFE AVE (0001099),1099,02 - Intersection related,03 - P.D. only,03 - Rear end,01 - Clear,01 - Daylight,01 - Dry,02 - Stop sign,01 - Functioning,2,0,0,0,,0,,,,,362887.9672,5023126.873,45.34568293,-75.75873623,12441
15--7233,2015/06/06,6:20 AM,HIGHWAY 17 btwn THOMAS ELLIOT RD & GALETTA SIDE RD (__3ZA2RQ),__3ZA2RQ,01 - Non intersection,03 - P.D. only,04 - Sideswipe,01 - Clear,01 - Daylight,01 - Dry,10 - No control,,2,0,0,0,,0,,,,,321723.6853,5029891.788,45.40875865,-76.28379573,12442
15--7504,2015/06/13,11:30 PM,RIDEAU ST @ WURTEMBURG ST (0007118),7118,02 - Intersection related,03 - P.D. only,03 - Rear end,01 - Clear,07 - Dark,01 - Dry,01 - Traffic signal,01 - Functioning,2,0,0,0,,0,,,,,369356.7062,5032925.228,45.43327984,-75.67491466,12443
15--732,2015/01/12,8:00 AM,HUNT CLUB RD @ LORRY GREENBERG DR/SABLE RIDGE  (0008203),8203,02 - Intersection related,03 - P.D. only,03 - Rear end,02 - Rain,03 - Dawn,06 - Ice,01 - Traffic signal,01 - Functioning,2,0,0,0,,0,,,,,372822.7748,5024807.023,45.35990722,-75.63174001,12444
15--7865,2015/06/22,3:06 PM,BANK ST @ WALKLEY RD (0011423),11423,02 - Intersection related,02 - Non-fatal injury,03 - Rear end,01 - Clear,01 - Daylight,01 - Dry,01 - Traffic signal,00 - Unknown,2,0,0,0,01 - Minimal,1,1,,,,370337.1313,5025947.375,45.37040451,-75.66331268,12445
15--7954,2015/06/24,3:17 PM,MOODIE DR @ ROBERTSON RD (0010545),10545,02 - Intersection related,03 - P.D. only,05 - Turning movement,01 - Clear,01 - Daylight,01 - Dry,01 - Traffic signal,00 - Unknown,2,0,0,0,,0,,,,,357066.2917,5020456.649,45.32211398,-75.8333036,12446
15--7685,2015/06/18,1:50 PM,OLD INNES RD @ BANTREE ST (0007674),7674,03 - At intersection,03 - P.D. only,04 - Sideswipe,01 - Clear,01 - Daylight,01 - Dry,02 - Stop sign,01 - Functioning,2,0,0,0,,0,,,,,373727.822,5030352.85,45.4097177,-75.6194147,12447
15--7866,2015/06/22,3:20 PM,BANK ST @ SECOND AVE (0007231),7231,03 - At intersection,03 - P.D. only,02 - Angle,01 - Clear,01 - Daylight,01 - Dry,02 - Stop sign,01 - Functioning,2,0,0,0,,0,,,,,368304.9847,5029627.479,45.40370411,-75.68878014,12448
15--7234,2015/06/06,6:31 AM,DALMENY RD btwn STAGECOACH RD & 4TH LINE RD (__3ZA2C7),__3ZA2C7,01 - Non intersection,02 - Non-fatal injury,07 - SMV other,01 - Clear,01 - Daylight,01 - Dry,10 - No control,,1,0,0,0,02 - Minor,1,,1,,,380129.3825,5000667.365,45.14196208,-75.54214725,12449
15--7320,2015/06/09,4:22 PM,ROXDALE AVE btwn BLACKHEATH ST & ST. GEORGES ST (__3ZA6W7),__3ZA6W7,04 - At/near private drive,03 - P.D. only,06 - SMV unattended vehicle,01 - Clear,01 - Daylight,01 - Dry,10 - No control,,1,0,0,0,,0,,,,,382632.8945,5037141.644,45.46986399,-75.50459095,12450
15--7505,2015/06/13,11:45 AM,QUEEN ST btwn KENT ST & BANK ST (__3ZA2FR),__3ZA2FR,01 - Non intersection,03 - P.D. only,06 - SMV unattended vehicle,01 - Clear,01 - Daylight,01 - Dry,10 - No control,,1,0,0,0,,0,,,,,367287.3141,5031453.389,45.42022469,-75.70154722,12451
15--7686,2015/06/18,10:00 PM,HWY417 IC127 RAMP63 btwn HIGHWAY 417 & WOODROFFE AVE (__3ZAY81),__3ZAY81,01 - Non intersection,03 - P.D. only,07 - SMV other,02 - Rain,07 - Dark,02 - Wet,10 - No control,,1,0,0,0,,0,,,,,362002.5425,5024937.352,45.36204627,-75.76982478,12452
15--7955,2015/06/24,3:20 PM,RIVER RD btwn CABIN RD & OSGOODE MAIN ST (__3ZA3TB),__3ZA3TB,04 - At/near private drive,02 - Non-fatal injury,05 - Turning movement,01 - Clear,01 - Daylight,01 - Dry,10 - No control,,2,0,0,0,03 - Major,1,,,1,,373014.1648,4999844.347,45.13527951,-75.63272233,12453
15--7867,2015/06/22,3:30 PM,HIGHWAY 417 btwn HWY417 IC115 RAMP61 & REGIONAL ROAD 174 (__3ZA2XG),__3ZA2XG,01 - Non intersection,03 - P.D. only,04 - Sideswipe,01 - Clear,01 - Daylight,01 - Dry,10 - No control,,2,0,0,0,,0,,,,,372838.2238,5031577.733,45.42082567,-75.63060931,12454
15--7235,2015/06/06,8:00 AM,WALKLEY RD @ DON REID DR/RYDER ST (0008218),8218,02 - Intersection related,03 - P.D. only,02 - Angle,01 - Clear,01 - Daylight,01 - Dry,01 - Traffic signal,01 - Functioning,2,0,0,0,,0,,,,,372601.0062,5027283.463,45.38221074,-75.63423049,12455
15--7321,2015/06/09,4:33 PM,BEECHWOOD AVE @ DOUGLAS AVE (0007706),7706,03 - At intersection,03 - P.D. only,05 - Turning movement,01 - Clear,01 - Daylight,01 - Dry,02 - Stop sign,01 - Functioning,2,0,0,0,,0,,,,,369306.9474,5033691.419,45.44017831,-75.67545015,12456
15--7506,2015/06/13,11:53 AM,OLD RICHMOND RD @ SANIBEL PRIV N (0013539),13539,03 - At intersection,02 - Non-fatal injury,02 - Angle,01 - Clear,01 - Daylight,01 - Dry,10 - No control,,2,1,0,0,02 - Minor,1,,1,,,357378.651,5019211.467,45.31088638,-75.82945166,12457
15--7507,2015/06/13,12:41 PM,BRONSON AVE btwn RENFREW AVE & POWELL AVE (__3ZA3BZ),__3ZA3BZ,01 - Non intersection,03 - P.D. only,04 - Sideswipe,01 - Clear,01 - Daylight,01 - Dry,10 - No control,,2,0,0,0,,0,,,,,367366.8017,5029521.653,45.4028364,-75.70077684,12458
15--7508,2015/06/13,12:42 PM,CONNECTICUT AVE btwn MICHIGAN AVE & RYDER ST (__3ZA7QJ),__3ZA7QJ,01 - Non intersection,03 - P.D. only,06 - SMV unattended vehicle,01 - Clear,01 - Daylight,01 - Dry,10 - No control,,1,0,0,0,,0,,,,,372342.3705,5027351.348,45.38284653,-75.63752341,12459
15--7509,2015/06/13,12:50 PM,MERIVALE RD btwn 210 S OF MEADOWLANDS DR/MERIVALE PL SC & FAMILY BROWN (__3ZBPLPB),__3ZBPLPB,01 - Non intersection,02 - Non-fatal injury,03 - Rear end,01 - Clear,01 - Daylight,01 - Dry,10 - No control,,3,0,0,0,01 - Minimal,1,1,,,,364972.755,5023465.542,45.34855448,-75.73209329,12460
15--751,2015/01/12,9:33 AM,GOLDRIDGE DR btwn AFTON PL & KINMOUNT PRIV (__3ZA47O),__3ZA47O,01 - Non intersection,03 - P.D. only,07 - SMV other,01 - Clear,01 - Daylight,04 - Slush,10 - No control,,1,0,0,0,,0,,,,,350016.8879,5019482.268,45.31383571,-75.92330814,12461
15--7510,2015/06/13,12:52 PM,DEER PARK RD @ MEADOWLANDS DR (0001119),1119,02 - Intersection related,03 - P.D. only,03 - Rear end,01 - Clear,01 - Daylight,01 - Dry,01 - Traffic signal,01 - Functioning,2,0,0,0,,0,,,,,365978.2114,5024860.34,45.36101765,-75.71909055,12462
15--7511,2015/06/13,12:55 PM,HIGHWAY 417 btwn REGIONAL ROAD 174 & HWY417 IC113 RAMP62 (__3ZA280),__3ZA280,01 - Non intersection,03 - P.D. only,03 - Rear end,01 - Clear,01 - Daylight,01 - Dry,10 - No control,,2,0,0,0,,0,,,,,373897.385,5031823.128,45.4229298,-75.61704256,12463
15--7512,2015/06/13,2:14 PM,ISLAND PARK DR btwn BYRON AVE & IONA ST (__3ZA233),__3ZA233,01 - Non intersection,03 - P.D. only,03 - Rear end,01 - Clear,01 - Daylight,01 - Dry,10 - No control,,2,0,0,0,,0,,,,,364265.0397,5028580.907,45.39464211,-75.74050832,12464
15--7513,2015/06/13,3:33 PM,PARKDALE AVE @ GLADSTONE AVE (0002362),2362,03 - At intersection,02 - Non-fatal injury,02 - Angle,01 - Clear,01 - Daylight,01 - Dry,01 - Traffic signal,01 - Functioning,2,0,0,0,02 - Minor,2,1,1,,,365216.9212,5029119.22,45.39940425,-75.72828599,12465
15--7514,2015/06/13,3:45 PM,RIVERSIDE DR NB btwn SMYTH RD SOUTH SIDE RAMP & TRANSITWAY - RIVERSIDE H (__3ZA4SA),__3ZA4SA,01 - Non intersection,03 - P.D. only,07 - SMV other,01 - Clear,01 - Daylight,99 - Other,10 - No control,,1,0,0,0,,0,,,,,369957.7462,5029338.006,45.40094765,-75.66770804,12466
15--7515,2015/06/13,3:52 PM,FALLOWFIELD RD @ GREENBANK RD (0000549),549,03 - At intersection,02 - Non-fatal injury,05 - Turning movement,01 - Clear,01 - Daylight,01 - Dry,01 - Traffic signal,01 - Functioning,2,0,0,0,01 - Minimal,2,2,,,,363079.955,5016732.816,45.28813349,-75.75703873,12467
15--7516,2015/06/13,3:52 PM,GREENBANK RD btwn FALLOWFIELD RD & LARKIN DR (__3ZA3HF),__3ZA3HF,01 - Non intersection,03 - P.D. only,99 - Other,01 - Clear,01 - Daylight,01 - Dry,10 - No control,,2,0,0,0,,0,,,,,363105.1802,5016674.437,45.28760611,-75.75672404,12468
15--7517,2015/06/13,3:54 PM,HIGHWAY 417 btwn REGIONAL ROAD 174 & HWY417 IC113 RAMP62 (__3ZA280),__3ZA280,01 - Non intersection,03 - P.D. only,03 - Rear end,01 - Clear,01 - Daylight,01 - Dry,10 - No control,,2,0,0,0,,0,,,,,373299.551,5031737.208,45.42221553,-75.624693,12469
15--7518,2015/06/13,4:00 PM,MATHESON RD btwn CARVER PL & WHITEROCK ST (__3ZAZIP),__3ZAZIP,01 - Non intersection,03 - P.D. only,06 - SMV unattended vehicle,01 - Clear,01 - Daylight,01 - Dry,10 - No control,,1,0,0,0,,0,,,,,373010.9595,5032945.329,45.4331138,-75.62821295,12470
15--7519,2015/06/13,4:17 PM,TERRY FOX DR btwn COPE DR & TRANS CANADA TRAIL (__355BDZB),__355BDZB,01 - Non intersection,03 - P.D. only,03 - Rear end,01 - Clear,01 - Daylight,01 - Dry,10 - No control,,3,0,0,0,,0,,,,,353338.9526,5015887.049,45.28126333,-75.88129316,12471
15--752,2015/01/12,9:38 PM,MERIVALE RD @ SHILLINGTON AVE (0011308),11308,03 - At intersection,02 - Non-fatal injury,07 - SMV other,01 - Clear,07 - Dark,04 - Slush,01 - Traffic signal,01 - Functioning,1,0,0,1,02 - Minor,1,,1,,,364844.6942,5026809.056,45.37864987,-75.73332115,12472
15--7520,2015/06/13,6:50 PM,KATIMAVIK RD @ AIRD PL/CHIMO DR W (0011977),11977,02 - Intersection related,02 - Non-fatal injury,03 - Rear end,01 - Clear,01 - Daylight,01 - Dry,01 - Traffic signal,01 - Functioning,3,0,0,0,02 - Minor,1,,1,,,352170.0297,5019158.467,45.31078013,-75.89587963,12473
15--7521,2015/06/13,7:05 AM,UPPER DWYER HILL RD btwn OLD ALMONTE RD & HAMILTON SIDE RD (__3ZBOB3),__3ZBOB3,01 - Non intersection,03 - P.D. only,07 - SMV other,01 - Clear,01 - Daylight,01 - Dry,10 - No control,,1,0,0,0,,0,,,,,336995.5642,5011014.759,45.23835812,-76.08992488,12474
15--7522,2015/06/13,7:30 PM,TOPLEY CRES btwn KARSH DR & KEYS WAY (2) (__3ZA8NC),__3ZA8NC,04 - At/near private drive,03 - P.D. only,06 - SMV unattended vehicle,01 - Clear,01 - Daylight,01 - Dry,10 - No control,,1,0,0,0,,0,,,,,373839.3358,5026442.167,45.37452019,-75.61853741,12475
15--7523,2015/06/13,7:50 PM,BAXTER RD btwn IRIS ST & END (__3ZA1F0),__3ZA1F0,04 - At/near private drive,03 - P.D. only,99 - Other,01 - Clear,01 - Daylight,01 - Dry,10 - No control,,2,0,0,0,,0,,,,,361043.5082,5023632.526,45.3503831,-75.78221408,12476
15--7524,2015/06/13,8:19 PM,HIGHWAY 417 btwn HWY417 IC122 RAMP51 & HWY417 IC122 RAMP15 (__3ZA2R0),__3ZA2R0,01 - Non intersection,03 - P.D. only,04 - Sideswipe,01 - Clear,01 - Daylight,01 - Dry,10 - No control,,2,0,0,0,,0,,,,,365308.5394,5028859.995,45.39706389,-75.72714764,12477
15--7525,2015/06/13,9:11 PM,BASELINE RD @ LOBLAWS SC (0009097),9097,03 - At intersection,02 - Non-fatal injury,05 - Turning movement,01 - Clear,05 - Dusk,01 - Dry,01 - Traffic signal,01 - Functioning,2,0,1,0,02 - Minor,1,,1,,,364742.3276,5025130.345,45.36355387,-75.73483181,12478
15--7526,2015/06/13,9:19 AM,KATIMAVIK RD @ WHITNEY DR (0012110),12110,03 - At intersection,03 - P.D. only,03 - Rear end,02 - Rain,01 - Daylight,02 - Wet,01 - Traffic signal,01 - Functioning,2,0,0,0,,0,,,,,352356.9011,5019380.101,45.31276181,-75.89347528,12479
15--7527,2015/06/13,9:45 AM,LYON ST @ WELLINGTON ST (0002388),2388,02 - Intersection related,03 - P.D. only,04 - Sideswipe,01 - Clear,01 - Daylight,01 - Dry,01 - Traffic signal,01 - Functioning,2,0,0,0,,0,,,,,366934.5503,5031425.085,45.42000143,-75.70605792,12480
15--7528,2015/06/14,1:06 PM,TERRY FOX DR @ TRANS CANADA TRAIL (0011969),11969,02 - Intersection related,03 - P.D. only,03 - Rear end,01 - Clear,01 - Daylight,01 - Dry,01 - Traffic signal,01 - Functioning,3,0,0,0,,0,,,,,353250.3986,5015999.45,45.28228085,-75.88241089,12481
15--7529,2015/06/14,1:07 AM,PRINCE OF WALES DR btwn RIDEAU GLEN DR & FALLOWFIELD RD (__3ZA2X1),__3ZA2X1,01 - Non intersection,02 - Non-fatal injury,07 - SMV other,"07 - Fog, mist, smoke, dust",07 - Dark,01 - Dry,10 - No control,,1,0,0,0,02 - Minor,2,,2,,,367439.3496,5018965.029,45.30784367,-75.70118779,12482
15--753,2015/01/12,9:45 AM,HIGHWAY 416 btwn HWY416 IC75A RAMP26 & HWY416 IC72 RAMP62 (__3ZAZLF),__3ZAZLF,01 - Non intersection,02 - Non-fatal injury,07 - SMV other,01 - Clear,01 - Daylight,04 - Slush,10 - No control,,1,0,0,0,02 - Minor,1,,1,,,359244.1814,5020417.924,45.3216,-75.80552923,12483
15--7530,2015/06/14,1:23 PM,HIGHWAY 417 btwn HWY417 IC115 RAMP51 & HWY417 IC115 RAMP35 (__3ZAZEB),__3ZAZEB,01 - Non intersection,03 - P.D. only,03 - Rear end,01 - Clear,01 - Daylight,01 - Dry,10 - No control,,2,0,0,0,,0,,,,,372391.2924,5031493.256,45.42010891,-75.63633112,12484
15--7531,2015/06/14,1:31 AM,BANK ST @ HUNT CLUB RD (0002119),2119,03 - At intersection,02 - Non-fatal injury,02 - Angle,01 - Clear,07 - Dark,01 - Dry,01 - Traffic signal,01 - Functioning,2,0,0,0,02 - Minor,1,,1,,,371608.7365,5024096.146,45.35362773,-75.64733064,12485
15--7532,2015/06/14,10:00 AM,HUNT CLUB RD WB @ HWY417 HUNT CLUB IC109 RAMP53 (0017212),17212,02 - Intersection related,03 - P.D. only,03 - Rear end,01 - Clear,01 - Daylight,01 - Dry,10 - No control,,2,0,0,0,,0,,,,,376408.4995,5027327.587,45.3822289,-75.58561123,12486
15--7533,2015/06/14,10:20 PM,CATHERINE ST @ METCALFE ST (0011239),11239,02 - Intersection related,03 - P.D. only,04 - Sideswipe,01 - Clear,07 - Dark,01 - Dry,01 - Traffic signal,01 - Functioning,2,0,0,0,,0,,,,,368392.986,5030486.203,45.41142264,-75.68754535,12487
15--7534,2015/06/14,10:30 PM,GOLF CLUB WAY btwn WESTLEIGH BLVD & END (__7JQ7K5),__7JQ7K5,01 - Non intersection,02 - Non-fatal injury,07 - SMV other,02 - Rain,07 - Dark,02 - Wet,10 - No control,,1,0,0,0,01 - Minimal,1,1,,,,343365.3426,5009180.251,45.22153013,-76.00893788,12488
15--7535,2015/06/14,10:35 AM,REVELSTOKE DR @ RIVERSIDE DR (0006918),6918,02 - Intersection related,03 - P.D. only,03 - Rear end,01 - Clear,01 - Daylight,01 - Dry,01 - Traffic signal,01 - Functioning,2,0,0,0,,0,,,,,368217.7123,5024422.437,45.35687849,-75.69056343,12489
15--7536,2015/06/14,10:37 AM,ANALDEA DR/ WHITE ALDER AVE @ BANK ST (0009265),9265,02 - Intersection related,03 - P.D. only,03 - Rear end,01 - Clear,01 - Daylight,01 - Dry,01 - Traffic signal,01 - Functioning,2,0,0,0,,0,,,,,375697.7499,5020812.408,45.32368058,-75.59562006,12490
15--7537,2015/06/14,10:57 AM,PRINCE OF WALES DR btwn NATIONAL CAPITAL COMM DRWY & HARTWELL LOCKS/54 (__3ZA30ZA),__3ZA30ZA,04 - At/near private drive,02 - Non-fatal injury,03 - Rear end,01 - Clear,01 - Daylight,01 - Dry,10 - No control,,2,0,0,0,02 - Minor,1,,1,,,366915.5198,5028001.952,45.38920273,-75.70673227,12491
15--7538,2015/06/14,11:00 PM,HIGHWAY 417 btwn HWY417 IC117 RAMP25 & HWY417 IC115 RAMP51 (__3ZA2R3),__3ZA2R3,01 - Non intersection,03 - P.D. only,03 - Rear end,02 - Rain,07 - Dark,02 - Wet,10 - No control,,2,0,0,0,,0,,,,,371525.1651,5031395.355,45.41931118,-75.64741035,12492
15--7539,2015/06/14,11:13 PM,HIGHWAY 417 btwn HWY417 IC96 RAMP61 & HIGHWAY 417 (__3ZA271),__3ZA271,01 - Non intersection,03 - P.D. only,07 - SMV other,02 - Rain,07 - Dark,02 - Wet,10 - No control,,1,0,0,0,,0,,,,,387498.7149,5023864.236,45.34984735,-75.4445994,12493
15--754,2015/01/12,9:48 AM,BANTON ST @ WALKLEY RD (0006399),6399,02 - Intersection related,03 - P.D. only,02 - Angle,03 - Snow,01 - Daylight,03 - Loose snow,01 - Traffic signal,01 - Functioning,2,0,0,0,,0,,,,,374247.7367,5028250.019,45.39074605,-75.61306944,12494
15--7540,2015/06/14,11:19 AM,ALBION RD @ MITCH OWENS RD (0004212),4212,02 - Intersection related,03 - P.D. only,03 - Rear end,01 - Clear,01 - Daylight,01 - Dry,01 - Traffic signal,01 - Functioning,2,0,0,0,,0,,,,,375907.4748,5014804.089,45.26959875,-75.59380665,12495
15--7541,2015/06/14,11:30 AM,ELMGROVE AVE btwn WINONA AVE & END (__3ZA0YO),__3ZA0YO,01 - Non intersection,03 - P.D. only,06 - SMV unattended vehicle,01 - Clear,01 - Daylight,01 - Dry,10 - No control,,1,0,0,0,,0,,,,,363256.1923,5028496.557,45.39396809,-75.75340227,12496
15--7542,2015/06/14,Unknown,FISHER AVE btwn SHILLINGTON AVE & EMPEROR AVE (__3ZA3AP),__3ZA3AP,01 - Non intersection,03 - P.D. only,06 - SMV unattended vehicle,01 - Clear,00 - Unknown,01 - Dry,10 - No control,,1,0,0,0,,0,,,,,365655.2011,5027226.281,45.38233405,-75.72292174,12497
15--7543,2015/06/14,Unknown,GLENCOE ST btwn BELLMAN DR & MIDLAND CRES (__3ZABP2),__3ZABP2,01 - Non intersection,03 - P.D. only,06 - SMV unattended vehicle,01 - Clear,00 - Unknown,01 - Dry,10 - No control,,1,0,0,0,,0,,,,,361145.6467,5020769.555,45.32461394,-75.78123668,12498
15--7544,2015/06/14,Unknown,AVENUE P btwn AVENUE Q & TREMBLAY RD (__3ZA9N3),__3ZA9N3,01 - Non intersection,03 - P.D. only,06 - SMV unattended vehicle,01 - Clear,00 - Unknown,01 - Dry,10 - No control,,1,0,0,0,,0,,,,,371781.5317,5031262.309,45.41808959,-75.64415305,12499
15--7545,2015/06/14,12:02 PM,TERRY FOX DR @ WESTPHALIAN AVE (0014366),14366,02 - Intersection related,03 - P.D. only,03 - Rear end,01 - Clear,01 - Daylight,01 - Dry,01 - Traffic signal,01 - Functioning,2,0,0,0,,0,,,,,353455.2261,5015759.789,45.28011017,-75.87982363,12500
15--7546,2015/06/14,12:31 PM,BRONSON AVE @ CATHERINE ST/RAYMOND ST (0007198),7198,03 - At intersection,03 - P.D. only,02 - Angle,01 - Clear,01 - Daylight,01 - Dry,01 - Traffic signal,01 - Functioning,2,0,0,0,,0,,,,,367251.9878,5029796.927,45.40532349,-75.70220846,12501
15--7547,2015/06/14,2:30 AM,PORTOBELLO BLVD @ VALIN ST (0012844),12844,02 - Intersection related,03 - P.D. only,03 - Rear end,01 - Clear,07 - Dark,01 - Dry,02 - Stop sign,01 - Functioning,2,0,0,0,,0,,,,,385351.4867,5037696.488,45.47454768,-75.46973733,12502
15--7548,2015/06/14,2:59 PM,BAYSHORE DR @ WOODRIDGE CRES N (0001209),1209,03 - At intersection,02 - Non-fatal injury,05 - Turning movement,01 - Clear,01 - Daylight,01 - Dry,01 - Traffic signal,01 - Functioning,2,0,0,0,02 - Minor,1,,1,,,359072.871,5023874.718,45.35271762,-75.80733511,12503
15--7549,2015/06/14,3:01 PM,COBOURG ST @ ST. PATRICK ST (0011483),11483,03 - At intersection,02 - Non-fatal injury,03 - Rear end,01 - Clear,01 - Daylight,01 - Dry,01 - Traffic signal,01 - Functioning,2,0,0,0,01 - Minimal,1,1,,,,368801.0205,5033233.901,45.43610824,-75.6819759,12504
15--755,2015/01/13,1:08 AM,BRUYERE ST @ KING EDWARD AVE (0011437),11437,03 - At intersection,03 - P.D. only,05 - Turning movement,03 - Snow,07 - Dark,05 - Packed snow,02 - Stop sign,00 - Unknown,2,0,0,0,,0,,,,,368140.703,5033040.074,45.43442438,-75.69043979,12505
15--7550,2015/06/14,3:36 PM,ALBION RD @ RIDGEDALE ST (0009569),9569,02 - Intersection related,03 - P.D. only,03 - Rear end,01 - Clear,01 - Daylight,01 - Dry,02 - Stop sign,01 - Functioning,2,0,0,0,,0,,,,,372400.7401,5023034.153,45.34399638,-75.63736873,12506
15--7551,2015/06/14,4:15 PM,YORK ST EB btwn BY WARD MARKET SQ & SUSSEX DR (__3ZA8ZZ),__3ZA8ZZ,01 - Non intersection,03 - P.D. only,06 - SMV unattended vehicle,01 - Clear,01 - Daylight,01 - Dry,10 - No control,,1,0,0,0,,0,,,,,367875.4376,5032279.179,45.42760209,-75.69392728,12507
15--7552,2015/06/14,4:26 AM,ELGIN ST btwn LEWIS ST & WAVERLEY ST (__3ZA34R),__3ZA34R,01 - Non intersection,03 - P.D. only,06 - SMV unattended vehicle,01 - Clear,07 - Dark,01 - Dry,10 - No control,,1,0,0,0,,0,,,,,368310.4995,5030963.019,45.41572037,-75.68853764,12508
15--7553,2015/06/14,4:59 AM,RIDEAU VALLEY DR btwn BARNSDALE RD & BANKFIELD RD (__3ZAZ7W),__3ZAZ7W,01 - Non intersection,03 - P.D. only,07 - SMV other,01 - Clear,03 - Dawn,01 - Dry,10 - No control,,1,0,0,0,,0,,,,,368073.0594,5010486.966,45.23150204,-75.69418738,12509
15--7554,2015/06/14,8:00 AM,HIGHWAY 417 btwn HWY 417 ANDERSON IC104R61 & HWY 417 BOUNDARY IC96R16 (__3ZA2W5),__3ZA2W5,01 - Non intersection,03 - P.D. only,07 - SMV other,01 - Clear,01 - Daylight,01 - Dry,10 - No control,,1,0,0,0,,0,,,,,384972.9815,5024987.162,45.36024385,-75.47664545,12510
15--7555,2015/06/14,8:05 PM,ALDERCREST DR btwn OAKVIEW AVE & SPRING GARDEN AVE (__3ZAASH),__3ZAASH,04 - At/near private drive,03 - P.D. only,06 - SMV unattended vehicle,01 - Clear,01 - Daylight,01 - Dry,10 - No control,,1,0,0,0,,0,,,,,364342.1951,5022856.368,45.34312702,-75.74021293,12511
15--7556,2015/06/14,9:51 AM,SOMERSET ST    W btwn LEBRETON ST N & EMPRESS AVE (__3ZA32C),__3ZA32C,01 - Non intersection,03 - P.D. only,07 - SMV other,01 - Clear,01 - Daylight,01 - Dry,10 - No control,,1,0,0,0,,0,,,,,366699.3919,5030329.805,45.41016727,-75.7092,12512
15--7557,2015/06/15,1:24 PM,APPLETON DR @ MEADOWBROOK RD (0013073),13073,02 - Intersection related,03 - P.D. only,04 - Sideswipe,01 - Clear,01 - Daylight,01 - Dry,02 - Stop sign,00 - Unknown,2,0,0,0,,0,,,,,374928.7344,5032229.48,45.4264833,-75.60380727,12513