Anom_ID,Accident_Date,Accident_Time,Location,Geo_ID,Accident_Location,Classification_of_Accident,Initial_Impact_Type,Environment_Condition,Light,Road_Surface_Condition,Traffic_Control,Traffic_Control_Condition,No__of_Vehicles,No__of_Bicycles,No__of_Motorcycles,No__of_Pedestrians,Max_Injury,No__of_Injuries,No__of_Minimal,No__of_Minor,No__of_Major,No__of_Fatal,X,Y,Latitude,Longitude,ObjectId
15--7558,2015/06/15,1:44 PM,HIGHWAY 417 btwn HWY417 IC142 RAMP51 & HWY417 IC142 RAMP35 (__3ZAZE1),__3ZAZE1,01 - Non intersection,02 - Non-fatal injury,99 - Other,01 - Clear,01 - Daylight,01 - Dry,10 - No control,,3,0,0,0,02 - Minor,1,,1,,,348812.2851,5017099.622,45.29247245,-75.93888232,12514
15--7559,2015/06/15,10:09 AM,ARGUE DR btwn PHILLIP DR & GOODWIN AVE (__3ZBOMK),__3ZBOMK,01 - Non intersection,03 - P.D. only,06 - SMV unattended vehicle,01 - Clear,01 - Daylight,01 - Dry,10 - No control,,1,0,0,0,,0,,,,,366567.6818,5024204.47,45.35506457,-75.71164892,12515
15--756,2015/01/13,1:16 PM,SMYTH RD btwn CUBA AVE & RUSSELL RD (__3ZA3R2),__3ZA3R2,01 - Non intersection,03 - P.D. only,06 - SMV unattended vehicle,01 - Clear,01 - Daylight,06 - Ice,10 - No control,,1,0,0,0,,0,,,,,373057.2968,5029355.579,45.40081043,-75.62811803,12516
15--7560,2015/06/15,10:39 AM,ISABELLA ST/HWY417 IC119AR75 @ METCALFE ST (0011380),11380,03 - At intersection,03 - P.D. only,04 - Sideswipe,01 - Clear,01 - Daylight,01 - Dry,01 - Traffic signal,01 - Functioning,2,0,0,0,,0,,,,,368448.7065,5030399.204,45.41063479,-75.68684478,12517
15--7561,2015/06/15,10:40 AM,CEDARVIEW RD @ WEST HUNT CLUB RD (0010267),10267,03 - At intersection,03 - P.D. only,05 - Turning movement,01 - Clear,01 - Daylight,01 - Dry,01 - Traffic signal,01 - Functioning,2,0,0,0,,0,,,,,359718.6774,5019554.117,45.31379047,-75.79957294,12518
15--7562,2015/06/15,12:05 PM,DOYON AVE btwn KATNICK WAY & KEYROCK DR (__6E55P9),__6E55P9,04 - At/near private drive,03 - P.D. only,06 - SMV unattended vehicle,01 - Clear,01 - Daylight,01 - Dry,10 - No control,,1,0,0,0,,0,,,,,349213.3528,5020622.928,45.32415098,-75.93345356,12519
15--7563,2015/06/15,12:16 PM,TERRY FOX DR @ PALLADIUM DR/KATIMAVIK RD (0011858),11858,02 - Intersection related,03 - P.D. only,03 - Rear end,01 - Clear,01 - Daylight,01 - Dry,01 - Traffic signal,01 - Functioning,2,0,0,0,,0,,,,,351270.4387,5018182.136,45.30205495,-75.90744323,12520
15--7564,2015/06/15,12:30 PM,STRANDHERD DR @ LONGFIELDS DR (0010935),10935,02 - Intersection related,03 - P.D. only,04 - Sideswipe,01 - Clear,01 - Daylight,01 - Dry,01 - Traffic signal,01 - Functioning,2,0,0,0,,0,,,,,364548.0898,5015175.127,45.27399416,-75.7385119,12521
15--7565,2015/06/15,12:39 PM,EARL GREY DR btwn ROLAND MICHENER DR & 175 S OF KANATA AVE/WALMART SC (__3ZBPJBB),__3ZBPJBB,04 - At/near private drive,03 - P.D. only,05 - Turning movement,01 - Clear,01 - Daylight,01 - Dry,10 - No control,,2,0,0,0,,0,,,,,350804.6159,5019014.05,45.3095714,-75.91330552,12522
15--7566,2015/06/15,2:21 PM,COLONEL BY DR btwn RIDEAU ST & MACKENZIE AVE (__3ZA8JW),__3ZA8JW,01 - Non intersection,03 - P.D. only,07 - SMV other,01 - Clear,01 - Daylight,01 - Dry,10 - No control,,1,0,0,0,,0,,,,,367985.3112,5031942.205,45.4245602,-75.69256652,12523
15--7567,2015/06/15,2:43 AM,MANOTICK STATION RD btwn HERBERTS CORNERS RD & SNAKE ISLAND RD (__3ZA71F),__3ZA71F,01 - Non intersection,02 - Non-fatal injury,07 - SMV other,01 - Clear,07 - Dark,01 - Dry,10 - No control,,1,0,0,0,01 - Minimal,1,1,,,,376762.4952,5005721.749,45.1877915,-75.58422496,12524
15--7568,2015/06/15,3:30 PM,FISHER AVE btwn 220 S OF TRENT ST & MCCOOEY LANE (__3ZA30SB),__3ZA30SB,01 - Non intersection,03 - P.D. only,03 - Rear end,01 - Clear,01 - Daylight,01 - Dry,10 - No control,,2,0,0,0,,0,,,,,365926.3663,5026596.518,45.37664396,-75.71953744,12525
15--7569,2015/06/15,3:30 PM,LAURIER AVE @ NICHOLAS ST (0010711),10711,02 - Intersection related,03 - P.D. only,03 - Rear end,01 - Clear,01 - Daylight,01 - Dry,01 - Traffic signal,01 - Functioning,2,0,0,0,,0,,,,,368372.9163,5031797.639,45.42322432,-75.68763254,12526
15--757,2015/01/13,1:32 PM,INNES RD btwn BLAIR RD & ANDERSON RD (__3ZA3JZ),__3ZA3JZ,01 - Non intersection,03 - P.D. only,07 - SMV other,01 - Clear,01 - Daylight,02 - Wet,10 - No control,,1,0,0,0,,0,,,,,375933.2944,5031663.686,45.42129118,-75.59105306,12527
15--7570,2015/06/15,3:57 PM,RIVER RD btwn RIDEAU RD & KNOTT CRES (__3ZBOG5),__3ZBOG5,01 - Non intersection,03 - P.D. only,04 - Sideswipe,01 - Clear,01 - Daylight,01 - Dry,10 - No control,,2,0,0,0,,0,,,,,368114.8625,5012229.382,45.24717646,-75.69343325,12528
15--7571,2015/06/15,4:00 PM,CAMBRIAN RD @ KILBIRNIE DR/TUCANA WAY (0013607),13607,02 - Intersection related,03 - P.D. only,03 - Rear end,01 - Clear,01 - Daylight,01 - Dry,02 - Stop sign,01 - Functioning,2,0,0,0,,0,,,,,365113.837,5013068.716,45.25499238,-75.73155788,12529
15--7572,2015/06/15,4:30 PM,WEST HUNT CLUB RD EB btwn CEDARVIEW RD & GREENBANK RD (__3ZA198),__3ZA198,01 - Non intersection,03 - P.D. only,03 - Rear end,01 - Clear,01 - Daylight,01 - Dry,10 - No control,,2,0,0,0,,0,,,,,359916.4883,5019646.81,45.31460902,-75.79703996,12530
15--7573,2015/06/15,4:53 PM,CARLING AVE EB btwn RIDDELL AVE N & MAITLAND AVE (__3ZA4U8),__3ZA4U8,04 - At/near private drive,03 - P.D. only,02 - Angle,01 - Clear,01 - Daylight,01 - Dry,10 - No control,,2,0,1,0,,0,,,,,362900.8961,5026442.761,45.37551789,-75.75818145,12531
15--7574,2015/06/15,5:06 PM,WOODROFFE AVE @ GEORGINA DR/LENESTER AVE (0002351),2351,02 - Intersection related,03 - P.D. only,04 - Sideswipe,01 - Clear,01 - Daylight,01 - Dry,01 - Traffic signal,01 - Functioning,2,0,0,0,,0,,,,,361910.4073,5025370.159,45.36594814,-75.77095075,12532
15--7575,2015/06/15,5:10 PM,HIGHWAY 417 btwn HWY417 IC119B RAMP57 & HWY417 IC119A RAMP75 (__3ZA1QN),__3ZA1QN,01 - Non intersection,02 - Non-fatal injury,03 - Rear end,01 - Clear,01 - Daylight,01 - Dry,10 - No control,,2,0,0,0,02 - Minor,3,,3,,,368424.8413,5030423.543,45.41085595,-75.6871465,12533
15--7576,2015/06/15,5:15 PM,PRINCE OF WALES DR @ FALLOWFIELD RD (0000566),566,02 - Intersection related,03 - P.D. only,03 - Rear end,01 - Clear,01 - Daylight,01 - Dry,01 - Traffic signal,01 - Functioning,2,0,0,0,,0,,,,,367399.71,5019164.668,45.30964353,-75.70166803,12534
15--7577,2015/06/15,5:48 PM,DONALD B. MUNRO DR btwn MARCH RD & ROBERTLEE DR (__3ZAC38),__3ZAC38,01 - Non intersection,03 - P.D. only,07 - SMV other,01 - Clear,01 - Daylight,01 - Dry,10 - No control,,1,0,0,0,,0,,,,,342791.0795,5022666.152,45.34291365,-76.01521744,12535
15--7578,2015/06/15,6:00 PM,ECCLES ST @ PRESTON ST (0005749),5749,03 - At intersection,02 - Non-fatal injury,07 - SMV other,01 - Clear,01 - Daylight,01 - Dry,02 - Stop sign,01 - Functioning,1,0,0,1,01 - Minimal,1,1,,,,366329.6969,5030076.203,45.40791802,-75.71395427,12536
15--7579,2015/06/15,6:03 AM,MITCH OWENS RD btwn HAWTHORNE RD & DAWN TARA DR (__51N1A0),__51N1A0,01 - Non intersection,03 - P.D. only,07 - SMV other,01 - Clear,01 - Daylight,01 - Dry,10 - No control,,1,0,0,0,,0,,,,,379455.7365,5017007.839,45.28905938,-75.54826227,12537
15--758,2015/01/13,1:40 PM,ROCKY HILL DR @ PRINCE OF WALES DR (0010328),10328,03 - At intersection,02 - Non-fatal injury,02 - Angle,01 - Clear,01 - Daylight,01 - Dry,01 - Traffic signal,01 - Functioning,2,0,0,0,02 - Minor,1,,1,,,366968.5489,5014403.201,45.26683858,-75.70776275,12538
15--7580,2015/06/15,6:08 PM,BASELINE RD @ GREENBANK RD (0002357),2357,02 - Intersection related,03 - P.D. only,03 - Rear end,01 - Clear,01 - Daylight,01 - Dry,01 - Traffic signal,01 - Functioning,2,0,0,0,,0,,,,,360597.6843,5022583.419,45.34097887,-75.78802164,12539
15--7581,2015/06/15,7:20 PM,FRIEL ST @ RIDEAU ST (0011917),11917,02 - Intersection related,03 - P.D. only,03 - Rear end,01 - Clear,01 - Daylight,01 - Dry,01 - Traffic signal,01 - Functioning,2,0,0,0,,0,,,,,368772.4231,5032569.503,45.43013285,-75.68242771,12540
15--7582,2015/06/15,7:33 AM,BAY ST @ QUEEN ST (0006360),6360,02 - Intersection related,03 - P.D. only,04 - Sideswipe,01 - Clear,01 - Daylight,01 - Dry,01 - Traffic signal,00 - Unknown,2,0,0,0,,0,,,,,366900.4176,5031212.944,45.41809568,-75.70652075,12541
15--7583,2015/06/15,7:45 PM,KANATA AVE @ EARL GREY DR (0012608),12608,02 - Intersection related,03 - P.D. only,03 - Rear end,02 - Rain,01 - Daylight,02 - Wet,01 - Traffic signal,01 - Functioning,2,0,0,0,,0,,,,,350951.1554,5019286.698,45.31201514,-75.91141142,12542
15--7584,2015/06/15,7:52 AM,BASELINE RD btwn COBDEN RD & BARBARA ANN PRIV (__3ZA1RV),__3ZA1RV,01 - Non intersection,03 - P.D. only,03 - Rear end,01 - Clear,01 - Daylight,01 - Dry,10 - No control,,2,0,0,0,,0,,,,,361697.1048,5023243.907,45.3468336,-75.77391819,12543
15--7585,2015/06/15,7:56 AM,CHAMPLAIN BRIDGE/ISLAND PARK DR btwn BATE ISLAND & PROVINCIAL BOUNDARY (__3ZA2ZEA),__3ZA2ZEA,01 - Non intersection,03 - P.D. only,03 - Rear end,01 - Clear,01 - Daylight,01 - Dry,10 - No control,,3,0,0,0,,0,,,,,362869.0314,5030147.337,45.40885375,-75.75815227,12544
15--7586,2015/06/15,8:03 AM,CEDARVIEW RD/WILLIAM MCEWEN DR @ BROPHY DR/SEC (0000533),533,03 - At intersection,03 - P.D. only,05 - Turning movement,01 - Clear,01 - Daylight,01 - Dry,02 - Stop sign,01 - Functioning,2,0,0,0,,0,,,,,364270.0593,5007763.764,45.20732985,-75.74294128,12545
15--7587,2015/06/15,8:17 PM,MEADOWGLEN DR @ ORLEANS BLVD (0004103),4103,02 - Intersection related,03 - P.D. only,99 - Other,01 - Clear,05 - Dusk,01 - Dry,01 - Traffic signal,01 - Functioning,2,0,0,0,,0,,,,,380345.752,5034572.487,45.44699986,-75.53423181,12546
15--7687,2015/06/18,10:10 AM,INNES RD btwn BANTREE ST & STAR TOP RD (__3ZA2XP),__3ZA2XP,01 - Non intersection,03 - P.D. only,03 - Rear end,01 - Clear,01 - Daylight,01 - Dry,10 - No control,,2,0,0,0,,0,,,,,374095.1132,5030631.606,45.41218954,-75.61468376,12547
15--7868,2015/06/22,3:44 PM,DONALD ST btwn VANIER PKWY & VERA ST (__3ZA8ZY),__3ZA8ZY,04 - At/near private drive,03 - P.D. only,02 - Angle,01 - Clear,01 - Daylight,01 - Dry,10 - No control,,2,0,0,0,,0,,,,,370364.3257,5032275.27,45.42733804,-75.66212441,12548
15--7236,2015/06/06,8:00 PM,LAUREL ST btwn BREEZEHILL AVE N & LORETTA AVE N (__3ZA155),__3ZA155,01 - Non intersection,03 - P.D. only,06 - SMV unattended vehicle,01 - Clear,01 - Daylight,01 - Dry,10 - No control,,1,0,0,0,,0,,,,,366054.7706,5029756.766,45.40506793,-75.71750583,12549
15--7322,2015/06/09,4:50 PM,PRINCE OF WALES DR @ STRANDHERD DR (0013339),13339,02 - Intersection related,03 - P.D. only,02 - Angle,01 - Clear,01 - Daylight,01 - Dry,01 - Traffic signal,01 - Functioning,2,0,0,0,,0,,,,,367175.2898,5014825.272,45.27061805,-75.70507541,12550
15--7323,2015/06/09,4:59 PM,FINDLAY CREEK DR @ BANK ST (0012407),12407,02 - Intersection related,03 - P.D. only,03 - Rear end,01 - Clear,01 - Daylight,01 - Dry,01 - Traffic signal,01 - Functioning,3,0,0,0,,0,,,,,375846.7527,5020461.046,45.32050411,-75.59377,12551
15--7956,2015/06/24,3:39 PM,CARLING AVE @ PRESTON ST (0002161),2161,02 - Intersection related,02 - Non-fatal injury,03 - Rear end,01 - Clear,01 - Daylight,01 - Dry,01 - Traffic signal,01 - Functioning,3,0,0,0,02 - Minor,1,,1,,,366828.4487,5028935.283,45.39760831,-75.7077268,12552
15--7869,2015/06/22,4:26 AM,ALBION RD    S btwn HUNT CLUB RD & TURN LANE (__5AEE0C),__5AEE0C,01 - Non intersection,03 - P.D. only,04 - Sideswipe,01 - Clear,07 - Dark,01 - Dry,10 - No control,,2,0,0,0,,0,,,,,371872.8849,5024312.255,45.35554699,-75.64393041,12553
15--7688,2015/06/18,10:11 AM,RIDEAU ST btwn CUMBERLAND ST & KING EDWARD AVE (__3ZBOFX),__3ZBOFX,01 - Non intersection,03 - P.D. only,04 - Sideswipe,01 - Clear,01 - Daylight,01 - Dry,10 - No control,,2,0,0,0,,0,,,,,368497.2928,5032407.463,45.42869999,-75.68596449,12554
15--7237,2015/06/06,8:00 PM,ELGIN ST btwn MACLAREN ST & GILMOUR ST (__3ZA34X),__3ZA34X,01 - Non intersection,03 - P.D. only,06 - SMV unattended vehicle,01 - Clear,01 - Daylight,01 - Dry,10 - No control,,1,0,0,0,,0,,,,,368245.5028,5031067.911,45.41667005,-75.6893545,12555
15--7324,2015/06/09,5:10 PM,MARIER AVE @ MONTREAL RD (0009346),9346,02 - Intersection related,03 - P.D. only,03 - Rear end,01 - Clear,01 - Daylight,01 - Dry,01 - Traffic signal,01 - Functioning,2,0,0,0,,0,,,,,370418.9876,5033261.951,45.43621065,-75.66129444,12556
15--7957,2015/06/24,3:50 PM,HIGHWAY 417 btwn HWY417 IC122 RAMP61 & HWY417 IC121B RAMP16 (__3ZA2Y4),__3ZA2Y4,01 - Non intersection,03 - P.D. only,03 - Rear end,01 - Clear,01 - Daylight,01 - Dry,10 - No control,,2,0,0,0,,0,,,,,365806.7343,5029205.121,45.40012602,-75.72074229,12557
15--787,2015/01/13,4:20 PM,BANK ST @ LEITRIM RD (0004125),4125,02 - Intersection related,03 - P.D. only,03 - Rear end,01 - Clear,05 - Dusk,06 - Ice,01 - Traffic signal,01 - Functioning,2,0,0,0,,0,,,,,375356.3128,5021619.857,45.33098008,-75.59985986,12558
15--7689,2015/06/18,10:18 AM,HUNT CLUB RD btwn LORRY GREENBERG DR & PIKE ST (__3ZA3S3),__3ZA3S3,01 - Non intersection,02 - Non-fatal injury,03 - Rear end,01 - Clear,01 - Daylight,01 - Dry,10 - No control,,2,0,0,0,01 - Minimal,1,1,,,,373207.3691,5025036.26,45.36193238,-75.62679979,12559
15--7238,2015/06/06,8:32 AM,O'CONNOR ST @ QUEEN ST (0003139),3139,03 - At intersection,03 - P.D. only,02 - Angle,01 - Clear,01 - Daylight,01 - Dry,01 - Traffic signal,01 - Functioning,2,0,0,0,,0,,,,,367497.5036,5031585.06,45.42139061,-75.69884496,12560
15--7325,2015/06/09,5:16 PM,BASELINE RD/HERON RD @ PRINCE OF WALES DR (0002345),2345,02 - Intersection related,03 - P.D. only,03 - Rear end,01 - Clear,01 - Daylight,01 - Dry,01 - Traffic signal,01 - Functioning,2,0,0,0,,0,,,,,366874.5715,5026438.668,45.3751403,-75.70745174,12561
15--7958,2015/06/24,4:33 PM,COLONEL BY DR @ HAWTHORNE AVE/PRETORIA BRIDGE (0002122),2122,02 - Intersection related,03 - P.D. only,03 - Rear end,01 - Clear,01 - Daylight,01 - Dry,01 - Traffic signal,01 - Functioning,2,0,0,0,,0,,,,,368768.4309,5030525.207,45.41173937,-75.68274415,12562
15--7870,2015/06/22,4:30 PM,O'CONNOR ST btwn WAVERLEY ST & FRANK ST (__3ZA3Q8),__3ZA3Q8,01 - Non intersection,03 - P.D. only,04 - Sideswipe,01 - Clear,01 - Daylight,01 - Dry,10 - No control,,2,0,0,0,,0,,,,,368025.4287,5030739.841,45.4137381,-75.69220821,12563
15--769,2015/01/13,12:29 PM,RIOCAN AVE @ STRANDHERD DR (0010997),10997,02 - Intersection related,03 - P.D. only,03 - Rear end,01 - Clear,01 - Daylight,01 - Dry,01 - Traffic signal,01 - Functioning,2,0,0,0,,0,,,,,364173.1727,5014945.055,45.27195572,-75.7433173,12564
15--7239,2015/06/06,8:57 PM,BASELINE RD btwn FARLANE BLVD & ZENA ST (__3ZA4JH),__3ZA4JH,04 - At/near private drive,03 - P.D. only,03 - Rear end,01 - Clear,05 - Dusk,01 - Dry,10 - No control,,2,0,0,0,,0,,,,,365499.1713,5025607.186,45.36777928,-75.72511295,12565
15--7326,2015/06/09,6:04 AM,INNES RD @ TENTH LINE RD (0004633),4633,02 - Intersection related,03 - P.D. only,03 - Rear end,01 - Clear,01 - Daylight,01 - Dry,01 - Traffic signal,01 - Functioning,2,0,0,0,,0,,,,,383952.481,5036159.2,45.46087656,-75.48787552,12566
15--7327,2015/06/09,6:29 PM,BANK ST @ LEITRIM RD (0004125),4125,02 - Intersection related,03 - P.D. only,03 - Rear end,01 - Clear,01 - Daylight,01 - Dry,01 - Traffic signal,01 - Functioning,2,0,0,0,,0,,,,,375357.7542,5021618.416,45.33096697,-75.59984168,12567
15--7328,2015/06/09,6:30 PM,PRETORIA AVE btwn CHAMBERLAIN AVE & O'CONNOR ST (__3ZA96A),__3ZA96A,04 - At/near private drive,03 - P.D. only,99 - Other,01 - Clear,01 - Daylight,01 - Dry,10 - No control,,2,0,0,0,,0,,,,,368287.4009,5030210.16,45.40894849,-75.68892971,12568
15--7329,2015/06/09,7:00 AM,HIGHWAY 417 btwn HWY417 IC129 RAMP76 & HWY417 IC129 RAMP26 (__3ZA2RG),__3ZA2RG,01 - Non intersection,03 - P.D. only,07 - SMV other,01 - Clear,01 - Daylight,01 - Dry,10 - No control,,1,0,0,0,,0,,,,,360384.2248,5023498.307,45.34922796,-75.79064236,12569
15--733,2015/01/12,8:01 PM,MONTREAL RD btwn GRANVILLE ST & ALFRED ST (__3ZA3LG),__3ZA3LG,01 - Non intersection,03 - P.D. only,07 - SMV other,03 - Snow,07 - Dark,03 - Loose snow,10 - No control,,1,0,0,0,,0,,,,,370929.2839,5033522.404,45.43850602,-75.65473784,12570
15--7330,2015/06/09,7:06 PM,ANDERSON RD @ NINTH LINE RD (0004111),4111,03 - At intersection,03 - P.D. only,07 - SMV other,01 - Clear,01 - Daylight,01 - Dry,02 - Stop sign,01 - Functioning,1,0,0,0,,0,,,,,382016.0421,5021094.225,45.32554963,-75.51499072,12571
15--7331,2015/06/09,7:25 PM,PRESTON ST @ PRINCE OF WALES DR/QUEEN ELIZABET (0006904),6904,02 - Intersection related,03 - P.D. only,99 - Other,02 - Rain,01 - Daylight,02 - Wet,01 - Traffic signal,01 - Functioning,2,0,0,0,,0,,,,,366902.9515,5028776.711,45.39617492,-75.70679525,12572
15--7332,2015/06/09,7:44 AM,LESTER RD btwn ALBION RD & UPLANDS DR (__3ZA2SC),__3ZA2SC,05 - At railway crossing,02 - Non-fatal injury,03 - Rear end,01 - Clear,01 - Daylight,01 - Dry,10 - No control,,2,0,0,0,01 - Minimal,2,2,,,,371857.8793,5021882.82,45.33368915,-75.64445126,12573
15--7333,2015/06/09,7:55 AM,HIGHWAY 417 btwn HWY417 IC121B RAMP51 & HWY417 IC121A RAMP51 (__3ZA2YW),__3ZA2YW,01 - Non intersection,03 - P.D. only,03 - Rear end,01 - Clear,01 - Daylight,01 - Dry,10 - No control,,2,0,0,0,,0,,,,,366749.3258,5029567.329,45.4033023,-75.70865793,12574
15--7334,2015/06/09,8:20 AM,KING EDWARD AVE @ MURRAY ST (0002713),2713,03 - At intersection,03 - P.D. only,04 - Sideswipe,02 - Rain,01 - Daylight,02 - Wet,01 - Traffic signal,01 - Functioning,2,0,0,0,,0,,,,,368291.8002,5032753.61,45.43183318,-75.68854574,12575
15--7335,2015/06/09,8:40 AM,MITCH OWENS RD/BRIDGE ST @ RIVER RD (0003573),3573,02 - Intersection related,03 - P.D. only,03 - Rear end,01 - Clear,01 - Daylight,01 - Dry,01 - Traffic signal,00 - Unknown,2,0,0,0,,0,,,,,369499.7073,5010770.76,45.23392597,-75.6759833,12576
15--7336,2015/06/09,8:54 AM,CARLING AVE @ FAIRLAWN AVE/WOODROFFE AVE E (0002393),2393,03 - At intersection,03 - P.D. only,02 - Angle,02 - Rain,01 - Daylight,02 - Wet,01 - Traffic signal,01 - Functioning,2,0,0,0,,0,,,,,361934.6841,5025830.528,45.37008852,-75.77058762,12577
15--7337,2015/06/09,9:00 PM,2ND LINE RD @ OSGOODE MAIN ST (0005251),5251,03 - At intersection,02 - Non-fatal injury,02 - Angle,01 - Clear,05 - Dusk,01 - Dry,02 - Stop sign,01 - Functioning,2,0,0,0,01 - Minimal,1,1,,,,376057.5181,5001706.333,45.15173306,-75.59376834,12578
15--7338,2015/06/09,9:18 PM,TENTH LINE RD @ CHARLEMAGNE BLVD N/TOMPKINS AV (0009222),9222,02 - Intersection related,02 - Non-fatal injury,03 - Rear end,01 - Clear,05 - Dusk,01 - Dry,01 - Traffic signal,01 - Functioning,2,0,0,0,01 - Minimal,2,2,,,,383183.2092,5037976.801,45.47731644,-75.49742079,12579
15--7339,2015/06/10,1:25 PM,HWY 417 INNES IC112R68 @ INNES RD (0012300),12300,03 - At intersection,03 - P.D. only,02 - Angle,01 - Clear,01 - Daylight,01 - Dry,01 - Traffic signal,01 - Functioning,2,0,0,0,,0,,,,,374641.5662,5030921.507,45.41474359,-75.60766203,12580
15--734,2015/01/12,8:03 AM,DEN HAAG DR @ MERGANSER ST (0011243),11243,02 - Intersection related,02 - Non-fatal injury,03 - Rear end,03 - Snow,01 - Daylight,03 - Loose snow,02 - Stop sign,01 - Functioning,2,0,0,0,01 - Minimal,1,1,,,,372662.1718,5033671.718,45.43968343,-75.63257007,12581
15--7340,2015/06/10,1:30 PM,HIGHWAY 417 btwn HWY417 IC145 RAMP56 & Continuation of HIGHWAY 417 (__3ZA2Q3),__3ZA2Q3,01 - Non intersection,03 - P.D. only,07 - SMV other,01 - Clear,01 - Daylight,01 - Dry,10 - No control,,1,0,0,0,,0,,,,,346513.733,5015056.569,45.27422847,-75.96835726,12582
15--7341,2015/06/10,1:54 PM,MILNER DOWNS CRES btwn EAGLEVIEW ST & BRIDGESTONE DR (__3ZAZWX),__3ZAZWX,04 - At/near private drive,03 - P.D. only,06 - SMV unattended vehicle,01 - Clear,01 - Daylight,01 - Dry,10 - No control,,1,0,0,0,,0,,,,,355510.9603,5015819.307,45.28050045,-75.85361609,12583
15--7342,2015/06/10,10:07 PM,WOODROFFE AVE btwn TURN LANE & TALLWOOD DR (__3ZA3GC),__3ZA3GC,04 - At/near private drive,03 - P.D. only,03 - Rear end,02 - Rain,07 - Dark,02 - Wet,10 - No control,,2,0,0,0,,0,,,,,363047.5127,5022751.861,45.34229537,-75.75674459,12584
15--7343,2015/06/10,10:10 AM,ALTA VISTA DR @ SMYTH RD (0011353),11353,02 - Intersection related,03 - P.D. only,03 - Rear end,01 - Clear,01 - Daylight,01 - Dry,01 - Traffic signal,01 - Functioning,2,0,0,0,,0,,,,,370433.4366,5029080.476,45.39858606,-75.66166673,12585
15--7344,2015/06/10,10:40 AM,O'CONNOR ST @ STRATHCONA AVE (0007461),7461,02 - Intersection related,03 - P.D. only,04 - Sideswipe,01 - Clear,01 - Daylight,01 - Dry,02 - Stop sign,01 - Functioning,2,0,0,0,,0,,,,,368377.1727,5030171.013,45.4085881,-75.68778801,12586
15--7345,2015/06/10,11:00 AM,BROPHY DR @ HWY 416 BANKFIEL IC57R34 (0001078),1078,03 - At intersection,03 - P.D. only,02 - Angle,01 - Clear,01 - Daylight,01 - Dry,02 - Stop sign,01 - Functioning,2,0,0,0,,0,,,,,364562.0336,5007930.441,45.20880493,-75.73920476,12587
15--7346,2015/06/10,11:00 AM,QUEEN ST btwn KENT ST & BANK ST (__3ZA2FR),__3ZA2FR,04 - At/near private drive,03 - P.D. only,06 - SMV unattended vehicle,01 - Clear,01 - Daylight,01 - Dry,10 - No control,,1,0,0,0,,0,,,,,367261.703,5031438.635,45.42009422,-75.70187632,12588
15--7347,2015/06/10,11:30 AM,ST. LAURENT BLVD @ COVENTRY RD/OGILVIE RD (0002151),2151,02 - Intersection related,03 - P.D. only,04 - Sideswipe,01 - Clear,01 - Daylight,01 - Dry,01 - Traffic signal,01 - Functioning,2,0,0,0,,0,,,,,372304.9988,5031951.214,45.42423773,-75.63737089,12589
15--7348,2015/06/10,Unknown,KENNEVALE DR btwn WEYBRIDGE DR & HUMMINGBIRD CRES (__3ZAB6O),__3ZAB6O,01 - Non intersection,03 - P.D. only,06 - SMV unattended vehicle,01 - Clear,07 - Dark,01 - Dry,10 - No control,,1,0,0,0,,0,,,,,362393.4759,5014903.631,45.271731,-75.76600159,12590
15--7349,2015/06/10,12:09 AM,HIGHGATE RD btwn WESTBURY RD & BASELINE RD (__3ZAA4I),__3ZAA4I,01 - Non intersection,03 - P.D. only,07 - SMV other,01 - Clear,07 - Dark,01 - Dry,10 - No control,,1,0,0,0,,0,,,,,362055.2001,5023477.307,45.34890458,-75.76932177,12591
15--735,2015/01/12,8:03 AM,RAMSAYVILLE RD @ NINTH LINE RD (0009403),9403,02 - Intersection related,03 - P.D. only,03 - Rear end,03 - Snow,01 - Daylight,06 - Ice,02 - Stop sign,00 - Unknown,2,0,0,0,,0,,,,,380306.5144,5020070.73,45.31652677,-75.53695128,12592
15--7350,2015/06/10,12:17 PM,RICHMOND RD @ TWEEDSMUIR AVE (0006681),6681,03 - At intersection,02 - Non-fatal injury,05 - Turning movement,01 - Clear,01 - Daylight,01 - Dry,02 - Stop sign,01 - Functioning,2,1,0,0,02 - Minor,1,,1,,,363518.9718,5028482.189,45.39381682,-75.75004807,12593
15--7351,2015/06/10,12:23 PM,BEATRICE DR @ STRANDHERD DR (0005447),5447,02 - Intersection related,03 - P.D. only,03 - Rear end,01 - Clear,01 - Daylight,01 - Dry,01 - Traffic signal,01 - Functioning,2,0,0,0,,0,,,,,365527.377,5015321.122,45.27522392,-75.72601418,12594
15--7352,2015/06/10,12:38 PM,HOG'S BACK RD btwn COLONEL BY DR & RIVERSIDE DR (__3ZA22W),__3ZA22W,04 - At/near private drive,03 - P.D. only,03 - Rear end,01 - Clear,01 - Daylight,01 - Dry,10 - No control,,2,0,0,0,,0,,,,,367752.9619,5025972.875,45.37087085,-75.6962972,12595
15--7353,2015/06/10,12:50 PM,LEMIEUX ST @ ST. LAURENT BLVD (0002021),2021,03 - At intersection,02 - Non-fatal injury,05 - Turning movement,01 - Clear,01 - Daylight,01 - Dry,01 - Traffic signal,01 - Functioning,3,0,0,0,02 - Minor,1,,1,,,372391.7247,5031742.925,45.42235527,-75.63629134,12596