Anom_ID,Accident_Date,Accident_Time,Location,Geo_ID,Accident_Location,Classification_of_Accident,Initial_Impact_Type,Environment_Condition,Light,Road_Surface_Condition,Traffic_Control,Traffic_Control_Condition,No__of_Vehicles,No__of_Bicycles,No__of_Motorcycles,No__of_Pedestrians,Max_Injury,No__of_Injuries,No__of_Minimal,No__of_Minor,No__of_Major,No__of_Fatal,X,Y,Latitude,Longitude,ObjectId
15--7354,2015/06/10,4:36 PM,RICHMOND RD @ WOODROFFE AVE (0011466),11466,03 - At intersection,03 - P.D. only,02 - Angle,01 - Clear,01 - Daylight,01 - Dry,01 - Traffic signal,01 - Functioning,2,0,0,0,,0,,,,,361583.245,5026654.884,45.37753457,-75.77497915,12597
15--7355,2015/06/10,4:44 PM,BRONSON AVE btwn LISGAR ST & COOPER ST (__3ZA33P),__3ZA33P,01 - Non intersection,03 - P.D. only,07 - SMV other,02 - Rain,01 - Daylight,02 - Wet,10 - No control,,1,0,0,0,,0,,,,,366910.7003,5030611.359,45.41268189,-75.7064652,12598
15--7356,2015/06/10,5:00 PM,OTTAWA RIVER PKWY WB RAMP/CARLING AVE WB btwn CARLING AVE & OTTAWA RIV (__3ZAY0V),__3ZAY0V,01 - Non intersection,03 - P.D. only,03 - Rear end,02 - Rain,01 - Daylight,02 - Wet,10 - No control,,3,0,0,0,,0,,,,,360892.8638,5025444.421,45.36669852,-75.78393085,12599
15--7357,2015/06/10,5:12 PM,BASELINE RD/HERON RD @ PRINCE OF WALES DR (0002345),2345,02 - Intersection related,02 - Non-fatal injury,03 - Rear end,02 - Rain,01 - Daylight,02 - Wet,01 - Traffic signal,01 - Functioning,2,0,0,0,02 - Minor,2,,2,,,366875.1479,5026438.172,45.37513579,-75.70744444,12600
15--7358,2015/06/10,5:19 PM,REGIONAL ROAD 174 btwn OR174 IC105 RAMP51 & OR174 IC105 RAMP35 (__3ZA2XC),__3ZA2XC,01 - Non intersection,03 - P.D. only,03 - Rear end,01 - Clear,01 - Daylight,01 - Dry,10 - No control,,2,0,0,0,,0,,,,,379341.6664,5036965.298,45.46863639,-75.5467034,12601
15--7359,2015/06/10,5:19 PM,HIGHWAY 417 btwn HWY417 IC142 RAMP35 & HWY417 IC142 RAMP25 (__3ZA1ZO),__3ZA1ZO,01 - Non intersection,03 - P.D. only,07 - SMV other,02 - Rain,01 - Daylight,02 - Wet,10 - No control,,1,0,0,0,,0,,,,,349089.4538,5017345.579,45.29466824,-75.93532687,12602
15--736,2015/01/12,8:10 AM,HAWTHORNE RD btwn HAWTHORNE RD & WHYTE SIDE RD (__3ZA2PE),__3ZA2PE,01 - Non intersection,03 - P.D. only,03 - Rear end,03 - Snow,01 - Daylight,03 - Loose snow,10 - No control,,2,0,0,0,,0,,,,,375697.3081,5025946.717,45.36987685,-75.59488972,12603
15--7360,2015/06/10,5:20 PM,AIRPORT PKWY btwn RAMP & RAMP (4) (__3ZA22T),__3ZA22T,01 - Non intersection,02 - Non-fatal injury,05 - Turning movement,02 - Rain,01 - Daylight,02 - Wet,10 - No control,,2,0,0,0,02 - Minor,1,,1,,,371304.4442,5021637.623,45.33153561,-75.65154435,12604
15--7361,2015/06/10,5:21 PM,INNES RD @ ORCHARDVIEW AVE/ESPRIT DR (0012279),12279,02 - Intersection related,03 - P.D. only,04 - Sideswipe,02 - Rain,01 - Daylight,02 - Wet,01 - Traffic signal,01 - Functioning,2,0,0,0,,0,,,,,384845.4853,5036560.199,45.46438263,-75.47639318,12605
15--7362,2015/06/10,5:23 PM,KENT ST @ LAURIER AVE (0002222),2222,02 - Intersection related,03 - P.D. only,03 - Rear end,02 - Rain,01 - Daylight,02 - Wet,01 - Traffic signal,01 - Functioning,2,0,0,0,,0,,,,,367317.4197,5031164.228,45.41762022,-75.70119927,12606
15--7363,2015/06/10,5:50 PM,CARLING AVE @ ISLAND PARK DR (0010785),10785,02 - Intersection related,03 - P.D. only,03 - Rear end,02 - Rain,01 - Daylight,02 - Wet,01 - Traffic signal,01 - Functioning,2,0,0,0,,0,,,,,365343.7734,5027997.122,45.3892969,-75.72680354,12607
15--7364,2015/06/10,5:59 AM,HWY 416 WESTHUNT IC72R34 @ WEST HUNT CLUB RD (0005218),5218,03 - At intersection,03 - P.D. only,02 - Angle,01 - Clear,01 - Daylight,01 - Dry,01 - Traffic signal,01 - Functioning,2,0,0,0,,0,,,,,359370.9671,5019361.454,45.31208398,-75.8040285,12608
15--7365,2015/06/10,6:20 PM,BANKFIELD RD @ PRINCE OF WALES DR (0003618),3618,03 - At intersection,03 - P.D. only,05 - Turning movement,02 - Rain,01 - Daylight,02 - Wet,01 - Traffic signal,01 - Functioning,2,0,0,0,,0,,,,,366378.9692,5008976.467,45.21806071,-75.71594724,12609
15--7366,2015/06/10,6:30 AM,WILHAVEN DR btwn LOUGH DR & EMMETT RD (__3ZA5GX),__3ZA5GX,01 - Non intersection,03 - P.D. only,07 - SMV other,01 - Clear,01 - Daylight,01 - Dry,10 - No control,,1,0,0,0,,0,,,,,393753.0545,5041114.565,45.50427936,-75.36168131,12610
15--7367,2015/06/10,6:42 PM,HAZELDEAN RD btwn GO/KA BOUNDARY & HUNTMAR DR/IBER RD (__3ZA3DJ),__3ZA3DJ,01 - Non intersection,03 - P.D. only,03 - Rear end,01 - Clear,01 - Daylight,02 - Wet,10 - No control,,2,0,0,0,,0,,,,,351316.1715,5016427.18,45.28626034,-75.90702471,12611
15--7368,2015/06/10,6:49 AM,METCALFE ST btwn SLATER ST & LAURIER AVE W (__3ZBOEQ),__3ZBOEQ,01 - Non intersection,03 - P.D. only,07 - SMV other,01 - Clear,01 - Daylight,01 - Dry,10 - No control,,1,0,0,0,,0,,,,,367783.3939,5031466.939,45.42030212,-75.69520729,12612
15--7369,2015/06/10,6:51 PM,TENTH LINE RD btwn AMIENS ST & 275 N OF DES EPINETTES AVE/FALLINGBROOK (__3ZA3YNA),__3ZA3YNA,01 - Non intersection,02 - Non-fatal injury,03 - Rear end,02 - Rain,01 - Daylight,02 - Wet,10 - No control,,2,0,0,0,02 - Minor,1,,1,,,383429.1243,5037385.522,45.471969,-75.49437047,12613
15--737,2015/01/12,8:25 AM,BARRAN ST @ FALLOWFIELD RD (0000626),626,03 - At intersection,02 - Non-fatal injury,02 - Angle,03 - Snow,01 - Daylight,03 - Loose snow,02 - Stop sign,01 - Functioning,2,0,0,0,01 - Minimal,1,1,,,,362292.6808,5016244.92,45.28380823,-75.76713072,12614
15--7370,2015/06/10,6:53 PM,BRONSON AVE @ GLADSTONE AVE (0002110),2110,03 - At intersection,03 - P.D. only,05 - Turning movement,02 - Rain,01 - Daylight,02 - Wet,01 - Traffic signal,01 - Functioning,2,0,0,0,,0,,,,,367133.7017,5030081.204,45.40789188,-75.70368342,12615
15--7371,2015/06/10,7:00 PM,HIGHWAY 417 btwn HWY417 IC121A RAMP51 & HWY417 IC120A RAMP52 (__3ZA2R6),__3ZA2R6,01 - Non intersection,03 - P.D. only,03 - Rear end,01 - Clear,01 - Daylight,02 - Wet,10 - No control,,2,0,0,0,,0,,,,,367287.2684,5029744.493,45.40484856,-75.70176446,12616
15--7372,2015/06/10,7:20 AM,ALPINE AVE @ CARLING AVE (0011382),11382,02 - Intersection related,03 - P.D. only,02 - Angle,01 - Clear,01 - Daylight,01 - Dry,01 - Traffic signal,00 - Unknown,2,0,0,0,,0,,,,,360496.569,5024942.519,45.36221403,-75.78904604,12617
15--7373,2015/06/10,7:27 PM,HWY 417 TERRYFO IC140R61 @ TERRY FOX DR (0011777),11777,02 - Intersection related,03 - P.D. only,03 - Rear end,01 - Clear,01 - Daylight,01 - Dry,01 - Traffic signal,01 - Functioning,2,0,0,0,,0,,,,,350807.9047,5018709.717,45.30683271,-75.91329184,12618
15--7374,2015/06/10,7:34 PM,RIVERSIDE DR @ TREMBLAY RD/HWY417 IC117 RAMP52 (0010790),10790,02 - Intersection related,03 - P.D. only,03 - Rear end,02 - Rain,01 - Daylight,02 - Wet,01 - Traffic signal,01 - Functioning,2,0,0,0,,0,,,,,370802.0781,5031015.277,45.41595998,-75.65669959,12619
15--7375,2015/06/10,7:38 PM,ALTA VISTA DR @ RANDALL AVE (0008072),8072,02 - Intersection related,02 - Non-fatal injury,07 - SMV other,02 - Rain,01 - Daylight,02 - Wet,01 - Traffic signal,01 - Functioning,1,0,1,0,01 - Minimal,1,1,,,,370408.0009,5027366.902,45.38317031,-75.66221942,12620
15--7376,2015/06/10,7:50 AM,PRINCE OF WALES DR btwn FALLOWFIELD RD & AMBERWOOD CRES (__3ZA27I),__3ZA27I,01 - Non intersection,03 - P.D. only,03 - Rear end,01 - Clear,01 - Daylight,01 - Dry,10 - No control,,2,0,1,0,,0,,,,,367393.9442,5019243.227,45.3103509,-75.70173163,12621
15--7377,2015/06/10,7:51 AM,BANK ST @ ST. BERNARD ST (0012406),12406,02 - Intersection related,03 - P.D. only,03 - Rear end,01 - Clear,01 - Daylight,01 - Dry,01 - Traffic signal,01 - Functioning,2,0,0,0,,0,,,,,373006.1812,5023707.418,45.34999557,-75.62955094,12622
15--7378,2015/06/10,7:53 PM,HUNT CLUB RD btwn MCCARTHY RD & RAMP (__3ZA36L),__3ZA36L,01 - Non intersection,03 - P.D. only,04 - Sideswipe,01 - Clear,01 - Daylight,01 - Dry,10 - No control,,2,0,0,0,,0,,,,,370682.8695,5023505.374,45.34839974,-75.65922476,12623
15--7379,2015/06/10,8:20 AM,INNES RD @ VISENEAU DR (0012442),12442,02 - Intersection related,02 - Non-fatal injury,03 - Rear end,01 - Clear,01 - Daylight,01 - Dry,01 - Traffic signal,01 - Functioning,3,0,0,0,02 - Minor,1,,1,,,381798.7511,5035074.637,45.45135924,-75.51558098,12624
15--738,2015/01/12,8:32 AM,ROCKCLIFFE PKWY btwn LISGAR RD & ACACIA AVE (__3ZBPHK),__3ZBPHK,01 - Non intersection,03 - P.D. only,03 - Rear end,03 - Snow,00 - Unknown,03 - Loose snow,10 - No control,,2,0,0,0,,0,,,,,368364.992,5035235.313,45.45415595,-75.68728985,12625
15--7380,2015/06/10,8:20 PM,HIGHWAY 417 btwn HWY417 IC142 RAMP25 & HIGHWAY 417 (__3ZA1ZP),__3ZA1ZP,01 - Non intersection,02 - Non-fatal injury,07 - SMV other,02 - Rain,05 - Dusk,02 - Wet,10 - No control,,1,0,0,0,01 - Minimal,1,1,,,,349420.4786,5017643.998,45.29733256,-75.93107979,12626
15--7381,2015/06/10,8:53 AM,CONROY RD @ JOHNSTON RD (0011908),11908,03 - At intersection,02 - Non-fatal injury,02 - Angle,01 - Clear,01 - Daylight,01 - Dry,01 - Traffic signal,01 - Functioning,2,1,0,0,01 - Minimal,1,1,,,,373397.5278,5026308.099,45.37335729,-75.62419617,12627
15--7382,2015/06/10,9:06 AM,COLONNADE RD @ MERIVALE RD (0004569),4569,03 - At intersection,02 - Non-fatal injury,07 - SMV other,01 - Clear,01 - Daylight,01 - Dry,01 - Traffic signal,01 - Functioning,1,0,0,1,03 - Major,1,,,1,,365362.2536,5022542.695,45.3402173,-75.72723607,12628
15--7383,2015/06/10,9:20 PM,MONTREAL RD @ VANIER PKWY (0004630),4630,02 - Intersection related,03 - P.D. only,02 - Angle,02 - Rain,07 - Dark,02 - Wet,01 - Traffic signal,01 - Functioning,2,0,0,0,,0,,,,,370072.7098,5033065.232,45.43447307,-75.66574598,12629
15--7384,2015/06/10,9:32 AM,FALLOWFIELD RD @ RICHMOND RD (0000634),634,02 - Intersection related,03 - P.D. only,03 - Rear end,01 - Clear,01 - Daylight,01 - Dry,01 - Traffic signal,01 - Functioning,2,0,0,0,,0,,,,,357721.6356,5013529.776,45.25973591,-75.82568379,12630
15--7385,2015/06/10,9:38 PM,CATHERINE ST/HWY 417 O'CONN IC119BR76 @ O'CONN (0001697),1697,03 - At intersection,03 - P.D. only,02 - Angle,01 - Clear,07 - Dark,02 - Wet,01 - Traffic signal,01 - Functioning,2,0,0,0,,0,,,,,368243.711,5030392.924,45.4105969,-75.68946428,12631
15--7386,2015/06/11,1:22 PM,HIGHWAY 417 btwn HWY417 IC117 RAMP51 & HWY417 IC117 RAMP35 (__3ZA2YN),__3ZA2YN,01 - Non intersection,03 - P.D. only,99 - Other,01 - Clear,01 - Daylight,01 - Dry,10 - No control,,2,0,0,0,,0,,,,,370719.0456,5031171.143,45.41737023,-75.65773952,12632
15--7387,2015/06/11,1:28 PM,ANAND PRIV btwn END & WALKLEY RD (e___2HBJ),e___2HBJ,04 - At/near private drive,03 - P.D. only,02 - Angle,02 - Rain,01 - Daylight,02 - Wet,10 - No control,,2,0,0,0,,0,,,,,370264.437,5025755.574,45.36868554,-75.66426606,12633
15--7388,2015/06/11,1:35 PM,INNES RD btwn STAR TOP RD & HWY417 IC112 RAMP55 (__3ZAZPO),__3ZAZPO,01 - Non intersection,03 - P.D. only,03 - Rear end,01 - Clear,01 - Daylight,01 - Dry,10 - No control,,3,0,0,0,,0,,,,,374162.1662,5030678.113,45.41260134,-75.61382065,12634
15--7389,2015/06/11,1:46 PM,ST. JOSEPH BLVD @ JEANNE D'ARC BLVD (0012421),12421,03 - At intersection,03 - P.D. only,04 - Sideswipe,01 - Clear,01 - Daylight,01 - Dry,11 - Roundabout,01 - Functioning,2,0,0,0,,0,,,,,379859.7786,5036472.063,45.46414316,-75.54015363,12635
15--739,2015/01/12,8:35 AM,DAVIDSON RD @ HAWTHORNE RD (0009547),9547,02 - Intersection related,03 - P.D. only,03 - Rear end,03 - Snow,01 - Daylight,05 - Packed snow,02 - Stop sign,00 - Unknown,4,0,0,0,,0,,,,,376283.4744,5024510.597,45.35689581,-75.58761512,12636
15--7390,2015/06/11,10:16 AM,MARCH RD btwn PETER ROBINSON RD & CORKERY RD (__3ZA2RJ),__3ZA2RJ,01 - Non intersection,02 - Non-fatal injury,01 - Approaching,01 - Clear,01 - Daylight,01 - Dry,10 - No control,,2,0,0,0,02 - Minor,2,,2,,,335125.4986,5015392.384,45.27783371,-76.11347618,12637
15--7391,2015/06/11,10:19 PM,LYON ST @ WELLINGTON ST (0002388),2388,03 - At intersection,03 - P.D. only,05 - Turning movement,01 - Clear,07 - Dark,01 - Dry,01 - Traffic signal,01 - Functioning,2,0,0,0,,0,,,,,366935.271,5031425.085,45.42000137,-75.70604871,12638
15--7392,2015/06/11,10:25 PM,BELCOURT BLVD btwn NOTRE DAME ST & LEBLANC DR (__3ZA66A),__3ZA66A,01 - Non intersection,03 - P.D. only,06 - SMV unattended vehicle,01 - Clear,07 - Dark,01 - Dry,10 - No control,,1,0,0,0,,0,,,,,381380.35,5037105.994,45.4696817,-75.52061299,12639
15--7393,2015/06/11,10:59 PM,FERNBANK RD btwn GO/KA BOUNDARY & SHEA RD (__3ZBNCF),__3ZBNCF,01 - Non intersection,03 - P.D. only,07 - SMV other,01 - Clear,07 - Dark,01 - Dry,10 - No control,,1,0,0,0,,0,,,,,352873.9386,5013851.314,45.26297717,-75.88741727,12640
15--7394,2015/06/11,11:03 PM,HIGHWAY 417 btwn HWY417 IC120A RAMP52 & HWY417 IC119B RAMP57 (__3ZA2R1),__3ZA2R1,01 - Non intersection,02 - Non-fatal injury,03 - Rear end,01 - Clear,07 - Dark,01 - Dry,10 - No control,,2,0,0,0,02 - Minor,2,,2,,,367929.1539,5030090.998,45.40790871,-75.69352122,12641
15--7395,2015/06/11,11:07 AM,MONTREAL RD @ VANIER PKWY (0004630),4630,02 - Intersection related,03 - P.D. only,04 - Sideswipe,01 - Clear,01 - Daylight,01 - Dry,01 - Traffic signal,01 - Functioning,2,0,0,0,,0,,,,,370073.8846,5033066.264,45.43448225,-75.66573083,12642
15--7396,2015/06/11,11:15 PM,HIGHWAY 417 btwn HWY417 IC121A RAMP51 & HWY417 IC120A RAMP52 (__3ZA2R6),__3ZA2R6,01 - Non intersection,03 - P.D. only,03 - Rear end,01 - Clear,07 - Dark,01 - Dry,10 - No control,,2,0,0,0,,0,,,,,367269.2261,5029734.319,45.40475863,-75.7019962,12643
15--7397,2015/06/11,11:21 PM,INNES RD WB btwn INNES RD E/BLACKBURN BYPASS & ORLEANS BLVD (__3ZA1ZJ),__3ZA1ZJ,01 - Non intersection,02 - Non-fatal injury,07 - SMV other,02 - Rain,07 - Dark,02 - Wet,10 - No control,,1,0,0,0,01 - Minimal,2,2,,,,379814.811,5033830.214,45.44037862,-75.54113149,12644
15--7398,2015/06/11,Unknown,FIELDSTONE CRES btwn GREY NUNS DR & GREY NUNS DR (__3ZA66G),__3ZA66G,01 - Non intersection,03 - P.D. only,06 - SMV unattended vehicle,01 - Clear,00 - Unknown,01 - Dry,10 - No control,,1,0,0,0,,0,,,,,379883.0397,5037121.947,45.46998781,-75.53975694,12645
15--7399,2015/06/11,12:00 PM,INDUSTRIAL AVE @ RIVERSIDE DR (0011905),11905,02 - Intersection related,03 - P.D. only,04 - Sideswipe,01 - Clear,01 - Daylight,01 - Dry,01 - Traffic signal,01 - Functioning,2,0,0,0,,0,,,,,370683.9979,5030591.472,45.41215788,-75.65826477,12646
15--74,2015/01/03,2:11 PM,LAVAL ST @ LOYER ST (0010019),10019,03 - At intersection,03 - P.D. only,02 - Angle,03 - Snow,01 - Daylight,03 - Loose snow,02 - Stop sign,01 - Functioning,2,0,0,0,,0,,,,,369410.6864,5033569.111,45.43906825,-75.67414032,12647
15--740,2015/01/12,8:40 AM,LISGAR RD btwn ROCKCLIFFE RD & ROCKCLIFFE PKWY (__3ZA849),__3ZA849,04 - At/near private drive,03 - P.D. only,05 - Turning movement,03 - Snow,01 - Daylight,04 - Slush,10 - No control,,2,0,0,0,,0,,,,,368340.8956,5035128.325,45.4531955,-75.68761173,12648
15--7400,2015/06/11,12:00 PM,ELGIN ST btwn COOPER ST & SOMERSET ST W (__3ZA346),__3ZA346,01 - Non intersection,03 - P.D. only,06 - SMV unattended vehicle,01 - Clear,01 - Daylight,01 - Dry,10 - No control,,1,0,0,0,,0,,,,,368134.1284,5031244.562,45.41826958,-75.69075469,12649
15--7401,2015/06/11,12:09 PM,REGIONAL ROAD 174 btwn Continuation of REGIONAL ROAD 174 & OR174 IC112 (__3ZA2YI),__3ZA2YI,01 - Non intersection,02 - Non-fatal injury,03 - Rear end,01 - Clear,01 - Daylight,01 - Dry,10 - No control,,4,0,0,0,03 - Major,4,3,,1,,373975.9767,5032220.022,45.42649308,-75.61598266,12650
15--7402,2015/06/11,12:26 AM,BAYCREST DR @ WALKLEY RD (0006958),6958,02 - Intersection related,03 - P.D. only,03 - Rear end,01 - Clear,07 - Dark,02 - Wet,01 - Traffic signal,00 - Unknown,2,0,0,0,,0,,,,,371421.7306,5026590.167,45.37608586,-75.64938084,12651
15--7403,2015/06/11,12:48 PM,BAYVIEW RD/BURNSIDE AVE @ SLIDELL ST (0005647),5647,03 - At intersection,02 - Non-fatal injury,04 - Sideswipe,01 - Clear,01 - Daylight,01 - Dry,11 - Roundabout,01 - Functioning,2,1,0,0,01 - Minimal,1,1,,,,365163.698,5030242.93,45.40951973,-75.72882819,12652
15--7404,2015/06/11,2:09 AM,YORK ST WB btwn BYWARD MARKE SQ & SUSSEX DR (__3ZA1B0),__3ZA1B0,01 - Non intersection,03 - P.D. only,02 - Angle,01 - Clear,07 - Dark,01 - Dry,10 - No control,,2,0,0,0,,0,,,,,367859.4333,5032299.904,45.42779001,-75.69412914,12653
15--7405,2015/06/11,2:30 PM,CANYON WALK DR btwn MOUNTAIN MEADOWS CRES & MOUNTAIN MEADOWS CRES (__3ZAZ4Q),__3ZAZ4Q,04 - At/near private drive,03 - P.D. only,06 - SMV unattended vehicle,01 - Clear,01 - Daylight,01 - Dry,10 - No control,,1,0,0,0,,0,,,,,368450.6337,5016496.562,45.28554184,-75.68860946,12654
15--7406,2015/06/11,2:36 PM,BANK ST @ HUNT CLUB RD (0002119),2119,02 - Intersection related,03 - P.D. only,04 - Sideswipe,01 - Clear,01 - Daylight,01 - Dry,01 - Traffic signal,01 - Functioning,2,0,0,0,,0,,,,,371609.277,5024095.876,45.35362525,-75.64732378,12655
15--7959,2015/06/24,4:37 PM,RIDEAU ST btwn CHARLOTTE ST & WURTEMBURG ST (__3ZA3XQ),__3ZA3XQ,01 - Non intersection,03 - P.D. only,03 - Rear end,01 - Clear,01 - Daylight,01 - Dry,10 - No control,,3,0,0,0,,0,,,,,369348.7783,5032919.462,45.43322869,-75.67501673,12656
15--7871,2015/06/22,4:43 PM,MERIVALE RD btwn BONGARD AVE & CLEOPATRA DR (__3ZA3IX),__3ZA3IX,01 - Non intersection,03 - P.D. only,04 - Sideswipe,01 - Clear,01 - Daylight,01 - Dry,10 - No control,,2,0,0,0,,0,,,,,365908.4575,5021219.992,45.32826844,-75.72043056,12657
15--7690,2015/06/18,10:54 AM,HAWTHORNE RD/RUSSELL RD @ WALKLEY RD (0002618),2618,02 - Intersection related,03 - P.D. only,03 - Rear end,01 - Clear,01 - Daylight,01 - Dry,01 - Traffic signal,01 - Functioning,2,0,0,0,,0,,,,,374674.7439,5028498.46,45.39293893,-75.60758153,12658
15--7691,2015/06/18,10:55 AM,MONTREAL RD @ ST. LAURENT BLVD (0002604),2604,02 - Intersection related,03 - P.D. only,04 - Sideswipe,01 - Clear,01 - Daylight,01 - Dry,01 - Traffic signal,01 - Functioning,2,0,0,0,,0,,,,,371545.7029,5033817.955,45.44110668,-75.64681959,12659
15--724,2015/01/12,7:20 AM,RIVERSIDE DR @ TREMBLAY RD/HWY417 IC117 RAMP52 (0010790),10790,03 - At intersection,03 - P.D. only,03 - Rear end,03 - Snow,03 - Dawn,04 - Slush,01 - Traffic signal,01 - Functioning,2,0,0,0,,0,,,,,370801.2175,5031015.812,45.41596488,-75.65671051,12660
15--796,2015/01/13,5:24 PM,STRANDHERD DR btwn LONGFIELDS DR & CLARIDGE DR (__4BRV9S),__4BRV9S,04 - At/near private drive,03 - P.D. only,02 - Angle,01 - Clear,05 - Dusk,01 - Dry,10 - No control,,2,0,0,0,,0,,,,,364601.8226,5015209.469,45.2742986,-75.737823,12661
15--7872,2015/06/22,4:48 PM,HERON RD WB btwn PRINCE OF WALES DR & HERON RD WB ON RAMP/VINCENT MASS (__3ZA37C),__3ZA37C,07 - Overpass or bridge,03 - P.D. only,03 - Rear end,01 - Clear,01 - Daylight,01 - Dry,10 - No control,,2,0,0,0,,0,,,,,367242.7907,5026500.383,45.37566288,-75.70274308,12662
15--7692,2015/06/18,11:00 AM,MONTEREY DR btwn COSTELLO AVE & ABINGDON DR (__3ZAAF9),__3ZAAF9,04 - At/near private drive,03 - P.D. only,06 - SMV unattended vehicle,01 - Clear,01 - Daylight,01 - Dry,10 - No control,,1,0,0,0,,0,,,,,360108.9485,5022148.949,45.3371082,-75.794306,12663
15--7240,2015/06/06,9:27 AM,AVIATION PKWY btwn TO BE DETERMINED & HWY417 IC113 RAMP35 (__31AEWR),__31AEWR,01 - Non intersection,02 - Non-fatal injury,07 - SMV other,01 - Clear,01 - Daylight,01 - Dry,10 - No control,,1,0,1,0,03 - Major,1,,,1,,373289.4874,5032069.43,45.42520568,-75.62477539,12664
15--7960,2015/06/24,5:27 PM,WEST HUNT CLUB RD @ ANTARES DR/LASER ST (0000116),116,02 - Intersection related,03 - P.D. only,03 - Rear end,01 - Clear,01 - Daylight,01 - Dry,01 - Traffic signal,01 - Functioning,3,0,0,0,,0,,,,,367106.9906,5022081.862,45.33591803,-75.70503367,12665
15--7693,2015/06/18,11:09 AM,RIVERSIDE DR @ UPLANDS DR/KIMBERWICK CRES N (0006890),6890,02 - Intersection related,03 - P.D. only,03 - Rear end,01 - Clear,01 - Daylight,01 - Dry,01 - Traffic signal,01 - Functioning,3,0,0,0,,0,,,,,368194.9272,5022792.604,45.34221568,-75.69106316,12666
15--7873,2015/06/22,4:50 PM,CARLING AVE @ VISCOUNT AVE (0006241),6241,02 - Intersection related,03 - P.D. only,03 - Rear end,01 - Clear,01 - Daylight,01 - Dry,01 - Traffic signal,01 - Functioning,2,0,0,0,,0,,,,,365129.229,5027851.111,45.38800164,-75.72956105,12667
15--7241,2015/06/06,9:39 PM,SAUNDERSON DR btwn PLEASANT PARK RD & ELSETT DR (__3ZA745),__3ZA745,04 - At/near private drive,03 - P.D. only,05 - Turning movement,01 - Clear,07 - Dark,01 - Dry,10 - No control,,2,0,0,0,,0,,,,,373161.0126,5028529.399,45.39336671,-75.62690786,12668
15--7961,2015/06/24,5:40 PM,COLDREY AVE btwn LAPERRIERE AVE & KIRKWOOD AVE (__3ZA0OU),__3ZA0OU,04 - At/near private drive,03 - P.D. only,02 - Angle,01 - Clear,01 - Daylight,01 - Dry,10 - No control,,2,0,0,0,,0,,,,,364414.191,5027121.765,45.38150034,-75.73877977,12669
15--7694,2015/06/18,11:15 PM,HIGHWAY 417 btwn HWY417 IC115 RAMP36 & HWY417 IC115 RAMP26 (__3ZA2R4),__3ZA2R4,01 - Non intersection,03 - P.D. only,03 - Rear end,01 - Clear,07 - Dark,01 - Dry,10 - No control,,2,0,0,0,,0,,,,,372431.7256,5031517.083,45.42031938,-75.63581126,12670
15--7874,2015/06/22,4:55 PM,HAZELDEAN RD @ FRINGEWOOD DR (0000073),73,02 - Intersection related,03 - P.D. only,03 - Rear end,01 - Clear,01 - Daylight,01 - Dry,01 - Traffic signal,02 - Not functioning,2,0,0,0,,0,,,,,350755.6003,5015909.288,45.28163707,-75.9142183,12671
15--7242,2015/06/06,9:44 PM,CARLING AVE @ PRESTON ST (0002161),2161,03 - At intersection,02 - Non-fatal injury,05 - Turning movement,01 - Clear,07 - Dark,01 - Dry,01 - Traffic signal,01 - Functioning,2,1,0,0,01 - Minimal,1,1,,,,366829.7448,5028935.608,45.39761112,-75.70771021,12672
15--7962,2015/06/24,5:48 PM,CARLING AVE @ CIVIC HOSPITAL (0008793),8793,03 - At intersection,02 - Non-fatal injury,05 - Turning movement,01 - Clear,01 - Daylight,01 - Dry,01 - Traffic signal,01 - Functioning,2,0,0,0,01 - Minimal,2,2,,,,365793.0509,5028276.975,45.39177597,-75.72103181,12673
15--7695,2015/06/18,11:46 AM,INNES RD @ TRIM RD (0012870),12870,03 - At intersection,03 - P.D. only,05 - Turning movement,01 - Clear,01 - Daylight,01 - Dry,01 - Traffic signal,01 - Functioning,2,0,0,0,,0,,,,,386567.4928,5037273.196,45.47059801,-75.4542575,12674
15--7696,2015/06/18,12:15 PM,MARIER AVE @ MONTREAL RD (0009346),9346,03 - At intersection,03 - P.D. only,04 - Sideswipe,01 - Clear,01 - Daylight,01 - Dry,01 - Traffic signal,01 - Functioning,2,0,0,0,,0,,,,,370420.429,5033261.231,45.43620404,-75.66127612,12675
15--7697,2015/06/18,12:15 PM,HIGHWAY 417 btwn HWY417 IC119A RAMP75 & HWY417 IC118 RAMP57 (__3ZA2R2),__3ZA2R2,01 - Non intersection,03 - P.D. only,04 - Sideswipe,01 - Clear,01 - Daylight,01 - Dry,10 - No control,,2,0,0,0,,0,,,,,368934.5655,5030690.852,45.41321458,-75.68060029,12676
15--7698,2015/06/18,2:30 PM,HOWDEN AVE btwn DAVID DR & SULLIVAN AVE (__3ZAASR),__3ZAASR,04 - At/near private drive,03 - P.D. only,06 - SMV unattended vehicle,01 - Clear,01 - Daylight,01 - Dry,10 - No control,,1,0,0,0,,0,,,,,363208.5536,5022923.13,45.34382304,-75.75466961,12677
15--7699,2015/06/18,2:40 PM,BANK ST btwn ALTA VISTA DR & ERIE AVE (__3ZA36X),__3ZA36X,01 - Non intersection,03 - P.D. only,07 - SMV other,01 - Clear,01 - Daylight,01 - Dry,10 - No control,,1,0,0,0,,0,,,,,370141.2071,5026466.193,45.37509097,-75.66574507,12678