Anom_ID,Accident_Date,Accident_Time,Location,Geo_ID,Accident_Location,Classification_of_Accident,Initial_Impact_Type,Environment_Condition,Light,Road_Surface_Condition,Traffic_Control,Traffic_Control_Condition,No__of_Vehicles,No__of_Bicycles,No__of_Motorcycles,No__of_Pedestrians,Max_Injury,No__of_Injuries,No__of_Minimal,No__of_Minor,No__of_Major,No__of_Fatal,X,Y,Latitude,Longitude,ObjectId
15--77,2015/01/03,2:53 PM,MOODIE DR @ ROBERTSON RD (0010545),10545,02 - Intersection related,03 - P.D. only,02 - Angle,03 - Snow,01 - Daylight,03 - Loose snow,01 - Traffic signal,04 - Missing/Damaged,2,0,0,0,,0,,,,,357066.6521,5020454.032,45.32209041,-75.83329928,12679
15--770,2015/01/13,12:34 PM,LONGFIELDS DR @ WOODROFFE AVE (0000096),96,02 - Intersection related,03 - P.D. only,04 - Sideswipe,01 - Clear,01 - Daylight,01 - Dry,01 - Traffic signal,01 - Functioning,2,0,0,0,,0,,,,,365422.1338,5017107.427,45.2913061,-75.72713719,12680
15--7700,2015/06/18,3:00 PM,HIGHWAY 417 btwn HWY417 IC117 RAMP51 & HWY417 IC117 RAMP35 (__3ZA2YN),__3ZA2YN,01 - Non intersection,03 - P.D. only,04 - Sideswipe,01 - Clear,01 - Daylight,01 - Dry,10 - No control,,2,0,0,0,,0,,,,,370652.6196,5031166.088,45.417331,-75.65858884,12681
15--7701,2015/06/18,3:15 PM,MARKETPLACE AVE @ RIOCAN AVE (0010995),10995,03 - At intersection,03 - P.D. only,02 - Angle,01 - Clear,01 - Daylight,01 - Dry,02 - Stop sign,01 - Functioning,2,0,0,0,,0,,,,,364287.5976,5014761.235,45.27029204,-75.74188116,12682
15--7702,2015/06/18,3:25 PM,HIGHWAY 417 btwn HWY417 IC110 RAMP66 & HWY417 IC110 RAMP56 (__3ZA2XR),__3ZA2XR,01 - Non intersection,03 - P.D. only,04 - Sideswipe,01 - Clear,01 - Daylight,01 - Dry,10 - No control,,2,0,0,0,,0,,,,,375837.8118,5029112.361,45.39834547,-75.59264065,12683
15--7703,2015/06/18,3:29 PM,KIRKWOOD AVE @ RICHMOND RD (0002080),2080,02 - Intersection related,03 - P.D. only,04 - Sideswipe,01 - Clear,01 - Daylight,01 - Dry,01 - Traffic signal,00 - Unknown,2,0,0,0,,0,,,,,363777.969,5028640.474,45.39521928,-75.74672155,12684
15--7704,2015/06/18,3:38 PM,BANK ST @ SUNNYSIDE AVE (0007219),7219,02 - Intersection related,03 - P.D. only,04 - Sideswipe,01 - Clear,01 - Daylight,01 - Dry,01 - Traffic signal,01 - Functioning,2,0,0,0,,0,,,,,368734.7087,5028581.189,45.39425082,-75.68342698,12685
15--7705,2015/06/18,3:45 PM,HIGHWAY 417 btwn HWY417 IC124 RAMP76 & HWY417 IC124 RAMP67 (__3ZA2R7),__3ZA2R7,01 - Non intersection,03 - P.D. only,03 - Rear end,01 - Clear,01 - Daylight,01 - Dry,10 - No control,,3,0,0,0,,0,,,,,364360.2676,5027443.584,45.3844006,-75.73942943,12686
15--7706,2015/06/18,3:56 PM,METCALFE ST @ SLATER ST (0002233),2233,03 - At intersection,02 - Non-fatal injury,07 - SMV other,01 - Clear,01 - Daylight,01 - Dry,01 - Traffic signal,01 - Functioning,1,0,0,1,02 - Minor,1,,1,,,367730.9759,5031549.215,45.42104713,-75.69586651,12687
15--7707,2015/06/18,3:59 PM,HIGHWAY 417 btwn HWY417 IC119B RAMP57 & HWY417 IC119A RAMP75 (__3ZA1QN),__3ZA1QN,01 - Non intersection,03 - P.D. only,03 - Rear end,01 - Clear,01 - Daylight,01 - Dry,10 - No control,,2,0,0,0,,0,,,,,368588.7402,5030514.518,45.4116596,-75.68504102,12688
15--7708,2015/06/18,4:00 PM,PARSONS RIDGE RD btwn HUNGERFORD GT & MCCURDY DR (__3ZACXE),__3ZACXE,04 - At/near private drive,03 - P.D. only,06 - SMV unattended vehicle,01 - Clear,01 - Daylight,01 - Dry,10 - No control,,1,0,0,0,,0,,,,,352197.4915,5018155.469,45.30175306,-75.89562534,12689
15--7709,2015/06/18,4:02 PM,REGIONAL ROAD 174 EB btwn HWY417 IC113 RAMP65 & OR174 BLAIR IC112 RAMP51 (__3ZAZFJ),__3ZAZFJ,01 - Non intersection,03 - P.D. only,04 - Sideswipe,01 - Clear,01 - Daylight,01 - Dry,10 - No control,,2,0,0,0,,0,,,,,374720.5676,5032763.757,45.43131127,-75.6063913,12690
15--771,2015/01/13,12:42 PM,INNES RD @ STAR TOP RD/WINDMILL LANE (0008734),8734,03 - At intersection,03 - P.D. only,05 - Turning movement,01 - Clear,01 - Daylight,01 - Dry,01 - Traffic signal,01 - Functioning,2,0,0,0,,0,,,,,374146.7619,5030666.079,45.41249459,-75.61401912,12691
15--7710,2015/06/18,4:11 PM,MERIVALE RD btwn CLYDE AVE & GILBEY DR (__3ZA4HD),__3ZA4HD,01 - Non intersection,03 - P.D. only,05 - Turning movement,01 - Clear,01 - Daylight,01 - Dry,10 - No control,,2,0,1,0,,0,,,,,364601.409,5024575.237,45.35857113,-75.73669765,12692
15--7711,2015/06/18,4:15 PM,EDGEWATER ST btwn TERRY FOX DR & HAZELDEAN RD (__3ZBNCU),__3ZBNCU,01 - Non intersection,03 - P.D. only,03 - Rear end,01 - Clear,01 - Daylight,01 - Dry,10 - No control,,2,0,0,0,,0,,,,,351839.7978,5017655.374,45.29727712,-75.90023355,12693
15--7712,2015/06/18,4:59 PM,REGIONAL RD 174 EB btwn REGIONAL RD 174 & TRIM RD (__3ZA1L6),__3ZA1L6,01 - Non intersection,03 - P.D. only,03 - Rear end,01 - Clear,01 - Daylight,01 - Dry,10 - No control,,2,0,0,0,,0,,,,,384596.538,5040163.043,45.49682602,-75.47899081,12694
15--7713,2015/06/18,5:00 PM,DEAKIN ST @ PRINCE OF WALES DR (0001073),1073,02 - Intersection related,03 - P.D. only,04 - Sideswipe,01 - Clear,01 - Daylight,01 - Dry,01 - Traffic signal,01 - Functioning,2,0,0,0,,0,,,,,367391.4318,5021524.569,45.33087829,-75.70147536,12695
15--7714,2015/06/18,5:02 PM,CAHILL DR @ HUNT CLUB RD (0011394),11394,03 - At intersection,03 - P.D. only,02 - Angle,01 - Clear,01 - Daylight,01 - Dry,01 - Traffic signal,01 - Functioning,2,0,0,0,,0,,,,,372406.5983,5024543.949,45.35758043,-75.63708757,12696
15--7715,2015/06/18,5:07 PM,MACKAY ST btwn QUEEN VICTORIA ST & KEEFER ST (__3ZA8AZ),__3ZA8AZ,01 - Non intersection,03 - P.D. only,06 - SMV unattended vehicle,01 - Clear,01 - Daylight,01 - Dry,10 - No control,,1,0,0,0,,0,,,,,368409.5482,5033883.494,45.44198875,-75.68689502,12697
15--7716,2015/06/18,5:14 AM,BANK ST btwn CHAMBERLAIN AVE S & PRETORIA AVE (__3ZA3PL),__3ZA3PL,04 - At/near private drive,03 - P.D. only,04 - Sideswipe,01 - Clear,03 - Dawn,01 - Dry,10 - No control,,2,0,0,0,,0,,,,,368103.613,5030120.076,45.40815459,-75.69128899,12698
15--7717,2015/06/18,5:15 PM,MAIN ST btwn OBLATE AVE & HAZEL ST (__3ZA3B8),__3ZA3B8,01 - Non intersection,03 - P.D. only,03 - Rear end,01 - Clear,01 - Daylight,01 - Dry,10 - No control,,2,0,0,0,,0,,,,,369125.5592,5030267.416,45.40938712,-75.67821562,12699
15--7718,2015/06/18,5:16 PM,CYRVILLE RD btwn STAR TOP RD & MEADOWBROOK RD (__3ZA3SN),__3ZA3SN,04 - At/near private drive,03 - P.D. only,02 - Angle,01 - Clear,01 - Daylight,01 - Dry,10 - No control,,2,0,0,0,,0,,,,,374385.7308,5031326.565,45.41841358,-75.61087314,12700
15--7719,2015/06/18,5:46 PM,HWY 417 MARCH IC155R61 @ MARCH RD (0005675),5675,03 - At intersection,02 - Non-fatal injury,02 - Angle,01 - Clear,01 - Daylight,01 - Dry,02 - Stop sign,01 - Functioning,2,0,0,0,02 - Minor,3,,3,,,339741.5758,5019501.726,45.3145973,-76.05435254,12701
15--772,2015/01/13,12:44 PM,BLAIR RD btwn LAURA PRIV & BEAVERPOND DR (__3ZBN93),__3ZBN93,01 - Non intersection,03 - P.D. only,03 - Rear end,01 - Clear,01 - Daylight,06 - Ice,10 - No control,,3,0,0,0,,0,,,,,375304.6914,5032110.759,45.42537732,-75.59902041,12702
15--7720,2015/06/18,5:52 PM,HERON RD @ KALADAR AVE (0006960),6960,02 - Intersection related,03 - P.D. only,03 - Rear end,01 - Clear,01 - Daylight,01 - Dry,01 - Traffic signal,01 - Functioning,2,0,0,0,,0,,,,,369684.7594,5026805.158,45.37818328,-75.67152769,12703
15--7721,2015/06/18,5:57 PM,BANK ST btwn BLAIS RD & RIDEAU RD (__3ZA29L),__3ZA29L,01 - Non intersection,03 - P.D. only,03 - Rear end,01 - Clear,01 - Daylight,01 - Dry,10 - No control,,2,0,0,0,,0,,,,,376575.116,5018750.351,45.3050379,-75.58472843,12704
15--7722,2015/06/18,6:42 PM,ROCKCLIFFE PKWY btwn BIRCH AVE EXT./ROCKCLIFFE PKWY & ROCKCLIFFE PRKY  (__3ZA2ST),__3ZA2ST,01 - Non intersection,02 - Non-fatal injury,04 - Sideswipe,01 - Clear,01 - Daylight,01 - Dry,10 - No control,,2,1,0,0,03 - Major,1,,,1,,371323.0401,5035676.98,45.45785452,-75.64941408,12705
15--7723,2015/06/18,7:05 AM,BAY ST @ QUEEN ST (0006360),6360,02 - Intersection related,03 - P.D. only,99 - Other,01 - Clear,01 - Daylight,01 - Dry,01 - Traffic signal,01 - Functioning,2,0,0,0,,0,,,,,366898.9762,5031212.944,45.41809581,-75.70653917,12706
15--7724,2015/06/18,7:50 AM,JOCKVALE RD @ EXETER DR/TARTAN DR (0010065),10065,03 - At intersection,03 - P.D. only,03 - Rear end,01 - Clear,01 - Daylight,01 - Dry,11 - Roundabout,01 - Functioning,2,0,0,0,,0,,,,,363323.6795,5014773.056,45.27047928,-75.75416303,12707
15--7725,2015/06/18,7:51 PM,ELGIN ST @ LEWIS ST (0006884),6884,02 - Intersection related,02 - Non-fatal injury,07 - SMV other,02 - Rain,01 - Daylight,02 - Wet,02 - Stop sign,01 - Functioning,1,0,0,1,01 - Minimal,2,2,,,,368277.425,5031017.214,45.416211,-75.6889532,12708
15--7726,2015/06/18,7:55 PM,HIGHWAY 417 btwn HIGHWAY 417 & HWY417 IC140 RAMP51 (__3ZA20L),__3ZA20L,01 - Non intersection,02 - Non-fatal injury,07 - SMV other,02 - Rain,01 - Daylight,02 - Wet,10 - No control,,1,0,0,0,01 - Minimal,2,2,,,,349437.3395,5017657.855,45.29745618,-75.93086357,12709
15--7727,2015/06/18,8:04 AM,MARCH RD @ SOLANDT RD (0003172),3172,02 - Intersection related,03 - P.D. only,03 - Rear end,01 - Clear,01 - Daylight,01 - Dry,01 - Traffic signal,01 - Functioning,2,0,0,0,,0,,,,,350488.8878,5022710.142,45.34285035,-75.91699071,12710
15--7728,2015/06/18,8:23 AM,LABELLE ST/RAMP @ LEMIEUX ST/HWY417 IC115 RAMP (0012538),12538,03 - At intersection,02 - Non-fatal injury,02 - Angle,01 - Clear,01 - Daylight,01 - Dry,02 - Stop sign,01 - Functioning,2,0,0,0,02 - Minor,1,,1,,,372541.7204,5031687.488,45.42184197,-75.63438249,12711
15--7729,2015/06/18,8:25 AM,KENASTON ST btwn MARCHAND ST & ALGOMA RD (__5UZGFX),__5UZGFX,04 - At/near private drive,03 - P.D. only,05 - Turning movement,01 - Clear,01 - Daylight,01 - Dry,10 - No control,,2,0,0,0,,0,,,,,373291.0211,5031249.822,45.4178311,-75.62486973,12712
15--773,2015/01/13,2:07 PM,BEECHWOOD AVE @ CHARLEVOIX ST/MACKAY ST (0002248),2248,03 - At intersection,03 - P.D. only,02 - Angle,01 - Clear,01 - Daylight,02 - Wet,01 - Traffic signal,01 - Functioning,2,0,0,0,,0,,,,,369186.8349,5033593.797,45.43931102,-75.67699808,12713
15--7730,2015/06/18,8:28 AM,TWIN TER btwn SUNNYCREST DR & CORAL AVE (__3ZBOJ0),__3ZBOJ0,04 - At/near private drive,03 - P.D. only,06 - SMV unattended vehicle,01 - Clear,01 - Daylight,01 - Dry,10 - No control,,1,0,0,0,,0,,,,,365680.5532,5025505.242,45.36684627,-75.7228102,12714
15--7731,2015/06/18,8:33 AM,MERIVALE RD btwn VIEWMOUNT DR & COLONNADE RD (__3ZA33F),__3ZA33F,01 - Non intersection,02 - Non-fatal injury,03 - Rear end,01 - Clear,01 - Daylight,01 - Dry,10 - No control,,2,0,0,0,01 - Minimal,1,1,,,,365202.3458,5022930.567,45.34372111,-75.72922892,12715
15--7732,2015/06/18,8:40 AM,MONTREAL RD/HANNAH ST @ CODY AVE (0009349),9349,02 - Intersection related,03 - P.D. only,04 - Sideswipe,01 - Clear,01 - Daylight,01 - Dry,01 - Traffic signal,01 - Functioning,2,0,0,0,,0,,,,,370253.821,5033170.167,45.4354003,-75.66341749,12716
15--7733,2015/06/18,8:55 PM,RIVERSIDE DR @ TREMBLAY RD/HWY417 IC117 RAMP52 (0010790),10790,03 - At intersection,02 - Non-fatal injury,03 - Rear end,02 - Rain,05 - Dusk,02 - Wet,01 - Traffic signal,01 - Functioning,2,0,1,0,01 - Minimal,1,1,,,,370802.7988,5031015.548,45.41596235,-75.65669034,12717
15--7734,2015/06/18,8:55 PM,RIVERSIDE DR @ WALKLEY RD (0002158),2158,02 - Intersection related,03 - P.D. only,05 - Turning movement,01 - Clear,05 - Dusk,01 - Dry,01 - Traffic signal,00 - Unknown,2,0,0,0,,0,,,,,368418.7239,5024853.169,45.3607359,-75.68794262,12718
15--7735,2015/06/18,8:59 AM,COLONNADE RD @ MERIVALE RD (0004569),4569,02 - Intersection related,03 - P.D. only,04 - Sideswipe,01 - Clear,01 - Daylight,01 - Dry,01 - Traffic signal,01 - Functioning,2,0,0,0,,0,,,,,365364.4157,5022542.695,45.34021712,-75.72720848,12719
15--7736,2015/06/18,9:04 PM,CONROY RD @ WALKLEY RD (0002648),2648,02 - Intersection related,03 - P.D. only,04 - Sideswipe,02 - Rain,05 - Dusk,02 - Wet,01 - Traffic signal,00 - Unknown,2,0,0,0,,0,,,,,372903.7226,5027462.45,45.38379183,-75.63034077,12720
15--7737,2015/06/18,9:14 AM,CHURCHILL AVE @ RICHMOND RD (0002361),2361,02 - Intersection related,03 - P.D. only,04 - Sideswipe,01 - Clear,01 - Daylight,01 - Dry,01 - Traffic signal,01 - Functioning,2,0,0,0,,0,,,,,363226.9731,5028292.912,45.39213816,-75.75379954,12721
15--7738,2015/06/18,9:14 AM,INDUSTRIAL AVE btwn TRAINYARDS DR & RUSSELL RD (__3ZA3R9),__3ZA3R9,04 - At/near private drive,03 - P.D. only,04 - Sideswipe,01 - Clear,01 - Daylight,01 - Dry,10 - No control,,2,0,0,0,,0,,,,,371753.8224,5030526.866,45.41147505,-75.64460697,12722
15--7739,2015/06/18,9:19 AM,HUNT CLUB RD btwn LORRY GREENBERG DR & PIKE ST (__3ZA3S3),__3ZA3S3,01 - Non intersection,02 - Non-fatal injury,03 - Rear end,01 - Clear,01 - Daylight,01 - Dry,10 - No control,,3,0,0,0,02 - Minor,2,1,1,,,373208.6304,5025037.971,45.36194765,-75.62678346,12723
15--774,2015/01/13,2:15 PM,MCBEAN ST btwn BURKE ST & OTTAWA ST (__3ZA42S),__3ZA42S,01 - Non intersection,03 - P.D. only,06 - SMV unattended vehicle,01 - Clear,01 - Daylight,01 - Dry,10 - No control,,1,0,0,0,,0,,,,,357465.1034,5005451.823,45.18706767,-75.82980685,12724
15--7740,2015/06/18,9:26 PM,SOMERSET ST    W btwn PERCY ST & BAY ST (__3ZA3BA),__3ZA3BA,01 - Non intersection,02 - Non-fatal injury,07 - SMV other,01 - Clear,07 - Dark,01 - Dry,10 - No control,,1,0,0,1,02 - Minor,1,,1,,,367233.1679,5030638.442,45.41289688,-75.70234228,12725
15--7741,2015/06/18,9:34 PM,BOWESVILLE RD/EMERALD LINKS DR W @ MITCH OWENS (0005296),5296,03 - At intersection,02 - Non-fatal injury,02 - Angle,02 - Rain,07 - Dark,02 - Wet,02 - Stop sign,01 - Functioning,2,0,0,0,01 - Minimal,1,1,,,,374182.8524,5013709.999,45.25992668,-75.6159354,12726
15--7742,2015/06/18,9:37 PM,HINCKS LANE @ RIVERSIDE DR (0011354),11354,02 - Intersection related,03 - P.D. only,03 - Rear end,02 - Rain,07 - Dark,02 - Wet,01 - Traffic signal,01 - Functioning,2,0,0,0,,0,,,,,370165.3382,5030204.877,45.40872808,-75.66494173,12727
15--7743,2015/06/18,9:38 AM,SHEFFIELD RD @ WALKLEY RD (0005156),5156,03 - At intersection,02 - Non-fatal injury,05 - Turning movement,01 - Clear,01 - Daylight,01 - Dry,01 - Traffic signal,01 - Functioning,2,0,0,0,02 - Minor,1,,1,,,375258.4558,5028784.899,45.39545768,-75.60008656,12728
15--7744,2015/06/18,9:45 PM,BASELINE RD @ GREENBANK RD (0002357),2357,03 - At intersection,03 - P.D. only,05 - Turning movement,02 - Rain,07 - Dark,02 - Wet,01 - Traffic signal,01 - Functioning,2,0,0,0,,0,,,,,360596.2429,5022583.419,45.34097898,-75.78804003,12729
15--7745,2015/06/19,1:00 PM,ST. JOSEPH BLVD btwn COUSINEAU ST & DUSSERE ST (__3ZA2AL),__3ZA2AL,01 - Non intersection,03 - P.D. only,03 - Rear end,01 - Clear,01 - Daylight,01 - Dry,10 - No control,,2,0,0,0,,0,,,,,380724.0604,5037040.77,45.46916652,-75.52901514,12730
15--7746,2015/06/19,1:21 PM,WILLIAM ST btwn CLARENCE ST & YORK ST (__3ZA816),__3ZA816,01 - Non intersection,03 - P.D. only,99 - Other,01 - Clear,01 - Daylight,01 - Dry,10 - No control,,2,0,0,0,,0,,,,,367968.2441,5032399.856,45.42867952,-75.6927259,12731
15--7747,2015/06/19,1:24 PM,NORTH RIVER RD btwn SELKIRK ST & MCARTHUR AVE (__3ZA3U7),__3ZA3U7,04 - At/near private drive,03 - P.D. only,05 - Turning movement,01 - Clear,01 - Daylight,01 - Dry,10 - No control,,2,0,0,0,,0,,,,,369789.4959,5032739.061,45.4315647,-75.66940843,12732
15--7748,2015/06/19,10:19 AM,CARLING AVE/STATION RD @ MARCH RD (0002681),2681,02 - Intersection related,03 - P.D. only,03 - Rear end,01 - Clear,01 - Daylight,01 - Dry,01 - Traffic signal,01 - Functioning,2,0,0,0,,0,,,,,350909.0582,5022246.147,45.33864773,-75.91167269,12733
15--7749,2015/06/19,10:30 AM,LAPERRIERE AVE btwn CLYDE AVE & BELLEVUE AVE (__3ZAA6K),__3ZAA6K,04 - At/near private drive,02 - Non-fatal injury,05 - Turning movement,01 - Clear,01 - Daylight,01 - Dry,10 - No control,,2,0,0,0,01 - Minimal,1,1,,,,363723.1938,5026460.298,45.37560702,-75.74768136,12734
15--775,2015/01/13,2:41 PM,BANK ST @ WALKLEY RD (0011423),11423,02 - Intersection related,03 - P.D. only,04 - Sideswipe,01 - Clear,01 - Daylight,01 - Dry,01 - Traffic signal,01 - Functioning,2,0,0,0,,0,,,,,370338.8159,5025946.289,45.37039458,-75.66329132,12735
15--7750,2015/06/19,Unknown,SOJOURN ST btwn MARTELLO DR & BRIANNA WAY (__3ZACEZ),__3ZACEZ,01 - Non intersection,03 - P.D. only,06 - SMV unattended vehicle,01 - Clear,00 - Unknown,01 - Dry,10 - No control,,1,0,0,0,,0,,,,,385741.0277,5035823.968,45.45765554,-75.46506423,12736
15--7751,2015/06/19,Unknown,CATHERINE ST btwn ELGIN ST & QUEEN ELIZABETH DRWY (__3ZA257),__3ZA257,01 - Non intersection,03 - P.D. only,06 - SMV unattended vehicle,01 - Clear,00 - Unknown,01 - Dry,10 - No control,,1,0,0,0,,0,,,,,368582.2592,5030588.022,45.41232155,-75.6851143,12737
15--7752,2015/06/19,Unknown,OTTAWA RIVER PKWY EB btwn TRANSIT & TURN LANE (1) (__3ZA232),__3ZA232,01 - Non intersection,03 - P.D. only,03 - Rear end,01 - Clear,00 - Unknown,01 - Dry,10 - No control,,2,0,0,0,,0,,,,,363220.753,5029329.675,45.4014673,-75.75375619,12738
15--7753,2015/06/19,12:25 PM,HAZELDEAN RD btwn EDGEWATER ST & YOUNG RD (__3ZA3DM),__3ZA3DM,04 - At/near private drive,02 - Non-fatal injury,02 - Angle,01 - Clear,01 - Daylight,01 - Dry,10 - No control,,2,0,0,0,01 - Minimal,2,2,,,,352429.0495,5017445.434,45.29534832,-75.89274106,12739
15--7754,2015/06/19,12:43 PM,YORK ST btwn BY WARD MARKET SQ & WILLIAM ST (__3ZA81V),__3ZA81V,01 - Non intersection,03 - P.D. only,99 - Other,01 - Clear,01 - Daylight,01 - Dry,10 - No control,,2,0,0,0,,0,,,,,367949.0825,5032331.763,45.42806858,-75.69297949,12740
15--7755,2015/06/19,2:17 PM,CUMMINGS AVE @ MONTREAL RD (0007748),7748,02 - Intersection related,03 - P.D. only,03 - Rear end,01 - Clear,01 - Daylight,01 - Dry,01 - Traffic signal,01 - Functioning,2,0,0,0,,0,,,,,372006.987,5034039.505,45.44305588,-75.64089361,12741
15--7756,2015/06/19,2:18 PM,RIDEAU ST @ WURTEMBURG ST (0007118),7118,03 - At intersection,03 - P.D. only,05 - Turning movement,01 - Clear,01 - Daylight,01 - Dry,01 - Traffic signal,01 - Functioning,2,0,0,0,,0,,,,,369357.4269,5032924.508,45.43327329,-75.67490555,12742
15--7757,2015/06/19,2:30 PM,VANIER PKWY SB btwn RIVERSIDE DR & TO BE DETERMINED (__3ZA1Q9),__3ZA1Q9,07 - Overpass or bridge,03 - P.D. only,03 - Rear end,01 - Clear,01 - Daylight,01 - Dry,10 - No control,,3,0,0,0,,0,,,,,370802.9754,5031202.642,45.41764573,-75.65666303,12743
15--7758,2015/06/19,2:50 PM,KING EDWARD AVE @ ST. PATRICK ST (0002714),2714,03 - At intersection,03 - P.D. only,02 - Angle,01 - Clear,01 - Daylight,01 - Dry,01 - Traffic signal,01 - Functioning,2,0,0,0,,0,,,,,368247.9806,5032822.508,45.43245707,-75.68909684,12744
15--7759,2015/06/19,3:17 PM,MERIVALE RD btwn CLYDE AVE & RITA AVE (__3ZA4H7),__3ZA4H7,01 - Non intersection,03 - P.D. only,03 - Rear end,01 - Clear,01 - Daylight,01 - Dry,10 - No control,,2,0,0,0,,0,,,,,364562.429,5024411.913,45.35710488,-75.73721489,12745
15--776,2015/01/13,2:54 PM,ALTA VISTA DR btwn HERON RD & RIDGEMONT AVE (__3ZA862),__3ZA862,04 - At/near private drive,03 - P.D. only,02 - Angle,01 - Clear,01 - Daylight,02 - Wet,10 - No control,,2,0,0,0,,0,,,,,370511.8442,5026755.754,45.37766168,-75.66097488,12746
15--7760,2015/06/19,3:26 PM,ST. LAURENT BLVD @ COVENTRY RD/OGILVIE RD (0002151),2151,02 - Intersection related,03 - P.D. only,04 - Sideswipe,01 - Clear,01 - Daylight,01 - Dry,01 - Traffic signal,00 - Unknown,2,0,0,0,,0,,,,,372306.4402,5031951.935,45.42424408,-75.63735237,12747
15--7761,2015/06/19,3:28 PM,WEST HUNT CLUB RD @ WOODROFFE AVE (0000576),576,02 - Intersection related,03 - P.D. only,03 - Rear end,01 - Clear,01 - Daylight,01 - Dry,01 - Traffic signal,01 - Functioning,2,0,0,0,,0,,,,,363670.691,5021244.687,45.32868191,-75.74897262,12748
15--7762,2015/06/19,3:35 PM,LISGAR RD btwn PARK RD & WILLINGDON RD (__3ZA8EA),__3ZA8EA,01 - Non intersection,03 - P.D. only,04 - Sideswipe,01 - Clear,01 - Daylight,01 - Dry,10 - No control,,2,0,0,0,,0,,,,,368547.9538,5034660.572,45.44896799,-75.68502532,12749
15--7763,2015/06/19,4:17 PM,CARRUTHERS AVE @ SCOTT ST (0006480),6480,03 - At intersection,03 - P.D. only,05 - Turning movement,01 - Clear,01 - Daylight,01 - Dry,01 - Traffic signal,01 - Functioning,2,0,0,0,,0,,,,,365154.7324,5029847.701,45.40596432,-75.72899111,12750
15--7764,2015/06/19,4:20 PM,MAPLE GROVE RD @ TERRY FOX DR (0003177),3177,03 - At intersection,02 - Non-fatal injury,05 - Turning movement,01 - Clear,01 - Daylight,01 - Dry,01 - Traffic signal,01 - Functioning,2,0,0,0,02 - Minor,1,,1,,,351554.3293,5017863.383,45.29916789,-75.90385352,12751
15--7765,2015/06/19,4:34 PM,INNES RD @ WILDFLOWER DR (0012871),12871,03 - At intersection,03 - P.D. only,03 - Rear end,01 - Clear,01 - Daylight,01 - Dry,01 - Traffic signal,01 - Functioning,2,0,0,0,,0,,,,,382936.0345,5035690.195,45.45677128,-75.50094537,12752
15--7766,2015/06/19,4:51 PM,HIGHWAY 417 btwn HWY417 IC121A RAMP16 & HWY417 IC121A RAMP61 (__3ZA2YY),__3ZA2YY,01 - Non intersection,02 - Non-fatal injury,03 - Rear end,01 - Clear,01 - Daylight,01 - Dry,10 - No control,,2,0,0,0,03 - Major,1,,,1,,367282.9362,5029767.598,45.40505684,-75.70181687,12753
15--7767,2015/06/19,4:52 PM,BASELINE RD btwn CLYDE AVE & 207 E OF CLYDE AVE (__3ZA4ISA),__3ZA4ISA,01 - Non intersection,02 - Non-fatal injury,03 - Rear end,01 - Clear,01 - Daylight,01 - Dry,10 - No control,,2,0,0,0,02 - Minor,1,,1,,,364448.7934,5024948.531,45.36194298,-75.73860041,12754
15--7875,2015/06/22,4:57 PM,ST. LAURENT BLVD @ COVENTRY RD/OGILVIE RD (0002151),2151,02 - Intersection related,03 - P.D. only,05 - Turning movement,01 - Clear,01 - Daylight,01 - Dry,01 - Traffic signal,01 - Functioning,2,0,0,0,,0,,,,,372305.7195,5031950.494,45.42423118,-75.63736178,12755
15--7243,2015/06/06,9:50 AM,JEANNE D'ARC BLVD  S btwn ORLEANS BLVD & MONTCERF CRT (__3ZA2BP),__3ZA2BP,04 - At/near private drive,03 - P.D. only,02 - Angle,01 - Clear,01 - Daylight,01 - Dry,10 - No control,,2,0,0,0,,0,,,,,381040.204,5036270.399,45.46220091,-75.52509209,12756
15--7244,2015/06/07,1:18 PM,INNES RD @ JEANNE D'ARC BLVD/MER BLEUE RD (0012475),12475,02 - Intersection related,02 - Non-fatal injury,03 - Rear end,01 - Clear,01 - Daylight,01 - Dry,01 - Traffic signal,01 - Functioning,2,0,0,0,01 - Minimal,1,1,,,,382637.0329,5035567.914,45.45570447,-75.50478721,12757
15--7963,2015/06/24,5:58 PM,FOURTH AVE btwn BRONSON AVE & CHRYSLER ST (__3ZA9MX),__3ZA9MX,01 - Non intersection,03 - P.D. only,06 - SMV unattended vehicle,01 - Clear,01 - Daylight,01 - Dry,10 - No control,,1,0,0,0,,0,,,,,367599.5694,5029019.29,45.39829545,-75.69786775,12758
15--7876,2015/06/22,5:00 PM,TERRY FOX DR @ PALLADIUM DR/KATIMAVIK RD (0011858),11858,02 - Intersection related,02 - Non-fatal injury,03 - Rear end,01 - Clear,01 - Daylight,01 - Dry,01 - Traffic signal,01 - Functioning,2,0,0,0,01 - Minimal,1,1,,,,351271.1594,5018182.136,45.3020549,-75.90743404,12759
15--7245,2015/06/07,1:30 AM,RICARDO ST btwn CHARDONNAY DR & REXTON ST (__4LNN3L),__4LNN3L,01 - Non intersection,03 - P.D. only,06 - SMV unattended vehicle,01 - Clear,07 - Dark,01 - Dry,10 - No control,,1,0,0,0,,0,,,,,384979.249,5036317.387,45.46218269,-75.47472252,12760
15--7964,2015/06/24,6:00 PM,EAGLESON RD @ HAZELDEAN RD/ROBERTSON RD (0002715),2715,02 - Intersection related,02 - Non-fatal injury,04 - Sideswipe,01 - Clear,01 - Daylight,01 - Dry,01 - Traffic signal,01 - Functioning,2,0,0,0,01 - Minimal,1,1,,,,353672.9042,5018423.379,45.30406267,-75.87678675,12761