Anom_ID,Accident_Date,Accident_Time,Location,Geo_ID,Accident_Location,Classification_of_Accident,Initial_Impact_Type,Environment_Condition,Light,Road_Surface_Condition,Traffic_Control,Traffic_Control_Condition,No__of_Vehicles,No__of_Bicycles,No__of_Motorcycles,No__of_Pedestrians,Max_Injury,No__of_Injuries,No__of_Minimal,No__of_Minor,No__of_Major,No__of_Fatal,X,Y,Latitude,Longitude,ObjectId
15--7877,2015/06/22,5:08 AM,SPRATT RD btwn SHORELINE DR & SHORELINE DR (__3ZAZTT),__3ZAZTT,01 - Non intersection,03 - P.D. only,07 - SMV other,01 - Clear,03 - Dawn,01 - Dry,10 - No control,,1,0,0,0,,0,,,,,368453.7602,5015475.828,45.27635712,-75.68870052,12762
15--7246,2015/06/07,2:06 PM,GREENBANK RD @ BELLMAN DR/BATEMAN DR (0000153),153,02 - Intersection related,03 - P.D. only,03 - Rear end,01 - Clear,01 - Daylight,01 - Dry,01 - Traffic signal,01 - Functioning,2,0,0,0,,0,,,,,361256.6755,5021017.129,45.32683269,-75.77979225,12763
15--7965,2015/06/24,6:00 PM,INNES RD @ PORTOBELLO BLVD (0009187),9187,03 - At intersection,02 - Non-fatal injury,02 - Angle,01 - Clear,01 - Daylight,01 - Dry,01 - Traffic signal,01 - Functioning,2,1,0,0,01 - Minimal,1,1,,,,385630.3283,5036892.191,45.46727919,-75.4663038,12764
15--7878,2015/06/22,5:22 PM,WEST HUNT CLUB RD btwn PRINCE OF WALES DR & HUNT CLUB RD (__3ZA2T4),__3ZA2T4,01 - Non intersection,03 - P.D. only,03 - Rear end,01 - Clear,01 - Daylight,01 - Dry,10 - No control,,2,0,0,0,,0,,,,,367622.4124,5021884.081,45.33409247,-75.69848323,12765
15--7879,2015/06/22,6:16 PM,DOVERCOURT AVE @ MANSFIELD AVE (0006739),6739,03 - At intersection,03 - P.D. only,02 - Angle,01 - Clear,01 - Daylight,01 - Dry,02 - Stop sign,01 - Functioning,2,0,0,0,,0,,,,,362686.4174,5026995.465,45.3805088,-75.76085484,12766
15--788,2015/01/13,4:20 PM,FRANK ST btwn METCALFE ST & JACK PURCELL LANE (__3ZA9T7),__3ZA9T7,01 - Non intersection,03 - P.D. only,06 - SMV unattended vehicle,01 - Clear,01 - Daylight,01 - Dry,10 - No control,,1,0,0,0,,0,,,,,368203.6987,5030811.094,45.41436308,-75.68992162,12767
15--7880,2015/06/22,7:00 PM,HIGHWAY 417 btwn HWY417 IC163 RAMP51 & HWY417 IC163 RAMP15 (__34IVFY),__34IVFY,01 - Non intersection,03 - P.D. only,07 - SMV other,01 - Clear,01 - Daylight,01 - Dry,10 - No control,,1,0,0,0,,0,,,,,331006.5647,5021531.918,45.33324645,-76.16564986,12768
15--7881,2015/06/22,7:15 PM,FISHER AVE btwn TRENT ST & 220 S OF TRENT ST (__3ZA30SA),__3ZA30SA,04 - At/near private drive,02 - Non-fatal injury,05 - Turning movement,01 - Clear,01 - Daylight,01 - Dry,10 - No control,,2,1,0,0,02 - Minor,1,,1,,,365790.9066,5026910.882,45.37948435,-75.721228,12769
15--7882,2015/06/22,7:38 AM,PRINCE OF WALES DR @ RIDEAU HEIGHTS DR/WELLSME (0009786),9786,02 - Intersection related,02 - Non-fatal injury,03 - Rear end,01 - Clear,01 - Daylight,01 - Dry,02 - Stop sign,00 - Unknown,3,0,0,0,02 - Minor,1,,1,,,367388.0964,5022363.09,45.33842345,-75.70141186,12770
15--7883,2015/06/22,7:46 AM,GLADSTONE AVE @ SHERBROOKE AVE (0006162),6162,03 - At intersection,03 - P.D. only,02 - Angle,01 - Clear,01 - Daylight,01 - Dry,02 - Stop sign,01 - Functioning,2,0,0,0,,0,,,,,365523.2608,5029252.483,45.40057682,-75.72435702,12771
15--7884,2015/06/22,8:30 AM,IMPERIAL AVE btwn BRONSON AVE & CHAMBERLAIN AVE (__3ZA3O5),__3ZA3O5,04 - At/near private drive,03 - P.D. only,04 - Sideswipe,01 - Clear,01 - Daylight,01 - Dry,10 - No control,,2,0,0,0,,0,,,,,367348.9736,5029661.93,45.40410017,-75.70098676,12772
15--7885,2015/06/22,8:34 AM,JEANNE D'ARC BLVD @ OR174 IC105 RAMP52 (0012417),12417,02 - Intersection related,03 - P.D. only,03 - Rear end,01 - Clear,01 - Daylight,01 - Dry,01 - Traffic signal,01 - Functioning,3,0,0,0,,0,,,,,379455.4502,5036917.291,45.46819231,-75.54525574,12773
15--7886,2015/06/22,8:46 AM,BRONSON AVE btwn CARLING AVE & FIRST AVE (__3ZA3OQ),__3ZA3OQ,01 - Non intersection,03 - P.D. only,03 - Rear end,01 - Clear,01 - Daylight,01 - Dry,10 - No control,,2,0,0,0,,0,,,,,367467.8872,5029289.076,45.4007347,-75.69951527,12774
15--7887,2015/06/22,8:52 AM,TENTH LINE RD @ CHARLEMAGNE BLVD N/TOMPKINS AV (0009222),9222,02 - Intersection related,03 - P.D. only,03 - Rear end,01 - Clear,01 - Daylight,01 - Dry,01 - Traffic signal,01 - Functioning,2,0,0,0,,0,,,,,383184.4501,5037977.622,45.47732368,-75.49740479,12775
15--7888,2015/06/22,9:23 AM,MAITLAND AVE btwn TERREBONNE DR & CAMEO DR (__3ZBOC9),__3ZBOC9,04 - At/near private drive,02 - Non-fatal injury,03 - Rear end,01 - Clear,01 - Daylight,01 - Dry,10 - No control,,2,0,0,0,02 - Minor,1,,1,,,364022.2135,5025135.156,45.36365837,-75.74402273,12776
15--7889,2015/06/22,9:52 PM,PRINCE OF WALES DR @ WEST HUNT CLUB RD (0000567),567,03 - At intersection,03 - P.D. only,02 - Angle,01 - Clear,07 - Dark,01 - Dry,01 - Traffic signal,01 - Functioning,2,0,0,0,,0,,,,,367459.431,5021890.422,45.3341641,-75.70056161,12777
15--789,2015/01/13,4:27 PM,SECOND AVE btwn LYON ST S & BANK ST (__3ZA92B),__3ZA92B,01 - Non intersection,03 - P.D. only,06 - SMV unattended vehicle,01 - Clear,01 - Daylight,03 - Loose snow,10 - No control,,1,0,0,0,,0,,,,,368211.8008,5029571.885,45.40321234,-75.68997751,12778
15--7890,2015/06/23,1:20 PM,BELFAST RD @ ST. LAURENT BLVD (0007658),7658,03 - At intersection,02 - Non-fatal injury,05 - Turning movement,01 - Clear,01 - Daylight,01 - Dry,01 - Traffic signal,01 - Functioning,3,0,0,0,02 - Minor,2,1,1,,,372860.0034,5030578.202,45.41183024,-75.63046909,12779
15--7891,2015/06/23,10:30 AM,HAZELDEAN RD @ TERRY FOX DR (0003682),3682,02 - Intersection related,03 - P.D. only,03 - Rear end,01 - Clear,01 - Daylight,01 - Dry,01 - Traffic signal,01 - Functioning,2,0,0,0,,0,,,,,352206.8903,5017242.091,45.29353362,-75.89559282,12780
15--7892,2015/06/23,10:34 PM,KINSELLA DR @ OLD MONTREAL RD (0004769),4769,02 - Intersection related,03 - P.D. only,07 - SMV other,01 - Clear,07 - Dark,01 - Dry,02 - Stop sign,01 - Functioning,1,0,0,0,,0,,,,,392417.3362,5042726.485,45.51895035,-75.37848295,12781
15--7893,2015/06/23,10:48 PM,RUSSELL RD btwn MILTON RD & SAND RD (__3ZA3XZ),__3ZA3XZ,01 - Non intersection,03 - P.D. only,07 - SMV other,01 - Clear,07 - Dark,01 - Dry,10 - No control,,1,0,0,0,,0,,,,,390622.1418,5025708.971,45.3660692,-75.40442515,12782
15--7894,2015/06/23,11:00 AM,HUNTER CRES @ WOODS RD (0001579),1579,03 - At intersection,03 - P.D. only,02 - Angle,01 - Clear,01 - Daylight,01 - Dry,02 - Stop sign,01 - Functioning,2,0,0,0,,0,,,,,337876.5448,5039050.277,45.49059222,-76.07682742,12783
15--7895,2015/06/23,11:02 PM,CARLING AVE @ PRESTON ST (0002161),2161,02 - Intersection related,03 - P.D. only,04 - Sideswipe,01 - Clear,07 - Dark,01 - Dry,01 - Traffic signal,01 - Functioning,2,0,0,0,,0,,,,,366829.71,5028935.193,45.39760739,-75.7077107,12784
15--7896,2015/06/23,11:20 AM,HIGHWAY 417 btwn HWY417 IC122 RAMP51 & HWY417 IC122 RAMP15 (__3ZA2R0),__3ZA2R0,01 - Non intersection,03 - P.D. only,07 - SMV other,01 - Clear,01 - Daylight,01 - Dry,10 - No control,,1,0,0,0,,0,,,,,365340.3083,5028875.88,45.39720407,-75.72673996,12785
15--7897,2015/06/23,11:40 AM,HAZELDEAN RD @ TERRY FOX DR (0003682),3682,02 - Intersection related,02 - Non-fatal injury,03 - Rear end,01 - Clear,01 - Daylight,01 - Dry,01 - Traffic signal,01 - Functioning,2,0,0,0,01 - Minimal,1,1,,,,352206.1696,5017242.811,45.29354014,-75.89560194,12786
15--7898,2015/06/23,11:45 AM,MAPLE GROVE RD @ TERRY FOX DR (0003177),3177,02 - Intersection related,03 - P.D. only,03 - Rear end,01 - Clear,01 - Daylight,01 - Dry,01 - Traffic signal,01 - Functioning,2,0,0,0,,0,,,,,351553.6086,5017863.383,45.29916794,-75.90386271,12787
15--7899,2015/06/23,11:48 AM,INNES RD btwn FRANK KENNY RD E & FRANK KENNY RD W (__61W6XC),__61W6XC,01 - Non intersection,03 - P.D. only,07 - SMV other,02 - Rain,01 - Daylight,02 - Wet,10 - No control,,1,0,0,0,,0,,,,,387726.5099,5037692.382,45.47423274,-75.43936637,12788
15--79,2015/01/03,3:06 PM,KING EDWARD AVE @ RIDEAU ST (0002121),2121,02 - Intersection related,03 - P.D. only,03 - Rear end,03 - Snow,01 - Daylight,03 - Loose snow,01 - Traffic signal,01 - Functioning,3,0,0,0,,0,,,,,368510.7433,5032414.071,45.42875822,-75.68579176,12789
15--790,2015/01/13,4:31 PM,BANKFIELD RD btwn PRINCE OF WALES DR & FIRST LINE RD (__3ZA2XY),__3ZA2XY,01 - Non intersection,03 - P.D. only,03 - Rear end,03 - Snow,05 - Dusk,03 - Loose snow,10 - No control,,2,0,0,0,,0,,,,,366640.8947,5009134.904,45.21946339,-75.71259292,12790
15--7900,2015/06/23,Unknown,LEATHERWOOD CRES btwn FENCEROW WAY & FENCEROW WAY (__33D40Y),__33D40Y,01 - Non intersection,03 - P.D. only,06 - SMV unattended vehicle,01 - Clear,00 - Unknown,01 - Dry,10 - No control,,1,0,0,0,,0,,,,,365352.6008,5013420.233,45.25813482,-75.7284733,12791
15--7901,2015/06/23,12:45 PM,HIGHWAY 417 btwn HWY417 IC117 RAMP51 & HWY417 IC117 RAMP35 (__3ZA2YN),__3ZA2YN,01 - Non intersection,03 - P.D. only,03 - Rear end,01 - Clear,01 - Daylight,01 - Dry,10 - No control,,3,0,0,0,,0,,,,,370727.7099,5031174.753,45.41740189,-75.65762834,12792
15--7902,2015/06/23,2:20 PM,RENAUD RD btwn NAVAN RD & WHITE ST (__3ZBN8V),__3ZBN8V,01 - Non intersection,03 - P.D. only,99 - Other,01 - Clear,01 - Daylight,01 - Dry,10 - No control,,2,0,0,0,,0,,,,,382079.1034,5032898.351,45.43174785,-75.51233897,12793
15--7903,2015/06/23,2:30 PM,LAURELWOOD PL btwn AUTUMN RIDGE DR & AUTUMN RIDGE DR (__3ZA48O),__3ZA48O,01 - Non intersection,03 - P.D. only,07 - SMV other,01 - Clear,01 - Daylight,01 - Dry,10 - No control,,1,0,0,0,,0,,,,,380472.3759,5035899.873,45.45892895,-75.53240908,12794
15--7904,2015/06/23,2:45 PM,GRASSY PLAINS DR @ MEADOWBREEZE DR E (0009108),9108,03 - At intersection,03 - P.D. only,03 - Rear end,01 - Clear,01 - Daylight,01 - Dry,02 - Stop sign,00 - Unknown,2,0,0,0,,0,,,,,356074.568,5015754.201,45.27987373,-75.8464393,12795
15--7905,2015/06/23,2:50 PM,KANATA AVE btwn CAMPEAU DR & EARL GREY DR (__3ZAZO5),__3ZAZO5,01 - Non intersection,03 - P.D. only,04 - Sideswipe,01 - Clear,01 - Daylight,01 - Dry,10 - No control,,2,0,0,0,,0,,,,,350936.6191,5019282.854,45.31198151,-75.91159716,12796
15--7906,2015/06/23,3:00 PM,STITTSVILLE MAIN ST @ ORVILLE ST (0000085),85,02 - Intersection related,03 - P.D. only,03 - Rear end,01 - Clear,01 - Daylight,01 - Dry,02 - Stop sign,00 - Unknown,2,0,0,0,,0,,,,,350312.7239,5013247.42,45.25771349,-75.92010717,12797
15--7907,2015/06/23,3:02 PM,MERIVALE RD @ WEST HUNT CLUB RD (0000584),584,02 - Intersection related,03 - P.D. only,02 - Angle,01 - Clear,01 - Daylight,01 - Dry,01 - Traffic signal,01 - Functioning,2,0,0,0,,0,,,,,365612.6952,5021940.696,45.33477893,-75.72411475,12798
15--7908,2015/06/23,3:10 PM,ST. JOSEPH BLVD @ JEANNE D'ARC BLVD (0012421),12421,03 - At intersection,03 - P.D. only,02 - Angle,01 - Clear,01 - Daylight,01 - Dry,11 - Roundabout,01 - Functioning,2,0,0,0,,0,,,,,379861.2494,5036473.544,45.46415632,-75.5401346,12799
15--7909,2015/06/23,3:19 PM,BESSERER ST @ WALLER ST (0008859),8859,03 - At intersection,03 - P.D. only,04 - Sideswipe,01 - Clear,01 - Daylight,01 - Dry,01 - Traffic signal,01 - Functioning,2,0,0,0,,0,,,,,368316.654,5032191.617,45.42677431,-75.68830062,12800
15--791,2015/01/13,4:40 PM,HUNTMAR DR btwn CAMPEAU DR & RICHARDSON SIDE RD (__3ZBN0Y),__3ZBN0Y,01 - Non intersection,03 - P.D. only,07 - SMV other,01 - Clear,05 - Dusk,05 - Packed snow,10 - No control,,1,0,0,0,,0,,,,,348310.754,5018873.065,45.30846171,-75.94512045,12801
15--7910,2015/06/23,3:35 PM,CYRVILLE RD @ INNES RD (0009352),9352,02 - Intersection related,03 - P.D. only,04 - Sideswipe,01 - Clear,01 - Daylight,01 - Dry,01 - Traffic signal,01 - Functioning,2,0,0,0,,0,,,,,375047.7247,5031119.925,45.41648819,-75.60244506,12802
15--7911,2015/06/23,3:48 PM,YORK ST WB btwn BYWARD MARKE SQ & SUSSEX DR (__3ZA1B0),__3ZA1B0,01 - Non intersection,03 - P.D. only,06 - SMV unattended vehicle,01 - Clear,01 - Daylight,01 - Dry,10 - No control,,1,0,0,0,,0,,,,,367857.6171,5032298.542,45.42777792,-75.69415252,12803
15--7912,2015/06/23,4:00 PM,HIGHWAY 417 btwn HWY417 IC110 RAMP55 & HWY417 IC104 RAMP51 (__3ZA2W8),__3ZA2W8,01 - Non intersection,03 - P.D. only,03 - Rear end,01 - Clear,01 - Daylight,01 - Dry,10 - No control,,2,0,0,0,,0,,,,,376521.9358,5027500.549,45.38377352,-75.58413778,12804
15--7913,2015/06/23,4:05 PM,STITTSVILLE MAIN ST @ HAZELDEAN RD (0000050),50,02 - Intersection related,03 - P.D. only,03 - Rear end,02 - Rain,01 - Daylight,02 - Wet,01 - Traffic signal,01 - Functioning,2,0,0,0,,0,,,,,349557.6774,5014877.636,45.2724312,-75.9295801,12805
15--7914,2015/06/23,4:08 PM,WALKLEY RD btwn GLENHAVEN PRIV & BANK ST (__3ZA373),__3ZA373,01 - Non intersection,03 - P.D. only,04 - Sideswipe,01 - Clear,01 - Daylight,01 - Dry,10 - No control,,2,0,0,0,,0,,,,,370267.8159,5025906.58,45.37004393,-75.66420292,12806
15--7915,2015/06/23,4:12 PM,LABELLE ST btwn RAMP & MICHAEL ST (__3ZA8LA),__3ZA8LA,04 - At/near private drive,03 - P.D. only,06 - SMV unattended vehicle,01 - Clear,01 - Daylight,01 - Dry,10 - No control,,1,0,0,0,,0,,,,,372566.2249,5031692.533,45.42188499,-75.63406871,12807
15--7916,2015/06/23,4:15 PM,MCARTHUR AVE @ OLMSTEAD ST (0009808),9808,03 - At intersection,03 - P.D. only,02 - Angle,01 - Clear,01 - Daylight,01 - Dry,01 - Traffic signal,01 - Functioning,2,0,0,0,,0,,,,,370481.265,5032724.311,45.43136735,-75.66057026,12808
15--7917,2015/06/23,4:20 PM,GLADSTONE AVE @ PRESTON ST (0002212),2212,02 - Intersection related,03 - P.D. only,03 - Rear end,01 - Clear,01 - Daylight,01 - Dry,01 - Traffic signal,01 - Functioning,2,0,0,0,,0,,,,,366490.4267,5029712.919,45.40463514,-75.71194658,12809
15--7918,2015/06/23,4:25 PM,HIGHWAY 417 btwn HIGHWAY 417 & HWY417 IC115 RAMP25 (__3ZA2RX),__3ZA2RX,01 - Non intersection,03 - P.D. only,04 - Sideswipe,01 - Clear,01 - Daylight,01 - Dry,10 - No control,,2,0,0,0,,0,,,,,372623.0614,5031520.693,45.42033334,-75.63336618,12810
15--7919,2015/06/23,4:31 PM,LONGFIELDS DR btwn BILL LEATHEM DR & WOODROFFE AVE (__4V7QOB),__4V7QOB,01 - Non intersection,02 - Non-fatal injury,07 - SMV other,01 - Clear,01 - Daylight,01 - Dry,10 - No control,,1,0,0,0,02 - Minor,1,,1,,,365820.286,5017405.756,45.29395599,-75.72202497,12811
15--792,2015/01/13,4:59 PM,REGIONAL RD 174 @ TRIM RD (0012835),12835,02 - Intersection related,03 - P.D. only,03 - Rear end,01 - Clear,05 - Dusk,01 - Dry,01 - Traffic signal,01 - Functioning,2,0,0,0,,0,,,,,384350.8894,5039989.859,45.49529593,-75.48216149,12812
15--7920,2015/06/23,5:01 PM,CONROY RD @ THURSTON DR (0011389),11389,02 - Intersection related,03 - P.D. only,03 - Rear end,01 - Clear,01 - Daylight,01 - Dry,01 - Traffic signal,01 - Functioning,2,0,0,0,,0,,,,,373203.8098,5026796.498,45.37777064,-75.62660148,12813
15--7921,2015/06/23,5:21 PM,FALLOWFIELD RD @ HWY 416 FALLOWFI IC66R24 (0005506),5506,03 - At intersection,03 - P.D. only,02 - Angle,01 - Clear,01 - Daylight,01 - Dry,02 - Stop sign,01 - Functioning,2,0,0,0,,0,,,,,360279.1125,5014852.675,45.27144248,-75.79295163,12814
15--7922,2015/06/23,5:22 PM,ELGIN ST btwn MACLAREN ST & GILMOUR ST (__3ZA34X),__3ZA34X,01 - Non intersection,03 - P.D. only,04 - Sideswipe,01 - Clear,01 - Daylight,01 - Dry,10 - No control,,2,0,0,0,,0,,,,,368221.6864,5031102.431,45.4169828,-75.68965433,12815
15--7923,2015/06/23,5:24 PM,BLACKBURN BYPASS EB btwn NAVAN RD & INNES RD E (__3ZA3JA),__3ZA3JA,01 - Non intersection,02 - Non-fatal injury,03 - Rear end,01 - Clear,01 - Daylight,01 - Dry,10 - No control,,2,0,0,0,02 - Minor,2,1,1,,,379766.5227,5033584.448,45.43817257,-75.54178608,12816
15--7924,2015/06/23,5:57 PM,CONROY RD @ HUNT CLUB RD (0002257),2257,02 - Intersection related,03 - P.D. only,03 - Rear end,01 - Clear,01 - Daylight,01 - Dry,01 - Traffic signal,01 - Functioning,2,0,0,0,,0,,,,,373762.2986,5025404.162,45.36518824,-75.61966578,12817
15--7925,2015/06/23,6:07 PM,COLONNADE RD btwn COLONNADE RD S & PRINCE OF WALES DR (__3ZA9WU),__3ZA9WU,01 - Non intersection,03 - P.D. only,05 - Turning movement,01 - Clear,01 - Daylight,01 - Dry,10 - No control,,2,0,0,0,,0,,,,,367294.7234,5023218.713,45.3461305,-75.70249505,12818
15--7926,2015/06/23,6:28 PM,HWY 417 MOODIE IC134R52 @ MOODIE DR (0000553),553,02 - Intersection related,03 - P.D. only,03 - Rear end,01 - Clear,01 - Daylight,01 - Dry,01 - Traffic signal,02 - Not functioning,2,0,0,0,,0,,,,,356457.3954,5022043.104,45.33643415,-75.84090447,12819
15--7927,2015/06/23,6:56 PM,ALBERT ST btwn METCALFE ST & ELGIN ST (__3ZA353),__3ZA353,01 - Non intersection,03 - P.D. only,04 - Sideswipe,01 - Clear,01 - Daylight,01 - Dry,10 - No control,,2,0,0,0,,0,,,,,367831.2521,5031703.293,45.42242444,-75.69456559,12820
15--7928,2015/06/23,7:30 AM,HIGHWAY 417 btwn HWY417 IC129 RAMP51 & HWY417 IC129 RAMP35 (__3ZA2X9),__3ZA2X9,01 - Non intersection,03 - P.D. only,03 - Rear end,01 - Clear,01 - Daylight,01 - Dry,10 - No control,,2,0,0,0,,0,,,,,360304.7734,5023411.958,45.34845729,-75.79166592,12821
15--7929,2015/06/23,7:46 PM,BLAIR RD @ REGIONAL RD 174 N/OR174 IC112 RAMP61 (0003617),3617,03 - At intersection,03 - P.D. only,05 - Turning movement,01 - Clear,01 - Daylight,01 - Dry,01 - Traffic signal,01 - Functioning,2,0,0,0,,0,,,,,374634.7313,5032990.494,45.43335991,-75.60745603,12822
15--793,2015/01/13,5:05 PM,BLACKBURN AVE @ SOMERSET ST (0008457),8457,02 - Intersection related,03 - P.D. only,01 - Approaching,01 - Clear,05 - Dusk,04 - Slush,02 - Stop sign,00 - Unknown,2,0,0,0,,0,,,,,369408.2591,5031949.151,45.42449271,-75.6743839,12823
15--7930,2015/06/23,8:00 AM,CEDARVIEW RD @ FALLOWFIELD RD (0001603),1603,02 - Intersection related,03 - P.D. only,03 - Rear end,01 - Clear,01 - Daylight,01 - Dry,01 - Traffic signal,01 - Functioning,2,0,0,0,,0,,,,,361294.6672,5015662.64,45.27864975,-75.77991784,12824
15--7931,2015/06/23,8:31 PM,KENZIE ST btwn LAPERRIERE AVE & WOODWARD AVE (__3ZBOOE),__3ZBOOE,01 - Non intersection,03 - P.D. only,06 - SMV unattended vehicle,01 - Clear,05 - Dusk,01 - Dry,10 - No control,,1,0,0,0,,0,,,,,364614.4937,5026942.594,45.37987111,-75.73624402,12825
15--7932,2015/06/23,8:45 AM,BASELINE RD @ FISHER AVE (0002346),2346,02 - Intersection related,03 - P.D. only,03 - Rear end,01 - Clear,01 - Daylight,01 - Dry,01 - Traffic signal,01 - Functioning,2,0,0,0,,0,,,,,366166.6936,5026029.614,45.37152207,-75.71653966,12826
15--7933,2015/06/23,9:13 AM,BLAIR RD btwn MEADOWBROOK RD & LAURA PRIV (__5J9N74),__5J9N74,01 - Non intersection,03 - P.D. only,04 - Sideswipe,01 - Clear,01 - Daylight,01 - Dry,10 - No control,,2,0,0,0,,0,,,,,375218.5183,5032277.786,45.42688882,-75.6000976,12827
15--7934,2015/06/23,9:14 AM,CHAMPLAIN ST @ JEANNE D'ARC BLVD (0004106),4106,02 - Intersection related,03 - P.D. only,03 - Rear end,02 - Rain,01 - Daylight,02 - Wet,01 - Traffic signal,01 - Functioning,2,0,0,0,,0,,,,,381379.7447,5038723.959,45.48423885,-75.5203685,12828
15--7935,2015/06/23,9:17 AM,RIVERSIDE DR @ TREMBLAY RD/HWY417 IC117 RAMP52 (0010790),10790,02 - Intersection related,03 - P.D. only,03 - Rear end,01 - Clear,01 - Daylight,01 - Dry,01 - Traffic signal,01 - Functioning,2,0,0,0,,0,,,,,370802.7988,5031016.268,45.41596883,-75.65669025,12829
15--7936,2015/06/23,9:33 AM,CARP RD @ MARCH RD (0001689),1689,02 - Intersection related,03 - P.D. only,07 - SMV other,02 - Rain,01 - Daylight,02 - Wet,01 - Traffic signal,01 - Functioning,1,0,0,0,,0,,,,,342163.8346,5021732.148,45.33454282,-76.02329161,12830
15--7937,2015/06/23,9:34 PM,BANK ST @ RIVERSIDE DR S (0002704),2704,02 - Intersection related,03 - P.D. only,03 - Rear end,01 - Clear,07 - Dark,01 - Dry,01 - Traffic signal,02 - Not functioning,2,0,0,0,,0,,,,,369304.7171,5027894.193,45.38801717,-75.6762374,12831
15--7938,2015/06/23,9:59 PM,CHIMNEY HILL WAY @ MONTREAL RD (0012321),12321,03 - At intersection,03 - P.D. only,03 - Rear end,01 - Clear,07 - Dark,01 - Dry,10 - No control,,2,0,0,0,,0,,,,,374579.7233,5034369.358,45.44577164,-75.6079635,12832
15--7939,2015/06/24,1:07 PM,LEES AVE @ KING EDWARD AVE/MANN AVE (0011413),11413,02 - Intersection related,02 - Non-fatal injury,03 - Rear end,01 - Clear,01 - Daylight,01 - Dry,01 - Traffic signal,01 - Functioning,2,0,0,0,01 - Minimal,1,1,,,,369180.2396,5031333.664,45.41897581,-75.67737784,12833
15--794,2015/01/13,5:16 PM,DALY AVE @ KING EDWARD AVE (0007755),7755,03 - At intersection,03 - P.D. only,02 - Angle,01 - Clear,05 - Dusk,01 - Dry,02 - Stop sign,01 - Functioning,2,0,0,0,,0,,,,,368592.6715,5032274.068,45.42749105,-75.68476298,12834
15--7940,2015/06/24,10:33 AM,WOODROFFE AVE btwn MEADOWLANDS DR/TALLWOOD DR & NORICE ST (__3ZBOCG),__3ZBOCG,01 - Non intersection,03 - P.D. only,04 - Sideswipe,01 - Clear,01 - Daylight,01 - Dry,10 - No control,,2,0,0,0,,0,,,,,363111.5158,5022590.722,45.34084013,-75.75594695,12835
15--7941,2015/06/24,11:06 AM,RIVER MIST RD btwn BRAMBLING WAY & RIVER ROCK AVE (__61W6V0),__61W6V0,04 - At/near private drive,03 - P.D. only,06 - SMV unattended vehicle,01 - Clear,01 - Daylight,01 - Dry,10 - No control,,1,0,0,0,,0,,,,,364434.9645,5012485.54,45.2498028,-75.74027641,12836
15--7942,2015/06/24,11:32 AM,EAGLESON RD @ FERNBANK RD (0011846),11846,02 - Intersection related,02 - Non-fatal injury,03 - Rear end,01 - Clear,01 - Daylight,01 - Dry,01 - Traffic signal,01 - Functioning,2,0,0,0,02 - Minor,2,,2,,,354799.35,5015587.064,45.27846164,-75.86270941,12837
15--7943,2015/06/24,Unknown,INUVIK CRES btwn CHIMO DR & CHIMO DR (__3ZBNDM),__3ZBNDM,01 - Non intersection,03 - P.D. only,06 - SMV unattended vehicle,01 - Clear,00 - Unknown,01 - Dry,10 - No control,,1,0,0,0,,0,,,,,353054.5926,5019306.549,45.31205238,-75.88458483,12838
15--7944,2015/06/24,12:13 AM,SPRUCE RIDGE RD btwn RICHARDSON SIDE RD & HAZELDEAN RD (__7JQ7ID),__7JQ7ID,01 - Non intersection,03 - P.D. only,07 - SMV other,01 - Clear,07 - Dark,01 - Dry,10 - No control,,1,0,0,0,,0,,,,,343271.0223,5014318.273,45.26776983,-76.00974132,12839
15--7945,2015/06/24,12:20 PM,MOODIE DR @ 200 N OF ROBERTSON RD (0010382),10382,03 - At intersection,03 - P.D. only,03 - Rear end,01 - Clear,01 - Daylight,01 - Dry,01 - Traffic signal,01 - Functioning,2,0,0,0,,0,,,,,356989.0899,5020640.404,45.32377318,-75.83426894,12840
15--7946,2015/06/24,12:24 AM,CARLING AVE @ ISLAND PARK DR (0010785),10785,03 - At intersection,03 - P.D. only,02 - Angle,01 - Clear,07 - Dark,01 - Dry,01 - Traffic signal,01 - Functioning,2,0,0,0,,0,,,,,365348.6995,5027996.462,45.38929054,-75.72674071,12841
15--7947,2015/06/24,12:48 PM,PLEASANT PARK RD @ ALTA VISTA DR (0008005),8005,02 - Intersection related,03 - P.D. only,07 - SMV other,01 - Clear,01 - Daylight,01 - Dry,01 - Traffic signal,01 - Functioning,1,0,0,0,,0,,,,,370365.7231,5028467.547,45.39307749,-75.662613,12842
15--7966,2015/06/24,6:05 PM,REGIONAL ROAD 174 btwn TRANSIT & OR174 IC105 RAMP51 (__3ZA28H),__3ZA28H,01 - Non intersection,03 - P.D. only,04 - Sideswipe,01 - Clear,01 - Daylight,01 - Dry,10 - No control,,2,0,0,0,,0,,,,,376743.1479,5035461.022,45.45537441,-75.58015101,12843
15--7967,2015/06/24,6:28 PM,ORLEANS BLVD @ ST. JOSEPH BLVD (0004144),4144,02 - Intersection related,02 - Non-fatal injury,03 - Rear end,01 - Clear,01 - Daylight,01 - Dry,01 - Traffic signal,01 - Functioning,4,0,0,0,01 - Minimal,1,1,,,,380631.7377,5036980.95,45.46863834,-75.53020491,12844