Anom_ID,Accident_Date,Accident_Time,Location,Geo_ID,Accident_Location,Classification_of_Accident,Initial_Impact_Type,Environment_Condition,Light,Road_Surface_Condition,Traffic_Control,Traffic_Control_Condition,No__of_Vehicles,No__of_Bicycles,No__of_Motorcycles,No__of_Pedestrians,Max_Injury,No__of_Injuries,No__of_Minimal,No__of_Minor,No__of_Major,No__of_Fatal,X,Y,Latitude,Longitude,ObjectId
15--7247,2015/06/07,2:48 PM,PARENT AVE btwn MURRAY ST & CLARENCE ST (__3ZA82Q),__3ZA82Q,01 - Non intersection,03 - P.D. only,06 - SMV unattended vehicle,01 - Clear,01 - Daylight,01 - Dry,10 - No control,,1,0,0,0,,0,,,,,367865.7811,5032482.83,45.42943534,-75.6940246,12845
15--7968,2015/06/24,6:37 PM,PINECREST RD @ RICHMOND RD (0002353),2353,02 - Intersection related,03 - P.D. only,03 - Rear end,01 - Clear,01 - Daylight,01 - Dry,01 - Traffic signal,01 - Functioning,2,0,0,0,,0,,,,,360074.1119,5024471.873,45.3580126,-75.79449083,12846
15--7969,2015/06/24,6:42 PM,BARONESS DR btwn HOLITZNER WAY & HOLITZNER WAY (__3EX1J9),__3EX1J9,04 - At/near private drive,03 - P.D. only,06 - SMV unattended vehicle,01 - Clear,01 - Daylight,01 - Dry,10 - No control,,1,0,0,0,,0,,,,,366728.4461,5017048.27,45.29065991,-75.71049216,12847
15--7248,2015/06/07,3:17 PM,BRUYERE ST @ SUSSEX DR (0007744),7744,02 - Intersection related,03 - P.D. only,04 - Sideswipe,01 - Clear,01 - Daylight,01 - Dry,01 - Traffic signal,01 - Functioning,2,0,0,0,,0,,,,,367537.9344,5032668.066,45.43113152,-75.69819044,12848
15--797,2015/01/13,5:24 PM,GREENBANK RD SB btwn HWY417 IC129 RAMP53 & MORRISON DR (__3ZA4MR),__3ZA4MR,01 - Non intersection,03 - P.D. only,03 - Rear end,01 - Clear,05 - Dusk,06 - Ice,10 - No control,,2,0,0,0,,0,,,,,360537.3011,5023245.638,45.3469423,-75.78871745,12849
15--7249,2015/06/07,3:55 AM,OTTAWA RIVER PKWY @ PORTAGE BRIDGE (0009072),9072,03 - At intersection,03 - P.D. only,07 - SMV other,01 - Clear,07 - Dark,01 - Dry,01 - Traffic signal,01 - Functioning,1,0,0,0,,0,,,,,366516.783,5031316.721,45.41906338,-75.71140912,12850
15--7970,2015/06/24,6:53 PM,BLAIR RD @ INNES RD (0004165),4165,02 - Intersection related,03 - P.D. only,03 - Rear end,01 - Clear,01 - Daylight,01 - Dry,01 - Traffic signal,01 - Functioning,2,0,0,0,,0,,,,,375578.7349,5031439.915,45.41931377,-75.59561523,12851
15--725,2015/01/12,7:20 PM,STEVENS AVE btwn EVE ST & CARMEN AVE (__3ZA2J4),__3ZA2J4,01 - Non intersection,03 - P.D. only,06 - SMV unattended vehicle,01 - Clear,07 - Dark,03 - Loose snow,10 - No control,,1,0,0,0,,0,,,,,370897.9005,5032569.109,45.42993166,-75.65526692,12852
15--7971,2015/06/24,6:58 AM,HUNT CLUB RD btwn MOUNTAIN CRES & TURN LANE (__3ZA3HU),__3ZA3HU,01 - Non intersection,03 - P.D. only,04 - Sideswipe,01 - Clear,01 - Daylight,01 - Dry,10 - No control,,2,0,0,0,,0,,,,,371546.0338,5024032.722,45.35306303,-75.64813938,12853
15--7250,2015/06/07,4:56 PM,TERRY FOX DR btwn CASTLEFRANK RD & TRANS CANADA TRAIL (__355BDZA),__355BDZA,01 - Non intersection,02 - Non-fatal injury,03 - Rear end,01 - Clear,01 - Daylight,01 - Dry,10 - No control,,2,0,0,0,02 - Minor,5,4,1,,,353123.2866,5016152.463,45.28366645,-75.88401617,12854
15--7972,2015/06/24,6:58 PM,MERIVALE RD btwn CLYDE AVE & RITA AVE (__3ZA4H7),__3ZA4H7,01 - Non intersection,03 - P.D. only,03 - Rear end,01 - Clear,01 - Daylight,01 - Dry,10 - No control,,2,0,0,0,,0,,,,,364540.437,5024464.643,45.35758122,-75.73748919,12855
15--7251,2015/06/07,6:00 PM,RIVERSIDE DR @ HERON RD (0002236),2236,02 - Intersection related,03 - P.D. only,03 - Rear end,01 - Clear,01 - Daylight,01 - Dry,01 - Traffic signal,01 - Functioning,2,0,0,0,,0,,,,,368120.3842,5026646.861,45.3769021,-75.69152048,12856
15--7252,2015/06/07,6:12 PM,WEST HUNT CLUB RD @ ROYDON PL/SUNDERLAND ST (0009775),9775,02 - Intersection related,03 - P.D. only,03 - Rear end,01 - Clear,01 - Daylight,01 - Dry,01 - Traffic signal,01 - Functioning,2,0,0,0,,0,,,,,365972.9869,5022169.851,45.33680952,-75.71949003,12857
15--7253,2015/06/07,7:35 PM,FLANNERY DR btwn MALDEN SQ & SANDHURST CRT (__3ZA9G4),__3ZA9G4,01 - Non intersection,03 - P.D. only,06 - SMV unattended vehicle,01 - Clear,01 - Daylight,01 - Dry,10 - No control,,1,0,0,0,,0,,,,,368889.155,5025314.746,45.3648462,-75.68187859,12858
15--7254,2015/06/07,7:38 PM,BEARBROOK RD btwn ROCKCLIFFE PKWY & Continuation of BEARBROOK RD (__55RXY1),__55RXY1,01 - Non intersection,03 - P.D. only,04 - Sideswipe,01 - Clear,01 - Daylight,01 - Dry,10 - No control,,2,0,0,0,,0,,,,,377148.1938,5035141.214,45.45245517,-75.57501991,12859
15--7255,2015/06/07,8:00 AM,SILVERMOON CRES btwn TORINO TERR & WHALEY RIDGE (__7JQ68F),__7JQ68F,01 - Non intersection,03 - P.D. only,06 - SMV unattended vehicle,01 - Clear,01 - Daylight,01 - Dry,10 - No control,,1,0,0,0,,0,,,,,385395.383,5034849.628,45.44892931,-75.46964268,12860
15--7256,2015/06/07,8:55 AM,GOUGH RD @ KNIGHTS DR (0001815),1815,03 - At intersection,03 - P.D. only,02 - Angle,01 - Clear,01 - Daylight,01 - Dry,02 - Stop sign,01 - Functioning,2,0,0,0,,0,,,,,372997.2376,5010442.671,45.23064384,-75.63148866,12861
15--7257,2015/06/07,8:58 PM,RIVERSIDE DR NB btwn SMYTH RD SOUTH SIDE RAMP & SMYTH RD NORTH SIDE RA (__3ZA4S0),__3ZA4S0,01 - Non intersection,02 - Non-fatal injury,99 - Other,01 - Clear,05 - Dusk,01 - Dry,10 - No control,,2,0,0,0,02 - Minor,1,,1,,,369866.0831,5029247.036,45.40013766,-75.66889077,12862
15--7258,2015/06/07,9:15 PM,HIGHWAY 417 btwn HWY417 IC144 RAMP35 & HWY417 IC144 RAMP25 (__3ZA2QT),__3ZA2QT,01 - Non intersection,03 - P.D. only,07 - SMV other,01 - Clear,07 - Dark,01 - Dry,10 - No control,,1,0,0,0,,0,,,,,347471.8256,5015874.219,45.28152851,-75.9560766,12863
15--7259,2015/06/07,9:32 PM,WOODMOUNT CRES btwn CHESTERTON DR & CHESTERTON DR (__3ZAAV0),__3ZAAV0,04 - At/near private drive,03 - P.D. only,06 - SMV unattended vehicle,01 - Clear,07 - Dark,01 - Dry,10 - No control,,1,0,0,0,,0,,,,,365555.81,5023993.081,45.35325093,-75.72458838,12864
15--726,2015/01/12,7:24 AM,PRINCE OF WALES DR @ MEADOWLANDS DR/HOG'S BACK (0001629),1629,03 - At intersection,03 - P.D. only,05 - Turning movement,03 - Snow,03 - Dawn,03 - Loose snow,01 - Traffic signal,01 - Functioning,2,0,0,0,,0,,,,,367370.955,5025692.995,45.36838677,-75.70120914,12865
15--7260,2015/06/07,9:35 PM,HWY417 IC115 RAMP25 btwn Continuation of HWY417 IC115 RAMP25 & HIGHWAY (__3ZAY7C),__3ZAY7C,01 - Non intersection,03 - P.D. only,04 - Sideswipe,02 - Rain,07 - Dark,02 - Wet,10 - No control,,2,0,0,0,,0,,,,,372601.4007,5031482.426,45.41999113,-75.63364819,12866
15--7261,2015/06/07,9:47 PM,NANOOK CRES btwn NANOOK CRT & CHIMO DR (2) (__3ZABDR),__3ZABDR,01 - Non intersection,03 - P.D. only,06 - SMV unattended vehicle,01 - Clear,07 - Dark,01 - Dry,10 - No control,,1,0,0,0,,0,,,,,352552.5987,5018857.648,45.30804738,-75.8910299,12867
15--7262,2015/06/08,1:29 PM,CLAYMOR AVE @ MEADOWLANDS DR (0003184),3184,03 - At intersection,03 - P.D. only,05 - Turning movement,02 - Rain,01 - Daylight,02 - Wet,01 - Traffic signal,01 - Functioning,2,0,0,0,,0,,,,,366919.9847,5025320.723,45.36507726,-75.70701255,12868
15--7263,2015/06/08,10:04 AM,IMPERIAL AVE btwn BRONSON AVE & CHAMBERLAIN AVE (__3ZA3O5),__3ZA3O5,01 - Non intersection,02 - Non-fatal injury,01 - Approaching,02 - Rain,01 - Daylight,02 - Wet,10 - No control,,2,1,0,0,02 - Minor,1,,1,,,367328.7934,5029649.678,45.40399173,-75.70124608,12869
15--7264,2015/06/08,10:27 AM,BYRON AVE @ KIRKWOOD AVE (0006296),6296,02 - Intersection related,03 - P.D. only,99 - Other,02 - Rain,01 - Daylight,02 - Wet,01 - Traffic signal,01 - Functioning,2,0,0,0,,0,,,,,363866.691,5028430.287,45.39332057,-75.74561364,12870
15--7265,2015/06/08,10:28 PM,HIGHWAY 417 btwn HWY417 IC120B RAMP36 & HWY417 IC119B RAMP76 (__3ZA2YU),__3ZA2YU,01 - Non intersection,02 - Non-fatal injury,03 - Rear end,01 - Clear,07 - Dark,01 - Dry,10 - No control,,2,0,0,0,01 - Minimal,1,1,,,,367788.292,5030022.798,45.40730776,-75.69532928,12871
15--7266,2015/06/08,11:03 AM,HAWTHORNE RD btwn DAVIDSON RD & LEITRIM RD (__3ZBPIY),__3ZBPIY,01 - Non intersection,03 - P.D. only,07 - SMV other,02 - Rain,01 - Daylight,02 - Wet,10 - No control,,1,0,0,0,,0,,,,,376286.6668,5024498.577,45.35678733,-75.58757612,12872
15--7267,2015/06/08,11:04 AM,BRONSON AVE @ HWY 417 BRONSON IC121AR51 (0002693),2693,02 - Intersection related,03 - P.D. only,03 - Rear end,01 - Clear,01 - Daylight,01 - Dry,01 - Traffic signal,01 - Functioning,2,0,0,0,,0,,,,,367290.1538,5029709.477,45.40453324,-75.70173204,12873
15--7268,2015/06/08,11:06 AM,COUSINEAU ST btwn ST. JEAN ST & END (__3ZA67F),__3ZA67F,04 - At/near private drive,03 - P.D. only,02 - Angle,02 - Rain,01 - Daylight,02 - Wet,10 - No control,,2,0,0,0,,0,,,,,380954.56,5037371.355,45.47211576,-75.5260165,12874
15--7269,2015/06/08,11:16 PM,HWY 417 ST.LAURE IC115R51 @ ST. LAURENT BLVD (0002712),2712,02 - Intersection related,02 - Non-fatal injury,03 - Rear end,01 - Clear,07 - Dark,01 - Dry,01 - Traffic signal,01 - Functioning,2,0,0,0,02 - Minor,1,,1,,,372529.5233,5031411.931,45.41936381,-75.63457621,12875
15--727,2015/01/12,7:27 AM,BASELINE RD @ FARLANE BLVD (0002725),2725,03 - At intersection,03 - P.D. only,02 - Angle,03 - Snow,03 - Dawn,05 - Packed snow,01 - Traffic signal,01 - Functioning,2,0,0,0,,0,,,,,365357.656,5025518.979,45.36699785,-75.72693018,12876
15--7270,2015/06/08,11:23 AM,PRINCE OF WALES DR @ STRANDHERD DR (0013339),13339,03 - At intersection,03 - P.D. only,04 - Sideswipe,02 - Rain,01 - Daylight,02 - Wet,01 - Traffic signal,01 - Functioning,2,0,0,0,,0,,,,,367173.8484,5014824.551,45.27061169,-75.70509387,12877
15--7271,2015/06/08,11:26 PM,HUNT CLUB RD @ RIVERSIDE DR (0002237),2237,02 - Intersection related,03 - P.D. only,03 - Rear end,01 - Clear,07 - Dark,01 - Dry,01 - Traffic signal,01 - Functioning,2,0,0,0,,0,,,,,368036.196,5021945.245,45.33460565,-75.6931967,12878
15--7272,2015/06/08,11:51 AM,JEANNE D'ARC BLVD @ CEDAR MILLS RD/CHAMPNEUF D (0003567),3567,02 - Intersection related,02 - Non-fatal injury,03 - Rear end,02 - Rain,01 - Daylight,02 - Wet,02 - Stop sign,01 - Functioning,2,0,0,0,01 - Minimal,1,1,,,,381214.6334,5036278.577,45.46225544,-75.52286066,12879
15--7273,2015/06/08,12:00 PM,GLADSTONE AVE @ PRESTON ST (0002212),2212,02 - Intersection related,03 - P.D. only,03 - Rear end,02 - Rain,01 - Daylight,02 - Wet,01 - Traffic signal,01 - Functioning,2,0,0,0,,0,,,,,366490.4267,5029713.639,45.40464162,-75.71194649,12880
15--7274,2015/06/08,12:08 PM,DONALD ST @ ST. LAURENT BLVD (0008630),8630,03 - At intersection,02 - Non-fatal injury,05 - Turning movement,02 - Rain,01 - Daylight,02 - Wet,01 - Traffic signal,01 - Functioning,2,0,0,0,01 - Minimal,1,1,,,,372093.2059,5032473.345,45.42895603,-75.64000569,12881
15--7275,2015/06/08,12:10 AM,MITCH OWENS RD btwn FARMERS WAY & YORKS CORNERS RD (__3ZA20U),__3ZA20U,01 - Non intersection,03 - P.D. only,07 - SMV other,02 - Rain,07 - Dark,02 - Wet,10 - No control,,1,0,0,0,,0,,,,,385241.0762,5020483.598,45.31969348,-75.47395613,12882
15--7276,2015/06/08,12:11 AM,HUNT CLUB RD @ RIVERSIDE DR (0002237),2237,03 - At intersection,02 - Non-fatal injury,05 - Turning movement,01 - Clear,07 - Dark,01 - Dry,01 - Traffic signal,01 - Functioning,2,1,0,0,02 - Minor,1,,1,,,368036.703,5021945.138,45.33460464,-75.69319025,12883
15--7277,2015/06/08,12:20 PM,BYRON AVE @ WAVELL AVE (0011573),11573,03 - At intersection,03 - P.D. only,02 - Angle,02 - Rain,01 - Daylight,02 - Wet,02 - Stop sign,01 - Functioning,2,0,0,0,,0,,,,,362188.7034,5027363.419,45.38386056,-75.76716679,12884
15--7278,2015/06/08,3:03 PM,WALKLEY RD @ HEATHERINGTON RD (0006928),6928,02 - Intersection related,03 - P.D. only,03 - Rear end,01 - Clear,01 - Daylight,01 - Dry,01 - Traffic signal,01 - Functioning,2,0,0,0,,0,,,,,371766.7255,5026794.534,45.37789179,-75.64494876,12885
15--7279,2015/06/08,3:20 PM,HIGHWAY 417 btwn HWY417 IC118 RAMP57 & HWY417 IC118 RAMP35 (__3ZA2YQ),__3ZA2YQ,01 - Non intersection,03 - P.D. only,03 - Rear end,01 - Clear,01 - Daylight,01 - Dry,10 - No control,,2,0,0,0,,0,,,,,369397.3814,5030996.989,45.41592652,-75.67464773,12886
15--728,2015/01/12,7:34 AM,BRITTANY DR btwn BANGS ST & TRURO ST (__3ZA8DJ),__3ZA8DJ,01 - Non intersection,03 - P.D. only,06 - SMV unattended vehicle,03 - Snow,03 - Dawn,03 - Loose snow,10 - No control,,1,0,0,0,,0,,,,,371743.1407,5034349.897,45.44587396,-75.64422375,12887
15--7280,2015/06/08,3:20 PM,HIGHWAY 417 btwn HWY417 IC118 RAMP57 & HWY417 IC118 RAMP35 (__3ZA2YQ),__3ZA2YQ,01 - Non intersection,03 - P.D. only,03 - Rear end,01 - Clear,01 - Daylight,01 - Dry,10 - No control,,4,0,0,0,,0,,,,,369432.0384,5031022.26,45.4161507,-75.67420165,12888
15--7281,2015/06/08,3:53 PM,GREENBANK RD @ 207 S OF BELLMAN DR/GREENBANK S (0004604),4604,02 - Intersection related,02 - Non-fatal injury,03 - Rear end,02 - Rain,01 - Daylight,02 - Wet,01 - Traffic signal,01 - Functioning,2,0,0,0,01 - Minimal,2,2,,,,361337.1726,5020828.24,45.32512659,-75.77878701,12889
15--7282,2015/06/08,4:10 PM,BANK ST @ JOHNSTON RD (0006967),6967,03 - At intersection,02 - Non-fatal injury,07 - SMV other,01 - Clear,01 - Daylight,01 - Dry,01 - Traffic signal,01 - Functioning,1,0,0,1,03 - Major,1,,,1,,370851.7305,5024838.447,45.36037843,-75.65689194,12890
15--7283,2015/06/08,4:51 PM,CLEARBROOK DR/MARKETPLACE AVE @ LONGFIELDS DR (0011162),11162,02 - Intersection related,02 - Non-fatal injury,03 - Rear end,01 - Clear,01 - Daylight,01 - Dry,01 - Traffic signal,01 - Functioning,3,0,0,0,02 - Minor,4,2,2,,,364631.8301,5014952.503,45.27198387,-75.73747155,12891
15--7284,2015/06/08,5:00 PM,KINCARDINE DR btwn HAZELDEAN RD & TO BE DETERMINED (__355B7F),__355B7F,04 - At/near private drive,03 - P.D. only,06 - SMV unattended vehicle,01 - Clear,01 - Daylight,01 - Dry,10 - No control,,1,0,0,0,,0,,,,,352063.6361,5017089.432,45.2921696,-75.89743366,12892
15--7285,2015/06/08,5:02 PM,BEECHWOOD AVE @ ST. CHARLES ST (0007709),7709,03 - At intersection,02 - Non-fatal injury,07 - SMV other,01 - Clear,01 - Daylight,01 - Dry,01 - Traffic signal,01 - Functioning,1,0,0,1,02 - Minor,2,1,1,,,369416.4354,5033785.241,45.44101237,-75.67403847,12893
15--7286,2015/06/08,5:47 PM,BASELINE RD @ CLYDE AVE (0002343),2343,02 - Intersection related,03 - P.D. only,03 - Rear end,01 - Clear,01 - Daylight,01 - Dry,01 - Traffic signal,01 - Functioning,2,0,0,0,,0,,,,,364357.1824,5024891.78,45.36144013,-75.73977653,12894
15--7287,2015/06/08,6:20 PM,CHARLOTTE ST @ RIDEAU ST (0002622),2622,02 - Intersection related,02 - Non-fatal injury,04 - Sideswipe,01 - Clear,01 - Daylight,01 - Dry,01 - Traffic signal,01 - Functioning,2,1,0,0,01 - Minimal,1,1,,,,369248.1881,5032859.846,45.43270157,-75.67631002,12895
15--7288,2015/06/08,6:20 PM,GREGOIRE RD @ MARVELVILLE RD (0001674),1674,03 - At intersection,03 - P.D. only,02 - Angle,01 - Clear,01 - Daylight,01 - Dry,02 - Stop sign,01 - Functioning,3,0,0,0,,0,,,,,393263.3229,5008936.702,45.2148404,-75.3737062,12896
15--7289,2015/06/08,6:23 AM,HIGHWAY 417 btwn HIGHWAY 417 & Continuation of HIGHWAY 417 (__3ZAZOB),__3ZAZOB,01 - Non intersection,03 - P.D. only,07 - SMV other,02 - Rain,01 - Daylight,02 - Wet,10 - No control,,1,0,0,0,,0,,,,,353004.6901,5020241.225,45.32046621,-75.88513027,12897
15--729,2015/01/12,7:38 AM,PLEASANT PARK RD @ ALTA VISTA DR (0008005),8005,02 - Intersection related,03 - P.D. only,03 - Rear end,01 - Clear,03 - Dawn,06 - Ice,01 - Traffic signal,01 - Functioning,2,0,0,0,,0,,,,,370365.7231,5028466.102,45.39306449,-75.66261319,12898
15--7290,2015/06/08,7:15 AM,FALLOWFIELD RD btwn ASHDALE AVE & PRINCE OF WALES DR (__3ZA3IQ),__3ZA3IQ,01 - Non intersection,03 - P.D. only,03 - Rear end,02 - Rain,01 - Daylight,02 - Wet,10 - No control,,2,0,0,0,,0,,,,,367140.6788,5019005.072,45.30823054,-75.7049912,12899
15--7291,2015/06/08,7:24 PM,KNUDSON DR @ WESLOCK WAY (0003257),3257,03 - At intersection,02 - Non-fatal injury,02 - Angle,01 - Clear,01 - Daylight,01 - Dry,02 - Stop sign,01 - Functioning,2,1,0,0,02 - Minor,1,,1,,,350944.3331,5020747.843,45.32516333,-75.9113623,12900
15--7292,2015/06/08,7:37 AM,ALBION RD @ MITCH OWENS RD (0004212),4212,02 - Intersection related,03 - P.D. only,03 - Rear end,02 - Rain,01 - Daylight,02 - Wet,01 - Traffic signal,01 - Functioning,2,0,0,0,,0,,,,,375906.2471,5014804.196,45.26959984,-75.59382228,12901
15--7293,2015/06/08,7:59 AM,CARRIERE ST @ ORLEANS BLVD (0008769),8769,03 - At intersection,03 - P.D. only,05 - Turning movement,02 - Rain,01 - Daylight,02 - Wet,01 - Traffic signal,01 - Functioning,2,0,0,0,,0,,,,,380793.0222,5036610.655,45.4652892,-75.52819983,12902
15--7294,2015/06/08,8:12 AM,MONTREAL RD btwn SINCLAIR ST & SHEFFORD RD (__3ZA2D0),__3ZA2D0,01 - Non intersection,03 - P.D. only,03 - Rear end,02 - Rain,01 - Daylight,02 - Wet,10 - No control,,2,0,0,0,,0,,,,,376040.6855,5034804.205,45.44953675,-75.58922652,12903
15--7295,2015/06/08,8:15 AM,BRIAN COBURN BLVD @ NANTES ST (0013816),13816,03 - At intersection,03 - P.D. only,05 - Turning movement,02 - Rain,01 - Daylight,02 - Wet,02 - Stop sign,01 - Functioning,2,0,0,0,,0,,,,,386131.2701,5035613.092,45.45571297,-75.46011018,12904
15--7296,2015/06/08,8:27 AM,BRONSON AVE @ SUNNYSIDE AVE/UNIVERSITY RD - CA (0007209),7209,02 - Intersection related,03 - P.D. only,03 - Rear end,02 - Rain,01 - Daylight,02 - Wet,01 - Traffic signal,00 - Unknown,2,0,0,0,,0,,,,,367924.1515,5028091.187,45.38991546,-75.69384105,12905
15--7297,2015/06/08,8:30 AM,CARLING AVE @ CORKSTOWN RD (0001127),1127,02 - Intersection related,03 - P.D. only,03 - Rear end,02 - Rain,01 - Daylight,02 - Wet,01 - Traffic signal,01 - Functioning,2,0,0,0,,0,,,,,358000.3824,5023424.151,45.34874559,-75.82107039,12906
15--7298,2015/06/08,9:30 AM,ST. JOSEPH BLVD @ JEANNE D'ARC BLVD (0012421),12421,03 - At intersection,03 - P.D. only,04 - Sideswipe,02 - Rain,01 - Daylight,02 - Wet,11 - Roundabout,01 - Functioning,2,0,0,0,,0,,,,,379861.7064,5036472.063,45.46414295,-75.54012898,12907
15--7299,2015/06/08,9:40 AM,HIGHWAY 417 btwn HWY417 IC127 RAMP25 & HWY417 IC126 RAMP51 (__3ZA2XA),__3ZA2XA,01 - Non intersection,03 - P.D. only,03 - Rear end,02 - Rain,01 - Daylight,02 - Wet,10 - No control,,3,0,0,0,,0,,,,,363169.7235,5025836.535,45.3700408,-75.75482106,12908
15--73,2015/01/03,2:10 PM,HIGHWAY 416 btwn HWY416 IC75B RAMP25 & HWY416 IC75A RAMP26 (__3ZAZLE),__3ZAZLE,01 - Non intersection,02 - Non-fatal injury,04 - Sideswipe,03 - Snow,01 - Daylight,05 - Packed snow,10 - No control,,2,0,0,0,03 - Major,1,,,1,,358604.6673,5022287.333,45.33847036,-75.81348286,12909
15--730,2015/01/12,7:49 AM,ANDERSON RD btwn INNES RD & DESJARDINS ST (__3ZBOG0),__3ZBOG0,01 - Non intersection,03 - P.D. only,07 - SMV other,03 - Snow,03 - Dawn,03 - Loose snow,10 - No control,,1,0,0,0,,0,,,,,377472.5307,5031580.69,45.42038623,-75.57139939,12910
15--7300,2015/06/09,10:04 AM,BYRON AVE @ CHURCHILL AVE (0006651),6651,02 - Intersection related,03 - P.D. only,03 - Rear end,02 - Rain,01 - Daylight,02 - Wet,01 - Traffic signal,01 - Functioning,2,0,0,0,,0,,,,,363274.5125,5028179.56,45.39111427,-75.75320588,12911
15--7301,2015/06/09,10:10 AM,WATERLOO ST btwn COMMODORE DR & KARS RECTORY ST (__3ZA0M7),__3ZA0M7,01 - Non intersection,03 - P.D. only,06 - SMV unattended vehicle,01 - Clear,01 - Daylight,01 - Dry,10 - No control,,1,0,0,0,,0,,,,,371932.8604,5001748.296,45.15251481,-75.64621284,12912
15--7302,2015/06/09,10:54 AM,ST. JOSEPH BLVD @ REGIONAL RD 174/TRANSITWAY (0012428),12428,02 - Intersection related,03 - P.D. only,03 - Rear end,02 - Rain,01 - Daylight,02 - Wet,01 - Traffic signal,01 - Functioning,2,0,0,0,,0,,,,,376556.2845,5035055.323,45.45174341,-75.58259909,12913
15--7303,2015/06/09,11:07 AM,DUNROBIN RD btwn VANCES SIDE RD & PORCUPINE TR (__3ZA3H0),__3ZA3H0,01 - Non intersection,02 - Non-fatal injury,03 - Rear end,02 - Rain,01 - Daylight,02 - Wet,10 - No control,,2,0,0,0,02 - Minor,1,,1,,,341806.7554,5032019.702,45.42713241,-76.02707613,12914
15--7304,2015/06/09,11:13 AM,KANATA AVE @ TERRY FOX DR (0012691),12691,03 - At intersection,02 - Non-fatal injury,02 - Angle,02 - Rain,01 - Daylight,02 - Wet,01 - Traffic signal,01 - Functioning,2,0,0,0,02 - Minor,2,1,1,,,349306.8814,5019212.345,45.31145223,-75.93238729,12915
15--7305,2015/06/09,11:20 AM,CATHERINE ST/HWY 417 O'CONN IC119BR76 @ O'CONN (0001697),1697,02 - Intersection related,03 - P.D. only,03 - Rear end,02 - Rain,01 - Daylight,02 - Wet,01 - Traffic signal,01 - Functioning,3,0,0,0,,0,,,,,368243.8971,5030392.232,45.41059066,-75.68946199,12916
15--7306,2015/06/09,11:32 AM,DEAKIN ST @ PRINCE OF WALES DR (0001073),1073,02 - Intersection related,02 - Non-fatal injury,03 - Rear end,02 - Rain,01 - Daylight,02 - Wet,01 - Traffic signal,01 - Functioning,2,0,0,0,01 - Minimal,1,1,,,,367389.6972,5021523.741,45.33087099,-75.70149759,12917
15--7307,2015/06/09,12:00 PM,CASTLEFRANK RD @ TERRY FOX DR (0011757),11757,02 - Intersection related,03 - P.D. only,03 - Rear end,02 - Rain,01 - Daylight,02 - Wet,01 - Traffic signal,01 - Functioning,3,0,0,0,,0,,,,,352992.9951,5016306.075,45.28505763,-75.885662,12918
15--7308,2015/06/09,12:11 PM,CENTREPOINTE DR btwn Continuation of CENTREPOINTE DR & HEMMINGWOOD WAY (__3ZAA3T),__3ZAA3T,01 - Non intersection,03 - P.D. only,05 - Turning movement,02 - Rain,01 - Daylight,02 - Wet,10 - No control,,2,0,0,0,,0,,,,,362246.4874,5023285.367,45.34716188,-75.7669031,12919
15--7309,2015/06/09,12:23 PM,ROSLYN AVE btwn POTVIN AVE & BEAUCHAMP AVE (__3ZA5QO),__3ZA5QO,01 - Non intersection,03 - P.D. only,06 - SMV unattended vehicle,01 - Clear,01 - Daylight,01 - Dry,10 - No control,,1,0,0,0,,0,,,,,379117.1335,5038461.396,45.48212106,-75.54934818,12920
15--731,2015/01/12,7:49 AM,JEANNE D'ARC BLVD  N btwn BILBERRY DR & AVIGNON CRT (__3ZA7J8),__3ZA7J8,01 - Non intersection,03 - P.D. only,06 - SMV unattended vehicle,03 - Snow,03 - Dawn,03 - Loose snow,10 - No control,,1,0,0,0,,0,,,,,380456.2452,5038410.404,45.48151844,-75.53222879,12921
15--7310,2015/06/09,12:46 PM,WELLINGTON ST btwn BAY ST & LYON ST N (__5D2JK9),__5D2JK9,01 - Non intersection,03 - P.D. only,03 - Rear end,02 - Rain,01 - Daylight,02 - Wet,10 - No control,,2,0,0,0,,0,,,,,366888.4242,5031396.977,45.41975262,-75.70665079,12922
15--7311,2015/06/09,12:50 PM,ST. LAURENT BLVD btwn SHORE ST & BELFAST RD (__3ZA2GU),__3ZA2GU,01 - Non intersection,03 - P.D. only,03 - Rear end,02 - Rain,01 - Daylight,02 - Wet,10 - No control,,3,0,0,0,,0,,,,,372821.8052,5030671.895,45.41267696,-75.63094412,12923
15--7312,2015/06/09,2:03 PM,KNOXDALE RD @ WEST HUNT CLUB RD (0005165),5165,02 - Intersection related,02 - Non-fatal injury,03 - Rear end,03 - Snow,01 - Daylight,02 - Wet,01 - Traffic signal,01 - Functioning,2,0,0,0,01 - Minimal,2,2,,,,361862.2443,5020584.837,45.32289396,-75.77211755,12924
15--7313,2015/06/09,3:03 PM,COLONNADE RD @ PRINCE OF WALES DR (0005249),5249,02 - Intersection related,02 - Non-fatal injury,03 - Rear end,02 - Rain,01 - Daylight,02 - Wet,01 - Traffic signal,01 - Functioning,3,0,0,0,02 - Minor,1,,1,,,367397.1578,5023268.978,45.34657364,-75.70118163,12925
15--7314,2015/06/09,3:07 PM,ST. LAURENT BLVD btwn BELFAST RD & INDUSTRIAL AVE (__3ZA3R8),__3ZA3R8,01 - Non intersection,03 - P.D. only,04 - Sideswipe,01 - Clear,01 - Daylight,01 - Dry,10 - No control,,3,0,0,0,,0,,,,,373092.5202,5030026.107,45.4068401,-75.62757529,12926