Anom_ID,Accident_Date,Accident_Time,Location,Geo_ID,Accident_Location,Classification_of_Accident,Initial_Impact_Type,Environment_Condition,Light,Road_Surface_Condition,Traffic_Control,Traffic_Control_Condition,No__of_Vehicles,No__of_Bicycles,No__of_Motorcycles,No__of_Pedestrians,Max_Injury,No__of_Injuries,No__of_Minimal,No__of_Minor,No__of_Major,No__of_Fatal,X,Y,Latitude,Longitude,ObjectId
15--7315,2015/06/09,3:45 PM,HWY 417 WOODROFF IC127R62 @ WOODROFFE AVE (0002349),2349,02 - Intersection related,02 - Non-fatal injury,03 - Rear end,01 - Clear,01 - Daylight,01 - Dry,03 - Yield sign,01 - Functioning,2,0,0,0,01 - Minimal,1,1,,,,362051.64,5025020.384,45.36278937,-75.7691885,12927
15--7316,2015/06/09,3:47 PM,RICHMOND RD btwn CROYDON AVE & ASSALY RD (__3ZA2XS),__3ZA2XS,04 - At/near private drive,02 - Non-fatal injury,05 - Turning movement,01 - Clear,01 - Daylight,01 - Dry,10 - No control,,2,0,0,0,02 - Minor,1,,1,,,360552.894,5025287.294,45.36531182,-75.78828822,12928
15--7973,2015/06/24,7:09 PM,BRAEMAR ST btwn GLASGOW CRES & GLASGOW CRES (__3ZBOVT),__3ZBOVT,01 - Non intersection,03 - P.D. only,99 - Other,01 - Clear,01 - Daylight,01 - Dry,10 - No control,,2,0,0,0,,0,,,,,370862.2392,5034890.378,45.45082076,-75.65541105,12929
15--7974,2015/06/24,7:28 PM,HWY417 IC104 RAMP16 btwn ANDERSON RD & HIGHWAY 417 (__3ZAY0F),__3ZAY0F,01 - Non intersection,02 - Non-fatal injury,07 - SMV other,01 - Clear,01 - Daylight,00 - Unknown,10 - No control,,1,0,0,0,02 - Minor,1,,1,,,380014.3108,5026241.627,45.37208027,-75.53973938,12930
15--7975,2015/06/24,7:29 AM,BANTREE ST @ INNES RD (0007684),7684,03 - At intersection,02 - Non-fatal injury,05 - Turning movement,01 - Clear,01 - Daylight,01 - Dry,01 - Traffic signal,01 - Functioning,2,0,0,0,02 - Minor,3,2,1,,,373707.8854,5030405.474,45.41019315,-75.61966202,12931
15--7976,2015/06/24,7:30 AM,GRASSY PLAINS DR @ STONEHAVEN DR (0008886),8886,03 - At intersection,03 - P.D. only,05 - Turning movement,01 - Clear,01 - Daylight,01 - Dry,01 - Traffic signal,01 - Functioning,2,0,0,0,,0,,,,,356204.6378,5015965.512,45.28176565,-75.84475961,12932
15--7977,2015/06/24,7:40 AM,BOOTH ST btwn VIMY PLACE PRIV & OTTAWA RIVER PKWY (__5VHJ2X),__5VHJ2X,01 - Non intersection,03 - P.D. only,04 - Sideswipe,01 - Clear,01 - Daylight,01 - Dry,10 - No control,,2,0,0,0,,0,,,,,366246.9597,5031048.129,45.41667042,-75.71488998,12933
15--7978,2015/06/24,7:53 AM,PRINCE OF WALES DR @ MEADOWLANDS DR/HOG'S BACK (0001629),1629,03 - At intersection,02 - Non-fatal injury,05 - Turning movement,01 - Clear,01 - Daylight,01 - Dry,01 - Traffic signal,01 - Functioning,2,1,0,0,02 - Minor,1,,1,,,367371.1982,5025691.675,45.36837487,-75.70120621,12934
15--7979,2015/06/24,8:44 PM,HUNT CLUB RD @ RIVERSIDE DR (0002237),2237,02 - Intersection related,03 - P.D. only,03 - Rear end,01 - Clear,05 - Dusk,01 - Dry,01 - Traffic signal,01 - Functioning,2,0,0,0,,0,,,,,368036.703,5021944.417,45.33459815,-75.69319034,12935
15--798,2015/01/13,5:36 PM,BRANT ST @ MCARTHUR AVE (0004649),4649,03 - At intersection,03 - P.D. only,04 - Sideswipe,01 - Clear,05 - Dusk,01 - Dry,01 - Traffic signal,01 - Functioning,2,0,0,0,,0,,,,,371263.2047,5032806.384,45.43203193,-75.65056681,12936
15--7980,2015/06/24,8:58 AM,INNES RD @ WILDFLOWER DR (0012871),12871,03 - At intersection,02 - Non-fatal injury,03 - Rear end,01 - Clear,01 - Daylight,01 - Dry,01 - Traffic signal,01 - Functioning,4,0,0,0,01 - Minimal,1,1,,,,382936.7552,5035690.195,45.4567712,-75.50093616,12937
15--7981,2015/06/24,9:00 PM,DATA CENTRE RD @ RIVERSIDE DR (0010863),10863,02 - Intersection related,03 - P.D. only,03 - Rear end,01 - Clear,05 - Dusk,01 - Dry,01 - Traffic signal,01 - Functioning,2,0,0,0,,0,,,,,368898.8904,5027670.105,45.38603816,-75.68144861,12938
15--7982,2015/06/24,9:06 AM,COOPER ST @ LYON ST (0010861),10861,02 - Intersection related,03 - P.D. only,05 - Turning movement,01 - Clear,01 - Daylight,01 - Dry,02 - Stop sign,01 - Functioning,2,0,0,0,,0,,,,,367322.4264,5030792.923,45.41427888,-75.70118241,12939
15--7983,2015/06/24,9:20 AM,FALLOWFIELD RD @ LARKIN DR (0000555),555,02 - Intersection related,03 - P.D. only,03 - Rear end,01 - Clear,01 - Daylight,01 - Dry,01 - Traffic signal,01 - Functioning,2,0,0,0,,0,,,,,361720.9455,5015915.238,45.28088826,-75.77445595,12940
15--7984,2015/06/24,9:53 AM,MERIVALE RD @ WEST HUNT CLUB RD (0000584),584,02 - Intersection related,03 - P.D. only,03 - Rear end,01 - Clear,01 - Daylight,01 - Dry,01 - Traffic signal,01 - Functioning,2,0,0,0,,0,,,,,365611.9745,5021942.859,45.33479846,-75.72412368,12941
15--7985,2015/06/24,9:59 PM,BESSERER ST @ KING EDWARD AVE (0007758),7758,03 - At intersection,02 - Non-fatal injury,02 - Angle,01 - Clear,07 - Dark,01 - Dry,01 - Traffic signal,01 - Functioning,2,1,0,0,01 - Minimal,1,1,,,,368550.7052,5032340.222,45.42809011,-75.68529067,12942
15--7986,2015/06/25,1:49 PM,ERIC CRES btwn ENA LANE & ENA LANE (__3ZA10G),__3ZA10G,04 - At/near private drive,03 - P.D. only,06 - SMV unattended vehicle,01 - Clear,01 - Daylight,01 - Dry,10 - No control,,1,0,0,0,,0,,,,,374790.7953,5032097.45,45.42530919,-75.60558857,12943
15--7987,2015/06/25,1:52 PM,KINGSDALE AVE @ MAVIS ST (0009556),9556,03 - At intersection,03 - P.D. only,03 - Rear end,01 - Clear,01 - Daylight,01 - Dry,02 - Stop sign,01 - Functioning,2,0,0,0,,0,,,,,372956.0221,5023311.871,45.34644145,-75.63024551,12944
15--7988,2015/06/25,1:55 PM,HUNT CLUB RD @ UPLANDS DR (0010844),10844,03 - At intersection,02 - Non-fatal injury,05 - Turning movement,01 - Clear,01 - Daylight,01 - Dry,01 - Traffic signal,01 - Functioning,2,0,0,0,02 - Minor,2,,2,,,370157.4479,5023121.852,45.34499807,-75.66597997,12945
15--7989,2015/06/25,10:01 AM,ORLEANS BLVD @ ST. JOSEPH BLVD (0004144),4144,02 - Intersection related,03 - P.D. only,03 - Rear end,01 - Clear,01 - Daylight,01 - Dry,01 - Traffic signal,01 - Functioning,2,0,0,0,,0,,,,,380631.017,5036979.509,45.46862545,-75.53021435,12946
15--799,2015/01/13,5:45 PM,LEITRIM RD btwn 810 W OF HAWTHORNE & BANK ST (__3ZA3SPA),__3ZA3SPA,04 - At/near private drive,03 - P.D. only,02 - Angle,01 - Clear,07 - Dark,01 - Dry,10 - No control,,2,0,0,0,,0,,,,,375403.0554,5021647.931,45.33122798,-75.5992596,12947
15--7990,2015/06/25,10:05 AM,VALMARIE AVE btwn NORMANDY CRES & FALAISE RD (__3ZAAMJ),__3ZAAMJ,04 - At/near private drive,03 - P.D. only,06 - SMV unattended vehicle,01 - Clear,01 - Daylight,01 - Dry,10 - No control,,1,0,0,0,,0,,,,,366995.2824,5024827.542,45.36063304,-75.70611351,12948
15--7991,2015/06/25,10:33 AM,KENT ST @ SOMERSET ST (0008857),8857,02 - Intersection related,03 - P.D. only,04 - Sideswipe,01 - Clear,01 - Daylight,01 - Dry,01 - Traffic signal,00 - Unknown,2,0,0,0,,0,,,,,367528.1426,5030814.484,45.41445447,-75.69855159,12949
15--7992,2015/06/25,10:45 PM,HAWTHORNE RD btwn AGES DR & STEVENAGE DR (__3ZA2E9),__3ZA2E9,01 - Non intersection,02 - Non-fatal injury,04 - Sideswipe,01 - Clear,07 - Dark,01 - Dry,10 - No control,,2,0,1,0,03 - Major,2,1,,1,,375130.254,5027328.312,45.38236492,-75.60193136,12950
15--7993,2015/06/25,10:55 PM,YORK ST btwn BY WARD MARKET SQ & WILLIAM ST (__3ZA81V),__3ZA81V,01 - Non intersection,03 - P.D. only,06 - SMV unattended vehicle,01 - Clear,07 - Dark,01 - Dry,10 - No control,,1,0,0,0,,0,,,,,367978.7095,5032348.109,45.42821298,-75.69259881,12951
15--7994,2015/06/25,11:06 PM,ST. JOSEPH BLVD btwn MAISONNEUVE ST & GABRIEL ST (__3ZA2AU),__3ZA2AU,01 - Non intersection,03 - P.D. only,07 - SMV other,01 - Clear,07 - Dark,01 - Dry,10 - No control,,1,0,0,0,,0,,,,,381495.389,5037602.424,45.47413554,-75.51906448,12952
15--7995,2015/06/25,11:28 AM,NICOLLS ISLAND RD @ RIVER RD (0004197),4197,03 - At intersection,03 - P.D. only,02 - Angle,01 - Clear,01 - Daylight,01 - Dry,02 - Stop sign,01 - Functioning,2,0,0,0,,0,,,,,367868.7095,5012732.338,45.25172414,-75.69650487,12953
15--7996,2015/06/25,11:41 AM,ST. JOSEPH BLVD/OLD MONTREAL RD @ TRIM RD (0004118),4118,02 - Intersection related,03 - P.D. only,04 - Sideswipe,01 - Clear,01 - Daylight,01 - Dry,11 - Roundabout,01 - Functioning,2,0,0,0,,0,,,,,384682.0333,5039285.942,45.48892495,-75.47803981,12954
15--7997,2015/06/25,12:18 PM,OLD INNES RD btwn BANTREE ST & END (__3ZA79T),__3ZA79T,01 - Non intersection,02 - Non-fatal injury,07 - SMV other,01 - Clear,01 - Daylight,99 - Other,10 - No control,,1,0,1,0,02 - Minor,1,,1,,,373640.5225,5030298.867,45.40924058,-75.6205374,12955
15--7998,2015/06/25,12:28 PM,LAURIER AVE @ 89 E OF WALLER ST (0008639),8639,03 - At intersection,02 - Non-fatal injury,07 - SMV other,01 - Clear,01 - Daylight,01 - Dry,01 - Traffic signal,01 - Functioning,1,0,0,1,02 - Minor,1,,1,,,368515.6778,5031898.849,45.42412199,-75.68579536,12956
15--7999,2015/06/25,2:42 PM,CARP RD @ STITTSVILLE MAIN ST (0005253),5253,02 - Intersection related,03 - P.D. only,03 - Rear end,01 - Clear,01 - Daylight,01 - Dry,01 - Traffic signal,01 - Functioning,2,0,0,0,,0,,,,,349525.5068,5014329.843,45.26750401,-75.93003941,12957
15--80,2015/01/03,3:44 PM,WEST HUNT CLUB RD @ ANTARES DR/LASER ST (0000116),116,02 - Intersection related,03 - P.D. only,03 - Rear end,03 - Snow,01 - Daylight,03 - Loose snow,01 - Traffic signal,01 - Functioning,2,0,0,0,,0,,,,,367108.6752,5022080.056,45.33590163,-75.70501241,12958
15--800,2015/01/13,5:50 AM,HIGHWAY 417 btwn HWY417 IC115 RAMP36 & HWY417 IC115 RAMP26 (__3ZA2R4),__3ZA2R4,01 - Non intersection,03 - P.D. only,04 - Sideswipe,01 - Clear,07 - Dark,01 - Dry,10 - No control,,2,0,0,0,,0,,,,,372457.2758,5031519.201,45.42033597,-75.63548453,12959
15--8000,2015/06/25,2:55 PM,HUNT CLUB RD @ DOWNPATRICK RD/MCCARTHY RD (0006931),6931,02 - Intersection related,03 - P.D. only,03 - Rear end,01 - Clear,01 - Daylight,01 - Dry,01 - Traffic signal,01 - Functioning,2,0,0,0,,0,,,,,370508.4551,5023400.149,45.34746931,-75.66146431,12960
15--8001,2015/06/25,3:09 PM,HERZBERG RD @ MARCH RD (0003170),3170,02 - Intersection related,03 - P.D. only,03 - Rear end,01 - Clear,01 - Daylight,01 - Dry,01 - Traffic signal,01 - Functioning,2,0,0,0,,0,,,,,352323.445,5021527.591,45.33208764,-75.89369586,12961
15--8002,2015/06/25,3:35 PM,INDUSTRIAL AVE @ RIVERSIDE DR (0011905),11905,02 - Intersection related,03 - P.D. only,02 - Angle,01 - Clear,01 - Daylight,01 - Dry,01 - Traffic signal,00 - Unknown,2,0,0,0,,0,,,,,370685.4393,5030591.472,45.41215775,-75.65824636,12962
15--8003,2015/06/25,3:43 PM,REGIONAL ROAD 174 btwn OR174 IC109 RAMP54 & OR174 IC109 RAMP55 (__3ZA28X),__3ZA28X,01 - Non intersection,03 - P.D. only,03 - Rear end,01 - Clear,01 - Daylight,01 - Dry,10 - No control,,2,0,0,0,,0,,,,,376417.6224,5034866.187,45.4500559,-75.58439918,12963
15--8004,2015/06/25,3:54 AM,HWY 417 VANIER IC117R63 @ VANIER PKWY (0002101),2101,02 - Intersection related,03 - P.D. only,07 - SMV other,01 - Clear,07 - Dark,01 - Dry,01 - Traffic signal,01 - Functioning,1,0,0,0,,0,,,,,370800.0865,5031397.805,45.419402,-75.65667379,12964
15--8005,2015/06/25,4:01 PM,EARL ARMSTRONG RD @ RIVER RD (0012470),12470,02 - Intersection related,03 - P.D. only,03 - Rear end,01 - Clear,01 - Daylight,01 - Dry,01 - Traffic signal,01 - Functioning,2,0,0,0,,0,,,,,367572.7185,5014684.758,45.26931835,-75.70002875,12965
15--8006,2015/06/25,4:12 PM,PALLADIUM DR @ SILVER SEVEN RD (0011839),11839,02 - Intersection related,03 - P.D. only,03 - Rear end,01 - Clear,01 - Daylight,01 - Dry,01 - Traffic signal,01 - Functioning,2,0,0,0,,0,,,,,351052.3284,5017885.645,45.29940144,-75.91025192,12966
15--8007,2015/06/25,4:30 PM,BLACK'S SIDE RD @ FLEWELLYN RD (0010501),10501,02 - Intersection related,03 - P.D. only,03 - Rear end,01 - Clear,01 - Daylight,01 - Dry,02 - Stop sign,00 - Unknown,2,0,0,0,,0,,,,,350717.2982,5010136.749,45.22969623,-75.91523986,12967
15--8008,2015/06/25,5:30 PM,BLOHM DR @ HUNT CLUB RD (0011392),11392,02 - Intersection related,03 - P.D. only,04 - Sideswipe,01 - Clear,01 - Daylight,01 - Dry,01 - Traffic signal,01 - Functioning,2,0,0,0,,0,,,,,375129.0253,5026189.879,45.37212196,-75.60210919,12968
15--8009,2015/06/25,5:45 PM,PERCY ST @ THIRD AVE (0007384),7384,03 - At intersection,02 - Non-fatal injury,02 - Angle,01 - Clear,01 - Daylight,01 - Dry,02 - Stop sign,01 - Functioning,2,1,0,0,01 - Minimal,1,1,,,,367879.9294,5029283.374,45.40064639,-75.69425332,12969
15--801,2015/01/13,5:50 PM,LEES AVE / GRAHAM AVE @ MAIN ST (0002252),2252,02 - Intersection related,03 - P.D. only,04 - Sideswipe,01 - Clear,07 - Dark,01 - Dry,01 - Traffic signal,01 - Functioning,2,0,0,0,,0,,,,,369002.6707,5030560.088,45.41203177,-75.67974729,12970
15--8010,2015/06/25,5:47 PM,ETHEL ST @ MARIER AVE (0010029),10029,03 - At intersection,03 - P.D. only,07 - SMV other,01 - Clear,01 - Daylight,01 - Dry,02 - Stop sign,00 - Unknown,1,0,0,0,,0,,,,,370296.2743,5033474.231,45.43813216,-75.66283448,12971
15--8011,2015/06/25,5:51 PM,FALLOWFIELD RD @ RICHMOND RD (0000634),634,02 - Intersection related,03 - P.D. only,03 - Rear end,01 - Clear,01 - Daylight,01 - Dry,01 - Traffic signal,01 - Functioning,3,0,0,0,,0,,,,,357720.1942,5013528.335,45.25972305,-75.8257023,12972
15--8012,2015/06/25,5:58 AM,BASELINE RD @ GREENBANK RD (0002357),2357,03 - At intersection,02 - Non-fatal injury,07 - SMV other,01 - Clear,01 - Daylight,01 - Dry,01 - Traffic signal,01 - Functioning,1,0,0,1,03 - Major,1,,,1,,360597.6843,5022584.14,45.34098535,-75.78802156,12973
15--8013,2015/06/25,6:00 PM,WOODROFFE AVE @ CLARIDGE DR/STONEWAY DR N (0009791),9791,02 - Intersection related,03 - P.D. only,04 - Sideswipe,01 - Clear,01 - Daylight,01 - Dry,01 - Traffic signal,01 - Functioning,2,0,0,0,,0,,,,,365576.6996,5016707.082,45.28769047,-75.72521588,12974
15--8014,2015/06/25,6:15 PM,LAURIER AVE   W btwn METCALFE ST & ELGIN ST (__3ZA35P),__3ZA35P,04 - At/near private drive,03 - P.D. only,02 - Angle,01 - Clear,01 - Daylight,01 - Dry,10 - No control,,2,0,0,0,,0,,,,,367863.2886,5031495.545,45.42055231,-75.69418285,12975
15--8015,2015/06/25,6:30 PM,HOLMWOOD AVE btwn BANK ST & ADELAIDE ST (__3ZA9NT),__3ZA9NT,01 - Non intersection,03 - P.D. only,06 - SMV unattended vehicle,01 - Clear,01 - Daylight,01 - Dry,10 - No control,,1,0,0,0,,0,,,,,368506.2125,5029210.171,45.39993102,-75.6862638,12976
15--8016,2015/06/25,6:32 PM,VANIER PKWY SB btwn COVENTRY RD & HWY417 IC117 RAMP36 (__3ZA4S4),__3ZA4S4,01 - Non intersection,02 - Non-fatal injury,07 - SMV other,01 - Clear,01 - Daylight,01 - Dry,10 - No control,,1,0,0,0,01 - Minimal,1,1,,,,370721.0696,5031537.108,45.42066284,-75.6576647,12977
15--8017,2015/06/25,6:58 AM,LYON ST @ WELLINGTON ST (0002388),2388,03 - At intersection,02 - Non-fatal injury,05 - Turning movement,01 - Clear,01 - Daylight,01 - Dry,01 - Traffic signal,01 - Functioning,2,0,1,0,01 - Minimal,1,1,,,,366933.8296,5031425.806,45.42000798,-75.70606703,12978
15--8018,2015/06/25,7:00 PM,WILSON ST btwn BORTHWICK AVE & CUMMINGS AVE (__3ZA8IV),__3ZA8IV,04 - At/near private drive,03 - P.D. only,06 - SMV unattended vehicle,01 - Clear,01 - Daylight,01 - Dry,10 - No control,,1,0,0,0,,0,,,,,372063.4861,5033803.153,45.44092387,-75.64020377,12979
15--8019,2015/06/25,7:16 AM,HOLLAND AVE @ WELLINGTON ST (0002364),2364,03 - At intersection,02 - Non-fatal injury,07 - SMV other,01 - Clear,01 - Daylight,01 - Dry,01 - Traffic signal,01 - Functioning,1,0,0,1,02 - Minor,1,,1,,,364929.7014,5029152.473,45.39972818,-75.7319503,12980
15--802,2015/01/13,5:59 PM,BANK ST @ HERON RD (0002155),2155,03 - At intersection,02 - Non-fatal injury,05 - Turning movement,01 - Clear,07 - Dark,01 - Dry,01 - Traffic signal,01 - Functioning,2,0,0,0,01 - Minimal,1,1,,,,369995.72,5026849.133,45.37855009,-75.66755185,12981
15--8020,2015/06/25,7:39 AM,SLATER ST btwn BAY ST & LYON ST N (__3ZA33A),__3ZA33A,04 - At/near private drive,03 - P.D. only,04 - Sideswipe,01 - Clear,01 - Daylight,01 - Dry,10 - No control,,2,0,0,0,,0,,,,,367038.0024,5031111.774,45.41717316,-75.70477573,12982
15--8021,2015/06/25,8:01 PM,CEDARVIEW RD @ JOCKVALE RD (0000788),788,02 - Intersection related,03 - P.D. only,07 - SMV other,01 - Clear,01 - Daylight,01 - Dry,11 - Roundabout,01 - Functioning,1,0,0,0,,0,,,,,361473.9496,5015252.072,45.274941,-75.77767975,12983
15--8022,2015/06/25,8:26 AM,RIDEAU ST btwn 88 W OF WILLIAM ST & WILLIAM ST (__3ZA25UB),__3ZA25UB,01 - Non intersection,03 - P.D. only,06 - SMV unattended vehicle,01 - Clear,01 - Daylight,01 - Dry,10 - No control,,1,0,0,0,,0,,,,,368056.6036,5032131.281,45.42625499,-75.6916313,12984
15--8023,2015/06/25,8:30 AM,LEMIEUX ST @ ST. LAURENT BLVD (0002021),2021,03 - At intersection,03 - P.D. only,02 - Angle,01 - Clear,01 - Daylight,01 - Dry,01 - Traffic signal,01 - Functioning,2,0,0,0,,0,,,,,372391.004,5031741.483,45.42234237,-75.63630075,12985
15--8024,2015/06/25,9:05 AM,MARCH RD btwn SOLANDT RD & STATION RD (__3ZA3CD),__3ZA3CD,01 - Non intersection,03 - P.D. only,03 - Rear end,01 - Clear,01 - Daylight,01 - Dry,10 - No control,,2,0,0,0,,0,,,,,350540.7797,5022651.043,45.34231518,-75.91633405,12986
15--8025,2015/06/25,9:21 PM,FOX CRES @ WOODROFFE AVE (0002751),2751,02 - Intersection related,03 - P.D. only,03 - Rear end,01 - Clear,07 - Dark,01 - Dry,02 - Stop sign,00 - Unknown,2,0,0,0,,0,,,,,361806.396,5025626.174,45.36826021,-75.77224887,12987
15--8026,2015/06/25,9:30 AM,BANK ST @ SUNNYSIDE AVE (0007219),7219,02 - Intersection related,03 - P.D. only,03 - Rear end,01 - Clear,01 - Daylight,01 - Dry,01 - Traffic signal,00 - Unknown,2,0,1,0,,0,,,,,368733.988,5028581.91,45.39425737,-75.68343609,12988
15--8027,2015/06/26,1:07 PM,FISHER AVE @ MEADOWLANDS DR (0002120),2120,02 - Intersection related,03 - P.D. only,04 - Sideswipe,01 - Clear,01 - Daylight,01 - Dry,01 - Traffic signal,01 - Functioning,2,0,0,0,,0,,,,,366575.7856,5025045.806,45.36263403,-75.71144035,12989
15--8028,2015/06/26,1:09 PM,KILBORN AVE btwn BLOSSOM DR & BEAVER AVE (__3ZA9RD),__3ZA9RD,04 - At/near private drive,02 - Non-fatal injury,05 - Turning movement,01 - Clear,01 - Daylight,01 - Dry,10 - No control,,2,0,0,0,02 - Minor,1,,1,,,369910.5359,5027697.263,45.38618921,-75.66852754,12990
15--8029,2015/06/26,1:34 PM,OTTAWA RIVER PKWY OFFR-EB @ PARKDALE AVE (0011241),11241,02 - Intersection related,02 - Non-fatal injury,03 - Rear end,01 - Clear,01 - Daylight,01 - Dry,03 - Yield sign,01 - Functioning,2,0,0,0,01 - Minimal,1,1,,,,364682.7505,5030332.881,45.4103704,-75.73496102,12991
15--803,2015/01/13,6:02 PM,MAIN ST @ OBLATE AVE (0002597),2597,02 - Intersection related,03 - P.D. only,04 - Sideswipe,03 - Snow,07 - Dark,06 - Ice,01 - Traffic signal,01 - Functioning,2,0,0,0,,0,,,,,369107.6972,5030311.44,45.40978488,-75.67843805,12992
15--8030,2015/06/26,1:41 PM,780 W OF TERRY FOX DR @ HAZELDEAN RD (0013520),13520,02 - Intersection related,02 - Non-fatal injury,03 - Rear end,01 - Clear,01 - Daylight,01 - Dry,01 - Traffic signal,01 - Functioning,2,0,0,0,01 - Minimal,2,2,,,,351618.5658,5016697.734,45.28867479,-75.90314454,12993
15--8031,2015/06/26,10:17 PM,HUNTMAR DR @ RICHARDSON SIDE RD (0011853),11853,03 - At intersection,03 - P.D. only,01 - Approaching,01 - Clear,07 - Dark,01 - Dry,02 - Stop sign,01 - Functioning,2,0,0,0,,0,,,,,348208.0448,5018982.192,45.30945002,-75.94642065,12994
15--8032,2015/06/26,10:19 AM,COLONEL BY DR btwn CLEGG ST & ECHO DR S (__3ZBPHH),__3ZBPHH,01 - Non intersection,02 - Non-fatal injury,01 - Approaching,01 - Clear,01 - Daylight,01 - Dry,10 - No control,,2,0,0,0,03 - Major,3,,2,1,,368706.3912,5028796.692,45.39619243,-75.6837607,12995
15--8033,2015/06/26,10:37 AM,CLARENCE ST @ NELSON ST (0007625),7625,02 - Intersection related,03 - P.D. only,06 - SMV unattended vehicle,01 - Clear,01 - Daylight,01 - Dry,02 - Stop sign,01 - Functioning,1,0,0,0,,0,,,,,368482.7061,5032771.223,45.4319743,-75.68610385,12996
15--8034,2015/06/26,10:52 PM,TROJAN AVE btwn QUEBEC ST & END (__3ZA8IS),__3ZA8IS,01 - Non intersection,03 - P.D. only,01 - Approaching,01 - Clear,07 - Dark,01 - Dry,10 - No control,,2,0,0,0,,0,,,,,372101.9713,5033384.91,45.43715702,-75.63976908,12997
15--8035,2015/06/26,11:06 PM,HIGHWAY 417 btwn HWY417 IC117 RAMP51 & HWY417 IC117 RAMP35 (__3ZA2YN),__3ZA2YN,01 - Non intersection,03 - P.D. only,03 - Rear end,01 - Clear,07 - Dark,01 - Dry,10 - No control,,5,0,0,0,,0,,,,,370762.3669,5031181.251,45.41745709,-75.6571847,12998
15--8036,2015/06/26,11:17 PM,HWY 417 VANIER IC117R63 @ VANIER PKWY (0002101),2101,02 - Intersection related,03 - P.D. only,03 - Rear end,01 - Clear,07 - Dark,01 - Dry,01 - Traffic signal,01 - Functioning,2,0,0,0,,0,,,,,370799.6211,5031398.299,45.41940649,-75.65667967,12999
15--8037,2015/06/26,11:29 AM,OTTAWA RIVER PKWY @ ISLAND PARK DR (0002127),2127,02 - Intersection related,03 - P.D. only,03 - Rear end,01 - Clear,01 - Daylight,01 - Dry,01 - Traffic signal,01 - Functioning,2,0,0,0,,0,,,,,363309.8014,5029455.551,45.40259248,-75.75260388,13000
15--8669,2015/07/13,5:53 PM,JOCKVALE RD @ EXETER DR/TARTAN DR (0010065),10065,03 - At intersection,03 - P.D. only,03 - Rear end,01 - Clear,01 - Daylight,01 - Dry,11 - Roundabout,01 - Functioning,2,0,0,0,,0,,,,,363324.4002,5014771.614,45.27046625,-75.75415402,13001
15--8939,2015/07/21,12:50 PM,INDUSTRIAL AVE/INNES RD @ ST. LAURENT BLVD (0002203),2203,03 - At intersection,02 - Non-fatal injury,05 - Turning movement,01 - Clear,01 - Daylight,01 - Dry,01 - Traffic signal,01 - Functioning,2,0,0,0,01 - Minimal,2,2,,,,373099.0067,5030005.927,45.40665789,-75.62749523,13002
15--867,2015/01/14,3:50 PM,ST. LAURENT BLVD btwn TREMBLAY RD & SHORE ST (__3ZA2GT),__3ZA2GT,01 - Non intersection,03 - P.D. only,04 - Sideswipe,01 - Clear,01 - Daylight,01 - Dry,10 - No control,,2,0,0,0,,0,,,,,372768.9745,5030799.997,45.4138347,-75.63160135,13003
15--8670,2015/07/13,6:21 PM,STRANDHERD DR @ LONGFIELDS DR (0010935),10935,02 - Intersection related,03 - P.D. only,03 - Rear end,01 - Clear,01 - Daylight,01 - Dry,01 - Traffic signal,01 - Functioning,2,0,0,0,,0,,,,,364548.8105,5015173.685,45.27398112,-75.73850289,13004
15--894,2015/01/14,7:16 AM,INNES RD btwn HWY417 IC112 RAMP56 & HWY417 IC112 RAMP68 (__3ZA3RB),__3ZA3RB,07 - Overpass or bridge,03 - P.D. only,03 - Rear end,01 - Clear,03 - Dawn,06 - Ice,10 - No control,,3,0,0,0,,0,,,,,374606.2243,5030910.321,45.41464647,-75.60811511,13005
15--8849,2015/07/18,1:24 PM,MICHELE DR @ PENNY DR (0002870),2870,03 - At intersection,03 - P.D. only,02 - Angle,01 - Clear,01 - Daylight,01 - Dry,02 - Stop sign,01 - Functioning,2,0,0,0,,0,,,,,359559.3889,5024103.147,45.3547352,-75.80110102,13006
15--8671,2015/07/13,6:40 PM,COOPER ST @ KENT ST (0011445),11445,03 - At intersection,03 - P.D. only,03 - Rear end,01 - Clear,01 - Daylight,01 - Dry,02 - Stop sign,01 - Functioning,2,0,0,0,,0,,,,,367484.146,5030889.202,45.4151307,-75.69910416,13007
15--8940,2015/07/21,2:00 PM,BANK ST btwn SECOND AVE & THIRD AVE (__3ZA3O2),__3ZA3O2,04 - At/near private drive,03 - P.D. only,02 - Angle,01 - Clear,01 - Daylight,01 - Dry,10 - No control,,2,0,0,0,,0,,,,,368319.9615,5029589.852,45.4033642,-75.68859369,13008
15--885,2015/01/14,6:06 PM,TRAINYARDS DR @ RAILMARKET (0012246),12246,02 - Intersection related,03 - P.D. only,02 - Angle,01 - Clear,07 - Dark,02 - Wet,01 - Traffic signal,01 - Functioning,2,0,0,0,,0,,,,,371754.898,5030716.78,45.41318371,-75.64456743,13009