Anom_ID,Accident_Date,Accident_Time,Location,Geo_ID,Accident_Location,Classification_of_Accident,Initial_Impact_Type,Environment_Condition,Light,Road_Surface_Condition,Traffic_Control,Traffic_Control_Condition,No__of_Vehicles,No__of_Bicycles,No__of_Motorcycles,No__of_Pedestrians,Max_Injury,No__of_Injuries,No__of_Minimal,No__of_Minor,No__of_Major,No__of_Fatal,X,Y,Latitude,Longitude,ObjectId
15--8759,2015/07/15,9:00 AM,VANIER PKWY/CRICHTON ST @ BEECHWOOD AVE/ST. PA (0001604),1604,02 - Intersection related,03 - P.D. only,04 - Sideswipe,01 - Clear,01 - Daylight,01 - Dry,01 - Traffic signal,01 - Functioning,2,0,0,0,,0,,,,,369129.2384,5033486.053,45.43834688,-75.67774829,13010
15--8672,2015/07/13,7:30 AM,INDUSTRIAL AVE @ ALTA VISTA DR/SANDFORD FLEMIN (0006979),6979,02 - Intersection related,03 - P.D. only,03 - Rear end,01 - Clear,01 - Daylight,01 - Dry,01 - Traffic signal,01 - Functioning,2,0,0,0,,0,,,,,370885.4445,5030555.768,45.41181764,-75.65569616,13011
15--8941,2015/07/21,2:01 PM,INNES RD btwn HWY417 IC112 RAMP66 & CYRVILLE RD (__3ZA3RCB),__3ZA3RCB,01 - Non intersection,03 - P.D. only,03 - Rear end,01 - Clear,01 - Daylight,01 - Dry,10 - No control,,2,0,0,0,,0,,,,,374923.7607,5031033.438,45.41572246,-75.60404106,13012
15--8850,2015/07/18,10:15 AM,TERRY FOX DR @ 329 N OF CAMPEAU DR/SIGNATURE C (0012719),12719,03 - At intersection,03 - P.D. only,02 - Angle,02 - Rain,01 - Daylight,02 - Wet,01 - Traffic signal,01 - Functioning,2,0,0,0,,0,,,,,350061.994,5019031.818,45.30977953,-75.92277403,13013
15--8673,2015/07/13,7:50 AM,BANK ST @ WALKLEY RD (0011423),11423,02 - Intersection related,03 - P.D. only,04 - Sideswipe,01 - Clear,01 - Daylight,01 - Dry,01 - Traffic signal,01 - Functioning,2,0,0,0,,0,,,,,370337.852,5025947.375,45.37040445,-75.66330348,13014
15--8399,2015/07/06,4:44 PM,ANDREW ST @ FOURTH LINE RD (0003711),3711,03 - At intersection,03 - P.D. only,02 - Angle,01 - Clear,01 - Daylight,01 - Dry,02 - Stop sign,01 - Functioning,2,0,1,0,,0,,,,,366408.3807,4999412.643,45.13200184,-75.71675342,13015
15--8579,2015/07/10,6:30 PM,ALBERT ST @ PRESTON ST (0002217),2217,02 - Intersection related,03 - P.D. only,03 - Rear end,01 - Clear,01 - Daylight,01 - Dry,01 - Traffic signal,01 - Functioning,2,0,0,0,,0,,,,,366161.4177,5030462.769,45.41141102,-75.71605573,13016
15--876,2015/01/14,5:20 PM,TERRY FOX DR btwn MAPLE GROVE RD & WALTER BAKER PL (__3ZBOBD),__3ZBOBD,01 - Non intersection,03 - P.D. only,03 - Rear end,01 - Clear,05 - Dusk,06 - Ice,10 - No control,,3,0,0,0,,0,,,,,351632.8075,5017769.893,45.29832142,-75.90286176,13017
15--8942,2015/07/21,2:30 PM,BASELINE RD/HERON RD @ PRINCE OF WALES DR (0002345),2345,02 - Intersection related,03 - P.D. only,03 - Rear end,01 - Clear,01 - Daylight,01 - Dry,01 - Traffic signal,01 - Functioning,2,0,0,0,,0,,,,,366873.5448,5026439.507,45.37514794,-75.70746474,13018
15--8851,2015/07/18,10:33 PM,DIAMONDVIEW RD btwn DONALD B. MUNRO DR & WILLIAM HODGINS LANE (__3ZAZNV),__3ZAZNV,01 - Non intersection,03 - P.D. only,07 - SMV other,01 - Clear,07 - Dark,01 - Dry,10 - No control,,1,0,0,0,,0,,,,,339855.4688,5020184.688,45.32073722,-76.05285165,13019
15--8674,2015/07/13,9:07 AM,HAWTHORNE RD btwn STEVENAGE DR & HUNT CLUB RD (__3ZA2E8),__3ZA2E8,04 - At/near private drive,02 - Non-fatal injury,02 - Angle,01 - Clear,01 - Daylight,01 - Dry,10 - No control,,2,1,0,0,02 - Minor,1,,1,,,375278.1199,5026965.439,45.3790851,-75.60009525,13020
15--84,2015/01/03,4:00 PM,HIGHWAY 417 btwn HWY417 IC127 RAMP67 & HWY417 IC126 RAMP16 (__3ZA2X0),__3ZA2X0,01 - Non intersection,03 - P.D. only,04 - Sideswipe,03 - Snow,01 - Daylight,04 - Slush,10 - No control,,3,0,0,0,,0,,,,,362355.5407,5025036.146,45.36290631,-75.76530772,13021
15--8489,2015/07/08,5:48 PM,SPRUCE ST @ BOOTH ST (0006351),6351,02 - Intersection related,03 - P.D. only,99 - Other,01 - Clear,01 - Daylight,01 - Dry,02 - Stop sign,01 - Functioning,2,0,0,0,,0,,,,,366562.0666,5030324.568,45.41013228,-75.7109549,13022
15--8128,2015/06/29,10:29 AM,CARLING AVE @ KIRKWOOD AVE N (0002358),2358,03 - At intersection,03 - P.D. only,04 - Sideswipe,02 - Rain,01 - Daylight,02 - Wet,01 - Traffic signal,01 - Functioning,2,0,0,0,,0,,,,,364276.0248,5027493.585,45.38485765,-75.74049908,13023
15--858,2015/01/14,2:45 PM,CRAIG ST @ HOLMWOOD AVE (0007584),7584,03 - At intersection,03 - P.D. only,02 - Angle,01 - Clear,01 - Daylight,04 - Slush,02 - Stop sign,01 - Functioning,2,0,0,0,,0,,,,,368064.9916,5028948.194,45.39761384,-75.69193267,13024
15--8580,2015/07/10,6:33 PM,BROADVIEW AVE btwn AVONDALE AVE & DOVERCOURT AVE (__3ZA0RQ),__3ZA0RQ,04 - At/near private drive,02 - Non-fatal injury,02 - Angle,01 - Clear,01 - Daylight,01 - Dry,10 - No control,,2,0,0,0,01 - Minimal,1,1,,,,362947.6214,5027203.946,45.38236306,-75.75749528,13025
15--8581,2015/07/10,6:38 PM,BRIDGE ST @ DICKINSON ST (0009326),9326,02 - Intersection related,03 - P.D. only,03 - Rear end,01 - Clear,01 - Daylight,01 - Dry,01 - Traffic signal,01 - Functioning,2,0,0,0,,0,,,,,368855.6454,5010077.397,45.22774601,-75.6842745,13026
15--8582,2015/07/10,6:45 PM,LYON ST @ WELLINGTON ST (0002388),2388,03 - At intersection,02 - Non-fatal injury,05 - Turning movement,01 - Clear,01 - Daylight,01 - Dry,01 - Traffic signal,01 - Functioning,2,1,0,0,02 - Minor,1,,1,,,366934.5503,5031425.806,45.42000792,-75.70605783,13027
15--8583,2015/07/10,7:04 AM,INNES RD @ 215 W OF CYRVILLE RD/HOME DEPOT W (0012457),12457,02 - Intersection related,03 - P.D. only,03 - Rear end,01 - Clear,01 - Daylight,01 - Dry,01 - Traffic signal,01 - Functioning,2,0,0,0,,0,,,,,374864.6063,5031001.144,45.41543783,-75.60480136,13028
15--8584,2015/07/10,7:30 AM,GLADSTONE AVE @ PRESTON ST (0002212),2212,02 - Intersection related,03 - P.D. only,03 - Rear end,01 - Clear,01 - Daylight,01 - Dry,01 - Traffic signal,01 - Functioning,2,0,0,0,,0,,,,,366491.1474,5029712.919,45.40463508,-75.71193738,13029
15--8585,2015/07/10,7:30 PM,CARLING AVE @ KEMPSTER AVE/FAMOUS PLAYERS THEA (0002395),2395,02 - Intersection related,03 - P.D. only,03 - Rear end,01 - Clear,01 - Daylight,01 - Dry,01 - Traffic signal,01 - Functioning,2,0,0,0,,0,,,,,359210.6717,5024119.148,45.35490632,-75.80554964,13030
15--8586,2015/07/10,7:34 AM,CYRVILLE RD @ MEADOWBROOK RD (0012477),12477,03 - At intersection,02 - Non-fatal injury,02 - Angle,01 - Clear,01 - Daylight,01 - Dry,01 - Traffic signal,01 - Functioning,2,1,0,0,02 - Minor,1,,1,,,374628.2915,5031242.916,45.41763679,-75.60778607,13031
15--8587,2015/07/10,8:14 AM,HEATHERINGTON RD @ FAIRLEA CRES S/ANGELA PRIV (0006830),6830,02 - Intersection related,03 - P.D. only,03 - Rear end,01 - Clear,01 - Daylight,01 - Dry,02 - Stop sign,01 - Functioning,2,0,0,0,,0,,,,,371873.8674,5026501.175,45.37524201,-75.64362074,13032
15--8588,2015/07/10,8:17 PM,BRONSON AVE btwn BREWER WAY & RIVERSIDE DR RAMPS 34B & 42A-3 (__3ZA3BR),__3ZA3BR,01 - Non intersection,03 - P.D. only,07 - SMV other,01 - Clear,05 - Dusk,01 - Dry,10 - No control,,1,0,1,0,,0,,,,,368347.0739,5027320.906,45.38294644,-75.68853962,13033
15--8589,2015/07/10,8:49 AM,WALKLEY RD btwn HALIFAX DR & ST. LAURENT BLVD (__3ZA2EL),__3ZA2EL,01 - Non intersection,02 - Non-fatal injury,03 - Rear end,01 - Clear,01 - Daylight,01 - Dry,10 - No control,,3,0,0,0,02 - Minor,1,,1,,,373773.0204,5027975.864,45.38832624,-75.61916973,13034
15--859,2015/01/14,2:45 PM,ARLINGTON AVE btwn LYON ST N & KENT ST (__3ZA97P),__3ZA97P,04 - At/near private drive,03 - P.D. only,02 - Angle,01 - Clear,01 - Daylight,01 - Dry,10 - No control,,2,0,0,0,,0,,,,,367791.8118,5030209.476,45.40898711,-75.69526046,13035
15--8590,2015/07/10,8:54 PM,DALY AVE @ WALLER ST (0008233),8233,02 - Intersection related,03 - P.D. only,03 - Rear end,01 - Clear,05 - Dusk,01 - Dry,01 - Traffic signal,01 - Functioning,2,0,0,0,,0,,,,,368339.7386,5032119.368,45.42612214,-75.68801496,13036
15--8591,2015/07/10,8:58 AM,CAMBRIAN RD @ CEDARVIEW RD (0001571),1571,02 - Intersection related,03 - P.D. only,03 - Rear end,01 - Clear,01 - Daylight,01 - Dry,02 - Stop sign,01 - Functioning,2,0,0,0,,0,,,,,363002.6714,5011833.321,45.244054,-75.758598,13037
15--8592,2015/07/10,9:00 AM,MONTREAL RD btwn SAVARD AVE & EMOND ST (__3ZA3LR),__3ZA3LR,04 - At/near private drive,03 - P.D. only,05 - Turning movement,01 - Clear,01 - Daylight,01 - Dry,10 - No control,,2,0,0,0,,0,,,,,370177.7777,5033124.373,45.43499538,-75.6643954,13038
15--8593,2015/07/10,9:05 PM,GREEN ST @ LARKIN DR (0001461),1461,03 - At intersection,03 - P.D. only,02 - Angle,01 - Clear,07 - Dark,01 - Dry,02 - Stop sign,01 - Functioning,2,0,0,0,,0,,,,,363112.1163,5016468.089,45.28574881,-75.75665988,13039
15--8594,2015/07/10,9:15 AM,HIGHWAY 417 btwn HWY417 IC104 RAMP15 & HWY417 IC96 RAMP51 (__3ZA2W4),__3ZA2W4,01 - Non intersection,03 - P.D. only,07 - SMV other,01 - Clear,01 - Daylight,01 - Dry,10 - No control,,1,0,0,0,,0,,,,,383184.818,5025312.283,45.36337126,-75.49941506,13040
15--8595,2015/07/10,9:15 PM,HIGHWAY 7 btwn HAZELDEAN IC RAMP 53 & HIGHWAY 7 (__7JQ7LK),__7JQ7LK,01 - Non intersection,03 - P.D. only,07 - SMV other,01 - Clear,07 - Dark,01 - Dry,10 - No control,,1,0,0,0,,0,,,,,342363.9526,5008450.267,45.21501544,-76.02174345,13041
15--8596,2015/07/10,9:19 AM,RANDALL AVE btwn UTAH ST & BEAVER AVE (__3ZA9QL),__3ZA9QL,01 - Non intersection,03 - P.D. only,99 - Other,01 - Clear,01 - Daylight,01 - Dry,10 - No control,,2,0,0,0,,0,,,,,369887.6278,5027305.243,45.38266407,-75.66887174,13042
15--8597,2015/07/10,9:45 AM,OTTAWA RIVER PKWY WB btwn TRANSIT & TURN LANE (__3ZA23O),__3ZA23O,04 - At/near private drive,03 - P.D. only,05 - Turning movement,01 - Clear,01 - Daylight,01 - Dry,10 - No control,,2,0,0,0,,0,,,,,362658.823,5028778.511,45.39655468,-75.76099811,13043
15--8598,2015/07/11,1:44 AM,BARNSDALE RD btwn MOODIE DR & TRAIL RD (__3ZA1CA),__3ZA1CA,01 - Non intersection,02 - Non-fatal injury,07 - SMV other,01 - Clear,07 - Dark,01 - Dry,10 - No control,,1,0,0,0,02 - Minor,1,,1,,,362414.4125,5009077.078,45.21930139,-75.76640992,13044
15--8599,2015/07/11,10:04 AM,CAMERON AVE @ LEONARD AVE (0007790),7790,03 - At intersection,03 - P.D. only,02 - Angle,01 - Clear,01 - Daylight,01 - Dry,02 - Stop sign,01 - Functioning,2,0,0,0,,0,,,,,368546.2697,5028030.465,45.38931275,-75.68590462,13045
15--86,2015/01/03,4:14 PM,RIVERSIDE DR @ PLEASANT PARK RD (0007296),7296,02 - Intersection related,02 - Non-fatal injury,03 - Rear end,03 - Snow,05 - Dusk,03 - Loose snow,01 - Traffic signal,01 - Functioning,2,0,0,0,01 - Minimal,1,1,,,,369561.251,5028414.532,45.39267534,-75.67289337,13046
15--860,2015/01/14,2:59 PM,BANK ST btwn CHESLEY ST & RIVERDALE AVE (__3ZA3BV),__3ZA3BV,01 - Non intersection,03 - P.D. only,04 - Sideswipe,01 - Clear,01 - Daylight,02 - Wet,10 - No control,,2,0,0,0,,0,,,,,369000.0698,5028198.775,45.3907857,-75.6800879,13047
15--8600,2015/07/11,11:12 PM,RICHMOND RD btwn EDGEWORTH AVE/MCEWEN AVE & REGINA LANE (__3ZA4L9),__3ZA4L9,04 - At/near private drive,02 - Non-fatal injury,05 - Turning movement,01 - Clear,07 - Dark,01 - Dry,10 - No control,,2,0,0,0,01 - Minimal,1,1,,,,361038.2017,5025840.965,45.37025495,-75.7820305,13048
15--8601,2015/07/11,11:46 AM,HIGHWAY 417 btwn HWY417 IC123 RAMP62 & HWY417 IC122 RAMP16 (__3ZA2R9),__3ZA2R9,01 - Non intersection,02 - Non-fatal injury,04 - Sideswipe,01 - Clear,01 - Daylight,01 - Dry,10 - No control,,2,0,0,0,02 - Minor,1,,1,,,365132.4099,5028708.68,45.39571759,-75.72941558,13049
15--8602,2015/07/11,11:47 AM,BLAIR RD @ REGIONAL RD 174 S/OR174 IC112 RAMP15 (0012435),12435,03 - At intersection,03 - P.D. only,05 - Turning movement,01 - Clear,01 - Daylight,01 - Dry,01 - Traffic signal,01 - Functioning,2,0,0,0,,0,,,,,374907.8845,5032661.845,45.43037557,-75.60401213,13050
15--8603,2015/07/11,11:56 AM,DALY AVE btwn MACKENZIE AVE & NICHOLAS ST (__3ZA8JX),__3ZA8JX,01 - Non intersection,03 - P.D. only,02 - Angle,01 - Clear,01 - Daylight,01 - Dry,10 - No control,,2,0,0,0,,0,,,,,368033.7026,5031933.769,45.42447992,-75.69194928,13051
15--8604,2015/07/11,11:56 AM,CYR AVE btwn MONTREAL RD & JEANNE MANCE ST (__3ZA8SM),__3ZA8SM,01 - Non intersection,03 - P.D. only,07 - SMV other,01 - Clear,01 - Daylight,01 - Dry,10 - No control,,1,0,0,0,,0,,,,,370279.4997,5033040.826,45.43423414,-75.66310652,13052
15--8605,2015/07/11,Unknown,OAKLAWN CRES btwn GARDENWAY DR & GARDENWAY DR (__3ZA5SY),__3ZA5SY,01 - Non intersection,03 - P.D. only,06 - SMV unattended vehicle,01 - Clear,00 - Unknown,01 - Dry,10 - No control,,1,0,0,0,,0,,,,,383916.2853,5036674.536,45.46551718,-75.48825534,13053
15--8606,2015/07/11,12:11 PM,AVEIA PRIV/DAIRY DR @ OLD MONTREAL RD (0014909),14909,03 - At intersection,02 - Non-fatal injury,07 - SMV other,01 - Clear,01 - Daylight,01 - Dry,02 - Stop sign,00 - Unknown,1,0,1,0,01 - Minimal,1,1,,,,385062.7389,5039589.796,45.49161505,-75.4731204,13054
15--8607,2015/07/11,12:38 AM,HIGHWAY 417 btwn HWY417 IC127 RAMP25 & HWY417 IC126 RAMP51 (__3ZA2XA),__3ZA2XA,01 - Non intersection,03 - P.D. only,07 - SMV other,01 - Clear,07 - Dark,01 - Dry,10 - No control,,1,0,0,0,,0,,,,,363165.3914,5025825.704,45.3699437,-75.75487764,13055
15--8608,2015/07/11,2:15 PM,BANK ST @ CAHILL DR/DAZE ST (0012178),12178,03 - At intersection,02 - Non-fatal injury,05 - Turning movement,01 - Clear,01 - Daylight,01 - Dry,01 - Traffic signal,01 - Functioning,2,0,0,0,02 - Minor,2,1,1,,,371306.815,5024316.367,45.3556379,-75.65115396,13056
15--8609,2015/07/11,2:58 PM,FALLOWFIELD RD btwn MUNSTER RD & CONLEY RD (__3ZA3EQ),__3ZA3EQ,01 - Non intersection,03 - P.D. only,07 - SMV other,01 - Clear,01 - Daylight,01 - Dry,10 - No control,,1,0,0,0,,0,,,,,347848.7985,5005633.773,45.18935747,-75.95215781,13057
15--861,2015/01/14,3:00 PM,MAITLAND AVE btwn AMESBROOKE DR & HENRY FARM DR (__3ZA4I3),__3ZA4I3,01 - Non intersection,03 - P.D. only,03 - Rear end,01 - Clear,01 - Daylight,06 - Ice,10 - No control,,3,0,0,0,,0,,,,,363791.1852,5025172.478,45.36401367,-75.74696712,13058
15--8610,2015/07/11,3:28 PM,ROWATT ST btwn KIRBY RD & END (__3ZA5YJ),__3ZA5YJ,04 - At/near private drive,03 - P.D. only,06 - SMV unattended vehicle,01 - Clear,01 - Daylight,01 - Dry,10 - No control,,1,0,0,0,,0,,,,,359499.2414,5025796.776,45.36997914,-75.80168117,13059
15--8611,2015/07/11,3:28 PM,QUEEN ST @ LYON ST (0002159),2159,02 - Intersection related,03 - P.D. only,03 - Rear end,01 - Clear,01 - Daylight,01 - Dry,01 - Traffic signal,01 - Functioning,2,0,0,0,,0,,,,,367019.0154,5031287.576,45.41875666,-75.70499611,13060
15--8612,2015/07/11,3:46 PM,OGILVIE RD btwn JASMINE CRES & ELMRIDGE DR (__3ZA2DT),__3ZA2DT,01 - Non intersection,03 - P.D. only,04 - Sideswipe,01 - Clear,01 - Daylight,01 - Dry,10 - No control,,2,0,0,0,,0,,,,,375414.2436,5034032.11,45.44265348,-75.59734505,13061
15--8613,2015/07/11,4:01 PM,MERIVALE RD/LOTTA AVE @ CLYDE AVE (0001112),1112,02 - Intersection related,03 - P.D. only,04 - Sideswipe,01 - Clear,01 - Daylight,01 - Dry,01 - Traffic signal,01 - Functioning,2,0,0,0,,0,,,,,364520.9776,5024507.886,45.35797197,-75.73773232,13062
15--8614,2015/07/11,4:17 PM,RIDLEY BLVD btwn LENESTER AVE & STRATHMORE BLVD (__3ZABYV),__3ZABYV,04 - At/near private drive,03 - P.D. only,06 - SMV unattended vehicle,01 - Clear,01 - Daylight,01 - Dry,10 - No control,,1,0,0,0,,0,,,,,362212.5639,5025512.709,45.36720611,-75.76707728,13063
15--8615,2015/07/11,5:01 PM,MANOTICK STATION RD btwn HERBERTS CORNERS RD & SNAKE ISLAND RD (__3ZA71F),__3ZA71F,01 - Non intersection,02 - Non-fatal injury,07 - SMV other,01 - Clear,01 - Daylight,01 - Dry,10 - No control,,1,0,0,0,02 - Minor,1,,1,,,376583.7564,5006125.352,45.19144125,-75.58644116,13064
15--8616,2015/07/11,5:02 PM,RIDGEWOOD AVE @ RIVERSIDE DR (0007180),7180,02 - Intersection related,02 - Non-fatal injury,03 - Rear end,01 - Clear,01 - Daylight,01 - Dry,01 - Traffic signal,01 - Functioning,2,1,0,0,01 - Minimal,1,1,,,,368280.7047,5025609.893,45.36755723,-75.68960697,13065
15--8617,2015/07/11,5:17 PM,BASELINE RD btwn MERIVALE RD & FARLANE BLVD (__3ZA4ID),__3ZA4ID,04 - At/near private drive,02 - Non-fatal injury,02 - Angle,01 - Clear,01 - Daylight,01 - Dry,10 - No control,,2,0,1,0,03 - Major,1,,,1,,365145.5072,5025382.091,45.36578445,-75.72965491,13066
15--8618,2015/07/11,5:36 PM,RIVERSIDE DR btwn HERON RD & RIVERSIDE DR RAMP 34 (__5FDVSE),__5FDVSE,01 - Non intersection,02 - Non-fatal injury,07 - SMV other,01 - Clear,01 - Daylight,01 - Dry,10 - No control,,1,0,1,0,02 - Minor,1,,1,,,368110.1907,5026844.496,45.37868128,-75.69162528,13067
15--8619,2015/07/11,6:11 PM,RIVER RD btwn RYEBURN DR & LEITRIM RD (__3ZBOG4),__3ZBOG4,04 - At/near private drive,03 - P.D. only,03 - Rear end,01 - Clear,01 - Daylight,01 - Dry,10 - No control,,2,0,0,0,,0,,,,,368026.9104,5017070.431,45.29074369,-75.69393722,13068
15--862,2015/01/14,3:14 PM,MARCH RD @ TERRY FOX DR (0003173),3173,02 - Intersection related,03 - P.D. only,03 - Rear end,01 - Clear,01 - Daylight,01 - Dry,01 - Traffic signal,01 - Functioning,2,0,0,0,,0,,,,,349865.5725,5023398.063,45.34908073,-75.92488139,13069
15--8620,2015/07/11,6:33 PM,JERSEY TEA CIRC btwn NORTH BLUFF DR & NORTH BLUFF DR (__6N37AN),__6N37AN,01 - Non intersection,03 - P.D. only,06 - SMV unattended vehicle,01 - Clear,01 - Daylight,01 - Dry,10 - No control,,1,0,0,0,,0,,,,,369530.0986,5015799.962,45.27917537,-75.67494119,13070
15--8621,2015/07/11,8:49 PM,GREENBANK RD btwn WEST HUNT CLUB RD & FALLOWFIELD RD (__3ZA1NE),__3ZA1NE,01 - Non intersection,03 - P.D. only,07 - SMV other,01 - Clear,05 - Dusk,01 - Dry,10 - No control,,1,0,0,0,,0,,,,,362046.2364,5019164.01,45.31009439,-75.76993494,13071
15--8622,2015/07/11,9:30 AM,CORKSTOWN RD btwn MARCH RD & MOODIE DR (__3ZA2LR),__3ZA2LR,01 - Non intersection,02 - Non-fatal injury,07 - SMV other,01 - Clear,01 - Daylight,01 - Dry,10 - No control,,1,0,0,1,03 - Major,1,,,1,,355845.2485,5022048.389,45.33652651,-75.84871379,13072
15--8623,2015/07/12,1:29 PM,INNES RD @ TENTH LINE RD (0004633),4633,02 - Intersection related,03 - P.D. only,03 - Rear end,01 - Clear,01 - Daylight,01 - Dry,01 - Traffic signal,01 - Functioning,2,0,0,0,,0,,,,,383951.0396,5036160.642,45.4608897,-75.48789372,13073
15--8624,2015/07/12,1:45 PM,CAMPEAU DR/HWY 417 MARCH IC138R63 @ MARCH RD (0009710),9710,02 - Intersection related,03 - P.D. only,02 - Angle,01 - Clear,01 - Daylight,01 - Dry,01 - Traffic signal,01 - Functioning,2,0,0,0,,0,,,,,352841.6249,5020476.106,45.3225909,-75.88718733,13074
15--8625,2015/07/12,11:00 AM,GREENVIEW AVE btwn DON ST & CARLING AVE (__3ZABWO),__3ZABWO,01 - Non intersection,03 - P.D. only,06 - SMV unattended vehicle,01 - Clear,01 - Daylight,01 - Dry,10 - No control,,1,0,0,0,,0,,,,,359929.5586,5024906.042,45.36193063,-75.79628732,13075
15--8626,2015/07/12,11:20 AM,HIGHWAY 416 btwn HWY416 IC66 RAMP62 & HWY416 IC72 RAMP24 (__3ZAZMZ),__3ZAZMZ,01 - Non intersection,02 - Non-fatal injury,07 - SMV other,01 - Clear,01 - Daylight,01 - Dry,10 - No control,,1,0,0,0,02 - Minor,1,,1,,,360225.593,5017641.546,45.29654121,-75.79332215,13076
15--8627,2015/07/12,11:43 PM,PARENT AVE @ ST. PATRICK ST (0008240),8240,03 - At intersection,03 - P.D. only,05 - Turning movement,01 - Clear,07 - Dark,01 - Dry,01 - Traffic signal,01 - Functioning,2,0,0,0,,0,,,,,367821.7023,5032557.674,45.43011274,-75.69457829,13077
15--8628,2015/07/12,Unknown,HAZELNUT CRES btwn VERBENA CRES & VERBENA CRES (__7291M1),__7291M1,01 - Non intersection,03 - P.D. only,06 - SMV unattended vehicle,01 - Clear,00 - Unknown,01 - Dry,10 - No control,,1,0,0,0,,0,,,,,374033.333,5019341.112,45.3106085,-75.61705462,13078
15--8629,2015/07/12,12:01 AM,INDUSTRIAL AVE @ RIVERSIDE DR (0011905),11905,02 - Intersection related,03 - P.D. only,03 - Rear end,01 - Clear,07 - Dark,01 - Dry,01 - Traffic signal,01 - Functioning,2,0,0,0,,0,,,,,370684.7186,5030592.553,45.41216754,-75.65825542,13079
15--863,2015/01/14,3:15 PM,CARLING AVE @ KIRKWOOD AVE S (0002209),2209,02 - Intersection related,03 - P.D. only,03 - Rear end,01 - Clear,01 - Daylight,01 - Dry,01 - Traffic signal,01 - Functioning,2,0,0,0,,0,,,,,364352.6644,5027337.067,45.38344282,-75.73953937,13080
15--8630,2015/07/12,12:15 AM,CARLING AVE EB btwn CARLING AVE EB OFF RAMP/OTTAWA RIVER PKWY & TRANSI (__3ZGKXW),__3ZGKXW,01 - Non intersection,03 - P.D. only,07 - SMV other,01 - Clear,07 - Dark,01 - Dry,10 - No control,,1,0,0,0,,0,,,,,360941.7266,5025202.592,45.36451864,-75.78333461,13081
15--8631,2015/07/12,12:36 PM,ELGIN ST @ WELLINGTON ST W (0002113),2113,03 - At intersection,02 - Non-fatal injury,04 - Sideswipe,01 - Clear,01 - Daylight,01 - Dry,01 - Traffic signal,01 - Functioning,2,0,0,0,02 - Minor,2,1,1,,,367666.866,5031877.217,45.42400415,-75.69664376,13082
15--8632,2015/07/12,2:54 PM,MARCH RD btwn SOLANDT RD & STATION RD (__3ZA3CD),__3ZA3CD,01 - Non intersection,03 - P.D. only,04 - Sideswipe,01 - Clear,01 - Daylight,01 - Dry,10 - No control,,2,0,0,0,,0,,,,,350836.9862,5022324.706,45.33935935,-75.91258493,13083
15--8633,2015/07/12,3:00 PM,PARKDALE AVE WB OFF RAMP/OTTAWA RIVER PKWY btwn OTTAWA RIVER PKWY & PA (__3ZAY0R),__3ZAY0R,01 - Non intersection,03 - P.D. only,03 - Rear end,01 - Clear,01 - Daylight,01 - Dry,10 - No control,,2,0,0,0,,0,,,,,364659.2308,5030386.267,45.41085277,-75.73525499,13084
15--8634,2015/07/12,3:38 PM,HWY 417 TERRYFO IC140R52 @ TERRY FOX DR (0003180),3180,02 - Intersection related,03 - P.D. only,02 - Angle,01 - Clear,01 - Daylight,01 - Dry,01 - Traffic signal,02 - Not functioning,2,0,0,0,,0,,,,,351053.1833,5018434.348,45.30433876,-75.91018983,13085
15--8635,2015/07/12,4:00 PM,ROTHESAY DR btwn ROTHESAY DR & SHOULDICE CRES (__3ZABZJ),__3ZABZJ,01 - Non intersection,03 - P.D. only,07 - SMV other,01 - Clear,01 - Daylight,01 - Dry,10 - No control,,1,0,0,0,,0,,,,,354064.1923,5017073.124,45.29188546,-75.8719316,13086
15--8636,2015/07/12,4:10 PM,INGERSOLL CRES btwn HUNTSVILLE DR & INGERSOLL CRES (__6FWVH1),__6FWVH1,04 - At/near private drive,03 - P.D. only,06 - SMV unattended vehicle,01 - Clear,01 - Daylight,01 - Dry,10 - No control,,1,0,0,0,,0,,,,,349212.276,5019434.37,45.31345606,-75.93357386,13087
15--8637,2015/07/12,4:15 PM,PRINCE OF WALES DR btwn WATERBEND LANE & TURN LANE (__3ZA1H4),__3ZA1H4,01 - Non intersection,03 - P.D. only,04 - Sideswipe,01 - Clear,01 - Daylight,01 - Dry,10 - No control,,2,0,0,0,,0,,,,,367433.0126,5021723.13,45.33266119,-75.70091981,13088
15--8638,2015/07/12,4:20 PM,MORNINGVIEW ST btwn TOONEY DR & DELORME AVE (__3ZBPN1),__3ZBPN1,04 - At/near private drive,03 - P.D. only,06 - SMV unattended vehicle,01 - Clear,01 - Daylight,01 - Dry,10 - No control,,1,0,0,0,,0,,,,,382141.7794,5035580.766,45.45587509,-75.51111647,13089
15--8639,2015/07/12,6:54 PM,240 S OF CHARLEMAGNE BLVD/DES EPINETTES AVE @ TENTH LINE RD (0014362),14362,02 - Intersection related,03 - P.D. only,03 - Rear end,02 - Rain,01 - Daylight,02 - Wet,01 - Traffic signal,01 - Functioning,2,0,0,0,,0,,,,,383736.1826,5036677.455,45.46556382,-75.49055768,13090
15--864,2015/01/14,3:26 PM,TRIM RD btwn RAMP & SOUTH FRONTAGE (__58GXDO),__58GXDO,01 - Non intersection,03 - P.D. only,03 - Rear end,01 - Clear,01 - Daylight,06 - Ice,10 - No control,,2,0,0,0,,0,,,,,384447.275,5039778.774,45.4933858,-75.48096271,13091