Anom_ID,Accident_Date,Accident_Time,Location,Geo_ID,Accident_Location,Classification_of_Accident,Initial_Impact_Type,Environment_Condition,Light,Road_Surface_Condition,Traffic_Control,Traffic_Control_Condition,No__of_Vehicles,No__of_Bicycles,No__of_Motorcycles,No__of_Pedestrians,Max_Injury,No__of_Injuries,No__of_Minimal,No__of_Minor,No__of_Major,No__of_Fatal,X,Y,Latitude,Longitude,ObjectId
15--8640,2015/07/12,7:01 PM,QUEEN ELIZABETH DRWY btwn FOURTH AVE & THIRD AVE (__3ZA22L),__3ZA22L,04 - At/near private drive,03 - P.D. only,03 - Rear end,01 - Clear,01 - Daylight,01 - Dry,10 - No control,,2,0,0,0,,0,,,,,368815.1191,5029754.499,45.40480053,-75.6822478,13092
15--8641,2015/07/12,7:19 AM,SMYTH RD btwn RIVERSIDE HOSPITAL & ALTA VISTA DR (__3ZA1M4B),__3ZA1M4B,01 - Non intersection,02 - Non-fatal injury,07 - SMV other,01 - Clear,01 - Daylight,01 - Dry,10 - No control,,1,0,0,0,01 - Minimal,1,1,,,,370287.851,5029115.792,45.39891745,-75.6635214,13093
15--8642,2015/07/12,7:19 PM,LORRY GREENBERG DR @ ZAIDAN DR (0011644),11644,02 - Intersection related,03 - P.D. only,06 - SMV unattended vehicle,01 - Clear,01 - Daylight,01 - Dry,02 - Stop sign,01 - Functioning,1,0,0,0,,0,,,,,372746.8117,5025379.528,45.36506577,-75.6326308,13094
15--8643,2015/07/12,7:40 PM,BANK ST @ WALKLEY RD (0011423),11423,02 - Intersection related,02 - Non-fatal injury,03 - Rear end,01 - Clear,01 - Daylight,01 - Dry,01 - Traffic signal,00 - Unknown,2,0,0,0,01 - Minimal,2,2,,,,370337.1313,5025947.375,45.37040451,-75.66331268,13095
15--8644,2015/07/12,9:00 AM,ARCH ST btwn WESTON DR & VINCENT ST (__3ZBOZ5),__3ZBOZ5,04 - At/near private drive,03 - P.D. only,06 - SMV unattended vehicle,01 - Clear,01 - Daylight,01 - Dry,10 - No control,,1,0,0,0,,0,,,,,372797.8349,5028779.488,45.39565226,-75.63151129,13096
15--8645,2015/07/12,9:10 AM,NINTH LINE RD btwn FARMERS WAY & HALL RD (__3ZA6TK),__3ZA6TK,01 - Non intersection,03 - P.D. only,07 - SMV other,01 - Clear,01 - Daylight,01 - Dry,10 - No control,,1,0,0,0,,0,,,,,384154.8655,5022354.042,45.33664604,-75.487509,13097
15--8646,2015/07/12,9:16 PM,OTTAWA RIVER PKWY EB btwn TRANSIT & TURN LANE (2) (__3ZA24U),__3ZA24U,01 - Non intersection,02 - Non-fatal injury,07 - SMV other,01 - Clear,05 - Dusk,01 - Dry,10 - No control,,1,0,0,0,03 - Major,1,,,1,,361315.4112,5026811.492,45.37896537,-75.77838071,13098
15--8647,2015/07/13,1:01 PM,INNES RD @ TENTH LINE RD (0004633),4633,02 - Intersection related,03 - P.D. only,03 - Rear end,01 - Clear,01 - Daylight,01 - Dry,01 - Traffic signal,02 - Not functioning,2,0,0,0,,0,,,,,383951.5801,5036159.831,45.46088234,-75.48788694,13099
15--8648,2015/07/13,1:15 PM,HAZELDEAN RD @ TERRY FOX DR (0003682),3682,02 - Intersection related,03 - P.D. only,03 - Rear end,01 - Clear,01 - Daylight,01 - Dry,01 - Traffic signal,01 - Functioning,4,0,0,0,,0,,,,,352207.611,5017241.37,45.29352708,-75.8955837,13100
15--8649,2015/07/13,10:00 PM,HIGHWAY 416 btwn HWY416 IC66 RAMP62 & HWY416 IC72 RAMP24 (__3ZAZMZ),__3ZAZMZ,01 - Non intersection,03 - P.D. only,07 - SMV other,01 - Clear,07 - Dark,01 - Dry,10 - No control,,1,0,0,0,,0,,,,,360319.0874,5017950.532,45.29931411,-75.79209559,13101
15--865,2015/01/14,3:28 PM,WELLINGTON ST @ LETT ST (0012269),12269,02 - Intersection related,03 - P.D. only,03 - Rear end,01 - Clear,01 - Daylight,01 - Dry,01 - Traffic signal,01 - Functioning,2,0,0,0,,0,,,,,366355.4444,5031110.069,45.4172182,-75.71349626,13102
15--8650,2015/07/13,10:30 AM,HIGHWAY 417 btwn HWY417 IC118 RAMP76 & HWY417 IC118 RAMP67 (__3ZA2YR),__3ZA2YR,01 - Non intersection,03 - P.D. only,03 - Rear end,01 - Clear,01 - Daylight,01 - Dry,10 - No control,,2,0,0,0,,0,,,,,369549.5526,5031106.971,45.41690203,-75.67268921,13103
15--8651,2015/07/13,10:34 AM,MARCH RD @ TERRY FOX DR (0003173),3173,02 - Intersection related,03 - P.D. only,03 - Rear end,01 - Clear,01 - Daylight,01 - Dry,01 - Traffic signal,01 - Functioning,2,0,0,0,,0,,,,,349863.8879,5023398.428,45.34908413,-75.92490285,13104
15--8652,2015/07/13,10:55 AM,HIGHWAY 417 btwn HWY417 IC138 RAMP61 & HWY417 IC134 RAMP36 (__3ZA20I),__3ZA20I,01 - Non intersection,02 - Non-fatal injury,03 - Rear end,01 - Clear,01 - Daylight,01 - Dry,10 - No control,,3,0,0,0,01 - Minimal,1,1,,,,355352.6454,5021664.452,45.33310746,-75.85503773,13105
15--8653,2015/07/13,12:32 PM,WEST HUNT CLUB RD EB btwn ROYDON PL/SUNDERLAND ST & 545 E OF ROYDON PL (__3ZA3JPA),__3ZA3JPA,01 - Non intersection,02 - Non-fatal injury,03 - Rear end,01 - Clear,01 - Daylight,01 - Dry,10 - No control,,2,0,0,0,02 - Minor,1,,1,,,366063.077,5022214.535,45.33720372,-75.71833514,13106
15--8654,2015/07/13,12:41 PM,GIBBARD AVE btwn GREENBANK RD & ATKINSON GT (__3ZA4YP),__3ZA4YP,04 - At/near private drive,03 - P.D. only,03 - Rear end,01 - Clear,01 - Daylight,01 - Dry,10 - No control,,2,0,0,0,,0,,,,,361470.1945,5020652.871,45.32353789,-75.77711033,13107
15--8655,2015/07/13,12:55 PM,FROBISHER LANE W @ RIVERSIDE DR (0011961),11961,02 - Intersection related,03 - P.D. only,03 - Rear end,01 - Clear,01 - Daylight,01 - Dry,01 - Traffic signal,01 - Functioning,2,0,0,0,,0,,,,,370118.7151,5029600.866,45.40329777,-75.66561731,13108
15--8656,2015/07/13,2:57 PM,HINCKS LANE @ RIVERSIDE DR (0011354),11354,02 - Intersection related,03 - P.D. only,03 - Rear end,01 - Clear,01 - Daylight,01 - Dry,02 - Stop sign,01 - Functioning,2,0,0,0,,0,,,,,370166.7159,5030205.206,45.40873092,-75.66492409,13109
15--8657,2015/07/13,3:00 PM,BASELINE RD btwn MORLEY BLVD & PRINCE OF WALES DR (__3ZA4JU),__3ZA4JU,01 - Non intersection,03 - P.D. only,03 - Rear end,01 - Clear,01 - Daylight,01 - Dry,10 - No control,,2,1,0,0,,0,,,,,366774.247,5026409.343,45.37488532,-75.7087362,13110
15--8658,2015/07/13,3:21 PM,OLD INNES RD @ BANTREE ST (0007674),7674,03 - At intersection,03 - P.D. only,02 - Angle,01 - Clear,01 - Daylight,01 - Dry,02 - Stop sign,01 - Functioning,2,0,0,0,,0,,,,,373727.3448,5030352.141,45.40971137,-75.6194209,13111
15--8659,2015/07/13,3:24 PM,MARLBOROUGH AVE btwn SOMERSET ST E & TEMPLETON ST (__3ZA7GF),__3ZA7GF,04 - At/near private drive,03 - P.D. only,05 - Turning movement,01 - Clear,01 - Daylight,01 - Dry,10 - No control,,2,0,0,0,,0,,,,,369590.4376,5031948.314,45.42446833,-75.67205623,13112
15--866,2015/01/14,3:32 PM,WOODROFFE AVE @ KNOXDALE RD/MEDHURST DR (0000519),519,03 - At intersection,03 - P.D. only,05 - Turning movement,01 - Clear,01 - Daylight,02 - Wet,01 - Traffic signal,01 - Functioning,2,0,0,0,,0,,,,,363419.6177,5021826.599,45.33393894,-75.75210644,13113
15--8660,2015/07/13,3:30 PM,HOLLY ACRES RD @ CARLING AVE (0000522),522,02 - Intersection related,02 - Non-fatal injury,05 - Turning movement,01 - Clear,01 - Daylight,01 - Dry,01 - Traffic signal,01 - Functioning,2,1,0,0,01 - Minimal,1,1,,,,358235.377,5023496.437,45.34937815,-75.81806385,13114
15--8661,2015/07/13,3:36 PM,WOODROFFE AVE btwn DAVID DR & TURN LANE (__3ZA33G),__3ZA33G,04 - At/near private drive,03 - P.D. only,02 - Angle,01 - Clear,01 - Daylight,01 - Dry,10 - No control,,3,0,0,0,,0,,,,,363031.4644,5022789.954,45.34263946,-75.75694487,13115
15--8662,2015/07/13,4:16 PM,METCALFE ST btwn FRANK ST & GLADSTONE AVE (__3ZA3QB),__3ZA3QB,01 - Non intersection,03 - P.D. only,04 - Sideswipe,01 - Clear,01 - Daylight,01 - Dry,10 - No control,,2,0,0,0,,0,,,,,368213.7968,5030780.239,45.41408454,-75.68979659,13116
15--8663,2015/07/13,4:23 PM,EAGLESON RD @ HWY 417 EAGLESO IC138R51/PARK AN (0009698),9698,02 - Intersection related,03 - P.D. only,03 - Rear end,01 - Clear,01 - Daylight,01 - Dry,01 - Traffic signal,01 - Functioning,2,0,0,0,,0,,,,,353037.1811,5020014.869,45.31842718,-75.88473791,13117
15--8664,2015/07/13,4:45 PM,ROBERTSON RD btwn HAZELDEAN RD & HAANEL DR (__3ZA41S),__3ZA41S,01 - Non intersection,03 - P.D. only,99 - Other,01 - Clear,01 - Daylight,01 - Dry,10 - No control,,3,0,0,0,,0,,,,,354106.4577,5018675.951,45.30630507,-75.87123341,13118
15--8665,2015/07/13,4:54 PM,ST. JOSEPH BLVD @ JEANNE D'ARC BLVD (0012421),12421,02 - Intersection related,03 - P.D. only,03 - Rear end,01 - Clear,01 - Daylight,01 - Dry,11 - Roundabout,01 - Functioning,2,0,0,0,,0,,,,,379865.8188,5036473.544,45.46415583,-75.54007618,13119
15--8666,2015/07/13,5:00 PM,POPLAR ST btwn PRESTON ST & ROCHESTER ST (__3ZAAKO),__3ZAAKO,01 - Non intersection,03 - P.D. only,06 - SMV unattended vehicle,01 - Clear,01 - Daylight,01 - Dry,10 - No control,,1,0,0,0,,0,,,,,366422.6905,5029948.893,45.40676434,-75.71278229,13120
15--8667,2015/07/13,5:20 PM,MCARTHUR AVE @ CARMEN AVE (0009811),9811,03 - At intersection,03 - P.D. only,05 - Turning movement,01 - Clear,01 - Daylight,01 - Dry,02 - Stop sign,01 - Functioning,2,0,0,0,,0,,,,,370903.2223,5032767.622,45.43171729,-75.65517227,13121
15--8668,2015/07/13,5:45 PM,MARCH RD @ TERRY FOX DR (0003173),3173,03 - At intersection,02 - Non-fatal injury,05 - Turning movement,01 - Clear,01 - Daylight,01 - Dry,01 - Traffic signal,01 - Functioning,2,0,0,0,02 - Minor,2,,2,,,349865.3293,5023399.149,45.34909052,-75.92488439,13122
15--8308,2015/07/03,2:55 PM,HIGHWAY 417 btwn HWY417 IC134 RAMP35 & HWY417 IC134 RAMP25 (__3ZA29D),__3ZA29D,01 - Non intersection,02 - Non-fatal injury,07 - SMV other,01 - Clear,01 - Daylight,01 - Dry,10 - No control,,1,0,0,0,02 - Minor,1,,1,,,356537.6005,5022309.024,45.33882101,-75.8398534,13123
15--8218,2015/06/30,8:00 AM,HAWKESWOOD DR btwn NIGHTFALL ST & SUMMERHILL ST (__86L619),__86L619,04 - At/near private drive,03 - P.D. only,06 - SMV unattended vehicle,01 - Clear,01 - Daylight,01 - Dry,10 - No control,,1,0,0,0,,0,,,,,368397.506,5014484.855,45.26744554,-75.68954436,13124
15--8675,2015/07/13,9:10 AM,WEST HUNT CLUB RD @ ROYDON PL/SUNDERLAND ST (0009775),9775,02 - Intersection related,03 - P.D. only,03 - Rear end,01 - Clear,01 - Daylight,01 - Dry,01 - Traffic signal,01 - Functioning,2,0,0,0,,0,,,,,365974.4283,5022169.851,45.33680939,-75.71947164,13125
15--8943,2015/07/21,2:48 PM,STRANDHERD DR btwn Continuation of STRANDHERD DR & MCKENNA CASEY DR (__3ZAZM9),__3ZAZM9,05 - At railway crossing,03 - P.D. only,03 - Rear end,01 - Clear,01 - Daylight,01 - Dry,10 - No control,,2,0,0,0,,0,,,,,361841.1676,5013650.623,45.26050135,-75.7731838,13126
15--840,2015/01/13,9:45 PM,VALLEY STREAM DR btwn SHADOW CRT & SANDCASTLE DR (__3ZBOIO),__3ZBOIO,04 - At/near private drive,03 - P.D. only,06 - SMV unattended vehicle,01 - Clear,07 - Dark,06 - Ice,10 - No control,,1,0,0,0,,0,,,,,359389.8803,5021716.695,45.33327509,-75.80352767,13127
15--8309,2015/07/03,3:10 AM,ALBION RD btwn LESTER RD & LEITRIM RD (__3ZA3SQ),__3ZA3SQ,01 - Non intersection,03 - P.D. only,07 - SMV other,01 - Clear,07 - Dark,01 - Dry,10 - No control,,1,0,0,0,,0,,,,,373380.4072,5020701.701,45.3229147,-75.62519216,13128
15--849,2015/01/14,11:44 AM,COBDEN RD @ IRIS ST (0002946),2946,03 - At intersection,03 - P.D. only,02 - Angle,01 - Clear,01 - Daylight,04 - Slush,02 - Stop sign,01 - Functioning,2,0,0,0,,0,,,,,361384.511,5023827.992,45.35211446,-75.77784014,13129
15--8219,2015/06/30,8:18 PM,BANK ST btwn WALKLEY RD & SURREY AVE (__3ZA4TW),__3ZA4TW,01 - Non intersection,03 - P.D. only,03 - Rear end,01 - Clear,01 - Daylight,01 - Dry,10 - No control,,2,0,0,0,,0,,,,,370349.3835,5025914.221,45.37010506,-75.66316068,13130
15--8129,2015/06/29,10:36 AM,CAMPEAU DR/HWY 417 MARCH IC138R63 @ MARCH RD (0009710),9710,02 - Intersection related,03 - P.D. only,03 - Rear end,02 - Rain,01 - Daylight,02 - Wet,01 - Traffic signal,01 - Functioning,3,0,0,0,,0,,,,,352841.6249,5020475.386,45.32258442,-75.8871874,13131
15--8676,2015/07/13,9:30 PM,CANON SMITH DR btwn FITZROY ST & GALETTA SIDE RD (__3ZAC0J),__3ZAC0J,01 - Non intersection,03 - P.D. only,07 - SMV other,01 - Clear,07 - Dark,01 - Dry,10 - No control,,1,0,0,0,,0,,,,,329058.9172,5036382.481,45.4669487,-76.18976761,13132
15--8852,2015/07/18,10:37 PM,BANK ST @ WELLINGTON ST (0002039),2039,03 - At intersection,02 - Non-fatal injury,05 - Turning movement,01 - Clear,07 - Dark,01 - Dry,01 - Traffic signal,01 - Functioning,2,1,0,0,02 - Minor,1,,1,,,367259.8692,5031627.492,45.42179366,-75.7018758,13133
15--8853,2015/07/18,10:50 AM,HAZELDEAN RD @ TERRY FOX DR (0003682),3682,02 - Intersection related,03 - P.D. only,03 - Rear end,01 - Clear,01 - Daylight,01 - Dry,01 - Traffic signal,01 - Functioning,2,0,0,0,,0,,,,,352209.0524,5017242.091,45.29353347,-75.89556526,13134
15--8760,2015/07/15,9:00 AM,BARRETTE ST @ ST. CHARLES ST (0010059),10059,03 - At intersection,03 - P.D. only,02 - Angle,01 - Clear,01 - Daylight,01 - Dry,02 - Stop sign,01 - Functioning,2,0,0,0,,0,,,,,369471.4352,5033728.805,45.4404995,-75.67334292,13135
15--8944,2015/07/21,3:15 PM,HAWTHORNE AVE/ISABELLA ST @ QUEEN ELIZABETH DR (0002105),2105,03 - At intersection,03 - P.D. only,02 - Angle,01 - Clear,01 - Daylight,01 - Dry,01 - Traffic signal,01 - Functioning,2,0,0,0,,0,,,,,368665.6081,5030476.83,45.41131348,-75.68406394,13136
15--8400,2015/07/06,4:44 PM,WESTMEATH CRES btwn GATESHEAD AVE & GATESHEAD AVE (__3ZAZTA),__3ZAZTA,04 - At/near private drive,03 - P.D. only,06 - SMV unattended vehicle,01 - Clear,01 - Daylight,01 - Dry,10 - No control,,1,0,0,0,,0,,,,,349533.5265,5023619.188,45.35109172,-75.92909868,13137
15--831,2015/01/13,9:00 AM,MARCH RD btwn HERZBERG RD & CORKSTOWN RD (__3ZA2XV),__3ZA2XV,01 - Non intersection,03 - P.D. only,03 - Rear end,01 - Clear,01 - Daylight,01 - Dry,10 - No control,,2,0,0,0,,0,,,,,352613.6966,5020979.634,45.3271373,-75.89004596,13138
15--8854,2015/07/18,11:01 PM,CARILLON ST @ HANNAH ST (0010006),10006,03 - At intersection,03 - P.D. only,02 - Angle,01 - Clear,07 - Dark,01 - Dry,02 - Stop sign,01 - Functioning,2,0,0,0,,0,,,,,370155.7044,5033390.954,45.43739603,-75.6646421,13139
15--8761,2015/07/16,1:48 PM,LISGAR ST btwn BANK ST & O'CONNOR ST (__3ZA9UO),__3ZA9UO,04 - At/near private drive,03 - P.D. only,06 - SMV unattended vehicle,01 - Clear,01 - Daylight,01 - Dry,10 - No control,,1,0,0,0,,0,,,,,367677.5427,5031107.709,45.41707941,-75.69660555,13140
15--8945,2015/07/21,3:23 PM,REGIONAL ROAD 174 btwn OR174 IC105 RAMP25 & OR174 IC102 RAMP51 (__3ZA27G),__3ZA27G,01 - Non intersection,03 - P.D. only,04 - Sideswipe,01 - Clear,01 - Daylight,01 - Dry,10 - No control,,2,0,0,0,,0,,,,,380875.8819,5037830.501,45.47625535,-75.52695152,13141
15--8401,2015/07/06,5:10 PM,BANK ST btwn SPRINGHILL RD & DALMENY RD (__3ZA27C),__3ZA27C,01 - Non intersection,03 - P.D. only,07 - SMV other,01 - Clear,01 - Daylight,01 - Dry,10 - No control,,1,0,0,0,,0,,,,,385140.1992,5006252.098,45.19165877,-75.4775433,13142
15--8310,2015/07/03,3:18 PM,ALTA VISTA DR @ RANDALL AVE (0008072),8072,02 - Intersection related,03 - P.D. only,02 - Angle,01 - Clear,01 - Daylight,01 - Dry,01 - Traffic signal,00 - Unknown,2,0,0,0,,0,,,,,370409.4423,5027366.182,45.3831637,-75.66220111,13143
15--8855,2015/07/18,11:56 AM,RIDEAU ST @ WALLER ST (0011913),11913,03 - At intersection,03 - P.D. only,03 - Rear end,01 - Clear,01 - Daylight,01 - Dry,01 - Traffic signal,01 - Functioning,2,0,0,0,,0,,,,,368284.1893,5032274.224,45.42752053,-75.6887048,13144
15--8762,2015/07/16,1:58 PM,BLAIR PL @ OGILVIE RD (0004162),4162,02 - Intersection related,03 - P.D. only,03 - Rear end,01 - Clear,01 - Daylight,01 - Dry,01 - Traffic signal,00 - Unknown,3,0,0,0,,0,,,,,374797.0715,5033374.128,45.4367954,-75.6053269,13145
15--8946,2015/07/21,4:35 PM,ST. LAURENT BLVD @ TREMBLAY RD (0002573),2573,02 - Intersection related,03 - P.D. only,04 - Sideswipe,01 - Clear,01 - Daylight,01 - Dry,01 - Traffic signal,01 - Functioning,2,0,0,0,,0,,,,,372595.8941,5031241.126,45.41782056,-75.63375175,13146
15--8402,2015/07/06,6:13 PM,RIDEAU ST @ NICHOLAS ST (0002639),2639,03 - At intersection,02 - Non-fatal injury,05 - Turning movement,01 - Clear,01 - Daylight,01 - Dry,02 - Stop sign,00 - Unknown,2,1,0,0,02 - Minor,1,,1,,,368142.1557,5032184.937,45.42673003,-75.69053122,13147
15--8311,2015/07/03,3:20 PM,CATHERINE ST/HWY 417 O'CONN IC119BR76 @ O'CONN (0001697),1697,03 - At intersection,03 - P.D. only,05 - Turning movement,01 - Clear,01 - Daylight,01 - Dry,01 - Traffic signal,01 - Functioning,2,0,0,0,,0,,,,,368245.1524,5030392.204,45.41059029,-75.68944596,13148
15--8856,2015/07/18,Unknown,ELGIN ST btwn LISGAR ST & COOPER ST (__3ZA340),__3ZA340,01 - Non intersection,03 - P.D. only,06 - SMV unattended vehicle,01 - Clear,00 - Unknown,01 - Dry,10 - No control,,1,0,0,0,,0,,,,,368093.4499,5031314.225,45.41890007,-75.69126545,13149
15--8763,2015/07/16,10:04 AM,HADLEY CIRC @ MOODIE DR (0000594),594,02 - Intersection related,03 - P.D. only,03 - Rear end,01 - Clear,01 - Daylight,01 - Dry,02 - Stop sign,01 - Functioning,2,0,0,0,,0,,,,,357135.9276,5020300.119,45.32070032,-75.83243195,13150
15--8947,2015/07/21,4:44 PM,CARLING AVE @ ROCHESTER ST (0002145),2145,02 - Intersection related,03 - P.D. only,03 - Rear end,01 - Clear,01 - Daylight,01 - Dry,02 - Stop sign,00 - Unknown,3,0,0,0,,0,,,,,366992.7132,5029040.752,45.39854272,-75.7056156,13151
15--8403,2015/07/06,6:13 PM,MONTREAL RD @ DEN HAAG DR/LANG'S RD (0010798),10798,03 - At intersection,03 - P.D. only,03 - Rear end,01 - Clear,01 - Daylight,01 - Dry,01 - Traffic signal,01 - Functioning,2,0,0,0,,0,,,,,372385.2766,5034220.503,45.44464794,-75.63603363,13152
15--8312,2015/07/03,3:23 PM,BANK ST @ RIVERSIDE DR S (0002704),2704,02 - Intersection related,03 - P.D. only,04 - Sideswipe,01 - Clear,01 - Daylight,01 - Dry,01 - Traffic signal,01 - Functioning,2,0,0,0,,0,,,,,369305.4378,5027894.193,45.38801711,-75.6762282,13153
15--8313,2015/07/03,3:42 PM,BANK ST @ MITCH OWENS RD (0001640),1640,02 - Intersection related,03 - P.D. only,05 - Turning movement,01 - Clear,01 - Daylight,01 - Dry,01 - Traffic signal,01 - Functioning,2,0,0,0,,0,,,,,377760.2071,5015947.82,45.27969982,-75.57003045,13154
15--8314,2015/07/03,3:54 PM,BALSAM ST @ ROCHESTER ST (0006571),6571,03 - At intersection,03 - P.D. only,07 - SMV other,01 - Clear,01 - Daylight,01 - Dry,02 - Stop sign,01 - Functioning,1,0,0,0,,0,,,,,366632.6989,5029861.202,45.4059568,-75.71011073,13155
15--8315,2015/07/03,4:02 PM,CARLING AVE WB btwn POULIN AVE & ALPINE AVE (__3ZA4VZ),__3ZA4VZ,01 - Non intersection,03 - P.D. only,03 - Rear end,01 - Clear,01 - Daylight,01 - Dry,10 - No control,,3,0,0,0,,0,,,,,360480.8211,5024933.51,45.36213422,-75.78924806,13156
15--8316,2015/07/03,4:04 PM,BASELINE RD @ CLYDE AVE (0002343),2343,02 - Intersection related,03 - P.D. only,04 - Sideswipe,01 - Clear,01 - Daylight,01 - Dry,01 - Traffic signal,01 - Functioning,2,0,0,0,,0,,,,,364358.7033,5024890.873,45.36143184,-75.73975723,13157
15--8317,2015/07/03,4:10 PM,DUNROBIN RD @ KINBURN SIDE RD (0001688),1688,03 - At intersection,03 - P.D. only,02 - Angle,01 - Clear,01 - Daylight,01 - Dry,02 - Stop sign,01 - Functioning,2,0,0,0,,0,,,,,338031.0402,5035929.268,45.46250134,-76.07506203,13158
15--8318,2015/07/03,4:26 PM,CAYMAN RD btwn CAMPOBELLO DR & MALOJA WAY (__7JQ6CE),__7JQ6CE,01 - Non intersection,03 - P.D. only,06 - SMV unattended vehicle,01 - Clear,01 - Daylight,01 - Dry,10 - No control,,1,0,0,0,,0,,,,,349664.075,5016481.708,45.2868584,-75.92807917,13159
15--8319,2015/07/03,4:28 PM,MANN AVE btwn GREENFIELD AVE & KING EDWARD AVE (__3ZA3C6),__3ZA3C6,01 - Non intersection,03 - P.D. only,03 - Rear end,01 - Clear,01 - Daylight,01 - Dry,10 - No control,,2,0,0,0,,0,,,,,369154.7244,5031321.56,45.41886925,-75.67770541,13160
15--832,2015/01/13,9:00 AM,WEST HUNT CLUB RD @ CLEOPATRA DR/LANCELOT DR (0000114),114,02 - Intersection related,03 - P.D. only,03 - Rear end,01 - Clear,01 - Daylight,02 - Wet,01 - Traffic signal,01 - Functioning,2,0,0,0,,0,,,,,365236.6639,5021732.012,45.33293371,-75.72893743,13161
15--8320,2015/07/03,4:36 PM,FINDLAY CREEK DR btwn DEVONWOOD CIRC & BANK ST (__45KVBB),__45KVBB,04 - At/near private drive,03 - P.D. only,02 - Angle,01 - Clear,01 - Daylight,01 - Dry,10 - No control,,2,0,0,0,,0,,,,,375798.4644,5020429.334,45.32022366,-75.59439041,13162
15--8321,2015/07/03,4:47 PM,INDUSTRIAL AVE @ TRAINYARDS DR (0011906),11906,02 - Intersection related,03 - P.D. only,03 - Rear end,01 - Clear,01 - Daylight,01 - Dry,01 - Traffic signal,01 - Functioning,2,0,0,0,,0,,,,,371686.6758,5030539.119,45.41159172,-75.64546307,13163
15--8322,2015/07/03,4:52 PM,MARIER AVE @ MONTREAL RD (0009346),9346,03 - At intersection,03 - P.D. only,05 - Turning movement,01 - Clear,01 - Daylight,01 - Dry,01 - Traffic signal,01 - Functioning,2,0,0,0,,0,,,,,370421.1497,5033261.951,45.43621045,-75.66126681,13164
15--8323,2015/07/03,5:38 PM,CONROY RD @ HUNT CLUB RD (0002257),2257,02 - Intersection related,02 - Non-fatal injury,03 - Rear end,01 - Clear,01 - Daylight,01 - Dry,01 - Traffic signal,01 - Functioning,2,0,0,0,02 - Minor,1,,1,,,373763.74,5025404.162,45.3651881,-75.61964738,13165
15--8324,2015/07/03,5:48 PM,HIGHWAY 417 btwn HWY417 IC124 RAMP67 & HWY417 IC123 RAMP62 (__3ZA2YZ),__3ZA2YZ,01 - Non intersection,02 - Non-fatal injury,03 - Rear end,01 - Clear,01 - Daylight,01 - Dry,10 - No control,,2,0,0,0,01 - Minimal,1,1,,,,364763.4517,5028045.206,45.38977948,-75.73420824,13166
15--8325,2015/07/03,6:16 PM,OGILVIE RD @ CITY PARK DR E/CSIS HQ ACCESS (0003696),3696,03 - At intersection,02 - Non-fatal injury,05 - Turning movement,01 - Clear,01 - Daylight,01 - Dry,01 - Traffic signal,01 - Functioning,2,0,0,0,02 - Minor,3,,3,,,374187.2868,5033010.216,45.43358189,-75.61317126,13167
15--8326,2015/07/03,6:53 PM,EAGLESON RD @ KATIMAVIK RD/TIMM DR (0011925),11925,02 - Intersection related,03 - P.D. only,03 - Rear end,01 - Clear,01 - Daylight,01 - Dry,01 - Traffic signal,01 - Functioning,2,0,0,0,,0,,,,,353216.0655,5019565.83,45.31437433,-75.88250027,13168
15--8327,2015/07/03,7:00 PM,REGIONAL RD 174 @ TRIM RD (0012835),12835,02 - Intersection related,03 - P.D. only,03 - Rear end,01 - Clear,01 - Daylight,01 - Dry,01 - Traffic signal,01 - Functioning,2,0,0,0,,0,,,,,384351.8533,5039990.701,45.4953034,-75.48214903,13169
15--8328,2015/07/03,7:09 PM,ABERDEEN ST btwn PRESTON ST & ROCHESTER ST (__3ZA4AN),__3ZA4AN,01 - Non intersection,03 - P.D. only,04 - Sideswipe,01 - Clear,01 - Daylight,01 - Dry,10 - No control,,2,0,0,0,,0,,,,,366725.2285,5029370.533,45.40153371,-75.70899043,13170
15--8329,2015/07/03,7:43 AM,SUSSEX DR btwn JOHN ST & ALEXANDER ST (__3ZA2FJ),__3ZA2FJ,01 - Non intersection,02 - Non-fatal injury,03 - Rear end,01 - Clear,01 - Daylight,01 - Dry,10 - No control,,2,0,0,0,01 - Minimal,2,2,,,,367874.7686,5033968.56,45.4428026,-75.69371939,13171
15--833,2015/01/13,9:07 AM,MARIPOSA AVE @ SPRINGFIELD RD (0005912),5912,03 - At intersection,03 - P.D. only,02 - Angle,01 - Clear,01 - Daylight,06 - Ice,02 - Stop sign,01 - Functioning,2,0,0,0,,0,,,,,369063.7914,5034594.706,45.44832812,-75.67843996,13172
15--8330,2015/07/03,9:24 PM,WILLIAM ST btwn CLARENCE ST & YORK ST (__3ZA816),__3ZA816,01 - Non intersection,03 - P.D. only,06 - SMV unattended vehicle,01 - Clear,07 - Dark,01 - Dry,10 - No control,,1,0,0,0,,0,,,,,367946.4598,5032437.586,45.42902097,-75.69299943,13173
15--8331,2015/07/04,1:00 PM,ELGIN ST @ GILMOUR ST (0006953),6953,02 - Intersection related,03 - P.D. only,04 - Sideswipe,01 - Clear,01 - Daylight,01 - Dry,01 - Traffic signal,01 - Functioning,2,0,0,0,,0,,,,,368253.4307,5031055.659,45.41655909,-75.6892548,13174