Anom_ID,Accident_Date,Accident_Time,Location,Geo_ID,Accident_Location,Classification_of_Accident,Initial_Impact_Type,Environment_Condition,Light,Road_Surface_Condition,Traffic_Control,Traffic_Control_Condition,No__of_Vehicles,No__of_Bicycles,No__of_Motorcycles,No__of_Pedestrians,Max_Injury,No__of_Injuries,No__of_Minimal,No__of_Minor,No__of_Major,No__of_Fatal,X,Y,Latitude,Longitude,ObjectId
15--8332,2015/07/04,1:17 PM,BASELINE RD @ FISHER AVE (0002346),2346,02 - Intersection related,02 - Non-fatal injury,03 - Rear end,01 - Clear,01 - Daylight,01 - Dry,01 - Traffic signal,01 - Functioning,2,0,0,0,01 - Minimal,1,1,,,,366166.6936,5026028.172,45.3715091,-75.71653984,13175
15--8333,2015/07/04,10:26 AM,BANK ST btwn RIDEAU RD & TURN LANE (__3ZBPH9),__3ZBPH9,01 - Non intersection,02 - Non-fatal injury,03 - Rear end,01 - Clear,01 - Daylight,01 - Dry,10 - No control,,3,0,0,0,02 - Minor,2,,2,,,377331.0804,5016937.563,45.28864954,-75.57535482,13176
15--8334,2015/07/04,10:26 AM,MACDONALD-CARTIER BR btwn RAMP & END (1) (__3ZA1QK),__3ZA1QK,07 - Overpass or bridge,03 - P.D. only,03 - Rear end,01 - Clear,01 - Daylight,01 - Dry,10 - No control,,3,0,0,0,,0,,,,,367481.1424,5033206.723,45.43598326,-75.69884761,13177
15--8335,2015/07/04,11:33 PM,LEITRIM RD @ ALBION RD (0012479),12479,03 - At intersection,02 - Non-fatal injury,05 - Turning movement,01 - Clear,07 - Dark,01 - Dry,01 - Traffic signal,01 - Functioning,2,0,0,0,02 - Minor,1,,1,,,373497.8086,5020419.257,45.32036189,-75.62373395,13178
15--8336,2015/07/04,11:41 AM,FALLOWFIELD RD @ GREENBANK RD (0000549),549,03 - At intersection,03 - P.D. only,05 - Turning movement,01 - Clear,01 - Daylight,01 - Dry,01 - Traffic signal,01 - Functioning,2,0,0,0,,0,,,,,363080.1352,5016732.005,45.28812618,-75.75703653,13179
15--8337,2015/07/04,Unknown,CARSON'S RD btwn MONTREAL RD & SETH PRIV (__3ZAZFV),__3ZAZFV,01 - Non intersection,03 - P.D. only,06 - SMV unattended vehicle,01 - Clear,00 - Unknown,01 - Dry,10 - No control,,1,0,0,0,,0,,,,,372805.8453,5034309.552,45.44540837,-75.63064567,13180
15--8338,2015/07/04,Unknown,ROCKCLIFFE PKWY btwn BIRCH AVE EXT./ROCKCLIFFE PKWY & ROCKCLIFFE PRKY  (__3ZA2ST),__3ZA2ST,04 - At/near private drive,02 - Non-fatal injury,07 - SMV other,01 - Clear,00 - Unknown,01 - Dry,10 - No control,,1,0,0,0,02 - Minor,1,,1,,,370759.9964,5035878.594,45.45972192,-75.65658552,13181
15--8339,2015/07/04,12:37 PM,WOODROFFE AVE btwn KNOXDALE RD/MEDHURST DR & MAJESTIC DR (__3ZA3JL),__3ZA3JL,01 - Non intersection,03 - P.D. only,03 - Rear end,01 - Clear,01 - Daylight,01 - Dry,10 - No control,,2,0,0,0,,0,,,,,363436.6941,5021784.643,45.33355999,-75.75189356,13182
15--834,2015/01/13,9:12 AM,CARLING AVE @ KIRKWOOD AVE N (0002358),2358,02 - Intersection related,03 - P.D. only,04 - Sideswipe,01 - Clear,01 - Daylight,03 - Loose snow,01 - Traffic signal,00 - Unknown,2,0,0,0,,0,,,,,364275.5559,5027496.103,45.38488035,-75.74050476,13183
15--8340,2015/07/04,12:51 PM,BANK ST @ HUNT CLUB RD (0002119),2119,02 - Intersection related,03 - P.D. only,04 - Sideswipe,01 - Clear,01 - Daylight,01 - Dry,01 - Traffic signal,01 - Functioning,2,0,0,0,,0,,,,,371609.7356,5024098.387,45.3536478,-75.64731759,13184
15--8341,2015/07/04,2:06 PM,ALBERT ST @ ELGIN ST/MACKENZIE KING BRIDGE (0002226),2226,03 - At intersection,03 - P.D. only,05 - Turning movement,01 - Clear,01 - Daylight,01 - Dry,01 - Traffic signal,01 - Functioning,2,0,0,0,,0,,,,,367850.7116,5031712.662,45.42250699,-75.69431575,13185
15--8342,2015/07/04,2:28 PM,BANK ST @ RIVERSIDE DR S (0002704),2704,03 - At intersection,03 - P.D. only,05 - Turning movement,01 - Clear,01 - Daylight,01 - Dry,01 - Traffic signal,01 - Functioning,2,0,0,0,,0,,,,,369304.7171,5027893.472,45.38801069,-75.6762375,13186
15--8343,2015/07/04,2:49 PM,400 E OF TRAINYARDS DR @ INDUSTRIAL AVE (0014364),14364,02 - Intersection related,03 - P.D. only,03 - Rear end,01 - Clear,01 - Daylight,01 - Dry,01 - Traffic signal,01 - Functioning,2,0,0,0,,0,,,,,372091.6332,5030434.623,45.41061269,-75.64030422,13187
15--8344,2015/07/04,3:00 PM,LAVAL ST btwn ST. CHARLES ST & MARIER AVE (__3ZA8X4),__3ZA8X4,01 - Non intersection,03 - P.D. only,06 - SMV unattended vehicle,01 - Clear,01 - Daylight,01 - Dry,10 - No control,,1,0,0,0,,0,,,,,369612.4222,5033763.623,45.44079972,-75.67153637,13188
15--8345,2015/07/04,3:00 PM,HIGHWAY 417 btwn HWY417 IC122 RAMP15 & HWY417 IC121B RAMP51 (__3ZA2RB),__3ZA2RB,01 - Non intersection,03 - P.D. only,99 - Other,01 - Clear,01 - Daylight,01 - Dry,10 - No control,,2,0,0,0,,0,,,,,366083.7369,5029325.775,45.40118744,-75.71718939,13189
15--8346,2015/07/04,4:00 PM,IMPERIAL AVE btwn CHAMBERLAIN AVE & RENFREW AVE (__58ODH1),__58ODH1,01 - Non intersection,03 - P.D. only,06 - SMV unattended vehicle,01 - Clear,01 - Daylight,01 - Dry,10 - No control,,1,0,0,0,,0,,,,,367425.0458,5029680.143,45.40425724,-75.70001278,13190
15--8347,2015/07/04,4:10 AM,UPPER DWYER HILL RD btwn GALETTA SIDE RD & RITCHIE SIDE RD (__3ZAC10),__3ZAC10,01 - Non intersection,03 - P.D. only,07 - SMV other,01 - Clear,07 - Dark,01 - Dry,10 - No control,,1,0,0,0,,0,,,,,321532.4787,5028110.66,45.39273572,-76.28629886,13191
15--8348,2015/07/04,4:11 PM,CARLING AVE @ MAITLAND AVE/SHERBOURNE RD (0002641),2641,03 - At intersection,03 - P.D. only,05 - Turning movement,01 - Clear,01 - Daylight,01 - Dry,01 - Traffic signal,01 - Functioning,2,0,0,0,,0,,,,,362943.4186,5026488.887,45.3759294,-75.75763315,13192
15--8349,2015/07/04,4:35 AM,HIGHWAY 417 btwn HWY 417 ANDERSON IC104R61 & HWY 417 BOUNDARY IC96R16 (__3ZA2W5),__3ZA2W5,01 - Non intersection,03 - P.D. only,07 - SMV other,01 - Clear,07 - Dark,01 - Dry,10 - No control,,1,0,0,0,,0,,,,,381541.9827,5025630.425,45.36641546,-75.52033338,13193
15--835,2015/01/13,9:13 AM,RIVERSIDE DR NB btwn INDUSTRIAL AVE & TREMBLAY RD (__3ZA4SE),__3ZA4SE,01 - Non intersection,03 - P.D. only,04 - Sideswipe,01 - Clear,01 - Daylight,06 - Ice,10 - No control,,2,0,0,0,,0,,,,,370704.4828,5030651.546,45.41269647,-75.65799505,13194
15--8350,2015/07/04,5:30 PM,RIDEAUCREST DR btwn COTTINGHAM ST & NEWBOROUGH CRES (__3ZA4WM),__3ZA4WM,04 - At/near private drive,03 - P.D. only,99 - Other,01 - Clear,01 - Daylight,01 - Dry,10 - No control,,2,0,0,0,,0,,,,,366070.0479,5016526.954,45.28602686,-75.71894949,13195
15--8351,2015/07/04,6:16 PM,CROYDON AVE @ RICHMOND RD (0002652),2652,02 - Intersection related,03 - P.D. only,03 - Rear end,01 - Clear,01 - Daylight,01 - Dry,01 - Traffic signal,01 - Functioning,3,0,0,0,,0,,,,,360544.2454,5025271.439,45.36516984,-75.78840041,13196
15--8352,2015/07/04,6:35 PM,LISGAR RD @ ROCKCLIFFE PKWY (0011537),11537,02 - Intersection related,03 - P.D. only,04 - Sideswipe,01 - Clear,01 - Daylight,01 - Dry,03 - Yield sign,01 - Functioning,2,0,0,0,,0,,,,,368353.1826,5035225.552,45.4540692,-75.68744209,13197
15--8353,2015/07/04,7:03 AM,RAYMOND ST btwn BELL ST N & ARTHUR LANE N (__3ZAAI3),__3ZAAI3,01 - Non intersection,03 - P.D. only,06 - SMV unattended vehicle,01 - Clear,01 - Daylight,01 - Dry,10 - No control,,1,0,0,0,,0,,,,,367063.3875,5029724.694,45.40469036,-75.70462662,13198
15--8354,2015/07/04,7:31 PM,BYRON AVE btwn HIGHLAND AVE & BRIERWOOD AVE (__3ZA098),__3ZA098,01 - Non intersection,03 - P.D. only,06 - SMV unattended vehicle,01 - Clear,01 - Daylight,01 - Dry,10 - No control,,1,0,0,0,,0,,,,,362765.4373,5027891.914,45.3885684,-75.75974066,13199
15--8355,2015/07/04,9:24 PM,ALBION RD @ LESTER RD (0004175),4175,02 - Intersection related,03 - P.D. only,03 - Rear end,01 - Clear,07 - Dark,01 - Dry,01 - Traffic signal,01 - Functioning,2,0,0,0,,0,,,,,372694.7432,5022332.136,45.33765148,-75.63371382,13200
15--8356,2015/07/05,1:09 AM,GREENBANK RD btwn WEST HUNT CLUB RD & FALLOWFIELD RD (__3ZA1NE),__3ZA1NE,01 - Non intersection,02 - Non-fatal injury,07 - SMV other,01 - Clear,07 - Dark,01 - Dry,10 - No control,,1,0,0,0,01 - Minimal,1,1,,,,362648.0095,5017700.681,45.29687804,-75.76243189,13201
15--8357,2015/07/05,1:15 PM,CAMBRIAN RD @ REGATTA AVE (0013606),13606,03 - At intersection,03 - P.D. only,05 - Turning movement,01 - Clear,01 - Daylight,01 - Dry,02 - Stop sign,01 - Functioning,2,0,0,0,,0,,,,,364535.3581,5012715.369,45.2518623,-75.73896993,13202
15--8358,2015/07/05,Unknown,ATHENA WAY btwn ESCADE DR & AMBIANCE DR (__4O3JGX),__4O3JGX,01 - Non intersection,03 - P.D. only,06 - SMV unattended vehicle,01 - Clear,00 - Unknown,01 - Dry,10 - No control,,1,0,0,0,,0,,,,,366840.7626,5016924.249,45.28953407,-75.70907592,13203
15--8359,2015/07/05,12:12 PM,KLONDIKE RD @ MARCH RD (0003096),3096,02 - Intersection related,03 - P.D. only,03 - Rear end,01 - Clear,01 - Daylight,01 - Dry,01 - Traffic signal,01 - Functioning,2,0,0,0,,0,,,,,349262.971,5024061.261,45.3550868,-75.93251166,13204
15--836,2015/01/13,9:21 AM,CARLING AVE EB btwn BAYSHORE DR & CARLING AVE (__3ZA4VJ),__3ZA4VJ,01 - Non intersection,03 - P.D. only,03 - Rear end,01 - Clear,01 - Daylight,02 - Wet,10 - No control,,3,0,0,0,,0,,,,,359167.4501,5024076.753,45.35452821,-75.8061059,13205
15--8360,2015/07/05,12:40 PM,TERRY FOX DR @ PALLADIUM DR/KATIMAVIK RD (0011858),11858,02 - Intersection related,03 - P.D. only,03 - Rear end,01 - Clear,01 - Daylight,01 - Dry,01 - Traffic signal,01 - Functioning,2,0,0,0,,0,,,,,351271.1594,5018181.415,45.30204842,-75.9074341,13206
15--8361,2015/07/05,12:44 AM,ALBERT ST btwn PRESTON ST & Continuation of ALBERT ST (__3ZA33O),__3ZA33O,01 - Non intersection,03 - P.D. only,07 - SMV other,01 - Clear,07 - Dark,01 - Dry,10 - No control,,1,0,0,0,,0,,,,,366288.9853,5030545.652,45.41214558,-75.71441576,13207
15--8362,2015/07/05,12:49 PM,HIGHWAY 17 btwn KINBURN SIDE RD & GRANTS SIDE RD (__5SPOHC),__5SPOHC,01 - Non intersection,03 - P.D. only,07 - SMV other,01 - Clear,01 - Daylight,01 - Dry,10 - No control,,1,0,0,0,,0,,,,,326103.8685,5025228.265,45.36667427,-76.22803969,13208
15--8363,2015/07/05,2:58 PM,FRANK KENNY RD btwn JONQUILLE WAY & WILHAVEN DR (__3ZA5CI),__3ZA5CI,01 - Non intersection,02 - Non-fatal injury,01 - Approaching,01 - Clear,01 - Daylight,01 - Dry,10 - No control,,2,0,0,0,02 - Minor,2,1,1,,,386697.8364,5040222.014,45.49711312,-75.45209899,13209
15--8364,2015/07/05,3:01 AM,BRIAN COBURN BLVD btwn AQUAVIEW DR & TENTH LINE RD (__5JY425),__5JY425,01 - Non intersection,02 - Non-fatal injury,01 - Approaching,01 - Clear,07 - Dark,01 - Dry,10 - No control,,2,0,0,0,02 - Minor,1,,1,,,384519.0969,5035065.384,45.45097099,-75.48080865,13210
15--8365,2015/07/05,3:05 AM,MACLAREN ST btwn ELGIN ST & CARTIER ST (__3ZA9US),__3ZA9US,01 - Non intersection,03 - P.D. only,06 - SMV unattended vehicle,01 - Clear,07 - Dark,01 - Dry,10 - No control,,1,0,0,0,,0,,,,,368237.9855,5031144.774,45.41736232,-75.68944065,13211
15--8366,2015/07/05,3:20 PM,HAWTHORNE RD @ WHYTE SIDE RD (0009314),9314,03 - At intersection,02 - Non-fatal injury,03 - Rear end,01 - Clear,01 - Daylight,08 - Loose sand or gravel,02 - Stop sign,00 - Unknown,2,0,2,0,02 - Minor,2,1,1,,,376248.4686,5024595.154,45.35766018,-75.58804964,13212
15--8367,2015/07/05,5:34 PM,ALBERT ST @ BRONSON AVE (0002160),2160,03 - At intersection,03 - P.D. only,02 - Angle,01 - Clear,01 - Daylight,01 - Dry,01 - Traffic signal,01 - Functioning,2,0,0,0,,0,,,,,366739.7043,5031014.773,45.41632684,-75.70859896,13213
15--8368,2015/07/05,5:47 PM,PARKDALE AVE @ SCOTT ST (0002213),2213,02 - Intersection related,03 - P.D. only,03 - Rear end,01 - Clear,01 - Daylight,01 - Dry,01 - Traffic signal,01 - Functioning,2,0,0,0,,0,,,,,364950.4243,5029724.758,45.4048757,-75.73161583,13214
15--8369,2015/07/05,6:11 PM,SECOND AVE btwn CHRYSLER ST & PERCY ST (__3ZA915),__3ZA915,04 - At/near private drive,03 - P.D. only,07 - SMV other,01 - Clear,01 - Daylight,01 - Dry,10 - No control,,1,0,0,0,,0,,,,,367760.689,5029304.298,45.40084539,-75.69577361,13215
15--837,2015/01/13,9:30 AM,OTTAWA RIVER PKWY @ WOODROFFE AVE (0002637),2637,02 - Intersection related,03 - P.D. only,03 - Rear end,01 - Clear,01 - Daylight,06 - Ice,02 - Stop sign,00 - Unknown,2,0,0,0,,0,,,,,361427.6455,5027002.055,45.38067098,-75.7769259,13216
15--8370,2015/07/05,8:52 AM,FALLOWFIELD RD @ WOODROFFE AVE (0010372),10372,02 - Intersection related,02 - Non-fatal injury,02 - Angle,01 - Clear,01 - Daylight,01 - Dry,01 - Traffic signal,01 - Functioning,2,1,0,0,01 - Minimal,1,1,,,,365085.8707,5017903.55,45.2984985,-75.731327,13217
15--8371,2015/07/05,9:00 AM,PARKDALE AVE btwn RAMP & TO BE DETERMINED (__354POJ),__354POJ,01 - Non intersection,03 - P.D. only,04 - Sideswipe,01 - Clear,01 - Daylight,01 - Dry,10 - No control,,2,0,0,0,,0,,,,,364691.7186,5030309.049,45.4101552,-75.73484935,13218
15--8372,2015/07/05,9:00 PM,HIGHWAY 417 btwn HWY417 IC163 RAMP16 & HWY417 IC163 RAMP61 (__3ZAZNM),__3ZAZNM,01 - Non intersection,03 - P.D. only,07 - SMV other,01 - Clear,05 - Dusk,01 - Dry,10 - No control,,1,0,0,0,,0,,,,,331569.0195,5021433.001,45.33233511,-76.15847939,13219
15--8373,2015/07/05,9:36 AM,JINKINSON RD btwn FERNBANK RD & HAZELDEAN RD (__7JQ7K3),__7JQ7K3,01 - Non intersection,03 - P.D. only,07 - SMV other,01 - Clear,01 - Daylight,01 - Dry,10 - No control,,1,0,0,0,,0,,,,,345721.4321,5007849.292,45.20942056,-75.97904778,13220
15--8374,2015/07/06,1:17 AM,REGIONAL ROAD 174 btwn REGIONAL ROAD 174 & OR174 IC102 RAMP15 (__3ZA1QM),__3ZA1QM,01 - Non intersection,02 - Non-fatal injury,07 - SMV other,01 - Clear,07 - Dark,01 - Dry,10 - No control,,1,0,0,0,02 - Minor,1,,1,,,381753.94,5038331.919,45.48067046,-75.51564382,13221
15--8375,2015/07/06,1:30 PM,BLAIR RD btwn BEAVERPOND DR & INNES RD (__3ZA2EZ),__3ZA2EZ,01 - Non intersection,03 - P.D. only,07 - SMV other,01 - Clear,01 - Daylight,01 - Dry,10 - No control,,1,0,0,0,,0,,,,,375499.1353,5031642.518,45.42114473,-75.59660312,13222
15--8376,2015/07/06,1:38 PM,WILBROD ST btwn KING EDWARD AVE & CORNWALL ST (__3ZA4F5),__3ZA4F5,04 - At/near private drive,03 - P.D. only,02 - Angle,01 - Clear,01 - Daylight,01 - Dry,10 - No control,,2,0,0,0,,0,,,,,368715.4125,5032163.685,45.42648666,-75.6832089,13223
15--8377,2015/07/06,1:49 AM,TERRY FOX DR btwn HALKIRK AVE & CASTLEFRANK RD (__30IMA5),__30IMA5,01 - Non intersection,02 - Non-fatal injury,07 - SMV other,01 - Clear,07 - Dark,01 - Dry,10 - No control,,1,0,0,0,02 - Minor,1,,1,,,352924.0991,5016387.33,45.28579351,-75.88653231,13224
15--8378,2015/07/06,11:10 AM,MERIVALE RD @ 170 N OF HUNTCLUB RD/COSTCO/CANA (0004681),4681,02 - Intersection related,03 - P.D. only,04 - Sideswipe,01 - Clear,01 - Daylight,01 - Dry,01 - Traffic signal,01 - Functioning,2,0,0,0,,0,,,,,365549.9679,5022099.734,45.33621537,-75.72489547,13225
15--8379,2015/07/06,12:10 PM,TENTH LINE RD @ VANGUARD DR (0004632),4632,03 - At intersection,02 - Non-fatal injury,02 - Angle,01 - Clear,01 - Daylight,01 - Dry,01 - Traffic signal,01 - Functioning,2,0,0,0,02 - Minor,3,2,1,,,384072.7632,5035874.203,45.45829878,-75.48638366,13226
15--838,2015/01/13,9:40 PM,HAWTHORNE RD btwn HAWTHORNE RD & WHYTE SIDE RD (__3ZA2PE),__3ZA2PE,01 - Non intersection,02 - Non-fatal injury,07 - SMV other,01 - Clear,07 - Dark,03 - Loose snow,10 - No control,,1,0,0,0,02 - Minor,1,,1,,,375547.9105,5026313.196,45.37318935,-75.59674428,13227
15--8380,2015/07/06,12:11 PM,HAWTHORNE RD @ HUNT CLUB RD (0007651),7651,02 - Intersection related,02 - Non-fatal injury,03 - Rear end,01 - Clear,01 - Daylight,01 - Dry,01 - Traffic signal,01 - Functioning,2,0,0,0,01 - Minimal,1,1,,,,375508.4706,5026405.448,45.37402337,-75.59723455,13228
15--8381,2015/07/06,12:13 PM,HIGHWAY 417 btwn HWY417 IC138 RAMP61 & HWY417 IC134 RAMP36 (__3ZA20I),__3ZA20I,01 - Non intersection,03 - P.D. only,03 - Rear end,01 - Clear,01 - Daylight,01 - Dry,10 - No control,,2,0,0,0,,0,,,,,355570.6625,5021791.875,45.33423829,-75.85224332,13229
15--8382,2015/07/06,12:15 AM,KING EDWARD AVE @ RIDEAU ST (0002121),2121,03 - At intersection,03 - P.D. only,04 - Sideswipe,01 - Clear,07 - Dark,01 - Dry,01 - Traffic signal,01 - Functioning,2,0,0,0,,0,,,,,368511.7072,5032412.508,45.42874407,-75.68577965,13230
15--8383,2015/07/06,12:17 PM,FALLOWFIELD RD @ GREENBANK RD (0000549),549,02 - Intersection related,03 - P.D. only,03 - Rear end,01 - Clear,01 - Daylight,01 - Dry,01 - Traffic signal,01 - Functioning,2,0,0,0,,0,,,,,363080.6757,5016733.536,45.28813991,-75.75702946,13231
15--8384,2015/07/06,12:19 PM,MONTMERE AVE btwn PLAINHILL DR & Continuation of MONTMERE AVE (__5UW3C2),__5UW3C2,04 - At/near private drive,03 - P.D. only,06 - SMV unattended vehicle,01 - Clear,01 - Daylight,01 - Dry,10 - No control,,1,0,0,0,,0,,,,,386568.8726,5036051.866,45.45960955,-75.45444303,13232
15--8385,2015/07/06,12:26 PM,CATHERINE ST @ KENT ST (0002707),2707,03 - At intersection,02 - Non-fatal injury,05 - Turning movement,01 - Clear,01 - Daylight,01 - Dry,01 - Traffic signal,01 - Functioning,2,0,0,0,02 - Minor,1,,1,,,367908.4282,5030188.204,45.40878521,-75.69377352,13233
15--8386,2015/07/06,12:32 PM,PRINCE OF WALES DR btwn STRATTON DR & THIRD LINE RD S (__3ZBOC5),__3ZBOC5,01 - Non intersection,03 - P.D. only,07 - SMV other,01 - Clear,01 - Daylight,01 - Dry,10 - No control,,1,0,0,0,,0,,,,,366843.9507,5001537.546,45.15108392,-75.7109527,13234
15--8387,2015/07/06,12:40 PM,LYON ST @ WELLINGTON ST (0002388),2388,02 - Intersection related,03 - P.D. only,05 - Turning movement,01 - Clear,01 - Daylight,01 - Dry,01 - Traffic signal,01 - Functioning,2,0,0,0,,0,,,,,366933.1088,5031424.364,45.41999507,-75.70607642,13235
15--8388,2015/07/06,2:08 PM,SMYTH RD btwn BROADMOOR AVE & SOUTH HAVEN PL (__3ZA3OJ),__3ZA3OJ,01 - Non intersection,03 - P.D. only,07 - SMV other,01 - Clear,01 - Daylight,01 - Dry,10 - No control,,1,0,0,0,,0,,,,,371040.8808,5029127.373,45.39895081,-75.65390242,13236
15--8389,2015/07/06,2:22 PM,TERRY FOX DR @ 135 S OF HAZELDEAN RD/SOBEY'S S (0012468),12468,03 - At intersection,03 - P.D. only,02 - Angle,01 - Clear,01 - Daylight,01 - Dry,01 - Traffic signal,01 - Functioning,2,0,0,0,,0,,,,,352293.6549,5017138.496,45.29259558,-75.89449661,13237
15--839,2015/01/13,9:45 AM,BRONSON AVE btwn UNIVERSITY RD & BREWER WAY (__3ZA3BT),__3ZA3BT,01 - Non intersection,03 - P.D. only,04 - Sideswipe,01 - Clear,01 - Daylight,01 - Dry,10 - No control,,3,0,0,0,,0,,,,,368076.276,5027827.641,45.38753042,-75.69193225,13238
15--8390,2015/07/06,2:24 PM,BRONSON AVE @ CARLING AVE/GLEBE AVE (0002134),2134,02 - Intersection related,02 - Non-fatal injury,07 - SMV other,01 - Clear,01 - Daylight,01 - Dry,01 - Traffic signal,01 - Functioning,1,0,0,1,01 - Minimal,1,1,,,,367448.4277,5029334.481,45.40114498,-75.69975804,13239
15--8391,2015/07/06,2:34 PM,GEORGE ST @ DALHOUSIE ST (0008516),8516,02 - Intersection related,03 - P.D. only,03 - Rear end,01 - Clear,01 - Daylight,01 - Dry,01 - Traffic signal,01 - Functioning,2,0,0,0,,0,,,,,368158.4183,5032315.95,45.42790737,-75.69030656,13240
15--8392,2015/07/06,2:40 PM,CARLING AVE @ MELROSE AVE (0006992),6992,03 - At intersection,03 - P.D. only,02 - Angle,01 - Clear,01 - Daylight,01 - Dry,02 - Stop sign,01 - Functioning,2,0,0,0,,0,,,,,365971.426,5028391.191,45.3927881,-75.71873976,13241
15--8393,2015/07/06,2:59 PM,CATHERINE ST @ KENT ST (0002707),2707,03 - At intersection,03 - P.D. only,05 - Turning movement,01 - Clear,01 - Daylight,01 - Dry,01 - Traffic signal,01 - Functioning,2,0,0,0,,0,,,,,367907.167,5030188.835,45.408791,-75.69378955,13242
15--8394,2015/07/06,3:55 PM,BLAIR RD @ OGILVIE RD (0004120),4120,02 - Intersection related,03 - P.D. only,03 - Rear end,01 - Clear,01 - Daylight,01 - Dry,01 - Traffic signal,01 - Functioning,2,0,0,0,,0,,,,,374507.7237,5033196.773,45.43522856,-75.60904988,13243
15--8395,2015/07/06,4:00 PM,MONTREAL RD btwn BETHAMY LANE & OGILVIE RD (__3ZA2DX),__3ZA2DX,04 - At/near private drive,03 - P.D. only,02 - Angle,01 - Clear,01 - Daylight,01 - Dry,10 - No control,,2,0,0,0,,0,,,,,375443.6227,5034417.25,45.44611577,-75.59691425,13244
15--8396,2015/07/06,4:32 PM,INNES RD btwn 298 E OF WILDFLOWER DR & LANTHIER DR/PRESTWICK DR (__3ZA3Y4B),__3ZA3Y4B,01 - Non intersection,03 - P.D. only,99 - Other,01 - Clear,01 - Daylight,01 - Dry,10 - No control,,2,0,0,0,,0,,,,,383363.6578,5035908.838,45.45869049,-75.49544365,13245
15--8397,2015/07/06,4:35 PM,JOCKVALE RD/RIDEAU VALLEY DR @ PRINCE OF WALES (0004638),4638,03 - At intersection,03 - P.D. only,02 - Angle,01 - Clear,01 - Daylight,01 - Dry,01 - Traffic signal,02 - Not functioning,2,0,0,0,,0,,,,,366711.3136,5012197.174,45.24701152,-75.71131532,13246
15--8398,2015/07/06,4:39 PM,ARGYLE AVE btwn O'CONNOR ST & METCALFE ST (__3ZA8FE),__3ZA8FE,01 - Non intersection,03 - P.D. only,04 - Sideswipe,01 - Clear,01 - Daylight,01 - Dry,10 - No control,,2,0,0,0,,0,,,,,368246.1266,5030521.763,45.41175593,-75.68941684,13247
15--8404,2015/07/06,7:30 AM,ARDMORE ST btwn EARNSCLIFFE GROVE & GUERNSEY PL (__86L63U),__86L63U,01 - Non intersection,03 - P.D. only,06 - SMV unattended vehicle,01 - Clear,01 - Daylight,01 - Dry,10 - No control,,1,0,0,0,,0,,,,,367967.9891,5014203.494,45.26495259,-75.69505315,13248
15--8857,2015/07/18,12:33 PM,BRONSON AVE @ CARLING AVE/GLEBE AVE (0002134),2134,02 - Intersection related,03 - P.D. only,04 - Sideswipe,01 - Clear,01 - Daylight,01 - Dry,01 - Traffic signal,01 - Functioning,2,0,0,0,,0,,,,,367448.4277,5029335.922,45.40115795,-75.69975786,13249
15--8948,2015/07/21,4:49 PM,INNES RD @ ORIENT PARK DR (0004143),4143,02 - Intersection related,03 - P.D. only,99 - Other,01 - Clear,01 - Daylight,01 - Dry,01 - Traffic signal,01 - Functioning,2,0,0,0,,0,,,,,378320.7401,5033036.209,45.43339341,-75.56034526,13250
15--8949,2015/07/21,4:53 PM,BROADMOOR AVE btwn SMYTH RD & ROGER RD (__3ZA9LZ),__3ZA9LZ,04 - At/near private drive,03 - P.D. only,02 - Angle,01 - Clear,01 - Daylight,01 - Dry,10 - No control,,2,0,0,0,,0,,,,,371035.2651,5029037.531,45.39814298,-75.65398621,13251
15--895,2015/01/14,7:25 AM,TRIM RD btwn TAYLOR CREEK DR & ST. JOSEPH BLVD (__3ZA3YT),__3ZA3YT,01 - Non intersection,03 - P.D. only,03 - Rear end,01 - Clear,03 - Dawn,01 - Dry,10 - No control,,2,0,0,0,,0,,,,,384663.5664,5039323.905,45.48926862,-75.47826985,13252
15--8764,2015/07/16,10:18 PM,BRONSON AVE @ SUNNYSIDE AVE/UNIVERSITY RD - CA (0007209),7209,02 - Intersection related,03 - P.D. only,04 - Sideswipe,01 - Clear,07 - Dark,01 - Dry,01 - Traffic signal,01 - Functioning,2,0,0,0,,0,,,,,367921.9894,5028091.187,45.38991565,-75.69386866,13253
15--8950,2015/07/21,5:03 PM,DEAKIN ST @ PRINCE OF WALES DR (0001073),1073,02 - Intersection related,03 - P.D. only,04 - Sideswipe,01 - Clear,01 - Daylight,01 - Dry,01 - Traffic signal,01 - Functioning,2,0,0,0,,0,,,,,367389.9904,5021523.848,45.33087193,-75.70149384,13254
15--8677,2015/07/13,9:48 PM,MARIER AVE @ MONTREAL RD (0009346),9346,03 - At intersection,03 - P.D. only,05 - Turning movement,01 - Clear,07 - Dark,01 - Dry,01 - Traffic signal,01 - Functioning,2,0,0,0,,0,,,,,370419.7083,5033261.951,45.43621059,-75.66128523,13255
15--8405,2015/07/06,8:58 AM,RICHMOND RD @ WINDERMERE AVE (0010732),10732,03 - At intersection,02 - Non-fatal injury,05 - Turning movement,01 - Clear,01 - Daylight,01 - Dry,02 - Stop sign,01 - Functioning,2,1,0,0,02 - Minor,1,,1,,,362295.0042,5027510.546,45.38517567,-75.76579234,13256
15--8858,2015/07/18,2:10 PM,KENT ST btwn ARLINGTON AVE & CATHERINE ST (__3ZA3PP),__3ZA3PP,01 - Non intersection,03 - P.D. only,04 - Sideswipe,01 - Clear,01 - Daylight,01 - Dry,10 - No control,,2,0,0,0,,0,,,,,367893.2931,5030217.754,45.40905245,-75.69396308,13257