Anom_ID,Accident_Date,Accident_Time,Location,Geo_ID,Accident_Location,Classification_of_Accident,Initial_Impact_Type,Environment_Condition,Light,Road_Surface_Condition,Traffic_Control,Traffic_Control_Condition,No__of_Vehicles,No__of_Bicycles,No__of_Motorcycles,No__of_Pedestrians,Max_Injury,No__of_Injuries,No__of_Minimal,No__of_Minor,No__of_Major,No__of_Fatal,X,Y,Latitude,Longitude,ObjectId
15--8951,2015/07/21,5:29 PM,PARKDALE AVE btwn OXFORD ST & SPENCER ST (__3ZA3ZB),__3ZA3ZB,01 - Non intersection,02 - Non-fatal injury,03 - Rear end,01 - Clear,01 - Daylight,01 - Dry,10 - No control,,2,0,0,0,01 - Minimal,1,1,,,,365061.3862,5029470.512,45.4025785,-75.73022956,13258
15--8765,2015/07/16,10:26 AM,BASELINE RD/HERON RD @ PRINCE OF WALES DR (0002345),2345,02 - Intersection related,02 - Non-fatal injury,03 - Rear end,01 - Clear,01 - Daylight,01 - Dry,01 - Traffic signal,01 - Functioning,2,0,0,0,01 - Minimal,1,1,,,,366872.5718,5026439.507,45.37514803,-75.70747716,13259
15--8678,2015/07/13,9:52 AM,YOUNG ST @ PRESTON ST (0006268),6268,02 - Intersection related,03 - P.D. only,03 - Rear end,01 - Clear,01 - Daylight,01 - Dry,02 - Stop sign,01 - Functioning,2,0,0,0,,0,,,,,366589.1192,5029488.328,45.40260563,-75.71071412,13260
15--8406,2015/07/06,9:15 AM,PARKDALE AVE @ WESTMOUNT AVE/HWY 417 PARKDAL I (0006516),6516,02 - Intersection related,03 - P.D. only,03 - Rear end,01 - Clear,01 - Daylight,01 - Dry,01 - Traffic signal,01 - Functioning,3,0,0,0,,0,,,,,365301.1152,5028923.321,45.39763433,-75.72723469,13261
15--8490,2015/07/08,5:56 PM,BEECHWOOD AVE @ STE. CECILE ST (0005752),5752,02 - Intersection related,03 - P.D. only,03 - Rear end,01 - Clear,01 - Daylight,01 - Dry,02 - Stop sign,00 - Unknown,2,0,0,0,,0,,,,,369652.1507,5033965.239,45.44261009,-75.67100202,13262
15--813,2015/01/13,6:45 AM,HIGHWAY 417 btwn HWY417 IC118 RAMP76 & HWY417 IC118 RAMP67 (__3ZA2YR),__3ZA2YR,01 - Non intersection,03 - P.D. only,03 - Rear end,01 - Clear,07 - Dark,06 - Ice,10 - No control,,2,0,0,0,,0,,,,,369603.2063,5031123.715,45.41704772,-75.67200154,13263
15--822,2015/01/13,8:03 PM,UPPER DWYER HILL RD btwn VAUGHAN SIDE RD & CARROLL SIDE RD (__3ZA4QD),__3ZA4QD,01 - Non intersection,03 - P.D. only,07 - SMV other,01 - Clear,07 - Dark,02 - Wet,10 - No control,,1,0,0,0,,0,,,,,332562.9456,5015905.513,45.28255702,-76.1461087,13264
15--8859,2015/07/18,2:35 PM,VIEWMOUNT DR btwn MERIVALE RD & GRANT CARMAN DR (__3ZA0AL),__3ZA0AL,04 - At/near private drive,03 - P.D. only,05 - Turning movement,01 - Clear,01 - Daylight,01 - Dry,10 - No control,,2,0,0,0,,0,,,,,365290.9944,5023010.117,45.34442925,-75.72808808,13265
15--886,2015/01/14,6:13 AM,MONTREAL RD @ OGILVIE RD (0009279),9279,03 - At intersection,03 - P.D. only,05 - Turning movement,05 - Drifting Snow,07 - Dark,05 - Packed snow,01 - Traffic signal,01 - Functioning,2,0,0,0,,0,,,,,375654.735,5034558.032,45.44736107,-75.59419552,13266
15--8860,2015/07/18,3:39 PM,MERIVALE RD @ EMERALD PLAZA SC (0005311),5311,02 - Intersection related,02 - Non-fatal injury,03 - Rear end,01 - Clear,01 - Daylight,01 - Dry,01 - Traffic signal,01 - Functioning,2,0,0,0,01 - Minimal,1,1,,,,364736.0947,5024006.23,45.35343978,-75.73504767,13267
15--8861,2015/07/18,3:45 PM,O'CONNOR ST btwn GLADSTONE AVE & MCLEOD ST (__3ZA3QS),__3ZA3QS,04 - At/near private drive,03 - P.D. only,05 - Turning movement,01 - Clear,01 - Daylight,01 - Dry,10 - No control,,2,0,0,0,,0,,,,,368082.6534,5030645.573,45.41288473,-75.69148926,13268
15--8862,2015/07/18,3:52 PM,PRINCE OF WALES DR @ WATERBRIDGE DR (0009687),9687,02 - Intersection related,03 - P.D. only,03 - Rear end,01 - Clear,01 - Daylight,01 - Dry,01 - Traffic signal,01 - Functioning,2,0,0,0,,0,,,,,367315.371,5015946.441,45.2806938,-75.70314917,13269
15--8863,2015/07/18,4:53 PM,ST. PATRICK ST EB btwn COBOURG ST & VANIER PKWY/CRICHTON ST (__54XYWT),__54XYWT,01 - Non intersection,03 - P.D. only,03 - Rear end,01 - Clear,01 - Daylight,01 - Dry,10 - No control,,2,0,0,0,,0,,,,,369092.4817,5033424.792,45.43779906,-75.67822607,13270
15--8864,2015/07/18,6:08 PM,RIOCAN AVE btwn MARKETPLACE AVE & END (__4LZBNN),__4LZBNN,04 - At/near private drive,03 - P.D. only,02 - Angle,01 - Clear,01 - Daylight,01 - Dry,10 - No control,,2,0,0,0,,0,,,,,364325.2767,5014689.294,45.26964152,-75.74140964,13271
15--8865,2015/07/18,6:12 PM,NORICE ST @ WOODROFFE AVE (0001542),1542,03 - At intersection,02 - Non-fatal injury,05 - Turning movement,01 - Clear,01 - Daylight,01 - Dry,01 - Traffic signal,01 - Functioning,2,0,0,0,02 - Minor,2,1,1,,,363194.684,5022396.411,45.33908482,-75.75490875,13272
15--8866,2015/07/18,6:50 PM,CARILLON ST @ HANNAH ST (0010006),10006,03 - At intersection,03 - P.D. only,02 - Angle,01 - Clear,01 - Daylight,01 - Dry,02 - Stop sign,01 - Functioning,2,0,0,0,,0,,,,,370154.9837,5033390.954,45.43739609,-75.66465131,13273
15--8867,2015/07/18,7:34 PM,PARKDALE AVE @ WELLINGTON ST (0002260),2260,02 - Intersection related,02 - Non-fatal injury,03 - Rear end,01 - Clear,01 - Daylight,01 - Dry,01 - Traffic signal,00 - Unknown,2,0,0,0,02 - Minor,1,,1,,,365148.9799,5029270.195,45.40076855,-75.72913526,13274
15--8868,2015/07/18,7:37 AM,COOPER ST btwn ELGIN ST & CARTIER ST (__3ZA9U8),__3ZA9U8,01 - Non intersection,03 - P.D. only,06 - SMV unattended vehicle,01 - Clear,01 - Daylight,01 - Dry,10 - No control,,1,0,0,0,,0,,,,,368137.732,5031282.76,45.41861295,-75.69070374,13275
15--8869,2015/07/18,8:44 AM,VANIER PKWY/CRICHTON ST @ BEECHWOOD AVE/ST. PA (0001604),1604,02 - Intersection related,03 - P.D. only,04 - Sideswipe,02 - Rain,01 - Daylight,02 - Wet,01 - Traffic signal,00 - Unknown,2,0,0,0,,0,,,,,369127.797,5033486.774,45.4383535,-75.67776662,13276
15--887,2015/01/14,6:21 PM,EAGLESON RD @ HAZELDEAN RD/ROBERTSON RD (0002715),2715,02 - Intersection related,02 - Non-fatal injury,03 - Rear end,01 - Clear,07 - Dark,06 - Ice,01 - Traffic signal,01 - Functioning,2,0,0,0,02 - Minor,1,,1,,,353675.5526,5018423.014,45.3040592,-75.87675301,13277
15--8870,2015/07/18,9:21 PM,FRANKTOWN RD btwn SKEEL CRT & DWYER HILL RD (__3ZA3E5),__3ZA3E5,01 - Non intersection,03 - P.D. only,07 - SMV other,01 - Clear,07 - Dark,01 - Dry,10 - No control,,1,0,0,0,,0,,,,,348023.3516,4998390.767,45.12417015,-75.95056326,13278
15--8871,2015/07/18,9:35 AM,KING EDWARD AVE @ OSGOODE ST/THOMAS MORE PRIV (0007750),7750,02 - Intersection related,03 - P.D. only,03 - Rear end,02 - Rain,01 - Daylight,02 - Wet,01 - Traffic signal,01 - Functioning,2,0,0,0,,0,,,,,368850.4275,5031852.215,45.42367182,-75.68152419,13279
15--8872,2015/07/19,1:24 PM,CHAMPLAIN ST @ PLACE D'ORLEANS DR (0003595),3595,03 - At intersection,03 - P.D. only,05 - Turning movement,01 - Clear,01 - Daylight,01 - Dry,01 - Traffic signal,01 - Functioning,2,0,0,0,,0,,,,,381596.5253,5038179.735,45.47931858,-75.51768089,13280
15--8873,2015/07/19,1:39 PM,MERIVALE RD/LOTTA AVE @ CLYDE AVE (0001112),1112,03 - At intersection,02 - Non-fatal injury,05 - Turning movement,01 - Clear,01 - Daylight,01 - Dry,01 - Traffic signal,01 - Functioning,2,0,0,0,02 - Minor,2,,2,,,364521.8797,5024507.167,45.35796542,-75.7377209,13281
15--8874,2015/07/19,Unknown,ARGYLE AVE btwn METCALFE ST & METCALFE ST (__3ZA3QQ),__3ZA3QQ,01 - Non intersection,03 - P.D. only,06 - SMV unattended vehicle,01 - Clear,00 - Unknown,01 - Dry,10 - No control,,1,0,0,0,,0,,,,,368393.6139,5030612.283,45.41255701,-75.68752107,13282
15--8875,2015/07/19,12:15 PM,VANIER PKWY/CRICHTON ST @ BEECHWOOD AVE/ST. PA (0001604),1604,02 - Intersection related,03 - P.D. only,03 - Rear end,01 - Clear,01 - Daylight,01 - Dry,01 - Traffic signal,01 - Functioning,2,0,0,0,,0,,,,,369127.797,5033486.774,45.4383535,-75.67776662,13283
15--8876,2015/07/19,12:26 PM,WOODPARK WAY btwn MASONBROOK ST & MULLCRAFT CRES (__3ZA5AS),__3ZA5AS,04 - At/near private drive,03 - P.D. only,06 - SMV unattended vehicle,01 - Clear,01 - Daylight,01 - Dry,10 - No control,,1,0,0,0,,0,,,,,365239.2366,5017074.325,45.29102401,-75.72947274,13284
15--8877,2015/07/19,12:30 PM,VANIER PKWY/CRICHTON ST @ BEECHWOOD AVE/ST. PA (0001604),1604,02 - Intersection related,03 - P.D. only,03 - Rear end,01 - Clear,01 - Daylight,01 - Dry,01 - Traffic signal,00 - Unknown,2,0,0,0,,0,,,,,369127.8025,5033487.12,45.43835662,-75.6777665,13285
15--8878,2015/07/19,2:10 PM,TENTH LINE RD btwn DES EPINETTES AVE & INNES RD (__3ZA3Y8),__3ZA3Y8,01 - Non intersection,03 - P.D. only,03 - Rear end,02 - Rain,01 - Daylight,02 - Wet,10 - No control,,2,0,0,0,,0,,,,,383833.0816,5036442.203,45.46343628,-75.48935655,13286
15--8879,2015/07/19,2:10 PM,INNES RD @ TENTH LINE RD (0004633),4633,02 - Intersection related,03 - P.D. only,03 - Rear end,02 - Rain,01 - Daylight,02 - Wet,01 - Traffic signal,01 - Functioning,2,0,0,0,,0,,,,,383951.9798,5036160.658,45.46088973,-75.48788169,13287
15--888,2015/01/14,6:45 AM,HWY417 IC117 RAMP36 btwn HIGHWAY 417 & VANIER PKWY (__3ZAYAX),__3ZAYAX,01 - Non intersection,03 - P.D. only,03 - Rear end,01 - Clear,07 - Dark,06 - Ice,10 - No control,,2,0,0,0,,0,,,,,370450.4084,5031155.393,45.41725377,-75.66117368,13288
15--8880,2015/07/19,2:14 PM,CARP RD @ WESTBROOK RD (0001681),1681,02 - Intersection related,03 - P.D. only,03 - Rear end,01 - Clear,01 - Daylight,01 - Dry,01 - Traffic signal,01 - Functioning,2,0,0,0,,0,,,,,347736.8444,5015442.801,45.27763031,-75.95273597,13289
15--8881,2015/07/19,4:37 AM,VIEWMOUNT DR @ MERIVALE RD (0001528),1528,02 - Intersection related,03 - P.D. only,07 - SMV other,01 - Clear,07 - Dark,02 - Wet,01 - Traffic signal,01 - Functioning,1,0,0,0,,0,,,,,365194.4178,5022948.856,45.34388636,-75.72932784,13290
15--8882,2015/07/19,4:43 PM,ST. PATRICK ST/ST. ANDREW ST @ BEAUSOLEIL DR (0007780),7780,03 - At intersection,02 - Non-fatal injury,02 - Angle,01 - Clear,01 - Daylight,01 - Dry,01 - Traffic signal,01 - Functioning,2,0,1,0,02 - Minor,1,,1,,,368428.4187,5033067.791,45.43464765,-75.68675927,13291
15--8883,2015/07/19,5:10 PM,CARLING AVE @ MERIVALE RD (0002148),2148,02 - Intersection related,03 - P.D. only,05 - Turning movement,01 - Clear,01 - Daylight,01 - Dry,01 - Traffic signal,01 - Functioning,2,0,0,0,,0,,,,,364893.9831,5027700.184,45.38666385,-75.73258338,13292
15--8884,2015/07/19,5:45 AM,HIGHWAY 417 btwn HWY417 IC163 RAMP61 & HWY417 IC155 RAMP36 (__3ZA2QB),__3ZA2QB,01 - Non intersection,03 - P.D. only,07 - SMV other,01 - Clear,03 - Dawn,01 - Dry,10 - No control,,1,0,0,0,,0,,,,,336185.1,5020225.906,45.32128181,-76.09966504,13293
15--8885,2015/07/19,5:55 PM,ALBERT ST @ PRESTON ST (0002217),2217,03 - At intersection,02 - Non-fatal injury,02 - Angle,02 - Rain,01 - Daylight,02 - Wet,01 - Traffic signal,01 - Functioning,2,0,0,0,02 - Minor,2,1,1,,,366160.0775,5030465.028,45.41143146,-75.71607257,13294
15--8886,2015/07/19,6:20 AM,REGIONAL ROAD 174 btwn OR174 IC102 RAMP51 & REGIONAL ROAD 174 (__3ZA1I7),__3ZA1I7,01 - Non intersection,03 - P.D. only,07 - SMV other,01 - Clear,01 - Daylight,01 - Dry,10 - No control,,1,0,0,0,,0,,,,,381060.169,5037936.964,45.47719312,-75.52457821,13295
15--8887,2015/07/19,6:20 PM,HIGHWAY 7 btwn HAZELDEAN IC RAMP 53 & HIGHWAY 7 (__7JQ7LK),__7JQ7LK,01 - Non intersection,03 - P.D. only,07 - SMV other,01 - Clear,01 - Daylight,01 - Dry,10 - No control,,1,0,0,0,,0,,,,,345942.8992,5011545.95,45.24267201,-75.97592293,13296
15--8888,2015/07/19,6:24 PM,HIGHWAY 7 btwn HAZELDEAN IC RAMP 53 & HIGHWAY 7 (__7JQ7LK),__7JQ7LK,01 - Non intersection,02 - Non-fatal injury,07 - SMV other,01 - Clear,01 - Daylight,01 - Dry,10 - No control,,1,0,0,0,02 - Minor,1,,1,,,345940.7331,5011546.672,45.24267863,-75.97595046,13297
15--8889,2015/07/19,7:34 AM,BRITANNIA RD btwn CONN ST & PRISCILLA ST (__3ZBNG1),__3ZBNG1,01 - Non intersection,03 - P.D. only,06 - SMV unattended vehicle,01 - Clear,01 - Daylight,01 - Dry,10 - No control,,1,0,0,0,,0,,,,,360058.1178,5025007.661,45.36283487,-75.79463506,13298
15--889,2015/01/14,6:55 AM,HIGHWAY 417 btwn HWY417 IC129 RAMP25 & HWY417 IC129 RAMP35 (__3ZAYFR),__3ZAYFR,01 - Non intersection,03 - P.D. only,03 - Rear end,01 - Clear,03 - Dawn,06 - Ice,10 - No control,,3,0,0,0,,0,,,,,360464.3692,5023527.91,45.34948797,-75.78961632,13299
15--8890,2015/07/19,8:30 PM,HIGHWAY 417 btwn HWY417 IC110 RAMP66 & HWY417 IC110 RAMP56 (__3ZA2XR),__3ZA2XR,01 - Non intersection,03 - P.D. only,07 - SMV other,01 - Clear,05 - Dusk,01 - Dry,10 - No control,,1,0,0,0,,0,,,,,375834.2017,5029141.242,45.39860569,-75.59268259,13300
15--8891,2015/07/19,9:04 AM,METCALFE ST @ SOMERSET ST (0002689),2689,03 - At intersection,03 - P.D. only,02 - Angle,01 - Clear,01 - Daylight,01 - Dry,01 - Traffic signal,01 - Functioning,2,0,0,0,,0,,,,,368010.7043,5031104.212,45.41701792,-75.69234958,13301
15--8892,2015/07/20,1:05 PM,VIEWMOUNT DR @ MERIVALE RD (0001528),1528,02 - Intersection related,02 - Non-fatal injury,07 - SMV other,01 - Clear,01 - Daylight,01 - Dry,01 - Traffic signal,01 - Functioning,1,0,0,1,02 - Minor,1,,1,,,365193.6971,5022948.856,45.34388642,-75.72933704,13302
15--8893,2015/07/20,1:10 PM,HIGHWAY 417 btwn HWY417 IC121A RAMP16 & HWY417 IC121A RAMP61 (__3ZA2YY),__3ZA2YY,01 - Non intersection,03 - P.D. only,99 - Other,01 - Clear,01 - Daylight,01 - Dry,10 - No control,,2,0,0,0,,0,,,,,367287.2684,5029772.652,45.40510192,-75.70176089,13303
15--8894,2015/07/20,1:20 PM,HIGHWAY 417 btwn HWY417 IC121A RAMP51 & HWY417 IC120A RAMP52 (__3ZA2R6),__3ZA2R6,01 - Non intersection,03 - P.D. only,99 - Other,01 - Clear,01 - Daylight,01 - Dry,10 - No control,,2,0,0,0,,0,,,,,367534.9218,5029849.908,45.4057749,-75.69858774,13304
15--8895,2015/07/20,10:09 PM,UPPER DWYER HILL RD btwn PANMURE RD & MANTIL SIDE RD (__3ZA4R7),__3ZA4R7,01 - Non intersection,03 - P.D. only,07 - SMV other,01 - Clear,07 - Dark,01 - Dry,10 - No control,,1,0,0,0,,0,,,,,329362.3955,5019805.651,45.31777199,-76.1867119,13305
15--8896,2015/07/20,10:28 PM,WALKLEY RD btwn HALIFAX DR & ST. LAURENT BLVD (__3ZA2EL),__3ZA2EL,01 - Non intersection,03 - P.D. only,03 - Rear end,01 - Clear,07 - Dark,01 - Dry,10 - No control,,2,0,0,0,,0,,,,,373798.2456,5027987.396,45.38842752,-75.61884601,13306
15--8897,2015/07/20,11:37 AM,AVIATION PKWY @ OGILVIE RD (0004114),4114,02 - Intersection related,03 - P.D. only,04 - Sideswipe,01 - Clear,01 - Daylight,01 - Dry,01 - Traffic signal,01 - Functioning,2,0,0,0,,0,,,,,373109.9935,5032375.505,45.42797715,-75.62702641,13307
15--8898,2015/07/20,11:40 AM,BLACKBURN BYPASS @ INNES RD E (0009245),9245,02 - Intersection related,03 - P.D. only,03 - Rear end,01 - Clear,01 - Daylight,01 - Dry,01 - Traffic signal,01 - Functioning,2,0,0,0,,0,,,,,379791.0272,5033781.205,45.43994022,-75.54144293,13308
15--8899,2015/07/20,11:40 AM,MONTREAL RD @ NORTH RIVER RD (0009805),9805,02 - Intersection related,03 - P.D. only,04 - Sideswipe,01 - Clear,01 - Daylight,01 - Dry,01 - Traffic signal,01 - Functioning,2,0,0,0,,0,,,,,369738.988,5032887.945,45.43290899,-75.67003423,13309
15--89,2015/01/03,4:30 PM,HIGHWAY 417 btwn RAMP & HWY417 IC88 RAMP51 (__3ZA2W2),__3ZA2W2,01 - Non intersection,03 - P.D. only,07 - SMV other,03 - Snow,05 - Dusk,03 - Loose snow,10 - No control,,1,0,0,0,,0,,,,,388472.0248,5023660.794,45.34790152,-75.4322146,13310
15--890,2015/01/14,7:00 AM,INNES RD btwn HWY417 IC112 RAMP65 & HWY417 IC112 RAMP56 (__3ZA3RA),__3ZA3RA,07 - Overpass or bridge,03 - P.D. only,03 - Rear end,01 - Clear,03 - Dawn,06 - Ice,10 - No control,,2,0,0,0,,0,,,,,374449.411,5030843.118,45.41405744,-75.6101279,13311
15--8900,2015/07/20,11:43 AM,BANK ST btwn COOPER ST & SOMERSET ST W (__3ZA3RT),__3ZA3RT,01 - Non intersection,03 - P.D. only,04 - Sideswipe,01 - Clear,01 - Daylight,01 - Dry,10 - No control,,2,0,0,0,,0,,,,,367688.9371,5030926.465,45.41544761,-75.69648311,13312
15--8901,2015/07/20,12:06 PM,BANK ST @ HERON RD (0002155),2155,02 - Intersection related,03 - P.D. only,03 - Rear end,01 - Clear,01 - Daylight,01 - Dry,01 - Traffic signal,01 - Functioning,2,0,0,0,,0,,,,,369994.998,5026851.542,45.37857183,-75.66756075,13313
15--8902,2015/07/20,12:37 PM,BREWER RD @ BRONSON AVE (0002240),2240,03 - At intersection,02 - Non-fatal injury,02 - Angle,01 - Clear,01 - Daylight,01 - Dry,01 - Traffic signal,01 - Functioning,2,1,0,0,03 - Major,1,,,1,,368107.6057,5027766.076,45.38697364,-75.6915401,13314
15--8903,2015/07/20,3:25 PM,RUSSELL RD btwn SAND RD & FRANK KENNY RD (__3ZA2ZQ),__3ZA2ZQ,01 - Non intersection,02 - Non-fatal injury,07 - SMV other,01 - Clear,01 - Daylight,01 - Dry,10 - No control,,1,0,0,0,01 - Minimal,1,1,,,,391250.5397,5025968.41,45.36832615,-75.39635935,13315
15--8904,2015/07/20,3:32 AM,MURRAY ST btwn PARENT AVE & DALHOUSIE ST (__3ZA3WK),__3ZA3WK,01 - Non intersection,03 - P.D. only,06 - SMV unattended vehicle,01 - Clear,07 - Dark,01 - Dry,10 - No control,,1,0,0,0,,0,,,,,367891.5335,5032504.813,45.42963081,-75.6936927,13316
15--8905,2015/07/20,3:35 PM,HAWTHORNE RD @ HUNT CLUB RD (0007651),7651,03 - At intersection,03 - P.D. only,05 - Turning movement,01 - Clear,01 - Daylight,01 - Dry,01 - Traffic signal,01 - Functioning,3,0,0,0,,0,,,,,375507.0292,5026406.89,45.37403649,-75.59725274,13317
15--8906,2015/07/20,4:00 PM,KENT ST @ MACLAREN ST (0007603),7603,02 - Intersection related,03 - P.D. only,04 - Sideswipe,01 - Clear,01 - Daylight,01 - Dry,02 - Stop sign,01 - Functioning,2,0,0,0,,0,,,,,367573.431,5030741.487,45.4137936,-75.69798232,13318
15--8907,2015/07/20,4:09 PM,BLACKLEAF DR @ JOCKVALE RD (0013602),13602,03 - At intersection,03 - P.D. only,02 - Angle,01 - Clear,01 - Daylight,01 - Dry,02 - Stop sign,01 - Functioning,2,0,0,0,,0,,,,,365567.3359,5012899.706,45.25343261,-75.72580116,13319
15--8908,2015/07/20,4:15 PM,BOOTH ST @ SIR JOHN A. MACDONALD PKWY/WELLINGTON ST (0012252),12252,03 - At intersection,03 - P.D. only,03 - Rear end,01 - Clear,01 - Daylight,01 - Dry,01 - Traffic signal,01 - Functioning,2,0,0,0,,0,,,,,366264.3243,5031006.743,45.41629651,-75.71467329,13320
15--8909,2015/07/20,4:35 PM,BANK ST @ RIVERSIDE DR N (0010778),10778,02 - Intersection related,03 - P.D. only,03 - Rear end,01 - Clear,01 - Daylight,01 - Dry,01 - Traffic signal,01 - Functioning,2,0,0,0,,0,,,,,369225.7159,5027984.627,45.38883814,-75.67723438,13321
15--891,2015/01/14,7:08 AM,LEIKIN DR btwn HOLITZNER WAY & CRESTWAY DR (__3ZA40I),__3ZA40I,01 - Non intersection,02 - Non-fatal injury,01 - Approaching,01 - Clear,03 - Dawn,06 - Ice,10 - No control,,2,0,0,0,01 - Minimal,1,1,,,,366829.1331,5017373.772,45.29357987,-75.70916795,13322
15--8910,2015/07/20,4:46 PM,FISHER AVE btwn TUNIS AVE & SHILLINGTON AVE (__3ZA3AU),__3ZA3AU,01 - Non intersection,02 - Non-fatal injury,01 - Approaching,01 - Clear,01 - Daylight,01 - Dry,10 - No control,,2,0,0,0,02 - Minor,5,1,4,,,365582.7286,5027397.806,45.38388369,-75.72382596,13323
15--8911,2015/07/20,5:00 PM,HUNT CLUB RD @ LINDBERGH PRIV (0011417),11417,03 - At intersection,03 - P.D. only,02 - Angle,01 - Clear,01 - Daylight,01 - Dry,02 - Stop sign,00 - Unknown,2,0,0,0,,0,,,,,368362.7223,5022134.317,45.33627737,-75.68900683,13324
15--8912,2015/07/20,5:11 PM,WOODROFFE AVE NB btwn WEST HUNT CLUB RD & SPORTSPLEX N (__3ZA245A),__3ZA245A,01 - Non intersection,03 - P.D. only,03 - Rear end,01 - Clear,01 - Daylight,01 - Dry,10 - No control,,2,0,0,0,,0,,,,,363722.5829,5021156.039,45.32787991,-75.74832124,13325
15--8913,2015/07/20,5:15 PM,HUNT CLUB RD WB btwn 275 E OF HAWTHORNE RD/OC TRANSPO TURNAROUND & HWY417 HUNT CLUB IC109 RAMP53 (e___1GZMB),e___1GZMB,01 - Non intersection,03 - P.D. only,01 - Approaching,01 - Clear,01 - Daylight,01 - Dry,10 - No control,,2,0,0,0,,0,,,,,376357.318,5027146.737,45.38060694,-75.58629091,13326
15--8914,2015/07/20,5:17 PM,HUNT CLUB RD btwn NORTH BOWESVILLE RD & BILLY BISHOP PRIV (__5G43Y1),__5G43Y1,01 - Non intersection,02 - Non-fatal injury,03 - Rear end,01 - Clear,01 - Daylight,01 - Dry,10 - No control,,3,0,0,0,02 - Minor,2,1,1,,,368841.364,5022417.54,45.33878223,-75.68286383,13327
15--8915,2015/07/20,5:31 PM,ISABELLA ST/HWY417 IC119AR75 @ METCALFE ST (0011380),11380,03 - At intersection,03 - P.D. only,04 - Sideswipe,01 - Clear,01 - Daylight,01 - Dry,01 - Traffic signal,01 - Functioning,2,0,0,0,,0,,,,,368447.2651,5030399.204,45.41063492,-75.68686319,13328
15--8916,2015/07/20,6:45 PM,DUFORD DR btwn MAJOR RD & AMIENS ST (__3ZA6X4),__3ZA6X4,01 - Non intersection,03 - P.D. only,06 - SMV unattended vehicle,01 - Clear,01 - Daylight,01 - Dry,10 - No control,,1,0,0,0,,0,,,,,382281.2611,5037415.635,45.47236822,-75.50904413,13329
15--8917,2015/07/20,7:36 AM,ALBION RD btwn RIDEAU RD & TULLAMORE ST (__5RGNIJ),__5RGNIJ,01 - Non intersection,03 - P.D. only,07 - SMV other,01 - Clear,01 - Daylight,01 - Dry,10 - No control,,1,0,0,0,,0,,,,,375304.3298,5016183.725,45.282073,-75.60129624,13330
15--8918,2015/07/20,7:46 PM,MONTREAL RD @ DEN HAAG DR/LANG'S RD (0010798),10798,03 - At intersection,03 - P.D. only,05 - Turning movement,01 - Clear,01 - Daylight,01 - Dry,01 - Traffic signal,01 - Functioning,2,0,0,0,,0,,,,,372385.9973,5034221.944,45.44466084,-75.63602422,13331
15--8919,2015/07/20,8:26 AM,HIGHWAY 417 btwn HWY417 IC130 RAMP35 & HWY417 IC130 RAMP25 (__3ZA298),__3ZA298,01 - Non intersection,03 - P.D. only,03 - Rear end,01 - Clear,01 - Daylight,01 - Dry,10 - No control,,2,0,0,0,,0,,,,,359276.0001,5023071.24,45.34547217,-75.80483134,13332
15--892,2015/01/14,7:10 AM,HWY417 IC112 RAMP66 btwn HIGHWAY 417 & INNES RD (__3ZAY83),__3ZAY83,01 - Non intersection,02 - Non-fatal injury,07 - SMV other,01 - Clear,03 - Dawn,06 - Ice,10 - No control,,1,0,0,0,02 - Minor,1,,1,,,374466.1374,5030925.766,45.4147994,-75.60990254,13333
15--8920,2015/07/20,8:48 AM,MARCH RD btwn CARLING AVE/STATION RD & 280 S OF CARLING AVE/STATION RD (__3ZA42DA),__3ZA42DA,01 - Non intersection,03 - P.D. only,03 - Rear end,01 - Clear,01 - Daylight,01 - Dry,10 - No control,,2,0,0,0,,0,,,,,350967.4366,5022184.165,45.33808616,-75.91093363,13334
15--8921,2015/07/20,8:55 AM,ELGIN ST @ LAURIER AVE (0002232),2232,02 - Intersection related,03 - P.D. only,04 - Sideswipe,01 - Clear,01 - Daylight,01 - Dry,01 - Traffic signal,01 - Functioning,2,0,0,0,,0,,,,,367947.9892,5031550.657,45.42104055,-75.6930936,13335
15--8922,2015/07/20,9:38 AM,BEARBROOK RD/ROCKCLIFFE PKWY @ ST. JOSEPH BLVD (0012382),12382,03 - At intersection,02 - Non-fatal injury,02 - Angle,01 - Clear,01 - Daylight,01 - Dry,01 - Traffic signal,01 - Functioning,2,0,0,0,02 - Minor,1,,1,,,377127.9554,5035239.587,45.45334236,-75.57526416,13336
15--8923,2015/07/20,9:47 PM,GLADSTONE AVE @ KENT ST (0002251),2251,03 - At intersection,02 - Non-fatal injury,02 - Angle,01 - Clear,07 - Dark,01 - Dry,01 - Traffic signal,01 - Functioning,2,0,0,0,01 - Minimal,1,1,,,,367746.1482,5030460.293,45.41124799,-75.69581174,13337
15--8924,2015/07/20,9:51 PM,ARLINGTON AVE @ BAY ST (0007457),7457,03 - At intersection,02 - Non-fatal injury,02 - Angle,01 - Clear,07 - Dark,01 - Dry,02 - Stop sign,01 - Functioning,2,1,0,0,02 - Minor,1,,1,,,367585.4323,5030085.483,45.40789,-75.69791255,13338
15--8925,2015/07/21,1:20 PM,INNES RD @ PAGE RD (0012476),12476,02 - Intersection related,02 - Non-fatal injury,03 - Rear end,01 - Clear,01 - Daylight,01 - Dry,01 - Traffic signal,01 - Functioning,2,0,0,0,01 - Minimal,1,1,,,,380888.4697,5034539.473,45.44664396,-75.52729988,13339