Anom_ID,Accident_Date,Accident_Time,Location,Geo_ID,Accident_Location,Classification_of_Accident,Initial_Impact_Type,Environment_Condition,Light,Road_Surface_Condition,Traffic_Control,Traffic_Control_Condition,No__of_Vehicles,No__of_Bicycles,No__of_Motorcycles,No__of_Pedestrians,Max_Injury,No__of_Injuries,No__of_Minimal,No__of_Minor,No__of_Major,No__of_Fatal,X,Y,Latitude,Longitude,ObjectId
15--8926,2015/07/21,1:33 PM,CONROY RD btwn WALKLEY RD & ST. LAURENT BLVD (__3ZA2DG),__3ZA2DG,04 - At/near private drive,03 - P.D. only,07 - SMV other,01 - Clear,01 - Daylight,01 - Dry,10 - No control,,1,0,0,0,,0,,,,,372949.128,5027394.702,45.38317785,-75.62977038,13340
15--8927,2015/07/21,10:00 AM,CARLING AVE @ CARLING RMP 56 (0002392),2392,02 - Intersection related,03 - P.D. only,07 - SMV other,02 - Rain,01 - Daylight,02 - Wet,10 - No control,,1,0,0,0,,0,,,,,360873.4621,5025162.37,45.36416219,-75.78421052,13341
15--8928,2015/07/21,10:08 AM,ISLAND PARK DR @ HELENA ST (0006915),6915,02 - Intersection related,03 - P.D. only,03 - Rear end,02 - Rain,01 - Daylight,02 - Wet,02 - Stop sign,01 - Functioning,2,0,0,0,,0,,,,,364414.2771,5028237.831,45.39154249,-75.73864387,13342
15--8929,2015/07/21,10:12 AM,MAJESTIC DR @ WOODROFFE AVE (0000562),562,02 - Intersection related,02 - Non-fatal injury,03 - Rear end,01 - Clear,01 - Daylight,01 - Dry,01 - Traffic signal,01 - Functioning,2,0,0,0,01 - Minimal,1,1,,,,363528.4141,5021569.691,45.3316182,-75.75074897,13343
15--893,2015/01/14,7:15 AM,HIGHWAY 417 btwn HWY417 IC131 RAMP55 & HWY417 IC130 RAMP35 (__3ZA1MT),__3ZA1MT,01 - Non intersection,03 - P.D. only,04 - Sideswipe,01 - Clear,03 - Dawn,01 - Dry,10 - No control,,2,0,0,0,,0,,,,,358814.0948,5022975.619,45.34464749,-75.81073573,13344
15--8930,2015/07/21,10:21 AM,LISGAR ST @ O'CONNOR ST (0006955),6955,03 - At intersection,02 - Non-fatal injury,07 - SMV other,02 - Rain,01 - Daylight,02 - Wet,01 - Traffic signal,01 - Functioning,1,0,0,1,01 - Minimal,1,1,,,,367764.1517,5031159.938,45.41754156,-75.69549237,13345
15--8931,2015/07/21,10:29 AM,HAWTHORNE RD/RUSSELL RD @ WALKLEY RD (0002618),2618,02 - Intersection related,03 - P.D. only,03 - Rear end,02 - Rain,01 - Daylight,02 - Wet,01 - Traffic signal,01 - Functioning,2,0,0,0,,0,,,,,374674.7439,5028499.181,45.39294542,-75.60758143,13346
15--8932,2015/07/21,10:35 AM,SHEFFIELD RD @ WALKLEY RD (0005156),5156,03 - At intersection,02 - Non-fatal injury,05 - Turning movement,01 - Clear,01 - Daylight,01 - Dry,01 - Traffic signal,01 - Functioning,3,0,0,0,02 - Minor,1,,1,,,375258.4558,5028783.458,45.39544471,-75.60008676,13347
15--8933,2015/07/21,11:00 AM,HIGHWAY 417 btwn HWY417 IC121B RAMP51 & HWY417 IC121A RAMP51 (__3ZA2YW),__3ZA2YW,01 - Non intersection,03 - P.D. only,99 - Other,01 - Clear,01 - Daylight,01 - Dry,10 - No control,,2,0,0,0,,0,,,,,366748.6037,5029568.051,45.40330886,-75.70866706,13348
15--8934,2015/07/21,Unknown,GRENON AVE btwn MICHELE DR & RICHMOND RD (__3ZAAD6),__3ZAAD6,01 - Non intersection,03 - P.D. only,06 - SMV unattended vehicle,01 - Clear,00 - Unknown,01 - Dry,10 - No control,,1,0,0,0,,0,,,,,359724.3801,5024086.701,45.35457432,-75.79899721,13349
15--8935,2015/07/21,12:02 PM,KING EDWARD AVE @ RIDEAU ST (0002121),2121,02 - Intersection related,03 - P.D. only,02 - Angle,01 - Clear,01 - Daylight,01 - Dry,01 - Traffic signal,01 - Functioning,2,0,0,0,,0,,,,,368511.7072,5032412.508,45.42874407,-75.68577965,13350
15--8936,2015/07/21,12:25 PM,HWY 417 VANIER IC117R63 @ VANIER PKWY (0002101),2101,02 - Intersection related,03 - P.D. only,03 - Rear end,01 - Clear,01 - Daylight,01 - Dry,01 - Traffic signal,01 - Functioning,2,0,0,0,,0,,,,,370799.6889,5031397.983,45.41940364,-75.65667885,13351
15--8937,2015/07/21,12:44 PM,MCEWEN AVE btwn AMBLESIDE DR & END (__3ZAZ44),__3ZAZ44,01 - Non intersection,03 - P.D. only,06 - SMV unattended vehicle,01 - Clear,01 - Daylight,01 - Dry,10 - No control,,1,0,0,0,,0,,,,,360953.699,5026062.448,45.37225461,-75.78308405,13352
15--8938,2015/07/21,12:45 PM,WAVELL AVE btwn DOVERCOURT AVE & TILLBURY AVE (__3ZAZ6N),__3ZAZ6N,04 - At/near private drive,03 - P.D. only,06 - SMV unattended vehicle,01 - Clear,01 - Daylight,01 - Dry,10 - No control,,1,0,0,0,,0,,,,,362418.752,5026793.331,45.37871209,-75.76429593,13353
15--8952,2015/07/21,5:30 PM,WEST HUNT CLUB RD @ ANTARES DR/LASER ST (0000116),116,02 - Intersection related,02 - Non-fatal injury,03 - Rear end,01 - Clear,01 - Daylight,01 - Dry,01 - Traffic signal,01 - Functioning,2,0,0,0,01 - Minimal,1,1,,,,367107.7113,5022082.583,45.33592445,-75.70502439,13354
15--8766,2015/07/16,11:42 AM,MAITLAND AVE btwn CARLING AVE & DUNCAN PL (__3ZA4JY),__3ZA4JY,04 - At/near private drive,03 - P.D. only,03 - Rear end,01 - Clear,01 - Daylight,01 - Dry,10 - No control,,2,0,0,0,,0,,,,,362952.788,5026460.059,45.37566923,-75.75751692,13355
15--8130,2015/06/29,10:53 AM,BAYVIEW RD @ SCOTT ST/ALBERT ST (0005646),5646,03 - At intersection,02 - Non-fatal injury,02 - Angle,01 - Clear,01 - Daylight,02 - Wet,01 - Traffic signal,01 - Functioning,2,1,0,0,02 - Minor,1,,1,,,365519.7577,5030070.483,45.40793729,-75.72430104,13356
15--8220,2015/06/30,8:30 PM,HWY417 IC118 RAMP67 btwn HWY417 IC118 RAMP64 & HIGHWAY 417 (__3ZAY9L),__3ZAY9L,01 - Non intersection,03 - P.D. only,04 - Sideswipe,01 - Clear,05 - Dusk,01 - Dry,10 - No control,,2,0,0,0,,0,,,,,369589.4391,5031168.108,45.41744843,-75.67217159,13357
15--8407,2015/07/06,9:15 AM,AIRPORT PARKWAY PRIV btwn TO BE DETERMINED & AIR CARGO PRIV (1) (__4B3IYV),__4B3IYV,01 - Non intersection,03 - P.D. only,01 - Approaching,01 - Clear,01 - Daylight,01 - Dry,10 - No control,,2,0,0,0,,0,,,,,370518.6541,5020787.916,45.32396419,-75.66168107,13358
15--8491,2015/07/08,5:58 PM,PARKDALE AVE @ WELLINGTON ST (0002260),2260,02 - Intersection related,03 - P.D. only,03 - Rear end,01 - Clear,01 - Daylight,01 - Dry,01 - Traffic signal,01 - Functioning,3,0,0,0,,0,,,,,365148.9799,5029270.916,45.40077504,-75.72913517,13359
15--8679,2015/07/14,1:21 PM,SLATER ST btwn BANK ST & O'CONNOR ST (__3ZA35K),__3ZA35K,01 - Non intersection,03 - P.D. only,04 - Sideswipe,01 - Clear,01 - Daylight,01 - Dry,10 - No control,,2,0,0,0,,0,,,,,367438.3961,5031366.469,45.4194291,-75.69962796,13360
15--8953,2015/07/21,5:39 PM,JOHN QUINN RD @ PARKWAY RD (0010356),10356,03 - At intersection,03 - P.D. only,02 - Angle,01 - Clear,01 - Daylight,01 - Dry,02 - Stop sign,01 - Functioning,2,0,0,0,,0,,,,,381394.0607,5015817.807,45.27814353,-75.52373907,13361
15--8954,2015/07/21,5:45 PM,BOOTH ST @ 148 N OF MIDDLE ST/E.B.EDDY S (0012189),12189,02 - Intersection related,02 - Non-fatal injury,03 - Rear end,01 - Clear,01 - Daylight,01 - Dry,01 - Traffic signal,01 - Functioning,2,0,0,0,01 - Minimal,1,1,,,,366036.2546,5031415.349,45.41999303,-75.71753627,13362
15--8955,2015/07/21,6:38 AM,BREWER RD @ BRONSON AVE (0002240),2240,03 - At intersection,03 - P.D. only,03 - Rear end,01 - Clear,01 - Daylight,01 - Dry,01 - Traffic signal,01 - Functioning,2,0,0,0,,0,,,,,368109.0471,5027765.355,45.38696702,-75.69152178,13363
15--8956,2015/07/21,7:25 AM,JEANNE D'ARC BLVD/NORTH SERVICE RD @ TENTH LIN (0009197),9197,02 - Intersection related,03 - P.D. only,03 - Rear end,02 - Rain,01 - Daylight,02 - Wet,02 - Stop sign,01 - Functioning,2,0,0,0,,0,,,,,382569.738,5039340.958,45.48965849,-75.5050503,13364
15--8957,2015/07/21,7:40 AM,ALTA VISTA DR btwn 75 S OF CALEDON ST & CALEDON ST (__3ZA97HA),__3ZA97HA,01 - Non intersection,03 - P.D. only,03 - Rear end,01 - Clear,01 - Daylight,01 - Dry,10 - No control,,3,0,0,0,,0,,,,,370782.5125,5030407.223,45.4104908,-75.65703095,13365
15--8958,2015/07/21,7:40 AM,HIGHWAY 417 btwn HWY417 IC110 RAMP66 & HWY417 IC110 RAMP56 (__3ZA2XR),__3ZA2XR,01 - Non intersection,03 - P.D. only,07 - SMV other,02 - Rain,01 - Daylight,02 - Wet,10 - No control,,1,0,0,0,,0,,,,,375825.5374,5029188.895,45.39903533,-75.59278639,13366
15--8959,2015/07/21,8:20 PM,HIGHWAY 417 btwn HIGHWAY 417 & Continuation of HIGHWAY 417 (__3ZAZOB),__3ZAZOB,01 - Non intersection,02 - Non-fatal injury,07 - SMV other,01 - Clear,01 - Daylight,01 - Dry,10 - No control,,1,0,0,0,02 - Minor,1,,1,,,353311.5493,5020422.452,45.32207579,-75.88119864,13367
15--896,2015/01/14,7:30 AM,HERON RD EB btwn BRONSON AVE RAMP 52 & HERON RD SPLIT (__5FD5QU),__5FD5QU,01 - Non intersection,02 - Non-fatal injury,03 - Rear end,01 - Clear,03 - Dawn,06 - Ice,10 - No control,,2,0,0,0,01 - Minimal,1,1,,,,368843.1052,5026715.857,45.37745722,-75.68228471,13368
15--8960,2015/07/21,8:35 PM,LABELLE ST/RAMP @ LEMIEUX ST/HWY417 IC115 RAMP (0012538),12538,03 - At intersection,03 - P.D. only,02 - Angle,01 - Clear,05 - Dusk,01 - Dry,02 - Stop sign,01 - Functioning,2,0,0,0,,0,,,,,372540.9997,5031688.93,45.42185501,-75.6343915,13369
15--8961,2015/07/21,8:37 PM,PRINCE OF WALES DR btwn LODGE RD & STRANDHERD DR (__441HNW),__441HNW,01 - Non intersection,03 - P.D. only,07 - SMV other,01 - Clear,05 - Dusk,01 - Dry,10 - No control,,1,0,0,0,,0,,,,,367168.8033,5014810.137,45.27048244,-75.70515997,13370
15--8962,2015/07/21,9:12 AM,BROADVIEW AVE @ RICHMOND RD (0006612),6612,03 - At intersection,03 - P.D. only,03 - Rear end,01 - Clear,01 - Daylight,02 - Wet,02 - Stop sign,01 - Functioning,3,0,0,0,,0,,,,,362678.9713,5027864.469,45.3883286,-75.76084801,13371
15--8963,2015/07/22,1:20 PM,BELFAST RD btwn TRAINYARDS DR & ST. LAURENT BLVD (__3ZA79Z),__3ZA79Z,04 - At/near private drive,03 - P.D. only,02 - Angle,01 - Clear,01 - Daylight,01 - Dry,10 - No control,,2,0,0,0,,0,,,,,372832.616,5030568.832,45.4117486,-75.63082024,13372
15--8964,2015/07/22,1:27 PM,MANSFIELD AVE @ RICHMOND RD (0006232),6232,03 - At intersection,03 - P.D. only,02 - Angle,01 - Clear,01 - Daylight,01 - Dry,02 - Stop sign,01 - Functioning,2,0,0,0,,0,,,,,362425.9706,5027632.457,45.38626185,-75.76410582,13373
15--8965,2015/07/22,10:24 PM,MACDONALD-CARTIER BR RAMP NB-1 btwn MACDONALD-CARTIER BR & MACDONALD-C (__7TTREF),__7TTREF,01 - Non intersection,03 - P.D. only,04 - Sideswipe,01 - Clear,07 - Dark,01 - Dry,10 - No control,,2,0,0,0,,0,,,,,367624.3571,5033183.01,45.43575705,-75.69702033,13374
15--8966,2015/07/22,10:26 PM,FIFTH AVE btwn BANK ST & HOWICK PL (__3ZA92S),__3ZA92S,04 - At/near private drive,03 - P.D. only,02 - Angle,01 - Clear,07 - Dark,01 - Dry,10 - No control,,2,0,0,0,,0,,,,,368409.5242,5029405.964,45.4017015,-75.68747345,13375
15--8967,2015/07/22,10:34 PM,FALLOWFIELD RD @ WOODROFFE AVE (0010372),10372,02 - Intersection related,02 - Non-fatal injury,03 - Rear end,01 - Clear,07 - Dark,01 - Dry,01 - Traffic signal,01 - Functioning,3,0,0,0,02 - Minor,1,,1,,,365085.15,5017903.55,45.29849856,-75.73133619,13376
15--8968,2015/07/22,10:42 AM,FAIRLOP WAY btwn TO BE DETERMINED & WANSTEAD GT (__4O3JAE),__4O3JAE,04 - At/near private drive,03 - P.D. only,06 - SMV unattended vehicle,01 - Clear,01 - Daylight,01 - Dry,10 - No control,,1,0,0,0,,0,,,,,364932.0461,5016032.051,45.28167201,-75.73351502,13377
15--8969,2015/07/22,11:46 AM,BAYSHORE DR @ WOODRIDGE CRES N (0001209),1209,02 - Intersection related,03 - P.D. only,05 - Turning movement,01 - Clear,01 - Daylight,01 - Dry,01 - Traffic signal,01 - Functioning,2,0,0,0,,0,,,,,359072.1503,5023875.438,45.35272415,-75.80734423,13378
15--897,2015/01/14,7:30 AM,HWY417 IC117 RAMP35 btwn RIVERSIDE DR & HIGHWAY 417 (__3ZAYA3),__3ZAYA3,01 - Non intersection,03 - P.D. only,07 - SMV other,99 - Other,03 - Dawn,06 - Ice,10 - No control,,1,0,0,0,,0,,,,,371025.4987,5031284.139,45.41835798,-75.65380915,13379
15--8970,2015/07/22,11:53 PM,HIGHWAY 417 btwn HWY417 IC155 RAMP61 & HWY417 IC145 RAMP56 (__3ZA2Q2),__3ZA2Q2,01 - Non intersection,02 - Non-fatal injury,07 - SMV other,01 - Clear,07 - Dark,01 - Dry,10 - No control,,1,0,0,0,02 - Minor,1,,1,,,342219.4221,5017558.107,45.29698011,-76.02289771,13380
15--8971,2015/07/22,11:58 AM,METCALFE ST @ LAURIER AVE (0002231),2231,02 - Intersection related,03 - P.D. only,02 - Angle,01 - Clear,01 - Daylight,01 - Dry,01 - Traffic signal,01 - Functioning,2,0,0,0,,0,,,,,367793.4301,5031451.216,45.42015975,-75.69508107,13381
15--8972,2015/07/22,12:23 PM,RICHARDSON SIDE RD @ TERRY FOX DR (0013651),13651,02 - Intersection related,03 - P.D. only,03 - Rear end,01 - Clear,01 - Daylight,01 - Dry,01 - Traffic signal,01 - Functioning,4,0,0,0,,0,,,,,348803.086,5019506.072,45.31412702,-75.93878598,13382
15--8973,2015/07/22,12:30 PM,WALKLEY RD @ DON REID DR/RYDER ST (0008218),8218,02 - Intersection related,03 - P.D. only,03 - Rear end,01 - Clear,01 - Daylight,01 - Dry,01 - Traffic signal,01 - Functioning,2,0,0,0,,0,,,,,372602.4476,5027283.463,45.3822106,-75.63421208,13383
15--8974,2015/07/22,2:14 PM,HAMILTON AVE @ KENILWORTH ST (0006699),6699,03 - At intersection,03 - P.D. only,02 - Angle,01 - Clear,01 - Daylight,01 - Dry,02 - Stop sign,01 - Functioning,2,0,0,0,,0,,,,,365366.9829,5028563.477,45.39439083,-75.72643764,13384
15--8975,2015/07/22,2:45 PM,MERIVALE RD @ BASIL MACDONALD WAY/MERIVALE MAL (0010301),10301,02 - Intersection related,03 - P.D. only,03 - Rear end,01 - Clear,01 - Daylight,01 - Dry,01 - Traffic signal,01 - Functioning,2,0,0,0,,0,,,,,365096.5618,5023171.597,45.34589897,-75.73054929,13385
15--8976,2015/07/22,3:12 PM,PADDLER WAY btwn VOYAGEUR DR & LONG BOW GT (__3ZBO4K),__3ZBO4K,04 - At/near private drive,03 - P.D. only,06 - SMV unattended vehicle,01 - Clear,01 - Daylight,01 - Dry,10 - No control,,1,0,0,0,,0,,,,,379289.2959,5037907.118,45.47711575,-75.54723027,13386
15--8977,2015/07/22,3:34 AM,STITTSVILLE MAIN ST btwn ABBOTT ST W & ORVILLE ST (__3ZA3DX),__3ZA3DX,01 - Non intersection,02 - Non-fatal injury,07 - SMV other,01 - Clear,07 - Dark,01 - Dry,10 - No control,,1,0,0,0,02 - Minor,1,,1,,,350303.4597,5013257.467,45.2578045,-75.92022429,13387
15--8978,2015/07/22,3:49 PM,ALTA VISTA DR @ BANK ST (0011318),11318,02 - Intersection related,03 - P.D. only,03 - Rear end,01 - Clear,01 - Daylight,01 - Dry,01 - Traffic signal,01 - Functioning,2,0,0,0,,0,,,,,370248.0691,5026201.1,45.37269577,-75.66441597,13388
15--8979,2015/07/22,3:51 AM,SPARKMAN AVE btwn MONTMORENCY WAY & HARVEST VALLEY AVE (__6REWRT),__6REWRT,01 - Non intersection,03 - P.D. only,07 - SMV other,01 - Clear,07 - Dark,02 - Wet,10 - No control,,1,0,0,0,,0,,,,,384855.0844,5034495.266,45.44580318,-75.47660658,13389
15--898,2015/01/14,7:34 AM,INNES RD btwn BLAIR RD & ANDERSON RD (__3ZA3JZ),__3ZA3JZ,01 - Non intersection,03 - P.D. only,03 - Rear end,03 - Snow,03 - Dawn,06 - Ice,10 - No control,,2,0,0,0,,0,,,,,375586.542,5031444.377,45.41935313,-75.59551484,13390
15--8980,2015/07/22,4:16 PM,BRONSON AVE/BRONSON/HERON RAMP 35 @ HERON RD (0002386),2386,02 - Intersection related,03 - P.D. only,03 - Rear end,01 - Clear,01 - Daylight,01 - Dry,01 - Traffic signal,01 - Functioning,2,0,0,0,,0,,,,,368641.3216,5026697.461,45.37731011,-75.68486324,13391
15--8981,2015/07/22,4:16 PM,BELFAST RD @ ST. LAURENT BLVD (0007658),7658,03 - At intersection,03 - P.D. only,05 - Turning movement,01 - Clear,01 - Daylight,01 - Dry,01 - Traffic signal,01 - Functioning,2,0,0,0,,0,,,,,372860.7241,5030578.202,45.41183017,-75.63045988,13392
15--8982,2015/07/22,4:19 PM,WOODROFFE AVE btwn HWY417 IC127 RAMP36 & HWY417 IC127 RAMP62 (__3ZA4L5),__3ZA4L5,01 - Non intersection,02 - Non-fatal injury,03 - Rear end,01 - Clear,01 - Daylight,01 - Dry,10 - No control,,2,0,0,0,02 - Minor,1,,1,,,362044.4887,5025038.617,45.36295402,-75.76927766,13393
15--8983,2015/07/22,4:20 PM,ELGIN ST @ LAURIER AVE (0002232),2232,02 - Intersection related,03 - P.D. only,02 - Angle,01 - Clear,01 - Daylight,01 - Dry,01 - Traffic signal,01 - Functioning,2,0,0,0,,0,,,,,367948.7099,5031551.378,45.42104697,-75.6930843,13394
15--8984,2015/07/22,5:06 PM,PRINCE OF WALES DR btwn 187 N OF MEADOWLANDS DR & MEADOWLANDS DR/HOG'S (__3ZA36WA),__3ZA36WA,01 - Non intersection,03 - P.D. only,04 - Sideswipe,01 - Clear,01 - Daylight,01 - Dry,10 - No control,,2,0,0,0,,0,,,,,367369.036,5025708.973,45.3685307,-75.70123162,13395
15--8985,2015/07/22,5:07 PM,PRINCE OF WALES DR btwn BLAZER AVE & DEAKIN ST (__3ZA29V),__3ZA29V,01 - Non intersection,03 - P.D. only,03 - Rear end,01 - Clear,01 - Daylight,01 - Dry,10 - No control,,3,0,0,0,,0,,,,,367367.648,5021422.227,45.32995955,-75.70179169,13396
15--8986,2015/07/22,5:19 PM,DUROCHER ST @ MONTREAL RD (0009800),9800,03 - At intersection,02 - Non-fatal injury,05 - Turning movement,01 - Clear,01 - Daylight,01 - Dry,02 - Stop sign,01 - Functioning,2,1,0,0,02 - Minor,1,,1,,,370137.4292,5033101.946,45.43479736,-75.66491402,13397
15--8987,2015/07/22,5:20 PM,FALLOWFIELD RD btwn KIMINI DR & SHEA RD (__3ZA42K),__3ZA42K,04 - At/near private drive,03 - P.D. only,03 - Rear end,01 - Clear,01 - Daylight,01 - Dry,10 - No control,,2,0,1,0,,0,,,,,353238.6526,5010365.12,45.23158229,-75.88310982,13398
15--8988,2015/07/22,5:26 PM,ABBOTT ST @ STITTSVILLE MAIN ST (0000082),82,02 - Intersection related,03 - P.D. only,03 - Rear end,01 - Clear,01 - Daylight,01 - Dry,01 - Traffic signal,01 - Functioning,2,0,0,0,,0,,,,,350248.8018,5013331.875,45.25847758,-75.92091386,13399
15--8989,2015/07/22,5:32 PM,HERON RD @ KALADAR AVE (0006960),6960,03 - At intersection,03 - P.D. only,05 - Turning movement,01 - Clear,01 - Daylight,01 - Dry,01 - Traffic signal,01 - Functioning,2,0,0,0,,0,,,,,369685.5432,5026804.628,45.37817844,-75.67151775,13400
15--899,2015/01/14,7:38 AM,BRIDLE PARK DR @ STONEHAVEN DR (0012661),12661,02 - Intersection related,03 - P.D. only,03 - Rear end,01 - Clear,03 - Dawn,06 - Ice,01 - Traffic signal,01 - Functioning,2,0,0,0,,0,,,,,356110.8701,5016320.281,45.28496478,-75.84591808,13401
15--8990,2015/07/22,5:38 PM,MEADOWLANDS DR @ MERIVALE RD (0000625),625,02 - Intersection related,03 - P.D. only,03 - Rear end,01 - Clear,01 - Daylight,01 - Dry,01 - Traffic signal,01 - Functioning,2,0,0,0,,0,,,,,364860.1413,5023724.429,45.35089356,-75.73349886,13402
15--8991,2015/07/22,5:46 PM,CLEGG ST @ COLONEL BY DR (0008785),8785,02 - Intersection related,03 - P.D. only,03 - Rear end,01 - Clear,01 - Daylight,01 - Dry,01 - Traffic signal,01 - Functioning,2,0,0,0,,0,,,,,368969.1501,5029741.861,45.40467272,-75.680282,13403
15--8992,2015/07/22,6:12 PM,CARLING AVE @ BROADVIEW AVE (0006707),6707,03 - At intersection,03 - P.D. only,05 - Turning movement,01 - Clear,01 - Daylight,01 - Dry,01 - Traffic signal,01 - Functioning,2,0,0,0,,0,,,,,363181.4073,5026637.461,45.37724646,-75.75457723,13404
15--8993,2015/07/22,6:32 PM,DATA CENTRE RD @ HERON RD (0007176),7176,02 - Intersection related,03 - P.D. only,03 - Rear end,01 - Clear,01 - Daylight,01 - Dry,02 - Stop sign,00 - Unknown,2,0,0,0,,0,,,,,368940.2836,5026732.18,45.3775952,-75.68104193,13405
15--8994,2015/07/22,6:56 AM,BASELINE RD btwn ST. HELEN'S PL & CLYDE AVE (__3ZA4IN),__3ZA4IN,04 - At/near private drive,02 - Non-fatal injury,02 - Angle,01 - Clear,01 - Daylight,01 - Dry,10 - No control,,2,1,0,0,02 - Minor,1,,1,,,364215.8651,5024803.714,45.36065971,-75.74159082,13406
15--8995,2015/07/22,7:00 PM,RICHMOND RD btwn PATRICIA AVE & LEIGHTON TER (__3ZA4PL),__3ZA4PL,01 - Non intersection,03 - P.D. only,06 - SMV unattended vehicle,01 - Clear,01 - Daylight,01 - Dry,10 - No control,,1,0,0,0,,0,,,,,363986.8887,5028775.131,45.39641327,-75.74403727,13407
15--8996,2015/07/22,7:07 AM,FALLOWFIELD RD @ GREENBANK RD (0000549),549,02 - Intersection related,03 - P.D. only,03 - Rear end,01 - Clear,01 - Daylight,01 - Dry,01 - Traffic signal,01 - Functioning,2,0,0,0,,0,,,,,363079.955,5016732.095,45.28812701,-75.75703881,13408
15--8997,2015/07/22,7:31 PM,EAGLESON RD @ HAZELDEAN RD/ROBERTSON RD (0002715),2715,02 - Intersection related,02 - Non-fatal injury,03 - Rear end,01 - Clear,01 - Daylight,01 - Dry,01 - Traffic signal,01 - Functioning,2,0,0,0,01 - Minimal,1,1,,,,353673.6249,5018423.16,45.30406065,-75.87677758,13409
15--8998,2015/07/22,7:39 AM,VANIER PKWY NB btwn MONTREAL RD & MCARTHUR AVE (__3ZA4SS),__3ZA4SS,01 - Non intersection,02 - Non-fatal injury,04 - Sideswipe,01 - Clear,01 - Daylight,01 - Dry,10 - No control,,2,0,1,0,01 - Minimal,1,1,,,,370198.5248,5032794.73,45.43202745,-75.66417404,13410
15--8999,2015/07/22,8:20 PM,FALLOWFIELD RD @ STRANDHERD DR (0005238),5238,02 - Intersection related,03 - P.D. only,03 - Rear end,01 - Clear,01 - Daylight,01 - Dry,01 - Traffic signal,01 - Functioning,2,0,0,0,,0,,,,,360752.2248,5014961.794,45.27238686,-75.78691027,13411
15--90,2015/01/03,4:33 PM,ORLEANS BLVD btwn BOYER RD & BEAUSEJOUR DR (__3ZBOGM),__3ZBOGM,01 - Non intersection,03 - P.D. only,07 - SMV other,03 - Snow,05 - Dusk,05 - Packed snow,10 - No control,,1,0,0,0,,0,,,,,381054.236,5035588.77,45.45606663,-75.5250184,13412
15--900,2015/01/14,7:39 AM,BEECHWOOD AVE @ SPRINGFIELD RD (0011442),11442,02 - Intersection related,03 - P.D. only,04 - Sideswipe,01 - Clear,03 - Dawn,01 - Dry,01 - Traffic signal,01 - Functioning,2,0,0,0,,0,,,,,369235.7375,5033654.071,45.43984884,-75.67636517,13413
15--9000,2015/07/22,8:27 AM,INNES RD @ TENTH LINE RD (0004633),4633,02 - Intersection related,03 - P.D. only,03 - Rear end,01 - Clear,01 - Daylight,01 - Dry,01 - Traffic signal,00 - Unknown,2,0,0,0,,0,,,,,383953.2017,5036159.2,45.46087648,-75.4878663,13414
15--9001,2015/07/22,8:30 PM,MEADOWLANDS DR @ MERIVALE RD (0000625),625,02 - Intersection related,03 - P.D. only,03 - Rear end,01 - Clear,05 - Dusk,01 - Dry,01 - Traffic signal,01 - Functioning,2,0,0,0,,0,,,,,364858.6999,5023725.15,45.35090017,-75.73351717,13415
15--9002,2015/07/22,8:52 PM,EAGLE LANE @ MEADOWLANDS DR (0001748),1748,02 - Intersection related,03 - P.D. only,03 - Rear end,01 - Clear,05 - Dusk,01 - Dry,02 - Stop sign,00 - Unknown,3,0,0,0,,0,,,,,365279.5701,5024420.951,45.35712471,-75.7280613,13416
15--9003,2015/07/22,9:29 AM,HAWTHORNE RD/RUSSELL RD @ WALKLEY RD (0002618),2618,02 - Intersection related,02 - Non-fatal injury,03 - Rear end,01 - Clear,01 - Daylight,01 - Dry,01 - Traffic signal,01 - Functioning,2,0,0,0,01 - Minimal,1,1,,,,374675.4646,5028498.46,45.39293886,-75.60757232,13417
15--9004,2015/07/22,9:36 PM,BEECHWOOD AVE btwn CHAPLEAU AVE & PUTMAN AVE (__3ZA3AY),__3ZA3AY,01 - Non intersection,03 - P.D. only,06 - SMV unattended vehicle,01 - Clear,07 - Dark,01 - Dry,10 - No control,,1,1,0,0,,0,,,,,369522.1029,5033853.9,45.44162036,-75.67267888,13418
15--9005,2015/07/22,9:40 AM,WEST HUNT CLUB RD @ ANTARES DR/LASER ST (0000116),116,02 - Intersection related,03 - P.D. only,99 - Other,01 - Clear,01 - Daylight,01 - Dry,01 - Traffic signal,01 - Functioning,2,0,0,0,,0,,,,,367107.7113,5022079.7,45.33589851,-75.70502475,13419
15--9006,2015/07/22,9:44 AM,BANK ST btwn CAHILL DR & TURN LANE (1) (__3ZA3HV),__3ZA3HV,04 - At/near private drive,03 - P.D. only,02 - Angle,01 - Clear,01 - Daylight,01 - Dry,10 - No control,,2,0,0,0,,0,,,,,371484.0518,5024145.155,45.35408056,-75.64891518,13420
15--9007,2015/07/22,9:45 AM,HIGHWAY 417 btwn HWY 417 ANDERSON IC104R61 & HWY 417 BOUNDARY IC96R16 (__3ZA2W5),__3ZA2W5,01 - Non intersection,03 - P.D. only,04 - Sideswipe,01 - Clear,01 - Daylight,01 - Dry,10 - No control,,2,0,0,0,,0,,,,,384993.3016,5024977.002,45.36015011,-75.47638777,13421
15--9008,2015/07/23,1:18 PM,HAZELDEAN RD @ TERRY FOX DR (0003682),3682,02 - Intersection related,03 - P.D. only,03 - Rear end,01 - Clear,01 - Daylight,01 - Dry,01 - Traffic signal,01 - Functioning,2,0,0,0,,0,,,,,352206.8903,5017242.091,45.29353362,-75.89559282,13422