Anom_ID,Accident_Date,Accident_Time,Location,Geo_ID,Accident_Location,Classification_of_Accident,Initial_Impact_Type,Environment_Condition,Light,Road_Surface_Condition,Traffic_Control,Traffic_Control_Condition,No__of_Vehicles,No__of_Bicycles,No__of_Motorcycles,No__of_Pedestrians,Max_Injury,No__of_Injuries,No__of_Minimal,No__of_Minor,No__of_Major,No__of_Fatal,X,Y,Latitude,Longitude,ObjectId
15--9009,2015/07/23,1:56 PM,HAZELDEAN RD @ CARBROOKE ST/IRWIN GATE (0003187),3187,02 - Intersection related,02 - Non-fatal injury,03 - Rear end,01 - Clear,01 - Daylight,01 - Dry,01 - Traffic signal,01 - Functioning,3,0,0,0,02 - Minor,2,,2,,,353419.5492,5018264.018,45.30264629,-75.8800329,13423
15--901,2015/01/14,7:40 AM,MONTREAL RD @ VANIER PKWY (0004630),4630,03 - At intersection,03 - P.D. only,03 - Rear end,01 - Clear,03 - Dawn,06 - Ice,01 - Traffic signal,01 - Functioning,2,0,0,0,,0,,,,,370072.7098,5033065.11,45.43447197,-75.665746,13424
15--9010,2015/07/23,10:05 AM,HIGHWAY 417 btwn REGIONAL ROAD 174 & HWY417 IC113 RAMP85 (__3ZA289),__3ZA289,01 - Non intersection,03 - P.D. only,04 - Sideswipe,01 - Clear,01 - Daylight,01 - Dry,10 - No control,,2,0,0,0,,0,,,,,373936.253,5031704.9,45.42186221,-75.61656254,13425
15--9011,2015/07/23,10:34 AM,BOOTH ST @ CARLING AVE (0002135),2135,02 - Intersection related,02 - Non-fatal injury,03 - Rear end,01 - Clear,01 - Daylight,01 - Dry,01 - Traffic signal,01 - Functioning,2,0,0,0,01 - Minimal,1,1,,,,367096.1533,5029106.2,45.39912241,-75.70428622,13426
15--9012,2015/07/23,11:40 PM,POPLAR ST @ ROCHESTER ST (0005966),5966,03 - At intersection,03 - P.D. only,05 - Turning movement,01 - Clear,07 - Dark,01 - Dry,02 - Stop sign,01 - Functioning,2,1,0,0,,0,,,,,366565.9834,5030009.217,45.40729449,-75.71094437,13427
15--9013,2015/07/23,11:45 AM,RIVERSIDE DR @ 175 S OF HUNT CLUB  RD/RUNWAY C (0011890),11890,03 - At intersection,02 - Non-fatal injury,05 - Turning movement,01 - Clear,01 - Daylight,01 - Dry,01 - Traffic signal,01 - Functioning,2,0,0,0,01 - Minimal,4,4,,,,368028.5,5021765.94,45.33299299,-75.69331779,13428
15--9014,2015/07/23,2:00 PM,BLAIR RD @ INNES RD (0004165),4165,02 - Intersection related,02 - Non-fatal injury,03 - Rear end,01 - Clear,01 - Daylight,01 - Dry,01 - Traffic signal,01 - Functioning,2,0,0,0,01 - Minimal,1,1,,,,375578.7349,5031438.474,45.41930081,-75.59561544,13429
15--9015,2015/07/23,2:36 PM,PINECREST RD @ QUEENSVIEW DR (0002739),2739,03 - At intersection,03 - P.D. only,02 - Angle,01 - Clear,01 - Daylight,01 - Dry,01 - Traffic signal,01 - Functioning,2,0,0,0,,0,,,,,360345.959,5023783.866,45.35180045,-75.79109859,13430
15--9016,2015/07/23,3:14 PM,METCALFE ST btwn SLATER ST & LAURIER AVE W (__3ZBOEQ),__3ZBOEQ,01 - Non intersection,03 - P.D. only,04 - Sideswipe,01 - Clear,01 - Daylight,01 - Dry,10 - No control,,2,0,0,0,,0,,,,,367737.3069,5031540.573,45.4209688,-75.69578672,13431
15--9017,2015/07/23,3:29 PM,BESSERER ST btwn CUMBERLAND ST & KING EDWARD AVE (__3ZA8Z6),__3ZA8Z6,04 - At/near private drive,03 - P.D. only,02 - Angle,01 - Clear,01 - Daylight,01 - Dry,10 - No control,,2,0,0,0,,0,,,,,368484.1601,5032299.719,45.42773174,-75.68614624,13432
15--9018,2015/07/23,3:40 PM,HIGHWAY 416 btwn HWY416 IC49 RAMP43 & HWY416 IC42 RAMP34 (__3ZAZJ7),__3ZAZJ7,01 - Non intersection,03 - P.D. only,03 - Rear end,01 - Clear,01 - Daylight,01 - Dry,10 - No control,,2,0,0,0,,0,,,,,369654.3975,4998736.125,45.12562401,-75.67557768,13433
15--9019,2015/07/23,4:07 PM,HUNT CLUB RD btwn GIBFORD DR & UPLANDS DR (__3ZA36J),__3ZA36J,01 - Non intersection,03 - P.D. only,03 - Rear end,01 - Clear,01 - Daylight,01 - Dry,10 - No control,,3,0,0,0,,0,,,,,369973.1675,5023012.828,45.34403425,-75.66834567,13434
15--902,2015/01/14,7:50 AM,SUSSEX DR @ 262 N OF KING EDWARD AVE (0008806),8806,02 - Intersection related,03 - P.D. only,03 - Rear end,01 - Clear,03 - Dawn,06 - Ice,01 - Traffic signal,01 - Functioning,2,0,0,0,,0,,,,,367767.7461,5033732.484,45.44068812,-75.69511752,13435
15--9020,2015/07/23,4:16 PM,SLATER ST btwn BAY ST & LYON ST N (__3ZA33A),__3ZA33A,04 - At/near private drive,03 - P.D. only,02 - Angle,01 - Clear,01 - Daylight,01 - Dry,10 - No control,,2,0,0,0,,0,,,,,367090.4524,5031144.299,45.41746114,-75.70410152,13436
15--9021,2015/07/23,4:40 PM,BRONSON AVE btwn BRONSON AVE SB ON RAMP 43 & SUNNYSIDE AVE/UNIVERSITY  (__3ZA3NU),__3ZA3NU,01 - Non intersection,03 - P.D. only,03 - Rear end,01 - Clear,01 - Daylight,01 - Dry,10 - No control,,2,0,0,0,,0,,,,,367872.9804,5028185.601,45.39076958,-75.69448243,13437
15--9022,2015/07/23,4:57 PM,CATHERINE ST/HWY 417 O'CONN IC119BR76 @ O'CONN (0001697),1697,02 - Intersection related,03 - P.D. only,04 - Sideswipe,01 - Clear,01 - Daylight,01 - Dry,01 - Traffic signal,01 - Functioning,2,0,0,0,,0,,,,,368244.4317,5030390.762,45.41057738,-75.68945535,13438
15--9023,2015/07/23,5:11 PM,JEANNE D'ARC BLVD @ FORTUNE DR/VINEYARD DR (0004393),4393,03 - At intersection,03 - P.D. only,05 - Turning movement,01 - Clear,01 - Daylight,01 - Dry,01 - Traffic signal,01 - Functioning,2,0,0,0,,0,,,,,379241.1241,5037377.574,45.47235646,-75.54792657,13439
15--9024,2015/07/23,5:12 PM,BASELINE RD @ JOHN SUTHERLAND DR/VALLEY STREAM (0000011),11,03 - At intersection,03 - P.D. only,05 - Turning movement,01 - Clear,01 - Daylight,01 - Dry,01 - Traffic signal,01 - Functioning,2,0,0,0,,0,,,,,359310.6671,5021789.851,45.3339395,-75.80453017,13440
15--9025,2015/07/23,5:21 PM,ST. LAURENT BLVD btwn INDUSTRIAL AVE & BOURASSA ST (__3ZBOFB),__3ZBOFB,01 - Non intersection,03 - P.D. only,03 - Rear end,01 - Clear,01 - Daylight,01 - Dry,10 - No control,,3,0,0,0,,0,,,,,373156.6643,5029872.594,45.4054526,-75.62677724,13441
15--9026,2015/07/23,5:35 PM,AIRPORT PKWY @ BROOKFIELD RD RAMP 53 (0002630),2630,02 - Intersection related,03 - P.D. only,04 - Sideswipe,01 - Clear,01 - Daylight,01 - Dry,10 - No control,,2,0,0,0,,0,,,,,368913.4109,5026236.588,45.37313846,-75.68144935,13442
15--9027,2015/07/23,5:54 PM,VANIER PKWY/CRICHTON ST @ BEECHWOOD AVE/ST. PA (0001604),1604,02 - Intersection related,03 - P.D. only,04 - Sideswipe,01 - Clear,01 - Daylight,01 - Dry,01 - Traffic signal,00 - Unknown,2,0,0,0,,0,,,,,369127.2595,5033487.703,45.43836191,-75.67777337,13443
15--9028,2015/07/23,6:05 PM,CLYDE AVE @ DOHENY ST (0003079),3079,02 - Intersection related,03 - P.D. only,04 - Sideswipe,01 - Clear,01 - Daylight,01 - Dry,01 - Traffic signal,01 - Functioning,2,0,0,0,,0,,,,,363590.6005,5026701.713,45.37779037,-75.74934539,13444
15--8767,2015/07/16,11:45 AM,INNES RD @ 215 W OF CYRVILLE RD/HOME DEPOT W (0012457),12457,03 - At intersection,03 - P.D. only,02 - Angle,01 - Clear,01 - Daylight,01 - Dry,01 - Traffic signal,01 - Functioning,2,0,0,0,,0,,,,,374863.8856,5031000.423,45.41543141,-75.60481067,13445
15--8408,2015/07/06,9:51 AM,ALBERT ST btwn KENT ST & BANK ST (__3ZA3CA),__3ZA3CA,01 - Non intersection,03 - P.D. only,04 - Sideswipe,01 - Clear,01 - Daylight,01 - Dry,10 - No control,,2,0,0,0,,0,,,,,367366.9574,5031412.402,45.41984878,-75.70053486,13446
15--868,2015/01/14,4:00 PM,VANIER PKWY NB btwn VANIER PKWY & DONALD ST (__3ZBPHY),__3ZBPHY,01 - Non intersection,03 - P.D. only,04 - Sideswipe,01 - Clear,01 - Daylight,02 - Wet,10 - No control,,2,0,0,0,,0,,,,,370309.7854,5032290.344,45.42747878,-75.66281932,13447
15--8221,2015/06/30,8:34 PM,SOMERSET ST    W btwn BECKINGTON PRIV & BANK ST (__3ZAZQ1),__3ZAZQ1,04 - At/near private drive,03 - P.D. only,99 - Other,01 - Clear,05 - Dusk,02 - Wet,10 - No control,,2,0,0,0,,0,,,,,367618.3738,5030870.531,45.41495067,-75.69739172,13448
15--8492,2015/07/08,6:12 PM,QUEEN MARY ST @ VANIER PKWY (0007648),7648,02 - Intersection related,03 - P.D. only,03 - Rear end,01 - Clear,01 - Daylight,01 - Dry,01 - Traffic signal,01 - Functioning,2,0,0,0,,0,,,,,370362.9898,5031957.225,45.42447653,-75.66218381,13449
15--8493,2015/07/08,6:14 PM,HIGHWAY 417 btwn HWY417 IC119B RAMP76 & HWY417 IC119A RAMP67 (__3ZA2YT),__3ZA2YT,01 - Non intersection,03 - P.D. only,03 - Rear end,01 - Clear,01 - Daylight,01 - Dry,10 - No control,,2,0,0,0,,0,,,,,368257.8036,5030336.809,45.41009072,-75.68929148,13450
15--8131,2015/06/29,11:00 AM,BRONSON AVE @ GLADSTONE AVE (0002110),2110,03 - At intersection,03 - P.D. only,02 - Angle,02 - Rain,01 - Daylight,02 - Wet,01 - Traffic signal,01 - Functioning,2,0,0,0,,0,,,,,367134.4224,5030079.762,45.40787884,-75.70367439,13451
15--8768,2015/07/16,11:51 AM,BARONESS DR btwn HOLITZNER WAY & HOLITZNER WAY (__3EX1J9),__3EX1J9,01 - Non intersection,03 - P.D. only,06 - SMV unattended vehicle,01 - Clear,01 - Daylight,01 - Dry,10 - No control,,1,0,0,0,,0,,,,,366790.8669,5016989.814,45.29012843,-75.70970376,13452
15--8409,2015/07/07,1:00 PM,HIGHWAY 417 btwn HWY417 IC124 RAMP65 & HWY417 IC122 RAMP51 (__3ZA2R8),__3ZA2R8,01 - Non intersection,03 - P.D. only,99 - Other,01 - Clear,01 - Daylight,01 - Dry,10 - No control,,2,0,0,0,,0,,,,,365143.9244,5028692.599,45.3955719,-75.72927049,13453
15--8494,2015/07/08,6:22 PM,NATURE TRAIL CRES S @ PAGE RD S (0004248),4248,02 - Intersection related,03 - P.D. only,03 - Rear end,01 - Clear,01 - Daylight,01 - Dry,02 - Stop sign,01 - Functioning,2,0,0,0,,0,,,,,381355.7017,5033461.502,45.4368942,-75.52149543,13454
15--8680,2015/07/14,1:52 PM,HAZELDEAN RD/HAZELDEAN RD IC RAMP 62 @ HAZELDE (0005570),5570,02 - Intersection related,03 - P.D. only,03 - Rear end,01 - Clear,01 - Daylight,01 - Dry,02 - Stop sign,01 - Functioning,2,0,0,0,,0,,,,,346896.5155,5012421.184,45.25049137,-75.96370222,13455
15--8132,2015/06/29,11:16 AM,PLACE D'ORLEANS @ CENTRUM BLVD/PLACE D'ORLEANS (0004167),4167,03 - At intersection,02 - Non-fatal injury,07 - SMV other,02 - Rain,01 - Daylight,02 - Wet,01 - Traffic signal,01 - Functioning,1,0,0,1,02 - Minor,1,,1,,,381964.0196,5038137.952,45.47890213,-75.51298746,13456
15--8681,2015/07/14,10:04 PM,BRONSON AVE @ COMMISSIONER ST/SLATER ST (0001679),1679,03 - At intersection,03 - P.D. only,04 - Sideswipe,01 - Clear,07 - Dark,01 - Dry,01 - Traffic signal,01 - Functioning,2,0,0,0,,0,,,,,366769.4261,5030948.207,45.41572527,-75.70822761,13457
15--8769,2015/07/16,Unknown,HOLLAND AVE btwn INGLEWOOD PL & CARLING AVE (__3ZA4OM),__3ZA4OM,01 - Non intersection,03 - P.D. only,06 - SMV unattended vehicle,01 - Clear,00 - Unknown,01 - Dry,10 - No control,,1,0,0,0,,0,,,,,365399.4014,5028074.943,45.38999231,-75.72608363,13458
15--8222,2015/06/30,8:55 AM,OLD TENTH LINE RD @ TENTH LINE RD (0009223),9223,02 - Intersection related,03 - P.D. only,03 - Rear end,01 - Clear,01 - Daylight,01 - Dry,01 - Traffic signal,01 - Functioning,2,0,0,0,,0,,,,,383042.0151,5038357.177,45.48075455,-75.4991659,13459
15--841,2015/01/14,1:00 PM,POWELL AVE btwn LYON ST S & BANK ST (__3ZA946),__3ZA946,01 - Non intersection,03 - P.D. only,06 - SMV unattended vehicle,01 - Clear,01 - Daylight,03 - Loose snow,10 - No control,,1,0,0,0,,0,,,,,368041.3233,5029864.539,45.40586098,-75.69211744,13460
15--8495,2015/07/08,6:29 PM,MANOTICK STATION RD btwn NICK ADAMS RD & HERBERTS CORNERS RD (__3ZAZG9),__3ZAZG9,01 - Non intersection,03 - P.D. only,05 - Turning movement,01 - Clear,01 - Daylight,01 - Dry,10 - No control,,2,0,0,0,,0,,,,,375924.2537,5007717.33,45.20583235,-75.59460613,13461
15--8682,2015/07/14,10:10 PM,HIGHWAY 417 btwn HWY417 IC138 RAMP51 & HWY417 IC138 RAMP35 (__3ZA29E),__3ZA29E,01 - Non intersection,03 - P.D. only,03 - Rear end,01 - Clear,07 - Dark,01 - Dry,10 - No control,,2,0,0,0,,0,,,,,352850.8995,5020152.416,45.31967763,-75.88710043,13462
15--8223,2015/06/30,9:00 AM,RIVER RUN AVE btwn HALF MOON BAY & PARK GLADE WAY (__7NHFJC),__7NHFJC,01 - Non intersection,03 - P.D. only,06 - SMV unattended vehicle,01 - Clear,01 - Daylight,01 - Dry,10 - No control,,1,0,0,0,,0,,,,,364437.63,5013047.801,45.25486182,-75.74017499,13463
15--8224,2015/06/30,9:53 AM,210 W OF MERIVALE RD @ WEST HUNT CLUB RD (0004688),4688,02 - Intersection related,02 - Non-fatal injury,03 - Rear end,01 - Clear,01 - Daylight,01 - Dry,01 - Traffic signal,01 - Functioning,3,0,0,0,01 - Minimal,1,1,,,,365432.4237,5021829.857,45.33379722,-75.72642813,13464
15--8225,2015/06/30,9:59 PM,CARLING AVE @ KIRKWOOD AVE N (0002358),2358,03 - At intersection,03 - P.D. only,04 - Sideswipe,01 - Clear,07 - Dark,01 - Dry,01 - Traffic signal,01 - Functioning,2,0,0,0,,0,,,,,364275.3041,5027495.027,45.38487069,-75.7405081,13465
15--8226,2015/07/01,1:20 AM,FABLE ST @ MALVERN DR (0000721),721,02 - Intersection related,03 - P.D. only,07 - SMV other,01 - Clear,07 - Dark,01 - Dry,02 - Stop sign,01 - Functioning,1,0,0,0,,0,,,,,362419.9658,5015703.086,45.27892236,-75.76557123,13466
15--8227,2015/07/01,1:36 PM,ALBION RD/COLLISTON CRES E @ WALKLEY RD (0011422),11422,03 - At intersection,02 - Non-fatal injury,07 - SMV other,01 - Clear,01 - Daylight,01 - Dry,01 - Traffic signal,01 - Functioning,1,0,0,0,02 - Minor,2,,2,,,371032.6365,5026356.655,45.37402169,-75.65437952,13467
15--8228,2015/07/01,1:40 PM,HUNT CLUB RD/AIRPORT PKWY/HUNT CLUB RD RAMP 53 (0010853),10853,02 - Intersection related,03 - P.D. only,06 - SMV unattended vehicle,01 - Clear,01 - Daylight,01 - Dry,02 - Stop sign,01 - Functioning,1,0,0,0,,0,,,,,370951.6334,5023662.934,45.34979212,-75.65577418,13468
15--8229,2015/07/01,10:50 PM,HIGHWAY 417 btwn HWY417 IC120B RAMP36 & HWY417 IC119B RAMP76 (__3ZA2YU),__3ZA2YU,01 - Non intersection,01 - Fatal injury,07 - SMV other,01 - Clear,07 - Dark,01 - Dry,10 - No control,,1,0,0,1,04 - Fatal,1,,,,1,367788.1392,5030022.837,45.40730812,-75.69533122,13469
15--823,2015/01/13,8:10 AM,HAWTHORNE RD btwn LOUISEIZE RD & BLAIS RD (__3ZA6G5),__3ZA6G5,01 - Non intersection,03 - P.D. only,03 - Rear end,01 - Clear,01 - Daylight,01 - Dry,10 - No control,,2,0,0,0,,0,,,,,377836.8576,5020818.932,45.32351998,-75.56833596,13470
15--8230,2015/07/01,11:12 PM,STRANDHERD DR btwn CEDARVIEW RD & MADRID AVE (__6O5O8S),__6O5O8S,01 - Non intersection,03 - P.D. only,03 - Rear end,01 - Clear,07 - Dark,01 - Dry,10 - No control,,2,0,0,0,,0,,,,,362489.7116,5013595.995,45.25995692,-75.7649271,13471
15--8231,2015/07/01,11:57 PM,RIDEAU ST @ WALLER ST (0011913),11913,02 - Intersection related,03 - P.D. only,04 - Sideswipe,01 - Clear,07 - Dark,01 - Dry,01 - Traffic signal,01 - Functioning,2,0,0,0,,0,,,,,368282.7479,5032274.584,45.4275239,-75.68872318,13472
15--8232,2015/07/01,Unknown,LYNDA LANE btwn BILLINGS AVE & SMYTH RD (__3ZA9JG),__3ZA9JG,01 - Non intersection,03 - P.D. only,06 - SMV unattended vehicle,01 - Clear,00 - Unknown,02 - Wet,10 - No control,,1,0,0,0,,0,,,,,371582.1729,5029097.764,45.39863298,-75.64699325,13473
15--8233,2015/07/01,12:30 PM,CATHERINE ST/HWY 417 O'CONN IC119BR76 @ O'CONN (0001697),1697,03 - At intersection,03 - P.D. only,02 - Angle,02 - Rain,01 - Daylight,02 - Wet,01 - Traffic signal,01 - Functioning,2,0,0,0,,0,,,,,368244.4317,5030391.483,45.41058387,-75.68945526,13474
15--8234,2015/07/01,12:30 PM,BESSERER ST @ WALLER ST (0008859),8859,03 - At intersection,03 - P.D. only,04 - Sideswipe,02 - Rain,01 - Daylight,02 - Wet,01 - Traffic signal,01 - Functioning,2,0,0,0,,0,,,,,368315.9333,5032190.897,45.4267679,-75.68830992,13475
15--8235,2015/07/01,2:28 PM,CASTLEFRANK RD @ TERRY FOX DR (0011757),11757,02 - Intersection related,03 - P.D. only,03 - Rear end,02 - Rain,01 - Daylight,02 - Wet,01 - Traffic signal,01 - Functioning,2,0,0,0,,0,,,,,352994.7297,5016303.006,45.2850299,-75.88564018,13476
15--8236,2015/07/01,2:42 PM,WOODROFFE AVE @ HWY 417 WOODROFF IC127R26/HWY4 (0002355),2355,02 - Intersection related,03 - P.D. only,03 - Rear end,02 - Rain,01 - Daylight,02 - Wet,01 - Traffic signal,00 - Unknown,2,0,0,0,,0,,,,,362082.6869,5024939.878,45.36206245,-75.76880155,13477
15--8133,2015/06/29,Unknown,KILBIRNIE DR btwn KILMARNOCK WAY & LECANTO TER (__54YKPC),__54YKPC,01 - Non intersection,03 - P.D. only,06 - SMV unattended vehicle,01 - Clear,00 - Unknown,01 - Dry,10 - No control,,1,0,0,0,,0,,,,,365637.9035,5011729.385,45.24289595,-75.7250454,13478
15--8237,2015/07/01,3:00 AM,BASELINE RD btwn TURN LANE & CEDARVIEW RD (__3ZA11A),__3ZA11A,01 - Non intersection,03 - P.D. only,07 - SMV other,01 - Clear,07 - Dark,02 - Wet,10 - No control,,1,0,0,0,,0,,,,,358764.608,5021763.015,45.33374024,-75.81149943,13479
15--8238,2015/07/01,4:48 PM,MONTREAL RD btwn OGILVIE RD & LAPORTE ST (__3ZA2D7),__3ZA2D7,01 - Non intersection,03 - P.D. only,03 - Rear end,02 - Rain,01 - Daylight,02 - Wet,10 - No control,,2,0,0,0,,0,,,,,375677.0773,5034570.64,45.44747225,-75.59390812,13480
15--8239,2015/07/01,5:45 AM,FISHER AVE @ PRINCE OF WALES DR (0000572),572,02 - Intersection related,03 - P.D. only,07 - SMV other,02 - Rain,03 - Dawn,02 - Wet,01 - Traffic signal,01 - Functioning,1,0,0,0,,0,,,,,367162.7859,5023942.421,45.35265403,-75.70408729,13481
15--824,2015/01/13,8:10 PM,CAMPEAU DR @ TERRY FOX DR (0008211),8211,02 - Intersection related,03 - P.D. only,03 - Rear end,01 - Clear,07 - Dark,06 - Ice,01 - Traffic signal,01 - Functioning,2,0,0,0,,0,,,,,350455.901,5019010.455,45.30956181,-75.91775277,13482
15--8240,2015/07/01,6:06 PM,LAURIER AVE   W btwn O'CONNOR ST & METCALFE ST (__3ZBOER),__3ZBOER,01 - Non intersection,03 - P.D. only,99 - Other,01 - Clear,01 - Daylight,02 - Wet,10 - No control,,2,0,0,0,,0,,,,,367724.256,5031411.36,45.41980736,-75.69596997,13483
15--8241,2015/07/01,6:25 AM,LYON ST @ SOMERSET ST (0010860),10860,03 - At intersection,02 - Non-fatal injury,02 - Angle,01 - Clear,01 - Daylight,02 - Wet,01 - Traffic signal,01 - Functioning,2,0,0,0,02 - Minor,1,,1,,,367366.7003,5030716.205,45.41358464,-75.70062654,13484
15--8242,2015/07/01,7:35 AM,CEDARVIEW RD @ FALLOWFIELD RD (0001603),1603,03 - At intersection,03 - P.D. only,02 - Angle,02 - Rain,01 - Daylight,02 - Wet,01 - Traffic signal,01 - Functioning,2,0,0,0,,0,,,,,361293.9465,5015664.802,45.27866926,-75.77992678,13485
15--8243,2015/07/01,7:50 PM,COLONIAL RD @ HENN DR (0013059),13059,02 - Intersection related,02 - Non-fatal injury,07 - SMV other,01 - Clear,01 - Daylight,01 - Dry,02 - Stop sign,01 - Functioning,1,0,0,1,02 - Minor,1,,1,,,389131.9294,5031867.576,45.42165911,-75.4223926,13486
15--8244,2015/07/01,9:00 PM,CUMBERLAND ST btwn BRUYERE ST & ST. ANDREW ST (__3ZBOWF),__3ZBOWF,01 - Non intersection,03 - P.D. only,06 - SMV unattended vehicle,01 - Clear,05 - Dusk,02 - Wet,10 - No control,,1,0,0,0,,0,,,,,368036.002,5032902.59,45.43319682,-75.6917955,13487
15--8245,2015/07/01,9:50 PM,LAURIER AVE   W btwn QUEEN ELIZABETH DRWY/LAURIER AVE EB OFF RAMP & LA (__3ZA354),__3ZA354,01 - Non intersection,02 - Non-fatal injury,07 - SMV other,01 - Clear,07 - Dark,01 - Dry,10 - No control,,1,0,0,1,02 - Minor,1,,1,,,368185.0812,5031686.048,45.42223731,-75.69004691,13488
15--8246,2015/07/02,1:01 AM,WELLINGTON ST    W btwn MELROSE AVE & MERTON ST (__3ZA31I),__3ZA31I,01 - Non intersection,03 - P.D. only,03 - Rear end,01 - Clear,07 - Dark,01 - Dry,10 - No control,,2,0,0,0,,0,,,,,365476.446,5029575.458,45.40348693,-75.72491521,13489
15--8247,2015/07/02,1:47 AM,DICKINSON AVE btwn NOBLE CRES & SOUTHMORE DR W (__3ZA9DE),__3ZA9DE,01 - Non intersection,03 - P.D. only,06 - SMV unattended vehicle,01 - Clear,07 - Dark,01 - Dry,10 - No control,,1,0,0,0,,0,,,,,368763.5722,5024429.806,45.35689521,-75.68359606,13490
15--8248,2015/07/02,10:37 AM,FALLOWFIELD RD btwn TRANSIT & 482 E OF HOLITMAN DR/BARRHAVEN CROSSING  (__5UXZZVB),__5UXZZVB,01 - Non intersection,03 - P.D. only,03 - Rear end,01 - Clear,01 - Daylight,01 - Dry,10 - No control,,2,0,0,0,,0,,,,,364457.2069,5017541.746,45.29529667,-75.73938557,13491
15--8249,2015/07/02,11:00 AM,MALVERN DR btwn VENTNOR WAY & GREENBANK RD (__3ZABLI),__3ZABLI,01 - Non intersection,03 - P.D. only,06 - SMV unattended vehicle,01 - Clear,01 - Daylight,01 - Dry,10 - No control,,1,0,0,0,,0,,,,,363296.5513,5016188.307,45.283216,-75.75434196,13492
15--825,2015/01/13,8:36 AM,UPLANDS DR @ HUNTMASTER LANE/RHAPSODY LANE (0006880),6880,03 - At intersection,02 - Non-fatal injury,02 - Angle,01 - Clear,01 - Daylight,01 - Dry,02 - Stop sign,01 - Functioning,2,0,0,0,02 - Minor,1,,1,,,369021.3439,5023501.572,45.34851964,-75.68042688,13493
15--8250,2015/07/02,11:50 AM,ISABELLA ST/HWY 417 O'CONN IC119BR57 @ O'CONNO (0001698),1698,02 - Intersection related,02 - Non-fatal injury,04 - Sideswipe,01 - Clear,01 - Daylight,01 - Dry,01 - Traffic signal,01 - Functioning,3,0,0,0,02 - Minor,1,,1,,,368296.2631,5030309.926,45.40984534,-75.68880365,13494
15--8251,2015/07/02,11:55 PM,BANK ST @ CECIL AVE (0002601),2601,02 - Intersection related,02 - Non-fatal injury,05 - Turning movement,01 - Clear,07 - Dark,01 - Dry,02 - Stop sign,00 - Unknown,2,0,1,0,02 - Minor,1,,1,,,369945.4331,5026989.906,45.3798214,-75.66817529,13495
15--8252,2015/07/02,Unknown,THISTLELEAF CRES btwn MEADOWGLEN DR & MONTEREAU AVE (__3ZA61R),__3ZA61R,01 - Non intersection,03 - P.D. only,06 - SMV unattended vehicle,01 - Clear,00 - Unknown,01 - Dry,10 - No control,,1,0,0,0,,0,,,,,379681.0881,5034402.207,45.44553933,-75.54275351,13496
15--8253,2015/07/02,Unknown,CUMMINGS AVE btwn OGILVIE RD & LABELLE ST (__3ZA7QG),__3ZA7QG,01 - Non intersection,03 - P.D. only,99 - Other,01 - Clear,07 - Dark,01 - Dry,10 - No control,,2,0,0,0,,0,,,,,372767.4589,5032135.631,45.42585225,-75.63143646,13497
15--8254,2015/07/02,12:09 AM,HUNT CLUB RD @ UPLANDS DR (0010844),10844,03 - At intersection,03 - P.D. only,05 - Turning movement,01 - Clear,07 - Dark,01 - Dry,01 - Traffic signal,01 - Functioning,2,0,0,0,,0,,,,,370158.1686,5023121.852,45.344998,-75.66597078,13498
15--8255,2015/07/02,12:25 PM,COVENTRY RD @ VANIER PKWY (0002139),2139,02 - Intersection related,03 - P.D. only,03 - Rear end,01 - Clear,01 - Daylight,01 - Dry,01 - Traffic signal,01 - Functioning,2,0,0,0,,0,,,,,370677.1056,5031612.063,45.42134139,-75.65821638,13499
15--8256,2015/07/02,12:47 PM,VIEWMOUNT DR btwn MERIVALE RD & GRANT CARMAN DR (__3ZA0AL),__3ZA0AL,01 - Non intersection,03 - P.D. only,03 - Rear end,01 - Clear,01 - Daylight,01 - Dry,10 - No control,,2,0,0,0,,0,,,,,365366.6701,5023052.64,45.34480534,-75.72711729,13500
15--8257,2015/07/02,12:53 PM,BELFAST RD @ ST. LAURENT BLVD (0007658),7658,02 - Intersection related,03 - P.D. only,03 - Rear end,01 - Clear,01 - Daylight,01 - Dry,01 - Traffic signal,01 - Functioning,2,0,0,0,,0,,,,,372860.7241,5030578.202,45.41183017,-75.63045988,13501
15--8258,2015/07/02,12:55 PM,PRINCE OF WALES DR btwn NAVY PRIV & PRESTON ST (__3ZAZDX),__3ZAZDX,01 - Non intersection,03 - P.D. only,03 - Rear end,01 - Clear,01 - Daylight,01 - Dry,10 - No control,,2,0,0,0,,0,,,,,366867.9099,5028723.861,45.3957025,-75.70724942,13502
15--8259,2015/07/02,2:00 PM,SMYTH RD @ RIVERSIDE HOSPITAL (0009069),9069,02 - Intersection related,03 - P.D. only,07 - SMV other,01 - Clear,01 - Daylight,01 - Dry,01 - Traffic signal,01 - Functioning,1,0,0,0,,0,,,,,369987.88,5029121.221,45.39899429,-75.66735182,13503
15--826,2015/01/13,8:37 PM,MEADOWLANDS DR @ MERIVALE RD (0000625),625,03 - At intersection,03 - P.D. only,04 - Sideswipe,01 - Clear,07 - Dark,06 - Ice,01 - Traffic signal,01 - Functioning,2,0,0,0,,0,,,,,364857.736,5023725.028,45.35089916,-75.73352948,13504