Anom_ID,Accident_Date,Accident_Time,Location,Geo_ID,Accident_Location,Classification_of_Accident,Initial_Impact_Type,Environment_Condition,Light,Road_Surface_Condition,Traffic_Control,Traffic_Control_Condition,No__of_Vehicles,No__of_Bicycles,No__of_Motorcycles,No__of_Pedestrians,Max_Injury,No__of_Injuries,No__of_Minimal,No__of_Minor,No__of_Major,No__of_Fatal,X,Y,Latitude,Longitude,ObjectId
15--8260,2015/07/02,2:24 PM,BRONSON AVE @ GLADSTONE AVE (0002110),2110,02 - Intersection related,03 - P.D. only,03 - Rear end,01 - Clear,01 - Daylight,01 - Dry,01 - Traffic signal,01 - Functioning,3,0,0,0,,0,,,,,367132.981,5030081.924,45.40789842,-75.70369253,13505
15--8261,2015/07/02,2:49 PM,PINECREST RD/HWY 417 PINECRE IC129R63 @ TRANSI (0008264),8264,03 - At intersection,03 - P.D. only,02 - Angle,01 - Clear,01 - Daylight,01 - Dry,01 - Traffic signal,01 - Functioning,2,0,0,0,,0,,,,,360388.0862,5023677.475,45.35083981,-75.79057295,13506
15--8262,2015/07/02,3:00 PM,ST. LAURENT BLVD btwn CONROY RD & THURSTON DR (__3ZA49E),__3ZA49E,04 - At/near private drive,03 - P.D. only,05 - Turning movement,01 - Clear,01 - Daylight,01 - Dry,10 - No control,,2,0,0,0,,0,,,,,373327.5666,5027296.93,45.38226122,-75.62495205,13507
15--8263,2015/07/02,3:15 PM,CARP RD btwn HWY417 IC144 RAMP16 & HWY417 IC144 RAMP35 (__3ZA3F4),__3ZA3F4,07 - Overpass or bridge,02 - Non-fatal injury,03 - Rear end,01 - Clear,01 - Daylight,01 - Dry,10 - No control,,3,0,0,0,02 - Minor,2,,2,,,347389.1131,5015827.158,45.28111005,-75.9571349,13508
15--8264,2015/07/02,3:30 PM,NICHOLAS ST btwn DALY AVE & SB RAMP FROM WALLER/NICHOLAS/MACKENZIE KIN (__3ZA3VJ),__3ZA3VJ,04 - At/near private drive,03 - P.D. only,05 - Turning movement,01 - Clear,01 - Daylight,01 - Dry,10 - No control,,2,0,0,0,,0,,,,,368270.3828,5031984.623,45.42491605,-75.68891854,13509
15--8265,2015/07/02,3:34 AM,TUNNEY'S PASTURE DRWY btwn TO BE DETERMINED & SCOTT ST (__3ZAAHA),__3ZAAHA,01 - Non intersection,03 - P.D. only,07 - SMV other,01 - Clear,07 - Dark,01 - Dry,10 - No control,,1,0,0,0,,0,,,,,364720.8752,5029640.264,45.40413512,-75.73455818,13510
15--8266,2015/07/02,3:47 PM,RIDEAU ST btwn 88 W OF WILLIAM ST & WILLIAM ST (__3ZA25UB),__3ZA25UB,01 - Non intersection,03 - P.D. only,04 - Sideswipe,01 - Clear,01 - Daylight,01 - Dry,10 - No control,,2,0,0,0,,0,,,,,368059.8052,5032133.622,45.42627577,-75.69159009,13511
15--8267,2015/07/02,4:00 PM,GLADSTONE AVE @ PERCY ST (0007203),7203,03 - At intersection,02 - Non-fatal injury,04 - Sideswipe,01 - Clear,01 - Daylight,01 - Dry,01 - Traffic signal,01 - Functioning,2,1,0,0,01 - Minimal,1,1,,,,367329.3671,5030206.347,45.40900043,-75.70116815,13512
15--8268,2015/07/02,4:05 PM,STITTSVILLE MAIN ST @ HAZELDEAN RD (0000050),50,03 - At intersection,02 - Non-fatal injury,05 - Turning movement,01 - Clear,01 - Daylight,01 - Dry,01 - Traffic signal,01 - Functioning,2,0,0,0,02 - Minor,1,,1,,,349558.3981,5014879.077,45.27244412,-75.92957078,13513
15--8269,2015/07/02,4:07 PM,HUNT CLUB RD btwn MCCARTHY RD & RAMP (__3ZA36L),__3ZA36L,01 - Non intersection,02 - Non-fatal injury,07 - SMV other,01 - Clear,01 - Daylight,01 - Dry,10 - No control,,1,0,1,0,02 - Minor,1,,1,,,370938.0047,5023655.284,45.34972457,-75.65594911,13514
15--827,2015/01/13,8:40 AM,TORWOOD DR btwn FARM LANE & VANCES SIDE RD (__3ZAC2Z),__3ZAC2Z,01 - Non intersection,03 - P.D. only,07 - SMV other,01 - Clear,01 - Daylight,04 - Slush,10 - No control,,1,0,0,0,,0,,,,,343214.8,5036557.292,45.46788658,-76.00872852,13515
15--8270,2015/07/02,4:26 AM,JOHN SUTHERLAND DR @ RICHMOND RD (0000578),578,02 - Intersection related,02 - Non-fatal injury,03 - Rear end,01 - Clear,07 - Dark,01 - Dry,01 - Traffic signal,01 - Functioning,2,0,0,0,02 - Minor,1,,1,,,358786.6649,5022151.216,45.33723159,-75.8111757,13516
15--8271,2015/07/02,4:30 PM,NAVAN RD btwn MUSTANG ST & TO BE DETERMINED (__3ZA3M4),__3ZA3M4,01 - Non intersection,03 - P.D. only,07 - SMV other,01 - Clear,01 - Daylight,01 - Dry,10 - No control,,1,0,0,0,,0,,,,,388024.0216,5032164.798,45.42446589,-75.43649695,13517
15--8272,2015/07/02,4:52 PM,BASELINE RD @ MERIVALE RD (0002342),2342,03 - At intersection,03 - P.D. only,05 - Turning movement,01 - Clear,01 - Daylight,01 - Dry,01 - Traffic signal,01 - Functioning,2,0,0,0,,0,,,,,365055.4171,5025325.155,45.3652799,-75.7308118,13518
15--8273,2015/07/02,4:53 PM,INNES RD btwn VISENEAU DR & BELCOURT BLVD (__3ZA3JX),__3ZA3JX,01 - Non intersection,03 - P.D. only,04 - Sideswipe,01 - Clear,01 - Daylight,01 - Dry,10 - No control,,2,0,0,0,,0,,,,,381808.8412,5035078.961,45.45139704,-75.51545132,13519
15--8274,2015/07/02,5:00 AM,HIGHWAY 417 btwn HWY417 IC180 RAMP35 & HWY417 IC169 RAMP51 (__5SO6CL),__5SO6CL,01 - Non intersection,03 - P.D. only,07 - SMV other,01 - Clear,03 - Dawn,01 - Dry,10 - No control,,1,0,0,0,,0,,,,,319309.3062,5030893.928,45.41783065,-76.31461035,13520
15--8275,2015/07/02,5:03 PM,WOODROFFE AVE @ CLARIDGE DR/STONEWAY DR N (0009791),9791,03 - At intersection,03 - P.D. only,02 - Angle,01 - Clear,01 - Daylight,01 - Dry,01 - Traffic signal,01 - Functioning,2,0,0,0,,0,,,,,365575.9789,5016707.803,45.28769702,-75.72522498,13521
15--8276,2015/07/02,5:22 PM,FALLOWFIELD RD btwn ASHDALE AVE & PRINCE OF WALES DR (__3ZA3IQ),__3ZA3IQ,01 - Non intersection,03 - P.D. only,03 - Rear end,01 - Clear,01 - Daylight,01 - Dry,10 - No control,,2,0,0,0,,0,,,,,367260.017,5019079.211,45.30888703,-75.70346013,13522
15--8277,2015/07/02,5:33 AM,STONECREST RD btwn DUNHAVEN DR & THOMAS A. DOLAN PKWY (__3ZAC8O),__3ZAC8O,01 - Non intersection,03 - P.D. only,07 - SMV other,01 - Clear,03 - Dawn,01 - Dry,10 - No control,,1,0,0,0,,0,,,,,338858.2367,5028939.584,45.39956634,-76.06496812,13523
15--8278,2015/07/02,5:34 PM,WOODROFFE AVE btwn EARL MULLIGAN DR & LONGFIELDS DR (__3ZA3II),__3ZA3II,04 - At/near private drive,03 - P.D. only,02 - Angle,01 - Clear,01 - Daylight,01 - Dry,10 - No control,,2,0,0,0,,0,,,,,365413.242,5017124.603,45.29146142,-75.72724844,13524
15--8279,2015/07/02,5:45 AM,KENT ST @ SLATER ST (0002114),2114,03 - At intersection,03 - P.D. only,02 - Angle,01 - Clear,03 - Dawn,01 - Dry,01 - Traffic signal,01 - Functioning,2,0,0,0,,0,,,,,367260.266,5031252.947,45.41842359,-75.70191822,13525
15--828,2015/01/13,8:49 AM,CARLING AVE/STATION RD @ MARCH RD (0002681),2681,03 - At intersection,03 - P.D. only,03 - Rear end,01 - Clear,01 - Daylight,02 - Wet,01 - Traffic signal,01 - Functioning,2,0,0,0,,0,,,,,350907.6861,5022247.023,45.3386557,-75.91169011,13526
15--8280,2015/07/02,5:45 PM,RIVERSIDE DR @ SAN REMO PRIV (0011379),11379,02 - Intersection related,03 - P.D. only,03 - Rear end,01 - Clear,01 - Daylight,01 - Dry,01 - Traffic signal,01 - Functioning,2,0,0,0,,0,,,,,370386.0884,5030401.809,45.41047935,-75.6620957,13527
15--8281,2015/07/02,5:58 PM,TRIM RD @ VALIN ST (0013092),13092,02 - Intersection related,03 - P.D. only,03 - Rear end,01 - Clear,01 - Daylight,01 - Dry,01 - Traffic signal,01 - Functioning,2,0,0,0,,0,,,,,386438.7347,5037556.201,45.47315926,-75.45585692,13528
15--8282,2015/07/02,6:00 AM,FALLOWFIELD RD btwn SHEA RD & EAGLESON RD (__3ZA419),__3ZA419,01 - Non intersection,03 - P.D. only,99 - Other,01 - Clear,01 - Daylight,01 - Dry,10 - No control,,2,0,0,0,,0,,,,,354085.9615,5011083.006,45.23798326,-75.87224845,13529
15--8283,2015/07/02,6:27 PM,BELFAST RD @ ST. LAURENT BLVD (0007658),7658,02 - Intersection related,03 - P.D. only,03 - Rear end,01 - Clear,01 - Daylight,01 - Dry,01 - Traffic signal,01 - Functioning,2,0,0,0,,0,,,,,372860.0034,5030578.922,45.41183672,-75.63046899,13530
15--8284,2015/07/02,6:43 PM,FOURTH LINE RD btwn DILWORTH RD & DONNELLY DR (__3ZA30I),__3ZA30I,01 - Non intersection,03 - P.D. only,07 - SMV other,01 - Clear,01 - Daylight,01 - Dry,10 - No control,,1,0,0,0,,0,,,,,371358.5016,4993964.556,45.08253063,-75.65455162,13531
15--8285,2015/07/02,6:50 AM,INNES RD @ STAR TOP RD/WINDMILL LANE (0008734),8734,02 - Intersection related,03 - P.D. only,03 - Rear end,01 - Clear,01 - Daylight,01 - Dry,01 - Traffic signal,01 - Functioning,2,0,0,0,,0,,,,,374147.7258,5030666.2,45.41249558,-75.61400679,13532
15--8286,2015/07/02,7:30 PM,ASHTON STATION RD btwn COPELAND RD & FRANKTOWN RD (__3ZAC6R),__3ZAC6R,01 - Non intersection,03 - P.D. only,07 - SMV other,01 - Clear,01 - Daylight,01 - Dry,10 - No control,,1,0,0,0,,0,,,,,345605.1546,4997277.793,45.1142986,-75.98139178,13533
15--8287,2015/07/02,7:40 AM,TENTH LINE RD @ CHARLEMAGNE BLVD N/TOMPKINS AV (0009222),9222,02 - Intersection related,03 - P.D. only,03 - Rear end,01 - Clear,01 - Daylight,01 - Dry,01 - Traffic signal,01 - Functioning,2,0,0,0,,0,,,,,383185.3713,5037976.801,45.47731619,-75.49739314,13534
15--8288,2015/07/02,7:46 PM,BAYVIEW RD @ SCOTT ST/ALBERT ST (0005646),5646,03 - At intersection,02 - Non-fatal injury,07 - SMV other,01 - Clear,01 - Daylight,01 - Dry,01 - Traffic signal,01 - Functioning,1,0,0,1,02 - Minor,1,,1,,,365520.4784,5030069.762,45.40793074,-75.72429192,13535
15--8289,2015/07/02,7:53 AM,FALLOWFIELD RD btwn ORR ST & GREENBANK RD (__3ZA3HG),__3ZA3HG,01 - Non intersection,03 - P.D. only,03 - Rear end,01 - Clear,01 - Daylight,01 - Dry,10 - No control,,2,0,0,0,,0,,,,,363038.1532,5016697.5,45.28781918,-75.75757572,13536
15--829,2015/01/13,8:50 PM,HIGHWAY 416 btwn HWY416 IC66 RAMP62 & HWY416 IC72 RAMP24 (__3ZAZMZ),__3ZAZMZ,01 - Non intersection,02 - Non-fatal injury,07 - SMV other,01 - Clear,07 - Dark,01 - Dry,10 - No control,,1,0,0,0,02 - Minor,1,,1,,,359823.363,5019041.738,45.30917185,-75.79829479,13537
15--8290,2015/07/02,8:02 AM,GALETTA SIDE RD @ WOODKILTON RD (0002365),2365,03 - At intersection,03 - P.D. only,02 - Angle,01 - Clear,01 - Daylight,01 - Dry,02 - Stop sign,01 - Functioning,2,0,0,0,,0,,,,,332712.5921,5039508.314,45.4949394,-76.1428662,13538
15--8291,2015/07/02,8:12 PM,DONALD ST @ ST. LAURENT BLVD (0008630),8630,02 - Intersection related,03 - P.D. only,07 - SMV other,01 - Clear,01 - Daylight,01 - Dry,01 - Traffic signal,01 - Functioning,1,0,0,0,,0,,,,,372092.9922,5032472.945,45.42895245,-75.64000847,13539
15--8292,2015/07/02,8:15 AM,COLONEL BY DR/SUSSEX DR @ RIDEAU ST (0007647),7647,02 - Intersection related,03 - P.D. only,04 - Sideswipe,01 - Clear,01 - Daylight,01 - Dry,01 - Traffic signal,01 - Functioning,2,0,0,0,,0,,,,,367919.7494,5032044.329,45.42548499,-75.69339115,13540
15--8293,2015/07/02,9:00 PM,COLE AVE btwn DOVERCOURT AVE & GREENWOOD AVE (__3ZA4AF),__3ZA4AF,01 - Non intersection,03 - P.D. only,06 - SMV unattended vehicle,01 - Clear,05 - Dusk,01 - Dry,10 - No control,,1,0,0,0,,0,,,,,363303.2072,5027236.778,45.38262887,-75.75295119,13541
15--8294,2015/07/02,9:33 AM,O'CONNOR ST @ WELLINGTON ST (0002234),2234,02 - Intersection related,03 - P.D. only,04 - Sideswipe,01 - Clear,01 - Daylight,01 - Dry,01 - Traffic signal,01 - Functioning,2,0,0,0,,0,,,,,367414.4199,5031722.943,45.42263868,-75.69988899,13542
15--8295,2015/07/02,9:35 AM,BRONSON AVE @ POWELL AVE (0007212),7212,03 - At intersection,03 - P.D. only,05 - Turning movement,01 - Clear,01 - Daylight,01 - Dry,01 - Traffic signal,01 - Functioning,2,0,0,0,,0,,,,,367386.4375,5029477.574,45.40243804,-75.70053164,13543
15--8296,2015/07/02,9:59 PM,DUNROBIN RD btwn CONSTANCE BAY RD & KINBURN SIDE RD (__3ZA3FF),__3ZA3FF,01 - Non intersection,03 - P.D. only,07 - SMV other,01 - Clear,07 - Dark,01 - Dry,10 - No control,,1,0,0,0,,0,,,,,337098.3765,5036902.983,45.47130682,-76.08692405,13544
15--8297,2015/07/03,1:53 PM,SHERBROOKE AVE btwn WELLINGTON ST W & GLADSTONE AVE (__3ZA05U),__3ZA05U,01 - Non intersection,03 - P.D. only,06 - SMV unattended vehicle,01 - Clear,01 - Daylight,01 - Dry,10 - No control,,1,0,0,0,,0,,,,,365438.6847,5029460.004,45.40245137,-75.72541173,13545
15--8298,2015/07/03,10:09 PM,BARNSDALE RD @ PRINCE OF WALES DR (0001082),1082,03 - At intersection,03 - P.D. only,02 - Angle,01 - Clear,07 - Dark,01 - Dry,02 - Stop sign,01 - Functioning,2,0,0,0,,0,,,,,366646.6962,5011533.494,45.24104542,-75.71222095,13546
15--8299,2015/07/03,10:59 AM,HUNTER'S RUN DR @ JEANNE D'ARC BLVD (0012419),12419,02 - Intersection related,03 - P.D. only,03 - Rear end,01 - Clear,01 - Daylight,01 - Dry,01 - Traffic signal,01 - Functioning,2,0,0,0,,0,,,,,380567.7472,5036174.212,45.4613869,-75.5311475,13547
15--83,2015/01/03,3:57 PM,STRANDHERD DR btwn FALLOWFIELD RD & MARAVISTA DR (__6NFZTL),__6NFZTL,01 - Non intersection,03 - P.D. only,07 - SMV other,03 - Snow,01 - Daylight,03 - Loose snow,10 - No control,,1,0,0,0,,0,,,,,360813.0969,5014952.166,45.27229538,-75.78613562,13548
15--830,2015/01/13,8:52 AM,GIANT CEDARS CRES @ SHORELINE DR S (0010100),10100,03 - At intersection,03 - P.D. only,02 - Angle,01 - Clear,01 - Daylight,01 - Dry,02 - Stop sign,01 - Functioning,2,0,0,0,,0,,,,,368769.0429,5015409.351,45.27573036,-75.68469105,13549
15--8300,2015/07/03,11:08 PM,MARCH RD btwn TALL FOREST DR & HUNTMAR DR (__3ZA3FN),__3ZA3FN,01 - Non intersection,03 - P.D. only,07 - SMV other,01 - Clear,07 - Dark,01 - Dry,10 - No control,,1,0,0,0,,0,,,,,343880.9362,5023317.34,45.34871339,-76.00125947,13550
15--8301,2015/07/03,11:46 AM,TERRY FOX DR btwn HWY417 IC140 RAMP36 & HWY417 IC140 RAMP61 (__39F4XC),__39F4XC,01 - Non intersection,03 - P.D. only,03 - Rear end,01 - Clear,01 - Daylight,01 - Dry,10 - No control,,3,0,0,0,,0,,,,,350732.3575,5018799.644,45.30764685,-75.91424686,13551
15--8302,2015/07/03,11:46 PM,ALDERWOOD ST @ MCMAHON AVE (0009016),9016,02 - Intersection related,02 - Non-fatal injury,07 - SMV other,01 - Clear,07 - Dark,01 - Dry,02 - Stop sign,01 - Functioning,1,0,0,0,02 - Minor,1,,1,,,372191.7277,5023028.432,45.34396502,-75.64003635,13552
15--8303,2015/07/03,12:05 AM,CASSIDY RD btwn NORTHSIDE RD & DANTE AVE (__3ZBOCT),__3ZBOCT,01 - Non intersection,02 - Non-fatal injury,07 - SMV other,01 - Clear,07 - Dark,01 - Dry,10 - No control,,1,0,0,0,02 - Minor,1,,1,,,358881.0911,5021408.704,45.33054316,-75.81005212,13553
15--8304,2015/07/03,12:30 AM,HIGHWAY 417 btwn HWY417 IC129 RAMP76 & HWY417 IC129 RAMP26 (__3ZA2RG),__3ZA2RG,01 - Non intersection,03 - P.D. only,07 - SMV other,01 - Clear,07 - Dark,01 - Dry,10 - No control,,1,0,0,0,,0,,,,,360411.6326,5023520.984,45.34942984,-75.79029006,13554
15--8305,2015/07/03,12:32 PM,WOODROFFE AVE btwn DAVID DR & TURN LANE (__3ZA33G),__3ZA33G,01 - Non intersection,03 - P.D. only,04 - Sideswipe,01 - Clear,01 - Daylight,01 - Dry,10 - No control,,2,0,0,0,,0,,,,,363007.9584,5022846.918,45.34315397,-75.75723809,13555
15--8306,2015/07/03,12:38 AM,MARKETPLACE AVE @ RIOCAN AVE (0010995),10995,03 - At intersection,03 - P.D. only,02 - Angle,01 - Clear,07 - Dark,01 - Dry,02 - Stop sign,01 - Functioning,2,0,0,0,,0,,,,,364287.5976,5014761.955,45.27029852,-75.74188108,13556
15--8307,2015/07/03,2:14 PM,ST. PATRICK ST WB btwn ISLAND LODGE RD & CRICHTON ST (__3ZA1YE),__3ZA1YE,01 - Non intersection,03 - P.D. only,03 - Rear end,01 - Clear,01 - Daylight,01 - Dry,10 - No control,,2,0,0,0,,0,,,,,369107.0669,5033461.795,45.43813066,-75.67803483,13557
15--8410,2015/07/07,1:10 PM,HIGHWAY 417 btwn HWY417 IC124 RAMP57 & HWY417 IC124 RAMP55 (__3ZA2Y1),__3ZA2Y1,01 - Non intersection,03 - P.D. only,04 - Sideswipe,01 - Clear,01 - Daylight,01 - Dry,10 - No control,,2,0,0,0,,0,,,,,364319.1123,5027369.937,45.38374143,-75.73996381,13558
15--8683,2015/07/14,10:33 AM,YORK ST btwn DALHOUSIE ST & SPLIT (__3ZA82N),__3ZA82N,01 - Non intersection,03 - P.D. only,03 - Rear end,01 - Clear,01 - Daylight,01 - Dry,10 - No control,,2,0,0,0,,0,,,,,368116.5311,5032434.635,45.42897904,-75.69082655,13559
15--8684,2015/07/14,10:34 PM,APPLE ORCHARD RD btwn BYLES WAY & DEER VALLEY CRES (__6K49MM),__6K49MM,01 - Non intersection,02 - Non-fatal injury,07 - SMV other,01 - Clear,07 - Dark,01 - Dry,10 - No control,,1,0,0,0,02 - Minor,1,,1,,,375189.394,5011930.836,45.24381827,-75.60336372,13560
15--8496,2015/07/08,7:35 PM,TENTH LINE RD btwn INNES RD & VANGUARD DR (__3ZA249),__3ZA249,04 - At/near private drive,02 - Non-fatal injury,02 - Angle,01 - Clear,01 - Daylight,01 - Dry,10 - No control,,2,1,0,0,02 - Minor,1,,1,,,383964.0126,5036132.534,45.46063534,-75.48773238,13561
15--8411,2015/07/07,1:43 PM,BRONSON AVE @ CATHERINE ST/RAYMOND ST (0007198),7198,02 - Intersection related,03 - P.D. only,03 - Rear end,01 - Clear,01 - Daylight,01 - Dry,01 - Traffic signal,01 - Functioning,2,0,0,0,,0,,,,,367253.4292,5029796.206,45.40531688,-75.70219014,13562
15--8412,2015/07/07,10:52 AM,BANK ST btwn SOUTHKEYS SC & CAHILL DR/DAZE ST (__3ZA37TB),__3ZA37TB,01 - Non intersection,03 - P.D. only,04 - Sideswipe,01 - Clear,01 - Daylight,01 - Dry,10 - No control,,2,0,0,0,,0,,,,,371230.4186,5024388.439,45.35629363,-75.65211924,13563
15--8134,2015/06/29,12:15 PM,CATHERINE ST btwn BAY ST & HWY417 IC120B RAMP36 (__3ZA3PH),__3ZA3PH,04 - At/near private drive,03 - P.D. only,05 - Turning movement,01 - Clear,01 - Daylight,01 - Dry,10 - No control,,2,0,0,0,,0,,,,,367686.4282,5030056.37,45.40761899,-75.69662617,13564
15--877,2015/01/14,5:20 PM,MAIN ST @ RIVERDALE AVE (0007229),7229,02 - Intersection related,03 - P.D. only,03 - Rear end,01 - Clear,05 - Dusk,06 - Ice,01 - Traffic signal,01 - Functioning,2,0,0,0,,0,,,,,369431.0204,5029532.854,45.40274965,-75.67440993,13565
15--8685,2015/07/14,11:00 AM,RIDGEBROOK DR btwn ERIC CRES & ERIC CRES (__3ZA124),__3ZA124,01 - Non intersection,03 - P.D. only,06 - SMV unattended vehicle,01 - Clear,01 - Daylight,01 - Dry,10 - No control,,1,0,0,0,,0,,,,,374713.4143,5031971.487,45.42418358,-75.60659518,13566
15--8497,2015/07/08,7:53 AM,GREENBANK RD btwn BASELINE RD & NE/OT BOUNDARY (__3ZA4MJ),__3ZA4MJ,04 - At/near private drive,03 - P.D. only,03 - Rear end,01 - Clear,01 - Daylight,01 - Dry,10 - No control,,2,0,0,0,,0,,,,,360609.2158,5022558.194,45.34075097,-75.78787735,13567
15--8413,2015/07/07,11:20 AM,CYRVILLE RD btwn STAR TOP RD & MEADOWBROOK RD (__3ZA3SN),__3ZA3SN,04 - At/near private drive,02 - Non-fatal injury,03 - Rear end,01 - Clear,01 - Daylight,01 - Dry,10 - No control,,2,0,0,0,01 - Minimal,1,1,,,,374284.9303,5031328.965,45.41844519,-75.61216062,13568
15--8135,2015/06/29,12:52 PM,BLAIR RD @ REGIONAL RD 174 N/OR174 IC112 RAMP61 (0003617),3617,02 - Intersection related,03 - P.D. only,03 - Rear end,02 - Rain,01 - Daylight,02 - Wet,01 - Traffic signal,01 - Functioning,2,0,0,0,,0,,,,,374633.2899,5032991.215,45.43336654,-75.60747435,13569
15--8770,2015/07/16,12:50 PM,BASELINE RD @ WOODROFFE AVE (0002225),2225,02 - Intersection related,02 - Non-fatal injury,03 - Rear end,01 - Clear,01 - Daylight,01 - Dry,01 - Traffic signal,01 - Functioning,2,0,0,0,01 - Minimal,1,1,,,,362549.6902,5023769.424,45.35149249,-75.76297761,13570
15--8686,2015/07/14,11:33 AM,MITCH OWENS RD btwn SPRATT RD & LIMEBANK RD (__3ZA3H3),__3ZA3H3,01 - Non intersection,03 - P.D. only,99 - Other,01 - Clear,01 - Daylight,01 - Dry,10 - No control,,2,0,0,0,,0,,,,,371247.1563,5011848.358,45.24345932,-75.65358621,13571
15--8498,2015/07/08,7:59 AM,ISLAND PARK DR btwn BYRON AVE & IONA ST (__3ZA233),__3ZA233,01 - Non intersection,02 - Non-fatal injury,03 - Rear end,01 - Clear,01 - Daylight,01 - Dry,10 - No control,,2,0,0,0,02 - Minor,1,,1,,,364292.0891,5028516.352,45.39405896,-75.74017066,13572
15--8414,2015/07/07,11:30 AM,BANK ST @ RIVERSIDE DR N (0010778),10778,03 - At intersection,03 - P.D. only,02 - Angle,01 - Clear,01 - Daylight,01 - Dry,01 - Traffic signal,01 - Functioning,3,0,0,0,,0,,,,,369226.4366,5027984.627,45.38883807,-75.67722518,13573
15--8415,2015/07/07,11:46 AM,BROMLEY RD @ SHERBOURNE RD (0011219),11219,03 - At intersection,02 - Non-fatal injury,05 - Turning movement,01 - Clear,01 - Daylight,01 - Dry,02 - Stop sign,01 - Functioning,3,0,0,0,01 - Minimal,1,1,,,,362923.3689,5026579.766,45.37674878,-75.75787842,13574
15--8416,2015/07/07,11:54 AM,SMYTH RD E/LANCASTER RD @ ST. LAURENT BLVD N/R (0002256),2256,02 - Intersection related,03 - P.D. only,03 - Rear end,01 - Clear,01 - Daylight,01 - Dry,01 - Traffic signal,01 - Functioning,2,0,0,0,,0,,,,,373365.4501,5029423.47,45.40139117,-75.62417287,13575
15--8417,2015/07/07,11:56 AM,GREENBANK RD @ CANFIELD RD/CRAIG HENRY DR (0000154),154,02 - Intersection related,02 - Non-fatal injury,03 - Rear end,01 - Clear,01 - Daylight,01 - Dry,01 - Traffic signal,01 - Functioning,3,0,0,0,01 - Minimal,1,1,,,,361107.4005,5021362.691,45.32995405,-75.78165707,13576
15--8418,2015/07/07,11:58 PM,DUNROBIN RD btwn CONSTANCE BAY RD & KINBURN SIDE RD (__3ZA3FF),__3ZA3FF,01 - Non intersection,03 - P.D. only,07 - SMV other,01 - Clear,07 - Dark,01 - Dry,10 - No control,,1,0,0,0,,0,,,,,337318.1332,5036715.427,45.46960895,-76.08412599,13577
15--8419,2015/07/07,12:00 PM,ELGIN ST @ SOMERSET ST (0006936),6936,03 - At intersection,03 - P.D. only,04 - Sideswipe,01 - Clear,01 - Daylight,01 - Dry,01 - Traffic signal,01 - Functioning,2,0,0,0,,0,,,,,368163.9879,5031198.212,45.41784984,-75.69037916,13578
15--842,2015/01/14,1:26 PM,PRINCE OF WALES DR btwn STRANDHERD DR & BARNSTONE DR (__3ZA1YI),__3ZA1YI,01 - Non intersection,03 - P.D. only,07 - SMV other,01 - Clear,01 - Daylight,06 - Ice,10 - No control,,1,0,0,0,,0,,,,,367186.8561,5014842.986,45.27077641,-75.7049258,13579
15--8420,2015/07/07,12:19 PM,MERIVALE RD @ 210 S OF MEADOWLANDS DR (0005419),5419,02 - Intersection related,02 - Non-fatal injury,04 - Sideswipe,01 - Clear,01 - Daylight,01 - Dry,01 - Traffic signal,01 - Functioning,3,0,0,0,01 - Minimal,2,2,,,,364942.9597,5023531.616,45.34915156,-75.73246546,13580
15--8421,2015/07/07,12:50 PM,HIGHWAY 417 btwn HWY417 IC124 RAMP65 & HWY417 IC122 RAMP51 (__3ZA2R8),__3ZA2R8,01 - Non intersection,03 - P.D. only,07 - SMV other,01 - Clear,01 - Daylight,01 - Dry,10 - No control,,1,0,0,0,,0,,,,,364729.9427,5027941.056,45.38884522,-75.73464879,13581
15--8422,2015/07/07,12:57 PM,RUSSELL RD @ SOUTHVALE CRES N (0002650),2650,02 - Intersection related,03 - P.D. only,03 - Rear end,01 - Clear,01 - Daylight,01 - Dry,01 - Traffic signal,01 - Functioning,2,0,0,0,,0,,,,,373800.1726,5029097.909,45.39841921,-75.6186661,13582
15--8423,2015/07/07,12:59 PM,CARP RD btwn RICHARDSON SIDE RD & HWY417 IC144 RAMP62 (__3ZA3FS),__3ZA3FS,01 - Non intersection,03 - P.D. only,07 - SMV other,01 - Clear,01 - Daylight,01 - Dry,10 - No control,,1,0,0,0,,0,,,,,346698.4844,5016609.996,45.28819583,-75.96587155,13583
15--8424,2015/07/07,2:45 PM,BANK ST @ RIVERSIDE DR S (0002704),2704,02 - Intersection related,02 - Non-fatal injury,03 - Rear end,01 - Clear,01 - Daylight,01 - Dry,01 - Traffic signal,01 - Functioning,3,0,0,0,02 - Minor,2,1,1,,,369305.4378,5027894.193,45.38801711,-75.6762282,13584
15--8425,2015/07/07,2:47 PM,MERIVALE RD btwn WEST HUNT CLUB RD & JAMIE AVE (__3ZA3JU),__3ZA3JU,04 - At/near private drive,02 - Non-fatal injury,02 - Angle,01 - Clear,01 - Daylight,01 - Dry,10 - No control,,2,0,0,0,01 - Minimal,1,1,,,,365632.8754,5021898.174,45.33439458,-75.72386253,13585
15--8426,2015/07/07,2:51 PM,MARCH RD btwn HALTON TERR/MAXWELL BRIDGE RD & KLONDIKE RD (__3ZA3CG),__3ZA3CG,01 - Non intersection,03 - P.D. only,04 - Sideswipe,01 - Clear,01 - Daylight,01 - Dry,10 - No control,,2,0,0,0,,0,,,,,349093.8879,5024250.847,45.35680344,-75.9346526,13586
15--8427,2015/07/07,3:20 PM,CARLING AVE WB btwn TAVISTOCK RD & CONNAUGHT AVE (__3ZA266),__3ZA266,01 - Non intersection,03 - P.D. only,04 - Sideswipe,01 - Clear,01 - Daylight,01 - Dry,10 - No control,,2,0,0,0,,0,,,,,360743.8792,5025101.001,45.36362035,-75.78587149,13587