Anom_ID,Accident_Date,Accident_Time,Location,Geo_ID,Accident_Location,Classification_of_Accident,Initial_Impact_Type,Environment_Condition,Light,Road_Surface_Condition,Traffic_Control,Traffic_Control_Condition,No__of_Vehicles,No__of_Bicycles,No__of_Motorcycles,No__of_Pedestrians,Max_Injury,No__of_Injuries,No__of_Minimal,No__of_Minor,No__of_Major,No__of_Fatal,X,Y,Latitude,Longitude,ObjectId
15--8428,2015/07/07,3:28 PM,WOODROFFE AVE btwn TECUMSEH ST & DOMALATCHY PL (__3ZA3GR),__3ZA3GR,01 - Non intersection,02 - Non-fatal injury,03 - Rear end,01 - Clear,01 - Daylight,01 - Dry,10 - No control,,2,0,0,0,01 - Minimal,1,1,,,,362373.026,5024217.324,45.35553719,-75.76517992,13588
15--8429,2015/07/07,3:37 PM,MONTREAL RD @ 46 E OF HILLSIDE DR/MONTREAL SQU (0008215),8215,02 - Intersection related,03 - P.D. only,03 - Rear end,01 - Clear,01 - Daylight,01 - Dry,01 - Traffic signal,01 - Functioning,2,0,0,0,,0,,,,,371749.96,5033918.492,45.44199173,-75.64419528,13589
15--843,2015/01/14,10:00 PM,BANK ST btwn PARKWAY RD & MEADOW DR (__3ZA28M),__3ZA28M,01 - Non intersection,03 - P.D. only,07 - SMV other,01 - Clear,07 - Dark,01 - Dry,10 - No control,,1,0,0,0,,0,,,,,378923.901,5014113.359,45.2630724,-75.55547355,13590
15--8430,2015/07/07,4:03 PM,HOLLY ACRES RD @ TRANSITWAY - BAYSHORE/278 N O (0009787),9787,03 - At intersection,03 - P.D. only,03 - Rear end,01 - Clear,01 - Daylight,01 - Dry,01 - Traffic signal,01 - Functioning,2,0,0,0,,0,,,,,358497.3958,5022985.375,45.34475959,-75.81477572,13591
15--8431,2015/07/07,4:03 PM,BLAIR RD @ REGIONAL RD 174 S/OR174 IC112 RAMP15 (0012435),12435,02 - Intersection related,02 - Non-fatal injury,03 - Rear end,01 - Clear,01 - Daylight,01 - Dry,01 - Traffic signal,01 - Functioning,3,0,0,0,01 - Minimal,1,1,,,,374908.6757,5032662.856,45.43038459,-75.60400188,13592
15--8432,2015/07/07,4:14 PM,PINECREST RD @ BASELINE RD (0002657),2657,03 - At intersection,02 - Non-fatal injury,05 - Turning movement,01 - Clear,01 - Daylight,01 - Dry,02 - Stop sign,01 - Functioning,3,0,1,0,01 - Minimal,1,1,,,,360782.6858,5022694.861,45.34196688,-75.78564859,13593
15--8433,2015/07/07,4:20 PM,DUNROBIN RD @ MARCH RD (0003175),3175,02 - Intersection related,03 - P.D. only,03 - Rear end,01 - Clear,01 - Daylight,01 - Dry,01 - Traffic signal,01 - Functioning,3,0,0,0,,0,,,,,347174.6008,5026065.897,45.37325433,-75.95899275,13594
15--8434,2015/07/07,4:30 PM,BAYSHORE DR @ WOODRIDGE CRES N (0001209),1209,02 - Intersection related,03 - P.D. only,03 - Rear end,01 - Clear,01 - Daylight,01 - Dry,01 - Traffic signal,01 - Functioning,2,0,0,0,,0,,,,,359073.5917,5023875.438,45.35272404,-75.80732583,13595
15--8435,2015/07/07,4:40 PM,HIGHWAY 417 btwn HWY417 IC117 RAMP51 & HWY417 IC117 RAMP35 (__3ZA2YN),__3ZA2YN,01 - Non intersection,03 - P.D. only,03 - Rear end,01 - Clear,01 - Daylight,01 - Dry,10 - No control,,2,0,0,0,,0,,,,,370759.4788,5031184.139,45.41748335,-75.65722121,13596
15--8436,2015/07/07,4:46 PM,HIGHWAY 417 btwn HWY417 IC118 RAMP67 & HWY417 IC117 RAMP36 (__3ZA2YO),__3ZA2YO,01 - Non intersection,02 - Non-fatal injury,03 - Rear end,01 - Clear,01 - Daylight,01 - Dry,10 - No control,,3,0,0,0,02 - Minor,4,3,1,,,369843.5907,5031155.112,45.41730792,-75.6689263,13597
15--8437,2015/07/07,4:51 PM,BLACKBURN BYPASS EB btwn 1700 W OF NAVAN RD & INNES RD (__3ZA3J6A),__3ZA3J6A,01 - Non intersection,03 - P.D. only,04 - Sideswipe,01 - Clear,01 - Daylight,01 - Dry,10 - No control,,2,0,0,0,,0,,,,,377204.4648,5032150.348,45.42553946,-75.57474053,13598
15--8438,2015/07/07,4:52 PM,CAMPEAU DR/HWY 417 MARCH IC138R63 @ MARCH RD (0009710),9710,02 - Intersection related,03 - P.D. only,03 - Rear end,01 - Clear,01 - Daylight,01 - Dry,01 - Traffic signal,01 - Functioning,2,0,0,0,,0,,,,,352842.3456,5020476.106,45.32259085,-75.88717813,13599
15--8439,2015/07/07,4:54 PM,WEST HUNT CLUB RD @ WOODROFFE AVE (0000576),576,03 - At intersection,03 - P.D. only,03 - Rear end,01 - Clear,01 - Daylight,01 - Dry,01 - Traffic signal,01 - Functioning,3,0,0,0,,0,,,,,363672.1324,5021245.408,45.32868828,-75.74895415,13600
15--844,2015/01/14,10:05 PM,OGILVIE RD @ CITY PARK DR E/CSIS HQ ACCESS (0003696),3696,02 - Intersection related,03 - P.D. only,03 - Rear end,06 - Strong wind,07 - Dark,06 - Ice,01 - Traffic signal,01 - Functioning,2,0,0,0,,0,,,,,374189.6921,5033010.095,45.43358057,-75.61314054,13601
15--8440,2015/07/07,5:02 PM,REGIONAL ROAD 174 EB btwn HWY417 IC113 RAMP65 & OR174 BLAIR IC112 RAMP51 (__3ZAZFJ),__3ZAZFJ,01 - Non intersection,03 - P.D. only,03 - Rear end,01 - Clear,01 - Daylight,01 - Dry,10 - No control,,2,0,0,0,,0,,,,,374805.5421,5032824.007,45.43184487,-75.60529687,13602
15--8441,2015/07/07,5:16 PM,IRIS ST btwn GREENBANK RD & TO BE DETERMINED (__3ZAYFO),__3ZAYFO,04 - At/near private drive,03 - P.D. only,02 - Angle,01 - Clear,01 - Daylight,01 - Dry,10 - No control,,2,0,0,0,,0,,,,,360560.024,5023322.036,45.34762793,-75.78841889,13603
15--8442,2015/07/07,5:20 PM,LONGFIELDS DR @ PAUL METIVIER DR (0013783),13783,02 - Intersection related,02 - Non-fatal injury,03 - Rear end,01 - Clear,01 - Daylight,01 - Dry,02 - Stop sign,01 - Functioning,2,0,0,0,02 - Minor,1,,1,,,364841.334,5014200.437,45.26519892,-75.73489269,13604
15--8443,2015/07/07,5:22 PM,ELGIN ST @ SLATER ST (0002228),2228,03 - At intersection,02 - Non-fatal injury,02 - Angle,01 - Clear,01 - Daylight,01 - Dry,01 - Traffic signal,01 - Functioning,2,1,0,0,02 - Minor,1,,1,,,367889.2663,5031645.494,45.42189916,-75.69383174,13605
15--8444,2015/07/07,5:34 PM,EARL ARMSTRONG RD @ LIMEBANK RD (0004456),4456,02 - Intersection related,03 - P.D. only,03 - Rear end,01 - Clear,01 - Daylight,01 - Dry,01 - Traffic signal,01 - Functioning,2,0,0,0,,0,,,,,370155.0002,5015961.532,45.28057133,-75.66695567,13606
15--8445,2015/07/07,6:03 AM,BANK ST btwn MASON ST & MEADOW DR (__3ZA28O),__3ZA28O,01 - Non intersection,02 - Non-fatal injury,07 - SMV other,01 - Clear,01 - Daylight,01 - Dry,10 - No control,,1,0,0,0,01 - Minimal,1,1,,,,378130.2553,5014963.061,45.27080086,-75.5654598,13607
15--8446,2015/07/07,6:11 PM,CARLING AVE @ KIRKWOOD AVE N (0002358),2358,03 - At intersection,03 - P.D. only,05 - Turning movement,01 - Clear,01 - Daylight,01 - Dry,01 - Traffic signal,01 - Functioning,2,0,0,0,,0,,,,,364276.4129,5027492.453,45.38484743,-75.74049426,13608
15--8447,2015/07/07,6:33 PM,FISHER AVE @ TRENT ST (0006970),6970,02 - Intersection related,03 - P.D. only,04 - Sideswipe,01 - Clear,01 - Daylight,01 - Dry,01 - Traffic signal,00 - Unknown,2,0,0,0,,0,,,,,365783.6994,5026926.738,45.37962765,-75.72131806,13609
15--8448,2015/07/07,7:00 PM,TENTH LINE RD @ TENTH LINE RD (0009412),9412,02 - Intersection related,03 - P.D. only,03 - Rear end,01 - Clear,01 - Daylight,01 - Dry,01 - Traffic signal,01 - Functioning,2,0,0,0,,0,,,,,383532.1413,5037155.329,45.46988632,-75.49309002,13610
15--8449,2015/07/07,7:26 PM,LEES AVE @ KING EDWARD AVE/MANN AVE (0011413),11413,02 - Intersection related,03 - P.D. only,03 - Rear end,01 - Clear,01 - Daylight,01 - Dry,01 - Traffic signal,01 - Functioning,2,0,0,0,,0,,,,,369179.978,5031336.614,45.41900238,-75.6773808,13611
15--845,2015/01/14,10:19 AM,WOODROFFE AVE @ CRESTHAVEN DR/PAUL METIVIER (0010547),10547,03 - At intersection,03 - P.D. only,02 - Angle,01 - Clear,01 - Daylight,03 - Loose snow,01 - Traffic signal,01 - Functioning,2,0,0,0,,0,,,,,366328.079,5014852.922,45.27094147,-75.71586801,13612
15--8450,2015/07/07,7:52 AM,BRONSON AVE @ SOMERSET ST (0002218),2218,02 - Intersection related,02 - Non-fatal injury,03 - Rear end,01 - Clear,01 - Daylight,01 - Dry,01 - Traffic signal,01 - Functioning,3,0,0,0,02 - Minor,3,1,2,,,366966.1174,5030477.603,45.41147347,-75.70577412,13613
15--8451,2015/07/07,8:02 PM,WOODROFFE AVE @ HWY 417 WOODROFF IC127R26/HWY4 (0002355),2355,03 - At intersection,03 - P.D. only,07 - SMV other,02 - Rain,01 - Daylight,02 - Wet,01 - Traffic signal,01 - Functioning,1,0,0,0,,0,,,,,362083.4076,5024939.878,45.36206239,-75.76879235,13614
15--8452,2015/07/07,8:20 AM,ALTA VISTA DR @ RANDALL AVE (0008072),8072,02 - Intersection related,03 - P.D. only,03 - Rear end,01 - Clear,01 - Daylight,01 - Dry,01 - Traffic signal,00 - Unknown,2,0,0,0,,0,,,,,370409.082,5027365.911,45.3831613,-75.66220575,13615
15--8453,2015/07/07,8:24 AM,PLEASANT PARK RD @ ALTA VISTA DR (0008005),8005,03 - At intersection,02 - Non-fatal injury,05 - Turning movement,01 - Clear,01 - Daylight,01 - Dry,01 - Traffic signal,01 - Functioning,2,1,0,0,02 - Minor,1,,1,,,370365.7231,5028468.992,45.39309049,-75.66261281,13616
15--8454,2015/07/07,8:30 PM,HIGHWAY 416 btwn HWY416 IC66 RAMP53 & HWY416 IC57 RAMP34 (__3ZAZLC),__3ZAZLC,01 - Non intersection,03 - P.D. only,07 - SMV other,02 - Rain,05 - Dusk,02 - Wet,10 - No control,,1,0,0,0,,0,,,,,363761.885,5009905.043,45.22664001,-75.74915629,13617
15--8455,2015/07/07,8:58 AM,CEDARVIEW RD @ WEST HUNT CLUB RD (0010267),10267,02 - Intersection related,02 - Non-fatal injury,03 - Rear end,01 - Clear,01 - Daylight,01 - Dry,01 - Traffic signal,01 - Functioning,2,0,0,0,01 - Minimal,1,1,,,,359719.3981,5019553.397,45.31378393,-75.79956383,13618
15--8456,2015/07/07,9:00 AM,ALBION RD @ HUNT CLUB RD (0006974),6974,02 - Intersection related,03 - P.D. only,03 - Rear end,01 - Clear,01 - Daylight,01 - Dry,01 - Traffic signal,01 - Functioning,2,0,0,0,,0,,,,,371868.4544,5024320.157,45.35561851,-75.64398588,13619
15--8457,2015/07/07,9:46 PM,HUNT CLUB RD btwn RIVERSIDE DR & LINDBERGH PRIV (__4B3PLN),__4B3PLN,01 - Non intersection,03 - P.D. only,04 - Sideswipe,02 - Rain,07 - Dark,02 - Wet,10 - No control,,2,0,0,0,,0,,,,,368222.649,5022047.48,45.33550871,-75.69080496,13620
15--8458,2015/07/08,1:15 PM,GRENFELL CRES @ WOODROFFE AVE (0001103),1103,02 - Intersection related,03 - P.D. only,04 - Sideswipe,01 - Clear,01 - Daylight,01 - Dry,02 - Stop sign,01 - Functioning,2,0,0,0,,0,,,,,364534.4099,5019236.492,45.31053935,-75.73819712,13621
15--8459,2015/07/08,1:40 PM,CARLING AVE @ CHURCHILL AVE (0002149),2149,02 - Intersection related,03 - P.D. only,04 - Sideswipe,01 - Clear,01 - Daylight,01 - Dry,01 - Traffic signal,01 - Functioning,2,0,0,0,,0,,,,,363776.4163,5027012.457,45.38057078,-75.74693593,13622
15--846,2015/01/14,10:21 PM,HIGHWAY 417 btwn HWY417 IC118 RAMP67 & HWY417 IC117 RAMP36 (__3ZA2YO),__3ZA2YO,01 - Non intersection,03 - P.D. only,03 - Rear end,01 - Clear,07 - Dark,01 - Dry,10 - No control,,2,0,0,0,,0,,,,,370390.1471,5031141.204,45.41713176,-75.66194545,13623
15--8460,2015/07/08,1:55 AM,RIVER RD btwn LORNE BRIDGE RD & ROGER STEVENS DR (__3ZA2LX),__3ZA2LX,01 - Non intersection,02 - Non-fatal injury,07 - SMV other,02 - Rain,07 - Dark,02 - Wet,10 - No control,,1,0,0,0,02 - Minor,1,,1,,,373132.2286,5002675.058,45.16073871,-75.6308344,13624
15--8461,2015/07/08,10:25 PM,CARLING AVE @ BAYSHORE DR/BIRCHDALE AVE (0000021),21,02 - Intersection related,03 - P.D. only,03 - Rear end,01 - Clear,07 - Dark,01 - Dry,01 - Traffic signal,01 - Functioning,2,0,0,0,,0,,,,,359004.1503,5023990.252,45.35376251,-75.80819943,13625
15--8462,2015/07/08,11:00 AM,HAMPTON AVE btwn WELLINGTON ST W & END (__3ZA013),__3ZA013,01 - Non intersection,03 - P.D. only,06 - SMV unattended vehicle,01 - Clear,01 - Daylight,01 - Dry,10 - No control,,1,0,0,0,,0,,,,,364466.9921,5028966.286,45.3980925,-75.73788258,13626
15--8463,2015/07/08,11:08 AM,INNES RD @ TENTH LINE RD (0004633),4633,02 - Intersection related,02 - Non-fatal injury,03 - Rear end,01 - Clear,01 - Daylight,01 - Dry,01 - Traffic signal,01 - Functioning,2,0,0,0,01 - Minimal,1,1,,,,383951.7603,5036160.642,45.46088961,-75.4878845,13627
15--8464,2015/07/08,Unknown,IONA ST @ ISLAND PARK DR (0006683),6683,03 - At intersection,03 - P.D. only,02 - Angle,01 - Clear,00 - Unknown,01 - Dry,01 - Traffic signal,01 - Functioning,4,0,0,0,,0,,,,,364343.5539,5028385.071,45.39287334,-75.73952925,13628
15--8465,2015/07/08,12:25 PM,HIGHWAY 7 btwn HAZELDEAN IC RAMP 53 & HIGHWAY 7 (__7JQ7LK),__7JQ7LK,01 - Non intersection,03 - P.D. only,07 - SMV other,01 - Clear,01 - Daylight,01 - Dry,10 - No control,,1,0,0,0,,0,,,,,342355.7711,5008437.959,45.21490512,-76.02184854,13629
15--8466,2015/07/08,12:38 PM,HIGHWAY 417 btwn HWY417 IC122 RAMP61 & HWY417 IC121B RAMP16 (__3ZA2Y4),__3ZA2Y4,01 - Non intersection,02 - Non-fatal injury,99 - Other,01 - Clear,01 - Daylight,01 - Dry,10 - No control,,2,0,0,0,01 - Minimal,1,1,,,,365794.4599,5029198.623,45.40006862,-75.72089987,13630
15--8467,2015/07/08,12:50 PM,KENT ST btwn GLADSTONE AVE & MCLEOD ST (__3ZA3P4),__3ZA3P4,01 - Non intersection,03 - P.D. only,04 - Sideswipe,01 - Clear,01 - Daylight,01 - Dry,10 - No control,,2,0,0,0,,0,,,,,367756.9565,5030440.832,45.41107192,-75.69567616,13631
15--8468,2015/07/08,12:52 PM,CARLING AVE/STATION RD @ MARCH RD (0002681),2681,02 - Intersection related,03 - P.D. only,03 - Rear end,01 - Clear,01 - Daylight,01 - Dry,01 - Traffic signal,01 - Functioning,2,0,0,0,,0,,,,,350907.6168,5022246.868,45.33865431,-75.91169101,13632
15--8469,2015/07/08,3:05 PM,CARLING AVE @ CONNAUGHT AVE (0002143),2143,02 - Intersection related,03 - P.D. only,03 - Rear end,01 - Clear,01 - Daylight,01 - Dry,01 - Traffic signal,01 - Functioning,2,0,0,0,,0,,,,,360771.3969,5025117.875,45.36376998,-75.78551834,13633
15--847,2015/01/14,10:28 AM,MACLAREN ST @ PERCY ST (0005100),5100,03 - At intersection,03 - P.D. only,02 - Angle,01 - Clear,01 - Daylight,05 - Packed snow,02 - Stop sign,01 - Functioning,2,0,0,0,,0,,,,,367158.7024,5030494.082,45.41160461,-75.70331183,13634
15--8470,2015/07/08,3:12 PM,EARL MULLIGAN DR @ WOODROFFE AVE (0000591),591,02 - Intersection related,03 - P.D. only,04 - Sideswipe,01 - Clear,01 - Daylight,01 - Dry,01 - Traffic signal,01 - Functioning,2,0,0,0,,0,,,,,365250.7012,5017506.82,45.29491459,-75.72927388,13635
15--8471,2015/07/08,3:15 PM,CUMBERLAND ST @ GEORGE ST (0008508),8508,02 - Intersection related,03 - P.D. only,06 - SMV unattended vehicle,01 - Clear,01 - Daylight,01 - Dry,01 - Traffic signal,00 - Unknown,1,0,0,0,,0,,,,,368327.149,5032416.229,45.42879434,-75.68813754,13636
15--8472,2015/07/08,3:24 PM,MERIVALE RD @ WEST HUNT CLUB RD (0000584),584,02 - Intersection related,03 - P.D. only,03 - Rear end,01 - Clear,01 - Daylight,01 - Dry,01 - Traffic signal,01 - Functioning,2,0,0,0,,0,,,,,365612.6952,5021942.138,45.33479191,-75.72411457,13637
15--8473,2015/07/08,3:40 PM,MONTREAL RD btwn MONTGOMERY ST & PALACE ST (__3ZA3KD),__3ZA3KD,04 - At/near private drive,02 - Non-fatal injury,05 - Turning movement,01 - Clear,01 - Daylight,01 - Dry,10 - No control,,2,0,0,0,02 - Minor,1,,1,,,369884.0706,5032959.002,45.43353484,-75.66817078,13638
15--8474,2015/07/08,3:43 PM,MOODIE DR @ RICHMOND RD N (0001487),1487,03 - At intersection,03 - P.D. only,02 - Angle,01 - Clear,01 - Daylight,01 - Dry,02 - Stop sign,01 - Functioning,2,0,0,0,,0,,,,,357395.0909,5019689.11,45.31518303,-75.82919131,13639
15--8475,2015/07/08,3:46 PM,INNES RD btwn HWY417 IC112 RAMP57 & HWY417 IC112 RAMP65 (__3ZAZE9),__3ZAZE9,01 - Non intersection,02 - Non-fatal injury,03 - Rear end,01 - Clear,01 - Daylight,01 - Dry,10 - No control,,4,0,0,0,01 - Minimal,1,1,,,,374345.1709,5030780.462,45.41350406,-75.6114684,13640
15--8476,2015/07/08,3:57 PM,GLADSTONE AVE @ LEBRETON ST (0005746),5746,03 - At intersection,03 - P.D. only,02 - Angle,01 - Clear,01 - Daylight,01 - Dry,02 - Stop sign,01 - Functioning,2,0,0,0,,0,,,,,366854.259,5029921.488,45.40647963,-75.70727307,13641
15--8477,2015/07/08,4:00 PM,MONTREAL RD @ SHEFFORD RD (0012423),12423,02 - Intersection related,03 - P.D. only,03 - Rear end,01 - Clear,01 - Daylight,01 - Dry,01 - Traffic signal,01 - Functioning,2,0,0,0,,0,,,,,376125.7305,5034852.494,45.44996255,-75.58813241,13642
15--8478,2015/07/08,4:10 AM,STEVENAGE DR btwn SWANSEA CRES & SWANSEA CRES (__3ZA1DT),__3ZA1DT,04 - At/near private drive,03 - P.D. only,05 - Turning movement,01 - Clear,07 - Dark,01 - Dry,10 - No control,,2,0,0,0,,0,,,,,374683.4533,5027102.47,45.38037761,-75.60766797,13643
15--8479,2015/07/08,4:11 PM,PARKDALE AVE @ WELLINGTON ST (0002260),2260,02 - Intersection related,03 - P.D. only,04 - Sideswipe,01 - Clear,01 - Daylight,01 - Dry,01 - Traffic signal,01 - Functioning,2,0,0,0,,0,,,,,365150.4213,5029269.475,45.40076195,-75.72911694,13644
15--848,2015/01/14,10:35 AM,RUSSELL RD btwn RUSSELL RD & WALKLEY RD (__3ZBPKX),__3ZBPKX,01 - Non intersection,03 - P.D. only,04 - Sideswipe,01 - Clear,01 - Daylight,01 - Dry,10 - No control,,2,0,0,0,,0,,,,,374683.4186,5028488.457,45.39284806,-75.60747217,13645
15--8480,2015/07/08,4:13 PM,GREENBANK RD @ 207 S OF BELLMAN DR/GREENBANK S (0004604),4604,03 - At intersection,02 - Non-fatal injury,05 - Turning movement,01 - Clear,01 - Daylight,01 - Dry,01 - Traffic signal,01 - Functioning,2,0,0,0,02 - Minor,2,,2,,,361338.4003,5020827.119,45.3251164,-75.77877148,13646
15--8481,2015/07/08,4:31 PM,ST. LAURENT BLVD btwn CONNERY AVE & NERTA ST (__3ZA75S),__3ZA75S,01 - Non intersection,02 - Non-fatal injury,05 - Turning movement,01 - Clear,01 - Daylight,01 - Dry,10 - No control,,2,0,0,0,01 - Minimal,2,2,,,,373654.6648,5028658.253,45.39447772,-75.62058581,13647
15--8482,2015/07/08,4:45 PM,REGIONAL ROAD 174 btwn OR174 IC109 RAMP54 & OR174 IC109 RAMP55 (__3ZA28X),__3ZA28X,01 - Non intersection,03 - P.D. only,03 - Rear end,01 - Clear,01 - Daylight,01 - Dry,10 - No control,,2,0,0,0,,0,,,,,376428.4332,5034889.971,45.45026879,-75.58425753,13648
15--8483,2015/07/08,4:45 PM,DES EPINETTES AVE btwn PRESTWICK DR & DUVAL LANE (__3ZA6SQ),__3ZA6SQ,04 - At/near private drive,03 - P.D. only,05 - Turning movement,01 - Clear,01 - Daylight,01 - Dry,10 - No control,,2,0,0,0,,0,,,,,383400.1347,5036730.631,45.46608014,-75.49484592,13649
15--8484,2015/07/08,5:20 PM,HIGHWAY 417 btwn HWY417 IC124 RAMP76 & HWY417 IC124 RAMP67 (__3ZA2R7),__3ZA2R7,01 - Non intersection,03 - P.D. only,03 - Rear end,01 - Clear,01 - Daylight,01 - Dry,10 - No control,,2,0,0,0,,0,,,,,364350.8813,5027432.753,45.38430394,-75.73955059,13650
15--8485,2015/07/08,5:23 PM,WEST HUNT CLUB RD WB btwn MERIVALE RD & ROYDON PL (__3ZA3JR),__3ZA3JR,01 - Non intersection,02 - Non-fatal injury,04 - Sideswipe,01 - Clear,01 - Daylight,01 - Dry,10 - No control,,2,0,0,0,01 - Minimal,1,1,,,,365718.5725,5022011.292,45.33540496,-75.72275534,13651
15--8486,2015/07/08,5:27 PM,KING EDWARD AVE @ GEORGE ST (0008239),8239,02 - Intersection related,02 - Non-fatal injury,03 - Rear end,01 - Clear,01 - Daylight,01 - Dry,02 - Stop sign,00 - Unknown,3,0,0,0,02 - Minor,3,1,2,,,368463.4329,5032481.235,45.42936684,-75.68638763,13652
15--8487,2015/07/08,5:31 PM,MURRAY ST btwn DALHOUSIE ST & CUMBERLAND ST (__3ZA3WO),__3ZA3WO,01 - Non intersection,02 - Non-fatal injury,03 - Rear end,01 - Clear,01 - Daylight,01 - Dry,10 - No control,,2,1,0,0,02 - Minor,2,1,1,,,368086.2765,5032628.02,45.43072179,-75.69118831,13653
15--8488,2015/07/08,5:41 PM,QUEEN ELIZABETH DRWY @ WAVERLEY ST (0007134),7134,03 - At intersection,03 - P.D. only,05 - Turning movement,01 - Clear,01 - Daylight,01 - Dry,02 - Stop sign,00 - Unknown,2,0,0,0,,0,,,,,368869.797,5031273.661,45.41846443,-75.68135194,13654
15--8771,2015/07/16,12:51 PM,CARLING AVE/STATION RD @ MARCH RD (0002681),2681,02 - Intersection related,03 - P.D. only,03 - Rear end,01 - Clear,01 - Daylight,01 - Dry,01 - Traffic signal,01 - Functioning,3,0,0,0,,0,,,,,350907.6168,5022245.427,45.33864134,-75.91169114,13655
15--8499,2015/07/08,8:13 PM,CHARLEMAGNE BLVD btwn MARINOFF WAY & WATTERS RD (__3ZA5SG),__3ZA5SG,01 - Non intersection,03 - P.D. only,03 - Rear end,01 - Clear,01 - Daylight,01 - Dry,10 - No control,,2,0,0,0,,0,,,,,384330.4861,5038160.538,45.47883979,-75.48271883,13656
15--85,2015/01/03,4:10 PM,MONTREAL RD btwn GATESTONE PRIV & SINCLAIR ST (__3ZA2D9),__3ZA2D9,04 - At/near private drive,03 - P.D. only,02 - Angle,04 - Freezing Rain,05 - Dusk,03 - Loose snow,10 - No control,,2,0,0,0,,0,,,,,375949.0292,5034746.177,45.44902399,-75.59040654,13657
15--850,2015/01/14,11:45 AM,PERTH ST btwn OAK LEAF PRIV & MCBEAN ST (__3ZA422),__3ZA422,01 - Non intersection,02 - Non-fatal injury,07 - SMV other,01 - Clear,01 - Daylight,06 - Ice,10 - No control,,1,0,0,0,01 - Minimal,1,1,,,,356710.7784,5006223.983,45.19407174,-75.83932504,13658
15--8136,2015/06/29,2:30 PM,REGIONAL RD 174 @ TRIM RD (0012835),12835,02 - Intersection related,03 - P.D. only,03 - Rear end,01 - Clear,01 - Daylight,01 - Dry,01 - Traffic signal,01 - Functioning,2,0,0,0,,0,,,,,384352.574,5039990.701,45.49530332,-75.48213981,13659
15--8772,2015/07/16,2:45 PM,CARLING AVE @ HOLLAND AVE (0002146),2146,02 - Intersection related,03 - P.D. only,03 - Rear end,01 - Clear,01 - Daylight,01 - Dry,01 - Traffic signal,01 - Functioning,2,0,0,0,,0,,,,,365417.1799,5028037.055,45.38964986,-75.72586125,13660
15--8500,2015/07/08,8:20 AM,BLAIR RD @ INNES RD (0004165),4165,02 - Intersection related,03 - P.D. only,03 - Rear end,01 - Clear,01 - Daylight,01 - Dry,01 - Traffic signal,01 - Functioning,2,0,0,0,,0,,,,,375579.4556,5031437.753,45.41929425,-75.59560633,13661
15--8501,2015/07/08,8:25 PM,BLAIR RD @ REGIONAL RD 174 N/OR174 IC112 RAMP61 (0003617),3617,02 - Intersection related,02 - Non-fatal injury,03 - Rear end,01 - Clear,01 - Daylight,01 - Dry,01 - Traffic signal,01 - Functioning,2,0,0,0,02 - Minor,2,,2,,,374634.8018,5032991.505,45.433369,-75.60745498,13662
15--8687,2015/07/14,12:20 PM,HIGHWAY 417 btwn HWY417 IC113 RAMP85 & HWY417 IC112 RAMP54 (__3ZA287),__3ZA287,01 - Non intersection,03 - P.D. only,04 - Sideswipe,01 - Clear,01 - Daylight,01 - Dry,10 - No control,,2,0,0,0,,0,,,,,374035.3132,5031604.57,45.42094969,-75.61531098,13663
15--8773,2015/07/16,3:35 AM,HWY417 IC130 RAMP26 btwn RICHMOND RD & HIGHWAY 417 (__3ZAYAG),__3ZAYAG,01 - Non intersection,03 - P.D. only,07 - SMV other,01 - Clear,07 - Dark,01 - Dry,10 - No control,,1,0,0,0,,0,,,,,359355.3245,5023111.368,45.34582707,-75.80381473,13664
15--8137,2015/06/29,2:49 PM,STIRLING AVE btwn LADOUCEUR ST & ARMSTRONG ST (__3ZAAHS),__3ZAAHS,04 - At/near private drive,03 - P.D. only,06 - SMV unattended vehicle,01 - Clear,01 - Daylight,01 - Dry,10 - No control,,1,0,0,0,,0,,,,,365322.097,5029636.363,45.4040483,-75.72687922,13665
15--8502,2015/07/08,8:30 AM,INNES RD @ 215 W OF CYRVILLE RD/HOME DEPOT W (0012457),12457,02 - Intersection related,03 - P.D. only,04 - Sideswipe,01 - Clear,01 - Daylight,01 - Dry,01 - Traffic signal,00 - Unknown,2,0,0,0,,0,,,,,374865.1469,5031001.414,45.4154402,-75.60479442,13666
15--8688,2015/07/14,2:01 PM,CENTER ST @ MONTREAL RD (0002691),2691,02 - Intersection related,03 - P.D. only,03 - Rear end,01 - Clear,01 - Daylight,01 - Dry,02 - Stop sign,01 - Functioning,2,0,0,0,,0,,,,,371821.7081,5033951.227,45.44227939,-75.64327379,13667
15--8774,2015/07/16,4:18 PM,CARLING AVE EB btwn HWY417 IC124 RAMP57 & KIRKWOOD AVE (__3ZA30Y),__3ZA30Y,01 - Non intersection,03 - P.D. only,04 - Sideswipe,01 - Clear,01 - Daylight,01 - Dry,10 - No control,,2,0,0,0,,0,,,,,364279.6355,5027242.433,45.38259752,-75.74048323,13668
15--8689,2015/07/14,2:52 PM,BRONSON AVE btwn RENFREW AVE & POWELL AVE (__3ZA3BZ),__3ZA3BZ,04 - At/near private drive,03 - P.D. only,02 - Angle,01 - Clear,01 - Daylight,01 - Dry,10 - No control,,2,0,0,0,,0,,,,,367371.8906,5029514.186,45.40276876,-75.70071279,13669