Anom_ID,Accident_Date,Accident_Time,Location,Geo_ID,Accident_Location,Classification_of_Accident,Initial_Impact_Type,Environment_Condition,Light,Road_Surface_Condition,Traffic_Control,Traffic_Control_Condition,No__of_Vehicles,No__of_Bicycles,No__of_Motorcycles,No__of_Pedestrians,Max_Injury,No__of_Injuries,No__of_Minimal,No__of_Minor,No__of_Major,No__of_Fatal,X,Y,Latitude,Longitude,ObjectId
15--8138,2015/06/29,3:02 PM,LAURIER AVE   E btwn RUSSELL AVE & CHAPEL ST (__3ZA3V3),__3ZA3V3,01 - Non intersection,02 - Non-fatal injury,07 - SMV other,01 - Clear,01 - Daylight,01 - Dry,10 - No control,,1,0,0,1,02 - Minor,1,,1,,,369102.8533,5032257.017,45.42729092,-75.67824602,13670
15--8503,2015/07/08,8:48 PM,EAGLESON RD @ FALLOWFIELD RD (0000118),118,02 - Intersection related,03 - P.D. only,99 - Other,01 - Clear,05 - Dusk,01 - Dry,01 - Traffic signal,01 - Functioning,2,0,0,0,,0,,,,,355961.6341,5012594.045,45.25144617,-75.8482042,13671
15--8775,2015/07/16,4:28 PM,CONROY RD @ HUNT CLUB RD (0002257),2257,02 - Intersection related,03 - P.D. only,03 - Rear end,01 - Clear,01 - Daylight,01 - Dry,01 - Traffic signal,01 - Functioning,2,0,0,0,,0,,,,,373763.0193,5025404.162,45.36518817,-75.61965658,13672
15--869,2015/01/14,4:07 PM,SOMERSET ST @ PERCY ST (0006762),6762,02 - Intersection related,03 - P.D. only,02 - Angle,01 - Clear,01 - Daylight,02 - Wet,01 - Traffic signal,01 - Functioning,2,0,0,0,,0,,,,,367114.69,5030569.838,45.41229016,-75.7038645,13673
15--8139,2015/06/29,3:17 PM,ROCKCLIFFE PKWY btwn ACACIA AVE & HILLSDALE RD (__3ZA21Z),__3ZA21Z,01 - Non intersection,02 - Non-fatal injury,07 - SMV other,01 - Clear,01 - Daylight,01 - Dry,10 - No control,,1,0,0,0,02 - Minor,1,,1,,,369186.2358,5035501.967,45.45648,-75.67675601,13674
15--8504,2015/07/08,9:16 AM,CAMBRIDGE ST @ CARLING AVE (0007138),7138,02 - Intersection related,03 - P.D. only,03 - Rear end,01 - Clear,01 - Daylight,01 - Dry,02 - Stop sign,01 - Functioning,2,0,0,0,,0,,,,,367354.4299,5029273.475,45.40060448,-75.70096634,13675
15--8776,2015/07/16,4:30 PM,CUMBERLAND ST @ MURRAY ST (0008237),8237,02 - Intersection related,03 - P.D. only,04 - Sideswipe,01 - Clear,01 - Daylight,01 - Dry,01 - Traffic signal,01 - Functioning,2,0,0,0,,0,,,,,368170.6969,5032678.504,45.43116839,-75.69010301,13676
15--8690,2015/07/14,3:01 PM,KING EDWARD AVE btwn RIDEAU ST & BESSERER ST (__3ZA3VA),__3ZA3VA,04 - At/near private drive,03 - P.D. only,02 - Angle,01 - Clear,01 - Daylight,01 - Dry,10 - No control,,2,0,0,0,,0,,,,,368521.7973,5032398.094,45.42861346,-75.68565258,13677
15--8691,2015/07/14,3:10 PM,MAJESTIC DR btwn PRITCHARD DR & CHERYL RD (__3ZA53Q),__3ZA53Q,01 - Non intersection,03 - P.D. only,99 - Other,01 - Clear,01 - Daylight,01 - Dry,10 - No control,,2,0,0,0,,0,,,,,363439.0361,5021551.689,45.33146369,-75.75189128,13678
15--8692,2015/07/14,3:15 PM,BARRETTE ST btwn ST. CHARLES ST & MARIER AVE (__3ZA8YI),__3ZA8YI,01 - Non intersection,03 - P.D. only,06 - SMV unattended vehicle,01 - Clear,01 - Daylight,01 - Dry,10 - No control,,1,0,0,0,,0,,,,,369492.7256,5033752.015,45.44070636,-75.67306775,13679
15--8693,2015/07/14,3:25 PM,INDUSTRIAL AVE @ RIVERSIDE DR (0011905),11905,02 - Intersection related,03 - P.D. only,03 - Rear end,01 - Clear,01 - Daylight,01 - Dry,01 - Traffic signal,01 - Functioning,2,0,0,0,,0,,,,,370683.9979,5030592.193,45.41216437,-75.65826468,13680
15--8694,2015/07/14,3:35 PM,DALHOUSIE ST @ RIDEAU ST (0007646),7646,03 - At intersection,03 - P.D. only,02 - Angle,01 - Clear,01 - Daylight,01 - Dry,01 - Traffic signal,01 - Functioning,2,0,0,0,,0,,,,,368205.9884,5032228.032,45.427112,-75.68971002,13681
15--8695,2015/07/14,4:33 PM,FISHER AVE btwn MCCOOEY LANE & BASELINE RD (__3ZA4JS),__3ZA4JS,01 - Non intersection,03 - P.D. only,03 - Rear end,01 - Clear,01 - Daylight,01 - Dry,10 - No control,,3,0,0,0,,0,,,,,366011.7387,5026395.82,45.37483067,-75.71847238,13682
15--8696,2015/07/14,5:00 PM,BASELINE RD btwn 207 E OF CLYDE AVE & LOBLAWS SC (__3ZA4ISB),__3ZA4ISB,01 - Non intersection,03 - P.D. only,03 - Rear end,01 - Clear,01 - Daylight,01 - Dry,10 - No control,,2,0,0,0,,0,,,,,364640.4553,5025064.889,45.36297361,-75.73614003,13683
15--8697,2015/07/14,5:13 PM,ALPINE AVE @ CARLING AVE (0011382),11382,02 - Intersection related,02 - Non-fatal injury,03 - Rear end,01 - Clear,01 - Daylight,01 - Dry,01 - Traffic signal,00 - Unknown,4,0,0,0,01 - Minimal,3,3,,,,360498.1184,5024940.717,45.36219769,-75.78902647,13684
15--8698,2015/07/14,5:19 PM,BRECHIN CRES btwn EALING ST & PENRITH ST (__4OEJLS),__4OEJLS,01 - Non intersection,03 - P.D. only,07 - SMV other,01 - Clear,01 - Daylight,01 - Dry,10 - No control,,1,0,0,0,,0,,,,,348727.2203,5023662.76,45.35153477,-75.93938461,13685
15--8699,2015/07/14,5:30 PM,GLADSTONE AVE @ LYON ST (0002705),2705,02 - Intersection related,03 - P.D. only,04 - Sideswipe,01 - Clear,01 - Daylight,01 - Dry,01 - Traffic signal,01 - Functioning,2,0,0,0,,0,,,,,367583.7135,5030361.931,45.41037755,-75.6978993,13686
15--87,2015/01/03,4:20 PM,HIGHWAY 416 btwn HWY416 IC66 RAMP34 & HWY416 IC66 RAMP63 (__3ZAZM2),__3ZAZM2,01 - Non intersection,03 - P.D. only,07 - SMV other,04 - Freezing Rain,05 - Dusk,05 - Packed snow,10 - No control,,1,0,0,0,,0,,,,,359876.8898,5015034.973,45.27311443,-75.79805711,13687
15--870,2015/01/14,4:09 PM,REVELSTOKE DR @ RIVERSIDE DR (0006918),6918,02 - Intersection related,02 - Non-fatal injury,03 - Rear end,01 - Clear,01 - Daylight,01 - Dry,01 - Traffic signal,01 - Functioning,2,0,0,0,01 - Minimal,1,1,,,,368216.7484,5024424,45.35689264,-75.69057553,13688
15--8700,2015/07/14,5:36 PM,NORWOOD AVE btwn ROGER RD & HEATH ST (__3ZA9KD),__3ZA9KD,04 - At/near private drive,03 - P.D. only,06 - SMV unattended vehicle,01 - Clear,01 - Daylight,01 - Dry,10 - No control,,1,0,0,0,,0,,,,,370095.2154,5028892.293,45.39692448,-75.66601127,13689
15--8701,2015/07/14,5:43 PM,OTHELLO AVE btwn HAMLET RD & WINGATE DR (__3ZA77G),__3ZA77G,04 - At/near private drive,03 - P.D. only,02 - Angle,01 - Clear,01 - Daylight,01 - Dry,10 - No control,,2,0,0,0,,0,,,,,373265.6629,5029249.037,45.39983147,-75.62547157,13690
15--8702,2015/07/14,6:45 AM,HIGHWAY 417 btwn HWY417 IC96 RAMP61 & HWY417 IC88 RAMP16 (__3ZA27Z),__3ZA27Z,01 - Non intersection,03 - P.D. only,03 - Rear end,01 - Clear,01 - Daylight,01 - Dry,10 - No control,,5,0,0,0,,0,,,,,392450.7565,5022909.438,45.34065567,-75.38158242,13691
15--8703,2015/07/14,6:54 PM,OLMSTEAD ST btwn MONTREAL RD & LEVIS AVE (__3ZA8RF),__3ZA8RF,01 - Non intersection,02 - Non-fatal injury,99 - Other,01 - Clear,01 - Daylight,01 - Dry,10 - No control,,2,0,0,0,01 - Minimal,1,1,,,,370343.8667,5033186.97,45.43554305,-75.66226448,13692
15--8704,2015/07/14,6:58 PM,INNES RD @ PAGE RD (0012476),12476,02 - Intersection related,03 - P.D. only,03 - Rear end,01 - Clear,01 - Daylight,01 - Dry,01 - Traffic signal,01 - Functioning,3,0,0,0,,0,,,,,380888.4697,5034539.473,45.44664396,-75.52729988,13693
15--8705,2015/07/14,7:17 AM,BASELINE RD @ GREENBANK RD (0002357),2357,02 - Intersection related,03 - P.D. only,03 - Rear end,01 - Clear,01 - Daylight,01 - Dry,01 - Traffic signal,01 - Functioning,3,0,0,0,,0,,,,,360597.6843,5022584.14,45.34098535,-75.78802156,13694
15--8706,2015/07/14,7:34 AM,MACDONALD-CARTIER BR RAMP NB-3 btwn MACDONALD-CARTIER BR RAMP NB-1/NB- (__7TTQA0),__7TTQA0,01 - Non intersection,03 - P.D. only,04 - Sideswipe,01 - Clear,01 - Daylight,01 - Dry,10 - No control,,2,0,0,0,,0,,,,,367915.7824,5033297.2,45.43675825,-75.69328125,13695
15--8707,2015/07/14,7:36 PM,HOG'S BACK RD btwn COLONEL BY DR & RIVERSIDE DR (__3ZA22W),__3ZA22W,01 - Non intersection,03 - P.D. only,99 - Other,01 - Clear,01 - Daylight,01 - Dry,10 - No control,,2,0,0,0,,0,,,,,368064.5638,5026209.392,45.37297091,-75.69228917,13696
15--8708,2015/07/14,8:02 AM,BLAIR RD btwn LAURA PRIV & BEAVERPOND DR (__3ZBN93),__3ZBN93,01 - Non intersection,02 - Non-fatal injury,03 - Rear end,01 - Clear,01 - Daylight,01 - Dry,10 - No control,,3,0,0,0,02 - Minor,1,,1,,,375398.2885,5031885.018,45.42333679,-75.59785684,13697
15--8709,2015/07/14,8:10 AM,INNES RD @ ORLEANS BLVD (0003611),3611,02 - Intersection related,02 - Non-fatal injury,03 - Rear end,01 - Clear,01 - Daylight,01 - Dry,01 - Traffic signal,01 - Functioning,2,0,0,0,01 - Minimal,1,1,,,,380462.2365,5034296.043,45.44450003,-75.53278541,13698
15--871,2015/01/14,4:14 PM,CAMPEAU DR/HWY 417 MARCH IC138R63 @ MARCH RD (0009710),9710,03 - At intersection,03 - P.D. only,03 - Rear end,01 - Clear,01 - Daylight,06 - Ice,01 - Traffic signal,01 - Functioning,5,0,0,0,,0,,,,,352840.845,5020476.285,45.32259256,-75.88719726,13699
15--8710,2015/07/14,8:10 AM,HIGHWAY 417 btwn HWY417 IC96 RAMP61 & HWY417 IC88 RAMP16 (__3ZA27Z),__3ZA27Z,01 - Non intersection,03 - P.D. only,03 - Rear end,01 - Clear,01 - Daylight,01 - Dry,10 - No control,,2,0,0,0,,0,,,,,392415.1964,5022899.278,45.3405687,-75.38203787,13700
15--8711,2015/07/14,8:20 AM,MONTREAL RD @ DEN HAAG DR/LANG'S RD (0010798),10798,02 - Intersection related,03 - P.D. only,04 - Sideswipe,01 - Clear,01 - Daylight,01 - Dry,01 - Traffic signal,01 - Functioning,2,0,0,0,,0,,,,,372385.6369,5034221.494,45.44465682,-75.63602889,13701
15--8712,2015/07/14,8:47 PM,RIVERSIDE DR NB btwn BANK ST & RIVERSIDE DR NB RAMP FROM EB TO WB (__3ZBOEF),__3ZBOEF,01 - Non intersection,03 - P.D. only,04 - Sideswipe,01 - Clear,05 - Dusk,01 - Dry,10 - No control,,2,0,0,0,,0,,,,,369336.4288,5027932.391,45.38835794,-75.67582747,13702
15--8713,2015/07/14,9:00 AM,REGIONAL ROAD 174 EB btwn HWY417 IC113 RAMP65 & OR174 BLAIR IC112 RAMP51 (__3ZAZFJ),__3ZAZFJ,01 - Non intersection,03 - P.D. only,03 - Rear end,01 - Clear,01 - Daylight,01 - Dry,10 - No control,,2,0,0,0,,0,,,,,374689.5766,5032737.811,45.43108092,-75.60679101,13703
15--8714,2015/07/14,9:09 AM,CAMPEAU DR @ HUNTMAR DR (0011612),11612,03 - At intersection,03 - P.D. only,02 - Angle,01 - Clear,01 - Daylight,01 - Dry,11 - Roundabout,01 - Functioning,2,0,0,0,,0,,,,,349053.6082,5018056.464,45.30106727,-75.93572042,13704
15--8715,2015/07/14,9:11 AM,FRANK BENDER ST @ JEANNE D'ARC BLVD (0003635),3635,02 - Intersection related,03 - P.D. only,04 - Sideswipe,01 - Clear,01 - Daylight,01 - Dry,01 - Traffic signal,01 - Functioning,2,0,0,0,,0,,,,,381871.4714,5035883.935,45.45863262,-75.51452457,13705
15--8716,2015/07/14,9:13 AM,LANCASTER RD @ WALKLEY RD (0003130),3130,02 - Intersection related,02 - Non-fatal injury,03 - Rear end,01 - Clear,01 - Daylight,01 - Dry,01 - Traffic signal,01 - Functioning,2,0,0,0,01 - Minimal,1,1,,,,374908.7405,5028603.622,45.39386174,-75.60457842,13706
15--8717,2015/07/14,9:43 PM,QUEEN ST @ LYON ST (0002159),2159,03 - At intersection,03 - P.D. only,04 - Sideswipe,01 - Clear,07 - Dark,01 - Dry,01 - Traffic signal,01 - Functioning,2,0,0,0,,0,,,,,367020.1451,5031287.22,45.41875336,-75.70498172,13707
15--8718,2015/07/14,9:45 AM,ELM CRES S @ STITTSVILLE MAIN ST (0000071),71,02 - Intersection related,03 - P.D. only,03 - Rear end,01 - Clear,01 - Daylight,01 - Dry,02 - Stop sign,01 - Functioning,2,0,0,0,,0,,,,,350868.8713,5012632.049,45.25213997,-75.91307853,13708
15--8719,2015/07/14,9:45 PM,FISHER AVE btwn ARNOT RD & DEER PARK RD (__3ZA4IF),__3ZA4IF,01 - Non intersection,03 - P.D. only,03 - Rear end,02 - Rain,07 - Dark,02 - Wet,10 - No control,,2,0,0,0,,0,,,,,366361.9941,5025565.764,45.36733132,-75.71410433,13709
15--872,2015/01/14,4:43 PM,BLAIR RD btwn MEADOWBROOK RD & LAURA PRIV (__5J9N74),__5J9N74,01 - Non intersection,02 - Non-fatal injury,01 - Approaching,01 - Clear,05 - Dusk,06 - Ice,10 - No control,,2,0,0,0,02 - Minor,1,,1,,,375247.3471,5032235.533,45.42650575,-75.59973528,13710
15--8720,2015/07/14,9:53 AM,HAUGHTON AVE btwn RITCHIE ST & CROFT ST (__3ZABWN),__3ZABWN,01 - Non intersection,03 - P.D. only,07 - SMV other,01 - Clear,01 - Daylight,01 - Dry,10 - No control,,1,0,0,0,,0,,,,,359439.1361,5024742.949,45.36050152,-75.80256498,13711
15--8721,2015/07/15,10:29 AM,CONROY RD @ QUEENSDALE AVE (0009365),9365,03 - At intersection,03 - P.D. only,03 - Rear end,01 - Clear,01 - Daylight,01 - Dry,02 - Stop sign,00 - Unknown,2,0,0,0,,0,,,,,374352.4605,5024041.709,45.35287116,-75.61232472,13712
15--8722,2015/07/15,11:04 AM,NORICE ST @ WOODROFFE AVE (0001542),1542,03 - At intersection,03 - P.D. only,05 - Turning movement,01 - Clear,01 - Daylight,01 - Dry,01 - Traffic signal,01 - Functioning,2,0,0,0,,0,,,,,363193.2426,5022397.132,45.33909143,-75.75492706,13713
15--8723,2015/07/15,11:35 PM,MAGLADRY RD btwn HEUVELMANS RD & DUNNING RD (__3ZBO68),__3ZBO68,01 - Non intersection,02 - Non-fatal injury,07 - SMV other,01 - Clear,07 - Dark,01 - Dry,10 - No control,,1,0,0,0,02 - Minor,4,,4,,,393893.4678,5030509.704,45.40885245,-75.3618061,13714
15--8724,2015/07/15,11:54 AM,BRONSON AVE @ KIPPEWA DR (0007226),7226,03 - At intersection,03 - P.D. only,05 - Turning movement,01 - Clear,01 - Daylight,01 - Dry,02 - Stop sign,00 - Unknown,2,0,0,0,,0,,,,,367558.1582,5029075.917,45.39880867,-75.69838943,13715
15--8725,2015/07/15,Unknown,BANK ST btwn SUNNYSIDE AVE & HOPEWELL AVE (__3ZA3N4),__3ZA3N4,01 - Non intersection,03 - P.D. only,06 - SMV unattended vehicle,01 - Clear,00 - Unknown,01 - Dry,10 - No control,,1,0,0,0,,0,,,,,368750.8696,5028544.026,45.39391496,-75.68322541,13716
15--8726,2015/07/15,12:15 PM,BLAIR RD @ REGIONAL RD 174 N/OR174 IC112 RAMP61 (0003617),3617,03 - At intersection,03 - P.D. only,05 - Turning movement,01 - Clear,01 - Daylight,01 - Dry,01 - Traffic signal,01 - Functioning,2,0,0,0,,0,,,,,374634.0811,5032992.225,45.43337555,-75.60746409,13717
15--8727,2015/07/15,12:27 AM,HUNTMAR DR btwn OLD CARP RD & BRADLEY SIDE RD (__3ZACWD),__3ZACWD,01 - Non intersection,03 - P.D. only,07 - SMV other,01 - Clear,07 - Dark,01 - Dry,10 - No control,,1,0,0,0,,0,,,,,346633.8249,5020769.242,45.32562603,-75.96634474,13718
15--8728,2015/07/15,12:36 AM,WELLINGTON ST    W btwn SMIRLE AVE & JULIAN AVE (__3ZA4PE),__3ZA4PE,01 - Non intersection,03 - P.D. only,07 - SMV other,01 - Clear,07 - Dark,01 - Dry,10 - No control,,1,0,0,0,,0,,,,,364682.6789,5029069.661,45.39900423,-75.73511534,13719
15--8729,2015/07/15,2:08 PM,PINECREST RD @ RICHMOND RD (0002353),2353,03 - At intersection,03 - P.D. only,04 - Sideswipe,01 - Clear,01 - Daylight,01 - Dry,01 - Traffic signal,01 - Functioning,2,0,0,0,,0,,,,,360073.3912,5024471.152,45.35800617,-75.79450011,13720
15--873,2015/01/14,5:05 PM,HIGHWAY 417 btwn HWY417 IC118 RAMP57 & HWY417 IC118 RAMP35 (__3ZA2YQ),__3ZA2YQ,01 - Non intersection,03 - P.D. only,03 - Rear end,01 - Clear,05 - Dusk,01 - Dry,10 - No control,,2,0,0,0,,0,,,,,369374.9987,5030985.437,45.41582465,-75.67493519,13721
15--8730,2015/07/15,2:44 PM,BEAUPARC PRIV @ CYRVILLE RD (0014717),14717,03 - At intersection,03 - P.D. only,05 - Turning movement,01 - Clear,01 - Daylight,01 - Dry,02 - Stop sign,01 - Functioning,2,0,0,0,,0,,,,,373065.166,5031805.48,45.42285272,-75.62767823,13722
15--8731,2015/07/15,2:53 PM,RICHMOND RD btwn STAFFORD RD & NORTHSIDE RD (__3ZA4YV),__3ZA4YV,01 - Non intersection,03 - P.D. only,04 - Sideswipe,01 - Clear,01 - Daylight,01 - Dry,10 - No control,,2,0,0,0,,0,,,,,358154.2409,5021096.205,45.32778691,-75.81935804,13723
15--8732,2015/07/15,3:30 PM,INNES RD btwn STONEHENGE CRES & BLAIR RD (__3ZA3SK),__3ZA3SK,01 - Non intersection,03 - P.D. only,03 - Rear end,01 - Clear,01 - Daylight,01 - Dry,10 - No control,,3,0,0,0,,0,,,,,375450.4466,5031368.564,45.41868476,-75.59726448,13724
15--8733,2015/07/15,4:00 PM,HIGHWAY 417 btwn HWY417 IC126 RAMP61 & HWY417 IC124 RAMP76 (__3ZA2Y2),__3ZA2Y2,01 - Non intersection,03 - P.D. only,04 - Sideswipe,01 - Clear,01 - Daylight,01 - Dry,10 - No control,,2,0,0,0,,0,,,,,364087.3434,5027097.013,45.38130536,-75.74295593,13725
15--8734,2015/07/15,4:10 PM,REGIONAL ROAD 174 EB btwn HWY417 IC113 RAMP65 & OR174 BLAIR IC112 RAMP51 (__3ZAZFJ),__3ZAZFJ,01 - Non intersection,03 - P.D. only,03 - Rear end,01 - Clear,01 - Daylight,01 - Dry,10 - No control,,2,0,0,0,,0,,,,,374735.6378,5032772.171,45.43138547,-75.60619753,13726
15--8735,2015/07/15,4:21 PM,OGILVIE RD @ MATHESON RD/PALMERSTON DR (0012348),12348,03 - At intersection,03 - P.D. only,05 - Turning movement,01 - Clear,01 - Daylight,01 - Dry,01 - Traffic signal,01 - Functioning,2,0,0,0,,0,,,,,373380.195,5032535.901,45.42939387,-75.62355142,13727
15--8736,2015/07/15,4:30 PM,BANK ST @ MASON ST (0005710),5710,03 - At intersection,03 - P.D. only,02 - Angle,01 - Clear,01 - Daylight,01 - Dry,02 - Stop sign,01 - Functioning,2,0,0,0,,0,,,,,377901.7668,5015639.369,45.2769098,-75.56827175,13728
15--8737,2015/07/15,4:33 PM,PRINCE OF WALES DR @ RIDEAU HEIGHTS LANE (0010334),10334,02 - Intersection related,03 - P.D. only,03 - Rear end,01 - Clear,01 - Daylight,01 - Dry,02 - Stop sign,00 - Unknown,2,0,0,0,,0,,,,,367479.4331,5022690.41,45.34136045,-75.70020511,13729
15--8738,2015/07/15,4:39 PM,MER BLEUE RD btwn NAVAN RD & MER BLEUE RD (__3ZA6PK),__3ZA6PK,01 - Non intersection,03 - P.D. only,03 - Rear end,01 - Clear,01 - Daylight,01 - Dry,10 - No control,,2,0,0,0,,0,,,,,384020.6807,5032284.91,45.42601139,-75.48762729,13730
15--8739,2015/07/15,5:00 PM,PRINCE OF WALES DR @ RIDEAU HEIGHTS LANE (0010334),10334,03 - At intersection,03 - P.D. only,02 - Angle,01 - Clear,01 - Daylight,01 - Dry,02 - Stop sign,01 - Functioning,2,0,0,0,,0,,,,,367477.271,5022691.13,45.34136713,-75.7002326,13731
15--874,2015/01/14,5:11 PM,FROBISHER LANE W @ RIVERSIDE DR (0011961),11961,02 - Intersection related,03 - P.D. only,03 - Rear end,01 - Clear,05 - Dusk,06 - Ice,01 - Traffic signal,01 - Functioning,2,0,0,0,,0,,,,,370118.7151,5029600.744,45.40329667,-75.66561732,13732
15--8740,2015/07/15,5:07 PM,CARLING AVE @ HWY 417 CARLING IC124R67 (0002104),2104,02 - Intersection related,03 - P.D. only,04 - Sideswipe,01 - Clear,01 - Daylight,01 - Dry,03 - Yield sign,01 - Functioning,2,0,0,0,,0,,,,,364332.2089,5027523.841,45.38512512,-75.73977803,13733
15--8741,2015/07/15,5:08 PM,SMYTH RD @ BOTSFORD ST/DAUPHIN RD (0007211),7211,03 - At intersection,02 - Non-fatal injury,07 - SMV other,01 - Clear,01 - Daylight,01 - Dry,01 - Traffic signal,01 - Functioning,1,0,1,0,01 - Minimal,1,1,,,,372243.8261,5029262.752,45.40005405,-75.63852037,13734
15--8742,2015/07/15,5:30 PM,HIGHWAY 417 btwn HWY417 IC118 RAMP57 & HWY417 IC118 RAMP35 (__3ZA2YQ),__3ZA2YQ,01 - Non intersection,02 - Non-fatal injury,03 - Rear end,01 - Clear,01 - Daylight,01 - Dry,10 - No control,,2,0,0,0,01 - Minimal,1,1,,,,369414.7099,5031007.098,45.41601588,-75.67442502,13735
15--8743,2015/07/15,5:35 PM,LEMIEUX ST @ ST. LAURENT BLVD (0002021),2021,02 - Intersection related,03 - P.D. only,03 - Rear end,01 - Clear,01 - Daylight,01 - Dry,01 - Traffic signal,01 - Functioning,2,0,0,0,,0,,,,,372391.004,5031742.925,45.42235534,-75.63630055,13736
15--8744,2015/07/15,5:39 PM,EAGLESON RD @ HOPE SIDE RD/TERRY FOX DR (0000509),509,03 - At intersection,02 - Non-fatal injury,05 - Turning movement,01 - Clear,01 - Daylight,01 - Dry,01 - Traffic signal,01 - Functioning,2,0,0,0,02 - Minor,2,1,1,,,355188.8736,5014616.365,45.26969926,-75.85784339,13737
15--8745,2015/07/15,5:50 PM,RIDEAU ST btwn CUMBERLAND ST & KING EDWARD AVE (__3ZBOFX),__3ZBOFX,01 - Non intersection,03 - P.D. only,04 - Sideswipe,01 - Clear,01 - Daylight,01 - Dry,10 - No control,,2,0,0,0,,0,,,,,368471.3468,5032387.283,45.42852078,-75.68629865,13738
15--8746,2015/07/15,5:55 PM,HIGHWAY 417 btwn HWY417 IC96 RAMP61 & HWY417 IC88 RAMP16 (__3ZA27Z),__3ZA27Z,01 - Non intersection,02 - Non-fatal injury,99 - Other,01 - Clear,01 - Daylight,01 - Dry,10 - No control,,2,0,0,0,01 - Minimal,4,4,,,,392455.2179,5022909.098,45.34065206,-75.38152556,13739
15--8747,2015/07/15,5:58 PM,HERON RD btwn EVANS BLVD & ALTA VISTA DR (__3ZA3AE),__3ZA3AE,01 - Non intersection,03 - P.D. only,05 - Turning movement,01 - Clear,01 - Daylight,01 - Dry,10 - No control,,2,0,0,0,,0,,,,,370427.8575,5026897.132,45.37894162,-75.66202833,13740
15--8748,2015/07/15,6:15 AM,LABELLE ST/RAMP @ LEMIEUX ST/HWY417 IC115 RAMP (0012538),12538,02 - Intersection related,03 - P.D. only,04 - Sideswipe,01 - Clear,01 - Daylight,01 - Dry,02 - Stop sign,01 - Functioning,2,0,0,0,,0,,,,,372539.5582,5031688.93,45.42185515,-75.63440992,13741
15--8749,2015/07/15,6:25 PM,MCARTHUR AVE @ VANIER PKWY (0004626),4626,02 - Intersection related,02 - Non-fatal injury,03 - Rear end,01 - Clear,01 - Daylight,01 - Dry,01 - Traffic signal,01 - Functioning,2,0,0,0,01 - Minimal,1,1,,,,370219.4257,5032692.388,45.43110467,-75.66392054,13742
15--875,2015/01/14,5:16 PM,GALETTA SIDE RD btwn MORNING DEW DR & LOGGERS WAY (__3ZA4RE),__3ZA4RE,01 - Non intersection,03 - P.D. only,07 - SMV other,01 - Clear,05 - Dusk,01 - Dry,10 - No control,,1,0,0,0,,0,,,,,324982.2667,5032541.941,45.43251959,-76.24205837,13743
15--8750,2015/07/15,6:45 PM,MAJESTIC DR @ WOODROFFE AVE (0000562),562,03 - At intersection,02 - Non-fatal injury,02 - Angle,01 - Clear,01 - Daylight,01 - Dry,01 - Traffic signal,01 - Functioning,2,1,0,0,01 - Minimal,1,1,,,,363528.4141,5021571.853,45.33163765,-75.75074871,13744
15--8751,2015/07/15,6:47 AM,REGIONAL ROAD 174 btwn OR174 IC109 RAMP56 & OR174 IC109 RAMP86 (__3ZA28W),__3ZA28W,01 - Non intersection,02 - Non-fatal injury,03 - Rear end,01 - Clear,01 - Daylight,01 - Dry,10 - No control,,2,0,0,0,02 - Minor,1,,1,,,376380.8656,5034828.71,45.44972248,-75.5848745,13745
15--8752,2015/07/15,7:37 PM,BANK ST @ HERON RD (0002155),2155,02 - Intersection related,03 - P.D. only,04 - Sideswipe,01 - Clear,01 - Daylight,01 - Dry,01 - Traffic signal,01 - Functioning,2,0,0,0,,0,,,,,369995.72,5026851.182,45.37856853,-75.66755158,13746
15--8753,2015/07/15,8:15 PM,MARCH RD @ SOLANDT RD (0003172),3172,02 - Intersection related,03 - P.D. only,04 - Sideswipe,01 - Clear,01 - Daylight,01 - Dry,01 - Traffic signal,00 - Unknown,2,0,0,0,,0,,,,,350490.3292,5022710.863,45.34285674,-75.91697225,13747
15--8754,2015/07/15,8:19 PM,FRANK KENNY RD @ RUSSELL RD (0004678),4678,02 - Intersection related,03 - P.D. only,03 - Rear end,01 - Clear,05 - Dusk,01 - Dry,02 - Stop sign,01 - Functioning,2,0,0,0,,0,,,,,392562.128,5026365.836,45.37173875,-75.379548,13748
15--8755,2015/07/15,8:19 PM,MARCH VALLEY RD btwn RIDDELL DR & KLONDIKE RD (__3ZACJC),__3ZACJC,01 - Non intersection,03 - P.D. only,07 - SMV other,01 - Clear,01 - Daylight,01 - Dry,10 - No control,,1,0,0,0,,0,,,,,348904.9932,5026500.713,45.37706012,-75.93686261,13749
15--8756,2015/07/15,8:28 PM,TERRY FOX DR S @ DIDSBURY RD/CENTRUM KANATA SC (0011820),11820,02 - Intersection related,03 - P.D. only,03 - Rear end,01 - Clear,05 - Dusk,01 - Dry,01 - Traffic signal,01 - Functioning,2,0,0,0,,0,,,,,350623.4008,5018918.035,45.30871928,-75.91562531,13750
15--8757,2015/07/15,8:36 PM,VICTORIA ST btwn BOWEN ST & 8TH LINE RD (__3ZA20C),__3ZA20C,01 - Non intersection,03 - P.D. only,01 - Approaching,01 - Clear,05 - Dusk,01 - Dry,10 - No control,,2,0,0,0,,0,,,,,385364.0466,5011113.372,45.23537228,-75.47390862,13751
15--8758,2015/07/15,8:55 PM,COLONEL BY DR @ HAWTHORNE AVE/PRETORIA BRIDGE (0002122),2122,02 - Intersection related,03 - P.D. only,03 - Rear end,01 - Clear,05 - Dusk,01 - Dry,01 - Traffic signal,01 - Functioning,2,0,1,0,,0,,,,,368766.5666,5030528.144,45.41176597,-75.68276759,13752