Anom_ID,Accident_Date,Accident_Time,Location,Geo_ID,Accident_Location,Classification_of_Accident,Initial_Impact_Type,Environment_Condition,Light,Road_Surface_Condition,Traffic_Control,Traffic_Control_Condition,No__of_Vehicles,No__of_Bicycles,No__of_Motorcycles,No__of_Pedestrians,Max_Injury,No__of_Injuries,No__of_Minimal,No__of_Minor,No__of_Major,No__of_Fatal,X,Y,Latitude,Longitude,ObjectId
15--8505,2015/07/08,9:30 AM,HIGHWAY 417 btwn HWY417 IC121A RAMP51 & HWY417 IC120A RAMP52 (__3ZA2R6),__3ZA2R6,01 - Non intersection,03 - P.D. only,07 - SMV other,01 - Clear,01 - Daylight,01 - Dry,10 - No control,,1,0,0,0,,0,,,,,367699.9864,5029942.641,45.40659447,-75.69646749,13753
15--814,2015/01/13,6:50 PM,GARLAND ST @ SOMERSET ST W/WELLINGTON ST (0006483),6483,02 - Intersection related,03 - P.D. only,99 - Other,01 - Clear,07 - Dark,04 - Slush,01 - Traffic signal,01 - Functioning,2,0,0,0,,0,,,,,365652.128,5029845.676,45.40590304,-75.7226379,13754
15--8140,2015/06/29,3:24 PM,OGILVIE RD btwn CUMMINGS AVE & BEAULIEU PL (__54PO0D),__54PO0D,01 - Non intersection,03 - P.D. only,03 - Rear end,01 - Clear,01 - Daylight,01 - Dry,10 - No control,,2,0,0,0,,0,,,,,372760.2517,5032175.991,45.42621609,-75.63152298,13755
15--8777,2015/07/16,4:35 PM,HUNT CLUB RD @ RIVERSIDE DR (0002237),2237,02 - Intersection related,03 - P.D. only,04 - Sideswipe,01 - Clear,01 - Daylight,01 - Dry,01 - Traffic signal,00 - Unknown,3,0,0,0,,0,,,,,368035.9823,5021945.859,45.33461119,-75.69319935,13756
15--8506,2015/07/08,9:58 PM,RIVERSIDE DR btwn MOONEY'S BAY PL & WALKLEY RD (__3ZA36Q),__3ZA36Q,01 - Non intersection,01 - Fatal injury,07 - SMV other,01 - Clear,07 - Dark,01 - Dry,10 - No control,,1,0,0,1,04 - Fatal,1,,,,1,368428.4413,5024951.729,45.36162184,-75.68780591,13757
15--8141,2015/06/29,3:26 PM,CASTLEFRANK RD @ GOLDRIDGE DR N/SHERRING CRES  (0002716),2716,03 - At intersection,03 - P.D. only,05 - Turning movement,01 - Clear,01 - Daylight,01 - Dry,02 - Stop sign,01 - Functioning,2,0,0,0,,0,,,,,350323.2732,5019993.139,45.31841287,-75.91935378,13758
15--8778,2015/07/16,5:00 PM,COVENTRY RD @ VANIER PKWY (0002139),2139,02 - Intersection related,03 - P.D. only,04 - Sideswipe,01 - Clear,01 - Daylight,01 - Dry,01 - Traffic signal,01 - Functioning,2,0,0,0,,0,,,,,370677.1056,5031610.622,45.42132843,-75.65821658,13759
15--8507,2015/07/09,1:30 PM,FOURTH LINE RD @ ROGER STEVENS DR (0011952),11952,02 - Intersection related,03 - P.D. only,03 - Rear end,01 - Clear,01 - Daylight,01 - Dry,01 - Traffic signal,01 - Functioning,2,0,0,0,,0,,,,,366455.7593,4999357.119,45.13149809,-75.71615799,13760
15--8142,2015/06/29,3:31 PM,BEECH ST btwn LYNWOOD AVE & BAYSWATER PL (__3ZBPIB),__3ZBPIB,01 - Non intersection,03 - P.D. only,06 - SMV unattended vehicle,01 - Clear,01 - Daylight,01 - Dry,10 - No control,,1,0,0,0,,0,,,,,366094.009,5029016.785,45.39840633,-75.71709659,13761
15--8779,2015/07/16,5:23 PM,CANAAN RD @ REGIONAL RD 174 (0012882),12882,02 - Intersection related,03 - P.D. only,03 - Rear end,01 - Clear,01 - Daylight,01 - Dry,01 - Traffic signal,01 - Functioning,2,0,0,0,,0,,,,,395770.3746,5043413.191,45.52469892,-75.33544477,13762
15--8508,2015/07/09,1:40 PM,CUMBERLAND ST @ RIDEAU ST (0007759),7759,02 - Intersection related,03 - P.D. only,03 - Rear end,01 - Clear,01 - Daylight,01 - Dry,01 - Traffic signal,01 - Functioning,2,0,0,0,,0,,,,,368373.7903,5032329.614,45.42801077,-75.68755271,13763
15--8143,2015/06/29,3:40 PM,ROYDON PL btwn WOODFIELD DR & WEST HUNT CLUB RD (__3ZAYGP),__3ZAYGP,04 - At/near private drive,03 - P.D. only,05 - Turning movement,01 - Clear,01 - Daylight,01 - Dry,10 - No control,,2,0,0,0,,0,,,,,365926.6918,5022246.638,45.33750447,-75.72007117,13764
15--878,2015/01/14,5:24 PM,EAGLESON RD @ FERNBANK RD (0011846),11846,03 - At intersection,02 - Non-fatal injury,05 - Turning movement,01 - Clear,05 - Dusk,01 - Dry,01 - Traffic signal,01 - Functioning,2,0,0,0,02 - Minor,2,1,1,,,354799.5932,5015587.907,45.27846921,-75.86270623,13765
15--8509,2015/07/09,1:57 PM,OGILVIE RD btwn MURDOCK GT & CUMMINGS AVE (__3ZBN9A),__3ZBN9A,01 - Non intersection,03 - P.D. only,04 - Sideswipe,01 - Clear,01 - Daylight,01 - Dry,10 - No control,,2,0,0,0,,0,,,,,372712.6842,5032151.487,45.42600023,-75.63213416,13766
15--8144,2015/06/29,4:08 PM,COVENTRY RD @ 230 W OF ST. LAURENT BLVD/ST. LA (0008535),8535,02 - Intersection related,02 - Non-fatal injury,03 - Rear end,01 - Clear,01 - Daylight,01 - Dry,01 - Traffic signal,01 - Functioning,3,0,0,0,02 - Minor,2,1,1,,,372081.9007,5031933.13,45.42409651,-75.64022395,13767
15--8780,2015/07/16,5:31 PM,INDUSTRIAL AVE @ RIVERSIDE DR (0011905),11905,02 - Intersection related,03 - P.D. only,03 - Rear end,01 - Clear,01 - Daylight,01 - Dry,01 - Traffic signal,01 - Functioning,2,0,0,0,,0,,,,,370684.7186,5030591.109,45.41215455,-75.65825561,13768
15--851,2015/01/14,11:45 AM,HIGHWAY 417 btwn HWY417 IC118 RAMP76 & HWY417 IC118 RAMP67 (__3ZA2YR),__3ZA2YR,01 - Non intersection,03 - P.D. only,03 - Rear end,01 - Clear,01 - Daylight,01 - Dry,10 - No control,,2,0,0,0,,0,,,,,369256.4351,5030922.514,45.41526942,-75.67645813,13769
15--8510,2015/07/09,10:30 PM,COBOURG ST btwn HENEY ST & BEAUSOLEIL DR (__3ZA7CC),__3ZA7CC,01 - Non intersection,03 - P.D. only,06 - SMV unattended vehicle,01 - Clear,07 - Dark,01 - Dry,10 - No control,,1,0,0,0,,0,,,,,369032.1088,5032931.205,45.43336351,-75.67906206,13770
15--8511,2015/07/09,10:40 AM,HUNT CLUB RD @ RIVERSIDE DR (0002237),2237,02 - Intersection related,02 - Non-fatal injury,03 - Rear end,01 - Clear,01 - Daylight,01 - Dry,01 - Traffic signal,01 - Functioning,2,0,0,0,01 - Minimal,1,1,,,,368035.9823,5021945.859,45.33461119,-75.69319935,13771
15--8512,2015/07/09,11:30 PM,145 N OF VIMY PLACE PRIV @ BOOTH ST (0012250),12250,02 - Intersection related,02 - Non-fatal injury,07 - SMV other,01 - Clear,07 - Dark,01 - Dry,01 - Traffic signal,01 - Functioning,1,0,0,1,02 - Minor,1,,1,,,366232.2907,5031083.817,45.41699282,-75.71507294,13772
15--8513,2015/07/09,11:31 PM,MONTREAL RD @ DEN HAAG DR/LANG'S RD (0010798),10798,03 - At intersection,02 - Non-fatal injury,07 - SMV other,01 - Clear,07 - Dark,01 - Dry,01 - Traffic signal,01 - Functioning,1,0,0,1,02 - Minor,1,,1,,,372385.9973,5034220.503,45.44464787,-75.63602442,13773
15--8514,2015/07/09,11:43 AM,SUNNYSIDE AVE btwn GROSVENOR AVE & BANK ST (__3ZA9IW),__3ZA9IW,01 - Non intersection,03 - P.D. only,03 - Rear end,01 - Clear,01 - Daylight,01 - Dry,10 - No control,,2,0,0,0,,0,,,,,368687.8076,5028549.297,45.39396814,-75.68403007,13774
15--8515,2015/07/09,11:48 AM,NAVAHO DR @ TARA DR (0003345),3345,03 - At intersection,03 - P.D. only,02 - Angle,01 - Clear,01 - Daylight,01 - Dry,02 - Stop sign,01 - Functioning,2,0,0,0,,0,,,,,363469.683,5025002.433,45.36251061,-75.75109099,13775
15--8516,2015/07/09,12:17 PM,HEATHERINGTON RD @ FAIRLEA CRES S/ANGELA PRIV (0006830),6830,02 - Intersection related,03 - P.D. only,04 - Sideswipe,01 - Clear,01 - Daylight,01 - Dry,02 - Stop sign,00 - Unknown,2,0,0,0,,0,,,,,371873.8674,5026501.896,45.3752485,-75.64362064,13776
15--8517,2015/07/09,12:23 AM,CONROY RD @ ST. LAURENT BLVD (0011390),11390,02 - Intersection related,03 - P.D. only,04 - Sideswipe,01 - Clear,07 - Dark,01 - Dry,01 - Traffic signal,01 - Functioning,2,0,0,0,,0,,,,,373069.9675,5027159.662,45.38105129,-75.62826001,13777
15--8518,2015/07/09,12:51 PM,ST. LAURENT BLVD @ COVENTRY RD/OGILVIE RD (0002151),2151,02 - Intersection related,03 - P.D. only,03 - Rear end,01 - Clear,01 - Daylight,01 - Dry,01 - Traffic signal,01 - Functioning,2,0,0,0,,0,,,,,372305.7195,5031951.214,45.42423766,-75.63736168,13778
15--8519,2015/07/09,2:32 PM,ALBERT ST btwn Continuation of ALBERT ST & BOOTH ST (__3ZA2G2),__3ZA2G2,01 - Non intersection,03 - P.D. only,04 - Sideswipe,01 - Clear,01 - Daylight,01 - Dry,10 - No control,,2,0,0,0,,0,,,,,366342.2067,5030573.594,45.41239231,-75.71373237,13779
15--852,2015/01/14,Unknown,GREYROCK CRES btwn GLENMOUNT AVE & CAMEO DR (__3ZBOJB),__3ZBOJB,01 - Non intersection,03 - P.D. only,06 - SMV unattended vehicle,01 - Clear,00 - Unknown,03 - Loose snow,10 - No control,,1,0,0,0,,0,,,,,363934.2245,5025304.488,45.36518942,-75.74512556,13780
15--8520,2015/07/09,2:58 PM,RIOCAN AVE btwn MARKETPLACE AVE & END (__4LZBNN),__4LZBNN,04 - At/near private drive,02 - Non-fatal injury,02 - Angle,01 - Clear,01 - Daylight,01 - Dry,10 - No control,,2,1,0,0,01 - Minimal,1,1,,,,364304.0104,5014736.079,45.2700643,-75.74167503,13781
15--8521,2015/07/09,3:11 PM,BANK ST @ HUNT CLUB RD (0002119),2119,02 - Intersection related,03 - P.D. only,03 - Rear end,01 - Clear,01 - Daylight,01 - Dry,01 - Traffic signal,01 - Functioning,2,0,0,0,,0,,,,,371608.7365,5024095.425,45.35362124,-75.64733074,13782
15--8522,2015/07/09,3:45 PM,BAY ST @ WELLINGTON ST (0010737),10737,02 - Intersection related,03 - P.D. only,04 - Sideswipe,01 - Clear,01 - Daylight,01 - Dry,01 - Traffic signal,01 - Functioning,2,0,0,0,,0,,,,,366814.698,5031351.206,45.41934733,-75.70759851,13783
15--8523,2015/07/09,4:00 PM,YORK ST btwn WILLIAM ST & DALHOUSIE ST (__3ZA817),__3ZA817,04 - At/near private drive,03 - P.D. only,02 - Angle,01 - Clear,01 - Daylight,01 - Dry,10 - No control,,2,0,0,0,,0,,,,,368086.2609,5032413.186,45.42878879,-75.69121612,13784
15--8524,2015/07/09,4:50 PM,INNES RD @ TENTH LINE RD (0004633),4633,02 - Intersection related,03 - P.D. only,03 - Rear end,01 - Clear,01 - Daylight,01 - Dry,01 - Traffic signal,01 - Functioning,2,0,0,0,,0,,,,,383950.3189,5036159.921,45.46088329,-75.48790305,13785
15--8525,2015/07/09,4:57 PM,SLATER ST btwn KENT ST & BANK ST (__3ZA349),__3ZA349,04 - At/near private drive,03 - P.D. only,02 - Angle,01 - Clear,01 - Daylight,01 - Dry,10 - No control,,2,0,0,0,,0,,,,,367333.8305,5031297.787,45.41882047,-75.70097265,13786
15--8526,2015/07/09,5:04 PM,ANDERSON RD btwn WEIR RD & DOLMAN RIDGE RD (__3ZA2B7),__3ZA2B7,01 - Non intersection,02 - Non-fatal injury,03 - Rear end,01 - Clear,01 - Daylight,01 - Dry,10 - No control,,2,0,0,0,01 - Minimal,2,2,,,,377800.9013,5031428.967,45.41898694,-75.56722655,13787
15--8527,2015/07/09,5:10 PM,ARCH ST btwn PLEASANT PARK RD & BANGOR ST (__3ZA74D),__3ZA74D,04 - At/near private drive,03 - P.D. only,05 - Turning movement,01 - Clear,01 - Daylight,01 - Dry,10 - No control,,2,0,0,0,,0,,,,,372822.0326,5028569.093,45.39375687,-75.63123127,13788
15--8528,2015/07/09,5:10 PM,INNES RD @ ORLEANS BLVD (0003611),3611,02 - Intersection related,03 - P.D. only,03 - Rear end,01 - Clear,01 - Daylight,01 - Dry,01 - Traffic signal,01 - Functioning,2,0,0,0,,0,,,,,380459.3537,5034296.043,45.44450034,-75.53282226,13789
15--8529,2015/07/09,5:10 PM,HIGHWAY 417 btwn HWY417 IC124 RAMP67 & HWY417 IC123 RAMP62 (__3ZA2YZ),__3ZA2YZ,01 - Non intersection,03 - P.D. only,03 - Rear end,01 - Clear,01 - Daylight,01 - Dry,10 - No control,,2,0,0,0,,0,,,,,364721.2784,5027966.327,45.38907335,-75.73475636,13790
15--853,2015/01/14,12:05 PM,CLEGG ST @ COLONEL BY DR (0008785),8785,02 - Intersection related,03 - P.D. only,03 - Rear end,01 - Clear,01 - Daylight,06 - Ice,02 - Stop sign,01 - Functioning,2,0,0,0,,0,,,,,368967.6292,5029742.622,45.4046797,-75.68030133,13791
15--8530,2015/07/09,5:14 PM,SHEFFIELD RD @ WALKLEY RD (0005156),5156,02 - Intersection related,03 - P.D. only,03 - Rear end,01 - Clear,01 - Daylight,01 - Dry,01 - Traffic signal,01 - Functioning,2,0,0,0,,0,,,,,375257.0144,5028784.178,45.39545133,-75.60010507,13792
15--8531,2015/07/09,5:23 PM,ST. JOSEPH BLVD @ REGIONAL RD 174/TRANSITWAY (0012428),12428,02 - Intersection related,02 - Non-fatal injury,03 - Rear end,01 - Clear,01 - Daylight,01 - Dry,01 - Traffic signal,01 - Functioning,2,0,0,0,01 - Minimal,1,1,,,,376556.7215,5035056.458,45.45175357,-75.58259333,13793
15--8532,2015/07/09,5:26 PM,CHAMPLAIN BRIDGE/ISLAND PARK DR btwn BATE ISLAND & OTTAWA RIVER PKWY (__3ZA2ZEB),__3ZA2ZEB,01 - Non intersection,03 - P.D. only,03 - Rear end,01 - Clear,01 - Daylight,01 - Dry,10 - No control,,3,0,0,0,,0,,,,,363133.0684,5029603.411,45.40393764,-75.75484376,13794
15--8533,2015/07/09,6:09 PM,BESSERER ST @ NICHOLAS ST (0007614),7614,02 - Intersection related,03 - P.D. only,03 - Rear end,01 - Clear,01 - Daylight,01 - Dry,01 - Traffic signal,01 - Functioning,2,0,0,0,,0,,,,,368187.1503,5032111.22,45.42606267,-75.68996577,13795
15--8534,2015/07/09,6:48 PM,SMYTH RD @ SOUTH HAVEN PL/GENERAL HOSPITAL ENTRANCE W (0007242),7242,02 - Intersection related,03 - P.D. only,04 - Sideswipe,01 - Clear,01 - Daylight,01 - Dry,01 - Traffic signal,01 - Functioning,2,0,0,0,,0,,,,,371120.7247,5029136.192,45.3990226,-75.6528815,13796
15--8535,2015/07/09,6:50 PM,COVENTRY RD @ VANIER PKWY (0002139),2139,02 - Intersection related,03 - P.D. only,03 - Rear end,01 - Clear,01 - Daylight,01 - Dry,01 - Traffic signal,01 - Functioning,2,0,0,0,,0,,,,,370675.6642,5031610.622,45.42132856,-75.65823499,13797
15--8536,2015/07/09,7:00 AM,BUNCHBERRY WAY btwn WILLOWMERE WAY N & WILLOWMERE WAY S (__8A9OOG),__8A9OOG,04 - At/near private drive,03 - P.D. only,06 - SMV unattended vehicle,01 - Clear,01 - Daylight,01 - Dry,10 - No control,,1,0,0,0,,0,,,,,373887.031,5019610.34,45.31304533,-75.61888268,13798
15--8537,2015/07/09,7:15 PM,WOODROFFE AVE btwn WOODROFFE AVE & NAVAHO DR (__3ZA2TY),__3ZA2TY,01 - Non intersection,03 - P.D. only,03 - Rear end,01 - Clear,01 - Daylight,01 - Dry,10 - No control,,2,0,0,0,,0,,,,,362700.805,5023499.425,45.3490506,-75.7610808,13799
15--8538,2015/07/09,7:17 AM,HWY417 IC145 RAMP55 btwn HIGHWAY 7 & HIGHWAY 417 (__3ZAY8K),__3ZAY8K,01 - Non intersection,03 - P.D. only,04 - Sideswipe,01 - Clear,01 - Daylight,01 - Dry,10 - No control,,2,0,0,0,,0,,,,,346229.3652,5014662.927,45.27070313,-75.97201423,13800
15--8539,2015/07/09,7:51 AM,FALLOWFIELD RD btwn STEEPLE HILL CRES & MOODIE DR (__3ZA4Y5),__3ZA4Y5,01 - Non intersection,03 - P.D. only,03 - Rear end,01 - Clear,01 - Daylight,01 - Dry,10 - No control,,2,0,0,0,,0,,,,,358649.4602,5014168.753,45.26541512,-75.81379322,13801
15--854,2015/01/14,2:04 PM,MILTON RD @ NAVAN RD (0004709),4709,03 - At intersection,03 - P.D. only,02 - Angle,01 - Clear,01 - Daylight,01 - Dry,02 - Stop sign,01 - Functioning,2,0,0,0,,0,,,,,387267.8249,5031813.003,45.42139034,-75.44621748,13802
15--8540,2015/07/09,8:12 AM,MONTREAL RD btwn CYR AVE & HANNAH ST (__3ZA3LT),__3ZA3LT,01 - Non intersection,02 - Non-fatal injury,04 - Sideswipe,01 - Clear,01 - Daylight,01 - Dry,10 - No control,,2,1,0,0,01 - Minimal,2,2,,,,370239.7911,5033159.973,45.43530989,-75.66359814,13803
15--8541,2015/07/09,8:30 AM,GLADSTONE AVE btwn ROCHESTER ST & BOOTH ST (__3ZA31X),__3ZA31X,01 - Non intersection,02 - Non-fatal injury,04 - Sideswipe,01 - Clear,01 - Daylight,01 - Dry,10 - No control,,2,1,0,0,01 - Minimal,1,1,,,,366691.8652,5029800.163,45.40540236,-75.70936264,13804
15--8542,2015/07/09,8:45 PM,BANK ST @ ECHO DR (0007711),7711,03 - At intersection,03 - P.D. only,02 - Angle,01 - Clear,05 - Dusk,01 - Dry,02 - Stop sign,01 - Functioning,2,0,0,0,,0,,,,,368660.0187,5028759.453,45.39586159,-75.68435775,13805
15--8543,2015/07/09,8:59 AM,EAGLESON RD btwn FERNBANK RD & BRIDGESTONE DR (__3ZBPJZ),__3ZBPJZ,01 - Non intersection,03 - P.D. only,05 - Turning movement,01 - Clear,01 - Daylight,01 - Dry,10 - No control,,2,0,0,0,,0,,,,,354823.8545,5015525.803,45.27790866,-75.86240327,13806
15--8544,2015/07/09,9:17 PM,MONTREAL RD @ VANIER PKWY (0004630),4630,02 - Intersection related,02 - Non-fatal injury,03 - Rear end,01 - Clear,07 - Dark,01 - Dry,01 - Traffic signal,01 - Functioning,4,0,0,0,02 - Minor,1,,1,,,370074.1512,5033064.511,45.43446645,-75.66572766,13807
15--8545,2015/07/10,1:00 PM,HIGHWAY 417 btwn HWY417 IC88 RAMP15 & END (__3ZA27T),__3ZA27T,01 - Non intersection,03 - P.D. only,07 - SMV other,01 - Clear,01 - Daylight,01 - Dry,10 - No control,,1,0,0,0,,0,,,,,395428.3502,5022455.919,45.33619711,-75.34367924,13808
15--8546,2015/07/10,1:04 PM,ISLAND PARK DR btwn RICHMOND RD & BASSETT LANE (__3ZA235),__3ZA235,01 - Non intersection,02 - Non-fatal injury,03 - Rear end,01 - Clear,01 - Daylight,01 - Dry,10 - No control,,2,0,0,0,02 - Minor,1,,1,,,364161.9661,5028808.776,45.39670118,-75.74179724,13809
15--8547,2015/07/10,1:20 PM,GREENBANK RD @ JOCKVALE RD (0010360),10360,02 - Intersection related,03 - P.D. only,03 - Rear end,01 - Clear,01 - Daylight,01 - Dry,01 - Traffic signal,01 - Functioning,2,0,0,0,,0,,,,,364121.6878,5014329.332,45.26641978,-75.74404695,13810
15--8548,2015/07/10,1:40 PM,ST. LAURENT BLVD btwn FOLEY AVE & WALKLEY RD (__3ZA73H),__3ZA73H,01 - Non intersection,03 - P.D. only,04 - Sideswipe,01 - Clear,01 - Daylight,01 - Dry,10 - No control,,2,0,0,0,,0,,,,,373886.8942,5028082.531,45.38927476,-75.61770073,13811
15--8549,2015/07/10,10:27 PM,FALLOWFIELD RD btwn MUNSTER RD & CONLEY RD (__3ZA3EQ),__3ZA3EQ,01 - Non intersection,03 - P.D. only,07 - SMV other,01 - Clear,07 - Dark,01 - Dry,10 - No control,,1,0,0,0,,0,,,,,347253.3732,5005114.709,45.18472275,-75.95977908,13812
15--855,2015/01/14,2:15 PM,ST. JEAN ST @ ST. JOSEPH BLVD (0004137),4137,02 - Intersection related,03 - P.D. only,04 - Sideswipe,01 - Clear,01 - Daylight,01 - Dry,01 - Traffic signal,00 - Unknown,2,0,0,0,,0,,,,,380970.7012,5037201.109,45.47058227,-75.52583648,13813
15--8550,2015/07/10,12:09 PM,PINECREST RD btwn HWY417 IC129 RAMP26 & GREENBANK RD (__3ZA4MX),__3ZA4MX,07 - Overpass or bridge,02 - Non-fatal injury,03 - Rear end,01 - Clear,01 - Daylight,01 - Dry,10 - No control,,2,1,0,0,02 - Minor,1,,1,,,360430.8508,5023569.873,45.34986822,-75.79003932,13814
15--8551,2015/07/10,12:13 PM,STRANDHERD DR btwn KENNEVALE DR & Continuation of STRANDHERD DR (__3ZAZYY),__3ZAZYY,01 - Non intersection,03 - P.D. only,05 - Turning movement,01 - Clear,01 - Daylight,01 - Dry,10 - No control,,2,0,0,0,,0,,,,,361577.6258,5013918.528,45.2629333,-75.77651095,13815
15--8552,2015/07/10,12:46 PM,HIGHWAY 416 btwn HWY416 IC66 RAMP24 & HWY416 IC57 RAMP62 (__3ZA1OI),__3ZA1OI,01 - Non intersection,03 - P.D. only,07 - SMV other,01 - Clear,01 - Daylight,01 - Dry,10 - No control,,1,0,0,0,,0,,,,,363823.0572,5009868.71,45.22630796,-75.74838167,13816
15--8553,2015/07/10,2:00 AM,CHARLEVOIX ST @ LANDRY ST (0009194),9194,02 - Intersection related,03 - P.D. only,07 - SMV other,01 - Clear,07 - Dark,01 - Dry,02 - Stop sign,01 - Functioning,1,0,0,0,,0,,,,,369339.9838,5033461.951,45.4381106,-75.675058,13817
15--8554,2015/07/10,2:07 PM,RICHMOND RD btwn HOPE SIDE RD & KHYMER CRT (__3ZBOCM),__3ZBOCM,01 - Non intersection,03 - P.D. only,07 - SMV other,01 - Clear,01 - Daylight,01 - Dry,10 - No control,,1,0,0,0,,0,,,,,356957.6817,5015468.498,45.27723796,-75.83521365,13818
15--8555,2015/07/10,2:15 PM,HOLLAND AVE @ ISLAND PARK DR/N.C.C. DRIVEWAY (0010787),10787,03 - At intersection,03 - P.D. only,05 - Turning movement,01 - Clear,01 - Daylight,01 - Dry,01 - Traffic signal,01 - Functioning,2,0,0,0,,0,,,,,365424.9769,5027918.616,45.3885835,-75.72577624,13819
15--8556,2015/07/10,2:31 PM,ST. JOSEPH BLVD @ JEANNE D'ARC BLVD (0012421),12421,03 - At intersection,03 - P.D. only,04 - Sideswipe,01 - Clear,01 - Daylight,01 - Dry,11 - Roundabout,01 - Functioning,2,0,0,0,,0,,,,,379861.2494,5036473.544,45.46415632,-75.5401346,13820
15--8557,2015/07/10,2:34 PM,DUMAURIER AVE @ PINECREST RD (0002743),2743,02 - Intersection related,03 - P.D. only,03 - Rear end,01 - Clear,01 - Daylight,01 - Dry,01 - Traffic signal,00 - Unknown,2,0,0,0,,0,,,,,360321.679,5023834.151,45.35225484,-75.79140279,13821
15--8558,2015/07/10,2:39 PM,GREENBANK RD @ CANFIELD RD/CRAIG HENRY DR (0000154),154,03 - At intersection,03 - P.D. only,05 - Turning movement,01 - Clear,01 - Daylight,01 - Dry,01 - Traffic signal,01 - Functioning,2,0,0,0,,0,,,,,361105.9591,5021365.573,45.32998009,-75.78167513,13822
15--8559,2015/07/10,2:45 PM,HIGHWAY 417 btwn HWY417 IC123 RAMP62 & HWY417 IC122 RAMP16 (__3ZA2R9),__3ZA2R9,01 - Non intersection,03 - P.D. only,04 - Sideswipe,01 - Clear,01 - Daylight,01 - Dry,10 - No control,,2,0,0,0,,0,,,,,364876.0492,5028256.918,45.39167477,-75.73274461,13823
15--856,2015/01/14,2:30 AM,HWY417 IC127 RAMP63 btwn HIGHWAY 417 & WOODROFFE AVE (__3ZAY81),__3ZAY81,01 - Non intersection,03 - P.D. only,07 - SMV other,01 - Clear,07 - Dark,01 - Dry,10 - No control,,1,0,0,0,,0,,,,,362032.1454,5024799.445,45.36080297,-75.76946291,13824
15--8560,2015/07/10,2:46 PM,RIVERSIDE DR @ HERON RD (0002236),2236,02 - Intersection related,03 - P.D. only,03 - Rear end,01 - Clear,01 - Daylight,01 - Dry,01 - Traffic signal,01 - Functioning,2,0,0,0,,0,,,,,368122.5028,5026648.549,45.37691709,-75.69149321,13825
15--8561,2015/07/10,2:52 PM,PINECREST RD @ RICHMOND RD (0002353),2353,02 - Intersection related,02 - Non-fatal injury,03 - Rear end,01 - Clear,01 - Daylight,01 - Dry,01 - Traffic signal,01 - Functioning,2,0,0,0,01 - Minimal,2,2,,,,360072.3101,5024471.062,45.35800545,-75.79451392,13826
15--8562,2015/07/10,3:00 PM,HIGHWAY 417 btwn HWY417 IC124 RAMP76 & HWY417 IC124 RAMP67 (__3ZA2R7),__3ZA2R7,01 - Non intersection,03 - P.D. only,03 - Rear end,01 - Clear,01 - Daylight,01 - Dry,10 - No control,,2,0,0,0,,0,,,,,364415.8632,5027521.562,45.3850975,-75.73871014,13827
15--8563,2015/07/10,3:07 PM,HIGHWAY 417 btwn HWY417 IC122 RAMP51 & HWY417 IC122 RAMP15 (__3ZA2R0),__3ZA2R0,01 - Non intersection,03 - P.D. only,07 - SMV other,01 - Clear,01 - Daylight,01 - Dry,10 - No control,,1,0,0,0,,0,,,,,365340.3083,5028879.49,45.39723656,-75.72673952,13828
15--8564,2015/07/10,3:25 PM,HIGHWAY 417 btwn HWY417 IC127 RAMP35 & HWY417 IC127 RAMP25 (__3ZA2RE),__3ZA2RE,01 - Non intersection,03 - P.D. only,03 - Rear end,01 - Clear,01 - Daylight,01 - Dry,10 - No control,,2,0,0,0,,0,,,,,362153.445,5024849.987,45.36124783,-75.76790885,13829
15--8565,2015/07/10,3:30 PM,BESSERER ST @ KING EDWARD AVE (0007758),7758,02 - Intersection related,03 - P.D. only,99 - Other,01 - Clear,01 - Daylight,01 - Dry,01 - Traffic signal,01 - Functioning,2,0,0,0,,0,,,,,368551.4259,5032340.222,45.42809005,-75.68528146,13830
15--8566,2015/07/10,3:33 PM,LIMEBANK RD btwn TOM ROBERTS RD & LEITRIM RD (__3ZA0VJ),__3ZA0VJ,01 - Non intersection,03 - P.D. only,04 - Sideswipe,01 - Clear,01 - Daylight,01 - Dry,10 - No control,,2,0,0,0,,0,,,,,369264.0774,5018077.131,45.29968941,-75.67803567,13831
15--8567,2015/07/10,3:34 PM,HUNT CLUB RD @ RIVERSIDE DR (0002237),2237,02 - Intersection related,03 - P.D. only,03 - Rear end,01 - Clear,01 - Daylight,01 - Dry,01 - Traffic signal,01 - Functioning,3,0,0,0,,0,,,,,368037.4237,5021944.417,45.33459808,-75.69318114,13832
15--8568,2015/07/10,3:43 PM,HIGHWAY 417 btwn HWY417 IC127 RAMP25 & HWY417 IC126 RAMP51 (__3ZA2XA),__3ZA2XA,01 - Non intersection,03 - P.D. only,04 - Sideswipe,01 - Clear,01 - Daylight,01 - Dry,10 - No control,,2,0,0,0,,0,,,,,362724.5308,5025293.687,45.36519325,-75.76056779,13833
15--8569,2015/07/10,4:02 PM,MONTREAL RD @ OGILVIE RD (0009279),9279,02 - Intersection related,03 - P.D. only,04 - Sideswipe,01 - Clear,01 - Daylight,01 - Dry,01 - Traffic signal,00 - Unknown,2,0,0,0,,0,,,,,375654.0143,5034556.946,45.44735137,-75.59420489,13834
15--857,2015/01/14,2:35 PM,INNES RD @ ORCHARDVIEW AVE/ESPRIT DR (0012279),12279,03 - At intersection,03 - P.D. only,02 - Angle,01 - Clear,01 - Daylight,01 - Dry,01 - Traffic signal,01 - Functioning,2,0,0,0,,0,,,,,384842.8369,5036559.114,45.46437317,-75.47642722,13835