Anom_ID,Accident_Date,Accident_Time,Location,Geo_ID,Accident_Location,Classification_of_Accident,Initial_Impact_Type,Environment_Condition,Light,Road_Surface_Condition,Traffic_Control,Traffic_Control_Condition,No__of_Vehicles,No__of_Bicycles,No__of_Motorcycles,No__of_Pedestrians,Max_Injury,No__of_Injuries,No__of_Minimal,No__of_Minor,No__of_Major,No__of_Fatal,X,Y,Latitude,Longitude,ObjectId
15--8570,2015/07/10,4:35 PM,GRANT CARMAN DR @ MEADOWLANDS DR (0001111),1111,03 - At intersection,02 - Non-fatal injury,05 - Turning movement,01 - Clear,01 - Daylight,01 - Dry,01 - Traffic signal,01 - Functioning,2,0,0,0,03 - Major,2,,1,1,,365053.1355,5023901.147,45.35246709,-75.73101452,13836
15--8571,2015/07/10,4:35 PM,FROBISHER LANE W @ RIVERSIDE DR (0011961),11961,02 - Intersection related,03 - P.D. only,03 - Rear end,01 - Clear,01 - Daylight,01 - Dry,01 - Traffic signal,01 - Functioning,3,0,0,0,,0,,,,,370118.7151,5029600.145,45.40329128,-75.6656174,13837
15--8572,2015/07/10,5:02 PM,CANADAIR PRIV btwn HUNT CLUB RD & AVRO JETLINER PRIV (__4B2FCO),__4B2FCO,04 - At/near private drive,03 - P.D. only,03 - Rear end,01 - Clear,01 - Daylight,01 - Dry,10 - No control,,2,0,0,0,,0,,,,,368752.8374,5022213.584,45.33695515,-75.68401963,13838
15--8573,2015/07/10,5:04 PM,HOLLAND AVE btwn WELLINGTON ST W & BYRON AVE (__3ZA4PY),__3ZA4PY,01 - Non intersection,03 - P.D. only,04 - Sideswipe,01 - Clear,01 - Daylight,01 - Dry,10 - No control,,2,0,0,0,,0,,,,,364934.0257,5029143.825,45.39965,-75.73189613,13839
15--8574,2015/07/10,5:20 PM,COLONNADE RD @ PRINCE OF WALES DR (0005249),5249,02 - Intersection related,03 - P.D. only,03 - Rear end,01 - Clear,01 - Daylight,01 - Dry,01 - Traffic signal,01 - Functioning,2,0,0,0,,0,,,,,367393.9909,5023266.876,45.34655501,-75.70122231,13840
15--8575,2015/07/10,5:24 PM,BELFAST RD @ ST. LAURENT BLVD (0007658),7658,02 - Intersection related,02 - Non-fatal injury,03 - Rear end,01 - Clear,01 - Daylight,01 - Dry,01 - Traffic signal,01 - Functioning,2,0,0,0,01 - Minimal,1,1,,,,372860.7241,5030576.76,45.4118172,-75.63046008,13841
15--8576,2015/07/10,5:37 PM,WALKLEY RD @ DON REID DR/RYDER ST (0008218),8218,03 - At intersection,03 - P.D. only,05 - Turning movement,01 - Clear,01 - Daylight,01 - Dry,01 - Traffic signal,01 - Functioning,2,0,0,0,,0,,,,,372602.4476,5027285.625,45.38223006,-75.63421179,13842
15--8577,2015/07/10,6:10 PM,STRANDHERD DR btwn MARAVISTA DR & KENNEVALE DR (__6NF1SR),__6NF1SR,01 - Non intersection,03 - P.D. only,99 - Other,01 - Clear,01 - Daylight,01 - Dry,10 - No control,,2,0,0,0,,0,,,,,361443.5717,5014213.783,45.26560084,-75.77818533,13843
15--8578,2015/07/10,6:11 PM,BLACKBURN BYPASS @ INNES RD E (0009245),9245,03 - At intersection,02 - Non-fatal injury,02 - Angle,01 - Clear,01 - Daylight,01 - Dry,01 - Traffic signal,01 - Functioning,2,0,0,0,03 - Major,1,,,1,,379792.4686,5033783.367,45.43995952,-75.54142418,13844
15--8145,2015/06/29,4:22 PM,BANK ST @ KILBORN AVE/BELANGER AVE (0007208),7208,02 - Intersection related,03 - P.D. only,03 - Rear end,01 - Clear,01 - Daylight,01 - Dry,01 - Traffic signal,01 - Functioning,2,0,0,0,,0,,,,,369653.7199,5027427.187,45.38378298,-75.67184226,13845
15--8146,2015/06/29,4:27 PM,RIDEAU VALLEY DR @ WASHINGTON ST (0008167),8167,03 - At intersection,02 - Non-fatal injury,05 - Turning movement,01 - Clear,01 - Daylight,01 - Dry,02 - Stop sign,01 - Functioning,2,1,0,0,01 - Minimal,1,1,,,,371840.7835,5001510.637,45.1503851,-75.64741562,13846
15--8781,2015/07/16,5:40 PM,LASSITER TER N @ OGILVIE RD (0012984),12984,03 - At intersection,03 - P.D. only,02 - Angle,01 - Clear,01 - Daylight,01 - Dry,02 - Stop sign,01 - Functioning,2,1,0,0,,0,,,,,375483.0019,5034959.504,45.45099066,-75.59633299,13847
15--8147,2015/06/29,4:34 PM,LACASSE AVE @ MONTREAL RD (0009797),9797,02 - Intersection related,03 - P.D. only,03 - Rear end,01 - Clear,01 - Daylight,01 - Dry,01 - Traffic signal,01 - Functioning,2,0,0,0,,0,,,,,370687.4271,5033406.235,45.43748362,-75.65784446,13848
15--8148,2015/06/29,4:36 PM,YORK ST btwn NELSON ST & BEAUSOLEIL DR (__3ZA7BS),__3ZA7BS,01 - Non intersection,03 - P.D. only,03 - Rear end,01 - Clear,01 - Daylight,01 - Dry,10 - No control,,2,1,0,0,,0,,,,,368612.9049,5032757.988,45.43184334,-75.68444173,13849
15--8782,2015/07/16,7:15 PM,BANK ST @ WALKLEY RD (0011423),11423,02 - Intersection related,03 - P.D. only,04 - Sideswipe,01 - Clear,01 - Daylight,01 - Dry,01 - Traffic signal,01 - Functioning,2,0,0,0,,0,,,,,370337.852,5025948.095,45.37041092,-75.66330339,13850
15--8149,2015/06/29,4:42 PM,REGIONAL ROAD 174 btwn OR174 IC109 RAMP54 & OR174 IC109 RAMP55 (__3ZA28X),__3ZA28X,01 - Non intersection,03 - P.D. only,03 - Rear end,01 - Clear,01 - Daylight,01 - Dry,10 - No control,,2,0,0,0,,0,,,,,376411.8566,5034857.539,45.44997869,-75.58447415,13851
15--8783,2015/07/16,7:54 PM,HUNTMAR DR btwn PALLADIUM DR & MAPLE GROVE RD (__3ZA1EH),__3ZA1EH,01 - Non intersection,02 - Non-fatal injury,03 - Rear end,01 - Clear,01 - Daylight,01 - Dry,10 - No control,,3,0,0,0,02 - Minor,2,1,1,,,350165.9834,5016822.643,45.28989402,-75.92165006,13852
15--815,2015/01/13,7:17 AM,KANATA AVE @ TERRY FOX DR (0012691),12691,03 - At intersection,02 - Non-fatal injury,02 - Angle,01 - Clear,03 - Dawn,04 - Slush,01 - Traffic signal,01 - Functioning,2,0,0,0,03 - Major,2,,,2,,349305.8675,5019209.175,45.31142377,-75.9324005,13853
15--8784,2015/07/16,7:57 AM,DORCHESTER AVE @ SILVER ST (0011297),11297,03 - At intersection,02 - Non-fatal injury,02 - Angle,01 - Clear,01 - Daylight,01 - Dry,02 - Stop sign,01 - Functioning,3,2,0,0,02 - Minor,2,,2,,,365159.1284,5026736.521,45.3779702,-75.72931554,13854
15--8150,2015/06/29,4:48 PM,KENT ST @ LAURIER AVE (0002222),2222,03 - At intersection,03 - P.D. only,02 - Angle,01 - Clear,01 - Daylight,01 - Dry,01 - Traffic signal,01 - Functioning,2,0,0,0,,0,,,,,367317.4197,5031164.949,45.4176267,-75.70119918,13855
15--8785,2015/07/16,8:02 PM,AVIATION PKWY @ OGILVIE RD (0004114),4114,03 - At intersection,03 - P.D. only,03 - Rear end,01 - Clear,01 - Daylight,01 - Dry,01 - Traffic signal,01 - Functioning,2,0,0,0,,0,,,,,373110.7142,5032376.946,45.42799004,-75.627017,13856
15--8151,2015/06/29,5:10 PM,CARLING AVE @ HWY 417 CARLING IC124R67 (0002104),2104,02 - Intersection related,03 - P.D. only,04 - Sideswipe,01 - Clear,01 - Daylight,01 - Dry,03 - Yield sign,00 - Unknown,2,0,0,0,,0,,,,,364333.6504,5027523.841,45.385125,-75.73975962,13857
15--8786,2015/07/16,8:07 AM,INNES RD btwn INNES RD & PAGE RD (__3ZA3JY),__3ZA3JY,01 - Non intersection,03 - P.D. only,04 - Sideswipe,01 - Clear,01 - Daylight,01 - Dry,10 - No control,,2,0,0,0,,0,,,,,380808.4227,5034492.079,45.44622625,-75.52833036,13858
15--8152,2015/06/29,5:15 PM,WEST HUNT CLUB RD @ WOODROFFE AVE (0000576),576,02 - Intersection related,03 - P.D. only,03 - Rear end,01 - Clear,01 - Daylight,01 - Dry,01 - Traffic signal,01 - Functioning,2,0,0,0,,0,,,,,363669.2496,5021246.129,45.32869501,-75.74899084,13859
15--8787,2015/07/16,8:13 PM,KING EDWARD AVE @ MURRAY ST (0002713),2713,02 - Intersection related,02 - Non-fatal injury,07 - SMV other,01 - Clear,01 - Daylight,01 - Dry,01 - Traffic signal,01 - Functioning,1,0,0,1,02 - Minor,1,,1,,,368291.88,5032753.672,45.43183373,-75.68854471,13860
15--8788,2015/07/16,9:00 PM,GREENBANK RD @ STRANDHERD DR (0005563),5563,02 - Intersection related,03 - P.D. only,03 - Rear end,01 - Clear,05 - Dusk,01 - Dry,01 - Traffic signal,01 - Functioning,2,0,0,0,,0,,,,,363934.4046,5014784.778,45.27053367,-75.74637911,13861
15--8789,2015/07/16,9:08 PM,CLARIDGE DR btwn BEATRICE DR & SLEAFORD GT (__31EM6X),__31EM6X,01 - Non intersection,03 - P.D. only,06 - SMV unattended vehicle,01 - Clear,05 - Dusk,01 - Dry,10 - No control,,1,0,0,0,,0,,,,,365269.7927,5016551.389,45.28631602,-75.72914697,13862
15--879,2015/01/14,5:27 PM,ST. JOSEPH BLVD @ TENTH LINE RD (0009163),9163,02 - Intersection related,03 - P.D. only,03 - Rear end,01 - Clear,05 - Dusk,06 - Ice,01 - Traffic signal,01 - Functioning,2,0,0,0,,0,,,,,382891.7677,5038665.971,45.48354962,-75.50103839,13863
15--8790,2015/07/16,9:13 PM,RANDALL JAMES DR btwn FOREST CREEK DR & KATHLEEN CRES (__3ZA57O),__3ZA57O,04 - At/near private drive,03 - P.D. only,02 - Angle,01 - Clear,05 - Dusk,01 - Dry,10 - No control,,2,0,0,0,,0,,,,,350985.4871,5014715.371,45.27087876,-75.91139924,13864
15--8791,2015/07/16,9:19 AM,BRITTANY DR @ MONTREAL RD (0007685),7685,02 - Intersection related,03 - P.D. only,04 - Sideswipe,01 - Clear,01 - Daylight,01 - Dry,01 - Traffic signal,01 - Functioning,2,0,0,0,,0,,,,,371912.6491,5033994.063,45.44265608,-75.64210559,13865
15--8792,2015/07/16,9:29 AM,RICHMOND RD @ LYNHAR RD/STAFFORD RD (0000155),155,02 - Intersection related,03 - P.D. only,03 - Rear end,01 - Clear,01 - Daylight,01 - Dry,01 - Traffic signal,01 - Functioning,2,0,0,0,,0,,,,,358137.6643,5021086.115,45.32769738,-75.81957058,13866
15--8793,2015/07/16,9:40 PM,BASELINE RD/HERON RD @ PRINCE OF WALES DR (0002345),2345,03 - At intersection,03 - P.D. only,04 - Sideswipe,01 - Clear,07 - Dark,01 - Dry,01 - Traffic signal,01 - Functioning,2,0,0,0,,0,,,,,366873.8867,5026439.163,45.37514482,-75.70746042,13867
15--8794,2015/07/17,1:26 PM,BESSERER ST @ DALHOUSIE ST (0011452),11452,03 - At intersection,03 - P.D. only,04 - Sideswipe,01 - Clear,01 - Daylight,01 - Dry,01 - Traffic signal,01 - Functioning,2,0,0,0,,0,,,,,368252.7017,5032158.656,45.42648354,-75.68912205,13868
15--8795,2015/07/17,1:40 PM,ISLAND PARK DR @ RICHMOND RD (0002125),2125,02 - Intersection related,03 - P.D. only,04 - Sideswipe,01 - Clear,01 - Daylight,01 - Dry,01 - Traffic signal,00 - Unknown,2,0,0,0,,0,,,,,364130.6867,5028867.196,45.39722948,-75.7421897,13869
15--8796,2015/07/17,10:13 PM,CROWNRIDGE DR @ HOPE SIDE RD (0010357),10357,03 - At intersection,03 - P.D. only,07 - SMV other,01 - Clear,07 - Dark,01 - Dry,02 - Stop sign,00 - Unknown,1,0,0,0,,0,,,,,356073.3513,5014980.706,45.27291375,-75.8465347,13870
15--8797,2015/07/17,10:15 PM,HIGHWAY 417 btwn HWY417 IC118 RAMP76 & HWY417 IC118 RAMP67 (__3ZA2YR),__3ZA2YR,01 - Non intersection,03 - P.D. only,04 - Sideswipe,02 - Rain,07 - Dark,02 - Wet,10 - No control,,2,0,0,0,,0,,,,,369510.3814,5031089.554,45.41674895,-75.67319194,13871
15--8798,2015/07/17,10:23 AM,ST. LAURENT BLVD btwn CONROY RD & THURSTON DR (__3ZA49E),__3ZA49E,04 - At/near private drive,03 - P.D. only,02 - Angle,01 - Clear,01 - Daylight,01 - Dry,10 - No control,,2,0,0,0,,0,,,,,373598.7902,5027445.546,45.38357181,-75.62146842,13872
15--8799,2015/07/17,10:34 AM,HUNT CLUB RD @ RIVERSIDE DR (0002237),2237,02 - Intersection related,03 - P.D. only,03 - Rear end,01 - Clear,01 - Daylight,01 - Dry,01 - Traffic signal,01 - Functioning,2,0,0,0,,0,,,,,368036.703,5021945.859,45.33461112,-75.69319015,13873
15--88,2015/01/03,4:22 PM,STITTSVILLE MAIN ST btwn RAVENSCROFT CRT & HOBIN ST (__3ZA2GF),__3ZA2GF,04 - At/near private drive,03 - P.D. only,02 - Angle,02 - Rain,05 - Dusk,03 - Loose snow,10 - No control,,2,0,0,0,,0,,,,,349651.1189,5014048.411,45.26496359,-75.92846417,13874
15--880,2015/01/14,5:32 PM,RIVERSIDE DR @ 175 S OF HUNT CLUB  RD/RUNWAY C (0011890),11890,03 - At intersection,03 - P.D. only,05 - Turning movement,01 - Clear,05 - Dusk,01 - Dry,01 - Traffic signal,01 - Functioning,2,0,0,0,,0,,,,,368028.5,5021767.746,45.33300924,-75.69331756,13875
15--8800,2015/07/17,10:35 PM,HIGHWAY 417 btwn HWY417 IC155 RAMP35 & HWY417 IC155 RAMP25 (__3ZAZNU),__3ZAZNU,01 - Non intersection,02 - Non-fatal injury,07 - SMV other,02 - Rain,07 - Dark,02 - Wet,10 - No control,,1,0,1,0,02 - Minor,1,,1,,,339615.1744,5019285.631,45.31265906,-76.05597981,13876
15--8801,2015/07/17,10:45 AM,MAPLE GROVE RD @ TERRY FOX DR (0003177),3177,02 - Intersection related,02 - Non-fatal injury,07 - SMV other,01 - Clear,01 - Daylight,01 - Dry,01 - Traffic signal,01 - Functioning,1,0,0,1,01 - Minimal,1,1,,,,351554.3293,5017862.663,45.29916141,-75.90385359,13877
15--8802,2015/07/17,11:01 PM,BEARBROOK RD btwn NORTHPARK DR & CENTREPARK DR (__3ZA2A2),__3ZA2A2,01 - Non intersection,02 - Non-fatal injury,06 - SMV unattended vehicle,02 - Rain,07 - Dark,02 - Wet,10 - No control,,1,0,0,0,01 - Minimal,1,1,,,,377865.5898,5033168.946,45.43463539,-75.56614197,13878
15--8803,2015/07/17,11:04 PM,BRONSON AVE @ GLADSTONE AVE (0002110),2110,03 - At intersection,02 - Non-fatal injury,07 - SMV other,02 - Rain,07 - Dark,02 - Wet,01 - Traffic signal,01 - Functioning,1,0,0,1,01 - Minimal,1,1,,,,367133.7017,5030081.924,45.40789836,-75.70368333,13879
15--8804,2015/07/17,11:16 PM,BAY ST @ SPARKS ST (0005128),5128,03 - At intersection,03 - P.D. only,02 - Angle,02 - Rain,07 - Dark,02 - Wet,01 - Traffic signal,01 - Functioning,2,0,0,0,,0,,,,,366856.6985,5031279.229,45.41869597,-75.70707096,13880
15--8805,2015/07/17,11:22 PM,PARENT AVE @ ST. PATRICK ST (0008240),8240,03 - At intersection,02 - Non-fatal injury,07 - SMV other,02 - Rain,07 - Dark,02 - Wet,01 - Traffic signal,01 - Functioning,1,0,0,1,02 - Minor,1,,1,,,367822.423,5032555.962,45.43009727,-75.6945693,13881
15--8806,2015/07/17,11:22 PM,BANK ST @ EXHIBITION WAY (0009013),9013,03 - At intersection,03 - P.D. only,05 - Turning movement,01 - Clear,07 - Dark,02 - Wet,01 - Traffic signal,01 - Functioning,2,0,0,0,,0,,,,,368530.717,5029087.649,45.39882638,-75.68596666,13882
15--8807,2015/07/17,11:51 PM,BANK ST @ RIVERSIDE DR N (0010778),10778,02 - Intersection related,03 - P.D. only,03 - Rear end,02 - Rain,07 - Dark,02 - Wet,01 - Traffic signal,01 - Functioning,3,0,0,0,,0,,,,,369224.9952,5027981.744,45.38881227,-75.67724396,13883
15--8808,2015/07/17,11:54 PM,CLARENCE ST @ COBOURG ST (0007621),7621,03 - At intersection,03 - P.D. only,05 - Turning movement,02 - Rain,07 - Dark,02 - Wet,02 - Stop sign,01 - Functioning,2,0,0,0,,0,,,,,368949.7094,5033055.51,45.43448952,-75.68009889,13884
15--8809,2015/07/17,12:00 PM,CARLING AVE EB btwn HWY417 IC124 RAMP57 & KIRKWOOD AVE (__3ZA30Y),__3ZA30Y,01 - Non intersection,03 - P.D. only,07 - SMV other,01 - Clear,01 - Daylight,01 - Dry,10 - No control,,1,0,0,0,,0,,,,,364293.6951,5027256.492,45.38272283,-75.74030202,13885
15--881,2015/01/14,5:42 PM,BRONSON AVE btwn UNIVERSITY RD & BREWER WAY (__3ZA3BT),__3ZA3BT,01 - Non intersection,03 - P.D. only,03 - Rear end,01 - Clear,07 - Dark,02 - Wet,10 - No control,,3,0,0,0,,0,,,,,367971.8667,5028004.318,45.38912953,-75.69324286,13886
15--8810,2015/07/17,12:00 PM,WALKLEY RD btwn HERON RD & HOLLY LANE (__3ZA1V8),__3ZA1V8,04 - At/near private drive,02 - Non-fatal injury,05 - Turning movement,01 - Clear,01 - Daylight,01 - Dry,10 - No control,,2,1,0,0,01 - Minimal,1,1,,,,372202.1932,5027045.187,45.38010531,-75.63935499,13887
15--8811,2015/07/17,12:00 PM,ISABELLA ST/HWY417 IC119AR75 @ METCALFE ST (0011380),11380,02 - Intersection related,03 - P.D. only,03 - Rear end,01 - Clear,01 - Daylight,01 - Dry,01 - Traffic signal,01 - Functioning,2,0,0,0,,0,,,,,368447.9858,5030399.204,45.41063486,-75.68685399,13888
15--8812,2015/07/17,12:22 PM,REGIONAL ROAD 174 btwn OR174 IC102 RAMP51 & REGIONAL ROAD 174 (__3ZA1I7),__3ZA1I7,01 - Non intersection,03 - P.D. only,07 - SMV other,01 - Clear,01 - Daylight,01 - Dry,10 - No control,,1,0,0,0,,0,,,,,381405.4315,5038132.573,45.47891525,-75.5201322,13889
15--8813,2015/07/17,2:13 PM,BANK ST @ GILMOUR ST (0007270),7270,02 - Intersection related,02 - Non-fatal injury,03 - Rear end,01 - Clear,01 - Daylight,01 - Dry,01 - Traffic signal,01 - Functioning,2,0,0,0,01 - Minimal,2,2,,,,367785.984,5030774.211,45.41406894,-75.69526274,13890
15--8814,2015/07/17,2:21 PM,JOHN ST btwn THOMAS ST & CHARLES ST (__3ZA8A7),__3ZA8A7,04 - At/near private drive,03 - P.D. only,99 - Other,01 - Clear,01 - Daylight,01 - Dry,10 - No control,,2,0,0,0,,0,,,,,368025.0054,5033873.736,45.44193584,-75.69181129,13891
15--8815,2015/07/17,2:38 PM,RIVERSIDE DR @ HERON RD (0002236),2236,02 - Intersection related,03 - P.D. only,03 - Rear end,01 - Clear,01 - Daylight,01 - Dry,01 - Traffic signal,01 - Functioning,2,0,0,0,,0,,,,,368120.3842,5026647.581,45.37690858,-75.69152039,13892
15--8816,2015/07/17,3:00 PM,PARKDALE AVE WB ON RAMP/OTTAWA RIVER PKWY btwn PARKDALE AVE & OTTAWA R (__3ZAY0S),__3ZAY0S,01 - Non intersection,03 - P.D. only,07 - SMV other,02 - Rain,01 - Daylight,02 - Wet,10 - No control,,1,0,0,0,,0,,,,,364613.8181,5030524.74,45.4121026,-75.73581831,13893
15--8817,2015/07/17,3:26 PM,ALBERT ST btwn BRONSON AVE & BAY ST (__3ZA339),__3ZA339,01 - Non intersection,03 - P.D. only,04 - Sideswipe,01 - Clear,01 - Daylight,01 - Dry,10 - No control,,2,0,0,0,,0,,,,,366846.6938,5031085.91,45.41695744,-75.70722313,13894
15--8818,2015/07/17,3:43 PM,LEMIEUX ST @ ST. LAURENT BLVD (0002021),2021,03 - At intersection,03 - P.D. only,05 - Turning movement,02 - Rain,01 - Daylight,02 - Wet,01 - Traffic signal,01 - Functioning,2,0,0,0,,0,,,,,372390.6436,5031742.474,45.42235132,-75.63630522,13895
15--8819,2015/07/17,3:46 PM,BRUIN RD @ CEDARVIEW RD (0005240),5240,02 - Intersection related,03 - P.D. only,07 - SMV other,02 - Rain,01 - Daylight,02 - Wet,02 - Stop sign,01 - Functioning,1,0,0,0,,0,,,,,359231.2461,5020935.95,45.32626223,-75.80563727,13896
15--882,2015/01/14,5:43 PM,GREENBANK RD @ WEST HUNT CLUB RD (0005167),5167,02 - Intersection related,02 - Non-fatal injury,03 - Rear end,01 - Clear,07 - Dark,01 - Dry,01 - Traffic signal,01 - Functioning,2,0,0,0,02 - Minor,1,,1,,,361480.6409,5020502.961,45.32218816,-75.77699424,13897
15--8820,2015/07/17,3:54 PM,ANAND PRIV btwn END & WALKLEY RD (e___2HBJ),e___2HBJ,04 - At/near private drive,03 - P.D. only,02 - Angle,02 - Rain,01 - Daylight,02 - Wet,10 - No control,,2,0,0,0,,0,,,,,370230.585,5025835.313,45.36940617,-75.66468762,13898
15--8821,2015/07/17,4:09 PM,SIXTH LINE RD btwn TORWOOD DR & BESSBOROUGH LANE (__3ZA3ED),__3ZA3ED,01 - Non intersection,03 - P.D. only,07 - SMV other,02 - Rain,01 - Daylight,02 - Wet,10 - No control,,1,0,0,0,,0,,,,,345513.1645,5034114.223,45.44577333,-75.97953912,13899
15--8822,2015/07/17,4:50 PM,HIGHWAY 417 btwn HWY417 IC118 RAMP67 & HWY417 IC117 RAMP36 (__3ZA2YO),__3ZA2YO,01 - Non intersection,03 - P.D. only,03 - Rear end,02 - Rain,01 - Daylight,02 - Wet,10 - No control,,2,0,0,0,,0,,,,,370264.894,5031122.767,45.4169776,-75.6635481,13900
15--8823,2015/07/17,4:54 PM,STAR TOP RD btwn CYRVILLE RD & ALGOMA RD (__3ZA7XF),__3ZA7XF,04 - At/near private drive,03 - P.D. only,02 - Angle,02 - Rain,01 - Daylight,02 - Wet,10 - No control,,2,0,0,0,,0,,,,,373863.3905,5031383.377,45.4189765,-75.61753855,13901
15--8824,2015/07/17,5:00 PM,WOODROFFE AVE btwn HWY417 IC127 RAMP62 & HWY417 IC127 RAMP26 (__3ZA4ME),__3ZA4ME,01 - Non intersection,02 - Non-fatal injury,03 - Rear end,02 - Rain,01 - Daylight,02 - Wet,10 - No control,,2,0,0,0,02 - Minor,1,,1,,,362066.1103,5024978.076,45.36240751,-75.7690087,13902
15--8825,2015/07/17,5:25 PM,EAGLESON RD btwn FAULKNER TR & FALLOWFIELD RD (__3ZA410),__3ZA410,01 - Non intersection,03 - P.D. only,03 - Rear end,02 - Rain,01 - Daylight,02 - Wet,10 - No control,,3,0,0,0,,0,,,,,355769.694,5013093.739,45.25595647,-75.8505981,13903
15--8826,2015/07/17,5:30 PM,STAGECOACH RD btwn OLD STAGECOACH RD & BLANCHFIELD RD (__30LJDU),__30LJDU,04 - At/near private drive,03 - P.D. only,03 - Rear end,01 - Clear,01 - Daylight,01 - Dry,10 - No control,,2,0,0,0,,0,,,,,377943.1517,5002226.132,45.15621731,-75.56971445,13904
15--8827,2015/07/17,5:30 PM,MARCH RD @ SOLANDT RD (0003172),3172,03 - At intersection,03 - P.D. only,05 - Turning movement,02 - Rain,01 - Daylight,02 - Wet,01 - Traffic signal,01 - Functioning,2,0,0,0,,0,,,,,350489.605,5022710.494,45.34285347,-75.91698153,13905
15--8828,2015/07/17,5:34 PM,WOODROFFE AVE @ SPORTSPLEX S (0010592),10592,02 - Intersection related,03 - P.D. only,03 - Rear end,02 - Rain,01 - Daylight,02 - Wet,01 - Traffic signal,01 - Functioning,2,0,0,0,,0,,,,,363830.3843,5020900.171,45.32556857,-75.74697663,13906
15--8829,2015/07/17,5:42 PM,PARKDALE AVE EB ON RAMP/OTTAWA RIVER PKWY btwn OTTAWA RIVER PKWY & PAR (__3ZAY0Q),__3ZAY0Q,01 - Non intersection,02 - Non-fatal injury,07 - SMV other,02 - Rain,01 - Daylight,02 - Wet,10 - No control,,1,0,1,0,01 - Minimal,1,1,,,,364731.5821,5030390.523,45.41088487,-75.73433021,13907
15--883,2015/01/14,5:43 PM,GREENBANK RD @ MALVERN DR/FOXFIELD DR (0009821),9821,03 - At intersection,03 - P.D. only,05 - Turning movement,01 - Clear,07 - Dark,04 - Slush,01 - Traffic signal,01 - Functioning,2,0,0,0,,0,,,,,363311.6864,5016193.951,45.28326553,-75.75414838,13908
15--8830,2015/07/17,5:47 PM,MER BLEUE RD E @ NAVAN RD (0004056),4056,03 - At intersection,02 - Non-fatal injury,05 - Turning movement,02 - Rain,01 - Daylight,02 - Wet,02 - Stop sign,01 - Functioning,2,0,0,0,02 - Minor,1,,1,,,384138.9407,5032194.879,45.42518796,-75.48613076,13909
15--8831,2015/07/17,5:52 PM,DUNROBIN RD btwn DUNROBIN RD & MURPHY SIDE RD (__3ZA3EB),__3ZA3EB,01 - Non intersection,03 - P.D. only,07 - SMV other,02 - Rain,01 - Daylight,02 - Wet,10 - No control,,1,0,0,0,,0,,,,,344670.8113,5028764.681,45.39768563,-75.99073995,13910
15--8832,2015/07/17,6:02 PM,RUSSELL RD S @ ST. LAURENT BLVD (0007734),7734,03 - At intersection,03 - P.D. only,07 - SMV other,01 - Clear,01 - Daylight,01 - Dry,01 - Traffic signal,01 - Functioning,1,0,0,0,,0,,,,,373570.3273,5029259.658,45.39989717,-75.621579,13911
15--8833,2015/07/17,6:30 PM,BRONSON AVE @ FOURTH AVE (0007224),7224,03 - At intersection,03 - P.D. only,02 - Angle,02 - Rain,01 - Daylight,02 - Wet,02 - Stop sign,01 - Functioning,2,0,0,0,,0,,,,,367583.7135,5029009.2,45.39820608,-75.69807154,13912
15--8834,2015/07/17,7:03 PM,CYRVILLE RD @ INNES RD (0009352),9352,02 - Intersection related,03 - P.D. only,04 - Sideswipe,01 - Clear,01 - Daylight,01 - Dry,01 - Traffic signal,01 - Functioning,2,0,0,0,,0,,,,,375046.4612,5031119.384,45.41648345,-75.60246128,13913
15--8835,2015/07/17,7:18 PM,CAMBRIDGE ST @ SOMERSET ST (0006339),6339,03 - At intersection,03 - P.D. only,02 - Angle,02 - Rain,01 - Daylight,02 - Wet,02 - Stop sign,01 - Functioning,2,0,0,0,,0,,,,,366900.1403,5030432.487,45.41107339,-75.70662264,13914
15--8836,2015/07/17,7:30 AM,MARCH VALLEY RD btwn RIDDELL DR & KLONDIKE RD (__3ZACJC),__3ZACJC,01 - Non intersection,03 - P.D. only,07 - SMV other,01 - Clear,01 - Daylight,01 - Dry,10 - No control,,1,0,0,0,,0,,,,,349264.6891,5026110.6,45.37352707,-75.93230532,13915
15--8837,2015/07/17,7:33 PM,JASMINE CRES S @ OGILVIE RD (0009282),9282,03 - At intersection,03 - P.D. only,02 - Angle,02 - Rain,01 - Daylight,02 - Wet,02 - Stop sign,01 - Functioning,2,0,0,0,,0,,,,,375354.7353,5033720.946,45.43985982,-75.59815025,13916
15--8838,2015/07/17,7:44 AM,BOURASSA ST @ ST. LAURENT BLVD (0007731),7731,02 - Intersection related,03 - P.D. only,03 - Rear end,01 - Clear,01 - Daylight,01 - Dry,01 - Traffic signal,01 - Functioning,2,0,0,0,,0,,,,,373235.2906,5029693.196,45.40383077,-75.62579784,13917
15--8839,2015/07/17,7:51 AM,MERIVALE RD btwn ENTERPRISE AVE & BONGARD AVE (__3ZA3I1),__3ZA3I1,04 - At/near private drive,02 - Non-fatal injury,02 - Angle,01 - Clear,01 - Daylight,01 - Dry,10 - No control,,2,1,0,0,02 - Minor,1,,1,,,365850.703,5021363.929,45.32956859,-75.72114952,13918