Anom_ID,Accident_Date,Accident_Time,Location,Geo_ID,Accident_Location,Classification_of_Accident,Initial_Impact_Type,Environment_Condition,Light,Road_Surface_Condition,Traffic_Control,Traffic_Control_Condition,No__of_Vehicles,No__of_Bicycles,No__of_Motorcycles,No__of_Pedestrians,Max_Injury,No__of_Injuries,No__of_Minimal,No__of_Minor,No__of_Major,No__of_Fatal,X,Y,Latitude,Longitude,ObjectId
15--884,2015/01/14,5:45 PM,HWY417 IC124 RAMP76 btwn HIGHWAY 417 & CARLING AVE (__3ZAYA5),__3ZAYA5,01 - Non intersection,03 - P.D. only,03 - Rear end,01 - Clear,07 - Dark,01 - Dry,10 - No control,,2,0,0,0,,0,,,,,364140.1896,5027214.933,45.38236191,-75.74226702,13919
15--8840,2015/07/17,8:15 AM,CHENIER WAY btwn CARRIGAN DR & WILKIE DR (__3ZBN86),__3ZBN86,01 - Non intersection,03 - P.D. only,06 - SMV unattended vehicle,01 - Clear,01 - Daylight,01 - Dry,10 - No control,,1,0,0,0,,0,,,,,384297.5131,5037169.903,45.46993075,-75.48330082,13920
15--8841,2015/07/17,8:30 PM,ST. LAURENT BLVD @ WALKLEY RD (0007653),7653,03 - At intersection,03 - P.D. only,01 - Approaching,02 - Rain,05 - Dusk,02 - Wet,01 - Traffic signal,01 - Functioning,2,0,0,0,,0,,,,,373903.4708,5028046.224,45.38894645,-75.61749414,13921
15--8842,2015/07/17,8:51 PM,REGIONAL ROAD 174 btwn OR174 IC102 RAMP36 & OR174 IC102 RAMP26 (__6K3NTG),__6K3NTG,01 - Non intersection,02 - Non-fatal injury,07 - SMV other,02 - Rain,05 - Dusk,02 - Wet,10 - No control,,1,0,1,0,03 - Major,1,,,1,,381481.1608,5038200.833,45.47952108,-75.51915302,13922
15--8843,2015/07/17,9:10 PM,CONSTANCE BAY RD @ MONTY DR (0005787),5787,03 - At intersection,02 - Non-fatal injury,02 - Angle,02 - Rain,07 - Dark,02 - Wet,02 - Stop sign,01 - Functioning,2,1,0,0,02 - Minor,1,,1,,,337702.6024,5038143.023,45.48243678,-76.07911353,13923
15--8844,2015/07/17,9:40 PM,CITY PARK DR btwn AMBASSADOR AVE & OGILVIE RD (__3ZA4B7),__3ZA4B7,01 - Non intersection,03 - P.D. only,05 - Turning movement,02 - Rain,07 - Dark,02 - Wet,10 - No control,,2,0,0,0,,0,,,,,374201.1545,5032982.829,45.4333341,-75.6129979,13924
15--8845,2015/07/17,9:43 PM,INDUSTRIAL AVE @ RUSSELL RD (0007732),7732,03 - At intersection,03 - P.D. only,05 - Turning movement,02 - Rain,07 - Dark,02 - Wet,01 - Traffic signal,01 - Functioning,2,0,0,0,,0,,,,,372466.4493,5030279.193,45.40917806,-75.63553758,13925
15--8846,2015/07/18,1:00 AM,FRINGEWOOD DR btwn LAZY NOL CRT & WOODWIND CRES (__3ZACMB),__3ZACMB,01 - Non intersection,03 - P.D. only,07 - SMV other,01 - Clear,07 - Dark,01 - Dry,10 - No control,,1,0,0,0,,0,,,,,351005.5976,5015500.329,45.27794074,-75.9110699,13926
15--8847,2015/07/18,1:05 AM,TERRY FOX DR @ EDGEWATER ST/WALTER BAKER PL (0002699),2699,02 - Intersection related,03 - P.D. only,07 - SMV other,01 - Clear,07 - Dark,02 - Wet,01 - Traffic signal,00 - Unknown,1,0,0,0,,0,,,,,351778.3289,5017613.09,45.29690075,-75.90102125,13927
15--8848,2015/07/18,1:05 PM,ISLAND PARK DR btwn BYRON AVE & IONA ST (__3ZA233),__3ZA233,01 - Non intersection,02 - Non-fatal injury,03 - Rear end,01 - Clear,01 - Daylight,01 - Dry,10 - No control,,2,1,0,0,01 - Minimal,1,1,,,,364266.7364,5028568.813,45.39453315,-75.74048811,13928
15--8153,2015/06/29,5:17 PM,BARNSDALE RD @ PRINCE OF WALES DR (0001082),1082,03 - At intersection,03 - P.D. only,02 - Angle,01 - Clear,01 - Daylight,01 - Dry,02 - Stop sign,01 - Functioning,2,0,0,0,,0,,,,,366646.6962,5011531.332,45.24102596,-75.71222122,13929
15--8154,2015/06/29,5:22 PM,CARLING AVE WB btwn POULIN AVE & ALPINE AVE (__3ZA4VZ),__3ZA4VZ,01 - Non intersection,02 - Non-fatal injury,03 - Rear end,01 - Clear,01 - Daylight,01 - Dry,10 - No control,,3,0,0,0,02 - Minor,2,1,1,,,360479.3797,5024932.068,45.36212135,-75.78926662,13930
15--8155,2015/06/29,5:36 PM,MERIVALE RD btwn BECKSTEAD RD & QUEEN ANNE CRES (__3ZBN97),__3ZBN97,01 - Non intersection,03 - P.D. only,03 - Rear end,01 - Clear,01 - Daylight,01 - Dry,10 - No control,,2,0,0,0,,0,,,,,367309.8713,5017798.896,45.29736248,-75.70298585,13931
15--8156,2015/06/29,5:45 PM,ELGIN ST btwn FRANK ST & GLADSTONE AVE (__3ZA3RL),__3ZA3RL,01 - Non intersection,03 - P.D. only,04 - Sideswipe,01 - Clear,01 - Daylight,01 - Dry,10 - No control,,2,0,0,0,,0,,,,,368367.8012,5030873.076,45.41490589,-75.68781718,13932
15--8157,2015/06/29,5:46 PM,RIOCAN AVE @ STRANDHERD DR (0010997),10997,02 - Intersection related,03 - P.D. only,03 - Rear end,01 - Clear,01 - Daylight,01 - Dry,01 - Traffic signal,01 - Functioning,2,0,0,0,,0,,,,,364173.6502,5014945.654,45.27196107,-75.74331115,13933
15--8158,2015/06/29,5:52 PM,BROOKFIELD RD btwn RIVERSIDE DR/HOG'S BACK RD & 200 W OF FLANNERY DR (__3ZA225A),__3ZA225A,01 - Non intersection,03 - P.D. only,07 - SMV other,01 - Clear,01 - Daylight,01 - Dry,10 - No control,,1,0,0,0,,0,,,,,368270.7741,5026232.251,45.37315794,-75.68965377,13934
15--8159,2015/06/29,6:06 PM,MERIVALE RD/LOTTA AVE @ CLYDE AVE (0001112),1112,02 - Intersection related,03 - P.D. only,04 - Sideswipe,01 - Clear,01 - Daylight,01 - Dry,01 - Traffic signal,01 - Functioning,2,0,0,0,,0,,,,,364521.6983,5024507.166,45.35796543,-75.73772321,13935
15--816,2015/01/13,7:20 AM,REGIONAL ROAD 174 btwn OR174 IC109 RAMP64 & OR174 IC105 RAMP16 (__3ZA2XD),__3ZA2XD,01 - Non intersection,03 - P.D. only,03 - Rear end,01 - Clear,03 - Dawn,01 - Dry,10 - No control,,2,0,0,0,,0,,,,,378524.0473,5036538.868,45.46488647,-75.55722227,13936
15--8160,2015/06/29,6:10 PM,INNES RD @ TENTH LINE RD (0004633),4633,02 - Intersection related,03 - P.D. only,03 - Rear end,01 - Clear,01 - Daylight,01 - Dry,01 - Traffic signal,01 - Functioning,2,0,0,0,,0,,,,,383951.0396,5036159.2,45.46087672,-75.48789395,13937
15--8161,2015/06/29,6:10 PM,BENTLEY AVE @ SUNDERLAND ST (0005117),5117,02 - Intersection related,03 - P.D. only,99 - Other,01 - Clear,01 - Daylight,01 - Dry,02 - Stop sign,01 - Functioning,2,0,0,0,,0,,,,,366151.4208,5021836.858,45.33379772,-75.71725488,13938
15--8162,2015/06/29,6:20 PM,LEWIS ST @ O'CONNOR ST (0007273),7273,03 - At intersection,03 - P.D. only,02 - Angle,01 - Clear,01 - Daylight,01 - Dry,02 - Stop sign,00 - Unknown,2,0,0,0,,0,,,,,367967.7058,5030830.495,45.41455899,-75.692934,13939
15--8163,2015/06/29,7:30 PM,GEORGE ST btwn WILLIAM ST & DALHOUSIE ST (__3ZA8Z1),__3ZA8Z1,04 - At/near private drive,03 - P.D. only,02 - Angle,01 - Clear,01 - Daylight,01 - Dry,10 - No control,,2,0,0,0,,0,,,,,368098.8458,5032276.992,45.42756223,-75.6910728,13940
15--8164,2015/06/29,7:38 PM,BANK ST @ GROVE AVE (0007217),7217,03 - At intersection,03 - P.D. only,02 - Angle,01 - Clear,01 - Daylight,01 - Dry,02 - Stop sign,01 - Functioning,2,0,0,0,,0,,,,,368847.7107,5028372.909,45.39236645,-75.6820109,13941
15--8165,2015/06/29,8:00 PM,NEWBOROUGH CRES btwn MAYFORD AVE & MARKLAND CRES (__3ZA5A3),__3ZA5A3,01 - Non intersection,03 - P.D. only,06 - SMV unattended vehicle,01 - Clear,01 - Daylight,01 - Dry,10 - No control,,1,0,0,0,,0,,,,,366166.8216,5016285.093,45.28384216,-75.71774587,13942
15--8166,2015/06/29,8:07 PM,BANK ST @ WALKLEY RD (0011423),11423,02 - Intersection related,03 - P.D. only,04 - Sideswipe,01 - Clear,01 - Daylight,01 - Dry,01 - Traffic signal,01 - Functioning,2,0,0,0,,0,,,,,370338.5727,5025947.375,45.37040438,-75.66329428,13943
15--8167,2015/06/29,8:15 PM,HIGHWAY 417 btwn HWY417 IC163 RAMP15 & HWY417 IC155 RAMP51 (__3ZAZNS),__3ZAZNS,01 - Non intersection,02 - Non-fatal injury,04 - Sideswipe,01 - Clear,05 - Dusk,01 - Dry,10 - No control,,2,0,1,0,03 - Major,1,,,1,,336047.5162,5020213.62,45.32117739,-76.10142073,13944
15--8168,2015/06/29,8:19 AM,MONTREAL RD @ GRANVILLE ST/LAFONTAINE AVE (0009348),9348,03 - At intersection,03 - P.D. only,05 - Turning movement,02 - Rain,01 - Daylight,02 - Wet,01 - Traffic signal,01 - Functioning,2,0,0,0,,0,,,,,370825.272,5033474.231,45.43808241,-75.65607363,13945
15--8169,2015/06/29,8:40 AM,OTTAWA RIVER PKWY EB btwn TUNNEY'S PASTURE/REMIC RAPIDS ENT & ISLAND P (__3ZA24JA),__3ZA24JA,01 - Non intersection,03 - P.D. only,03 - Rear end,02 - Rain,01 - Daylight,02 - Wet,10 - No control,,2,0,0,0,,0,,,,,363403.1699,5029626.006,45.40411839,-75.75139105,13946
15--817,2015/01/13,7:20 AM,HIGHWAY 417 btwn HWY417 IC121B RAMP16 & HWY417 IC121A RAMP16 (__3ZA2YX),__3ZA2YX,01 - Non intersection,03 - P.D. only,99 - Other,01 - Clear,03 - Dawn,01 - Dry,10 - No control,,2,0,0,0,,0,,,,,366767.1152,5029587.754,45.4034845,-75.70842814,13947
15--8170,2015/06/29,8:45 AM,COLE AVE btwn DOVERCOURT AVE & GREENWOOD AVE (__3ZA4AF),__3ZA4AF,01 - Non intersection,03 - P.D. only,06 - SMV unattended vehicle,01 - Clear,01 - Daylight,01 - Dry,10 - No control,,1,0,0,0,,0,,,,,363299.5475,5027248.03,45.38273042,-75.75299659,13948
15--8171,2015/06/29,8:45 PM,AVIATION PKWY @ MONTREAL RD (0008799),8799,02 - Intersection related,03 - P.D. only,03 - Rear end,01 - Clear,05 - Dusk,01 - Dry,01 - Traffic signal,01 - Functioning,2,0,0,0,,0,,,,,372145.9959,5034106.781,45.44364782,-75.63910766,13949
15--8172,2015/06/29,9:18 AM,MCCARTHY RD btwn PAUL ANKA DR & HUNTVIEW PRIV (__3ZA9C4),__3ZA9C4,04 - At/near private drive,03 - P.D. only,02 - Angle,01 - Clear,01 - Daylight,01 - Dry,10 - No control,,2,0,0,0,,0,,,,,369784.7659,5023830.019,45.35140459,-75.67064218,13950
15--8173,2015/06/29,9:20 PM,KING EDWARD AVE @ SUSSEX DR (0002653),2653,03 - At intersection,03 - P.D. only,07 - SMV other,01 - Clear,07 - Dark,01 - Dry,01 - Traffic signal,01 - Functioning,1,0,0,0,,0,,,,,367659.5535,5033507.865,45.43867682,-75.69652903,13951
15--8174,2015/06/29,9:27 PM,REMNOR AVE btwn KEYROCK DR & BADGELEY AVE (__54M2QD),__54M2QD,01 - Non intersection,03 - P.D. only,06 - SMV unattended vehicle,01 - Clear,07 - Dark,01 - Dry,10 - No control,,1,0,0,0,,0,,,,,349672.0118,5020290.581,45.32113126,-75.92763321,13952
15--8175,2015/06/29,9:51 AM,TROTTING WAY btwn EQUESTRIAN DR & FOXLEIGH CRES (__3ZABG0),__3ZABG0,04 - At/near private drive,03 - P.D. only,06 - SMV unattended vehicle,01 - Clear,01 - Daylight,01 - Dry,10 - No control,,1,0,0,0,,0,,,,,354670.469,5016185.7,45.28385746,-75.86429187,13953
15--8176,2015/06/30,1:15 PM,KING EDWARD AVE @ MURRAY ST (0002713),2713,02 - Intersection related,03 - P.D. only,03 - Rear end,01 - Clear,01 - Daylight,01 - Dry,01 - Traffic signal,01 - Functioning,2,0,0,0,,0,,,,,368292.4205,5032752.501,45.43182314,-75.68853796,13954
15--8177,2015/06/30,10:02 PM,VIEWMOUNT DR @ MERIVALE RD (0001528),1528,02 - Intersection related,03 - P.D. only,04 - Sideswipe,01 - Clear,07 - Dark,01 - Dry,01 - Traffic signal,01 - Functioning,2,0,1,0,,0,,,,,365194.4191,5022950.661,45.3439026,-75.72932761,13955
15--8178,2015/06/30,10:04 AM,BRONSON AVE @ LAURIER AVE (0006342),6342,02 - Intersection related,03 - P.D. only,99 - Other,01 - Clear,01 - Daylight,01 - Dry,01 - Traffic signal,01 - Functioning,2,0,0,0,,0,,,,,366804.701,5030860.488,45.41493288,-75.70778799,13956
15--8179,2015/06/30,10:23 PM,MOODIE DR btwn WEST HUNT CLUB RD & ALTI PL (__3ZBOCW),__3ZBOCW,01 - Non intersection,03 - P.D. only,07 - SMV other,01 - Clear,07 - Dark,01 - Dry,10 - No control,,1,0,0,0,,0,,,,,358592.6011,5016747.959,45.28862753,-75.81423823,13957
15--818,2015/01/13,7:41 AM,ST. LAURENT BLVD @ MCARTHUR AVE (0008246),8246,02 - Intersection related,03 - P.D. only,03 - Rear end,01 - Clear,03 - Dawn,02 - Wet,01 - Traffic signal,01 - Functioning,2,0,0,0,,0,,,,,371921.719,5032887.093,45.43269522,-75.64214061,13958
15--8180,2015/06/30,10:35 PM,BANK ST btwn TURN LANE & SPRINGHILL RD (__3ZA2LG),__3ZA2LG,01 - Non intersection,03 - P.D. only,07 - SMV other,02 - Rain,07 - Dark,02 - Wet,10 - No control,,1,0,0,0,,0,,,,,384375.2678,5008331.948,45.21045895,-75.48694465,13959
15--8181,2015/06/30,10:57 AM,GREENBANK RD @ CANFIELD RD/CRAIG HENRY DR (0000154),154,03 - At intersection,02 - Non-fatal injury,05 - Turning movement,01 - Clear,01 - Daylight,01 - Dry,01 - Traffic signal,01 - Functioning,3,0,0,0,02 - Minor,3,2,1,,,361107.4018,5021363.77,45.32996375,-75.78165693,13960
15--8182,2015/06/30,11:19 AM,BANK ST @ LEITRIM RD (0004125),4125,02 - Intersection related,03 - P.D. only,03 - Rear end,01 - Clear,01 - Daylight,01 - Dry,01 - Traffic signal,01 - Functioning,2,0,0,0,,0,,,,,375357.7542,5021619.137,45.33097346,-75.59984157,13961
15--8183,2015/06/30,11:20 AM,BANK ST @ WALKLEY RD (0011423),11423,02 - Intersection related,03 - P.D. only,03 - Rear end,01 - Clear,01 - Daylight,01 - Dry,01 - Traffic signal,01 - Functioning,2,0,0,0,,0,,,,,370337.852,5025946.654,45.37039796,-75.66330358,13962
15--8184,2015/06/30,11:42 AM,CAMPEAU DR btwn GRAY CRES & BELLROCK DR (__4H4EEZ),__4H4EEZ,01 - Non intersection,03 - P.D. only,03 - Rear end,01 - Clear,01 - Daylight,01 - Dry,10 - No control,,2,0,0,0,,0,,,,,352118.9037,5020102.583,45.31927894,-75.89644143,13963
15--8185,2015/06/30,11:52 AM,CITY PARK DR btwn OGILVIE RD & WILBURY RD (__3ZAZQG),__3ZAZQG,04 - At/near private drive,03 - P.D. only,05 - Turning movement,01 - Clear,01 - Daylight,01 - Dry,10 - No control,,2,0,0,0,,0,,,,,373850.5118,5032753.696,45.4313072,-75.61751099,13964
15--8186,2015/06/30,12:05 PM,WOODROFFE AVE btwn CARLING AVE & FOX CRES (__3ZA4NI),__3ZA4NI,04 - At/near private drive,03 - P.D. only,03 - Rear end,01 - Clear,01 - Daylight,01 - Dry,10 - No control,,2,0,0,0,,0,,,,,361775.6258,5025708.907,45.36900714,-75.77263211,13965
15--8187,2015/06/30,12:28 PM,FOWLER ST/NIXON FARM DR @ PERTH ST (0000139),139,03 - At intersection,02 - Non-fatal injury,07 - SMV other,01 - Clear,01 - Daylight,01 - Dry,01 - Traffic signal,01 - Functioning,1,0,0,1,02 - Minor,1,,1,,,356521.3327,5006052.471,45.19254234,-75.84175377,13966
15--8188,2015/06/30,12:45 PM,BASELINE RD @ GREENBANK RD (0002357),2357,02 - Intersection related,03 - P.D. only,03 - Rear end,01 - Clear,01 - Daylight,01 - Dry,01 - Traffic signal,01 - Functioning,2,0,0,0,,0,,,,,360598.405,5022583.419,45.34097881,-75.78801244,13967
15--8189,2015/06/30,12:46 PM,MONTREAL RD @ OGILVIE RD (0009279),9279,02 - Intersection related,02 - Non-fatal injury,03 - Rear end,01 - Clear,01 - Daylight,01 - Dry,01 - Traffic signal,01 - Functioning,2,0,0,0,01 - Minimal,2,2,,,,375653.2936,5034555.505,45.44733848,-75.59421431,13968
15--819,2015/01/13,7:45 AM,HIGHWAY 417 btwn HWY417 IC124 RAMP65 & HWY417 IC122 RAMP51 (__3ZA2R8),__3ZA2R8,01 - Non intersection,03 - P.D. only,03 - Rear end,01 - Clear,03 - Dawn,01 - Dry,10 - No control,,2,0,0,0,,0,,,,,364738.903,5027959.285,45.38900848,-75.73453215,13969
15--8190,2015/06/30,2:00 PM,BAYSHORE DR @ WOODRIDGE CRES S (0000360),360,02 - Intersection related,03 - P.D. only,03 - Rear end,01 - Clear,01 - Daylight,01 - Dry,01 - Traffic signal,01 - Functioning,2,0,0,0,,0,,,,,359232.9483,5023508.425,45.34940931,-75.80533257,13970
15--8191,2015/06/30,2:20 PM,CAROLINE AVE btwn SPENCER ST & WELLINGTON ST W (__3ZA04L),__3ZA04L,01 - Non intersection,03 - P.D. only,06 - SMV unattended vehicle,01 - Clear,01 - Daylight,01 - Dry,10 - No control,,1,0,0,0,,0,,,,,364703.9923,5029209.631,45.40026183,-75.73482613,13971
15--8192,2015/06/30,2:50 PM,BANK ST @ ST. PAUL AVE (0011298),11298,03 - At intersection,03 - P.D. only,02 - Angle,01 - Clear,01 - Daylight,01 - Dry,02 - Stop sign,00 - Unknown,2,0,0,0,,0,,,,,370509.547,5025561.389,45.36691539,-75.66116309,13972
15--8193,2015/06/30,2:57 PM,INDUSTRIAL AVE @ ALTA VISTA DR/SANDFORD FLEMIN (0006979),6979,03 - At intersection,03 - P.D. only,02 - Angle,01 - Clear,01 - Daylight,01 - Dry,01 - Traffic signal,01 - Functioning,2,0,0,0,,0,,,,,370884.0031,5030556.489,45.41182426,-75.65571447,13973
15--8194,2015/06/30,3:01 AM,ROSSLAND AVE btwn PENDER ST & ST. HELEN'S PL (__3ZAAWJ),__3ZAAWJ,01 - Non intersection,03 - P.D. only,06 - SMV unattended vehicle,01 - Clear,07 - Dark,01 - Dry,10 - No control,,1,0,0,0,,0,,,,,364363.3981,5023961.963,45.35307323,-75.73980923,13974
15--8195,2015/06/30,3:01 PM,LAURIER AVE   W btwn METCALFE ST & ELGIN ST (__3ZA35P),__3ZA35P,04 - At/near private drive,02 - Non-fatal injury,05 - Turning movement,01 - Clear,01 - Daylight,01 - Dry,10 - No control,,2,1,0,0,02 - Minor,1,,1,,,367863.2886,5031496.075,45.42055708,-75.69418278,13975
15--8196,2015/06/30,3:02 PM,FERNBANK RD @ ROMINA ST/TEMPLEFORD AVE (0012540),12540,03 - At intersection,03 - P.D. only,02 - Angle,01 - Clear,01 - Daylight,01 - Dry,02 - Stop sign,01 - Functioning,2,0,0,0,,0,,,,,354467.3967,5015279.679,45.27571925,-75.86697098,13976
15--8197,2015/06/30,3:14 PM,PARKDALE AVE @ WESTMOUNT AVE/HWY 417 PARKDAL I (0006516),6516,02 - Intersection related,03 - P.D. only,04 - Sideswipe,01 - Clear,01 - Daylight,01 - Dry,01 - Traffic signal,01 - Functioning,2,0,0,0,,0,,,,,365302.1036,5028923.753,45.39763813,-75.72722202,13977
15--8198,2015/06/30,3:26 PM,SMYTH RD @ RIVERSIDE HOSPITAL (0009069),9069,03 - At intersection,03 - P.D. only,05 - Turning movement,01 - Clear,01 - Daylight,01 - Dry,01 - Traffic signal,01 - Functioning,2,0,0,0,,0,,,,,369987.1593,5029120.5,45.39898787,-75.66736112,13978
15--8199,2015/06/30,4:01 PM,HUNT CLUB RD @ RIVERSIDE DR (0002237),2237,02 - Intersection related,03 - P.D. only,04 - Sideswipe,01 - Clear,01 - Daylight,01 - Dry,01 - Traffic signal,00 - Unknown,2,0,0,0,,0,,,,,368036.703,5021943.697,45.33459167,-75.69319043,13979
15--82,2015/01/03,3:51 PM,KING EDWARD AVE @ RIDEAU ST (0002121),2121,02 - Intersection related,03 - P.D. only,03 - Rear end,03 - Snow,01 - Daylight,05 - Packed snow,01 - Traffic signal,01 - Functioning,2,0,0,0,,0,,,,,368510.7433,5032413.107,45.42874954,-75.68579189,13980
15--820,2015/01/13,7:45 PM,RICHMOND RD btwn WEST HUNT CLUB RD & SEYTON DR (__3ZA41P),__3ZA41P,01 - Non intersection,03 - P.D. only,07 - SMV other,01 - Clear,07 - Dark,01 - Dry,10 - No control,,1,0,0,0,,0,,,,,357259.5877,5018724.041,45.30650936,-75.83102159,13981
15--8200,2015/06/30,4:21 PM,HIGHWAY 417 btwn HWY417 IC122 RAMP16 & HWY417 IC122 RAMP61 (__3ZA2RA),__3ZA2RA,01 - Non intersection,03 - P.D. only,04 - Sideswipe,01 - Clear,01 - Daylight,01 - Dry,10 - No control,,2,0,0,0,,0,,,,,365326.5899,5028893.93,45.39736767,-75.72691295,13982
15--8201,2015/06/30,4:26 PM,BOOTH ST @ CARLING AVE (0002135),2135,03 - At intersection,02 - Non-fatal injury,05 - Turning movement,01 - Clear,01 - Daylight,01 - Dry,01 - Traffic signal,01 - Functioning,2,0,0,0,02 - Minor,1,,1,,,367093.9912,5029106.2,45.3991226,-75.70431384,13983
15--8202,2015/06/30,4:36 PM,LYON ST    N btwn SOMERSET ST W & MACLAREN ST (__3ZA3QZ),__3ZA3QZ,01 - Non intersection,03 - P.D. only,03 - Rear end,01 - Clear,01 - Daylight,01 - Dry,10 - No control,,3,0,0,0,,0,,,,,367390.4841,5030682.331,45.41327772,-75.700327,13984
15--8203,2015/06/30,4:45 PM,BAYSHORE DR btwn CARLING AVE & WOODRIDGE CRES N (__3ZAAD2),__3ZAAD2,01 - Non intersection,02 - Non-fatal injury,07 - SMV other,01 - Clear,01 - Daylight,01 - Dry,10 - No control,,1,0,0,2,02 - Minor,2,1,1,,,359027.1211,5023948.675,45.35338663,-75.80791084,13985
15--8204,2015/06/30,4:48 PM,DONNELLY DR btwn FAIRHURST DR & FAIRMILE RD (__3ZA39F),__3ZA39F,01 - Non intersection,03 - P.D. only,07 - SMV other,01 - Clear,01 - Daylight,01 - Dry,10 - No control,,1,0,0,0,,0,,,,,370891.5231,4992094.105,45.06574381,-75.6607291,13986
15--8205,2015/06/30,4:54 PM,JEANNE D'ARC BLVD @ VORLAGE DR W/VOYAGEUR WAY (0004394),4394,03 - At intersection,02 - Non-fatal injury,05 - Turning movement,01 - Clear,01 - Daylight,01 - Dry,01 - Traffic signal,01 - Functioning,2,0,0,0,02 - Minor,3,1,2,,,379265.8642,5037744.345,45.47565374,-75.54755461,13987
15--8206,2015/06/30,5:00 PM,WALKLEY RD btwn AYERS AVE & HAMPSTEAD PL (__3ZA376),__3ZA376,04 - At/near private drive,03 - P.D. only,05 - Turning movement,01 - Clear,01 - Daylight,01 - Dry,10 - No control,,2,0,0,0,,0,,,,,370567.8775,5026080.595,45.37158157,-75.66034941,13988
15--8207,2015/06/30,5:24 PM,BRONSON AVE @ LAURIER AVE (0006342),6342,03 - At intersection,02 - Non-fatal injury,02 - Angle,01 - Clear,01 - Daylight,01 - Dry,01 - Traffic signal,01 - Functioning,2,0,0,0,01 - Minimal,1,1,,,,366804.701,5030861.93,45.41494585,-75.70778781,13989
15--8208,2015/06/30,5:33 PM,BANK ST @ CECIL AVE (0002601),2601,03 - At intersection,02 - Non-fatal injury,02 - Angle,01 - Clear,01 - Daylight,01 - Dry,02 - Stop sign,01 - Functioning,2,0,0,0,02 - Minor,1,,1,,,369944.7124,5026989.185,45.37981498,-75.66818459,13990
15--8209,2015/06/30,5:39 PM,NORTH RIVER RD @ SELKIRK ST (0009804),9804,03 - At intersection,03 - P.D. only,05 - Turning movement,01 - Clear,01 - Daylight,01 - Dry,02 - Stop sign,00 - Unknown,2,0,0,0,,0,,,,,369780.7111,5032757.501,45.43173143,-75.66951825,13991
15--821,2015/01/13,8:00 PM,WEST HUNT CLUB RD @ WOODROFFE AVE (0000576),576,02 - Intersection related,03 - P.D. only,03 - Rear end,01 - Clear,07 - Dark,03 - Loose snow,01 - Traffic signal,01 - Functioning,2,0,0,0,,0,,,,,363672.6187,5021245.043,45.32868496,-75.74894799,13992
15--8210,2015/06/30,5:45 PM,ALTA VISTA DR @ BANK ST (0011318),11318,03 - At intersection,02 - Non-fatal injury,03 - Rear end,01 - Clear,01 - Daylight,01 - Dry,01 - Traffic signal,01 - Functioning,4,0,0,0,01 - Minimal,3,3,,,,370248.7911,5026200.739,45.37269246,-75.6644068,13993
15--8211,2015/06/30,6:16 PM,ALTA VISTA DR @ SMYTH RD (0011353),11353,03 - At intersection,03 - P.D. only,05 - Turning movement,01 - Clear,01 - Daylight,01 - Dry,01 - Traffic signal,01 - Functioning,2,0,0,0,,0,,,,,370432.7159,5029081.197,45.39859261,-75.66167584,13994
15--8212,2015/06/30,6:25 AM,HIGHWAY 417 btwn HWY417 IC118 RAMP76 & HWY417 IC118 RAMP67 (__3ZA2YR),__3ZA2YR,01 - Non intersection,02 - Non-fatal injury,07 - SMV other,01 - Clear,01 - Daylight,01 - Dry,10 - No control,,1,0,0,0,02 - Minor,1,,1,,,369699.9084,5031147.17,45.4172498,-75.67076301,13995
15--8213,2015/06/30,6:25 PM,JEANNE D'ARC BLVD @ GREY NUNS DR/YOUVILLE DR (0003147),3147,02 - Intersection related,03 - P.D. only,03 - Rear end,01 - Clear,01 - Daylight,01 - Dry,01 - Traffic signal,01 - Functioning,2,0,0,0,,0,,,,,379671.4632,5036700.223,45.46621617,-75.54252667,13996
15--8214,2015/06/30,6:30 AM,HIGHWAY 417 btwn HWY417 IC127 RAMP67 & HWY417 IC126 RAMP16 (__3ZA2X0),__3ZA2X0,01 - Non intersection,02 - Non-fatal injury,07 - SMV other,01 - Clear,01 - Daylight,01 - Dry,10 - No control,,1,0,0,0,01 - Minimal,1,1,,,,362711.1281,5025311.259,45.36535247,-75.76073681,13997
15--8215,2015/06/30,7:28 PM,CARLING AVE @ PARKDALE AVE (0008792),8792,03 - At intersection,02 - Non-fatal injury,02 - Angle,01 - Clear,01 - Daylight,01 - Dry,01 - Traffic signal,01 - Functioning,2,1,0,0,03 - Major,1,,,1,,365626.7007,5028171.789,45.390844,-75.72316911,13998
15--8216,2015/06/30,7:44 PM,RIVER RD btwn OSGOODE MAIN ST & DALMENY RD (__3ZA3TA),__3ZA3TA,01 - Non intersection,03 - P.D. only,07 - SMV other,01 - Clear,01 - Daylight,01 - Dry,10 - No control,,1,0,0,0,,0,,,,,374215.1138,4997258.509,45.11189528,-75.61781391,13999
15--8217,2015/06/30,7:54 PM,HAWTHORNE AVE/ISABELLA ST @ QUEEN ELIZABETH DR (0002105),2105,03 - At intersection,02 - Non-fatal injury,02 - Angle,01 - Clear,01 - Daylight,01 - Dry,01 - Traffic signal,01 - Functioning,2,0,0,0,02 - Minor,3,,3,,,368665.7611,5030476.983,45.41131485,-75.68406197,14000
15--9209,2015/07/28,8:55 AM,HIGHWAY 417 btwn HWY417 IC127 RAMP25 & HWY417 IC126 RAMP51 (__3ZA2XA),__3ZA2XA,01 - Non intersection,02 - Non-fatal injury,03 - Rear end,01 - Clear,01 - Daylight,01 - Dry,10 - No control,,2,0,0,0,01 - Minimal,1,1,,,,363151.6729,5025813.43,45.36983441,-75.75505421,14001