Anom_ID,Accident_Date,Accident_Time,Location,Geo_ID,Accident_Location,Classification_of_Accident,Initial_Impact_Type,Environment_Condition,Light,Road_Surface_Condition,Traffic_Control,Traffic_Control_Condition,No__of_Vehicles,No__of_Bicycles,No__of_Motorcycles,No__of_Pedestrians,Max_Injury,No__of_Injuries,No__of_Minimal,No__of_Minor,No__of_Major,No__of_Fatal,X,Y,Latitude,Longitude,ObjectId
15--921,2015/01/14,8:37 AM,TERRY FOX DR btwn HWY417 IC140 RAMP16 & HWY417 IC140 RAMP35 (__3ZA3DR),__3ZA3DR,07 - Overpass or bridge,03 - P.D. only,07 - SMV other,01 - Clear,01 - Daylight,06 - Ice,10 - No control,,1,0,0,0,,0,,,,,350931.1098,5018567.924,45.30554874,-75.91173397,14002
15--9210,2015/07/29,1:28 PM,MCCARTHY RD btwn SOUTHMORE DR W & PLANTE DR (__3ZA9DP),__3ZA9DP,01 - Non intersection,03 - P.D. only,03 - Rear end,01 - Clear,01 - Daylight,01 - Dry,10 - No control,,2,0,0,0,,0,,,,,369621.5706,5024273.866,45.35541331,-75.67266652,14003
15--9211,2015/07/29,1:37 PM,BASELINE RD @ ROCKWAY CRES (0002187),2187,02 - Intersection related,03 - P.D. only,02 - Angle,01 - Clear,01 - Daylight,01 - Dry,02 - Stop sign,01 - Functioning,2,0,0,0,,0,,,,,361184.6759,5022930.702,45.34405678,-75.78049264,14004
15--9212,2015/07/29,1:40 PM,LYON ST @ WELLINGTON ST (0002388),2388,03 - At intersection,03 - P.D. only,05 - Turning movement,01 - Clear,01 - Daylight,01 - Dry,01 - Traffic signal,01 - Functioning,2,0,0,0,,0,,,,,366935.271,5031426.526,45.42001434,-75.70604853,14005
15--9213,2015/07/29,10:00 AM,INNES RD WB btwn INNES RD W & INNES RD (__3ZA3J8),__3ZA3J8,01 - Non intersection,02 - Non-fatal injury,03 - Rear end,01 - Clear,01 - Daylight,01 - Dry,10 - No control,,2,0,0,0,02 - Minor,1,,1,,,376726.3038,5032117.443,45.42529273,-75.58085498,14006
15--9214,2015/07/29,10:26 PM,BASELINE RD @ NAVAHO DR (0003158),3158,02 - Intersection related,02 - Non-fatal injury,07 - SMV other,01 - Clear,07 - Dark,01 - Dry,01 - Traffic signal,01 - Functioning,1,0,0,1,01 - Minimal,1,1,,,,363085.6907,5024097.146,45.35439696,-75.75609892,14007
15--9215,2015/07/29,10:30 AM,HARDING RD @ WALKLEY RD (0007652),7652,02 - Intersection related,03 - P.D. only,03 - Rear end,01 - Clear,01 - Daylight,01 - Dry,01 - Traffic signal,01 - Functioning,2,0,0,0,,0,,,,,373149.4514,5027607.454,45.38507258,-75.62718319,14008
15--9216,2015/07/29,11:01 AM,GREENBANK RD btwn MARKETPLACE AVE & JOCKVALE RD (__3ZA4JE),__3ZA4JE,04 - At/near private drive,03 - P.D. only,05 - Turning movement,01 - Clear,01 - Daylight,01 - Dry,10 - No control,,2,0,0,0,,0,,,,,364075.5617,5014446.089,45.26747425,-75.74462076,14009
15--9217,2015/07/29,11:10 AM,LEMIEUX ST @ ST. LAURENT BLVD (0002021),2021,02 - Intersection related,02 - Non-fatal injury,03 - Rear end,01 - Clear,01 - Daylight,01 - Dry,01 - Traffic signal,01 - Functioning,2,0,0,0,01 - Minimal,1,1,,,,372390.2833,5031743.645,45.42236189,-75.63630966,14010
15--9218,2015/07/29,11:52 AM,CATHERINE ST @ METCALFE ST (0011239),11239,02 - Intersection related,02 - Non-fatal injury,03 - Rear end,01 - Clear,01 - Daylight,01 - Dry,01 - Traffic signal,01 - Functioning,2,0,0,0,01 - Minimal,1,1,,,,368392.986,5030485.482,45.41141616,-75.68754545,14011
15--9219,2015/07/29,12:25 PM,EDGAR BRAULT ST @ ST. JOSEPH BLVD (0012414),12414,02 - Intersection related,03 - P.D. only,03 - Rear end,01 - Clear,01 - Daylight,01 - Dry,01 - Traffic signal,01 - Functioning,2,0,0,0,,0,,,,,381419.0201,5037546.935,45.47364468,-75.52004975,14012
15--922,2015/01/14,8:37 AM,DWYER HILL RD btwn BLEEKS RD & COPELAND RD (__3ZA3FD),__3ZA3FD,04 - At/near private drive,03 - P.D. only,02 - Angle,01 - Clear,01 - Daylight,01 - Dry,10 - No control,,2,0,0,0,,0,,,,,346963.4674,5000376.223,45.14210053,-75.96386808,14013
15--939,2015/01/14,9:19 AM,CLERMONT CRES E @ AQUAVIEW DR (0013358),13358,02 - Intersection related,03 - P.D. only,04 - Sideswipe,01 - Clear,01 - Daylight,03 - Loose snow,02 - Stop sign,01 - Functioning,2,0,0,0,,0,,,,,385513.8211,5035962.827,45.45893115,-75.46794609,14014
15--9220,2015/07/29,12:26 PM,MONTREAL RD @ BATHGATE DR/BURMA RD (0007650),7650,03 - At intersection,02 - Non-fatal injury,02 - Angle,01 - Clear,01 - Daylight,01 - Dry,01 - Traffic signal,01 - Functioning,2,1,0,0,02 - Minor,1,,1,,,373225.4431,5034516.232,45.44722702,-75.62525361,14015
15--9221,2015/07/29,12:31 PM,BANK ST @ SLATER ST (0002223),2223,03 - At intersection,02 - Non-fatal injury,07 - SMV other,01 - Clear,01 - Daylight,01 - Dry,01 - Traffic signal,01 - Functioning,1,0,0,1,02 - Minor,1,,1,,,367425.4231,5031353.496,45.41931353,-75.69979536,14016
15--9222,2015/07/29,12:45 PM,ST. LAURENT BLVD @ SUSAN ST (0008913),8913,02 - Intersection related,03 - P.D. only,03 - Rear end,01 - Clear,01 - Daylight,01 - Dry,02 - Stop sign,01 - Functioning,2,0,0,0,,0,,,,,373826.6581,5028232.066,45.39062615,-75.61844898,14017
15--9223,2015/07/29,2:05 PM,COLONNADE RD @ MERIVALE RD (0004569),4569,02 - Intersection related,03 - P.D. only,03 - Rear end,01 - Clear,01 - Daylight,01 - Dry,01 - Traffic signal,01 - Functioning,2,0,0,0,,0,,,,,365364.4157,5022543.415,45.3402236,-75.72720839,14018
15--9224,2015/07/29,2:22 PM,HIGHWAY 417 btwn HWY417 IC96 RAMP61 & HIGHWAY 417 (__3ZA271),__3ZA271,01 - Non intersection,03 - P.D. only,07 - SMV other,01 - Clear,01 - Daylight,01 - Dry,10 - No control,,1,0,0,0,,0,,,,,387532.4295,5023860.299,45.34980795,-75.44416987,14019
15--9225,2015/07/29,2:26 PM,MOODIE DR @ WEST HUNT CLUB RD (0010414),10414,03 - At intersection,02 - Non-fatal injury,02 - Angle,01 - Clear,01 - Daylight,01 - Dry,01 - Traffic signal,01 - Functioning,2,0,0,0,01 - Minimal,1,1,,,,357906.931,5018498.095,45.30442763,-75.82279129,14020
15--9226,2015/07/29,2:43 PM,AUGUSTA ST @ RIDEAU ST (0011916),11916,03 - At intersection,02 - Non-fatal injury,07 - SMV other,01 - Clear,01 - Daylight,01 - Dry,01 - Traffic signal,01 - Functioning,1,0,0,1,02 - Minor,1,,1,,,369012.0883,5032717.619,45.43144358,-75.67934577,14021
15--9227,2015/07/29,2:52 PM,VANIER PKWY NB btwn PRESLAND RD & COVENTRY RD (__3ZA4TMB),__3ZA4TMB,01 - Non intersection,03 - P.D. only,04 - Sideswipe,01 - Clear,01 - Daylight,01 - Dry,10 - No control,,2,0,0,0,,0,,,,,370659.0564,5031621.811,45.4214308,-75.65844569,14022
15--9228,2015/07/29,3:00 PM,RIVERSIDE DR NB btwn SAN REMO PRIV & INDUSTRIAL AVE (__3ZAZ0A),__3ZAZ0A,01 - Non intersection,03 - P.D. only,04 - Sideswipe,01 - Clear,01 - Daylight,01 - Dry,10 - No control,,2,0,0,0,,0,,,,,370645.0074,5030511.687,45.41144368,-75.65877352,14023
15--9229,2015/07/29,3:10 PM,CARLING AVE @ KIRKWOOD AVE S (0002209),2209,02 - Intersection related,03 - P.D. only,04 - Sideswipe,01 - Clear,01 - Daylight,01 - Dry,01 - Traffic signal,01 - Functioning,2,0,0,0,,0,,,,,364351.7005,5027335.747,45.38343103,-75.73955183,14024
15--923,2015/01/14,8:38 PM,BANK ST @ QUEENSDALE AVE (0009260),9260,03 - At intersection,03 - P.D. only,02 - Angle,01 - Clear,07 - Dark,06 - Ice,01 - Traffic signal,01 - Functioning,2,0,0,0,,0,,,,,373336.7429,5023445.995,45.34761115,-75.62536903,14025
15--9230,2015/07/29,3:15 PM,HIGHWAY 417 btwn HWY417 IC121A RAMP16 & HWY417 IC121A RAMP61 (__3ZA2YY),__3ZA2YY,01 - Non intersection,03 - P.D. only,03 - Rear end,01 - Clear,01 - Daylight,01 - Dry,10 - No control,,4,0,0,0,,0,,,,,367282.9362,5029769.764,45.40507633,-75.70181659,14026
15--9231,2015/07/29,3:30 PM,CAMPEAU DR @ TERON RD/COLCHESTER SQ (0009033),9033,02 - Intersection related,03 - P.D. only,03 - Rear end,01 - Clear,01 - Daylight,01 - Dry,01 - Traffic signal,01 - Functioning,2,0,0,0,,0,,,,,352562.2811,5020467.886,45.32253599,-75.89075119,14027
15--9232,2015/07/29,3:59 PM,CARLING AVE @ CONNAUGHT AVE (0002143),2143,03 - At intersection,03 - P.D. only,05 - Turning movement,01 - Clear,01 - Daylight,01 - Dry,01 - Traffic signal,01 - Functioning,2,0,0,0,,0,,,,,360769.2348,5025116.434,45.36375719,-75.7855461,14028
15--984,2015/01/15,6:17 PM,CARLING AVE @ EDGEWORTH AVE (0002718),2718,02 - Intersection related,03 - P.D. only,04 - Sideswipe,01 - Clear,07 - Dark,05 - Packed snow,01 - Traffic signal,01 - Functioning,2,0,0,0,,0,,,,,361262.6802,5025423.079,45.36647679,-75.77921267,14029
15--9233,2015/07/29,4:00 PM,CAMPEAU DR @ TERRY FOX DR (0008211),8211,02 - Intersection related,03 - P.D. only,03 - Rear end,01 - Clear,01 - Daylight,01 - Dry,01 - Traffic signal,01 - Functioning,2,0,0,0,,0,,,,,350454.88,5019009.374,45.30955215,-75.91776589,14030
15--9234,2015/07/29,4:30 PM,CARLING AVE WB btwn POULIN AVE & ALPINE AVE (__3ZA4VZ),__3ZA4VZ,01 - Non intersection,03 - P.D. only,03 - Rear end,01 - Clear,01 - Daylight,01 - Dry,10 - No control,,2,0,0,0,,0,,,,,360415.0484,5024893.584,45.36178018,-75.79009206,14031
15--9235,2015/07/29,4:40 PM,BANK ST @ HERON RD (0002155),2155,02 - Intersection related,03 - P.D. only,04 - Sideswipe,01 - Clear,01 - Daylight,01 - Dry,01 - Traffic signal,01 - Functioning,2,0,0,0,,0,,,,,369995.72,5026850.461,45.37856204,-75.66755167,14032
15--9236,2015/07/29,4:42 PM,WEST HUNT CLUB RD btwn PRINCE OF WALES DR & HUNT CLUB RD (__3ZA2T4),__3ZA2T4,01 - Non intersection,03 - P.D. only,03 - Rear end,01 - Clear,01 - Daylight,01 - Dry,10 - No control,,2,0,0,0,,0,,,,,367622.0737,5021884.335,45.33409479,-75.69848752,14033
15--9237,2015/07/29,4:50 PM,HIGHWAY 417 btwn HWY417 IC118 RAMP57 & HWY417 IC118 RAMP35 (__3ZA2YQ),__3ZA2YQ,01 - Non intersection,03 - P.D. only,03 - Rear end,01 - Clear,01 - Daylight,01 - Dry,10 - No control,,2,0,0,0,,0,,,,,369403.1575,5030999.877,45.41595197,-75.67457356,14034
15--9238,2015/07/29,4:51 AM,VISENEAU DR btwn KEN STEELE CRT & LONGMAN CRES (__3ZAZZG),__3ZAZZG,01 - Non intersection,03 - P.D. only,06 - SMV unattended vehicle,01 - Clear,07 - Dark,01 - Dry,10 - No control,,1,0,0,0,,0,,,,,381782.1745,5035153.916,45.45207436,-75.51578047,14035
15--9239,2015/07/29,5:00 PM,ECHO DR @ GRAHAM AVE (0007366),7366,02 - Intersection related,03 - P.D. only,01 - Approaching,01 - Clear,01 - Daylight,01 - Dry,02 - Stop sign,01 - Functioning,2,1,0,0,,0,,,,,368803.7059,5030460.21,45.41115133,-75.68230197,14036
15--924,2015/01/14,8:40 AM,MONTREAL RD btwn L'ALLEMAND ST & ALTHA AVE (__3ZA3L9),__3ZA3L9,01 - Non intersection,03 - P.D. only,05 - Turning movement,01 - Clear,01 - Daylight,04 - Slush,10 - No control,,2,0,0,0,,0,,,,,370595.9509,5033360.956,45.43708483,-75.65901961,14037
15--9240,2015/07/29,5:01 PM,BLAIR PL @ OGILVIE RD (0004162),4162,02 - Intersection related,03 - P.D. only,03 - Rear end,01 - Clear,01 - Daylight,01 - Dry,01 - Traffic signal,01 - Functioning,2,0,0,0,,0,,,,,374799.7225,5033371.942,45.43677546,-75.60529333,14038
15--9241,2015/07/29,5:22 PM,BANK ST @ ROTARY WAY (0013660),13660,02 - Intersection related,02 - Non-fatal injury,03 - Rear end,01 - Clear,01 - Daylight,01 - Dry,01 - Traffic signal,01 - Functioning,3,0,0,0,02 - Minor,2,,2,,,375523.5441,5021226.117,45.32742054,-75.59778288,14039
15--9242,2015/07/29,5:34 PM,COLDREY AVE @ KIRKWOOD AVE (0006736),6736,03 - At intersection,03 - P.D. only,05 - Turning movement,01 - Clear,01 - Daylight,01 - Dry,01 - Traffic signal,01 - Functioning,2,0,0,0,,0,,,,,364439.7419,5027138.713,45.38165066,-75.73845149,14040
15--9243,2015/07/29,6:08 PM,RIDEAU ST btwn KING EDWARD AVE & NELSON ST (__3ZA3VG),__3ZA3VG,04 - At/near private drive,03 - P.D. only,04 - Sideswipe,01 - Clear,01 - Daylight,01 - Dry,10 - No control,,2,0,0,0,,0,,,,,368563.3318,5032446.983,45.42904956,-75.6851155,14041
15--9244,2015/07/29,6:54 PM,LAURIER AVE @ LYON ST (0002206),2206,02 - Intersection related,03 - P.D. only,03 - Rear end,01 - Clear,01 - Daylight,01 - Dry,01 - Traffic signal,01 - Functioning,2,0,0,0,,0,,,,,367153.6957,5031068.209,45.41677088,-75.70330316,14042
15--9245,2015/07/29,7:06 PM,MONTREAL RD @ STE. ANNE ST (0009798),9798,02 - Intersection related,03 - P.D. only,03 - Rear end,01 - Clear,01 - Daylight,01 - Dry,02 - Stop sign,00 - Unknown,2,0,0,0,,0,,,,,370706.7086,5033415.515,45.4375653,-75.65759679,14043
15--9246,2015/07/29,8:35 AM,DONALD ST @ ST. LAURENT BLVD (0008630),8630,03 - At intersection,03 - P.D. only,05 - Turning movement,01 - Clear,01 - Daylight,01 - Dry,01 - Traffic signal,01 - Functioning,2,0,0,0,,0,,,,,372093.7129,5032472.945,45.42895238,-75.63999926,14044
15--9247,2015/07/29,9:01 PM,BASELINE RD @ GREENBANK RD (0002357),2357,02 - Intersection related,03 - P.D. only,03 - Rear end,01 - Clear,05 - Dusk,01 - Dry,01 - Traffic signal,01 - Functioning,2,0,0,0,,0,,,,,360597.6843,5022583.419,45.34097887,-75.78802164,14045
15--9248,2015/07/29,9:05 AM,ARGYLE AVE E @ METCALFE ST (0007280),7280,03 - At intersection,03 - P.D. only,04 - Sideswipe,01 - Clear,01 - Daylight,01 - Dry,10 - No control,,2,0,0,0,,0,,,,,368442.9922,5030642.25,45.41282216,-75.6868864,14046
15--9249,2015/07/29,9:55 AM,CYRVILLE RD @ OGILVIE RD (0003554),3554,02 - Intersection related,02 - Non-fatal injury,03 - Rear end,01 - Clear,01 - Daylight,01 - Dry,01 - Traffic signal,01 - Functioning,2,0,0,0,01 - Minimal,1,1,,,,372454.4398,5032005.93,45.4247156,-75.63545392,14047
15--925,2015/01/14,8:40 AM,INNES RD @ PAGE RD (0012476),12476,02 - Intersection related,03 - P.D. only,03 - Rear end,01 - Clear,01 - Daylight,06 - Ice,01 - Traffic signal,01 - Functioning,2,0,0,0,,0,,,,,380889.6767,5034539.109,45.44664055,-75.52728451,14048
15--9250,2015/07/30,1:17 AM,BRONSON AVE btwn COOPER ST & SOMERSET ST W (__3ZA33L),__3ZA33L,04 - At/near private drive,03 - P.D. only,06 - SMV unattended vehicle,01 - Clear,07 - Dark,01 - Dry,10 - No control,,1,0,0,0,,0,,,,,366961.2096,5030488.464,45.41157163,-75.70583545,14049
15--9251,2015/07/30,1:46 PM,MERIVALE RD btwn CLEOPATRA DR & SLACK RD (__3ZBOG3),__3ZBOG3,01 - Non intersection,03 - P.D. only,03 - Rear end,01 - Clear,01 - Daylight,01 - Dry,10 - No control,,2,0,0,0,,0,,,,,365999.7223,5021008.402,45.32635663,-75.71929255,14050
15--9252,2015/07/30,1:50 PM,AVIATION PKWY @ HEMLOCK RD NB ONRAMP (0011237),11237,02 - Intersection related,03 - P.D. only,03 - Rear end,01 - Clear,01 - Daylight,01 - Dry,03 - Yield sign,03 - Obscured,2,0,0,0,,0,,,,,371561.2199,5035248.842,45.45397963,-75.6464271,14051
15--9253,2015/07/30,1:55 PM,INNES RD @ STAR TOP RD/WINDMILL LANE (0008734),8734,02 - Intersection related,02 - Non-fatal injury,03 - Rear end,01 - Clear,01 - Daylight,01 - Dry,01 - Traffic signal,01 - Functioning,3,0,0,0,02 - Minor,3,2,1,,,374147.7258,5030666.2,45.41249558,-75.61400679,14052
15--9254,2015/07/30,10:00 AM,TENTH LINE RD btwn DES EPINETTES AVE & INNES RD (__3ZA3Y8),__3ZA3Y8,01 - Non intersection,03 - P.D. only,03 - Rear end,01 - Clear,01 - Daylight,01 - Dry,10 - No control,,2,0,0,0,,0,,,,,383760.3246,5036608.103,45.46493712,-75.49026014,14053
15--9255,2015/07/30,10:50 AM,CARLING AVE @ PARKDALE AVE (0008792),8792,02 - Intersection related,03 - P.D. only,04 - Sideswipe,01 - Clear,01 - Daylight,01 - Dry,01 - Traffic signal,01 - Functioning,2,0,0,0,,0,,,,,365626.7007,5028172.51,45.39085049,-75.72316902,14054
15--9256,2015/07/30,11:03 AM,METCALFE ST btwn SPARKS ST & QUEEN ST (__3ZA1Z8),__3ZA1Z8,01 - Non intersection,03 - P.D. only,99 - Other,01 - Clear,01 - Daylight,01 - Dry,10 - No control,,2,0,0,0,,0,,,,,367616.8704,5031731.455,45.42269712,-75.69730117,14055
15--93,2015/01/03,4:48 PM,KENDER AVE @ OGILVIE RD (0009451),9451,02 - Intersection related,03 - P.D. only,03 - Rear end,03 - Snow,05 - Dusk,05 - Packed snow,02 - Stop sign,01 - Functioning,2,0,0,0,,0,,,,,375256.7206,5035525.118,45.45610256,-75.59914457,14056
15--9257,2015/07/30,11:06 AM,ARCO WAY btwn REDWIN ST & JAY AVE (__3ZA6OI),__3ZA6OI,04 - At/near private drive,03 - P.D. only,06 - SMV unattended vehicle,01 - Clear,01 - Daylight,01 - Dry,10 - No control,,1,0,0,0,,0,,,,,364847.5783,5020738.539,45.32402794,-75.73402151,14057
15--957,2015/01/15,10:52 PM,"OLD MONTREAL RD btwn GRAND-CH-NE, COUR DU CRT & TED KELLY LANE (__3ZA24E)",__3ZA24E,01 - Non intersection,03 - P.D. only,07 - SMV other,03 - Snow,07 - Dark,05 - Packed snow,10 - No control,,1,0,0,0,,0,,,,,385634.4133,5040239.99,45.49739885,-75.46570052,14058
15--9258,2015/07/30,11:16 AM,INDUSTRIAL AVE/INNES RD @ ST. LAURENT BLVD (0002203),2203,02 - Intersection related,03 - P.D. only,03 - Rear end,01 - Clear,01 - Daylight,01 - Dry,01 - Traffic signal,01 - Functioning,2,0,0,0,,0,,,,,373099.7274,5030006.648,45.40666431,-75.62748593,14059
15--9259,2015/07/30,11:23 AM,ELGIN ST @ LAURIER AVE (0002232),2232,02 - Intersection related,03 - P.D. only,03 - Rear end,01 - Clear,01 - Daylight,01 - Dry,01 - Traffic signal,01 - Functioning,2,0,0,0,,0,,,,,367947.9879,5031550.298,45.42103732,-75.69309366,14060
15--926,2015/01/14,8:45 AM,LAURIER AVE @ NICHOLAS ST (0010711),10711,02 - Intersection related,03 - P.D. only,03 - Rear end,01 - Clear,01 - Daylight,06 - Ice,01 - Traffic signal,01 - Functioning,2,0,0,0,,0,,,,,368374.6009,5031795.86,45.42320816,-75.68761125,14061
15--9260,2015/07/30,11:40 AM,HWY417 IC117 RAMP26 btwn HIGHWAY 417 & VANIER PKWY (__3ZAY6W),__3ZAY6W,01 - Non intersection,03 - P.D. only,03 - Rear end,01 - Clear,01 - Daylight,01 - Dry,10 - No control,,3,0,0,0,,0,,,,,370806.0456,5031370.275,45.41915373,-75.65660135,14062
15--9261,2015/07/30,11:55 AM,ARGYLE AVE btwn METCALFE ST & METCALFE ST (__3ZA3QQ),__3ZA3QQ,04 - At/near private drive,03 - P.D. only,04 - Sideswipe,01 - Clear,01 - Daylight,01 - Dry,10 - No control,,2,0,0,0,,0,,,,,368389.5274,5030608.877,45.41252674,-75.68757371,14063
15--9262,2015/07/30,Unknown,ARBORDALE CRES btwn CENTREPOINTE DR & CENTREPOINTE DR (__3ZA004),__3ZA004,01 - Non intersection,03 - P.D. only,06 - SMV unattended vehicle,01 - Clear,00 - Unknown,01 - Dry,10 - No control,,1,0,0,0,,0,,,,,362616.5295,5022511.499,45.34016826,-75.76227169,14064
15--9263,2015/07/30,12:10 PM,STITTSVILLE MAIN ST @ HAZELDEAN RD (0000050),50,02 - Intersection related,03 - P.D. only,03 - Rear end,01 - Clear,01 - Daylight,01 - Dry,01 - Traffic signal,01 - Functioning,2,0,0,0,,0,,,,,349559.1188,5014877.636,45.27243111,-75.92956173,14065
15--9264,2015/07/30,12:30 PM,LAVAL ST btwn CHARLEVOIX ST & LOYER ST (__3ZA8VX),__3ZA8VX,04 - At/near private drive,03 - P.D. only,06 - SMV unattended vehicle,01 - Clear,01 - Daylight,01 - Dry,10 - No control,,1,0,0,0,,0,,,,,369361.1898,5033520.324,45.43863386,-75.67477932,14066
15--9265,2015/07/30,12:38 PM,TWIN TER btwn SUNNYCREST DR & CORAL AVE (__3ZBOJ0),__3ZBOJ0,04 - At/near private drive,03 - P.D. only,06 - SMV unattended vehicle,01 - Clear,01 - Daylight,01 - Dry,10 - No control,,1,0,0,0,,0,,,,,365684.2722,5025497.921,45.36678008,-75.72276363,14067
15--9266,2015/07/30,12:45 PM,BLAIR PL @ OGILVIE RD (0004162),4162,02 - Intersection related,03 - P.D. only,03 - Rear end,01 - Clear,01 - Daylight,01 - Dry,01 - Traffic signal,00 - Unknown,3,0,0,0,,0,,,,,374801.2434,5033371.835,45.43677435,-75.60527391,14068
15--9267,2015/07/30,2:04 AM,GARRITY CRES btwn BALINROAN CRES & LEAMINGTON WAY (__737LZ8),__737LZ8,01 - Non intersection,03 - P.D. only,06 - SMV unattended vehicle,01 - Clear,07 - Dark,01 - Dry,10 - No control,,1,0,0,0,,0,,,,,364996.291,5014352.843,45.26655703,-75.73289978,14069
15--9268,2015/07/30,3:15 PM,CONSTELLATION CRES @ BASELINE RD (0011415),11415,02 - Intersection related,03 - P.D. only,03 - Rear end,01 - Clear,01 - Daylight,01 - Dry,01 - Traffic signal,01 - Functioning,2,0,0,0,,0,,,,,362273.388,5023594.516,45.34994138,-75.76652391,14070
15--9269,2015/07/30,3:23 PM,YORK ST WB btwn BYWARD MARKE SQ & SUSSEX DR (__3ZA1B0),__3ZA1B0,01 - Non intersection,03 - P.D. only,99 - Other,01 - Clear,01 - Daylight,01 - Dry,10 - No control,,2,0,0,0,,0,,,,,367820.3846,5032276.293,45.42758108,-75.69463113,14071
15--927,2015/01/14,8:46 AM,BANK ST btwn FINDLAY CREEK DR & BLAIS RD (__3ZA29M),__3ZA29M,01 - Non intersection,02 - Non-fatal injury,01 - Approaching,01 - Clear,01 - Daylight,06 - Ice,10 - No control,,2,0,0,0,02 - Minor,2,1,1,,,376145.1178,5019748.197,45.31405993,-75.59006739,14072
15--9270,2015/07/30,4:10 PM,HOLLAND AVE @ WELLINGTON ST (0002364),2364,03 - At intersection,02 - Non-fatal injury,05 - Turning movement,01 - Clear,01 - Daylight,01 - Dry,01 - Traffic signal,01 - Functioning,2,0,1,0,01 - Minimal,1,1,,,,364930.4234,5029152.832,45.39973135,-75.73194104,14073
15--9271,2015/07/30,4:18 PM,SCRIVENS ST @ WALTER ST (0002978),2978,03 - At intersection,03 - P.D. only,02 - Angle,01 - Clear,01 - Daylight,01 - Dry,02 - Stop sign,01 - Functioning,2,1,0,0,,0,,,,,359363.5902,5024403.368,45.35745185,-75.80356669,14074
15--9272,2015/07/30,4:35 PM,HIGHWAY 417 btwn HWY417 IC110 RAMP55 & HWY417 IC104 RAMP51 (__3ZA2W8),__3ZA2W8,01 - Non intersection,03 - P.D. only,04 - Sideswipe,01 - Clear,01 - Daylight,01 - Dry,10 - No control,,2,0,0,0,,0,,,,,377847.2847,5026386.79,45.37361559,-75.56738058,14075
15--9273,2015/07/30,4:47 PM,HIGHWAY 417 btwn HWY417 IC134 RAMP61 & HWY417 IC131 RAMP66 (__3ZA297),__3ZA297,01 - Non intersection,03 - P.D. only,03 - Rear end,01 - Clear,01 - Daylight,01 - Dry,10 - No control,,2,0,0,0,,0,,,,,357305.0626,5022659.287,45.34191569,-75.83002446,14076
15--9274,2015/07/30,5:15 PM,COBOURG ST @ ST. PATRICK ST (0011483),11483,03 - At intersection,03 - P.D. only,03 - Rear end,01 - Clear,01 - Daylight,01 - Dry,01 - Traffic signal,01 - Functioning,2,0,0,0,,0,,,,,368801.7412,5033232.459,45.4360952,-75.68196688,14077
15--9275,2015/07/30,5:57 PM,HUNT CLUB RD @ BRIDLE PATH DR/DAZE ST (0008214),8214,02 - Intersection related,03 - P.D. only,03 - Rear end,01 - Clear,01 - Daylight,01 - Dry,01 - Traffic signal,01 - Functioning,2,0,0,0,,0,,,,,371291.7289,5023864.864,45.35157686,-75.65140721,14078
15--9276,2015/07/30,6:26 PM,RICHMOND RD @ LYNHAR RD/STAFFORD RD (0000155),155,02 - Intersection related,02 - Non-fatal injury,03 - Rear end,01 - Clear,01 - Daylight,01 - Dry,01 - Traffic signal,01 - Functioning,2,0,0,0,02 - Minor,1,,1,,,358137.6643,5021084.674,45.32768442,-75.81957074,14079
15--9277,2015/07/30,7:30 PM,ST. JOSEPH BLVD @ JEANNE D'ARC BLVD (0012421),12421,03 - At intersection,03 - P.D. only,04 - Sideswipe,01 - Clear,01 - Daylight,01 - Dry,11 - Roundabout,01 - Functioning,2,0,0,0,,0,,,,,379858.9647,5036473.544,45.46415657,-75.54016381,14080
15--9278,2015/07/30,7:33 AM,WESTCLIFFE RD btwn OBERON ST & PRIAM WAY (__3ZABFJ),__3ZABFJ,01 - Non intersection,03 - P.D. only,07 - SMV other,02 - Rain,01 - Daylight,02 - Wet,10 - No control,,1,0,0,0,,0,,,,,356534.2311,5019855.484,45.31674404,-75.84015278,14081
15--9279,2015/07/30,7:39 PM,CARLING AVE @ PRESTON ST (0002161),2161,03 - At intersection,03 - P.D. only,02 - Angle,01 - Clear,01 - Daylight,01 - Dry,01 - Traffic signal,01 - Functioning,2,1,0,0,,0,,,,,366829.71,5028934.793,45.39760379,-75.70771075,14082
15--928,2015/01/14,8:51 AM,INNES RD @ STAR TOP RD/WINDMILL LANE (0008734),8734,02 - Intersection related,02 - Non-fatal injury,07 - SMV other,01 - Clear,01 - Daylight,05 - Packed snow,01 - Traffic signal,01 - Functioning,1,0,0,0,02 - Minor,1,,1,,,374148.6897,5030667.042,45.41250306,-75.61399436,14083
15--9280,2015/07/30,7:46 PM,BRONSON AVE @ HWY 417 BRONSON IC121AR51 (0002693),2693,02 - Intersection related,03 - P.D. only,04 - Sideswipe,01 - Clear,01 - Daylight,01 - Dry,01 - Traffic signal,01 - Functioning,2,0,0,0,,0,,,,,367288.7124,5029710.198,45.40453985,-75.70175036,14084