Anom_ID,Accident_Date,Accident_Time,Location,Geo_ID,Accident_Location,Classification_of_Accident,Initial_Impact_Type,Environment_Condition,Light,Road_Surface_Condition,Traffic_Control,Traffic_Control_Condition,No__of_Vehicles,No__of_Bicycles,No__of_Motorcycles,No__of_Pedestrians,Max_Injury,No__of_Injuries,No__of_Minimal,No__of_Minor,No__of_Major,No__of_Fatal,X,Y,Latitude,Longitude,ObjectId
15--9281,2015/07/30,7:49 AM,RICHMOND RD btwn JOHN SUTHERLAND DR & HOLLY ACRES RD (__3ZA2LS),__3ZA2LS,01 - Non intersection,03 - P.D. only,03 - Rear end,02 - Rain,01 - Daylight,02 - Wet,10 - No control,,2,0,0,0,,0,,,,,358922.666,5022438.183,45.33980325,-75.80940917,14085
15--9282,2015/07/30,8:00 AM,AVIATION PKWY btwn OGILVIE RD & TO BE DETERMINED (__3ZA21W),__3ZA21W,01 - Non intersection,03 - P.D. only,07 - SMV other,02 - Rain,01 - Daylight,02 - Wet,10 - No control,,1,0,0,0,,0,,,,,373151.0746,5032282.532,45.42713661,-75.62651438,14086
15--9283,2015/07/30,8:16 AM,REVELSTOKE DR @ RIVERSIDE DR (0006918),6918,02 - Intersection related,02 - Non-fatal injury,03 - Rear end,02 - Rain,01 - Daylight,02 - Wet,01 - Traffic signal,01 - Functioning,2,0,0,0,01 - Minimal,1,1,,,,368217.7123,5024423.157,45.35688497,-75.69056334,14087
15--9284,2015/07/30,8:39 PM,WALKLEY RD btwn 152 E OF HEATHERINGTON RD & HOLLY LANE (__3ZA2LVB),__3ZA2LVB,01 - Non intersection,02 - Non-fatal injury,07 - SMV other,01 - Clear,05 - Dusk,01 - Dry,10 - No control,,1,0,0,1,02 - Minor,1,,1,,,372040.6458,5026951.614,45.3792789,-75.64143026,14088
15--9285,2015/07/30,8:45 PM,INNES RD @ PAGE RD (0012476),12476,03 - At intersection,02 - Non-fatal injury,05 - Turning movement,01 - Clear,05 - Dusk,01 - Dry,01 - Traffic signal,01 - Functioning,2,0,0,0,03 - Major,3,,2,1,,380887.2085,5034540.645,45.44665464,-75.52731582,14089
15--9286,2015/07/30,8:48 AM,PRINCE OF WALES DR @ VILLA CRES (0005090),5090,02 - Intersection related,03 - P.D. only,03 - Rear end,02 - Rain,01 - Daylight,02 - Wet,02 - Stop sign,00 - Unknown,5,0,0,0,,0,,,,,366852.7063,5026064.796,45.37177822,-75.70777785,14090
15--9287,2015/07/30,8:55 AM,WEST HUNT CLUB RD @ CLEOPATRA DR/LANCELOT DR (0000114),114,02 - Intersection related,03 - P.D. only,03 - Rear end,01 - Clear,01 - Daylight,01 - Dry,01 - Traffic signal,01 - Functioning,2,0,0,0,,0,,,,,365235.7,5021732.134,45.33293489,-75.72894971,14091
15--9288,2015/07/31,1:30 PM,LYON ST    N btwn FLORA ST & ARLINGTON AVE (__3ZA3PN),__3ZA3PN,01 - Non intersection,03 - P.D. only,04 - Sideswipe,01 - Clear,01 - Daylight,01 - Dry,10 - No control,,2,0,0,0,,0,,,,,367690.8566,5030189.751,45.40881871,-75.69655258,14092
15--9289,2015/07/31,1:44 PM,TRAINYARDS DR @ RAILMARKET (0012246),12246,03 - At intersection,03 - P.D. only,02 - Angle,01 - Clear,01 - Daylight,01 - Dry,01 - Traffic signal,01 - Functioning,2,0,0,0,,0,,,,,371754.7642,5030716.603,45.41318213,-75.64456917,14093
15--929,2015/01/14,8:57 AM,WOODROFFE AVE btwn GRENFELL CRES & 260 N OF FALLOWFIELD RD/TRANSITWAY  (__3ZA3IO),__3ZA3IO,01 - Non intersection,03 - P.D. only,03 - Rear end,01 - Clear,01 - Daylight,06 - Ice,10 - No control,,2,0,0,0,,0,,,,,364852.5089,5018492.744,45.30382002,-75.73423083,14094
15--9290,2015/07/31,1:50 PM,DONNELLY DR @ WEEDMARK RD (0003714),3714,02 - Intersection related,02 - Non-fatal injury,07 - SMV other,01 - Clear,01 - Daylight,01 - Dry,03 - Yield sign,01 - Functioning,1,0,0,0,01 - Minimal,1,1,,,,362995.6849,4985328.183,45.00555399,-75.76176965,14095
15--9291,2015/07/31,10:08 AM,ALTA VISTA DR @ SMYTH RD (0011353),11353,03 - At intersection,03 - P.D. only,05 - Turning movement,01 - Clear,01 - Daylight,01 - Dry,01 - Traffic signal,01 - Functioning,2,0,0,0,,0,,,,,370432.7159,5029079.756,45.39857965,-75.66167603,14096
15--9292,2015/07/31,10:11 AM,HUNT CLUB RD @ RIVERSIDE DR (0002237),2237,02 - Intersection related,03 - P.D. only,03 - Rear end,01 - Clear,01 - Daylight,01 - Dry,01 - Traffic signal,01 - Functioning,2,0,0,0,,0,,,,,368035.9823,5021945.138,45.3346047,-75.69319944,14097
15--9293,2015/07/31,10:15 PM,QUEEN ELIZABETH DRWY @ SOMERSET ST (0007135),7135,03 - At intersection,02 - Non-fatal injury,02 - Angle,01 - Clear,07 - Dark,01 - Dry,02 - Stop sign,01 - Functioning,2,1,0,0,02 - Minor,1,,1,,,368572.4023,5031475.675,45.42030925,-75.68512535,14098
15--9294,2015/07/31,10:21 AM,STEVENAGE DR btwn SWANSEA CRES & HAWTHORNE RD (__3ZBO1J),__3ZBO1J,01 - Non intersection,03 - P.D. only,06 - SMV unattended vehicle,01 - Clear,01 - Daylight,01 - Dry,10 - No control,,1,0,0,0,,0,,,,,375099.9837,5027298.762,45.38210208,-75.60232205,14099
15--9295,2015/07/31,10:35 AM,CYRVILLE RD @ STAR TOP RD (0004210),4210,03 - At intersection,03 - P.D. only,07 - SMV other,01 - Clear,01 - Daylight,01 - Dry,01 - Traffic signal,01 - Functioning,1,0,0,0,,0,,,,,373829.0077,5031517.482,45.4201865,-75.61795904,14100
15--9296,2015/07/31,11:00 AM,ST. JOSEPH BLVD @ REGIONAL RD 174/TRANSITWAY (0012428),12428,02 - Intersection related,02 - Non-fatal injury,03 - Rear end,01 - Clear,01 - Daylight,01 - Dry,01 - Traffic signal,01 - Functioning,3,0,0,0,01 - Minimal,1,1,,,,376554.9839,5035056.018,45.45174979,-75.58261561,14101
15--9297,2015/07/31,11:27 AM,JEANNE D'ARC BLVD @ PADDLER WAY/VORLAGE DR E (0003297),3297,03 - At intersection,03 - P.D. only,05 - Turning movement,01 - Clear,01 - Daylight,01 - Dry,01 - Traffic signal,01 - Functioning,2,0,0,0,,0,,,,,379612.2342,5037994.927,45.47787126,-75.54308687,14102
15--9298,2015/07/31,11:30 AM,BRONSON AVE btwn RENFREW AVE & POWELL AVE (__3ZA3BZ),__3ZA3BZ,01 - Non intersection,03 - P.D. only,04 - Sideswipe,01 - Clear,01 - Daylight,01 - Dry,10 - No control,,2,0,0,0,,0,,,,,367363.9188,5029531.743,45.40292745,-75.70081239,14103
15--9299,2015/07/31,11:45 AM,WEST HUNT CLUB RD EB btwn CEDARVIEW RD & GREENBANK RD (__3ZA198),__3ZA198,01 - Non intersection,03 - P.D. only,99 - Other,01 - Clear,01 - Daylight,01 - Dry,10 - No control,,2,0,0,0,,0,,,,,361390.3076,5020438.695,45.32161718,-75.77815377,14104
15--9029,2015/07/23,6:45 PM,PALLADIUM DR btwn SILVER SEVEN RD & TERRY FOX DR (__3ZA2I4),__3ZA2I4,01 - Non intersection,03 - P.D. only,04 - Sideswipe,01 - Clear,01 - Daylight,01 - Dry,10 - No control,,2,0,0,0,,0,,,,,351225.8888,5018134.048,45.30162519,-75.90801577,14105
15--966,2015/01/15,12:30 PM,MARIELLE CRT btwn RICHMOND RD & END (__3ZBNGE),__3ZBNGE,04 - At/near private drive,03 - P.D. only,06 - SMV unattended vehicle,01 - Clear,01 - Daylight,01 - Dry,10 - No control,,1,0,0,0,,0,,,,,359958.1793,5024251.368,45.35603763,-75.79599507,14106
15--9119,2015/07/26,2:02 PM,SANDFORD FLEMING AVE btwn STEAMLINE ST & INDUSTRIAL AVE (__3ZA8GL),__3ZA8GL,01 - Non intersection,03 - P.D. only,01 - Approaching,01 - Clear,01 - Daylight,01 - Dry,10 - No control,,2,0,0,0,,0,,,,,370881.1202,5030637.93,45.41255731,-75.65574038,14107
15--948,2015/01/15,1:05 PM,HUNT CLUB RD @ RIVERSIDE DR (0002237),2237,02 - Intersection related,03 - P.D. only,03 - Rear end,01 - Clear,01 - Daylight,02 - Wet,01 - Traffic signal,01 - Functioning,2,0,0,0,,0,,,,,368037.6669,5021944.053,45.33459479,-75.69317809,14108
15--9390,2015/08/02,5:15 PM,CAMBRIAN RD/GOLFLINKS DR W @ LONGFIELDS DR (0009702),9702,03 - At intersection,03 - P.D. only,02 - Angle,01 - Clear,01 - Daylight,01 - Dry,11 - Roundabout,01 - Functioning,2,0,0,0,,0,,,,,365383.8014,5013224.274,45.2563689,-75.72809968,14109
15--903,2015/01/14,7:56 AM,ANTIGONISH AVE @ TRIM RD (0014879),14879,02 - Intersection related,03 - P.D. only,03 - Rear end,01 - Clear,01 - Daylight,06 - Ice,02 - Stop sign,01 - Functioning,2,0,0,0,,0,,,,,384943.9021,5038876.799,45.48521387,-75.47475695,14110
15--9660,2015/08/11,6:17 PM,HAWTHORNE RD @ STEVENAGE DR (0008802),8802,02 - Intersection related,03 - P.D. only,03 - Rear end,02 - Rain,01 - Daylight,02 - Wet,01 - Traffic signal,01 - Functioning,2,0,0,0,,0,,,,,375136.7405,5027313.176,45.38222808,-75.6018507,14111
15--912,2015/01/14,8:20 AM,WOODROFFE AVE btwn 260 N OF FALLOWFIELD RD/TRANSITWAY & FALLOWFIELD RD (__3ZA3IOB),__3ZA3IOB,01 - Non intersection,03 - P.D. only,03 - Rear end,01 - Clear,01 - Daylight,06 - Ice,10 - No control,,2,0,0,0,,0,,,,,365024.7023,5018065.13,45.29995764,-75.73208723,14112
15--9480,2015/08/05,9:40 AM,HOLLAND AVE @ KENILWORTH ST (0006299),6299,02 - Intersection related,03 - P.D. only,03 - Rear end,01 - Clear,01 - Daylight,01 - Dry,01 - Traffic signal,01 - Functioning,2,0,0,0,,0,,,,,365215.418,5028498.353,45.39381796,-75.72838123,14113
15--9840,2015/08/16,5:39 PM,FALLOWFIELD RD @ MERIVALE RD (0000587),587,03 - At intersection,02 - Non-fatal injury,02 - Angle,01 - Clear,01 - Daylight,01 - Dry,01 - Traffic signal,01 - Functioning,3,0,0,0,02 - Minor,6,1,5,,,366892.4333,5018844.109,45.30680421,-75.70817685,14114
15--9391,2015/08/02,7:07 PM,GREENBANK RD @ WEST HUNT CLUB RD (0005167),5167,02 - Intersection related,03 - P.D. only,03 - Rear end,01 - Clear,01 - Daylight,01 - Dry,01 - Traffic signal,01 - Functioning,2,0,0,0,,0,,,,,361478.9563,5020502.119,45.32218072,-75.77701583,14115
15--9570,2015/08/08,9:34 AM,ARLINGTON AVE @ KENT ST (0007259),7259,03 - At intersection,03 - P.D. only,05 - Turning movement,01 - Clear,01 - Daylight,01 - Dry,01 - Traffic signal,01 - Functioning,2,0,0,0,,0,,,,,367867.9888,5030257.211,45.40940976,-75.69428127,14116
15--9661,2015/08/11,6:20 AM,REGIONAL ROAD 174 btwn OR174 IC109 RAMP86 & OR174 IC109 RAMP64 (__3ZA28U),__3ZA28U,01 - Non intersection,03 - P.D. only,03 - Rear end,02 - Rain,03 - Dawn,02 - Wet,10 - No control,,2,0,0,0,,0,,,,,376550.9557,5035202.764,45.45307053,-75.5826457,14117
15--9120,2015/07/26,2:12 PM,MEADOWLANDS DR/TALLWOOD DR @ WOODROFFE AVE (0000095),95,02 - Intersection related,02 - Non-fatal injury,03 - Rear end,01 - Clear,01 - Daylight,01 - Dry,01 - Traffic signal,01 - Functioning,3,0,0,0,02 - Minor,4,3,1,,,363058.131,5022729.413,45.3420925,-75.75661175,14118
15--9481,2015/08/05,9:40 AM,LAURIER AVE   W btwn KENT ST & BANK ST (__3ZA344),__3ZA344,01 - Non intersection,03 - P.D. only,06 - SMV unattended vehicle,01 - Clear,01 - Daylight,01 - Dry,10 - No control,,1,0,0,0,,0,,,,,367444.3392,5031243.268,45.41832004,-75.6995677,14119
15--9841,2015/08/16,6:00 PM,ALBANY DR btwn NAVAHO DR & CLINE CRES (__3ZAANU),__3ZAANU,04 - At/near private drive,03 - P.D. only,06 - SMV unattended vehicle,01 - Clear,01 - Daylight,01 - Dry,10 - No control,,1,0,0,0,,0,,,,,363140.0144,5024962.645,45.36218011,-75.75530349,14120
15--9030,2015/07/23,7:02 AM,RICHMOND RD btwn WEST HUNT CLUB RD & STONEHAVEN DR (__3ZA41H),__3ZA41H,01 - Non intersection,03 - P.D. only,05 - Turning movement,01 - Clear,01 - Daylight,01 - Dry,10 - No control,,2,0,0,0,,0,,,,,357123.305,5018057.688,45.30052359,-75.83282972,14121
15--9392,2015/08/02,7:52 AM,HERON RD btwn JEFFERSON ST & TURN LANE (__3ZA3BI),__3ZA3BI,04 - At/near private drive,02 - Non-fatal injury,02 - Angle,01 - Clear,01 - Daylight,01 - Dry,10 - No control,,2,1,0,0,01 - Minimal,1,1,,,,372178.0664,5027096.257,45.38056714,-75.63965605,14122
15--930,2015/01/14,8:59 AM,MACDONALD-CARTIER BR btwn RAMP & END (2) (__3ZA3UC),__3ZA3UC,07 - Overpass or bridge,03 - P.D. only,99 - Other,01 - Clear,01 - Daylight,01 - Dry,10 - No control,,2,0,0,0,,0,,,,,367345.9039,5033237.26,45.43627014,-75.70057209,14123
15--9571,2015/08/08,9:37 AM,STRANDHERD DR @ WOODROFFE AVE (0009688),9688,02 - Intersection related,03 - P.D. only,03 - Rear end,01 - Clear,01 - Daylight,01 - Dry,01 - Traffic signal,01 - Functioning,2,0,0,0,,0,,,,,366106.154,5015395.96,45.27584709,-75.71862897,14124
15--9662,2015/08/11,6:34 AM,REGIONAL ROAD 174 btwn OR174 IC109 RAMP86 & OR174 IC109 RAMP64 (__3ZA28U),__3ZA28U,01 - Non intersection,03 - P.D. only,04 - Sideswipe,02 - Rain,01 - Daylight,02 - Wet,10 - No control,,2,0,0,0,,0,,,,,376544.4692,5035195.557,45.45300635,-75.58272967,14125
15--9842,2015/08/16,7:00 PM,HIGHWAY 417 btwn HWY417 IC126 RAMP61 & HWY417 IC124 RAMP76 (__3ZA2Y2),__3ZA2Y2,01 - Non intersection,03 - P.D. only,04 - Sideswipe,01 - Clear,01 - Daylight,01 - Dry,10 - No control,,2,0,0,0,,0,,,,,363675.1386,5026532.564,45.3762613,-75.74828625,14126
15--9843,2015/08/16,7:05 PM,PORTAGE BRIDGE SB btwn PROVINCIAL BOUNDARY & WELLINGTON ST (__6TE1GY),__6TE1GY,01 - Non intersection,03 - P.D. only,04 - Sideswipe,01 - Clear,01 - Daylight,01 - Dry,10 - No control,,2,0,0,0,,0,,,,,366384.191,5031534.522,45.42103478,-75.71307594,14127
15--9844,2015/08/16,7:12 PM,DEVON ST btwn KEATS AVE & SHELLEY AVE (__3ZA2J0),__3ZA2J0,01 - Non intersection,02 - Non-fatal injury,07 - SMV other,01 - Clear,01 - Daylight,01 - Dry,10 - No control,,1,0,0,0,02 - Minor,1,,1,,,371913.089,5029986.261,45.40659566,-75.64264603,14128
15--9845,2015/08/16,8:04 PM,ELGIN ST NB @ WELLINGTON ST/RIDEAU ST (0011369),11369,03 - At intersection,02 - Non-fatal injury,07 - SMV other,01 - Clear,05 - Dusk,01 - Dry,01 - Traffic signal,01 - Functioning,1,0,0,0,01 - Minimal,1,1,,,,367804.1478,5031964.225,45.42477467,-75.69487853,14129
15--9846,2015/08/16,8:14 PM,CARLING AVE @ KIRKWOOD AVE S (0002209),2209,03 - At intersection,03 - P.D. only,02 - Angle,01 - Clear,05 - Dusk,01 - Dry,01 - Traffic signal,01 - Functioning,2,0,0,0,,0,,,,,364352.4212,5027337.909,45.38345042,-75.73954237,14130
15--9847,2015/08/16,8:45 PM,MCGEE SIDE RD btwn LAKE CREST WAY & CARP RD (__3ZAC4D),__3ZAC4D,01 - Non intersection,03 - P.D. only,07 - SMV other,01 - Clear,05 - Dusk,01 - Dry,10 - No control,,1,0,0,0,,0,,,,,344165.5625,5019413.018,45.31356499,-75.99793779,14131
15--9848,2015/08/16,9:45 PM,LEES AVE @ KING EDWARD AVE/MANN AVE (0011413),11413,02 - Intersection related,02 - Non-fatal injury,03 - Rear end,01 - Clear,07 - Dark,01 - Dry,01 - Traffic signal,01 - Functioning,2,0,0,0,01 - Minimal,2,2,,,,369178.9388,5031335.223,45.41898996,-75.67739426,14132
15--9849,2015/08/17,1:08 PM,BAY ST @ LAURIER AVE (0005126),5126,03 - At intersection,03 - P.D. only,02 - Angle,01 - Clear,01 - Daylight,01 - Dry,01 - Traffic signal,01 - Functioning,2,0,0,0,,0,,,,,367034.7054,5030997.212,45.41614266,-75.70483232,14133
15--985,2015/01/15,6:30 AM,CUMBERLAND ST @ RIDEAU ST (0007759),7759,03 - At intersection,03 - P.D. only,05 - Turning movement,01 - Clear,07 - Dark,02 - Wet,01 - Traffic signal,01 - Functioning,2,0,0,0,,0,,,,,368373.5471,5032330.456,45.42801836,-75.68755571,14134
15--9850,2015/08/17,1:30 PM,HIGHWAY 417 btwn HWY417 IC113 RAMP85 & HWY417 IC112 RAMP54 (__3ZA287),__3ZA287,01 - Non intersection,03 - P.D. only,07 - SMV other,01 - Clear,01 - Daylight,01 - Dry,10 - No control,,1,0,0,0,,0,,,,,374138.0317,5031376.325,45.41888589,-75.61403072,14135
15--9851,2015/08/17,1:33 PM,BEAUSEJOUR DR @ JEANNE D'ARC BLVD (0003636),3636,03 - At intersection,03 - P.D. only,02 - Angle,01 - Clear,01 - Daylight,01 - Dry,01 - Traffic signal,01 - Functioning,2,0,0,0,,0,,,,,381421.4678,5036060.932,45.46027459,-75.52025011,14136
15--9852,2015/08/17,11:40 AM,BLAIR RD btwn CROWNHILL ST & OGILVIE RD (__3ZBOGE),__3ZBOGE,01 - Non intersection,03 - P.D. only,03 - Rear end,01 - Clear,01 - Daylight,01 - Dry,10 - No control,,3,0,0,0,,0,,,,,374468.0841,5033293.35,45.43610146,-75.6095428,14137
15--9853,2015/08/17,11:46 AM,ELGIN ST @ MCLEOD ST (0007274),7274,03 - At intersection,02 - Non-fatal injury,02 - Angle,01 - Clear,01 - Daylight,01 - Dry,02 - Stop sign,01 - Functioning,3,0,0,0,02 - Minor,1,,1,,,368425.4328,5030780.652,45.41406905,-75.68709285,14138
15--9854,2015/08/17,Unknown,TRENT ST btwn CHEVRIER ST & BAKERVALE DR (__3ZA0OR),__3ZA0OR,01 - Non intersection,03 - P.D. only,06 - SMV unattended vehicle,01 - Clear,00 - Unknown,01 - Dry,10 - No control,,1,0,0,0,,0,,,,,365679.6525,5026866.619,45.37909576,-75.72265389,14139
15--9855,2015/08/17,2:00 PM,CARLING AVE @ PRESTON ST (0002161),2161,02 - Intersection related,03 - P.D. only,04 - Sideswipe,01 - Clear,01 - Daylight,01 - Dry,01 - Traffic signal,01 - Functioning,2,0,0,0,,0,,,,,366829.71,5028935.914,45.39761388,-75.70771061,14140
15--9856,2015/08/17,2:05 PM,MCARTHUR AVE @ VANIER PKWY (0004626),4626,03 - At intersection,03 - P.D. only,03 - Rear end,01 - Clear,01 - Daylight,01 - Dry,01 - Traffic signal,01 - Functioning,2,0,0,0,,0,,,,,370217.9843,5032690.226,45.43108535,-75.66393925,14141
15--9857,2015/08/17,2:09 PM,BYRON AVE @ HOLLAND AVE (0005636),5636,03 - At intersection,03 - P.D. only,02 - Angle,01 - Clear,01 - Daylight,01 - Dry,02 - Stop sign,01 - Functioning,2,0,0,0,,0,,,,,365015.421,5028957.475,45.39796626,-75.73087929,14142
15--9858,2015/08/17,2:40 PM,CHARLEMAGNE BLVD @ GARDENWAY DR/BOTTRIELL WAY  (0003748),3748,03 - At intersection,02 - Non-fatal injury,05 - Turning movement,01 - Clear,01 - Daylight,01 - Dry,01 - Traffic signal,01 - Functioning,2,0,0,0,02 - Minor,3,1,2,,,384049.6229,5037036.016,45.46875433,-75.48649219,14143
15--9859,2015/08/17,2:42 PM,LEMAY CRES btwn PLEASANT PARK RD & PLEASANT PARK RD (__3ZBOZ7),__3ZBOZ7,04 - At/near private drive,03 - P.D. only,06 - SMV unattended vehicle,01 - Clear,01 - Daylight,01 - Dry,10 - No control,,1,0,0,0,,0,,,,,373026.9337,5028523.026,45.39332245,-75.62862097,14144
15--986,2015/01/15,6:37 AM,CUMMINGS AVE btwn SNOW ST & BURLEIGH PRIV (__4BQ6XN),__4BQ6XN,04 - At/near private drive,03 - P.D. only,02 - Angle,"07 - Fog, mist, smoke, dust",07 - Dark,05 - Packed snow,10 - No control,,2,0,0,0,,0,,,,,372555.6245,5032653.28,45.43053036,-75.63407199,14145
15--9860,2015/08/17,3:00 PM,CARLING AVE WB btwn CHAMPAGNE AVE S & PRESTON ST (__3ZA4UZ),__3ZA4UZ,01 - Non intersection,03 - P.D. only,04 - Sideswipe,01 - Clear,01 - Daylight,01 - Dry,10 - No control,,2,0,0,0,,0,,,,,366637.6322,5028818.285,45.39657247,-75.71017848,14146
15--9861,2015/08/17,3:15 PM,HIGHWAY 417 btwn HWY417 IC121B RAMP16 & HWY417 IC121A RAMP16 (__3ZA2YX),__3ZA2YX,01 - Non intersection,03 - P.D. only,03 - Rear end,01 - Clear,01 - Daylight,01 - Dry,10 - No control,,2,0,0,0,,0,,,,,366865.031,5029614.847,45.4037196,-75.70717407,14147
15--9862,2015/08/17,3:32 PM,MCARTHUR AVE btwn MAYFIELD ST & VANIER PKWY (__3ZA3WT),__3ZA3WT,04 - At/near private drive,03 - P.D. only,02 - Angle,01 - Clear,01 - Daylight,01 - Dry,10 - No control,,2,0,0,0,,0,,,,,370137.7522,5032681.716,45.43101628,-75.66496566,14148
15--9863,2015/08/17,3:53 PM,RIVERSIDE DR @ HERON RD (0002236),2236,02 - Intersection related,03 - P.D. only,03 - Rear end,01 - Clear,01 - Daylight,01 - Dry,01 - Traffic signal,01 - Functioning,2,0,0,0,,0,,,,,368121.605,5026647.227,45.37690528,-75.69150485,14149
15--9864,2015/08/17,4:34 PM,RIDEAU ST btwn WURTEMBURG ST & RIDEAU PL (__3ZA1LA),__3ZA1LA,01 - Non intersection,03 - P.D. only,03 - Rear end,01 - Clear,01 - Daylight,01 - Dry,10 - No control,,2,0,0,0,,0,,,,,369366.0756,5032932.435,45.43334382,-75.67479398,14150
15--9865,2015/08/17,4:47 PM,INNES RD btwn ANDERSON RD & INNES RD (__3ZA3J2),__3ZA3J2,01 - Non intersection,03 - P.D. only,04 - Sideswipe,01 - Clear,01 - Daylight,01 - Dry,10 - No control,,2,0,0,0,,0,,,,,376457.3177,5031941.384,45.42373626,-75.58431751,14151
15--9866,2015/08/17,4:47 PM,NICHOLAS ST NB btwn HWY417 IC118 RAMP52 & WALLER ST/TRANSITWAY (__6KCFNL),__6KCFNL,01 - Non intersection,03 - P.D. only,03 - Rear end,01 - Clear,01 - Daylight,01 - Dry,10 - No control,,2,0,0,0,,0,,,,,369096.1982,5031305.557,45.41873065,-75.67845524,14152
15--9867,2015/08/17,4:56 PM,BLOHM DR @ FORESTGLADE CRES S/PICASSO DR (0008252),8252,02 - Intersection related,03 - P.D. only,03 - Rear end,01 - Clear,01 - Daylight,01 - Dry,02 - Stop sign,01 - Functioning,2,0,0,0,,0,,,,,375067.7433,5026322.161,45.37331832,-75.60287266,14153
15--9868,2015/08/17,5:00 PM,PRESTON ST btwn GEORGE ST W & ABERDEEN ST (__3ZA3ZV),__3ZA3ZV,01 - Non intersection,03 - P.D. only,04 - Sideswipe,01 - Clear,01 - Daylight,01 - Dry,10 - No control,,2,0,0,0,,0,,,,,366647.3704,5029351.292,45.40136747,-75.70998728,14154
15--9869,2015/08/17,5:04 PM,BANK ST SB btwn 80 S OF HUNT CLUB RD & 112 N OF ALBION RD (__3ZA3HHB),__3ZA3HHB,01 - Non intersection,02 - Non-fatal injury,03 - Rear end,01 - Clear,01 - Daylight,01 - Dry,10 - No control,,2,0,0,0,02 - Minor,4,1,3,,,371746.1252,5024103.087,45.35367708,-75.64557642,14155
15--987,2015/01/15,6:40 AM,REGIONAL ROAD 174 btwn OR174 IC102 RAMP36 & OR174 IC102 RAMP26 (__6K3NTG),__6K3NTG,01 - Non intersection,03 - P.D. only,07 - SMV other,01 - Clear,07 - Dark,06 - Ice,10 - No control,,1,0,0,0,,0,,,,,381487.3119,5038202.289,45.4795335,-75.51907413,14156
15--9870,2015/08/17,5:07 PM,BANK ST btwn SIEVERIGHT AVE & ATHANS AVE (__3ZAYF2),__3ZAYF2,01 - Non intersection,03 - P.D. only,04 - Sideswipe,01 - Clear,01 - Daylight,01 - Dry,10 - No control,,2,0,0,0,,0,,,,,372281.6596,5024102.967,45.35362467,-75.63874227,14157
15--9871,2015/08/17,5:11 PM,MACKENZIE AVE @ RIDEAU ST (0002136),2136,03 - At intersection,03 - P.D. only,04 - Sideswipe,01 - Clear,01 - Daylight,01 - Dry,01 - Traffic signal,01 - Functioning,2,0,0,0,,0,,,,,367870.4199,5032009.941,45.42518003,-75.69402588,14158
15--9872,2015/08/17,5:30 PM,NORICE ST @ WOODROFFE AVE (0001542),1542,02 - Intersection related,02 - Non-fatal injury,03 - Rear end,01 - Clear,01 - Daylight,01 - Dry,01 - Traffic signal,01 - Functioning,3,0,0,0,01 - Minimal,1,1,,,,363193.9633,5022397.853,45.33909785,-75.75491778,14159
15--9873,2015/08/17,5:31 PM,BELGREEN DR btwn STEVENAGE DR & END (__3ZA7PE),__3ZA7PE,01 - Non intersection,03 - P.D. only,07 - SMV other,01 - Clear,01 - Daylight,01 - Dry,10 - No control,,1,0,0,0,,0,,,,,375601.7358,5027225.8,45.38139507,-75.59592632,14160
15--9874,2015/08/17,6:18 PM,CASTLEFRANK RD @ TERRY FOX DR (0011757),11757,02 - Intersection related,03 - P.D. only,03 - Rear end,01 - Clear,01 - Daylight,01 - Dry,01 - Traffic signal,01 - Functioning,2,0,0,0,,0,,,,,352993.2883,5016305.168,45.28504945,-75.88565835,14161
15--9875,2015/08/17,7:00 PM,INNES RD @ ORCHARDVIEW AVE/ESPRIT DR (0012279),12279,02 - Intersection related,03 - P.D. only,04 - Sideswipe,01 - Clear,01 - Daylight,01 - Dry,01 - Traffic signal,01 - Functioning,2,0,0,0,,0,,,,,384845.4853,5036560.199,45.46438263,-75.47639318,14162
15--9876,2015/08/17,7:05 PM,GUIGUES AVE @ KING EDWARD AVE (0007701),7701,03 - At intersection,03 - P.D. only,02 - Angle,01 - Clear,01 - Daylight,01 - Dry,02 - Stop sign,01 - Functioning,2,0,0,0,,0,,,,,368200.9816,5032902.226,45.43317861,-75.68968719,14163
15--9877,2015/08/17,7:29 AM,HWY 417 CASTLEFR IC139R61 @ KANATA AVE (0012625),12625,03 - At intersection,02 - Non-fatal injury,02 - Angle,01 - Clear,01 - Daylight,01 - Dry,01 - Traffic signal,01 - Functioning,2,0,0,0,02 - Minor,2,1,1,,,351615.2187,5019225.33,45.31141898,-75.90294855,14164
15--9878,2015/08/17,8:00 AM,MACDONALD-CARTIER BR btwn RAMP & END (1) (__3ZA1QK),__3ZA1QK,07 - Overpass or bridge,03 - P.D. only,03 - Rear end,01 - Clear,01 - Daylight,01 - Dry,10 - No control,,3,0,0,0,,0,,,,,367385.7986,5033237.785,45.43627129,-75.70006216,14165
15--9879,2015/08/17,8:11 PM,WOODROFFE AVE @ KNOXDALE RD/MEDHURST DR (0000519),519,02 - Intersection related,03 - P.D. only,03 - Rear end,01 - Clear,05 - Dusk,01 - Dry,01 - Traffic signal,01 - Functioning,3,0,0,0,,0,,,,,363420.4106,5021826.127,45.33393462,-75.75209638,14166
15--988,2015/01/15,7:08 AM,MONTREAL RD @ BATHGATE DR/BURMA RD (0007650),7650,03 - At intersection,03 - P.D. only,05 - Turning movement,01 - Clear,03 - Dawn,01 - Dry,01 - Traffic signal,01 - Functioning,2,0,0,0,,0,,,,,373224.7224,5034516.11,45.44722599,-75.62526284,14167