Anom_ID,Accident_Date,Accident_Time,Location,Geo_ID,Accident_Location,Classification_of_Accident,Initial_Impact_Type,Environment_Condition,Light,Road_Surface_Condition,Traffic_Control,Traffic_Control_Condition,No__of_Vehicles,No__of_Bicycles,No__of_Motorcycles,No__of_Pedestrians,Max_Injury,No__of_Injuries,No__of_Minimal,No__of_Minor,No__of_Major,No__of_Fatal,X,Y,Latitude,Longitude,ObjectId
15--9880,2015/08/17,8:16 PM,CHURCHILL AVE @ LAPERRIERE AVE (0002568),2568,03 - At intersection,02 - Non-fatal injury,02 - Angle,01 - Clear,07 - Dark,01 - Dry,02 - Stop sign,01 - Functioning,2,0,0,0,02 - Minor,1,,1,,,363930.6898,5026589.897,45.37675565,-75.7450168,14168
15--9881,2015/08/17,8:55 AM,ISLAND PARK DR btwn CLEARVIEW AVE & OTTAWA RIVER PKWY (__3ZA23A),__3ZA23A,01 - Non intersection,03 - P.D. only,03 - Rear end,01 - Clear,01 - Daylight,01 - Dry,10 - No control,,3,0,0,0,,0,,,,,363464.7237,5029398.568,45.40206679,-75.75063188,14169
15--9882,2015/08/17,9:30 AM,KING EDWARD AVE NB btwn ST. ANDREW ST & GUIGUES AVE (__3ZA3LH),__3ZA3LH,01 - Non intersection,03 - P.D. only,03 - Rear end,01 - Clear,01 - Daylight,01 - Dry,10 - No control,,2,0,0,0,,0,,,,,368195.3246,5032947.979,45.43359079,-75.68975359,14170
15--9883,2015/08/17,9:34 PM,KIRKWOOD AVE @ MERIVALE RD (0002243),2243,02 - Intersection related,02 - Non-fatal injury,03 - Rear end,01 - Clear,07 - Dark,01 - Dry,01 - Traffic signal,01 - Functioning,2,0,1,0,03 - Major,1,,,1,,364852.9807,5026646.903,45.37719014,-75.73323507,14171
15--9884,2015/08/18,1:28 PM,RUSSELL AVE @ LAURIER AVE (0007752),7752,03 - At intersection,02 - Non-fatal injury,02 - Angle,01 - Clear,01 - Daylight,01 - Dry,02 - Stop sign,00 - Unknown,2,0,0,0,01 - Minimal,1,1,,,,369037.4178,5032215.847,45.4269265,-75.67908753,14172
15--9885,2015/08/18,1:49 PM,BOOTH ST @ LOUISA ST (0006503),6503,03 - At intersection,03 - P.D. only,02 - Angle,01 - Clear,01 - Daylight,01 - Dry,02 - Stop sign,01 - Functioning,2,0,0,0,,0,,,,,366801.9843,5029770.204,45.40512305,-75.70795983,14173
15--9886,2015/08/18,10:08 AM,CEDARVIEW RD @ WEST HUNT CLUB RD (0010267),10267,02 - Intersection related,03 - P.D. only,03 - Rear end,01 - Clear,01 - Daylight,01 - Dry,01 - Traffic signal,01 - Functioning,2,0,0,0,,0,,,,,359717.236,5019554.838,45.31379707,-75.79959125,14174
15--9887,2015/08/18,10:08 PM,PARKDALE AVE @ HWY 417 PARKDAL IC122R15/HWY 41 (0002363),2363,03 - At intersection,02 - Non-fatal injury,05 - Turning movement,02 - Rain,07 - Dark,02 - Wet,01 - Traffic signal,01 - Functioning,2,0,0,0,02 - Minor,1,,1,,,365335.9775,5028845.915,45.39693483,-75.72679895,14175
15--9888,2015/08/18,10:15 AM,HIGHWAY 417 btwn HWY417 IC96 RAMP51 & HIGHWAY 417 (__3ZA2W3),__3ZA2W3,01 - Non intersection,03 - P.D. only,07 - SMV other,01 - Clear,01 - Daylight,01 - Dry,10 - No control,,1,0,0,0,,0,,,,,387263.1154,5023855.245,45.3497942,-75.44760711,14176
15--9889,2015/08/18,10:29 AM,TIFFANY CRES btwn TIFFANY PL & TIFFANY PL (__3ZACWF),__3ZACWF,01 - Non intersection,02 - Non-fatal injury,06 - SMV unattended vehicle,01 - Clear,01 - Daylight,01 - Dry,10 - No control,,1,0,0,0,02 - Minor,1,,1,,,351498.3606,5020441.072,45.3223663,-75.90432419,14177
15--989,2015/01/15,7:25 PM,HIGHWAY 417 btwn Continuation of HIGHWAY 417 & HWY417 IC144 RAMP16 (__3ZA2Q6),__3ZA2Q6,01 - Non intersection,03 - P.D. only,03 - Rear end,01 - Clear,07 - Dark,02 - Wet,10 - No control,,3,0,0,0,,0,,,,,347331.0314,5015806.349,45.28092632,-75.95787699,14178
15--9890,2015/08/18,10:46 AM,MCCANN ST @ STITTSVILLE MAIN ST (0000046),46,02 - Intersection related,02 - Non-fatal injury,03 - Rear end,01 - Clear,01 - Daylight,01 - Dry,02 - Stop sign,00 - Unknown,2,0,0,0,01 - Minimal,2,2,,,,350129.5858,5013492.331,45.25992911,-75.92241814,14179
15--9891,2015/08/18,11:00 AM,BLAIR RD btwn OR174 IC112 RAMP15 & MEADOWBROOK RD (__3ZA2E1),__3ZA2E1,01 - Non intersection,03 - P.D. only,03 - Rear end,01 - Clear,01 - Daylight,01 - Dry,10 - No control,,3,0,0,0,,0,,,,,375175.275,5032332.831,45.42738844,-75.60064229,14180
15--9892,2015/08/18,11:44 AM,RICHMOND RD btwn EDGEWOOD AVE & ATHLONE AVE (__3ZA4O2),__3ZA4O2,01 - Non intersection,03 - P.D. only,03 - Rear end,01 - Clear,01 - Daylight,01 - Dry,10 - No control,,2,0,0,0,,0,,,,,363414.333,5028417.158,45.39324045,-75.75139212,14181
15--9893,2015/08/18,Unknown,GREYROCK CRES btwn GLENMOUNT AVE & CAMEO DR (__3ZBOJB),__3ZBOJB,01 - Non intersection,03 - P.D. only,06 - SMV unattended vehicle,02 - Rain,00 - Unknown,02 - Wet,10 - No control,,1,0,0,0,,0,,,,,363929.0715,5025304.755,45.36519226,-75.7451913,14182
15--9894,2015/08/18,12:04 AM,ALBION RD @ BRIDLE PATH DR (0009630),9630,03 - At intersection,03 - P.D. only,03 - Rear end,01 - Clear,07 - Dark,01 - Dry,01 - Traffic signal,01 - Functioning,2,0,0,0,,0,,,,,372107.4495,5023740.862,45.35038331,-75.64101472,14183
15--9895,2015/08/18,12:25 PM,EDGEWOOD AVE @ RICHMOND RD (0002305),2305,02 - Intersection related,02 - Non-fatal injury,03 - Rear end,01 - Clear,01 - Daylight,01 - Dry,02 - Stop sign,01 - Functioning,2,0,0,0,02 - Minor,1,,1,,,363395.6873,5028402.192,45.39310735,-75.75163201,14184
15--9896,2015/08/18,12:45 PM,JAMIE AVE @ SUNDERLAND ST (0004576),4576,03 - At intersection,03 - P.D. only,02 - Angle,01 - Clear,01 - Daylight,01 - Dry,02 - Stop sign,01 - Functioning,2,0,0,0,,0,,,,,366064.7031,5022022.866,45.33547897,-75.71833813,14185
15--9897,2015/08/18,12:50 PM,TYRRELL PL @ MOODIE DR (0010386),10386,03 - At intersection,02 - Non-fatal injury,05 - Turning movement,01 - Clear,01 - Daylight,01 - Dry,01 - Traffic signal,01 - Functioning,2,0,0,0,01 - Minimal,1,1,,,,357326.6484,5019853.396,45.31666642,-75.83004676,14186
15--9898,2015/08/18,2:13 PM,ST. LAURENT BLVD btwn BOURASSA ST & SMYTH RD (__3ZA3R6),__3ZA3R6,01 - Non intersection,03 - P.D. only,03 - Rear end,01 - Clear,01 - Daylight,01 - Dry,10 - No control,,3,0,0,0,,0,,,,,373276.0114,5029600.494,45.4029927,-75.6252906,14187
15--9899,2015/08/18,2:30 PM,MEADOWLANDS DR btwn MERIVALE RD & GRANT CARMAN DR (__3ZA4HY),__3ZA4HY,04 - At/near private drive,02 - Non-fatal injury,07 - SMV other,01 - Clear,01 - Daylight,01 - Dry,10 - No control,,1,0,0,3,02 - Minor,2,,2,,,364954.5558,5023787.853,45.35145615,-75.73228632,14188
15--99,2015/01/03,6:35 PM,HUNT CLUB RD @ UPLANDS DR (0010844),10844,02 - Intersection related,03 - P.D. only,01 - Approaching,03 - Snow,07 - Dark,05 - Packed snow,01 - Traffic signal,01 - Functioning,2,0,0,0,,0,,,,,370155.2257,5023123.294,45.34501125,-75.66600814,14189
15--990,2015/01/15,7:28 PM,SHEA RD btwn ABBOTT ST E & FERNBANK RD (__3ZAZRN),__3ZAZRN,04 - At/near private drive,03 - P.D. only,05 - Turning movement,03 - Snow,07 - Dark,03 - Loose snow,10 - No control,,2,0,0,0,,0,,,,,351339.6104,5013956.781,45.26402938,-75.90695752,14190
15--9900,2015/08/18,2:38 PM,GATESTONE PRIV @ MONTREAL RD (0012425),12425,02 - Intersection related,03 - P.D. only,02 - Angle,01 - Clear,01 - Daylight,01 - Dry,10 - No control,,2,0,0,0,,0,,,,,375869.7686,5034695.2,45.44857339,-75.59142707,14191
15--9901,2015/08/18,3:00 PM,INDUSTRIAL AVE btwn TRAINYARDS DR & RUSSELL RD (__3ZA3R9),__3ZA3R9,01 - Non intersection,03 - P.D. only,04 - Sideswipe,01 - Clear,01 - Daylight,01 - Dry,10 - No control,,2,0,0,0,,0,,,,,372037.2414,5030453.089,45.41078406,-75.64099652,14192
15--9902,2015/08/18,3:15 PM,INDUSTRIAL AVE @ RIVERSIDE DR (0011905),11905,02 - Intersection related,03 - P.D. only,05 - Turning movement,01 - Clear,01 - Daylight,01 - Dry,01 - Traffic signal,01 - Functioning,2,0,0,0,,0,,,,,370683.9979,5030590.752,45.4121514,-75.65826487,14193
15--9903,2015/08/18,3:36 PM,STRATHCONA AVE btwn O'CONNOR ST & METCALFE ST (__3ZA97O),__3ZA97O,01 - Non intersection,03 - P.D. only,06 - SMV unattended vehicle,01 - Clear,01 - Daylight,01 - Dry,10 - No control,,1,0,0,0,,0,,,,,368463.853,5030219.196,45.40901376,-75.68667454,14194
15--9904,2015/08/18,4:00 PM,INDUSTRIAL AVE btwn RIVERSIDE DR & SANDFORD FLEMING AVE (__3ZA3PG),__3ZA3PG,01 - Non intersection,03 - P.D. only,04 - Sideswipe,01 - Clear,01 - Daylight,01 - Dry,10 - No control,,2,0,0,0,,0,,,,,370705.6195,5030590.031,45.41214288,-75.65798876,14195
15--9905,2015/08/18,4:02 PM,PARKDALE AVE @ KENILWORTH ST (0006366),6366,03 - At intersection,03 - P.D. only,02 - Angle,01 - Clear,01 - Daylight,01 - Dry,02 - Stop sign,01 - Functioning,2,0,0,0,,0,,,,,365445.6998,5028595.911,45.39467586,-75.72542837,14196
15--9906,2015/08/18,4:03 PM,INDUSTRIAL AVE btwn RUSSELL RD & ST. LAURENT BLVD (__3ZA3R7),__3ZA3R7,01 - Non intersection,02 - Non-fatal injury,03 - Rear end,01 - Clear,01 - Daylight,01 - Dry,10 - No control,,2,0,0,0,02 - Minor,1,,1,,,372756.0983,5030015.055,45.4067734,-75.63187405,14197
15--9907,2015/08/18,4:07 PM,CATHERINE ST/HWY 417 O'CONN IC119BR76 @ O'CONN (0001697),1697,02 - Intersection related,03 - P.D. only,04 - Sideswipe,01 - Clear,01 - Daylight,01 - Dry,01 - Traffic signal,01 - Functioning,2,0,0,0,,0,,,,,368244.4317,5030392.204,45.41059036,-75.68945517,14198
15--9908,2015/08/18,4:23 PM,RIVERSIDE DR NB btwn RIVERSIDE DR NB RAMP FROM EB TO WB & NEIL WAY (__3ZA3NS),__3ZA3NS,01 - Non intersection,03 - P.D. only,03 - Rear end,01 - Clear,01 - Daylight,01 - Dry,10 - No control,,2,0,0,0,,0,,,,,369394.7645,5028168.167,45.390474,-75.6750517,14199
15--9909,2015/08/18,4:50 PM,PRINCE OF WALES DR btwn JOCKVALE RD & MAPLEHILL WAY (__3ZA29X),__3ZA29X,01 - Non intersection,02 - Non-fatal injury,03 - Rear end,01 - Clear,01 - Daylight,01 - Dry,10 - No control,,3,0,0,0,01 - Minimal,2,2,,,,366721.9492,5012306.749,45.24799654,-75.7111662,14200
15--991,2015/01/15,7:42 PM,BANK ST @ LAURIER AVE (0002221),2221,03 - At intersection,03 - P.D. only,04 - Sideswipe,03 - Snow,07 - Dark,05 - Packed snow,01 - Traffic signal,01 - Functioning,2,0,0,0,,0,,,,,367479.7364,5031265.106,45.41851336,-75.69911268,14201
15--9910,2015/08/18,5:00 PM,HIGHWAY 417 btwn HWY417 IC138 RAMP61 & HWY417 IC134 RAMP36 (__3ZA20I),__3ZA20I,01 - Non intersection,03 - P.D. only,03 - Rear end,01 - Clear,01 - Daylight,01 - Dry,10 - No control,,2,0,0,0,,0,,,,,355502.929,5021753.775,45.33390035,-75.85311134,14202
15--9911,2015/08/18,5:10 PM,BASELINE RD @ FISHER AVE (0002346),2346,02 - Intersection related,03 - P.D. only,03 - Rear end,01 - Clear,01 - Daylight,01 - Dry,01 - Traffic signal,00 - Unknown,2,0,0,0,,0,,,,,366165.4323,5026029.163,45.37151812,-75.71655582,14203
15--9912,2015/08/18,5:19 PM,TERRY FOX DR btwn HALKIRK AVE & CASTLEFRANK RD (__30IMA5),__30IMA5,01 - Non intersection,03 - P.D. only,04 - Sideswipe,01 - Clear,01 - Daylight,01 - Dry,10 - No control,,2,0,0,0,,0,,,,,352574.5956,5016793.25,45.28946993,-75.89094831,14204
15--9913,2015/08/18,5:20 PM,HUNT CLUB RD btwn RIVERSIDE DR & TURN LANE (__3ZA37K),__3ZA37K,01 - Non intersection,03 - P.D. only,04 - Sideswipe,01 - Clear,01 - Daylight,01 - Dry,10 - No control,,2,0,0,0,,0,,,,,368121.0273,5021984.778,45.33495371,-75.69210942,14205
15--9914,2015/08/18,5:24 PM,ELMSMERE RD btwn ELMRIDGE DR E & ELMSMERE RD N (__3ZA7XN),__3ZA7XN,04 - At/near private drive,03 - P.D. only,02 - Angle,01 - Clear,01 - Daylight,01 - Dry,10 - No control,,2,0,0,0,,0,,,,,375073.7066,5034234.364,45.44450756,-75.60166867,14206
15--9915,2015/08/18,5:26 PM,MERIVALE RD/LOTTA AVE @ CLYDE AVE (0001112),1112,02 - Intersection related,03 - P.D. only,03 - Rear end,01 - Clear,01 - Daylight,01 - Dry,01 - Traffic signal,01 - Functioning,2,0,0,0,,0,,,,,364520.9776,5024507.886,45.35797197,-75.73773232,14207
15--9916,2015/08/18,5:32 PM,INNES RD @ STONEHENGE CRES E (0009355),9355,02 - Intersection related,03 - P.D. only,03 - Rear end,01 - Clear,01 - Daylight,01 - Dry,01 - Traffic signal,01 - Functioning,2,0,0,0,,0,,,,,375363.7425,5031313.193,45.41819532,-75.59838013,14208
15--9917,2015/08/18,5:45 PM,FALLOWFIELD RD @ VIA PARK PL/275 W OF WOODROFFE AVE (0010154),10154,03 - At intersection,03 - P.D. only,05 - Turning movement,01 - Clear,01 - Daylight,01 - Dry,01 - Traffic signal,01 - Functioning,2,0,0,0,,0,,,,,364847.958,5017767.102,45.29729113,-75.73437675,14209
15--9918,2015/08/18,5:45 PM,PRINCE OF WALES DR @ WEST HUNT CLUB RD (0000567),567,02 - Intersection related,03 - P.D. only,03 - Rear end,01 - Clear,01 - Daylight,01 - Dry,01 - Traffic signal,01 - Functioning,2,0,0,0,,0,,,,,367458.7103,5021891.864,45.33417714,-75.70057062,14210
15--9919,2015/08/18,6:09 PM,TERRY FOX DR N @ FLAMBOROUGH WAY/INNOVATION DR (0011795),11795,02 - Intersection related,03 - P.D. only,03 - Rear end,01 - Clear,01 - Daylight,01 - Dry,01 - Traffic signal,01 - Functioning,2,0,0,0,,0,,,,,349384.9771,5022954.775,45.34512264,-75.93105431,14211
15--992,2015/01/15,8:05 PM,JOCKVALE RD btwn WEYBRIDGE DR & TARTAN DR (__3ZAAA4),__3ZAAA4,01 - Non intersection,02 - Non-fatal injury,07 - SMV other,01 - Clear,07 - Dark,03 - Loose snow,10 - No control,,1,0,0,1,03 - Major,2,1,,1,,363082.5723,5014915.279,45.27177903,-75.75721879,14212
15--9920,2015/08/18,6:46 PM,MORRISON DR @ GREENBANK RD (0002755),2755,02 - Intersection related,02 - Non-fatal injury,03 - Rear end,01 - Clear,01 - Daylight,01 - Dry,02 - Stop sign,01 - Functioning,3,0,0,0,01 - Minimal,1,1,,,,360555.5607,5023128.16,45.34588379,-75.7884977,14213
15--9921,2015/08/18,7:15 AM,HIGHWAY 417 btwn HWY417 IC127 RAMP35 & HWY417 IC127 RAMP25 (__3ZA2RE),__3ZA2RE,01 - Non intersection,03 - P.D. only,04 - Sideswipe,01 - Clear,01 - Daylight,01 - Dry,10 - No control,,2,0,0,0,,0,,,,,362158.4992,5024855.041,45.3612929,-75.76784375,14214
15--9922,2015/08/18,7:55 PM,CHARLOTTE ST @ RIDEAU ST (0002622),2622,02 - Intersection related,02 - Non-fatal injury,07 - SMV other,01 - Clear,01 - Daylight,01 - Dry,01 - Traffic signal,01 - Functioning,1,0,0,1,01 - Minimal,1,1,,,,369248.9883,5032860.673,45.43270893,-75.67629969,14215
15--9923,2015/08/18,7:59 PM,BRONSON AVE @ IMPERIAL AVE/PLYMOUTH ST (0010859),10859,03 - At intersection,02 - Non-fatal injury,05 - Turning movement,01 - Clear,05 - Dusk,01 - Dry,10 - No control,,2,0,0,0,01 - Minimal,2,2,,,,367317.9826,5029643.191,45.40393433,-75.70138499,14216
15--9924,2015/08/18,8:20 AM,BOOTH ST @ SIR JOHN A. MACDONALD PKWY/WELLINGTON ST (0012252),12252,02 - Intersection related,02 - Non-fatal injury,03 - Rear end,01 - Clear,01 - Daylight,01 - Dry,01 - Traffic signal,00 - Unknown,2,0,0,0,01 - Minimal,1,1,,,,366263.5363,5031004.886,45.41627987,-75.71468359,14217
15--9925,2015/08/18,8:35 PM,KINBURN SIDE RD btwn LOGGERS WAY & JOHN SHAW RD (__3ZA4R5),__3ZA4R5,01 - Non intersection,03 - P.D. only,07 - SMV other,01 - Clear,05 - Dusk,01 - Dry,10 - No control,,1,0,0,0,,0,,,,,330084.8718,5028807.213,45.39874704,-76.17703654,14218
15--9926,2015/08/18,9:10 AM,ST. JOSEPH BLVD/OLD MONTREAL RD @ TRIM RD (0004118),4118,03 - At intersection,02 - Non-fatal injury,02 - Angle,01 - Clear,01 - Daylight,01 - Dry,11 - Roundabout,01 - Functioning,2,0,0,0,01 - Minimal,2,2,,,,384682.754,5039285.222,45.48891839,-75.4780307,14219
15--9927,2015/08/18,9:30 AM,HIGHWAY 417 btwn REGIONAL ROAD 174 & HWY417 IC113 RAMP85 (__3ZA289),__3ZA289,01 - Non intersection,03 - P.D. only,04 - Sideswipe,01 - Clear,01 - Daylight,01 - Dry,10 - No control,,2,0,0,0,,0,,,,,373846.1363,5031751.924,45.4222942,-75.61770734,14220
15--9928,2015/08/18,9:35 AM,HIGHWAY 417 btwn HWY417 IC155 RAMP61 & HWY417 IC145 RAMP56 (__3ZA2Q2),__3ZA2Q2,01 - Non intersection,03 - P.D. only,07 - SMV other,01 - Clear,01 - Daylight,01 - Dry,10 - No control,,1,0,0,0,,0,,,,,344407.9922,5015408.336,45.27751559,-75.99516585,14221
15--9929,2015/08/18,9:50 AM,ALTA VISTA DR btwn DALE AVE & 75 S OF CALEDON ST (__3ZA97HB),__3ZA97HB,01 - Non intersection,03 - P.D. only,03 - Rear end,01 - Clear,01 - Daylight,01 - Dry,10 - No control,,2,0,0,0,,0,,,,,370711.6362,5030229.334,45.4088969,-75.65796013,14222
15--9121,2015/07/26,2:25 PM,STONECREST RD btwn KINBURN SIDE RD & NEEDHAMS SIDE RD (__3ZACDU),__3ZACDU,01 - Non intersection,03 - P.D. only,07 - SMV other,02 - Rain,01 - Daylight,02 - Wet,10 - No control,,1,0,0,0,,0,,,,,335118.0096,5032878.949,45.43518613,-76.11249915,14223
15--9482,2015/08/06,1:16 PM,BOLTON ST btwn DALHOUSIE ST & CUMBERLAND ST (__3ZA7D9),__3ZA7D9,01 - Non intersection,03 - P.D. only,06 - SMV unattended vehicle,01 - Clear,01 - Daylight,01 - Dry,10 - No control,,1,0,0,0,,0,,,,,367866.4161,5033078.301,45.43479312,-75.69394021,14224
15--9031,2015/07/23,7:14 PM,CARLING AVE @ CLYDE AVE/COLE AVE (0006984),6984,03 - At intersection,03 - P.D. only,05 - Turning movement,01 - Clear,01 - Daylight,01 - Dry,01 - Traffic signal,01 - Functioning,2,0,0,0,,0,,,,,363519.9686,5026849.82,45.37912894,-75.75022955,14225
15--9393,2015/08/02,9:03 PM,HUNTMAR DR btwn PALLADIUM DR & MAPLE GROVE RD (__3ZA1EH),__3ZA1EH,01 - Non intersection,03 - P.D. only,07 - SMV other,01 - Clear,07 - Dark,01 - Dry,10 - No control,,1,0,0,0,,0,,,,,349964.569,5017044.771,45.29190577,-75.92419745,14226
15--9572,2015/08/08,9:40 AM,ARTHUR ST @ SOMERSET ST (0005109),5109,03 - At intersection,03 - P.D. only,02 - Angle,01 - Clear,01 - Daylight,01 - Dry,01 - Traffic signal,01 - Functioning,2,0,0,0,,0,,,,,366830.4224,5030392.645,45.41072108,-75.70751826,14227
15--9663,2015/08/11,6:51 PM,STONEPOINTE AVE @ WINDHURST DR (0000026),26,02 - Intersection related,03 - P.D. only,03 - Rear end,01 - Clear,01 - Daylight,01 - Dry,03 - Yield sign,01 - Functioning,2,0,0,0,,0,,,,,366392.7771,5016060.762,45.28180389,-75.71489369,14228
15--9032,2015/07/23,7:23 AM,ELGIN ST @ NEPEAN ST (0006946),6946,03 - At intersection,03 - P.D. only,04 - Sideswipe,01 - Clear,01 - Daylight,01 - Dry,01 - Traffic signal,01 - Functioning,2,0,0,0,,0,,,,,368029.7084,5031409.771,45.41976552,-75.69206757,14229
15--9573,2015/08/08,9:53 AM,QUEEN ELIZABETH DRWY @ SOMERSET ST (0007135),7135,03 - At intersection,02 - Non-fatal injury,02 - Angle,01 - Clear,01 - Daylight,01 - Dry,02 - Stop sign,01 - Functioning,2,1,0,0,01 - Minimal,1,1,,,,368570.7074,5031472.497,45.42028081,-75.68514741,14230
15--9483,2015/08/06,1:30 PM,ALBION RD @ RIDEAU RD (0009356),9356,03 - At intersection,03 - P.D. only,02 - Angle,01 - Clear,01 - Daylight,01 - Dry,01 - Traffic signal,01 - Functioning,2,0,0,0,,0,,,,,375094.1936,5016672.658,45.2864933,-75.60390521,14231
15--9122,2015/07/26,3:06 PM,BLAIR RD @ INNES RD (0004165),4165,02 - Intersection related,03 - P.D. only,04 - Sideswipe,01 - Clear,01 - Daylight,01 - Dry,01 - Traffic signal,00 - Unknown,2,0,0,0,,0,,,,,375580.1763,5031439.195,45.41930715,-75.59559692,14232
15--9394,2015/08/02,9:04 AM,STREAMSIDE CRES btwn MARCONI AVE & MARCONI AVE (__5J15R0),__5J15R0,04 - At/near private drive,03 - P.D. only,06 - SMV unattended vehicle,01 - Clear,01 - Daylight,01 - Dry,10 - No control,,1,0,0,0,,0,,,,,349399.7558,5024649.315,45.36036955,-75.93071288,14233
15--9664,2015/08/11,6:55 PM,HIGHWAY 417 btwn HWY417 IC115 RAMP51 & HWY417 IC115 RAMP35 (__3ZAZEB),__3ZAZEB,01 - Non intersection,03 - P.D. only,99 - Other,01 - Clear,01 - Daylight,01 - Dry,10 - No control,,2,0,0,0,,0,,,,,372342.195,5031486.036,45.42004869,-75.6369594,14234
15--9033,2015/07/23,7:26 PM,CYRVILLE RD btwn LABRIE AVE & STAR TOP RD (__3ZA3SO),__3ZA3SO,04 - At/near private drive,03 - P.D. only,03 - Rear end,01 - Clear,01 - Daylight,01 - Dry,10 - No control,,2,0,0,0,,0,,,,,373668.6073,5031575.94,45.42072829,-75.62000019,14235
15--9574,2015/08/09,1:21 PM,AUGUSTA ST @ RIDEAU ST (0011916),11916,03 - At intersection,02 - Non-fatal injury,05 - Turning movement,01 - Clear,01 - Daylight,01 - Dry,01 - Traffic signal,01 - Functioning,2,0,0,0,01 - Minimal,1,1,,,,369012.809,5032716.898,45.43143703,-75.67933665,14236
15--9575,2015/08/09,1:59 PM,RAMSAYVILLE RD @ RUSSELL RD N (0004146),4146,02 - Intersection related,02 - Non-fatal injury,07 - SMV other,01 - Clear,01 - Daylight,08 - Loose sand or gravel,02 - Stop sign,01 - Functioning,1,0,1,0,02 - Minor,1,,1,,,377777.0408,5026758.894,45.3769709,-75.5682223,14237
15--9576,2015/08/09,11:10 AM,CHAMPLAIN BRIDGE/ISLAND PARK DR btwn BATE ISLAND & PROVINCIAL BOUNDARY (__3ZA2ZEA),__3ZA2ZEA,01 - Non intersection,03 - P.D. only,03 - Rear end,01 - Clear,01 - Daylight,01 - Dry,10 - No control,,3,0,0,0,,0,,,,,362796.7995,5030211.477,45.40943686,-75.75906743,14238
15--9577,2015/08/09,11:30 AM,RUSSELL RD btwn HAWTHORNE RD & HYDRO RD (__3ZA1LU),__3ZA1LU,01 - Non intersection,03 - P.D. only,07 - SMV other,01 - Clear,01 - Daylight,01 - Dry,10 - No control,,1,0,0,0,,0,,,,,375031.8128,5028117.279,45.38947353,-75.60307597,14239
15--9578,2015/08/09,Unknown,KING EDWARD AVE btwn STEWART ST & WILBROD ST (__3ZA3VW),__3ZA3VW,01 - Non intersection,03 - P.D. only,06 - SMV unattended vehicle,01 - Clear,00 - Unknown,01 - Dry,10 - No control,,1,0,0,0,,0,,,,,368650.5703,5032182.876,45.42666526,-75.68403496,14240
15--9579,2015/08/09,Unknown,WHITEGATE CRES btwn MOUNTSHANNON DR & MOUNTSHANNON DR (__3ZA5AY),__3ZA5AY,01 - Non intersection,03 - P.D. only,06 - SMV unattended vehicle,01 - Clear,00 - Unknown,01 - Dry,10 - No control,,1,0,0,0,,0,,,,,364752.9499,5016871.235,45.28923826,-75.7356963,14241
15--958,2015/01/15,11:15 AM,OTTAWA RIVER PKWY @ VIMY PLACE PRIV (0012251),12251,02 - Intersection related,03 - P.D. only,99 - Other,01 - Clear,01 - Daylight,01 - Dry,01 - Traffic signal,01 - Functioning,2,0,0,0,,0,,,,,365971.9672,5030801.689,45.41447711,-75.71843383,14242
15--9580,2015/08/09,12:00 PM,BLAIR RD @ INNES RD (0004165),4165,02 - Intersection related,03 - P.D. only,03 - Rear end,01 - Clear,01 - Daylight,01 - Dry,01 - Traffic signal,01 - Functioning,2,0,0,0,,0,,,,,375578.0142,5031438.474,45.41930088,-75.59562464,14243
15--9581,2015/08/09,12:04 PM,WOODROFFE AVE btwn 260 N OF FALLOWFIELD RD/TRANSITWAY & FALLOWFIELD RD (__3ZA3IOB),__3ZA3IOB,01 - Non intersection,03 - P.D. only,04 - Sideswipe,01 - Clear,01 - Daylight,01 - Dry,10 - No control,,2,0,0,0,,0,,,,,365046.2311,5018004.451,45.2994098,-75.73182012,14244
15--9582,2015/08/09,12:40 PM,FOREST RD @ STAGECOACH RD (0001576),1576,02 - Intersection related,03 - P.D. only,04 - Sideswipe,01 - Clear,01 - Daylight,01 - Dry,02 - Stop sign,01 - Functioning,2,0,0,0,,0,,,,,378113.0196,5003640.001,45.16892137,-75.56734668,14245
15--9583,2015/08/09,2:06 AM,KING EDWARD AVE @ LAURIER AVE (0002170),2170,03 - At intersection,02 - Non-fatal injury,07 - SMV other,01 - Clear,07 - Dark,01 - Dry,01 - Traffic signal,01 - Functioning,1,0,0,1,01 - Minimal,1,1,,,,368739.6192,5032034.541,45.42532246,-75.68291635,14246
15--9584,2015/08/09,2:29 PM,CATHERINE ST btwn BRONSON AVE & HWY417 IC121A RAMP61 (__3ZA3B4),__3ZA3B4,01 - Non intersection,03 - P.D. only,04 - Sideswipe,01 - Clear,01 - Daylight,01 - Dry,10 - No control,,2,0,0,0,,0,,,,,367298.1139,5029820.711,45.40553338,-75.70161627,14247
15--9585,2015/08/09,2:35 AM,LYNDALE AVE btwn FORWARD AVE & HINCHEY AVE (__3ZAAK6),__3ZAAK6,01 - Non intersection,03 - P.D. only,07 - SMV other,01 - Clear,07 - Dark,01 - Dry,10 - No control,,1,0,0,0,,0,,,,,364995.5648,5029984.449,45.40720846,-75.73100753,14248
15--9586,2015/08/09,2:38 PM,FRANK BENDER ST @ JEANNE D'ARC BLVD (0003635),3635,03 - At intersection,03 - P.D. only,05 - Turning movement,01 - Clear,01 - Daylight,01 - Dry,01 - Traffic signal,01 - Functioning,2,0,0,0,,0,,,,,381870.7507,5035882.493,45.45861973,-75.51453401,14249