Anom_ID,Accident_Date,Accident_Time,Location,Geo_ID,Accident_Location,Classification_of_Accident,Initial_Impact_Type,Environment_Condition,Light,Road_Surface_Condition,Traffic_Control,Traffic_Control_Condition,No__of_Vehicles,No__of_Bicycles,No__of_Motorcycles,No__of_Pedestrians,Max_Injury,No__of_Injuries,No__of_Minimal,No__of_Minor,No__of_Major,No__of_Fatal,X,Y,Latitude,Longitude,ObjectId
15--9587,2015/08/09,3:05 PM,RIVERSIDE DR @ UPLANDS DR/KIMBERWICK CRES N (0006890),6890,03 - At intersection,03 - P.D. only,05 - Turning movement,01 - Clear,01 - Daylight,01 - Dry,01 - Traffic signal,01 - Functioning,2,0,0,0,,0,,,,,368194.1755,5022794.131,45.34222949,-75.69107255,14250
15--9588,2015/08/09,3:30 PM,HIGHWAY 417 btwn HWY417 IC163 RAMP61 & HWY417 IC155 RAMP36 (__3ZA2QB),__3ZA2QB,01 - Non intersection,02 - Non-fatal injury,03 - Rear end,01 - Clear,01 - Daylight,01 - Dry,10 - No control,,3,0,0,0,02 - Minor,2,,2,,,336111.6339,5020241.657,45.32142683,-76.10060112,14251
15--9589,2015/08/09,3:42 PM,RIVERSIDE DR @ UPLANDS DR/KIMBERWICK CRES N (0006890),6890,03 - At intersection,03 - P.D. only,05 - Turning movement,01 - Clear,01 - Daylight,01 - Dry,01 - Traffic signal,01 - Functioning,2,0,0,0,,0,,,,,368193.9953,5022794.581,45.34223356,-75.69107479,14252
15--959,2015/01/15,11:15 PM,AVIATION PKWY @ OGILVIE RD (0004114),4114,03 - At intersection,03 - P.D. only,05 - Turning movement,03 - Snow,07 - Dark,03 - Loose snow,01 - Traffic signal,01 - Functioning,2,0,0,0,,0,,,,,373110.7142,5032378.031,45.4279998,-75.62701685,14253
15--9590,2015/08/09,4:51 PM,CYRVILLE RD @ INNES RD (0009352),9352,02 - Intersection related,03 - P.D. only,99 - Other,01 - Clear,01 - Daylight,01 - Dry,01 - Traffic signal,01 - Functioning,2,0,0,0,,0,,,,,375047.7247,5031120.195,45.41649062,-75.60244502,14254
15--9591,2015/08/09,4:54 PM,HIGHWAY 417 btwn HWY417 IC163 RAMP61 & HWY417 IC155 RAMP36 (__3ZA2QB),__3ZA2QB,01 - Non intersection,03 - P.D. only,03 - Rear end,01 - Clear,01 - Daylight,01 - Dry,10 - No control,,3,0,0,0,,0,,,,,336154.2331,5020232.993,45.32134696,-76.10005831,14255
15--9592,2015/08/09,5:35 PM,HIGHWAY 417 btwn HWY417 IC134 RAMP35 & HWY417 IC134 RAMP25 (__3ZA29D),__3ZA29D,01 - Non intersection,03 - P.D. only,04 - Sideswipe,01 - Clear,01 - Daylight,01 - Dry,10 - No control,,2,0,0,0,,0,,,,,356479.8387,5022276.533,45.33853291,-75.84059376,14256
15--9593,2015/08/09,5:40 PM,HWY417 IC118 RAMP67 btwn HWY417 IC118 RAMP64 & HIGHWAY 417 (__3ZAY9L),__3ZAY9L,01 - Non intersection,03 - P.D. only,04 - Sideswipe,01 - Clear,01 - Daylight,01 - Dry,10 - No control,,2,0,0,0,,0,,,,,369598.1034,5031165.942,45.41742814,-75.67206118,14257
15--9594,2015/08/09,6:53 PM,MARCH RD @ MORGAN'S GRANT WAY/SHIRLEY'S BROOK  (0002651),2651,03 - At intersection,03 - P.D. only,05 - Turning movement,01 - Clear,01 - Daylight,01 - Dry,01 - Traffic signal,01 - Functioning,2,0,0,0,,0,,,,,349662.3299,5023617.87,45.35107164,-75.92745506,14258
15--9595,2015/08/09,7:11 PM,PRINCE OF WALES DR @ WEST HUNT CLUB RD (0000567),567,02 - Intersection related,03 - P.D. only,03 - Rear end,01 - Clear,01 - Daylight,01 - Dry,01 - Traffic signal,01 - Functioning,2,0,0,0,,0,,,,,367459.431,5021890.422,45.3341641,-75.70056161,14259
15--9596,2015/08/09,8:15 PM,RIDEAU ST btwn KING EDWARD AVE & NELSON ST (__3ZA3VG),__3ZA3VG,04 - At/near private drive,03 - P.D. only,05 - Turning movement,01 - Clear,07 - Dark,01 - Dry,10 - No control,,2,0,0,0,,0,,,,,368623.5937,5032482.014,45.42935926,-75.6843409,14260
15--9597,2015/08/09,8:50 PM,DWYER HILL RD btwn ROGER STEVENS DR & FLOOD RD (__3ZBOCI),__3ZBOCI,01 - Non intersection,03 - P.D. only,07 - SMV other,01 - Clear,07 - Dark,01 - Dry,10 - No control,,1,0,0,0,,0,,,,,354587.2206,4989084.952,45.03999946,-75.86805478,14261
15--9598,2015/08/09,9:25 PM,RUSSELL RD btwn CLAYTON RD & RUISSELLET RD (__3ZA3KR),__3ZA3KR,01 - Non intersection,03 - P.D. only,07 - SMV other,01 - Clear,07 - Dark,01 - Dry,10 - No control,,1,0,0,0,,0,,,,,398890.4093,5028940.132,45.39407773,-75.29828197,14262
15--9599,2015/08/09,9:30 PM,CARLING AVE @ KIRKWOOD AVE N (0002358),2358,03 - At intersection,03 - P.D. only,05 - Turning movement,01 - Clear,07 - Dark,01 - Dry,01 - Traffic signal,01 - Functioning,2,0,0,0,,0,,,,,364276.0248,5027492.864,45.38485117,-75.74049916,14263
15--96,2015/01/03,5:44 PM,BLAIR RD @ REGIONAL RD 174 S/OR174 IC112 RAMP15 (0012435),12435,03 - At intersection,03 - P.D. only,05 - Turning movement,03 - Snow,07 - Dark,04 - Slush,01 - Traffic signal,01 - Functioning,3,0,0,0,,0,,,,,374907.2169,5032661.458,45.43037216,-75.60402072,14264
15--960,2015/01/15,11:51 AM,ASSALY RD @ REGINA ST (0002785),2785,02 - Intersection related,03 - P.D. only,02 - Angle,01 - Clear,01 - Daylight,05 - Packed snow,02 - Stop sign,01 - Functioning,2,0,0,0,,0,,,,,360662.615,5025599.365,45.36811108,-75.78685241,14265
15--9600,2015/08/10,1:24 PM,BASELINE RD @ CORDOVA ST (0003208),3208,03 - At intersection,03 - P.D. only,05 - Turning movement,01 - Clear,01 - Daylight,01 - Dry,01 - Traffic signal,01 - Functioning,2,0,0,0,,0,,,,,363594.4089,5024409.166,45.35716201,-75.74956959,14266
15--9601,2015/08/10,10:00 AM,HWY 417 INNES IC112R58 @ INNES RD (0012295),12295,02 - Intersection related,03 - P.D. only,03 - Rear end,01 - Clear,01 - Daylight,01 - Dry,03 - Yield sign,01 - Functioning,2,0,0,0,,0,,,,,374225.7019,5030711.037,45.41289127,-75.61300437,14267
15--9602,2015/08/10,10:12 PM,BRONSON AVE @ FIFTH AVE/MADAWASKA DR (0006977),6977,03 - At intersection,02 - Non-fatal injury,03 - Rear end,02 - Rain,07 - Dark,02 - Wet,01 - Traffic signal,01 - Functioning,3,1,0,0,03 - Major,2,1,,1,,367612.2713,5028940.356,45.39758408,-75.69771557,14268
15--9603,2015/08/10,10:25 PM,QUEEN ELIZABETH DRWY @ QUEEN ELIZABETH PL (0002124),2124,03 - At intersection,03 - P.D. only,07 - SMV other,02 - Rain,07 - Dark,02 - Wet,02 - Stop sign,01 - Functioning,1,0,0,0,,0,,,,,368583.2895,5028847.977,45.3966651,-75.68532621,14269
15--9604,2015/08/10,11:28 AM,INDUSTRIAL AVE/INNES RD @ ST. LAURENT BLVD (0002203),2203,02 - Intersection related,03 - P.D. only,03 - Rear end,01 - Clear,01 - Daylight,01 - Dry,01 - Traffic signal,01 - Functioning,3,0,0,0,,0,,,,,373099.0067,5030003.765,45.40663844,-75.62749553,14270
15--9605,2015/08/10,11:42 AM,NORTHGRAVES CRES btwn WHITEFORD WAY & COPE DR (1) (__7IFXRE),__7IFXRE,04 - At/near private drive,03 - P.D. only,06 - SMV unattended vehicle,01 - Clear,01 - Daylight,01 - Dry,10 - No control,,1,0,0,0,,0,,,,,354219.9258,5015699.748,45.27951657,-75.87008307,14271
15--9606,2015/08/10,12:00 PM,INNES RD @ JEANNE D'ARC BLVD/MER BLEUE RD (0012475),12475,02 - Intersection related,02 - Non-fatal injury,03 - Rear end,01 - Clear,01 - Daylight,01 - Dry,01 - Traffic signal,01 - Functioning,2,0,0,0,01 - Minimal,2,2,,,,382637.7536,5035566.473,45.45569142,-75.50477822,14272
15--9607,2015/08/10,12:13 PM,HIGHWAY 417 btwn HWY417 IC118 RAMP76 & HWY417 IC118 RAMP67 (__3ZA2YR),__3ZA2YR,01 - Non intersection,03 - P.D. only,99 - Other,01 - Clear,01 - Daylight,01 - Dry,10 - No control,,4,0,0,0,,0,,,,,369567.0564,5031113.235,45.41695678,-75.67246476,14273
15--9608,2015/08/10,12:42 PM,KIRKWOOD AVE btwn CARLING AVE & CARLING AVE (__3ZA4NV),__3ZA4NV,01 - Non intersection,03 - P.D. only,04 - Sideswipe,01 - Clear,01 - Daylight,01 - Dry,10 - No control,,2,0,0,0,,0,,,,,364303.5761,5027432.829,45.38430864,-75.7401546,14274
15--9609,2015/08/10,2:28 PM,MONTREAL RD btwn PALACE ST & VANIER PKWY (__3ZA3LL),__3ZA3LL,01 - Non intersection,03 - P.D. only,03 - Rear end,01 - Clear,01 - Daylight,01 - Dry,10 - No control,,2,0,0,0,,0,,,,,370009.7506,5033029.766,45.43415984,-75.66655528,14275
15--961,2015/01/15,11:59 AM,COLDREY AVE @ KIRKWOOD AVE (0006736),6736,03 - At intersection,03 - P.D. only,05 - Turning movement,01 - Clear,01 - Daylight,01 - Dry,01 - Traffic signal,01 - Functioning,2,0,0,0,,0,,,,,364437.7316,5027136.058,45.38162694,-75.73847748,14276
15--9610,2015/08/10,3:13 PM,DONALD ST @ ST. LAURENT BLVD (0008630),8630,03 - At intersection,03 - P.D. only,05 - Turning movement,01 - Clear,01 - Daylight,01 - Dry,01 - Traffic signal,01 - Functioning,2,0,0,0,,0,,,,,372094.4336,5032472.945,45.42895231,-75.63999005,14277
15--9611,2015/08/10,3:26 PM,GREENBANK RD btwn LARKIN DR & MALVERN DR (__3ZA4KJ),__3ZA4KJ,04 - At/near private drive,03 - P.D. only,05 - Turning movement,01 - Clear,01 - Daylight,01 - Dry,10 - No control,,2,0,0,0,,0,,,,,363232.8941,5016380.688,45.28495234,-75.75513067,14278
15--9612,2015/08/10,3:30 PM,HIGHWAY 417 btwn HWY417 IC118 RAMP57 & HWY417 IC118 RAMP35 (__3ZA2YQ),__3ZA2YQ,01 - Non intersection,03 - P.D. only,03 - Rear end,01 - Clear,01 - Daylight,01 - Dry,10 - No control,,2,0,0,0,,0,,,,,369576.4427,5031098.072,45.41681948,-75.67234684,14279
15--9613,2015/08/10,3:46 PM,HIGHWAY 417 btwn HWY417 IC127 RAMP63 & HWY417 IC127 RAMP67 (__3ZA2RF),__3ZA2RF,01 - Non intersection,03 - P.D. only,03 - Rear end,01 - Clear,01 - Daylight,01 - Dry,10 - No control,,2,0,0,0,,0,,,,,362144.7808,5024870.926,45.36143695,-75.768017,14280
15--9614,2015/08/10,4:19 PM,EAGLESON RD @ 146 N OF ABBEYHILL DR/HAZELDEAN  (0011577),11577,03 - At intersection,02 - Non-fatal injury,05 - Turning movement,01 - Clear,01 - Daylight,01 - Dry,01 - Traffic signal,01 - Functioning,2,0,0,0,02 - Minor,2,,2,,,353773.2915,5018170.253,45.301778,-75.87553172,14281
15--9300,2015/07/31,12:25 PM,MERIVALE RD/LOTTA AVE @ CLYDE AVE (0001112),1112,02 - Intersection related,03 - P.D. only,03 - Rear end,01 - Clear,01 - Daylight,01 - Dry,01 - Traffic signal,01 - Functioning,4,0,0,0,,0,,,,,364523.0299,5024507.517,45.35796847,-75.73770617,14282
15--9615,2015/08/10,4:20 PM,MEADOWLANDS DR @ MERIVALE RD (0000625),625,02 - Intersection related,03 - P.D. only,04 - Sideswipe,01 - Clear,01 - Daylight,01 - Dry,01 - Traffic signal,01 - Functioning,2,0,0,0,,0,,,,,364859.4206,5023724.429,45.35089362,-75.73350806,14283
15--9616,2015/08/10,4:58 PM,JEANNE D'ARC BLVD @ ORLEANS BLVD N (0003792),3792,02 - Intersection related,03 - P.D. only,03 - Rear end,01 - Clear,01 - Daylight,01 - Dry,01 - Traffic signal,01 - Functioning,2,0,0,0,,0,,,,,380029.4485,5038104.518,45.47881244,-75.53773431,14284
15--9617,2015/08/10,4:59 PM,LA VERENDRYE DR btwn OAKDEAN CRES & KINGS GROVE CRES (__3ZA7P2),__3ZA7P2,01 - Non intersection,02 - Non-fatal injury,01 - Approaching,01 - Clear,01 - Daylight,01 - Dry,10 - No control,,2,1,0,0,02 - Minor,1,,1,,,374616.7536,5035942.111,45.45991866,-75.60726693,14285
15--9618,2015/08/10,5:01 PM,PRINCE OF WALES DR @ WEST HUNT CLUB RD (0000567),567,02 - Intersection related,03 - P.D. only,03 - Rear end,01 - Clear,01 - Daylight,01 - Dry,01 - Traffic signal,00 - Unknown,3,0,0,0,,0,,,,,367459.431,5021890.422,45.3341641,-75.70056161,14286
15--9619,2015/08/10,5:10 PM,JOHN SUTHERLAND DR @ RICHMOND RD (0000578),578,03 - At intersection,02 - Non-fatal injury,05 - Turning movement,01 - Clear,01 - Daylight,01 - Dry,01 - Traffic signal,01 - Functioning,2,0,0,0,02 - Minor,2,1,1,,,358785.2617,5022150.932,45.33722914,-75.81119363,14287
15--962,2015/01/15,Unknown,HEATHERINGTON RD btwn ALBION RD N & BANNERHILL PRIV (__3ZA9YH),__3ZA9YH,01 - Non intersection,03 - P.D. only,06 - SMV unattended vehicle,01 - Clear,00 - Unknown,04 - Slush,10 - No control,,1,0,0,0,,0,,,,,371315.862,5026255.912,45.37308841,-75.65077743,14288
15--9620,2015/08/10,5:45 PM,ALTA VISTA DR @ RANDALL AVE (0008072),8072,02 - Intersection related,03 - P.D. only,03 - Rear end,01 - Clear,01 - Daylight,01 - Dry,01 - Traffic signal,01 - Functioning,2,0,0,0,,0,,,,,370408.0009,5027366.182,45.38316383,-75.66221951,14289
15--9621,2015/08/10,6:30 AM,CATHCART ST @ DALHOUSIE ST (0008430),8430,02 - Intersection related,03 - P.D. only,03 - Rear end,01 - Clear,01 - Daylight,01 - Dry,02 - Stop sign,01 - Functioning,2,0,0,0,,0,,,,,367778.6956,5032932.229,45.43348673,-75.69507995,14290
15--9622,2015/08/10,6:38 PM,AVIATION PKWY @ MONTREAL RD (0008799),8799,02 - Intersection related,02 - Non-fatal injury,03 - Rear end,01 - Clear,01 - Daylight,01 - Dry,01 - Traffic signal,01 - Functioning,2,0,0,0,01 - Minimal,1,1,,,,372148.158,5034108.222,45.44366058,-75.63907982,14291
15--9623,2015/08/10,6:40 PM,HIGHWAY 416 btwn HWY416 IC75B RAMP25 & HWY416 IC75A RAMP26 (__3ZAZLE),__3ZAZLE,01 - Non intersection,02 - Non-fatal injury,04 - Sideswipe,01 - Clear,01 - Daylight,01 - Dry,10 - No control,,2,0,0,0,02 - Minor,2,,2,,,358578.9856,5022348.911,45.33902641,-75.81380383,14292
15--9624,2015/08/10,7:00 AM,BLANCHFIELD RD @ SNAKE ISLAND RD (0001700),1700,02 - Intersection related,03 - P.D. only,03 - Rear end,01 - Clear,01 - Daylight,01 - Dry,02 - Stop sign,01 - Functioning,2,0,0,0,,0,,,,,376780.3026,5005552.285,45.18626489,-75.58402284,14293
15--9625,2015/08/10,7:12 AM,ALBION RD @ MITCH OWENS RD (0004212),4212,03 - At intersection,02 - Non-fatal injury,05 - Turning movement,01 - Clear,01 - Daylight,01 - Dry,01 - Traffic signal,01 - Functioning,2,0,0,0,02 - Minor,2,,2,,,375906.0334,5014804.089,45.26959889,-75.59382502,14294
15--9626,2015/08/10,8:19 PM,DIAMOND WAY @ NAVAN RD (0004722),4722,02 - Intersection related,03 - P.D. only,03 - Rear end,01 - Clear,05 - Dusk,01 - Dry,02 - Stop sign,01 - Functioning,2,0,0,0,,0,,,,,384246.1513,5032140.772,45.42468899,-75.48476967,14295
15--9627,2015/08/10,8:25 AM,MERIVALE RD btwn CENTRAL PARK DR N & MCCOOEY LANE (__3ZAZ79),__3ZAZ79,01 - Non intersection,03 - P.D. only,03 - Rear end,01 - Clear,01 - Daylight,01 - Dry,10 - No control,,4,0,0,0,,0,,,,,364954.3453,5025858.092,45.37008386,-75.73203703,14296
15--9628,2015/08/10,8:28 AM,GLENMORE ST btwn THURLOW ST & PRINCESS LOUISE DR (__3ZA6AQ),__3ZA6AQ,01 - Non intersection,03 - P.D. only,06 - SMV unattended vehicle,01 - Clear,01 - Daylight,01 - Dry,10 - No control,,1,0,0,0,,0,,,,,383323.7033,5038185.127,45.47917498,-75.49559074,14297
15--9629,2015/08/10,8:50 AM,CARLETON AVE btwn CLEARVIEW AVE & SUNNYMEDE AVE (__3ZA0G7),__3ZA0G7,01 - Non intersection,03 - P.D. only,07 - SMV other,01 - Clear,01 - Daylight,01 - Dry,10 - No control,,1,0,0,0,,0,,,,,363992.179,5029511.318,45.40303689,-75.74388135,14298
15--963,2015/01/15,12:00 PM,MANN AVE btwn NANCY SMITH PRIV & BLACKBURN AVE (__3ZAZD4),__3ZAZD4,01 - Non intersection,03 - P.D. only,01 - Approaching,01 - Clear,01 - Daylight,04 - Slush,10 - No control,,2,0,0,0,,0,,,,,369618.9204,5031593.831,45.42127619,-75.67173894,14299
15--9630,2015/08/11,1:47 PM,BANK ST @ HUNT CLUB RD (0002119),2119,02 - Intersection related,03 - P.D. only,03 - Rear end,01 - Clear,01 - Daylight,01 - Dry,01 - Traffic signal,01 - Functioning,2,0,0,0,,0,,,,,371608.7365,5024094.704,45.35361475,-75.64733083,14300
15--9631,2015/08/11,10:06 PM,CAMBRIAN RD @ REGATTA AVE (0013606),13606,03 - At intersection,03 - P.D. only,02 - Angle,01 - Clear,07 - Dark,01 - Dry,02 - Stop sign,01 - Functioning,2,0,0,0,,0,,,,,364535.3581,5012715.369,45.2518623,-75.73896993,14301
15--9632,2015/08/11,10:32 AM,BANKFIELD RD @ PRINCE OF WALES DR (0003618),3618,02 - Intersection related,03 - P.D. only,03 - Rear end,02 - Rain,01 - Daylight,02 - Wet,01 - Traffic signal,01 - Functioning,2,0,0,0,,0,,,,,366379.6899,5008974.305,45.21804119,-75.71593833,14302
15--9633,2015/08/11,11:10 AM,LEES AVE @ KING EDWARD AVE/MANN AVE (0011413),11413,02 - Intersection related,03 - P.D. only,03 - Rear end,01 - Clear,01 - Daylight,01 - Dry,01 - Traffic signal,01 - Functioning,2,0,0,0,,0,,,,,369178.737,5031335.037,45.41898831,-75.67739686,14303
15--9634,2015/08/11,11:15 AM,GLADSTONE AVE @ PRESTON ST (0002212),2212,02 - Intersection related,03 - P.D. only,03 - Rear end,01 - Clear,01 - Daylight,01 - Dry,01 - Traffic signal,01 - Functioning,2,0,0,0,,0,,,,,366489.706,5029711.477,45.40462223,-75.71195597,14304
15--9635,2015/08/11,11:51 AM,DUNNING RD @ WILHAVEN DR (0004714),4714,02 - Intersection related,03 - P.D. only,99 - Other,01 - Clear,01 - Daylight,01 - Dry,02 - Stop sign,00 - Unknown,2,0,0,0,,0,,,,,391045.7931,5040826.48,45.50202749,-75.3963698,14305
15--9636,2015/08/11,12:34 PM,BANK ST @ RIVERSIDE DR N (0010778),10778,02 - Intersection related,03 - P.D. only,04 - Sideswipe,01 - Clear,01 - Daylight,01 - Dry,01 - Traffic signal,01 - Functioning,2,0,0,0,,0,,,,,369225.7159,5027983.186,45.38882517,-75.67723457,14306
15--9637,2015/08/11,12:50 PM,ST. LAURENT BLVD @ WALKLEY RD (0007653),7653,02 - Intersection related,03 - P.D. only,03 - Rear end,01 - Clear,01 - Daylight,01 - Dry,01 - Traffic signal,01 - Functioning,2,0,0,0,,0,,,,,373904.1915,5028047.215,45.3889553,-75.6174848,14307
15--9638,2015/08/11,3:01 PM,WOODROFFE AVE @ CLARIDGE DR/STONEWAY DR N (0009791),9791,02 - Intersection related,03 - P.D. only,03 - Rear end,01 - Clear,01 - Daylight,01 - Dry,01 - Traffic signal,01 - Functioning,3,0,0,0,,0,,,,,365576.6996,5016706.362,45.28768399,-75.72521597,14308
15--9639,2015/08/11,3:13 PM,MERIVALE RD @ CAPILANO DR/WITHROW AVE (0009820),9820,02 - Intersection related,03 - P.D. only,03 - Rear end,01 - Clear,01 - Daylight,01 - Dry,01 - Traffic signal,01 - Functioning,2,0,0,0,,0,,,,,364640.9876,5024227.409,45.35543804,-75.73623463,14309
15--964,2015/01/15,12:00 PM,FAIRMONT AVE btwn LAURENTIAN PL & CARLING AVE (__3ZA0KA),__3ZA0KA,01 - Non intersection,03 - P.D. only,06 - SMV unattended vehicle,01 - Clear,01 - Daylight,01 - Dry,10 - No control,,1,0,0,0,,0,,,,,366075.9585,5028576.904,45.39444997,-75.71738177,14310
15--9640,2015/08/11,3:20 PM,VANIER PKWY/CRICHTON ST @ BEECHWOOD AVE/ST. PA (0001604),1604,02 - Intersection related,03 - P.D. only,03 - Rear end,01 - Clear,01 - Daylight,01 - Dry,01 - Traffic signal,01 - Functioning,3,0,0,0,,0,,,,,369126.7719,5033487.486,45.43836,-75.67777963,14311
15--9641,2015/08/11,3:40 PM,BASELINE RD @ MERIVALE RD (0002342),2342,02 - Intersection related,03 - P.D. only,03 - Rear end,01 - Clear,01 - Daylight,01 - Dry,01 - Traffic signal,01 - Functioning,2,0,0,0,,0,,,,,365054.6964,5025325.875,45.36528644,-75.73082092,14312
15--9642,2015/08/11,3:45 PM,BRONSON AVE @ FIFTH AVE/MADAWASKA DR (0006977),6977,02 - Intersection related,02 - Non-fatal injury,04 - Sideswipe,01 - Clear,01 - Daylight,01 - Dry,01 - Traffic signal,01 - Functioning,2,0,0,0,02 - Minor,2,,2,,,367613.7127,5028937.473,45.39755801,-75.69769753,14313
15--9643,2015/08/11,3:48 PM,BASELINE RD btwn 207 E OF CLYDE AVE & LOBLAWS SC (__3ZA4ISB),__3ZA4ISB,01 - Non intersection,02 - Non-fatal injury,03 - Rear end,01 - Clear,01 - Daylight,01 - Dry,10 - No control,,4,0,0,0,01 - Minimal,1,1,,,,364711.6601,5025111.839,45.36338998,-75.73522549,14314
15--9644,2015/08/11,3:50 PM,CAMPBELL AVE @ DOHENY ST (0003072),3072,03 - At intersection,03 - P.D. only,02 - Angle,01 - Clear,01 - Daylight,01 - Dry,02 - Stop sign,01 - Functioning,2,0,0,0,,0,,,,,363509.9729,5026668.454,45.37749787,-75.75037873,14315
15--9645,2015/08/11,4:05 PM,BASELINE RD btwn 207 E OF CLYDE AVE & LOBLAWS SC (__3ZA4ISB),__3ZA4ISB,01 - Non intersection,03 - P.D. only,03 - Rear end,01 - Clear,01 - Daylight,01 - Dry,10 - No control,,2,0,0,0,,0,,,,,364680.7484,5025091.288,45.36320771,-75.73562253,14316
15--9646,2015/08/11,4:14 PM,MONTREAL RD @ OGILVIE RD (0009279),9279,02 - Intersection related,03 - P.D. only,03 - Rear end,02 - Rain,01 - Daylight,02 - Wet,01 - Traffic signal,01 - Functioning,2,0,0,0,,0,,,,,375655.4557,5034555.505,45.44733826,-75.59418667,14317
15--9647,2015/08/11,4:17 PM,EARL ARMSTRONG RD @ RIVER RD (0012470),12470,02 - Intersection related,03 - P.D. only,03 - Rear end,01 - Clear,01 - Daylight,01 - Dry,01 - Traffic signal,01 - Functioning,2,0,0,0,,0,,,,,367571.9978,5014684.758,45.26931841,-75.70003793,14318
15--9648,2015/08/11,4:22 PM,INNES RD EB btwn INNES RD E & ORLEANS BLVD (__3ZA3J0),__3ZA3J0,01 - Non intersection,03 - P.D. only,03 - Rear end,04 - Freezing Rain,01 - Daylight,02 - Wet,10 - No control,,3,0,0,0,,0,,,,,380207.8221,5034129.556,45.44302959,-75.53606272,14319
15--9649,2015/08/11,4:35 PM,BANK ST @ RIDGEMONT AVE (0006859),6859,02 - Intersection related,03 - P.D. only,03 - Rear end,01 - Clear,01 - Daylight,01 - Dry,02 - Stop sign,01 - Functioning,3,0,0,0,,0,,,,,370081.1623,5026627.891,45.37655147,-75.66649025,14320
15--965,2015/01/15,12:03 PM,PRESTON ST btwn PAMILLA ST & ADELINE ST (__3ZBODV),__3ZBODV,01 - Non intersection,03 - P.D. only,99 - Other,05 - Drifting Snow,01 - Daylight,02 - Wet,10 - No control,,2,0,0,0,,0,,,,,366760.3908,5029093.877,45.39904133,-75.70857608,14321
15--9650,2015/08/11,4:47 PM,MER BLEUE RD @ 210 S OF INNES RD (0012453),12453,02 - Intersection related,02 - Non-fatal injury,03 - Rear end,01 - Clear,01 - Daylight,01 - Dry,01 - Traffic signal,01 - Functioning,2,0,0,0,01 - Minimal,1,1,,,,382728.9941,5035375.431,45.45396242,-75.50364208,14322
15--9651,2015/08/11,4:56 PM,HIGHWAY 417 btwn HWY417 IC124 RAMP57 & HWY417 IC124 RAMP55 (__3ZA2Y1),__3ZA2Y1,01 - Non intersection,03 - P.D. only,03 - Rear end,01 - Clear,01 - Daylight,01 - Dry,10 - No control,,2,0,0,0,,0,,,,,364120.5564,5027097.735,45.38130904,-75.74253178,14323
15--9652,2015/08/11,5:35 PM,HIGHWAY 417 btwn HWY417 IC122 RAMP61 & HWY417 IC121B RAMP16 (__3ZA2Y4),__3ZA2Y4,01 - Non intersection,03 - P.D. only,03 - Rear end,01 - Clear,01 - Daylight,01 - Dry,10 - No control,,2,0,0,0,,0,,,,,366070.067,5029342.452,45.4013387,-75.71736192,14324
15--9653,2015/08/11,5:38 PM,BLACKBURN BYPASS EB btwn 1700 W OF NAVAN RD & INNES RD (__3ZA3J6A),__3ZA3J6A,01 - Non intersection,02 - Non-fatal injury,03 - Rear end,01 - Clear,01 - Daylight,01 - Dry,10 - No control,,2,0,0,0,01 - Minimal,2,2,,,,377332.7856,5032140.735,45.42543967,-75.57310234,14325
15--9654,2015/08/11,5:47 PM,WOODROFFE AVE btwn FALLOWFIELD RD & EARL MULLIGAN DR (__3ZA3IL),__3ZA3IL,01 - Non intersection,03 - P.D. only,03 - Rear end,01 - Clear,01 - Daylight,01 - Dry,10 - No control,,2,0,0,0,,0,,,,,365113.2581,5017842.289,45.29794493,-75.73098528,14326
15--9655,2015/08/11,5:50 PM,TRIM RD @ VALIN ST (0013092),13092,02 - Intersection related,03 - P.D. only,05 - Turning movement,02 - Rain,01 - Daylight,02 - Wet,01 - Traffic signal,01 - Functioning,2,0,0,0,,0,,,,,386438.7347,5037555.48,45.47315278,-75.45585704,14327
15--9656,2015/08/11,5:58 PM,PRINCE OF WALES DR @ FAIRPARK DR (0010329),10329,02 - Intersection related,02 - Non-fatal injury,07 - SMV other,01 - Clear,01 - Daylight,01 - Dry,02 - Stop sign,00 - Unknown,1,0,0,0,01 - Minimal,2,2,,,,367267.3761,5015413.938,45.27590664,-75.70382789,14328
15--9657,2015/08/11,5:59 PM,HOLLAND AVE @ WELLINGTON ST (0002364),2364,02 - Intersection related,03 - P.D. only,04 - Sideswipe,01 - Clear,01 - Daylight,01 - Dry,01 - Traffic signal,01 - Functioning,2,0,0,0,,0,,,,,364929.7014,5029153.915,45.39974116,-75.73195013,14329
15--9658,2015/08/11,6:10 AM,HIGHWAY 417 btwn HWY417 IC118 RAMP35 & HWY417 IC117 RAMP51 (__3ZA2YP),__3ZA2YP,01 - Non intersection,03 - P.D. only,07 - SMV other,02 - Rain,03 - Dawn,02 - Wet,10 - No control,,1,0,0,0,,0,,,,,370207.8543,5031102.551,45.41680104,-75.66427951,14330
15--9659,2015/08/11,6:15 AM,GLADSTONE AVE @ METCALFE ST (0002709),2709,03 - At intersection,02 - Non-fatal injury,07 - SMV other,02 - Rain,03 - Dawn,02 - Wet,01 - Traffic signal,01 - Functioning,1,0,0,1,01 - Minimal,1,1,,,,368230.7117,5030750.208,45.4138128,-75.68958436,14331