Anom_ID,Accident_Date,Accident_Time,Location,Geo_ID,Accident_Location,Classification_of_Accident,Initial_Impact_Type,Environment_Condition,Light,Road_Surface_Condition,Traffic_Control,Traffic_Control_Condition,No__of_Vehicles,No__of_Bicycles,No__of_Motorcycles,No__of_Pedestrians,Max_Injury,No__of_Injuries,No__of_Minimal,No__of_Minor,No__of_Major,No__of_Fatal,X,Y,Latitude,Longitude,ObjectId
15--975,2015/01/15,4:20 PM,CARLING AVE @ OTTAWA RIVER PKWY WB (0002142),2142,02 - Intersection related,03 - P.D. only,03 - Rear end,01 - Clear,01 - Daylight,01 - Dry,03 - Yield sign,01 - Functioning,2,0,0,0,,0,,,,,360856.9212,5025170.791,45.36423928,-75.78442069,14332
15--9123,2015/07/26,3:15 PM,PALLADIUM DR btwn HWY417 IC142 RAMP62 & HUNTMAR DR (__3ZAZW8),__3ZAZW8,01 - Non intersection,03 - P.D. only,05 - Turning movement,01 - Clear,01 - Daylight,01 - Dry,10 - No control,,2,0,1,0,,0,,,,,348677.9903,5017506.632,45.29614326,-75.94055836,14333
15--9395,2015/08/02,9:15 PM,LAURIN CRES btwn PRESTONE DR & PRESTONE DR (__3ZBN8W),__3ZBN8W,01 - Non intersection,03 - P.D. only,06 - SMV unattended vehicle,01 - Clear,07 - Dark,01 - Dry,10 - No control,,1,0,0,0,,0,,,,,383080.4847,5038046.679,45.47795666,-75.49872337,14334
15--9484,2015/08/06,1:32 PM,HAZELDEAN RD @ TERRY FOX DR (0003682),3682,02 - Intersection related,03 - P.D. only,03 - Rear end,01 - Clear,01 - Daylight,01 - Dry,01 - Traffic signal,01 - Functioning,2,0,0,0,,0,,,,,352207.611,5017240.649,45.29352059,-75.89558377,14335
15--9750,2015/08/13,8:20 AM,WOODROFFE AVE @ SPORTSPLEX N (0005568),5568,03 - At intersection,02 - Non-fatal injury,05 - Turning movement,01 - Clear,01 - Daylight,01 - Dry,01 - Traffic signal,01 - Functioning,2,0,0,0,01 - Minimal,1,1,,,,363764.383,5021067.595,45.32708059,-75.74779857,14336
15--9124,2015/07/26,3:30 PM,HIGHWAY 417 btwn HWY417 IC121B RAMP16 & HWY417 IC121A RAMP16 (__3ZA2YX),__3ZA2YX,01 - Non intersection,02 - Non-fatal injury,03 - Rear end,01 - Clear,01 - Daylight,01 - Dry,10 - No control,,2,0,0,0,02 - Minor,2,,2,,,366765.2102,5029588.99,45.40349579,-75.70845232,14337
15--9034,2015/07/23,7:39 PM,WALKLEY RD btwn BANK ST & BANFF AVE (__3ZA375),__3ZA375,04 - At/near private drive,02 - Non-fatal injury,07 - SMV other,01 - Clear,01 - Daylight,01 - Dry,10 - No control,,1,0,0,1,02 - Minor,1,,1,,,370353.7079,5025958.906,45.37050672,-75.66309955,14338
15--9665,2015/08/11,6:57 PM,OGILVIE RD @ CITY PARK DR E/CSIS HQ ACCESS (0003696),3696,02 - Intersection related,03 - P.D. only,02 - Angle,01 - Clear,01 - Daylight,02 - Wet,01 - Traffic signal,01 - Functioning,2,1,0,0,,0,,,,,374189.4489,5033010.216,45.43358168,-75.61314363,14339
15--9485,2015/08/06,10:21 AM,BOURASSA ST @ ST. LAURENT BLVD (0007731),7731,03 - At intersection,02 - Non-fatal injury,05 - Turning movement,01 - Clear,01 - Daylight,01 - Dry,01 - Traffic signal,01 - Functioning,2,0,0,0,01 - Minimal,2,2,,,,373236.0113,5029694.638,45.40384368,-75.62578844,14340
15--9396,2015/08/03,1:33 PM,BANK ST @ CAHILL DR/DAZE ST (0012178),12178,02 - Intersection related,03 - P.D. only,04 - Sideswipe,01 - Clear,01 - Daylight,01 - Dry,01 - Traffic signal,01 - Functioning,2,0,0,0,,0,,,,,371307.5357,5024316.367,45.35563784,-75.65114477,14341
15--9751,2015/08/13,8:23 PM,KILBORN AVE @ WEBSTER AVE (0008092),8092,03 - At intersection,02 - Non-fatal injury,05 - Turning movement,01 - Clear,07 - Dark,01 - Dry,02 - Stop sign,01 - Functioning,2,1,0,0,02 - Minor,1,,1,,,370828.4404,5027801.174,45.38703823,-75.65679311,14342
15--9125,2015/07/26,3:33 PM,BRONSON AVE @ POWELL AVE (0007212),7212,03 - At intersection,02 - Non-fatal injury,05 - Turning movement,01 - Clear,01 - Daylight,01 - Dry,01 - Traffic signal,01 - Functioning,2,0,0,0,01 - Minimal,1,1,,,,367388.2393,5029476.583,45.40242896,-75.70050875,14343
15--9035,2015/07/23,8:01 AM,CATHERINE ST btwn BRONSON AVE & HWY417 IC121A RAMP61 (__3ZA3B4),__3ZA3B4,01 - Non intersection,03 - P.D. only,04 - Sideswipe,01 - Clear,01 - Daylight,01 - Dry,10 - No control,,2,0,0,0,,0,,,,,367342.455,5029846.553,45.40576194,-75.70104661,14344
15--9301,2015/07/31,12:28 PM,CLARENCE ST @ SUSSEX DR (0011909),11909,02 - Intersection related,03 - P.D. only,04 - Sideswipe,01 - Clear,01 - Daylight,01 - Dry,02 - Stop sign,01 - Functioning,2,0,0,0,,0,,,,,367752.2875,5032322.381,45.4280019,-75.6954954,14345
15--9666,2015/08/11,7:07 AM,PAUL ANKA DR @ UPLANDS DR (0007476),7476,03 - At intersection,02 - Non-fatal injury,02 - Angle,02 - Rain,01 - Daylight,02 - Wet,02 - Stop sign,01 - Functioning,2,0,0,0,01 - Minimal,1,1,,,,369458.2304,5023575.769,45.3491471,-75.67484234,14346
15--9486,2015/08/06,10:41 AM,BASELINE RD @ WOODROFFE AVE (0002225),2225,02 - Intersection related,02 - Non-fatal injury,03 - Rear end,01 - Clear,01 - Daylight,01 - Dry,01 - Traffic signal,01 - Functioning,2,0,0,0,02 - Minor,2,,2,,,362550.7879,5023769.846,45.3514962,-75.76296355,14347
15--9487,2015/08/06,11:02 AM,MAITLAND AVE/GLENMOUNT AVE @ ERINDALE DR (0002724),2724,03 - At intersection,03 - P.D. only,02 - Angle,01 - Clear,01 - Daylight,01 - Dry,01 - Traffic signal,01 - Functioning,2,0,0,0,,0,,,,,363697.4969,5025211.529,45.36437292,-75.74815831,14348
15--9488,2015/08/06,11:27 AM,CITY PARK DR btwn OGILVIE RD & WILBURY RD (__3ZAZQG),__3ZAZQG,01 - Non intersection,03 - P.D. only,04 - Sideswipe,01 - Clear,01 - Daylight,01 - Dry,10 - No control,,2,0,0,0,,0,,,,,373848.9225,5032756.875,45.43133596,-75.61753085,14349
15--9489,2015/08/06,11:33 AM,MONTREAL RD btwn PALACE ST & VANIER PKWY (__3ZA3LL),__3ZA3LL,01 - Non intersection,03 - P.D. only,06 - SMV unattended vehicle,01 - Clear,01 - Daylight,01 - Dry,10 - No control,,1,0,0,0,,0,,,,,369984.0612,5033018.385,45.43405983,-75.66688509,14350
15--949,2015/01/15,1:24 PM,VIEWMOUNT DR btwn HOMESTEAD ST & OLD COUNTRY GT (__3ZA0AB),__3ZA0AB,01 - Non intersection,03 - P.D. only,06 - SMV unattended vehicle,01 - Clear,01 - Daylight,01 - Dry,10 - No control,,1,0,0,0,,0,,,,,366672.541,5023810.139,45.35150721,-75.71036006,14351
15--9490,2015/08/06,11:33 PM,INNES RD @ STONEHENGE CRES E (0009355),9355,03 - At intersection,03 - P.D. only,05 - Turning movement,01 - Clear,07 - Dark,01 - Dry,01 - Traffic signal,01 - Functioning,2,0,0,0,,0,,,,,375363.0218,5031314.634,45.41820835,-75.59838913,14352
15--9491,2015/08/06,11:45 AM,TOPLEY CRES btwn KARSH DR & KEYS WAY (1) (__3ZA8N0),__3ZA8N0,01 - Non intersection,03 - P.D. only,01 - Approaching,01 - Clear,01 - Daylight,01 - Dry,10 - No control,,2,0,0,0,,0,,,,,374167.3079,5026387.75,45.37399818,-75.61435816,14353
15--9492,2015/08/06,11:50 PM,CARLING AVE @ RICHMOND RD (0010847),10847,02 - Intersection related,03 - P.D. only,03 - Rear end,01 - Clear,07 - Dark,01 - Dry,01 - Traffic signal,01 - Functioning,2,0,0,0,,0,,,,,360245.679,5024781.873,45.36078843,-75.79226637,14354
15--9493,2015/08/06,12:10 AM,JOHNWOODS ST btwn JOSEPH CIRC & HAZELDEAN RD (__3ZACM0),__3ZACM0,01 - Non intersection,03 - P.D. only,03 - Rear end,01 - Clear,07 - Dark,01 - Dry,10 - No control,,2,0,0,0,,0,,,,,350032.4682,5015573.285,45.2786605,-75.92346599,14355
15--9494,2015/08/06,12:25 PM,JOCKVALE RD @ LAMING ST/WEYBRIDGE DR W (0000813),813,02 - Intersection related,03 - P.D. only,03 - Rear end,01 - Clear,01 - Daylight,01 - Dry,02 - Stop sign,01 - Functioning,2,0,0,0,,0,,,,,361915.6749,5015397.797,45.2762165,-75.77203357,14356
15--9495,2015/08/06,12:34 PM,BASELINE RD @ LOBLAWS SC (0009097),9097,02 - Intersection related,02 - Non-fatal injury,03 - Rear end,01 - Clear,01 - Daylight,01 - Dry,01 - Traffic signal,01 - Functioning,2,0,0,0,02 - Minor,1,,1,,,364741.9304,5025129.136,45.36354303,-75.73483703,14357
15--9496,2015/08/06,2:16 PM,ROSEMOUNT AVE btwn WELLINGTON ST W & GLADSTONE AVE (__3ZA05K),__3ZA05K,04 - At/near private drive,03 - P.D. only,06 - SMV unattended vehicle,01 - Clear,01 - Daylight,01 - Dry,10 - No control,,1,0,0,0,,0,,,,,365379.9081,5029394.529,45.40186733,-75.72617051,14358
15--9497,2015/08/06,2:28 PM,ANDERSON RD btwn NINTH LINE RD & MITCH OWENS RD (__3ZA20R),__3ZA20R,01 - Non intersection,02 - Non-fatal injury,07 - SMV other,01 - Clear,01 - Daylight,01 - Dry,10 - No control,,1,0,0,0,01 - Minimal,1,1,,,,382700.0897,5019325.83,45.30956315,-75.50654405,14359
15--9498,2015/08/06,4:21 PM,CAMPEAU DR @ KANATA AVE (0012003),12003,02 - Intersection related,02 - Non-fatal injury,07 - SMV other,01 - Clear,01 - Daylight,01 - Dry,01 - Traffic signal,01 - Functioning,1,0,0,0,02 - Minor,1,,1,,,350596.3085,5019401.584,45.31307215,-75.9159261,14360
15--9499,2015/08/06,4:41 PM,COLONEL BY DR @ HOG'S BACK RD (0002635),2635,02 - Intersection related,03 - P.D. only,03 - Rear end,01 - Clear,01 - Daylight,01 - Dry,01 - Traffic signal,01 - Functioning,2,0,0,0,,0,,,,,367601.9887,5025873.177,45.36998734,-75.69823712,14361
15--95,2015/01/03,5:14 PM,BRONSON AVE @ GLADSTONE AVE (0002110),2110,03 - At intersection,03 - P.D. only,02 - Angle,03 - Snow,05 - Dusk,03 - Loose snow,01 - Traffic signal,01 - Functioning,2,0,0,0,,0,,,,,367134.6656,5030081.082,45.4078907,-75.70367112,14362
15--950,2015/01/15,1:41 PM,GRANGE AVE @ SCOTT ST (0006161),6161,02 - Intersection related,03 - P.D. only,04 - Sideswipe,01 - Clear,01 - Daylight,03 - Loose snow,02 - Stop sign,01 - Functioning,2,0,0,0,,0,,,,,364437.5784,5029410.077,45.40208814,-75.73820458,14363
15--9500,2015/08/06,5:16 PM,WEST HUNT CLUB RD @ WOODROFFE AVE (0000576),576,02 - Intersection related,02 - Non-fatal injury,03 - Rear end,01 - Clear,01 - Daylight,01 - Dry,01 - Traffic signal,01 - Functioning,2,0,0,0,01 - Minimal,1,1,,,,363670.691,5021246.849,45.32870137,-75.74897237,14364
15--9501,2015/08/06,5:34 PM,COBOURG ST @ RIDEAU ST (0008860),8860,02 - Intersection related,03 - P.D. only,05 - Turning movement,01 - Clear,01 - Daylight,01 - Dry,01 - Traffic signal,00 - Unknown,2,0,0,0,,0,,,,,369128.7062,5032788.297,45.4320688,-75.67784627,14365
15--9502,2015/08/06,5:39 PM,DUNELM ST btwn ELSETT DR & VALLEY DR (__3ZA74N),__3ZA74N,01 - Non intersection,03 - P.D. only,06 - SMV unattended vehicle,01 - Clear,01 - Daylight,01 - Dry,10 - No control,,1,0,0,0,,0,,,,,373387.1041,5028468.533,45.39279696,-75.62402907,14366
15--9503,2015/08/06,5:50 PM,BRONSON AVE @ FLORA ST (0007172),7172,02 - Intersection related,02 - Non-fatal injury,07 - SMV other,01 - Clear,01 - Daylight,01 - Dry,02 - Stop sign,00 - Unknown,1,0,0,0,02 - Minor,1,,1,,,367192.4246,5029939.479,45.40661145,-75.70295124,14367
15--9504,2015/08/06,6:00 PM,ST. CHARLES ST @ ALICE ST (0010012),10012,03 - At intersection,03 - P.D. only,02 - Angle,01 - Clear,01 - Daylight,01 - Dry,02 - Stop sign,01 - Functioning,2,0,0,0,,0,,,,,369637.6071,5033567.194,45.43903,-75.67124035,14368
15--9505,2015/08/06,6:59 PM,MARCH RD @ MARCHURST RD (0011898),11898,03 - At intersection,02 - Non-fatal injury,02 - Angle,01 - Clear,01 - Daylight,01 - Dry,02 - Stop sign,01 - Functioning,2,0,0,0,02 - Minor,4,,4,,,345133.579,5024451.871,45.35885132,-75.98518166,14369
15--9506,2015/08/06,6:59 PM,LOCKHART AVE btwn PRINCE CHARLES RD & NEEPAWA AVE (__3ZAADL),__3ZAADL,04 - At/near private drive,03 - P.D. only,06 - SMV unattended vehicle,01 - Clear,01 - Daylight,01 - Dry,10 - No control,,1,0,0,0,,0,,,,,361834.7976,5026485.312,45.37598835,-75.77178711,14370
15--9507,2015/08/06,7:43 AM,HERON RD @ KALADAR AVE (0006960),6960,02 - Intersection related,03 - P.D. only,03 - Rear end,01 - Clear,01 - Daylight,01 - Dry,01 - Traffic signal,01 - Functioning,2,0,0,0,,0,,,,,369687.1648,5026802.736,45.37816127,-75.6714973,14371
15--9508,2015/08/06,7:47 AM,MCKINLEY DR @ BANCHORY CRES S (0011860),11860,03 - At intersection,03 - P.D. only,05 - Turning movement,01 - Clear,01 - Daylight,01 - Dry,02 - Stop sign,00 - Unknown,2,0,0,0,,0,,,,,349983.5172,5023534.223,45.35029834,-75.92336384,14372
15--9509,2015/08/06,7:48 AM,EARL MULLIGAN DR @ WOODROFFE AVE (0000591),591,02 - Intersection related,02 - Non-fatal injury,03 - Rear end,01 - Clear,01 - Daylight,01 - Dry,01 - Traffic signal,01 - Functioning,3,0,0,0,01 - Minimal,1,1,,,,365250.7012,5017504.658,45.29489513,-75.72927415,14373
15--951,2015/01/15,10:27 PM,RIVERSIDE DR @ HERON RD (0002236),2236,02 - Intersection related,03 - P.D. only,03 - Rear end,03 - Snow,07 - Dark,05 - Packed snow,01 - Traffic signal,01 - Functioning,4,0,0,0,,0,,,,,368121.1049,5026646.739,45.37690093,-75.69151129,14374
15--9510,2015/08/06,7:54 PM,JOHN SUTHERLAND DR @ RICHMOND RD (0000578),578,03 - At intersection,03 - P.D. only,05 - Turning movement,01 - Clear,01 - Daylight,01 - Dry,01 - Traffic signal,01 - Functioning,2,0,0,0,,0,,,,,358787.3856,5022150.134,45.3372218,-75.81116662,14375
15--9511,2015/08/06,8:00 PM,CONROY RD @ THURSTON DR (0011389),11389,02 - Intersection related,03 - P.D. only,03 - Rear end,01 - Clear,05 - Dusk,01 - Dry,01 - Traffic signal,01 - Functioning,2,0,0,0,,0,,,,,373203.8098,5026794.336,45.37775118,-75.62660178,14376
15--9512,2015/08/06,8:07 PM,BANK ST @ RIVERSIDE DR S (0002704),2704,02 - Intersection related,02 - Non-fatal injury,03 - Rear end,01 - Clear,05 - Dusk,01 - Dry,01 - Traffic signal,01 - Functioning,3,0,0,0,02 - Minor,1,,1,,,369304.9695,5027894.633,45.38802111,-75.67623412,14377
15--9513,2015/08/06,8:32 AM,BANK ST @ HERON RD (0002155),2155,02 - Intersection related,03 - P.D. only,04 - Sideswipe,01 - Clear,01 - Daylight,01 - Dry,01 - Traffic signal,01 - Functioning,2,0,0,0,,0,,,,,369994.9993,5026850.461,45.37856211,-75.66756087,14378
15--9514,2015/08/06,8:37 PM,CRESTWAY DR @ STRANDHERD DR (0010538),10538,02 - Intersection related,03 - P.D. only,03 - Rear end,01 - Clear,05 - Dusk,01 - Dry,01 - Traffic signal,01 - Functioning,4,0,0,0,,0,,,,,366345.4614,5015470.052,45.27649286,-75.71557,14379
15--9515,2015/08/06,8:59 PM,BANK ST @ CHAMBERLAIN AVE N/ISABELLA ST (0002132),2132,03 - At intersection,03 - P.D. only,07 - SMV other,01 - Clear,07 - Dark,01 - Dry,01 - Traffic signal,01 - Functioning,1,0,0,0,,0,,,,,368082.7121,5030166.202,45.4085715,-75.69155005,14380
15--9516,2015/08/07,1:14 PM,CEDARVIEW RD @ HWY 416 WESTHUNT IC72R24 (0005514),5514,02 - Intersection related,03 - P.D. only,02 - Angle,01 - Clear,01 - Daylight,01 - Dry,02 - Stop sign,00 - Unknown,2,0,0,0,,0,,,,,359608.8926,5019745.481,45.31552095,-75.80095185,14381
15--9517,2015/08/07,1:30 AM,BLAKE BLVD btwn LAFONTAINE AVE & JEAN TALON ST (__3ZA7D4),__3ZA7D4,04 - At/near private drive,03 - P.D. only,06 - SMV unattended vehicle,01 - Clear,07 - Dark,01 - Dry,10 - No control,,1,0,0,0,,0,,,,,371036.6014,5033048.399,45.43423098,-75.65343004,14382
15--9518,2015/08/07,10:15 PM,HIGHWAY 417 btwn HWY417 IC119A RAMP67 & HWY417 IC118 RAMP76 (__3ZA2YS),__3ZA2YS,01 - Non intersection,03 - P.D. only,07 - SMV other,01 - Clear,07 - Dark,01 - Dry,10 - No control,,1,0,0,0,,0,,,,,368683.7452,5030584.159,45.41227754,-75.68381834,14383
15--9519,2015/08/07,11:25 PM,BAY ST @ SLATER ST (0005127),5127,02 - Intersection related,03 - P.D. only,05 - Turning movement,01 - Clear,07 - Dark,01 - Dry,01 - Traffic signal,01 - Functioning,2,0,0,0,,0,,,,,366984.4185,5031078.21,45.41687593,-75.70546455,14384
15--952,2015/01/15,10:29 PM,MEADOWLANDS DR @ NESS ST (0001669),1669,03 - At intersection,03 - P.D. only,03 - Rear end,03 - Snow,07 - Dark,04 - Slush,02 - Stop sign,01 - Functioning,2,0,0,0,,0,,,,,366416.6317,5024945,45.361741,-75.7134843,14385
15--9520,2015/08/07,11:30 PM,GLADSTONE AVE @ KENT ST (0002251),2251,03 - At intersection,03 - P.D. only,02 - Angle,01 - Clear,07 - Dark,01 - Dry,01 - Traffic signal,01 - Functioning,2,0,0,0,,0,,,,,367745.2244,5030459.831,45.41124392,-75.6958236,14386
15--9521,2015/08/07,11:51 AM,OGILVIE RD @ QUINCY AVE (0009488),9488,02 - Intersection related,02 - Non-fatal injury,07 - SMV other,01 - Clear,01 - Daylight,01 - Dry,02 - Stop sign,01 - Functioning,1,0,0,0,03 - Major,1,,,1,,374947.9994,5036136.68,45.46163609,-75.60300412,14387
15--9522,2015/08/07,Unknown,ELMIRA DR btwn COBDEN RD & LAMBETH WALK (__3ZABUM),__3ZABUM,01 - Non intersection,03 - P.D. only,06 - SMV unattended vehicle,01 - Clear,00 - Unknown,01 - Dry,10 - No control,,1,0,0,0,,0,,,,,361446.816,5024017.171,45.35381166,-75.77702336,14388
15--9523,2015/08/07,Unknown,TURNER CRES btwn PRESTONE DR & MOUNTAINSIDE CRES (__3ZA6AN),__3ZA6AN,01 - Non intersection,03 - P.D. only,06 - SMV unattended vehicle,01 - Clear,00 - Unknown,01 - Dry,10 - No control,,1,0,0,0,,0,,,,,382777.4359,5038510.446,45.48216313,-75.50252541,14389
15--9524,2015/08/07,12:18 AM,EAGLESON RD @ MICHAEL COWPLAND DR/STONEHAVEN D (0003544),3544,03 - At intersection,02 - Non-fatal injury,05 - Turning movement,01 - Clear,07 - Dark,01 - Dry,01 - Traffic signal,01 - Functioning,2,0,0,0,02 - Minor,1,,1,,,354381.9053,5016623.804,45.28782003,-75.86792624,14390
15--9525,2015/08/07,12:20 PM,HIGHWAY 417 btwn HWY417 IC126 RAMP61 & HWY417 IC124 RAMP76 (__3ZA2Y2),__3ZA2Y2,01 - Non intersection,03 - P.D. only,03 - Rear end,01 - Clear,01 - Daylight,01 - Dry,10 - No control,,3,0,0,0,,0,,,,,363854.9569,5026776.616,45.37844211,-75.74596135,14391
15--9526,2015/08/07,12:34 PM,INDUSTRIAL AVE/INNES RD @ ST. LAURENT BLVD (0002203),2203,02 - Intersection related,03 - P.D. only,04 - Sideswipe,01 - Clear,01 - Daylight,01 - Dry,01 - Traffic signal,01 - Functioning,2,0,0,0,,0,,,,,373099.0067,5030005.477,45.40665384,-75.6274953,14392
15--9527,2015/08/07,12:54 PM,HUNT CLUB RD btwn MCCARTHY RD & RAMP (__3ZA36L),__3ZA36L,01 - Non intersection,03 - P.D. only,03 - Rear end,01 - Clear,01 - Daylight,01 - Dry,10 - No control,,2,0,0,0,,0,,,,,370546.6533,5023423.932,45.34767973,-75.66097374,14393
15--9528,2015/08/07,2:16 PM,WOODROFFE AVE @ CLARIDGE DR/STONEWAY DR N (0009791),9791,02 - Intersection related,03 - P.D. only,03 - Rear end,01 - Clear,01 - Daylight,01 - Dry,01 - Traffic signal,01 - Functioning,3,0,0,0,,0,,,,,365576.6996,5016707.082,45.28769047,-75.72521588,14394
15--9529,2015/08/07,2:44 PM,BANKFIELD RD @ PRINCE OF WALES DR (0003618),3618,02 - Intersection related,03 - P.D. only,03 - Rear end,01 - Clear,01 - Daylight,01 - Dry,01 - Traffic signal,01 - Functioning,2,0,0,0,,0,,,,,366379.6899,5008975.026,45.21804768,-75.71593824,14395
15--953,2015/01/15,10:30 AM,HIGHWAY 417 btwn HWY417 IC127 RAMP67 & HWY417 IC126 RAMP16 (__3ZA2X0),__3ZA2X0,01 - Non intersection,03 - P.D. only,99 - Other,01 - Clear,01 - Daylight,01 - Dry,10 - No control,,2,0,0,0,,0,,,,,362894.471,5025486.658,45.36691552,-75.75837592,14396
15--9530,2015/08/07,3:15 PM,BANK ST/PRETORIA AVE @ CHAMBERLAIN AVE S (0006980),6980,02 - Intersection related,03 - P.D. only,02 - Angle,01 - Clear,01 - Daylight,01 - Dry,02 - Stop sign,01 - Functioning,2,0,0,0,,0,,,,,368107.2913,5030105.035,45.40801892,-75.69124393,14397
15--9531,2015/08/07,3:25 PM,HIGHWAY 417 btwn HWY417 IC119B RAMP76 & HWY417 IC119A RAMP67 (__3ZA2YT),__3ZA2YT,01 - Non intersection,03 - P.D. only,03 - Rear end,01 - Clear,01 - Daylight,01 - Dry,10 - No control,,2,0,0,0,,0,,,,,368286.8913,5030352.205,45.41022661,-75.68891792,14398
15--9532,2015/08/07,3:30 PM,HIGHWAY 417 btwn HWY417 IC123 RAMP62 & HWY417 IC122 RAMP16 (__3ZA2R9),__3ZA2R9,01 - Non intersection,03 - P.D. only,03 - Rear end,01 - Clear,01 - Daylight,01 - Dry,10 - No control,,3,0,0,0,,0,,,,,365128.762,5028706.317,45.39569664,-75.72946246,14399
15--9533,2015/08/07,3:41 PM,INDUSTRIAL AVE/INNES RD @ ST. LAURENT BLVD (0002203),2203,02 - Intersection related,03 - P.D. only,03 - Rear end,01 - Clear,01 - Daylight,01 - Dry,01 - Traffic signal,01 - Functioning,2,0,0,0,,0,,,,,373100.4481,5030005.927,45.40665775,-75.62747682,14400
15--9534,2015/08/07,3:42 PM,BASELINE RD @ FARLANE BLVD (0002725),2725,02 - Intersection related,03 - P.D. only,03 - Rear end,01 - Clear,01 - Daylight,01 - Dry,01 - Traffic signal,01 - Functioning,2,0,0,0,,0,,,,,365357.4128,5025517.894,45.36698811,-75.72693342,14401
15--9535,2015/08/07,3:57 PM,FIELD ST @ WOODROFFE AVE (0005077),5077,02 - Intersection related,02 - Non-fatal injury,03 - Rear end,01 - Clear,01 - Daylight,01 - Dry,02 - Stop sign,00 - Unknown,2,0,0,0,01 - Minimal,1,1,,,,362417.6923,5024105.426,45.35452667,-75.76462292,14402
15--9536,2015/08/07,4:10 PM,MACKAY ST @ SUSSEX DR (0007142),7142,03 - At intersection,03 - P.D. only,03 - Rear end,01 - Clear,01 - Daylight,01 - Dry,02 - Stop sign,00 - Unknown,2,0,0,0,,0,,,,,367924.3299,5034086.22,45.44385679,-75.69307082,14403
15--9537,2015/08/07,4:19 PM,BASELINE RD @ GREENBANK RD (0002357),2357,02 - Intersection related,03 - P.D. only,03 - Rear end,01 - Clear,01 - Daylight,01 - Dry,01 - Traffic signal,01 - Functioning,2,0,0,0,,0,,,,,360597.6843,5022582.698,45.34097238,-75.78802172,14404
15--9538,2015/08/07,4:22 PM,NICHOLAS ST NB btwn HWY417 IC118 RAMP52 & WALLER ST/TRANSITWAY (__6KCFNL),__6KCFNL,01 - Non intersection,03 - P.D. only,03 - Rear end,01 - Clear,01 - Daylight,01 - Dry,10 - No control,,3,0,0,0,,0,,,,,369104.291,5031302.146,45.41869921,-75.67835229,14405
15--9539,2015/08/07,4:31 PM,IRIS ST @ WOODROFFE AVE (0002736),2736,02 - Intersection related,02 - Non-fatal injury,03 - Rear end,01 - Clear,01 - Daylight,01 - Dry,01 - Traffic signal,00 - Unknown,2,0,0,0,02 - Minor,1,,1,,,362282.6921,5024441.159,45.35755865,-75.76630675,14406
15--954,2015/01/15,10:39 AM,CATHERINE ST/HWY 417 O'CONN IC119BR76 @ O'CONN (0001697),1697,03 - At intersection,03 - P.D. only,05 - Turning movement,01 - Clear,01 - Daylight,02 - Wet,01 - Traffic signal,01 - Functioning,2,0,0,0,,0,,,,,368243.6022,5030393.315,45.41060043,-75.68946562,14407
15--9540,2015/08/07,4:39 PM,DEER PARK RD @ MEADOWLANDS DR (0001119),1119,02 - Intersection related,03 - P.D. only,03 - Rear end,01 - Clear,01 - Daylight,01 - Dry,01 - Traffic signal,01 - Functioning,2,0,0,0,,0,,,,,365980.3735,5024861.06,45.36102394,-75.71906286,14408
15--9541,2015/08/07,4:59 PM,CARLING AVE @ PINECREST  RD/GREENVIEW AVE (0001630),1630,02 - Intersection related,03 - P.D. only,04 - Sideswipe,01 - Clear,01 - Daylight,01 - Dry,01 - Traffic signal,01 - Functioning,2,0,0,0,,0,,,,,360007.3964,5024632.888,45.35946667,-75.79532433,14409
15--9542,2015/08/07,5:00 PM,HIGHWAY 417 btwn HWY417 IC118 RAMP67 & HWY417 IC117 RAMP36 (__3ZA2YO),__3ZA2YO,01 - Non intersection,03 - P.D. only,03 - Rear end,01 - Clear,01 - Daylight,01 - Dry,10 - No control,,2,0,0,0,,0,,,,,370269.9481,5031124.933,45.41699661,-75.66348325,14410
15--9543,2015/08/07,5:15 PM,HIGHWAY 417 btwn HWY417 IC129 RAMP25 & HWY417 IC129 RAMP35 (__3ZAYFR),__3ZAYFR,01 - Non intersection,03 - P.D. only,03 - Rear end,01 - Clear,01 - Daylight,01 - Dry,10 - No control,,2,0,0,0,,0,,,,,360746.4715,5023751.483,45.35147723,-75.78599114,14411
15--9544,2015/08/07,5:30 PM,LAURIER AVE @ NICHOLAS ST (0010711),10711,02 - Intersection related,03 - P.D. only,03 - Rear end,01 - Clear,01 - Daylight,01 - Dry,01 - Traffic signal,01 - Functioning,2,0,0,0,,0,,,,,368373.637,5031797.189,45.42322021,-75.68762339,14412
15--9545,2015/08/07,5:46 PM,O'TOOLE RD btwn WILHAVEN DR & INNES RD (__3ZA6J8),__3ZA6J8,01 - Non intersection,03 - P.D. only,07 - SMV other,01 - Clear,01 - Daylight,01 - Dry,10 - No control,,1,0,0,0,,0,,,,,389078.2351,5038370.214,45.48016929,-75.42196451,14413
15--9546,2015/08/07,5:50 PM,CLYDE AVE btwn CLYDE AVE & STARWOOD RD (__3ZA2TX),__3ZA2TX,04 - At/near private drive,02 - Non-fatal injury,02 - Angle,01 - Clear,01 - Daylight,01 - Dry,10 - No control,,2,1,0,0,01 - Minimal,1,1,,,,364396.1808,5024802.945,45.36063749,-75.73928949,14414