Anom_ID,Accident_Date,Accident_Time,Location,Geo_ID,Accident_Location,Classification_of_Accident,Initial_Impact_Type,Environment_Condition,Light,Road_Surface_Condition,Traffic_Control,Traffic_Control_Condition,No__of_Vehicles,No__of_Bicycles,No__of_Motorcycles,No__of_Pedestrians,Max_Injury,No__of_Injuries,No__of_Minimal,No__of_Minor,No__of_Major,No__of_Fatal,X,Y,Latitude,Longitude,ObjectId
15--9547,2015/08/07,6:25 PM,APPLETON DR @ MEADOWBROOK RD (0013073),13073,03 - At intersection,03 - P.D. only,02 - Angle,01 - Clear,01 - Daylight,01 - Dry,02 - Stop sign,01 - Functioning,2,0,0,0,,0,,,,,374928.7344,5032231.342,45.42650006,-75.603807,14415
15--9548,2015/08/07,7:36 AM,BRIAN COBURN BLVD @ TENTH LINE RD (0013966),13966,02 - Intersection related,02 - Non-fatal injury,03 - Rear end,01 - Clear,01 - Daylight,01 - Dry,01 - Traffic signal,01 - Functioning,2,0,0,0,01 - Minimal,1,1,,,,384428.3389,5035022.308,45.45059377,-75.48197576,14416
15--9549,2015/08/07,9:00 PM,HIGHWAY 416 btwn HWY416 IC57 RAMP24 & HWY416 IC49 RAMP42 (__3ZAZGI),__3ZAZGI,01 - Non intersection,03 - P.D. only,07 - SMV other,01 - Clear,07 - Dark,01 - Dry,10 - No control,,1,0,0,0,,0,,,,,365760.9154,5006335.945,45.19435485,-75.72413893,14417
15--955,2015/01/15,10:45 PM,HIGHWAY 417 btwn HWY417 IC126 RAMP16 & HWY417 IC126 RAMP61 (__3ZA2RC),__3ZA2RC,01 - Non intersection,03 - P.D. only,04 - Sideswipe,03 - Snow,07 - Dark,03 - Loose snow,10 - No control,,2,0,0,0,,0,,,,,363080.1928,5025760,45.3693596,-75.75597298,14418
15--9550,2015/08/07,9:10 PM,HIGHWAY 417 btwn HWY417 IC119A RAMP67 & HWY417 IC118 RAMP76 (__3ZA2YS),__3ZA2YS,01 - Non intersection,03 - P.D. only,03 - Rear end,01 - Clear,07 - Dark,01 - Dry,10 - No control,,2,0,0,0,,0,,,,,368958.0735,5030715.773,45.41343666,-75.68029674,14419
15--9551,2015/08/07,9:21 AM,BASELINE RD @ CEDARVIEW RD (0010259),10259,02 - Intersection related,03 - P.D. only,03 - Rear end,01 - Clear,01 - Daylight,01 - Dry,01 - Traffic signal,01 - Functioning,2,0,0,0,,0,,,,,358967.6649,5021674.13,45.3329248,-75.80891868,14420
15--9552,2015/08/07,9:57 AM,CARP RD @ HAZELDEAN RD (0000086),86,03 - At intersection,03 - P.D. only,02 - Angle,01 - Clear,01 - Daylight,01 - Dry,01 - Traffic signal,01 - Functioning,2,0,0,0,,0,,,,,348804.5759,5014360.076,45.26782154,-75.93922349,14421
15--9553,2015/08/08,1:21 PM,GEORGE ST @ 26 W OF BYWARD MARKET/FREIMAN MALL (0008248),8248,02 - Intersection related,02 - Non-fatal injury,03 - Rear end,01 - Clear,01 - Daylight,01 - Dry,01 - Traffic signal,01 - Functioning,2,0,0,0,01 - Minimal,1,1,,,,367999.6794,5032196.068,45.42684307,-75.69235036,14422
15--9554,2015/08/08,1:23 PM,NAVAHO DR @ WOODROFFE AVE/TRANSITWAY N BASELIN (0010359),10359,03 - At intersection,02 - Non-fatal injury,05 - Turning movement,01 - Clear,01 - Daylight,01 - Dry,01 - Traffic signal,01 - Functioning,2,0,1,0,02 - Minor,1,,1,,,362706.9626,5023492.531,45.34898806,-75.76100303,14423
15--9555,2015/08/08,10:32 PM,GREENBANK RD @ LARKIN DR (0001101),1101,03 - At intersection,03 - P.D. only,02 - Angle,01 - Clear,07 - Dark,01 - Dry,01 - Traffic signal,01 - Functioning,2,0,0,0,,0,,,,,363178.1193,5016505.372,45.2860788,-75.75581418,14424
15--9556,2015/08/08,10:45 AM,INDUSTRIAL AVE @ RIVERSIDE DR (0011905),11905,02 - Intersection related,02 - Non-fatal injury,03 - Rear end,01 - Clear,01 - Daylight,01 - Dry,01 - Traffic signal,01 - Functioning,2,0,0,0,01 - Minimal,1,1,,,,370685.4393,5030591.472,45.41215775,-75.65824636,14425
15--9557,2015/08/08,10:45 AM,NORBERRY CRES btwn SPRINGLAND DR & SPRINGLAND DR (__3ZA0H8),__3ZA0H8,01 - Non intersection,03 - P.D. only,04 - Sideswipe,01 - Clear,01 - Daylight,01 - Dry,10 - No control,,2,0,0,0,,0,,,,,368694.6261,5025596.953,45.36740318,-75.68432507,14426
15--9558,2015/08/08,11:00 AM,MAPLE GROVE RD @ TERRY FOX DR (0003177),3177,02 - Intersection related,03 - P.D. only,03 - Rear end,01 - Clear,01 - Daylight,01 - Dry,01 - Traffic signal,01 - Functioning,2,0,0,0,,0,,,,,351554.3293,5017864.104,45.29917438,-75.90385345,14427
15--9559,2015/08/08,12:30 PM,MOONEY'S BAY PL @ RIVERSIDE DR (0011421),11421,02 - Intersection related,02 - Non-fatal injury,03 - Rear end,01 - Clear,01 - Daylight,01 - Dry,01 - Traffic signal,00 - Unknown,4,0,0,0,02 - Minor,4,1,3,,,368355.715,5025296.152,45.36472747,-75.68868985,14428
15--956,2015/01/15,10:48 AM,REGIONAL RD 174 EB btwn REGIONAL RD 174 & TRIM RD (__3ZA1L6),__3ZA1L6,01 - Non intersection,03 - P.D. only,03 - Rear end,03 - Snow,01 - Daylight,06 - Ice,10 - No control,,2,0,0,0,,0,,,,,384644.806,5040230.969,45.49743163,-75.47836226,14429
15--9560,2015/08/08,12:39 PM,COLONIAL RD @ HENN DR (0013059),13059,02 - Intersection related,03 - P.D. only,02 - Angle,01 - Clear,01 - Daylight,01 - Dry,02 - Stop sign,01 - Functioning,2,0,0,0,,0,,,,,389133.3708,5031867.576,45.42165894,-75.42237419,14430
15--9561,2015/08/08,2:04 PM,SOMERSET ST @ SPADINA AVE (0006484),6484,03 - At intersection,03 - P.D. only,05 - Turning movement,01 - Clear,01 - Daylight,01 - Dry,02 - Stop sign,00 - Unknown,2,0,1,0,,0,,,,,365711.6998,5029869.203,45.40610955,-75.72187406,14431
15--9562,2015/08/08,3:21 PM,HWY 416 ACRES IC75R24 @ HOLLY ACRES RD (0005257),5257,02 - Intersection related,03 - P.D. only,03 - Rear end,01 - Clear,01 - Daylight,01 - Dry,01 - Traffic signal,01 - Functioning,2,0,0,0,,0,,,,,358759.7546,5022869.074,45.34369297,-75.81144073,14432
15--9563,2015/08/08,3:36 PM,PRINCE OF WALES DR @ MEADOWLANDS DR/HOG'S BACK (0001629),1629,03 - At intersection,02 - Non-fatal injury,05 - Turning movement,01 - Clear,01 - Daylight,01 - Dry,01 - Traffic signal,01 - Functioning,2,0,0,0,02 - Minor,3,,3,,,367371.9189,5025695.279,45.36840723,-75.70119655,14433
15--9564,2015/08/08,4:19 AM,CENTREPOINTE DR btwn DALECROFT CRES & WYCLIFFE ST (__3ZA5Q5),__3ZA5Q5,01 - Non intersection,03 - P.D. only,06 - SMV unattended vehicle,01 - Clear,07 - Dark,01 - Dry,10 - No control,,1,0,0,0,,0,,,,,362277.5256,5022239.102,45.3377451,-75.7666286,14434
15--9565,2015/08/08,5:29 PM,HUNT CLUB RD btwn NORTH BOWESVILLE RD & BILLY BISHOP PRIV (__5G43Y1),__5G43Y1,04 - At/near private drive,02 - Non-fatal injury,02 - Angle,01 - Clear,01 - Daylight,01 - Dry,10 - No control,,2,0,0,0,02 - Minor,1,,1,,,368835.2463,5022417.54,45.33878279,-75.68294188,14435
15--9566,2015/08/08,6:15 PM,TABARET ST btwn PATRIOT PL & TEMPLEFORD AVE (__6OEW2X),__6OEW2X,04 - At/near private drive,03 - P.D. only,06 - SMV unattended vehicle,01 - Clear,01 - Daylight,01 - Dry,10 - No control,,1,0,0,0,,0,,,,,354331.4172,5015350.618,45.27636717,-75.8686969,14436
15--9567,2015/08/08,6:26 PM,CAHILL DR @ MARLIN PRIV E/SANDHAM PRIV E (0012069),12069,03 - At intersection,03 - P.D. only,05 - Turning movement,01 - Clear,01 - Daylight,01 - Dry,10 - No control,,2,0,0,0,,0,,,,,371840.67,5024742.11,45.35941775,-75.64428324,14437
15--9568,2015/08/08,6:55 AM,CLARIDGE DR btwn GOSPEL OAK DR & CLENNING ST (__4LT4WM),__4LT4WM,01 - Non intersection,03 - P.D. only,04 - Sideswipe,01 - Clear,01 - Daylight,01 - Dry,10 - No control,,2,0,0,0,,0,,,,,364882.0932,5016424.281,45.28520556,-75.7341042,14438
15--9569,2015/08/08,7:32 AM,LEIKIN DR btwn HOLITZNER WAY & CRESTWAY DR (__3ZA40I),__3ZA40I,01 - Non intersection,02 - Non-fatal injury,03 - Rear end,01 - Clear,01 - Daylight,01 - Dry,10 - No control,,2,1,0,0,03 - Major,1,,,1,,366839.2174,5017390.084,45.29372575,-75.70903735,14439
15--9397,2015/08/03,1:50 AM,HIGHWAY 417 btwn HWY417 IC117 RAMP51 & HWY417 IC117 RAMP35 (__3ZA2YN),__3ZA2YN,01 - Non intersection,03 - P.D. only,04 - Sideswipe,02 - Rain,07 - Dark,02 - Wet,10 - No control,,2,0,0,0,,0,,,,,370721.2117,5031173.309,45.41738951,-75.65771155,14440
15--9302,2015/07/31,2:16 PM,MELVILLE DR btwn KANE TER & KANE TER (__3ZAB6G),__3ZAB6G,01 - Non intersection,03 - P.D. only,06 - SMV unattended vehicle,01 - Clear,01 - Daylight,01 - Dry,10 - No control,,1,0,0,0,,0,,,,,362313.0333,5015359.129,45.27583618,-75.76697394,14441
15--9126,2015/07/26,4:00 PM,MITCH OWENS RD @ DOZOIS RD/LIMEBANK RD (0012469),12469,02 - Intersection related,03 - P.D. only,03 - Rear end,01 - Clear,01 - Daylight,01 - Dry,01 - Traffic signal,01 - Functioning,2,0,0,0,,0,,,,,371673.725,5012107.338,45.24574919,-75.64811829,14442
15--9752,2015/08/13,8:40 AM,HAZELDEAN RD btwn IRWIN GT & EAGLESON RD (__3ZA41Q),__3ZA41Q,04 - At/near private drive,03 - P.D. only,03 - Rear end,01 - Clear,01 - Daylight,01 - Dry,10 - No control,,2,0,0,0,,0,,,,,353648.3997,5018408.244,45.30392819,-75.8771007,14443
15--9036,2015/07/23,8:10 AM,PARKDALE AVE @ GLADSTONE AVE (0002362),2362,02 - Intersection related,03 - P.D. only,03 - Rear end,01 - Clear,01 - Daylight,01 - Dry,01 - Traffic signal,01 - Functioning,3,0,0,0,,0,,,,,365215.981,5029116.759,45.39938219,-75.7282983,14444
15--9037,2015/07/23,8:11 PM,STAGECOACH RD btwn CABIN RD & SNAKE ISLAND RD (__3ZBOGH),__3ZBOGH,04 - At/near private drive,02 - Non-fatal injury,03 - Rear end,01 - Clear,01 - Daylight,01 - Dry,10 - No control,,2,0,0,0,03 - Major,1,,,1,,378186.738,5004232.701,45.17424668,-75.56632186,14445
15--9667,2015/08/11,7:30 AM,BEECHWOOD AVE btwn CHAPLEAU AVE & PUTMAN AVE (__3ZA3AY),__3ZA3AY,04 - At/near private drive,03 - P.D. only,03 - Rear end,02 - Rain,01 - Daylight,02 - Wet,10 - No control,,2,0,0,0,,0,,,,,369527.1479,5033855.341,45.44163286,-75.67261421,14446
15--9398,2015/08/03,1:50 PM,ELEANOR DR btwn TRILLIUM AVE & GREENCREST PL (__3ZAAOP),__3ZAAOP,01 - Non intersection,03 - P.D. only,01 - Approaching,01 - Clear,01 - Daylight,01 - Dry,10 - No control,,2,0,0,0,,0,,,,,365109.7864,5025153.478,45.3637305,-75.73013877,14447
15--9127,2015/07/26,4:30 PM,HWY417 IC119A RAMP75 btwn METCALFE ST & HIGHWAY 417 (__3ZAY9U),__3ZAY9U,01 - Non intersection,03 - P.D. only,04 - Sideswipe,01 - Clear,01 - Daylight,01 - Dry,10 - No control,,2,0,0,0,,0,,,,,368545.4189,5030474.807,45.41130624,-75.68559956,14448
15--9753,2015/08/13,8:40 AM,BEARBROOK RD/ROCKCLIFFE PKWY @ ST. JOSEPH BLVD (0012382),12382,03 - At intersection,03 - P.D. only,05 - Turning movement,01 - Clear,01 - Daylight,01 - Dry,01 - Traffic signal,01 - Functioning,2,0,0,0,,0,,,,,377129.455,5035237.79,45.45332604,-75.57524525,14449
15--9038,2015/07/23,8:50 AM,CARLING AVE @ WOODROFFE AVE W (0011470),11470,02 - Intersection related,02 - Non-fatal injury,02 - Angle,01 - Clear,01 - Daylight,01 - Dry,01 - Traffic signal,01 - Functioning,2,0,0,0,02 - Minor,1,,1,,,361768.4043,5025724.432,45.36914742,-75.7727225,14450
15--9668,2015/08/11,7:36 PM,TRENHOLM LANE @ VARENNES BLVD (0010139),10139,03 - At intersection,03 - P.D. only,02 - Angle,02 - Rain,05 - Dusk,02 - Wet,02 - Stop sign,01 - Functioning,2,0,0,0,,0,,,,,385143.4498,5037769.128,45.47522519,-75.47238584,14451
15--9399,2015/08/03,10:21 AM,BANK ST @ RIVERSIDE DR S (0002704),2704,03 - At intersection,03 - P.D. only,02 - Angle,01 - Clear,01 - Daylight,01 - Dry,01 - Traffic signal,01 - Functioning,2,0,0,0,,0,,,,,369303.9964,5027894.193,45.38801724,-75.6762466,14452
15--9128,2015/07/26,5:10 PM,INVERKIP AVE btwn PENNARD WAY & PENNARD WAY (__4LVMI8),__4LVMI8,04 - At/near private drive,03 - P.D. only,02 - Angle,01 - Clear,01 - Daylight,01 - Dry,10 - No control,,2,0,0,0,,0,,,,,372531.4858,5025674.737,45.36774278,-75.63533874,14453
15--9303,2015/07/31,2:18 PM,BESSERER ST @ NICHOLAS ST (0007614),7614,02 - Intersection related,03 - P.D. only,03 - Rear end,01 - Clear,01 - Daylight,01 - Dry,01 - Traffic signal,00 - Unknown,2,0,0,0,,0,,,,,368185.7089,5032111.22,45.4260628,-75.68998418,14454
15--9754,2015/08/13,8:59 AM,GEORGE ST @ DALHOUSIE ST (0008516),8516,02 - Intersection related,02 - Non-fatal injury,03 - Rear end,01 - Clear,01 - Daylight,01 - Dry,01 - Traffic signal,01 - Functioning,2,0,0,0,02 - Minor,1,,1,,,368156.7967,5032315.5,45.42790346,-75.69032734,14455
15--9039,2015/07/23,8:50 PM,INNES RD @ 298 E OF WILDFLOWER DR/LOBLAWS SC (0012918),12918,02 - Intersection related,03 - P.D. only,03 - Rear end,01 - Clear,05 - Dusk,01 - Dry,01 - Traffic signal,01 - Functioning,2,0,0,0,,0,,,,,383190.8707,5035795.769,45.4576926,-75.49767068,14456
15--9669,2015/08/11,7:50 PM,GARAND PL btwn Continuation of GARAND PL & BRIAR HILL DR (__3ZBOUD),__3ZBOUD,04 - At/near private drive,03 - P.D. only,06 - SMV unattended vehicle,01 - Clear,01 - Daylight,01 - Dry,10 - No control,,1,0,0,0,,0,,,,,371415.9427,5027113.99,45.38079958,-75.64938406,14457
15--967,2015/01/15,2:15 PM,RICHMOND RD @ HOLLY ACRES RD/NANAIMO DR (0001068),1068,03 - At intersection,02 - Non-fatal injury,03 - Rear end,01 - Clear,01 - Daylight,02 - Wet,01 - Traffic signal,01 - Functioning,2,0,0,0,02 - Minor,3,2,1,,,359057.7077,5022748.978,45.34258936,-75.80765212,14458
15--9670,2015/08/11,8:00 AM,KING EDWARD AVE @ SOMERSET ST/MARIE CURIE PRIV (0001696),1696,03 - At intersection,03 - P.D. only,03 - Rear end,02 - Rain,01 - Daylight,02 - Wet,01 - Traffic signal,01 - Functioning,2,0,0,0,,0,,,,,368956.9896,5031673.217,45.4220515,-75.68018592,14459
15--9671,2015/08/11,8:01 PM,NICHOLAS ST NB btwn HWY417 IC118 RAMP52 & WALLER ST/TRANSITWAY (__6KCFNL),__6KCFNL,01 - Non intersection,03 - P.D. only,99 - Other,02 - Rain,05 - Dusk,02 - Wet,10 - No control,,2,0,0,0,,0,,,,,369026.2159,5031336.24,45.41901315,-75.67934535,14460
15--9672,2015/08/11,8:05 PM,DEVINE RD btwn TRUDEAU AVE & DUNNING RD (__3EAKZI),__3EAKZI,01 - Non intersection,03 - P.D. only,99 - Other,02 - Rain,05 - Dusk,02 - Wet,10 - No control,,2,0,0,0,,0,,,,,395521.6195,5024345.182,45.35318245,-75.34214298,14461
15--9673,2015/08/11,8:19 PM,BANK ST @ MCLEOD ST (0007255),7255,02 - Intersection related,02 - Non-fatal injury,02 - Angle,02 - Rain,07 - Dark,02 - Wet,02 - Stop sign,01 - Functioning,2,1,0,0,01 - Minimal,1,1,,,,367948.7099,5030485.771,45.41145899,-75.69322085,14462
15--9674,2015/08/11,8:45 AM,HIGHWAY 417 btwn HWY417 IC118 RAMP67 & HWY417 IC117 RAMP36 (__3ZA2YO),__3ZA2YO,01 - Non intersection,03 - P.D. only,03 - Rear end,01 - Clear,01 - Daylight,02 - Wet,10 - No control,,3,0,0,0,,0,,,,,370266.338,5031123.489,45.41698396,-75.66352956,14463
15--9675,2015/08/11,8:45 PM,MACDONALD-CARTIER BR RAMP NB-3 btwn MACDONALD-CARTIER BR RAMP NB-1/NB- (__7TTQA0),__7TTQA0,01 - Non intersection,03 - P.D. only,04 - Sideswipe,02 - Rain,05 - Dusk,02 - Wet,10 - No control,,2,0,0,0,,0,,,,,367999.8526,5033277.425,45.43657272,-75.69220935,14464
15--9676,2015/08/11,8:50 AM,ALTA VISTA DR @ SMYTH RD (0011353),11353,02 - Intersection related,03 - P.D. only,03 - Rear end,01 - Clear,01 - Daylight,01 - Dry,01 - Traffic signal,01 - Functioning,2,0,0,0,,0,,,,,370431.9952,5029080.476,45.39858619,-75.66168514,14465
15--9677,2015/08/11,9:07 PM,CAMPEAU DR/HWY 417 MARCH IC138R63 @ MARCH RD (0009710),9710,03 - At intersection,03 - P.D. only,02 - Angle,02 - Rain,07 - Dark,02 - Wet,01 - Traffic signal,01 - Functioning,2,0,0,0,,0,,,,,352840.7321,5020476.971,45.32259874,-75.88719863,14466
15--9678,2015/08/11,9:31 PM,COLONEL BY DR @ HAWTHORNE AVE/PRETORIA BRIDGE (0002122),2122,02 - Intersection related,02 - Non-fatal injury,03 - Rear end,02 - Rain,07 - Dark,02 - Wet,01 - Traffic signal,01 - Functioning,2,0,0,0,01 - Minimal,2,2,,,,368767.7102,5030526.648,45.4117524,-75.68275317,14467
15--9679,2015/08/11,9:39 PM,HUNT CLUB RD @ LORRY GREENBERG DR/SABLE RIDGE  (0008203),8203,02 - Intersection related,03 - P.D. only,03 - Rear end,02 - Rain,07 - Dark,02 - Wet,01 - Traffic signal,01 - Functioning,2,0,0,0,,0,,,,,372823.7387,5024806.783,45.35990496,-75.63172774,14468
15--968,2015/01/15,2:26 PM,INDUSTRIAL AVE btwn RIVERSIDE DR & SANDFORD FLEMING AVE (__3ZA3PG),__3ZA3PG,01 - Non intersection,03 - P.D. only,04 - Sideswipe,01 - Clear,01 - Daylight,02 - Wet,10 - No control,,2,0,0,0,,0,,,,,370784.4828,5030577.329,45.41202116,-75.65698301,14469
15--9680,2015/08/12,1:22 PM,MERIVALE RD @ WEST HUNT CLUB RD (0000584),584,02 - Intersection related,03 - P.D. only,03 - Rear end,01 - Clear,01 - Daylight,01 - Dry,01 - Traffic signal,01 - Functioning,2,0,0,0,,0,,,,,365611.9745,5021942.859,45.33479846,-75.72412368,14470
15--9681,2015/08/12,1:33 PM,HAZELDEAN RD @ YOUNG RD (0003049),3049,02 - Intersection related,03 - P.D. only,03 - Rear end,01 - Clear,01 - Daylight,01 - Dry,02 - Stop sign,01 - Functioning,2,0,0,0,,0,,,,,352464.6107,5017479.366,45.29565124,-75.89228443,14471
15--9682,2015/08/12,1:53 PM,BANK ST @ CECIL AVE (0002601),2601,02 - Intersection related,03 - P.D. only,03 - Rear end,01 - Clear,01 - Daylight,01 - Dry,02 - Stop sign,01 - Functioning,2,0,0,0,,0,,,,,369945.2529,5026989.816,45.3798206,-75.6681776,14472
15--9683,2015/08/12,10:06 AM,CASTLEFRANK RD @ HAZELDEAN RD (0003608),3608,02 - Intersection related,03 - P.D. only,03 - Rear end,01 - Clear,01 - Daylight,01 - Dry,01 - Traffic signal,01 - Functioning,2,0,0,0,,0,,,,,352677.1574,5017675.688,45.29740334,-75.8895557,14473
15--9684,2015/08/12,10:10 PM,WOODROFFE AVE @ QUEENSBURY DR/RIDEAUCREST DR (0000043),43,02 - Intersection related,03 - P.D. only,03 - Rear end,01 - Clear,07 - Dark,01 - Dry,01 - Traffic signal,01 - Functioning,2,0,0,0,,0,,,,,365728.4222,5016327.365,45.28426066,-75.72332852,14474
15--9685,2015/08/12,10:36 AM,ST. JOSEPH BLVD @ JEANNE D'ARC BLVD (0012421),12421,03 - At intersection,03 - P.D. only,04 - Sideswipe,01 - Clear,01 - Daylight,01 - Dry,11 - Roundabout,01 - Functioning,2,0,0,0,,0,,,,,379858.8148,5036471.099,45.46413459,-75.5401661,14475
15--9686,2015/08/12,10:43 AM,RIVERSIDE DR SB btwn TERMINAL AVE & Continuation of RIVERSIDE DR (__3ZA4SD),__3ZA4SD,01 - Non intersection,03 - P.D. only,04 - Sideswipe,01 - Clear,01 - Daylight,01 - Dry,10 - No control,,2,0,0,0,,0,,,,,370700.215,5030691.343,45.41305495,-75.65804425,14476
15--9687,2015/08/12,10:44 PM,TERRY FOX DR @ 135 S OF HAZELDEAN RD/SOBEY'S S (0012468),12468,02 - Intersection related,03 - P.D. only,03 - Rear end,01 - Clear,07 - Dark,01 - Dry,01 - Traffic signal,01 - Functioning,2,0,0,0,,0,,,,,352292.9342,5017139.937,45.2926086,-75.89450566,14477
15--9688,2015/08/12,11:30 AM,REGIONAL ROAD 174 btwn OR174 IC109 RAMP54 & OR174 IC109 RAMP55 (__3ZA28X),__3ZA28X,01 - Non intersection,03 - P.D. only,99 - Other,01 - Clear,01 - Daylight,01 - Dry,10 - No control,,2,0,0,0,,0,,,,,376433.4783,5034902.223,45.45037851,-75.58419125,14478
15--9689,2015/08/12,Unknown,HOLMWOOD AVE btwn TORRINGTON PL & CRAIG ST (__3ZA9LO),__3ZA9LO,01 - Non intersection,03 - P.D. only,06 - SMV unattended vehicle,01 - Clear,00 - Unknown,01 - Dry,10 - No control,,1,0,0,0,,0,,,,,367980.669,5028898.825,45.39717725,-75.69301592,14479
15--969,2015/01/15,2:46 PM,CARP RD @ ECHOWOODS AVE/KITTIWAKE DR (0009789),9789,02 - Intersection related,03 - P.D. only,03 - Rear end,01 - Clear,01 - Daylight,02 - Wet,01 - Traffic signal,01 - Functioning,3,0,0,0,,0,,,,,348596.3471,5014563.126,45.26966166,-75.94185904,14480
15--9690,2015/08/12,12:10 PM,ANDERSON RD @ INNES RD (0004200),4200,03 - At intersection,02 - Non-fatal injury,02 - Angle,01 - Clear,01 - Daylight,01 - Dry,01 - Traffic signal,01 - Functioning,2,0,0,0,02 - Minor,2,1,1,,,376280.0204,5031842.645,45.42286601,-75.58659717,14481
15--9691,2015/08/12,12:19 PM,KENT ST @ QUEEN ST (0003137),3137,02 - Intersection related,03 - P.D. only,03 - Rear end,01 - Clear,01 - Daylight,01 - Dry,01 - Traffic signal,01 - Functioning,3,0,0,0,,0,,,,,367179.6944,5031387.661,45.41964289,-75.70293056,14482
15--9692,2015/08/12,3:37 PM,HIGHWAY 417 btwn HWY417 IC120A RAMP52 & HWY417 IC119B RAMP57 (__3ZA2R1),__3ZA2R1,01 - Non intersection,03 - P.D. only,03 - Rear end,01 - Clear,01 - Daylight,01 - Dry,10 - No control,,2,0,0,0,,0,,,,,368070.3835,5030182.352,45.40871793,-75.69170546,14483
15--9693,2015/08/12,3:50 PM,BASELINE RD @ NAVAHO DR (0003158),3158,02 - Intersection related,03 - P.D. only,03 - Rear end,01 - Clear,01 - Daylight,01 - Dry,01 - Traffic signal,01 - Functioning,2,0,0,0,,0,,,,,363086.4114,5024096.425,45.35439041,-75.75608981,14484
15--9694,2015/08/12,4:00 PM,FRANKTOWN RD @ GREEN'S RD (0000031),31,03 - At intersection,03 - P.D. only,05 - Turning movement,01 - Clear,01 - Daylight,01 - Dry,02 - Stop sign,01 - Functioning,2,0,0,0,,0,,,,,352344.1055,5002194.561,45.15812117,-75.89528087,14485
15--9695,2015/08/12,4:09 PM,HIGHWAY 417 btwn HWY417 IC127 RAMP25 & HWY417 IC126 RAMP51 (__3ZA2XA),__3ZA2XA,01 - Non intersection,03 - P.D. only,03 - Rear end,01 - Clear,01 - Daylight,01 - Dry,10 - No control,,2,0,0,0,,0,,,,,363158.8932,5025819.206,45.36988578,-75.75496136,14486
15--9696,2015/08/12,4:10 PM,SLATER ST btwn KENT ST & BANK ST (__3ZA349),__3ZA349,04 - At/near private drive,03 - P.D. only,02 - Angle,01 - Clear,01 - Daylight,01 - Dry,10 - No control,,2,0,0,0,,0,,,,,367343.2036,5031304.403,45.41887916,-75.70085206,14487
15--9697,2015/08/12,4:15 PM,RIVERSIDE DR btwn KIMBERWICK CRES & KIMBERWICK CRES (__3ZA37L),__3ZA37L,01 - Non intersection,03 - P.D. only,04 - Sideswipe,01 - Clear,01 - Daylight,01 - Dry,10 - No control,,2,0,0,0,,0,,,,,368178.9937,5022680.045,45.34120434,-75.69128087,14488
15--9698,2015/08/12,4:43 PM,HOLLAND AVE @ RUSKIN ST (0006676),6676,03 - At intersection,03 - P.D. only,02 - Angle,01 - Clear,01 - Daylight,01 - Dry,02 - Stop sign,01 - Functioning,2,0,0,0,,0,,,,,365280.423,5028349.476,45.39247278,-75.72756932,14489
15--9699,2015/08/12,4:43 PM,FROBISHER LANE W @ RIVERSIDE DR (0011961),11961,02 - Intersection related,03 - P.D. only,04 - Sideswipe,01 - Clear,01 - Daylight,01 - Dry,01 - Traffic signal,00 - Unknown,2,0,0,0,,0,,,,,370118.7151,5029600.145,45.40329128,-75.6656174,14490
15--97,2015/01/03,5:52 PM,CARLING AVE @ MELWOOD AVE (0002762),2762,03 - At intersection,03 - P.D. only,05 - Turning movement,03 - Snow,07 - Dark,03 - Loose snow,02 - Stop sign,00 - Unknown,2,0,0,0,,0,,,,,362512.7306,5026199.011,45.37335673,-75.76316552,14491
15--970,2015/01/15,3:00 PM,HIGHWAY 417 btwn HWY417 IC124 RAMP76 & HWY417 IC124 RAMP67 (__3ZA2R7),__3ZA2R7,01 - Non intersection,03 - P.D. only,03 - Rear end,01 - Clear,01 - Daylight,01 - Dry,10 - No control,,2,0,0,0,,0,,,,,364337.1629,5027410.371,45.38410371,-75.73972846,14492
15--9700,2015/08/12,5:21 PM,NAVAN RD @ TENTH LINE RD (0004718),4718,03 - At intersection,03 - P.D. only,02 - Angle,01 - Clear,01 - Daylight,01 - Dry,01 - Traffic signal,01 - Functioning,2,0,0,0,,0,,,,,385758.5082,5031831.452,45.42173261,-75.46549746,14493
15--9701,2015/08/12,5:40 PM,NAVAN RD btwn RENAUD RD & MER BLEUE RD (__3ZA3Y1),__3ZA3Y1,04 - At/near private drive,03 - P.D. only,07 - SMV other,01 - Clear,01 - Daylight,01 - Dry,10 - No control,,1,0,0,0,,0,,,,,382984.038,5032433.628,45.42746607,-75.50084905,14494
15--9702,2015/08/12,5:46 PM,CARLING AVE EB btwn VISCOUNT AVE & ANNA AVE (__3ZA4UI),__3ZA4UI,01 - Non intersection,03 - P.D. only,04 - Sideswipe,01 - Clear,01 - Daylight,01 - Dry,10 - No control,,2,0,0,0,,0,,,,,365163.3987,5027870.683,45.3881748,-75.72912233,14495
15--9703,2015/08/12,6:00 PM,CATHERINE ST @ METCALFE ST (0011239),11239,03 - At intersection,03 - P.D. only,02 - Angle,01 - Clear,01 - Daylight,01 - Dry,01 - Traffic signal,01 - Functioning,2,0,0,0,,0,,,,,368394.4274,5030486.203,45.41142251,-75.68752694,14496
15--9704,2015/08/12,6:27 PM,"OLD MONTREAL RD btwn GRAND-CH-NE, COUR DU CRT & TED KELLY LANE (__3ZA24E)",__3ZA24E,04 - At/near private drive,03 - P.D. only,07 - SMV other,01 - Clear,01 - Daylight,01 - Dry,10 - No control,,1,0,0,0,,0,,,,,385988.0508,5040707.206,45.50156131,-75.46109906,14497