Anom_ID,Accident_Date,Accident_Time,Location,Geo_ID,Accident_Location,Classification_of_Accident,Initial_Impact_Type,Environment_Condition,Light,Road_Surface_Condition,Traffic_Control,Traffic_Control_Condition,No__of_Vehicles,No__of_Bicycles,No__of_Motorcycles,No__of_Pedestrians,Max_Injury,No__of_Injuries,No__of_Minimal,No__of_Minor,No__of_Major,No__of_Fatal,X,Y,Latitude,Longitude,ObjectId
15--9705,2015/08/12,7:44 AM,SLACK RD @ WOODROFFE AVE (0000102),102,03 - At intersection,02 - Non-fatal injury,05 - Turning movement,01 - Clear,01 - Daylight,01 - Dry,01 - Traffic signal,01 - Functioning,2,0,0,0,02 - Minor,1,,1,,,364233.6835,5019974.118,45.31720198,-75.74194351,14498
15--9706,2015/08/12,7:47 AM,GIBBARD AVE btwn GREENBANK RD & ATKINSON GT (__3ZA4YP),__3ZA4YP,04 - At/near private drive,03 - P.D. only,07 - SMV other,01 - Clear,01 - Daylight,01 - Dry,10 - No control,,1,0,0,0,,0,,,,,361481.2216,5020665.001,45.32364614,-75.77696829,14499
15--9707,2015/08/12,7:59 PM,PRINCE OF WALES DR btwn WILLIAM MCEWEN DR & CARSONBY RD W (__3ZAZ7Y),__3ZAZ7Y,04 - At/near private drive,03 - P.D. only,02 - Angle,01 - Clear,01 - Daylight,01 - Dry,10 - No control,,2,0,0,0,,0,,,,,365858.4914,5005430.522,45.18619932,-75.72300804,14500
15--9708,2015/08/12,8:13 AM,BASELINE RD/HERON RD @ PRINCE OF WALES DR (0002345),2345,02 - Intersection related,03 - P.D. only,03 - Rear end,01 - Clear,01 - Daylight,01 - Dry,01 - Traffic signal,01 - Functioning,3,0,0,0,,0,,,,,366873.3461,5026439.163,45.37514487,-75.70746732,14501
15--9709,2015/08/12,8:20 AM,CENTREPOINTE DR @ REC PATH BEN FRANKLIN PL (0005075),5075,03 - At intersection,02 - Non-fatal injury,02 - Angle,01 - Clear,01 - Daylight,01 - Dry,01 - Traffic signal,01 - Functioning,2,1,0,0,02 - Minor,1,,1,,,362423.1405,5023032.427,45.34487145,-75.76467842,14502
15--971,2015/01/15,3:30 PM,MERIVALE RD/LOTTA AVE @ CLYDE AVE (0001112),1112,03 - At intersection,03 - P.D. only,05 - Turning movement,01 - Clear,01 - Daylight,04 - Slush,01 - Traffic signal,01 - Functioning,2,0,0,0,,0,,,,,364523.626,5024508.008,45.35797284,-75.73769851,14503
15--9710,2015/08/12,8:25 AM,EARL ARMSTRONG RD @ RIVER RD (0012470),12470,02 - Intersection related,03 - P.D. only,03 - Rear end,01 - Clear,01 - Daylight,01 - Dry,01 - Traffic signal,01 - Functioning,2,0,0,0,,0,,,,,367573.4392,5014683.316,45.26930531,-75.70001975,14504
15--9711,2015/08/12,8:32 AM,BANK ST @ RANDALL AVE (0007207),7207,02 - Intersection related,02 - Non-fatal injury,02 - Angle,01 - Clear,01 - Daylight,01 - Dry,01 - Traffic signal,01 - Functioning,2,1,0,0,02 - Minor,1,,1,,,369739.0045,5027281.463,45.3824639,-75.67077249,14505
15--9712,2015/08/12,8:38 AM,CAMPEAU DR/HWY 417 MARCH IC138R63 @ MARCH RD (0009710),9710,02 - Intersection related,03 - P.D. only,03 - Rear end,01 - Clear,01 - Daylight,01 - Dry,01 - Traffic signal,01 - Functioning,2,0,0,0,,0,,,,,352843.0663,5020474.665,45.32257783,-75.88716908,14506
15--9713,2015/08/12,8:42 PM,RIDEAU ST btwn CHARLOTTE ST & WURTEMBURG ST (__3ZA3XQ),__3ZA3XQ,04 - At/near private drive,02 - Non-fatal injury,03 - Rear end,01 - Clear,05 - Dusk,01 - Dry,10 - No control,,2,1,0,0,02 - Minor,1,,1,,,369345.1747,5032918.742,45.43322254,-75.67506288,14507
15--9714,2015/08/12,8:48 AM,FALLOWFIELD RD @ WOODROFFE AVE (0010372),10372,02 - Intersection related,03 - P.D. only,03 - Rear end,01 - Clear,01 - Daylight,01 - Dry,01 - Traffic signal,01 - Functioning,2,0,0,0,,0,,,,,365085.15,5017902.83,45.29849209,-75.73133627,14508
15--9715,2015/08/12,8:55 AM,SECOND AVE @ BRONSON AVE (0007717),7717,02 - Intersection related,03 - P.D. only,05 - Turning movement,01 - Clear,01 - Daylight,01 - Dry,02 - Stop sign,01 - Functioning,2,0,0,0,,0,,,,,367519.8015,5029162.557,45.39959167,-75.6988683,14509
15--9716,2015/08/13,1:15 PM,LISGAR ST btwn O'CONNOR ST & METCALFE ST (__3ZA9UX),__3ZA9UX,01 - Non intersection,03 - P.D. only,06 - SMV unattended vehicle,01 - Clear,01 - Daylight,01 - Dry,10 - No control,,1,0,0,0,,0,,,,,367786.4941,5031172.191,45.41764979,-75.69520536,14510
15--9717,2015/08/13,1:17 PM,CARLING AVE @ KEMPSTER AVE/FAMOUS PLAYERS THEA (0002395),2395,02 - Intersection related,02 - Non-fatal injury,03 - Rear end,01 - Clear,01 - Daylight,01 - Dry,01 - Traffic signal,01 - Functioning,2,0,0,0,02 - Minor,1,,1,,,359210.4522,5024119.289,45.35490761,-75.80555242,14511
15--9718,2015/08/13,1:25 PM,BANTREE ST @ INNES RD (0007684),7684,03 - At intersection,03 - P.D. only,04 - Sideswipe,01 - Clear,01 - Daylight,01 - Dry,01 - Traffic signal,01 - Functioning,2,0,0,0,,0,,,,,373705.7232,5030404.754,45.41018688,-75.61968974,14512
15--9719,2015/08/13,1:44 PM,INNES RD @ TENTH LINE RD (0004633),4633,02 - Intersection related,03 - P.D. only,03 - Rear end,01 - Clear,01 - Daylight,01 - Dry,01 - Traffic signal,01 - Functioning,2,0,0,0,,0,,,,,383951.0396,5036159.2,45.46087672,-75.48789395,14513
15--972,2015/01/15,3:45 PM,HIGHWAY 417 btwn HWY417 IC110 RAMP55 & HWY417 IC110 RAMP65 (__3ZA28Z),__3ZA28Z,01 - Non intersection,02 - Non-fatal injury,07 - SMV other,01 - Clear,01 - Daylight,01 - Dry,10 - No control,,1,0,0,0,02 - Minor,1,,1,,,375804.5988,5028611.278,45.39384036,-75.59313694,14514
15--9720,2015/08/13,10:00 AM,BORRISOKANE RD/TARTAN DR @ STRANDHERD DR (0010634),10634,03 - At intersection,03 - P.D. only,02 - Angle,01 - Clear,01 - Daylight,01 - Dry,01 - Traffic signal,01 - Functioning,2,0,0,0,,0,,,,,362291.9333,5013544.327,45.25950819,-75.76745293,14515
15--9721,2015/08/13,10:05 AM,HAWTHORNE RD @ HUNT CLUB RD (0007651),7651,02 - Intersection related,03 - P.D. only,03 - Rear end,01 - Clear,01 - Daylight,01 - Dry,01 - Traffic signal,01 - Functioning,2,0,0,0,,0,,,,,375507.7499,5026405.448,45.37402344,-75.59724375,14516
15--9722,2015/08/13,10:13 AM,PRINCE OF WALES DR btwn 187 N OF MEADOWLANDS DR & MEADOWLANDS DR/HOG'S (__3ZA36WA),__3ZA36WA,04 - At/near private drive,03 - P.D. only,02 - Angle,01 - Clear,01 - Daylight,01 - Dry,10 - No control,,2,0,0,0,,0,,,,,367360.3874,5025747.171,45.36887517,-75.70133718,14517
15--9723,2015/08/13,10:31 PM,RIVERSIDE DR NB btwn INDUSTRIAL AVE & TREMBLAY RD (__3ZA4SE),__3ZA4SE,01 - Non intersection,03 - P.D. only,04 - Sideswipe,01 - Clear,07 - Dark,01 - Dry,10 - No control,,2,0,0,0,,0,,,,,370764.567,5030838.774,45.41437542,-75.65720243,14518
15--9724,2015/08/13,11:48 PM,LEMIEUX ST @ ST. LAURENT BLVD (0002021),2021,02 - Intersection related,03 - P.D. only,03 - Rear end,01 - Clear,07 - Dark,01 - Dry,01 - Traffic signal,01 - Functioning,2,0,0,0,,0,,,,,372391.004,5031742.925,45.42235534,-75.63630055,14519
15--9725,2015/08/13,Unknown,BLOHM DR btwn ESSON ST & REUBENS CRT (__3ZBOAL),__3ZBOAL,01 - Non intersection,03 - P.D. only,06 - SMV unattended vehicle,01 - Clear,00 - Unknown,01 - Dry,10 - No control,,1,0,0,0,,0,,,,,374435.3925,5026284.057,45.3730386,-75.61095044,14520
15--9726,2015/08/13,12:50 PM,COVENTRY RD btwn ARCOLA PRIV & LOLA ST (__3ZA35VB),__3ZA35VB,01 - Non intersection,03 - P.D. only,03 - Rear end,01 - Clear,01 - Daylight,01 - Dry,10 - No control,,2,0,0,0,,0,,,,,371128.9428,5031599.077,45.42118186,-75.65244515,14521
15--9727,2015/08/13,2:15 PM,NICHOLAS ST NB btwn NICHOLAS ST NB OFF RAMP TO NICHOLAS ST SB & MACKEN (__3ZBPOK),__3ZBPOK,01 - Non intersection,03 - P.D. only,04 - Sideswipe,01 - Clear,01 - Daylight,01 - Dry,10 - No control,,2,0,0,0,,0,,,,,368366.4222,5031904.914,45.42419014,-75.68770168,14522
15--9728,2015/08/13,2:40 PM,DALHOUSIE ST btwn YORK ST & GEORGE ST (__3ZBOX1),__3ZBOX1,01 - Non intersection,03 - P.D. only,03 - Rear end,01 - Clear,01 - Daylight,01 - Dry,10 - No control,,3,0,0,0,,0,,,,,368098.7522,5032409.86,45.42875774,-75.69105692,14523
15--9729,2015/08/13,3:21 PM,EAGLESON RD btwn FAULKNER TR & FALLOWFIELD RD (__3ZA410),__3ZA410,01 - Non intersection,02 - Non-fatal injury,01 - Approaching,01 - Clear,01 - Daylight,01 - Dry,10 - No control,,3,0,0,0,02 - Minor,4,1,3,,,355773.2786,5013086.242,45.25588875,-75.8505532,14524
15--973,2015/01/15,3:47 PM,CHAMPLAIN ST btwn JEANNE D'ARC BLVD N & OR174 IC102 RAMP61 (__3ZA1VO),__3ZA1VO,01 - Non intersection,03 - P.D. only,03 - Rear end,01 - Clear,01 - Daylight,02 - Wet,10 - No control,,2,0,0,0,,0,,,,,381386.4917,5038702.876,45.48404842,-75.52028549,14525
15--9730,2015/08/13,3:30 PM,MERIVALE RD @ WEST HUNT CLUB RD (0000584),584,02 - Intersection related,03 - P.D. only,04 - Sideswipe,01 - Clear,01 - Daylight,01 - Dry,01 - Traffic signal,01 - Functioning,2,0,0,0,,0,,,,,365612.6952,5021942.859,45.3347984,-75.72411449,14526
15--9731,2015/08/13,3:31 PM,GREENBANK RD @ WEST HUNT CLUB RD (0005167),5167,02 - Intersection related,03 - P.D. only,03 - Rear end,01 - Clear,01 - Daylight,01 - Dry,01 - Traffic signal,01 - Functioning,2,0,0,0,,0,,,,,361481.1184,5020502.84,45.32218703,-75.77698817,14527
15--9732,2015/08/13,3:37 PM,EAGLESON RD @ MICHAEL COWPLAND DR/STONEHAVEN D (0003544),3544,03 - At intersection,03 - P.D. only,99 - Other,01 - Clear,01 - Daylight,01 - Dry,01 - Traffic signal,01 - Functioning,2,0,0,0,,0,,,,,354383.3467,5016623.804,45.28781993,-75.86790787,14528
15--9733,2015/08/13,4:00 PM,MARIER AVE btwn STE. MONIQUE ST & DES PERES BLANCS AVE (__3ZA8XV),__3ZA8XV,04 - At/near private drive,03 - P.D. only,02 - Angle,01 - Clear,01 - Daylight,01 - Dry,10 - No control,,2,1,0,0,,0,,,,,369990.7679,5033706.645,45.44025188,-75.66670823,14529
15--9734,2015/08/13,4:11 PM,MURRAY ST @ PARENT AVE (0008231),8231,02 - Intersection related,02 - Non-fatal injury,03 - Rear end,01 - Clear,01 - Daylight,01 - Dry,01 - Traffic signal,01 - Functioning,2,1,0,0,01 - Minimal,1,1,,,,367861.984,5032488.236,45.42948433,-75.69407243,14530
15--9735,2015/08/13,4:27 PM,REGIONAL ROAD 174 EB btwn HWY417 IC113 RAMP65 & OR174 BLAIR IC112 RAMP51 (__3ZAZFJ),__3ZAZFJ,06 - Underpass or tunnel,02 - Non-fatal injury,03 - Rear end,01 - Clear,01 - Daylight,01 - Dry,10 - No control,,4,0,0,0,02 - Minor,2,,2,,,374783.2703,5032805.559,45.43168111,-75.6055841,14531
15--9736,2015/08/13,4:33 PM,CASTLEFRANK RD @ TERRY FOX DR (0011757),11757,02 - Intersection related,02 - Non-fatal injury,02 - Angle,01 - Clear,01 - Daylight,01 - Dry,01 - Traffic signal,01 - Functioning,2,1,0,0,02 - Minor,1,,1,,,352994.7297,5016303.727,45.28503639,-75.88564011,14532
15--9737,2015/08/13,5:10 PM,RIVERSIDE DR btwn HUNT CLUB RD & KIMBERWICK CRES (__3ZBOEN),__3ZBOEN,01 - Non intersection,03 - P.D. only,03 - Rear end,01 - Clear,01 - Daylight,01 - Dry,10 - No control,,2,0,0,0,,0,,,,,368100.5146,5022322.5,45.33799431,-75.69232791,14533
15--9738,2015/08/13,5:26 PM,FINDLAY CREEK DR btwn NETLEY CIRC & NETLEY CIRC (__5G44RY),__5G44RY,01 - Non intersection,02 - Non-fatal injury,07 - SMV other,01 - Clear,01 - Daylight,01 - Dry,10 - No control,,1,0,0,0,02 - Minor,1,,1,,,375234.8539,5019920.429,45.3157015,-75.60165092,14534
15--9739,2015/08/13,5:44 PM,HIGHWAY 417 btwn HWY417 IC117 RAMP25 & HWY417 IC115 RAMP51 (__3ZA2R3),__3ZA2R3,01 - Non intersection,03 - P.D. only,03 - Rear end,01 - Clear,01 - Daylight,01 - Dry,10 - No control,,3,0,0,0,,0,,,,,371538.8836,5031397.521,45.41932936,-75.64723479,14535
15--974,2015/01/15,4:15 PM,LANCASTER RD btwn GLADWIN CRES & SHELBOURN LANE (__3ZA5LE),__3ZA5LE,04 - At/near private drive,03 - P.D. only,03 - Rear end,01 - Clear,01 - Daylight,02 - Wet,10 - No control,,2,0,0,0,,0,,,,,373588.5475,5029522.403,45.40225943,-75.62130965,14536
15--9740,2015/08/13,5:48 PM,CHARLES ST @ STANLEY AVE (0008270),8270,02 - Intersection related,02 - Non-fatal injury,02 - Angle,01 - Clear,01 - Daylight,01 - Dry,02 - Stop sign,01 - Functioning,2,1,0,0,01 - Minimal,1,1,,,,368008.6999,5033795.963,45.44123754,-75.69202969,14537
15--9741,2015/08/13,6:18 PM,BRONSON AVE @ FIRST AVE (0007719),7719,03 - At intersection,03 - P.D. only,02 - Angle,01 - Clear,01 - Daylight,01 - Dry,02 - Stop sign,01 - Functioning,2,0,0,0,,0,,,,,367488.9867,5029235.481,45.40025058,-75.69925259,14538
15--9742,2015/08/13,6:28 PM,RIVERSIDE DR @ TREMBLAY RD/HWY417 IC117 RAMP52 (0010790),10790,02 - Intersection related,03 - P.D. only,03 - Rear end,01 - Clear,01 - Daylight,01 - Dry,01 - Traffic signal,01 - Functioning,2,0,0,0,,0,,,,,370802.7988,5031016.268,45.41596883,-75.65669025,14539
15--9743,2015/08/13,6:39 AM,DUNNING RD btwn MARKET ST & LOOKOUT DR (__3ZA2Z1),__3ZA2Z1,01 - Non intersection,03 - P.D. only,07 - SMV other,01 - Clear,01 - Daylight,01 - Dry,10 - No control,,1,0,0,0,,0,,,,,390470.1711,5042091.825,45.51348243,-75.40351326,14540
15--9744,2015/08/13,6:45 AM,MAIN ST btwn MASON TER & TURN LANE (__3ZA3O3),__3ZA3O3,01 - Non intersection,03 - P.D. only,07 - SMV other,01 - Clear,01 - Daylight,01 - Dry,10 - No control,,1,0,0,0,,0,,,,,369406.8045,5029598.235,45.40334016,-75.67471066,14541
15--9745,2015/08/13,7:20 AM,TERRY FOX DR @ PALLADIUM DR/KATIMAVIK RD (0011858),11858,02 - Intersection related,03 - P.D. only,03 - Rear end,01 - Clear,01 - Daylight,01 - Dry,01 - Traffic signal,01 - Functioning,2,0,0,0,,0,,,,,351270.4387,5018182.136,45.30205495,-75.90744323,14542
15--9746,2015/08/13,7:40 PM,MERIVALE RD btwn BURRIS LANE & OT/NE BOUNDARY (__3ZAZ7D),__3ZAZ7D,01 - Non intersection,03 - P.D. only,03 - Rear end,01 - Clear,05 - Dusk,01 - Dry,10 - No control,,2,0,0,0,,0,,,,,364928.9521,5025146.077,45.36367944,-75.73244783,14543
15--9747,2015/08/13,8:06 PM,BELMEADE RD btwn 6TH LINE RD & BANK ST (__3ZA6WR),__3ZA6WR,01 - Non intersection,01 - Fatal injury,05 - Turning movement,01 - Clear,05 - Dusk,01 - Dry,10 - No control,,2,0,1,0,04 - Fatal,3,,1,,2,387487.956,5000857.893,45.14285334,-75.44856269,14544
15--9748,2015/08/13,8:08 AM,RAVEN AVE @ KIRKWOOD AVE (0006712),6712,03 - At intersection,03 - P.D. only,02 - Angle,01 - Clear,01 - Daylight,01 - Dry,02 - Stop sign,01 - Functioning,2,0,0,0,,0,,,,,364689.9774,5026773.184,45.37834034,-75.73530082,14545
15--9749,2015/08/13,8:15 AM,DONALD ST @ 110 E OF ST. LAURENT BLVD  (0013077),13077,03 - At intersection,02 - Non-fatal injury,02 - Angle,01 - Clear,01 - Daylight,01 - Dry,01 - Traffic signal,01 - Functioning,2,1,0,0,02 - Minor,1,,1,,,372203.9134,5032483.464,45.42903642,-75.63858964,14546
15--94,2015/01/03,5:00 PM,METCALFE ST @ SOMERSET ST (0002689),2689,03 - At intersection,03 - P.D. only,05 - Turning movement,03 - Snow,05 - Dusk,03 - Loose snow,01 - Traffic signal,01 - Functioning,2,0,0,0,,0,,,,,368010.7043,5031103.127,45.41700816,-75.69234971,14547
15--9129,2015/07/26,6:30 PM,QUEENSDALE AVE @ ALBION RD (0009565),9565,03 - At intersection,03 - P.D. only,02 - Angle,01 - Clear,01 - Daylight,01 - Dry,02 - Stop sign,01 - Functioning,2,0,0,0,,0,,,,,372446.6548,5022922.732,45.34298942,-75.63679813,14548
15--9755,2015/08/13,9:11 AM,MARCH RD btwn RICHARDSON SIDE RD & HERZBERG RD (__3ZA42C),__3ZA42C,01 - Non intersection,02 - Non-fatal injury,03 - Rear end,01 - Clear,01 - Daylight,01 - Dry,10 - No control,,5,0,0,0,01 - Minimal,2,2,,,,351708.6703,5021711.374,45.33378273,-75.9015213,14549
15--9304,2015/07/31,2:25 PM,HIGHWAY 417 btwn HWY417 IC124 RAMP76 & HWY417 IC124 RAMP67 (__3ZA2R7),__3ZA2R7,01 - Non intersection,03 - P.D. only,03 - Rear end,01 - Clear,01 - Daylight,01 - Dry,10 - No control,,3,0,0,0,,0,,,,,364449.7983,5027564.883,45.3854844,-75.73827159,14550
15--9305,2015/07/31,2:50 PM,INNES RD @ JEANNE D'ARC BLVD/MER BLEUE RD (0012475),12475,02 - Intersection related,03 - P.D. only,03 - Rear end,01 - Clear,01 - Daylight,01 - Dry,01 - Traffic signal,01 - Functioning,3,0,0,0,,0,,,,,382637.7536,5035567.914,45.45570439,-75.50477799,14551
15--940,2015/01/14,9:21 PM,BAYSHORE DR @ WOODRIDGE CRES S (0000360),360,03 - At intersection,02 - Non-fatal injury,99 - Other,01 - Clear,07 - Dark,02 - Wet,01 - Traffic signal,01 - Functioning,2,0,0,0,02 - Minor,1,,1,,,359232.7051,5023509.024,45.34941471,-75.80533561,14552
15--904,2015/01/14,8:04 AM,WEST HUNT CLUB RD WB btwn 545 E OF ROYDON PL/SUNDERLAND ST & ANTARES D (__3ZA3JSB),__3ZA3JSB,07 - Overpass or bridge,03 - P.D. only,07 - SMV other,01 - Clear,01 - Daylight,06 - Ice,10 - No control,,1,0,0,0,,0,,,,,367008.4342,5022264.152,45.33756698,-75.7062681,14553
15--9306,2015/07/31,3:29 PM,ISLAND PARK DR @ RICHMOND RD (0002125),2125,03 - At intersection,03 - P.D. only,02 - Angle,01 - Clear,01 - Daylight,01 - Dry,01 - Traffic signal,01 - Functioning,2,0,0,0,,0,,,,,364129.966,5028867.196,45.39722954,-75.74219891,14554
15--913,2015/01/14,8:20 AM,WOODROFFE AVE btwn 260 N OF FALLOWFIELD RD/TRANSITWAY & FALLOWFIELD RD (__3ZA3IOB),__3ZA3IOB,01 - Non intersection,03 - P.D. only,03 - Rear end,01 - Clear,01 - Daylight,06 - Ice,10 - No control,,2,0,0,0,,0,,,,,365009.9693,5018088.732,45.30017127,-75.7322722,14555
15--9756,2015/08/13,9:23 PM,HAZELDEAN RD btwn 246 E OF CASTLEFRANK RD & IRWIN GT (__3ZA41NB),__3ZA41NB,04 - At/near private drive,02 - Non-fatal injury,03 - Rear end,01 - Clear,07 - Dark,01 - Dry,10 - No control,,2,0,0,0,03 - Major,1,,,1,,353078.7014,5018031.374,45.30057641,-75.88440159,14556
15--9400,2015/08/03,11:04 AM,STRANDHERD DR @ CLARIDGE DR (0010893),10893,02 - Intersection related,02 - Non-fatal injury,02 - Angle,02 - Rain,01 - Daylight,02 - Wet,01 - Traffic signal,01 - Functioning,2,0,0,0,02 - Minor,1,,1,,,364949.019,5015380.014,45.27580354,-75.7333777,14557
15--9040,2015/07/23,9:11 AM,PRETORIA AVE @ QUEEN ELIZABETH DRWY (0006444),6444,02 - Intersection related,03 - P.D. only,03 - Rear end,01 - Clear,01 - Daylight,01 - Dry,10 - No control,,2,0,0,0,,0,,,,,368663.9649,5030431.519,45.41090594,-75.6840908,14558
15--9307,2015/07/31,3:33 PM,HWY 417 ST.LAURE IC115R51 @ ST. LAURENT BLVD (0002712),2712,02 - Intersection related,03 - P.D. only,03 - Rear end,01 - Clear,01 - Daylight,01 - Dry,01 - Traffic signal,01 - Functioning,2,0,0,0,,0,,,,,372529.7755,5031410.965,45.4193551,-75.63457312,14559
15--9130,2015/07/26,6:43 PM,HWY 417 ST.LAURE IC115R51 @ ST. LAURENT BLVD (0002712),2712,02 - Intersection related,03 - P.D. only,03 - Rear end,01 - Clear,01 - Daylight,01 - Dry,01 - Traffic signal,01 - Functioning,2,0,0,0,,0,,,,,372531.3646,5031410.224,45.41934828,-75.63455292,14560
15--9757,2015/08/14,1:35 PM,ELGIN ST @ LAURIER AVE (0002232),2232,02 - Intersection related,03 - P.D. only,03 - Rear end,01 - Clear,01 - Daylight,01 - Dry,01 - Traffic signal,01 - Functioning,2,0,0,0,,0,,,,,367948.7099,5031549.215,45.42102751,-75.69308457,14561
15--9401,2015/08/03,11:11 PM,HIGHWAY 417 btwn HWY417 IC112 RAMP66 & HWY417 IC112 RAMP56 (__3ZA283),__3ZA283,01 - Non intersection,03 - P.D. only,07 - SMV other,01 - Clear,07 - Dark,01 - Dry,10 - No control,,1,0,0,0,,0,,,,,374421.372,5030892.553,45.41450502,-75.61047911,14562
15--9041,2015/07/23,9:28 AM,MERIVALE RD @ BASIL MACDONALD WAY/MERIVALE MAL (0010301),10301,02 - Intersection related,03 - P.D. only,03 - Rear end,01 - Clear,01 - Daylight,01 - Dry,01 - Traffic signal,01 - Functioning,2,0,0,0,,0,,,,,365097.2825,5023170.877,45.34589243,-75.73054018,14563
15--9308,2015/07/31,3:39 PM,CAMERON ST @ REGIONAL RD 174 (0012883),12883,02 - Intersection related,03 - P.D. only,03 - Rear end,01 - Clear,01 - Daylight,01 - Dry,01 - Traffic signal,01 - Functioning,2,0,0,0,,0,,,,,389860.7736,5042617.925,45.51829024,-75.41122019,14564
15--9131,2015/07/26,7:45 PM,WALLACEBURG CRT btwn HUNTSVILLE DR & TILLSONBURG ST (__6FWUG7),__6FWUG7,01 - Non intersection,03 - P.D. only,07 - SMV other,01 - Clear,01 - Daylight,01 - Dry,10 - No control,,1,0,0,0,,0,,,,,349028.965,5019626.893,45.31520001,-75.93589448,14565
15--9758,2015/08/14,1:47 PM,WEST HUNT CLUB RD @ CLEOPATRA DR/LANCELOT DR (0000114),114,03 - At intersection,03 - P.D. only,02 - Angle,02 - Rain,01 - Daylight,02 - Wet,01 - Traffic signal,01 - Functioning,2,0,0,0,,0,,,,,365237.1414,5021731.413,45.33292828,-75.72893141,14566
15--9759,2015/08/14,1:51 PM,MERIVALE RD @ FAMILY BROWN LANE (0010933),10933,02 - Intersection related,03 - P.D. only,03 - Rear end,02 - Rain,01 - Daylight,02 - Wet,01 - Traffic signal,01 - Functioning,2,0,0,0,,0,,,,,365004.2384,5023385.307,45.34782983,-75.73170131,14567
15--976,2015/01/15,4:44 PM,REGIONAL ROAD 174 btwn HIGHWAY 417 & HWY417 IC113 RAMP67 (__3ZA2YK),__3ZA2YK,01 - Non intersection,02 - Non-fatal injury,03 - Rear end,01 - Clear,05 - Dusk,02 - Wet,10 - No control,,2,0,0,0,01 - Minimal,2,2,,,,373386.5639,5031803.849,45.42280661,-75.62357197,14568
15--9760,2015/08/14,11:39 AM,BESSERER ST @ DALHOUSIE ST (0011452),11452,02 - Intersection related,03 - P.D. only,04 - Sideswipe,01 - Clear,01 - Daylight,01 - Dry,01 - Traffic signal,01 - Functioning,2,0,0,0,,0,,,,,368253.4224,5032157.935,45.42647699,-75.68911293,14569
15--9761,2015/08/14,11:52 AM,CYRVILLE RD @ INNES RD (0009352),9352,03 - At intersection,02 - Non-fatal injury,05 - Turning movement,01 - Clear,01 - Daylight,01 - Dry,01 - Traffic signal,01 - Functioning,2,0,0,0,01 - Minimal,1,1,,,,375048.4454,5031120.645,45.4164946,-75.60243575,14570
15--9762,2015/08/14,11:53 AM,CATHERINE ST/HWY 417 O'CONN IC119BR76 @ O'CONN (0001697),1697,03 - At intersection,02 - Non-fatal injury,07 - SMV other,01 - Clear,01 - Daylight,01 - Dry,01 - Traffic signal,01 - Functioning,1,0,0,1,02 - Minor,1,,1,,,368243.7892,5030392.567,45.41059368,-75.68946333,14571
15--9763,2015/08/14,Unknown,KENWOOD AVE btwn MELBOURNE AVE & EDISON AVE (__3ZA094),__3ZA094,01 - Non intersection,03 - P.D. only,06 - SMV unattended vehicle,01 - Clear,00 - Unknown,01 - Dry,10 - No control,,1,0,0,0,,0,,,,,363276.1826,5027882.499,45.38844122,-75.75321975,14572
15--9764,2015/08/14,Unknown,DUMAURIER AVE btwn SPLINTER CRES & ALENMEDE CRES (__3ZAZR5),__3ZAZR5,01 - Non intersection,03 - P.D. only,06 - SMV unattended vehicle,01 - Clear,00 - Unknown,01 - Dry,10 - No control,,1,0,0,0,,0,,,,,359843.013,5023402.25,45.34840633,-75.79755939,14573
15--9765,2015/08/14,12:00 PM,COVENTRY RD @ VANIER PKWY (0002139),2139,03 - At intersection,03 - P.D. only,04 - Sideswipe,01 - Clear,01 - Daylight,01 - Dry,01 - Traffic signal,01 - Functioning,2,0,0,0,,0,,,,,370676.3849,5031611.343,45.42133498,-75.65822569,14574
15--9766,2015/08/14,12:15 PM,ISLAND PARK DR @ MERIVALE RD (0002103),2103,02 - Intersection related,03 - P.D. only,03 - Rear end,02 - Rain,01 - Daylight,02 - Wet,01 - Traffic signal,01 - Functioning,2,0,0,0,,0,,,,,364653.7802,5028026.476,45.38962033,-75.73561099,14575
15--9767,2015/08/14,12:25 PM,RICHMOND RD @ LYNHAR RD/STAFFORD RD (0000155),155,02 - Intersection related,03 - P.D. only,03 - Rear end,02 - Rain,01 - Daylight,02 - Wet,01 - Traffic signal,01 - Functioning,2,0,0,0,,0,,,,,358137.6643,5021085.395,45.3276909,-75.81957066,14576
15--9768,2015/08/14,12:40 PM,SOMERSET ST    W btwn UPPER LORNE PL & LEBRETON ST N (__3ZA320),__3ZA320,01 - Non intersection,03 - P.D. only,04 - Sideswipe,02 - Rain,01 - Daylight,02 - Wet,10 - No control,,2,0,0,0,,0,,,,,366670.0806,5030312.757,45.41001646,-75.70957657,14577
15--9769,2015/08/14,12:56 PM,WEST HUNT CLUB RD @ CLEOPATRA DR/LANCELOT DR (0000114),114,02 - Intersection related,03 - P.D. only,03 - Rear end,01 - Clear,01 - Daylight,02 - Wet,01 - Traffic signal,01 - Functioning,2,0,0,0,,0,,,,,365236.4207,5021731.413,45.33292834,-75.72894061,14578