Anom_ID,Accident_Date,Accident_Time,Location,Geo_ID,Accident_Location,Classification_of_Accident,Initial_Impact_Type,Environment_Condition,Light,Road_Surface_Condition,Traffic_Control,Traffic_Control_Condition,No__of_Vehicles,No__of_Bicycles,No__of_Motorcycles,No__of_Pedestrians,Max_Injury,No__of_Injuries,No__of_Minimal,No__of_Minor,No__of_Major,No__of_Fatal,X,Y,Latitude,Longitude,ObjectId
15--977,2015/01/15,4:45 PM,REGIONAL ROAD 174 btwn HWY417 IC113 RAMP67 & Continuation of REGIONAL  (__3ZA28A),__3ZA28A,01 - Non intersection,03 - P.D. only,03 - Rear end,01 - Clear,05 - Dusk,06 - Ice,10 - No control,,2,0,0,0,,0,,,,,373832.6812,5032126.67,45.4256673,-75.61782674,14579
15--9770,2015/08/14,12:57 PM,RIVERSIDE DR SB btwn BILLINGS BRIDGE SC RAMP SB & BANK ST (__3ZBOFL),__3ZBOFL,01 - Non intersection,03 - P.D. only,03 - Rear end,01 - Clear,01 - Daylight,02 - Wet,10 - No control,,4,0,0,0,,0,,,,,369210.5808,5027973.726,45.38874145,-75.67742907,14580
15--9771,2015/08/14,2:00 AM,HAZELDEAN RD @ TERRY FOX DR (0003682),3682,02 - Intersection related,03 - P.D. only,02 - Angle,01 - Clear,07 - Dark,01 - Dry,01 - Traffic signal,01 - Functioning,2,0,0,0,,0,,,,,352206.8903,5017241.37,45.29352713,-75.89559289,14581
15--9772,2015/08/14,2:23 PM,HERZBERG RD @ MARCH RD (0003170),3170,02 - Intersection related,03 - P.D. only,03 - Rear end,01 - Clear,01 - Daylight,01 - Dry,01 - Traffic signal,02 - Not functioning,2,0,0,0,,0,,,,,352324.3429,5021528.849,45.3320989,-75.89368428,14582
15--9773,2015/08/14,2:59 PM,ELLIOT AVE @ MAIN ST (0011330),11330,02 - Intersection related,03 - P.D. only,04 - Sideswipe,01 - Clear,01 - Daylight,01 - Dry,02 - Stop sign,00 - Unknown,2,0,0,0,,0,,,,,369449.9707,5029490.288,45.40236491,-75.67417346,14583
15--9774,2015/08/14,3:10 PM,ALTA VISTA DR @ SMYTH RD (0011353),11353,02 - Intersection related,03 - P.D. only,03 - Rear end,01 - Clear,01 - Daylight,01 - Dry,01 - Traffic signal,01 - Functioning,2,0,0,0,,0,,,,,370432.7159,5029081.197,45.39859261,-75.66167584,14584
15--9775,2015/08/14,3:30 PM,INNES RD btwn PRESTWICK DR & TENTH LINE RD (__3ZA3Y7),__3ZA3Y7,04 - At/near private drive,02 - Non-fatal injury,04 - Sideswipe,01 - Clear,01 - Daylight,01 - Dry,10 - No control,,2,0,0,0,01 - Minimal,1,1,,,,383802.9783,5036094.407,45.46031053,-75.48979733,14585
15--9776,2015/08/14,3:52 PM,WOODROFFE AVE @ HWY 417 WOODROFF IC127R26/HWY4 (0002355),2355,02 - Intersection related,03 - P.D. only,03 - Rear end,01 - Clear,01 - Daylight,01 - Dry,01 - Traffic signal,01 - Functioning,2,0,0,0,,0,,,,,362082.6869,5024939.157,45.36205596,-75.76880163,14586
15--9777,2015/08/14,4:00 PM,BANK ST @ VANCOUVER AVE (0011964),11964,02 - Intersection related,03 - P.D. only,04 - Sideswipe,01 - Clear,01 - Daylight,01 - Dry,02 - Stop sign,00 - Unknown,2,0,0,0,,0,,,,,370441.9571,5025681.958,45.36800657,-75.66200982,14587
15--9778,2015/08/14,4:11 PM,BAY ST @ SPARKS ST (0005128),5128,02 - Intersection related,02 - Non-fatal injury,05 - Turning movement,01 - Clear,01 - Daylight,01 - Dry,01 - Traffic signal,01 - Functioning,2,0,0,0,01 - Minimal,1,1,,,,366857.4192,5031278.509,45.41868943,-75.70706185,14588
15--9779,2015/08/14,4:29 PM,225 E OF RIVERSIDE DR / T & T SC @ HUNT CLUB RD (0013516),13516,02 - Intersection related,03 - P.D. only,03 - Rear end,01 - Clear,01 - Daylight,01 - Dry,01 - Traffic signal,01 - Functioning,2,0,0,0,,0,,,,,368235.6976,5022055.979,45.335584,-75.69063741,14589
15--978,2015/01/15,4:54 PM,HARBOUR VIEW ST btwn HUNTCLIFF PL & ASHMORE DR (__44Z93J),__44Z93J,01 - Non intersection,03 - P.D. only,06 - SMV unattended vehicle,03 - Snow,05 - Dusk,05 - Packed snow,10 - No control,,1,0,0,0,,0,,,,,366852.7333,5014733.893,45.26982436,-75.70919717,14590
15--9780,2015/08/14,4:35 PM,INNES RD btwn STONEHENGE CRES & BLAIR RD (__3ZA3SK),__3ZA3SK,01 - Non intersection,02 - Non-fatal injury,03 - Rear end,01 - Clear,01 - Daylight,01 - Dry,10 - No control,,2,0,0,0,01 - Minimal,1,1,,,,375381.7605,5031322.562,45.41827779,-75.59814859,14591
15--9781,2015/08/14,4:39 PM,FALLOWFIELD RD @ STRANDHERD DR (0005238),5238,02 - Intersection related,03 - P.D. only,04 - Sideswipe,01 - Clear,01 - Daylight,01 - Dry,01 - Traffic signal,01 - Functioning,2,0,0,0,,0,,,,,360752.9455,5014961.794,45.2723868,-75.78690108,14592
15--9782,2015/08/14,4:43 PM,CARLING AVE @ CONNAUGHT AVE (0002143),2143,02 - Intersection related,03 - P.D. only,04 - Sideswipe,01 - Clear,01 - Daylight,01 - Dry,01 - Traffic signal,00 - Unknown,2,0,0,0,,0,,,,,360771.3969,5025117.154,45.36376349,-75.78551842,14593
15--9783,2015/08/14,5:01 PM,CAHILL DR @ PEBBLE RD (0007023),7023,02 - Intersection related,03 - P.D. only,02 - Angle,01 - Clear,01 - Daylight,01 - Dry,02 - Stop sign,00 - Unknown,2,0,0,0,,0,,,,,371616.294,5024577.883,45.35796152,-75.64716908,14594
15--9784,2015/08/14,5:08 PM,CYRVILLE RD btwn STAR TOP RD & MEADOWBROOK RD (__3ZA3SN),__3ZA3SN,04 - At/near private drive,02 - Non-fatal injury,02 - Angle,01 - Clear,01 - Daylight,01 - Dry,10 - No control,,2,0,0,0,01 - Minimal,1,1,,,,374606.6698,5031249.403,45.41769731,-75.60806139,14595
15--9785,2015/08/14,5:12 PM,DOVERCOURT AVE @ GOLDEN AVE (0006793),6793,03 - At intersection,03 - P.D. only,02 - Angle,01 - Clear,01 - Daylight,01 - Dry,02 - Stop sign,01 - Functioning,2,0,0,0,,0,,,,,363200.6888,5027246.901,45.38272851,-75.75425898,14596
15--9786,2015/08/14,5:15 PM,INNES RD @ JEANNE D'ARC BLVD/MER BLEUE RD (0012475),12475,03 - At intersection,03 - P.D. only,03 - Rear end,01 - Clear,01 - Daylight,01 - Dry,01 - Traffic signal,01 - Functioning,2,0,0,0,,0,,,,,382638.4743,5035569.356,45.45571728,-75.50476855,14597
15--9787,2015/08/14,5:26 PM,CARP RD @ DONALD B. MUNRO DR (0001595),1595,03 - At intersection,02 - Non-fatal injury,05 - Turning movement,01 - Clear,01 - Daylight,01 - Dry,02 - Stop sign,01 - Functioning,2,0,0,0,01 - Minimal,1,1,,,,341193.2611,5022821.883,45.34439969,-76.03559415,14598
15--9788,2015/08/14,5:36 PM,O'CONNOR ST @ SOMERSET ST (0002690),2690,03 - At intersection,03 - P.D. only,02 - Angle,01 - Clear,01 - Daylight,01 - Dry,01 - Traffic signal,01 - Functioning,2,0,0,0,,0,,,,,367855.7101,5031011.493,45.41619765,-75.69434162,14599
15--9789,2015/08/14,5:47 AM,CHARLOTTE ST @ RIDEAU ST (0002622),2622,03 - At intersection,03 - P.D. only,07 - SMV other,02 - Rain,03 - Dawn,02 - Wet,01 - Traffic signal,01 - Functioning,1,0,0,0,,0,,,,,369248.9883,5032859.953,45.43270245,-75.67629978,14600
15--979,2015/01/15,4:58 PM,REGIONAL ROAD 174 btwn MCTEER RD & CANAAN RD (__3ZA27S),__3ZA27S,01 - Non intersection,02 - Non-fatal injury,03 - Rear end,01 - Clear,05 - Dusk,02 - Wet,10 - No control,,2,0,0,0,01 - Minimal,2,2,,,,395296.0602,5043245.423,45.52325132,-75.34154643,14601
15--9790,2015/08/14,5:50 PM,ALBION RD btwn DEL ZOTTO AVE & HIGH RD (__3ZBOF9),__3ZBOF9,01 - Non intersection,03 - P.D. only,04 - Sideswipe,01 - Clear,01 - Daylight,01 - Dry,10 - No control,,2,0,0,0,,0,,,,,373924.6257,5019414.444,45.31127903,-75.61843059,14602
15--9791,2015/08/14,6:12 PM,CUMBERLAND ST @ RIDEAU ST (0007759),7759,03 - At intersection,03 - P.D. only,05 - Turning movement,01 - Clear,01 - Daylight,01 - Dry,01 - Traffic signal,01 - Functioning,2,0,0,0,,0,,,,,368375.2317,5032329.614,45.42801064,-75.6875343,14603
15--9792,2015/08/14,6:32 PM,GREENBANK RD btwn CANFIELD RD & BELLMAN DR (__3ZA4YT),__3ZA4YT,01 - Non intersection,02 - Non-fatal injury,03 - Rear end,01 - Clear,01 - Daylight,01 - Dry,10 - No control,,2,0,0,0,01 - Minimal,1,1,,,,361181.121,5021199.274,45.3284777,-75.78073526,14604
15--9793,2015/08/14,6:40 PM,DALHOUSIE ST @ RIDEAU ST (0007646),7646,02 - Intersection related,03 - P.D. only,05 - Turning movement,01 - Clear,01 - Daylight,01 - Dry,01 - Traffic signal,01 - Functioning,2,0,0,0,,0,,,,,368205.9884,5032227.221,45.4271047,-75.68971012,14605
15--9794,2015/08/14,6:58 PM,HINTON AVE   N btwn ARMSTRONG ST & WELLINGTON ST W (__3ZBONM),__3ZBONM,01 - Non intersection,03 - P.D. only,06 - SMV unattended vehicle,01 - Clear,01 - Daylight,01 - Dry,10 - No control,,1,0,0,0,,0,,,,,364952.967,5029311.938,45.40116101,-75.7316337,14606
15--9795,2015/08/14,7:25 PM,MARCH RD btwn TALL FOREST DR & HUNTMAR DR (__3ZA3FN),__3ZA3FN,01 - Non intersection,02 - Non-fatal injury,07 - SMV other,01 - Clear,01 - Daylight,01 - Dry,10 - No control,,1,0,0,0,02 - Minor,1,,1,,,344112.0207,5023518.314,45.3505089,-75.99829457,14607
15--9796,2015/08/14,7:30 PM,EAGLEVIEW ST btwn MILNER DOWNS CRES & MEADOWBREEZE DR (__3ZA1CI),__3ZA1CI,04 - At/near private drive,03 - P.D. only,06 - SMV unattended vehicle,01 - Clear,01 - Daylight,01 - Dry,10 - No control,,1,0,0,0,,0,,,,,355462.2979,5015636.563,45.27885959,-75.85425498,14608
15--9797,2015/08/14,7:52 AM,LIGHTFOOT PL btwn LOMBARDO DR & END (__3ZAB33),__3ZAB33,04 - At/near private drive,03 - P.D. only,02 - Angle,01 - Clear,01 - Daylight,02 - Wet,10 - No control,,2,0,0,0,,0,,,,,353177.575,5018154.988,45.30168192,-75.88312887,14609
15--9798,2015/08/14,8:29 AM,MACKENZIE KING BR/WALLER ST @ NICHOLAS ST/WALL (0011251),11251,03 - At intersection,03 - P.D. only,02 - Angle,01 - Clear,01 - Daylight,01 - Dry,01 - Traffic signal,01 - Functioning,2,0,0,0,,0,,,,,368371.77,5031993.559,45.42498725,-75.68762191,14610
15--9799,2015/08/14,8:48 AM,HUNTMAR DR @ MAPLE GROVE RD (0003119),3119,03 - At intersection,03 - P.D. only,02 - Angle,01 - Clear,01 - Daylight,02 - Wet,01 - Traffic signal,01 - Functioning,2,0,0,0,,0,,,,,350267.1458,5016713.224,45.2889029,-75.92037049,14611
15--98,2015/01/03,6:06 PM,CARLING AVE @ KIRKWOOD AVE S (0002209),2209,03 - At intersection,03 - P.D. only,05 - Turning movement,03 - Snow,07 - Dark,03 - Loose snow,01 - Traffic signal,01 - Functioning,2,0,0,0,,0,,,,,364352.6644,5027337.067,45.38344282,-75.73953937,14612
15--980,2015/01/15,5:11 PM,REGIONAL ROAD 174 btwn OR174 IC112 RAMP15 & TRANSIT (__3ZA2WA),__3ZA2WA,01 - Non intersection,03 - P.D. only,03 - Rear end,01 - Clear,05 - Dusk,06 - Ice,10 - No control,,2,0,0,0,,0,,,,,375574.5027,5033413.748,45.43707362,-75.59538564,14613
15--9800,2015/08/14,9:45 AM,CLYDE AVE btwn MAITLAND AVE & BASELINE RD (__3ZA4IR),__3ZA4IR,01 - Non intersection,03 - P.D. only,04 - Sideswipe,01 - Clear,01 - Daylight,01 - Dry,10 - No control,,2,0,0,0,,0,,,,,364316.1808,5024990.333,45.36233038,-75.74028798,14614
15--9801,2015/08/15,1:38 PM,BANKFIELD RD btwn KILREEN LANE & PRINCE OF WALES DR (__3ZA4KO),__3ZA4KO,01 - Non intersection,02 - Non-fatal injury,03 - Rear end,01 - Clear,01 - Daylight,01 - Dry,10 - No control,,2,0,0,0,01 - Minimal,2,2,,,,366204.5548,5008882.774,45.21723288,-75.71817931,14615
15--9802,2015/08/15,10:20 AM,METCALFE ST @ SOMERSET ST (0002689),2689,03 - At intersection,03 - P.D. only,02 - Angle,01 - Clear,01 - Daylight,01 - Dry,01 - Traffic signal,01 - Functioning,2,0,0,0,,0,,,,,368005.9574,5031107.102,45.41704435,-75.69240985,14616
15--9803,2015/08/15,10:23 AM,ST. LAURENT BLVD btwn COVENTRY RD & LEMIEUX ST (__3ZA2C9),__3ZA2C9,01 - Non intersection,03 - P.D. only,04 - Sideswipe,01 - Clear,01 - Daylight,01 - Dry,10 - No control,,2,0,0,0,,0,,,,,372314.5136,5031928.157,45.42402936,-75.63725247,14617
15--9804,2015/08/15,11:40 AM,GREENBANK RD btwn MARKETPLACE AVE & JOCKVALE RD (__3ZA4JE),__3ZA4JE,04 - At/near private drive,03 - P.D. only,02 - Angle,01 - Clear,01 - Daylight,01 - Dry,10 - No control,,2,0,0,0,,0,,,,,364030.9812,5014550.543,45.26841789,-75.74517636,14618
15--9805,2015/08/15,11:43 PM,GEORGE ST btwn WILLIAM ST & DALHOUSIE ST (__3ZA8Z1),__3ZA8Z1,04 - At/near private drive,03 - P.D. only,05 - Turning movement,01 - Clear,07 - Dark,01 - Dry,10 - No control,,2,0,0,0,,0,,,,,368071.2111,5032256.851,45.42738351,-75.69142851,14619
15--9806,2015/08/15,Unknown,ELGIN ST btwn COOPER ST & SOMERSET ST W (__3ZA346),__3ZA346,01 - Non intersection,03 - P.D. only,06 - SMV unattended vehicle,01 - Clear,00 - Unknown,01 - Dry,10 - No control,,1,0,0,0,,0,,,,,368126.3807,5031262.31,45.41842998,-75.69085139,14620
15--9807,2015/08/15,12:00 PM,GREENBANK RD btwn MARKETPLACE AVE & JOCKVALE RD (__3ZA4JE),__3ZA4JE,01 - Non intersection,03 - P.D. only,04 - Sideswipe,01 - Clear,01 - Daylight,01 - Dry,10 - No control,,2,0,0,0,,0,,,,,364061.868,5014470.593,45.26769589,-75.74479232,14621
15--9808,2015/08/15,12:29 PM,WEST HUNT CLUB RD @ WOODROFFE AVE (0000576),576,02 - Intersection related,03 - P.D. only,03 - Rear end,01 - Clear,01 - Daylight,01 - Dry,01 - Traffic signal,01 - Functioning,2,0,0,0,,0,,,,,363670.691,5021246.849,45.32870137,-75.74897237,14622
15--9809,2015/08/15,2:00 PM,BANK ST @ RIVERSIDE DR N (0010778),10778,03 - At intersection,03 - P.D. only,02 - Angle,01 - Clear,01 - Daylight,01 - Dry,01 - Traffic signal,01 - Functioning,2,0,0,0,,0,,,,,369225.7159,5027983.186,45.38882517,-75.67723457,14623
15--981,2015/01/15,5:12 PM,REGIONAL ROAD 174 btwn OR174 IC112 RAMP36 & OR174 IC112 RAMP26 (__3ZAZFK),__3ZAZFK,01 - Non intersection,03 - P.D. only,03 - Rear end,01 - Clear,05 - Dusk,06 - Ice,10 - No control,,2,0,0,0,,0,,,,,374751.0723,5032808.928,45.43171465,-75.60599507,14624
15--9810,2015/08/15,3:02 PM,DIAMONDVIEW RD @ DONALD B. MUNRO DR (0011597),11597,03 - At intersection,03 - P.D. only,02 - Angle,01 - Clear,01 - Daylight,01 - Dry,02 - Stop sign,01 - Functioning,2,0,0,0,,0,,,,,338122.7934,5022170.429,45.33869021,-76.07481841,14625
15--9811,2015/08/15,3:05 PM,PRINCE OF WALES DR @ WEST HUNT CLUB RD (0000567),567,02 - Intersection related,03 - P.D. only,03 - Rear end,01 - Clear,01 - Daylight,01 - Dry,01 - Traffic signal,01 - Functioning,2,0,0,0,,0,,,,,367457.9896,5021892.584,45.33418368,-75.70057973,14626
15--9812,2015/08/15,3:30 PM,FRANKTOWN RD @ JOY'S RD E (0009760),9760,03 - At intersection,03 - P.D. only,05 - Turning movement,01 - Clear,01 - Daylight,01 - Dry,02 - Stop sign,01 - Functioning,2,0,0,0,,0,,,,,355292.1807,5004917.56,45.18241909,-75.85751082,14627
15--9813,2015/08/15,3:33 PM,BANK ST btwn HERON RD & ANOKA ST (__3ZA360),__3ZA360,01 - Non intersection,02 - Non-fatal injury,03 - Rear end,01 - Clear,01 - Daylight,01 - Dry,10 - No control,,2,0,0,0,01 - Minimal,1,1,,,,370000.0443,5026836.047,45.37843194,-75.66749837,14628
15--9814,2015/08/15,4:28 PM,CARLING AVE @ RICHMOND RD (0010847),10847,02 - Intersection related,03 - P.D. only,04 - Sideswipe,01 - Clear,01 - Daylight,01 - Dry,01 - Traffic signal,01 - Functioning,2,0,0,0,,0,,,,,360245.679,5024780.431,45.36077545,-75.79226653,14629
15--9815,2015/08/15,4:45 PM,ISABELLA ST/HWY417 IC119AR75 @ METCALFE ST (0011380),11380,02 - Intersection related,03 - P.D. only,04 - Sideswipe,01 - Clear,01 - Daylight,01 - Dry,01 - Traffic signal,00 - Unknown,2,0,0,0,,0,,,,,368448.7065,5030399.204,45.41063479,-75.68684478,14630
15--9816,2015/08/15,5:30 PM,HIGHWAY 417 btwn HWY417 IC124 RAMP57 & HWY417 IC124 RAMP55 (__3ZA2Y1),__3ZA2Y1,01 - Non intersection,03 - P.D. only,04 - Sideswipe,01 - Clear,01 - Daylight,01 - Dry,10 - No control,,2,0,0,0,,0,,,,,364320.5564,5027369.215,45.38373481,-75.73994546,14631
15--9817,2015/08/15,6:55 PM,BAY ST @ SLATER ST (0005127),5127,03 - At intersection,03 - P.D. only,05 - Turning movement,01 - Clear,01 - Daylight,01 - Dry,01 - Traffic signal,01 - Functioning,2,0,0,0,,0,,,,,366985.1392,5031078.21,45.41687586,-75.70545534,14632
15--9818,2015/08/15,7:00 AM,BESSERER ST btwn WALLER ST & CUMBERLAND ST (__3ZAZPA),__3ZAZPA,01 - Non intersection,03 - P.D. only,03 - Rear end,01 - Clear,01 - Daylight,01 - Dry,10 - No control,,2,0,0,0,,0,,,,,368398.685,5032246.844,45.42726377,-75.68724529,14633
15--9819,2015/08/15,7:39 AM,CARLING AVE EB btwn HARE AVE & MELWOOD AVE (__3ZA4U2),__3ZA4U2,01 - Non intersection,03 - P.D. only,07 - SMV other,01 - Clear,01 - Daylight,01 - Dry,10 - No control,,1,0,0,0,,0,,,,,362457.1055,5026163.072,45.37303793,-75.76387984,14634
15--982,2015/01/15,5:40 PM,LYNDA LANE @ SMYTH RD (0002250),2250,03 - At intersection,03 - P.D. only,02 - Angle,01 - Clear,07 - Dark,02 - Wet,02 - Stop sign,01 - Functioning,2,0,0,0,,0,,,,,371610.7585,5029191.066,45.39946975,-75.64661553,14635
15--9820,2015/08/15,7:40 AM,JOHN QUINN RD @ MITCH OWENS RD (0009274),9274,03 - At intersection,02 - Non-fatal injury,07 - SMV other,"07 - Fog, mist, smoke, dust",01 - Daylight,01 - Dry,02 - Stop sign,01 - Functioning,1,0,0,0,02 - Minor,1,,1,,,380592.5035,5017701.108,45.29517538,-75.53366649,14636
15--9821,2015/08/15,8:12 PM,MERIVALE RD btwn CLYDE AVE & GILBEY DR (__3ZA4HD),__3ZA4HD,01 - Non intersection,03 - P.D. only,04 - Sideswipe,01 - Clear,05 - Dusk,01 - Dry,10 - No control,,2,0,0,0,,0,,,,,364551.9686,5024525.184,45.35812497,-75.7373347,14637
15--9822,2015/08/15,9:00 PM,GUIGUES AVE btwn DALHOUSIE ST & CUMBERLAND ST (__3ZA7BZ),__3ZA7BZ,04 - At/near private drive,03 - P.D. only,06 - SMV unattended vehicle,01 - Clear,07 - Dark,01 - Dry,10 - No control,,1,0,0,0,,0,,,,,368002.0922,5032772.541,45.43202976,-75.69224554,14638
15--9823,2015/08/16,1:15 PM,BANK ST @ HERON RD (0002155),2155,02 - Intersection related,03 - P.D. only,03 - Rear end,01 - Clear,01 - Daylight,01 - Dry,01 - Traffic signal,01 - Functioning,2,0,0,0,,0,,,,,369994.9993,5026850.461,45.37856211,-75.66756087,14639
15--9824,2015/08/16,1:38 PM,OGILVIE RD @ ELMRIDGE DR/JASMINE CRES N (0008801),8801,03 - At intersection,02 - Non-fatal injury,05 - Turning movement,01 - Clear,01 - Daylight,01 - Dry,01 - Traffic signal,01 - Functioning,2,0,0,0,02 - Minor,2,1,1,,,375420.7301,5034060.218,45.44290572,-75.59725811,14640
15--9825,2015/08/16,1:46 PM,HALLEY ST E @ TARTAN DR E (0001212),1212,03 - At intersection,03 - P.D. only,02 - Angle,01 - Clear,01 - Daylight,01 - Dry,02 - Stop sign,01 - Functioning,2,0,0,0,,0,,,,,363014.6809,5014396.069,45.26711278,-75.75814483,14641
15--9826,2015/08/16,11:27 AM,KING EDWARD AVE @ RIDEAU ST (0002121),2121,02 - Intersection related,03 - P.D. only,99 - Other,01 - Clear,01 - Daylight,01 - Dry,01 - Traffic signal,01 - Functioning,2,0,0,0,,0,,,,,368511.7072,5032412.508,45.42874407,-75.68577965,14642
15--9827,2015/08/16,11:41 PM,COVENTRY RD @ VANIER PKWY (0002139),2139,02 - Intersection related,03 - P.D. only,04 - Sideswipe,01 - Clear,07 - Dark,01 - Dry,01 - Traffic signal,01 - Functioning,2,0,0,0,,0,,,,,370676.5651,5031610.892,45.42133091,-75.65822345,14643
15--9828,2015/08/16,11:45 AM,BASELINE RD btwn GREENBANK RD & MCWATTERS RD (__3ZA4MM),__3ZA4MM,01 - Non intersection,03 - P.D. only,03 - Rear end,01 - Clear,01 - Daylight,01 - Dry,10 - No control,,2,0,0,0,,0,,,,,360629.396,5022602.879,45.34115144,-75.78761483,14644
15--9829,2015/08/16,12:14 AM,PARKDALE AVE @ WELLINGTON ST (0002260),2260,03 - At intersection,03 - P.D. only,02 - Angle,01 - Clear,07 - Dark,01 - Dry,01 - Traffic signal,01 - Functioning,2,0,0,0,,0,,,,,365150.4213,5029269.475,45.40076195,-75.72911694,14645
15--983,2015/01/15,5:50 PM,ORCHARDVIEW AVE btwn GARDENWAY DR & INNES RD (__3ZA5S8),__3ZA5S8,01 - Non intersection,03 - P.D. only,04 - Sideswipe,03 - Snow,07 - Dark,03 - Loose snow,10 - No control,,2,0,0,0,,0,,,,,384797.3769,5036657.776,45.46526604,-75.47699241,14646
15--9830,2015/08/16,12:23 PM,BANK ST btwn 73 N OF EVANS BLVD & EVANS AVE (__3ZA3BJB),__3ZA3BJB,04 - At/near private drive,03 - P.D. only,02 - Angle,01 - Clear,01 - Daylight,01 - Dry,10 - No control,,2,0,0,0,,0,,,,,369898.233,5027096.257,45.3807827,-75.66876389,14647
15--9831,2015/08/16,12:53 PM,BASELINE RD btwn LOBLAWS SC & MERIVALE RD (__3ZA4ISC),__3ZA4ISC,01 - Non intersection,03 - P.D. only,04 - Sideswipe,01 - Clear,01 - Daylight,01 - Dry,10 - No control,,2,0,0,0,,0,,,,,364977.5793,5025280.47,45.36488452,-75.73181079,14648
15--9832,2015/08/16,2:00 AM,O'CONNOR ST @ WELLINGTON ST (0002234),2234,02 - Intersection related,03 - P.D. only,03 - Rear end,01 - Clear,07 - Dark,01 - Dry,01 - Traffic signal,01 - Functioning,2,0,0,0,,0,,,,,367411.7355,5031726.422,45.42267023,-75.69992284,14649
15--9833,2015/08/16,2:01 AM,HUNT CLUB RD @ RIVERSIDE DR (0002237),2237,02 - Intersection related,03 - P.D. only,04 - Sideswipe,01 - Clear,07 - Dark,01 - Dry,01 - Traffic signal,00 - Unknown,2,0,0,0,,0,,,,,368037.4237,5021946.129,45.33461349,-75.69318092,14650
15--9834,2015/08/16,2:05 AM,HUNT CLUB RD @ RIVERSIDE DR (0002237),2237,02 - Intersection related,03 - P.D. only,05 - Turning movement,01 - Clear,07 - Dark,01 - Dry,01 - Traffic signal,01 - Functioning,2,0,0,0,,0,,,,,368036.703,5021944.417,45.33459815,-75.69319034,14651
15--9835,2015/08/16,3:24 PM,LUMBERMAN WAY @ ORLEANS BLVD (0004359),4359,03 - At intersection,02 - Non-fatal injury,02 - Angle,01 - Clear,01 - Daylight,01 - Dry,02 - Stop sign,01 - Functioning,2,0,0,0,01 - Minimal,3,3,,,,380452.4553,5037240.514,45.47099313,-75.53245742,14652
15--9836,2015/08/16,4:42 PM,RIVERSIDE DR @ PLEASANT PARK RD (0007296),7296,02 - Intersection related,02 - Non-fatal injury,03 - Rear end,01 - Clear,01 - Daylight,01 - Dry,01 - Traffic signal,01 - Functioning,2,0,0,0,02 - Minor,1,,1,,,369561.9717,5028414.654,45.39267637,-75.67288415,14653
15--9837,2015/08/16,4:50 AM,SUNNY CRT btwn PARKWAY RD & END (__3ZAZAS),__3ZAZAS,01 - Non intersection,03 - P.D. only,06 - SMV unattended vehicle,01 - Clear,07 - Dark,01 - Dry,10 - No control,,1,0,0,0,,0,,,,,376376.4279,5012686.689,45.2504995,-75.58813611,14654
15--9838,2015/08/16,5:33 PM,MITCH OWENS RD @ STAGECOACH RD (0003576),3576,02 - Intersection related,03 - P.D. only,03 - Rear end,01 - Clear,01 - Daylight,01 - Dry,01 - Traffic signal,01 - Functioning,2,0,0,0,,0,,,,,375399.034,5014484.819,45.26677728,-75.6003308,14655
15--9839,2015/08/16,5:39 PM,RIVERSIDE DR @ PLEASANT PARK RD (0007296),7296,02 - Intersection related,03 - P.D. only,03 - Rear end,01 - Clear,01 - Daylight,01 - Dry,01 - Traffic signal,01 - Functioning,2,0,0,0,,0,,,,,369562.6924,5028413.212,45.39266333,-75.67287514,14656
15--9402,2015/08/03,11:44 PM,MEADOWLANDS DR/TALLWOOD DR @ WOODROFFE AVE (0000095),95,02 - Intersection related,02 - Non-fatal injury,03 - Rear end,01 - Clear,07 - Dark,01 - Dry,01 - Traffic signal,01 - Functioning,2,0,0,0,01 - Minimal,1,1,,,,363056.837,5022730.437,45.34210182,-75.75662814,14657
15--9132,2015/07/26,9:20 AM,MACKENZIE AVE @ RIDEAU ST (0002136),2136,02 - Intersection related,03 - P.D. only,04 - Sideswipe,01 - Clear,01 - Daylight,01 - Dry,01 - Traffic signal,01 - Functioning,2,0,0,0,,0,,,,,367869.6992,5032008.858,45.42517035,-75.69403522,14658
15--9042,2015/07/23,9:30 PM,TRIM RD btwn BRIARGATE PRIV & INNES RD (__6LJ4XY),__6LJ4XY,04 - At/near private drive,03 - P.D. only,02 - Angle,01 - Clear,07 - Dark,01 - Dry,10 - No control,,2,0,0,0,,0,,,,,386542.312,5037328.582,45.47109926,-75.45457028,14659
15--9043,2015/07/23,9:36 AM,BREWER RD @ BRONSON AVE (0002240),2240,03 - At intersection,03 - P.D. only,05 - Turning movement,01 - Clear,01 - Daylight,01 - Dry,01 - Traffic signal,01 - Functioning,2,0,0,0,,0,,,,,368109.0471,5027766.796,45.38697999,-75.6915216,14660
15--9309,2015/07/31,3:43 PM,HIGHWAY 417 btwn HWY417 IC126 RAMP25 & HWY417 IC124 RAMP57 (__3ZA2R5),__3ZA2R5,01 - Non intersection,03 - P.D. only,03 - Rear end,01 - Clear,01 - Daylight,01 - Dry,10 - No control,,3,0,0,0,,0,,,,,363667.9184,5026503.683,45.37600203,-75.74838187,14661
15--9403,2015/08/03,11:47 AM,KANATA AVE/CASTLEFRANK RD @ AIRD PL (0011976),11976,02 - Intersection related,03 - P.D. only,03 - Rear end,02 - Rain,01 - Daylight,02 - Wet,01 - Traffic signal,01 - Functioning,2,0,0,0,,0,,,,,351812.0048,5019068.245,45.30999235,-75.9004539,14662