Anom_ID,Accident_Date,Accident_Time,Location,Geo_ID,Accident_Location,Classification_of_Accident,Initial_Impact_Type,Environment_Condition,Light,Road_Surface_Condition,Traffic_Control,Traffic_Control_Condition,No__of_Vehicles,No__of_Bicycles,No__of_Motorcycles,No__of_Pedestrians,Max_Injury,No__of_Injuries,No__of_Minimal,No__of_Minor,No__of_Major,No__of_Fatal,X,Y,Latitude,Longitude,ObjectId
15--9133,2015/07/26,9:30 PM,CAMPEAU DR/HWY 417 MARCH IC138R63 @ MARCH RD (0009710),9710,03 - At intersection,03 - P.D. only,02 - Angle,01 - Clear,07 - Dark,01 - Dry,01 - Traffic signal,02 - Not functioning,2,0,0,0,,0,,,,,352840.1835,5020477.548,45.32260397,-75.88720557,14663
15--9044,2015/07/24,1:57 PM,RIDEAU ST btwn WILLIAM ST & NICHOLAS ST (__3ZA25UC),__3ZA25UC,01 - Non intersection,02 - Non-fatal injury,07 - SMV other,01 - Clear,01 - Daylight,01 - Dry,10 - No control,,1,0,0,1,01 - Minimal,1,1,,,,368102.5999,5032159.623,45.42650584,-75.69103992,14664
15--931,2015/01/14,9:00 AM,TERRY FOX DR @ EDGEWATER ST/WALTER BAKER PL (0002699),2699,02 - Intersection related,03 - P.D. only,03 - Rear end,01 - Clear,01 - Daylight,06 - Ice,01 - Traffic signal,01 - Functioning,2,0,0,0,,0,,,,,351773.9198,5017617.713,45.29694264,-75.90107703,14665
15--9404,2015/08/03,12:10 PM,ISLAND PARK DR btwn RUSKIN ST & DEVONSHIRE AVE (__3ZA23Y),__3ZA23Y,04 - At/near private drive,03 - P.D. only,05 - Turning movement,01 - Clear,01 - Daylight,01 - Dry,10 - No control,,2,0,0,0,,0,,,,,364969.2105,5028151.182,45.39071538,-75.73156781,14666
15--9134,2015/07/26,9:35 AM,DILWORTH RD btwn FOURTH LINE RD & HWY416 IC42 RAMP34 (__3ZAZJA),__3ZAZJA,01 - Non intersection,03 - P.D. only,07 - SMV other,01 - Clear,01 - Daylight,01 - Dry,10 - No control,,1,0,0,0,,0,,,,,370717.6727,4994707.615,45.08927674,-75.66259308,14667
15--9045,2015/07/24,10:20 PM,LEITRIM RD btwn HAWTHORNE RD & RAMSAYVILLE RD (__3ZA2B0),__3ZA2B0,01 - Non intersection,02 - Non-fatal injury,07 - SMV other,01 - Clear,07 - Dark,01 - Dry,10 - No control,,1,0,0,0,02 - Minor,1,,1,,,377928.8036,5023233.287,45.34523357,-75.5668065,14668
15--9310,2015/07/31,3:44 PM,CARLING AVE @ CIVIC HOSPITAL (0008793),8793,02 - Intersection related,03 - P.D. only,03 - Rear end,02 - Rain,01 - Daylight,02 - Wet,01 - Traffic signal,01 - Functioning,2,0,0,0,,0,,,,,365790.8888,5028276.975,45.39177616,-75.72105942,14669
15--9405,2015/08/03,12:45 AM,SOMERSET ST    W btwn BANK ST & O'CONNOR ST (__3ZA3AV),__3ZA3AV,01 - Non intersection,03 - P.D. only,05 - Turning movement,02 - Rain,07 - Dark,02 - Wet,10 - No control,,2,1,0,0,,0,,,,,367710.5588,5030926.015,45.41544161,-75.69620694,14670
15--9135,2015/07/26,9:51 AM,BANK ST @ MITCH OWENS RD (0001640),1640,02 - Intersection related,03 - P.D. only,04 - Sideswipe,01 - Clear,01 - Daylight,01 - Dry,01 - Traffic signal,01 - Functioning,2,0,0,0,,0,,,,,377758.045,5015947.82,45.27970005,-75.570058,14671
15--9046,2015/07/24,10:28 AM,ST. JOSEPH BLVD btwn MARENGER ST & JEANNE D'ARC BLVD S (__3ZA2BS),__3ZA2BS,01 - Non intersection,03 - P.D. only,04 - Sideswipe,01 - Clear,01 - Daylight,01 - Dry,10 - No control,,2,0,0,0,,0,,,,,379831.5483,5036448.412,45.4639334,-75.54051819,14672
15--9406,2015/08/03,2:05 PM,CUMBERLAND ST btwn BESSERER ST & DALY AVE (__3ZBOX8),__3ZBOX8,01 - Non intersection,03 - P.D. only,06 - SMV unattended vehicle,01 - Clear,01 - Daylight,01 - Dry,10 - No control,,1,0,0,0,,0,,,,,368442.4591,5032211.118,45.42693834,-75.68669056,14673
15--9311,2015/07/31,3:46 PM,LONGFIELDS DR @ SILVER SAGE AVE (0015385),15385,03 - At intersection,02 - Non-fatal injury,07 - SMV other,01 - Clear,01 - Daylight,01 - Dry,02 - Stop sign,01 - Functioning,1,0,0,1,01 - Minimal,1,1,,,,364506.0506,5016545.547,45.28632875,-75.73888278,14674
15--9136,2015/07/27,1:22 PM,PARKDALE AVE btwn ARMSTRONG ST & GRANT ST (__3ZA3ZY),__3ZA3ZY,01 - Non intersection,03 - P.D. only,04 - Sideswipe,01 - Clear,01 - Daylight,01 - Dry,10 - No control,,2,0,0,0,,0,,,,,365095.7372,5029392.667,45.40187511,-75.72980032,14675
15--9047,2015/07/24,10:36 AM,ROOSEVELT AVE btwn RICHMOND RD & END (__3ZA1QV),__3ZA1QV,01 - Non intersection,03 - P.D. only,04 - Sideswipe,01 - Clear,01 - Daylight,01 - Dry,10 - No control,,2,0,0,0,,0,,,,,362974.4842,5028127.668,45.39067234,-75.75704341,14676
15--9407,2015/08/03,5:15 PM,RIDEAU ST @ NICHOLAS ST (0002639),2639,02 - Intersection related,02 - Non-fatal injury,03 - Rear end,01 - Clear,01 - Daylight,01 - Dry,02 - Stop sign,01 - Functioning,2,1,0,0,01 - Minimal,1,1,,,,368141.435,5032184.217,45.42672362,-75.69054052,14677
15--9048,2015/07/24,11:32 AM,ST. LAURENT BLVD @ TREMBLAY RD (0002573),2573,02 - Intersection related,02 - Non-fatal injury,03 - Rear end,01 - Clear,01 - Daylight,01 - Dry,01 - Traffic signal,01 - Functioning,2,0,0,0,01 - Minimal,1,1,,,,372595.7139,5031241.936,45.41782787,-75.63375394,14678
15--9312,2015/07/31,4:00 PM,CLYDE AVE btwn CLYDE AVE & STARWOOD RD (__3ZA2TX),__3ZA2TX,04 - At/near private drive,03 - P.D. only,05 - Turning movement,01 - Clear,01 - Daylight,01 - Dry,10 - No control,,2,0,0,0,,0,,,,,364407.6389,5024777.739,45.36040971,-75.73914628,14679
15--9137,2015/07/27,10:23 AM,WALKLEY EXTENSION RD btwn HWY417 IC110 RAMP65 & HWY417 IC110 RAMP56 (__3ZAZE6),__3ZAZE6,01 - Non intersection,03 - P.D. only,03 - Rear end,01 - Clear,01 - Daylight,01 - Dry,10 - No control,,2,0,0,0,,0,,,,,375827.8114,5029091.133,45.39815548,-75.59277142,14680
15--9408,2015/08/03,5:58 AM,MACDONALD-CARTIER BR RAMP NB-1 btwn MACDONALD-CARTIER BR & MACDONALD-C (__7TTREF),__7TTREF,01 - Non intersection,03 - P.D. only,04 - Sideswipe,02 - Rain,03 - Dawn,02 - Wet,10 - No control,,2,0,0,0,,0,,,,,367603.4562,5033182.29,45.43575245,-75.69728754,14681
15--9049,2015/07/24,11:47 AM,BLACKBURN BYPASS @ 1700 W OF NAVAN RD (0009379),9379,02 - Intersection related,03 - P.D. only,99 - Other,01 - Clear,01 - Daylight,01 - Dry,01 - Traffic signal,01 - Functioning,2,0,0,0,,0,,,,,378163.0821,5032391.186,45.42760648,-75.56245608,14682
15--9313,2015/07/31,4:00 PM,WELLINGTON ST btwn BAY ST & LYON ST N (__5D2JK9),__5D2JK9,01 - Non intersection,02 - Non-fatal injury,07 - SMV other,01 - Clear,01 - Daylight,01 - Dry,10 - No control,,1,0,0,0,01 - Minimal,2,2,,,,366829.1124,5031361.296,45.41943684,-75.70741308,14683
15--9138,2015/07/27,11:19 AM,CELTIC RIDGE CRES btwn STREAMSIDE CRES & GLENBRAE AVE (__5J15RY),__5J15RY,04 - At/near private drive,03 - P.D. only,03 - Rear end,01 - Clear,01 - Daylight,01 - Dry,10 - No control,,2,0,0,0,,0,,,,,349600.3377,5024727.593,45.36106113,-75.92814561,14684
15--9409,2015/08/03,7:21 AM,HIGHWAY 417 btwn HWY417 IC96 RAMP61 & HIGHWAY 417 (__3ZA271),__3ZA271,01 - Non intersection,02 - Non-fatal injury,07 - SMV other,01 - Clear,01 - Daylight,01 - Dry,10 - No control,,1,0,0,0,01 - Minimal,2,2,,,,387476.7173,5023869.606,45.34989826,-75.44487919,14685
15--905,2015/01/14,8:04 AM,WEST HUNT CLUB RD WB btwn 545 E OF ROYDON PL/SUNDERLAND ST & ANTARES D (__3ZA3JSB),__3ZA3JSB,07 - Overpass or bridge,03 - P.D. only,03 - Rear end,01 - Clear,01 - Daylight,06 - Ice,10 - No control,,2,0,0,0,,0,,,,,367011.3258,5022264.152,45.33756673,-75.70623121,14686
15--9314,2015/07/31,4:14 PM,SLATER ST btwn O'CONNOR ST & METCALFE ST (__3ZA35R),__3ZA35R,01 - Non intersection,03 - P.D. only,99 - Other,01 - Clear,01 - Daylight,01 - Dry,10 - No control,,2,0,0,0,,0,,,,,367657.3095,5031501.415,45.42062366,-75.69681382,14687
15--9315,2015/07/31,4:33 PM,BANK ST btwn RIVERSIDE DR & RIVERSIDE DR (__3ZA3NQ),__3ZA3NQ,04 - At/near private drive,03 - P.D. only,05 - Turning movement,01 - Clear,01 - Daylight,01 - Dry,10 - No control,,2,0,0,0,,0,,,,,369259.5898,5027944.267,45.38847188,-75.6768071,14688
15--9316,2015/07/31,4:45 PM,DWYER HILL RD btwn PURDY RD & DWYER HILL RD (__3ZA3E3),__3ZA3E3,01 - Non intersection,02 - Non-fatal injury,07 - SMV other,01 - Clear,01 - Daylight,01 - Dry,10 - No control,,1,0,1,0,02 - Minor,1,,1,,,351029.5046,4995571.18,45.09860766,-75.9126126,14689
15--9317,2015/07/31,4:49 PM,COLONNADE RD @ PRINCE OF WALES DR (0005249),5249,02 - Intersection related,03 - P.D. only,03 - Rear end,01 - Clear,01 - Daylight,01 - Dry,01 - Traffic signal,01 - Functioning,3,0,0,0,,0,,,,,367395.4323,5023267.597,45.34656137,-75.70120382,14690
15--9318,2015/07/31,4:49 PM,ANDERSON RD @ INNES RD (0004200),4200,02 - Intersection related,02 - Non-fatal injury,03 - Rear end,01 - Clear,01 - Daylight,01 - Dry,01 - Traffic signal,01 - Functioning,3,0,0,0,02 - Minor,2,1,1,,,376281.4618,5031841.924,45.42285937,-75.58657886,14691
15--9319,2015/07/31,5:00 PM,BANTREE ST @ SHEFFIELD RD (0008395),8395,02 - Intersection related,03 - P.D. only,03 - Rear end,01 - Clear,01 - Daylight,01 - Dry,03 - Yield sign,01 - Functioning,2,0,0,0,,0,,,,,374648.1823,5030045.622,45.40686217,-75.60770162,14692
15--932,2015/01/14,9:00 AM,FINDLAY AVE @ TORRINGTON PL (0007562),7562,03 - At intersection,03 - P.D. only,02 - Angle,01 - Clear,01 - Daylight,06 - Ice,02 - Stop sign,01 - Functioning,2,0,0,0,,0,,,,,367932.9855,5028787.748,45.39618211,-75.69363912,14693
15--9320,2015/07/31,5:13 PM,STRANDHERD DR btwn GREENBANK RD & Continuation of STRANDHERD DR (__5U4IBT),__5U4IBT,04 - At/near private drive,03 - P.D. only,02 - Angle,01 - Clear,01 - Daylight,01 - Dry,10 - No control,,2,0,0,0,,0,,,,,363980.5308,5014812.886,45.2707827,-75.74578797,14694
15--9321,2015/07/31,5:17 PM,BOTTRIELL WAY N @ CHARLEMAGNE BLVD (0004324),4324,02 - Intersection related,03 - P.D. only,07 - SMV other,02 - Rain,01 - Daylight,02 - Wet,01 - Traffic signal,01 - Functioning,1,0,0,0,,0,,,,,383695.4004,5037956.081,45.47707233,-75.49087383,14695
15--9322,2015/07/31,5:45 PM,DUMAURIER AVE @ PINECREST RD (0002743),2743,02 - Intersection related,03 - P.D. only,03 - Rear end,01 - Clear,01 - Daylight,01 - Dry,01 - Traffic signal,01 - Functioning,2,0,0,0,,0,,,,,360320.9583,5023834.871,45.35226137,-75.79141191,14696
15--9323,2015/07/31,6:00 PM,KELLY AVE @ PINECREST RD (0002744),2744,03 - At intersection,03 - P.D. only,02 - Angle,01 - Clear,01 - Daylight,01 - Dry,02 - Stop sign,01 - Functioning,2,0,0,0,,0,,,,,360277.6825,5023951.711,45.35331612,-75.79195107,14697
15--9324,2015/07/31,6:43 PM,KILBORN AVE btwn BEAUMONT RD & DELMAR DR (__3ZA88P),__3ZA88P,01 - Non intersection,03 - P.D. only,07 - SMV other,01 - Clear,01 - Daylight,01 - Dry,10 - No control,,1,0,0,0,,0,,,,,371975.7315,5027929.855,45.38808696,-75.64212592,14698
15--9325,2015/07/31,7:22 AM,CENTURY RD @ FOURTH LINE RD (0003905),3905,02 - Intersection related,03 - P.D. only,07 - SMV other,01 - Clear,01 - Daylight,01 - Dry,02 - Stop sign,01 - Functioning,1,0,0,0,,0,,,,,362210.9204,5004062.972,45.17420016,-75.76957819,14699
15--9326,2015/07/31,7:38 AM,BRONSON AVE @ GLADSTONE AVE (0002110),2110,02 - Intersection related,03 - P.D. only,05 - Turning movement,01 - Clear,01 - Daylight,01 - Dry,01 - Traffic signal,01 - Functioning,2,0,0,0,,0,,,,,367131.5395,5030081.204,45.40789207,-75.70371104,14700
15--9327,2015/07/31,7:38 AM,HIGHWAY 416 btwn HWY416 IC66 RAMP24 & HWY416 IC57 RAMP62 (__3ZA1OI),__3ZA1OI,01 - Non intersection,02 - Non-fatal injury,07 - SMV other,01 - Clear,01 - Daylight,01 - Dry,10 - No control,,1,0,0,0,02 - Minor,1,,1,,,361126.7535,5012580.829,45.25093278,-75.78240737,14701
15--9328,2015/07/31,8:09 PM,HAWTHORNE AVE @ MAIN ST (0006919),6919,02 - Intersection related,03 - P.D. only,02 - Angle,01 - Clear,01 - Daylight,01 - Dry,01 - Traffic signal,01 - Functioning,2,1,0,0,,0,,,,,368970.7096,5030632.928,45.41269009,-75.6801461,14702
15--9329,2015/07/31,8:15 PM,DIAMONDVIEW RD @ THOMAS A. DOLAN PKWY (0002448),2448,03 - At intersection,03 - P.D. only,02 - Angle,01 - Clear,05 - Dusk,01 - Dry,02 - Stop sign,01 - Functioning,2,0,0,0,,0,,,,,335557.2342,5025182.191,45.36590859,-76.10736546,14703
15--933,2015/01/14,9:00 AM,ISLAND PARK DR btwn RUSKIN ST & DEVONSHIRE AVE (__3ZA23Y),__3ZA23Y,01 - Non intersection,03 - P.D. only,03 - Rear end,01 - Clear,01 - Daylight,06 - Ice,10 - No control,,2,0,0,0,,0,,,,,365011.3391,5028159.98,45.39079092,-75.73102875,14704
15--9330,2015/07/31,8:18 PM,BANK ST @ FOURTH AVE (0007249),7249,03 - At intersection,03 - P.D. only,02 - Angle,01 - Clear,01 - Daylight,01 - Dry,02 - Stop sign,01 - Functioning,2,0,1,0,,0,,,,,368366.9956,5029474.764,45.4023244,-75.68800777,14705
15--9331,2015/07/31,8:29 AM,BANTON ST @ WALKLEY RD (0006399),6399,02 - Intersection related,03 - P.D. only,03 - Rear end,01 - Clear,01 - Daylight,01 - Dry,01 - Traffic signal,01 - Functioning,2,0,0,0,,0,,,,,374249.1781,5028249.898,45.39074482,-75.61305105,14706
15--9332,2015/07/31,8:50 AM,UPPER DWYER HILL RD btwn MARCH RD & OLD ALMONTE RD (__3ZA4QB),__3ZA4QB,01 - Non intersection,02 - Non-fatal injury,07 - SMV other,01 - Clear,01 - Daylight,01 - Dry,10 - No control,,1,0,0,0,02 - Minor,1,,1,,,335080.7749,5013194.472,45.25805751,-76.11418022,14707
15--9333,2015/07/31,8:59 AM,ELWOOD ST @ MONTREAL RD (0009283),9283,03 - At intersection,02 - Non-fatal injury,05 - Turning movement,01 - Clear,01 - Daylight,01 - Dry,01 - Traffic signal,01 - Functioning,2,0,0,0,02 - Minor,1,,1,,,374392.7333,5034400.351,45.44606914,-75.61034924,14708
15--9334,2015/07/31,9:01 PM,DUNROBIN RD btwn KILMAURS SIDE RD & CONSTANCE BAY RD (__3ZA4EA),__3ZA4EA,01 - Non intersection,03 - P.D. only,07 - SMV other,01 - Clear,05 - Dusk,02 - Wet,10 - No control,,1,0,0,0,,0,,,,,336257.3456,5037743.095,45.47890475,-76.09762624,14709
15--9335,2015/07/31,9:15 AM,HIGHWAY 417 btwn HWY417 IC112 RAMP66 & HWY417 IC112 RAMP56 (__3ZA283),__3ZA283,01 - Non intersection,03 - P.D. only,04 - Sideswipe,01 - Clear,01 - Daylight,01 - Dry,10 - No control,,2,0,0,0,,0,,,,,374411.9857,5030896.163,45.41453844,-75.61059851,14710
15--9336,2015/07/31,9:28 PM,ALBION RD @ MITCH OWENS RD (0004212),4212,03 - At intersection,01 - Fatal injury,07 - SMV other,01 - Clear,07 - Dark,01 - Dry,01 - Traffic signal,01 - Functioning,1,0,1,0,04 - Fatal,1,,,,1,375906.7541,5014804.931,45.2696064,-75.59381572,14711
15--9337,2015/07/31,9:37 AM,LIMEBANK RD btwn RIDEAU RD & MITCH OWENS RD (__3ZA6LY),__3ZA6LY,01 - Non intersection,03 - P.D. only,07 - SMV other,01 - Clear,01 - Daylight,01 - Dry,10 - No control,,1,0,0,0,,0,,,,,370946.8718,5013827.361,45.26129438,-75.6571475,14712
15--9338,2015/07/31,9:45 PM,HARWICK CRES btwn CEDARBANK AVE & LONGWOOD AVE (__3ZABO1),__3ZABO1,04 - At/near private drive,03 - P.D. only,06 - SMV unattended vehicle,01 - Clear,07 - Dark,01 - Dry,10 - No control,,1,0,0,0,,0,,,,,357975.5216,5020300.112,45.32063717,-75.8217233,14713
15--9339,2015/07/31,9:50 PM,KENT ST @ NEPEAN ST (0006972),6972,02 - Intersection related,03 - P.D. only,04 - Sideswipe,01 - Clear,07 - Dark,01 - Dry,01 - Traffic signal,01 - Functioning,2,0,0,0,,0,,,,,367398.7037,5031028.495,45.41639166,-75.70017803,14714
15--934,2015/01/14,9:00 PM,CAMPEAU DR @ KANATA AVE (0012003),12003,02 - Intersection related,03 - P.D. only,03 - Rear end,01 - Clear,07 - Dark,01 - Dry,01 - Traffic signal,01 - Functioning,3,0,0,0,,0,,,,,350595.831,5019400.498,45.31306241,-75.91593229,14715
15--9340,2015/08/01,1:13 AM,OTTAWA RIVER PKWY WB btwn WOODROFFE AVE & TRANSIT (__3ZA23K),__3ZA23K,01 - Non intersection,03 - P.D. only,04 - Sideswipe,01 - Clear,07 - Dark,01 - Dry,10 - No control,,2,0,0,0,,0,,,,,362536.6577,5028144.035,45.39085584,-75.76263259,14716
15--9341,2015/08/01,1:14 PM,HWY 416 ACRES IC75R24 @ HOLLY ACRES RD (0005257),5257,02 - Intersection related,03 - P.D. only,04 - Sideswipe,01 - Clear,01 - Daylight,01 - Dry,01 - Traffic signal,01 - Functioning,2,0,0,0,,0,,,,,358756.4609,5022868.549,45.3436885,-75.81148281,14717
15--9342,2015/08/01,1:18 PM,WALKLEY RD btwn BAYCREST DR & HEATHERINGTON RD (__3ZA361),__3ZA361,04 - At/near private drive,03 - P.D. only,02 - Angle,01 - Clear,01 - Daylight,01 - Dry,10 - No control,,2,0,0,0,,0,,,,,371642.7467,5026722.858,45.37725872,-75.64654128,14718
15--9343,2015/08/01,1:30 AM,HIGHWAY 7 btwn HAZELDEAN IC RAMP 53 & HIGHWAY 7 (__7JQ7LK),__7JQ7LK,01 - Non intersection,03 - P.D. only,07 - SMV other,01 - Clear,07 - Dark,01 - Dry,10 - No control,,1,0,0,0,,0,,,,,342349.9826,5008430.37,45.21483714,-76.02192281,14719
15--9344,2015/08/01,1:34 PM,GREENBANK RD @ JOCKVALE RD (0010360),10360,02 - Intersection related,03 - P.D. only,03 - Rear end,01 - Clear,01 - Daylight,01 - Dry,01 - Traffic signal,01 - Functioning,2,0,0,0,,0,,,,,364121.6878,5014330.774,45.26643276,-75.74404677,14720
15--9345,2015/08/01,1:37 PM,ST. JOSEPH BLVD @ JEANNE D'ARC BLVD (0012421),12421,03 - At intersection,03 - P.D. only,04 - Sideswipe,01 - Clear,01 - Daylight,01 - Dry,11 - Roundabout,01 - Functioning,2,0,0,0,,0,,,,,379858.9647,5036468.975,45.46411546,-75.54016451,14721
15--9346,2015/08/01,1:38 AM,BOOTH ST @ SIR JOHN A. MACDONALD PKWY/WELLINGTON ST (0012252),12252,03 - At intersection,03 - P.D. only,05 - Turning movement,01 - Clear,07 - Dark,01 - Dry,01 - Traffic signal,01 - Functioning,2,0,0,0,,0,,,,,366263.6036,5031007.463,45.41630305,-75.71468241,14722
15--9347,2015/08/01,10:42 AM,REGIONAL ROAD 174 btwn OR174 IC101 RAMP63 & OR174 IC101 RAMP45 (__3ZA11Q),__3ZA11Q,01 - Non intersection,03 - P.D. only,99 - Other,01 - Clear,01 - Daylight,01 - Dry,10 - No control,,2,0,0,0,,0,,,,,382763.9551,5038896.119,45.48563457,-75.5026366,14723
15--9348,2015/08/01,11:55 AM,CASTLEFRANK RD btwn SHELDRAKE DR & GLAMORGAN DR (__3ZACL3),__3ZACL3,01 - Non intersection,03 - P.D. only,07 - SMV other,01 - Clear,01 - Daylight,01 - Dry,10 - No control,,1,0,0,0,,0,,,,,353391.2183,5016604.98,45.28771984,-75.88055669,14724
15--9349,2015/08/01,Unknown,YORK ST btwn NELSON ST & BEAUSOLEIL DR (__3ZA7BS),__3ZA7BS,01 - Non intersection,03 - P.D. only,06 - SMV unattended vehicle,01 - Clear,00 - Unknown,01 - Dry,10 - No control,,1,0,0,0,,0,,,,,368584.1049,5032741.188,45.43169481,-75.68481194,14725
15--935,2015/01/14,9:09 PM,RICHMOND RD @ WINONA AVE (0006990),6990,03 - At intersection,03 - P.D. only,02 - Angle,01 - Clear,07 - Dark,06 - Ice,02 - Stop sign,01 - Functioning,2,0,0,0,,0,,,,,363293.8816,5028336.718,45.39252674,-75.7529399,14726
15--9350,2015/08/01,12:23 PM,BANK ST @ SURREY AVE (0011314),11314,03 - At intersection,03 - P.D. only,01 - Approaching,01 - Clear,01 - Daylight,01 - Dry,02 - Stop sign,01 - Functioning,2,0,0,0,,0,,,,,370383.9962,5025810.682,45.36917021,-75.66273259,14727
15--9351,2015/08/01,12:25 PM,JEANNE D'ARC BLVD  S btwn SAPINIER ST & INNES RD (__3ZA3Y3),__3ZA3Y3,01 - Non intersection,03 - P.D. only,03 - Rear end,01 - Clear,01 - Daylight,01 - Dry,10 - No control,,2,0,0,0,,0,,,,,382598.114,5035665.211,45.4565842,-75.50526935,14728
15--9352,2015/08/01,12:59 PM,MEADOWLANDS DR btwn HOGAN ST & NESS ST (__3ZA4IQ),__3ZA4IQ,01 - Non intersection,03 - P.D. only,03 - Rear end,01 - Clear,01 - Daylight,01 - Dry,10 - No control,,2,0,0,0,,0,,,,,366138.5529,5024894.153,45.36130788,-75.71703986,14729
15--9353,2015/08/01,2:14 PM,ALBION RD @ BANK ST (0012409),12409,02 - Intersection related,03 - P.D. only,03 - Rear end,01 - Clear,01 - Daylight,01 - Dry,01 - Traffic signal,01 - Functioning,2,0,0,0,,0,,,,,371947.4486,5024130.58,45.3539052,-75.64300352,14730
15--9354,2015/08/01,2:41 PM,RICHMOND RD btwn STINSON AVE & STAFFORD RD (__3ZBOCU),__3ZBOCU,04 - At/near private drive,03 - P.D. only,02 - Angle,01 - Clear,01 - Daylight,01 - Dry,10 - No control,,3,0,0,0,,0,,,,,358012.9796,5021011.16,45.3270324,-75.82116913,14731
15--9355,2015/08/01,2:45 PM,ROGER STEVENS DR @ MALAKOFF RD (0003720),3720,02 - Intersection related,03 - P.D. only,03 - Rear end,01 - Clear,01 - Daylight,02 - Wet,02 - Stop sign,01 - Functioning,2,0,0,0,,0,,,,,362228.3388,4996128.896,45.10280574,-75.77026785,14732
15--9356,2015/08/01,3:00 PM,CAMBRIAN RD btwn GREENBANK RD & KILBIRNIE DR (__5DCWEP),__5DCWEP,01 - Non intersection,03 - P.D. only,07 - SMV other,01 - Clear,01 - Daylight,01 - Dry,10 - No control,,1,0,0,0,,0,,,,,364868.1806,5012931.766,45.25378111,-75.73470399,14733
15--9357,2015/08/01,3:12 PM,MACDONALD-CARTIER BR btwn RAMP & END (1) (__3ZA1QK),__3ZA1QK,01 - Non intersection,02 - Non-fatal injury,04 - Sideswipe,01 - Clear,01 - Daylight,01 - Dry,10 - No control,,2,1,0,0,01 - Minimal,2,2,,,,367229.7991,5033294.086,45.43679181,-75.70204873,14734
15--9358,2015/08/01,3:20 PM,BARLOW CRES btwn HEATHER ST & STRODE AVE (__3ZAZ55),__3ZAZ55,01 - Non intersection,03 - P.D. only,07 - SMV other,01 - Clear,01 - Daylight,01 - Dry,10 - No control,,1,0,0,0,,0,,,,,346194.9036,5035863.881,45.46147693,-75.97067715,14735
15--9359,2015/08/01,5:37 PM,ORLEANS BLVD @ ST. JOSEPH BLVD (0004144),4144,03 - At intersection,03 - P.D. only,05 - Turning movement,01 - Clear,01 - Daylight,01 - Dry,01 - Traffic signal,01 - Functioning,2,0,0,0,,0,,,,,380630.2963,5036980.95,45.4686385,-75.53022334,14736
15--936,2015/01/14,9:10 PM,BRONSON AVE @ CARLING AVE/GLEBE AVE (0002134),2134,02 - Intersection related,03 - P.D. only,03 - Rear end,03 - Snow,07 - Dark,03 - Loose snow,01 - Traffic signal,01 - Functioning,2,0,0,0,,0,,,,,367449.1484,5029335.202,45.40115141,-75.69974874,14737
15--9360,2015/08/01,5:49 PM,WELLINGTON ST btwn BANK ST & O'CONNOR ST (__3ZA3MF),__3ZA3MF,01 - Non intersection,03 - P.D. only,04 - Sideswipe,01 - Clear,01 - Daylight,01 - Dry,10 - No control,,2,0,0,0,,0,,,,,367329.6051,5031672.467,45.4221921,-75.70097908,14738
15--9361,2015/08/01,5:50 PM,DUNROBIN RD btwn KINBURN SIDE RD & VANCES SIDE RD (__3ZA3FG),__3ZA3FG,01 - Non intersection,02 - Non-fatal injury,07 - SMV other,01 - Clear,01 - Daylight,01 - Dry,10 - No control,,1,0,0,0,02 - Minor,1,,1,,,338971.976,5034871.511,45.452938,-76.06310378,14739
15--9362,2015/08/01,5:53 AM,RIVER RD btwn 700 N OF EARL ARMSTRONG RD & TEWSLEY DR (__5DXOUQC),__5DXOUQC,01 - Non intersection,02 - Non-fatal injury,07 - SMV other,01 - Clear,03 - Dawn,01 - Dry,10 - No control,,1,0,0,0,02 - Minor,1,,1,,,367942.1993,5015574.39,45.2772901,-75.69520744,14740
15--9363,2015/08/01,6:53 PM,HIGHWAY 417 btwn HWY417 IC104 RAMP15 & HWY417 IC96 RAMP51 (__3ZA2W4),__3ZA2W4,01 - Non intersection,02 - Non-fatal injury,05 - Turning movement,01 - Clear,01 - Daylight,01 - Dry,10 - No control,,2,0,0,0,02 - Minor,1,,1,,,382438.0565,5025449.443,45.36468843,-75.5089245,14741
15--9364,2015/08/01,7:23 AM,HIGHWAY 417 btwn HWY417 IC127 RAMP25 & HWY417 IC126 RAMP51 (__3ZA2XA),__3ZA2XA,01 - Non intersection,03 - P.D. only,07 - SMV other,01 - Clear,01 - Daylight,01 - Dry,10 - No control,,1,0,0,0,,0,,,,,362894.4344,5025448.19,45.36656939,-75.75838091,14742
15--9365,2015/08/01,7:50 AM,MARVELVILLE RD btwn YORKS CORNERS RD & LARRY ROBINSON RD (__3ZA2ZU),__3ZA2ZU,01 - Non intersection,03 - P.D. only,01 - Approaching,01 - Clear,01 - Daylight,01 - Dry,10 - No control,,2,0,0,0,,0,,,,,391979.1078,5008132.255,45.20776268,-75.3901942,14743
15--9366,2015/08/01,9:04 PM,BASELINE RD @ CENTREPOINTE DR E/HIGHGATE RD (0011468),11468,03 - At intersection,03 - P.D. only,05 - Turning movement,01 - Clear,07 - Dark,01 - Dry,01 - Traffic signal,01 - Functioning,2,0,0,0,,0,,,,,362061.6866,5023465.145,45.34879462,-75.76924041,14744
15--9367,2015/08/01,9:30 PM,HIGHWAY 416 btwn HWY416 IC49 RAMP43 & HWY416 IC42 RAMP34 (__3ZAZJ7),__3ZAZJ7,01 - Non intersection,03 - P.D. only,07 - SMV other,01 - Clear,07 - Dark,01 - Dry,10 - No control,,1,0,0,0,,0,,,,,369259.4267,5000850.256,45.14468328,-75.6803255,14745