Anom_ID,Accident_Date,Accident_Time,Location,Geo_ID,Accident_Location,Classification_of_Accident,Initial_Impact_Type,Environment_Condition,Light,Road_Surface_Condition,Traffic_Control,Traffic_Control_Condition,No__of_Vehicles,No__of_Bicycles,No__of_Motorcycles,No__of_Pedestrians,Max_Injury,No__of_Injuries,No__of_Minimal,No__of_Minor,No__of_Major,No__of_Fatal,X,Y,Latitude,Longitude,ObjectId
15--9368,2015/08/02,1:20 PM,CONROY RD @ JOHNSTON RD (0011908),11908,02 - Intersection related,03 - P.D. only,03 - Rear end,01 - Clear,01 - Daylight,01 - Dry,01 - Traffic signal,01 - Functioning,2,0,0,0,,0,,,,,373396.0864,5026308.099,45.37335743,-75.62421457,14746
15--9369,2015/08/02,1:35 PM,BOUNDARY RD btwn NINTH LINE RD & INDCUM RD (__3ZA3XU),__3ZA3XU,01 - Non intersection,03 - P.D. only,06 - SMV unattended vehicle,01 - Clear,01 - Daylight,01 - Dry,10 - No control,,1,0,0,0,,0,,,,,387736.639,5023002.848,45.34206922,-75.44170797,14747
15--937,2015/01/14,9:11 AM,MAIN ST @ RIVERDALE AVE (0007229),7229,02 - Intersection related,03 - P.D. only,04 - Sideswipe,01 - Clear,01 - Daylight,01 - Dry,01 - Traffic signal,01 - Functioning,2,0,0,0,,0,,,,,369433.1825,5029532.854,45.40274945,-75.67438231,14748
15--9370,2015/08/02,1:50 PM,HIGHWAY 417 btwn HWY417 IC127 RAMP67 & HWY417 IC126 RAMP16 (__3ZA2X0),__3ZA2X0,01 - Non intersection,02 - Non-fatal injury,99 - Other,01 - Clear,01 - Daylight,01 - Dry,10 - No control,,2,0,0,0,02 - Minor,1,,1,,,362710.6832,5025314.87,45.365385,-75.76074206,14749
15--9371,2015/08/02,10:30 PM,REGIONAL ROAD 174 btwn QUIGLEY HILL RD & REGIONAL ROAD 174 DIVIDED (__3ZA2Y5),__3ZA2Y5,01 - Non intersection,03 - P.D. only,07 - SMV other,01 - Clear,07 - Dark,01 - Dry,10 - No control,,1,0,0,0,,0,,,,,388315.3882,5042390.329,45.51642941,-75.43103644,14750
15--9372,2015/08/02,11:02 AM,HAZELDEAN RD @ EDGEWATER ST (0003176),3176,03 - At intersection,02 - Non-fatal injury,05 - Turning movement,01 - Clear,01 - Daylight,01 - Dry,01 - Traffic signal,01 - Functioning,2,0,0,0,01 - Minimal,1,1,,,,352321.1536,5017351.452,45.29450996,-75.89412564,14751
15--9373,2015/08/02,11:20 AM,AIRPORT PKWY btwn RAMP & TO BE DETERMINED (__3ZA222),__3ZA222,01 - Non intersection,02 - Non-fatal injury,01 - Approaching,01 - Clear,01 - Daylight,01 - Dry,10 - No control,,2,0,0,0,01 - Minimal,1,1,,,,369206.4931,5026075.147,45.37165899,-75.67772894,14752
15--9374,2015/08/02,11:42 PM,MONTREAL RD btwn ELWOOD ST & BECKENHAM LANE (__3ZA2DY),__3ZA2DY,01 - Non intersection,01 - Fatal injury,07 - SMV other,01 - Clear,07 - Dark,01 - Dry,10 - No control,,1,0,0,1,04 - Fatal,1,,,,1,374431.7525,5034393.831,45.44600659,-75.60985141,14753
15--9375,2015/08/02,11:49 AM,NELSON ST btwn YORK ST & RIDEAU ST (__3ZA82D),__3ZA82D,04 - At/near private drive,03 - P.D. only,06 - SMV unattended vehicle,01 - Clear,01 - Daylight,01 - Dry,10 - No control,,1,0,0,0,,0,,,,,368630.0802,5032527.419,45.4297672,-75.68425213,14754
15--9376,2015/08/02,Unknown,OSGOODE ST btwn NELSON ST & SWEETLAND AVE (__3ZA8H1),__3ZA8H1,01 - Non intersection,03 - P.D. only,06 - SMV unattended vehicle,01 - Clear,00 - Unknown,01 - Dry,10 - No control,,1,0,0,0,,0,,,,,369002.2917,5031945.299,45.42449543,-75.67957164,14755
15--9377,2015/08/02,12:00 PM,ST. JOSEPH BLVD btwn ST. JOSEPH BLVD & PLACE D'ORLEANS DR (__3ZA2AV),__3ZA2AV,04 - At/near private drive,03 - P.D. only,05 - Turning movement,01 - Clear,01 - Daylight,01 - Dry,10 - No control,,2,0,0,0,,0,,,,,381919.3805,5037933.409,45.47706676,-75.51359047,14756
15--9378,2015/08/02,12:16 PM,RAVEN AVE @ KIRKWOOD AVE (0006712),6712,03 - At intersection,03 - P.D. only,04 - Sideswipe,01 - Clear,01 - Daylight,01 - Dry,02 - Stop sign,01 - Functioning,2,0,0,0,,0,,,,,364691.4188,5026773.184,45.37834022,-75.73528242,14757
15--9379,2015/08/02,12:28 PM,BRONSON AVE btwn FLORA ST & ARLINGTON AVE (__3ZBODB),__3ZBODB,01 - Non intersection,03 - P.D. only,04 - Sideswipe,01 - Clear,01 - Daylight,01 - Dry,10 - No control,,2,0,0,0,,0,,,,,367209.0157,5029899.635,45.40625146,-75.70274435,14758
15--938,2015/01/14,9:14 PM,TERRY FOX DR @ HALKIRK AVE/WINCHESTER DR (0012574),12574,02 - Intersection related,02 - Non-fatal injury,04 - Sideswipe,01 - Clear,07 - Dark,01 - Dry,01 - Traffic signal,01 - Functioning,2,0,0,0,02 - Minor,2,,2,,,352511.6817,5016870.092,45.29016564,-75.89174293,14759
15--9380,2015/08/02,2:14 PM,CARLETON AVE @ RICHMOND RD (0005616),5616,03 - At intersection,03 - P.D. only,02 - Angle,01 - Clear,01 - Daylight,01 - Dry,02 - Stop sign,01 - Functioning,2,0,0,0,,0,,,,,364238.7267,5028930.549,45.39779036,-75.74080223,14760
15--9381,2015/08/02,2:27 PM,LYON ST @ SOMERSET ST (0010860),10860,02 - Intersection related,03 - P.D. only,03 - Rear end,01 - Clear,01 - Daylight,01 - Dry,01 - Traffic signal,01 - Functioning,2,0,0,0,,0,,,,,367366.7003,5030716.205,45.41358464,-75.70062654,14761
15--9382,2015/08/02,3:00 PM,BRANT ST @ DONALD ST (0008515),8515,02 - Intersection related,03 - P.D. only,02 - Angle,01 - Clear,01 - Daylight,01 - Dry,02 - Stop sign,01 - Functioning,2,1,0,0,,0,,,,,371312.4435,5032382.947,45.42821736,-75.64999478,14762
15--9383,2015/08/02,3:10 AM,COLONEL BY DR btwn UNIVERSITY RD & HOG'S BACK RD (__3ZA22V),__3ZA22V,01 - Non intersection,03 - P.D. only,07 - SMV other,01 - Clear,07 - Dark,01 - Dry,10 - No control,,1,0,0,0,,0,,,,,367328.5078,5026409.936,45.37484142,-75.70166022,14763
15--9384,2015/08/02,3:40 AM,HWY417 IC118 RAMP76 btwn HIGHWAY 417 & HWY417 IC118 RAMP43 (__3ZAY9N),__3ZAY9N,01 - Non intersection,03 - P.D. only,07 - SMV other,01 - Clear,07 - Dark,01 - Dry,10 - No control,,1,0,0,0,,0,,,,,369387.273,5031061.971,45.41651214,-75.67476835,14764
15--9385,2015/08/02,3:47 PM,BARLOW CRES btwn HEATHER ST & STRODE AVE (__3ZAZ55),__3ZAZ55,01 - Non intersection,03 - P.D. only,07 - SMV other,01 - Clear,01 - Daylight,01 - Dry,10 - No control,,1,0,0,0,,0,,,,,345821.7873,5036259.605,45.46505971,-75.97541502,14765
15--9386,2015/08/02,3:48 PM,MEADOWLANDS DR @ VIEWMOUNT DR (0001752),1752,02 - Intersection related,03 - P.D. only,03 - Rear end,01 - Clear,01 - Daylight,01 - Dry,01 - Traffic signal,01 - Functioning,3,0,0,0,,0,,,,,363739.6834,5023106.592,45.34542939,-75.74787078,14766
15--9387,2015/08/02,4:16 PM,PRINCE OF WALES DR btwn JOCKVALE RD & MAPLEHILL WAY (__3ZA29X),__3ZA29X,01 - Non intersection,03 - P.D. only,03 - Rear end,01 - Clear,01 - Daylight,01 - Dry,10 - No control,,2,0,0,0,,0,,,,,366732.4597,5012357.533,45.24845257,-75.71102599,14767
15--9388,2015/08/02,4:20 PM,WELLINGTON ST btwn KENT ST & BANK ST (__3ZA15A),__3ZA15A,01 - Non intersection,03 - P.D. only,03 - Rear end,01 - Clear,01 - Daylight,01 - Dry,10 - No control,,2,0,0,0,,0,,,,,367170.5343,5031573.995,45.42132028,-75.703024,14768
15--9389,2015/08/02,4:57 PM,BASELINE RD @ NAVAHO DR (0003158),3158,02 - Intersection related,03 - P.D. only,03 - Rear end,01 - Clear,01 - Daylight,01 - Dry,01 - Traffic signal,01 - Functioning,2,0,1,0,,0,,,,,363084.97,5024096.425,45.35439053,-75.7561082,14769
15--9139,2015/07/27,11:40 PM,TERMINAL AVE @ TRAINYARDS DR (0012245),12245,02 - Intersection related,03 - P.D. only,07 - SMV other,01 - Clear,07 - Dark,02 - Wet,01 - Traffic signal,01 - Functioning,1,0,0,0,,0,,,,,371845.2313,5030815.64,45.41406456,-75.64339999,14770
15--9050,2015/07/24,Unknown,BISHOPS MILLS WAY btwn CAMBRAY LANE & KETTLEBY ST (__3ZA1PS),__3ZA1PS,01 - Non intersection,03 - P.D. only,06 - SMV unattended vehicle,01 - Clear,00 - Unknown,01 - Dry,10 - No control,,1,0,0,0,,0,,,,,352409.2467,5019968.369,45.31805163,-75.89275118,14771
15--9051,2015/07/24,Unknown,SOUTHGATE RD btwn FERNWOOD DR & CLEARWATER CRES (__3ZA9ED),__3ZA9ED,01 - Non intersection,03 - P.D. only,06 - SMV unattended vehicle,01 - Clear,00 - Unknown,01 - Dry,10 - No control,,1,0,0,0,,0,,,,,371060.0271,5024864.72,45.36059517,-75.65422994,14772
15--941,2015/01/14,9:22 AM,BANK ST btwn HERON RD & ANOKA ST (__3ZA360),__3ZA360,04 - At/near private drive,03 - P.D. only,05 - Turning movement,01 - Clear,01 - Daylight,02 - Wet,10 - No control,,2,0,0,0,,0,,,,,370007.2863,5026820.217,45.37828884,-75.667408,14773
15--914,2015/01/14,8:20 AM,MOODIE DR @ WEST HUNT CLUB RD (0010414),10414,02 - Intersection related,02 - Non-fatal injury,03 - Rear end,01 - Clear,01 - Daylight,06 - Ice,01 - Traffic signal,01 - Functioning,2,0,0,0,01 - Minimal,1,1,,,,357907.6517,5018497.974,45.30442648,-75.82278211,14774
15--9052,2015/07/24,12:15 PM,BANK ST @ LAURIER AVE (0002221),2221,02 - Intersection related,03 - P.D. only,04 - Sideswipe,01 - Clear,01 - Daylight,01 - Dry,01 - Traffic signal,01 - Functioning,2,0,0,0,,0,,,,,367480.7003,5031265.228,45.41851437,-75.69910035,14775
15--9410,2015/08/03,8:33 PM,BANK ST @ SLATER ST (0002223),2223,02 - Intersection related,03 - P.D. only,04 - Sideswipe,01 - Clear,07 - Dark,01 - Dry,01 - Traffic signal,00 - Unknown,2,0,0,0,,0,,,,,367423.9817,5031356.379,45.4193396,-75.69981341,14776
15--9140,2015/07/27,11:46 AM,SECOND AVE @ BRONSON AVE (0007717),7717,03 - At intersection,03 - P.D. only,02 - Angle,01 - Clear,01 - Daylight,01 - Dry,02 - Stop sign,01 - Functioning,2,0,0,0,,0,,,,,367518.5852,5029162.962,45.39959542,-75.69888378,14777
15--9053,2015/07/24,12:50 PM,ARGYLE AVE W @ METCALFE ST (0007722),7722,02 - Intersection related,02 - Non-fatal injury,04 - Sideswipe,01 - Clear,01 - Daylight,01 - Dry,01 - Traffic signal,01 - Functioning,2,1,0,0,02 - Minor,1,,1,,,368337.7171,5030578.212,45.41225553,-75.68823953,14778
15--9411,2015/08/03,9:40 AM,AVIATION PKWY @ OGILVIE RD (0004114),4114,03 - At intersection,03 - P.D. only,07 - SMV other,01 - Clear,01 - Daylight,01 - Dry,01 - Traffic signal,01 - Functioning,1,0,0,0,,0,,,,,373110.7142,5032376.135,45.42798275,-75.62701712,14779
15--9412,2015/08/04,1:00 PM,ISABELLA ST/HWY417 IC119AR75 @ METCALFE ST (0011380),11380,02 - Intersection related,03 - P.D. only,04 - Sideswipe,01 - Clear,01 - Daylight,01 - Dry,01 - Traffic signal,00 - Unknown,2,0,0,0,,0,,,,,368449.247,5030400.015,45.41064204,-75.68683777,14780
15--9413,2015/08/04,1:04 PM,ALTA VISTA DR @ RIDGEMONT AVE (0007000),7000,02 - Intersection related,03 - P.D. only,03 - Rear end,01 - Clear,01 - Daylight,01 - Dry,01 - Traffic signal,00 - Unknown,2,0,0,0,,0,,,,,370518.4438,5026672.444,45.37691147,-75.66090171,14781
15--9414,2015/08/04,1:30 PM,RICHMOND RD btwn ROOSEVELT AVE & WINSTON AVE (__3ZA26V),__3ZA26V,01 - Non intersection,03 - P.D. only,03 - Rear end,01 - Clear,01 - Daylight,01 - Dry,10 - No control,,2,0,0,0,,0,,,,,362990.1485,5028126.079,45.39065674,-75.75684357,14782
15--9415,2015/08/04,1:54 PM,KNOXDALE RD @ WEST HUNT CLUB RD (0005165),5165,03 - At intersection,02 - Non-fatal injury,05 - Turning movement,01 - Clear,01 - Daylight,01 - Dry,01 - Traffic signal,01 - Functioning,2,0,0,0,01 - Minimal,1,1,,,,361862.965,5020584.837,45.3228939,-75.77210836,14783
15--9416,2015/08/04,10:05 PM,WEST HUNT CLUB RD @ CLEOPATRA DR/LANCELOT DR (0000114),114,03 - At intersection,02 - Non-fatal injury,07 - SMV other,02 - Rain,07 - Dark,02 - Wet,01 - Traffic signal,01 - Functioning,1,0,0,0,01 - Minimal,1,1,,,,365236.422,5021731.05,45.33292507,-75.72894064,14784
15--9417,2015/08/04,10:20 AM,BANK ST @ HERON RD (0002155),2155,02 - Intersection related,03 - P.D. only,03 - Rear end,01 - Clear,01 - Daylight,01 - Dry,01 - Traffic signal,01 - Functioning,2,0,0,0,,0,,,,,369995.72,5026850.461,45.37856204,-75.66755167,14785
15--9418,2015/08/04,10:25 AM,FALLOWFIELD RD @ GREENBANK RD (0000549),549,02 - Intersection related,03 - P.D. only,03 - Rear end,01 - Clear,01 - Daylight,01 - Dry,01 - Traffic signal,01 - Functioning,2,0,0,0,,0,,,,,363080.6757,5016732.095,45.28812695,-75.75702963,14786
15--9419,2015/08/04,10:25 PM,AVIATION PKWY @ OGILVIE RD (0004114),4114,03 - At intersection,02 - Non-fatal injury,05 - Turning movement,01 - Clear,07 - Dark,01 - Dry,01 - Traffic signal,01 - Functioning,2,0,0,0,02 - Minor,4,3,1,,,373109.9935,5032375.505,45.42797715,-75.62702641,14787
15--942,2015/01/14,9:22 AM,MARKLAND CRES btwn NEWBOROUGH CRES & MAYFORD AVE (__3ZA5A5),__3ZA5A5,04 - At/near private drive,03 - P.D. only,02 - Angle,01 - Clear,01 - Daylight,05 - Packed snow,10 - No control,,2,0,0,0,,0,,,,,366265.5228,5016351.181,45.28442819,-75.71647964,14788
15--9420,2015/08/04,11:09 PM,BRIDGE ST/MAPLE AVE @ MANOTICK MAIN ST (0008225),8225,03 - At intersection,03 - P.D. only,05 - Turning movement,01 - Clear,07 - Dark,01 - Dry,01 - Traffic signal,01 - Functioning,2,0,0,0,,0,,,,,368700.19,5009932.395,45.22645541,-75.68627259,14789
15--9421,2015/08/04,Unknown,WISTERIA CRES btwn VINTAGE LANE & TO BE DETERMINED (__4CZOFO),__4CZOFO,01 - Non intersection,03 - P.D. only,06 - SMV unattended vehicle,01 - Clear,00 - Unknown,01 - Dry,10 - No control,,1,0,0,0,,0,,,,,369739.4018,5022745.165,45.34164757,-75.67136351,14790
15--9422,2015/08/04,12:00 PM,DYNES RD btwn CLAYMOR AVE & MORLEY BLVD (__3ZAAQE),__3ZAAQE,01 - Non intersection,03 - P.D. only,06 - SMV unattended vehicle,01 - Clear,01 - Daylight,01 - Dry,10 - No control,,1,0,0,0,,0,,,,,366940.9783,5025793.772,45.36933179,-75.70668509,14791
15--9423,2015/08/04,12:22 PM,WEST HUNT CLUB RD @ CLEOPATRA DR/LANCELOT DR (0000114),114,02 - Intersection related,03 - P.D. only,03 - Rear end,01 - Clear,01 - Daylight,01 - Dry,01 - Traffic signal,01 - Functioning,2,0,0,0,,0,,,,,365234.9793,5021731.413,45.33292846,-75.728959,14792
15--9424,2015/08/04,12:24 AM,RENAUD RD @ RENAUD RD N (0003684),3684,02 - Intersection related,03 - P.D. only,07 - SMV other,01 - Clear,07 - Dark,01 - Dry,02 - Stop sign,00 - Unknown,1,0,0,0,,0,,,,,379763.5615,5032027.74,45.42416675,-75.54206091,14793
15--9425,2015/08/04,12:39 AM,ELWOOD ST @ MONTREAL RD (0009283),9283,03 - At intersection,03 - P.D. only,07 - SMV other,01 - Clear,07 - Dark,01 - Dry,01 - Traffic signal,01 - Functioning,1,0,0,0,,0,,,,,374392.2326,5034399.978,45.44606583,-75.61035569,14794
15--9426,2015/08/04,12:39 PM,HERON RD btwn WILDWOOD AVE & BANK ST (__3ZA2FC),__3ZA2FC,04 - At/near private drive,03 - P.D. only,02 - Angle,01 - Clear,01 - Daylight,01 - Dry,10 - No control,,2,0,0,0,,0,,,,,369966.8912,5026848.299,45.37854527,-75.66792002,14795
15--9427,2015/08/04,2:16 PM,BASELINE RD @ FISHER AVE (0002346),2346,02 - Intersection related,03 - P.D. only,03 - Rear end,01 - Clear,01 - Daylight,01 - Dry,01 - Traffic signal,01 - Functioning,2,0,0,0,,0,,,,,366166.6936,5026026.731,45.37149613,-75.71654002,14796
15--9428,2015/08/04,2:52 AM,EAGLESON RD @ HAZELDEAN RD/ROBERTSON RD (0002715),2715,02 - Intersection related,03 - P.D. only,07 - SMV other,01 - Clear,07 - Dark,01 - Dry,01 - Traffic signal,01 - Functioning,1,0,0,0,,0,,,,,353672.9042,5018423.379,45.30406267,-75.87678675,14797
15--9429,2015/08/04,3:00 PM,MERIVALE RD @ WOODFIELD DR/ROYDON PL (0009776),9776,03 - At intersection,03 - P.D. only,03 - Rear end,01 - Clear,01 - Daylight,01 - Dry,01 - Traffic signal,01 - Functioning,2,0,0,0,,0,,,,,365461.9804,5022299.58,45.33802117,-75.72599349,14798
15--943,2015/01/14,9:22 AM,OTTAWA RIVER PKWY @ VIMY PLACE PRIV (0012251),12251,02 - Intersection related,03 - P.D. only,03 - Rear end,01 - Clear,01 - Daylight,02 - Wet,01 - Traffic signal,01 - Functioning,3,0,0,0,,0,,,,,365974.0687,5030797.584,45.41443999,-75.71840749,14799
15--9430,2015/08/04,4:00 PM,MEADOWLANDS DR btwn DEER PARK RD & HOGAN ST (__3ZA4IP),__3ZA4IP,01 - Non intersection,03 - P.D. only,03 - Rear end,01 - Clear,01 - Daylight,01 - Dry,10 - No control,,2,0,0,0,,0,,,,,366042.3555,5024888.448,45.36126496,-75.71826837,14800
15--9431,2015/08/04,4:23 PM,CHRYSLER ST @ THIRD AVE (0007376),7376,02 - Intersection related,03 - P.D. only,07 - SMV other,01 - Clear,01 - Daylight,01 - Dry,02 - Stop sign,01 - Functioning,1,0,0,0,,0,,,,,367723.704,5029186.756,45.39979111,-75.69626098,14801
15--9432,2015/08/04,4:23 PM,CARP RD @ RIVINGTON ST (0010751),10751,03 - At intersection,03 - P.D. only,02 - Angle,01 - Clear,01 - Daylight,01 - Dry,02 - Stop sign,01 - Functioning,2,0,0,0,,0,,,,,341349.8853,5022643.957,45.3427905,-76.03360872,14802
15--9433,2015/08/04,4:30 PM,PRINCESS AVE @ ROCKCLIFFE PKWY (0012027),12027,03 - At intersection,03 - P.D. only,03 - Rear end,01 - Clear,01 - Daylight,01 - Dry,11 - Roundabout,01 - Functioning,2,0,0,0,,0,,,,,368226.3584,5034336.746,45.44608359,-75.68917803,14803
15--9434,2015/08/04,4:32 PM,WIGGINS PRIV btwn CHAPEL CRES & GOULBURN CRES (2) (__3ZBO9Z),__3ZBO9Z,01 - Non intersection,03 - P.D. only,02 - Angle,01 - Clear,01 - Daylight,01 - Dry,10 - No control,,2,0,0,0,,0,,,,,369786.3915,5031388.46,45.41941281,-75.66962629,14804
15--9435,2015/08/04,5:03 PM,BASELINE RD/HWY 416 RICHMOND IC75R53 @ RICHMON (0000148),148,02 - Intersection related,03 - P.D. only,03 - Rear end,01 - Clear,01 - Daylight,01 - Dry,01 - Traffic signal,01 - Functioning,2,0,0,0,,0,,,,,358635.219,5021822.298,45.33428361,-75.81314366,14805
15--9436,2015/08/04,5:26 PM,ST. LAURENT BLVD @ WALKLEY RD (0007653),7653,02 - Intersection related,03 - P.D. only,04 - Sideswipe,01 - Clear,01 - Daylight,01 - Dry,01 - Traffic signal,01 - Functioning,2,0,0,0,,0,,,,,373903.4721,5028046.133,45.38894563,-75.61749413,14806
15--9437,2015/08/04,5:28 PM,WOODBURY CRES btwn BLOHM DR & BLOHM DR (__3ZA455),__3ZA455,01 - Non intersection,03 - P.D. only,01 - Approaching,01 - Clear,01 - Daylight,01 - Dry,10 - No control,,2,0,0,0,,0,,,,,374113.8952,5025682.702,45.36765975,-75.61513895,14807
15--9438,2015/08/04,5:30 PM,TENTH LINE RD btwn VANGUARD DR & LAKEPOINTE DR (__4V3JUE),__4V3JUE,01 - Non intersection,03 - P.D. only,03 - Rear end,01 - Clear,01 - Daylight,01 - Dry,10 - No control,,2,0,0,0,,0,,,,,384249.6309,5035454.476,45.45450237,-75.48419032,14808
15--9439,2015/08/04,6:00 PM,HERON RD @ WALKLEY RD (0011256),11256,02 - Intersection related,03 - P.D. only,04 - Sideswipe,01 - Clear,01 - Daylight,01 - Dry,01 - Traffic signal,01 - Functioning,3,0,0,0,,0,,,,,372268.6165,5027083.815,45.38044648,-75.63850166,14809
15--944,2015/01/14,9:30 AM,ROCKCLIFFE PKWY btwn ACACIA AVE & HILLSDALE RD (__3ZA21Z),__3ZA21Z,01 - Non intersection,03 - P.D. only,03 - Rear end,01 - Clear,01 - Daylight,03 - Loose snow,10 - No control,,2,0,0,0,,0,,,,,369390.6462,5035535.129,45.45675951,-75.67413833,14810
15--9440,2015/08/04,6:28 AM,CONROY RD @ LYNCH ST (0009362),9362,02 - Intersection related,02 - Non-fatal injury,07 - SMV other,01 - Clear,01 - Daylight,01 - Dry,02 - Stop sign,01 - Functioning,1,0,0,0,02 - Minor,1,,1,,,374945.03,5022624.134,45.34005739,-75.60496391,14811
15--9441,2015/08/04,6:35 PM,KINBURN SIDE RD @ STONECREST RD (0002367),2367,02 - Intersection related,03 - P.D. only,03 - Rear end,01 - Clear,01 - Daylight,01 - Dry,02 - Stop sign,00 - Unknown,2,0,0,0,,0,,,,,334900.2968,5033075.812,45.43696697,-76.11526969,14812
15--9442,2015/08/04,7:20 PM,RIVERSIDE DR RAMP 42A @ RIVERSIDE DR (0010862),10862,02 - Intersection related,03 - P.D. only,03 - Rear end,02 - Rain,01 - Daylight,02 - Wet,03 - Yield sign,01 - Functioning,2,0,0,0,,0,,,,,368441.4762,5027267.09,45.38245365,-75.68734122,14813
15--9443,2015/08/04,7:30 PM,KING EDWARD AVE @ RIDEAU ST (0002121),2121,03 - At intersection,02 - Non-fatal injury,02 - Angle,01 - Clear,01 - Daylight,01 - Dry,01 - Traffic signal,01 - Functioning,2,0,0,0,01 - Minimal,9,9,,,,368510.9865,5032412.508,45.42874413,-75.68578886,14814
15--9444,2015/08/04,7:33 AM,MENTEN PL btwn END & MOODIE DR (__3ZA5ZU),__3ZA5ZU,04 - At/near private drive,03 - P.D. only,99 - Other,01 - Clear,01 - Daylight,01 - Dry,10 - No control,,2,0,0,0,,0,,,,,357041.3956,5021077.484,45.32770217,-75.83355565,14815
15--9445,2015/08/04,8:02 PM,KANATA AVE @ LORD BYNG WAY/MARITIME WAY (0009115),9115,02 - Intersection related,03 - P.D. only,03 - Rear end,01 - Clear,05 - Dusk,02 - Wet,01 - Traffic signal,01 - Functioning,2,0,0,0,,0,,,,,351429.0176,5019332.107,45.31239217,-75.90531306,14816
15--9446,2015/08/04,8:25 AM,HUNT CLUB RD @ RIVERSIDE DR (0002237),2237,02 - Intersection related,03 - P.D. only,03 - Rear end,01 - Clear,01 - Daylight,01 - Dry,01 - Traffic signal,01 - Functioning,2,0,0,0,,0,,,,,368036.8832,5021945.589,45.33460868,-75.69318789,14817
15--9447,2015/08/04,8:37 PM,IONA ST @ ISLAND PARK DR (0006683),6683,03 - At intersection,03 - P.D. only,02 - Angle,01 - Clear,07 - Dark,02 - Wet,01 - Traffic signal,01 - Functioning,2,0,0,0,,0,,,,,364348.5221,5028388.203,45.3929011,-75.73946543,14818
15--9448,2015/08/04,9:10 PM,ISLAND PARK DR btwn BYRON AVE & IONA ST (__3ZA233),__3ZA233,01 - Non intersection,02 - Non-fatal injury,03 - Rear end,01 - Clear,07 - Dark,02 - Wet,10 - No control,,2,0,0,0,02 - Minor,1,,1,,,364339.8759,5028414.968,45.39314266,-75.73957261,14819
15--9449,2015/08/04,9:30 AM,CAMPEAU DR @ HERLIHEY WAY (0012766),12766,03 - At intersection,03 - P.D. only,02 - Angle,01 - Clear,01 - Daylight,01 - Dry,01 - Traffic signal,01 - Functioning,2,0,0,0,,0,,,,,350508.5849,5019176.403,45.31105162,-75.91706562,14820
15--945,2015/01/14,9:34 AM,RICHMOND RD @ STINSON AVE (0001130),1130,03 - At intersection,02 - Non-fatal injury,07 - SMV other,01 - Clear,01 - Daylight,02 - Wet,01 - Traffic signal,01 - Functioning,1,0,0,1,02 - Minor,1,,1,,,357871.6309,5020930.978,45.32632161,-75.82298076,14821
15--9450,2015/08/04,9:56 AM,BRONSON AVE @ CARLING AVE/GLEBE AVE (0002134),2134,02 - Intersection related,03 - P.D. only,04 - Sideswipe,01 - Clear,01 - Daylight,01 - Dry,01 - Traffic signal,01 - Functioning,2,0,0,0,,0,,,,,367447.707,5029334.481,45.40114505,-75.69976724,14822
15--9451,2015/08/04,9:57 PM,GREGG ST @ CLEMENTINE BLVD (0006824),6824,02 - Intersection related,03 - P.D. only,03 - Rear end,01 - Clear,07 - Dark,01 - Dry,02 - Stop sign,01 - Functioning,2,0,0,0,,0,,,,,369548.5105,5026594.631,45.37630163,-75.67329479,14823
15--9452,2015/08/05,1:02 PM,TOTEM DR btwn COVEHEAD CRES & RAINFOREST DR (__3ZA1JB),__3ZA1JB,01 - Non intersection,03 - P.D. only,06 - SMV unattended vehicle,01 - Clear,01 - Daylight,01 - Dry,10 - No control,,1,0,0,0,,0,,,,,368231.0321,5015758.884,45.27892416,-75.69150285,14824
15--9453,2015/08/05,1:20 PM,FISHER AVE btwn ARNOT RD & DEER PARK RD (__3ZA4IF),__3ZA4IF,04 - At/near private drive,03 - P.D. only,02 - Angle,01 - Clear,01 - Daylight,01 - Dry,10 - No control,,2,0,0,0,,0,,,,,366392.5744,5025486.879,45.36661884,-75.71372381,14825
15--9454,2015/08/05,10:11 AM,INDUSTRIAL AVE/INNES RD @ ST. LAURENT BLVD (0002203),2203,02 - Intersection related,03 - P.D. only,03 - Rear end,01 - Clear,01 - Daylight,01 - Dry,01 - Traffic signal,01 - Functioning,2,0,0,0,,0,,,,,373100.4481,5030004.486,45.40664479,-75.62747702,14826
15--9455,2015/08/05,10:30 AM,HWY 417 WOODROFF IC127R62 @ WOODROFFE AVE (0002349),2349,02 - Intersection related,02 - Non-fatal injury,03 - Rear end,01 - Clear,01 - Daylight,01 - Dry,03 - Yield sign,01 - Functioning,2,0,0,0,02 - Minor,1,,1,,,362050.1959,5025018.94,45.3627765,-75.7692071,14827
15--9456,2015/08/05,10:58 AM,ALBERT ST btwn O'CONNOR ST & METCALFE ST (__3ZA35U),__3ZA35U,01 - Non intersection,03 - P.D. only,04 - Sideswipe,01 - Clear,01 - Daylight,01 - Dry,10 - No control,,2,0,0,0,,0,,,,,367557.4412,5031531.023,45.42089903,-75.69808603,14828
15--9457,2015/08/05,10:59 AM,SOMERSET ST    W btwn BAYSWATER AVE & BREEZEHILL AVE N (__3ZA31E),__3ZA31E,01 - Non intersection,03 - P.D. only,04 - Sideswipe,01 - Clear,01 - Daylight,01 - Dry,10 - No control,,2,0,0,0,,0,,,,,365841.1122,5029924.6,45.40659672,-75.72021416,14829