Anom_ID,Accident_Date,Accident_Time,Location,Geo_ID,Accident_Location,Classification_of_Accident,Initial_Impact_Type,Environment_Condition,Light,Road_Surface_Condition,Traffic_Control,Traffic_Control_Condition,No__of_Vehicles,No__of_Bicycles,No__of_Motorcycles,No__of_Pedestrians,Max_Injury,No__of_Injuries,No__of_Minimal,No__of_Minor,No__of_Major,No__of_Fatal,X,Y,Latitude,Longitude,ObjectId
15--9458,2015/08/05,12:14 PM,DICKINSON AVE btwn FIELDING CRT & NOBLE CRES (__3ZA9D7),__3ZA9D7,01 - Non intersection,03 - P.D. only,02 - Angle,01 - Clear,01 - Daylight,01 - Dry,10 - No control,,2,0,0,0,,0,,,,,368636.125,5024356.079,45.35624345,-75.6852321,14830
15--9459,2015/08/05,3:00 PM,KENT ST btwn LAURIER AVE W & GLOUCESTER ST (__3ZBOFI),__3ZBOFI,01 - Non intersection,03 - P.D. only,06 - SMV unattended vehicle,01 - Clear,01 - Daylight,01 - Dry,10 - No control,,1,0,0,0,,0,,,,,367322.4648,5031156.3,45.41754843,-75.70113582,14831
15--946,2015/01/14,9:38 AM,INNES RD btwn PAGE RD & 473 E OF PAGE RD/BUILDERS' WAREHOUSE SC (__3ZAYFDA),__3ZAYFDA,01 - Non intersection,03 - P.D. only,03 - Rear end,01 - Clear,01 - Daylight,01 - Dry,10 - No control,,2,0,0,0,,0,,,,,380980.2791,5034595.976,45.44714233,-75.52611763,14832
15--9460,2015/08/05,3:31 PM,HUNT CLUB RD btwn NORTH BOWESVILLE RD & BILLY BISHOP PRIV (__5G43Y1),__5G43Y1,01 - Non intersection,03 - P.D. only,03 - Rear end,01 - Clear,01 - Daylight,01 - Dry,10 - No control,,3,0,0,0,,0,,,,,368691.4804,5022330.873,45.33801608,-75.68478727,14833
15--9461,2015/08/05,3:33 PM,ROBERTSON RD @ VANIER RD (0000640),640,03 - At intersection,03 - P.D. only,02 - Angle,01 - Clear,01 - Daylight,01 - Dry,01 - Traffic signal,01 - Functioning,2,0,0,0,,0,,,,,357397.0952,5020644.402,45.3237787,-75.8290643,14834
15--9462,2015/08/05,4:10 PM,OLD INNES RD @ BANTREE ST (0007674),7674,03 - At intersection,03 - P.D. only,04 - Sideswipe,01 - Clear,01 - Daylight,01 - Dry,02 - Stop sign,01 - Functioning,2,0,0,0,,0,,,,,373728.7863,5030353.582,45.40972419,-75.61940228,14835
15--9463,2015/08/05,4:14 PM,BANTREE ST @ INNES RD (0007684),7684,03 - At intersection,03 - P.D. only,05 - Turning movement,01 - Clear,01 - Daylight,01 - Dry,01 - Traffic signal,01 - Functioning,3,0,0,0,,0,,,,,373705.7232,5030406.916,45.41020633,-75.61968943,14836
15--9464,2015/08/05,5:06 PM,COLDREY AVE @ KIRKWOOD AVE (0006736),6736,02 - Intersection related,03 - P.D. only,03 - Rear end,01 - Clear,01 - Daylight,01 - Dry,01 - Traffic signal,01 - Functioning,2,0,0,0,,0,,,,,364439.4162,5027135.459,45.38162141,-75.73845604,14837
15--9465,2015/08/05,5:15 PM,CARLING AVE @ 640 W OF RANGE RD/D.N.D. ENTRANC (0004603),4603,02 - Intersection related,02 - Non-fatal injury,03 - Rear end,01 - Clear,01 - Daylight,01 - Dry,01 - Traffic signal,01 - Functioning,2,0,0,0,01 - Minimal,2,2,,,,353356.1,5022977.169,45.34506049,-75.88037976,14838
15--9466,2015/08/05,5:15 PM,COLONNADE RD @ MERIVALE RD (0004569),4569,02 - Intersection related,03 - P.D. only,03 - Rear end,01 - Clear,01 - Daylight,01 - Dry,01 - Traffic signal,01 - Functioning,2,0,0,0,,0,,,,,365362.973,5022543.774,45.34022695,-75.72722676,14839
15--9467,2015/08/05,5:17 PM,CARP RD btwn WESTBROOK RD & LLOYDALEX CRES (__3ZA3DZ),__3ZA3DZ,01 - Non intersection,03 - P.D. only,03 - Rear end,01 - Clear,01 - Daylight,01 - Dry,10 - No control,,2,0,0,0,,0,,,,,347770.7183,5015410.369,45.2773364,-75.95230704,14840
15--9468,2015/08/05,5:35 PM,FISHER AVE @ 220 S OF TRENT ST (0008825),8825,02 - Intersection related,03 - P.D. only,03 - Rear end,01 - Clear,01 - Daylight,01 - Dry,01 - Traffic signal,01 - Functioning,2,0,0,0,,0,,,,,365871.5493,5026727.329,45.37782575,-75.7202211,14841
15--9469,2015/08/05,5:45 AM,MARCH VALLEY RD btwn RIDDELL DR & KLONDIKE RD (__3ZACJC),__3ZACJC,01 - Non intersection,02 - Non-fatal injury,07 - SMV other,01 - Clear,03 - Dawn,01 - Dry,10 - No control,,1,0,0,0,01 - Minimal,1,1,,,,348511.7509,5026917.58,45.38083581,-75.94184642,14842
15--947,2015/01/15,1:00 PM,LEES AVE btwn HWY417 IC118 RAMP45 & TRANSIT (__3ZA3CM),__3ZA3CM,04 - At/near private drive,03 - P.D. only,02 - Angle,01 - Clear,01 - Daylight,01 - Dry,10 - No control,,2,0,0,0,,0,,,,,369612.6842,5030924.804,45.41525712,-75.67190661,14843
15--9470,2015/08/05,6:00 PM,MARCH RD @ TERRY FOX DR (0003173),3173,02 - Intersection related,02 - Non-fatal injury,03 - Rear end,01 - Clear,01 - Daylight,01 - Dry,01 - Traffic signal,01 - Functioning,2,0,0,0,01 - Minimal,3,3,,,,349866.05,5023398.428,45.34908399,-75.92487526,14844
15--9471,2015/08/05,6:02 AM,EAGLESON RD btwn AKINS RD & RUSHMORE RD (__3ZA42M),__3ZA42M,01 - Non intersection,02 - Non-fatal injury,07 - SMV other,01 - Clear,03 - Dawn,01 - Dry,10 - No control,,1,0,0,0,02 - Minor,1,,1,,,356739.3081,5010557.731,45.23306595,-75.83851002,14845
15--9472,2015/08/05,6:08 PM,HIGHWAY 417 btwn HWY417 IC163 RAMP61 & HWY417 IC155 RAMP36 (__3ZA2QB),__3ZA2QB,01 - Non intersection,02 - Non-fatal injury,06 - SMV unattended vehicle,01 - Clear,01 - Daylight,01 - Dry,10 - No control,,1,0,0,2,02 - Minor,3,1,2,,,336138.5332,5020242.84,45.32143627,-76.10025794,14846
15--9473,2015/08/05,6:20 PM,TERRY FOX DR @ HALKIRK AVE/WINCHESTER DR (0012574),12574,02 - Intersection related,03 - P.D. only,03 - Rear end,01 - Clear,01 - Daylight,01 - Dry,01 - Traffic signal,01 - Functioning,2,0,0,0,,0,,,,,352512.2767,5016871.082,45.29017451,-75.89173525,14847
15--9474,2015/08/05,6:23 AM,BANK ST @ RIDEAU RD (0009263),9263,02 - Intersection related,03 - P.D. only,03 - Rear end,01 - Clear,01 - Daylight,01 - Dry,01 - Traffic signal,01 - Functioning,2,0,0,0,,0,,,,,376954.7525,5017845.554,45.29685802,-75.58001964,14848
15--9475,2015/08/05,6:30 PM,BARNSDALE RD btwn TWIN ELM RD & MOODIE DR (__3ZAB90),__3ZAB90,01 - Non intersection,03 - P.D. only,07 - SMV other,01 - Clear,01 - Daylight,01 - Dry,10 - No control,,1,0,0,0,,0,,,,,361540.0517,5008617.154,45.21523388,-75.77759446,14849
15--9476,2015/08/05,6:30 PM,CARLING AVE @ CLYDE AVE/COLE AVE (0006984),6984,03 - At intersection,03 - P.D. only,05 - Turning movement,01 - Clear,01 - Daylight,01 - Dry,01 - Traffic signal,01 - Functioning,2,0,0,0,,0,,,,,363520.6906,5026849.461,45.37912565,-75.75022037,14850
15--9477,2015/08/05,7:58 AM,GLADSTONE AVE @ ROCHESTER ST (0006496),6496,02 - Intersection related,03 - P.D. only,04 - Sideswipe,01 - Clear,01 - Daylight,01 - Dry,01 - Traffic signal,01 - Functioning,2,0,0,0,,0,,,,,366663.4187,5029787.205,45.40528828,-75.70972762,14851
15--9478,2015/08/05,8:00 AM,BASELINE RD btwn SOUTHWOOD DR & COBDEN RD (__3ZA4MP),__3ZA4MP,01 - Non intersection,03 - P.D. only,03 - Rear end,01 - Clear,01 - Daylight,01 - Dry,10 - No control,,2,0,0,0,,0,,,,,361596.2039,5023182.646,45.34629056,-75.77521275,14852
15--9479,2015/08/05,8:47 AM,ALTA VISTA DR btwn DORION AVE & DALE AVE (__3ZA963),__3ZA963,04 - At/near private drive,03 - P.D. only,05 - Turning movement,01 - Clear,01 - Daylight,01 - Dry,10 - No control,,2,0,0,0,,0,,,,,370679.2038,5030151.496,45.4081996,-75.65838482,14853
15--9141,2015/07/27,12:19 PM,ELGIN ST btwn LISGAR ST & COOPER ST (__3ZA340),__3ZA340,01 - Non intersection,03 - P.D. only,04 - Sideswipe,01 - Clear,01 - Daylight,01 - Dry,10 - No control,,2,0,0,0,,0,,,,,368112.001,5031285.215,45.41863737,-75.69103217,14854
15--9054,2015/07/24,2:17 PM,ELGIN ST @ FRANK ST (0007287),7287,03 - At intersection,02 - Non-fatal injury,02 - Angle,01 - Clear,01 - Daylight,01 - Dry,02 - Stop sign,01 - Functioning,2,0,0,0,01 - Minimal,1,1,,,,368356.9904,5030888.212,45.41504306,-75.68795334,14855
15--9142,2015/07/27,2:50 AM,HIGHWAY 417 btwn HWY 417 ANDERSON IC104R61 & HWY 417 BOUNDARY IC96R16 (__3ZA2W5),__3ZA2W5,01 - Non intersection,02 - Non-fatal injury,07 - SMV other,"07 - Fog, mist, smoke, dust",07 - Dark,01 - Dry,10 - No control,,1,0,0,0,03 - Major,4,,3,1,,381569.3747,5025632.323,45.36642954,-75.51998346,14856
15--9143,2015/07/27,3:11 PM,RICHMOND RD btwn PINEWOOD CRES & CARLING AVE (__3ZA4MA),__3ZA4MA,01 - Non intersection,03 - P.D. only,04 - Sideswipe,01 - Clear,01 - Daylight,01 - Dry,10 - No control,,2,0,0,0,,0,,,,,360130.6846,5024569.87,45.35888992,-75.79375783,14857
15--9055,2015/07/24,2:20 PM,POULIN AVE @ CONN ST (0003030),3030,03 - At intersection,03 - P.D. only,07 - SMV other,01 - Clear,01 - Daylight,01 - Dry,02 - Stop sign,01 - Functioning,1,0,0,0,,0,,,,,360228.4991,5025120.085,45.36383301,-75.79244771,14858
15--9144,2015/07/27,3:36 PM,BANK ST @ JOHNSTON RD (0006967),6967,02 - Intersection related,03 - P.D. only,03 - Rear end,01 - Clear,01 - Daylight,01 - Dry,01 - Traffic signal,01 - Functioning,2,0,0,0,,0,,,,,370851.0098,5024839.168,45.36038499,-75.65690105,14859
15--9056,2015/07/24,2:25 PM,CHURCHILL AVE @ RICHMOND RD (0002361),2361,02 - Intersection related,03 - P.D. only,03 - Rear end,01 - Clear,01 - Daylight,01 - Dry,01 - Traffic signal,01 - Functioning,2,0,0,0,,0,,,,,363226.9731,5028292.912,45.39213816,-75.75379954,14860
15--9145,2015/07/27,4:03 PM,EARL ARMSTRONG RD @ RIVER RD (0012470),12470,02 - Intersection related,03 - P.D. only,04 - Sideswipe,01 - Clear,01 - Daylight,01 - Dry,01 - Traffic signal,01 - Functioning,2,0,0,0,,0,,,,,367571.9978,5014684.758,45.26931841,-75.70003793,14861
15--9057,2015/07/24,2:29 PM,ISLAND PARK DR @ HELENA ST (0006915),6915,03 - At intersection,03 - P.D. only,02 - Angle,01 - Clear,01 - Daylight,01 - Dry,02 - Stop sign,01 - Functioning,2,0,0,0,,0,,,,,364414.4238,5028239.917,45.39156125,-75.73864174,14862
15--9146,2015/07/27,4:26 PM,HUNT CLUB RD btwn DAZE ST & TURN LANE (__5AFH5U),__5AFH5U,01 - Non intersection,03 - P.D. only,03 - Rear end,01 - Clear,01 - Daylight,01 - Dry,10 - No control,,3,0,0,0,,0,,,,,371306.864,5023867.747,45.35160136,-75.65121368,14863
15--9058,2015/07/24,2:36 PM,LEIGHTON TER @ RICHMOND RD (0002037),2037,03 - At intersection,02 - Non-fatal injury,02 - Angle,01 - Clear,01 - Daylight,01 - Dry,02 - Stop sign,01 - Functioning,3,0,0,0,01 - Minimal,3,3,,,,364062.2301,5028821.742,45.39682629,-75.74306946,14864
15--9147,2015/07/27,4:30 PM,HAZELDEAN RD btwn TURN LANE & SPRINGBROOK DR (__3ZBOGB),__3ZBOGB,01 - Non intersection,03 - P.D. only,03 - Rear end,01 - Clear,01 - Daylight,01 - Dry,10 - No control,,2,0,0,0,,0,,,,,349731.4058,5014989.712,45.27342862,-75.92735596,14865
15--9059,2015/07/24,3:00 PM,BRITANNIA RD @ MARIE ST (0002592),2592,03 - At intersection,03 - P.D. only,02 - Angle,01 - Clear,01 - Daylight,01 - Dry,02 - Stop sign,01 - Functioning,2,0,0,0,,0,,,,,360104.2389,5024895.874,45.36182538,-75.79405888,14866
15--9148,2015/07/27,4:35 PM,BRONSON AVE @ SUNNYSIDE AVE/UNIVERSITY RD - CA (0007209),7209,02 - Intersection related,03 - P.D. only,04 - Sideswipe,01 - Clear,01 - Daylight,01 - Dry,01 - Traffic signal,01 - Functioning,3,0,0,0,,0,,,,,367920.265,5028096.501,45.38996362,-75.69389,14867
15--906,2015/01/14,8:04 AM,WEST HUNT CLUB RD WB btwn 545 E OF ROYDON PL/SUNDERLAND ST & ANTARES D (__3ZA3JSB),__3ZA3JSB,07 - Overpass or bridge,03 - P.D. only,03 - Rear end,01 - Clear,01 - Daylight,06 - Ice,10 - No control,,2,0,0,0,,0,,,,,367013.2535,5022257.405,45.33750585,-75.70620747,14868
15--9149,2015/07/27,4:50 PM,GREENBANK RD @ MALVERN DR/FOXFIELD DR (0009821),9821,02 - Intersection related,03 - P.D. only,03 - Rear end,01 - Clear,01 - Daylight,01 - Dry,01 - Traffic signal,01 - Functioning,3,0,0,0,,0,,,,,363311.6864,5016193.352,45.28326014,-75.75414845,14869
15--9060,2015/07/24,3:09 PM,BANK ST @ PARKWAY RD (0005709),5709,03 - At intersection,02 - Non-fatal injury,02 - Angle,01 - Clear,01 - Daylight,01 - Dry,01 - Traffic signal,01 - Functioning,2,0,0,0,01 - Minimal,3,3,,,,378746.7658,5014207.802,45.2639408,-75.55771634,14870
15--9061,2015/07/24,3:12 PM,BANK ST @ GLEBE AVE (0007713),7713,03 - At intersection,02 - Non-fatal injury,02 - Angle,01 - Clear,01 - Daylight,01 - Dry,01 - Traffic signal,01 - Functioning,2,1,0,0,01 - Minimal,1,1,,,,368239.7106,5029786.485,45.40514072,-75.68959342,14871
15--9062,2015/07/24,3:20 PM,CARLING AVE WB btwn POULIN AVE & ALPINE AVE (__3ZA4VZ),__3ZA4VZ,01 - Non intersection,03 - P.D. only,03 - Rear end,01 - Clear,01 - Daylight,01 - Dry,10 - No control,,2,0,0,0,,0,,,,,360374.6269,5024866.24,45.36153735,-75.79061106,14872
15--9063,2015/07/24,3:45 PM,MERIVALE RD btwn WOODFIELD DR & 170 N OF WEST HUNT CLUB RD/COSTCO SC (__3ZA33DA),__3ZA33DA,04 - At/near private drive,03 - P.D. only,05 - Turning movement,01 - Clear,01 - Daylight,01 - Dry,10 - No control,,2,0,0,0,,0,,,,,365509.9079,5022186.986,45.33700392,-75.72539584,14873
15--9064,2015/07/24,4:30 PM,ROCKDALE RD @ RUSSELL RD (0004677),4677,03 - At intersection,03 - P.D. only,02 - Angle,01 - Clear,01 - Daylight,01 - Dry,02 - Stop sign,01 - Functioning,2,0,0,0,,0,,,,,393758.4198,5026972.114,45.37704252,-75.36416884,14874
15--9065,2015/07/24,4:41 PM,ST. LAURENT BLVD btwn BOURASSA ST & SMYTH RD (__3ZA3R6),__3ZA3R6,01 - Non intersection,03 - P.D. only,03 - Rear end,01 - Clear,01 - Daylight,01 - Dry,10 - No control,,2,0,0,0,,0,,,,,373243.9392,5029671.575,45.40363539,-75.62569038,14875
15--9066,2015/07/24,4:45 PM,FALLOWFIELD RD @ MOODIE DR (0010412),10412,02 - Intersection related,03 - P.D. only,03 - Rear end,01 - Clear,01 - Daylight,01 - Dry,01 - Traffic signal,01 - Functioning,2,0,0,0,,0,,,,,359501.6559,5014635.332,45.2695477,-75.80288306,14876
15--9067,2015/07/24,4:48 PM,CUMMINGS AVE @ OGILVIE RD (0009923),9923,02 - Intersection related,03 - P.D. only,03 - Rear end,01 - Clear,01 - Daylight,01 - Dry,01 - Traffic signal,01 - Functioning,2,0,0,0,,0,,,,,372747.9995,5032170.946,45.42617188,-75.63168023,14877
15--9068,2015/07/24,4:48 PM,CONROY RD @ ROSEBELLA AVE (0009358),9358,03 - At intersection,03 - P.D. only,02 - Angle,01 - Clear,01 - Daylight,01 - Dry,02 - Stop sign,01 - Functioning,2,0,0,0,,0,,,,,374288.0266,5024189.424,45.35420662,-75.61312621,14878
15--9069,2015/07/24,5:00 PM,REGIONAL RD 174 @ TRIM RD (0012835),12835,02 - Intersection related,02 - Non-fatal injury,03 - Rear end,01 - Clear,01 - Daylight,01 - Dry,01 - Traffic signal,01 - Functioning,3,0,0,0,01 - Minimal,2,2,,,,384352.574,5039989.26,45.49529035,-75.48214004,14879
15--907,2015/01/14,8:04 AM,WEST HUNT CLUB RD WB btwn 545 E OF ROYDON PL/SUNDERLAND ST & ANTARES D (__3ZA3JSB),__3ZA3JSB,07 - Overpass or bridge,03 - P.D. only,03 - Rear end,01 - Clear,01 - Daylight,06 - Ice,10 - No control,,2,0,0,0,,0,,,,,367014.2173,5022255.478,45.33748842,-75.70619541,14880
15--9070,2015/07/24,5:00 PM,HEMLOCK RD @ ST. LAURENT BLVD (0007183),7183,02 - Intersection related,03 - P.D. only,03 - Rear end,01 - Clear,01 - Daylight,01 - Dry,01 - Traffic signal,01 - Functioning,2,0,0,0,,0,,,,,371146.4296,5034781.958,45.44981833,-75.65179277,14881
15--9071,2015/07/24,5:17 PM,KIRKWOOD AVE btwn GEOFFREY ST & NORA ST (__3ZA4OU),__3ZA4OU,01 - Non intersection,03 - P.D. only,01 - Approaching,01 - Clear,01 - Daylight,01 - Dry,10 - No control,,2,0,0,0,,0,,,,,363957.1824,5028221.815,45.39143714,-75.744483,14882
15--9072,2015/07/24,5:30 PM,HIGHWAY 417 btwn HWY417 IC117 RAMP51 & HWY417 IC117 RAMP35 (__3ZA2YN),__3ZA2YN,01 - Non intersection,03 - P.D. only,04 - Sideswipe,01 - Clear,01 - Daylight,01 - Dry,10 - No control,,2,0,0,0,,0,,,,,370636.7351,5031163.2,45.41730651,-75.65879216,14883
15--9073,2015/07/24,5:40 PM,HIGHWAY 417 btwn HWY417 IC127 RAMP25 & HWY417 IC126 RAMP51 (__3ZA2XA),__3ZA2XA,01 - Non intersection,03 - P.D. only,03 - Rear end,01 - Clear,01 - Daylight,01 - Dry,10 - No control,,3,0,0,0,,0,,,,,363179.8318,5025847.365,45.37013741,-75.75469074,14884
15--9074,2015/07/24,5:41 PM,RIDEAU ST btwn CUMBERLAND ST & KING EDWARD AVE (__3ZBOFX),__3ZBOFX,04 - At/near private drive,03 - P.D. only,03 - Rear end,01 - Clear,01 - Daylight,01 - Dry,10 - No control,,2,0,0,0,,0,,,,,368490.0856,5032401.697,45.42864876,-75.68605734,14885
15--9075,2015/07/24,5:45 PM,BRITANNIA RD btwn CASSELS ST & ROWATT ST (__3ZAAEU),__3ZAAEU,01 - Non intersection,03 - P.D. only,06 - SMV unattended vehicle,01 - Clear,01 - Daylight,01 - Dry,10 - No control,,1,0,0,0,,0,,,,,359605.1459,5025955.069,45.37139518,-75.80031168,14886
15--9076,2015/07/24,6:03 PM,FAIRLAWN AVE btwn WOODROFFE AVE & FOX CRES (__3ZA4NJ),__3ZA4NJ,04 - At/near private drive,03 - P.D. only,02 - Angle,01 - Clear,01 - Daylight,01 - Dry,10 - No control,,2,0,0,0,,0,,,,,361973.1954,5025731.587,45.36919512,-75.77010746,14887
15--9077,2015/07/24,6:11 PM,GREENBANK RD btwn HWY 417 IC129 RAMP57 & HWY417 IC129 RAMP53 (__6KDGD3),__6KDGD3,01 - Non intersection,03 - P.D. only,03 - Rear end,01 - Clear,01 - Daylight,01 - Dry,10 - No control,,4,0,0,0,,0,,,,,360525.5432,5023300.602,45.3474378,-75.78886129,14888
15--9078,2015/07/24,6:25 PM,NAVAN RD @ TENTH LINE RD (0004718),4718,02 - Intersection related,02 - Non-fatal injury,03 - Rear end,01 - Clear,01 - Daylight,01 - Dry,01 - Traffic signal,01 - Functioning,2,0,0,0,01 - Minimal,1,1,,,,385757.0668,5031832.893,45.42174574,-75.46551564,14889
15--9079,2015/07/24,6:30 PM,HIGHWAY 417 btwn HWY417 IC119A RAMP75 & HWY417 IC118 RAMP57 (__3ZA2R2),__3ZA2R2,01 - Non intersection,03 - P.D. only,04 - Sideswipe,01 - Clear,01 - Daylight,01 - Dry,10 - No control,,2,0,0,0,,0,,,,,368627.0073,5030531.124,45.41180552,-75.68455002,14890
15--908,2015/01/14,8:13 AM,EAGLESON RD @ HAZELDEAN RD/ROBERTSON RD (0002715),2715,02 - Intersection related,03 - P.D. only,03 - Rear end,01 - Clear,01 - Daylight,06 - Ice,01 - Traffic signal,01 - Functioning,5,0,0,0,,0,,,,,353673.6249,5018423.014,45.30405934,-75.87677759,14891
15--9080,2015/07/24,6:32 PM,WALKLEY RD btwn HARDING RD & HALIFAX DR (__3ZA2EK),__3ZA2EK,04 - At/near private drive,02 - Non-fatal injury,02 - Angle,01 - Clear,01 - Daylight,01 - Dry,10 - No control,,2,1,0,0,02 - Minor,1,,1,,,373471.4848,5027800.444,45.38677752,-75.62304449,14892
15--9081,2015/07/24,6:45 PM,MERIVALE RD @ WOODFIELD DR/ROYDON PL (0009776),9776,02 - Intersection related,03 - P.D. only,03 - Rear end,01 - Clear,01 - Daylight,01 - Dry,01 - Traffic signal,01 - Functioning,2,0,0,0,,0,,,,,365463.4231,5022298.499,45.33801132,-75.72597522,14893
15--9082,2015/07/24,6:59 PM,KINCARDINE DR btwn TO BE DETERMINED & HALKIRK AVE (__3ZAZ87),__3ZAZ87,04 - At/near private drive,03 - P.D. only,99 - Other,01 - Clear,01 - Daylight,01 - Dry,10 - No control,,2,0,0,0,,0,,,,,352235.1413,5017015.089,45.29148909,-75.89525437,14894
15--9083,2015/07/24,7:14 PM,FISHER AVE btwn HOLLAND AVE & CRERAR AVE (__3ZA4ND),__3ZA4ND,01 - Non intersection,03 - P.D. only,04 - Sideswipe,01 - Clear,01 - Daylight,01 - Dry,10 - No control,,2,0,0,0,,0,,,,,365408.4671,5027805.33,45.3875656,-75.72600097,14895
15--9084,2015/07/24,7:35 PM,CLARE ST @ KIRKWOOD AVE (0006079),6079,02 - Intersection related,03 - P.D. only,99 - Other,01 - Clear,01 - Daylight,01 - Dry,01 - Traffic signal,01 - Functioning,2,0,0,0,,0,,,,,364068.1377,5027973.911,45.38919716,-75.74309585,14896
15--9085,2015/07/24,8:42 PM,PRINCE OF WALES DR @ WEST HUNT CLUB RD (0000567),567,02 - Intersection related,03 - P.D. only,04 - Sideswipe,01 - Clear,05 - Dusk,01 - Dry,01 - Traffic signal,01 - Functioning,2,0,0,0,,0,,,,,367457.9896,5021889.702,45.33415775,-75.70058009,14897
15--9086,2015/07/24,9:30 PM,CHAMPLAIN ST btwn DECARIE DR & JEANNE D'ARC BLVD N (__3ZA7KR),__3ZA7KR,01 - Non intersection,03 - P.D. only,07 - SMV other,01 - Clear,07 - Dark,01 - Dry,10 - No control,,1,0,0,0,,0,,,,,381307.0079,5038906.199,45.48588647,-75.52127044,14898
15--9087,2015/07/24,9:55 AM,RIVERSIDE DR @ TREMBLAY RD/HWY417 IC117 RAMP52 (0010790),10790,02 - Intersection related,03 - P.D. only,03 - Rear end,01 - Clear,01 - Daylight,01 - Dry,01 - Traffic signal,01 - Functioning,2,0,0,0,,0,,,,,370802.7988,5031014.827,45.41595586,-75.65669044,14899
15--9088,2015/07/25,1:35 PM,MERIVALE RD btwn CENTRAL PARK DR S & MERIVALE RD (__3ZAZKW),__3ZAZKW,01 - Non intersection,03 - P.D. only,04 - Sideswipe,01 - Clear,01 - Daylight,01 - Dry,10 - No control,,2,0,0,0,,0,,,,,365019.3811,5025421.731,45.36615197,-75.73126001,14900
15--9089,2015/07/25,1:59 PM,CENTREPOINTE DR btwn 90 N OF EPSILON WAY & PLUNKETT CRT (__4CZCH3B),__4CZCH3B,01 - Non intersection,03 - P.D. only,04 - Sideswipe,01 - Clear,01 - Daylight,01 - Dry,10 - No control,,2,0,0,0,,0,,,,,362599.9656,5022723.118,45.34207376,-75.7624583,14901
15--909,2015/01/14,8:15 AM,TRIM RD btwn WATTERS RD & SPRINGRIDGE DR (__4BQFJ9),__4BQFJ9,01 - Non intersection,03 - P.D. only,07 - SMV other,01 - Clear,01 - Daylight,06 - Ice,10 - No control,,1,0,0,0,,0,,,,,384977.9701,5038701.732,45.48363487,-75.47434979,14902
15--9090,2015/07/25,11:35 PM,MONTREAL RD @ ST. LAURENT BLVD (0002604),2604,02 - Intersection related,03 - P.D. only,04 - Sideswipe,01 - Clear,07 - Dark,02 - Wet,01 - Traffic signal,01 - Functioning,2,0,0,0,,0,,,,,371544.9822,5033817.955,45.44110674,-75.6468288,14903
15--9091,2015/07/25,11:39 AM,MONTREAL RD btwn PALACE ST & VANIER PKWY (__3ZA3LL),__3ZA3LL,01 - Non intersection,03 - P.D. only,04 - Sideswipe,01 - Clear,01 - Daylight,01 - Dry,10 - No control,,2,0,0,0,,0,,,,,370030.1873,5033038.565,45.4342371,-75.66629294,14904
15--9092,2015/07/25,12:29 PM,BILLINGS BRIDGESC RAMP NB @ RIVERSIDE DR WB (0008841),8841,02 - Intersection related,03 - P.D. only,02 - Angle,01 - Clear,01 - Daylight,01 - Dry,03 - Yield sign,01 - Functioning,2,0,0,0,,0,,,,,369022.7222,5027794.339,45.38714463,-75.67985126,14905
15--9093,2015/07/25,12:32 PM,CARLING AVE @ KIRKWOOD AVE S (0002209),2209,02 - Intersection related,03 - P.D. only,04 - Sideswipe,01 - Clear,01 - Daylight,01 - Dry,01 - Traffic signal,01 - Functioning,2,0,0,0,,0,,,,,364353.1419,5027337.189,45.38344388,-75.73953326,14906
15--9094,2015/07/25,3:15 PM,MONTREAL RD btwn PALACE ST & VANIER PKWY (__3ZA3LL),__3ZA3LL,01 - Non intersection,03 - P.D. only,04 - Sideswipe,01 - Clear,01 - Daylight,01 - Dry,10 - No control,,2,0,0,0,,0,,,,,370040.2774,5033046.493,45.43430749,-75.66616294,14907
15--9095,2015/07/25,3:30 PM,ST. JOSEPH BLVD btwn PLACE D'ORLEANS DR & ST. JOSEPH BLVD (__3ZA1U8),__3ZA1U8,04 - At/near private drive,03 - P.D. only,02 - Angle,01 - Clear,01 - Daylight,01 - Dry,10 - No control,,2,0,0,0,,0,,,,,381671.5729,5037737.281,45.4753295,-75.51679032,14908
15--9096,2015/07/25,3:39 AM,ANDERSON RD @ NINTH LINE RD (0004111),4111,02 - Intersection related,02 - Non-fatal injury,07 - SMV other,01 - Clear,07 - Dark,01 - Dry,02 - Stop sign,01 - Functioning,1,0,0,0,02 - Minor,1,,1,,,382008.2515,5021090.172,45.32551403,-75.51509072,14909
15--9097,2015/07/25,4:45 PM,BAYVIEW DR btwn RITCHIE AVE & DORIS CURRIE RD (__3ZACC9),__3ZACC9,04 - At/near private drive,02 - Non-fatal injury,07 - SMV other,01 - Clear,01 - Daylight,01 - Dry,10 - No control,,1,1,0,0,02 - Minor,1,,1,,,335608.0937,5041002.679,45.5082642,-76.10572607,14910
15--9098,2015/07/25,4:54 AM,MUNSTER RD btwn JOCK TR & SOLDIER'S LINE (__3ZBNBP),__3ZBNBP,01 - Non intersection,03 - P.D. only,07 - SMV other,01 - Clear,03 - Dawn,01 - Dry,10 - No control,,1,0,0,0,,0,,,,,351598.3205,4999681.677,45.13555879,-75.90500138,14911
15--9099,2015/07/25,6:20 PM,OGILVIE RD @ CITY PARK DR E/CSIS HQ ACCESS (0003696),3696,02 - Intersection related,02 - Non-fatal injury,03 - Rear end,02 - Rain,01 - Daylight,02 - Wet,01 - Traffic signal,01 - Functioning,3,0,0,0,01 - Minimal,1,1,,,,374189.4489,5033010.216,45.43358168,-75.61314363,14912