Anom_ID,Accident_Date,Accident_Time,Location,Geo_ID,Accident_Location,Classification_of_Accident,Initial_Impact_Type,Environment_Condition,Light,Road_Surface_Condition,Traffic_Control,Traffic_Control_Condition,No__of_Vehicles,No__of_Bicycles,No__of_Motorcycles,No__of_Pedestrians,Max_Injury,No__of_Injuries,No__of_Minimal,No__of_Minor,No__of_Major,No__of_Fatal,X,Y,Latitude,Longitude,ObjectId
15--91,2015/01/03,4:33 PM,REGIONAL ROAD 174 btwn MORIN RD & OLD MONTREAL RD (__3ZA27P),__3ZA27P,01 - Non intersection,03 - P.D. only,07 - SMV other,03 - Snow,05 - Dusk,06 - Ice,10 - No control,,1,0,0,0,,0,,,,,392474.9395,5042744.461,45.51910483,-75.37774254,14913
15--910,2015/01/14,8:15 AM,LIMEBANK RD btwn TOM ROBERTS RD & LEITRIM RD (__3ZA0VJ),__3ZA0VJ,01 - Non intersection,02 - Non-fatal injury,04 - Sideswipe,01 - Clear,01 - Daylight,01 - Dry,10 - No control,,2,0,0,0,01 - Minimal,1,1,,,,369311.3863,5017982,45.2988291,-75.67744489,14914
15--9100,2015/07/25,6:40 AM,SPRATT RD btwn EARL ARMSTRONG RD & RIDEAU RD (__3ZBO76),__3ZBO76,01 - Non intersection,03 - P.D. only,07 - SMV other,01 - Clear,01 - Daylight,01 - Dry,10 - No control,,1,0,0,0,,0,,,,,368751.3037,5014082.772,45.26379556,-75.68508796,14915
15--9101,2015/07/25,6:46 PM,JOCKVALE RD/RIDEAU VALLEY DR @ PRINCE OF WALES (0004638),4638,03 - At intersection,02 - Non-fatal injury,05 - Turning movement,02 - Rain,01 - Daylight,02 - Wet,01 - Traffic signal,01 - Functioning,2,0,0,0,01 - Minimal,4,4,,,,366708.9762,5012195.037,45.2469925,-75.71134536,14916
15--9102,2015/07/25,7:05 AM,BELFAST RD @ ST. LAURENT BLVD (0007658),7658,02 - Intersection related,03 - P.D. only,99 - Other,01 - Clear,01 - Daylight,01 - Dry,01 - Traffic signal,01 - Functioning,2,0,0,0,,0,,,,,372862.1655,5030578.922,45.41183651,-75.63044137,14917
15--9103,2015/07/25,7:08 PM,BANK ST @ FOURTH AVE (0007249),7249,03 - At intersection,03 - P.D. only,02 - Angle,02 - Rain,01 - Daylight,02 - Wet,02 - Stop sign,01 - Functioning,2,0,0,0,,0,,,,,368366.9956,5029476.205,45.40233737,-75.68800759,14918
15--9104,2015/07/25,7:19 PM,HIGHWAY 417 btwn HWY417 IC118 RAMP35 & HWY417 IC117 RAMP51 (__3ZA2YP),__3ZA2YP,01 - Non intersection,03 - P.D. only,07 - SMV other,02 - Rain,01 - Daylight,02 - Wet,10 - No control,,1,0,0,0,,0,,,,,370410.7424,5031127.821,45.41700941,-75.66168411,14919
15--9105,2015/07/25,8:46 PM,MONTREAL RD @ STE. ANNE ST (0009798),9798,03 - At intersection,03 - P.D. only,02 - Angle,01 - Clear,05 - Dusk,01 - Dry,02 - Stop sign,01 - Functioning,2,0,0,0,,0,,,,,370706.7086,5033416.956,45.43757826,-75.6575966,14920
15--9106,2015/07/25,9:08 PM,VANIER PKWY/CRICHTON ST @ BEECHWOOD AVE/ST. PA (0001604),1604,02 - Intersection related,03 - P.D. only,07 - SMV other,01 - Clear,07 - Dark,02 - Wet,01 - Traffic signal,01 - Functioning,1,0,0,0,,0,,,,,369127.5637,5033487.405,45.4383592,-75.67776952,14921
15--9107,2015/07/25,9:44 PM,CYRVILLE RD @ OGILVIE RD (0003554),3554,03 - At intersection,03 - P.D. only,05 - Turning movement,01 - Clear,07 - Dark,02 - Wet,01 - Traffic signal,01 - Functioning,2,0,0,0,,0,,,,,372453.7191,5032004.489,45.42470271,-75.63546333,14922
15--9108,2015/07/25,9:57 PM,LONGFIELDS DR btwn MOUNTSHANNON DR & WOODROFFE AVE (__3ZA5AN),__3ZA5AN,01 - Non intersection,03 - P.D. only,06 - SMV unattended vehicle,02 - Rain,07 - Dark,02 - Wet,10 - No control,,1,0,0,0,,0,,,,,365335.4041,5017057.576,45.29086502,-75.72824888,14923
15--9109,2015/07/26,1:00 PM,GREENBANK RD @ JOCKVALE RD (0010360),10360,02 - Intersection related,03 - P.D. only,03 - Rear end,01 - Clear,01 - Daylight,01 - Dry,01 - Traffic signal,01 - Functioning,2,0,0,0,,0,,,,,364122.147,5014329.724,45.26642327,-75.74404105,14924
15--911,2015/01/14,8:17 AM,ST. LAURENT BLVD btwn THURSTON DR & WALKLEY RD (__3ZA7QN),__3ZA7QN,01 - Non intersection,03 - P.D. only,06 - SMV unattended vehicle,01 - Clear,01 - Daylight,01 - Dry,10 - No control,,1,0,0,0,,0,,,,,373942.2822,5027614.03,45.38505394,-75.61705909,14925
15--9110,2015/07/26,1:08 AM,RIVERSIDE DR NB btwn SMYTH RD SOUTH SIDE RAMP & TRANSITWAY - RIVERSIDE H (__3ZA4SA),__3ZA4SA,01 - Non intersection,03 - P.D. only,01 - Approaching,01 - Clear,07 - Dark,01 - Dry,10 - No control,,2,0,0,0,,0,,,,,369956.3047,5029337.285,45.4009413,-75.66772654,14926
15--9111,2015/07/26,1:40 PM,QUEEN ELIZABETH DRWY @ TORRINGTON PL (0007554),7554,03 - At intersection,02 - Non-fatal injury,02 - Angle,01 - Clear,01 - Daylight,01 - Dry,02 - Stop sign,01 - Functioning,2,1,0,0,02 - Minor,1,,1,,,367979.5956,5028616.785,45.39463963,-75.69306575,14927
15--9112,2015/07/26,11:17 AM,BESSERER ST @ KING EDWARD AVE (0007758),7758,02 - Intersection related,03 - P.D. only,03 - Rear end,01 - Clear,01 - Daylight,01 - Dry,01 - Traffic signal,01 - Functioning,2,0,0,0,,0,,,,,368551.4259,5032340.942,45.42809652,-75.68528137,14928
15--9113,2015/07/26,11:30 PM,ELKWOOD DR btwn REINDEER WAY & DEERMEADOW DR (__3ZBN94),__3ZBN94,01 - Non intersection,03 - P.D. only,07 - SMV other,01 - Clear,07 - Dark,01 - Dry,10 - No control,,1,0,0,0,,0,,,,,374986.0372,5011415.523,45.23920192,-75.60602654,14929
15--9114,2015/07/26,11:41 AM,STATEWOOD DR btwn BEAM ST & FORESTBROOK ST (__5GN1I5),__5GN1I5,01 - Non intersection,03 - P.D. only,06 - SMV unattended vehicle,01 - Clear,01 - Daylight,01 - Dry,10 - No control,,1,0,0,0,,0,,,,,348820.7614,5022678.034,45.3426681,-75.93827851,14930
15--9115,2015/07/26,11:57 PM,WOODROFFE AVE btwn TRANSIT & SPORTSPLEX S/TRANSIT (__5BK141),__5BK141,01 - Non intersection,03 - P.D. only,07 - SMV other,01 - Clear,07 - Dark,01 - Dry,10 - No control,,1,0,0,0,,0,,,,,363801.1682,5020969.545,45.32619525,-75.74734103,14931
15--9116,2015/07/26,Unknown,HUNTINGS END AVE btwn BLUEMEADOW WAY & BRIDLEWOOD DR (__3ZABZN),__3ZABZN,01 - Non intersection,03 - P.D. only,06 - SMV unattended vehicle,01 - Clear,00 - Unknown,01 - Dry,10 - No control,,1,0,0,0,,0,,,,,354670.0956,5016992.28,45.29111527,-75.86421556,14932
15--9117,2015/07/26,Unknown,TIVERTON DR btwn KILMORY CRES & BELIVEAU ST (__3ZAAYL),__3ZAAYL,01 - Non intersection,03 - P.D. only,06 - SMV unattended vehicle,01 - Clear,00 - Unknown,99 - Other,10 - No control,,1,0,0,0,,0,,,,,365606.5942,5024431.473,45.35719111,-75.72388638,14933
15--9118,2015/07/26,12:25 AM,CARLING AVE @ CORKSTOWN RD (0001127),1127,02 - Intersection related,02 - Non-fatal injury,07 - SMV other,01 - Clear,07 - Dark,01 - Dry,01 - Traffic signal,01 - Functioning,1,0,0,0,03 - Major,2,1,,1,,358000.3824,5023424.872,45.34875207,-75.82107031,14934
15--915,2015/01/14,8:20 AM,TRIM RD btwn TAYLOR CREEK DR & ST. JOSEPH BLVD (__3ZA3YT),__3ZA3YT,01 - Non intersection,03 - P.D. only,03 - Rear end,01 - Clear,01 - Daylight,06 - Ice,10 - No control,,2,0,0,0,,0,,,,,384608.9025,5039432.648,45.49025323,-75.47895139,14935
15--9150,2015/07/27,5:47 AM,LONGFIELDS DR btwn CHAPMAN MILLS DR & GLENROY GILBERT DR (__8O98ZF),__8O98ZF,01 - Non intersection,03 - P.D. only,07 - SMV other,01 - Clear,03 - Dawn,01 - Dry,10 - No control,,1,0,0,0,,0,,,,,364817.071,5014626.562,45.26903526,-75.73515035,14936
15--9151,2015/07/27,5:47 PM,HAZELDEAN RD @ TERRY FOX DR (0003682),3682,02 - Intersection related,03 - P.D. only,03 - Rear end,01 - Clear,01 - Daylight,01 - Dry,01 - Traffic signal,01 - Functioning,2,0,0,0,,0,,,,,352209.0524,5017242.811,45.29353995,-75.89556519,14937
15--9152,2015/07/27,5:56 PM,GREENBANK RD btwn LARKIN DR & MALVERN DR (__3ZA4KJ),__3ZA4KJ,01 - Non intersection,03 - P.D. only,03 - Rear end,01 - Clear,01 - Daylight,01 - Dry,10 - No control,,2,0,0,0,,0,,,,,363192.5338,5016472.94,45.28578578,-75.75563426,14938
15--9153,2015/07/27,7:10 AM,THURSTON DR btwn CONROY RD & THOMAS SPRATT PL (__3ZBPM1),__3ZBPM1,04 - At/near private drive,03 - P.D. only,05 - Turning movement,01 - Clear,01 - Daylight,01 - Dry,10 - No control,,2,0,0,0,,0,,,,,373245.6116,5026808.75,45.37787679,-75.62606611,14939
15--9154,2015/07/27,7:35 AM,ST. LAURENT BLVD @ WALKLEY RD (0007653),7653,03 - At intersection,02 - Non-fatal injury,05 - Turning movement,01 - Clear,01 - Daylight,01 - Dry,01 - Traffic signal,01 - Functioning,3,0,0,0,02 - Minor,2,,2,,,373903.4708,5028046.495,45.38894889,-75.6174941,14940
15--9155,2015/07/27,7:37 PM,RAMSAYVILLE RD @ RUSSELL RD S (0012422),12422,02 - Intersection related,03 - P.D. only,02 - Angle,01 - Clear,01 - Daylight,01 - Dry,02 - Stop sign,01 - Functioning,2,0,0,0,,0,,,,,377831.0343,5026130.604,45.37131227,-75.5676259,14941
15--9156,2015/07/27,7:49 AM,ST. LAURENT BLVD @ COVENTRY RD/OGILVIE RD (0002151),2151,02 - Intersection related,03 - P.D. only,04 - Sideswipe,01 - Clear,01 - Daylight,01 - Dry,01 - Traffic signal,01 - Functioning,2,0,0,0,,0,,,,,372305.7195,5031951.214,45.42423766,-75.63736168,14942
15--9157,2015/07/27,8:00 AM,TENTH LINE RD @ CHARLEMAGNE BLVD S/DES EPINETT (0003686),3686,02 - Intersection related,03 - P.D. only,03 - Rear end,01 - Clear,01 - Daylight,01 - Dry,01 - Traffic signal,01 - Functioning,2,0,0,0,,0,,,,,383640.9751,5036900.456,45.46758093,-75.49173924,14943
15--9158,2015/07/27,8:13 PM,BESSERER ST @ WALLER ST (0008859),8859,03 - At intersection,03 - P.D. only,03 - Rear end,02 - Rain,05 - Dusk,02 - Wet,01 - Traffic signal,01 - Functioning,2,0,0,0,,0,,,,,368315.9333,5032192.338,45.42678086,-75.68830973,14944
15--9159,2015/07/27,8:45 AM,BAYFIELD AVE @ HERZBERG RD (0003156),3156,03 - At intersection,02 - Non-fatal injury,05 - Turning movement,01 - Clear,01 - Daylight,01 - Dry,02 - Stop sign,01 - Functioning,2,1,0,0,02 - Minor,1,,1,,,352088.8967,5022182.852,45.33799966,-75.89662544,14945
15--916,2015/01/14,8:24 AM,BOUNDARY RD/GREGOIRE RD @ VICTORIA ST (0001104),1104,03 - At intersection,03 - P.D. only,02 - Angle,01 - Clear,01 - Daylight,01 - Dry,02 - Stop sign,01 - Functioning,2,0,0,0,,0,,,,,391389.2974,5013403.587,45.25526257,-75.39678392,14946
15--9160,2015/07/27,8:54 PM,WALKLEY RD @ 160 W OF CONROY RD  (0011391),11391,03 - At intersection,03 - P.D. only,05 - Turning movement,02 - Rain,05 - Dusk,02 - Wet,01 - Traffic signal,01 - Functioning,2,0,0,0,,0,,,,,372768.6635,5027384.763,45.38310595,-75.63207592,14947
15--9161,2015/07/27,8:55 AM,KIRKWOOD AVE @ MERIVALE RD (0002243),2243,03 - At intersection,03 - P.D. only,05 - Turning movement,01 - Clear,01 - Daylight,01 - Dry,01 - Traffic signal,01 - Functioning,2,0,0,0,,0,,,,,364853.7014,5026646.903,45.37719008,-75.73322587,14948
15--9162,2015/07/27,9:27 AM,MACDONALD-CARTIER BR RAMP SB-1 btwn MACDONALD-CARTIER BR & CATHCART ST (__7TR60I),__7TR60I,06 - Underpass or tunnel,03 - P.D. only,04 - Sideswipe,01 - Clear,01 - Daylight,01 - Dry,10 - No control,,4,0,0,0,,0,,,,,367527.7806,5033177.695,45.4357179,-75.69825526,14949
15--9163,2015/07/27,9:35 AM,HIGHWAY 417 btwn HWY417 IC155 RAMP25 & RAMP (__3ZAZN1),__3ZAZN1,01 - Non intersection,03 - P.D. only,07 - SMV other,01 - Clear,01 - Daylight,01 - Dry,10 - No control,,1,0,0,0,,0,,,,,342194.022,5017527.627,45.29670719,-76.02322385,14950
15--9164,2015/07/27,9:44 AM,"EGLISE, RUE DE L @ MONTREAL RD (0011441)",11441,02 - Intersection related,03 - P.D. only,04 - Sideswipe,01 - Clear,01 - Daylight,01 - Dry,01 - Traffic signal,01 - Functioning,2,0,0,0,,0,,,,,371157.7102,5033634.347,45.43949159,-75.65180333,14951
15--9165,2015/07/28,1:24 PM,AIRPORT PKWY btwn RAMP & RAMP (1) (__3ZA223),__3ZA223,01 - Non intersection,03 - P.D. only,07 - SMV other,01 - Clear,01 - Daylight,01 - Dry,10 - No control,,1,0,0,0,,0,,,,,368987.187,5026173.742,45.37256624,-75.6805157,14952
15--9166,2015/07/28,1:27 PM,WOODROFFE AVE btwn WOODROFFE AVE & NAVAHO DR (__3ZA2TY),__3ZA2TY,01 - Non intersection,03 - P.D. only,04 - Sideswipe,01 - Clear,01 - Daylight,01 - Dry,10 - No control,,2,0,0,0,,0,,,,,362696.1518,5023503.252,45.34908542,-75.76113973,14953
15--9167,2015/07/28,10:12 AM,PRINCESS AVE N @ LISGAR RD (0005911),5911,03 - At intersection,03 - P.D. only,01 - Approaching,01 - Clear,01 - Daylight,01 - Dry,02 - Stop sign,01 - Functioning,2,0,0,0,,0,,,,,368686.0329,5034388.673,45.44650894,-75.68329556,14954
15--9168,2015/07/28,10:22 AM,HIGHWAY 417 btwn HWY417 IC126 RAMP25 & HWY417 IC124 RAMP57 (__3ZA2R5),__3ZA2R5,01 - Non intersection,03 - P.D. only,03 - Rear end,01 - Clear,01 - Daylight,01 - Dry,10 - No control,,2,0,0,0,,0,,,,,363667.9184,5026500.073,45.37596955,-75.7483823,14955
15--9169,2015/07/28,10:30 AM,HIGHWAY 417 btwn HWY417 IC127 RAMP25 & HWY417 IC126 RAMP51 (__3ZA2XA),__3ZA2XA,01 - Non intersection,02 - Non-fatal injury,03 - Rear end,01 - Clear,01 - Daylight,01 - Dry,10 - No control,,3,0,0,0,01 - Minimal,2,2,,,,363171.8896,5025833.647,45.37001463,-75.75479375,14956
15--917,2015/01/14,8:24 AM,RUSSELL RD @ SOUTHVALE CRES N (0002650),2650,02 - Intersection related,03 - P.D. only,03 - Rear end,01 - Clear,01 - Daylight,02 - Wet,01 - Traffic signal,01 - Functioning,2,0,0,0,,0,,,,,373800.6589,5029097.067,45.39841159,-75.61866001,14957
15--9170,2015/07/28,10:40 PM,BASELINE RD btwn COLLEGE SQUARE SC & WOODROFFE AVE (__3ZAZDQA),__3ZAZDQA,04 - At/near private drive,03 - P.D. only,03 - Rear end,01 - Clear,07 - Dark,01 - Dry,10 - No control,,2,0,0,0,,0,,,,,362651.8436,5023827.428,45.35200598,-75.76166721,14958
15--9171,2015/07/28,11:00 PM,HIGHWAY 417 btwn HWY417 IC119A RAMP75 & HWY417 IC118 RAMP57 (__3ZA2R2),__3ZA2R2,01 - Non intersection,03 - P.D. only,04 - Sideswipe,01 - Clear,07 - Dark,01 - Dry,10 - No control,,2,0,0,0,,0,,,,,368746.0496,5030589.827,45.41232285,-75.68302168,14959
15--9172,2015/07/28,11:44 AM,MACLAREN ST btwn ELGIN ST & CARTIER ST (__3ZA9US),__3ZA9US,01 - Non intersection,03 - P.D. only,04 - Sideswipe,01 - Clear,01 - Daylight,01 - Dry,10 - No control,,2,0,0,0,,0,,,,,368285.699,5031172.32,45.41760584,-75.68882751,14960
15--9173,2015/07/28,11:44 AM,ALTA VISTA DR @ BANK ST (0011318),11318,02 - Intersection related,03 - P.D. only,04 - Sideswipe,01 - Clear,01 - Daylight,01 - Dry,01 - Traffic signal,01 - Functioning,2,0,0,0,,0,,,,,370248.0691,5026201.82,45.37270225,-75.66441587,14961
15--9174,2015/07/28,11:50 AM,INNES RD btwn CYRVILLE RD & STONEHENGE CRES (__3ZA3RE),__3ZA3RE,01 - Non intersection,03 - P.D. only,04 - Sideswipe,01 - Clear,01 - Daylight,01 - Dry,10 - No control,,2,0,0,0,,0,,,,,375060.6977,5031127.852,45.41655821,-75.60227819,14962
15--9175,2015/07/28,11:51 AM,CARLING AVE @ EDGEWORTH AVE (0002718),2718,02 - Intersection related,02 - Non-fatal injury,03 - Rear end,01 - Clear,01 - Daylight,01 - Dry,01 - Traffic signal,01 - Functioning,2,0,0,0,01 - Minimal,1,1,,,,361263.4009,5025424.164,45.36648649,-75.77920335,14963
15--9176,2015/07/28,Unknown,ERNEST AVE btwn DENISON CRES & BROADVIEW AVE (__3ZA4BL),__3ZA4BL,01 - Non intersection,03 - P.D. only,06 - SMV unattended vehicle,01 - Clear,00 - Unknown,01 - Dry,10 - No control,,1,0,0,0,,0,,,,,363309.3583,5026182.812,45.37314491,-75.75299754,14964
15--9177,2015/07/28,12:10 PM,GLOUCESTER ST btwn METCALFE ST & ELGIN ST (__3ZA9VJ),__3ZA9VJ,01 - Non intersection,02 - Non-fatal injury,06 - SMV unattended vehicle,01 - Clear,01 - Daylight,01 - Dry,10 - No control,,1,1,0,0,01 - Minimal,1,1,,,,367948.5117,5031454.155,45.42017221,-75.69309929,14965
15--9178,2015/07/28,12:47 PM,8TH LINE RD @ PARKWAY RD (0001611),1611,03 - At intersection,02 - Non-fatal injury,02 - Angle,01 - Clear,01 - Daylight,01 - Dry,02 - Stop sign,01 - Functioning,2,0,0,0,01 - Minimal,3,3,,,,383165.7945,5016889.659,45.28759218,-75.50099086,14966
15--9179,2015/07/28,2:34 PM,COVENTRY RD @ LOLA ST (0007175),7175,03 - At intersection,03 - P.D. only,04 - Sideswipe,01 - Clear,01 - Daylight,01 - Dry,01 - Traffic signal,01 - Functioning,2,0,0,0,,0,,,,,371263.7176,5031613.491,45.42129876,-75.65072123,14967
15--918,2015/01/14,8:26 AM,HIGHWAY 417 btwn HWY417 IC122 RAMP15 & HWY417 IC121B RAMP51 (__3ZA2RB),__3ZA2RB,01 - Non intersection,03 - P.D. only,07 - SMV other,01 - Clear,01 - Daylight,06 - Ice,10 - No control,,1,0,0,0,,0,,,,,366561.8502,5029508.796,45.4027922,-75.71105985,14968
15--9180,2015/07/28,2:35 PM,MERIVALE RD btwn OT/NE BOUNDARY & MERIVALE RD (__3ZA1DA),__3ZA1DA,01 - Non intersection,03 - P.D. only,04 - Sideswipe,01 - Clear,01 - Daylight,01 - Dry,10 - No control,,2,0,0,0,,0,,,,,365009.329,5025241.226,45.36452868,-75.73141031,14969
15--9181,2015/07/28,2:40 PM,BONGARD AVE btwn MERIVALE RD & GIFFORD ST (__3ZA52E),__3ZA52E,04 - At/near private drive,03 - P.D. only,02 - Angle,01 - Clear,01 - Daylight,01 - Dry,10 - No control,,2,0,0,0,,0,,,,,366147.0127,5021494.541,45.33071798,-75.71735354,14970
15--9182,2015/07/28,3:00 PM,HAWTHORNE RD @ HUNT CLUB RD (0007651),7651,02 - Intersection related,03 - P.D. only,03 - Rear end,01 - Clear,01 - Daylight,01 - Dry,01 - Traffic signal,01 - Functioning,2,0,0,0,,0,,,,,375508.4706,5026407.61,45.37404282,-75.59723424,14971
15--9183,2015/07/28,3:10 PM,NICHOLAS ST SB btwn LAURIER AVE E & Continuation of NICHOLAS ST (__3ZA3MG),__3ZA3MG,01 - Non intersection,03 - P.D. only,04 - Sideswipe,01 - Clear,01 - Daylight,01 - Dry,10 - No control,,2,0,0,0,,0,,,,,368397.0264,5031767.303,45.42294918,-75.6873284,14972
15--9184,2015/07/28,3:18 PM,HIGHWAY 417 btwn HWY417 IC122 RAMP61 & HWY417 IC121B RAMP16 (__3ZA2Y4),__3ZA2Y4,01 - Non intersection,03 - P.D. only,04 - Sideswipe,01 - Clear,01 - Daylight,01 - Dry,10 - No control,,2,0,0,0,,0,,,,,366559.1294,5029529.021,45.40297442,-75.71109207,14973
15--9185,2015/07/28,3:30 PM,JAMIE AVE btwn MERIVALE RD & SUNDERLAND ST (__3ZA0XW),__3ZA0XW,04 - At/near private drive,03 - P.D. only,03 - Rear end,01 - Clear,01 - Daylight,01 - Dry,10 - No control,,2,0,0,0,,0,,,,,365865.7435,5021897.182,45.33436542,-75.72089188,14974
15--9186,2015/07/28,3:41 PM,INNES RD btwn PRESTWICK DR & TENTH LINE RD (__3ZA3Y7),__3ZA3Y7,04 - At/near private drive,03 - P.D. only,05 - Turning movement,01 - Clear,01 - Daylight,01 - Dry,10 - No control,,2,0,0,0,,0,,,,,383869.5981,5036125.327,45.46058118,-75.48894063,14975
15--9187,2015/07/28,3:54 PM,ST. LAURENT BLVD @ COVENTRY RD/OGILVIE RD (0002151),2151,03 - At intersection,02 - Non-fatal injury,02 - Angle,01 - Clear,01 - Daylight,01 - Dry,01 - Traffic signal,01 - Functioning,3,1,0,0,02 - Minor,3,,3,,,372306.4402,5031951.214,45.42423759,-75.63735247,14976
15--9188,2015/07/28,4:05 PM,HIGHWAY 417 btwn HWY417 IC122 RAMP61 & HWY417 IC121B RAMP16 (__3ZA2Y4),__3ZA2Y4,01 - Non intersection,03 - P.D. only,04 - Sideswipe,01 - Clear,01 - Daylight,01 - Dry,10 - No control,,3,0,0,0,,0,,,,,366073.2088,5029347.071,45.40137998,-75.71732122,14977
15--9189,2015/07/28,4:07 PM,CARLING AVE WB btwn BROMLEY RD & MCKELLAR AVE (__3ZA4U5),__3ZA4U5,01 - Non intersection,03 - P.D. only,03 - Rear end,01 - Clear,01 - Daylight,01 - Dry,10 - No control,,2,0,0,0,,0,,,,,362648.4171,5026301.9,45.37427133,-75.76142127,14978
15--919,2015/01/14,8:30 AM,HIGHWAY 417 btwn HWY417 IC126 RAMP51 & HWY417 IC126 RAMP25 (__3ZA2RD),__3ZA2RD,01 - Non intersection,03 - P.D. only,03 - Rear end,01 - Clear,01 - Daylight,01 - Dry,10 - No control,,2,0,0,0,,0,,,,,363258.5322,5025952.78,45.37107936,-75.75367362,14979
15--9190,2015/07/28,4:12 PM,REGIONAL ROAD 174 EB btwn HWY417 IC113 RAMP65 & OR174 BLAIR IC112 RAMP51 (__3ZAZFJ),__3ZAZFJ,01 - Non intersection,03 - P.D. only,03 - Rear end,01 - Clear,01 - Daylight,01 - Dry,10 - No control,,2,0,0,0,,0,,,,,374775.9926,5032800.224,45.43163384,-75.60567786,14980
15--9191,2015/07/28,4:54 PM,KATIMAVIK RD @ CHIMO DR E/HEARST WAY (0003437),3437,02 - Intersection related,02 - Non-fatal injury,04 - Sideswipe,01 - Clear,01 - Daylight,01 - Dry,01 - Traffic signal,01 - Functioning,2,0,0,0,03 - Major,1,,,1,,352958.3578,5019613.93,45.31482486,-75.88578221,14981
15--9192,2015/07/28,5:36 PM,FALLOWFIELD RD @ MERIVALE RD (0000587),587,02 - Intersection related,03 - P.D. only,03 - Rear end,01 - Clear,01 - Daylight,01 - Dry,01 - Traffic signal,01 - Functioning,3,0,0,0,,0,,,,,366891.7126,5018845.55,45.30681724,-75.70818586,14982
15--9193,2015/07/28,5:45 PM,BASELINE RD/HWY 416 RICHMOND IC75R53 @ RICHMON (0000148),148,02 - Intersection related,03 - P.D. only,03 - Rear end,01 - Clear,01 - Daylight,01 - Dry,01 - Traffic signal,01 - Functioning,2,0,0,0,,0,,,,,358635.552,5021821.965,45.33428059,-75.81313945,14983
15--9194,2015/07/28,5:59 PM,MOODIE DR @ RICHMOND RD N (0001487),1487,03 - At intersection,02 - Non-fatal injury,02 - Angle,01 - Clear,01 - Daylight,01 - Dry,02 - Stop sign,01 - Functioning,2,0,0,0,02 - Minor,1,,1,,,357393.6495,5019688.39,45.31517666,-75.82920977,14984
15--9195,2015/07/28,5:59 PM,INNES RD @ TENTH LINE RD (0004633),4633,02 - Intersection related,03 - P.D. only,03 - Rear end,01 - Clear,01 - Daylight,01 - Dry,01 - Traffic signal,01 - Functioning,2,0,0,0,,0,,,,,383951.7603,5036159.2,45.46087664,-75.48788473,14985
15--9196,2015/07/28,6:00 PM,OTTAWA RIVER PKWY WB btwn TRANSIT & TURN LANE (__3ZA23O),__3ZA23O,04 - At/near private drive,02 - Non-fatal injury,02 - Angle,01 - Clear,01 - Daylight,01 - Dry,10 - No control,,2,1,0,0,02 - Minor,1,,1,,,362614.7921,5028929.466,45.39791659,-75.76154276,14986
15--9197,2015/07/28,6:15 PM,LEITRIM RD @ RIVER RD (0004194),4194,02 - Intersection related,03 - P.D. only,07 - SMV other,01 - Clear,01 - Daylight,01 - Dry,02 - Stop sign,00 - Unknown,1,0,0,0,,0,,,,,368018.2592,5017176.736,45.29170099,-75.69403395,14987
15--9198,2015/07/28,6:18 PM,SOMERSET ST @ SPADINA AVE (0006484),6484,03 - At intersection,03 - P.D. only,02 - Angle,01 - Clear,01 - Daylight,01 - Dry,02 - Stop sign,01 - Functioning,2,0,0,0,,0,,,,,365711.6998,5029869.203,45.40610955,-75.72187406,14988
15--9199,2015/07/28,6:37 PM,INNES RD btwn JEANNE D'ARC BLVD S & WILDFLOWER DR (__3ZA1ZE),__3ZA1ZE,01 - Non intersection,03 - P.D. only,03 - Rear end,01 - Clear,01 - Daylight,01 - Dry,10 - No control,,2,0,0,0,,0,,,,,382729.5346,5035607.954,45.45605441,-75.50359833,14989
15--92,2015/01/03,4:35 PM,DUNNING RD btwn WILHAVEN DR & INNES RD (__3ZA3MY),__3ZA3MY,01 - Non intersection,03 - P.D. only,01 - Approaching,03 - Snow,05 - Dusk,03 - Loose snow,10 - No control,,2,0,0,0,,0,,,,,391185.2309,5040454.389,45.49866263,-75.39465135,14990
15--920,2015/01/14,8:35 AM,RENAUD RD btwn MAURICE ST & IDA ST (__3ZA6FD),__3ZA6FD,01 - Non intersection,03 - P.D. only,06 - SMV unattended vehicle,01 - Clear,01 - Daylight,06 - Ice,10 - No control,,1,0,0,0,,0,,,,,378462.6725,5031684.042,45.42121258,-75.55873373,14991
15--9200,2015/07/28,6:55 PM,BLACKBURN BYPASS @ INNES RD W (0009340),9340,02 - Intersection related,02 - Non-fatal injury,03 - Rear end,01 - Clear,01 - Daylight,01 - Dry,01 - Traffic signal,01 - Functioning,2,0,0,0,02 - Minor,2,,2,,,377187.9207,5032176.771,45.42577891,-75.57494803,14992
15--9201,2015/07/28,7:19 PM,AVIATION PKWY @ OGILVIE RD (0004114),4114,03 - At intersection,03 - P.D. only,02 - Angle,01 - Clear,01 - Daylight,01 - Dry,01 - Traffic signal,01 - Functioning,2,0,0,0,,0,,,,,373110.7142,5032375.864,45.42798031,-75.62701716,14993
15--9202,2015/07/28,7:20 AM,RIVERSIDE DR btwn LEOPOLDS DR & QUESNEL DR (__3ZA37Q),__3ZA37Q,04 - At/near private drive,03 - P.D. only,03 - Rear end,01 - Clear,01 - Daylight,01 - Dry,10 - No control,,2,0,0,0,,0,,,,,368059.059,5024089.038,45.35389298,-75.69263087,14994