Anom_ID,Accident_Date,Accident_Time,Location,Geo_ID,Accident_Location,Classification_of_Accident,Initial_Impact_Type,Environment_Condition,Light,Road_Surface_Condition,Traffic_Control,Traffic_Control_Condition,No__of_Vehicles,No__of_Bicycles,No__of_Motorcycles,No__of_Pedestrians,Max_Injury,No__of_Injuries,No__of_Minimal,No__of_Minor,No__of_Major,No__of_Fatal,X,Y,Latitude,Longitude,ObjectId
15--9203,2015/07/28,7:20 PM,EWING ST @ JOHNSTON RD (0008253),8253,03 - At intersection,03 - P.D. only,02 - Angle,01 - Clear,01 - Daylight,01 - Dry,02 - Stop sign,01 - Functioning,2,0,0,0,,0,,,,,373637.737,5026421.529,45.37435433,-75.6211139,14995
15--9204,2015/07/28,7:40 AM,MONTREAL RD @ BATHGATE DR/BURMA RD (0007650),7650,02 - Intersection related,02 - Non-fatal injury,03 - Rear end,01 - Clear,01 - Daylight,01 - Dry,01 - Traffic signal,01 - Functioning,2,0,0,0,02 - Minor,1,,1,,,373224.7224,5034516.592,45.44723033,-75.62526278,14996
15--9205,2015/07/28,7:50 AM,HIGHWAY 417 btwn HWY417 IC127 RAMP25 & HWY417 IC126 RAMP51 (__3ZA2XA),__3ZA2XA,01 - Non intersection,03 - P.D. only,03 - Rear end,01 - Clear,01 - Daylight,01 - Dry,10 - No control,,2,0,0,0,,0,,,,,363163.9473,5025822.816,45.36991784,-75.75489641,14997
15--9206,2015/07/28,7:50 PM,RIVER RD btwn KILBY LANE & WATERFRONT CRT (__3ZA38T),__3ZA38T,01 - Non intersection,02 - Non-fatal injury,03 - Rear end,01 - Clear,01 - Daylight,01 - Dry,10 - No control,,2,0,0,0,03 - Major,3,2,,1,,372416.9178,5007304.816,45.20246579,-75.63930442,14998
15--9207,2015/07/28,8:27 PM,AYLMER AVE @ BANK ST (0007222),7222,02 - Intersection related,02 - Non-fatal injury,03 - Rear end,01 - Clear,05 - Dusk,01 - Dry,01 - Traffic signal,01 - Functioning,2,1,0,0,01 - Minimal,1,1,,,,368672.9917,5028729.904,45.39559454,-75.68419589,14999
15--9208,2015/07/28,8:30 AM,PRESTON ST @ SOMERSET ST (0002215),2215,02 - Intersection related,03 - P.D. only,03 - Rear end,01 - Clear,01 - Daylight,01 - Dry,01 - Traffic signal,01 - Functioning,2,0,0,0,,0,,,,,366305.5364,5030127.208,45.40837908,-75.71425653,15000
15--993,2015/01/15,8:15 AM,MITCH OWENS RD @ DOZOIS RD/LIMEBANK RD (0012469),12469,02 - Intersection related,03 - P.D. only,03 - Rear end,01 - Clear,01 - Daylight,06 - Ice,01 - Traffic signal,01 - Functioning,2,0,0,0,,0,,,,,371673.725,5012108.901,45.24576325,-75.64811808,15001
15--9930,2015/08/18,9:54 AM,BASELINE RD @ COLLEGE SQUARE SC (0008826),8826,02 - Intersection related,02 - Non-fatal injury,03 - Rear end,01 - Clear,01 - Daylight,01 - Dry,01 - Traffic signal,01 - Functioning,3,0,0,0,02 - Minor,3,2,1,,,362760.208,5023896.295,45.3526167,-75.76027626,15002
15--9931,2015/08/19,1:38 PM,INNES RD @ STAR TOP RD/WINDMILL LANE (0008734),8734,02 - Intersection related,03 - P.D. only,03 - Rear end,01 - Clear,01 - Daylight,01 - Dry,01 - Traffic signal,01 - Functioning,2,0,0,0,,0,,,,,374148.4465,5030665.479,45.41248903,-75.61399769,15003
15--9932,2015/08/19,1:40 PM,CEDARVIEW RD @ WEST HUNT CLUB RD (0010267),10267,02 - Intersection related,03 - P.D. only,03 - Rear end,01 - Clear,01 - Daylight,01 - Dry,01 - Traffic signal,01 - Functioning,2,0,0,0,,0,,,,,359719.3981,5019554.117,45.31379041,-75.79956375,15004
15--9933,2015/08/19,10:10 AM,HIGHWAY 417 btwn HWY417 IC122 RAMP61 & HWY417 IC121B RAMP16 (__3ZA2Y4),__3ZA2Y4,01 - Non intersection,03 - P.D. only,04 - Sideswipe,01 - Clear,01 - Daylight,01 - Dry,10 - No control,,2,0,0,0,,0,,,,,366069.6597,5029341.98,45.40133448,-75.71736718,15005
15--9934,2015/08/19,10:48 PM,HUNT CLUB RD @ RIVERSIDE DR (0002237),2237,02 - Intersection related,03 - P.D. only,03 - Rear end,01 - Clear,07 - Dark,01 - Dry,01 - Traffic signal,01 - Functioning,2,0,0,0,,0,,,,,368035.2616,5021945.859,45.33461125,-75.69320854,15006
15--9935,2015/08/19,10:50 PM,JOHNWOODS ST @ MAPLE GROVE RD (0001563),1563,02 - Intersection related,03 - P.D. only,07 - SMV other,01 - Clear,07 - Dark,01 - Dry,02 - Stop sign,01 - Functioning,1,0,0,0,,0,,,,,349581.3067,5016088.362,45.28332422,-75.92916974,15007
15--9936,2015/08/19,11:30 PM,HWY417 IC140 RAMP25 btwn TERRY FOX DR & HIGHWAY 417 (__3ZAYB5),__3ZAYB5,01 - Non intersection,03 - P.D. only,03 - Rear end,01 - Clear,07 - Dark,01 - Dry,10 - No control,,3,0,0,0,,0,,,,,351053.1115,5018507.407,45.30499617,-75.91018392,15008
15--9937,2015/08/19,Unknown,COYOTE CRES btwn WEST RIDGE DR & BLACK BEAR WAY (1) (__5QCYVN),__5QCYVN,01 - Non intersection,03 - P.D. only,06 - SMV unattended vehicle,01 - Clear,00 - Unknown,01 - Dry,10 - No control,,1,0,0,0,,0,,,,,350277.5139,5012104.45,45.24743091,-75.92066035,15009
15--9938,2015/08/19,12:15 PM,TALLWOOD DR @ AVENSHIRE GT/MERIDIAN PL (0009774),9774,03 - At intersection,03 - P.D. only,02 - Angle,01 - Clear,01 - Daylight,01 - Dry,02 - Stop sign,01 - Functioning,2,0,0,0,,0,,,,,362815.4345,5022619.455,45.34112322,-75.75972125,15010
15--9939,2015/08/19,12:55 PM,MACKENZIE AVE @ RIDEAU ST (0002136),2136,02 - Intersection related,03 - P.D. only,04 - Sideswipe,01 - Clear,01 - Daylight,01 - Dry,01 - Traffic signal,01 - Functioning,2,0,0,0,,0,,,,,367868.9785,5032007.778,45.4251607,-75.69404457,15011
15--994,2015/01/15,8:30 AM,CAMBRIAN RD btwn RICHMOND RD & END (__3ZA2HT),__3ZA2HT,07 - Overpass or bridge,03 - P.D. only,01 - Approaching,01 - Clear,01 - Daylight,01 - Dry,10 - No control,,2,0,0,0,,0,,,,,359032.9559,5009433.256,45.22277478,-75.80942314,15012
15--9940,2015/08/19,12:57 PM,LABRIE AVE btwn CYRVILLE RD & KENASTON ST (__3ZA7YI),__3ZA7YI,04 - At/near private drive,03 - P.D. only,02 - Angle,01 - Clear,01 - Daylight,01 - Dry,10 - No control,,2,0,0,0,,0,,,,,373387.6171,5031642.35,45.42135342,-75.623581,15013
15--9941,2015/08/19,2:15 PM,MCARTHUR AVE btwn MAY ST & ST. LAURENT BLVD (__3ZA3XL),__3ZA3XL,04 - At/near private drive,03 - P.D. only,02 - Angle,01 - Clear,01 - Daylight,01 - Dry,10 - No control,,2,0,0,0,,0,,,,,371791.0245,5032863.211,45.43249287,-75.64381404,15014
15--9942,2015/08/19,2:27 PM,CARLING AVE WB btwn HWY417 IC124 RAMP76 & KIRKWOOD AVE (__3ZBOD8),__3ZBOD8,01 - Non intersection,03 - P.D. only,04 - Sideswipe,01 - Clear,01 - Daylight,01 - Dry,10 - No control,,2,0,0,0,,0,,,,,364203.7215,5027443.38,45.38441205,-75.74142834,15015
15--9943,2015/08/19,2:50 PM,RUSSELL RD S @ ST. LAURENT BLVD (0007734),7734,02 - Intersection related,03 - P.D. only,04 - Sideswipe,01 - Clear,01 - Daylight,01 - Dry,01 - Traffic signal,00 - Unknown,2,0,0,0,,0,,,,,373568.7192,5029261.305,45.39991214,-75.62159931,15016
15--9944,2015/08/19,2:50 PM,BLAIR RD @ INNES RD (0004165),4165,02 - Intersection related,03 - P.D. only,03 - Rear end,01 - Clear,01 - Daylight,01 - Dry,01 - Traffic signal,01 - Functioning,2,0,0,0,,0,,,,,375578.7349,5031438.474,45.41930081,-75.59561544,15017
15--9945,2015/08/19,3:14 PM,CARLING AVE @ FOX CRES (0002767),2767,02 - Intersection related,03 - P.D. only,03 - Rear end,01 - Clear,01 - Daylight,01 - Dry,02 - Stop sign,00 - Unknown,2,0,0,0,,0,,,,,361525.9552,5025575.889,45.3678305,-75.7758345,15018
15--9946,2015/08/19,3:15 PM,LEITRIM RD @ ALBION RD (0012479),12479,02 - Intersection related,03 - P.D. only,03 - Rear end,01 - Clear,01 - Daylight,01 - Dry,01 - Traffic signal,01 - Functioning,2,0,0,0,,0,,,,,373499.5101,5020420.958,45.32037703,-75.62371201,15019
15--9947,2015/08/19,3:37 PM,MONTGOMERY ST @ MONTREAL RD (0009342),9342,03 - At intersection,03 - P.D. only,02 - Angle,01 - Clear,01 - Daylight,01 - Dry,01 - Traffic signal,01 - Functioning,2,0,0,0,,0,,,,,369814.4333,5032920.228,45.43319244,-75.66906583,15020
15--9948,2015/08/19,4:14 PM,EAGLESON RD btwn FAULKNER TR & FALLOWFIELD RD (__3ZA410),__3ZA410,01 - Non intersection,03 - P.D. only,03 - Rear end,02 - Rain,01 - Daylight,02 - Wet,10 - No control,,3,0,0,0,,0,,,,,355938.571,5012654.586,45.25199261,-75.84849178,15021
15--9949,2015/08/19,4:26 PM,INNES RD @ TENTH LINE RD (0004633),4633,02 - Intersection related,02 - Non-fatal injury,03 - Rear end,01 - Clear,01 - Daylight,01 - Dry,01 - Traffic signal,01 - Functioning,4,0,0,0,01 - Minimal,4,4,,,,383951.0396,5036159.2,45.46087672,-75.48789395,15022
15--995,2015/01/15,8:34 AM,ROBERTSON RD btwn HAZELDEAN RD & HAANEL DR (__3ZA41S),__3ZA41S,01 - Non intersection,03 - P.D. only,07 - SMV other,03 - Snow,01 - Daylight,04 - Slush,10 - No control,,1,0,0,0,,0,,,,,354112.7005,5018675.446,45.30630008,-75.87115385,15023
15--9950,2015/08/19,4:38 PM,BURNSIDE AVE @ STONEHURST AVE (0006334),6334,03 - At intersection,02 - Non-fatal injury,03 - Rear end,01 - Clear,01 - Daylight,02 - Wet,02 - Stop sign,00 - Unknown,2,0,0,0,01 - Minimal,1,1,,,,365083.6975,5030222.207,45.40934016,-75.72985267,15024
15--9951,2015/08/19,4:47 PM,SOMERSET ST    W btwn PRESTON ST & ROCHESTER ST (__3ZA321),__3ZA321,01 - Non intersection,02 - Non-fatal injury,03 - Rear end,01 - Clear,01 - Daylight,01 - Dry,10 - No control,,2,0,0,0,01 - Minimal,1,1,,,,366322.6652,5030134.529,45.40844344,-75.71403681,15025
15--9952,2015/08/19,4:49 PM,PICCADILLY AVE @ RICHMOND RD (0006517),6517,02 - Intersection related,03 - P.D. only,03 - Rear end,01 - Clear,01 - Daylight,01 - Dry,02 - Stop sign,00 - Unknown,2,0,0,0,,0,,,,,364217.2624,5028918.556,45.39768427,-75.74107781,15026
15--9953,2015/08/19,5:00 PM,INDUSTRIAL AVE @ RIVERSIDE DR (0011905),11905,02 - Intersection related,03 - P.D. only,04 - Sideswipe,01 - Clear,01 - Daylight,01 - Dry,01 - Traffic signal,01 - Functioning,2,0,0,0,,0,,,,,370684.7186,5030592.914,45.41217079,-75.65825537,15027
15--9954,2015/08/19,5:10 PM,INNES RD @ STONEHENGE CRES E (0009355),9355,02 - Intersection related,03 - P.D. only,03 - Rear end,01 - Clear,01 - Daylight,01 - Dry,01 - Traffic signal,01 - Functioning,2,0,0,0,,0,,,,,375363.7425,5031311.751,45.41818234,-75.59838033,15028
15--9955,2015/08/19,5:14 PM,LEES AVE @ KING EDWARD AVE/MANN AVE (0011413),11413,02 - Intersection related,02 - Non-fatal injury,03 - Rear end,01 - Clear,01 - Daylight,01 - Dry,01 - Traffic signal,01 - Functioning,3,0,0,0,01 - Minimal,1,1,,,,369179.5189,5031334.385,45.41898237,-75.67738696,15029
15--9956,2015/08/19,5:30 PM,EAGLESON RD @ KAKULU RD (0003188),3188,03 - At intersection,03 - P.D. only,04 - Sideswipe,01 - Clear,01 - Daylight,01 - Dry,01 - Traffic signal,01 - Functioning,2,0,0,0,,0,,,,,353381.6176,5019151.108,45.31063114,-75.8804296,15030
15--9957,2015/08/19,5:55 AM,STAGECOACH RD btwn CABIN RD & SNAKE ISLAND RD (__3ZBOGH),__3ZBOGH,01 - Non intersection,03 - P.D. only,07 - SMV other,01 - Clear,03 - Dawn,01 - Dry,10 - No control,,1,0,0,0,,0,,,,,378118.4753,5006006.837,45.19021699,-75.56692949,15031
15--9958,2015/08/19,6:00 PM,HIGHWAY 417 btwn HIGHWAY 417 & HIGHWAY 417 (2) (__3ZA2UZ),__3ZA2UZ,01 - Non intersection,02 - Non-fatal injury,04 - Sideswipe,01 - Clear,01 - Daylight,01 - Dry,10 - No control,,2,0,0,0,01 - Minimal,1,1,,,,375427.8884,5030128.079,45.40752583,-75.59773043,15032
15--9959,2015/08/19,6:03 PM,WEST HUNT CLUB RD @ CLEOPATRA DR/LANCELOT DR (0000114),114,02 - Intersection related,03 - P.D. only,04 - Sideswipe,01 - Clear,01 - Daylight,01 - Dry,01 - Traffic signal,01 - Functioning,2,0,0,0,,0,,,,,365237.1414,5021732.134,45.33293476,-75.72893133,15033
15--996,2015/01/15,8:34 PM,BANK ST @ SUNNYSIDE AVE (0007219),7219,02 - Intersection related,03 - P.D. only,04 - Sideswipe,01 - Clear,07 - Dark,04 - Slush,01 - Traffic signal,01 - Functioning,2,0,0,0,,0,,,,,368734.7087,5028582.031,45.39425839,-75.68342687,15034
15--9960,2015/08/19,6:07 PM,WEST HUNT CLUB RD @ WOODROFFE AVE (0000576),576,02 - Intersection related,03 - P.D. only,03 - Rear end,01 - Clear,01 - Daylight,01 - Dry,01 - Traffic signal,01 - Functioning,2,0,0,0,,0,,,,,363669.9703,5021246.849,45.32870143,-75.74898156,15035
15--9961,2015/08/19,6:12 PM,MERIVALE RD/LOTTA AVE @ CLYDE AVE (0001112),1112,02 - Intersection related,02 - Non-fatal injury,03 - Rear end,01 - Clear,01 - Daylight,01 - Dry,01 - Traffic signal,01 - Functioning,2,0,0,0,01 - Minimal,1,1,,,,364521.8061,5024507.811,45.35797122,-75.73772176,15036
15--9962,2015/08/19,6:16 PM,HIGHWAY 417 btwn HWY417 IC120B RAMP36 & HWY417 IC119B RAMP76 (__3ZA2YU),__3ZA2YU,01 - Non intersection,03 - P.D. only,04 - Sideswipe,01 - Clear,01 - Daylight,01 - Dry,10 - No control,,2,0,0,0,,0,,,,,367756.9994,5029999.637,45.40710218,-75.69573195,15037
15--9963,2015/08/19,6:30 PM,SOMERSET ST    W btwn EMPRESS AVE & BELL ST N (__3ZA32E),__3ZA32E,01 - Non intersection,03 - P.D. only,04 - Sideswipe,01 - Clear,01 - Daylight,01 - Dry,10 - No control,,2,0,0,0,,0,,,,,366763.1353,5030363.171,45.41046184,-75.70838153,15038
15--9964,2015/08/19,8:36 PM,HAMPSTEAD PL @ WALKLEY RD (0006845),6845,02 - Intersection related,03 - P.D. only,03 - Rear end,01 - Clear,07 - Dark,01 - Dry,01 - Traffic signal,01 - Functioning,2,0,0,0,,0,,,,,370683.4349,5026147.733,45.3721748,-75.65886531,15039
15--9965,2015/08/19,8:43 AM,HIGHWAY 417 btwn HWY417 IC122 RAMP16 & HWY417 IC122 RAMP61 (__3ZA2RA),__3ZA2RA,01 - Non intersection,02 - Non-fatal injury,07 - SMV other,01 - Clear,01 - Daylight,01 - Dry,10 - No control,,1,0,0,0,02 - Minor,1,,1,,,365345.3625,5028904.76,45.39746349,-75.72667186,15040
15--9966,2015/08/19,8:55 PM,CARLING AVE EB btwn ROSEVIEW AVE & SCRIVENS ST (__3ZA26B),__3ZA26B,01 - Non intersection,03 - P.D. only,07 - SMV other,01 - Clear,07 - Dark,01 - Dry,10 - No control,,1,0,0,0,,0,,,,,359386.7794,5024219.326,45.35579404,-75.80329106,15041
15--9967,2015/08/19,9:32 AM,KING EDWARD AVE btwn LAURIER AVE E & THOMAS MORE PRIV (__3ZA3UU),__3ZA3UU,01 - Non intersection,03 - P.D. only,03 - Rear end,01 - Clear,01 - Daylight,01 - Dry,10 - No control,,2,0,0,0,,0,,,,,368776.464,5031978.006,45.42481041,-75.6824529,15042
15--9968,2015/08/19,9:33 PM,ROCKCLIFFE PKWY btwn ACACIA AVE & HILLSDALE RD (__3ZA21Z),__3ZA21Z,01 - Non intersection,02 - Non-fatal injury,07 - SMV other,01 - Clear,07 - Dark,01 - Dry,10 - No control,,1,0,1,0,02 - Minor,2,,2,,,368766.192,5035560.953,45.45704931,-75.68211848,15043
15--9969,2015/08/19,9:39 PM,BRONSON AVE @ POWELL AVE (0007212),7212,02 - Intersection related,03 - P.D. only,03 - Rear end,01 - Clear,07 - Dark,01 - Dry,01 - Traffic signal,01 - Functioning,2,0,0,0,,0,,,,,367387.1582,5029477.574,45.40243797,-75.70052243,15044
15--997,2015/01/15,8:35 PM,HIGHBURY PARK DR @ LONGFIELDS DR (0005559),5559,02 - Intersection related,03 - P.D. only,02 - Angle,01 - Clear,07 - Dark,05 - Packed snow,02 - Stop sign,01 - Functioning,2,0,0,0,,0,,,,,364162.5328,5015915.687,45.28069037,-75.74333682,15045
15--9970,2015/08/20,1:00 PM,HWY 417 VANIER IC117R63 @ VANIER PKWY (0002101),2101,02 - Intersection related,03 - P.D. only,03 - Rear end,01 - Clear,01 - Daylight,01 - Dry,01 - Traffic signal,00 - Unknown,2,0,0,0,,0,,,,,370797.7538,5031397.53,45.41939974,-75.65670363,15046
15--9971,2015/08/20,1:04 PM,CEDARVIEW RD @ HWY 416 WESTHUNT IC72R42 (0005515),5515,02 - Intersection related,02 - Non-fatal injury,03 - Rear end,02 - Rain,01 - Daylight,02 - Wet,10 - No control,,2,0,0,0,01 - Minimal,1,1,,,,359597.0752,5019763.596,45.31568487,-75.80110056,15047
15--9972,2015/08/20,1:11 PM,REGIONAL ROAD 174 EB btwn OR174 IC109 RAMP55 & TRANSIT (__3ZA28V),__3ZA28V,01 - Non intersection,03 - P.D. only,03 - Rear end,01 - Clear,01 - Daylight,01 - Dry,10 - No control,,2,0,0,0,,0,,,,,376484.6494,5035009.611,45.45133947,-75.58352148,15048
15--9973,2015/08/20,1:20 PM,REGIONAL ROAD 174 btwn OR174 IC109 RAMP64 & OR174 IC105 RAMP16 (__3ZA2XD),__3ZA2XD,01 - Non intersection,01 - Fatal injury,07 - SMV other,01 - Clear,01 - Daylight,01 - Dry,10 - No control,,1,0,0,1,04 - Fatal,2,,1,,1,377177.0074,5035769.175,45.45810216,-75.57455915,15049
15--9974,2015/08/20,1:25 PM,CARLING AVE @ BROADVIEW AVE (0006707),6707,02 - Intersection related,03 - P.D. only,03 - Rear end,01 - Clear,01 - Daylight,01 - Dry,01 - Traffic signal,01 - Functioning,2,0,0,0,,0,,,,,363180.6866,5026638.181,45.377253,-75.75458635,15050
15--9975,2015/08/20,10:08 AM,MOONEY'S BAY PL @ RIVERSIDE DR (0011421),11421,02 - Intersection related,03 - P.D. only,04 - Sideswipe,01 - Clear,01 - Daylight,01 - Dry,01 - Traffic signal,01 - Functioning,3,0,0,0,,0,,,,,368355.715,5025296.872,45.36473395,-75.68868975,15051
15--9976,2015/08/20,10:22 AM,GREENBANK RD @ LISA AVE (0002753),2753,02 - Intersection related,03 - P.D. only,03 - Rear end,01 - Clear,01 - Daylight,01 - Dry,01 - Traffic signal,01 - Functioning,2,0,0,0,,0,,,,,360553.9544,5022893.132,45.34376914,-75.78854468,15052
15--9977,2015/08/20,10:37 PM,NOTRE DAME ST @ ORLEANS BLVD (0004105),4105,03 - At intersection,02 - Non-fatal injury,02 - Angle,02 - Rain,07 - Dark,02 - Wet,02 - Stop sign,00 - Unknown,2,0,0,0,02 - Minor,1,,1,,,380690.4605,5036866.219,45.46759971,-75.52947174,15053
15--9978,2015/08/20,10:53 AM,INDUSTRIAL AVE @ ALTA VISTA DR/SANDFORD FLEMIN (0006979),6979,03 - At intersection,03 - P.D. only,04 - Sideswipe,01 - Clear,01 - Daylight,01 - Dry,01 - Traffic signal,01 - Functioning,2,0,0,0,,0,,,,,370885.4445,5030557.21,45.41183061,-75.65569596,15054
15--9979,2015/08/20,11:30 AM,WOODRIDGE CRES btwn BAYSHORE DR & BAYSHORE PS (__6KE4J1A),__6KE4J1A,04 - At/near private drive,03 - P.D. only,02 - Angle,01 - Clear,01 - Daylight,01 - Dry,10 - No control,,2,0,0,0,,0,,,,,358918.2819,5023774.991,45.35183222,-75.80931884,15055
15--998,2015/01/15,8:49 AM,BANK ST btwn BLAIS RD & RIDEAU RD (__3ZA29L),__3ZA29L,01 - Non intersection,03 - P.D. only,03 - Rear end,01 - Clear,01 - Daylight,02 - Wet,10 - No control,,2,0,0,0,,0,,,,,376527.5348,5018874.454,45.30615939,-75.58531715,15056
15--9980,2015/08/20,11:31 AM,THISTLEDOWN CRT btwn MALVERN DR & MALVERN DR (__3ZAA95),__3ZAA95,01 - Non intersection,03 - P.D. only,06 - SMV unattended vehicle,01 - Clear,01 - Daylight,01 - Dry,10 - No control,,1,0,0,0,,0,,,,,363145.4662,5015912.333,45.28074534,-75.75630013,15057
15--9981,2015/08/20,11:33 AM,GOULBOURN FORCED RD btwn TERRY FOX DR & KANATA ROCKERIES PRIV (__5UAEGG),__5UAEGG,01 - Non intersection,02 - Non-fatal injury,01 - Approaching,01 - Clear,01 - Daylight,01 - Dry,10 - No control,,2,0,0,0,02 - Minor,2,,2,,,349393.7578,5021195.949,45.32929573,-75.93110077,15058
15--9982,2015/08/20,12:02 PM,MARCH RD btwn CARLING AVE/STATION RD & 280 S OF CARLING AVE/STATION RD (__3ZA42DA),__3ZA42DA,04 - At/near private drive,03 - P.D. only,05 - Turning movement,01 - Clear,01 - Daylight,01 - Dry,10 - No control,,2,0,0,0,,0,,,,,351008.0197,5022134.969,45.33764081,-75.91042044,15059
15--9983,2015/08/20,12:07 AM,CYCLONE TAYLOR BLVD @ PALLADIUM DR (0003236),3236,03 - At intersection,03 - P.D. only,03 - Rear end,01 - Clear,07 - Dark,01 - Dry,01 - Traffic signal,01 - Functioning,2,0,0,0,,0,,,,,350163.6019,5017572.096,45.29663798,-75.92161187,15060
15--9984,2015/08/20,12:50 PM,SOMERSET ST    W btwn PRESTON ST & ROCHESTER ST (__3ZA321),__3ZA321,04 - At/near private drive,02 - Non-fatal injury,05 - Turning movement,01 - Clear,01 - Daylight,01 - Dry,10 - No control,,2,1,0,0,01 - Minimal,1,1,,,,366341.4573,5030142.881,45.40851694,-75.71379572,15061
15--9985,2015/08/20,2:10 PM,BELCOURT BLVD @ INNES RD (0004202),4202,02 - Intersection related,03 - P.D. only,04 - Sideswipe,01 - Clear,01 - Daylight,01 - Dry,01 - Traffic signal,01 - Functioning,2,0,0,0,,0,,,,,382120.8582,5035266.25,45.45304766,-75.51143337,15062
15--9986,2015/08/20,2:28 PM,PRINCE OF WALES DR @ WEST HUNT CLUB RD (0000567),567,02 - Intersection related,03 - P.D. only,03 - Rear end,01 - Clear,01 - Daylight,01 - Dry,01 - Traffic signal,01 - Functioning,2,0,0,0,,0,,,,,367460.1517,5021891.864,45.33417701,-75.70055224,15063
15--9987,2015/08/20,2:28 PM,EAGLESON RD @ HAZELDEAN RD/ROBERTSON RD (0002715),2715,02 - Intersection related,03 - P.D. only,04 - Sideswipe,01 - Clear,01 - Daylight,01 - Dry,01 - Traffic signal,01 - Functioning,2,0,0,0,,0,,,,,353673.6249,5018424.82,45.30407559,-75.87677742,15064
15--9988,2015/08/20,2:46 PM,ELVINA ST @ MOWAT ST (0009940),9940,02 - Intersection related,02 - Non-fatal injury,03 - Rear end,01 - Clear,01 - Daylight,01 - Dry,10 - No control,,3,0,0,0,02 - Minor,2,,2,,,374371.4411,5034039.586,45.4428253,-75.6106724,15065
15--9989,2015/08/20,3:00 PM,ST. LAURENT BLVD btwn COVENTRY RD & LEMIEUX ST (__3ZA2C9),__3ZA2C9,04 - At/near private drive,03 - P.D. only,03 - Rear end,01 - Clear,01 - Daylight,01 - Dry,10 - No control,,2,0,0,0,,0,,,,,372326.1267,5031900.736,45.42378152,-75.63710785,15066
15--999,2015/01/15,8:56 AM,INNES RD btwn INDUSTRIAL AVE & BANTREE ST (__3ZA2XQ),__3ZA2XQ,01 - Non intersection,03 - P.D. only,03 - Rear end,01 - Clear,01 - Daylight,06 - Ice,10 - No control,,3,0,0,0,,0,,,,,373536.0847,5030304.869,45.40930485,-75.62187064,15067
15--9990,2015/08/20,3:03 PM,PRINCE OF WALES DR @ WEST HUNT CLUB RD (0000567),567,02 - Intersection related,03 - P.D. only,03 - Rear end,01 - Clear,01 - Daylight,01 - Dry,01 - Traffic signal,01 - Functioning,2,0,0,0,,0,,,,,367457.9896,5021891.143,45.33417071,-75.70057991,15068
15--9991,2015/08/20,4:29 PM,CATHERINE ST @ METCALFE ST (0011239),11239,02 - Intersection related,03 - P.D. only,03 - Rear end,01 - Clear,01 - Daylight,01 - Dry,01 - Traffic signal,01 - Functioning,2,0,0,0,,0,,,,,368394.4274,5030486.923,45.41142899,-75.68752685,15069
15--9992,2015/08/20,4:40 PM,EAGLESON RD @ MICHAEL COWPLAND DR/STONEHAVEN D (0003544),3544,02 - Intersection related,02 - Non-fatal injury,03 - Rear end,02 - Rain,01 - Daylight,02 - Wet,01 - Traffic signal,01 - Functioning,3,0,0,0,01 - Minimal,2,2,,,,354381.9053,5016623.804,45.28782003,-75.86792624,15070
15--9993,2015/08/20,4:47 PM,COLDREY AVE @ KIRKWOOD AVE (0006736),6736,02 - Intersection related,02 - Non-fatal injury,03 - Rear end,02 - Rain,01 - Daylight,02 - Wet,01 - Traffic signal,01 - Functioning,2,0,0,0,01 - Minimal,1,1,,,,364439.4162,5027136.179,45.38162788,-75.73845595,15071
15--9994,2015/08/20,4:50 PM,EAGLESON RD @ FALLOWFIELD RD (0000118),118,02 - Intersection related,03 - P.D. only,03 - Rear end,02 - Rain,01 - Daylight,02 - Wet,01 - Traffic signal,01 - Functioning,2,0,0,0,,0,,,,,355960.9134,5012595.487,45.2514592,-75.84821323,15072
15--9995,2015/08/20,4:52 PM,TALLWOOD DR @ AVENSHIRE GT/MERIDIAN PL (0009774),9774,02 - Intersection related,03 - P.D. only,02 - Angle,01 - Clear,01 - Daylight,02 - Wet,02 - Stop sign,01 - Functioning,2,0,0,0,,0,,,,,362815.4345,5022619.455,45.34112322,-75.75972125,15073
15--9996,2015/08/20,5:00 PM,GEORGE ST @ PRESTON ST (0006190),6190,02 - Intersection related,03 - P.D. only,03 - Rear end,01 - Clear,01 - Daylight,01 - Dry,01 - Traffic signal,01 - Functioning,2,0,0,0,,0,,,,,366617.8208,5029417.599,45.40196669,-75.71035639,15074
15--9997,2015/08/20,5:18 PM,CARLING AVE btwn HERZBERG RD & BAYFIELD AVE (__3ZA42G),__3ZA42G,01 - Non intersection,03 - P.D. only,07 - SMV other,02 - Rain,01 - Daylight,02 - Wet,10 - No control,,1,0,0,0,,0,,,,,352241.2553,5022339.24,45.33939658,-75.89466657,15075
15--9998,2015/08/20,5:18 PM,HWY 417 ST.LAURE IC115R51 @ ST. LAURENT BLVD (0002712),2712,02 - Intersection related,03 - P.D. only,03 - Rear end,01 - Clear,01 - Daylight,01 - Dry,01 - Traffic signal,01 - Functioning,2,0,0,0,,0,,,,,372530.5675,5031410.965,45.41935502,-75.63456301,15076
15--9999,2015/08/20,5:20 PM,CARP RD btwn HWY417 IC144 RAMP16 & HWY417 IC144 RAMP35 (__3ZA3F4),__3ZA3F4,07 - Overpass or bridge,03 - P.D. only,03 - Rear end,02 - Rain,01 - Daylight,02 - Wet,10 - No control,,3,0,0,0,,0,,,,,347387.699,5015829.43,45.28113058,-75.95715273,15077